prediction	sources	destinations	score	label
0.8388998	HGNC:20	MONDO:0013212	biolink:causes	1
0.9375294	HGNC:33	MONDO:0009929	biolink:gene_associated_with_condition	1
0.88641614	HGNC:33	MONDO:0800029	biolink:gene_associated_with_condition	1
0.66422987	HGNC:53	MONDO:0009380	biolink:causes	1
0.43450356	HGNC:59	MONDO:0019333	biolink:gene_associated_with_condition	1
0.9450378	HGNC:59	MONDO:0030088	biolink:causes	1
0.77676857	HGNC:87	MONDO:0012648	biolink:causes	1
0.9490833	HGNC:119	MONDO:0009919	biolink:gene_associated_with_condition	1
0.9322337	HGNC:126	MONDO:0957594	biolink:causes	1
0.7510349	HGNC:129	MONDO:0859517	biolink:causes	1
0.8333919	HGNC:171	MONDO:0007606	biolink:causes	1
0.9987771	HGNC:1839	MONDO:0008436	biolink:causes	1
0.22197314	HGNC:13202	MONDO:0009728	biolink:gene_associated_with_condition	1
0.99997306	HGNC:16305	MONDO:0957819	biolink:causes	1
0.10437567	HGNC:21285	MONDO:0007748	biolink:contributes_to	1
0.7443965	HGNC:327	MONDO:0010823	biolink:gene_associated_with_condition	1
0.9566736	HGNC:327	MONDO:0014343	biolink:causes	1
0.90573794	HGNC:13203	MONDO:0011528	biolink:causes	1
0.9988689	HGNC:360	MONDO:0009411	biolink:gene_associated_with_condition	1
0.9496862	HGNC:385	MONDO:0013664	biolink:gene_associated_with_condition	1
0.9992335	HGNC:23159	MONDO:0014543	biolink:causes	1
0.98455703	HGNC:23157	MONDO:0011291	biolink:causes	1
0.6096538	HGNC:437	MONDO:0035370	biolink:gene_associated_with_condition	1
0.99002296	HGNC:3513	MONDO:0014343	biolink:causes	1
0.8040082	HGNC:3535	MONDO:0013361	biolink:gene_associated_with_condition	1
0.9710047	HGNC:3546	MONDO:0015787	biolink:gene_associated_with_condition	1
0.5590848	HGNC:3551	MONDO:0026768	biolink:contributes_to	1
0.9847532	HGNC:3531	MONDO:0008559	biolink:contributes_to	1
0.99619126	HGNC:22140	MONDO:0009821	biolink:causes	1
0.9999739	HGNC:3583	MONDO:0009215	biolink:causes	1
0.99955505	HGNC:3583	MONDO:0010752	biolink:causes	1
0.9856903	HGNC:3602	MONDO:0009052	biolink:causes	1
0.99367505	HGNC:3607	MONDO:0859246	biolink:causes	1
0.21193425	HGNC:3616	MONDO:0009061	biolink:contributes_to	1
0.98879623	HGNC:23151	MONDO:0013016	biolink:causes	1
0.98879623	HGNC:23151	MONDO:0013016	biolink:gene_associated_with_condition	1
0.90152353	HGNC:3662	MONDO:0015096	biolink:gene_associated_with_condition	1
0.5564697	HGNC:3670	MONDO:0859086	biolink:causes	1
0.999521	HGNC:3702	MONDO:0010292	biolink:causes	1
0.98663735	HGNC:3702	MONDO:0010400	biolink:gene_associated_with_condition	1
0.9905184	HGNC:3702	MONDO:0010415	biolink:causes	1
0.9931259	HGNC:3702	MONDO:0010401	biolink:causes	1
0.99990594	HGNC:3705	MONDO:0014918	biolink:gene_associated_with_condition	1
0.957022	HGNC:3754	MONDO:0024550	biolink:causes	1
0.9201437	HGNC:3754	MONDO:0010232	biolink:causes	1
0.96153486	HGNC:3754	MONDO:0010704	biolink:causes	1
0.9112247	HGNC:3754	MONDO:8000011	biolink:gene_associated_with_condition	1
0.87883145	HGNC:3754	MONDO:0044617	biolink:gene_associated_with_condition	1
0.94489324	HGNC:3754	MONDO:0010233	biolink:causes	1
0.9332854	HGNC:3771	MONDO:0018767	biolink:causes	1
0.9861822	HGNC:3823	MONDO:0013352	biolink:causes	1
0.70536226	HGNC:13875	MONDO:0011184	biolink:causes	1
0.99999034	HGNC:19185	MONDO:0054737	biolink:causes	1
0.99927443	HGNC:23399	MONDO:0013774	biolink:causes	1
0.9998869	HGNC:23399	MONDO:0012165	biolink:causes	1
0.9938188	HGNC:23399	MONDO:0019636	biolink:gene_associated_with_condition	1
0.7574242	HGNC:3999	MONDO:0014274	biolink:causes	1
0.7574242	HGNC:3999	MONDO:0014274	biolink:gene_associated_with_condition	1
0.7229412	HGNC:3999	MONDO:0010952	biolink:gene_associated_with_condition	1
0.9126173	HGNC:4014	MONDO:0033552	biolink:causes	1
0.8966676	HGNC:26219	MONDO:0850078	biolink:gene_associated_with_condition	1
0.24352753	HGNC:4023	MONDO:0032937	biolink:causes	1
0.42594212	HGNC:4023	MONDO:0032936	biolink:causes	1
0.1699774	HGNC:14673	MONDO:0012395	biolink:causes	1
0.93260556	HGNC:4083	MONDO:0012843	biolink:contributes_to	1
0.761973	HGNC:4116	MONDO:0017691	biolink:gene_associated_with_condition	1
0.9945094	HGNC:4125	MONDO:0100252	biolink:causes	1
0.9989231	HGNC:4135	MONDO:0009258	biolink:causes	1
0.9989231	HGNC:4135	MONDO:0009258	biolink:gene_associated_with_condition	1
0.91580427	HGNC:24846	MONDO:0032757	biolink:causes	1
0.9112156	HGNC:15802	MONDO:0008542	biolink:causes	1
0.9112156	HGNC:15802	MONDO:0008542	biolink:gene_associated_with_condition	1
0.98360646	HGNC:15802	MONDO:0060663	biolink:causes	1
0.9999863	HGNC:4175	MONDO:0012996	biolink:gene_associated_with_condition	1
0.99835545	HGNC:18986	MONDO:0013737	biolink:causes	1
0.85402286	HGNC:15805	MONDO:0018393	biolink:gene_associated_with_condition	1
0.8916262	HGNC:4204	MONDO:0021548	biolink:gene_associated_with_condition	1
0.9155907	HGNC:4204	MONDO:0044220	biolink:causes	1
0.65864235	HGNC:4236	MONDO:0013116	biolink:causes	1
0.98452675	HGNC:29682	MONDO:0032726	biolink:causes	1
0.9242156	HGNC:4267	MONDO:0014403	biolink:gene_associated_with_condition	1
0.88273734	HGNC:4281	MONDO:0011430	biolink:gene_associated_with_condition	1
0.12801117	HGNC:4284	MONDO:0015635	biolink:gene_associated_with_condition	1
0.9979377	HGNC:4296	MONDO:0010526	biolink:causes	1
0.83038163	HGNC:4313	MONDO:0017353	biolink:gene_associated_with_condition	1
0.7328746	HGNC:4313	MONDO:0015010	biolink:gene_associated_with_condition	1
0.9991449	HGNC:24247	MONDO:0009070	biolink:causes	1
0.9991449	HGNC:24247	MONDO:0009070	biolink:gene_associated_with_condition	1
0.9987154	HGNC:4367	MONDO:0010099	biolink:causes	1
0.9987154	HGNC:4367	MONDO:0010099	biolink:gene_associated_with_condition	1
0.9095134	HGNC:20731	MONDO:0014074	biolink:gene_associated_with_condition	1
0.9999993	HGNC:4452	MONDO:0020602	biolink:causes	1
0.7951701	HGNC:4462	MONDO:0017906	biolink:gene_associated_with_condition	1
0.8978493	HGNC:29501	MONDO:0011411	biolink:causes	1
0.8978493	HGNC:29501	MONDO:0011411	biolink:gene_associated_with_condition	1
0.9524019	HGNC:4593	MONDO:0033479	biolink:gene_associated_with_condition	1
0.8246297	HGNC:4598	MONDO:0008377	biolink:causes	1
0.9808256	HGNC:4679	MONDO:0008377	biolink:causes	1
0.8741679	HGNC:4706	MONDO:0012693	biolink:causes	1
0.889212	HGNC:4799	MONDO:0012382	biolink:causes	1
0.889212	HGNC:4799	MONDO:0012382	biolink:gene_associated_with_condition	1
0.97056353	HGNC:4799	MONDO:0017715	biolink:causes	1
0.9153539	HGNC:4823	MONDO:0013512	biolink:gene_associated_with_condition	1
0.4530905	HGNC:4823	MONDO:0007716	biolink:gene_associated_with_condition	1
0.92773503	HGNC:4823	MONDO:0018023	biolink:gene_associated_with_condition	1
0.62879515	HGNC:4823	MONDO:0054802	biolink:causes	1
0.23637249	HGNC:4831	MONDO:0016672	biolink:gene_associated_with_condition	1
0.5595065	HGNC:4831	MONDO:0018749	biolink:gene_associated_with_condition	1
0.99878675	HGNC:4837	MONDO:0024552	biolink:causes	1
0.5803813	HGNC:4942	MONDO:0019635	biolink:gene_associated_with_condition	1
0.15687916	HGNC:4948	MONDO:0018092	biolink:gene_associated_with_condition	1
0.13152857	HGNC:4948	MONDO:0019082	biolink:gene_associated_with_condition	1
0.4002887	HGNC:4948	MONDO:0008399	biolink:contributes_to	1
0.24528438	HGNC:4948	MONDO:0021571	biolink:contributes_to	1
0.6142579	HGNC:11621	MONDO:0017935	biolink:gene_associated_with_condition	1
0.49729726	HGNC:5037	MONDO:0012193	biolink:causes	1
0.49729726	HGNC:5037	MONDO:0012193	biolink:gene_associated_with_condition	1
0.5900282	HGNC:5048	MONDO:0033363	biolink:causes	1
0.9197219	HGNC:5136	MONDO:0007222	biolink:causes	1
0.9013018	HGNC:5136	MONDO:0012544	biolink:causes	1
0.9013018	HGNC:5136	MONDO:0012544	biolink:gene_associated_with_condition	1
0.9723337	HGNC:5136	MONDO:0008513	biolink:causes	1
0.9464088	HGNC:5136	MONDO:0017544	biolink:gene_associated_with_condition	1
0.7596938	HGNC:5227	MONDO:0018611	biolink:gene_associated_with_condition	1
0.97859335	HGNC:5273	MONDO:0011929	biolink:gene_associated_with_condition	1
0.9839271	HGNC:5273	MONDO:0009140	biolink:gene_associated_with_condition	1
0.9686622	HGNC:14348	MONDO:0044723	biolink:gene_associated_with_condition	1
0.9986552	HGNC:27302	MONDO:0014132	biolink:gene_associated_with_condition	1
0.96894383	HGNC:5383	MONDO:0014343	biolink:causes	1
0.2870616	HGNC:5383	MONDO:0016689	biolink:gene_associated_with_condition	1
0.8993359	HGNC:5383	MONDO:0013345	biolink:causes	1
0.18396209	HGNC:5383	MONDO:0016703	biolink:gene_associated_with_condition	1
0.84029955	HGNC:5383	MONDO:0019456	biolink:gene_associated_with_condition	1
0.99888164	HGNC:5542	MONDO:0011436	biolink:causes	1
0.9972899	HGNC:5948	MONDO:0014343	biolink:causes	1
0.9998785	HGNC:6010	MONDO:0010315	biolink:causes	1
0.9998785	HGNC:6010	MONDO:0010315	biolink:gene_associated_with_condition	1
0.9822124	HGNC:5965	MONDO:0012488	biolink:contributes_to	1
0.9962059	HGNC:6005	MONDO:0014338	biolink:causes	1
0.9962059	HGNC:6005	MONDO:0014338	biolink:gene_associated_with_condition	1
0.10233631	HGNC:6081	MONDO:0007454	biolink:causes	1
0.40273774	HGNC:6081	MONDO:0014535	biolink:causes	1
0.62196475	HGNC:6081	MONDO:0030089	biolink:causes	1
0.87399876	HGNC:6091	MONDO:0009874	biolink:causes	1
0.76521134	HGNC:6091	MONDO:0012381	biolink:gene_associated_with_condition	1
0.5865047	HGNC:6091	MONDO:0012520	biolink:causes	1
0.9991072	HGNC:29239	MONDO:0044328	biolink:causes	1
0.9979061	HGNC:6115	MONDO:0032758	biolink:causes	1
0.9270586	HGNC:6176	MONDO:0014719	biolink:gene_associated_with_condition	1
0.7616853	HGNC:19309	MONDO:0013033	biolink:causes	1
0.7592938	HGNC:6218	MONDO:0019943	biolink:gene_associated_with_condition	1
0.9858614	HGNC:6229	MONDO:0020745	biolink:causes	1
0.96905744	HGNC:6239	MONDO:0011819	biolink:gene_associated_with_condition	1
0.9779239	HGNC:6242	MONDO:0012677	biolink:causes	1
0.99942327	HGNC:6256	MONDO:0013005	biolink:causes	1
0.9637965	HGNC:6256	MONDO:0010933	biolink:causes	1
0.56135476	HGNC:29079	MONDO:0700299	biolink:contributes_to	1
0.9447258	HGNC:6308	MONDO:0020611	biolink:causes	1
0.7532557	HGNC:6315	MONDO:0009252	biolink:causes	1
0.9711474	HGNC:29508	MONDO:0015007	biolink:causes	1
0.9817125	HGNC:30497	MONDO:0007922	biolink:causes	1
0.99093235	HGNC:30497	MONDO:0010176	biolink:gene_associated_with_condition	1
0.9936626	HGNC:30497	MONDO:0011778	biolink:gene_associated_with_condition	1
0.9998448	HGNC:21495	MONDO:0030505	biolink:causes	1
0.756994	HGNC:6343	MONDO:0014738	biolink:causes	1
0.5953361	HGNC:15646	MONDO:0035823	biolink:gene_associated_with_condition	1
0.95618236	HGNC:15646	MONDO:0013052	biolink:causes	1
0.9723327	HGNC:15646	MONDO:0014890	biolink:gene_associated_with_condition	1
0.8450142	HGNC:18829	MONDO:0014037	biolink:causes	1
0.9733373	HGNC:30372	MONDO:0014138	biolink:causes	1
0.9921027	HGNC:7132	MONDO:0011518	biolink:gene_associated_with_condition	1
0.8512429	HGNC:7132	MONDO:0035941	biolink:gene_associated_with_condition	1
0.99948275	HGNC:7133	MONDO:0035651	biolink:gene_associated_with_condition	1
0.77808315	HGNC:6407	MONDO:0008542	biolink:causes	1
0.5891893	HGNC:6407	MONDO:0014112	biolink:causes	1
0.60606873	HGNC:6407	MONDO:0013767	biolink:causes	1
0.61487365	HGNC:6407	MONDO:0015278	biolink:causes	1
0.4771398	HGNC:6407	MONDO:0010854	biolink:causes	1
0.66247773	HGNC:20406	MONDO:0014327	biolink:causes	1
0.66247773	HGNC:20406	MONDO:0014327	biolink:gene_associated_with_condition	1
0.731153	HGNC:6415	MONDO:0014346	biolink:causes	1
0.9533262	HGNC:26576	MONDO:0044648	biolink:gene_associated_with_condition	1
0.32002476	HGNC:29796	MONDO:0012559	biolink:causes	1
0.6833002	HGNC:6512	MONDO:0024568	biolink:gene_associated_with_condition	1
0.8153278	HGNC:6535	MONDO:0013047	biolink:gene_associated_with_condition	1
0.49486598	HGNC:18640	MONDO:0018328	biolink:gene_associated_with_condition	1
0.84562343	HGNC:6554	MONDO:0013992	biolink:gene_associated_with_condition	1
0.9753895	HGNC:6556	MONDO:0859304	biolink:causes	1
0.92830443	HGNC:6585	MONDO:0019930	biolink:gene_associated_with_condition	1
0.99218965	HGNC:6597	MONDO:0009820	biolink:causes	1
0.93231004	HGNC:19263	MONDO:0029465	biolink:causes	1
0.8813443	HGNC:6636	MONDO:0013178	biolink:causes	1
0.68244267	HGNC:6636	MONDO:0007269	biolink:gene_associated_with_condition	1
0.7552766	HGNC:6636	MONDO:0008310	biolink:gene_associated_with_condition	1
0.9223876	HGNC:6636	MONDO:0017403	biolink:gene_associated_with_condition	1
0.9999615	HGNC:13869	MONDO:0007949	biolink:causes	1
0.9978859	HGNC:13869	MONDO:0008490	biolink:causes	1
0.99990535	HGNC:13869	MONDO:0007987	biolink:causes	1
0.9082054	HGNC:24783	MONDO:0008377	biolink:causes	1
0.87547874	HGNC:15714	MONDO:0009069	biolink:causes	1
0.9999769	HGNC:6717	MONDO:0013170	biolink:causes	1
0.60115725	HGNC:21173	MONDO:0859355	biolink:causes	1
0.9916392	HGNC:21365	MONDO:0014269	biolink:gene_associated_with_condition	1
0.9082301	HGNC:6742	MONDO:0016682	biolink:gene_associated_with_condition	1
0.99213564	HGNC:6742	MONDO:0007922	biolink:causes	1
0.9971614	HGNC:6742	MONDO:0014693	biolink:causes	1
0.9986345	HGNC:6814	MONDO:0015783	biolink:gene_associated_with_condition	1
0.97671115	HGNC:6814	MONDO:0100101	biolink:gene_associated_with_condition	1
0.9237433	HGNC:451	MONDO:0008377	biolink:causes	1
0.49566302	HGNC:17811	MONDO:0971064	biolink:gene_associated_with_condition	1
0.44423681	HGNC:492	MONDO:0008447	biolink:causes	1
0.8815155	HGNC:25240	MONDO:0009885	biolink:causes	1
0.8815155	HGNC:25240	MONDO:0009885	biolink:gene_associated_with_condition	1
0.9908467	HGNC:573	MONDO:0017241	biolink:gene_associated_with_condition	1
0.7119516	HGNC:573	MONDO:0008483	biolink:causes	1
0.412797	HGNC:601	MONDO:0007750	biolink:contributes_to	1
0.36469334	HGNC:620	MONDO:0017946	biolink:gene_associated_with_condition	1
0.37384167	HGNC:620	MONDO:0017945	biolink:gene_associated_with_condition	1
0.4587674	HGNC:620	MONDO:0017947	biolink:gene_associated_with_condition	1
0.9565853	HGNC:634	MONDO:0007451	biolink:causes	1
0.38299158	HGNC:638	MONDO:0010849	biolink:gene_associated_with_condition	1
0.7210663	HGNC:714	MONDO:0017172	biolink:gene_associated_with_condition	1
0.9965114	HGNC:719	MONDO:0014343	biolink:causes	1
0.94657326	HGNC:16448	MONDO:0008377	biolink:causes	1
0.99994063	HGNC:29357	MONDO:0014205	biolink:causes	1
0.6190216	HGNC:791	MONDO:0014677	biolink:causes	1
0.99813545	HGNC:3033	MONDO:0032781	biolink:causes	1
0.8522553	HGNC:6903	MONDO:0009607	biolink:causes	1
0.9456813	HGNC:6936	MONDO:0008861	biolink:causes	1
0.54602623	HGNC:25636	MONDO:0008542	biolink:causes	1
0.8849072	HGNC:2375	MONDO:0013351	biolink:gene_associated_with_condition	1
0.8840678	HGNC:28845	MONDO:0011570	biolink:causes	1
0.96576005	HGNC:6998	MONDO:0007191	biolink:gene_associated_with_condition	1
0.5968193	HGNC:6998	MONDO:0018015	biolink:gene_associated_with_condition	1
0.8581408	HGNC:7027	MONDO:0013469	biolink:causes	1
0.9969988	HGNC:29659	MONDO:0014343	biolink:causes	1
0.99748373	HGNC:26988	MONDO:0014409	biolink:causes	1
0.9569439	HGNC:28486	MONDO:0012588	biolink:causes	1
0.8506309	HGNC:21086	MONDO:0014042	biolink:causes	1
0.8036046	HGNC:7096	MONDO:0010489	biolink:causes	1
0.9960819	HGNC:7104	MONDO:0014976	biolink:causes	1
0.9960819	HGNC:7104	MONDO:0014976	biolink:gene_associated_with_condition	1
0.987768	HGNC:31527	MONDO:0032835	biolink:causes	1
0.9999784	HGNC:18871	MONDO:0009613	biolink:gene_associated_with_condition	1
0.99884915	HGNC:25221	MONDO:0010185	biolink:gene_associated_with_condition	1
0.8562198	HGNC:25221	MONDO:0700298	biolink:causes	1
0.6183412	HGNC:25221	MONDO:0017683	biolink:gene_associated_with_condition	1
0.74509054	HGNC:25221	MONDO:0700297	biolink:causes	1
0.13603997	HGNC:7199	MONDO:0957278	biolink:causes	1
0.99407816	HGNC:29619	MONDO:0030973	biolink:causes	1
0.97028685	HGNC:7224	MONDO:0032728	biolink:causes	1
0.999814	HGNC:7225	MONDO:0020765	biolink:causes	1
0.99956125	HGNC:7225	MONDO:0008392	biolink:causes	1
0.99956125	HGNC:7225	MONDO:0008392	biolink:gene_associated_with_condition	1
0.99802065	HGNC:7225	MONDO:0011889	biolink:causes	1
0.8432401	HGNC:7230	MONDO:0024557	biolink:causes	1
0.8432401	HGNC:7230	MONDO:0024557	biolink:gene_associated_with_condition	1
0.55443645	HGNC:14509	MONDO:0033534	biolink:causes	1
0.9544065	HGNC:7326	MONDO:0012041	biolink:causes	1
0.95153457	HGNC:7326	MONDO:0044300	biolink:causes	1
0.95153457	HGNC:7326	MONDO:0044300	biolink:gene_associated_with_condition	1
0.32807642	HGNC:7373	MONDO:0010514	biolink:causes	1
0.49075198	HGNC:27375	MONDO:0013386	biolink:causes	1
0.99969435	HGNC:29678	MONDO:0044714	biolink:causes	1
0.9907203	HGNC:7499	MONDO:0010792	biolink:gene_associated_with_condition	1
0.77529126	HGNC:7436	MONDO:0009353	biolink:gene_associated_with_condition	1
0.55962557	HGNC:26190	MONDO:0008048	biolink:contributes_to	1
0.7056795	HGNC:25532	MONDO:0013354	biolink:gene_associated_with_condition	1
0.63345903	HGNC:7467	MONDO:0008377	biolink:causes	1
0.25056309	HGNC:21666	MONDO:0011490	biolink:gene_associated_with_condition	1
0.8890849	HGNC:7576	MONDO:0013198	biolink:causes	1
0.7195466	HGNC:7608	MONDO:0020345	biolink:gene_associated_with_condition	1
0.9999937	HGNC:1181	MONDO:0032653	biolink:gene_associated_with_condition	1
0.9791998	HGNC:7632	MONDO:0014665	biolink:gene_associated_with_condition	1
0.9905363	HGNC:17619	MONDO:0011504	biolink:causes	1
0.9905363	HGNC:17619	MONDO:0011504	biolink:gene_associated_with_condition	1
0.3453732	HGNC:7675	MONDO:0015786	biolink:gene_associated_with_condition	1
0.29963663	HGNC:7675	MONDO:0020298	biolink:gene_associated_with_condition	1
0.84699816	HGNC:7678	MONDO:0006952	biolink:gene_associated_with_condition	1
0.8786331	HGNC:7678	MONDO:0010269	biolink:gene_associated_with_condition	1
0.19847125	HGNC:17194	MONDO:0011836	biolink:contributes_to	1
0.9546299	HGNC:7708	MONDO:0032611	biolink:causes	1
0.67255	HGNC:7745	MONDO:0008377	biolink:causes	1
0.9509317	HGNC:7765	MONDO:0008542	biolink:causes	1
0.90612155	HGNC:7765	MONDO:0009994	biolink:gene_associated_with_condition	1
0.9895862	HGNC:7765	MONDO:0007922	biolink:causes	1
0.9413537	HGNC:7765	MONDO:0008078	biolink:causes	1
0.9542738	HGNC:7765	MONDO:0013357	biolink:gene_associated_with_condition	1
0.8014438	HGNC:7797	MONDO:0016681	biolink:gene_associated_with_condition	1
0.96280235	HGNC:7808	MONDO:0012092	biolink:causes	1
0.9402897	HGNC:7821	MONDO:0017111	biolink:gene_associated_with_condition	1
0.9827483	HGNC:2488	MONDO:0008542	biolink:causes	1
0.90510607	HGNC:2488	MONDO:0020745	biolink:causes	1
0.93739456	HGNC:2488	MONDO:0013752	biolink:causes	1
0.8968178	HGNC:2488	MONDO:0019855	biolink:gene_associated_with_condition	1
0.999848	HGNC:951	MONDO:0013228	biolink:causes	1
0.99761945	HGNC:951	MONDO:0014343	biolink:causes	1
0.9641513	HGNC:16400	MONDO:0007349	biolink:causes	1
0.97007823	HGNC:16400	MONDO:0008633	biolink:gene_associated_with_condition	1
0.99274796	HGNC:22938	MONDO:0012724	biolink:gene_associated_with_condition	1
0.7504649	HGNC:7863	MONDO:0013874	biolink:causes	1
0.99871266	HGNC:22448	MONDO:0012689	biolink:causes	1
0.7885255	HGNC:5331	MONDO:0009960	biolink:contributes_to	1
0.5085555	HGNC:14378	MONDO:0957294	biolink:causes	1
0.8732445	HGNC:7881	MONDO:0024523	biolink:causes	1
0.9500313	HGNC:14537	MONDO:0016308	biolink:gene_associated_with_condition	1
0.99937767	HGNC:7945	MONDO:0008818	biolink:causes	1
0.9945168	HGNC:7945	MONDO:0014343	biolink:causes	1
0.99948055	HGNC:7975	MONDO:0014320	biolink:causes	1
0.7335863	HGNC:7983	MONDO:0016281	biolink:gene_associated_with_condition	1
0.89582497	HGNC:7983	MONDO:0060489	biolink:causes	1
0.88597745	HGNC:7989	MONDO:0013186	biolink:causes	1
0.9999968	HGNC:7994	MONDO:0859236	biolink:causes	1
0.69910777	HGNC:8008	MONDO:0013690	biolink:causes	1
0.7690236	HGNC:8008	MONDO:0013696	biolink:contributes_to	1
0.94119316	HGNC:14234	MONDO:0016461	biolink:gene_associated_with_condition	1
0.99979967	HGNC:14234	MONDO:0019349	biolink:causes	1
0.99979967	HGNC:14234	MONDO:0019349	biolink:gene_associated_with_condition	1
0.9719481	HGNC:25994	MONDO:0012613	biolink:causes	1
0.8373727	HGNC:8032	MONDO:0850115	biolink:gene_associated_with_condition	1
0.55135053	HGNC:29558	MONDO:0030338	biolink:causes	1
0.062358364	HGNC:8059	MONDO:0012883	biolink:gene_associated_with_condition	1
0.95892996	HGNC:8082	MONDO:0008377	biolink:causes	1
0.8092582	HGNC:8101	MONDO:0044255	biolink:causes	1
0.74499834	HGNC:8101	MONDO:0020298	biolink:gene_associated_with_condition	1
0.9994199	HGNC:26560	MONDO:0014030	biolink:causes	1
0.9793647	HGNC:8142	MONDO:0008133	biolink:causes	1
0.9906069	HGNC:17151	MONDO:0014343	biolink:causes	1
0.99984527	HGNC:24281	MONDO:0044319	biolink:causes	1
0.7825238	HGNC:25118	MONDO:0700338	biolink:causes	1
0.99508035	HGNC:8522	MONDO:0012413	biolink:gene_associated_with_condition	1
0.9969099	HGNC:8522	MONDO:0014343	biolink:causes	1
0.961715	HGNC:15804	MONDO:0007378	biolink:causes	1
0.9950309	HGNC:8546	MONDO:0007738	biolink:causes	1
0.12227564	HGNC:8619	MONDO:0957427	biolink:gene_associated_with_condition	1
0.9172069	HGNC:8622	MONDO:0019854	biolink:gene_associated_with_condition	1
0.9780002	HGNC:8622	MONDO:0024264	biolink:causes	1
0.7662099	HGNC:8636	MONDO:0018141	biolink:gene_associated_with_condition	1
0.97959936	HGNC:14674	MONDO:0008377	biolink:causes	1
0.14465648	HGNC:20001	MONDO:0018328	biolink:gene_associated_with_condition	1
0.99835795	HGNC:8790	MONDO:0012398	biolink:causes	1
0.9701119	HGNC:21350	MONDO:0009503	biolink:gene_associated_with_condition	1
0.9990206	HGNC:8820	MONDO:0012449	biolink:gene_associated_with_condition	1
0.9933216	HGNC:26257	MONDO:0010169	biolink:contributes_to	1
0.9999949	HGNC:9717	MONDO:0013932	biolink:causes	1
0.9919281	HGNC:9717	MONDO:0018598	biolink:gene_associated_with_condition	1
0.9824869	HGNC:8851	MONDO:0018598	biolink:gene_associated_with_condition	1
0.99927336	HGNC:8851	MONDO:0013937	biolink:causes	1
0.98681134	HGNC:8854	MONDO:0013927	biolink:causes	1
0.9927812	HGNC:8854	MONDO:0018598	biolink:gene_associated_with_condition	1
0.99003124	HGNC:8857	MONDO:0018598	biolink:gene_associated_with_condition	1
0.99397355	HGNC:8857	MONDO:0019174	biolink:gene_associated_with_condition	1
0.99892956	HGNC:8905	MONDO:0013968	biolink:gene_associated_with_condition	1
0.88825184	HGNC:20672	MONDO:0010286	biolink:causes	1
0.9983277	HGNC:691	MONDO:0011181	biolink:causes	1
0.99651164	HGNC:16491	MONDO:0030785	biolink:causes	1
0.91688275	HGNC:25985	MONDO:0008684	biolink:gene_associated_with_condition	1
0.9999999	HGNC:8966	MONDO:0010221	biolink:causes	1
0.44335705	HGNC:23785	MONDO:0007376	biolink:gene_associated_with_condition	1
0.92505807	HGNC:8999	MONDO:0030045	biolink:causes	1
0.96550035	HGNC:9006	MONDO:0012527	biolink:causes	1
0.52102774	HGNC:9046	MONDO:0019921	biolink:gene_associated_with_condition	1
0.49141896	HGNC:9046	MONDO:0011073	biolink:contributes_to	1
0.9876366	HGNC:30260	MONDO:0012407	biolink:gene_associated_with_condition	1
0.9857302	HGNC:9173	MONDO:0010523	biolink:gene_associated_with_condition	1
0.99920565	HGNC:19743	MONDO:0013154	biolink:causes	1
0.97771215	HGNC:19743	MONDO:0013162	biolink:gene_associated_with_condition	1
0.86614656	HGNC:9218	MONDO:0859158	biolink:causes	1
0.8741354	HGNC:9236	MONDO:0016682	biolink:gene_associated_with_condition	1
0.22285227	HGNC:9236	MONDO:0011448	biolink:gene_associated_with_condition	1
0.6053996	HGNC:9236	MONDO:0016681	biolink:gene_associated_with_condition	1
0.91550106	HGNC:9255	MONDO:0008148	biolink:gene_associated_with_condition	1
0.8438712	HGNC:9260	MONDO:0030258	biolink:causes	1
0.87697226	HGNC:7618	MONDO:0032934	biolink:causes	1
0.7899038	HGNC:9449	MONDO:0011299	biolink:gene_associated_with_condition	1
0.569516	HGNC:9449	MONDO:0010808	biolink:gene_associated_with_condition	1
0.9074206	HGNC:9456	MONDO:0012868	biolink:causes	1
0.7414892	HGNC:9462	MONDO:0018495	biolink:gene_associated_with_condition	1
0.8582518	HGNC:9462	MONDO:0018464	biolink:gene_associated_with_condition	1
0.96463513	HGNC:9585	MONDO:0011556	biolink:causes	1
0.9917576	HGNC:9585	MONDO:0012562	biolink:causes	1
0.9517936	HGNC:9585	MONDO:0017218	biolink:gene_associated_with_condition	1
0.9925128	HGNC:9607	MONDO:0013244	biolink:causes	1
0.6781003	HGNC:9644	MONDO:0007979	biolink:causes	1
0.6781003	HGNC:9644	MONDO:0007979	biolink:gene_associated_with_condition	1
0.98576516	HGNC:9644	MONDO:0014343	biolink:causes	1
0.58876926	HGNC:9670	MONDO:0014450	biolink:causes	1
0.6860974	HGNC:14957	MONDO:0033482	biolink:gene_associated_with_condition	1
0.686832	HGNC:819	MONDO:0018742	biolink:gene_associated_with_condition	1
0.92340136	HGNC:30889	MONDO:0032869	biolink:causes	1
0.8250944	HGNC:24113	MONDO:0009935	biolink:causes	1
0.8252873	HGNC:10548	MONDO:0008119	biolink:causes	1
0.9300911	HGNC:10560	MONDO:0016163	biolink:causes	1
0.99995685	HGNC:14262	MONDO:0014361	biolink:causes	1
0.99897254	HGNC:24123	MONDO:0014927	biolink:causes	1
0.75638705	HGNC:14078	MONDO:0032723	biolink:causes	1
0.9883984	HGNC:30000	MONDO:0008377	biolink:causes	1
0.490708	HGNC:6722	MONDO:0020614	biolink:causes	1
0.99178505	HGNC:12703	MONDO:0007931	biolink:gene_associated_with_condition	1
0.99653876	HGNC:1044	MONDO:0010515	biolink:causes	1
0.8920664	HGNC:1044	MONDO:0850095	biolink:gene_associated_with_condition	1
0.9957326	HGNC:1044	MONDO:0014343	biolink:causes	1
0.99926907	HGNC:1044	MONDO:0007524	biolink:causes	1
0.999998	HGNC:26953	MONDO:0060631	biolink:gene_associated_with_condition	1
0.9624399	HGNC:1069	MONDO:0007216	biolink:causes	1
0.9987606	HGNC:24154	MONDO:0014343	biolink:causes	1
0.9781359	HGNC:1077	MONDO:0007216	biolink:gene_associated_with_condition	1
0.9296031	HGNC:1077	MONDO:0009231	biolink:gene_associated_with_condition	1
0.9634429	HGNC:15832	MONDO:0010043	biolink:causes	1
0.9204939	HGNC:1133	MONDO:0010421	biolink:gene_associated_with_condition	1
0.96342236	HGNC:1144	MONDO:0014343	biolink:causes	1
0.9918662	HGNC:24713	MONDO:0060707	biolink:gene_associated_with_condition	1
0.9999176	HGNC:14263	MONDO:0008710	biolink:causes	1
0.9962804	HGNC:9832	MONDO:0011086	biolink:causes	1
0.9886008	HGNC:9832	MONDO:0011338	biolink:causes	1
0.9886008	HGNC:9832	MONDO:0011338	biolink:gene_associated_with_condition	1
0.9805567	HGNC:9832	MONDO:0009306	biolink:causes	1
0.13418134	HGNC:9864	MONDO:0012883	biolink:causes	1
0.13418134	HGNC:9864	MONDO:0012883	biolink:gene_associated_with_condition	1
0.8739523	HGNC:9871	MONDO:0011556	biolink:causes	1
0.98526347	HGNC:9879	MONDO:0014386	biolink:causes	1
0.7411139	HGNC:9910	MONDO:0010277	biolink:gene_associated_with_condition	1
0.29261002	HGNC:9910	MONDO:0010661	biolink:causes	1
0.29261002	HGNC:9910	MONDO:0010661	biolink:gene_associated_with_condition	1
0.48885196	HGNC:20759	MONDO:0975795	biolink:causes	1
0.34974483	HGNC:9970	MONDO:0008678	biolink:gene_associated_with_condition	1
0.6496685	HGNC:10009	MONDO:0019107	biolink:gene_associated_with_condition	1
0.9866948	HGNC:10012	MONDO:0008377	biolink:causes	1
0.9962947	HGNC:10024	MONDO:0011839	biolink:causes	1
0.9816467	HGNC:10024	MONDO:0008377	biolink:causes	1
0.9953725	HGNC:25358	MONDO:0012166	biolink:causes	1
1.0	HGNC:10193	MONDO:0971172	biolink:causes	1
1.0	HGNC:10193	MONDO:0971172	biolink:gene_associated_with_condition	1
0.9962496	HGNC:10254	MONDO:0011974	biolink:causes	1
0.9249932	HGNC:10260	MONDO:0014710	biolink:gene_associated_with_condition	1
0.9913489	HGNC:10260	MONDO:0007922	biolink:causes	1
0.99295807	HGNC:13436	MONDO:0008377	biolink:causes	1
0.59783006	HGNC:10387	MONDO:0007925	biolink:gene_associated_with_condition	1
0.5419717	HGNC:10389	MONDO:0032670	biolink:causes	1
0.96867174	HGNC:10446	MONDO:0020745	biolink:causes	1
0.9948874	HGNC:10447	MONDO:0007922	biolink:causes	1
0.98850715	HGNC:10447	MONDO:0014343	biolink:causes	1
0.9702463	HGNC:17296	MONDO:0010000	biolink:causes	1
0.97263306	HGNC:17296	MONDO:0012792	biolink:causes	1
0.9966053	HGNC:12371	MONDO:0014202	biolink:causes	1
0.9887093	HGNC:16175	MONDO:0008798	biolink:causes	1
0.99017346	HGNC:10468	MONDO:0011489	biolink:gene_associated_with_condition	1
0.926398	HGNC:18647	MONDO:0020737	biolink:causes	1
0.9947272	HGNC:28991	MONDO:0014311	biolink:causes	1
0.9986085	HGNC:10472	MONDO:0007340	biolink:causes	1
0.98672897	HGNC:10483	MONDO:0007294	biolink:gene_associated_with_condition	1
0.97589225	HGNC:10483	MONDO:0015793	biolink:gene_associated_with_condition	1
0.98729753	HGNC:10483	MONDO:0020485	biolink:causes	1
0.9825745	HGNC:10521	MONDO:0009775	biolink:causes	1
0.95142514	HGNC:10526	MONDO:0009002	biolink:causes	1
0.98808473	HGNC:2135	MONDO:0011475	biolink:gene_associated_with_condition	1
0.1853217	HGNC:21088	MONDO:0033668	biolink:causes	1
0.98957974	HGNC:10588	MONDO:0013388	biolink:causes	1
0.98944396	HGNC:10588	MONDO:0011904	biolink:gene_associated_with_condition	1
0.9710957	HGNC:10588	MONDO:0011794	biolink:gene_associated_with_condition	1
0.95653325	HGNC:10591	MONDO:0020482	biolink:gene_associated_with_condition	1
0.9995053	HGNC:10591	MONDO:0957265	biolink:causes	1
0.98193365	HGNC:10596	MONDO:0100092	biolink:causes	1
0.901189	HGNC:10596	MONDO:0011178	biolink:gene_associated_with_condition	1
0.9994205	HGNC:10596	MONDO:0013801	biolink:causes	1
0.9280179	HGNC:10702	MONDO:0014802	biolink:causes	1
0.98640466	HGNC:17052	MONDO:0032849	biolink:causes	1
0.8649251	HGNC:30605	MONDO:0016589	biolink:gene_associated_with_condition	1
0.4757178	HGNC:8941	MONDO:0009061	biolink:gene_associated_with_condition	1
0.9892322	HGNC:10799	MONDO:0800029	biolink:gene_associated_with_condition	1
0.95939505	HGNC:10805	MONDO:0011968	biolink:causes	1
0.95939505	HGNC:10805	MONDO:0011968	biolink:gene_associated_with_condition	1
0.99991167	HGNC:29427	MONDO:0011113	biolink:gene_associated_with_condition	1
0.6549914	HGNC:25321	MONDO:0968982	biolink:causes	1
0.9971318	HGNC:10853	MONDO:0014343	biolink:causes	1
0.9314255	HGNC:25543	MONDO:0030958	biolink:causes	1
0.9500203	HGNC:8157	MONDO:0011585	biolink:gene_associated_with_condition	1
0.8141537	HGNC:8157	MONDO:0013715	biolink:causes	1
0.99990666	HGNC:23639	MONDO:0024541	biolink:causes	1
0.8893315	HGNC:11005	MONDO:0012143	biolink:gene_associated_with_condition	1
0.96047324	HGNC:11005	MONDO:0011724	biolink:causes	1
0.96047324	HGNC:11005	MONDO:0011724	biolink:gene_associated_with_condition	1
0.8821088	HGNC:11005	MONDO:0012805	biolink:causes	1
0.99408096	HGNC:11027	MONDO:0008368	biolink:causes	1
0.99366176	HGNC:11027	MONDO:0012700	biolink:causes	1
0.99366176	HGNC:11027	MONDO:0012700	biolink:gene_associated_with_condition	1
0.09473114	HGNC:11050	MONDO:0008114	biolink:contributes_to	1
0.99711883	HGNC:27960	MONDO:0009324	biolink:causes	1
0.9916174	HGNC:11073	MONDO:0014808	biolink:causes	1
0.9991603	HGNC:23089	MONDO:0014392	biolink:causes	1
0.98361075	HGNC:14409	MONDO:0011790	biolink:causes	1
0.99953115	HGNC:3018	MONDO:0008964	biolink:causes	1
0.99953115	HGNC:3018	MONDO:0008964	biolink:gene_associated_with_condition	1
0.2701067	HGNC:14469	MONDO:0009061	biolink:gene_associated_with_condition	1
0.9956612	HGNC:1329	MONDO:0044726	biolink:gene_associated_with_condition	1
0.9336348	HGNC:11019	MONDO:0016579	biolink:gene_associated_with_condition	1
0.9997228	HGNC:20197	MONDO:0009953	biolink:causes	1
0.8730105	HGNC:18762	MONDO:0007677	biolink:causes	1
0.9997224	HGNC:32434	MONDO:0012216	biolink:causes	1
0.9950865	HGNC:29956	MONDO:0859180	biolink:causes	1
0.99128026	HGNC:10961	MONDO:0009379	biolink:gene_associated_with_condition	1
0.9961228	HGNC:10955	MONDO:0013756	biolink:causes	1
0.99993396	HGNC:17814	MONDO:0859575	biolink:causes	1
0.98080873	HGNC:20297	MONDO:0013189	biolink:causes	1
0.9866442	HGNC:11102	MONDO:0014343	biolink:causes	1
0.9996141	HGNC:11102	MONDO:0009458	biolink:causes	1
0.97213644	HGNC:11109	MONDO:0014343	biolink:causes	1
0.9077959	HGNC:11109	MONDO:0016995	biolink:gene_associated_with_condition	1
0.759972	HGNC:11118	MONDO:0010056	biolink:gene_associated_with_condition	1
0.9992291	HGNC:11123	MONDO:0010664	biolink:gene_associated_with_condition	1
0.872391	HGNC:30859	MONDO:0008377	biolink:causes	1
0.983117	HGNC:1346	MONDO:0012412	biolink:causes	1
0.9998634	HGNC:29521	MONDO:0009033	biolink:causes	1
0.9886541	HGNC:1371	MONDO:0007747	biolink:gene_associated_with_condition	1
0.9275859	HGNC:1388	MONDO:0019113	biolink:gene_associated_with_condition	1
0.9907353	HGNC:1388	MONDO:0007163	biolink:causes	1
0.9907353	HGNC:1388	MONDO:0007163	biolink:gene_associated_with_condition	1
0.61925143	HGNC:1390	MONDO:0008542	biolink:causes	1
0.8654316	HGNC:1397	MONDO:0008570	biolink:contributes_to	1
0.9752583	HGNC:1397	MONDO:0042979	biolink:causes	1
0.9679556	HGNC:16709	MONDO:0032907	biolink:causes	1
0.97682536	HGNC:1480	MONDO:0029133	biolink:gene_associated_with_condition	1
0.42410484	HGNC:16393	MONDO:0011672	biolink:gene_associated_with_condition	1
0.8228234	HGNC:16393	MONDO:0014645	biolink:causes	1
0.8158839	HGNC:1509	MONDO:0016216	biolink:gene_associated_with_condition	1
0.41324666	HGNC:1527	MONDO:0014135	biolink:causes	1
0.94977087	HGNC:9688	MONDO:0013225	biolink:causes	1
0.98962843	HGNC:1550	MONDO:0008818	biolink:causes	1
0.99980193	HGNC:14153	MONDO:0013890	biolink:gene_associated_with_condition	1
0.98664665	HGNC:26821	MONDO:0007794	biolink:causes	1
0.7854633	HGNC:11164	MONDO:0015783	biolink:gene_associated_with_condition	1
0.9998597	HGNC:14245	MONDO:0971171	biolink:causes	1
0.6959841	HGNC:27845	MONDO:0020855	biolink:causes	1
0.8720176	HGNC:14967	MONDO:0957584	biolink:causes	1
0.99701416	HGNC:11226	MONDO:0011445	biolink:causes	1
0.9865566	HGNC:11257	MONDO:0012994	biolink:causes	1
0.63921	HGNC:11272	MONDO:0010053	biolink:causes	1
0.9754885	HGNC:11402	MONDO:0975828	biolink:causes	1
0.9837946	HGNC:11311	MONDO:0016281	biolink:gene_associated_with_condition	1
0.9212949	HGNC:11311	MONDO:0015779	biolink:gene_associated_with_condition	1
0.9239408	HGNC:11326	MONDO:0010490	biolink:gene_associated_with_condition	1
0.9999933	HGNC:10872	MONDO:0018274	biolink:gene_associated_with_condition	1
0.95371175	HGNC:11356	MONDO:0014321	biolink:causes	1
0.56023973	HGNC:26200	MONDO:0800029	biolink:gene_associated_with_condition	1
0.9999317	HGNC:30650	MONDO:0011010	biolink:causes	1
0.9999317	HGNC:30650	MONDO:0011010	biolink:gene_associated_with_condition	1
0.99663854	HGNC:16035	MONDO:0012621	biolink:causes	1
0.85614747	HGNC:16466	MONDO:0016710	biolink:gene_associated_with_condition	1
0.97478795	HGNC:16466	MONDO:0958189	biolink:causes	1
0.8222402	HGNC:30632	MONDO:0700301	biolink:causes	1
0.91056764	HGNC:11494	MONDO:0010339	biolink:causes	1
0.91056764	HGNC:11494	MONDO:0010339	biolink:gene_associated_with_condition	1
0.9995461	HGNC:11521	MONDO:0007794	biolink:causes	1
0.98927236	HGNC:11521	MONDO:0013912	biolink:causes	1
0.9676089	HGNC:11557	MONDO:0013108	biolink:causes	1
0.9605343	HGNC:11566	MONDO:0971012	biolink:causes	1
0.9974916	HGNC:21066	MONDO:0009544	biolink:causes	1
0.9998369	HGNC:29203	MONDO:0009079	biolink:gene_associated_with_condition	1
0.9888737	HGNC:29203	MONDO:0011506	biolink:causes	1
0.9888737	HGNC:29203	MONDO:0011506	biolink:gene_associated_with_condition	1
0.99861705	HGNC:11603	MONDO:0007841	biolink:gene_associated_with_condition	1
0.9699948	HGNC:11596	MONDO:0008720	biolink:causes	1
0.9699948	HGNC:11596	MONDO:0008720	biolink:gene_associated_with_condition	1
0.9103718	HGNC:11647	MONDO:0009138	biolink:gene_associated_with_condition	1
0.99911934	HGNC:11708	MONDO:0010907	biolink:gene_associated_with_condition	1
0.5754561	HGNC:11724	MONDO:0014998	biolink:causes	1
0.99266386	HGNC:20324	MONDO:0014343	biolink:causes	1
0.9999684	HGNC:20324	MONDO:0014507	biolink:gene_associated_with_condition	1
0.999046	HGNC:11769	MONDO:0008818	biolink:causes	1
0.99691063	HGNC:11769	MONDO:0014343	biolink:causes	1
0.99939954	HGNC:11769	MONDO:0007524	biolink:causes	1
0.8549062	HGNC:11769	MONDO:0017403	biolink:gene_associated_with_condition	1
0.9880946	HGNC:25835	MONDO:0030731	biolink:causes	1
0.99079084	HGNC:11824	MONDO:0009990	biolink:gene_associated_with_condition	1
0.9738486	HGNC:11824	MONDO:0018045	biolink:gene_associated_with_condition	1
0.9996062	HGNC:25295	MONDO:0030440	biolink:causes	1
0.87066984	HGNC:30788	MONDO:0014783	biolink:causes	1
0.4513116	HGNC:11847	MONDO:0013185	biolink:contributes_to	1
0.9576411	HGNC:5056	MONDO:0020512	biolink:gene_associated_with_condition	1
0.0872997	HGNC:26230	MONDO:0014184	biolink:contributes_to	1
0.95550287	HGNC:16513	MONDO:0011708	biolink:causes	1
0.9996729	HGNC:18188	MONDO:0800436	biolink:gene_associated_with_condition	1
0.9993755	HGNC:25535	MONDO:0012892	biolink:causes	1
0.9942715	HGNC:23787	MONDO:0031019	biolink:causes	1
0.9584861	HGNC:26050	MONDO:0013546	biolink:gene_associated_with_condition	1
0.9576546	HGNC:25382	MONDO:0013069	biolink:gene_associated_with_condition	1
0.91223884	HGNC:25018	MONDO:0975840	biolink:causes	1
0.46442017	HGNC:23018	MONDO:0008678	biolink:gene_associated_with_condition	1
0.29402554	HGNC:18308	MONDO:0010469	biolink:contributes_to	1
0.93023056	HGNC:11909	MONDO:0007319	biolink:gene_associated_with_condition	1
0.9998977	HGNC:11909	MONDO:0009394	biolink:causes	1
0.9869059	HGNC:11949	MONDO:0020745	biolink:causes	1
0.94848865	HGNC:11949	MONDO:0019150	biolink:gene_associated_with_condition	1
0.9998703	HGNC:21648	MONDO:0957953	biolink:causes	1
0.968681	HGNC:12015	MONDO:0010133	biolink:causes	1
0.81994975	HGNC:25751	MONDO:0009279	biolink:gene_associated_with_condition	1
0.9680305	HGNC:12261	MONDO:0011484	biolink:causes	1
0.9408223	HGNC:17761	MONDO:0020749	biolink:causes	1
0.9032169	HGNC:7523	MONDO:0009664	biolink:gene_associated_with_condition	1
0.99996173	HGNC:23141	MONDO:0014684	biolink:causes	1
0.9466388	HGNC:18084	MONDO:0014622	biolink:gene_associated_with_condition	1
0.9987379	HGNC:18084	MONDO:0100296	biolink:causes	1
0.9999325	HGNC:1268	MONDO:0032584	biolink:gene_associated_with_condition	1
0.9691124	HGNC:1268	MONDO:0013929	biolink:causes	1
0.9419494	HGNC:12382	MONDO:0012124	biolink:causes	1
0.9999975	HGNC:19750	MONDO:0800030	biolink:causes	1
0.981457	HGNC:12404	MONDO:0010188	biolink:gene_associated_with_condition	1
0.40396875	HGNC:12417	MONDO:0014294	biolink:gene_associated_with_condition	1
0.9999833	HGNC:20670	MONDO:0008693	biolink:causes	1
0.9999833	HGNC:20670	MONDO:0008693	biolink:gene_associated_with_condition	1
0.9999975	HGNC:20670	MONDO:0008853	biolink:gene_associated_with_condition	1
0.9999839	HGNC:20652	MONDO:0030819	biolink:causes	1
0.8015914	HGNC:12440	MONDO:0012682	biolink:causes	1
0.8015914	HGNC:12440	MONDO:0012682	biolink:gene_associated_with_condition	1
0.57694054	HGNC:12463	MONDO:0007338	biolink:gene_associated_with_condition	1
0.21472882	HGNC:12463	MONDO:0008637	biolink:gene_associated_with_condition	1
0.9997012	HGNC:14304	MONDO:0030927	biolink:causes	1
0.93207026	HGNC:12572	MONDO:0011971	biolink:gene_associated_with_condition	1
0.9999628	HGNC:16297	MONDO:0013164	biolink:gene_associated_with_condition	1
0.9565782	HGNC:29594	MONDO:0014065	biolink:causes	1
0.80561304	HGNC:12630	MONDO:0958071	biolink:causes	1
0.3210034	HGNC:13486	MONDO:0010510	biolink:causes	1
0.9753346	HGNC:25507	MONDO:0014343	biolink:causes	1
0.84736264	HGNC:12643	MONDO:0032900	biolink:causes	1
0.5519979	HGNC:15511	MONDO:0020705	biolink:causes	1
0.98900944	HGNC:21642	MONDO:0014397	biolink:gene_associated_with_condition	1
0.19194388	HGNC:12718	MONDO:0018507	biolink:gene_associated_with_condition	1
0.9043119	HGNC:12718	MONDO:0957876	biolink:causes	1
0.93814415	HGNC:12729	MONDO:0957218	biolink:causes	1
0.985941	HGNC:28027	MONDO:0009008	biolink:gene_associated_with_condition	1
0.99230945	HGNC:18340	MONDO:0013718	biolink:causes	1
0.99907327	HGNC:18340	MONDO:0013719	biolink:causes	1
0.9474952	HGNC:18340	MONDO:0008377	biolink:causes	1
0.9964914	HGNC:21208	MONDO:0054636	biolink:causes	1
0.99999106	HGNC:29250	MONDO:0013323	biolink:causes	1
0.9905245	HGNC:26790	MONDO:0013181	biolink:causes	1
0.8963861	HGNC:14544	MONDO:0013777	biolink:gene_associated_with_condition	1
0.997563	HGNC:12831	MONDO:0014686	biolink:causes	1
0.9985183	HGNC:15517	MONDO:0011604	biolink:causes	1
0.99482274	HGNC:15517	MONDO:0014343	biolink:causes	1
0.99726605	HGNC:15517	MONDO:0012892	biolink:causes	1
0.99507564	HGNC:30511	MONDO:0030878	biolink:gene_associated_with_condition	1
0.8348873	HGNC:12856	MONDO:0044738	biolink:causes	1
0.9977308	HGNC:20152	MONDO:0007828	biolink:causes	1
0.8908234	HGNC:28449	MONDO:0033980	biolink:gene_associated_with_condition	1
0.9993191	HGNC:12309	MONDO:0009841	biolink:causes	1
0.99997723	HGNC:29316	MONDO:0011359	biolink:causes	1
0.9817762	HGNC:10632	MONDO:0004951	biolink:contributes_to	1
0.7751116	HGNC:1706	MONDO:0012161	biolink:gene_associated_with_condition	1
0.88394433	HGNC:1701	MONDO:0013286	biolink:causes	1
0.7113433	HGNC:1754	MONDO:0012946	biolink:causes	1
0.75186193	HGNC:13733	MONDO:0054601	biolink:contributes_to	1
0.47170025	HGNC:1773	MONDO:0012183	biolink:contributes_to	1
0.49702364	HGNC:1785	MONDO:0012552	biolink:causes	1
0.99129957	HGNC:17104	MONDO:0013642	biolink:causes	1
0.9646314	HGNC:24576	MONDO:0013431	biolink:causes	1
0.9659348	HGNC:1810	MONDO:0010767	biolink:causes	1
0.9366985	HGNC:1161	MONDO:0009359	biolink:gene_associated_with_condition	1
0.9520563	HGNC:25815	MONDO:0014343	biolink:causes	1
0.9872973	HGNC:28514	MONDO:0033622	biolink:causes	1
0.99972194	HGNC:14253	MONDO:0014545	biolink:gene_associated_with_condition	1
0.9994555	HGNC:25325	MONDO:0032859	biolink:causes	1
0.99589974	HGNC:1301	MONDO:0014211	biolink:causes	1
0.95929307	HGNC:18292	MONDO:0016302	biolink:gene_associated_with_condition	1
0.9961434	HGNC:18292	MONDO:0011546	biolink:causes	1
0.99987507	HGNC:1884	MONDO:0009061	biolink:causes	1
0.61386645	HGNC:16627	MONDO:0018875	biolink:gene_associated_with_condition	1
0.9978817	HGNC:8740	MONDO:0013990	biolink:gene_associated_with_condition	1
0.9973273	HGNC:1955	MONDO:0012156	biolink:causes	1
0.9941882	HGNC:24229	MONDO:0014098	biolink:causes	1
0.999666	HGNC:21219	MONDO:0012980	biolink:causes	1
0.94949126	HGNC:11891	MONDO:0859568	biolink:causes	1
0.5003625	HGNC:2084	MONDO:0013588	biolink:causes	1
0.99499476	HGNC:12605	MONDO:0013610	biolink:causes	1
0.99371237	HGNC:105	MONDO:0009007	biolink:causes	1
0.99815375	HGNC:18620	MONDO:0019407	biolink:gene_associated_with_condition	1
0.954153	HGNC:2197	MONDO:0007244	biolink:gene_associated_with_condition	1
0.99716896	HGNC:2197	MONDO:0014343	biolink:causes	1
0.9820582	HGNC:2197	MONDO:0020521	biolink:causes	1
0.97427666	HGNC:2197	MONDO:0008148	biolink:gene_associated_with_condition	1
0.9987853	HGNC:2200	MONDO:0007949	biolink:causes	1
0.9943498	HGNC:2200	MONDO:0008490	biolink:causes	1
0.9842755	HGNC:2200	MONDO:0012287	biolink:causes	1
0.97628456	HGNC:2200	MONDO:0019669	biolink:gene_associated_with_condition	1
0.9984043	HGNC:2200	MONDO:0007895	biolink:gene_associated_with_condition	1
0.99585104	HGNC:2200	MONDO:0008476	biolink:causes	1
0.991679	HGNC:2200	MONDO:0008479	biolink:causes	1
0.98150176	HGNC:2200	MONDO:0011496	biolink:causes	1
0.98150176	HGNC:2200	MONDO:0011496	biolink:gene_associated_with_condition	1
0.80628324	HGNC:2200	MONDO:0016202	biolink:gene_associated_with_condition	1
0.99700755	HGNC:2185	MONDO:0014343	biolink:causes	1
0.98880565	HGNC:2188	MONDO:0014654	biolink:causes	1
0.9980422	HGNC:2188	MONDO:0034022	biolink:gene_associated_with_condition	1
0.9970145	HGNC:22986	MONDO:0014343	biolink:causes	1
0.99899334	HGNC:22986	MONDO:0014061	biolink:gene_associated_with_condition	1
0.99410075	HGNC:17213	MONDO:0014343	biolink:causes	1
0.99708277	HGNC:2226	MONDO:0020346	biolink:gene_associated_with_condition	1
0.5138008	HGNC:2230	MONDO:0014629	biolink:gene_associated_with_condition	1
0.5138008	HGNC:2230	MONDO:0014629	biolink:contributes_to	1
0.9556253	HGNC:16812	MONDO:0012784	biolink:gene_associated_with_condition	1
0.84152794	HGNC:2252	MONDO:0014168	biolink:gene_associated_with_condition	1
0.99810374	HGNC:2261	MONDO:0859520	biolink:causes	1
0.9999746	HGNC:20213	MONDO:0859160	biolink:causes	1
0.8415352	HGNC:2330	MONDO:0013633	biolink:contributes_to	1
0.94197315	HGNC:11701	MONDO:0008542	biolink:causes	1
0.9970962	HGNC:2435	MONDO:0010424	biolink:causes	1
0.62181616	HGNC:2511	MONDO:0000908	biolink:causes	1
0.4986874	HGNC:2527	MONDO:0007854	biolink:causes	1
0.9983877	HGNC:25613	MONDO:0014503	biolink:causes	1
0.36289975	HGNC:2561	MONDO:8000006	biolink:gene_associated_with_condition	1
0.99951255	HGNC:28672	MONDO:0030066	biolink:causes	1
0.98152643	HGNC:20581	MONDO:0014343	biolink:causes	1
0.9980076	HGNC:25536	MONDO:0030054	biolink:causes	1
0.9986994	HGNC:2731	MONDO:0010077	biolink:gene_associated_with_condition	1
0.9999032	HGNC:2846	MONDO:0008644	biolink:causes	1
0.99568	HGNC:2858	MONDO:0009636	biolink:causes	1
0.99568	HGNC:2858	MONDO:0009636	biolink:gene_associated_with_condition	1
0.97574615	HGNC:2858	MONDO:0014899	biolink:causes	1
0.97574615	HGNC:2858	MONDO:0014899	biolink:gene_associated_with_condition	1
0.99712545	HGNC:2859	MONDO:0011217	biolink:causes	1
0.8605708	HGNC:18018	MONDO:0008377	biolink:causes	1
0.5521118	HGNC:17098	MONDO:0007681	biolink:causes	1
0.4484603	HGNC:2907	MONDO:0011975	biolink:gene_associated_with_condition	1
0.9032018	HGNC:2907	MONDO:0968990	biolink:gene_associated_with_condition	1
0.6992187	HGNC:2907	MONDO:0958354	biolink:gene_associated_with_condition	1
0.9994211	HGNC:27030	MONDO:0014887	biolink:causes	1
0.87292343	HGNC:2973	MONDO:0013726	biolink:causes	1
0.53924173	HGNC:2973	MONDO:0008134	biolink:gene_associated_with_condition	1
0.98723304	HGNC:19189	MONDO:0014343	biolink:causes	1
0.9970776	HGNC:19191	MONDO:0009478	biolink:gene_associated_with_condition	1
0.9854601	HGNC:3007	MONDO:0033556	biolink:causes	1
0.69202673	HGNC:3052	MONDO:0014218	biolink:gene_associated_with_condition	1
0.7360982	HGNC:3052	MONDO:0013034	biolink:causes	1
0.8675609	HGNC:3052	MONDO:0014355	biolink:causes	1
0.7626225	HGNC:2961	MONDO:0013644	biolink:causes	1
0.9204432	HGNC:3146	MONDO:0013473	biolink:causes	1
0.89771944	HGNC:3218	MONDO:0008377	biolink:causes	1
0.98579025	HGNC:3226	MONDO:0014343	biolink:causes	1
0.98666734	HGNC:24650	MONDO:0019896	biolink:gene_associated_with_condition	1
0.9884992	HGNC:3255	MONDO:0009192	biolink:gene_associated_with_condition	1
0.8914544	HGNC:3257	MONDO:0020506	biolink:gene_associated_with_condition	1
0.99139786	HGNC:3257	MONDO:0020507	biolink:causes	1
0.9213088	HGNC:3267	MONDO:0010258	biolink:causes	1
0.6955835	HGNC:14198	MONDO:0013872	biolink:contributes_to	1
0.9194597	HGNC:3327	MONDO:0008542	biolink:causes	1
0.9541157	HGNC:18248	MONDO:0014996	biolink:causes	1
0.26134765	HGNC:16912	MONDO:0008879	biolink:causes	1
0.37072334	HGNC:3393	MONDO:0011361	biolink:contributes_to	1
0.98393583	HGNC:3416	MONDO:0007572	biolink:causes	1
0.22872987	HGNC:3430	MONDO:0016268	biolink:gene_associated_with_condition	1
0.92208415	HGNC:3435	MONDO:0012531	biolink:causes	1
0.9994066	HGNC:21056	MONDO:0014240	biolink:causes	1
0.50354016	HGNC:25966	MONDO:0033202	biolink:causes	1
0.83476716	HGNC:3481	MONDO:0018332	biolink:gene_associated_with_condition	1
0.93635607	HGNC:3481	MONDO:0018333	biolink:gene_associated_with_condition	1
0.99686074	HGNC:3497	MONDO:0008673	biolink:gene_associated_with_condition	1
0.72331524	MONDO:0005006	HGNC:11730	biolink:gene_associated_with_condition	1
0.8536666	MONDO:0005006	HGNC:23448	biolink:gene_associated_with_condition	1
0.49073637	MONDO:0005006	HGNC:12851	biolink:gene_associated_with_condition	1
0.9635484	MONDO:0007052	HGNC:358	biolink:causes	1
0.99997663	MONDO:0007064	HGNC:186	biolink:gene_associated_with_condition	1
0.97022265	MONDO:0007068	HGNC:291	biolink:gene_associated_with_condition	1
0.95662254	MONDO:0007072	HGNC:15979	biolink:causes	1
0.905573	MONDO:0007080	HGNC:2592	biolink:gene_associated_with_condition	1
0.35852385	MONDO:0007088	HGNC:7876	biolink:contributes_to	1
0.9624399	MONDO:0007216	HGNC:1069	biolink:causes	1
0.9781359	MONDO:0007216	HGNC:1077	biolink:gene_associated_with_condition	1
0.99339736	MONDO:0007216	HGNC:4220	biolink:causes	1
0.99339736	MONDO:0007216	HGNC:4220	biolink:gene_associated_with_condition	1
0.97656107	MONDO:0007232	HGNC:18083	biolink:causes	1
0.97656107	MONDO:0007232	HGNC:18083	biolink:gene_associated_with_condition	1
0.954153	MONDO:0007244	HGNC:2197	biolink:gene_associated_with_condition	1
0.50013196	MONDO:0007288	HGNC:3386	biolink:causes	1
0.9986085	MONDO:0007340	HGNC:10472	biolink:causes	1
0.44335705	MONDO:0007376	HGNC:23785	biolink:gene_associated_with_condition	1
0.96104914	MONDO:0007380	HGNC:11771	biolink:causes	1
0.96104914	MONDO:0007380	HGNC:11771	biolink:gene_associated_with_condition	1
0.91100216	MONDO:0007400	HGNC:3688	biolink:causes	1
0.9320534	MONDO:0007400	HGNC:3689	biolink:gene_associated_with_condition	1
0.12505847	MONDO:0007404	HGNC:10736	biolink:gene_associated_with_condition	1
0.060774423	MONDO:0007404	HGNC:2516	biolink:gene_associated_with_condition	1
0.96842813	MONDO:0007412	HGNC:3689	biolink:causes	1
0.9038767	MONDO:0007445	HGNC:6416	biolink:causes	1
0.98127687	MONDO:0007453	HGNC:4195	biolink:causes	1
0.9915063	MONDO:0007485	HGNC:11730	biolink:causes	1
1.0	MONDO:0007485	HGNC:11727	biolink:causes	1
0.99923134	MONDO:0007537	HGNC:7883	biolink:causes	1
0.9983303	MONDO:0007561	HGNC:2227	biolink:causes	1
0.9896583	MONDO:0007589	HGNC:4042	biolink:causes	1
0.60323244	MONDO:0007723	HGNC:9967	biolink:contributes_to	1
0.8031393	MONDO:0007727	HGNC:11916	biolink:causes	1
0.10437567	MONDO:0007748	HGNC:21285	biolink:contributes_to	1
0.35163388	MONDO:0007768	HGNC:16783	biolink:gene_associated_with_condition	1
0.904677	MONDO:0007792	HGNC:4379	biolink:causes	1
0.5205918	MONDO:0007808	HGNC:6412	biolink:gene_associated_with_condition	1
0.9977308	MONDO:0007828	HGNC:20152	biolink:causes	1
0.62814415	MONDO:0007856	HGNC:20788	biolink:causes	1
0.62814415	MONDO:0007856	HGNC:20788	biolink:gene_associated_with_condition	1
0.9978194	MONDO:0007881	HGNC:13829	biolink:causes	1
0.59783006	MONDO:0007925	HGNC:10387	biolink:gene_associated_with_condition	1
0.9999615	MONDO:0007949	HGNC:13869	biolink:causes	1
0.9987853	MONDO:0007949	HGNC:2200	biolink:causes	1
0.99992466	MONDO:0007949	HGNC:2219	biolink:causes	1
0.9033347	MONDO:0008005	HGNC:6859	biolink:causes	1
0.9991609	MONDO:0008061	HGNC:6654	biolink:causes	1
0.9991609	MONDO:0008061	HGNC:6654	biolink:gene_associated_with_condition	1
0.8342444	MONDO:0008097	HGNC:5173	biolink:causes	1
0.8342444	MONDO:0008097	HGNC:5173	biolink:gene_associated_with_condition	1
0.9793647	MONDO:0008133	HGNC:8142	biolink:causes	1
0.6741045	MONDO:0008153	HGNC:4392	biolink:causes	1
0.7741428	MONDO:0008201	HGNC:2711	biolink:gene_associated_with_condition	1
0.9726642	MONDO:0008209	HGNC:11743	biolink:causes	1
0.9937581	MONDO:0008333	HGNC:57	biolink:causes	1
0.99976295	MONDO:0008426	HGNC:6664	biolink:causes	1
0.99861884	MONDO:0008426	HGNC:10896	biolink:causes	1
0.9920781	MONDO:0008426	HGNC:6768	biolink:causes	1
0.99980253	MONDO:0008426	HGNC:2201	biolink:causes	1
0.99910504	MONDO:0008426	HGNC:3603	biolink:gene_associated_with_condition	1
0.9869827	MONDO:0008426	HGNC:11772	biolink:causes	1
0.63191384	MONDO:0008434	HGNC:29059	biolink:gene_associated_with_condition	1
0.9978859	MONDO:0008490	HGNC:13869	biolink:causes	1
0.9943498	MONDO:0008490	HGNC:2200	biolink:causes	1
0.9949175	MONDO:0008490	HGNC:2464	biolink:causes	1
0.9112156	MONDO:0008542	HGNC:15802	biolink:causes	1
0.9112156	MONDO:0008542	HGNC:15802	biolink:gene_associated_with_condition	1
0.77808315	MONDO:0008542	HGNC:6407	biolink:causes	1
0.54602623	MONDO:0008542	HGNC:25636	biolink:causes	1
0.9509317	MONDO:0008542	HGNC:7765	biolink:causes	1
0.9827483	MONDO:0008542	HGNC:2488	biolink:causes	1
0.61925143	MONDO:0008542	HGNC:1390	biolink:causes	1
0.94197315	MONDO:0008542	HGNC:11701	biolink:causes	1
0.9194597	MONDO:0008542	HGNC:3327	biolink:causes	1
0.7526665	MONDO:0008542	HGNC:12362	biolink:causes	1
0.98065394	MONDO:0008542	HGNC:20626	biolink:causes	1
0.9508567	MONDO:0008542	HGNC:1987	biolink:gene_associated_with_condition	1
0.9302338	MONDO:0008542	HGNC:76	biolink:causes	1
0.96497625	MONDO:0008542	HGNC:4807	biolink:causes	1
0.9767685	MONDO:0008542	HGNC:6188	biolink:gene_associated_with_condition	1
0.9620278	MONDO:0008542	HGNC:6633	biolink:causes	1
0.9360522	MONDO:0008542	HGNC:32940	biolink:causes	1
0.8039882	MONDO:0008542	HGNC:9107	biolink:causes	1
0.8378294	MONDO:0008542	HGNC:9829	biolink:causes	1
0.94814515	MONDO:0008542	HGNC:11187	biolink:causes	1
0.91176426	MONDO:0008542	HGNC:17075	biolink:causes	1
0.9664442	MONDO:0008542	HGNC:11598	biolink:causes	1
0.6284012	MONDO:0008542	HGNC:20908	biolink:causes	1
0.8117839	MONDO:0008542	HGNC:143	biolink:causes	1
0.93111163	MONDO:0008542	HGNC:3603	biolink:causes	1
0.8455446	MONDO:0008542	HGNC:3767	biolink:causes	1
0.9380052	MONDO:0008542	HGNC:3816	biolink:causes	1
0.9102935	MONDO:0008542	HGNC:29525	biolink:causes	1
0.97796553	MONDO:0008542	HGNC:3122	biolink:causes	1
0.7980509	MONDO:0008542	HGNC:15819	biolink:causes	1
0.9821483	MONDO:0008542	HGNC:11592	biolink:gene_associated_with_condition	1
0.9868318	MONDO:0008542	HGNC:16700	biolink:causes	1
0.9879446	MONDO:0008546	HGNC:3690	biolink:gene_associated_with_condition	1
0.20347553	MONDO:0008558	HGNC:15626	biolink:gene_associated_with_condition	1
0.8654316	MONDO:0008570	HGNC:1397	biolink:contributes_to	1
0.34974483	MONDO:0008678	HGNC:9970	biolink:gene_associated_with_condition	1
0.46442017	MONDO:0008678	HGNC:23018	biolink:gene_associated_with_condition	1
0.9998841	MONDO:0008678	HGNC:12744	biolink:causes	1
0.37628612	MONDO:0008678	HGNC:961	biolink:gene_associated_with_condition	1
0.9999176	MONDO:0008710	HGNC:14263	biolink:causes	1
0.9944325	MONDO:0008722	HGNC:90	biolink:gene_associated_with_condition	1
0.7111115	MONDO:0008734	HGNC:11998	biolink:contributes_to	1
0.9986646	MONDO:0008762	HGNC:2206	biolink:causes	1
0.9986646	MONDO:0008762	HGNC:2206	biolink:gene_associated_with_condition	1
0.96480525	MONDO:0008774	HGNC:23537	biolink:causes	1
0.96480525	MONDO:0008774	HGNC:23537	biolink:gene_associated_with_condition	1
0.9887093	MONDO:0008798	HGNC:16175	biolink:causes	1
0.9582228	MONDO:0008814	HGNC:663	biolink:causes	1
0.99937767	MONDO:0008818	HGNC:7945	biolink:causes	1
0.98962843	MONDO:0008818	HGNC:1550	biolink:causes	1
0.999046	MONDO:0008818	HGNC:11769	biolink:causes	1
0.996552	MONDO:0008818	HGNC:9853	biolink:causes	1
0.9993917	MONDO:0008818	HGNC:14107	biolink:causes	1
0.9995528	MONDO:0008818	HGNC:3604	biolink:causes	1
0.99874395	MONDO:0008818	HGNC:7944	biolink:causes	1
0.9792044	MONDO:0008818	HGNC:11772	biolink:causes	1
0.9982114	MONDO:0008818	HGNC:19880	biolink:causes	1
0.78979	MONDO:0008834	HGNC:11599	biolink:causes	1
0.4515376	MONDO:0008846	HGNC:11740	biolink:gene_associated_with_condition	1
0.9001123	MONDO:0008854	HGNC:13210	biolink:contributes_to	1
0.9997205	MONDO:0008854	HGNC:966	biolink:causes	1
0.962415	MONDO:0008858	HGNC:8140	biolink:gene_associated_with_condition	1
0.984962	MONDO:0008862	HGNC:6937	biolink:causes	1
0.99808073	MONDO:0008919	HGNC:10969	biolink:causes	1
0.9941631	MONDO:0008931	HGNC:6696	biolink:causes	1
0.9981945	MONDO:0008963	HGNC:1968	biolink:causes	1
0.9999901	MONDO:0008995	HGNC:16873	biolink:gene_associated_with_condition	1
0.99371237	MONDO:0009007	HGNC:105	biolink:causes	1
0.9611822	MONDO:0009019	HGNC:16438	biolink:causes	1
0.87092775	MONDO:0009031	HGNC:17321	biolink:gene_associated_with_condition	1
0.8912567	MONDO:0009039	HGNC:9949	biolink:gene_associated_with_condition	1
0.23898724	MONDO:0009055	HGNC:24048	biolink:gene_associated_with_condition	1
0.9998369	MONDO:0009079	HGNC:29203	biolink:gene_associated_with_condition	1
0.96128285	MONDO:0009091	HGNC:6595	biolink:causes	1
0.99879116	MONDO:0009107	HGNC:10994	biolink:causes	1
0.99566394	MONDO:0009115	HGNC:6530	biolink:causes	1
0.99925226	MONDO:0009135	HGNC:1713	biolink:causes	1
0.99992716	MONDO:0009143	HGNC:8487	biolink:causes	1
0.9956968	MONDO:0009151	HGNC:9706	biolink:gene_associated_with_condition	1
0.97787184	MONDO:0009159	HGNC:2198	biolink:gene_associated_with_condition	1
0.9528593	MONDO:0009211	HGNC:3544	biolink:causes	1
0.9528593	MONDO:0009211	HGNC:3544	biolink:gene_associated_with_condition	1
0.9999739	MONDO:0009215	HGNC:3583	biolink:causes	1
0.9926609	MONDO:0009215	HGNC:3586	biolink:causes	1
0.9999895	MONDO:0009215	HGNC:3587	biolink:causes	1
0.99996996	MONDO:0009223	HGNC:6584	biolink:gene_associated_with_condition	1
0.9296031	MONDO:0009231	HGNC:1077	biolink:gene_associated_with_condition	1
0.7351016	MONDO:0009235	HGNC:9038	biolink:gene_associated_with_condition	1
0.7736895	MONDO:0009255	HGNC:4118	biolink:gene_associated_with_condition	1
0.8970436	MONDO:0009271	HGNC:9721	biolink:gene_associated_with_condition	1
0.81994975	MONDO:0009279	HGNC:25751	biolink:gene_associated_with_condition	1
0.94828826	MONDO:0009279	HGNC:13666	biolink:causes	1
0.9934369	MONDO:0009283	HGNC:16001	biolink:gene_associated_with_condition	1
0.8946627	MONDO:0009315	HGNC:3530	biolink:causes	1
0.62252873	MONDO:0009339	HGNC:388	biolink:causes	1
0.62252873	MONDO:0009339	HGNC:388	biolink:gene_associated_with_condition	1
0.9366985	MONDO:0009359	HGNC:1161	biolink:gene_associated_with_condition	1
0.99128026	MONDO:0009379	HGNC:10961	biolink:gene_associated_with_condition	1
0.9988689	MONDO:0009411	HGNC:360	biolink:gene_associated_with_condition	1
0.99969923	MONDO:0009419	HGNC:25784	biolink:causes	1
0.9998914	MONDO:0009431	HGNC:20305	biolink:causes	1
0.93896055	MONDO:0009451	HGNC:12765	biolink:gene_associated_with_condition	1
0.5780511	MONDO:0009459	HGNC:10582	biolink:gene_associated_with_condition	1
0.99677175	MONDO:0009459	HGNC:10597	biolink:causes	1
0.96944773	MONDO:0009475	HGNC:6186	biolink:causes	1
0.9999037	MONDO:0009495	HGNC:7060	biolink:causes	1
0.9999037	MONDO:0009495	HGNC:7060	biolink:gene_associated_with_condition	1
0.9701119	MONDO:0009503	HGNC:21350	biolink:gene_associated_with_condition	1
0.9974916	MONDO:0009544	HGNC:21066	biolink:causes	1
0.89773524	MONDO:0009624	HGNC:16691	biolink:gene_associated_with_condition	1
0.9948198	MONDO:0009624	HGNC:18127	biolink:causes	1
0.99568	MONDO:0009636	HGNC:2858	biolink:causes	1
0.99568	MONDO:0009636	HGNC:2858	biolink:gene_associated_with_condition	1
0.9032169	MONDO:0009664	HGNC:7523	biolink:gene_associated_with_condition	1
0.14789946	MONDO:0009672	HGNC:7634	biolink:gene_associated_with_condition	1
0.99227315	MONDO:0009708	HGNC:7577	biolink:causes	1
0.99227315	MONDO:0009708	HGNC:7577	biolink:gene_associated_with_condition	1
0.22197314	MONDO:0009728	HGNC:13202	biolink:gene_associated_with_condition	1
0.56830233	MONDO:0009728	HGNC:29536	biolink:gene_associated_with_condition	1
0.9821899	MONDO:0009736	HGNC:8923	biolink:gene_associated_with_condition	1
0.8039283	MONDO:0009760	HGNC:6217	biolink:gene_associated_with_condition	1
0.9645882	MONDO:0009776	HGNC:11490	biolink:causes	1
0.90010124	MONDO:0009796	HGNC:8091	biolink:gene_associated_with_condition	1
0.9764421	MONDO:0009804	HGNC:19316	biolink:gene_associated_with_condition	1
0.9773812	MONDO:0009804	HGNC:12774	biolink:gene_associated_with_condition	1
0.9904327	MONDO:0009804	HGNC:18169	biolink:gene_associated_with_condition	1
0.9728578	MONDO:0009804	HGNC:15455	biolink:gene_associated_with_condition	1
0.9845803	MONDO:0009804	HGNC:2379	biolink:gene_associated_with_condition	1
0.99218965	MONDO:0009820	HGNC:6597	biolink:causes	1
0.9947995	MONDO:0009820	HGNC:26887	biolink:causes	1
0.99965405	MONDO:0009820	HGNC:3054	biolink:causes	1
0.99647766	MONDO:0009820	HGNC:6305	biolink:causes	1
0.99666226	MONDO:0009820	HGNC:19316	biolink:causes	1
0.9846031	MONDO:0009820	HGNC:8548	biolink:causes	1
0.9977316	MONDO:0009820	HGNC:26185	biolink:causes	1
0.9977192	MONDO:0009820	HGNC:10706	biolink:causes	1
0.9939475	MONDO:0009820	HGNC:12776	biolink:causes	1
0.93893975	MONDO:0009872	HGNC:1020	biolink:gene_associated_with_condition	1
0.71397734	MONDO:0009892	HGNC:12687	biolink:gene_associated_with_condition	1
0.8891479	MONDO:0009904	HGNC:2027	biolink:gene_associated_with_condition	1
0.65835977	MONDO:0009928	HGNC:11020	biolink:causes	1
0.7885255	MONDO:0009960	HGNC:5331	biolink:contributes_to	1
0.9702463	MONDO:0010000	HGNC:17296	biolink:causes	1
0.9690652	MONDO:0010028	HGNC:23657	biolink:gene_associated_with_condition	1
0.63921	MONDO:0010053	HGNC:11272	biolink:causes	1
0.9986994	MONDO:0010077	HGNC:2731	biolink:gene_associated_with_condition	1
0.99869835	MONDO:0010089	HGNC:11460	biolink:gene_associated_with_condition	1
0.968681	MONDO:0010133	HGNC:12015	biolink:causes	1
0.9933216	MONDO:0010169	HGNC:26257	biolink:contributes_to	1
0.98407793	MONDO:0010169	HGNC:12601	biolink:causes	1
0.99884915	MONDO:0010185	HGNC:25221	biolink:gene_associated_with_condition	1
0.9163418	MONDO:0010214	HGNC:9181	biolink:causes	1
0.9993148	MONDO:0010246	HGNC:14270	biolink:gene_associated_with_condition	1
0.99988866	MONDO:0010250	HGNC:2022	biolink:causes	1
0.99988866	MONDO:0010250	HGNC:2022	biolink:gene_associated_with_condition	1
0.9213088	MONDO:0010258	HGNC:3267	biolink:causes	1
0.9998317	MONDO:0010278	HGNC:11079	biolink:causes	1
0.88825184	MONDO:0010286	HGNC:20672	biolink:causes	1
0.9107286	MONDO:0010294	HGNC:12731	biolink:gene_associated_with_condition	1
0.9999776	MONDO:0010310	HGNC:26837	biolink:causes	1
0.7771809	MONDO:0010350	HGNC:2877	biolink:causes	1
0.9968064	MONDO:0010362	HGNC:8925	biolink:gene_associated_with_condition	1
0.99009	MONDO:0010435	HGNC:20145	biolink:causes	1
0.97416764	MONDO:0010443	HGNC:10295	biolink:causes	1
0.9669854	MONDO:0010455	HGNC:28880	biolink:causes	1
1.0	MONDO:0010483	HGNC:29433	biolink:causes	1
0.6354473	MONDO:0010495	HGNC:12974	biolink:causes	1
0.55885655	MONDO:0010503	HGNC:16353	biolink:gene_associated_with_condition	1
0.80862546	MONDO:0010511	HGNC:4516	biolink:causes	1
0.99653876	MONDO:0010515	HGNC:1044	biolink:causes	1
0.99848676	MONDO:0010524	HGNC:48	biolink:causes	1
0.8965383	MONDO:0010544	HGNC:7820	biolink:causes	1
0.7750038	MONDO:0010580	HGNC:6106	biolink:causes	1
0.99999976	MONDO:0010592	HGNC:17652	biolink:causes	1
0.99999976	MONDO:0010592	HGNC:17652	biolink:gene_associated_with_condition	1
0.9993741	MONDO:0010626	HGNC:11935	biolink:gene_associated_with_condition	1
0.9925464	MONDO:0010702	HGNC:2567	biolink:gene_associated_with_condition	1
0.9995621	MONDO:0010758	HGNC:24931	biolink:gene_associated_with_condition	1
0.95347327	MONDO:0010799	HGNC:7497	biolink:causes	1
0.9957379	MONDO:0010803	HGNC:9608	biolink:gene_associated_with_condition	1
0.7443965	MONDO:0010823	HGNC:327	biolink:gene_associated_with_condition	1
0.99407697	MONDO:0010839	HGNC:18083	biolink:causes	1
0.99407697	MONDO:0010839	HGNC:18083	biolink:gene_associated_with_condition	1
0.99911934	MONDO:0010907	HGNC:11708	biolink:gene_associated_with_condition	1
0.48905644	MONDO:0010911	HGNC:358	biolink:gene_associated_with_condition	1
0.23202229	MONDO:0010911	HGNC:7010	biolink:gene_associated_with_condition	1
0.9541186	MONDO:0010947	HGNC:3542	biolink:gene_associated_with_condition	1
0.8041136	MONDO:0010947	HGNC:6192	biolink:gene_associated_with_condition	1
0.999995	MONDO:0010959	HGNC:19869	biolink:gene_associated_with_condition	1
0.77118087	MONDO:0010963	HGNC:12762	biolink:causes	1
0.8850074	MONDO:0011003	HGNC:10593	biolink:causes	1
0.99991167	MONDO:0011113	HGNC:29427	biolink:gene_associated_with_condition	1
0.97967863	MONDO:0011125	HGNC:3434	biolink:causes	1
0.63863105	MONDO:0011165	HGNC:3778	biolink:causes	1
0.9799785	MONDO:0011169	HGNC:20330	biolink:gene_associated_with_condition	1
0.9983277	MONDO:0011181	HGNC:691	biolink:causes	1
0.9761997	MONDO:0011185	HGNC:11771	biolink:gene_associated_with_condition	1
0.99859697	MONDO:0011213	HGNC:29529	biolink:causes	1
0.99712545	MONDO:0011217	HGNC:2859	biolink:causes	1
0.99993217	MONDO:0011229	HGNC:23287	biolink:causes	1
0.33025333	MONDO:0011237	HGNC:12593	biolink:contributes_to	1
0.99978024	MONDO:0011273	HGNC:23096	biolink:causes	1
0.99978024	MONDO:0011273	HGNC:23096	biolink:gene_associated_with_condition	1
0.21752064	MONDO:0011285	HGNC:613	biolink:contributes_to	1
0.46347257	MONDO:0011285	HGNC:4888	biolink:contributes_to	1
0.99982196	MONDO:0011301	HGNC:24872	biolink:causes	1
0.37072334	MONDO:0011361	HGNC:3393	biolink:contributes_to	1
0.99069244	MONDO:0011398	HGNC:2214	biolink:gene_associated_with_condition	1
0.8978493	MONDO:0011411	HGNC:29501	biolink:causes	1
0.8978493	MONDO:0011411	HGNC:29501	biolink:gene_associated_with_condition	1
0.987899	MONDO:0011431	HGNC:3603	biolink:causes	1
0.65229875	MONDO:0011439	HGNC:9305	biolink:causes	1
0.65229875	MONDO:0011439	HGNC:9305	biolink:gene_associated_with_condition	1
0.686068	MONDO:0011459	HGNC:28472	biolink:causes	1
0.98808473	MONDO:0011475	HGNC:2135	biolink:gene_associated_with_condition	1
0.972725	MONDO:0011519	HGNC:10887	biolink:causes	1
0.9694648	MONDO:0011523	HGNC:7108	biolink:causes	1
0.9731957	MONDO:0011527	HGNC:3239	biolink:gene_associated_with_condition	1
0.56516236	MONDO:0011547	HGNC:16171	biolink:causes	1
0.99507797	MONDO:0011579	HGNC:14344	biolink:gene_associated_with_condition	1
0.91119	MONDO:0011603	HGNC:23657	biolink:causes	1
0.99474597	MONDO:0011631	HGNC:10909	biolink:gene_associated_with_condition	1
0.88698095	MONDO:0011667	HGNC:6107	biolink:causes	1
0.5647893	MONDO:0011743	HGNC:613	biolink:causes	1
0.9995784	MONDO:0011783	HGNC:19358	biolink:causes	1
0.99753547	MONDO:0011787	HGNC:17997	biolink:gene_associated_with_condition	1
0.9993498	MONDO:0011811	HGNC:23595	biolink:gene_associated_with_condition	1
0.96905744	MONDO:0011819	HGNC:6239	biolink:gene_associated_with_condition	1
0.8120938	MONDO:0011823	HGNC:132	biolink:gene_associated_with_condition	1
0.9962947	MONDO:0011839	HGNC:10024	biolink:causes	1
0.97821563	MONDO:0011855	HGNC:11771	biolink:causes	1
0.9997557	MONDO:0011907	HGNC:5956	biolink:causes	1
0.9853446	MONDO:0011911	HGNC:10701	biolink:causes	1
0.9621775	MONDO:0011935	HGNC:3960	biolink:causes	1
0.99985003	MONDO:0011939	HGNC:124	biolink:causes	1
0.16351983	MONDO:0011959	HGNC:9658	biolink:gene_associated_with_condition	1
0.93207026	MONDO:0011971	HGNC:12572	biolink:gene_associated_with_condition	1
0.4484603	MONDO:0011975	HGNC:2907	biolink:gene_associated_with_condition	1
0.9829161	MONDO:0012019	HGNC:319	biolink:gene_associated_with_condition	1
0.8562952	MONDO:0012039	HGNC:6700	biolink:contributes_to	1
0.93661124	MONDO:0012039	HGNC:4312	biolink:contributes_to	1
0.9722014	MONDO:0012039	HGNC:6709	biolink:contributes_to	1
0.9569212	MONDO:0012039	HGNC:11934	biolink:contributes_to	1
0.9803854	MONDO:0012043	HGNC:11771	biolink:causes	1
0.9803854	MONDO:0012043	HGNC:11771	biolink:gene_associated_with_condition	1
0.78599554	MONDO:0012075	HGNC:904	biolink:causes	1
0.4891328	MONDO:0012091	HGNC:1718	biolink:causes	1
0.99659973	MONDO:0012123	HGNC:3005	biolink:gene_associated_with_condition	1
0.34763813	MONDO:0012127	HGNC:12403	biolink:causes	1
0.8893315	MONDO:0012143	HGNC:11005	biolink:gene_associated_with_condition	1
0.99618787	MONDO:0012163	HGNC:6024	biolink:causes	1
0.47170025	MONDO:0012183	HGNC:1773	biolink:contributes_to	1
0.8613495	MONDO:0012203	HGNC:12373	biolink:gene_associated_with_condition	1
0.9722713	MONDO:0012231	HGNC:16877	biolink:gene_associated_with_condition	1
0.9782286	MONDO:0012251	HGNC:559	biolink:causes	1
0.9908958	MONDO:0012271	HGNC:35126	biolink:causes	1
0.9842755	MONDO:0012287	HGNC:2200	biolink:causes	1
0.8881753	MONDO:0012291	HGNC:18153	biolink:causes	1
0.9867099	MONDO:0012295	HGNC:1331	biolink:causes	1
0.99213517	MONDO:0012299	HGNC:18121	biolink:causes	1
0.1699774	MONDO:0012395	HGNC:14673	biolink:causes	1
0.773091	MONDO:0012399	HGNC:30829	biolink:gene_associated_with_condition	1
0.9876366	MONDO:0012407	HGNC:30260	biolink:gene_associated_with_condition	1
0.70904666	MONDO:0012411	HGNC:24891	biolink:causes	1
0.91963005	MONDO:0012423	HGNC:21474	biolink:causes	1
0.999627	MONDO:0012483	HGNC:18286	biolink:causes	1
0.9105573	MONDO:0012519	HGNC:2348	biolink:gene_associated_with_condition	1
0.96550035	MONDO:0012527	HGNC:9006	biolink:causes	1
0.92208415	MONDO:0012531	HGNC:3435	biolink:causes	1
0.98608345	MONDO:0012539	HGNC:28396	biolink:causes	1
0.32002476	MONDO:0012559	HGNC:29796	biolink:causes	1
0.99983525	MONDO:0012563	HGNC:4318	biolink:causes	1
0.96708906	MONDO:0012607	HGNC:17020	biolink:contributes_to	1
0.9652659	MONDO:0012679	HGNC:29017	biolink:gene_associated_with_condition	1
0.97855204	MONDO:0012720	HGNC:9498	biolink:causes	1
0.99274796	MONDO:0012724	HGNC:22938	biolink:gene_associated_with_condition	1
0.6485946	MONDO:0012764	HGNC:26661	biolink:causes	1
0.9556253	MONDO:0012784	HGNC:16812	biolink:gene_associated_with_condition	1
0.97263306	MONDO:0012792	HGNC:17296	biolink:causes	1
0.8751541	MONDO:0012804	HGNC:2472	biolink:causes	1
0.97294915	MONDO:0012808	HGNC:164	biolink:causes	1
0.8615189	MONDO:0012812	HGNC:11444	biolink:gene_associated_with_condition	1
0.9781676	MONDO:0012816	HGNC:7939	biolink:causes	1
0.9980945	MONDO:0012864	HGNC:21637	biolink:gene_associated_with_condition	1
0.9074206	MONDO:0012868	HGNC:9456	biolink:causes	1
0.94158953	MONDO:0012901	HGNC:6371	biolink:causes	1
0.94158953	MONDO:0012901	HGNC:6371	biolink:gene_associated_with_condition	1
0.52844745	MONDO:0012925	HGNC:10345	biolink:causes	1
0.59419376	MONDO:0012953	HGNC:9175	biolink:contributes_to	1
0.886366	MONDO:0012989	HGNC:10879	biolink:causes	1
0.9977564	MONDO:0012997	HGNC:11957	biolink:gene_associated_with_condition	1
0.99942327	MONDO:0013005	HGNC:6256	biolink:causes	1
0.99354184	MONDO:0013021	HGNC:6000	biolink:gene_associated_with_condition	1
0.7616853	MONDO:0013033	HGNC:19309	biolink:causes	1
0.7547402	MONDO:0013061	HGNC:939	biolink:causes	1
0.9576546	MONDO:0013069	HGNC:25382	biolink:gene_associated_with_condition	1
0.9944829	MONDO:0013081	HGNC:6171	biolink:gene_associated_with_condition	1
0.7887034	MONDO:0013125	HGNC:8975	biolink:causes	1
0.7887034	MONDO:0013125	HGNC:8975	biolink:gene_associated_with_condition	1
0.99920565	MONDO:0013154	HGNC:19743	biolink:causes	1
0.97771215	MONDO:0013162	HGNC:19743	biolink:gene_associated_with_condition	1
0.86257154	MONDO:0013166	HGNC:23	biolink:gene_associated_with_condition	1
0.9999769	MONDO:0013170	HGNC:6717	biolink:causes	1
0.8813443	MONDO:0013178	HGNC:6636	biolink:causes	1
0.19875248	MONDO:0013182	HGNC:8574	biolink:gene_associated_with_condition	1
0.88597745	MONDO:0013186	HGNC:7989	biolink:causes	1
0.99900013	MONDO:0013190	HGNC:3534	biolink:causes	1
0.8890849	MONDO:0013198	HGNC:7576	biolink:causes	1
0.98700655	MONDO:0013214	HGNC:10906	biolink:causes	1
0.9958264	MONDO:0013218	HGNC:21641	biolink:causes	1
0.9906108	MONDO:0013222	HGNC:27337	biolink:gene_associated_with_condition	1
0.88394433	MONDO:0013286	HGNC:1701	biolink:causes	1
0.9894288	MONDO:0013342	HGNC:22197	biolink:gene_associated_with_condition	1
0.9773111	MONDO:0013350	HGNC:9179	biolink:causes	1
0.7056795	MONDO:0013354	HGNC:25532	biolink:gene_associated_with_condition	1
0.49075198	MONDO:0013386	HGNC:27375	biolink:causes	1
0.8024095	MONDO:0013390	HGNC:9069	biolink:gene_associated_with_condition	1
0.23933852	MONDO:0013398	HGNC:9508	biolink:causes	1
0.8166217	MONDO:0013427	HGNC:11362	biolink:gene_associated_with_condition	1
0.9646314	MONDO:0013431	HGNC:24576	biolink:causes	1
0.9998723	MONDO:0013463	HGNC:4214	biolink:causes	1
0.91357565	MONDO:0013475	HGNC:9080	biolink:causes	1
0.9153539	MONDO:0013512	HGNC:4823	biolink:gene_associated_with_condition	1
0.7992971	MONDO:0013512	HGNC:4824	biolink:causes	1
0.99960464	MONDO:0013529	HGNC:27365	biolink:causes	1
0.9684821	MONDO:0013533	HGNC:6619	biolink:gene_associated_with_condition	1
0.9874626	MONDO:0013553	HGNC:21143	biolink:causes	1
0.99344105	MONDO:0013561	HGNC:26019	biolink:causes	1
0.8161328	MONDO:0013589	HGNC:7599	biolink:causes	1
0.96303743	MONDO:0013634	HGNC:888	biolink:causes	1
0.99129957	MONDO:0013642	HGNC:17104	biolink:causes	1
0.9330888	MONDO:0013662	HGNC:18831	biolink:causes	1
1.0	MONDO:0013678	HGNC:31555	biolink:causes	1
1.0	MONDO:0013678	HGNC:31555	biolink:gene_associated_with_condition	1
0.9310997	MONDO:0013686	HGNC:1529	biolink:causes	1
0.69910777	MONDO:0013690	HGNC:8008	biolink:causes	1
0.99230945	MONDO:0013718	HGNC:18340	biolink:causes	1
0.87292343	MONDO:0013726	HGNC:2973	biolink:causes	1
0.8538804	MONDO:0013766	HGNC:9066	biolink:gene_associated_with_condition	1
0.99927443	MONDO:0013774	HGNC:23399	biolink:causes	1
0.58348835	MONDO:0013782	HGNC:2553	biolink:gene_associated_with_condition	1
0.8586213	MONDO:0013794	HGNC:6192	biolink:causes	1
0.9047196	MONDO:0013802	HGNC:118	biolink:gene_associated_with_condition	1
0.93073535	MONDO:0013842	HGNC:5208	biolink:causes	1
0.9931947	MONDO:0013862	HGNC:2336	biolink:causes	1
0.7504649	MONDO:0013874	HGNC:7863	biolink:causes	1
0.99980193	MONDO:0013890	HGNC:14153	biolink:gene_associated_with_condition	1
0.91847414	MONDO:0013926	HGNC:13831	biolink:causes	1
0.99965966	MONDO:0013938	HGNC:22965	biolink:causes	1
0.79284024	MONDO:0013946	HGNC:5201	biolink:contributes_to	1
0.86706394	MONDO:0013962	HGNC:24928	biolink:causes	1
0.86706394	MONDO:0013962	HGNC:24928	biolink:gene_associated_with_condition	1
0.5608478	MONDO:0013978	HGNC:23166	biolink:causes	1
0.94844705	MONDO:0013986	HGNC:21062	biolink:causes	1
0.94844705	MONDO:0013986	HGNC:21062	biolink:gene_associated_with_condition	1
0.9978817	MONDO:0013990	HGNC:8740	biolink:gene_associated_with_condition	1
0.9459894	MONDO:0014014	HGNC:30578	biolink:causes	1
0.9459894	MONDO:0014014	HGNC:30578	biolink:gene_associated_with_condition	1
0.9994199	MONDO:0014030	HGNC:26560	biolink:causes	1
0.917388	MONDO:0014034	HGNC:30778	biolink:causes	1
0.8506309	MONDO:0014042	HGNC:21086	biolink:causes	1
0.99747604	MONDO:0014070	HGNC:23405	biolink:causes	1
0.9095134	MONDO:0014074	HGNC:20731	biolink:gene_associated_with_condition	1
0.9947866	MONDO:0014082	HGNC:6006	biolink:gene_associated_with_condition	1
0.9760607	MONDO:0014086	HGNC:12774	biolink:causes	1
0.6975163	MONDO:0014094	HGNC:24592	biolink:causes	1
0.9941882	MONDO:0014098	HGNC:24229	biolink:causes	1
0.9269556	MONDO:0014118	HGNC:14579	biolink:causes	1
0.91990894	MONDO:0014122	HGNC:7883	biolink:causes	1
0.9733373	MONDO:0014138	HGNC:30372	biolink:causes	1
0.594652	MONDO:0014146	HGNC:4379	biolink:causes	1
0.66908246	MONDO:0014162	HGNC:16650	biolink:causes	1
0.9999999	MONDO:0014198	HGNC:13601	biolink:gene_associated_with_condition	1
0.9966053	MONDO:0014202	HGNC:12371	biolink:causes	1
0.79659504	MONDO:0014206	HGNC:6898	biolink:causes	1
0.8583138	MONDO:0014210	HGNC:494	biolink:gene_associated_with_condition	1
0.69202673	MONDO:0014218	HGNC:3052	biolink:gene_associated_with_condition	1
0.9354262	MONDO:0014218	HGNC:3048	biolink:causes	1
0.9354262	MONDO:0014218	HGNC:3048	biolink:gene_associated_with_condition	1
0.9474803	MONDO:0014222	HGNC:8977	biolink:causes	1
0.66338533	MONDO:0014230	HGNC:1343	biolink:causes	1
0.99567336	MONDO:0014238	HGNC:26262	biolink:gene_associated_with_condition	1
0.99998665	MONDO:0014242	HGNC:23109	biolink:causes	1
0.99870026	MONDO:0014258	HGNC:753	biolink:causes	1
0.7574242	MONDO:0014274	HGNC:3999	biolink:causes	1
0.7574242	MONDO:0014274	HGNC:3999	biolink:gene_associated_with_condition	1
0.94069105	MONDO:0014282	HGNC:17975	biolink:gene_associated_with_condition	1
0.8920515	MONDO:0014286	HGNC:24526	biolink:causes	1
0.9768282	MONDO:0014290	HGNC:29932	biolink:gene_associated_with_condition	1
0.40396875	MONDO:0014294	HGNC:12417	biolink:gene_associated_with_condition	1
0.68551165	MONDO:0014294	HGNC:17043	biolink:gene_associated_with_condition	1
0.9733226	MONDO:0014302	HGNC:16947	biolink:gene_associated_with_condition	1
0.9962059	MONDO:0014338	HGNC:6005	biolink:causes	1
0.9962059	MONDO:0014338	HGNC:6005	biolink:gene_associated_with_condition	1
0.731153	MONDO:0014346	HGNC:6415	biolink:causes	1
1.0	MONDO:0014358	HGNC:25230	biolink:causes	1
0.98526347	MONDO:0014386	HGNC:9879	biolink:causes	1
0.94619924	MONDO:0014398	HGNC:30740	biolink:causes	1
0.94619924	MONDO:0014398	HGNC:30740	biolink:gene_associated_with_condition	1
0.99065137	MONDO:0014406	HGNC:23734	biolink:causes	1
0.9974553	MONDO:0014434	HGNC:970	biolink:causes	1
0.58876926	MONDO:0014450	HGNC:9670	biolink:causes	1
0.99180835	MONDO:0014466	HGNC:19129	biolink:causes	1
0.99180835	MONDO:0014466	HGNC:19129	biolink:gene_associated_with_condition	1
0.9929883	MONDO:0014474	HGNC:37276	biolink:causes	1
0.86451316	MONDO:0014490	HGNC:10922	biolink:causes	1
0.6661652	MONDO:0014494	HGNC:18971	biolink:contributes_to	1
0.61712086	MONDO:0014502	HGNC:4053	biolink:causes	1
0.70835805	MONDO:0014506	HGNC:9870	biolink:gene_associated_with_condition	1
0.98180985	MONDO:0014510	HGNC:26222	biolink:causes	1
0.9267061	MONDO:0014518	HGNC:23657	biolink:gene_associated_with_condition	1
0.7901996	MONDO:0014518	HGNC:9382	biolink:causes	1
0.9957644	MONDO:0014522	HGNC:12406	biolink:causes	1
0.9963497	MONDO:0014530	HGNC:4576	biolink:gene_associated_with_condition	1
0.9273948	MONDO:0014550	HGNC:1445	biolink:causes	1
0.7082538	MONDO:0014566	HGNC:6898	biolink:causes	1
0.9169361	MONDO:0014570	HGNC:237	biolink:causes	1
0.9803756	MONDO:0014574	HGNC:1515	biolink:causes	1
0.98669076	MONDO:0014586	HGNC:1966	biolink:causes	1
0.9117535	MONDO:0014602	HGNC:9312	biolink:gene_associated_with_condition	1
0.9997925	MONDO:0014606	HGNC:18801	biolink:causes	1
0.9466388	MONDO:0014622	HGNC:18084	biolink:gene_associated_with_condition	1
0.5394759	MONDO:0014622	HGNC:6423	biolink:gene_associated_with_condition	1
0.88584703	MONDO:0014630	HGNC:8028	biolink:gene_associated_with_condition	1
0.9552849	MONDO:0014646	HGNC:854	biolink:causes	1
0.98880565	MONDO:0014654	HGNC:2188	biolink:causes	1
0.98676634	MONDO:0014658	HGNC:3690	biolink:gene_associated_with_condition	1
0.9999378	MONDO:0014662	HGNC:13997	biolink:causes	1
0.99992776	MONDO:0014670	HGNC:13841	biolink:causes	1
0.599573	MONDO:0014682	HGNC:4798	biolink:contributes_to	1
0.997563	MONDO:0014686	HGNC:12831	biolink:causes	1
0.9249932	MONDO:0014710	HGNC:10260	biolink:gene_associated_with_condition	1
0.9968348	MONDO:0014718	HGNC:13818	biolink:causes	1
0.756994	MONDO:0014738	HGNC:6343	biolink:causes	1
0.6289435	MONDO:0014742	HGNC:21645	biolink:causes	1
0.9993709	MONDO:0014754	HGNC:2244	biolink:causes	1
0.9910711	MONDO:0014766	HGNC:29515	biolink:causes	1
0.9280179	MONDO:0014802	HGNC:10702	biolink:causes	1
0.9554274	MONDO:0014822	HGNC:7001	biolink:gene_associated_with_condition	1
0.992837	MONDO:0014830	HGNC:32689	biolink:causes	1
0.97310007	MONDO:0014875	HGNC:1395	biolink:causes	1
0.87092334	MONDO:0014883	HGNC:3756	biolink:causes	1
0.9994211	MONDO:0014887	HGNC:27030	biolink:causes	1
0.97574615	MONDO:0014899	HGNC:2858	biolink:causes	1
0.97574615	MONDO:0014899	HGNC:2858	biolink:gene_associated_with_condition	1
0.99897254	MONDO:0014927	HGNC:24123	biolink:causes	1
0.82463217	MONDO:0014943	HGNC:11741	biolink:causes	1
0.9871525	MONDO:0014947	HGNC:4588	biolink:causes	1
0.9860358	MONDO:0014963	HGNC:23805	biolink:gene_associated_with_condition	1
0.99562114	MONDO:0014991	HGNC:26513	biolink:causes	1
0.91882426	MONDO:0014995	HGNC:29853	biolink:causes	1
0.9995838	MONDO:0015003	HGNC:19691	biolink:gene_associated_with_condition	1
0.9711474	MONDO:0015007	HGNC:29508	biolink:causes	1
0.90152353	MONDO:0015096	HGNC:3662	biolink:gene_associated_with_condition	1
0.89839154	MONDO:0015096	HGNC:3694	biolink:gene_associated_with_condition	1
0.9157143	MONDO:0015519	HGNC:3259	biolink:gene_associated_with_condition	1
0.9069967	MONDO:0015519	HGNC:3260	biolink:gene_associated_with_condition	1
0.7898066	MONDO:0015555	HGNC:6342	biolink:gene_associated_with_condition	1
0.98179436	MONDO:0015631	HGNC:12726	biolink:gene_associated_with_condition	1
0.12801117	MONDO:0015635	HGNC:4284	biolink:gene_associated_with_condition	1
0.9741675	MONDO:0015800	HGNC:6697	biolink:gene_associated_with_condition	1
0.99474406	MONDO:0016002	HGNC:9081	biolink:causes	1
0.9583975	MONDO:0016103	HGNC:27337	biolink:gene_associated_with_condition	1
0.7335863	MONDO:0016281	HGNC:7983	biolink:gene_associated_with_condition	1
0.9837946	MONDO:0016281	HGNC:11311	biolink:gene_associated_with_condition	1
0.93973	MONDO:0016309	HGNC:7897	biolink:gene_associated_with_condition	1
0.79786515	MONDO:0016369	HGNC:9949	biolink:causes	1
0.94119316	MONDO:0016461	HGNC:14234	biolink:gene_associated_with_condition	1
0.91074103	MONDO:0016598	HGNC:1093	biolink:gene_associated_with_condition	1
0.95449436	MONDO:0016606	HGNC:438	biolink:gene_associated_with_condition	1
0.23637249	MONDO:0016672	HGNC:4831	biolink:gene_associated_with_condition	1
0.76180637	MONDO:0016672	HGNC:4827	biolink:gene_associated_with_condition	1
0.90884113	MONDO:0016692	HGNC:9829	biolink:gene_associated_with_condition	1
0.9317414	MONDO:0016692	HGNC:22219	biolink:gene_associated_with_condition	1
0.9202606	MONDO:0016692	HGNC:1097	biolink:gene_associated_with_condition	1
0.81831414	MONDO:0016780	HGNC:14575	biolink:gene_associated_with_condition	1
0.996949	MONDO:0016856	HGNC:14881	biolink:gene_associated_with_condition	1
0.8066591	MONDO:0017051	HGNC:987	biolink:gene_associated_with_condition	1
0.9402897	MONDO:0017111	HGNC:7821	biolink:gene_associated_with_condition	1
0.8218973	MONDO:0017223	HGNC:9086	biolink:gene_associated_with_condition	1
0.9881131	MONDO:0017283	HGNC:17327	biolink:gene_associated_with_condition	1
0.97184813	MONDO:0017360	HGNC:7526	biolink:gene_associated_with_condition	1
0.14258943	MONDO:0017376	HGNC:4932	biolink:gene_associated_with_condition	1
0.74482244	MONDO:0017696	HGNC:4180	biolink:gene_associated_with_condition	1
0.9929397	MONDO:0017732	HGNC:6826	biolink:gene_associated_with_condition	1
0.1672297	MONDO:0017844	HGNC:11917	biolink:gene_associated_with_condition	1
0.7893302	MONDO:0017940	HGNC:6323	biolink:gene_associated_with_condition	1
0.96257883	MONDO:0018000	HGNC:11795	biolink:gene_associated_with_condition	1
0.15687916	MONDO:0018092	HGNC:4948	biolink:gene_associated_with_condition	1
0.971377	MONDO:0018112	HGNC:450	biolink:gene_associated_with_condition	1
0.8279495	MONDO:0018136	HGNC:12442	biolink:gene_associated_with_condition	1
0.891771	MONDO:0018144	HGNC:4241	biolink:gene_associated_with_condition	1
0.8501551	MONDO:0018256	HGNC:2348	biolink:gene_associated_with_condition	1
0.99510753	MONDO:0018264	HGNC:20611	biolink:causes	1
0.8658697	MONDO:0018280	HGNC:2666	biolink:gene_associated_with_condition	1
0.7367636	MONDO:0018324	HGNC:2505	biolink:gene_associated_with_condition	1
0.49486598	MONDO:0018328	HGNC:18640	biolink:gene_associated_with_condition	1
0.14465648	MONDO:0018328	HGNC:20001	biolink:gene_associated_with_condition	1
0.7805148	MONDO:0018328	HGNC:13887	biolink:gene_associated_with_condition	1
0.83476716	MONDO:0018332	HGNC:3481	biolink:gene_associated_with_condition	1
0.95917565	MONDO:0018332	HGNC:3483	biolink:gene_associated_with_condition	1
0.98586977	MONDO:0018336	HGNC:5466	biolink:gene_associated_with_condition	1
0.85402286	MONDO:0018393	HGNC:15805	biolink:gene_associated_with_condition	1
0.9676779	MONDO:0018393	HGNC:26535	biolink:gene_associated_with_condition	1
0.8983206	MONDO:0018393	HGNC:25062	biolink:gene_associated_with_condition	1
0.9093904	MONDO:0018393	HGNC:11737	biolink:gene_associated_with_condition	1
0.91721326	MONDO:0018393	HGNC:26047	biolink:gene_associated_with_condition	1
0.87586796	MONDO:0018393	HGNC:28569	biolink:gene_associated_with_condition	1
0.9267824	MONDO:0018393	HGNC:18130	biolink:gene_associated_with_condition	1
0.16190998	MONDO:0018417	HGNC:30914	biolink:gene_associated_with_condition	1
0.8280552	MONDO:0018421	HGNC:17168	biolink:gene_associated_with_condition	1
0.686832	MONDO:0018742	HGNC:819	biolink:gene_associated_with_condition	1
0.91525453	MONDO:0018758	HGNC:11743	biolink:gene_associated_with_condition	1
0.97404623	MONDO:0019016	HGNC:7493	biolink:gene_associated_with_condition	1
0.95557946	MONDO:0019032	HGNC:11199	biolink:gene_associated_with_condition	1
0.9275859	MONDO:0019113	HGNC:1388	biolink:gene_associated_with_condition	1
0.48911163	MONDO:0019157	HGNC:25941	biolink:gene_associated_with_condition	1
0.9363024	MONDO:0019325	HGNC:4379	biolink:gene_associated_with_condition	1
0.43450356	MONDO:0019333	HGNC:59	biolink:gene_associated_with_condition	1
0.99979967	MONDO:0019349	HGNC:14234	biolink:causes	1
0.99979967	MONDO:0019349	HGNC:14234	biolink:gene_associated_with_condition	1
0.14080968	MONDO:0019373	HGNC:3508	biolink:gene_associated_with_condition	1
0.96351564	MONDO:0019409	HGNC:12774	biolink:gene_associated_with_condition	1
0.87667423	MONDO:0019505	HGNC:30074	biolink:gene_associated_with_condition	1
0.8334131	MONDO:0019505	HGNC:30348	biolink:gene_associated_with_condition	1
0.44520852	MONDO:0019549	HGNC:16877	biolink:gene_associated_with_condition	1
0.9495941	MONDO:0019569	HGNC:3436	biolink:gene_associated_with_condition	1
0.9916078	MONDO:0019569	HGNC:3438	biolink:gene_associated_with_condition	1
0.9988953	MONDO:0019569	HGNC:3439	biolink:gene_associated_with_condition	1
0.54885995	MONDO:0019597	HGNC:2570	biolink:gene_associated_with_condition	1
0.97628456	MONDO:0019669	HGNC:2200	biolink:gene_associated_with_condition	1
0.9416982	MONDO:0019769	HGNC:9330	biolink:gene_associated_with_condition	1
0.52102774	MONDO:0019921	HGNC:9046	biolink:gene_associated_with_condition	1
0.90778905	MONDO:0019981	HGNC:11630	biolink:gene_associated_with_condition	1
0.96234995	MONDO:0020375	HGNC:2411	biolink:gene_associated_with_condition	1
0.49970132	MONDO:0020492	HGNC:3942	biolink:gene_associated_with_condition	1
0.88308674	MONDO:0020492	HGNC:8975	biolink:gene_associated_with_condition	1
0.9576411	MONDO:0020512	HGNC:5056	biolink:gene_associated_with_condition	1
0.94467443	MONDO:0020512	HGNC:7545	biolink:gene_associated_with_condition	1
0.7678748	MONDO:0020512	HGNC:12271	biolink:gene_associated_with_condition	1
0.78964233	MONDO:0020512	HGNC:1014	biolink:gene_associated_with_condition	1
0.892399	MONDO:0020512	HGNC:12252	biolink:gene_associated_with_condition	1
0.9457809	MONDO:0020512	HGNC:16063	biolink:gene_associated_with_condition	1
0.66656864	MONDO:0020512	HGNC:15514	biolink:gene_associated_with_condition	1
0.9315326	MONDO:0020628	HGNC:11992	biolink:causes	1
0.5519979	MONDO:0020705	HGNC:15511	biolink:causes	1
0.32765695	MONDO:0020705	HGNC:15512	biolink:contributes_to	1
0.95632845	MONDO:0020717	HGNC:28929	biolink:causes	1
0.8900227	MONDO:0020721	HGNC:397	biolink:causes	1
0.926398	MONDO:0020737	HGNC:18647	biolink:causes	1
0.9858614	MONDO:0020745	HGNC:6229	biolink:causes	1
0.90510607	MONDO:0020745	HGNC:2488	biolink:causes	1
0.96867174	MONDO:0020745	HGNC:10446	biolink:causes	1
0.9869059	MONDO:0020745	HGNC:11949	biolink:causes	1
0.9946523	MONDO:0020745	HGNC:10593	biolink:causes	1
0.99198806	MONDO:0020745	HGNC:11167	biolink:causes	1
0.9851023	MONDO:0020745	HGNC:19661	biolink:causes	1
0.9788623	MONDO:0020745	HGNC:17993	biolink:causes	1
0.95442724	MONDO:0020745	HGNC:493	biolink:causes	1
0.99700564	MONDO:0020745	HGNC:6251	biolink:causes	1
0.8766091	MONDO:0020745	HGNC:6501	biolink:causes	1
0.95320576	MONDO:0020745	HGNC:494	biolink:causes	1
0.8559534	MONDO:0020745	HGNC:1449	biolink:causes	1
0.9408223	MONDO:0020749	HGNC:17761	biolink:causes	1
0.999814	MONDO:0020765	HGNC:7225	biolink:causes	1
0.21283692	MONDO:0020769	HGNC:3373	biolink:causes	1
0.72856903	MONDO:0020785	HGNC:3395	biolink:causes	1
0.80994964	MONDO:0020789	HGNC:8104	biolink:causes	1
0.6959841	MONDO:0020855	HGNC:27845	biolink:causes	1
0.9962662	MONDO:0024455	HGNC:12784	biolink:causes	1
0.99854636	MONDO:0024455	HGNC:3084	biolink:causes	1
0.957022	MONDO:0024550	HGNC:3754	biolink:causes	1
0.9102831	MONDO:0024562	HGNC:10593	biolink:causes	1
0.98532677	MONDO:0024570	HGNC:4198	biolink:causes	1
0.7126383	MONDO:0026404	HGNC:12810	biolink:causes	1
0.5590848	MONDO:0026768	HGNC:3551	biolink:contributes_to	1
0.9998721	MONDO:0029134	HGNC:27089	biolink:causes	1
0.9998721	MONDO:0029134	HGNC:27089	biolink:gene_associated_with_condition	1
0.8948261	MONDO:0030025	HGNC:226	biolink:causes	1
0.98865837	MONDO:0030037	HGNC:8965	biolink:causes	1
0.9740864	MONDO:0030048	HGNC:2321	biolink:gene_associated_with_condition	1
0.9980076	MONDO:0030054	HGNC:25536	biolink:causes	1
0.99951255	MONDO:0030066	HGNC:28672	biolink:causes	1
0.8975041	MONDO:0030071	HGNC:6320	biolink:causes	1
0.9636157	MONDO:0030105	HGNC:24063	biolink:gene_associated_with_condition	1
0.8438712	MONDO:0030258	HGNC:9260	biolink:causes	1
0.98626107	MONDO:0030281	HGNC:7720	biolink:causes	1
0.46338332	MONDO:0030313	HGNC:32621	biolink:contributes_to	1
0.7841028	MONDO:0030334	HGNC:15594	biolink:contributes_to	1
0.8445095	MONDO:0030361	HGNC:30860	biolink:causes	1
0.994701	MONDO:0030455	HGNC:1361	biolink:causes	1
0.92023426	MONDO:0030462	HGNC:21424	biolink:causes	1
0.62454975	MONDO:0030490	HGNC:31704	biolink:causes	1
0.9998448	MONDO:0030505	HGNC:21495	biolink:causes	1
0.9688393	MONDO:0030534	HGNC:11623	biolink:causes	1
0.3678946	MONDO:0030690	HGNC:10289	biolink:causes	1
0.99248695	MONDO:0030714	HGNC:26185	biolink:causes	1
0.96831495	MONDO:0030724	HGNC:13552	biolink:causes	1
0.9943457	MONDO:0030730	HGNC:4785	biolink:causes	1
0.9578417	MONDO:0030787	HGNC:26993	biolink:causes	1
0.9999839	MONDO:0030819	HGNC:20652	biolink:causes	1
0.86196464	MONDO:0030866	HGNC:10852	biolink:causes	1
0.43534815	MONDO:0030875	HGNC:1591	biolink:causes	1
0.9987237	MONDO:0030880	HGNC:7506	biolink:causes	1
0.9999975	MONDO:0030915	HGNC:23625	biolink:causes	1
0.9997012	MONDO:0030927	HGNC:14304	biolink:causes	1
0.9848337	MONDO:0030931	HGNC:24929	biolink:causes	1
0.9314255	MONDO:0030958	HGNC:25543	biolink:causes	1
0.890379	MONDO:0031006	HGNC:10680	biolink:causes	1
0.9864161	MONDO:0031057	HGNC:12441	biolink:causes	1
0.9793627	MONDO:0031084	HGNC:14530	biolink:causes	1
0.99990475	MONDO:0031481	HGNC:18550	biolink:causes	1
0.4182795	MONDO:0031481	HGNC:24877	biolink:gene_associated_with_condition	1
0.999553	MONDO:0032571	HGNC:29165	biolink:causes	1
0.96177727	MONDO:0032575	HGNC:12781	biolink:causes	1
0.8454512	MONDO:0032583	HGNC:29929	biolink:causes	1
0.48568216	MONDO:0032590	HGNC:3468	biolink:causes	1
0.86264586	MONDO:0032596	HGNC:10979	biolink:causes	1
0.98878956	MONDO:0032656	HGNC:6222	biolink:causes	1
0.9995521	MONDO:0032673	HGNC:19918	biolink:causes	1
0.6923081	MONDO:0032685	HGNC:4331	biolink:causes	1
0.999926	MONDO:0032705	HGNC:7437	biolink:causes	1
0.999926	MONDO:0032705	HGNC:7437	biolink:gene_associated_with_condition	1
0.7777107	MONDO:0032712	HGNC:14049	biolink:causes	1
0.9129746	MONDO:0032717	HGNC:13764	biolink:causes	1
0.9979061	MONDO:0032758	HGNC:6115	biolink:causes	1
0.9836488	MONDO:0032783	HGNC:17985	biolink:causes	1
0.9780586	MONDO:0032787	HGNC:7877	biolink:causes	1
0.9933606	MONDO:0032799	HGNC:9180	biolink:causes	1
0.94058657	MONDO:0032815	HGNC:16352	biolink:causes	1
0.99066484	MONDO:0032819	HGNC:12299	biolink:gene_associated_with_condition	1
0.98640466	MONDO:0032849	HGNC:17052	biolink:causes	1
0.9471982	MONDO:0032853	HGNC:164	biolink:causes	1
0.9629919	MONDO:0032874	HGNC:3816	biolink:causes	1
0.8678574	MONDO:0032882	HGNC:2978	biolink:causes	1
0.8678574	MONDO:0032882	HGNC:2978	biolink:gene_associated_with_condition	1
0.9989133	MONDO:0032886	HGNC:6284	biolink:gene_associated_with_condition	1
0.9684646	MONDO:0032894	HGNC:19943	biolink:causes	1
0.99979085	MONDO:0032898	HGNC:26293	biolink:causes	1
0.9966329	MONDO:0032906	HGNC:8756	biolink:causes	1
0.9966329	MONDO:0032906	HGNC:8756	biolink:gene_associated_with_condition	1
0.9999882	MONDO:0032922	HGNC:28313	biolink:causes	1
0.9655606	MONDO:0033012	HGNC:4286	biolink:causes	1
0.57995623	MONDO:0033047	HGNC:3424	biolink:causes	1
0.6721641	MONDO:0033115	HGNC:589	biolink:causes	1
0.93585724	MONDO:0033282	HGNC:28660	biolink:gene_associated_with_condition	1
0.9524019	MONDO:0033479	HGNC:4593	biolink:gene_associated_with_condition	1
0.9126173	MONDO:0033552	HGNC:4014	biolink:causes	1
0.9999641	MONDO:0033561	HGNC:6766	biolink:causes	1
0.9999641	MONDO:0033561	HGNC:6766	biolink:gene_associated_with_condition	1
0.99864656	MONDO:0033635	HGNC:2260	biolink:causes	1
0.9980422	MONDO:0034022	HGNC:2188	biolink:gene_associated_with_condition	1
0.6096538	MONDO:0035370	HGNC:437	biolink:gene_associated_with_condition	1
0.93982434	MONDO:0035555	HGNC:4173	biolink:gene_associated_with_condition	1
0.99948275	MONDO:0035651	HGNC:7133	biolink:gene_associated_with_condition	1
0.6644368	MONDO:0035706	HGNC:18420	biolink:gene_associated_with_condition	1
0.98226684	MONDO:0035819	HGNC:13488	biolink:causes	1
0.98226684	MONDO:0035819	HGNC:13488	biolink:gene_associated_with_condition	1
0.9752583	MONDO:0042979	HGNC:1397	biolink:causes	1
0.82300234	MONDO:0044273	HGNC:6285	biolink:contributes_to	1
0.9999534	MONDO:0044308	HGNC:27232	biolink:causes	1
0.636956	MONDO:0044320	HGNC:4922	biolink:causes	1
0.9991072	MONDO:0044328	HGNC:29239	biolink:causes	1
0.5136684	MONDO:0044626	HGNC:20773	biolink:gene_associated_with_condition	1
0.8126326	MONDO:0044638	HGNC:6062	biolink:gene_associated_with_condition	1
0.6680444	MONDO:0044638	HGNC:9588	biolink:gene_associated_with_condition	1
0.9200637	MONDO:0044638	HGNC:11905	biolink:gene_associated_with_condition	1
0.80860364	MONDO:0044660	HGNC:5286	biolink:causes	1
0.9955884	MONDO:0044696	HGNC:24284	biolink:gene_associated_with_condition	1
0.9956612	MONDO:0044726	HGNC:1329	biolink:gene_associated_with_condition	1
0.9930062	MONDO:0049222	HGNC:26239	biolink:causes	1
0.75186193	MONDO:0054601	HGNC:13733	biolink:contributes_to	1
0.9995704	MONDO:0054637	HGNC:15454	biolink:causes	1
0.93298477	MONDO:0054780	HGNC:11274	biolink:causes	1
0.89582497	MONDO:0060489	HGNC:7983	biolink:causes	1
0.99983335	MONDO:0060502	HGNC:9043	biolink:gene_associated_with_condition	1
0.9949125	MONDO:0060704	HGNC:25072	biolink:causes	1
0.2353978	MONDO:0100045	HGNC:18021	biolink:contributes_to	1
0.99948967	MONDO:0100102	HGNC:9863	biolink:causes	1
0.99026287	MONDO:0100186	HGNC:4193	biolink:gene_associated_with_condition	1
0.99954647	MONDO:0100218	HGNC:3098	biolink:causes	1
0.7906765	MONDO:0100294	HGNC:10680	biolink:causes	1
0.61708695	MONDO:0100294	HGNC:33867	biolink:gene_associated_with_condition	1
0.92320347	MONDO:0100340	HGNC:3951	biolink:causes	1
0.99194497	MONDO:0700090	HGNC:9957	biolink:causes	1
0.993276	MONDO:0700090	HGNC:6572	biolink:causes	1
0.8562198	MONDO:0700298	HGNC:25221	biolink:causes	1
0.7825238	MONDO:0700338	HGNC:25118	biolink:causes	1
0.99044776	MONDO:0800028	HGNC:236	biolink:causes	1
0.99044776	MONDO:0800028	HGNC:236	biolink:gene_associated_with_condition	1
0.67877364	MONDO:0800341	HGNC:12012	biolink:causes	1
0.67867273	MONDO:0800447	HGNC:11608	biolink:contributes_to	1
0.999015	MONDO:0859147	HGNC:21244	biolink:gene_associated_with_condition	1
0.9999746	MONDO:0859160	HGNC:20213	biolink:causes	1
0.9281105	MONDO:0859164	HGNC:30594	biolink:causes	1
0.9950865	MONDO:0859180	HGNC:29956	biolink:causes	1
0.99486464	MONDO:0859188	HGNC:2021	biolink:causes	1
0.92624927	MONDO:0859238	HGNC:600	biolink:causes	1
0.99367505	MONDO:0859246	HGNC:3607	biolink:causes	1
0.9736345	MONDO:0859250	HGNC:2326	biolink:causes	1
0.7966014	MONDO:0859328	HGNC:19903	biolink:causes	1
0.94536537	MONDO:0859340	HGNC:3671	biolink:causes	1
0.94536537	MONDO:0859340	HGNC:3671	biolink:gene_associated_with_condition	1
0.5015999	MONDO:0859369	HGNC:7776	biolink:causes	1
0.99810374	MONDO:0859520	HGNC:2261	biolink:causes	1
0.94949126	MONDO:0859568	HGNC:11891	biolink:causes	1
0.9999907	MONDO:0859572	HGNC:17111	biolink:causes	1
0.9797447	MONDO:0957268	HGNC:10993	biolink:causes	1
0.99957734	MONDO:0957284	HGNC:11948	biolink:causes	1
0.3515793	MONDO:0957303	HGNC:6412	biolink:causes	1
0.9757471	MONDO:0957572	HGNC:11795	biolink:causes	1
0.9965197	MONDO:0957588	HGNC:29877	biolink:causes	1
0.9258949	MONDO:0957815	HGNC:11273	biolink:causes	1
0.99981195	MONDO:0957922	HGNC:26383	biolink:causes	1
0.80561304	MONDO:0958071	HGNC:12630	biolink:causes	1
0.94938487	MONDO:0958129	HGNC:2244	biolink:gene_associated_with_condition	1
0.9447159	MONDO:0958182	HGNC:1241	biolink:causes	1
0.9996469	MONDO:0958194	HGNC:35123	biolink:causes	1
0.9803151	MONDO:0958226	HGNC:4982	biolink:causes	1
0.97962415	MONDO:0958242	HGNC:21099	biolink:causes	1
0.40127555	MONDO:0958279	HGNC:7559	biolink:causes	1
1.0	MONDO:0968976	HGNC:23339	biolink:causes	1
0.9032018	MONDO:0968990	HGNC:2907	biolink:gene_associated_with_condition	1
0.8220992	MONDO:0970994	HGNC:9175	biolink:causes	1
0.9577855	MONDO:0971009	HGNC:6740	biolink:causes	1
0.98856246	MONDO:0971178	HGNC:13387	biolink:causes	1
0.93962556	MONDO:0975746	HGNC:18416	biolink:causes	1
0.91223884	MONDO:0975840	HGNC:25018	biolink:causes	1
0.19483809	MONDO:0976128	HGNC:12624	biolink:contributes_to	1
0.84355867	HGNC:21022	MONDO:0013570	biolink:gene_associated_with_condition	1
0.6903432	HGNC:34	MONDO:0007932	biolink:contributes_to	1
0.89465374	HGNC:47	MONDO:0012204	biolink:causes	1
0.8491404	HGNC:47	MONDO:0020356	biolink:gene_associated_with_condition	1
0.4586086	HGNC:47	MONDO:0020619	biolink:causes	1
0.9889998	HGNC:42	MONDO:0011156	biolink:causes	1
0.9889998	HGNC:42	MONDO:0011156	biolink:gene_associated_with_condition	1
0.9999293	HGNC:68	MONDO:0013925	biolink:causes	1
0.7805148	HGNC:13887	MONDO:0018328	biolink:gene_associated_with_condition	1
0.9829161	HGNC:319	MONDO:0012019	biolink:gene_associated_with_condition	1
0.9977623	HGNC:319	MONDO:0014343	biolink:causes	1
0.9128248	HGNC:319	MONDO:0018566	biolink:gene_associated_with_condition	1
0.12400339	HGNC:123	MONDO:0008705	biolink:causes	1
0.95748454	HGNC:145	MONDO:0100354	biolink:gene_associated_with_condition	1
0.82245547	HGNC:195	MONDO:0013693	biolink:causes	1
0.9992066	HGNC:219	MONDO:0007922	biolink:causes	1
0.97883135	HGNC:1366	MONDO:0010122	biolink:causes	1
0.97883135	HGNC:1366	MONDO:0010122	biolink:gene_associated_with_condition	1
0.58534604	HGNC:225	MONDO:0007483	biolink:gene_associated_with_condition	1
0.99044776	HGNC:236	MONDO:0800028	biolink:causes	1
0.99044776	HGNC:236	MONDO:0800028	biolink:gene_associated_with_condition	1
0.9064189	HGNC:13839	MONDO:0008377	biolink:causes	1
0.80862546	HGNC:4516	MONDO:0010511	biolink:causes	1
0.99992776	HGNC:13841	MONDO:0014670	biolink:causes	1
0.95922077	HGNC:17416	MONDO:0008377	biolink:causes	1
0.99990356	HGNC:15766	MONDO:0014379	biolink:causes	1
0.9824615	HGNC:285	MONDO:0020786	biolink:causes	1
0.97022265	HGNC:291	MONDO:0007068	biolink:gene_associated_with_condition	1
0.99842167	HGNC:17258	MONDO:0032650	biolink:causes	1
0.99488044	HGNC:341	MONDO:0009823	biolink:gene_associated_with_condition	1
0.9165325	HGNC:343	MONDO:0013404	biolink:causes	1
0.84616905	HGNC:10648	MONDO:0009843	biolink:gene_associated_with_condition	1
0.9635484	HGNC:358	MONDO:0007052	biolink:causes	1
0.48905644	HGNC:358	MONDO:0010911	biolink:gene_associated_with_condition	1
0.97789747	HGNC:358	MONDO:0009050	biolink:causes	1
0.58154666	HGNC:387	MONDO:0013664	biolink:gene_associated_with_condition	1
0.7759927	HGNC:393	MONDO:0014407	biolink:causes	1
0.8900227	HGNC:397	MONDO:0020721	biolink:causes	1
0.9959687	HGNC:9722	MONDO:0009053	biolink:causes	1
0.9959687	HGNC:9722	MONDO:0009053	biolink:gene_associated_with_condition	1
0.99573046	HGNC:15672	MONDO:0009890	biolink:causes	1
0.9964366	HGNC:17085	MONDO:0032724	biolink:causes	1
0.97262245	HGNC:17944	MONDO:0013853	biolink:causes	1
0.9459894	HGNC:30578	MONDO:0014014	biolink:causes	1
0.9459894	HGNC:30578	MONDO:0014014	biolink:gene_associated_with_condition	1
0.89568543	HGNC:3522	MONDO:0011541	biolink:causes	1
0.90406144	HGNC:3527	MONDO:0014343	biolink:causes	1
0.9541186	HGNC:3542	MONDO:0010947	biolink:gene_associated_with_condition	1
0.9938212	HGNC:3542	MONDO:0009210	biolink:gene_associated_with_condition	1
0.9983479	HGNC:21197	MONDO:0012866	biolink:causes	1
0.9684228	HGNC:29162	MONDO:0010176	biolink:gene_associated_with_condition	1
0.9119877	HGNC:25808	MONDO:0011630	biolink:causes	1
0.9926609	HGNC:3586	MONDO:0009215	biolink:causes	1
0.99998665	HGNC:23109	MONDO:0014242	biolink:causes	1
0.9969517	HGNC:23109	MONDO:0007922	biolink:causes	1
0.9338106	HGNC:3600	MONDO:0018443	biolink:gene_associated_with_condition	1
0.9794153	HGNC:3600	MONDO:0011984	biolink:causes	1
0.9794153	HGNC:3600	MONDO:0011984	biolink:gene_associated_with_condition	1
0.75098354	HGNC:13607	MONDO:0030057	biolink:causes	1
0.20347553	HGNC:15626	MONDO:0008558	biolink:gene_associated_with_condition	1
0.915993	HGNC:3681	MONDO:0012541	biolink:causes	1
0.81268543	HGNC:3681	MONDO:0020494	biolink:gene_associated_with_condition	1
0.94536537	HGNC:3671	MONDO:0859340	biolink:causes	1
0.94536537	HGNC:3671	MONDO:0859340	biolink:gene_associated_with_condition	1
0.9648286	HGNC:3677	MONDO:0014319	biolink:causes	1
0.91100216	HGNC:3688	MONDO:0007400	biolink:causes	1
0.9879446	HGNC:3690	MONDO:0008546	biolink:gene_associated_with_condition	1
0.98676634	HGNC:3690	MONDO:0014658	biolink:gene_associated_with_condition	1
0.9005164	HGNC:3690	MONDO:0016682	biolink:gene_associated_with_condition	1
0.93597	HGNC:3690	MONDO:0012833	biolink:causes	1
0.8442036	HGNC:3690	MONDO:0016681	biolink:gene_associated_with_condition	1
0.793639	HGNC:3700	MONDO:0007888	biolink:gene_associated_with_condition	1
0.9999901	HGNC:16873	MONDO:0008995	biolink:gene_associated_with_condition	1
0.9398062	HGNC:3622	MONDO:0013156	biolink:causes	1
0.36175418	HGNC:27310	MONDO:0008259	biolink:causes	1
0.7797605	HGNC:27310	MONDO:0800445	biolink:causes	1
0.8689816	HGNC:3762	MONDO:0014107	biolink:causes	1
0.9999888	HGNC:20105	MONDO:0009168	biolink:causes	1
0.63863105	HGNC:3778	MONDO:0011165	biolink:causes	1
0.51789725	HGNC:3791	MONDO:0013110	biolink:gene_associated_with_condition	1
0.9999889	HGNC:3809	MONDO:0009934	biolink:gene_associated_with_condition	1
0.9996469	HGNC:35123	MONDO:0958194	biolink:causes	1
0.9697195	HGNC:3976	MONDO:0958012	biolink:causes	1
0.83393914	HGNC:3976	MONDO:0014225	biolink:causes	1
0.984221	HGNC:24678	MONDO:0013050	biolink:gene_associated_with_condition	1
0.9946902	HGNC:4006	MONDO:0014343	biolink:causes	1
0.99997616	HGNC:4006	MONDO:0009254	biolink:causes	1
0.91314256	HGNC:4081	MONDO:0014942	biolink:causes	1
0.72390705	HGNC:4162	MONDO:0011091	biolink:causes	1
0.72390705	HGNC:4162	MONDO:0011091	biolink:gene_associated_with_condition	1
0.85287124	HGNC:4162	MONDO:0015353	biolink:causes	1
0.71105385	HGNC:4165	MONDO:0016355	biolink:gene_associated_with_condition	1
0.7942641	HGNC:4170	MONDO:0009902	biolink:gene_associated_with_condition	1
0.85195136	HGNC:4170	MONDO:0019458	biolink:gene_associated_with_condition	1
0.917388	HGNC:30778	MONDO:0014034	biolink:causes	1
0.98811686	HGNC:4177	MONDO:0009265	biolink:causes	1
0.9981521	HGNC:4177	MONDO:0011945	biolink:causes	1
0.9911805	HGNC:4177	MONDO:0009266	biolink:gene_associated_with_condition	1
0.74482244	HGNC:4180	MONDO:0017696	biolink:gene_associated_with_condition	1
0.98662126	HGNC:4180	MONDO:0009897	biolink:gene_associated_with_condition	1
0.9206469	HGNC:4180	MONDO:0017697	biolink:gene_associated_with_condition	1
0.98532677	HGNC:4198	MONDO:0024570	biolink:causes	1
0.98639596	HGNC:15968	MONDO:0011916	biolink:gene_associated_with_condition	1
0.9998723	HGNC:4214	MONDO:0013463	biolink:causes	1
0.94379824	HGNC:4261	MONDO:0008250	biolink:gene_associated_with_condition	1
0.95220584	HGNC:4261	MONDO:0009879	biolink:causes	1
0.947018	HGNC:4274	MONDO:0007922	biolink:causes	1
0.9655606	HGNC:4286	MONDO:0033012	biolink:causes	1
0.99983525	HGNC:4318	MONDO:0012563	biolink:causes	1
0.98093367	HGNC:20134	MONDO:0014804	biolink:gene_associated_with_condition	1
0.9729162	HGNC:20134	MONDO:0014803	biolink:causes	1
0.9729162	HGNC:20134	MONDO:0014803	biolink:gene_associated_with_condition	1
0.98397726	HGNC:22932	MONDO:0018277	biolink:gene_associated_with_condition	1
0.9978637	HGNC:22932	MONDO:0014141	biolink:causes	1
0.99982196	HGNC:24872	MONDO:0011301	biolink:causes	1
0.8353577	HGNC:4398	MONDO:0859173	biolink:causes	1
0.9690652	HGNC:23657	MONDO:0010028	biolink:gene_associated_with_condition	1
0.91119	HGNC:23657	MONDO:0011603	biolink:causes	1
0.9267061	HGNC:23657	MONDO:0014518	biolink:gene_associated_with_condition	1
0.95472413	HGNC:23657	MONDO:0958325	biolink:causes	1
0.62984747	HGNC:4415	MONDO:0011698	biolink:gene_associated_with_condition	1
0.99989474	HGNC:4422	MONDO:0009658	biolink:causes	1
0.95765096	HGNC:4431	MONDO:0013526	biolink:causes	1
0.9766272	HGNC:24945	MONDO:0014412	biolink:causes	1
0.99009	HGNC:20145	MONDO:0010435	biolink:causes	1
0.9694615	HGNC:20145	MONDO:0021019	biolink:gene_associated_with_condition	1
0.7784317	HGNC:2001	MONDO:0012041	biolink:causes	1
0.925012	HGNC:4584	MONDO:0013907	biolink:gene_associated_with_condition	1
0.9871525	HGNC:4588	MONDO:0014947	biolink:causes	1
0.83124137	HGNC:21270	MONDO:0976266	biolink:causes	1
0.9629427	HGNC:4623	MONDO:0019531	biolink:gene_associated_with_condition	1
0.21273756	HGNC:4635	MONDO:0009061	biolink:gene_associated_with_condition	1
0.99933976	HGNC:24959	MONDO:0020762	biolink:causes	1
0.939416	HGNC:4651	MONDO:0014841	biolink:causes	1
0.9966702	HGNC:21157	MONDO:0014619	biolink:causes	1
0.9336716	HGNC:4678	MONDO:0008377	biolink:causes	1
0.99885345	HGNC:15808	MONDO:0007875	biolink:causes	1
0.9998889	HGNC:15808	MONDO:0007738	biolink:causes	1
0.9890653	HGNC:15808	MONDO:0060556	biolink:gene_associated_with_condition	1
0.92418814	HGNC:4718	MONDO:0044323	biolink:causes	1
0.9909861	HGNC:4796	MONDO:0014343	biolink:causes	1
0.8048972	HGNC:4817	MONDO:0009300	biolink:gene_associated_with_condition	1
0.91882426	HGNC:29853	MONDO:0014995	biolink:causes	1
0.99814034	HGNC:26361	MONDO:0024555	biolink:causes	1
0.9998135	HGNC:30477	MONDO:0009871	biolink:causes	1
0.99631256	HGNC:15977	MONDO:0014343	biolink:causes	1
0.999966	HGNC:18270	MONDO:0010814	biolink:causes	1
0.636956	HGNC:4922	MONDO:0044320	biolink:causes	1
0.94190145	HGNC:4922	MONDO:0008377	biolink:causes	1
0.9803151	HGNC:4982	MONDO:0958226	biolink:causes	1
0.90449315	HGNC:5013	MONDO:0013536	biolink:causes	1
0.90778905	HGNC:11630	MONDO:0019981	biolink:gene_associated_with_condition	1
0.6844391	HGNC:11630	MONDO:0013797	biolink:gene_associated_with_condition	1
0.48769423	HGNC:11630	MONDO:0015268	biolink:gene_associated_with_condition	1
0.86662215	HGNC:11630	MONDO:0019644	biolink:gene_associated_with_condition	1
0.6312879	HGNC:5041	MONDO:0859301	biolink:gene_associated_with_condition	1
0.92964864	HGNC:5154	MONDO:0015466	biolink:gene_associated_with_condition	1
0.93073535	HGNC:5208	MONDO:0013842	biolink:causes	1
0.99138314	HGNC:5248	MONDO:0013243	biolink:causes	1
0.80860364	HGNC:5286	MONDO:0044660	biolink:causes	1
0.99990475	HGNC:18550	MONDO:0031481	biolink:causes	1
0.79231155	HGNC:5439	MONDO:0010853	biolink:contributes_to	1
0.8924237	HGNC:5439	MONDO:0020530	biolink:gene_associated_with_condition	1
0.8751239	HGNC:5439	MONDO:0017901	biolink:gene_associated_with_condition	1
0.92727107	HGNC:5439	MONDO:0007191	biolink:gene_associated_with_condition	1
0.9221976	HGNC:5439	MONDO:0014429	biolink:causes	1
0.34798256	HGNC:5456	MONDO:0011834	biolink:gene_associated_with_condition	1
0.99988234	HGNC:13556	MONDO:0021093	biolink:causes	1
0.67974424	HGNC:29077	MONDO:0976269	biolink:causes	1
0.94657326	HGNC:29077	MONDO:0008377	biolink:causes	1
0.91691893	HGNC:29077	MONDO:0976267	biolink:contributes_to	1
0.98586977	HGNC:5466	MONDO:0018336	biolink:gene_associated_with_condition	1
0.99658895	HGNC:5466	MONDO:0014343	biolink:causes	1
0.9919607	HGNC:6009	MONDO:0032782	biolink:causes	1
0.9798131	HGNC:5962	MONDO:0004951	biolink:contributes_to	1
0.9947866	HGNC:6006	MONDO:0014082	biolink:gene_associated_with_condition	1
0.71870065	HGNC:15561	MONDO:0015597	biolink:gene_associated_with_condition	1
0.97654986	HGNC:6055	MONDO:0008377	biolink:causes	1
0.84751135	HGNC:33882	MONDO:0024607	biolink:causes	1
0.990704	HGNC:24555	MONDO:0032817	biolink:causes	1
0.996552	HGNC:9853	MONDO:0008818	biolink:causes	1
0.76858836	HGNC:28949	MONDO:0012225	biolink:causes	1
0.9790137	HGNC:29350	MONDO:0859338	biolink:causes	1
0.96708906	HGNC:17020	MONDO:0012607	biolink:contributes_to	1
0.934348	HGNC:13890	MONDO:0013245	biolink:causes	1
0.934348	HGNC:13890	MONDO:0013245	biolink:gene_associated_with_condition	1
0.7937537	HGNC:6158	MONDO:0012807	biolink:gene_associated_with_condition	1
0.9984863	HGNC:6189	MONDO:0030456	biolink:causes	1
0.9863858	HGNC:17933	MONDO:0033547	biolink:causes	1
0.99999285	HGNC:6254	MONDO:0957812	biolink:causes	1
0.96668386	HGNC:25705	MONDO:0014620	biolink:causes	1
0.9979346	HGNC:12637	MONDO:0010465	biolink:causes	1
0.9992853	HGNC:19960	MONDO:0014688	biolink:causes	1
0.8975041	HGNC:6320	MONDO:0030071	biolink:causes	1
0.3733784	HGNC:6392	MONDO:0007109	biolink:causes	1
0.98887503	HGNC:4510	MONDO:0008302	biolink:causes	1
0.8616267	HGNC:4510	MONDO:0958354	biolink:gene_associated_with_condition	1
0.9967348	HGNC:6365	MONDO:0008772	biolink:causes	1
0.94158953	HGNC:6371	MONDO:0012901	biolink:causes	1
0.94158953	HGNC:6371	MONDO:0012901	biolink:gene_associated_with_condition	1
0.64713913	HGNC:6439	MONDO:0007813	biolink:causes	1
0.64713913	HGNC:6439	MONDO:0007813	biolink:gene_associated_with_condition	1
0.6760103	HGNC:6427	MONDO:0008485	biolink:gene_associated_with_condition	1
0.9319734	HGNC:6485	MONDO:0031061	biolink:causes	1
0.6563962	HGNC:24912	MONDO:0014031	biolink:causes	1
0.9490125	HGNC:6518	MONDO:0013276	biolink:causes	1
0.9755854	HGNC:6518	MONDO:0018663	biolink:gene_associated_with_condition	1
0.9905281	HGNC:6518	MONDO:0014343	biolink:causes	1
0.97007036	HGNC:15710	MONDO:0011094	biolink:causes	1
0.9327913	HGNC:15710	MONDO:0017401	biolink:gene_associated_with_condition	1
0.8197187	HGNC:19708	MONDO:0009505	biolink:causes	1
0.9714248	HGNC:18712	MONDO:0017049	biolink:gene_associated_with_condition	1
0.52488893	HGNC:21253	MONDO:0012460	biolink:causes	1
0.96128285	HGNC:6595	MONDO:0009091	biolink:causes	1
0.99132895	HGNC:6595	MONDO:0014343	biolink:causes	1
0.9987061	HGNC:23452	MONDO:0013495	biolink:causes	1
0.9991609	HGNC:6654	MONDO:0008061	biolink:causes	1
0.9991609	HGNC:6654	MONDO:0008061	biolink:gene_associated_with_condition	1
0.99976295	HGNC:6664	MONDO:0008426	biolink:causes	1
0.99897754	HGNC:6664	MONDO:0007363	biolink:causes	1
0.97361594	HGNC:6694	MONDO:0009104	biolink:gene_associated_with_condition	1
0.8562952	HGNC:6700	MONDO:0012039	biolink:contributes_to	1
0.92040825	HGNC:18608	MONDO:0014080	biolink:causes	1
0.9369028	HGNC:6715	MONDO:0013122	biolink:causes	1
0.86281115	HGNC:6408	MONDO:0035337	biolink:gene_associated_with_condition	1
0.9929397	HGNC:6826	MONDO:0017732	biolink:gene_associated_with_condition	1
0.971377	HGNC:450	MONDO:0018112	biolink:gene_associated_with_condition	1
0.9999417	HGNC:450	MONDO:0013268	biolink:causes	1
0.9954875	HGNC:450	MONDO:0014343	biolink:causes	1
0.9999654	HGNC:452	MONDO:0012892	biolink:causes	1
0.9999776	HGNC:26837	MONDO:0010310	biolink:causes	1
0.979259	HGNC:464	MONDO:0009857	biolink:gene_associated_with_condition	1
0.85072494	HGNC:468	MONDO:0013028	biolink:gene_associated_with_condition	1
0.8780377	HGNC:29186	MONDO:0015679	biolink:gene_associated_with_condition	1
0.97102934	HGNC:6211	MONDO:0007794	biolink:causes	1
0.6200617	HGNC:543	MONDO:0013729	biolink:contributes_to	1
0.9782286	HGNC:559	MONDO:0012251	biolink:causes	1
0.99296826	HGNC:568	MONDO:0014885	biolink:gene_associated_with_condition	1
0.805675	HGNC:568	MONDO:0021019	biolink:gene_associated_with_condition	1
0.9999819	HGNC:572	MONDO:0013551	biolink:causes	1
0.9969703	HGNC:575	MONDO:0017241	biolink:gene_associated_with_condition	1
0.9894288	HGNC:22197	MONDO:0013342	biolink:gene_associated_with_condition	1
0.92624927	HGNC:600	MONDO:0859238	biolink:causes	1
0.9114301	HGNC:600	MONDO:0100189	biolink:gene_associated_with_condition	1
0.99913675	HGNC:15984	MONDO:0011829	biolink:causes	1
0.9920813	HGNC:24097	MONDO:0007922	biolink:causes	1
0.96115744	HGNC:649	MONDO:0014343	biolink:causes	1
0.9869871	HGNC:649	MONDO:0014948	biolink:gene_associated_with_condition	1
0.9582228	HGNC:663	MONDO:0008814	biolink:causes	1
0.06785715	HGNC:17073	MONDO:0011908	biolink:causes	1
0.9507581	HGNC:17146	MONDO:0008377	biolink:causes	1
0.9001123	HGNC:13210	MONDO:0008854	biolink:contributes_to	1
0.78180027	HGNC:13210	MONDO:0013312	biolink:causes	1
0.97962415	HGNC:21099	MONDO:0958242	biolink:causes	1
0.97363496	HGNC:707	MONDO:0859324	biolink:gene_associated_with_condition	1
0.99870026	HGNC:753	MONDO:0014258	biolink:causes	1
0.62454975	HGNC:31704	MONDO:0030490	biolink:causes	1
0.9967596	HGNC:18318	MONDO:0011510	biolink:causes	1
0.79292744	HGNC:16935	MONDO:0030323	biolink:causes	1
0.20018435	HGNC:6858	MONDO:0007648	biolink:gene_associated_with_condition	1
0.79659504	HGNC:6898	MONDO:0014206	biolink:causes	1
0.7082538	HGNC:6898	MONDO:0014566	biolink:causes	1
0.739588	HGNC:6898	MONDO:0030518	biolink:causes	1
0.9980825	HGNC:6909	MONDO:0011765	biolink:causes	1
0.9658589	HGNC:6909	MONDO:0007704	biolink:contributes_to	1
0.9966011	HGNC:6909	MONDO:0014343	biolink:causes	1
0.984962	HGNC:6937	MONDO:0008862	biolink:causes	1
0.9905533	HGNC:16732	MONDO:0009615	biolink:gene_associated_with_condition	1
0.82804567	HGNC:6948	MONDO:0033046	biolink:causes	1
0.81713575	HGNC:6954	MONDO:0009617	biolink:causes	1
0.08483841	HGNC:6973	MONDO:0032868	biolink:causes	1
0.9995838	HGNC:19691	MONDO:0015003	biolink:gene_associated_with_condition	1
0.9977564	HGNC:11957	MONDO:0012997	biolink:gene_associated_with_condition	1
0.9962419	HGNC:11957	MONDO:0010477	biolink:causes	1
0.9962419	HGNC:11957	MONDO:0010477	biolink:gene_associated_with_condition	1
0.994686	HGNC:11957	MONDO:0010655	biolink:causes	1
0.99774396	HGNC:2377	MONDO:0859137	biolink:causes	1
0.16028017	HGNC:7097	MONDO:0009061	biolink:gene_associated_with_condition	1
0.9595269	HGNC:7102	MONDO:0030438	biolink:causes	1
0.84792197	HGNC:7102	MONDO:0013993	biolink:gene_associated_with_condition	1
0.99976414	HGNC:31582	MONDO:0014747	biolink:causes	1
0.8410121	HGNC:7127	MONDO:0012041	biolink:causes	1
0.9345745	HGNC:7127	MONDO:0008018	biolink:causes	1
0.99998534	HGNC:24525	MONDO:0010184	biolink:causes	1
0.90225154	HGNC:7154	MONDO:0014866	biolink:causes	1
0.9232231	HGNC:7154	MONDO:0044657	biolink:gene_associated_with_condition	1
0.97732055	HGNC:7160	MONDO:0010201	biolink:causes	1
0.94058657	HGNC:16352	MONDO:0032815	biolink:causes	1
0.71883655	HGNC:10378	MONDO:0033533	biolink:causes	1
0.66908246	HGNC:16650	MONDO:0014162	biolink:causes	1
0.8806554	HGNC:14508	MONDO:0012718	biolink:causes	1
0.8848982	HGNC:7328	MONDO:0044317	biolink:causes	1
0.99996936	HGNC:7370	MONDO:0026730	biolink:causes	1
0.9895365	HGNC:7391	MONDO:0012142	biolink:causes	1
0.78889275	HGNC:7414	MONDO:0017917	biolink:gene_associated_with_condition	1
0.9734414	HGNC:7414	MONDO:0010794	biolink:causes	1
0.862785	HGNC:7456	MONDO:0016814	biolink:gene_associated_with_condition	1
0.69234574	HGNC:7461	MONDO:0010790	biolink:gene_associated_with_condition	1
0.9972555	HGNC:7489	MONDO:0015283	biolink:gene_associated_with_condition	1
0.97404623	HGNC:7493	MONDO:0019016	biolink:gene_associated_with_condition	1
0.95347327	HGNC:7497	MONDO:0010799	biolink:causes	1
0.95821816	HGNC:7413	MONDO:0007205	biolink:gene_associated_with_condition	1
0.8657713	HGNC:7450	MONDO:0011066	biolink:gene_associated_with_condition	1
0.49970132	HGNC:3942	MONDO:0020492	biolink:gene_associated_with_condition	1
0.99085766	HGNC:7468	MONDO:0009609	biolink:causes	1
0.99085766	HGNC:7468	MONDO:0009609	biolink:gene_associated_with_condition	1
0.5170749	HGNC:7516	MONDO:0800029	biolink:gene_associated_with_condition	1
0.9513483	HGNC:7527	MONDO:0012041	biolink:gene_associated_with_condition	1
0.95606726	HGNC:7530	MONDO:0008377	biolink:causes	1
0.94467443	HGNC:7545	MONDO:0020512	biolink:gene_associated_with_condition	1
0.8432821	HGNC:7545	MONDO:0016705	biolink:gene_associated_with_condition	1
0.965706	HGNC:13879	MONDO:0800026	biolink:gene_associated_with_condition	1
0.9711231	HGNC:7623	MONDO:0957477	biolink:gene_associated_with_condition	1
0.99575824	HGNC:7631	MONDO:0012221	biolink:gene_associated_with_condition	1
0.9983315	HGNC:7631	MONDO:0012222	biolink:gene_associated_with_condition	1
0.999995	HGNC:19082	MONDO:0014556	biolink:gene_associated_with_condition	1
0.26956245	HGNC:28952	MONDO:0054805	biolink:causes	1
0.9896931	HGNC:7662	MONDO:0013507	biolink:causes	1
0.91991186	HGNC:7679	MONDO:0011085	biolink:causes	1
0.91991186	HGNC:7679	MONDO:0011085	biolink:gene_associated_with_condition	1
0.8036717	HGNC:7693	MONDO:0032630	biolink:causes	1
0.9515765	HGNC:7702	MONDO:0859320	biolink:causes	1
0.9988242	HGNC:20372	MONDO:0024552	biolink:causes	1
0.7872427	HGNC:7717	MONDO:0032612	biolink:causes	1
0.99731463	HGNC:7737	MONDO:0014836	biolink:causes	1
0.98856246	HGNC:13387	MONDO:0971178	biolink:causes	1
0.9868925	HGNC:13387	MONDO:0013444	biolink:causes	1
0.5015999	HGNC:7776	MONDO:0859369	biolink:causes	1
0.4598438	HGNC:7782	MONDO:0060591	biolink:causes	1
0.98684627	HGNC:29873	MONDO:0026733	biolink:causes	1
0.99224323	HGNC:7866	MONDO:0008521	biolink:causes	1
0.93973	HGNC:7897	MONDO:0016309	biolink:gene_associated_with_condition	1
0.93741417	HGNC:7897	MONDO:0016308	biolink:gene_associated_with_condition	1
0.9781676	HGNC:7939	MONDO:0012816	biolink:causes	1
0.4461382	HGNC:7981	MONDO:0015566	biolink:gene_associated_with_condition	1
0.99562114	HGNC:26513	MONDO:0014991	biolink:causes	1
0.88584703	HGNC:8028	MONDO:0014630	biolink:gene_associated_with_condition	1
0.9163441	HGNC:8028	MONDO:0012041	biolink:causes	1
0.96711236	HGNC:29914	MONDO:0032692	biolink:causes	1
0.75372696	HGNC:29914	MONDO:0054850	biolink:causes	1
0.9401363	HGNC:29092	MONDO:0014343	biolink:causes	1
0.80994964	HGNC:8104	MONDO:0020789	biolink:causes	1
0.9812967	HGNC:8108	MONDO:0010645	biolink:gene_associated_with_condition	1
0.962415	HGNC:8140	MONDO:0008858	biolink:gene_associated_with_condition	1
0.9198635	HGNC:8140	MONDO:0008377	biolink:causes	1
0.99264985	HGNC:8149	MONDO:0009825	biolink:causes	1
0.99264985	HGNC:8149	MONDO:0009825	biolink:gene_associated_with_condition	1
0.663505	HGNC:15021	MONDO:0008377	biolink:causes	1
0.99992716	HGNC:8487	MONDO:0009143	biolink:causes	1
0.9002231	HGNC:18124	MONDO:0012354	biolink:causes	1
0.9002231	HGNC:18124	MONDO:0012354	biolink:gene_associated_with_condition	1
0.9930655	HGNC:19317	MONDO:0007740	biolink:causes	1
0.9440532	HGNC:19317	MONDO:0008377	biolink:causes	1
0.9767859	HGNC:8582	MONDO:0017389	biolink:gene_associated_with_condition	1
0.86697626	HGNC:8591	MONDO:0100119	biolink:causes	1
0.99944884	HGNC:30563	MONDO:0032752	biolink:causes	1
0.9992976	HGNC:8617	MONDO:0007862	biolink:causes	1
0.9992976	HGNC:8617	MONDO:0007862	biolink:gene_associated_with_condition	1
0.99546814	HGNC:8617	MONDO:0014343	biolink:causes	1
0.94600356	HGNC:8623	MONDO:0011477	biolink:causes	1
0.99235594	HGNC:8653	MONDO:0011628	biolink:gene_associated_with_condition	1
0.9954963	HGNC:8794	MONDO:0012205	biolink:causes	1
0.907512	HGNC:8794	MONDO:0958263	biolink:gene_associated_with_condition	1
0.8391705	HGNC:8773	MONDO:0958262	biolink:gene_associated_with_condition	1
0.48670337	HGNC:8846	MONDO:0011442	biolink:causes	1
0.9508503	HGNC:9719	MONDO:0018598	biolink:gene_associated_with_condition	1
0.91292655	HGNC:9719	MONDO:0019174	biolink:gene_associated_with_condition	1
0.9873153	HGNC:9719	MONDO:0008954	biolink:causes	1
0.9852561	HGNC:8859	MONDO:0014343	biolink:causes	1
0.99922204	HGNC:8853	MONDO:0013967	biolink:causes	1
0.99184716	HGNC:8853	MONDO:0018598	biolink:gene_associated_with_condition	1
0.9902692	HGNC:8855	MONDO:0019174	biolink:gene_associated_with_condition	1
0.99965966	HGNC:22965	MONDO:0013938	biolink:causes	1
0.85552996	HGNC:8896	MONDO:0010392	biolink:gene_associated_with_condition	1
0.93317366	HGNC:8896	MONDO:0008377	biolink:causes	1
0.9968064	HGNC:8925	MONDO:0010362	biolink:gene_associated_with_condition	1
0.99637467	HGNC:14938	MONDO:0014165	biolink:gene_associated_with_condition	1
0.7799858	HGNC:23213	MONDO:0012465	biolink:gene_associated_with_condition	1
0.999676	HGNC:23213	MONDO:0014457	biolink:causes	1
0.9474803	HGNC:8977	MONDO:0014222	biolink:causes	1
0.42902622	HGNC:8996	MONDO:0012656	biolink:causes	1
0.32548454	HGNC:9008	MONDO:0010856	biolink:gene_associated_with_condition	1
0.72157186	HGNC:9020	MONDO:0009950	biolink:gene_associated_with_condition	1
0.7351016	HGNC:9038	MONDO:0009235	biolink:gene_associated_with_condition	1
0.40013996	HGNC:9038	MONDO:0008377	biolink:causes	1
0.9928415	HGNC:9056	MONDO:0014343	biolink:causes	1
0.99132746	HGNC:9056	MONDO:0030074	biolink:gene_associated_with_condition	1
0.6811045	HGNC:19218	MONDO:0014970	biolink:causes	1
0.9652659	HGNC:29017	MONDO:0012679	biolink:gene_associated_with_condition	1
0.91357565	HGNC:9080	MONDO:0013475	biolink:causes	1
0.8218973	HGNC:9086	MONDO:0017223	biolink:gene_associated_with_condition	1
0.8894292	HGNC:9086	MONDO:0017225	biolink:gene_associated_with_condition	1
0.3697046	HGNC:9091	MONDO:0010606	biolink:causes	1
0.9847637	HGNC:9091	MONDO:0014343	biolink:causes	1
0.9834699	HGNC:9091	MONDO:0012892	biolink:causes	1
0.9993917	HGNC:14107	MONDO:0008818	biolink:causes	1
0.99956626	HGNC:14107	MONDO:0007524	biolink:causes	1
0.9728828	HGNC:9118	MONDO:0008087	biolink:gene_associated_with_condition	1
0.96794474	HGNC:9118	MONDO:0008392	biolink:gene_associated_with_condition	1
0.97092885	HGNC:9118	MONDO:0007309	biolink:causes	1
0.9911828	HGNC:9118	MONDO:0007311	biolink:causes	1
0.8934933	HGNC:9154	MONDO:0014557	biolink:causes	1
0.9883372	HGNC:28900	MONDO:0016825	biolink:causes	1
0.5608478	HGNC:23166	MONDO:0013978	biolink:causes	1
0.7248107	HGNC:23166	MONDO:0013977	biolink:causes	1
0.93788654	HGNC:9177	MONDO:0012041	biolink:causes	1
0.97467417	HGNC:9177	MONDO:0032684	biolink:causes	1
0.5929938	HGNC:20194	MONDO:0009558	biolink:causes	1
0.87667423	HGNC:30074	MONDO:0019505	biolink:gene_associated_with_condition	1
0.99964595	HGNC:30074	MONDO:0009910	biolink:gene_associated_with_condition	1
0.9713002	HGNC:30074	MONDO:0018656	biolink:gene_associated_with_condition	1
0.77231246	HGNC:30074	MONDO:0100600	biolink:gene_associated_with_condition	1
0.99999976	HGNC:17652	MONDO:0010592	biolink:causes	1
0.99999976	HGNC:17652	MONDO:0010592	biolink:gene_associated_with_condition	1
0.99956936	HGNC:9216	MONDO:0032830	biolink:gene_associated_with_condition	1
0.9207778	HGNC:9220	MONDO:0011226	biolink:causes	1
0.98984003	HGNC:9277	MONDO:0044318	biolink:causes	1
0.98285705	HGNC:25415	MONDO:0017052	biolink:gene_associated_with_condition	1
0.8313633	HGNC:25415	MONDO:0014057	biolink:causes	1
0.9117535	HGNC:9312	MONDO:0014602	biolink:gene_associated_with_condition	1
0.9999654	HGNC:13998	MONDO:0030890	biolink:causes	1
0.99995625	HGNC:13998	MONDO:0859229	biolink:causes	1
0.0854094	HGNC:8607	MONDO:0010820	biolink:causes	1
0.97985816	HGNC:9454	MONDO:0011957	biolink:causes	1
0.985546	HGNC:9454	MONDO:0012983	biolink:causes	1
0.9971397	HGNC:9459	MONDO:0007922	biolink:causes	1
0.8507084	HGNC:15860	MONDO:0008377	biolink:causes	1
0.95807374	HGNC:30500	MONDO:0011593	biolink:causes	1
0.9995459	HGNC:9142	MONDO:0008740	biolink:gene_associated_with_condition	1
0.9998087	HGNC:21504	MONDO:0010767	biolink:causes	1
0.9251251	HGNC:9541	MONDO:0054699	biolink:causes	1
0.9848023	HGNC:9538	MONDO:0971001	biolink:causes	1
0.95877993	HGNC:9557	MONDO:0054591	biolink:causes	1
0.95329165	HGNC:9577	MONDO:0013531	biolink:causes	1
0.8199579	HGNC:823	MONDO:0020727	biolink:causes	1
0.7016211	HGNC:823	MONDO:0014091	biolink:causes	1
0.9667695	HGNC:18305	MONDO:0010319	biolink:gene_associated_with_condition	1
0.9552849	HGNC:854	MONDO:0014646	biolink:causes	1
0.96915585	HGNC:3706	MONDO:0009469	biolink:gene_associated_with_condition	1
0.97188944	HGNC:882	MONDO:0014343	biolink:causes	1
0.5250567	HGNC:7106	MONDO:0017176	biolink:gene_associated_with_condition	1
0.78599554	HGNC:904	MONDO:0012075	biolink:causes	1
0.71652067	HGNC:959	MONDO:0013108	biolink:causes	1
0.9997205	HGNC:966	MONDO:0008854	biolink:causes	1
0.9857941	HGNC:18758	MONDO:0008377	biolink:causes	1
0.9900746	HGNC:26648	MONDO:0008377	biolink:causes	1
0.8410617	HGNC:1001	MONDO:0020324	biolink:gene_associated_with_condition	1
0.99569976	HGNC:13222	MONDO:0014981	biolink:causes	1
0.89819735	HGNC:20893	MONDO:0008377	biolink:causes	1
0.7987021	HGNC:8549	MONDO:0013559	biolink:gene_associated_with_condition	1
0.99734265	HGNC:21701	MONDO:0020841	biolink:causes	1
0.99924326	HGNC:1122	MONDO:0009665	biolink:causes	1
0.97399986	HGNC:13862	MONDO:0033564	biolink:causes	1
0.7930955	HGNC:9751	MONDO:0014335	biolink:gene_associated_with_condition	1
0.9551346	HGNC:21020	MONDO:0030006	biolink:gene_associated_with_condition	1
0.9710241	HGNC:9811	MONDO:0013864	biolink:causes	1
0.87293684	HGNC:9811	MONDO:0007874	biolink:gene_associated_with_condition	1
0.99723226	HGNC:18662	MONDO:0012604	biolink:causes	1
0.8140684	HGNC:21863	MONDO:0012794	biolink:gene_associated_with_condition	1
0.9960418	HGNC:9921	MONDO:0014093	biolink:causes	1
0.94069105	HGNC:17975	MONDO:0014282	biolink:gene_associated_with_condition	1
0.9129746	HGNC:13764	MONDO:0032717	biolink:causes	1
0.99999607	HGNC:9965	MONDO:0014857	biolink:gene_associated_with_condition	1
0.60323244	HGNC:9967	MONDO:0007723	biolink:contributes_to	1
0.86759734	HGNC:9967	MONDO:0007958	biolink:causes	1
0.86410475	HGNC:9967	MONDO:0008234	biolink:causes	1
0.753271	HGNC:9967	MONDO:0019636	biolink:gene_associated_with_condition	1
0.9429285	HGNC:9990	MONDO:0008377	biolink:causes	1
0.9958468	HGNC:9990	MONDO:0013414	biolink:causes	1
0.9937738	HGNC:17283	MONDO:0033543	biolink:causes	1
0.8548987	HGNC:13872	MONDO:0011761	biolink:causes	1
0.99113584	HGNC:18518	MONDO:0012472	biolink:causes	1
0.9928583	HGNC:21686	MONDO:0013058	biolink:causes	1
0.9928583	HGNC:21686	MONDO:0013058	biolink:gene_associated_with_condition	1
0.5970076	HGNC:10061	MONDO:0859171	biolink:causes	1
0.99732876	HGNC:10057	MONDO:0034106	biolink:gene_associated_with_condition	1
0.6485946	HGNC:26661	MONDO:0012764	biolink:causes	1
0.9994646	HGNC:13433	MONDO:0020790	biolink:causes	1
0.7504373	HGNC:10256	MONDO:0033200	biolink:causes	1
0.9743066	HGNC:10263	MONDO:0008377	biolink:causes	1
0.79342836	HGNC:10301	MONDO:0012938	biolink:causes	1
0.5408844	HGNC:10383	MONDO:0013216	biolink:causes	1
0.9997696	HGNC:21054	MONDO:0014657	biolink:causes	1
0.99720544	HGNC:28583	MONDO:0014343	biolink:causes	1
0.91322565	HGNC:14665	MONDO:0016783	biolink:gene_associated_with_condition	1
0.9999975	HGNC:23625	MONDO:0030915	biolink:causes	1
0.95965654	HGNC:15924	MONDO:0016863	biolink:gene_associated_with_condition	1
0.89599377	HGNC:1349	MONDO:0009646	biolink:causes	1
0.99828845	HGNC:31750	MONDO:0010985	biolink:causes	1
0.9933344	HGNC:17697	MONDO:0013458	biolink:gene_associated_with_condition	1
0.9984114	HGNC:19304	MONDO:0957787	biolink:causes	1
0.9969324	HGNC:10590	MONDO:0054776	biolink:causes	1
0.8850074	HGNC:10593	MONDO:0011003	biolink:causes	1
0.9946523	HGNC:10593	MONDO:0020745	biolink:causes	1
0.9102831	HGNC:10593	MONDO:0024562	biolink:causes	1
0.59004974	HGNC:10593	MONDO:0010086	biolink:contributes_to	1
0.5780511	HGNC:10582	MONDO:0009459	biolink:gene_associated_with_condition	1
0.9494036	HGNC:10582	MONDO:0017629	biolink:gene_associated_with_condition	1
0.98215735	HGNC:10600	MONDO:0008887	biolink:causes	1
0.9699103	HGNC:10600	MONDO:0020607	biolink:causes	1
0.9977615	HGNC:10604	MONDO:0700250	biolink:causes	1
0.8704355	HGNC:10604	MONDO:0020207	biolink:gene_associated_with_condition	1
0.91953564	HGNC:10606	MONDO:0013391	biolink:causes	1
0.91953564	HGNC:10606	MONDO:0013391	biolink:gene_associated_with_condition	1
0.890379	HGNC:10680	MONDO:0031006	biolink:causes	1
0.7906765	HGNC:10680	MONDO:0100294	biolink:causes	1
0.9853446	HGNC:10701	MONDO:0011911	biolink:causes	1
0.82680476	HGNC:18276	MONDO:0958013	biolink:causes	1
0.9965912	HGNC:10723	MONDO:0014343	biolink:causes	1
0.9501477	HGNC:1228	MONDO:0007361	biolink:causes	1
0.6571146	HGNC:1228	MONDO:0015054	biolink:gene_associated_with_condition	1
0.6644368	HGNC:18420	MONDO:0035706	biolink:gene_associated_with_condition	1
0.9300839	HGNC:445	MONDO:0011223	biolink:gene_associated_with_condition	1
0.9967906	HGNC:10771	MONDO:0007943	biolink:gene_associated_with_condition	1
0.9746567	HGNC:10771	MONDO:0014343	biolink:causes	1
0.9945614	HGNC:28395	MONDO:0014343	biolink:causes	1
0.99902856	HGNC:28395	MONDO:0012892	biolink:causes	1
0.83036494	HGNC:13867	MONDO:0010296	biolink:causes	1
0.96249247	HGNC:10848	MONDO:0008572	biolink:gene_associated_with_condition	1
0.9676779	HGNC:26535	MONDO:0018393	biolink:gene_associated_with_condition	1
0.99861884	HGNC:10896	MONDO:0008426	biolink:causes	1
0.73497355	HGNC:10939	MONDO:0009110	biolink:gene_associated_with_condition	1
0.99012756	HGNC:10941	MONDO:0012982	biolink:causes	1
0.99987996	HGNC:11006	MONDO:0009216	biolink:causes	1
0.99726427	HGNC:11030	MONDO:0011422	biolink:causes	1
0.9963883	HGNC:11052	MONDO:0007777	biolink:causes	1
0.7151536	HGNC:11056	MONDO:0017354	biolink:gene_associated_with_condition	1
0.99969494	HGNC:11065	MONDO:0009109	biolink:causes	1
0.89754987	HGNC:11071	MONDO:0014572	biolink:causes	1
0.7527965	HGNC:10905	MONDO:0031446	biolink:gene_associated_with_condition	1
0.04132097	HGNC:10907	MONDO:0009061	biolink:gene_associated_with_condition	1
0.86264586	HGNC:10979	MONDO:0032596	biolink:causes	1
0.9035439	HGNC:10979	MONDO:0014072	biolink:causes	1
0.8140456	HGNC:10979	MONDO:0020345	biolink:gene_associated_with_condition	1
0.9775515	HGNC:10982	MONDO:0013056	biolink:gene_associated_with_condition	1
0.99976975	HGNC:10985	MONDO:0009393	biolink:causes	1
0.9986179	HGNC:26054	MONDO:0008785	biolink:causes	1
0.9797447	HGNC:10993	MONDO:0957268	biolink:causes	1
0.7068272	HGNC:11013	MONDO:0011973	biolink:causes	1
0.9701203	HGNC:11016	MONDO:0957211	biolink:causes	1
0.9998914	HGNC:20305	MONDO:0009431	biolink:causes	1
0.9994554	HGNC:20800	MONDO:0010013	biolink:causes	1
0.99474597	HGNC:10909	MONDO:0011631	biolink:gene_associated_with_condition	1
0.9989214	HGNC:18798	MONDO:0030028	biolink:causes	1
0.9999906	HGNC:30224	MONDO:0013867	biolink:causes	1
0.992837	HGNC:32689	MONDO:0014830	biolink:causes	1
0.9622605	HGNC:6769	MONDO:0007363	biolink:causes	1
0.97996175	HGNC:6769	MONDO:0013426	biolink:causes	1
0.97996175	HGNC:6769	MONDO:0013426	biolink:gene_associated_with_condition	1
0.8761902	HGNC:18398	MONDO:0008416	biolink:causes	1
0.8761902	HGNC:18398	MONDO:0008416	biolink:gene_associated_with_condition	1
0.98376	HGNC:2468	MONDO:0014343	biolink:causes	1
0.95288	HGNC:11117	MONDO:0010056	biolink:causes	1
0.030986449	HGNC:11094	MONDO:0008244	biolink:gene_associated_with_condition	1
0.46338332	HGNC:32621	MONDO:0030313	biolink:contributes_to	1
0.90232307	HGNC:11153	MONDO:0007301	biolink:gene_associated_with_condition	1
0.99507797	HGNC:14344	MONDO:0011579	biolink:gene_associated_with_condition	1
0.96789026	HGNC:1373	MONDO:0009818	biolink:causes	1
0.96789026	HGNC:1373	MONDO:0009818	biolink:gene_associated_with_condition	1
0.97310007	HGNC:1395	MONDO:0014875	biolink:causes	1
0.9273948	HGNC:1445	MONDO:0014550	biolink:causes	1
0.7764278	HGNC:1460	MONDO:0054861	biolink:causes	1
0.8983206	HGNC:25062	MONDO:0018393	biolink:gene_associated_with_condition	1
0.95658153	HGNC:17116	MONDO:0013070	biolink:causes	1
0.89065415	HGNC:1541	MONDO:0007922	biolink:causes	1
0.99198806	HGNC:11167	MONDO:0020745	biolink:causes	1
0.9936481	HGNC:14974	MONDO:0014040	biolink:causes	1
0.99627125	HGNC:14974	MONDO:0014343	biolink:causes	1
0.7288877	HGNC:19383	MONDO:0800130	biolink:causes	1
0.87092775	HGNC:17321	MONDO:0009031	biolink:gene_associated_with_condition	1
0.96930134	HGNC:17321	MONDO:0013460	biolink:causes	1
0.6032717	HGNC:11220	MONDO:0012401	biolink:gene_associated_with_condition	1
0.99979085	HGNC:26293	MONDO:0032898	biolink:causes	1
0.93298477	HGNC:11274	MONDO:0054780	biolink:causes	1
0.9204673	HGNC:11276	MONDO:0010848	biolink:causes	1
0.9470144	HGNC:11276	MONDO:0014159	biolink:gene_associated_with_condition	1
0.45483398	HGNC:11283	MONDO:0014837	biolink:gene_associated_with_condition	1
0.46308777	HGNC:10780	MONDO:0957583	biolink:causes	1
0.9096194	HGNC:11368	MONDO:0957807	biolink:causes	1
0.6975163	HGNC:24592	MONDO:0014094	biolink:causes	1
0.9777955	HGNC:27962	MONDO:0014405	biolink:causes	1
0.9886014	HGNC:17089	MONDO:0032778	biolink:causes	1
0.6529978	HGNC:11535	MONDO:0010747	biolink:causes	1
0.6529978	HGNC:11535	MONDO:0010747	biolink:gene_associated_with_condition	1
0.7085429	HGNC:11546	MONDO:0044313	biolink:causes	1
0.9947995	HGNC:26887	MONDO:0009820	biolink:causes	1
0.99826103	HGNC:26887	MONDO:0012892	biolink:causes	1
0.9995951	HGNC:26887	MONDO:0014821	biolink:causes	1
0.97950375	HGNC:11573	MONDO:0010160	biolink:gene_associated_with_condition	1
0.9894895	HGNC:11582	MONDO:0014343	biolink:causes	1
0.9829685	HGNC:11582	MONDO:0014968	biolink:causes	1
0.9975491	HGNC:11582	MONDO:0009426	biolink:gene_associated_with_condition	1
0.9326518	HGNC:11582	MONDO:0044651	biolink:gene_associated_with_condition	1
0.99859697	HGNC:29529	MONDO:0011213	biolink:causes	1
0.51776767	HGNC:29529	MONDO:0012883	biolink:gene_associated_with_condition	1
0.9948625	HGNC:11602	MONDO:0008411	biolink:gene_associated_with_condition	1
0.78979	HGNC:11599	MONDO:0008834	biolink:causes	1
0.67867273	HGNC:11608	MONDO:0800447	biolink:contributes_to	1
0.9688393	HGNC:11623	MONDO:0030534	biolink:causes	1
0.9932462	HGNC:11623	MONDO:0014343	biolink:causes	1
0.9457087	HGNC:11654	MONDO:0007944	biolink:causes	1
0.93216026	HGNC:25774	MONDO:0013482	biolink:causes	1
0.92975813	HGNC:11720	MONDO:0011351	biolink:causes	1
0.9080477	HGNC:11720	MONDO:0011102	biolink:causes	1
0.45568225	HGNC:8117	MONDO:0007137	biolink:gene_associated_with_condition	1
0.72331524	HGNC:11730	MONDO:0005006	biolink:gene_associated_with_condition	1
0.9915063	HGNC:11730	MONDO:0007485	biolink:causes	1
0.95329005	HGNC:11730	MONDO:0018045	biolink:gene_associated_with_condition	1
0.9569011	HGNC:11730	MONDO:0800029	biolink:causes	1
0.9093904	HGNC:11737	MONDO:0018393	biolink:gene_associated_with_condition	1
0.4515376	HGNC:11740	MONDO:0008846	biolink:gene_associated_with_condition	1
0.9248233	HGNC:11763	MONDO:0014760	biolink:gene_associated_with_condition	1
0.96104914	HGNC:11771	MONDO:0007380	biolink:causes	1
0.96104914	HGNC:11771	MONDO:0007380	biolink:gene_associated_with_condition	1
0.9761997	HGNC:11771	MONDO:0011185	biolink:gene_associated_with_condition	1
0.97821563	HGNC:11771	MONDO:0011855	biolink:causes	1
0.9803854	HGNC:11771	MONDO:0012043	biolink:causes	1
0.9803854	HGNC:11771	MONDO:0012043	biolink:gene_associated_with_condition	1
0.98152333	HGNC:11771	MONDO:0007377	biolink:causes	1
0.98152333	HGNC:11771	MONDO:0007377	biolink:gene_associated_with_condition	1
0.9678078	HGNC:11771	MONDO:0012044	biolink:causes	1
0.9850509	HGNC:11771	MONDO:0007375	biolink:causes	1
0.9240735	HGNC:11776	MONDO:0017218	biolink:gene_associated_with_condition	1
0.896799	HGNC:11781	MONDO:0012345	biolink:gene_associated_with_condition	1
0.6654859	HGNC:11784	MONDO:0013775	biolink:causes	1
0.96257883	HGNC:11795	MONDO:0018000	biolink:gene_associated_with_condition	1
0.9757471	HGNC:11795	MONDO:0957572	biolink:causes	1
0.9855661	HGNC:11795	MONDO:0800452	biolink:gene_associated_with_condition	1
0.9904766	HGNC:17754	MONDO:0032891	biolink:causes	1
0.99999535	HGNC:17754	MONDO:0859379	biolink:causes	1
0.9889902	HGNC:15631	MONDO:0859083	biolink:causes	1
0.93453574	HGNC:29118	MONDO:0032871	biolink:causes	1
0.7710921	HGNC:25913	MONDO:0975887	biolink:gene_associated_with_condition	1
0.26596615	HGNC:26038	MONDO:0018448	biolink:gene_associated_with_condition	1
0.9961676	HGNC:37234	MONDO:0014343	biolink:causes	1
0.99916565	HGNC:26899	MONDO:0014992	biolink:causes	1
0.8031393	HGNC:11916	MONDO:0007727	biolink:causes	1
0.8881753	HGNC:18153	MONDO:0012291	biolink:causes	1
0.99554473	HGNC:11944	MONDO:0859335	biolink:causes	1
0.9851023	HGNC:19661	MONDO:0020745	biolink:causes	1
0.64135784	HGNC:29456	MONDO:0014900	biolink:gene_associated_with_condition	1
0.993722	HGNC:16197	MONDO:0033008	biolink:causes	1
0.95662254	HGNC:15979	MONDO:0007072	biolink:causes	1
0.82560104	HGNC:15979	MONDO:0029145	biolink:causes	1
0.96715856	HGNC:15979	MONDO:0011334	biolink:gene_associated_with_condition	1
0.9868874	HGNC:15979	MONDO:0011428	biolink:causes	1
0.9908466	HGNC:15979	MONDO:0014343	biolink:causes	1
0.98146033	HGNC:15979	MONDO:0007508	biolink:causes	1
0.9832844	HGNC:12016	MONDO:0030971	biolink:causes	1
0.66338533	HGNC:1343	MONDO:0014230	biolink:causes	1
0.1530065	HGNC:1343	MONDO:0013554	biolink:contributes_to	1
0.98354626	HGNC:23068	MONDO:0014343	biolink:causes	1
0.9975483	HGNC:30832	MONDO:0013173	biolink:causes	1
0.7678748	HGNC:12271	MONDO:0020512	biolink:gene_associated_with_condition	1
0.885978	HGNC:16380	MONDO:0009683	biolink:causes	1
0.8540679	HGNC:12310	MONDO:0014896	biolink:causes	1
0.8540679	HGNC:12310	MONDO:0014896	biolink:gene_associated_with_condition	1
0.9901446	HGNC:12305	MONDO:0008701	biolink:gene_associated_with_condition	1
0.9967044	HGNC:25481	MONDO:0013111	biolink:gene_associated_with_condition	1
0.8348751	HGNC:25481	MONDO:0010780	biolink:gene_associated_with_condition	1
0.9788623	HGNC:17993	MONDO:0020745	biolink:causes	1
0.9255425	HGNC:17993	MONDO:0011474	biolink:causes	1
0.7526665	HGNC:12362	MONDO:0008542	biolink:causes	1
0.9958264	HGNC:21641	MONDO:0013218	biolink:causes	1
0.7506291	HGNC:19141	MONDO:0011464	biolink:causes	1
0.99813145	HGNC:23700	MONDO:0032924	biolink:causes	1
0.34763813	HGNC:12403	MONDO:0012127	biolink:causes	1
0.7166666	HGNC:12403	MONDO:0012714	biolink:gene_associated_with_condition	1
0.89927703	HGNC:12403	MONDO:0017401	biolink:gene_associated_with_condition	1
0.34779793	HGNC:12403	MONDO:0010870	biolink:causes	1
0.34779793	HGNC:12403	MONDO:0010870	biolink:gene_associated_with_condition	1
0.94842696	HGNC:12405	MONDO:0020730	biolink:causes	1
0.7665828	HGNC:20778	MONDO:0014341	biolink:causes	1
0.5136684	HGNC:20773	MONDO:0044626	biolink:gene_associated_with_condition	1
0.58754605	HGNC:20773	MONDO:0021573	biolink:causes	1
0.9864161	HGNC:12441	MONDO:0031057	biolink:causes	1
0.8279495	HGNC:12442	MONDO:0018136	biolink:gene_associated_with_condition	1
0.9370841	HGNC:12442	MONDO:0011749	biolink:causes	1
0.99008477	HGNC:12449	MONDO:0014343	biolink:causes	1
0.98664594	HGNC:23230	MONDO:0014933	biolink:causes	1
0.9999968	HGNC:13478	MONDO:0009485	biolink:causes	1
0.9997147	HGNC:26444	MONDO:0010167	biolink:gene_associated_with_condition	1
0.90002507	HGNC:12631	MONDO:0009050	biolink:gene_associated_with_condition	1
0.19483809	HGNC:12624	MONDO:0976128	biolink:contributes_to	1
0.16813682	HGNC:12666	MONDO:0018006	biolink:gene_associated_with_condition	1
0.1330321	HGNC:12666	MONDO:0013501	biolink:causes	1
0.11149395	HGNC:12666	MONDO:0014735	biolink:causes	1
0.71397734	HGNC:12687	MONDO:0009892	biolink:gene_associated_with_condition	1
0.98226684	HGNC:13488	MONDO:0035819	biolink:causes	1
0.98226684	HGNC:13488	MONDO:0035819	biolink:gene_associated_with_condition	1
0.9269556	HGNC:14579	MONDO:0014118	biolink:causes	1
0.9881131	HGNC:17327	MONDO:0017283	biolink:gene_associated_with_condition	1
0.9989219	HGNC:17327	MONDO:0014741	biolink:causes	1
0.30506	HGNC:30696	MONDO:0012357	biolink:causes	1
0.96232533	HGNC:12783	MONDO:0008019	biolink:causes	1
0.96232533	HGNC:12783	MONDO:0008019	biolink:gene_associated_with_condition	1
0.98385346	HGNC:12783	MONDO:0012734	biolink:gene_associated_with_condition	1
0.9739267	HGNC:12775	MONDO:0009157	biolink:causes	1
0.9392461	HGNC:12775	MONDO:0014901	biolink:causes	1
0.89658386	HGNC:592	MONDO:0024551	biolink:causes	1
0.69409007	HGNC:592	MONDO:0010385	biolink:gene_associated_with_condition	1
0.5550549	HGNC:25489	MONDO:0019448	biolink:gene_associated_with_condition	1
0.9649456	HGNC:18326	MONDO:0008377	biolink:causes	1
0.9889326	HGNC:30935	MONDO:0011243	biolink:gene_associated_with_condition	1
0.35810244	HGNC:30939	MONDO:0008340	biolink:gene_associated_with_condition	1
1.0	HGNC:12869	MONDO:0958322	biolink:causes	1
0.8900925	HGNC:12872	MONDO:0018114	biolink:gene_associated_with_condition	1
0.98486406	HGNC:12872	MONDO:0032892	biolink:causes	1
0.99027026	HGNC:12872	MONDO:0014705	biolink:causes	1
0.99999833	HGNC:16493	MONDO:0032855	biolink:causes	1
0.9952643	HGNC:12927	MONDO:0032741	biolink:causes	1
0.9980872	HGNC:12933	MONDO:0014994	biolink:causes	1
0.9999999	HGNC:23216	MONDO:0024543	biolink:causes	1
0.99714786	HGNC:12771	MONDO:0014343	biolink:causes	1
0.99482816	HGNC:1675	MONDO:0014276	biolink:gene_associated_with_condition	1
0.9993741	HGNC:11935	MONDO:0010626	biolink:gene_associated_with_condition	1
0.9417087	HGNC:1641	MONDO:0004951	biolink:contributes_to	1
0.95701087	HGNC:16692	MONDO:0013341	biolink:causes	1
0.35163388	HGNC:16783	MONDO:0007768	biolink:gene_associated_with_condition	1
0.24735352	HGNC:16783	MONDO:0012004	biolink:causes	1
0.78791714	HGNC:1774	MONDO:0014596	biolink:causes	1
0.14139959	HGNC:1787	MONDO:0011713	biolink:contributes_to	1
0.43336675	HGNC:1787	MONDO:0015278	biolink:gene_associated_with_condition	1
0.98899347	HGNC:1850	MONDO:0007922	biolink:causes	1
0.9555551	HGNC:1857	MONDO:0009477	biolink:causes	1
0.9555551	HGNC:1857	MONDO:0009477	biolink:gene_associated_with_condition	1
0.95780224	HGNC:28209	MONDO:0014309	biolink:gene_associated_with_condition	1
0.8969452	HGNC:1869	MONDO:0007744	biolink:causes	1
0.9987871	HGNC:25631	MONDO:0054724	biolink:causes	1
0.9999659	HGNC:26708	MONDO:0025354	biolink:causes	1
0.94352114	HGNC:2771	MONDO:0013487	biolink:gene_associated_with_condition	1
0.99929047	HGNC:5394	MONDO:0012594	biolink:causes	1
0.99929047	HGNC:5394	MONDO:0012594	biolink:gene_associated_with_condition	1
0.6289435	HGNC:21645	MONDO:0014742	biolink:causes	1
0.87372434	HGNC:1919	MONDO:0014946	biolink:gene_associated_with_condition	1
0.98065394	HGNC:20626	MONDO:0008542	biolink:causes	1
0.9790648	HGNC:20626	MONDO:0007794	biolink:causes	1
0.9992248	HGNC:1938	MONDO:0011246	biolink:causes	1
0.9992248	HGNC:1938	MONDO:0011246	biolink:gene_associated_with_condition	1
0.86622196	HGNC:1940	MONDO:0008377	biolink:causes	1
0.98669076	HGNC:1966	MONDO:0014586	biolink:causes	1
0.9508567	HGNC:1987	MONDO:0008542	biolink:gene_associated_with_condition	1
0.99279404	HGNC:2025	MONDO:0014343	biolink:causes	1
0.93816006	HGNC:2025	MONDO:0008156	biolink:gene_associated_with_condition	1
0.08568277	HGNC:2063	MONDO:0010473	biolink:gene_associated_with_condition	1
0.99572563	HGNC:16999	MONDO:0014349	biolink:gene_associated_with_condition	1
0.89404255	HGNC:11968	MONDO:0033369	biolink:causes	1
0.8743505	HGNC:20492	MONDO:0018576	biolink:gene_associated_with_condition	1
0.88462275	HGNC:6546	MONDO:0054559	biolink:causes	1
0.53642344	HGNC:18621	MONDO:0014131	biolink:causes	1
0.9857759	HGNC:2202	MONDO:0012726	biolink:gene_associated_with_condition	1
0.9500548	HGNC:2202	MONDO:0018829	biolink:gene_associated_with_condition	1
0.98059183	HGNC:2202	MONDO:0100533	biolink:contributes_to	1
0.9988708	HGNC:2204	MONDO:0007086	biolink:gene_associated_with_condition	1
0.96554613	HGNC:2211	MONDO:0958353	biolink:gene_associated_with_condition	1
0.99069244	HGNC:2214	MONDO:0011398	biolink:gene_associated_with_condition	1
0.98786247	HGNC:2214	MONDO:0019310	biolink:gene_associated_with_condition	1
0.98776233	HGNC:2214	MONDO:0019522	biolink:gene_associated_with_condition	1
0.9961223	HGNC:2218	MONDO:0014343	biolink:causes	1
0.9908217	HGNC:2187	MONDO:0007740	biolink:causes	1
0.99279153	HGNC:2187	MONDO:0013795	biolink:causes	1
0.9963075	HGNC:2187	MONDO:0014343	biolink:causes	1
0.9784185	HGNC:2194	MONDO:0019307	biolink:gene_associated_with_condition	1
0.9706071	HGNC:2194	MONDO:0007381	biolink:gene_associated_with_condition	1
0.98203295	HGNC:2194	MONDO:0030750	biolink:causes	1
0.9983303	HGNC:2227	MONDO:0007561	biolink:causes	1
0.9994615	HGNC:2227	MONDO:0008322	biolink:causes	1
0.99761707	HGNC:2227	MONDO:0014343	biolink:causes	1
0.7394676	HGNC:2232	MONDO:0859253	biolink:causes	1
0.9993709	HGNC:2244	MONDO:0014754	biolink:causes	1
0.94938487	HGNC:2244	MONDO:0958129	biolink:gene_associated_with_condition	1
0.97871006	HGNC:2244	MONDO:0013840	biolink:gene_associated_with_condition	1
0.9565569	HGNC:2294	MONDO:0033650	biolink:causes	1
0.99864656	HGNC:2260	MONDO:0033635	biolink:causes	1
0.9999738	HGNC:2260	MONDO:0700250	biolink:causes	1
0.9830305	HGNC:17272	MONDO:0014343	biolink:causes	1
0.9999871	HGNC:2309	MONDO:0008684	biolink:gene_associated_with_condition	1
0.9740864	HGNC:2321	MONDO:0030048	biolink:gene_associated_with_condition	1
0.9931947	HGNC:2336	MONDO:0013862	biolink:causes	1
0.97700953	HGNC:2343	MONDO:0008246	biolink:causes	1
0.19037117	HGNC:2359	MONDO:0011239	biolink:gene_associated_with_condition	1
0.9929883	HGNC:37276	MONDO:0014474	biolink:causes	1
0.9642414	HGNC:2398	MONDO:0015300	biolink:gene_associated_with_condition	1
0.9465283	HGNC:2410	MONDO:0015300	biolink:gene_associated_with_condition	1
0.9583734	HGNC:2410	MONDO:0018611	biolink:gene_associated_with_condition	1
0.920869	HGNC:2410	MONDO:0011430	biolink:gene_associated_with_condition	1
0.99495775	HGNC:2433	MONDO:0014343	biolink:causes	1
0.99301004	HGNC:2433	MONDO:0032772	biolink:causes	1
0.96318376	HGNC:26193	MONDO:0008377	biolink:causes	1
0.91721326	HGNC:26047	MONDO:0018393	biolink:gene_associated_with_condition	1
0.9961901	HGNC:26047	MONDO:0957202	biolink:causes	1
0.9330888	HGNC:18831	MONDO:0013662	biolink:causes	1
0.7367636	HGNC:2505	MONDO:0018324	biolink:gene_associated_with_condition	1
0.98377496	HGNC:2505	MONDO:0014493	biolink:gene_associated_with_condition	1
0.9875657	HGNC:2510	MONDO:0032578	biolink:causes	1
0.9806656	HGNC:2518	MONDO:0009064	biolink:causes	1
0.7137111	HGNC:2594	MONDO:0013301	biolink:gene_associated_with_condition	1
0.6055503	HGNC:2673	MONDO:0976232	biolink:causes	1
0.99981195	HGNC:26383	MONDO:0957922	biolink:causes	1
0.7841028	HGNC:15594	MONDO:0030334	biolink:contributes_to	1
0.99999416	HGNC:13681	MONDO:0011070	biolink:causes	1
0.76602477	HGNC:29812	MONDO:0014648	biolink:causes	1
0.7741428	HGNC:2711	MONDO:0008201	biolink:gene_associated_with_condition	1
0.10083901	HGNC:2711	MONDO:0007103	biolink:contributes_to	1
0.9999988	HGNC:25360	MONDO:0008267	biolink:gene_associated_with_condition	1
0.9271485	HGNC:20603	MONDO:0008377	biolink:causes	1
0.96753466	HGNC:17210	MONDO:0032888	biolink:causes	1
0.86800617	HGNC:17210	MONDO:8000015	biolink:gene_associated_with_condition	1
0.9752828	HGNC:2883	MONDO:0030839	biolink:causes	1
0.66590726	HGNC:2898	MONDO:0009529	biolink:gene_associated_with_condition	1
0.9166355	HGNC:2908	MONDO:0019758	biolink:gene_associated_with_condition	1
0.98573375	HGNC:2916	MONDO:0008592	biolink:causes	1
0.9952053	HGNC:2950	MONDO:0012085	biolink:causes	1
0.9837182	HGNC:2941	MONDO:0009461	biolink:gene_associated_with_condition	1
0.9875251	HGNC:18744	MONDO:0012906	biolink:causes	1
0.9969566	HGNC:30718	MONDO:0014909	biolink:causes	1
0.78007185	HGNC:2976	MONDO:0011397	biolink:causes	1
0.78007185	HGNC:2976	MONDO:0011397	biolink:gene_associated_with_condition	1
0.972583	HGNC:19190	MONDO:0014371	biolink:causes	1
0.9990964	HGNC:2995	MONDO:0011964	biolink:gene_associated_with_condition	1
0.99659973	HGNC:3005	MONDO:0012123	biolink:gene_associated_with_condition	1
0.51659954	HGNC:21307	MONDO:0011932	biolink:causes	1
0.99965405	HGNC:3054	MONDO:0009820	biolink:causes	1
0.96841013	HGNC:3087	MONDO:0014343	biolink:causes	1
0.9878444	HGNC:24595	MONDO:0014343	biolink:causes	1
0.8919038	HGNC:3097	MONDO:0016049	biolink:gene_associated_with_condition	1
0.9880838	HGNC:29419	MONDO:0013971	biolink:causes	1
0.68117	HGNC:3178	MONDO:0013384	biolink:contributes_to	1
0.74271315	HGNC:3178	MONDO:0800026	biolink:gene_associated_with_condition	1
0.9232797	HGNC:3188	MONDO:0060510	biolink:causes	1
0.53008145	HGNC:3236	MONDO:0014481	biolink:causes	1
0.8364642	HGNC:3247	MONDO:0014275	biolink:causes	1
0.9157143	HGNC:3259	MONDO:0015519	biolink:gene_associated_with_condition	1
0.90818775	HGNC:3259	MONDO:0015520	biolink:gene_associated_with_condition	1
0.8616814	HGNC:3259	MONDO:0020507	biolink:gene_associated_with_condition	1
0.6618696	HGNC:18683	MONDO:0009998	biolink:causes	1
0.8620923	HGNC:18683	MONDO:0014343	biolink:causes	1
0.998464	HGNC:3330	MONDO:0010873	biolink:causes	1
0.78990716	HGNC:3356	MONDO:0009925	biolink:gene_associated_with_condition	1
0.920656	HGNC:3356	MONDO:0014227	biolink:gene_associated_with_condition	1
0.88789517	HGNC:3356	MONDO:0008817	biolink:causes	1
0.21283692	HGNC:3373	MONDO:0020769	biolink:causes	1
0.88658994	HGNC:3373	MONDO:0013364	biolink:causes	1
0.87842965	HGNC:3374	MONDO:0016599	biolink:gene_associated_with_condition	1
0.72856903	HGNC:3395	MONDO:0020785	biolink:causes	1
0.18169433	HGNC:3423	MONDO:0043364	biolink:causes	1
0.15968904	HGNC:18173	MONDO:0007191	biolink:gene_associated_with_condition	1
0.99739504	HGNC:3433	MONDO:0012554	biolink:causes	1
0.97226834	HGNC:3446	MONDO:0007922	biolink:causes	1
0.9999908	HGNC:23994	MONDO:0958005	biolink:causes	1
0.48568216	HGNC:3468	MONDO:0032590	biolink:causes	1
0.99993217	HGNC:23287	MONDO:0011229	biolink:causes	1
0.14080968	HGNC:3508	MONDO:0019373	biolink:gene_associated_with_condition	1
0.98427224	MONDO:0007042	HGNC:3689	biolink:causes	1
0.98427224	MONDO:0007042	HGNC:3689	biolink:gene_associated_with_condition	1
0.9988708	MONDO:0007086	HGNC:2204	biolink:gene_associated_with_condition	1
0.9995951	MONDO:0007158	HGNC:26270	biolink:causes	1
0.9995951	MONDO:0007158	HGNC:26270	biolink:gene_associated_with_condition	1
0.9197219	MONDO:0007222	HGNC:5136	biolink:causes	1
0.98672897	MONDO:0007294	HGNC:10483	biolink:gene_associated_with_condition	1
0.9981895	MONDO:0007334	HGNC:6121	biolink:causes	1
0.57694054	MONDO:0007338	HGNC:12463	biolink:gene_associated_with_condition	1
0.46977758	MONDO:0007374	HGNC:30791	biolink:gene_associated_with_condition	1
0.961715	MONDO:0007378	HGNC:15804	biolink:causes	1
0.9565853	MONDO:0007451	HGNC:634	biolink:causes	1
0.58534604	MONDO:0007483	HGNC:225	biolink:gene_associated_with_condition	1
0.99323237	MONDO:0007495	HGNC:4193	biolink:causes	1
0.895487	MONDO:0007551	HGNC:6416	biolink:causes	1
0.99527717	MONDO:0007571	HGNC:10597	biolink:causes	1
0.99527717	MONDO:0007571	HGNC:10597	biolink:gene_associated_with_condition	1
0.9770081	MONDO:0007615	HGNC:13243	biolink:causes	1
0.96968085	MONDO:0007635	HGNC:12796	biolink:gene_associated_with_condition	1
0.9094466	MONDO:0007664	HGNC:7610	biolink:causes	1
0.061278917	MONDO:0007672	HGNC:14373	biolink:causes	1
0.8730105	MONDO:0007677	HGNC:18762	biolink:causes	1
0.5521118	MONDO:0007681	HGNC:17098	biolink:causes	1
0.412797	MONDO:0007750	HGNC:601	biolink:contributes_to	1
0.43551338	MONDO:0007758	HGNC:6423	biolink:gene_associated_with_condition	1
0.99590355	MONDO:0007790	HGNC:3239	biolink:causes	1
0.98664665	MONDO:0007794	HGNC:26821	biolink:causes	1
0.9995461	MONDO:0007794	HGNC:11521	biolink:causes	1
0.97102934	MONDO:0007794	HGNC:6211	biolink:causes	1
0.9790648	MONDO:0007794	HGNC:20626	biolink:causes	1
0.99703205	MONDO:0007794	HGNC:15836	biolink:causes	1
0.9790375	MONDO:0007794	HGNC:15533	biolink:causes	1
0.9943183	MONDO:0007794	HGNC:10727	biolink:causes	1
0.831826	MONDO:0007794	HGNC:11281	biolink:causes	1
0.8355738	MONDO:0007818	HGNC:11364	biolink:causes	1
0.4226318	MONDO:0007838	HGNC:3749	biolink:gene_associated_with_condition	1
0.4986874	MONDO:0007854	HGNC:2527	biolink:causes	1
0.9992976	MONDO:0007862	HGNC:8617	biolink:causes	1
0.9992976	MONDO:0007862	HGNC:8617	biolink:gene_associated_with_condition	1
0.9345625	MONDO:0007871	HGNC:5950	biolink:causes	1
0.99885345	MONDO:0007875	HGNC:15808	biolink:causes	1
0.98619545	MONDO:0007875	HGNC:3755	biolink:gene_associated_with_condition	1
0.7908515	MONDO:0007883	HGNC:12754	biolink:gene_associated_with_condition	1
0.9984043	MONDO:0007895	HGNC:2200	biolink:gene_associated_with_condition	1
0.99178505	MONDO:0007931	HGNC:12703	biolink:gene_associated_with_condition	1
0.9967906	MONDO:0007943	HGNC:10771	biolink:gene_associated_with_condition	1
0.6781003	MONDO:0007979	HGNC:9644	biolink:causes	1
0.6781003	MONDO:0007979	HGNC:9644	biolink:gene_associated_with_condition	1
0.99990535	MONDO:0007987	HGNC:13869	biolink:causes	1
0.9999236	MONDO:0007999	HGNC:10889	biolink:causes	1
0.96232533	MONDO:0008019	HGNC:12783	biolink:causes	1
0.96232533	MONDO:0008019	HGNC:12783	biolink:gene_associated_with_condition	1
0.9728828	MONDO:0008087	HGNC:9118	biolink:gene_associated_with_condition	1
0.8252873	MONDO:0008119	HGNC:10548	biolink:causes	1
0.991867	MONDO:0008123	HGNC:4040	biolink:gene_associated_with_condition	1
0.9565557	MONDO:0008147	HGNC:19316	biolink:gene_associated_with_condition	1
0.9978619	MONDO:0008179	HGNC:10597	biolink:gene_associated_with_condition	1
0.36175418	MONDO:0008259	HGNC:27310	biolink:causes	1
0.9999988	MONDO:0008267	HGNC:25360	biolink:gene_associated_with_condition	1
0.99042773	MONDO:0008275	HGNC:11908	biolink:gene_associated_with_condition	1
0.99408096	MONDO:0008368	HGNC:11027	biolink:causes	1
0.99956125	MONDO:0008392	HGNC:7225	biolink:causes	1
0.99956125	MONDO:0008392	HGNC:7225	biolink:gene_associated_with_condition	1
0.96794474	MONDO:0008392	HGNC:9118	biolink:gene_associated_with_condition	1
0.8761902	MONDO:0008416	HGNC:18398	biolink:causes	1
0.8761902	MONDO:0008416	HGNC:18398	biolink:gene_associated_with_condition	1
0.9987771	MONDO:0008436	HGNC:1839	biolink:causes	1
0.99585104	MONDO:0008476	HGNC:2200	biolink:causes	1
0.96249247	MONDO:0008572	HGNC:10848	biolink:gene_associated_with_condition	1
0.9714059	MONDO:0008572	HGNC:13243	biolink:gene_associated_with_condition	1
0.98573375	MONDO:0008592	HGNC:2916	biolink:causes	1
0.9999032	MONDO:0008644	HGNC:2846	biolink:causes	1
0.95233005	MONDO:0008660	HGNC:3680	biolink:gene_associated_with_condition	1
0.91688275	MONDO:0008684	HGNC:25985	biolink:gene_associated_with_condition	1
0.9999871	MONDO:0008684	HGNC:2309	biolink:gene_associated_with_condition	1
0.45758063	MONDO:0008684	HGNC:12768	biolink:gene_associated_with_condition	1
0.9843678	MONDO:0008700	HGNC:13243	biolink:gene_associated_with_condition	1
0.9699948	MONDO:0008720	HGNC:11596	biolink:causes	1
0.9699948	MONDO:0008720	HGNC:11596	biolink:gene_associated_with_condition	1
0.9995459	MONDO:0008740	HGNC:9142	biolink:gene_associated_with_condition	1
0.9873132	MONDO:0008764	HGNC:4689	biolink:causes	1
0.9967348	MONDO:0008772	HGNC:6365	biolink:causes	1
0.93657666	MONDO:0008788	HGNC:16517	biolink:gene_associated_with_condition	1
0.71261966	MONDO:0008860	HGNC:14412	biolink:causes	1
0.9806754	MONDO:0008872	HGNC:16068	biolink:gene_associated_with_condition	1
0.9860638	MONDO:0009025	HGNC:5209	biolink:causes	1
0.9998634	MONDO:0009033	HGNC:29521	biolink:causes	1
0.9959687	MONDO:0009053	HGNC:9722	biolink:causes	1
0.9959687	MONDO:0009053	HGNC:9722	biolink:gene_associated_with_condition	1
0.21193425	MONDO:0009061	HGNC:3616	biolink:contributes_to	1
0.4757178	MONDO:0009061	HGNC:8941	biolink:gene_associated_with_condition	1
0.2701067	MONDO:0009061	HGNC:14469	biolink:gene_associated_with_condition	1
0.99987507	MONDO:0009061	HGNC:1884	biolink:causes	1
0.21273756	MONDO:0009061	HGNC:4635	biolink:gene_associated_with_condition	1
0.16028017	MONDO:0009061	HGNC:7097	biolink:gene_associated_with_condition	1
0.04132097	MONDO:0009061	HGNC:10907	biolink:gene_associated_with_condition	1
0.11723639	MONDO:0009061	HGNC:11766	biolink:contributes_to	1
0.44069833	MONDO:0009061	HGNC:3179	biolink:gene_associated_with_condition	1
0.87547874	MONDO:0009069	HGNC:15714	biolink:causes	1
0.99801207	MONDO:0009073	HGNC:28984	biolink:causes	1
0.94727916	MONDO:0009101	HGNC:12762	biolink:causes	1
0.99969494	MONDO:0009109	HGNC:11065	biolink:causes	1
0.8872232	MONDO:0009113	HGNC:1093	biolink:causes	1
0.9739267	MONDO:0009157	HGNC:12775	biolink:causes	1
0.9996513	MONDO:0009161	HGNC:218	biolink:causes	1
0.99958724	MONDO:0009213	HGNC:3584	biolink:causes	1
0.98811686	MONDO:0009265	HGNC:4177	biolink:causes	1
0.9967025	MONDO:0009281	HGNC:4189	biolink:gene_associated_with_condition	1
0.77529126	MONDO:0009353	HGNC:7436	biolink:gene_associated_with_condition	1
0.9974497	MONDO:0009377	HGNC:17996	biolink:causes	1
0.9974497	MONDO:0009377	HGNC:17996	biolink:gene_associated_with_condition	1
0.99976975	MONDO:0009393	HGNC:10985	biolink:causes	1
0.99647766	MONDO:0009397	HGNC:1514	biolink:causes	1
0.99647766	MONDO:0009397	HGNC:1514	biolink:gene_associated_with_condition	1
0.9935167	MONDO:0009413	HGNC:1633	biolink:causes	1
0.9837182	MONDO:0009461	HGNC:2941	biolink:gene_associated_with_condition	1
0.99471587	MONDO:0009461	HGNC:26532	biolink:gene_associated_with_condition	1
0.96915585	MONDO:0009469	HGNC:3706	biolink:gene_associated_with_condition	1
0.9555551	MONDO:0009477	HGNC:1857	biolink:causes	1
0.9555551	MONDO:0009477	HGNC:1857	biolink:gene_associated_with_condition	1
0.9999968	MONDO:0009485	HGNC:13478	biolink:causes	1
0.91265625	MONDO:0009501	HGNC:10922	biolink:causes	1
0.8197187	MONDO:0009505	HGNC:19708	biolink:causes	1
0.97421986	MONDO:0009513	HGNC:6483	biolink:gene_associated_with_condition	1
0.5929938	MONDO:0009558	HGNC:20194	biolink:causes	1
0.9890876	MONDO:0009562	HGNC:6831	biolink:gene_associated_with_condition	1
0.9993839	MONDO:0009598	HGNC:10664	biolink:gene_associated_with_condition	1
0.8552473	MONDO:0009606	HGNC:2873	biolink:causes	1
0.9944167	MONDO:0009642	HGNC:7744	biolink:gene_associated_with_condition	1
0.89599377	MONDO:0009646	HGNC:1349	biolink:causes	1
0.999995	MONDO:0009650	HGNC:29670	biolink:causes	1
0.999995	MONDO:0009650	HGNC:29670	biolink:gene_associated_with_condition	1
0.99989474	MONDO:0009658	HGNC:4422	biolink:causes	1
0.9992799	MONDO:0009706	HGNC:29882	biolink:causes	1
0.9432348	MONDO:0009714	HGNC:2212	biolink:gene_associated_with_condition	1
0.9993401	MONDO:0009722	HGNC:28423	biolink:causes	1
0.990905	MONDO:0009806	HGNC:18169	biolink:causes	1
0.96789026	MONDO:0009818	HGNC:1373	biolink:causes	1
0.96789026	MONDO:0009818	HGNC:1373	biolink:gene_associated_with_condition	1
0.87399876	MONDO:0009874	HGNC:6091	biolink:causes	1
0.99573046	MONDO:0009890	HGNC:15672	biolink:causes	1
0.7942641	MONDO:0009902	HGNC:4170	biolink:gene_associated_with_condition	1
0.99964595	MONDO:0009910	HGNC:30074	biolink:gene_associated_with_condition	1
0.9999889	MONDO:0009934	HGNC:3809	biolink:gene_associated_with_condition	1
0.72157186	MONDO:0009950	HGNC:9020	biolink:gene_associated_with_condition	1
0.99704105	MONDO:0009958	HGNC:8940	biolink:causes	1
0.99079084	MONDO:0009990	HGNC:11824	biolink:gene_associated_with_condition	1
0.90612155	MONDO:0009994	HGNC:7765	biolink:gene_associated_with_condition	1
0.6618696	MONDO:0009998	HGNC:18683	biolink:causes	1
0.9634429	MONDO:0010043	HGNC:15832	biolink:causes	1
0.9999366	MONDO:0010075	HGNC:17978	biolink:gene_associated_with_condition	1
0.9987154	MONDO:0010099	HGNC:4367	biolink:causes	1
0.9987154	MONDO:0010099	HGNC:4367	biolink:gene_associated_with_condition	1
0.99079144	MONDO:0010135	HGNC:11764	biolink:causes	1
0.9997147	MONDO:0010167	HGNC:26444	biolink:gene_associated_with_condition	1
0.93361735	MONDO:0010171	HGNC:12597	biolink:causes	1
0.9999858	MONDO:0010183	HGNC:23038	biolink:gene_associated_with_condition	1
0.9201437	MONDO:0010232	HGNC:3754	biolink:causes	1
0.999521	MONDO:0010292	HGNC:3702	biolink:causes	1
0.83036494	MONDO:0010296	HGNC:13867	biolink:causes	1
0.89081985	MONDO:0010356	HGNC:897	biolink:gene_associated_with_condition	1
0.85552996	MONDO:0010392	HGNC:8896	biolink:gene_associated_with_condition	1
0.98663735	MONDO:0010400	HGNC:3702	biolink:gene_associated_with_condition	1
0.8459584	MONDO:0010404	HGNC:816	biolink:gene_associated_with_condition	1
0.9970962	MONDO:0010424	HGNC:2435	biolink:causes	1
0.9918684	MONDO:0010441	HGNC:13398	biolink:causes	1
0.9918684	MONDO:0010441	HGNC:13398	biolink:gene_associated_with_condition	1
0.9979346	MONDO:0010465	HGNC:12637	biolink:causes	1
0.29402554	MONDO:0010469	HGNC:18308	biolink:contributes_to	1
0.08568277	MONDO:0010473	HGNC:2063	biolink:gene_associated_with_condition	1
0.9962419	MONDO:0010477	HGNC:11957	biolink:causes	1
0.9962419	MONDO:0010477	HGNC:11957	biolink:gene_associated_with_condition	1
0.89127207	MONDO:0010485	HGNC:5004	biolink:causes	1
0.8036046	MONDO:0010489	HGNC:7096	biolink:causes	1
0.92848957	MONDO:0010501	HGNC:7871	biolink:gene_associated_with_condition	1
0.9979377	MONDO:0010526	HGNC:4296	biolink:causes	1
0.99356407	MONDO:0010554	HGNC:11600	biolink:causes	1
0.9969795	MONDO:0010656	HGNC:29059	biolink:gene_associated_with_condition	1
0.9992291	MONDO:0010664	HGNC:11123	biolink:gene_associated_with_condition	1
0.96153486	MONDO:0010704	HGNC:3754	biolink:causes	1
0.59404796	MONDO:0010720	HGNC:644	biolink:gene_associated_with_condition	1
0.99955505	MONDO:0010752	HGNC:3583	biolink:causes	1
0.38299158	MONDO:0010849	HGNC:638	biolink:gene_associated_with_condition	1
0.79231155	MONDO:0010853	HGNC:5439	biolink:contributes_to	1
0.998464	MONDO:0010873	HGNC:3330	biolink:causes	1
0.90082717	MONDO:0010877	HGNC:16877	biolink:gene_associated_with_condition	1
0.9637965	MONDO:0010933	HGNC:6256	biolink:causes	1
0.9774336	MONDO:0010933	HGNC:8818	biolink:causes	1
0.99828845	MONDO:0010985	HGNC:31750	biolink:causes	1
0.9999317	MONDO:0011010	HGNC:30650	biolink:causes	1
0.9999317	MONDO:0011010	HGNC:30650	biolink:gene_associated_with_condition	1
0.8657713	MONDO:0011066	HGNC:7450	biolink:gene_associated_with_condition	1
0.99999416	MONDO:0011070	HGNC:13681	biolink:causes	1
0.9962804	MONDO:0011086	HGNC:9832	biolink:causes	1
0.97007036	MONDO:0011094	HGNC:15710	biolink:causes	1
0.9967643	MONDO:0011107	HGNC:1762	biolink:causes	1
0.9948237	MONDO:0011143	HGNC:4689	biolink:causes	1
0.9300839	MONDO:0011223	HGNC:445	biolink:gene_associated_with_condition	1
0.19037117	MONDO:0011239	HGNC:2359	biolink:gene_associated_with_condition	1
0.9889326	MONDO:0011243	HGNC:30935	biolink:gene_associated_with_condition	1
0.9890421	MONDO:0011275	HGNC:7944	biolink:causes	1
0.98455703	MONDO:0011291	HGNC:23157	biolink:causes	1
0.7899038	MONDO:0011299	HGNC:9449	biolink:gene_associated_with_condition	1
0.9948895	MONDO:0011335	HGNC:6391	biolink:gene_associated_with_condition	1
0.9629584	MONDO:0011339	HGNC:28984	biolink:causes	1
0.92975813	MONDO:0011351	HGNC:11720	biolink:causes	1
0.99997723	MONDO:0011359	HGNC:29316	biolink:causes	1
0.9941041	MONDO:0011417	HGNC:11762	biolink:causes	1
0.99701416	MONDO:0011445	HGNC:11226	biolink:causes	1
0.80475336	MONDO:0011473	HGNC:31923	biolink:causes	1
0.94600356	MONDO:0011477	HGNC:8623	biolink:causes	1
0.9850618	MONDO:0011481	HGNC:7392	biolink:gene_associated_with_condition	1
0.99017346	MONDO:0011489	HGNC:10468	biolink:gene_associated_with_condition	1
0.99916816	MONDO:0011493	HGNC:2186	biolink:gene_associated_with_condition	1
0.98351234	MONDO:0011529	HGNC:6235	biolink:causes	1
0.89568543	MONDO:0011541	HGNC:3522	biolink:causes	1
0.9500203	MONDO:0011585	HGNC:8157	biolink:gene_associated_with_condition	1
0.95807374	MONDO:0011593	HGNC:30500	biolink:causes	1
0.94889504	MONDO:0011629	HGNC:24862	biolink:causes	1
0.9930715	MONDO:0011633	HGNC:18083	biolink:gene_associated_with_condition	1
0.14139959	MONDO:0011713	HGNC:1787	biolink:contributes_to	1
0.9370841	MONDO:0011749	HGNC:12442	biolink:causes	1
0.8548987	MONDO:0011761	HGNC:13872	biolink:causes	1
0.9980825	MONDO:0011765	HGNC:6909	biolink:causes	1
0.63654745	MONDO:0011789	HGNC:9588	biolink:contributes_to	1
0.9949509	MONDO:0011801	HGNC:18884	biolink:gene_associated_with_condition	1
0.99913675	MONDO:0011829	HGNC:15984	biolink:causes	1
0.99999964	MONDO:0011833	HGNC:25186	biolink:causes	1
0.8524819	MONDO:0011837	HGNC:23663	biolink:causes	1
0.99802065	MONDO:0011889	HGNC:7225	biolink:causes	1
0.97859335	MONDO:0011929	HGNC:5273	biolink:gene_associated_with_condition	1
0.114537306	MONDO:0011929	HGNC:7171	biolink:gene_associated_with_condition	1
0.82515675	MONDO:0011937	HGNC:2481	biolink:causes	1
0.9981521	MONDO:0011945	HGNC:4177	biolink:causes	1
0.97985816	MONDO:0011957	HGNC:9454	biolink:causes	1
0.99904853	MONDO:0011969	HGNC:23161	biolink:gene_associated_with_condition	1
0.7068272	MONDO:0011973	HGNC:11013	biolink:causes	1
0.9544065	MONDO:0012041	HGNC:7326	biolink:causes	1
0.7784317	MONDO:0012041	HGNC:2001	biolink:causes	1
0.8410121	MONDO:0012041	HGNC:7127	biolink:causes	1
0.9513483	MONDO:0012041	HGNC:7527	biolink:gene_associated_with_condition	1
0.9163441	MONDO:0012041	HGNC:8028	biolink:causes	1
0.93788654	MONDO:0012041	HGNC:9177	biolink:causes	1
0.8935778	MONDO:0012041	HGNC:1076	biolink:causes	1
0.8068888	MONDO:0012041	HGNC:9588	biolink:causes	1
0.8356717	MONDO:0012041	HGNC:11389	biolink:causes	1
0.9608817	MONDO:0012041	HGNC:11529	biolink:causes	1
0.9952053	MONDO:0012085	HGNC:2950	biolink:causes	1
0.51517683	MONDO:0012089	HGNC:10998	biolink:gene_associated_with_condition	1
0.99992526	MONDO:0012125	HGNC:17494	biolink:causes	1
0.7751116	MONDO:0012161	HGNC:1706	biolink:gene_associated_with_condition	1
0.9998869	MONDO:0012165	HGNC:23399	biolink:causes	1
0.7482894	MONDO:0012173	HGNC:4801	biolink:gene_associated_with_condition	1
0.49729726	MONDO:0012193	HGNC:5037	biolink:causes	1
0.49729726	MONDO:0012193	HGNC:5037	biolink:gene_associated_with_condition	1
0.9778953	MONDO:0012197	HGNC:11727	biolink:gene_associated_with_condition	1
0.6641237	MONDO:0012197	HGNC:19440	biolink:gene_associated_with_condition	1
0.9954963	MONDO:0012205	HGNC:8794	biolink:causes	1
0.99575824	MONDO:0012221	HGNC:7631	biolink:gene_associated_with_condition	1
0.76858836	MONDO:0012225	HGNC:28949	biolink:causes	1
0.86244833	MONDO:0012297	HGNC:20716	biolink:causes	1
0.86244833	MONDO:0012297	HGNC:20716	biolink:gene_associated_with_condition	1
0.896799	MONDO:0012345	HGNC:11781	biolink:gene_associated_with_condition	1
0.30506	MONDO:0012357	HGNC:30696	biolink:causes	1
0.76521134	MONDO:0012381	HGNC:6091	biolink:gene_associated_with_condition	1
0.9538732	MONDO:0012393	HGNC:4341	biolink:gene_associated_with_condition	1
0.6032717	MONDO:0012401	HGNC:11220	biolink:gene_associated_with_condition	1
0.99508035	MONDO:0012413	HGNC:8522	biolink:gene_associated_with_condition	1
0.9003675	MONDO:0012421	HGNC:232	biolink:causes	1
0.9990206	MONDO:0012449	HGNC:8820	biolink:gene_associated_with_condition	1
0.9936215	MONDO:0012453	HGNC:25786	biolink:causes	1
0.7799858	MONDO:0012465	HGNC:23213	biolink:gene_associated_with_condition	1
0.98906636	MONDO:0012465	HGNC:18858	biolink:gene_associated_with_condition	1
0.95192397	MONDO:0012497	HGNC:4393	biolink:causes	1
0.5480012	MONDO:0012521	HGNC:11584	biolink:gene_associated_with_condition	1
0.7217949	MONDO:0012529	HGNC:10411	biolink:causes	1
0.915993	MONDO:0012541	HGNC:3681	biolink:causes	1
0.5306467	MONDO:0012569	HGNC:20908	biolink:causes	1
0.9719481	MONDO:0012613	HGNC:25994	biolink:causes	1
0.99663854	MONDO:0012621	HGNC:16035	biolink:causes	1
0.9907725	MONDO:0012621	HGNC:18810	biolink:gene_associated_with_condition	1
0.98969984	MONDO:0012669	HGNC:20249	biolink:causes	1
0.9779239	MONDO:0012677	HGNC:6242	biolink:causes	1
0.99871266	MONDO:0012689	HGNC:22448	biolink:causes	1
0.8741679	MONDO:0012693	HGNC:4706	biolink:causes	1
0.7166666	MONDO:0012714	HGNC:12403	biolink:gene_associated_with_condition	1
0.8806554	MONDO:0012718	HGNC:14508	biolink:causes	1
0.9857759	MONDO:0012726	HGNC:2202	biolink:gene_associated_with_condition	1
0.98385346	MONDO:0012734	HGNC:12783	biolink:gene_associated_with_condition	1
0.5573332	MONDO:0012738	HGNC:379	biolink:causes	1
0.61729825	MONDO:0012758	HGNC:7372	biolink:contributes_to	1
0.9969777	MONDO:0012774	HGNC:13672	biolink:causes	1
0.9648091	MONDO:0012786	HGNC:23094	biolink:causes	1
0.8140684	MONDO:0012794	HGNC:21863	biolink:gene_associated_with_condition	1
0.839441	MONDO:0012834	HGNC:6120	biolink:contributes_to	1
0.9983479	MONDO:0012866	HGNC:21197	biolink:causes	1
0.8919952	MONDO:0012911	HGNC:4392	biolink:gene_associated_with_condition	1
0.9413705	MONDO:0012943	HGNC:5385	biolink:causes	1
0.9997217	MONDO:0012979	HGNC:21057	biolink:causes	1
0.985546	MONDO:0012983	HGNC:9454	biolink:causes	1
0.9928818	MONDO:0013007	HGNC:25896	biolink:causes	1
0.72024286	MONDO:0013011	HGNC:143	biolink:causes	1
0.8153278	MONDO:0013047	HGNC:6535	biolink:gene_associated_with_condition	1
0.9915701	MONDO:0013051	HGNC:9721	biolink:causes	1
0.7498196	MONDO:0013059	HGNC:15925	biolink:causes	1
0.8695537	MONDO:0013063	HGNC:3010	biolink:contributes_to	1
0.706468	MONDO:0013083	HGNC:427	biolink:contributes_to	1
0.9967044	MONDO:0013111	HGNC:25481	biolink:gene_associated_with_condition	1
0.99587643	MONDO:0013119	HGNC:26521	biolink:causes	1
0.9755889	MONDO:0013127	HGNC:29262	biolink:gene_associated_with_condition	1
0.941698	MONDO:0013139	HGNC:4237	biolink:causes	1
0.9398062	MONDO:0013156	HGNC:3622	biolink:causes	1
0.9999628	MONDO:0013164	HGNC:16297	biolink:gene_associated_with_condition	1
0.8868601	MONDO:0013184	HGNC:11529	biolink:causes	1
0.9899963	MONDO:0013208	HGNC:25355	biolink:gene_associated_with_condition	1
0.8388998	MONDO:0013212	HGNC:20	biolink:causes	1
0.5408844	MONDO:0013216	HGNC:10383	biolink:causes	1
0.999848	MONDO:0013228	HGNC:951	biolink:causes	1
0.7685867	MONDO:0013236	HGNC:26144	biolink:contributes_to	1
0.9925128	MONDO:0013244	HGNC:9607	biolink:causes	1
0.9989329	MONDO:0013256	HGNC:19353	biolink:causes	1
0.9989329	MONDO:0013256	HGNC:19353	biolink:gene_associated_with_condition	1
0.9999417	MONDO:0013268	HGNC:450	biolink:causes	1
0.9490125	MONDO:0013276	HGNC:6518	biolink:causes	1
0.8824312	MONDO:0013288	HGNC:1698	biolink:causes	1
0.78180027	MONDO:0013312	HGNC:13210	biolink:causes	1
0.9861822	MONDO:0013352	HGNC:3823	biolink:causes	1
0.88658994	MONDO:0013364	HGNC:3373	biolink:causes	1
0.68117	MONDO:0013384	HGNC:3178	biolink:contributes_to	1
0.98957974	MONDO:0013388	HGNC:10588	biolink:causes	1
0.58132714	MONDO:0013400	HGNC:2590	biolink:causes	1
0.734443	MONDO:0013449	HGNC:2383	biolink:causes	1
0.8581408	MONDO:0013469	HGNC:7027	biolink:causes	1
0.9204432	MONDO:0013473	HGNC:3146	biolink:causes	1
0.93216026	MONDO:0013482	HGNC:25774	biolink:causes	1
0.95329165	MONDO:0013531	HGNC:9577	biolink:causes	1
0.9999819	MONDO:0013551	HGNC:572	biolink:causes	1
0.7987021	MONDO:0013559	HGNC:8549	biolink:gene_associated_with_condition	1
0.9637286	MONDO:0013559	HGNC:17328	biolink:causes	1
0.38125753	MONDO:0013571	HGNC:1516	biolink:gene_associated_with_condition	1
0.67065096	MONDO:0013587	HGNC:6541	biolink:gene_associated_with_condition	1
0.9270911	MONDO:0013595	HGNC:1062	biolink:causes	1
0.8056729	MONDO:0013607	HGNC:4171	biolink:causes	1
0.9999995	MONDO:0013615	HGNC:5967	biolink:causes	1
0.999027	MONDO:0013624	HGNC:6823	biolink:causes	1
0.88522005	MONDO:0013640	HGNC:5476	biolink:gene_associated_with_condition	1
0.7626225	MONDO:0013644	HGNC:2961	biolink:causes	1
0.9496862	MONDO:0013664	HGNC:385	biolink:gene_associated_with_condition	1
0.58154666	MONDO:0013664	HGNC:387	biolink:gene_associated_with_condition	1
0.7690236	MONDO:0013696	HGNC:8008	biolink:contributes_to	1
0.93739456	MONDO:0013752	HGNC:2488	biolink:causes	1
0.9961228	MONDO:0013756	HGNC:10955	biolink:causes	1
0.9838823	MONDO:0013768	HGNC:57	biolink:causes	1
0.9989617	MONDO:0013800	HGNC:18625	biolink:causes	1
0.98093814	MONDO:0013836	HGNC:20233	biolink:gene_associated_with_condition	1
0.97871006	MONDO:0013840	HGNC:2244	biolink:gene_associated_with_condition	1
0.9710241	MONDO:0013864	HGNC:9811	biolink:causes	1
0.6955835	MONDO:0013872	HGNC:14198	biolink:contributes_to	1
0.77023154	MONDO:0013892	HGNC:4888	biolink:gene_associated_with_condition	1
0.99828666	MONDO:0013892	HGNC:24668	biolink:causes	1
0.9151269	MONDO:0013896	HGNC:24519	biolink:causes	1
0.98927236	MONDO:0013912	HGNC:11521	biolink:causes	1
0.9999949	MONDO:0013932	HGNC:9717	biolink:causes	1
0.9267646	MONDO:0013948	HGNC:8858	biolink:causes	1
0.4082613	MONDO:0013964	HGNC:10327	biolink:causes	1
0.99892956	MONDO:0013968	HGNC:8905	biolink:gene_associated_with_condition	1
0.84562343	MONDO:0013992	HGNC:6554	biolink:gene_associated_with_condition	1
0.8520107	MONDO:0014004	HGNC:8804	biolink:causes	1
0.9335278	MONDO:0014012	HGNC:23537	biolink:causes	1
0.9601986	MONDO:0014020	HGNC:26784	biolink:causes	1
0.9601986	MONDO:0014020	HGNC:26784	biolink:gene_associated_with_condition	1
0.9936481	MONDO:0014040	HGNC:14974	biolink:causes	1
0.69592965	MONDO:0014048	HGNC:391	biolink:causes	1
0.94755054	MONDO:0014052	HGNC:329	biolink:causes	1
0.9908013	MONDO:0014060	HGNC:9922	biolink:gene_associated_with_condition	1
0.9035439	MONDO:0014072	HGNC:10979	biolink:causes	1
0.92040825	MONDO:0014080	HGNC:18608	biolink:causes	1
0.5891893	MONDO:0014112	HGNC:6407	biolink:causes	1
0.9986552	MONDO:0014132	HGNC:27302	biolink:gene_associated_with_condition	1
0.12944879	MONDO:0014148	HGNC:3467	biolink:causes	1
0.69919205	MONDO:0014152	HGNC:14000	biolink:causes	1
0.95452696	MONDO:0014156	HGNC:10589	biolink:causes	1
0.84152794	MONDO:0014168	HGNC:2252	biolink:gene_associated_with_condition	1
0.8283021	MONDO:0014180	HGNC:1090	biolink:gene_associated_with_condition	1
0.0872997	MONDO:0014184	HGNC:26230	biolink:contributes_to	1
0.99876034	MONDO:0014192	HGNC:19412	biolink:causes	1
0.9060534	MONDO:0014224	HGNC:4868	biolink:causes	1
0.9994066	MONDO:0014240	HGNC:21056	biolink:causes	1
0.93204653	MONDO:0014244	HGNC:10583	biolink:gene_associated_with_condition	1
0.99482816	MONDO:0014276	HGNC:1675	biolink:gene_associated_with_condition	1
0.9999933	MONDO:0014296	HGNC:16133	biolink:causes	1
0.99948055	MONDO:0014320	HGNC:7975	biolink:causes	1
0.9991603	MONDO:0014392	HGNC:23089	biolink:causes	1
0.9766272	MONDO:0014412	HGNC:24945	biolink:causes	1
0.9978654	MONDO:0014460	HGNC:2799	biolink:causes	1
0.9657764	MONDO:0014468	HGNC:11510	biolink:causes	1
0.9798885	MONDO:0014480	HGNC:16700	biolink:causes	1
0.69980633	MONDO:0014484	HGNC:1777	biolink:causes	1
0.7105635	MONDO:0014492	HGNC:29300	biolink:causes	1
0.9385974	MONDO:0014532	HGNC:15559	biolink:gene_associated_with_condition	1
0.63066816	MONDO:0014552	HGNC:19181	biolink:gene_associated_with_condition	1
0.999995	MONDO:0014556	HGNC:19082	biolink:gene_associated_with_condition	1
0.89754987	MONDO:0014572	HGNC:11071	biolink:causes	1
0.9774864	MONDO:0014580	HGNC:3010	biolink:causes	1
0.78791714	MONDO:0014596	HGNC:1774	biolink:causes	1
0.85170907	MONDO:0014612	HGNC:8609	biolink:causes	1
0.96668386	MONDO:0014620	HGNC:25705	biolink:causes	1
0.76602477	MONDO:0014648	HGNC:29812	biolink:causes	1
0.99996173	MONDO:0014684	HGNC:23141	biolink:causes	1
0.9992853	MONDO:0014688	HGNC:19960	biolink:causes	1
0.9248233	MONDO:0014760	HGNC:11763	biolink:gene_associated_with_condition	1
0.99999344	MONDO:0014772	HGNC:2917	biolink:causes	1
0.98093367	MONDO:0014804	HGNC:20134	biolink:gene_associated_with_condition	1
0.9916174	MONDO:0014808	HGNC:11073	biolink:causes	1
0.99731463	MONDO:0014836	HGNC:7737	biolink:causes	1
0.99990594	MONDO:0014845	HGNC:28385	biolink:causes	1
0.06449766	MONDO:0014853	HGNC:6944	biolink:causes	1
0.99999607	MONDO:0014857	HGNC:9965	biolink:gene_associated_with_condition	1
0.99296826	MONDO:0014885	HGNC:568	biolink:gene_associated_with_condition	1
0.9392461	MONDO:0014901	HGNC:12775	biolink:causes	1
0.9969566	MONDO:0014909	HGNC:30718	biolink:causes	1
0.98664594	MONDO:0014933	HGNC:23230	biolink:causes	1
0.7777221	MONDO:0014945	HGNC:11280	biolink:causes	1
0.9799009	MONDO:0014977	HGNC:22954	biolink:causes	1
0.99569976	MONDO:0014981	HGNC:13222	biolink:causes	1
0.8671187	MONDO:0014997	HGNC:29536	biolink:causes	1
1.0	MONDO:0015021	HGNC:19087	biolink:causes	1
0.4167493	MONDO:0015041	HGNC:25941	biolink:gene_associated_with_condition	1
0.9642414	MONDO:0015300	HGNC:2398	biolink:gene_associated_with_condition	1
0.9465283	MONDO:0015300	HGNC:2410	biolink:gene_associated_with_condition	1
0.8944035	MONDO:0015557	HGNC:6342	biolink:gene_associated_with_condition	1
0.71870065	MONDO:0015597	HGNC:15561	biolink:gene_associated_with_condition	1
0.80032384	MONDO:0015597	HGNC:18971	biolink:gene_associated_with_condition	1
0.3453732	MONDO:0015786	HGNC:7675	biolink:gene_associated_with_condition	1
0.8744907	MONDO:0016097	HGNC:2928	biolink:gene_associated_with_condition	1
0.9300911	MONDO:0016163	HGNC:10560	biolink:causes	1
0.71105385	MONDO:0016355	HGNC:4165	biolink:gene_associated_with_condition	1
0.78858334	MONDO:0016395	HGNC:8620	biolink:gene_associated_with_condition	1
0.9082301	MONDO:0016682	HGNC:6742	biolink:gene_associated_with_condition	1
0.8741354	MONDO:0016682	HGNC:9236	biolink:gene_associated_with_condition	1
0.9005164	MONDO:0016682	HGNC:3690	biolink:gene_associated_with_condition	1
0.92467487	MONDO:0016682	HGNC:11522	biolink:gene_associated_with_condition	1
0.85614747	MONDO:0016710	HGNC:16466	biolink:gene_associated_with_condition	1
0.72368103	MONDO:0016782	HGNC:14575	biolink:gene_associated_with_condition	1
0.862785	MONDO:0016814	HGNC:7456	biolink:gene_associated_with_condition	1
0.96306765	MONDO:0016838	HGNC:21316	biolink:gene_associated_with_condition	1
0.9998814	MONDO:0016862	HGNC:6188	biolink:causes	1
0.9714248	MONDO:0017049	HGNC:18712	biolink:gene_associated_with_condition	1
0.88810134	MONDO:0017049	HGNC:8011	biolink:gene_associated_with_condition	1
0.90704745	MONDO:0017053	HGNC:987	biolink:gene_associated_with_condition	1
0.5214659	MONDO:0017117	HGNC:19967	biolink:gene_associated_with_condition	1
0.9983032	MONDO:0017173	HGNC:21675	biolink:gene_associated_with_condition	1
0.9988894	MONDO:0017173	HGNC:26684	biolink:gene_associated_with_condition	1
0.9981304	MONDO:0017173	HGNC:28506	biolink:gene_associated_with_condition	1
0.6928457	MONDO:0017173	HGNC:14468	biolink:gene_associated_with_condition	1
0.7159931	MONDO:0017173	HGNC:13485	biolink:gene_associated_with_condition	1
0.584656	MONDO:0017177	HGNC:8975	biolink:gene_associated_with_condition	1
0.8894292	MONDO:0017225	HGNC:9086	biolink:gene_associated_with_condition	1
0.9908467	MONDO:0017241	HGNC:573	biolink:gene_associated_with_condition	1
0.9969703	MONDO:0017241	HGNC:575	biolink:gene_associated_with_condition	1
0.7127932	MONDO:0017317	HGNC:5173	biolink:gene_associated_with_condition	1
0.7151536	MONDO:0017354	HGNC:11056	biolink:gene_associated_with_condition	1
0.96396893	MONDO:0017382	HGNC:9004	biolink:gene_associated_with_condition	1
0.8779538	MONDO:0017402	HGNC:10484	biolink:gene_associated_with_condition	1
0.931976	MONDO:0017402	HGNC:3036	biolink:gene_associated_with_condition	1
0.7951701	MONDO:0017906	HGNC:4462	biolink:gene_associated_with_condition	1
0.36469334	MONDO:0017946	HGNC:620	biolink:gene_associated_with_condition	1
0.16813682	MONDO:0018006	HGNC:12666	biolink:gene_associated_with_condition	1
0.8900925	MONDO:0018114	HGNC:12872	biolink:gene_associated_with_condition	1
0.7766246	MONDO:0018206	HGNC:7572	biolink:gene_associated_with_condition	1
0.6846734	MONDO:0018254	HGNC:10303	biolink:gene_associated_with_condition	1
0.9999933	MONDO:0018274	HGNC:10872	biolink:gene_associated_with_condition	1
0.97266	MONDO:0018419	HGNC:25712	biolink:gene_associated_with_condition	1
0.30488145	MONDO:0018435	HGNC:10381	biolink:gene_associated_with_condition	1
0.9338106	MONDO:0018443	HGNC:3600	biolink:gene_associated_with_condition	1
0.7414892	MONDO:0018495	HGNC:9462	biolink:gene_associated_with_condition	1
0.19194388	MONDO:0018507	HGNC:12718	biolink:gene_associated_with_condition	1
0.7596938	MONDO:0018611	HGNC:5227	biolink:gene_associated_with_condition	1
0.9583734	MONDO:0018611	HGNC:2410	biolink:gene_associated_with_condition	1
0.9568969	MONDO:0018611	HGNC:2389	biolink:gene_associated_with_condition	1
0.6738586	MONDO:0018611	HGNC:2409	biolink:gene_associated_with_condition	1
0.9940089	MONDO:0018611	HGNC:2417	biolink:gene_associated_with_condition	1
0.88406086	MONDO:0018611	HGNC:2411	biolink:gene_associated_with_condition	1
0.9755854	MONDO:0018663	HGNC:6518	biolink:gene_associated_with_condition	1
0.18358433	MONDO:0018780	HGNC:12012	biolink:gene_associated_with_condition	1
0.78052324	MONDO:0018821	HGNC:12632	biolink:gene_associated_with_condition	1
0.13152857	MONDO:0019082	HGNC:4948	biolink:gene_associated_with_condition	1
0.1810384	MONDO:0019082	HGNC:4944	biolink:gene_associated_with_condition	1
0.6496685	MONDO:0019107	HGNC:10009	biolink:gene_associated_with_condition	1
0.9250417	MONDO:0019123	HGNC:1362	biolink:gene_associated_with_condition	1
0.9784185	MONDO:0019307	HGNC:2194	biolink:gene_associated_with_condition	1
0.99815375	MONDO:0019407	HGNC:18620	biolink:gene_associated_with_condition	1
0.9182137	MONDO:0019475	HGNC:18437	biolink:causes	1
0.9629427	MONDO:0019531	HGNC:4623	biolink:gene_associated_with_condition	1
0.5803813	MONDO:0019635	HGNC:4942	biolink:gene_associated_with_condition	1
0.9085571	MONDO:0019767	HGNC:9330	biolink:gene_associated_with_condition	1
0.8968178	MONDO:0019855	HGNC:2488	biolink:gene_associated_with_condition	1
0.8750988	MONDO:0019855	HGNC:8818	biolink:gene_associated_with_condition	1
0.7734772	MONDO:0019855	HGNC:12373	biolink:gene_associated_with_condition	1
0.7592938	MONDO:0019943	HGNC:6218	biolink:gene_associated_with_condition	1
0.97815156	MONDO:0019947	HGNC:1529	biolink:causes	1
0.97815156	MONDO:0019947	HGNC:1529	biolink:gene_associated_with_condition	1
0.7195466	MONDO:0020345	HGNC:7608	biolink:gene_associated_with_condition	1
0.8140456	MONDO:0020345	HGNC:10979	biolink:gene_associated_with_condition	1
0.9682109	MONDO:0020345	HGNC:10936	biolink:gene_associated_with_condition	1
0.8857082	MONDO:0020345	HGNC:329	biolink:gene_associated_with_condition	1
0.9116202	MONDO:0020434	HGNC:11598	biolink:gene_associated_with_condition	1
0.95653325	MONDO:0020482	HGNC:10591	biolink:gene_associated_with_condition	1
0.81268543	MONDO:0020494	HGNC:3681	biolink:gene_associated_with_condition	1
0.8914544	MONDO:0020506	HGNC:3257	biolink:gene_associated_with_condition	1
0.8924237	MONDO:0020530	HGNC:5439	biolink:gene_associated_with_condition	1
0.9999993	MONDO:0020602	HGNC:4452	biolink:causes	1
0.490708	MONDO:0020614	HGNC:6722	biolink:causes	1
0.6601887	MONDO:0020671	HGNC:7876	biolink:contributes_to	1
0.81517065	MONDO:0020715	HGNC:25223	biolink:contributes_to	1
0.8199579	MONDO:0020727	HGNC:823	biolink:causes	1
0.9830556	MONDO:0020787	HGNC:103	biolink:causes	1
0.9654934	MONDO:0020845	HGNC:11992	biolink:causes	1
0.56408966	MONDO:0020849	HGNC:10019	biolink:causes	1
0.9694615	MONDO:0021019	HGNC:20145	biolink:gene_associated_with_condition	1
0.805675	MONDO:0021019	HGNC:568	biolink:gene_associated_with_condition	1
0.99988234	MONDO:0021093	HGNC:13556	biolink:causes	1
0.58754605	MONDO:0021573	HGNC:20773	biolink:causes	1
0.99741507	MONDO:0024457	HGNC:9039	biolink:causes	1
0.99741507	MONDO:0024457	HGNC:9039	biolink:gene_associated_with_condition	1
0.97325176	MONDO:0024465	HGNC:10802	biolink:causes	1
0.99878675	MONDO:0024552	HGNC:4837	biolink:causes	1
0.9988242	MONDO:0024552	HGNC:20372	biolink:causes	1
0.6833002	MONDO:0024568	HGNC:6512	biolink:gene_associated_with_condition	1
0.84751135	MONDO:0024607	HGNC:33882	biolink:causes	1
0.9999659	MONDO:0025354	HGNC:26708	biolink:causes	1
0.5910763	MONDO:0026729	HGNC:28880	biolink:causes	1
0.98684627	MONDO:0026733	HGNC:29873	biolink:causes	1
0.71771026	MONDO:0026777	HGNC:12469	biolink:gene_associated_with_condition	1
0.82560104	MONDO:0029145	HGNC:15979	biolink:causes	1
0.93231004	MONDO:0029465	HGNC:19263	biolink:causes	1
0.7751229	MONDO:0030007	HGNC:8849	biolink:causes	1
0.7385498	MONDO:0030020	HGNC:29160	biolink:causes	1
0.8742045	MONDO:0030060	HGNC:4572	biolink:causes	1
0.9450378	MONDO:0030088	HGNC:59	biolink:causes	1
0.9861871	MONDO:0030332	HGNC:17209	biolink:causes	1
0.78549063	MONDO:0030366	HGNC:14202	biolink:causes	1
0.9999925	MONDO:0030378	HGNC:26799	biolink:causes	1
0.99997866	MONDO:0030457	HGNC:2760	biolink:causes	1
0.76661843	MONDO:0030619	HGNC:23302	biolink:causes	1
0.9913736	MONDO:0030684	HGNC:7818	biolink:causes	1
0.9752828	MONDO:0030839	HGNC:2883	biolink:causes	1
0.9999654	MONDO:0030890	HGNC:13998	biolink:causes	1
0.9212621	MONDO:0030905	HGNC:33939	biolink:causes	1
0.96396315	MONDO:0030921	HGNC:21042	biolink:causes	1
0.9682758	MONDO:0030987	HGNC:16461	biolink:causes	1
0.8835726	MONDO:0030995	HGNC:29190	biolink:causes	1
0.9942715	MONDO:0031019	HGNC:23787	biolink:causes	1
0.9773252	MONDO:0031054	HGNC:7853	biolink:causes	1
0.9319734	MONDO:0031061	HGNC:6485	biolink:causes	1
0.7527965	MONDO:0031446	HGNC:10905	biolink:gene_associated_with_condition	1
0.43944615	MONDO:0031446	HGNC:11828	biolink:causes	1
0.9928867	MONDO:0032577	HGNC:694	biolink:causes	1
0.62246865	MONDO:0032581	HGNC:18016	biolink:causes	1
0.9835622	MONDO:0032592	HGNC:25686	biolink:causes	1
0.9546299	MONDO:0032611	HGNC:7708	biolink:causes	1
0.5419717	MONDO:0032670	HGNC:10389	biolink:causes	1
0.9860386	MONDO:0032677	HGNC:13664	biolink:causes	1
0.9811147	MONDO:0032677	HGNC:21638	biolink:gene_associated_with_condition	1
0.9965378	MONDO:0032687	HGNC:26033	biolink:causes	1
0.97580975	MONDO:0032715	HGNC:16740	biolink:causes	1
0.75638705	MONDO:0032723	HGNC:14078	biolink:causes	1
0.97028685	MONDO:0032728	HGNC:7224	biolink:causes	1
0.99813545	MONDO:0032781	HGNC:3033	biolink:causes	1
0.990704	MONDO:0032817	HGNC:24555	biolink:causes	1
0.99956936	MONDO:0032830	HGNC:9216	biolink:gene_associated_with_condition	1
0.99999833	MONDO:0032855	HGNC:16493	biolink:causes	1
0.9994555	MONDO:0032859	HGNC:25325	biolink:causes	1
0.99369735	MONDO:0032864	HGNC:7879	biolink:causes	1
0.08483841	MONDO:0032868	HGNC:6973	biolink:causes	1
0.99863064	MONDO:0032872	HGNC:40050	biolink:causes	1
0.73305553	MONDO:0032884	HGNC:667	biolink:causes	1
0.96753466	MONDO:0032888	HGNC:17210	biolink:causes	1
0.98486406	MONDO:0032892	HGNC:12872	biolink:causes	1
0.84736264	MONDO:0032900	HGNC:12643	biolink:causes	1
0.93989867	MONDO:0032904	HGNC:6440	biolink:causes	1
0.5101451	MONDO:0032916	HGNC:17101	biolink:gene_associated_with_condition	1
0.99813145	MONDO:0032924	HGNC:23700	biolink:causes	1
0.43971202	MONDO:0032933	HGNC:24007	biolink:gene_associated_with_condition	1
0.24352753	MONDO:0032937	HGNC:4023	biolink:causes	1
0.99532336	MONDO:0033009	HGNC:24259	biolink:causes	1
0.99917287	MONDO:0033045	HGNC:28128	biolink:causes	1
0.92303944	MONDO:0033259	HGNC:13941	biolink:causes	1
0.6657549	MONDO:0033280	HGNC:29300	biolink:causes	1
0.99999857	MONDO:0033308	HGNC:20730	biolink:causes	1
0.8938915	MONDO:0033481	HGNC:17158	biolink:gene_associated_with_condition	1
0.71883655	MONDO:0033533	HGNC:10378	biolink:causes	1
0.9363521	MONDO:0033542	HGNC:16951	biolink:causes	1
0.91403604	MONDO:0033559	HGNC:29187	biolink:causes	1
0.1853217	MONDO:0033668	HGNC:21088	biolink:causes	1
0.8674732	MONDO:0034991	HGNC:11992	biolink:gene_associated_with_condition	1
0.85770446	MONDO:0035320	HGNC:2592	biolink:gene_associated_with_condition	1
0.19301365	MONDO:0035694	HGNC:9955	biolink:gene_associated_with_condition	1
0.5953361	MONDO:0035823	HGNC:15646	biolink:gene_associated_with_condition	1
0.8879009	MONDO:0035940	HGNC:3765	biolink:gene_associated_with_condition	1
0.9519639	MONDO:0036212	HGNC:26222	biolink:causes	1
0.9519639	MONDO:0036212	HGNC:26222	biolink:gene_associated_with_condition	1
0.8092582	MONDO:0044255	HGNC:8101	biolink:causes	1
0.8097146	MONDO:0044255	HGNC:4868	biolink:causes	1
0.98984003	MONDO:0044318	HGNC:9277	biolink:causes	1
0.99983287	MONDO:0044322	HGNC:17939	biolink:causes	1
0.96559083	MONDO:0044724	HGNC:23656	biolink:gene_associated_with_condition	1
0.7543689	MONDO:0044792	HGNC:5173	biolink:causes	1
0.60954314	MONDO:0044792	HGNC:427	biolink:gene_associated_with_condition	1
0.95877993	MONDO:0054591	HGNC:9557	biolink:causes	1
0.99947065	MONDO:0054615	HGNC:2940	biolink:causes	1
0.96855193	MONDO:0054680	HGNC:19721	biolink:causes	1
0.9987871	MONDO:0054724	HGNC:25631	biolink:causes	1
0.8272958	MONDO:0054750	HGNC:7744	biolink:contributes_to	1
0.9843837	MONDO:0054763	HGNC:15578	biolink:causes	1
0.83322203	MONDO:0054771	HGNC:24071	biolink:causes	1
0.99365944	MONDO:0054844	HGNC:9137	biolink:causes	1
0.7764278	MONDO:0054861	HGNC:1460	biolink:causes	1
0.98560774	MONDO:0060457	HGNC:14374	biolink:causes	1
0.9232797	MONDO:0060510	HGNC:3188	biolink:causes	1
0.9910192	MONDO:0060549	HGNC:8632	biolink:gene_associated_with_condition	1
0.9784199	MONDO:0060621	HGNC:12651	biolink:causes	1
0.9939129	MONDO:0060715	HGNC:6344	biolink:causes	1
0.6164482	MONDO:0060729	HGNC:2088	biolink:causes	1
0.99999905	MONDO:0060752	HGNC:26941	biolink:causes	1
0.87301016	MONDO:0060761	HGNC:21610	biolink:causes	1
0.98193365	MONDO:0100092	HGNC:10596	biolink:causes	1
0.9139594	MONDO:0100180	HGNC:8618	biolink:contributes_to	1
0.9945094	MONDO:0100252	HGNC:4125	biolink:causes	1
0.9987379	MONDO:0100296	HGNC:18084	biolink:causes	1
0.95748454	MONDO:0100354	HGNC:145	biolink:gene_associated_with_condition	1
0.9749097	MONDO:0100354	HGNC:7569	biolink:gene_associated_with_condition	1
0.9956827	MONDO:0100428	HGNC:16187	biolink:causes	1
0.8629665	MONDO:0100460	HGNC:4507	biolink:contributes_to	1
0.7726247	MONDO:0100468	HGNC:2019	biolink:causes	1
0.9977615	MONDO:0700250	HGNC:10604	biolink:causes	1
0.9999738	MONDO:0700250	HGNC:2260	biolink:causes	1
0.9989654	MONDO:0700250	HGNC:10603	biolink:causes	1
0.98341954	MONDO:0700250	HGNC:24316	biolink:causes	1
0.965706	MONDO:0800026	HGNC:13879	biolink:gene_associated_with_condition	1
0.74271315	MONDO:0800026	HGNC:3178	biolink:gene_associated_with_condition	1
0.99875784	MONDO:0800026	HGNC:9143	biolink:gene_associated_with_condition	1
0.9999975	MONDO:0800030	HGNC:19750	biolink:causes	1
0.999808	MONDO:0800167	HGNC:2195	biolink:causes	1
0.7797605	MONDO:0800445	HGNC:27310	biolink:causes	1
0.7567334	MONDO:0850067	HGNC:14334	biolink:gene_associated_with_condition	1
0.8920664	MONDO:0850095	HGNC:1044	biolink:gene_associated_with_condition	1
0.7701966	MONDO:0858999	HGNC:1337	biolink:gene_associated_with_condition	1
0.9829968	MONDO:0859139	HGNC:11098	biolink:gene_associated_with_condition	1
0.86614656	MONDO:0859158	HGNC:9218	biolink:causes	1
0.9989084	MONDO:0859182	HGNC:14615	biolink:causes	1
0.98827666	MONDO:0859186	HGNC:23575	biolink:causes	1
0.95248026	MONDO:0859207	HGNC:12499	biolink:causes	1
0.9999968	MONDO:0859236	HGNC:7994	biolink:causes	1
0.99856275	MONDO:0859252	HGNC:8717	biolink:causes	1
0.99986255	MONDO:0859276	HGNC:9369	biolink:causes	1
0.99999964	MONDO:0859295	HGNC:24270	biolink:causes	1
0.9753895	MONDO:0859304	HGNC:6556	biolink:causes	1
0.9999987	MONDO:0859312	HGNC:1162	biolink:causes	1
0.9790137	MONDO:0859338	HGNC:29350	biolink:causes	1
0.9927309	MONDO:0859530	HGNC:6915	biolink:causes	1
0.8852732	MONDO:0859578	HGNC:3666	biolink:causes	1
0.9701203	MONDO:0957211	HGNC:11016	biolink:causes	1
0.93814415	MONDO:0957218	HGNC:12729	biolink:causes	1
0.5138686	MONDO:0957231	HGNC:21269	biolink:causes	1
0.85884565	MONDO:0957271	HGNC:6735	biolink:causes	1
0.5085555	MONDO:0957294	HGNC:14378	biolink:causes	1
0.9831287	MONDO:0957388	HGNC:1542	biolink:causes	1
0.5672738	MONDO:0957428	HGNC:11633	biolink:gene_associated_with_condition	1
0.9711231	MONDO:0957477	HGNC:7623	biolink:gene_associated_with_condition	1
0.46308777	MONDO:0957583	HGNC:10780	biolink:causes	1
0.9322337	MONDO:0957594	HGNC:126	biolink:causes	1
0.9096194	MONDO:0957807	HGNC:11368	biolink:causes	1
0.99999285	MONDO:0957812	HGNC:6254	biolink:causes	1
0.9911123	MONDO:0957820	HGNC:18619	biolink:causes	1
0.8736006	MONDO:0957825	HGNC:20844	biolink:causes	1
0.9043119	MONDO:0957876	HGNC:12718	biolink:causes	1
0.9999908	MONDO:0958005	HGNC:23994	biolink:causes	1
0.9697195	MONDO:0958012	HGNC:3976	biolink:causes	1
0.88895917	MONDO:0958176	HGNC:8565	biolink:causes	1
0.97470236	MONDO:0958180	HGNC:10004	biolink:causes	1
0.98656917	MONDO:0958188	HGNC:1245	biolink:causes	1
0.9968076	MONDO:0958236	HGNC:2213	biolink:causes	1
0.8391705	MONDO:0958262	HGNC:8773	biolink:gene_associated_with_condition	1
1.0	MONDO:0958322	HGNC:12869	biolink:causes	1
0.9999231	MONDO:0958331	HGNC:11018	biolink:causes	1
0.96554613	MONDO:0958353	HGNC:2211	biolink:gene_associated_with_condition	1
0.6549914	MONDO:0968982	HGNC:25321	biolink:causes	1
0.9915195	MONDO:0971002	HGNC:29296	biolink:causes	1
0.38297358	MONDO:0971069	HGNC:14294	biolink:gene_associated_with_condition	1
1.0	MONDO:0971172	HGNC:10193	biolink:causes	1
1.0	MONDO:0971172	HGNC:10193	biolink:gene_associated_with_condition	1
0.9724572	MONDO:0971176	HGNC:28460	biolink:causes	1
0.92654383	MONDO:0975757	HGNC:4379	biolink:gene_associated_with_condition	1
0.48885196	MONDO:0975795	HGNC:20759	biolink:causes	1
0.7653116	MONDO:0975838	HGNC:2750	biolink:causes	1
0.9976948	MONDO:0975842	HGNC:30705	biolink:causes	1
0.7710921	MONDO:0975887	HGNC:25913	biolink:gene_associated_with_condition	1
0.83124137	MONDO:0976266	HGNC:21270	biolink:causes	1
0.9112247	MONDO:8000011	HGNC:3754	biolink:gene_associated_with_condition	1
0.86800617	MONDO:8000015	HGNC:17210	biolink:gene_associated_with_condition	1
0.92317694	HGNC:18149	MONDO:0044222	biolink:causes	1
0.86257154	HGNC:23	MONDO:0013166	biolink:gene_associated_with_condition	1
0.9937581	HGNC:57	MONDO:0008333	biolink:causes	1
0.9838823	HGNC:57	MONDO:0013768	biolink:causes	1
0.9087252	HGNC:57	MONDO:0008377	biolink:causes	1
0.9963348	HGNC:60	MONDO:0009406	biolink:causes	1
0.83406675	HGNC:13886	MONDO:0020748	biolink:causes	1
0.9302338	HGNC:76	MONDO:0008542	biolink:causes	1
0.7725074	HGNC:21497	MONDO:0012624	biolink:causes	1
1.0	HGNC:23339	MONDO:0968976	biolink:causes	1
0.9047196	HGNC:118	MONDO:0013802	biolink:gene_associated_with_condition	1
0.88200206	HGNC:118	MONDO:0014753	biolink:gene_associated_with_condition	1
0.99985003	HGNC:124	MONDO:0011939	biolink:causes	1
0.9935003	HGNC:124	MONDO:0014343	biolink:causes	1
0.97542465	HGNC:160	MONDO:0032770	biolink:causes	1
0.68097484	HGNC:216	MONDO:0013002	biolink:causes	1
0.9996513	HGNC:218	MONDO:0009161	biolink:causes	1
0.9003675	HGNC:232	MONDO:0012421	biolink:causes	1
0.9597272	HGNC:4512	MONDO:0011738	biolink:causes	1
0.99987054	HGNC:3776	MONDO:0010659	biolink:causes	1
0.93739384	HGNC:28762	MONDO:0859206	biolink:causes	1
0.9055167	HGNC:26147	MONDO:0008377	biolink:causes	1
1.0	HGNC:25230	MONDO:0014358	biolink:causes	1
0.45992476	HGNC:392	MONDO:0009416	biolink:gene_associated_with_condition	1
0.99904853	HGNC:23161	MONDO:0011969	biolink:gene_associated_with_condition	1
0.7970975	HGNC:23161	MONDO:0054743	biolink:causes	1
0.94568884	HGNC:31088	MONDO:0013367	biolink:contributes_to	1
0.9857708	HGNC:20917	MONDO:0013999	biolink:causes	1
0.95449436	HGNC:438	MONDO:0016606	biolink:gene_associated_with_condition	1
0.83535147	HGNC:438	MONDO:0016605	biolink:gene_associated_with_condition	1
0.7657562	HGNC:17097	MONDO:0008377	biolink:causes	1
0.9873253	HGNC:3528	MONDO:0009212	biolink:causes	1
0.99900013	HGNC:3534	MONDO:0013190	biolink:causes	1
0.99958724	HGNC:3584	MONDO:0009213	biolink:causes	1
0.9995528	HGNC:3604	MONDO:0008818	biolink:causes	1
0.9742677	HGNC:3604	MONDO:0014501	biolink:causes	1
0.99364316	HGNC:3663	MONDO:0014343	biolink:causes	1
0.8852732	HGNC:3666	MONDO:0859578	biolink:causes	1
0.91197413	HGNC:3666	MONDO:0008397	biolink:gene_associated_with_condition	1
0.95233005	HGNC:3680	MONDO:0008660	biolink:gene_associated_with_condition	1
0.9320534	HGNC:3689	MONDO:0007400	biolink:gene_associated_with_condition	1
0.96842813	HGNC:3689	MONDO:0007412	biolink:causes	1
0.98427224	HGNC:3689	MONDO:0007042	biolink:causes	1
0.98427224	HGNC:3689	MONDO:0007042	biolink:gene_associated_with_condition	1
0.93962556	HGNC:18416	MONDO:0975746	biolink:causes	1
0.6883255	HGNC:19124	MONDO:0017833	biolink:gene_associated_with_condition	1
0.9989617	HGNC:18625	MONDO:0013800	biolink:causes	1
0.99753547	HGNC:17997	MONDO:0011787	biolink:gene_associated_with_condition	1
0.99780864	HGNC:17997	MONDO:0013157	biolink:causes	1
0.98963845	HGNC:17997	MONDO:1040033	biolink:gene_associated_with_condition	1
0.4226318	HGNC:3749	MONDO:0007838	biolink:gene_associated_with_condition	1
0.98619545	HGNC:3755	MONDO:0007875	biolink:gene_associated_with_condition	1
0.9883852	HGNC:3755	MONDO:0014343	biolink:causes	1
0.9904975	HGNC:3755	MONDO:0007167	biolink:causes	1
0.8879009	HGNC:3765	MONDO:0035940	biolink:gene_associated_with_condition	1
0.42942682	HGNC:3765	MONDO:0015166	biolink:gene_associated_with_condition	1
0.6769178	HGNC:3765	MONDO:0020316	biolink:gene_associated_with_condition	1
0.99747795	HGNC:3801	MONDO:0007922	biolink:gene_associated_with_condition	1
0.989597	HGNC:3808	MONDO:0012456	biolink:causes	1
0.94913006	HGNC:3811	MONDO:0016833	biolink:gene_associated_with_condition	1
0.7750038	HGNC:6106	MONDO:0010580	biolink:causes	1
0.9999987	HGNC:1162	MONDO:0859312	biolink:causes	1
0.9250417	HGNC:1362	MONDO:0019123	biolink:gene_associated_with_condition	1
0.9621775	HGNC:3960	MONDO:0011935	biolink:causes	1
0.9983032	HGNC:21675	MONDO:0017173	biolink:gene_associated_with_condition	1
0.99994874	HGNC:21675	MONDO:0029148	biolink:causes	1
0.92320347	HGNC:3951	MONDO:0100340	biolink:causes	1
0.991867	HGNC:4040	MONDO:0008123	biolink:gene_associated_with_condition	1
0.8344596	HGNC:4043	MONDO:0007351	biolink:gene_associated_with_condition	1
0.99999845	HGNC:24861	MONDO:0012930	biolink:causes	1
0.7736895	HGNC:4118	MONDO:0009255	biolink:gene_associated_with_condition	1
0.8527797	HGNC:4172	MONDO:0007797	biolink:causes	1
0.8527797	HGNC:4172	MONDO:0007797	biolink:gene_associated_with_condition	1
0.9967025	HGNC:4189	MONDO:0009281	biolink:gene_associated_with_condition	1
0.99026287	HGNC:4193	MONDO:0100186	biolink:gene_associated_with_condition	1
0.99323237	HGNC:4193	MONDO:0007495	biolink:causes	1
0.9999001	HGNC:4208	MONDO:0957382	biolink:causes	1
0.99339736	HGNC:4220	MONDO:0007216	biolink:causes	1
0.99339736	HGNC:4220	MONDO:0007216	biolink:gene_associated_with_condition	1
0.99665064	HGNC:4220	MONDO:0007221	biolink:gene_associated_with_condition	1
0.9804095	HGNC:4220	MONDO:0007215	biolink:gene_associated_with_condition	1
0.9877214	HGNC:4220	MONDO:0014125	biolink:causes	1
0.941698	HGNC:4237	MONDO:0013139	biolink:causes	1
0.891771	HGNC:4241	MONDO:0018144	biolink:gene_associated_with_condition	1
0.53695846	HGNC:4285	MONDO:0015351	biolink:gene_associated_with_condition	1
0.9952361	HGNC:4298	MONDO:0009260	biolink:causes	1
0.9932555	HGNC:4298	MONDO:0009262	biolink:causes	1
0.9932555	HGNC:4298	MONDO:0009262	biolink:gene_associated_with_condition	1
0.061278917	HGNC:14373	MONDO:0007672	biolink:causes	1
0.6923081	HGNC:4331	MONDO:0032685	biolink:causes	1
0.6741045	HGNC:4392	MONDO:0008153	biolink:causes	1
0.8919952	HGNC:4392	MONDO:0012911	biolink:gene_associated_with_condition	1
0.8575648	HGNC:4392	MONDO:0008274	biolink:gene_associated_with_condition	1
0.9720659	HGNC:4392	MONDO:0014343	biolink:causes	1
0.77032214	HGNC:4392	MONDO:0012912	biolink:causes	1
0.77032214	HGNC:4392	MONDO:0012912	biolink:gene_associated_with_condition	1
0.99963915	HGNC:4454	MONDO:0009779	biolink:gene_associated_with_condition	1
0.8736006	HGNC:20844	MONDO:0957825	biolink:causes	1
0.9518954	HGNC:31371	MONDO:0008377	biolink:causes	1
0.98197466	HGNC:4556	MONDO:0009593	biolink:causes	1
0.8616458	HGNC:25839	MONDO:0008637	biolink:gene_associated_with_condition	1
0.8742045	HGNC:4572	MONDO:0030060	biolink:causes	1
0.896851	HGNC:4688	MONDO:0013843	biolink:causes	1
0.8421568	HGNC:4707	MONDO:0009414	biolink:causes	1
0.8421568	HGNC:4707	MONDO:0009414	biolink:gene_associated_with_condition	1
0.99994206	HGNC:4787	MONDO:0030729	biolink:causes	1
0.9943457	HGNC:4785	MONDO:0030730	biolink:causes	1
0.9975089	HGNC:4713	MONDO:0014343	biolink:causes	1
0.99480706	HGNC:9639	MONDO:0859264	biolink:causes	1
0.7482894	HGNC:4801	MONDO:0012173	biolink:gene_associated_with_condition	1
0.20160635	HGNC:4801	MONDO:0016573	biolink:gene_associated_with_condition	1
0.96497625	HGNC:4807	MONDO:0008542	biolink:causes	1
0.79955786	HGNC:4816	MONDO:0014711	biolink:causes	1
0.9182137	HGNC:18437	MONDO:0019475	biolink:causes	1
0.7992971	HGNC:4824	MONDO:0013512	biolink:causes	1
0.67445356	HGNC:4824	MONDO:0007716	biolink:gene_associated_with_condition	1
0.47966647	HGNC:4832	MONDO:0017238	biolink:gene_associated_with_condition	1
0.9060534	HGNC:4868	MONDO:0014224	biolink:causes	1
0.8097146	HGNC:4868	MONDO:0044255	biolink:causes	1
0.92636853	HGNC:4886	MONDO:0958085	biolink:gene_associated_with_condition	1
0.9997868	HGNC:26527	MONDO:0009657	biolink:causes	1
0.98611337	HGNC:4887	MONDO:0958085	biolink:gene_associated_with_condition	1
0.14258943	HGNC:4932	MONDO:0017376	biolink:gene_associated_with_condition	1
0.22998396	HGNC:4932	MONDO:0018229	biolink:gene_associated_with_condition	1
0.7554905	HGNC:5009	MONDO:0020563	biolink:gene_associated_with_condition	1
0.89127207	HGNC:5004	MONDO:0010485	biolink:causes	1
0.9709753	HGNC:5006	MONDO:0957270	biolink:causes	1
0.42172027	HGNC:5031	MONDO:0012410	biolink:causes	1
0.62783754	HGNC:5031	MONDO:0014181	biolink:causes	1
0.6695308	HGNC:5044	MONDO:0018131	biolink:gene_associated_with_condition	1
0.8342444	HGNC:5173	MONDO:0008097	biolink:causes	1
0.8342444	HGNC:5173	MONDO:0008097	biolink:gene_associated_with_condition	1
0.7127932	HGNC:5173	MONDO:0017317	biolink:gene_associated_with_condition	1
0.7543689	HGNC:5173	MONDO:0044792	biolink:causes	1
0.9860638	HGNC:5209	MONDO:0009025	biolink:causes	1
0.9957528	HGNC:5213	MONDO:0009855	biolink:gene_associated_with_condition	1
0.7360277	HGNC:5246	MONDO:0012080	biolink:causes	1
0.8289676	HGNC:30171	MONDO:0012096	biolink:causes	1
0.99447423	HGNC:29685	MONDO:0014455	biolink:causes	1
0.60124695	HGNC:5382	MONDO:0013941	biolink:gene_associated_with_condition	1
0.8492461	HGNC:5382	MONDO:0019456	biolink:gene_associated_with_condition	1
0.9949968	HGNC:5391	MONDO:0011760	biolink:causes	1
0.9949968	HGNC:5391	MONDO:0011760	biolink:gene_associated_with_condition	1
0.96720046	HGNC:18873	MONDO:0014343	biolink:causes	1
0.99119544	HGNC:18873	MONDO:0024535	biolink:causes	1
0.85712785	HGNC:18873	MONDO:0030692	biolink:causes	1
0.9704508	HGNC:5433	MONDO:0012488	biolink:contributes_to	1
0.92023426	HGNC:21424	MONDO:0030462	biolink:causes	1
0.9629752	HGNC:21424	MONDO:0014926	biolink:causes	1
0.88522005	HGNC:5476	MONDO:0013640	biolink:gene_associated_with_condition	1
0.54712	HGNC:5477	MONDO:0035945	biolink:gene_associated_with_condition	1
0.9345625	HGNC:5950	MONDO:0007871	biolink:causes	1
0.9997557	HGNC:5956	MONDO:0011907	biolink:causes	1
0.83195704	HGNC:5960	MONDO:0014267	biolink:causes	1
0.83195704	HGNC:5960	MONDO:0014267	biolink:gene_associated_with_condition	1
0.7873907	HGNC:5961	MONDO:0010631	biolink:causes	1
0.97931355	HGNC:6021	MONDO:0030681	biolink:causes	1
0.99618787	HGNC:6024	MONDO:0012163	biolink:causes	1
0.9250834	HGNC:6052	MONDO:0008379	biolink:causes	1
0.99923754	HGNC:17870	MONDO:0011190	biolink:causes	1
0.9970655	HGNC:6116	MONDO:0958011	biolink:causes	1
0.839441	HGNC:6120	MONDO:0012834	biolink:contributes_to	1
0.36757267	HGNC:6120	MONDO:0016356	biolink:gene_associated_with_condition	1
0.9963536	HGNC:5358	MONDO:0009194	biolink:causes	1
0.9618579	HGNC:5358	MONDO:0013957	biolink:causes	1
0.93585724	HGNC:28660	MONDO:0033282	biolink:gene_associated_with_condition	1
0.61712086	HGNC:4053	MONDO:0014502	biolink:causes	1
0.9944829	HGNC:6171	MONDO:0013081	biolink:gene_associated_with_condition	1
0.8920613	HGNC:6174	MONDO:0007297	biolink:gene_associated_with_condition	1
0.8071729	HGNC:6174	MONDO:0008306	biolink:gene_associated_with_condition	1
0.9962643	HGNC:6180	MONDO:0008795	biolink:gene_associated_with_condition	1
0.9900103	HGNC:6180	MONDO:0011694	biolink:gene_associated_with_condition	1
0.9211266	HGNC:6182	MONDO:0859311	biolink:causes	1
0.9363521	HGNC:16951	MONDO:0033542	biolink:causes	1
0.9767685	HGNC:6188	MONDO:0008542	biolink:gene_associated_with_condition	1
0.9998814	HGNC:6188	MONDO:0016862	biolink:causes	1
0.8041136	HGNC:6192	MONDO:0010947	biolink:gene_associated_with_condition	1
0.8586213	HGNC:6192	MONDO:0013794	biolink:causes	1
0.8261347	HGNC:6192	MONDO:0009891	biolink:causes	1
0.9981007	HGNC:14686	MONDO:0032938	biolink:causes	1
0.8656282	HGNC:6207	MONDO:0011017	biolink:causes	1
0.8656282	HGNC:6207	MONDO:0011017	biolink:gene_associated_with_condition	1
0.78893703	HGNC:6215	MONDO:0013489	biolink:causes	1
0.6732055	HGNC:6215	MONDO:0030967	biolink:causes	1
0.9998286	HGNC:6263	MONDO:0008222	biolink:gene_associated_with_condition	1
0.9624278	HGNC:6257	MONDO:0012522	biolink:causes	1
0.9989133	HGNC:6284	MONDO:0032886	biolink:gene_associated_with_condition	1
0.98977953	HGNC:6284	MONDO:0012276	biolink:causes	1
0.82300234	HGNC:6285	MONDO:0044273	biolink:contributes_to	1
0.99647766	HGNC:6305	MONDO:0009820	biolink:causes	1
0.9996444	HGNC:11114	MONDO:0010355	biolink:gene_associated_with_condition	1
0.96303743	HGNC:888	MONDO:0013634	biolink:causes	1
0.9948895	HGNC:6391	MONDO:0011335	biolink:gene_associated_with_condition	1
0.9922578	HGNC:23419	MONDO:0012280	biolink:causes	1
0.99763095	HGNC:15840	MONDO:0030969	biolink:causes	1
0.5205918	HGNC:6412	MONDO:0007808	biolink:gene_associated_with_condition	1
0.3515793	HGNC:6412	MONDO:0957303	biolink:causes	1
0.34929952	HGNC:6412	MONDO:0010962	biolink:causes	1
0.7833228	HGNC:6442	MONDO:0030535	biolink:causes	1
0.9038767	HGNC:6416	MONDO:0007445	biolink:causes	1
0.895487	HGNC:6416	MONDO:0007551	biolink:causes	1
0.92403597	HGNC:6416	MONDO:0007556	biolink:gene_associated_with_condition	1
0.8708228	HGNC:6463	MONDO:0700343	biolink:causes	1
0.98642457	HGNC:6481	MONDO:0014419	biolink:gene_associated_with_condition	1
0.9434439	HGNC:6481	MONDO:0008377	biolink:causes	1
0.9977069	HGNC:6487	MONDO:0012184	biolink:gene_associated_with_condition	1
0.67065096	HGNC:6541	MONDO:0013587	biolink:gene_associated_with_condition	1
0.9999976	HGNC:18711	MONDO:0859277	biolink:causes	1
0.966774	HGNC:6617	MONDO:0019148	biolink:causes	1
0.966774	HGNC:6617	MONDO:0019148	biolink:gene_associated_with_condition	1
0.9770081	HGNC:13243	MONDO:0007615	biolink:causes	1
0.9714059	HGNC:13243	MONDO:0008572	biolink:gene_associated_with_condition	1
0.9843678	HGNC:13243	MONDO:0008700	biolink:gene_associated_with_condition	1
0.9620278	HGNC:6633	MONDO:0008542	biolink:causes	1
0.8863614	HGNC:6637	MONDO:0030928	biolink:causes	1
0.99747604	HGNC:23405	MONDO:0014070	biolink:causes	1
0.9941631	HGNC:6696	MONDO:0008931	biolink:causes	1
0.9682308	HGNC:6696	MONDO:0013679	biolink:causes	1
0.9577855	HGNC:6740	MONDO:0971009	biolink:causes	1
0.9999641	HGNC:6766	MONDO:0033561	biolink:causes	1
0.9999641	HGNC:6766	MONDO:0033561	biolink:gene_associated_with_condition	1
0.99971205	HGNC:6776	MONDO:0010992	biolink:causes	1
0.55885655	HGNC:16353	MONDO:0010503	biolink:gene_associated_with_condition	1
0.9890876	HGNC:6831	MONDO:0009562	biolink:gene_associated_with_condition	1
0.60439414	HGNC:485	MONDO:0023662	biolink:causes	1
0.95442724	HGNC:493	MONDO:0020745	biolink:causes	1
0.98827666	HGNC:23575	MONDO:0859186	biolink:causes	1
0.9929012	HGNC:21732	MONDO:0014343	biolink:causes	1
0.994701	HGNC:1361	MONDO:0030455	biolink:causes	1
0.6661652	HGNC:18971	MONDO:0014494	biolink:contributes_to	1
0.80032384	HGNC:18971	MONDO:0015597	biolink:gene_associated_with_condition	1
0.21752064	HGNC:613	MONDO:0011285	biolink:contributes_to	1
0.5647893	HGNC:613	MONDO:0011743	biolink:causes	1
0.59404796	HGNC:644	MONDO:0010720	biolink:gene_associated_with_condition	1
0.3542761	HGNC:644	MONDO:0019848	biolink:gene_associated_with_condition	1
0.9928867	HGNC:694	MONDO:0032577	biolink:causes	1
0.997785	HGNC:694	MONDO:0032570	biolink:causes	1
0.23898724	HGNC:24048	MONDO:0009055	biolink:gene_associated_with_condition	1
0.83389163	HGNC:710	MONDO:0049221	biolink:causes	1
0.9971214	HGNC:29561	MONDO:0014868	biolink:causes	1
0.986426	HGNC:735	MONDO:0009218	biolink:gene_associated_with_condition	1
0.99998236	HGNC:19088	MONDO:0030918	biolink:causes	1
0.94937164	HGNC:757	MONDO:0011106	biolink:gene_associated_with_condition	1
0.97900796	HGNC:757	MONDO:0007363	biolink:causes	1
0.6721641	HGNC:589	MONDO:0033115	biolink:causes	1
0.9952602	HGNC:11231	MONDO:0008437	biolink:causes	1
0.7988031	HGNC:799	MONDO:0020788	biolink:causes	1
0.5608668	HGNC:799	MONDO:0054833	biolink:causes	1
0.56830233	HGNC:29536	MONDO:0009728	biolink:gene_associated_with_condition	1
0.8671187	HGNC:29536	MONDO:0014997	biolink:causes	1
0.089278564	HGNC:6893	MONDO:0016563	biolink:gene_associated_with_condition	1
0.342428	HGNC:6893	MONDO:0009839	biolink:causes	1
0.7148006	HGNC:6897	MONDO:0032655	biolink:causes	1
0.9927309	HGNC:6915	MONDO:0859530	biolink:causes	1
0.99999833	HGNC:20444	MONDO:0007974	biolink:causes	1
0.96933705	HGNC:15456	MONDO:0032721	biolink:causes	1
0.9117625	HGNC:18451	MONDO:0013331	biolink:causes	1
0.06449766	HGNC:6944	MONDO:0014853	biolink:causes	1
0.9817727	HGNC:6990	MONDO:0010235	biolink:gene_associated_with_condition	1
0.95151687	HGNC:6990	MONDO:0010397	biolink:gene_associated_with_condition	1
0.81831414	HGNC:14575	MONDO:0016780	biolink:gene_associated_with_condition	1
0.72368103	HGNC:14575	MONDO:0016782	biolink:gene_associated_with_condition	1
0.73748696	HGNC:14575	MONDO:0016783	biolink:gene_associated_with_condition	1
0.99049544	HGNC:28613	MONDO:0032746	biolink:causes	1
0.87586796	HGNC:28569	MONDO:0018393	biolink:gene_associated_with_condition	1
0.23202229	HGNC:7010	MONDO:0010911	biolink:gene_associated_with_condition	1
0.71493447	HGNC:7010	MONDO:0007540	biolink:causes	1
0.3842681	HGNC:7010	MONDO:0007767	biolink:causes	1
0.9906747	HGNC:13520	MONDO:0014343	biolink:causes	1
0.99213517	HGNC:18121	MONDO:0012299	biolink:causes	1
0.9999037	HGNC:7060	MONDO:0009495	biolink:causes	1
0.9999037	HGNC:7060	MONDO:0009495	biolink:gene_associated_with_condition	1
0.7090563	HGNC:33914	MONDO:0859374	biolink:causes	1
1.0	HGNC:31555	MONDO:0013678	biolink:causes	1
1.0	HGNC:31555	MONDO:0013678	biolink:gene_associated_with_condition	1
0.9694648	HGNC:7108	MONDO:0011523	biolink:causes	1
0.9998841	HGNC:12744	MONDO:0008678	biolink:causes	1
0.9917278	HGNC:7176	MONDO:0014343	biolink:causes	1
0.7777107	HGNC:14049	MONDO:0032712	biolink:causes	1
0.8325335	HGNC:14048	MONDO:0012510	biolink:causes	1
0.7567334	HGNC:14334	MONDO:0850067	biolink:gene_associated_with_condition	1
0.61729825	HGNC:7372	MONDO:0012758	biolink:contributes_to	1
0.9995683	HGNC:7488	MONDO:0010790	biolink:causes	1
0.999926	HGNC:7437	MONDO:0032705	biolink:causes	1
0.999926	HGNC:7437	MONDO:0032705	biolink:gene_associated_with_condition	1
0.995002	HGNC:7473	MONDO:0009354	biolink:gene_associated_with_condition	1
0.9987237	HGNC:7506	MONDO:0030880	biolink:causes	1
0.9949561	HGNC:7551	MONDO:0014163	biolink:causes	1
0.7766246	HGNC:7572	MONDO:0018206	biolink:gene_associated_with_condition	1
0.99227315	HGNC:7577	MONDO:0009708	biolink:causes	1
0.99227315	HGNC:7577	MONDO:0009708	biolink:gene_associated_with_condition	1
0.9467398	HGNC:7577	MONDO:0017939	biolink:gene_associated_with_condition	1
0.53574485	HGNC:23212	MONDO:0013711	biolink:causes	1
0.53574485	HGNC:23212	MONDO:0013711	biolink:gene_associated_with_condition	1
0.96929616	HGNC:7606	MONDO:0008377	biolink:causes	1
0.9094466	HGNC:7610	MONDO:0007664	biolink:causes	1
0.9995521	HGNC:19918	MONDO:0032673	biolink:causes	1
0.99648833	HGNC:20967	MONDO:0044306	biolink:gene_associated_with_condition	1
0.14789946	HGNC:7634	MONDO:0009672	biolink:gene_associated_with_condition	1
0.9683081	HGNC:7643	MONDO:0030837	biolink:causes	1
0.96287614	HGNC:7646	MONDO:0009472	biolink:causes	1
0.9927044	HGNC:7690	MONDO:0032636	biolink:causes	1
0.9956968	HGNC:9706	MONDO:0009151	biolink:gene_associated_with_condition	1
0.9085839	HGNC:7739	MONDO:0011902	biolink:gene_associated_with_condition	1
1.0	HGNC:29433	MONDO:0010483	biolink:causes	1
0.9913736	HGNC:7818	MONDO:0030684	biolink:causes	1
0.8965383	HGNC:7820	MONDO:0010544	biolink:causes	1
0.68551165	HGNC:17043	MONDO:0014294	biolink:gene_associated_with_condition	1
0.9991887	HGNC:28018	MONDO:0012847	biolink:causes	1
0.9360522	HGNC:32940	MONDO:0008542	biolink:causes	1
0.98560774	HGNC:14374	MONDO:0060457	biolink:causes	1
0.94362277	HGNC:14374	MONDO:0014089	biolink:causes	1
0.9024639	HGNC:7865	MONDO:0019758	biolink:gene_associated_with_condition	1
0.35852385	HGNC:7876	MONDO:0007088	biolink:contributes_to	1
0.6601887	HGNC:7876	MONDO:0020671	biolink:contributes_to	1
0.92235273	HGNC:7882	MONDO:0007057	biolink:causes	1
0.96178436	HGNC:19104	MONDO:0011756	biolink:causes	1
0.30990738	HGNC:7978	MONDO:0009050	biolink:gene_associated_with_condition	1
0.8573599	HGNC:8001	MONDO:0032646	biolink:causes	1
0.997529	HGNC:8005	MONDO:0007922	biolink:causes	1
0.99288297	HGNC:26208	MONDO:0033566	biolink:causes	1
0.96396315	HGNC:21042	MONDO:0030921	biolink:causes	1
0.8536666	HGNC:23448	MONDO:0005006	biolink:gene_associated_with_condition	1
0.90010124	HGNC:8091	MONDO:0009796	biolink:gene_associated_with_condition	1
0.8758852	HGNC:8091	MONDO:0008377	biolink:causes	1
0.9925464	HGNC:2567	MONDO:0010702	biolink:gene_associated_with_condition	1
0.9764421	HGNC:19316	MONDO:0009804	biolink:gene_associated_with_condition	1
0.99666226	HGNC:19316	MONDO:0009820	biolink:causes	1
0.9565557	HGNC:19316	MONDO:0008147	biolink:gene_associated_with_condition	1
0.88298154	HGNC:8547	MONDO:0008377	biolink:causes	1
0.9846031	HGNC:8548	MONDO:0009820	biolink:causes	1
0.19875248	HGNC:8574	MONDO:0013182	biolink:gene_associated_with_condition	1
0.8676285	HGNC:8574	MONDO:0011830	biolink:gene_associated_with_condition	1
0.7685867	HGNC:26144	MONDO:0013236	biolink:contributes_to	1
0.85355604	HGNC:26144	MONDO:0957530	biolink:contributes_to	1
0.9989084	HGNC:14615	MONDO:0859182	biolink:causes	1
0.85170907	HGNC:8609	MONDO:0014612	biolink:causes	1
0.78858334	HGNC:8620	MONDO:0016395	biolink:gene_associated_with_condition	1
0.7568503	HGNC:8620	MONDO:0008795	biolink:gene_associated_with_condition	1
0.9386234	HGNC:8620	MONDO:0020356	biolink:gene_associated_with_condition	1
0.9186877	HGNC:8620	MONDO:0008377	biolink:causes	1
0.9490348	HGNC:8620	MONDO:0020354	biolink:gene_associated_with_condition	1
0.98982275	HGNC:8654	MONDO:0011628	biolink:gene_associated_with_condition	1
0.59745574	HGNC:8729	MONDO:0014399	biolink:causes	1
0.59745574	HGNC:8729	MONDO:0014399	biolink:gene_associated_with_condition	1
0.9806754	HGNC:16068	MONDO:0008872	biolink:gene_associated_with_condition	1
0.9938437	HGNC:8778	MONDO:0014343	biolink:causes	1
0.9645788	HGNC:8787	MONDO:0008377	biolink:causes	1
0.8520107	HGNC:8804	MONDO:0014004	biolink:causes	1
0.9872062	HGNC:8804	MONDO:0011150	biolink:gene_associated_with_condition	1
0.88698095	HGNC:6107	MONDO:0011667	biolink:causes	1
0.8561406	HGNC:26974	MONDO:0859281	biolink:causes	1
0.99988854	HGNC:40045	MONDO:0033654	biolink:causes	1
0.9267646	HGNC:8858	MONDO:0013948	biolink:causes	1
0.94347596	HGNC:9713	MONDO:0018598	biolink:gene_associated_with_condition	1
0.8701287	HGNC:9713	MONDO:0019174	biolink:gene_associated_with_condition	1
0.554237	HGNC:8881	MONDO:0013891	biolink:causes	1
0.97266	HGNC:25712	MONDO:0018419	biolink:gene_associated_with_condition	1
0.99875784	HGNC:9143	MONDO:0800026	biolink:gene_associated_with_condition	1
0.98906636	HGNC:18858	MONDO:0012465	biolink:gene_associated_with_condition	1
0.99984634	HGNC:14937	MONDO:0029140	biolink:causes	1
0.90486073	HGNC:8979	MONDO:0014453	biolink:causes	1
0.96396893	HGNC:9004	MONDO:0017382	biolink:gene_associated_with_condition	1
0.9956664	HGNC:9004	MONDO:0014343	biolink:causes	1
0.9902289	HGNC:20313	MONDO:0968981	biolink:causes	1
0.8538804	HGNC:9066	MONDO:0013766	biolink:gene_associated_with_condition	1
0.8938915	HGNC:17158	MONDO:0033481	biolink:gene_associated_with_condition	1
0.9992841	HGNC:9083	MONDO:0007738	biolink:causes	1
0.9921321	HGNC:9083	MONDO:0012892	biolink:gene_associated_with_condition	1
0.8039882	HGNC:9107	MONDO:0008542	biolink:causes	1
0.9656735	HGNC:17728	MONDO:0035153	biolink:gene_associated_with_condition	1
0.9916881	HGNC:9115	MONDO:0007922	biolink:causes	1
0.82594705	HGNC:9119	MONDO:0054785	biolink:causes	1
0.9974763	HGNC:7892	MONDO:0013171	biolink:causes	1
0.9933606	HGNC:9180	MONDO:0032799	biolink:causes	1
0.9957904	HGNC:19139	MONDO:0018277	biolink:gene_associated_with_condition	1
0.9799785	HGNC:20330	MONDO:0011169	biolink:gene_associated_with_condition	1
0.9366303	HGNC:30129	MONDO:0014343	biolink:causes	1
0.99339205	HGNC:9280	MONDO:0957577	biolink:causes	1
0.46738744	HGNC:9302	MONDO:0014605	biolink:causes	1
0.65229875	HGNC:9305	MONDO:0011439	biolink:causes	1
0.65229875	HGNC:9305	MONDO:0011439	biolink:gene_associated_with_condition	1
0.9416982	HGNC:9330	MONDO:0019769	biolink:gene_associated_with_condition	1
0.9085571	HGNC:9330	MONDO:0019767	biolink:gene_associated_with_condition	1
0.9999378	HGNC:13997	MONDO:0014662	biolink:causes	1
0.69919205	HGNC:14000	MONDO:0014152	biolink:causes	1
0.99986255	HGNC:9369	MONDO:0859276	biolink:causes	1
0.9956208	HGNC:9386	MONDO:0009867	biolink:causes	1
0.9956208	HGNC:9386	MONDO:0009867	biolink:gene_associated_with_condition	1
0.90516436	HGNC:9402	MONDO:0011540	biolink:causes	1
0.99703205	HGNC:15836	MONDO:0007794	biolink:causes	1
0.9819573	HGNC:15836	MONDO:0019828	biolink:gene_associated_with_condition	1
0.7671463	HGNC:9460	MONDO:0017993	biolink:gene_associated_with_condition	1
0.97855204	HGNC:9498	MONDO:0012720	biolink:causes	1
0.9677921	HGNC:9498	MONDO:0017729	biolink:gene_associated_with_condition	1
0.9848337	HGNC:24929	MONDO:0030931	biolink:causes	1
0.87613255	HGNC:21290	MONDO:0975761	biolink:causes	1
0.97435147	HGNC:9587	MONDO:0014343	biolink:causes	1
0.9958199	HGNC:9587	MONDO:0007892	biolink:causes	1
0.9957379	HGNC:9608	MONDO:0010803	biolink:gene_associated_with_condition	1
0.99415684	HGNC:9608	MONDO:0014343	biolink:causes	1
0.16351983	HGNC:9658	MONDO:0011959	biolink:gene_associated_with_condition	1
0.4106174	HGNC:9658	MONDO:0035236	biolink:gene_associated_with_condition	1
0.951333	HGNC:869	MONDO:0010651	biolink:causes	1
0.89081985	HGNC:897	MONDO:0010356	biolink:gene_associated_with_condition	1
0.9999366	HGNC:17978	MONDO:0010075	biolink:gene_associated_with_condition	1
0.7547402	HGNC:939	MONDO:0013061	biolink:causes	1
0.5927432	HGNC:939	MONDO:0976226	biolink:causes	1
0.37628612	HGNC:961	MONDO:0008678	biolink:gene_associated_with_condition	1
0.9974553	HGNC:970	MONDO:0014434	biolink:causes	1
0.9779465	HGNC:26291	MONDO:0008377	biolink:causes	1
0.9557821	HGNC:977	MONDO:0100058	biolink:causes	1
0.8254484	HGNC:983	MONDO:0015270	biolink:gene_associated_with_condition	1
0.9615127	HGNC:13221	MONDO:0014914	biolink:causes	1
0.78964233	HGNC:1014	MONDO:0020512	biolink:gene_associated_with_condition	1
0.9908958	HGNC:35126	MONDO:0012271	biolink:causes	1
0.9954921	HGNC:35126	MONDO:0014343	biolink:causes	1
0.91818905	HGNC:35126	MONDO:0009222	biolink:gene_associated_with_condition	1
0.9270911	HGNC:1062	MONDO:0013595	biolink:causes	1
0.73512834	HGNC:1071	MONDO:0008377	biolink:causes	1
0.8935778	HGNC:1076	MONDO:0012041	biolink:causes	1
0.80377096	HGNC:1076	MONDO:0008276	biolink:gene_associated_with_condition	1
0.6381677	HGNC:3581	MONDO:0007845	biolink:contributes_to	1
0.6803758	HGNC:1101	MONDO:0011584	biolink:causes	1
0.92207575	HGNC:1101	MONDO:0013235	biolink:contributes_to	1
0.34846824	HGNC:1101	MONDO:0015278	biolink:gene_associated_with_condition	1
0.9447159	HGNC:1241	MONDO:0958182	biolink:causes	1
0.92748433	HGNC:1241	MONDO:0013743	biolink:gene_associated_with_condition	1
0.9965378	HGNC:26033	MONDO:0032687	biolink:causes	1
0.8970436	HGNC:9721	MONDO:0009271	biolink:gene_associated_with_condition	1
0.9915701	HGNC:9721	MONDO:0013051	biolink:causes	1
0.96801424	HGNC:9721	MONDO:0014343	biolink:causes	1
0.9993098	HGNC:25326	MONDO:0032686	biolink:causes	1
0.8280552	HGNC:17168	MONDO:0018421	biolink:gene_associated_with_condition	1
0.9919666	HGNC:17168	MONDO:0013641	biolink:causes	1
0.1159257	HGNC:18072	MONDO:0032867	biolink:contributes_to	1
0.8378294	HGNC:9829	MONDO:0008542	biolink:causes	1
0.90884113	HGNC:9829	MONDO:0016692	biolink:gene_associated_with_condition	1
0.7994135	HGNC:9829	MONDO:0007922	biolink:causes	1
0.9394909	HGNC:9859	MONDO:0958001	biolink:causes	1
0.70835805	HGNC:9870	MONDO:0014506	biolink:gene_associated_with_condition	1
0.6040501	HGNC:9940	MONDO:0018877	biolink:gene_associated_with_condition	1
0.8799102	HGNC:9940	MONDO:0008377	biolink:causes	1
0.96357703	HGNC:17964	MONDO:0008377	biolink:causes	1
0.8912567	HGNC:9949	MONDO:0009039	biolink:gene_associated_with_condition	1
0.79786515	HGNC:9949	MONDO:0016369	biolink:causes	1
0.6353448	HGNC:9949	MONDO:0009955	biolink:gene_associated_with_condition	1
0.9936215	HGNC:25786	MONDO:0012453	biolink:causes	1
0.3574534	HGNC:9956	MONDO:0054696	biolink:causes	1
0.99194497	HGNC:9957	MONDO:0700090	biolink:causes	1
0.99471515	HGNC:9957	MONDO:0007922	biolink:causes	1
0.28778777	HGNC:9966	MONDO:0014779	biolink:contributes_to	1
0.99498874	HGNC:25964	MONDO:0024309	biolink:causes	1
0.99921405	HGNC:9986	MONDO:0971014	biolink:causes	1
0.9076203	HGNC:9986	MONDO:0971016	biolink:causes	1
0.62814415	HGNC:20788	MONDO:0007856	biolink:causes	1
0.62814415	HGNC:20788	MONDO:0007856	biolink:gene_associated_with_condition	1
0.73305553	HGNC:667	MONDO:0032884	biolink:causes	1
0.9382331	HGNC:17282	MONDO:0008377	biolink:causes	1
0.56408966	HGNC:10019	MONDO:0020849	biolink:causes	1
0.8131153	HGNC:10023	MONDO:0007922	biolink:causes	1
0.94467914	HGNC:10023	MONDO:0014343	biolink:causes	1
0.9237656	HGNC:10031	MONDO:0011338	biolink:gene_associated_with_condition	1
0.99433786	HGNC:10031	MONDO:0014343	biolink:causes	1
0.116446614	HGNC:21158	MONDO:0013357	biolink:gene_associated_with_condition	1
0.98557603	HGNC:10258	MONDO:0060745	biolink:causes	1
0.4082613	HGNC:10327	MONDO:0013964	biolink:causes	1
0.30488145	HGNC:10381	MONDO:0018435	biolink:gene_associated_with_condition	1
0.43555135	HGNC:10397	MONDO:0012924	biolink:causes	1
0.9800582	HGNC:17271	MONDO:0014343	biolink:causes	1
0.97016466	HGNC:10451	MONDO:0957993	biolink:causes	1
0.9997217	HGNC:21057	MONDO:0012979	biolink:causes	1
0.8779538	HGNC:10484	MONDO:0017402	biolink:gene_associated_with_condition	1
0.99406505	HGNC:10524	MONDO:0014343	biolink:causes	1
0.9980945	HGNC:21637	MONDO:0012864	biolink:gene_associated_with_condition	1
0.93148714	HGNC:10542	MONDO:0014117	biolink:gene_associated_with_condition	1
0.76773435	HGNC:1665	MONDO:0009699	biolink:causes	1
0.95452696	HGNC:10589	MONDO:0014156	biolink:causes	1
0.99677175	HGNC:10597	MONDO:0009459	biolink:causes	1
0.99527717	HGNC:10597	MONDO:0007571	biolink:causes	1
0.99527717	HGNC:10597	MONDO:0007571	biolink:gene_associated_with_condition	1
0.9978619	HGNC:10597	MONDO:0008179	biolink:gene_associated_with_condition	1
0.9801558	HGNC:10597	MONDO:0017629	biolink:gene_associated_with_condition	1
0.9989654	HGNC:10603	MONDO:0700250	biolink:causes	1
0.9537152	HGNC:10682	MONDO:0011740	biolink:gene_associated_with_condition	1
0.51061815	HGNC:30972	MONDO:0800046	biolink:causes	1
0.24378419	HGNC:10719	MONDO:0029144	biolink:causes	1
0.12505847	HGNC:10736	MONDO:0007404	biolink:gene_associated_with_condition	1
0.9428998	HGNC:9075	MONDO:0009883	biolink:gene_associated_with_condition	1
0.9856188	HGNC:8943	MONDO:0011412	biolink:causes	1
0.91403604	HGNC:29187	MONDO:0033559	biolink:causes	1
0.99335337	HGNC:16088	MONDO:0014261	biolink:causes	1
0.99405164	HGNC:10809	MONDO:0009677	biolink:gene_associated_with_condition	1
0.9681245	HGNC:29605	MONDO:0007572	biolink:causes	1
0.86196464	HGNC:10852	MONDO:0030866	biolink:causes	1
0.9989329	HGNC:19353	MONDO:0013256	biolink:causes	1
0.9989329	HGNC:19353	MONDO:0013256	biolink:gene_associated_with_condition	1
0.9999236	HGNC:10889	MONDO:0007999	biolink:causes	1
0.9919572	HGNC:10889	MONDO:0019758	biolink:gene_associated_with_condition	1
0.9611822	HGNC:16438	MONDO:0009019	biolink:causes	1
0.9981522	HGNC:11051	MONDO:0013827	biolink:causes	1
0.9998317	HGNC:11079	MONDO:0010278	biolink:causes	1
0.9983878	HGNC:23088	MONDO:0012892	biolink:causes	1
0.9968348	HGNC:13818	MONDO:0014718	biolink:causes	1
0.86451316	HGNC:10922	MONDO:0014490	biolink:causes	1
0.91265625	HGNC:10922	MONDO:0009501	biolink:causes	1
0.45427394	HGNC:10922	MONDO:0012396	biolink:causes	1
0.9682109	HGNC:10936	MONDO:0020345	biolink:gene_associated_with_condition	1
0.99808073	HGNC:10969	MONDO:0008919	biolink:causes	1
0.99510753	HGNC:20611	MONDO:0018264	biolink:causes	1
0.9774336	HGNC:8818	MONDO:0010933	biolink:causes	1
0.8750988	HGNC:8818	MONDO:0019855	biolink:gene_associated_with_condition	1
0.99978024	HGNC:23096	MONDO:0011273	biolink:causes	1
0.99978024	HGNC:23096	MONDO:0011273	biolink:gene_associated_with_condition	1
0.9899963	HGNC:25355	MONDO:0013208	biolink:gene_associated_with_condition	1
0.9999231	HGNC:11018	MONDO:0958331	biolink:causes	1
0.65835977	HGNC:11020	MONDO:0009928	biolink:causes	1
0.93437433	HGNC:17129	MONDO:0008713	biolink:gene_associated_with_condition	1
0.9982634	HGNC:20858	MONDO:0014864	biolink:causes	1
0.99983287	HGNC:17939	MONDO:0044322	biolink:causes	1
0.96405965	HGNC:30225	MONDO:0014013	biolink:gene_associated_with_condition	1
0.9920781	HGNC:6768	MONDO:0008426	biolink:causes	1
0.97234344	HGNC:6770	MONDO:0007688	biolink:causes	1
0.9388205	HGNC:6770	MONDO:0008278	biolink:causes	1
0.99214196	HGNC:6770	MONDO:0014343	biolink:causes	1
0.8413151	HGNC:6770	MONDO:0015278	biolink:causes	1
0.8413151	HGNC:6770	MONDO:0015278	biolink:gene_associated_with_condition	1
0.85737896	HGNC:6770	MONDO:0008276	biolink:gene_associated_with_condition	1
0.9829968	HGNC:11098	MONDO:0859139	biolink:gene_associated_with_condition	1
0.9305132	HGNC:44204	MONDO:0044282	biolink:causes	1
0.9965718	HGNC:20323	MONDO:0014343	biolink:causes	1
0.9881108	HGNC:1248	MONDO:0009006	biolink:causes	1
0.95777184	HGNC:1375	MONDO:0008377	biolink:causes	1
0.96855193	HGNC:19721	MONDO:0054680	biolink:causes	1
0.99920005	HGNC:19721	MONDO:0009629	biolink:causes	1
0.9989015	HGNC:11182	MONDO:0036189	biolink:gene_associated_with_condition	1
0.99647766	HGNC:1514	MONDO:0009397	biolink:causes	1
0.99647766	HGNC:1514	MONDO:0009397	biolink:gene_associated_with_condition	1
0.9904947	HGNC:1514	MONDO:0011013	biolink:causes	1
0.9581302	HGNC:1514	MONDO:0007791	biolink:causes	1
0.919494	HGNC:1514	MONDO:0013032	biolink:contributes_to	1
0.38125753	HGNC:1516	MONDO:0013571	biolink:gene_associated_with_condition	1
0.77372164	HGNC:1539	MONDO:0020316	biolink:gene_associated_with_condition	1
0.99745554	HGNC:29253	MONDO:0014343	biolink:causes	1
0.9977316	HGNC:26185	MONDO:0009820	biolink:causes	1
0.99248695	HGNC:26185	MONDO:0030714	biolink:causes	1
0.5956226	HGNC:11161	MONDO:0014027	biolink:causes	1
0.94814515	HGNC:11187	MONDO:0008542	biolink:causes	1
0.4926388	HGNC:11195	MONDO:0008799	biolink:gene_associated_with_condition	1
0.9657078	HGNC:11195	MONDO:0014343	biolink:causes	1
0.9793627	HGNC:14530	MONDO:0031084	biolink:causes	1
0.9976948	HGNC:30705	MONDO:0975842	biolink:causes	1
0.98769337	HGNC:30705	MONDO:0975843	biolink:causes	1
0.8897496	HGNC:29022	MONDO:0010850	biolink:causes	1
0.45974478	HGNC:26933	MONDO:0976265	biolink:causes	1
0.98969984	HGNC:20249	MONDO:0012669	biolink:causes	1
0.997189	HGNC:20249	MONDO:0007922	biolink:causes	1
0.9790375	HGNC:15533	MONDO:0007794	biolink:causes	1
0.9258949	HGNC:11273	MONDO:0957815	biolink:causes	1
0.98363554	HGNC:11277	MONDO:0008086	biolink:causes	1
0.7777221	HGNC:11280	MONDO:0014945	biolink:causes	1
0.21125455	HGNC:11280	MONDO:0008176	biolink:causes	1
0.86812586	HGNC:25812	MONDO:0008377	biolink:causes	1
0.5628692	HGNC:11302	MONDO:0957809	biolink:causes	1
0.6579056	HGNC:11303	MONDO:0013851	biolink:gene_associated_with_condition	1
0.8355738	HGNC:11364	MONDO:0007818	biolink:causes	1
0.9884084	HGNC:11367	MONDO:0014343	biolink:causes	1
0.91785014	HGNC:11367	MONDO:0100219	biolink:causes	1
0.9930062	HGNC:26239	MONDO:0049222	biolink:causes	1
0.3008456	HGNC:11427	MONDO:0014339	biolink:causes	1
0.97797066	HGNC:11449	MONDO:0009504	biolink:causes	1
0.9934369	HGNC:16001	MONDO:0009283	biolink:gene_associated_with_condition	1
0.99869835	HGNC:11460	MONDO:0010089	biolink:gene_associated_with_condition	1
0.5489959	HGNC:11480	MONDO:0033620	biolink:causes	1
0.9645882	HGNC:11490	MONDO:0009776	biolink:causes	1
0.74307	HGNC:17084	MONDO:0013072	biolink:causes	1
0.98608077	HGNC:11503	MONDO:0014233	biolink:causes	1
0.6259755	HGNC:11506	MONDO:0010429	biolink:causes	1
0.91176426	HGNC:17075	MONDO:0008542	biolink:causes	1
0.49853683	HGNC:11530	MONDO:0008777	biolink:gene_associated_with_condition	1
0.94619924	HGNC:30740	MONDO:0014398	biolink:causes	1
0.94619924	HGNC:30740	MONDO:0014398	biolink:gene_associated_with_condition	1
0.9865937	HGNC:29183	MONDO:0859148	biolink:causes	1
0.9999933	HGNC:16133	MONDO:0014296	biolink:causes	1
0.99734026	HGNC:11581	MONDO:0044646	biolink:causes	1
0.99999964	HGNC:28261	MONDO:0014823	biolink:causes	1
0.9999683	HGNC:11594	MONDO:0009845	biolink:gene_associated_with_condition	1
0.9664442	HGNC:11598	MONDO:0008542	biolink:causes	1
0.9116202	HGNC:11598	MONDO:0020434	biolink:gene_associated_with_condition	1
0.5672738	HGNC:11633	MONDO:0957428	biolink:gene_associated_with_condition	1
0.86213994	HGNC:11633	MONDO:0600030	biolink:gene_associated_with_condition	1
0.9949509	HGNC:18884	MONDO:0011801	biolink:gene_associated_with_condition	1
0.8717566	HGNC:11714	MONDO:0008377	biolink:causes	1
1.0	HGNC:11727	MONDO:0007485	biolink:causes	1
0.9778953	HGNC:11727	MONDO:0012197	biolink:gene_associated_with_condition	1
0.48911163	HGNC:25941	MONDO:0019157	biolink:gene_associated_with_condition	1
0.4167493	HGNC:25941	MONDO:0015041	biolink:gene_associated_with_condition	1
0.9726642	HGNC:11743	MONDO:0008209	biolink:causes	1
0.91525453	HGNC:11743	MONDO:0018758	biolink:gene_associated_with_condition	1
0.85442823	HGNC:11758	MONDO:0014295	biolink:causes	1
0.9941041	HGNC:11762	MONDO:0011417	biolink:causes	1
0.94536453	HGNC:11762	MONDO:0958085	biolink:gene_associated_with_condition	1
0.9974734	HGNC:11768	MONDO:0007363	biolink:causes	1
0.9970753	HGNC:11773	MONDO:0014343	biolink:causes	1
0.9726917	HGNC:11773	MONDO:0017308	biolink:gene_associated_with_condition	1
0.99597484	HGNC:11773	MONDO:0007363	biolink:causes	1
0.9985185	HGNC:11773	MONDO:0007524	biolink:causes	1
0.9664707	HGNC:19073	MONDO:0010496	biolink:gene_associated_with_condition	1
0.96559083	HGNC:23656	MONDO:0044724	biolink:gene_associated_with_condition	1
0.43944615	HGNC:11828	MONDO:0031446	biolink:causes	1
0.97709924	HGNC:24552	MONDO:0032927	biolink:causes	1
0.7934778	HGNC:24552	MONDO:0008922	biolink:gene_associated_with_condition	1
0.686068	HGNC:28472	MONDO:0011459	biolink:causes	1
0.99999964	HGNC:25186	MONDO:0011833	biolink:causes	1
0.93657666	HGNC:16517	MONDO:0008788	biolink:gene_associated_with_condition	1
0.85909	HGNC:30739	MONDO:0032887	biolink:causes	1
0.99696475	HGNC:11943	MONDO:0013195	biolink:causes	1
0.6007886	HGNC:11947	MONDO:0013369	biolink:causes	1
0.9315326	HGNC:11992	MONDO:0020628	biolink:causes	1
0.9654934	HGNC:11992	MONDO:0020845	biolink:causes	1
0.8674732	HGNC:11992	MONDO:0034991	biolink:gene_associated_with_condition	1
0.99954647	HGNC:3098	MONDO:0100218	biolink:causes	1
0.67877364	HGNC:12012	MONDO:0800341	biolink:causes	1
0.18358433	HGNC:12012	MONDO:0018780	biolink:gene_associated_with_condition	1
0.99532336	HGNC:24259	MONDO:0033009	biolink:causes	1
0.9788801	HGNC:17861	MONDO:0014343	biolink:causes	1
0.9999608	HGNC:20456	MONDO:0032572	biolink:causes	1
0.9684646	HGNC:19943	MONDO:0032894	biolink:causes	1
0.9955884	HGNC:24284	MONDO:0044696	biolink:gene_associated_with_condition	1
0.892399	HGNC:12252	MONDO:0020512	biolink:gene_associated_with_condition	1
0.9791524	HGNC:12266	MONDO:0012803	biolink:gene_associated_with_condition	1
0.99652326	HGNC:17341	MONDO:0014487	biolink:gene_associated_with_condition	1
0.89662313	HGNC:17341	MONDO:0008377	biolink:causes	1
0.9942537	HGNC:17341	MONDO:0014850	biolink:causes	1
0.97656107	HGNC:18083	MONDO:0007232	biolink:causes	1
0.97656107	HGNC:18083	MONDO:0007232	biolink:gene_associated_with_condition	1
0.99407697	HGNC:18083	MONDO:0010839	biolink:causes	1
0.99407697	HGNC:18083	MONDO:0010839	biolink:gene_associated_with_condition	1
0.9930715	HGNC:18083	MONDO:0011633	biolink:gene_associated_with_condition	1
0.99593383	HGNC:18083	MONDO:0008477	biolink:causes	1
0.9954678	HGNC:20087	MONDO:0008377	biolink:causes	1
0.9999143	HGNC:26006	MONDO:0014063	biolink:causes	1
0.67932314	HGNC:20772	MONDO:0018763	biolink:gene_associated_with_condition	1
0.89773524	HGNC:16691	MONDO:0009624	biolink:gene_associated_with_condition	1
0.88034475	HGNC:1160	MONDO:0018197	biolink:gene_associated_with_condition	1
0.9965197	HGNC:29877	MONDO:0957588	biolink:causes	1
0.95248026	HGNC:12499	MONDO:0859207	biolink:causes	1
0.46977758	HGNC:30791	MONDO:0007374	biolink:gene_associated_with_condition	1
0.8949304	HGNC:12511	MONDO:0044701	biolink:gene_associated_with_condition	1
0.99999905	HGNC:26941	MONDO:0060752	biolink:causes	1
0.932008	HGNC:25640	MONDO:0031052	biolink:causes	1
0.8475974	HGNC:25640	MONDO:0060702	biolink:causes	1
0.937525	HGNC:12565	MONDO:0008377	biolink:causes	1
0.9160764	HGNC:12565	MONDO:0957240	biolink:causes	1
0.9997147	HGNC:25792	MONDO:0011405	biolink:causes	1
0.9997147	HGNC:25792	MONDO:0011405	biolink:gene_associated_with_condition	1
0.98407793	HGNC:12601	MONDO:0010169	biolink:causes	1
0.98307735	HGNC:12601	MONDO:0008377	biolink:causes	1
0.78052324	HGNC:12632	MONDO:0018821	biolink:gene_associated_with_condition	1
0.9949175	HGNC:2464	MONDO:0008490	biolink:causes	1
0.99085087	HGNC:2464	MONDO:0007740	biolink:gene_associated_with_condition	1
0.9993782	HGNC:12668	MONDO:0010767	biolink:causes	1
0.8524819	HGNC:23663	MONDO:0011837	biolink:causes	1
0.976503	HGNC:12713	MONDO:0030312	biolink:causes	1
0.99990594	HGNC:28385	MONDO:0014845	biolink:causes	1
0.99801207	HGNC:28984	MONDO:0009073	biolink:causes	1
0.9629584	HGNC:28984	MONDO:0011339	biolink:causes	1
0.7908515	HGNC:12754	MONDO:0007883	biolink:gene_associated_with_condition	1
0.9949125	HGNC:25072	MONDO:0060704	biolink:causes	1
0.16190998	HGNC:30914	MONDO:0018417	biolink:gene_associated_with_condition	1
0.9594729	HGNC:25928	MONDO:0019374	biolink:gene_associated_with_condition	1
0.77118087	HGNC:12762	MONDO:0010963	biolink:causes	1
0.94727916	HGNC:12762	MONDO:0009101	biolink:causes	1
0.9773812	HGNC:12774	MONDO:0009804	biolink:gene_associated_with_condition	1
0.9760607	HGNC:12774	MONDO:0014086	biolink:causes	1
0.96351564	HGNC:12774	MONDO:0019409	biolink:gene_associated_with_condition	1
0.9976387	HGNC:12774	MONDO:0012892	biolink:causes	1
0.9978194	HGNC:13829	MONDO:0007881	biolink:causes	1
0.9998987	HGNC:13829	MONDO:0009773	biolink:gene_associated_with_condition	1
0.91295934	HGNC:12828	MONDO:0033116	biolink:causes	1
0.73590386	HGNC:16262	MONDO:0007355	biolink:gene_associated_with_condition	1
0.4182795	HGNC:24877	MONDO:0031481	biolink:gene_associated_with_condition	1
0.9010009	HGNC:24877	MONDO:0025690	biolink:causes	1
0.98707926	HGNC:20761	MONDO:0010044	biolink:causes	1
0.90450305	HGNC:12877	MONDO:0008310	biolink:gene_associated_with_condition	1
0.9080492	HGNC:29222	MONDO:0008377	biolink:causes	1
0.5887212	HGNC:34519	MONDO:0975841	biolink:causes	1
0.98122036	HGNC:15662	MONDO:0030716	biolink:causes	1
0.9578417	HGNC:26993	MONDO:0030787	biolink:causes	1
0.99900645	HGNC:2500	MONDO:0008881	biolink:causes	1
0.86999315	HGNC:2500	MONDO:0016356	biolink:gene_associated_with_condition	1
0.43534815	HGNC:1591	MONDO:0030875	biolink:causes	1
0.9887165	HGNC:1606	MONDO:0004951	biolink:contributes_to	1
0.9935167	HGNC:1633	MONDO:0009413	biolink:causes	1
0.8824312	HGNC:1698	MONDO:0013288	biolink:causes	1
0.99925226	HGNC:1713	MONDO:0009135	biolink:causes	1
0.4891328	HGNC:1718	MONDO:0012091	biolink:causes	1
0.6554879	HGNC:1723	MONDO:0859521	biolink:causes	1
0.99431217	HGNC:1786	MONDO:0013873	biolink:causes	1
0.935549	HGNC:1786	MONDO:0016476	biolink:gene_associated_with_condition	1
0.9988894	HGNC:26684	MONDO:0017173	biolink:gene_associated_with_condition	1
0.99796474	HGNC:26684	MONDO:0054723	biolink:causes	1
0.9233248	HGNC:26684	MONDO:0009366	biolink:causes	1
0.9981304	HGNC:28506	MONDO:0017173	biolink:gene_associated_with_condition	1
0.9999534	HGNC:27232	MONDO:0044308	biolink:causes	1
0.46347257	HGNC:4888	MONDO:0011285	biolink:contributes_to	1
0.77023154	HGNC:4888	MONDO:0013892	biolink:gene_associated_with_condition	1
0.99828666	HGNC:24668	MONDO:0013892	biolink:causes	1
0.96024716	HGNC:1956	MONDO:0012474	biolink:causes	1
0.9838097	HGNC:1965	MONDO:0014583	biolink:causes	1
0.9606061	HGNC:1965	MONDO:0014585	biolink:causes	1
0.8837764	HGNC:14214	MONDO:0030910	biolink:causes	1
0.99486464	HGNC:2021	MONDO:0859188	biolink:causes	1
0.9999908	HGNC:2021	MONDO:0859187	biolink:causes	1
0.8891479	HGNC:2027	MONDO:0009904	biolink:gene_associated_with_condition	1
0.99982494	HGNC:2027	MONDO:0011822	biolink:causes	1
0.9212621	HGNC:33939	MONDO:0030905	biolink:causes	1
0.9830556	HGNC:103	MONDO:0020787	biolink:causes	1
0.9780586	HGNC:7877	MONDO:0032787	biolink:causes	1
0.88810134	HGNC:8011	MONDO:0017049	biolink:gene_associated_with_condition	1
0.97787184	HGNC:2198	MONDO:0009159	biolink:gene_associated_with_condition	1
0.99707305	HGNC:2198	MONDO:0012892	biolink:causes	1
0.93916935	HGNC:2198	MONDO:0017791	biolink:gene_associated_with_condition	1
0.99980253	HGNC:2201	MONDO:0008426	biolink:causes	1
0.99969816	HGNC:2201	MONDO:0007524	biolink:causes	1
0.9968076	HGNC:2213	MONDO:0958236	biolink:causes	1
0.94713724	HGNC:2213	MONDO:0014627	biolink:causes	1
0.9949132	HGNC:2217	MONDO:0007740	biolink:causes	1
0.99916816	HGNC:2186	MONDO:0011493	biolink:gene_associated_with_condition	1
0.9183809	HGNC:2186	MONDO:0008377	biolink:causes	1
0.9999883	HGNC:2190	MONDO:0014745	biolink:causes	1
0.8737724	HGNC:18603	MONDO:0008340	biolink:gene_associated_with_condition	1
0.69481635	HGNC:2231	MONDO:0859002	biolink:gene_associated_with_condition	1
0.81517065	HGNC:25223	MONDO:0020715	biolink:contributes_to	1
0.98093814	HGNC:20233	MONDO:0013836	biolink:gene_associated_with_condition	1
0.98757404	HGNC:2342	MONDO:0054764	biolink:causes	1
0.9105573	HGNC:2348	MONDO:0012519	biolink:gene_associated_with_condition	1
0.8501551	HGNC:2348	MONDO:0018256	biolink:gene_associated_with_condition	1
0.99432963	HGNC:2348	MONDO:0008393	biolink:causes	1
0.99432963	HGNC:2348	MONDO:0008393	biolink:gene_associated_with_condition	1
0.734443	HGNC:2383	MONDO:0013449	biolink:causes	1
0.9568969	HGNC:2389	MONDO:0018611	biolink:gene_associated_with_condition	1
0.6738586	HGNC:2409	MONDO:0018611	biolink:gene_associated_with_condition	1
0.10387926	HGNC:2409	MONDO:0021548	biolink:gene_associated_with_condition	1
0.9940089	HGNC:2417	MONDO:0018611	biolink:gene_associated_with_condition	1
0.82515675	HGNC:2481	MONDO:0011937	biolink:causes	1
0.6265057	HGNC:2501	MONDO:0009058	biolink:gene_associated_with_condition	1
0.060774423	HGNC:2516	MONDO:0007404	biolink:gene_associated_with_condition	1
0.74923575	HGNC:2528	MONDO:0009490	biolink:causes	1
0.8276106	HGNC:6027	MONDO:0030374	biolink:causes	1
0.54885995	HGNC:2570	MONDO:0019597	biolink:gene_associated_with_condition	1
0.58132714	HGNC:2590	MONDO:0013400	biolink:causes	1
0.9258391	HGNC:2600	MONDO:0017839	biolink:gene_associated_with_condition	1
0.9464976	HGNC:2714	MONDO:0010239	biolink:causes	1
0.9997168	HGNC:2719	MONDO:0012084	biolink:causes	1
0.7653116	HGNC:2750	MONDO:0975838	biolink:causes	1
0.6459329	HGNC:2876	MONDO:0007424	biolink:causes	1
0.9974368	HGNC:2919	MONDO:0014343	biolink:causes	1
0.8744907	HGNC:2928	MONDO:0016097	biolink:gene_associated_with_condition	1
0.99918073	HGNC:21493	MONDO:0014203	biolink:causes	1
0.6034744	HGNC:5228	MONDO:0014866	biolink:gene_associated_with_condition	1
0.9812873	HGNC:15469	MONDO:0014231	biolink:causes	1
0.99471587	HGNC:26532	MONDO:0009461	biolink:gene_associated_with_condition	1
0.9999889	HGNC:28662	MONDO:0859293	biolink:causes	1
0.9909843	HGNC:3004	MONDO:0100217	biolink:causes	1
0.99999964	HGNC:24270	MONDO:0859295	biolink:causes	1
0.9160643	HGNC:28769	MONDO:0008377	biolink:causes	1
0.931976	HGNC:3036	MONDO:0017402	biolink:gene_associated_with_condition	1
0.9354262	HGNC:3048	MONDO:0014218	biolink:causes	1
0.9354262	HGNC:3048	MONDO:0014218	biolink:gene_associated_with_condition	1
0.9637286	HGNC:17328	MONDO:0013559	biolink:causes	1
0.6284012	HGNC:20908	MONDO:0008542	biolink:causes	1
0.5306467	HGNC:20908	MONDO:0012569	biolink:causes	1
0.9961094	HGNC:3219	MONDO:0007363	biolink:causes	1
0.9982021	HGNC:3219	MONDO:0007524	biolink:causes	1
0.9731957	HGNC:3239	MONDO:0011527	biolink:gene_associated_with_condition	1
0.99590355	HGNC:3239	MONDO:0007790	biolink:causes	1
0.7007103	HGNC:24921	MONDO:0030036	biolink:causes	1
0.8939388	HGNC:28957	MONDO:0018822	biolink:gene_associated_with_condition	1
0.82630956	HGNC:3331	MONDO:0100531	biolink:causes	1
0.50013196	HGNC:3386	MONDO:0007288	biolink:causes	1
0.57995623	HGNC:3424	MONDO:0033047	biolink:causes	1
0.9495941	HGNC:3436	MONDO:0019569	biolink:gene_associated_with_condition	1
0.12944879	HGNC:3467	MONDO:0014148	biolink:causes	1
0.98288697	HGNC:19747	MONDO:0008673	biolink:causes	1
0.98288697	HGNC:19747	MONDO:0008673	biolink:gene_associated_with_condition	1
0.62181616	MONDO:0000908	HGNC:2511	biolink:causes	1
0.9817762	MONDO:0004951	HGNC:10632	biolink:contributes_to	1
0.9798131	MONDO:0004951	HGNC:5962	biolink:contributes_to	1
0.9417087	MONDO:0004951	HGNC:1641	biolink:contributes_to	1
0.9887165	MONDO:0004951	HGNC:1606	biolink:contributes_to	1
0.9898017	MONDO:0004951	HGNC:10610	biolink:contributes_to	1
0.58332866	MONDO:0006065	HGNC:6949	biolink:causes	1
0.84699816	MONDO:0006952	HGNC:7678	biolink:gene_associated_with_condition	1
0.9798537	MONDO:0007032	HGNC:1952	biolink:gene_associated_with_condition	1
0.92235273	MONDO:0007057	HGNC:7882	biolink:causes	1
0.6044477	MONDO:0007077	HGNC:7105	biolink:causes	1
0.6044477	MONDO:0007077	HGNC:7105	biolink:gene_associated_with_condition	1
0.3733784	MONDO:0007109	HGNC:6392	biolink:causes	1
0.45568225	MONDO:0007137	HGNC:8117	biolink:gene_associated_with_condition	1
0.9618267	MONDO:0007157	HGNC:12011	biolink:causes	1
0.95821816	MONDO:0007205	HGNC:7413	biolink:gene_associated_with_condition	1
0.99665064	MONDO:0007221	HGNC:4220	biolink:gene_associated_with_condition	1
0.68244267	MONDO:0007269	HGNC:6636	biolink:gene_associated_with_condition	1
0.8920613	MONDO:0007297	HGNC:6174	biolink:gene_associated_with_condition	1
0.90232307	MONDO:0007301	HGNC:11153	biolink:gene_associated_with_condition	1
0.97092885	MONDO:0007309	HGNC:9118	biolink:causes	1
0.9641513	MONDO:0007349	HGNC:16400	biolink:causes	1
0.9501477	MONDO:0007361	HGNC:1228	biolink:causes	1
0.98152333	MONDO:0007377	HGNC:11771	biolink:causes	1
0.98152333	MONDO:0007377	HGNC:11771	biolink:gene_associated_with_condition	1
0.9706071	MONDO:0007381	HGNC:2194	biolink:gene_associated_with_condition	1
0.10233631	MONDO:0007454	HGNC:6081	biolink:causes	1
0.9843068	MONDO:0007574	HGNC:14415	biolink:causes	1
0.8333919	MONDO:0007606	HGNC:171	biolink:causes	1
0.8723903	MONDO:0007610	HGNC:35	biolink:gene_associated_with_condition	1
0.97234344	MONDO:0007688	HGNC:6770	biolink:causes	1
0.9658589	MONDO:0007704	HGNC:6909	biolink:contributes_to	1
0.4530905	MONDO:0007716	HGNC:4823	biolink:gene_associated_with_condition	1
0.67445356	MONDO:0007716	HGNC:4824	biolink:gene_associated_with_condition	1
0.9930655	MONDO:0007740	HGNC:19317	biolink:causes	1
0.9908217	MONDO:0007740	HGNC:2187	biolink:causes	1
0.99085087	MONDO:0007740	HGNC:2464	biolink:gene_associated_with_condition	1
0.9949132	MONDO:0007740	HGNC:2217	biolink:causes	1
0.9896964	MONDO:0007740	HGNC:10994	biolink:causes	1
0.9957487	MONDO:0007740	HGNC:2219	biolink:causes	1
0.8969452	MONDO:0007744	HGNC:1869	biolink:causes	1
0.9963883	MONDO:0007777	HGNC:11052	biolink:causes	1
0.8527797	MONDO:0007797	HGNC:4172	biolink:causes	1
0.8527797	MONDO:0007797	HGNC:4172	biolink:gene_associated_with_condition	1
0.8573336	MONDO:0007805	HGNC:1802	biolink:causes	1
0.64713913	MONDO:0007813	HGNC:6439	biolink:causes	1
0.64713913	MONDO:0007813	HGNC:6439	biolink:gene_associated_with_condition	1
0.99861705	MONDO:0007841	HGNC:11603	biolink:gene_associated_with_condition	1
0.6381677	MONDO:0007845	HGNC:3581	biolink:contributes_to	1
0.87293684	MONDO:0007874	HGNC:9811	biolink:gene_associated_with_condition	1
0.9817125	MONDO:0007922	HGNC:30497	biolink:causes	1
0.99213564	MONDO:0007922	HGNC:6742	biolink:causes	1
0.9895862	MONDO:0007922	HGNC:7765	biolink:causes	1
0.9913489	MONDO:0007922	HGNC:10260	biolink:causes	1
0.9948874	MONDO:0007922	HGNC:10447	biolink:causes	1
0.9992066	MONDO:0007922	HGNC:219	biolink:causes	1
0.9969517	MONDO:0007922	HGNC:23109	biolink:causes	1
0.947018	MONDO:0007922	HGNC:4274	biolink:causes	1
0.9920813	MONDO:0007922	HGNC:24097	biolink:causes	1
0.9971397	MONDO:0007922	HGNC:9459	biolink:causes	1
0.89065415	MONDO:0007922	HGNC:1541	biolink:causes	1
0.98899347	MONDO:0007922	HGNC:1850	biolink:causes	1
0.97226834	MONDO:0007922	HGNC:3446	biolink:causes	1
0.99747795	MONDO:0007922	HGNC:3801	biolink:gene_associated_with_condition	1
0.997529	MONDO:0007922	HGNC:8005	biolink:causes	1
0.9916881	MONDO:0007922	HGNC:9115	biolink:causes	1
0.7994135	MONDO:0007922	HGNC:9829	biolink:causes	1
0.99471515	MONDO:0007922	HGNC:9957	biolink:causes	1
0.8131153	MONDO:0007922	HGNC:10023	biolink:causes	1
0.997189	MONDO:0007922	HGNC:20249	biolink:causes	1
0.9548092	MONDO:0007922	HGNC:6842	biolink:causes	1
0.9968352	MONDO:0007922	HGNC:28993	biolink:causes	1
0.9857415	MONDO:0007922	HGNC:1097	biolink:causes	1
0.8450548	MONDO:0007922	HGNC:9801	biolink:causes	1
0.9777933	MONDO:0007922	HGNC:12363	biolink:causes	1
0.99645644	MONDO:0007930	HGNC:4439	biolink:causes	1
0.86759734	MONDO:0007958	HGNC:9967	biolink:causes	1
0.54586416	MONDO:0007958	HGNC:8031	biolink:causes	1
0.99999833	MONDO:0007974	HGNC:20444	biolink:causes	1
0.9618389	MONDO:0008002	HGNC:8029	biolink:causes	1
0.9345745	MONDO:0008018	HGNC:7127	biolink:causes	1
0.9413537	MONDO:0008078	HGNC:7765	biolink:causes	1
0.98363554	MONDO:0008086	HGNC:11277	biolink:causes	1
0.09473114	MONDO:0008114	HGNC:11050	biolink:contributes_to	1
0.53924173	MONDO:0008134	HGNC:2973	biolink:gene_associated_with_condition	1
0.9953489	MONDO:0008210	HGNC:9942	biolink:causes	1
0.9998286	MONDO:0008222	HGNC:6263	biolink:gene_associated_with_condition	1
0.86410475	MONDO:0008234	HGNC:9967	biolink:causes	1
0.97700953	MONDO:0008246	HGNC:2343	biolink:causes	1
0.94379824	MONDO:0008250	HGNC:4261	biolink:gene_associated_with_condition	1
0.9475668	MONDO:0008250	HGNC:9210	biolink:gene_associated_with_condition	1
0.8575648	MONDO:0008274	HGNC:4392	biolink:gene_associated_with_condition	1
0.9388205	MONDO:0008278	HGNC:6770	biolink:causes	1
0.98887503	MONDO:0008302	HGNC:4510	biolink:causes	1
0.8071729	MONDO:0008306	HGNC:6174	biolink:gene_associated_with_condition	1
0.7552766	MONDO:0008310	HGNC:6636	biolink:gene_associated_with_condition	1
0.90450305	MONDO:0008310	HGNC:12877	biolink:gene_associated_with_condition	1
0.9994615	MONDO:0008322	HGNC:2227	biolink:causes	1
0.9250834	MONDO:0008379	HGNC:6052	biolink:causes	1
0.4002887	MONDO:0008399	HGNC:4948	biolink:contributes_to	1
0.9444462	MONDO:0008407	HGNC:2770	biolink:causes	1
0.9948625	MONDO:0008411	HGNC:11602	biolink:gene_associated_with_condition	1
0.44423681	MONDO:0008447	HGNC:492	biolink:causes	1
0.991679	MONDO:0008479	HGNC:2200	biolink:causes	1
0.7119516	MONDO:0008483	HGNC:573	biolink:causes	1
0.9847532	MONDO:0008559	HGNC:3531	biolink:contributes_to	1
0.8006036	MONDO:0008747	HGNC:12450	biolink:gene_associated_with_condition	1
0.9618516	MONDO:0008751	HGNC:2592	biolink:causes	1
0.93471915	MONDO:0008787	HGNC:10908	biolink:gene_associated_with_condition	1
0.9962643	MONDO:0008795	HGNC:6180	biolink:gene_associated_with_condition	1
0.7568503	MONDO:0008795	HGNC:8620	biolink:gene_associated_with_condition	1
0.4926388	MONDO:0008799	HGNC:11195	biolink:gene_associated_with_condition	1
0.26134765	MONDO:0008879	HGNC:16912	biolink:causes	1
0.98215735	MONDO:0008887	HGNC:10600	biolink:causes	1
0.99953115	MONDO:0008964	HGNC:3018	biolink:causes	1
0.99953115	MONDO:0008964	HGNC:3018	biolink:gene_associated_with_condition	1
0.9954787	MONDO:0008972	HGNC:8860	biolink:gene_associated_with_condition	1
0.985941	MONDO:0009008	HGNC:28027	biolink:gene_associated_with_condition	1
0.9856903	MONDO:0009052	HGNC:3602	biolink:causes	1
0.9806656	MONDO:0009064	HGNC:2518	biolink:causes	1
0.97361594	MONDO:0009104	HGNC:6694	biolink:gene_associated_with_condition	1
0.9839271	MONDO:0009140	HGNC:5273	biolink:gene_associated_with_condition	1
0.9999888	MONDO:0009168	HGNC:20105	biolink:causes	1
0.9884992	MONDO:0009192	HGNC:3255	biolink:gene_associated_with_condition	1
0.9873253	MONDO:0009212	HGNC:3528	biolink:causes	1
0.99987996	MONDO:0009216	HGNC:11006	biolink:causes	1
0.9962186	MONDO:0009232	HGNC:12786	biolink:causes	1
0.7532557	MONDO:0009252	HGNC:6315	biolink:causes	1
0.9952361	MONDO:0009260	HGNC:4298	biolink:causes	1
0.8048972	MONDO:0009300	HGNC:4817	biolink:gene_associated_with_condition	1
0.89657426	MONDO:0009300	HGNC:21176	biolink:gene_associated_with_condition	1
0.99711883	MONDO:0009324	HGNC:27960	biolink:causes	1
0.8786479	MONDO:0009360	HGNC:19967	biolink:causes	1
0.9999932	MONDO:0009364	HGNC:9202	biolink:causes	1
0.66422987	MONDO:0009380	HGNC:53	biolink:causes	1
0.45992476	MONDO:0009416	HGNC:392	biolink:gene_associated_with_condition	1
0.96287614	MONDO:0009472	HGNC:7646	biolink:causes	1
0.97797066	MONDO:0009504	HGNC:11449	biolink:causes	1
0.9990783	MONDO:0009520	HGNC:5005	biolink:causes	1
0.9990783	MONDO:0009520	HGNC:5005	biolink:gene_associated_with_condition	1
0.66590726	MONDO:0009529	HGNC:2898	biolink:gene_associated_with_condition	1
0.98469675	MONDO:0009549	HGNC:20423	biolink:gene_associated_with_condition	1
0.98197466	MONDO:0009593	HGNC:4556	biolink:causes	1
0.99085766	MONDO:0009609	HGNC:7468	biolink:causes	1
0.99085766	MONDO:0009609	HGNC:7468	biolink:gene_associated_with_condition	1
0.9999784	MONDO:0009613	HGNC:18871	biolink:gene_associated_with_condition	1
0.81713575	MONDO:0009617	HGNC:6954	biolink:causes	1
0.99971694	MONDO:0009625	HGNC:8657	biolink:causes	1
0.99920005	MONDO:0009629	HGNC:19721	biolink:causes	1
0.99686205	MONDO:0009653	HGNC:13356	biolink:causes	1
0.9997868	MONDO:0009657	HGNC:26527	biolink:causes	1
0.99924326	MONDO:0009665	HGNC:1122	biolink:causes	1
0.99405164	MONDO:0009677	HGNC:10809	biolink:gene_associated_with_condition	1
0.9855601	MONDO:0009737	HGNC:9251	biolink:causes	1
0.9998987	MONDO:0009773	HGNC:13829	biolink:gene_associated_with_condition	1
0.99619126	MONDO:0009821	HGNC:22140	biolink:causes	1
0.99264985	MONDO:0009825	HGNC:8149	biolink:causes	1
0.99264985	MONDO:0009825	HGNC:8149	biolink:gene_associated_with_condition	1
0.9993191	MONDO:0009841	HGNC:12309	biolink:causes	1
0.9999683	MONDO:0009845	HGNC:11594	biolink:gene_associated_with_condition	1
0.979259	MONDO:0009857	HGNC:464	biolink:gene_associated_with_condition	1
0.928839	MONDO:0009877	HGNC:4263	biolink:gene_associated_with_condition	1
0.8815155	MONDO:0009885	HGNC:25240	biolink:causes	1
0.8815155	MONDO:0009885	HGNC:25240	biolink:gene_associated_with_condition	1
0.98662126	MONDO:0009897	HGNC:4180	biolink:gene_associated_with_condition	1
0.78990716	MONDO:0009925	HGNC:3356	biolink:gene_associated_with_condition	1
0.9375294	MONDO:0009929	HGNC:33	biolink:gene_associated_with_condition	1
0.9997228	MONDO:0009953	HGNC:20197	biolink:causes	1
0.9951617	MONDO:0009965	HGNC:28648	biolink:causes	1
0.9951617	MONDO:0009965	HGNC:28648	biolink:gene_associated_with_condition	1
0.9994554	MONDO:0010013	HGNC:20800	biolink:causes	1
0.974701	MONDO:0010046	HGNC:29043	biolink:causes	1
0.59004974	MONDO:0010086	HGNC:10593	biolink:contributes_to	1
0.97883135	MONDO:0010122	HGNC:1366	biolink:causes	1
0.97883135	MONDO:0010122	HGNC:1366	biolink:gene_associated_with_condition	1
0.992299	MONDO:0010130	HGNC:3012	biolink:causes	1
0.97740346	MONDO:0010162	HGNC:5147	biolink:causes	1
0.97740346	MONDO:0010162	HGNC:5147	biolink:gene_associated_with_condition	1
0.9679501	MONDO:0010227	HGNC:10295	biolink:causes	1
0.9817727	MONDO:0010235	HGNC:6990	biolink:gene_associated_with_condition	1
0.9464976	MONDO:0010239	HGNC:2714	biolink:causes	1
0.89648753	MONDO:0010275	HGNC:8768	biolink:gene_associated_with_condition	1
0.9998785	MONDO:0010315	HGNC:6010	biolink:causes	1
0.9998785	MONDO:0010315	HGNC:6010	biolink:gene_associated_with_condition	1
0.9667695	MONDO:0010319	HGNC:18305	biolink:gene_associated_with_condition	1
0.99260896	MONDO:0010335	HGNC:1393	biolink:causes	1
0.91056764	MONDO:0010339	HGNC:11494	biolink:causes	1
0.91056764	MONDO:0010339	HGNC:11494	biolink:gene_associated_with_condition	1
0.9996444	MONDO:0010355	HGNC:11114	biolink:gene_associated_with_condition	1
0.9905184	MONDO:0010415	HGNC:3702	biolink:causes	1
0.9664707	MONDO:0010496	HGNC:19073	biolink:gene_associated_with_condition	1
0.9976687	MONDO:0010504	HGNC:868	biolink:causes	1
0.9910698	MONDO:0010569	HGNC:6470	biolink:causes	1
0.9910698	MONDO:0010569	HGNC:6470	biolink:gene_associated_with_condition	1
0.3697046	MONDO:0010606	HGNC:9091	biolink:causes	1
0.56837076	MONDO:0010610	HGNC:30677	biolink:gene_associated_with_condition	1
0.7873907	MONDO:0010631	HGNC:5961	biolink:causes	1
0.951333	MONDO:0010651	HGNC:869	biolink:causes	1
0.994686	MONDO:0010655	HGNC:11957	biolink:causes	1
0.8591973	MONDO:0010655	HGNC:20439	biolink:gene_associated_with_condition	1
0.99987054	MONDO:0010659	HGNC:3776	biolink:causes	1
0.86515063	MONDO:0010743	HGNC:12731	biolink:causes	1
0.6529978	MONDO:0010747	HGNC:11535	biolink:causes	1
0.6529978	MONDO:0010747	HGNC:11535	biolink:gene_associated_with_condition	1
0.9659348	MONDO:0010767	HGNC:1810	biolink:causes	1
0.9998087	MONDO:0010767	HGNC:21504	biolink:causes	1
0.9993782	MONDO:0010767	HGNC:12668	biolink:causes	1
0.9690513	MONDO:0010767	HGNC:9912	biolink:causes	1
0.8348751	MONDO:0010780	HGNC:25481	biolink:gene_associated_with_condition	1
0.9907203	MONDO:0010792	HGNC:7499	biolink:gene_associated_with_condition	1
0.569516	MONDO:0010808	HGNC:9449	biolink:gene_associated_with_condition	1
0.0854094	MONDO:0010820	HGNC:8607	biolink:causes	1
0.9204673	MONDO:0010848	HGNC:11276	biolink:causes	1
0.32548454	MONDO:0010856	HGNC:9008	biolink:gene_associated_with_condition	1
0.7229412	MONDO:0010952	HGNC:3999	biolink:gene_associated_with_condition	1
0.99641365	MONDO:0010964	HGNC:2219	biolink:causes	1
0.99971205	MONDO:0010992	HGNC:6776	biolink:causes	1
0.9904947	MONDO:0011013	HGNC:1514	biolink:causes	1
0.8656282	MONDO:0011017	HGNC:6207	biolink:causes	1
0.8656282	MONDO:0011017	HGNC:6207	biolink:gene_associated_with_condition	1
0.9991999	MONDO:0011025	HGNC:779	biolink:causes	1
0.49141896	MONDO:0011073	HGNC:9046	biolink:contributes_to	1
0.91991186	MONDO:0011085	HGNC:7679	biolink:causes	1
0.91991186	MONDO:0011085	HGNC:7679	biolink:gene_associated_with_condition	1
0.9080477	MONDO:0011102	HGNC:11720	biolink:causes	1
0.94937164	MONDO:0011106	HGNC:757	biolink:gene_associated_with_condition	1
0.9872062	MONDO:0011150	HGNC:8804	biolink:gene_associated_with_condition	1
0.9913157	MONDO:0011158	HGNC:11936	biolink:causes	1
0.901189	MONDO:0011178	HGNC:10596	biolink:gene_associated_with_condition	1
0.99923754	MONDO:0011190	HGNC:17870	biolink:causes	1
0.98169506	MONDO:0011202	HGNC:28396	biolink:gene_associated_with_condition	1
0.9207778	MONDO:0011226	HGNC:9220	biolink:causes	1
0.9998822	MONDO:0011242	HGNC:16512	biolink:causes	1
0.9992248	MONDO:0011246	HGNC:1938	biolink:causes	1
0.9992248	MONDO:0011246	HGNC:1938	biolink:gene_associated_with_condition	1
0.96715856	MONDO:0011334	HGNC:15979	biolink:gene_associated_with_condition	1
0.9886008	MONDO:0011338	HGNC:9832	biolink:causes	1
0.9886008	MONDO:0011338	HGNC:9832	biolink:gene_associated_with_condition	1
0.9237656	MONDO:0011338	HGNC:10031	biolink:gene_associated_with_condition	1
0.9856188	MONDO:0011412	HGNC:8943	biolink:causes	1
0.9868874	MONDO:0011428	HGNC:15979	biolink:causes	1
0.99888164	MONDO:0011436	HGNC:5542	biolink:causes	1
0.22285227	MONDO:0011448	HGNC:9236	biolink:gene_associated_with_condition	1
0.7506291	MONDO:0011464	HGNC:19141	biolink:causes	1
0.8068398	MONDO:0011472	HGNC:9023	biolink:causes	1
0.9680305	MONDO:0011484	HGNC:12261	biolink:causes	1
0.98150176	MONDO:0011496	HGNC:2200	biolink:causes	1
0.98150176	MONDO:0011496	HGNC:2200	biolink:gene_associated_with_condition	1
0.9905363	MONDO:0011504	HGNC:17619	biolink:causes	1
0.9905363	MONDO:0011504	HGNC:17619	biolink:gene_associated_with_condition	1
0.90573794	MONDO:0011528	HGNC:13203	biolink:causes	1
0.6676602	MONDO:0011532	HGNC:5261	biolink:causes	1
0.90516436	MONDO:0011540	HGNC:9402	biolink:causes	1
0.96463513	MONDO:0011556	HGNC:9585	biolink:causes	1
0.8739523	MONDO:0011556	HGNC:9871	biolink:causes	1
0.95487845	MONDO:0011556	HGNC:11119	biolink:causes	1
0.6803758	MONDO:0011584	HGNC:1101	biolink:causes	1
0.9985183	MONDO:0011604	HGNC:15517	biolink:causes	1
0.99235594	MONDO:0011628	HGNC:8653	biolink:gene_associated_with_condition	1
0.98982275	MONDO:0011628	HGNC:8654	biolink:gene_associated_with_condition	1
0.42410484	MONDO:0011672	HGNC:16393	biolink:gene_associated_with_condition	1
0.95550287	MONDO:0011708	HGNC:16513	biolink:causes	1
0.96047324	MONDO:0011724	HGNC:11005	biolink:causes	1
0.96047324	MONDO:0011724	HGNC:11005	biolink:gene_associated_with_condition	1
0.9537152	MONDO:0011740	HGNC:10682	biolink:gene_associated_with_condition	1
0.9147585	MONDO:0011740	HGNC:10683	biolink:causes	1
0.9147585	MONDO:0011740	HGNC:10683	biolink:gene_associated_with_condition	1
0.96178436	MONDO:0011756	HGNC:19104	biolink:causes	1
0.9949968	MONDO:0011760	HGNC:5391	biolink:causes	1
0.9949968	MONDO:0011760	HGNC:5391	biolink:gene_associated_with_condition	1
0.4799942	MONDO:0011784	HGNC:14539	biolink:contributes_to	1
0.99894327	MONDO:0011816	HGNC:10547	biolink:causes	1
0.99894327	MONDO:0011816	HGNC:10547	biolink:gene_associated_with_condition	1
0.19847125	MONDO:0011836	HGNC:17194	biolink:contributes_to	1
0.98944396	MONDO:0011904	HGNC:10588	biolink:gene_associated_with_condition	1
0.06785715	MONDO:0011908	HGNC:17073	biolink:causes	1
0.98639596	MONDO:0011916	HGNC:15968	biolink:gene_associated_with_condition	1
0.51659954	MONDO:0011932	HGNC:21307	biolink:causes	1
0.9990964	MONDO:0011964	HGNC:2995	biolink:gene_associated_with_condition	1
0.95939505	MONDO:0011968	HGNC:10805	biolink:causes	1
0.95939505	MONDO:0011968	HGNC:10805	biolink:gene_associated_with_condition	1
0.67216134	MONDO:0011972	HGNC:3969	biolink:gene_associated_with_condition	1
0.9794153	MONDO:0011984	HGNC:3600	biolink:causes	1
0.9794153	MONDO:0011984	HGNC:3600	biolink:gene_associated_with_condition	1
0.24735352	MONDO:0012004	HGNC:16783	biolink:causes	1
0.9678078	MONDO:0012044	HGNC:11771	biolink:causes	1
0.7360277	MONDO:0012080	HGNC:5246	biolink:causes	1
0.9997168	MONDO:0012084	HGNC:2719	biolink:causes	1
0.96280235	MONDO:0012092	HGNC:7808	biolink:causes	1
0.8289676	MONDO:0012096	HGNC:30171	biolink:causes	1
0.9999994	MONDO:0012116	HGNC:32925	biolink:gene_associated_with_condition	1
0.9419494	MONDO:0012124	HGNC:12382	biolink:causes	1
0.9973273	MONDO:0012156	HGNC:1955	biolink:causes	1
0.9977069	MONDO:0012184	HGNC:6487	biolink:gene_associated_with_condition	1
0.89465374	MONDO:0012204	HGNC:47	biolink:causes	1
0.9997224	MONDO:0012216	HGNC:32434	biolink:causes	1
0.9561184	MONDO:0012256	HGNC:19714	biolink:gene_associated_with_condition	1
0.98977953	MONDO:0012276	HGNC:6284	biolink:causes	1
0.9922578	MONDO:0012280	HGNC:23419	biolink:causes	1
0.982226	MONDO:0012292	HGNC:18365	biolink:contributes_to	1
0.8392966	MONDO:0012348	HGNC:1848	biolink:causes	1
0.98599887	MONDO:0012368	HGNC:177	biolink:gene_associated_with_condition	1
0.45427394	MONDO:0012396	HGNC:10922	biolink:causes	1
0.9999995	MONDO:0012400	HGNC:13830	biolink:gene_associated_with_condition	1
0.983117	MONDO:0012412	HGNC:1346	biolink:causes	1
0.99649787	MONDO:0012444	HGNC:9039	biolink:causes	1
0.989597	MONDO:0012456	HGNC:3808	biolink:causes	1
0.52488893	MONDO:0012460	HGNC:21253	biolink:causes	1
0.99113584	MONDO:0012472	HGNC:18518	biolink:causes	1
0.9822124	MONDO:0012488	HGNC:5965	biolink:contributes_to	1
0.9704508	MONDO:0012488	HGNC:5433	biolink:contributes_to	1
0.5865047	MONDO:0012520	HGNC:6091	biolink:causes	1
0.9013018	MONDO:0012544	HGNC:5136	biolink:causes	1
0.9013018	MONDO:0012544	HGNC:5136	biolink:gene_associated_with_condition	1
0.49702364	MONDO:0012552	HGNC:1785	biolink:causes	1
0.9569439	MONDO:0012588	HGNC:28486	biolink:causes	1
0.9925881	MONDO:0012596	HGNC:19129	biolink:causes	1
0.9925881	MONDO:0012596	HGNC:19129	biolink:gene_associated_with_condition	1
0.99723226	MONDO:0012604	HGNC:18662	biolink:causes	1
0.7725074	MONDO:0012624	HGNC:21497	biolink:causes	1
0.77676857	MONDO:0012648	HGNC:87	biolink:causes	1
0.9922316	MONDO:0012652	HGNC:27337	biolink:causes	1
0.9922316	MONDO:0012652	HGNC:27337	biolink:gene_associated_with_condition	1
0.42902622	MONDO:0012656	HGNC:8996	biolink:causes	1
0.99366176	MONDO:0012700	HGNC:11027	biolink:causes	1
0.99366176	MONDO:0012700	HGNC:11027	biolink:gene_associated_with_condition	1
0.9661053	MONDO:0012801	HGNC:13830	biolink:contributes_to	1
0.8821088	MONDO:0012805	HGNC:11005	biolink:causes	1
0.93597	MONDO:0012833	HGNC:3690	biolink:causes	1
0.9875251	MONDO:0012906	HGNC:18744	biolink:causes	1
0.99999845	MONDO:0012930	HGNC:24861	biolink:causes	1
0.79342836	MONDO:0012938	HGNC:10301	biolink:causes	1
0.7113433	MONDO:0012946	HGNC:1754	biolink:causes	1
0.99012756	MONDO:0012982	HGNC:10941	biolink:causes	1
0.9865566	MONDO:0012994	HGNC:11257	biolink:causes	1
0.68097484	MONDO:0013002	HGNC:216	biolink:causes	1
0.7360982	MONDO:0013034	HGNC:3052	biolink:causes	1
0.88224965	MONDO:0013038	HGNC:8975	biolink:gene_associated_with_condition	1
0.984221	MONDO:0013050	HGNC:24678	biolink:gene_associated_with_condition	1
0.9928583	MONDO:0013058	HGNC:21686	biolink:causes	1
0.9928583	MONDO:0013058	HGNC:21686	biolink:gene_associated_with_condition	1
0.95658153	MONDO:0013070	HGNC:17116	biolink:causes	1
0.51789725	MONDO:0013110	HGNC:3791	biolink:gene_associated_with_condition	1
0.9369028	MONDO:0013122	HGNC:6715	biolink:causes	1
0.9974763	MONDO:0013171	HGNC:7892	biolink:causes	1
0.99696475	MONDO:0013195	HGNC:11943	biolink:causes	1
0.9978276	MONDO:0013223	HGNC:29679	biolink:causes	1
0.92207575	MONDO:0013235	HGNC:1101	biolink:contributes_to	1
0.99138314	MONDO:0013243	HGNC:5248	biolink:causes	1
0.9923856	MONDO:0013315	HGNC:8789	biolink:causes	1
0.99999106	MONDO:0013323	HGNC:29250	biolink:causes	1
0.9117625	MONDO:0013331	HGNC:18451	biolink:causes	1
0.8849072	MONDO:0013351	HGNC:2375	biolink:gene_associated_with_condition	1
0.94568884	MONDO:0013367	HGNC:31088	biolink:contributes_to	1
0.91953564	MONDO:0013391	HGNC:10606	biolink:causes	1
0.91953564	MONDO:0013391	HGNC:10606	biolink:gene_associated_with_condition	1
0.9165325	MONDO:0013404	HGNC:343	biolink:causes	1
0.9868925	MONDO:0013444	HGNC:13387	biolink:causes	1
0.96930134	MONDO:0013460	HGNC:17321	biolink:causes	1
0.78893703	MONDO:0013489	HGNC:6215	biolink:causes	1
0.1330321	MONDO:0013501	HGNC:12666	biolink:causes	1
0.95765096	MONDO:0013526	HGNC:4431	biolink:causes	1
0.9584861	MONDO:0013546	HGNC:26050	biolink:gene_associated_with_condition	1
0.8878639	MONDO:0013550	HGNC:3756	biolink:causes	1
0.8878639	MONDO:0013550	HGNC:3756	biolink:gene_associated_with_condition	1
0.1530065	MONDO:0013554	HGNC:1343	biolink:contributes_to	1
0.84355867	MONDO:0013570	HGNC:21022	biolink:gene_associated_with_condition	1
0.7024301	MONDO:0013594	HGNC:15911	biolink:gene_associated_with_condition	1
0.99499476	MONDO:0013610	HGNC:12605	biolink:causes	1
0.9682308	MONDO:0013679	HGNC:6696	biolink:causes	1
0.53574485	MONDO:0013711	HGNC:23212	biolink:causes	1
0.53574485	MONDO:0013711	HGNC:23212	biolink:gene_associated_with_condition	1
0.8141537	MONDO:0013715	HGNC:8157	biolink:causes	1
0.99907327	MONDO:0013719	HGNC:18340	biolink:causes	1
0.9874106	MONDO:0013723	HGNC:17192	biolink:contributes_to	1
0.99993825	MONDO:0013731	HGNC:29634	biolink:causes	1
0.6921736	MONDO:0013739	HGNC:15925	biolink:causes	1
0.92748433	MONDO:0013743	HGNC:1241	biolink:gene_associated_with_condition	1
0.9739319	MONDO:0013743	HGNC:1246	biolink:gene_associated_with_condition	1
0.7350824	MONDO:0013743	HGNC:2956	biolink:gene_associated_with_condition	1
0.60606873	MONDO:0013767	HGNC:6407	biolink:causes	1
0.6654859	MONDO:0013775	HGNC:11784	biolink:causes	1
0.99279153	MONDO:0013795	HGNC:2187	biolink:causes	1
0.9981522	MONDO:0013827	HGNC:11051	biolink:causes	1
0.96500933	MONDO:0013839	HGNC:1090	biolink:gene_associated_with_condition	1
0.896851	MONDO:0013843	HGNC:4688	biolink:causes	1
0.6579056	MONDO:0013851	HGNC:11303	biolink:gene_associated_with_condition	1
0.9999906	MONDO:0013867	HGNC:30224	biolink:causes	1
0.554237	MONDO:0013891	HGNC:8881	biolink:causes	1
0.925012	MONDO:0013907	HGNC:4584	biolink:gene_associated_with_condition	1
0.98681134	MONDO:0013927	HGNC:8854	biolink:causes	1
0.99922204	MONDO:0013967	HGNC:8853	biolink:causes	1
0.9880838	MONDO:0013971	HGNC:29419	biolink:causes	1
0.8304305	MONDO:0013991	HGNC:6553	biolink:causes	1
0.9857708	MONDO:0013999	HGNC:20917	biolink:causes	1
0.5956226	MONDO:0014027	HGNC:11161	biolink:causes	1
0.6563962	MONDO:0014031	HGNC:24912	biolink:causes	1
0.71776664	MONDO:0014035	HGNC:2514	biolink:causes	1
0.99616843	MONDO:0014039	HGNC:16205	biolink:causes	1
0.9999143	MONDO:0014063	HGNC:26006	biolink:causes	1
0.7016211	MONDO:0014091	HGNC:823	biolink:causes	1
0.8689816	MONDO:0014107	HGNC:3762	biolink:causes	1
0.7697606	MONDO:0014115	HGNC:2678	biolink:gene_associated_with_condition	1
0.53642344	MONDO:0014131	HGNC:18621	biolink:causes	1
0.41324666	MONDO:0014135	HGNC:1527	biolink:causes	1
0.98949873	MONDO:0014155	HGNC:10586	biolink:causes	1
0.9470144	MONDO:0014159	HGNC:11276	biolink:gene_associated_with_condition	1
0.9949561	MONDO:0014163	HGNC:7551	biolink:causes	1
0.99918073	MONDO:0014203	HGNC:21493	biolink:causes	1
0.99589974	MONDO:0014211	HGNC:1301	biolink:causes	1
0.920656	MONDO:0014227	HGNC:3356	biolink:gene_associated_with_condition	1
0.9812873	MONDO:0014231	HGNC:15469	biolink:causes	1
0.8926146	MONDO:0014255	HGNC:1037	biolink:causes	1
0.83195704	MONDO:0014267	HGNC:5960	biolink:causes	1
0.83195704	MONDO:0014267	HGNC:5960	biolink:gene_associated_with_condition	1
0.8364642	MONDO:0014275	HGNC:3247	biolink:causes	1
0.85442823	MONDO:0014295	HGNC:11758	biolink:causes	1
0.9947272	MONDO:0014311	HGNC:28991	biolink:causes	1
0.9648286	MONDO:0014319	HGNC:3677	biolink:causes	1
0.66247773	MONDO:0014327	HGNC:20406	biolink:causes	1
0.66247773	MONDO:0014327	HGNC:20406	biolink:gene_associated_with_condition	1
0.7930955	MONDO:0014335	HGNC:9751	biolink:gene_associated_with_condition	1
0.3008456	MONDO:0014339	HGNC:11427	biolink:causes	1
0.9566736	MONDO:0014343	HGNC:327	biolink:causes	1
0.99002296	MONDO:0014343	HGNC:3513	biolink:causes	1
0.96894383	MONDO:0014343	HGNC:5383	biolink:causes	1
0.9972899	MONDO:0014343	HGNC:5948	biolink:causes	1
0.9965114	MONDO:0014343	HGNC:719	biolink:causes	1
0.9969988	MONDO:0014343	HGNC:29659	biolink:causes	1
0.99761945	MONDO:0014343	HGNC:951	biolink:causes	1
0.9945168	MONDO:0014343	HGNC:7945	biolink:causes	1
0.9906069	MONDO:0014343	HGNC:17151	biolink:causes	1
0.9969099	MONDO:0014343	HGNC:8522	biolink:causes	1
0.98576516	MONDO:0014343	HGNC:9644	biolink:causes	1
0.9957326	MONDO:0014343	HGNC:1044	biolink:causes	1
0.9987606	MONDO:0014343	HGNC:24154	biolink:causes	1
0.96342236	MONDO:0014343	HGNC:1144	biolink:causes	1
0.98850715	MONDO:0014343	HGNC:10447	biolink:causes	1
0.9971318	MONDO:0014343	HGNC:10853	biolink:causes	1
0.9866442	MONDO:0014343	HGNC:11102	biolink:causes	1
0.97213644	MONDO:0014343	HGNC:11109	biolink:causes	1
0.99266386	MONDO:0014343	HGNC:20324	biolink:causes	1
0.99691063	MONDO:0014343	HGNC:11769	biolink:causes	1
0.9753346	MONDO:0014343	HGNC:25507	biolink:causes	1
0.99482274	MONDO:0014343	HGNC:15517	biolink:causes	1
0.9520563	MONDO:0014343	HGNC:25815	biolink:causes	1
0.99716896	MONDO:0014343	HGNC:2197	biolink:causes	1
0.99700755	MONDO:0014343	HGNC:2185	biolink:causes	1
0.9970145	MONDO:0014343	HGNC:22986	biolink:causes	1
0.99410075	MONDO:0014343	HGNC:17213	biolink:causes	1
0.98152643	MONDO:0014343	HGNC:20581	biolink:causes	1
0.98723304	MONDO:0014343	HGNC:19189	biolink:causes	1
0.98579025	MONDO:0014343	HGNC:3226	biolink:causes	1
0.9977623	MONDO:0014343	HGNC:319	biolink:causes	1
0.90406144	MONDO:0014343	HGNC:3527	biolink:causes	1
0.9946902	MONDO:0014343	HGNC:4006	biolink:causes	1
0.9909861	MONDO:0014343	HGNC:4796	biolink:causes	1
0.99631256	MONDO:0014343	HGNC:15977	biolink:causes	1
0.99658895	MONDO:0014343	HGNC:5466	biolink:causes	1
0.9905281	MONDO:0014343	HGNC:6518	biolink:causes	1
0.99132895	MONDO:0014343	HGNC:6595	biolink:causes	1
0.9954875	MONDO:0014343	HGNC:450	biolink:causes	1
0.96115744	MONDO:0014343	HGNC:649	biolink:causes	1
0.9966011	MONDO:0014343	HGNC:6909	biolink:causes	1
0.9401363	MONDO:0014343	HGNC:29092	biolink:causes	1
0.99546814	MONDO:0014343	HGNC:8617	biolink:causes	1
0.9852561	MONDO:0014343	HGNC:8859	biolink:causes	1
0.9928415	MONDO:0014343	HGNC:9056	biolink:causes	1
0.9847637	MONDO:0014343	HGNC:9091	biolink:causes	1
0.97188944	MONDO:0014343	HGNC:882	biolink:causes	1
0.99720544	MONDO:0014343	HGNC:28583	biolink:causes	1
0.9965912	MONDO:0014343	HGNC:10723	biolink:causes	1
0.9746567	MONDO:0014343	HGNC:10771	biolink:causes	1
0.9945614	MONDO:0014343	HGNC:28395	biolink:causes	1
0.98376	MONDO:0014343	HGNC:2468	biolink:causes	1
0.99627125	MONDO:0014343	HGNC:14974	biolink:causes	1
0.9894895	MONDO:0014343	HGNC:11582	biolink:causes	1
0.9932462	MONDO:0014343	HGNC:11623	biolink:causes	1
0.9961676	MONDO:0014343	HGNC:37234	biolink:causes	1
0.9908466	MONDO:0014343	HGNC:15979	biolink:causes	1
0.98354626	MONDO:0014343	HGNC:23068	biolink:causes	1
0.99008477	MONDO:0014343	HGNC:12449	biolink:causes	1
0.99714786	MONDO:0014343	HGNC:12771	biolink:causes	1
0.99279404	MONDO:0014343	HGNC:2025	biolink:causes	1
0.9961223	MONDO:0014343	HGNC:2218	biolink:causes	1
0.9963075	MONDO:0014343	HGNC:2187	biolink:causes	1
0.99761707	MONDO:0014343	HGNC:2227	biolink:causes	1
0.9830305	MONDO:0014343	HGNC:17272	biolink:causes	1
0.99495775	MONDO:0014343	HGNC:2433	biolink:causes	1
0.96841013	MONDO:0014343	HGNC:3087	biolink:causes	1
0.9878444	MONDO:0014343	HGNC:24595	biolink:causes	1
0.8620923	MONDO:0014343	HGNC:18683	biolink:causes	1
0.9935003	MONDO:0014343	HGNC:124	biolink:causes	1
0.99364316	MONDO:0014343	HGNC:3663	biolink:causes	1
0.9883852	MONDO:0014343	HGNC:3755	biolink:causes	1
0.9720659	MONDO:0014343	HGNC:4392	biolink:causes	1
0.9975089	MONDO:0014343	HGNC:4713	biolink:causes	1
0.96720046	MONDO:0014343	HGNC:18873	biolink:causes	1
0.9929012	MONDO:0014343	HGNC:21732	biolink:causes	1
0.9906747	MONDO:0014343	HGNC:13520	biolink:causes	1
0.9917278	MONDO:0014343	HGNC:7176	biolink:causes	1
0.9938437	MONDO:0014343	HGNC:8778	biolink:causes	1
0.9956664	MONDO:0014343	HGNC:9004	biolink:causes	1
0.9366303	MONDO:0014343	HGNC:30129	biolink:causes	1
0.97435147	MONDO:0014343	HGNC:9587	biolink:causes	1
0.99415684	MONDO:0014343	HGNC:9608	biolink:causes	1
0.9954921	MONDO:0014343	HGNC:35126	biolink:causes	1
0.96801424	MONDO:0014343	HGNC:9721	biolink:causes	1
0.94467914	MONDO:0014343	HGNC:10023	biolink:causes	1
0.99433786	MONDO:0014343	HGNC:10031	biolink:causes	1
0.9800582	MONDO:0014343	HGNC:17271	biolink:causes	1
0.99406505	MONDO:0014343	HGNC:10524	biolink:causes	1
0.99214196	MONDO:0014343	HGNC:6770	biolink:causes	1
0.9965718	MONDO:0014343	HGNC:20323	biolink:causes	1
0.99745554	MONDO:0014343	HGNC:29253	biolink:causes	1
0.9657078	MONDO:0014343	HGNC:11195	biolink:causes	1
0.9884084	MONDO:0014343	HGNC:11367	biolink:causes	1
0.9970753	MONDO:0014343	HGNC:11773	biolink:causes	1
0.9788801	MONDO:0014343	HGNC:17861	biolink:causes	1
0.9974368	MONDO:0014343	HGNC:2919	biolink:causes	1
0.9498218	MONDO:0014343	HGNC:132	biolink:causes	1
0.9960802	MONDO:0014343	HGNC:13201	biolink:causes	1
0.9243687	MONDO:0014343	HGNC:8768	biolink:causes	1
0.9718179	MONDO:0014343	HGNC:26222	biolink:causes	1
0.99509215	MONDO:0014343	HGNC:3686	biolink:causes	1
0.996382	MONDO:0014343	HGNC:4319	biolink:causes	1
0.9914288	MONDO:0014343	HGNC:19980	biolink:causes	1
0.9929972	MONDO:0014343	HGNC:13315	biolink:causes	1
0.9964218	MONDO:0014343	HGNC:4877	biolink:causes	1
0.9973889	MONDO:0014343	HGNC:16644	biolink:causes	1
0.9936073	MONDO:0014343	HGNC:6000	biolink:causes	1
0.9831964	MONDO:0014343	HGNC:6080	biolink:causes	1
0.98584336	MONDO:0014343	HGNC:6469	biolink:causes	1
0.9954218	MONDO:0014343	HGNC:27337	biolink:causes	1
0.99257565	MONDO:0014343	HGNC:15455	biolink:causes	1
0.9966529	MONDO:0014343	HGNC:4979	biolink:causes	1
0.9832118	MONDO:0014343	HGNC:18591	biolink:causes	1
0.98578876	MONDO:0014343	HGNC:8604	biolink:causes	1
0.96230996	MONDO:0014343	HGNC:20422	biolink:causes	1
0.99722314	MONDO:0014343	HGNC:9210	biolink:causes	1
0.94744694	MONDO:0014343	HGNC:9282	biolink:causes	1
0.9867822	MONDO:0014343	HGNC:30595	biolink:causes	1
0.922271	MONDO:0014343	HGNC:10298	biolink:causes	1
0.9936358	MONDO:0014343	HGNC:10818	biolink:causes	1
0.99507433	MONDO:0014343	HGNC:19046	biolink:causes	1
0.98903346	MONDO:0014343	HGNC:11100	biolink:causes	1
0.9927636	MONDO:0014343	HGNC:28396	biolink:causes	1
0.9958645	MONDO:0014343	HGNC:11908	biolink:causes	1
0.99796885	MONDO:0014343	HGNC:25660	biolink:causes	1
0.99580187	MONDO:0014343	HGNC:12428	biolink:causes	1
0.99492717	MONDO:0014343	HGNC:1971	biolink:causes	1
0.9965262	MONDO:0014343	HGNC:25801	biolink:causes	1
0.9958572	MONDO:0014343	HGNC:2379	biolink:causes	1
0.97154284	MONDO:0014343	HGNC:2978	biolink:causes	1
0.99030346	MONDO:0014343	HGNC:3444	biolink:causes	1
0.8675609	MONDO:0014355	HGNC:3052	biolink:causes	1
0.972583	MONDO:0014371	HGNC:19190	biolink:causes	1
0.99990356	MONDO:0014379	HGNC:15766	biolink:causes	1
0.99228984	MONDO:0014383	HGNC:25896	biolink:causes	1
0.59745574	MONDO:0014399	HGNC:8729	biolink:causes	1
0.59745574	MONDO:0014399	HGNC:8729	biolink:gene_associated_with_condition	1
0.9242156	MONDO:0014403	HGNC:4267	biolink:gene_associated_with_condition	1
0.7759927	MONDO:0014407	HGNC:393	biolink:causes	1
0.98642457	MONDO:0014419	HGNC:6481	biolink:gene_associated_with_condition	1
0.999759	MONDO:0014447	HGNC:18626	biolink:causes	1
0.99447423	MONDO:0014455	HGNC:29685	biolink:causes	1
0.99652326	MONDO:0014487	HGNC:17341	biolink:gene_associated_with_condition	1
0.9983877	MONDO:0014503	HGNC:25613	biolink:causes	1
0.9999684	MONDO:0014507	HGNC:20324	biolink:gene_associated_with_condition	1
0.40273774	MONDO:0014535	HGNC:6081	biolink:causes	1
0.9501048	MONDO:0014539	HGNC:18688	biolink:causes	1
0.9992335	MONDO:0014543	HGNC:23159	biolink:causes	1
0.9694139	MONDO:0014551	HGNC:7944	biolink:causes	1
0.99770844	MONDO:0014567	HGNC:18062	biolink:causes	1
0.9838097	MONDO:0014583	HGNC:1965	biolink:causes	1
0.7975233	MONDO:0014603	HGNC:2418	biolink:causes	1
0.9966702	MONDO:0014619	HGNC:21157	biolink:causes	1
0.60662794	MONDO:0014623	HGNC:25403	biolink:causes	1
0.94713724	MONDO:0014627	HGNC:2213	biolink:causes	1
0.9639307	MONDO:0014635	HGNC:9922	biolink:causes	1
0.7626123	MONDO:0014647	HGNC:1424	biolink:gene_associated_with_condition	1
0.79955786	MONDO:0014711	HGNC:4816	biolink:causes	1
0.9270586	MONDO:0014719	HGNC:6176	biolink:gene_associated_with_condition	1
0.11149395	MONDO:0014735	HGNC:12666	biolink:causes	1
0.99976414	MONDO:0014747	HGNC:31582	biolink:causes	1
0.99748755	MONDO:0014763	HGNC:4013	biolink:causes	1
0.9998883	MONDO:0014771	HGNC:29068	biolink:causes	1
0.28778777	MONDO:0014779	HGNC:9966	biolink:contributes_to	1
0.87066984	MONDO:0014783	HGNC:30788	biolink:causes	1
0.9729162	MONDO:0014803	HGNC:20134	biolink:causes	1
0.9729162	MONDO:0014803	HGNC:20134	biolink:gene_associated_with_condition	1
0.99999964	MONDO:0014823	HGNC:28261	biolink:causes	1
0.8042963	MONDO:0014844	HGNC:28852	biolink:causes	1
0.9982634	MONDO:0014864	HGNC:20858	biolink:causes	1
0.9971214	MONDO:0014868	HGNC:29561	biolink:causes	1
0.8540679	MONDO:0014896	HGNC:12310	biolink:causes	1
0.8540679	MONDO:0014896	HGNC:12310	biolink:gene_associated_with_condition	1
0.64135784	MONDO:0014900	HGNC:29456	biolink:gene_associated_with_condition	1
0.9869871	MONDO:0014948	HGNC:649	biolink:gene_associated_with_condition	1
0.9829685	MONDO:0014968	HGNC:11582	biolink:causes	1
0.9960819	MONDO:0014976	HGNC:7104	biolink:causes	1
0.9960819	MONDO:0014976	HGNC:7104	biolink:gene_associated_with_condition	1
0.9994136	MONDO:0014984	HGNC:7677	biolink:causes	1
0.99916565	MONDO:0014992	HGNC:26899	biolink:causes	1
0.9541157	MONDO:0014996	HGNC:18248	biolink:causes	1
0.42942682	MONDO:0015166	HGNC:3765	biolink:gene_associated_with_condition	1
0.8254484	MONDO:0015270	HGNC:983	biolink:gene_associated_with_condition	1
0.61487365	MONDO:0015278	HGNC:6407	biolink:causes	1
0.43336675	MONDO:0015278	HGNC:1787	biolink:gene_associated_with_condition	1
0.34846824	MONDO:0015278	HGNC:1101	biolink:gene_associated_with_condition	1
0.8413151	MONDO:0015278	HGNC:6770	biolink:causes	1
0.8413151	MONDO:0015278	HGNC:6770	biolink:gene_associated_with_condition	1
0.5714487	MONDO:0015278	HGNC:11998	biolink:gene_associated_with_condition	1
0.9972555	MONDO:0015283	HGNC:7489	biolink:gene_associated_with_condition	1
0.53695846	MONDO:0015351	HGNC:4285	biolink:gene_associated_with_condition	1
0.90818775	MONDO:0015520	HGNC:3259	biolink:gene_associated_with_condition	1
0.97589225	MONDO:0015793	HGNC:10483	biolink:gene_associated_with_condition	1
0.80628324	MONDO:0016202	HGNC:2200	biolink:gene_associated_with_condition	1
0.7746625	MONDO:0016242	HGNC:4827	biolink:gene_associated_with_condition	1
0.95929307	MONDO:0016302	HGNC:18292	biolink:gene_associated_with_condition	1
0.835098	MONDO:0016539	HGNC:26276	biolink:gene_associated_with_condition	1
0.089278564	MONDO:0016563	HGNC:6893	biolink:gene_associated_with_condition	1
0.9336348	MONDO:0016579	HGNC:11019	biolink:gene_associated_with_condition	1
0.87842965	MONDO:0016599	HGNC:3374	biolink:gene_associated_with_condition	1
0.8014438	MONDO:0016681	HGNC:7797	biolink:gene_associated_with_condition	1
0.6053996	MONDO:0016681	HGNC:9236	biolink:gene_associated_with_condition	1
0.8442036	MONDO:0016681	HGNC:3690	biolink:gene_associated_with_condition	1
0.7062685	MONDO:0016681	HGNC:11998	biolink:gene_associated_with_condition	1
0.2870616	MONDO:0016689	HGNC:5383	biolink:gene_associated_with_condition	1
0.8432821	MONDO:0016705	HGNC:7545	biolink:gene_associated_with_condition	1
0.9883372	MONDO:0016825	HGNC:28900	biolink:causes	1
0.94913006	MONDO:0016833	HGNC:3811	biolink:gene_associated_with_condition	1
0.9077959	MONDO:0016995	HGNC:11109	biolink:gene_associated_with_condition	1
0.98285705	MONDO:0017052	HGNC:25415	biolink:gene_associated_with_condition	1
0.7202439	MONDO:0017116	HGNC:7208	biolink:gene_associated_with_condition	1
0.7210663	MONDO:0017172	HGNC:714	biolink:gene_associated_with_condition	1
0.5250567	MONDO:0017176	HGNC:7106	biolink:gene_associated_with_condition	1
0.9726917	MONDO:0017308	HGNC:11773	biolink:gene_associated_with_condition	1
0.83038163	MONDO:0017353	HGNC:4313	biolink:gene_associated_with_condition	1
0.9767859	MONDO:0017389	HGNC:8582	biolink:gene_associated_with_condition	1
0.9327913	MONDO:0017401	HGNC:15710	biolink:gene_associated_with_condition	1
0.89927703	MONDO:0017401	HGNC:12403	biolink:gene_associated_with_condition	1
0.66662955	MONDO:0017405	HGNC:3012	biolink:gene_associated_with_condition	1
0.9494036	MONDO:0017629	HGNC:10582	biolink:gene_associated_with_condition	1
0.9801558	MONDO:0017629	HGNC:10597	biolink:gene_associated_with_condition	1
0.867507	MONDO:0017629	HGNC:10583	biolink:gene_associated_with_condition	1
0.9206469	MONDO:0017697	HGNC:4180	biolink:gene_associated_with_condition	1
0.9677921	MONDO:0017729	HGNC:9498	biolink:gene_associated_with_condition	1
0.6883255	MONDO:0017833	HGNC:19124	biolink:gene_associated_with_condition	1
0.8751239	MONDO:0017901	HGNC:5439	biolink:gene_associated_with_condition	1
0.78889275	MONDO:0017917	HGNC:7414	biolink:gene_associated_with_condition	1
0.37384167	MONDO:0017945	HGNC:620	biolink:gene_associated_with_condition	1
0.7671463	MONDO:0017993	HGNC:9460	biolink:gene_associated_with_condition	1
0.9738486	MONDO:0018045	HGNC:11824	biolink:gene_associated_with_condition	1
0.95329005	MONDO:0018045	HGNC:11730	biolink:gene_associated_with_condition	1
0.7662099	MONDO:0018141	HGNC:8636	biolink:gene_associated_with_condition	1
0.88034475	MONDO:0018197	HGNC:1160	biolink:gene_associated_with_condition	1
0.22998396	MONDO:0018229	HGNC:4932	biolink:gene_associated_with_condition	1
0.640038	MONDO:0018245	HGNC:26276	biolink:gene_associated_with_condition	1
0.9950276	MONDO:0018273	HGNC:15516	biolink:gene_associated_with_condition	1
0.98397726	MONDO:0018277	HGNC:22932	biolink:gene_associated_with_condition	1
0.9957904	MONDO:0018277	HGNC:19139	biolink:gene_associated_with_condition	1
0.99880743	MONDO:0018277	HGNC:9202	biolink:gene_associated_with_condition	1
0.93635607	MONDO:0018333	HGNC:3481	biolink:gene_associated_with_condition	1
0.70540696	MONDO:0018450	HGNC:25726	biolink:gene_associated_with_condition	1
0.9128248	MONDO:0018566	HGNC:319	biolink:gene_associated_with_condition	1
0.9919281	MONDO:0018598	HGNC:9717	biolink:gene_associated_with_condition	1
0.9824869	MONDO:0018598	HGNC:8851	biolink:gene_associated_with_condition	1
0.9927812	MONDO:0018598	HGNC:8854	biolink:gene_associated_with_condition	1
0.99003124	MONDO:0018598	HGNC:8857	biolink:gene_associated_with_condition	1
0.9508503	MONDO:0018598	HGNC:9719	biolink:gene_associated_with_condition	1
0.99184716	MONDO:0018598	HGNC:8853	biolink:gene_associated_with_condition	1
0.94347596	MONDO:0018598	HGNC:9713	biolink:gene_associated_with_condition	1
0.67932314	MONDO:0018763	HGNC:20772	biolink:gene_associated_with_condition	1
0.9332854	MONDO:0018767	HGNC:3771	biolink:causes	1
0.9986828	MONDO:0018816	HGNC:18141	biolink:gene_associated_with_condition	1
0.9500548	MONDO:0018829	HGNC:2202	biolink:gene_associated_with_condition	1
0.6040501	MONDO:0018877	HGNC:9940	biolink:gene_associated_with_condition	1
0.3847004	MONDO:0019130	HGNC:19903	biolink:gene_associated_with_condition	1
0.94848865	MONDO:0019150	HGNC:11949	biolink:gene_associated_with_condition	1
0.99397355	MONDO:0019174	HGNC:8857	biolink:gene_associated_with_condition	1
0.91292655	MONDO:0019174	HGNC:9719	biolink:gene_associated_with_condition	1
0.9902692	MONDO:0019174	HGNC:8855	biolink:gene_associated_with_condition	1
0.8701287	MONDO:0019174	HGNC:9713	biolink:gene_associated_with_condition	1
0.98786247	MONDO:0019310	HGNC:2214	biolink:gene_associated_with_condition	1
0.9594729	MONDO:0019374	HGNC:25928	biolink:gene_associated_with_condition	1
0.85195136	MONDO:0019458	HGNC:4170	biolink:gene_associated_with_condition	1
0.98776233	MONDO:0019522	HGNC:2214	biolink:gene_associated_with_condition	1
0.99680614	MONDO:0019570	HGNC:3438	biolink:causes	1
0.9803294	MONDO:0019666	HGNC:8604	biolink:gene_associated_with_condition	1
0.9166355	MONDO:0019758	HGNC:2908	biolink:gene_associated_with_condition	1
0.9024639	MONDO:0019758	HGNC:7865	biolink:gene_associated_with_condition	1
0.9919572	MONDO:0019758	HGNC:10889	biolink:gene_associated_with_condition	1
0.9365135	MONDO:0019758	HGNC:3686	biolink:gene_associated_with_condition	1
0.95526195	MONDO:0019758	HGNC:12873	biolink:gene_associated_with_condition	1
0.9172069	MONDO:0019854	HGNC:8622	biolink:gene_associated_with_condition	1
0.92830443	MONDO:0019930	HGNC:6585	biolink:gene_associated_with_condition	1
0.8704355	MONDO:0020207	HGNC:10604	biolink:gene_associated_with_condition	1
0.6769178	MONDO:0020316	HGNC:3765	biolink:gene_associated_with_condition	1
0.77372164	MONDO:0020316	HGNC:1539	biolink:gene_associated_with_condition	1
0.956426	MONDO:0020320	HGNC:6342	biolink:gene_associated_with_condition	1
0.7112821	MONDO:0020320	HGNC:7910	biolink:gene_associated_with_condition	1
0.8410617	MONDO:0020324	HGNC:1001	biolink:gene_associated_with_condition	1
0.8491404	MONDO:0020356	HGNC:47	biolink:gene_associated_with_condition	1
0.9386234	MONDO:0020356	HGNC:8620	biolink:gene_associated_with_condition	1
0.98729753	MONDO:0020485	HGNC:10483	biolink:causes	1
0.2352726	MONDO:0020493	HGNC:738	biolink:gene_associated_with_condition	1
0.9820582	MONDO:0020521	HGNC:2197	biolink:causes	1
0.9588643	MONDO:0020621	HGNC:15743	biolink:causes	1
0.94842696	MONDO:0020730	HGNC:12405	biolink:causes	1
0.99933976	MONDO:0020762	HGNC:24959	biolink:causes	1
0.9824615	MONDO:0020786	HGNC:285	biolink:causes	1
0.9994646	MONDO:0020790	HGNC:13433	biolink:causes	1
0.6145539	MONDO:0021018	HGNC:14888	biolink:causes	1
0.7851622	MONDO:0021427	HGNC:9588	biolink:gene_associated_with_condition	1
0.8916262	MONDO:0021548	HGNC:4204	biolink:gene_associated_with_condition	1
0.10387926	MONDO:0021548	HGNC:2409	biolink:gene_associated_with_condition	1
0.24528438	MONDO:0021571	HGNC:4948	biolink:contributes_to	1
0.9780002	MONDO:0024264	HGNC:8622	biolink:causes	1
0.8732445	MONDO:0024523	HGNC:7881	biolink:causes	1
0.99119544	MONDO:0024535	HGNC:18873	biolink:causes	1
0.9999999	MONDO:0024543	HGNC:23216	biolink:causes	1
0.89658386	MONDO:0024551	HGNC:592	biolink:causes	1
0.99814034	MONDO:0024555	HGNC:26361	biolink:causes	1
0.9342274	MONDO:0024555	HGNC:17082	biolink:causes	1
0.97960234	MONDO:0024559	HGNC:7569	biolink:gene_associated_with_condition	1
0.9010009	MONDO:0025690	HGNC:24877	biolink:causes	1
0.9954418	MONDO:0025708	HGNC:7569	biolink:causes	1
0.99984634	MONDO:0029140	HGNC:14937	biolink:causes	1
0.24378419	MONDO:0029144	HGNC:10719	biolink:causes	1
0.99994874	MONDO:0029148	HGNC:21675	biolink:causes	1
0.9551346	MONDO:0030006	HGNC:21020	biolink:gene_associated_with_condition	1
0.92505807	MONDO:0030045	HGNC:8999	biolink:causes	1
0.97655416	MONDO:0030055	HGNC:11184	biolink:causes	1
0.9348337	MONDO:0030072	HGNC:6970	biolink:causes	1
0.79292744	MONDO:0030323	HGNC:16935	biolink:causes	1
0.9595269	MONDO:0030438	HGNC:7102	biolink:causes	1
0.9984863	MONDO:0030456	HGNC:6189	biolink:causes	1
0.85543764	MONDO:0030486	HGNC:14583	biolink:causes	1
0.739588	MONDO:0030518	HGNC:6898	biolink:causes	1
0.7833228	MONDO:0030535	HGNC:6442	biolink:causes	1
0.97931355	MONDO:0030681	HGNC:6021	biolink:causes	1
0.85712785	MONDO:0030692	HGNC:18873	biolink:causes	1
0.98122036	MONDO:0030716	HGNC:15662	biolink:causes	1
0.9880946	MONDO:0030731	HGNC:25835	biolink:causes	1
0.9455964	MONDO:0030746	HGNC:6483	biolink:causes	1
0.98203295	MONDO:0030750	HGNC:2194	biolink:causes	1
0.9683081	MONDO:0030837	HGNC:7643	biolink:causes	1
0.6953605	MONDO:0030849	HGNC:10663	biolink:causes	1
0.9964334	MONDO:0030920	HGNC:1461	biolink:causes	1
0.8863614	MONDO:0030928	HGNC:6637	biolink:causes	1
0.99763095	MONDO:0030969	HGNC:15840	biolink:causes	1
0.99407816	MONDO:0030973	HGNC:29619	biolink:causes	1
0.9982255	MONDO:0031043	HGNC:28870	biolink:causes	1
0.932008	MONDO:0031052	HGNC:25640	biolink:causes	1
0.9999608	MONDO:0032572	HGNC:20456	biolink:causes	1
0.9999325	MONDO:0032584	HGNC:1268	biolink:gene_associated_with_condition	1
0.9999397	MONDO:0032591	HGNC:14006	biolink:causes	1
0.7858241	MONDO:0032601	HGNC:11766	biolink:causes	1
0.8036717	MONDO:0032630	HGNC:7693	biolink:causes	1
0.9999937	MONDO:0032653	HGNC:1181	biolink:gene_associated_with_condition	1
0.9308175	MONDO:0032665	HGNC:25980	biolink:causes	1
0.9993098	MONDO:0032686	HGNC:25326	biolink:causes	1
0.96933705	MONDO:0032721	HGNC:15456	biolink:causes	1
0.98452675	MONDO:0032726	HGNC:29682	biolink:causes	1
0.9952643	MONDO:0032741	HGNC:12927	biolink:causes	1
0.99049544	MONDO:0032746	HGNC:28613	biolink:causes	1
0.99301004	MONDO:0032772	HGNC:2433	biolink:causes	1
0.9454893	MONDO:0032804	HGNC:2478	biolink:causes	1
0.9998505	MONDO:0032824	HGNC:15791	biolink:causes	1
0.99750227	MONDO:0032845	HGNC:2946	biolink:causes	1
0.1159257	MONDO:0032867	HGNC:18072	biolink:contributes_to	1
0.93453574	MONDO:0032871	HGNC:29118	biolink:causes	1
0.85909	MONDO:0032887	HGNC:30739	biolink:causes	1
0.9904766	MONDO:0032891	HGNC:17754	biolink:causes	1
0.9952394	MONDO:0032895	HGNC:12527	biolink:causes	1
0.87581915	MONDO:0032899	HGNC:11301	biolink:causes	1
0.87581915	MONDO:0032899	HGNC:11301	biolink:gene_associated_with_condition	1
0.9679556	MONDO:0032907	HGNC:16709	biolink:causes	1
0.29993105	MONDO:0032915	HGNC:1449	biolink:causes	1
0.97709924	MONDO:0032927	HGNC:24552	biolink:causes	1
0.42594212	MONDO:0032936	HGNC:4023	biolink:causes	1
0.993722	MONDO:0033008	HGNC:16197	biolink:causes	1
0.91295934	MONDO:0033116	HGNC:12828	biolink:causes	1
0.50354016	MONDO:0033202	HGNC:25966	biolink:causes	1
0.5234892	MONDO:0033365	HGNC:12852	biolink:causes	1
0.89404255	MONDO:0033369	HGNC:11968	biolink:causes	1
0.99288297	MONDO:0033566	HGNC:26208	biolink:causes	1
0.9872973	MONDO:0033622	HGNC:28514	biolink:causes	1
0.9565569	MONDO:0033650	HGNC:2294	biolink:causes	1
0.99988854	MONDO:0033654	HGNC:40045	biolink:causes	1
0.8908234	MONDO:0033980	HGNC:28449	biolink:gene_associated_with_condition	1
0.76283026	MONDO:0033980	HGNC:9955	biolink:gene_associated_with_condition	1
0.86281115	MONDO:0035337	HGNC:6408	biolink:gene_associated_with_condition	1
0.97491306	MONDO:0035472	HGNC:17494	biolink:gene_associated_with_condition	1
0.835252	MONDO:0035556	HGNC:14630	biolink:gene_associated_with_condition	1
0.88470495	MONDO:0035648	HGNC:2933	biolink:gene_associated_with_condition	1
0.2607874	MONDO:0037149	HGNC:4800	biolink:gene_associated_with_condition	1
0.92317694	MONDO:0044222	HGNC:18149	biolink:causes	1
0.9305132	MONDO:0044282	HGNC:44204	biolink:causes	1
0.95153457	MONDO:0044300	HGNC:7326	biolink:causes	1
0.95153457	MONDO:0044300	HGNC:7326	biolink:gene_associated_with_condition	1
0.7085429	MONDO:0044313	HGNC:11546	biolink:causes	1
0.8848982	MONDO:0044317	HGNC:7328	biolink:causes	1
0.9999889	MONDO:0044321	HGNC:20185	biolink:gene_associated_with_condition	1
0.87883145	MONDO:0044617	HGNC:3754	biolink:gene_associated_with_condition	1
0.9533262	MONDO:0044648	HGNC:26576	biolink:gene_associated_with_condition	1
0.99969435	MONDO:0044714	HGNC:29678	biolink:causes	1
0.999613	MONDO:0044718	HGNC:16066	biolink:causes	1
0.999613	MONDO:0044718	HGNC:16066	biolink:gene_associated_with_condition	1
0.9686622	MONDO:0044723	HGNC:14348	biolink:gene_associated_with_condition	1
0.88462275	MONDO:0054559	HGNC:6546	biolink:causes	1
0.8328487	MONDO:0054573	HGNC:4851	biolink:causes	1
0.3574534	MONDO:0054696	HGNC:9956	biolink:causes	1
0.99796474	MONDO:0054723	HGNC:26684	biolink:causes	1
0.9913156	MONDO:0054731	HGNC:20091	biolink:causes	1
0.99999034	MONDO:0054737	HGNC:19185	biolink:causes	1
0.9048551	MONDO:0054794	HGNC:26600	biolink:causes	1
0.26956245	MONDO:0054805	HGNC:28952	biolink:causes	1
0.99990976	MONDO:0054843	HGNC:28188	biolink:causes	1
0.9127083	MONDO:0054847	HGNC:16854	biolink:causes	1
0.4598438	MONDO:0060591	HGNC:7782	biolink:causes	1
0.9918662	MONDO:0060707	HGNC:24713	biolink:gene_associated_with_condition	1
0.98557603	MONDO:0060745	HGNC:10258	biolink:causes	1
0.9557821	MONDO:0100058	HGNC:977	biolink:causes	1
0.98066574	MONDO:0100083	HGNC:10471	biolink:causes	1
0.86697626	MONDO:0100119	HGNC:8591	biolink:causes	1
0.91785014	MONDO:0100219	HGNC:11367	biolink:causes	1
0.82630956	MONDO:0100531	HGNC:3331	biolink:causes	1
0.86213994	MONDO:0600030	HGNC:11633	biolink:gene_associated_with_condition	1
0.8643986	MONDO:0600030	HGNC:8632	biolink:gene_associated_with_condition	1
0.56135476	MONDO:0700299	HGNC:29079	biolink:contributes_to	1
0.8708228	MONDO:0700343	HGNC:6463	biolink:causes	1
0.88641614	MONDO:0800029	HGNC:33	biolink:gene_associated_with_condition	1
0.9892322	MONDO:0800029	HGNC:10799	biolink:gene_associated_with_condition	1
0.56023973	MONDO:0800029	HGNC:26200	biolink:gene_associated_with_condition	1
0.5170749	MONDO:0800029	HGNC:7516	biolink:gene_associated_with_condition	1
0.9569011	MONDO:0800029	HGNC:11730	biolink:causes	1
0.73894966	MONDO:0800029	HGNC:13552	biolink:gene_associated_with_condition	1
0.51061815	MONDO:0800046	HGNC:30972	biolink:causes	1
0.7288877	MONDO:0800130	HGNC:19383	biolink:causes	1
0.9996729	MONDO:0800436	HGNC:18188	biolink:gene_associated_with_condition	1
0.9855661	MONDO:0800452	HGNC:11795	biolink:gene_associated_with_condition	1
0.8966676	MONDO:0850078	HGNC:26219	biolink:gene_associated_with_condition	1
0.69481635	MONDO:0859002	HGNC:2231	biolink:gene_associated_with_condition	1
0.9889902	MONDO:0859083	HGNC:15631	biolink:causes	1
0.99774396	MONDO:0859137	HGNC:2377	biolink:causes	1
0.9865937	MONDO:0859148	HGNC:29183	biolink:causes	1
0.8353577	MONDO:0859173	HGNC:4398	biolink:causes	1
0.95578974	MONDO:0859189	HGNC:4249	biolink:causes	1
0.93739384	MONDO:0859206	HGNC:28762	biolink:causes	1
0.99358094	MONDO:0859214	HGNC:9390	biolink:causes	1
0.9999987	MONDO:0859226	HGNC:26186	biolink:causes	1
0.99480706	MONDO:0859264	HGNC:9639	biolink:causes	1
0.9999889	MONDO:0859293	HGNC:28662	biolink:causes	1
0.9211266	MONDO:0859311	HGNC:6182	biolink:causes	1
0.9515765	MONDO:0859320	HGNC:7702	biolink:causes	1
0.97363496	MONDO:0859324	HGNC:707	biolink:gene_associated_with_condition	1
0.8072477	MONDO:0859366	HGNC:18533	biolink:causes	1
0.7090563	MONDO:0859374	HGNC:33914	biolink:causes	1
0.99999535	MONDO:0859379	HGNC:17754	biolink:causes	1
0.7510349	MONDO:0859517	HGNC:129	biolink:causes	1
0.6554879	MONDO:0859521	HGNC:1723	biolink:causes	1
0.9961901	MONDO:0957202	HGNC:26047	biolink:causes	1
0.9995053	MONDO:0957265	HGNC:10591	biolink:causes	1
0.9709753	MONDO:0957270	HGNC:5006	biolink:causes	1
0.13603997	MONDO:0957278	HGNC:7199	biolink:causes	1
0.12227564	MONDO:0957427	HGNC:8619	biolink:gene_associated_with_condition	1
0.2677803	MONDO:0957561	HGNC:10074	biolink:contributes_to	1
0.9984114	MONDO:0957787	HGNC:19304	biolink:causes	1
0.99997306	MONDO:0957819	HGNC:16305	biolink:causes	1
0.98811483	MONDO:0957955	HGNC:10937	biolink:causes	1
0.97016466	MONDO:0957993	HGNC:10451	biolink:causes	1
0.9394909	MONDO:0958001	HGNC:9859	biolink:causes	1
0.9970655	MONDO:0958011	HGNC:6116	biolink:causes	1
0.92636853	MONDO:0958085	HGNC:4886	biolink:gene_associated_with_condition	1
0.98611337	MONDO:0958085	HGNC:4887	biolink:gene_associated_with_condition	1
0.94536453	MONDO:0958085	HGNC:11762	biolink:gene_associated_with_condition	1
0.95472413	MONDO:0958325	HGNC:23657	biolink:causes	1
0.96680886	MONDO:0958334	HGNC:1481	biolink:causes	1
0.9902289	MONDO:0968981	HGNC:20313	biolink:causes	1
0.9848023	MONDO:0971001	HGNC:9538	biolink:causes	1
0.99921405	MONDO:0971014	HGNC:9986	biolink:causes	1
0.9998597	MONDO:0971171	HGNC:14245	biolink:causes	1
0.87613255	MONDO:0975761	HGNC:21290	biolink:causes	1
0.9754885	MONDO:0975828	HGNC:11402	biolink:causes	1
0.26866135	MONDO:0975837	HGNC:37247	biolink:causes	1
0.5887212	MONDO:0975841	HGNC:34519	biolink:causes	1
0.6055503	MONDO:0976232	HGNC:2673	biolink:causes	1
0.45974478	MONDO:0976265	HGNC:26933	biolink:causes	1
0.67974424	MONDO:0976269	HGNC:29077	biolink:causes	1
0.94828826	HGNC:13666	MONDO:0009279	biolink:causes	1
0.8723903	HGNC:35	MONDO:0007610	biolink:gene_associated_with_condition	1
0.99848676	HGNC:48	MONDO:0010524	biolink:causes	1
0.9471173	HGNC:14639	MONDO:0044224	biolink:causes	1
0.99624336	HGNC:13921	MONDO:0030673	biolink:causes	1
0.9944325	HGNC:90	MONDO:0008722	biolink:gene_associated_with_condition	1
0.999613	HGNC:16066	MONDO:0044718	biolink:causes	1
0.999613	HGNC:16066	MONDO:0044718	biolink:gene_associated_with_condition	1
0.9522117	HGNC:27288	MONDO:0013661	biolink:gene_associated_with_condition	1
0.8120938	HGNC:132	MONDO:0011823	biolink:gene_associated_with_condition	1
0.9498218	HGNC:132	MONDO:0014343	biolink:causes	1
0.76455426	HGNC:132	MONDO:0975754	biolink:gene_associated_with_condition	1
0.8117839	HGNC:143	MONDO:0008542	biolink:causes	1
0.72024286	HGNC:143	MONDO:0013011	biolink:causes	1
0.97294915	HGNC:164	MONDO:0012808	biolink:causes	1
0.9471982	HGNC:164	MONDO:0032853	biolink:causes	1
0.98599887	HGNC:177	MONDO:0012368	biolink:gene_associated_with_condition	1
0.99997663	HGNC:186	MONDO:0007064	biolink:gene_associated_with_condition	1
0.9960802	HGNC:13201	MONDO:0014343	biolink:causes	1
0.9999907	HGNC:17111	MONDO:0859572	biolink:causes	1
0.8948261	HGNC:226	MONDO:0030025	biolink:causes	1
0.9169361	HGNC:237	MONDO:0014570	biolink:causes	1
0.87963563	HGNC:315	MONDO:0008377	biolink:causes	1
0.95199937	HGNC:317	MONDO:0014425	biolink:causes	1
0.95199937	HGNC:317	MONDO:0014425	biolink:gene_associated_with_condition	1
0.94755054	HGNC:329	MONDO:0014052	biolink:causes	1
0.8857082	HGNC:329	MONDO:0020345	biolink:gene_associated_with_condition	1
0.71261966	HGNC:14412	MONDO:0008860	biolink:causes	1
0.89648753	HGNC:8768	MONDO:0010275	biolink:gene_associated_with_condition	1
0.9243687	HGNC:8768	MONDO:0014343	biolink:causes	1
0.7149385	HGNC:8768	MONDO:0010689	biolink:causes	1
0.9913156	HGNC:20091	MONDO:0054731	biolink:causes	1
0.5573332	HGNC:379	MONDO:0012738	biolink:causes	1
0.62252873	HGNC:388	MONDO:0009339	biolink:causes	1
0.62252873	HGNC:388	MONDO:0009339	biolink:gene_associated_with_condition	1
0.69592965	HGNC:391	MONDO:0014048	biolink:causes	1
0.72571164	HGNC:399	MONDO:0014449	biolink:gene_associated_with_condition	1
0.9761055	HGNC:414	MONDO:0012747	biolink:causes	1
0.9995784	HGNC:19358	MONDO:0011783	biolink:causes	1
0.706468	HGNC:427	MONDO:0013083	biolink:contributes_to	1
0.60954314	HGNC:427	MONDO:0044792	biolink:gene_associated_with_condition	1
0.9998248	HGNC:449	MONDO:0007636	biolink:causes	1
0.99365944	HGNC:9137	MONDO:0054844	biolink:causes	1
0.9528593	HGNC:3544	MONDO:0009211	biolink:causes	1
0.9528593	HGNC:3544	MONDO:0009211	biolink:gene_associated_with_condition	1
0.8946627	HGNC:3530	MONDO:0009315	biolink:causes	1
0.8983986	HGNC:3530	MONDO:0012526	biolink:gene_associated_with_condition	1
0.9999895	HGNC:3587	MONDO:0009215	biolink:causes	1
0.98180985	HGNC:26222	MONDO:0014510	biolink:causes	1
0.9519639	HGNC:26222	MONDO:0036212	biolink:causes	1
0.9519639	HGNC:26222	MONDO:0036212	biolink:gene_associated_with_condition	1
0.9718179	HGNC:26222	MONDO:0014343	biolink:causes	1
0.94844705	HGNC:21062	MONDO:0013986	biolink:causes	1
0.94844705	HGNC:21062	MONDO:0013986	biolink:gene_associated_with_condition	1
0.5547123	HGNC:21062	MONDO:0014882	biolink:gene_associated_with_condition	1
0.9913157	HGNC:11936	MONDO:0011158	biolink:causes	1
0.7385498	HGNC:29160	MONDO:0030020	biolink:causes	1
0.99910504	HGNC:3603	MONDO:0008426	biolink:gene_associated_with_condition	1
0.93111163	HGNC:3603	MONDO:0008542	biolink:causes	1
0.987899	HGNC:3603	MONDO:0011431	biolink:causes	1
0.9959948	HGNC:3603	MONDO:0007363	biolink:causes	1
0.9999999	HGNC:13601	MONDO:0014198	biolink:gene_associated_with_condition	1
0.95813423	HGNC:3619	MONDO:0014313	biolink:causes	1
0.99509215	HGNC:3686	MONDO:0014343	biolink:causes	1
0.9365135	HGNC:3686	MONDO:0019758	biolink:gene_associated_with_condition	1
0.89839154	HGNC:3694	MONDO:0015096	biolink:gene_associated_with_condition	1
0.9904327	HGNC:18169	MONDO:0009804	biolink:gene_associated_with_condition	1
0.990905	HGNC:18169	MONDO:0009806	biolink:causes	1
0.87092334	HGNC:3756	MONDO:0014883	biolink:causes	1
0.8878639	HGNC:3756	MONDO:0013550	biolink:causes	1
0.8878639	HGNC:3756	MONDO:0013550	biolink:gene_associated_with_condition	1
0.8455446	HGNC:3767	MONDO:0008542	biolink:causes	1
0.85929155	HGNC:3767	MONDO:0032913	biolink:causes	1
0.854793	HGNC:3814	MONDO:0017218	biolink:gene_associated_with_condition	1
0.9380052	HGNC:3816	MONDO:0008542	biolink:causes	1
0.9629919	HGNC:3816	MONDO:0032874	biolink:causes	1
0.93896055	HGNC:12765	MONDO:0009451	biolink:gene_associated_with_condition	1
0.99999356	HGNC:12765	MONDO:0011132	biolink:causes	1
0.9988814	HGNC:26927	MONDO:0032624	biolink:causes	1
0.67216134	HGNC:3969	MONDO:0011972	biolink:gene_associated_with_condition	1
0.99748755	HGNC:4013	MONDO:0014763	biolink:causes	1
0.8958547	HGNC:4017	MONDO:0013462	biolink:causes	1
0.9896583	HGNC:4042	MONDO:0007589	biolink:causes	1
0.8629665	HGNC:4507	MONDO:0100460	biolink:contributes_to	1
0.9976876	HGNC:4082	MONDO:0020631	biolink:causes	1
0.9636157	HGNC:24063	MONDO:0030105	biolink:gene_associated_with_condition	1
0.8056729	HGNC:4171	MONDO:0013607	biolink:causes	1
0.93982434	HGNC:4173	MONDO:0035555	biolink:gene_associated_with_condition	1
0.7751229	HGNC:8849	MONDO:0030007	biolink:causes	1
0.98127687	HGNC:4195	MONDO:0007453	biolink:causes	1
0.93661124	HGNC:4312	MONDO:0012039	biolink:contributes_to	1
0.9866279	HGNC:4217	MONDO:0014217	biolink:causes	1
0.95578974	HGNC:4249	MONDO:0859189	biolink:causes	1
0.928839	HGNC:4263	MONDO:0009877	biolink:gene_associated_with_condition	1
0.99992526	HGNC:17494	MONDO:0012125	biolink:causes	1
0.97491306	HGNC:17494	MONDO:0035472	biolink:gene_associated_with_condition	1
0.996382	HGNC:4319	MONDO:0014343	biolink:causes	1
0.9102935	HGNC:29525	MONDO:0008542	biolink:causes	1
0.9538732	HGNC:4341	MONDO:0012393	biolink:gene_associated_with_condition	1
0.904677	HGNC:4379	MONDO:0007792	biolink:causes	1
0.594652	HGNC:4379	MONDO:0014146	biolink:causes	1
0.9363024	HGNC:4379	MONDO:0019325	biolink:gene_associated_with_condition	1
0.92654383	HGNC:4379	MONDO:0975757	biolink:gene_associated_with_condition	1
0.6687435	HGNC:4390	MONDO:0008501	biolink:gene_associated_with_condition	1
0.95192397	HGNC:4393	MONDO:0012497	biolink:causes	1
0.9655033	HGNC:4393	MONDO:0008377	biolink:causes	1
0.9914288	HGNC:19980	MONDO:0014343	biolink:causes	1
0.999995	HGNC:29670	MONDO:0009650	biolink:causes	1
0.999995	HGNC:29670	MONDO:0009650	biolink:gene_associated_with_condition	1
0.9998982	HGNC:29670	MONDO:0018931	biolink:gene_associated_with_condition	1
0.99645644	HGNC:4439	MONDO:0007930	biolink:causes	1
0.9498447	HGNC:4439	MONDO:0008332	biolink:gene_associated_with_condition	1
0.56837076	HGNC:30677	MONDO:0010610	biolink:gene_associated_with_condition	1
0.99770844	HGNC:18062	MONDO:0014567	biolink:causes	1
0.9978654	HGNC:2799	MONDO:0014460	biolink:causes	1
0.9963497	HGNC:4576	MONDO:0014530	biolink:gene_associated_with_condition	1
0.9873132	HGNC:4689	MONDO:0008764	biolink:causes	1
0.9948237	HGNC:4689	MONDO:0011143	biolink:causes	1
0.599573	HGNC:4798	MONDO:0014682	biolink:contributes_to	1
0.76180637	HGNC:4827	MONDO:0016672	biolink:gene_associated_with_condition	1
0.7746625	HGNC:4827	MONDO:0016242	biolink:gene_associated_with_condition	1
0.9929972	HGNC:13315	MONDO:0014343	biolink:causes	1
0.9362961	HGNC:13315	MONDO:0010665	biolink:gene_associated_with_condition	1
0.9964218	HGNC:4877	MONDO:0014343	biolink:causes	1
0.98083043	HGNC:4877	MONDO:0019828	biolink:gene_associated_with_condition	1
0.76661843	HGNC:23302	MONDO:0030619	biolink:causes	1
0.1810384	HGNC:4944	MONDO:0019082	biolink:gene_associated_with_condition	1
0.9990783	HGNC:5005	MONDO:0009520	biolink:causes	1
0.9990783	HGNC:5005	MONDO:0009520	biolink:gene_associated_with_condition	1
0.9740064	HGNC:5008	MONDO:0011614	biolink:causes	1
0.97740346	HGNC:5147	MONDO:0010162	biolink:causes	1
0.97740346	HGNC:5147	MONDO:0010162	biolink:gene_associated_with_condition	1
0.9724572	HGNC:28460	MONDO:0971176	biolink:causes	1
0.79284024	HGNC:5201	MONDO:0013946	biolink:contributes_to	1
0.2607874	HGNC:4800	MONDO:0037149	biolink:gene_associated_with_condition	1
0.6676602	HGNC:5261	MONDO:0011532	biolink:causes	1
0.8328487	HGNC:4851	MONDO:0054573	biolink:causes	1
0.6578096	HGNC:4851	MONDO:0016621	biolink:gene_associated_with_condition	1
0.9997975	HGNC:24587	MONDO:0012514	biolink:causes	1
0.9413705	HGNC:5385	MONDO:0012943	biolink:causes	1
0.97077787	HGNC:5385	MONDO:0008377	biolink:causes	1
0.8977809	HGNC:5389	MONDO:0016316	biolink:gene_associated_with_condition	1
0.9973889	HGNC:16644	MONDO:0014343	biolink:causes	1
0.24019146	HGNC:5440	MONDO:0013953	biolink:causes	1
0.982226	HGNC:18365	MONDO:0012292	biolink:contributes_to	1
0.999759	HGNC:18626	MONDO:0014447	biolink:causes	1
0.9755889	HGNC:29262	MONDO:0013127	biolink:gene_associated_with_condition	1
0.9812362	HGNC:30391	MONDO:0008377	biolink:causes	1
0.9285547	HGNC:5464	MONDO:0012110	biolink:causes	1
0.99354184	HGNC:6000	MONDO:0013021	biolink:gene_associated_with_condition	1
0.9936073	HGNC:6000	MONDO:0014343	biolink:causes	1
0.9999995	HGNC:5967	MONDO:0013615	biolink:causes	1
0.8126326	HGNC:6062	MONDO:0044638	biolink:gene_associated_with_condition	1
0.91963005	HGNC:21474	MONDO:0012423	biolink:causes	1
0.9831964	HGNC:6080	MONDO:0014343	biolink:causes	1
0.63191384	HGNC:29059	MONDO:0008434	biolink:gene_associated_with_condition	1
0.9969795	HGNC:29059	MONDO:0010656	biolink:gene_associated_with_condition	1
0.9981895	HGNC:6121	MONDO:0007334	biolink:causes	1
1.0	HGNC:14361	MONDO:0012634	biolink:causes	1
1.0	HGNC:14361	MONDO:0012634	biolink:gene_associated_with_condition	1
0.9992799	HGNC:29882	MONDO:0009706	biolink:causes	1
0.9728717	HGNC:6143	MONDO:0013177	biolink:gene_associated_with_condition	1
0.96944773	HGNC:6186	MONDO:0009475	biolink:causes	1
0.78549063	HGNC:14202	MONDO:0030366	biolink:causes	1
0.7105635	HGNC:29300	MONDO:0014492	biolink:causes	1
0.6657549	HGNC:29300	MONDO:0033280	biolink:causes	1
0.8039283	HGNC:6217	MONDO:0009760	biolink:gene_associated_with_condition	1
0.9998883	HGNC:29068	MONDO:0014771	biolink:causes	1
0.98878956	HGNC:6222	MONDO:0032656	biolink:causes	1
0.98351234	HGNC:6235	MONDO:0011529	biolink:causes	1
0.99700564	HGNC:6251	MONDO:0020745	biolink:causes	1
0.63568455	HGNC:39080	MONDO:0013193	biolink:contributes_to	1
0.9254196	HGNC:19698	MONDO:0008377	biolink:causes	1
0.7701966	HGNC:1337	MONDO:0858999	biolink:gene_associated_with_condition	1
0.98322785	HGNC:29012	MONDO:0032790	biolink:causes	1
0.9317414	HGNC:22219	MONDO:0016692	biolink:gene_associated_with_condition	1
0.92338526	HGNC:22219	MONDO:0008377	biolink:causes	1
0.7893302	HGNC:6323	MONDO:0017940	biolink:gene_associated_with_condition	1
0.63066816	HGNC:19181	MONDO:0014552	biolink:gene_associated_with_condition	1
0.40467787	HGNC:19349	MONDO:0100101	biolink:gene_associated_with_condition	1
0.7898066	HGNC:6342	MONDO:0015555	biolink:gene_associated_with_condition	1
0.8944035	HGNC:6342	MONDO:0015557	biolink:gene_associated_with_condition	1
0.956426	HGNC:6342	MONDO:0020320	biolink:gene_associated_with_condition	1
0.9939129	HGNC:6344	MONDO:0060715	biolink:causes	1
0.86244833	HGNC:20716	MONDO:0012297	biolink:causes	1
0.86244833	HGNC:20716	MONDO:0012297	biolink:gene_associated_with_condition	1
0.9969777	HGNC:13672	MONDO:0012774	biolink:causes	1
0.7138032	HGNC:21839	MONDO:0957220	biolink:causes	1
0.93989867	HGNC:6440	MONDO:0032904	biolink:causes	1
0.5394759	HGNC:6423	MONDO:0014622	biolink:gene_associated_with_condition	1
0.43551338	HGNC:6423	MONDO:0007758	biolink:gene_associated_with_condition	1
0.95632845	HGNC:28929	MONDO:0020717	biolink:causes	1
0.98584336	HGNC:6469	MONDO:0014343	biolink:causes	1
0.9910698	HGNC:6470	MONDO:0010569	biolink:causes	1
0.9910698	HGNC:6470	MONDO:0010569	biolink:gene_associated_with_condition	1
0.99414474	HGNC:26058	MONDO:0033006	biolink:causes	1
0.97421986	HGNC:6483	MONDO:0009513	biolink:gene_associated_with_condition	1
0.9455964	HGNC:6483	MONDO:0030746	biolink:causes	1
0.93403214	HGNC:6490	MONDO:0009182	biolink:causes	1
0.8766091	HGNC:6501	MONDO:0020745	biolink:causes	1
0.89708155	HGNC:6501	MONDO:0010281	biolink:causes	1
0.70540696	HGNC:25726	MONDO:0018450	biolink:gene_associated_with_condition	1
0.8280841	HGNC:25726	MONDO:0010665	biolink:gene_associated_with_condition	1
0.80475336	HGNC:31923	MONDO:0011473	biolink:causes	1
0.97270995	HGNC:31923	MONDO:0008377	biolink:causes	1
0.99566394	HGNC:6530	MONDO:0009115	biolink:causes	1
0.97796553	HGNC:3122	MONDO:0008542	biolink:causes	1
0.999015	HGNC:21244	MONDO:0859147	biolink:gene_associated_with_condition	1
0.8304305	HGNC:6553	MONDO:0013991	biolink:causes	1
0.993276	HGNC:6572	MONDO:0700090	biolink:causes	1
0.99996996	HGNC:6584	MONDO:0009223	biolink:gene_associated_with_condition	1
0.92678416	HGNC:21734	MONDO:0019828	biolink:gene_associated_with_condition	1
0.9684821	HGNC:6619	MONDO:0013533	biolink:gene_associated_with_condition	1
0.9999858	HGNC:23038	MONDO:0010183	biolink:gene_associated_with_condition	1
0.5838257	HGNC:14154	MONDO:0009527	biolink:causes	1
0.7920436	HGNC:6638	MONDO:0014685	biolink:gene_associated_with_condition	1
0.87301016	HGNC:21610	MONDO:0060761	biolink:causes	1
0.99587643	HGNC:26521	MONDO:0013119	biolink:causes	1
0.9741675	HGNC:6697	MONDO:0015800	biolink:gene_associated_with_condition	1
0.8445095	HGNC:30860	MONDO:0030361	biolink:causes	1
0.9722014	HGNC:6709	MONDO:0012039	biolink:contributes_to	1
0.9986072	HGNC:6716	MONDO:0007363	biolink:causes	1
0.85884565	HGNC:6735	MONDO:0957271	biolink:causes	1
0.9981945	HGNC:1968	MONDO:0008963	biolink:causes	1
0.9860386	HGNC:13664	MONDO:0032677	biolink:causes	1
0.9669854	HGNC:28880	MONDO:0010455	biolink:causes	1
0.5910763	HGNC:28880	MONDO:0026729	biolink:causes	1
0.9354322	HGNC:6816	MONDO:0008377	biolink:causes	1
0.999027	HGNC:6823	MONDO:0013624	biolink:causes	1
0.9688996	HGNC:469	MONDO:0014305	biolink:gene_associated_with_condition	1
0.8583138	HGNC:494	MONDO:0014210	biolink:gene_associated_with_condition	1
0.95320576	HGNC:494	MONDO:0020745	biolink:causes	1
0.7980509	HGNC:15819	MONDO:0008542	biolink:causes	1
0.96306765	HGNC:21316	MONDO:0016838	biolink:gene_associated_with_condition	1
0.9906108	HGNC:27337	MONDO:0013222	biolink:gene_associated_with_condition	1
0.9583975	HGNC:27337	MONDO:0016103	biolink:gene_associated_with_condition	1
0.9922316	HGNC:27337	MONDO:0012652	biolink:causes	1
0.9922316	HGNC:27337	MONDO:0012652	biolink:gene_associated_with_condition	1
0.9954218	HGNC:27337	MONDO:0014343	biolink:causes	1
0.85639626	HGNC:560	MONDO:0019428	biolink:gene_associated_with_condition	1
0.6131377	HGNC:14103	MONDO:0011998	biolink:gene_associated_with_condition	1
0.9999374	HGNC:23045	MONDO:0032748	biolink:causes	1
0.99999857	HGNC:20730	MONDO:0033308	biolink:causes	1
0.9921069	HGNC:18060	MONDO:0010317	biolink:causes	1
0.2352726	HGNC:738	MONDO:0020493	biolink:gene_associated_with_condition	1
0.9860358	HGNC:23805	MONDO:0014963	biolink:gene_associated_with_condition	1
0.43971202	HGNC:24007	MONDO:0032933	biolink:gene_associated_with_condition	1
0.9991999	HGNC:779	MONDO:0011025	biolink:causes	1
0.8920515	HGNC:24526	MONDO:0014286	biolink:causes	1
0.9408772	HGNC:800	MONDO:0859204	biolink:causes	1
0.9548092	HGNC:6842	MONDO:0007922	biolink:causes	1
0.9033347	HGNC:6859	MONDO:0008005	biolink:causes	1
0.9272357	HGNC:6871	MONDO:0033669	biolink:causes	1
0.9728578	HGNC:15455	MONDO:0009804	biolink:gene_associated_with_condition	1
0.99257565	HGNC:15455	MONDO:0014343	biolink:causes	1
0.98050493	HGNC:15455	MONDO:0010486	biolink:causes	1
0.99863064	HGNC:40050	MONDO:0032872	biolink:causes	1
0.58332866	HGNC:6949	MONDO:0006065	biolink:causes	1
0.99686205	HGNC:13356	MONDO:0009653	biolink:causes	1
0.9982255	HGNC:28870	MONDO:0031043	biolink:causes	1
0.9348337	HGNC:6970	MONDO:0030072	biolink:causes	1
0.99993825	HGNC:29634	MONDO:0013731	biolink:causes	1
0.9554274	HGNC:7001	MONDO:0014822	biolink:gene_associated_with_condition	1
0.9722713	HGNC:16877	MONDO:0012231	biolink:gene_associated_with_condition	1
0.44520852	HGNC:16877	MONDO:0019549	biolink:gene_associated_with_condition	1
0.90082717	HGNC:16877	MONDO:0010877	biolink:gene_associated_with_condition	1
0.9748948	HGNC:16877	MONDO:0011002	biolink:causes	1
0.99616843	HGNC:16205	MONDO:0014039	biolink:causes	1
0.87763417	HGNC:7103	MONDO:0020378	biolink:gene_associated_with_condition	1
0.6044477	HGNC:7105	MONDO:0007077	biolink:causes	1
0.6044477	HGNC:7105	MONDO:0007077	biolink:gene_associated_with_condition	1
0.9342274	HGNC:17082	MONDO:0024555	biolink:causes	1
0.9457809	HGNC:16063	MONDO:0020512	biolink:gene_associated_with_condition	1
0.114537306	HGNC:7171	MONDO:0011929	biolink:gene_associated_with_condition	1
0.97184813	HGNC:7526	MONDO:0017360	biolink:gene_associated_with_condition	1
0.9966529	HGNC:4979	MONDO:0014343	biolink:causes	1
0.94889504	HGNC:24862	MONDO:0011629	biolink:causes	1
0.7202439	HGNC:7208	MONDO:0017116	biolink:gene_associated_with_condition	1
0.9850618	HGNC:7392	MONDO:0011481	biolink:gene_associated_with_condition	1
0.9986638	HGNC:7490	MONDO:0010790	biolink:gene_associated_with_condition	1
0.9601986	HGNC:26784	MONDO:0014020	biolink:causes	1
0.9601986	HGNC:26784	MONDO:0014020	biolink:gene_associated_with_condition	1
0.40127555	HGNC:7559	MONDO:0958279	biolink:causes	1
0.9749097	HGNC:7569	MONDO:0100354	biolink:gene_associated_with_condition	1
0.97960234	HGNC:7569	MONDO:0024559	biolink:gene_associated_with_condition	1
0.9954418	HGNC:7569	MONDO:0025708	biolink:causes	1
0.77016234	HGNC:7590	MONDO:0013418	biolink:causes	1
0.8161328	HGNC:7599	MONDO:0013589	biolink:causes	1
0.7894422	HGNC:7601	MONDO:0011774	biolink:causes	1
0.9974497	HGNC:17996	MONDO:0009377	biolink:causes	1
0.9974497	HGNC:17996	MONDO:0009377	biolink:gene_associated_with_condition	1
0.9806402	HGNC:7652	MONDO:0009623	biolink:gene_associated_with_condition	1
0.98626107	HGNC:7720	MONDO:0030281	biolink:causes	1
0.9944167	HGNC:7744	MONDO:0009642	biolink:gene_associated_with_condition	1
0.8272958	HGNC:7744	MONDO:0054750	biolink:contributes_to	1
0.9832118	HGNC:18591	MONDO:0014343	biolink:causes	1
0.45758063	HGNC:12768	MONDO:0008684	biolink:gene_associated_with_condition	1
0.6953605	HGNC:10663	MONDO:0030849	biolink:causes	1
0.99506605	HGNC:7788	MONDO:0013885	biolink:gene_associated_with_condition	1
0.8402967	HGNC:7795	MONDO:0017407	biolink:gene_associated_with_condition	1
0.63869536	HGNC:25737	MONDO:0012650	biolink:gene_associated_with_condition	1
0.5138686	HGNC:21269	MONDO:0957231	biolink:causes	1
0.9773252	HGNC:7853	MONDO:0031054	biolink:causes	1
0.92848957	HGNC:7871	MONDO:0010501	biolink:gene_associated_with_condition	1
0.7024301	HGNC:15911	MONDO:0013594	biolink:gene_associated_with_condition	1
0.99923134	HGNC:7883	MONDO:0007537	biolink:causes	1
0.91990894	HGNC:7883	MONDO:0014122	biolink:causes	1
0.9668592	HGNC:7883	MONDO:0000914	biolink:gene_associated_with_condition	1
0.7112821	HGNC:7910	MONDO:0020320	biolink:gene_associated_with_condition	1
0.079722255	HGNC:7910	MONDO:0012883	biolink:gene_associated_with_condition	1
0.45637292	HGNC:7910	MONDO:0017598	biolink:gene_associated_with_condition	1
0.99874395	HGNC:7944	MONDO:0008818	biolink:causes	1
0.9890421	HGNC:7944	MONDO:0011275	biolink:causes	1
0.9694139	HGNC:7944	MONDO:0014551	biolink:causes	1
0.9754631	HGNC:7944	MONDO:0014401	biolink:causes	1
0.9524449	HGNC:7974	MONDO:0100289	biolink:gene_associated_with_condition	1
0.9918684	HGNC:13398	MONDO:0010441	biolink:causes	1
0.9918684	HGNC:13398	MONDO:0010441	biolink:gene_associated_with_condition	1
0.9994136	HGNC:7677	MONDO:0014984	biolink:causes	1
0.9618389	HGNC:8029	MONDO:0008002	biolink:causes	1
0.54586416	HGNC:8031	MONDO:0007958	biolink:causes	1
0.8454512	HGNC:29929	MONDO:0032583	biolink:causes	1
0.62246865	HGNC:18016	MONDO:0032581	biolink:causes	1
0.8772942	HGNC:8125	MONDO:0018492	biolink:gene_associated_with_condition	1
0.8595775	HGNC:9936	MONDO:0010446	biolink:gene_associated_with_condition	1
0.9928818	HGNC:25896	MONDO:0013007	biolink:causes	1
0.99228984	HGNC:25896	MONDO:0014383	biolink:causes	1
0.88895917	HGNC:8565	MONDO:0958176	biolink:causes	1
0.9996767	HGNC:8592	MONDO:0010361	biolink:causes	1
0.9978276	HGNC:29679	MONDO:0013223	biolink:causes	1
0.98578876	HGNC:8604	MONDO:0014343	biolink:causes	1
0.9803294	HGNC:8604	MONDO:0019666	biolink:gene_associated_with_condition	1
0.9139594	HGNC:8618	MONDO:0100180	biolink:contributes_to	1
0.9910192	HGNC:8632	MONDO:0060549	biolink:gene_associated_with_condition	1
0.8643986	HGNC:8632	MONDO:0600030	biolink:gene_associated_with_condition	1
0.99971694	HGNC:8657	MONDO:0009625	biolink:causes	1
0.9993148	HGNC:14270	MONDO:0010246	biolink:gene_associated_with_condition	1
0.99856275	HGNC:8717	MONDO:0859252	biolink:causes	1
0.9966329	HGNC:8756	MONDO:0032906	biolink:causes	1
0.9966329	HGNC:8756	MONDO:0032906	biolink:gene_associated_with_condition	1
0.99142283	HGNC:8786	MONDO:0008377	biolink:causes	1
0.9923856	HGNC:8789	MONDO:0013315	biolink:causes	1
0.6235616	HGNC:8850	MONDO:0100229	biolink:gene_associated_with_condition	1
0.9954787	HGNC:8860	MONDO:0008972	biolink:gene_associated_with_condition	1
0.9821899	HGNC:8923	MONDO:0009736	biolink:gene_associated_with_condition	1
0.99704105	HGNC:8940	MONDO:0009958	biolink:causes	1
0.9226723	HGNC:8940	MONDO:0008377	biolink:causes	1
0.66656864	HGNC:15514	MONDO:0020512	biolink:gene_associated_with_condition	1
0.9968352	HGNC:28993	MONDO:0007922	biolink:causes	1
0.9888932	HGNC:28993	MONDO:0008689	biolink:causes	1
0.99897385	HGNC:28993	MONDO:0014797	biolink:causes	1
0.99897385	HGNC:28993	MONDO:0014797	biolink:gene_associated_with_condition	1
0.9995951	HGNC:26270	MONDO:0007158	biolink:causes	1
0.9995951	HGNC:26270	MONDO:0007158	biolink:gene_associated_with_condition	1
0.9999989	HGNC:8959	MONDO:0032822	biolink:causes	1
0.98865837	HGNC:8965	MONDO:0030037	biolink:causes	1
0.9998505	HGNC:15791	MONDO:0032824	biolink:causes	1
0.7887034	HGNC:8975	MONDO:0013125	biolink:causes	1
0.7887034	HGNC:8975	MONDO:0013125	biolink:gene_associated_with_condition	1
0.88308674	HGNC:8975	MONDO:0020492	biolink:gene_associated_with_condition	1
0.584656	HGNC:8975	MONDO:0017177	biolink:gene_associated_with_condition	1
0.88224965	HGNC:8975	MONDO:0013038	biolink:gene_associated_with_condition	1
0.8068398	HGNC:9023	MONDO:0011472	biolink:causes	1
0.99741507	HGNC:9039	MONDO:0024457	biolink:causes	1
0.99741507	HGNC:9039	MONDO:0024457	biolink:gene_associated_with_condition	1
0.99649787	HGNC:9039	MONDO:0012444	biolink:causes	1
0.99855095	HGNC:9039	MONDO:0013060	biolink:causes	1
0.99855095	HGNC:9039	MONDO:0013060	biolink:gene_associated_with_condition	1
0.99983335	HGNC:9043	MONDO:0060502	biolink:gene_associated_with_condition	1
0.69157	HGNC:9052	MONDO:0011136	biolink:gene_associated_with_condition	1
0.8024095	HGNC:9069	MONDO:0013390	biolink:gene_associated_with_condition	1
0.82518315	HGNC:9069	MONDO:0014661	biolink:causes	1
0.9910711	HGNC:29515	MONDO:0014766	biolink:causes	1
0.99474406	HGNC:9081	MONDO:0016002	biolink:causes	1
0.9870554	HGNC:9081	MONDO:0007363	biolink:causes	1
0.9799009	HGNC:22954	MONDO:0014977	biolink:causes	1
0.9997925	HGNC:18801	MONDO:0014606	biolink:causes	1
0.59419376	HGNC:9175	MONDO:0012953	biolink:contributes_to	1
0.8220992	HGNC:9175	MONDO:0970994	biolink:causes	1
0.9296243	HGNC:9175	MONDO:0014157	biolink:gene_associated_with_condition	1
0.9773111	HGNC:9179	MONDO:0013350	biolink:causes	1
0.9163418	HGNC:9181	MONDO:0010214	biolink:causes	1
0.96230996	HGNC:20422	MONDO:0014343	biolink:causes	1
0.92864716	HGNC:20422	MONDO:0013385	biolink:causes	1
0.8334131	HGNC:30348	MONDO:0019505	biolink:gene_associated_with_condition	1
0.9999932	HGNC:9202	MONDO:0009364	biolink:causes	1
0.99880743	HGNC:9202	MONDO:0018277	biolink:gene_associated_with_condition	1
0.9475668	HGNC:9210	MONDO:0008250	biolink:gene_associated_with_condition	1
0.99722314	HGNC:9210	MONDO:0014343	biolink:causes	1
0.9835622	HGNC:25686	MONDO:0032592	biolink:causes	1
0.94744694	HGNC:9282	MONDO:0014343	biolink:causes	1
0.9867822	HGNC:30595	MONDO:0014343	biolink:causes	1
0.9993418	HGNC:13993	MONDO:0014717	biolink:gene_associated_with_condition	1
0.42152372	HGNC:17019	MONDO:0012904	biolink:causes	1
0.7901996	HGNC:9382	MONDO:0014518	biolink:causes	1
0.99358094	HGNC:9390	MONDO:0859214	biolink:causes	1
0.97452843	HGNC:9451	MONDO:0008316	biolink:causes	1
0.8878591	HGNC:17340	MONDO:0008377	biolink:causes	1
0.65473276	HGNC:17340	MONDO:0010806	biolink:causes	1
0.9953489	HGNC:9942	MONDO:0008210	biolink:causes	1
0.88169914	HGNC:9942	MONDO:0020382	biolink:gene_associated_with_condition	1
0.99180835	HGNC:19129	MONDO:0014466	biolink:causes	1
0.99180835	HGNC:19129	MONDO:0014466	biolink:gene_associated_with_condition	1
0.9925881	HGNC:19129	MONDO:0012596	biolink:causes	1
0.9925881	HGNC:19129	MONDO:0012596	biolink:gene_associated_with_condition	1
0.23933852	HGNC:9508	MONDO:0013398	biolink:causes	1
0.6680444	HGNC:9588	MONDO:0044638	biolink:gene_associated_with_condition	1
0.63654745	HGNC:9588	MONDO:0011789	biolink:contributes_to	1
0.8068888	HGNC:9588	MONDO:0012041	biolink:causes	1
0.7851622	HGNC:9588	MONDO:0021427	biolink:gene_associated_with_condition	1
0.99065137	HGNC:23734	MONDO:0014406	biolink:causes	1
0.5403312	HGNC:9701	MONDO:0017811	biolink:gene_associated_with_condition	1
0.99065346	HGNC:15508	MONDO:0024553	biolink:causes	1
0.8459584	HGNC:816	MONDO:0010404	biolink:gene_associated_with_condition	1
0.9976687	HGNC:868	MONDO:0010504	biolink:causes	1
0.9945339	HGNC:851	MONDO:0027451	biolink:causes	1
0.99033886	HGNC:18481	MONDO:0009054	biolink:gene_associated_with_condition	1
0.96831495	HGNC:13552	MONDO:0030724	biolink:causes	1
0.73894966	HGNC:13552	MONDO:0800029	biolink:gene_associated_with_condition	1
0.9999994	HGNC:32925	MONDO:0012116	biolink:gene_associated_with_condition	1
0.8066591	HGNC:987	MONDO:0017051	biolink:gene_associated_with_condition	1
0.90704745	HGNC:987	MONDO:0017053	biolink:gene_associated_with_condition	1
0.93893975	HGNC:1020	MONDO:0009872	biolink:gene_associated_with_condition	1
0.94914716	HGNC:17208	MONDO:0014121	biolink:gene_associated_with_condition	1
0.9999999	HGNC:4332	MONDO:0025699	biolink:causes	1
0.9962017	HGNC:1067	MONDO:0012892	biolink:causes	1
0.26866135	HGNC:37247	MONDO:0975837	biolink:causes	1
0.91074103	HGNC:1093	MONDO:0016598	biolink:gene_associated_with_condition	1
0.8872232	HGNC:1093	MONDO:0009113	biolink:causes	1
0.99344105	HGNC:26019	MONDO:0013561	biolink:causes	1
0.9202606	HGNC:1097	MONDO:0016692	biolink:gene_associated_with_condition	1
0.9857415	HGNC:1097	MONDO:0007922	biolink:causes	1
1.0	HGNC:1100	MONDO:0011450	biolink:contributes_to	1
0.8220704	HGNC:1100	MONDO:0013685	biolink:contributes_to	1
0.473695	HGNC:14255	MONDO:0018564	biolink:gene_associated_with_condition	1
0.9998822	HGNC:16512	MONDO:0011242	biolink:causes	1
0.98656917	HGNC:1245	MONDO:0958188	biolink:causes	1
0.9576736	HGNC:9768	MONDO:0008377	biolink:causes	1
0.8450548	HGNC:9801	MONDO:0007922	biolink:causes	1
0.9847259	HGNC:9831	MONDO:0009306	biolink:causes	1
0.9996024	HGNC:17770	MONDO:0032921	biolink:causes	1
0.9127083	HGNC:16854	MONDO:0054847	biolink:causes	1
0.99948967	HGNC:9863	MONDO:0100102	biolink:causes	1
0.999627	HGNC:18286	MONDO:0012483	biolink:causes	1
0.89453846	HGNC:14959	MONDO:0018436	biolink:gene_associated_with_condition	1
0.9690513	HGNC:9912	MONDO:0010767	biolink:causes	1
0.9908013	HGNC:9922	MONDO:0014060	biolink:gene_associated_with_condition	1
0.9639307	HGNC:9922	MONDO:0014635	biolink:causes	1
0.19301365	HGNC:9955	MONDO:0035694	biolink:gene_associated_with_condition	1
0.76283026	HGNC:9955	MONDO:0033980	biolink:gene_associated_with_condition	1
0.3058218	HGNC:9955	MONDO:0032659	biolink:causes	1
0.9843837	HGNC:15578	MONDO:0054763	biolink:causes	1
0.97470236	HGNC:10004	MONDO:0958180	biolink:causes	1
0.9999535	HGNC:13429	MONDO:0010506	biolink:causes	1
0.89657426	HGNC:21176	MONDO:0009300	biolink:gene_associated_with_condition	1
0.6354473	HGNC:12974	MONDO:0010495	biolink:causes	1
0.4799942	HGNC:14539	MONDO:0011784	biolink:contributes_to	1
0.2677803	HGNC:10074	MONDO:0957561	biolink:contributes_to	1
0.9998691	HGNC:19380	MONDO:0859360	biolink:causes	1
0.9836488	HGNC:17985	MONDO:0032783	biolink:causes	1
0.3678946	HGNC:10289	MONDO:0030690	biolink:causes	1
0.9727769	HGNC:10294	MONDO:0008377	biolink:causes	1
0.98861736	HGNC:10294	MONDO:0008765	biolink:causes	1
0.97416764	HGNC:10295	MONDO:0010443	biolink:causes	1
0.9679501	HGNC:10295	MONDO:0010227	biolink:causes	1
0.922271	HGNC:10298	MONDO:0014343	biolink:causes	1
0.6846734	HGNC:10303	MONDO:0018254	biolink:gene_associated_with_condition	1
0.52844745	HGNC:10345	MONDO:0012925	biolink:causes	1
0.7217949	HGNC:10411	MONDO:0012529	biolink:causes	1
0.7966014	HGNC:19903	MONDO:0859328	biolink:causes	1
0.3847004	HGNC:19903	MONDO:0019130	biolink:gene_associated_with_condition	1
0.98066574	HGNC:10471	MONDO:0100083	biolink:causes	1
0.7498196	HGNC:15925	MONDO:0013059	biolink:causes	1
0.6921736	HGNC:15925	MONDO:0013739	biolink:causes	1
0.60662794	HGNC:25403	MONDO:0014623	biolink:causes	1
0.6641237	HGNC:19440	MONDO:0012197	biolink:gene_associated_with_condition	1
0.99894327	HGNC:10547	MONDO:0011816	biolink:causes	1
0.99894327	HGNC:10547	MONDO:0011816	biolink:gene_associated_with_condition	1
0.999995	HGNC:19869	MONDO:0010959	biolink:gene_associated_with_condition	1
0.98949873	HGNC:10586	MONDO:0014155	biolink:causes	1
0.93204653	HGNC:10583	MONDO:0014244	biolink:gene_associated_with_condition	1
0.867507	HGNC:10583	MONDO:0017629	biolink:gene_associated_with_condition	1
0.61708695	HGNC:33867	MONDO:0100294	biolink:gene_associated_with_condition	1
0.9147585	HGNC:10683	MONDO:0011740	biolink:causes	1
0.9147585	HGNC:10683	MONDO:0011740	biolink:gene_associated_with_condition	1
0.99973685	HGNC:30301	MONDO:0012892	biolink:causes	1
0.9977192	HGNC:10706	MONDO:0009820	biolink:causes	1
0.990558	HGNC:10706	MONDO:0014573	biolink:causes	1
0.9943183	HGNC:10727	MONDO:0007794	biolink:causes	1
0.97325176	HGNC:10802	MONDO:0024465	biolink:causes	1
0.9936358	HGNC:10818	MONDO:0014343	biolink:causes	1
0.38297358	HGNC:14294	MONDO:0971069	biolink:gene_associated_with_condition	1
0.9995704	HGNC:15454	MONDO:0054637	biolink:causes	1
0.999553	HGNC:29165	MONDO:0032571	biolink:causes	1
0.972725	HGNC:10887	MONDO:0011519	biolink:causes	1
0.98700655	HGNC:10906	MONDO:0013214	biolink:causes	1
0.93471915	HGNC:10908	MONDO:0008787	biolink:gene_associated_with_condition	1
0.9999434	HGNC:10914	MONDO:0000902	biolink:causes	1
0.9648091	HGNC:23094	MONDO:0012786	biolink:causes	1
0.98811483	HGNC:10937	MONDO:0957955	biolink:causes	1
0.99879116	HGNC:10994	MONDO:0009107	biolink:causes	1
0.9896964	HGNC:10994	MONDO:0007740	biolink:causes	1
0.6928457	HGNC:14468	MONDO:0017173	biolink:gene_associated_with_condition	1
0.51517683	HGNC:10998	MONDO:0012089	biolink:gene_associated_with_condition	1
0.92303944	HGNC:13941	MONDO:0033259	biolink:causes	1
0.9956827	HGNC:16187	MONDO:0100428	biolink:causes	1
0.99507433	HGNC:19046	MONDO:0014343	biolink:causes	1
0.98903346	HGNC:11100	MONDO:0014343	biolink:causes	1
0.9529137	HGNC:11100	MONDO:0013821	biolink:causes	1
0.47180957	HGNC:11100	MONDO:0018761	biolink:gene_associated_with_condition	1
0.95487845	HGNC:11119	MONDO:0011556	biolink:causes	1
0.19604826	HGNC:11138	MONDO:0007488	biolink:causes	1
0.9739319	HGNC:1246	MONDO:0013743	biolink:gene_associated_with_condition	1
0.9999925	HGNC:26799	MONDO:0030378	biolink:causes	1
0.9867099	HGNC:1331	MONDO:0012295	biolink:causes	1
0.99260896	HGNC:1393	MONDO:0010335	biolink:causes	1
0.9678313	HGNC:1393	MONDO:0008377	biolink:causes	1
0.7626123	HGNC:1424	MONDO:0014647	biolink:gene_associated_with_condition	1
0.8559534	HGNC:1449	MONDO:0020745	biolink:causes	1
0.29993105	HGNC:1449	MONDO:0032915	biolink:causes	1
0.9964334	HGNC:1461	MONDO:0030920	biolink:causes	1
0.835098	HGNC:26276	MONDO:0016539	biolink:gene_associated_with_condition	1
0.640038	HGNC:26276	MONDO:0018245	biolink:gene_associated_with_condition	1
0.96680886	HGNC:1481	MONDO:0958334	biolink:causes	1
0.9998721	HGNC:27089	MONDO:0029134	biolink:causes	1
0.9998721	HGNC:27089	MONDO:0029134	biolink:gene_associated_with_condition	1
0.992591	HGNC:1497	MONDO:0010417	biolink:gene_associated_with_condition	1
0.9803756	HGNC:1515	MONDO:0014574	biolink:causes	1
0.9907725	HGNC:18810	MONDO:0012621	biolink:gene_associated_with_condition	1
0.9310997	HGNC:1529	MONDO:0013686	biolink:causes	1
0.97815156	HGNC:1529	MONDO:0019947	biolink:causes	1
0.97815156	HGNC:1529	MONDO:0019947	biolink:gene_associated_with_condition	1
0.9831287	HGNC:1542	MONDO:0957388	biolink:causes	1
0.5214659	HGNC:19967	MONDO:0017117	biolink:gene_associated_with_condition	1
0.8786479	HGNC:19967	MONDO:0009360	biolink:causes	1
0.9915195	HGNC:29296	MONDO:0971002	biolink:causes	1
0.9999474	HGNC:14977	MONDO:0014601	biolink:causes	1
0.08744817	HGNC:11179	MONDO:0007103	biolink:causes	1
0.97655416	HGNC:11184	MONDO:0030055	biolink:causes	1
0.95557946	HGNC:11199	MONDO:0019032	biolink:gene_associated_with_condition	1
0.98469675	HGNC:20423	MONDO:0009549	biolink:gene_associated_with_condition	1
0.98304486	HGNC:11254	MONDO:0032942	biolink:causes	1
0.831826	HGNC:11281	MONDO:0007794	biolink:causes	1
0.87581915	HGNC:11301	MONDO:0032899	biolink:causes	1
0.87581915	HGNC:11301	MONDO:0032899	biolink:gene_associated_with_condition	1
0.97074	HGNC:11301	MONDO:0044204	biolink:causes	1
0.9925747	HGNC:18628	MONDO:0958237	biolink:causes	1
0.9993401	HGNC:28423	MONDO:0009722	biolink:causes	1
0.8166217	HGNC:11362	MONDO:0013427	biolink:gene_associated_with_condition	1
0.886366	HGNC:10879	MONDO:0012989	biolink:causes	1
0.8356717	HGNC:11389	MONDO:0012041	biolink:causes	1
0.11964506	HGNC:11389	MONDO:0008280	biolink:causes	1
0.9861871	HGNC:17209	MONDO:0030332	biolink:causes	1
0.8615189	HGNC:11444	MONDO:0012812	biolink:gene_associated_with_condition	1
0.9130615	HGNC:11474	MONDO:0014733	biolink:gene_associated_with_condition	1
0.5101451	HGNC:17101	MONDO:0032916	biolink:gene_associated_with_condition	1
0.8042963	HGNC:28852	MONDO:0014844	biolink:causes	1
0.9267824	HGNC:18130	MONDO:0018393	biolink:gene_associated_with_condition	1
0.9657764	HGNC:11510	MONDO:0014468	biolink:causes	1
0.92467487	HGNC:11522	MONDO:0016682	biolink:gene_associated_with_condition	1
0.98341954	HGNC:24316	MONDO:0700250	biolink:causes	1
0.5480012	HGNC:11584	MONDO:0012521	biolink:gene_associated_with_condition	1
0.8013459	HGNC:11584	MONDO:0014641	biolink:causes	1
0.9821483	HGNC:11592	MONDO:0008542	biolink:gene_associated_with_condition	1
0.99356407	HGNC:11600	MONDO:0010554	biolink:causes	1
0.9671805	HGNC:11609	MONDO:0009274	biolink:causes	1
0.9151269	HGNC:24519	MONDO:0013896	biolink:causes	1
0.99960464	HGNC:27365	MONDO:0013529	biolink:causes	1
0.9999882	HGNC:28313	MONDO:0032922	biolink:causes	1
0.82463217	HGNC:11741	MONDO:0014943	biolink:causes	1
0.99079144	HGNC:11764	MONDO:0010135	biolink:causes	1
0.9054093	HGNC:11764	MONDO:0011982	biolink:contributes_to	1
0.11723639	HGNC:11766	MONDO:0009061	biolink:contributes_to	1
0.7858241	HGNC:11766	MONDO:0032601	biolink:causes	1
0.9869827	HGNC:11772	MONDO:0008426	biolink:causes	1
0.9792044	HGNC:11772	MONDO:0008818	biolink:causes	1
0.9874106	HGNC:17192	MONDO:0013723	biolink:contributes_to	1
0.2353978	HGNC:18021	MONDO:0100045	biolink:contributes_to	1
0.9999987	HGNC:26186	MONDO:0859226	biolink:causes	1
0.98608345	HGNC:28396	MONDO:0012539	biolink:causes	1
0.98169506	HGNC:28396	MONDO:0011202	biolink:gene_associated_with_condition	1
0.9927636	HGNC:28396	MONDO:0014343	biolink:causes	1
0.98013765	HGNC:28396	MONDO:0008377	biolink:causes	1
0.99917287	HGNC:28128	MONDO:0033045	biolink:causes	1
0.9999889	HGNC:20185	MONDO:0044321	biolink:gene_associated_with_condition	1
0.1672297	HGNC:11917	MONDO:0017844	biolink:gene_associated_with_condition	1
0.9200637	HGNC:11905	MONDO:0044638	biolink:gene_associated_with_condition	1
0.99042773	HGNC:11908	MONDO:0008275	biolink:gene_associated_with_condition	1
0.9958645	HGNC:11908	MONDO:0014343	biolink:causes	1
0.9903258	HGNC:11908	MONDO:0009394	biolink:gene_associated_with_condition	1
0.9991352	HGNC:11908	MONDO:0012859	biolink:causes	1
0.9991352	HGNC:11908	MONDO:0012859	biolink:gene_associated_with_condition	1
0.9569212	HGNC:11934	MONDO:0012039	biolink:contributes_to	1
0.99957734	HGNC:11948	MONDO:0957284	biolink:causes	1
0.99559045	HGNC:11948	MONDO:0957281	biolink:causes	1
0.8835726	HGNC:29190	MONDO:0030995	biolink:causes	1
0.7111115	HGNC:11998	MONDO:0008734	biolink:contributes_to	1
0.5714487	HGNC:11998	MONDO:0015278	biolink:gene_associated_with_condition	1
0.7062685	HGNC:11998	MONDO:0016681	biolink:gene_associated_with_condition	1
0.26812634	HGNC:11998	MONDO:0009050	biolink:gene_associated_with_condition	1
0.7336019	HGNC:12009	MONDO:0014221	biolink:causes	1
0.9618267	HGNC:12011	MONDO:0007157	biolink:causes	1
0.99066484	HGNC:12299	MONDO:0032819	biolink:gene_associated_with_condition	1
0.98676795	HGNC:12306	MONDO:0030914	biolink:causes	1
0.9308175	HGNC:25980	MONDO:0032665	biolink:causes	1
0.9908922	HGNC:12340	MONDO:0019176	biolink:gene_associated_with_condition	1
0.9999397	HGNC:14006	MONDO:0032591	biolink:causes	1
0.9777933	HGNC:12363	MONDO:0007922	biolink:causes	1
0.8613495	HGNC:12373	MONDO:0012203	biolink:gene_associated_with_condition	1
0.7734772	HGNC:12373	MONDO:0019855	biolink:gene_associated_with_condition	1
0.99796885	HGNC:25660	MONDO:0014343	biolink:causes	1
0.99567336	HGNC:26262	MONDO:0014238	biolink:gene_associated_with_condition	1
0.9957644	HGNC:12406	MONDO:0014522	biolink:causes	1
0.83322203	HGNC:24071	MONDO:0054771	biolink:causes	1
0.773091	HGNC:30829	MONDO:0012399	biolink:gene_associated_with_condition	1
0.9948198	HGNC:18127	MONDO:0009624	biolink:causes	1
0.99580187	HGNC:12428	MONDO:0014343	biolink:causes	1
0.8006036	HGNC:12450	MONDO:0008747	biolink:gene_associated_with_condition	1
0.9687764	HGNC:12450	MONDO:0044276	biolink:causes	1
0.71771026	HGNC:12469	MONDO:0026777	biolink:gene_associated_with_condition	1
0.9952394	HGNC:12527	MONDO:0032895	biolink:causes	1
0.9281105	HGNC:30594	MONDO:0859164	biolink:causes	1
0.8591973	HGNC:20439	MONDO:0010655	biolink:gene_associated_with_condition	1
0.33025333	HGNC:12593	MONDO:0011237	biolink:contributes_to	1
0.93361735	HGNC:12597	MONDO:0010171	biolink:causes	1
0.7159931	HGNC:13485	MONDO:0017173	biolink:gene_associated_with_condition	1
0.83284724	HGNC:20080	MONDO:0008377	biolink:causes	1
0.8072477	HGNC:18533	MONDO:0859366	biolink:causes	1
0.32765695	HGNC:15512	MONDO:0020705	biolink:contributes_to	1
0.9784199	HGNC:12651	MONDO:0060621	biolink:causes	1
0.85543764	HGNC:14583	MONDO:0030486	biolink:causes	1
0.9467186	HGNC:2183	MONDO:0008377	biolink:causes	1
0.9993498	HGNC:23595	MONDO:0011811	biolink:gene_associated_with_condition	1
0.86706394	HGNC:24928	MONDO:0013962	biolink:causes	1
0.86706394	HGNC:24928	MONDO:0013962	biolink:gene_associated_with_condition	1
0.98179436	HGNC:12726	MONDO:0015631	biolink:gene_associated_with_condition	1
0.9107286	HGNC:12731	MONDO:0010294	biolink:gene_associated_with_condition	1
0.86515063	HGNC:12731	MONDO:0010743	biolink:causes	1
0.98594946	HGNC:12731	MONDO:0010518	biolink:gene_associated_with_condition	1
0.9682758	HGNC:16461	MONDO:0030987	biolink:causes	1
0.91847414	HGNC:13831	MONDO:0013926	biolink:causes	1
0.768767	HGNC:13831	MONDO:0019828	biolink:gene_associated_with_condition	1
0.9048551	HGNC:26600	MONDO:0054794	biolink:causes	1
0.52094924	HGNC:15939	MONDO:0975835	biolink:causes	1
0.96177727	HGNC:12781	MONDO:0032575	biolink:causes	1
0.9962662	HGNC:12784	MONDO:0024455	biolink:causes	1
0.9962186	HGNC:12786	MONDO:0009232	biolink:causes	1
0.9939475	HGNC:12776	MONDO:0009820	biolink:causes	1
0.96968085	HGNC:12796	MONDO:0007635	biolink:gene_associated_with_condition	1
0.7126383	HGNC:12810	MONDO:0026404	biolink:causes	1
0.9950276	HGNC:15516	MONDO:0018273	biolink:gene_associated_with_condition	1
0.9989936	HGNC:15516	MONDO:0012892	biolink:causes	1
0.49073637	HGNC:12851	MONDO:0005006	biolink:gene_associated_with_condition	1
0.4786535	HGNC:12851	MONDO:0016839	biolink:gene_associated_with_condition	1
0.5234892	HGNC:12852	MONDO:0033365	biolink:causes	1
0.97580975	HGNC:16740	MONDO:0032715	biolink:causes	1
0.9874626	HGNC:21143	MONDO:0013553	biolink:causes	1
0.9995621	HGNC:24931	MONDO:0010758	biolink:gene_associated_with_condition	1
0.996949	HGNC:14881	MONDO:0016856	biolink:gene_associated_with_condition	1
0.9868318	HGNC:16700	MONDO:0008542	biolink:causes	1
0.9798885	HGNC:16700	MONDO:0014480	biolink:causes	1
0.95526195	HGNC:12873	MONDO:0019758	biolink:gene_associated_with_condition	1
0.99876034	HGNC:19412	MONDO:0014192	biolink:causes	1
0.947997	HGNC:25843	MONDO:0012446	biolink:gene_associated_with_condition	1
0.9898017	HGNC:10610	MONDO:0004951	biolink:contributes_to	1
0.48217613	HGNC:1607	MONDO:0016356	biolink:gene_associated_with_condition	1
0.9348531	HGNC:1630	MONDO:0012190	biolink:gene_associated_with_condition	1
0.9967643	HGNC:1762	MONDO:0011107	biolink:causes	1
0.999982	HGNC:1750	MONDO:0008885	biolink:causes	1
0.69980633	HGNC:1777	MONDO:0014484	biolink:causes	1
0.8573336	HGNC:1802	MONDO:0007805	biolink:causes	1
0.8392966	HGNC:1848	MONDO:0012348	biolink:causes	1
0.9811147	HGNC:21638	MONDO:0032677	biolink:gene_associated_with_condition	1
0.9899428	HGNC:29021	MONDO:0008377	biolink:causes	1
0.9594172	HGNC:29021	MONDO:0012626	biolink:causes	1
0.9960061	HGNC:21699	MONDO:0008377	biolink:causes	1
0.99990976	HGNC:28188	MONDO:0054843	biolink:causes	1
0.8926146	HGNC:1037	MONDO:0014255	biolink:causes	1
0.9385974	HGNC:15559	MONDO:0014532	biolink:gene_associated_with_condition	1
0.56516236	HGNC:16171	MONDO:0011547	biolink:causes	1
0.9798537	HGNC:1952	MONDO:0007032	biolink:gene_associated_with_condition	1
0.99492717	HGNC:1971	MONDO:0014343	biolink:causes	1
0.99927324	HGNC:26877	MONDO:0010092	biolink:causes	1
0.99927324	HGNC:26877	MONDO:0010092	biolink:gene_associated_with_condition	1
0.7726247	HGNC:2019	MONDO:0100468	biolink:causes	1
0.9814549	HGNC:2019	MONDO:0009715	biolink:causes	1
0.99988866	HGNC:2022	MONDO:0010250	biolink:causes	1
0.99988866	HGNC:2022	MONDO:0010250	biolink:gene_associated_with_condition	1
0.926931	HGNC:2077	MONDO:0011144	biolink:causes	1
0.6164482	HGNC:2088	MONDO:0060729	biolink:causes	1
0.99369735	HGNC:7879	MONDO:0032864	biolink:causes	1
0.9999995	HGNC:13830	MONDO:0012400	biolink:gene_associated_with_condition	1
0.9661053	HGNC:13830	MONDO:0012801	biolink:contributes_to	1
0.9768282	HGNC:29932	MONDO:0014290	biolink:gene_associated_with_condition	1
0.9911123	HGNC:18619	MONDO:0957820	biolink:causes	1
0.9986646	HGNC:2206	MONDO:0008762	biolink:causes	1
0.9986646	HGNC:2206	MONDO:0008762	biolink:gene_associated_with_condition	1
0.9432348	HGNC:2212	MONDO:0009714	biolink:gene_associated_with_condition	1
0.99992466	HGNC:2219	MONDO:0007949	biolink:causes	1
0.9957487	HGNC:2219	MONDO:0007740	biolink:causes	1
0.99641365	HGNC:2219	MONDO:0010964	biolink:causes	1
0.999808	HGNC:2195	MONDO:0800167	biolink:causes	1
0.9938205	HGNC:19012	MONDO:0958241	biolink:causes	1
0.9965262	HGNC:25801	MONDO:0014343	biolink:causes	1
0.9736345	HGNC:2326	MONDO:0859250	biolink:causes	1
0.9501048	HGNC:18688	MONDO:0014539	biolink:causes	1
0.835252	HGNC:14630	MONDO:0035556	biolink:gene_associated_with_condition	1
0.9845803	HGNC:2379	MONDO:0009804	biolink:gene_associated_with_condition	1
0.9958572	HGNC:2379	MONDO:0014343	biolink:causes	1
0.9703977	HGNC:2379	MONDO:0008148	biolink:gene_associated_with_condition	1
0.9987531	HGNC:2379	MONDO:0012892	biolink:causes	1
0.94848907	HGNC:2395	MONDO:0007283	biolink:causes	1
0.96234995	HGNC:2411	MONDO:0020375	biolink:gene_associated_with_condition	1
0.88406086	HGNC:2411	MONDO:0018611	biolink:gene_associated_with_condition	1
0.8093506	HGNC:2411	MONDO:0011430	biolink:gene_associated_with_condition	1
0.7975233	HGNC:2418	MONDO:0014603	biolink:causes	1
0.8751541	HGNC:2472	MONDO:0012804	biolink:causes	1
0.9454893	HGNC:2478	MONDO:0032804	biolink:causes	1
0.9898996	HGNC:13723	MONDO:0014213	biolink:causes	1
0.6346209	HGNC:2509	MONDO:0012162	biolink:causes	1
0.71776664	HGNC:2514	MONDO:0014035	biolink:causes	1
0.24521749	HGNC:2514	MONDO:0007564	biolink:causes	1
0.24521749	HGNC:2514	MONDO:0007564	biolink:gene_associated_with_condition	1
0.46869072	HGNC:2514	MONDO:0008673	biolink:gene_associated_with_condition	1
0.8756745	HGNC:2514	MONDO:0016216	biolink:gene_associated_with_condition	1
0.20507966	HGNC:2514	MONDO:0018055	biolink:gene_associated_with_condition	1
0.9855601	HGNC:9251	MONDO:0009737	biolink:causes	1
0.58348835	HGNC:2553	MONDO:0013782	biolink:gene_associated_with_condition	1
0.9993839	HGNC:10664	MONDO:0009598	biolink:gene_associated_with_condition	1
0.9435703	HGNC:10664	MONDO:0008377	biolink:causes	1
0.8552473	HGNC:2873	MONDO:0009606	biolink:causes	1
0.81625193	HGNC:2578	MONDO:0010389	biolink:causes	1
0.9978108	HGNC:2578	MONDO:0010600	biolink:causes	1
0.93995726	HGNC:2621	MONDO:0012294	biolink:causes	1
0.905573	HGNC:2592	MONDO:0007080	biolink:gene_associated_with_condition	1
0.85770446	HGNC:2592	MONDO:0035320	biolink:gene_associated_with_condition	1
0.9618516	HGNC:2592	MONDO:0008751	biolink:causes	1
0.8658697	HGNC:2666	MONDO:0018280	biolink:gene_associated_with_condition	1
0.7697606	HGNC:2678	MONDO:0014115	biolink:gene_associated_with_condition	1
0.70904666	HGNC:24891	MONDO:0012411	biolink:causes	1
0.99969923	HGNC:25784	MONDO:0009419	biolink:causes	1
0.9986828	HGNC:18141	MONDO:0018816	biolink:gene_associated_with_condition	1
0.92156917	HGNC:18141	MONDO:0012442	biolink:causes	1
0.9561184	HGNC:19714	MONDO:0012256	biolink:gene_associated_with_condition	1
0.07854961	HGNC:18674	MONDO:0014809	biolink:gene_associated_with_condition	1
0.99997866	HGNC:2760	MONDO:0030457	biolink:causes	1
0.9444462	HGNC:2770	MONDO:0008407	biolink:causes	1
0.96480525	HGNC:23537	MONDO:0008774	biolink:causes	1
0.96480525	HGNC:23537	MONDO:0008774	biolink:gene_associated_with_condition	1
0.9335278	HGNC:23537	MONDO:0014012	biolink:causes	1
0.8506936	HGNC:17211	MONDO:0008377	biolink:causes	1
0.79744166	HGNC:17211	MONDO:0032604	biolink:causes	1
0.7771809	HGNC:2877	MONDO:0010350	biolink:causes	1
0.9951617	HGNC:28648	MONDO:0009965	biolink:causes	1
0.9951617	HGNC:28648	MONDO:0009965	biolink:gene_associated_with_condition	1
0.99954635	HGNC:2909	MONDO:0020692	biolink:causes	1
0.99999344	HGNC:2917	MONDO:0014772	biolink:causes	1
0.88470495	HGNC:2933	MONDO:0035648	biolink:gene_associated_with_condition	1
0.99947065	HGNC:2940	MONDO:0054615	biolink:causes	1
0.99750227	HGNC:2946	MONDO:0032845	biolink:causes	1
0.6145539	HGNC:14888	MONDO:0021018	biolink:causes	1
0.7350824	HGNC:2956	MONDO:0013743	biolink:gene_associated_with_condition	1
0.8678574	HGNC:2978	MONDO:0032882	biolink:causes	1
0.8678574	HGNC:2978	MONDO:0032882	biolink:gene_associated_with_condition	1
0.97154284	HGNC:2978	MONDO:0014343	biolink:causes	1
0.8406149	HGNC:2978	MONDO:0019456	biolink:gene_associated_with_condition	1
0.9865383	HGNC:2988	MONDO:0014637	biolink:causes	1
0.9865383	HGNC:2988	MONDO:0014637	biolink:gene_associated_with_condition	1
0.9981912	HGNC:3003	MONDO:0800438	biolink:causes	1
0.9981912	HGNC:3003	MONDO:0800438	biolink:gene_associated_with_condition	1
0.8695537	HGNC:3010	MONDO:0013063	biolink:contributes_to	1
0.9774864	HGNC:3010	MONDO:0014580	biolink:causes	1
0.992299	HGNC:3012	MONDO:0010130	biolink:causes	1
0.66662955	HGNC:3012	MONDO:0017405	biolink:gene_associated_with_condition	1
0.743393	HGNC:3049	MONDO:0012434	biolink:causes	1
0.8283021	HGNC:1090	MONDO:0014180	biolink:gene_associated_with_condition	1
0.96500933	HGNC:1090	MONDO:0013839	biolink:gene_associated_with_condition	1
0.974701	HGNC:29043	MONDO:0010046	biolink:causes	1
0.9540579	HGNC:37261	MONDO:0008377	biolink:causes	1
0.99854636	HGNC:3084	MONDO:0024455	biolink:causes	1
1.0	HGNC:19087	MONDO:0015021	biolink:causes	1
0.9807031	HGNC:3133	MONDO:0020603	biolink:causes	1
0.9807031	HGNC:3133	MONDO:0020603	biolink:gene_associated_with_condition	1
0.42884877	HGNC:26114	MONDO:0014649	biolink:causes	1
0.44069833	HGNC:3179	MONDO:0009061	biolink:gene_associated_with_condition	1
0.95258486	HGNC:3179	MONDO:0008000	biolink:contributes_to	1
0.9069967	HGNC:3260	MONDO:0015519	biolink:gene_associated_with_condition	1
0.899381	HGNC:14418	MONDO:0008377	biolink:causes	1
0.9962469	HGNC:14418	MONDO:0032798	biolink:causes	1
0.9843068	HGNC:14415	MONDO:0007574	biolink:causes	1
0.9451794	HGNC:14415	MONDO:0008377	biolink:causes	1
0.9982114	HGNC:19880	MONDO:0008818	biolink:causes	1
0.9970804	HGNC:19880	MONDO:0007363	biolink:causes	1
0.99424183	HGNC:19880	MONDO:0012892	biolink:causes	1
0.9608817	HGNC:11529	MONDO:0012041	biolink:causes	1
0.8868601	HGNC:11529	MONDO:0013184	biolink:causes	1
0.97967863	HGNC:3434	MONDO:0011125	biolink:causes	1
0.9916078	HGNC:3438	MONDO:0019569	biolink:gene_associated_with_condition	1
0.99680614	HGNC:3438	MONDO:0019570	biolink:causes	1
0.9240561	HGNC:3438	MONDO:0008998	biolink:gene_associated_with_condition	1
0.9656552	HGNC:3438	MONDO:0010217	biolink:causes	1
0.9988953	HGNC:3439	MONDO:0019569	biolink:gene_associated_with_condition	1
0.99030346	HGNC:3444	MONDO:0014343	biolink:causes	1
0.9733226	HGNC:16947	MONDO:0014302	biolink:gene_associated_with_condition	1
0.9588643	HGNC:15743	MONDO:0020621	biolink:causes	1
0.95917565	HGNC:3483	MONDO:0018332	biolink:gene_associated_with_condition	1
0.9999434	MONDO:0000902	HGNC:10914	biolink:causes	1
0.9668592	MONDO:0000914	HGNC:7883	biolink:gene_associated_with_condition	1
0.10083901	MONDO:0007103	HGNC:2711	biolink:contributes_to	1
0.08744817	MONDO:0007103	HGNC:11179	biolink:causes	1
0.9907353	MONDO:0007163	HGNC:1388	biolink:causes	1
0.9907353	MONDO:0007163	HGNC:1388	biolink:gene_associated_with_condition	1
0.9904975	MONDO:0007167	HGNC:3755	biolink:causes	1
0.96576005	MONDO:0007191	HGNC:6998	biolink:gene_associated_with_condition	1
0.92727107	MONDO:0007191	HGNC:5439	biolink:gene_associated_with_condition	1
0.15968904	MONDO:0007191	HGNC:18173	biolink:gene_associated_with_condition	1
0.9804095	MONDO:0007215	HGNC:4220	biolink:gene_associated_with_condition	1
0.94848907	MONDO:0007283	HGNC:2395	biolink:causes	1
0.9911828	MONDO:0007311	HGNC:9118	biolink:causes	1
0.93023056	MONDO:0007319	HGNC:11909	biolink:gene_associated_with_condition	1
0.8344596	MONDO:0007351	HGNC:4043	biolink:gene_associated_with_condition	1
0.73590386	MONDO:0007355	HGNC:16262	biolink:gene_associated_with_condition	1
0.99897754	MONDO:0007363	HGNC:6664	biolink:causes	1
0.9622605	MONDO:0007363	HGNC:6769	biolink:causes	1
0.97900796	MONDO:0007363	HGNC:757	biolink:causes	1
0.9974734	MONDO:0007363	HGNC:11768	biolink:causes	1
0.99597484	MONDO:0007363	HGNC:11773	biolink:causes	1
0.9961094	MONDO:0007363	HGNC:3219	biolink:causes	1
0.9959948	MONDO:0007363	HGNC:3603	biolink:causes	1
0.9986072	MONDO:0007363	HGNC:6716	biolink:causes	1
0.9870554	MONDO:0007363	HGNC:9081	biolink:causes	1
0.9970804	MONDO:0007363	HGNC:19880	biolink:causes	1
0.9850509	MONDO:0007375	HGNC:11771	biolink:causes	1
0.6459329	MONDO:0007424	HGNC:2876	biolink:causes	1
0.19604826	MONDO:0007488	HGNC:11138	biolink:causes	1
0.98146033	MONDO:0007508	HGNC:15979	biolink:causes	1
0.99926907	MONDO:0007524	HGNC:1044	biolink:causes	1
0.99939954	MONDO:0007524	HGNC:11769	biolink:causes	1
0.99956626	MONDO:0007524	HGNC:14107	biolink:causes	1
0.9985185	MONDO:0007524	HGNC:11773	biolink:causes	1
0.99969816	MONDO:0007524	HGNC:2201	biolink:causes	1
0.9982021	MONDO:0007524	HGNC:3219	biolink:causes	1
0.71493447	MONDO:0007540	HGNC:7010	biolink:causes	1
0.92403597	MONDO:0007556	HGNC:6416	biolink:gene_associated_with_condition	1
0.24521749	MONDO:0007564	HGNC:2514	biolink:causes	1
0.24521749	MONDO:0007564	HGNC:2514	biolink:gene_associated_with_condition	1
0.98393583	MONDO:0007572	HGNC:3416	biolink:causes	1
0.9681245	MONDO:0007572	HGNC:29605	biolink:causes	1
0.9998248	MONDO:0007636	HGNC:449	biolink:causes	1
0.20018435	MONDO:0007648	HGNC:6858	biolink:gene_associated_with_condition	1
0.9950309	MONDO:0007738	HGNC:8546	biolink:causes	1
0.9998889	MONDO:0007738	HGNC:15808	biolink:causes	1
0.9992841	MONDO:0007738	HGNC:9083	biolink:causes	1
0.9886541	MONDO:0007747	HGNC:1371	biolink:gene_associated_with_condition	1
0.3842681	MONDO:0007767	HGNC:7010	biolink:causes	1
0.9581302	MONDO:0007791	HGNC:1514	biolink:causes	1
0.793639	MONDO:0007888	HGNC:3700	biolink:gene_associated_with_condition	1
0.9958199	MONDO:0007892	HGNC:9587	biolink:causes	1
0.6903432	MONDO:0007932	HGNC:34	biolink:contributes_to	1
0.9457087	MONDO:0007944	HGNC:11654	biolink:causes	1
0.95258486	MONDO:0008000	HGNC:3179	biolink:contributes_to	1
0.55962557	MONDO:0008048	HGNC:26190	biolink:contributes_to	1
0.91550106	MONDO:0008148	HGNC:9255	biolink:gene_associated_with_condition	1
0.97427666	MONDO:0008148	HGNC:2197	biolink:gene_associated_with_condition	1
0.9703977	MONDO:0008148	HGNC:2379	biolink:gene_associated_with_condition	1
0.93816006	MONDO:0008156	HGNC:2025	biolink:gene_associated_with_condition	1
0.21125455	MONDO:0008176	HGNC:11280	biolink:causes	1
0.030986449	MONDO:0008244	HGNC:11094	biolink:gene_associated_with_condition	1
0.80377096	MONDO:0008276	HGNC:1076	biolink:gene_associated_with_condition	1
0.85737896	MONDO:0008276	HGNC:6770	biolink:gene_associated_with_condition	1
0.11964506	MONDO:0008280	HGNC:11389	biolink:causes	1
0.97452843	MONDO:0008316	HGNC:9451	biolink:causes	1
0.9498447	MONDO:0008332	HGNC:4439	biolink:gene_associated_with_condition	1
0.35810244	MONDO:0008340	HGNC:30939	biolink:gene_associated_with_condition	1
0.8737724	MONDO:0008340	HGNC:18603	biolink:gene_associated_with_condition	1
0.8246297	MONDO:0008377	HGNC:4598	biolink:causes	1
0.9808256	MONDO:0008377	HGNC:4679	biolink:causes	1
0.9082054	MONDO:0008377	HGNC:24783	biolink:causes	1
0.9237433	MONDO:0008377	HGNC:451	biolink:causes	1
0.94657326	MONDO:0008377	HGNC:16448	biolink:causes	1
0.63345903	MONDO:0008377	HGNC:7467	biolink:causes	1
0.67255	MONDO:0008377	HGNC:7745	biolink:causes	1
0.95892996	MONDO:0008377	HGNC:8082	biolink:causes	1
0.97959936	MONDO:0008377	HGNC:14674	biolink:causes	1
0.9883984	MONDO:0008377	HGNC:30000	biolink:causes	1
0.9866948	MONDO:0008377	HGNC:10012	biolink:causes	1
0.9816467	MONDO:0008377	HGNC:10024	biolink:causes	1
0.99295807	MONDO:0008377	HGNC:13436	biolink:causes	1
0.872391	MONDO:0008377	HGNC:30859	biolink:causes	1
0.9474952	MONDO:0008377	HGNC:18340	biolink:causes	1
0.8605708	MONDO:0008377	HGNC:18018	biolink:causes	1
0.89771944	MONDO:0008377	HGNC:3218	biolink:causes	1
0.9064189	MONDO:0008377	HGNC:13839	biolink:causes	1
0.95922077	MONDO:0008377	HGNC:17416	biolink:causes	1
0.9336716	MONDO:0008377	HGNC:4678	biolink:causes	1
0.94190145	MONDO:0008377	HGNC:4922	biolink:causes	1
0.94657326	MONDO:0008377	HGNC:29077	biolink:causes	1
0.97654986	MONDO:0008377	HGNC:6055	biolink:causes	1
0.9507581	MONDO:0008377	HGNC:17146	biolink:causes	1
0.95606726	MONDO:0008377	HGNC:7530	biolink:causes	1
0.9198635	MONDO:0008377	HGNC:8140	biolink:causes	1
0.663505	MONDO:0008377	HGNC:15021	biolink:causes	1
0.9440532	MONDO:0008377	HGNC:19317	biolink:causes	1
0.93317366	MONDO:0008377	HGNC:8896	biolink:causes	1
0.40013996	MONDO:0008377	HGNC:9038	biolink:causes	1
0.8507084	MONDO:0008377	HGNC:15860	biolink:causes	1
0.9857941	MONDO:0008377	HGNC:18758	biolink:causes	1
0.9900746	MONDO:0008377	HGNC:26648	biolink:causes	1
0.89819735	MONDO:0008377	HGNC:20893	biolink:causes	1
0.9429285	MONDO:0008377	HGNC:9990	biolink:causes	1
0.9743066	MONDO:0008377	HGNC:10263	biolink:causes	1
0.9649456	MONDO:0008377	HGNC:18326	biolink:causes	1
0.86622196	MONDO:0008377	HGNC:1940	biolink:causes	1
0.96318376	MONDO:0008377	HGNC:26193	biolink:causes	1
0.9271485	MONDO:0008377	HGNC:20603	biolink:causes	1
0.9087252	MONDO:0008377	HGNC:57	biolink:causes	1
0.9055167	MONDO:0008377	HGNC:26147	biolink:causes	1
0.7657562	MONDO:0008377	HGNC:17097	biolink:causes	1
0.9518954	MONDO:0008377	HGNC:31371	biolink:causes	1
0.9434439	MONDO:0008377	HGNC:6481	biolink:causes	1
0.96929616	MONDO:0008377	HGNC:7606	biolink:causes	1
0.8758852	MONDO:0008377	HGNC:8091	biolink:causes	1
0.88298154	MONDO:0008377	HGNC:8547	biolink:causes	1
0.9186877	MONDO:0008377	HGNC:8620	biolink:causes	1
0.9645788	MONDO:0008377	HGNC:8787	biolink:causes	1
0.9779465	MONDO:0008377	HGNC:26291	biolink:causes	1
0.73512834	MONDO:0008377	HGNC:1071	biolink:causes	1
0.8799102	MONDO:0008377	HGNC:9940	biolink:causes	1
0.96357703	MONDO:0008377	HGNC:17964	biolink:causes	1
0.9382331	MONDO:0008377	HGNC:17282	biolink:causes	1
0.95777184	MONDO:0008377	HGNC:1375	biolink:causes	1
0.86812586	MONDO:0008377	HGNC:25812	biolink:causes	1
0.8717566	MONDO:0008377	HGNC:11714	biolink:causes	1
0.89662313	MONDO:0008377	HGNC:17341	biolink:causes	1
0.9954678	MONDO:0008377	HGNC:20087	biolink:causes	1
0.937525	MONDO:0008377	HGNC:12565	biolink:causes	1
0.98307735	MONDO:0008377	HGNC:12601	biolink:causes	1
0.9080492	MONDO:0008377	HGNC:29222	biolink:causes	1
0.9183809	MONDO:0008377	HGNC:2186	biolink:causes	1
0.9160643	MONDO:0008377	HGNC:28769	biolink:causes	1
0.87963563	MONDO:0008377	HGNC:315	biolink:causes	1
0.9655033	MONDO:0008377	HGNC:4393	biolink:causes	1
0.97077787	MONDO:0008377	HGNC:5385	biolink:causes	1
0.9812362	MONDO:0008377	HGNC:30391	biolink:causes	1
0.9254196	MONDO:0008377	HGNC:19698	biolink:causes	1
0.92338526	MONDO:0008377	HGNC:22219	biolink:causes	1
0.97270995	MONDO:0008377	HGNC:31923	biolink:causes	1
0.9354322	MONDO:0008377	HGNC:6816	biolink:causes	1
0.99142283	MONDO:0008377	HGNC:8786	biolink:causes	1
0.9226723	MONDO:0008377	HGNC:8940	biolink:causes	1
0.8878591	MONDO:0008377	HGNC:17340	biolink:causes	1
0.9576736	MONDO:0008377	HGNC:9768	biolink:causes	1
0.9727769	MONDO:0008377	HGNC:10294	biolink:causes	1
0.9678313	MONDO:0008377	HGNC:1393	biolink:causes	1
0.98013765	MONDO:0008377	HGNC:28396	biolink:causes	1
0.83284724	MONDO:0008377	HGNC:20080	biolink:causes	1
0.9467186	MONDO:0008377	HGNC:2183	biolink:causes	1
0.9899428	MONDO:0008377	HGNC:29021	biolink:causes	1
0.9960061	MONDO:0008377	HGNC:21699	biolink:causes	1
0.9435703	MONDO:0008377	HGNC:10664	biolink:causes	1
0.8506936	MONDO:0008377	HGNC:17211	biolink:causes	1
0.9540579	MONDO:0008377	HGNC:37261	biolink:causes	1
0.899381	MONDO:0008377	HGNC:14418	biolink:causes	1
0.9451794	MONDO:0008377	HGNC:14415	biolink:causes	1
0.99432963	MONDO:0008393	HGNC:2348	biolink:causes	1
0.99432963	MONDO:0008393	HGNC:2348	biolink:gene_associated_with_condition	1
0.91197413	MONDO:0008397	HGNC:3666	biolink:gene_associated_with_condition	1
0.9952602	MONDO:0008437	HGNC:11231	biolink:causes	1
0.99593383	MONDO:0008477	HGNC:18083	biolink:causes	1
0.6760103	MONDO:0008485	HGNC:6427	biolink:gene_associated_with_condition	1
0.6687435	MONDO:0008501	HGNC:4390	biolink:gene_associated_with_condition	1
0.9723337	MONDO:0008513	HGNC:5136	biolink:causes	1
0.99224323	MONDO:0008521	HGNC:7866	biolink:causes	1
0.97007823	MONDO:0008633	HGNC:16400	biolink:gene_associated_with_condition	1
0.21472882	MONDO:0008637	HGNC:12463	biolink:gene_associated_with_condition	1
0.8616458	MONDO:0008637	HGNC:25839	biolink:gene_associated_with_condition	1
0.99686074	MONDO:0008673	HGNC:3497	biolink:gene_associated_with_condition	1
0.98288697	MONDO:0008673	HGNC:19747	biolink:causes	1
0.98288697	MONDO:0008673	HGNC:19747	biolink:gene_associated_with_condition	1
0.46869072	MONDO:0008673	HGNC:2514	biolink:gene_associated_with_condition	1
0.9888932	MONDO:0008689	HGNC:28993	biolink:causes	1
0.9999833	MONDO:0008693	HGNC:20670	biolink:causes	1
0.9999833	MONDO:0008693	HGNC:20670	biolink:gene_associated_with_condition	1
0.9901446	MONDO:0008701	HGNC:12305	biolink:gene_associated_with_condition	1
0.12400339	MONDO:0008705	HGNC:123	biolink:causes	1
0.93437433	MONDO:0008713	HGNC:17129	biolink:gene_associated_with_condition	1
0.98861736	MONDO:0008765	HGNC:10294	biolink:causes	1
0.49853683	MONDO:0008777	HGNC:11530	biolink:gene_associated_with_condition	1
0.9986179	MONDO:0008785	HGNC:26054	biolink:causes	1
0.88789517	MONDO:0008817	HGNC:3356	biolink:causes	1
0.9999975	MONDO:0008853	HGNC:20670	biolink:gene_associated_with_condition	1
0.9456813	MONDO:0008861	HGNC:6936	biolink:causes	1
0.99900645	MONDO:0008881	HGNC:2500	biolink:causes	1
0.999982	MONDO:0008885	HGNC:1750	biolink:causes	1
0.7934778	MONDO:0008922	HGNC:24552	biolink:gene_associated_with_condition	1
0.9873153	MONDO:0008954	HGNC:9719	biolink:causes	1
0.9240561	MONDO:0008998	HGNC:3438	biolink:gene_associated_with_condition	1
0.95142514	MONDO:0009002	HGNC:10526	biolink:causes	1
0.9881108	MONDO:0009006	HGNC:1248	biolink:causes	1
0.97789747	MONDO:0009050	HGNC:358	biolink:causes	1
0.90002507	MONDO:0009050	HGNC:12631	biolink:gene_associated_with_condition	1
0.30990738	MONDO:0009050	HGNC:7978	biolink:gene_associated_with_condition	1
0.26812634	MONDO:0009050	HGNC:11998	biolink:gene_associated_with_condition	1
0.99033886	MONDO:0009054	HGNC:18481	biolink:gene_associated_with_condition	1
0.6265057	MONDO:0009058	HGNC:2501	biolink:gene_associated_with_condition	1
0.9991449	MONDO:0009070	HGNC:24247	biolink:causes	1
0.9991449	MONDO:0009070	HGNC:24247	biolink:gene_associated_with_condition	1
0.73497355	MONDO:0009110	HGNC:10939	biolink:gene_associated_with_condition	1
0.9103718	MONDO:0009138	HGNC:11647	biolink:gene_associated_with_condition	1
0.93403214	MONDO:0009182	HGNC:6490	biolink:causes	1
0.9963536	MONDO:0009194	HGNC:5358	biolink:causes	1
0.9938212	MONDO:0009210	HGNC:3542	biolink:gene_associated_with_condition	1
0.986426	MONDO:0009218	HGNC:735	biolink:gene_associated_with_condition	1
0.91818905	MONDO:0009222	HGNC:35126	biolink:gene_associated_with_condition	1
0.99997616	MONDO:0009254	HGNC:4006	biolink:causes	1
0.9989231	MONDO:0009258	HGNC:4135	biolink:causes	1
0.9989231	MONDO:0009258	HGNC:4135	biolink:gene_associated_with_condition	1
0.9932555	MONDO:0009262	HGNC:4298	biolink:causes	1
0.9932555	MONDO:0009262	HGNC:4298	biolink:gene_associated_with_condition	1
0.9911805	MONDO:0009266	HGNC:4177	biolink:gene_associated_with_condition	1
0.9671805	MONDO:0009274	HGNC:11609	biolink:causes	1
0.9805567	MONDO:0009306	HGNC:9832	biolink:causes	1
0.9847259	MONDO:0009306	HGNC:9831	biolink:causes	1
0.995002	MONDO:0009354	HGNC:7473	biolink:gene_associated_with_condition	1
0.9233248	MONDO:0009366	HGNC:26684	biolink:causes	1
0.9998977	MONDO:0009394	HGNC:11909	biolink:causes	1
0.9903258	MONDO:0009394	HGNC:11908	biolink:gene_associated_with_condition	1
0.9963348	MONDO:0009406	HGNC:60	biolink:causes	1
0.8421568	MONDO:0009414	HGNC:4707	biolink:causes	1
0.8421568	MONDO:0009414	HGNC:4707	biolink:gene_associated_with_condition	1
0.9975491	MONDO:0009426	HGNC:11582	biolink:gene_associated_with_condition	1
0.9996141	MONDO:0009458	HGNC:11102	biolink:causes	1
0.9970776	MONDO:0009478	HGNC:19191	biolink:gene_associated_with_condition	1
0.74923575	MONDO:0009490	HGNC:2528	biolink:causes	1
0.5838257	MONDO:0009527	HGNC:14154	biolink:causes	1
0.8522553	MONDO:0009607	HGNC:6903	biolink:causes	1
0.9905533	MONDO:0009615	HGNC:16732	biolink:gene_associated_with_condition	1
0.9806402	MONDO:0009623	HGNC:7652	biolink:gene_associated_with_condition	1
0.885978	MONDO:0009683	HGNC:16380	biolink:causes	1
0.76773435	MONDO:0009699	HGNC:1665	biolink:causes	1
0.9814549	MONDO:0009715	HGNC:2019	biolink:causes	1
0.9825745	MONDO:0009775	HGNC:10521	biolink:causes	1
0.99963915	MONDO:0009779	HGNC:4454	biolink:gene_associated_with_condition	1
0.99488044	MONDO:0009823	HGNC:341	biolink:gene_associated_with_condition	1
0.342428	MONDO:0009839	HGNC:6893	biolink:causes	1
0.84616905	MONDO:0009843	HGNC:10648	biolink:gene_associated_with_condition	1
0.9957528	MONDO:0009855	HGNC:5213	biolink:gene_associated_with_condition	1
0.9956208	MONDO:0009867	HGNC:9386	biolink:causes	1
0.9956208	MONDO:0009867	HGNC:9386	biolink:gene_associated_with_condition	1
0.9998135	MONDO:0009871	HGNC:30477	biolink:causes	1
0.95220584	MONDO:0009879	HGNC:4261	biolink:causes	1
0.9428998	MONDO:0009883	HGNC:9075	biolink:gene_associated_with_condition	1
0.8261347	MONDO:0009891	HGNC:6192	biolink:causes	1
0.9490833	MONDO:0009919	HGNC:119	biolink:gene_associated_with_condition	1
0.8250944	MONDO:0009935	HGNC:24113	biolink:causes	1
0.6353448	MONDO:0009955	HGNC:9949	biolink:gene_associated_with_condition	1
0.98707926	MONDO:0010044	HGNC:20761	biolink:causes	1
0.759972	MONDO:0010056	HGNC:11118	biolink:gene_associated_with_condition	1
0.95288	MONDO:0010056	HGNC:11117	biolink:causes	1
0.99927324	MONDO:0010092	HGNC:26877	biolink:causes	1
0.99927324	MONDO:0010092	HGNC:26877	biolink:gene_associated_with_condition	1
0.97950375	MONDO:0010160	HGNC:11573	biolink:gene_associated_with_condition	1
0.99093235	MONDO:0010176	HGNC:30497	biolink:gene_associated_with_condition	1
0.9684228	MONDO:0010176	HGNC:29162	biolink:gene_associated_with_condition	1
0.99998534	MONDO:0010184	HGNC:24525	biolink:causes	1
0.981457	MONDO:0010188	HGNC:12404	biolink:gene_associated_with_condition	1
0.97732055	MONDO:0010201	HGNC:7160	biolink:causes	1
0.9656552	MONDO:0010217	HGNC:3438	biolink:causes	1
0.9999999	MONDO:0010221	HGNC:8966	biolink:causes	1
0.94489324	MONDO:0010233	HGNC:3754	biolink:causes	1
0.8786331	MONDO:0010269	HGNC:7678	biolink:gene_associated_with_condition	1
0.7411139	MONDO:0010277	HGNC:9910	biolink:gene_associated_with_condition	1
0.89708155	MONDO:0010281	HGNC:6501	biolink:causes	1
0.9921069	MONDO:0010317	HGNC:18060	biolink:causes	1
0.9996767	MONDO:0010361	HGNC:8592	biolink:causes	1
0.69409007	MONDO:0010385	HGNC:592	biolink:gene_associated_with_condition	1
0.81625193	MONDO:0010389	HGNC:2578	biolink:causes	1
0.95151687	MONDO:0010397	HGNC:6990	biolink:gene_associated_with_condition	1
0.9931259	MONDO:0010401	HGNC:3702	biolink:causes	1
0.992591	MONDO:0010417	HGNC:1497	biolink:gene_associated_with_condition	1
0.9204939	MONDO:0010421	HGNC:1133	biolink:gene_associated_with_condition	1
0.6259755	MONDO:0010429	HGNC:11506	biolink:causes	1
0.8595775	MONDO:0010446	HGNC:9936	biolink:gene_associated_with_condition	1
0.98050493	MONDO:0010486	HGNC:15455	biolink:causes	1
0.9239408	MONDO:0010490	HGNC:11326	biolink:gene_associated_with_condition	1
0.9999535	MONDO:0010506	HGNC:13429	biolink:causes	1
0.3210034	MONDO:0010510	HGNC:13486	biolink:causes	1
0.32807642	MONDO:0010514	HGNC:7373	biolink:causes	1
0.98594946	MONDO:0010518	HGNC:12731	biolink:gene_associated_with_condition	1
0.9857302	MONDO:0010523	HGNC:9173	biolink:gene_associated_with_condition	1
0.9978108	MONDO:0010600	HGNC:2578	biolink:causes	1
0.9812967	MONDO:0010645	HGNC:8108	biolink:gene_associated_with_condition	1
0.29261002	MONDO:0010661	HGNC:9910	biolink:causes	1
0.29261002	MONDO:0010661	HGNC:9910	biolink:gene_associated_with_condition	1
0.9362961	MONDO:0010665	HGNC:13315	biolink:gene_associated_with_condition	1
0.8280841	MONDO:0010665	HGNC:25726	biolink:gene_associated_with_condition	1
0.7149385	MONDO:0010689	HGNC:8768	biolink:causes	1
0.69234574	MONDO:0010790	HGNC:7461	biolink:gene_associated_with_condition	1
0.9995683	MONDO:0010790	HGNC:7488	biolink:causes	1
0.9986638	MONDO:0010790	HGNC:7490	biolink:gene_associated_with_condition	1
0.9734414	MONDO:0010794	HGNC:7414	biolink:causes	1
0.65473276	MONDO:0010806	HGNC:17340	biolink:causes	1
0.999966	MONDO:0010814	HGNC:18270	biolink:causes	1
0.8897496	MONDO:0010850	HGNC:29022	biolink:causes	1
0.4771398	MONDO:0010854	HGNC:6407	biolink:causes	1
0.34779793	MONDO:0010870	HGNC:12403	biolink:causes	1
0.34779793	MONDO:0010870	HGNC:12403	biolink:gene_associated_with_condition	1
0.34929952	MONDO:0010962	HGNC:6412	biolink:causes	1
0.9748948	MONDO:0011002	HGNC:16877	biolink:causes	1
0.72390705	MONDO:0011091	HGNC:4162	biolink:causes	1
0.72390705	MONDO:0011091	HGNC:4162	biolink:gene_associated_with_condition	1
0.99999356	MONDO:0011132	HGNC:12765	biolink:causes	1
0.69157	MONDO:0011136	HGNC:9052	biolink:gene_associated_with_condition	1
0.926931	MONDO:0011144	HGNC:2077	biolink:causes	1
0.9889998	MONDO:0011156	HGNC:42	biolink:causes	1
0.9889998	MONDO:0011156	HGNC:42	biolink:gene_associated_with_condition	1
0.70536226	MONDO:0011184	HGNC:13875	biolink:causes	1
0.78007185	MONDO:0011397	HGNC:2976	biolink:causes	1
0.78007185	MONDO:0011397	HGNC:2976	biolink:gene_associated_with_condition	1
0.9997147	MONDO:0011405	HGNC:25792	biolink:causes	1
0.9997147	MONDO:0011405	HGNC:25792	biolink:gene_associated_with_condition	1
0.99726427	MONDO:0011422	HGNC:11030	biolink:causes	1
0.88273734	MONDO:0011430	HGNC:4281	biolink:gene_associated_with_condition	1
0.920869	MONDO:0011430	HGNC:2410	biolink:gene_associated_with_condition	1
0.8093506	MONDO:0011430	HGNC:2411	biolink:gene_associated_with_condition	1
0.48670337	MONDO:0011442	HGNC:8846	biolink:causes	1
1.0	MONDO:0011450	HGNC:1100	biolink:contributes_to	1
0.9255425	MONDO:0011474	HGNC:17993	biolink:causes	1
0.25056309	MONDO:0011490	HGNC:21666	biolink:gene_associated_with_condition	1
0.9888737	MONDO:0011506	HGNC:29203	biolink:causes	1
0.9888737	MONDO:0011506	HGNC:29203	biolink:gene_associated_with_condition	1
0.9967596	MONDO:0011510	HGNC:18318	biolink:causes	1
0.9921027	MONDO:0011518	HGNC:7132	biolink:gene_associated_with_condition	1
0.9961434	MONDO:0011546	HGNC:18292	biolink:causes	1
0.8840678	MONDO:0011570	HGNC:28845	biolink:causes	1
0.9740064	MONDO:0011614	HGNC:5008	biolink:causes	1
0.9119877	MONDO:0011630	HGNC:25808	biolink:causes	1
0.9900103	MONDO:0011694	HGNC:6180	biolink:gene_associated_with_condition	1
0.62984747	MONDO:0011698	HGNC:4415	biolink:gene_associated_with_condition	1
0.9597272	MONDO:0011738	HGNC:4512	biolink:causes	1
0.7894422	MONDO:0011774	HGNC:7601	biolink:causes	1
0.9936626	MONDO:0011778	HGNC:30497	biolink:gene_associated_with_condition	1
0.98361075	MONDO:0011790	HGNC:14409	biolink:causes	1
0.9710957	MONDO:0011794	HGNC:10588	biolink:gene_associated_with_condition	1
0.99982494	MONDO:0011822	HGNC:2027	biolink:causes	1
0.8676285	MONDO:0011830	HGNC:8574	biolink:gene_associated_with_condition	1
0.34798256	MONDO:0011834	HGNC:5456	biolink:gene_associated_with_condition	1
0.9085839	MONDO:0011902	HGNC:7739	biolink:gene_associated_with_condition	1
0.9962496	MONDO:0011974	HGNC:10254	biolink:causes	1
0.9054093	MONDO:0011982	HGNC:11764	biolink:contributes_to	1
0.6131377	MONDO:0011998	HGNC:14103	biolink:gene_associated_with_condition	1
0.9285547	MONDO:0012110	HGNC:5464	biolink:causes	1
0.9895365	MONDO:0012142	HGNC:7391	biolink:causes	1
0.6346209	MONDO:0012162	HGNC:2509	biolink:causes	1
0.9953725	MONDO:0012166	HGNC:25358	biolink:causes	1
0.9348531	MONDO:0012190	HGNC:1630	biolink:gene_associated_with_condition	1
0.9983315	MONDO:0012222	HGNC:7631	biolink:gene_associated_with_condition	1
0.93995726	MONDO:0012294	HGNC:2621	biolink:causes	1
0.9002231	MONDO:0012354	HGNC:18124	biolink:causes	1
0.9002231	MONDO:0012354	HGNC:18124	biolink:gene_associated_with_condition	1
0.889212	MONDO:0012382	HGNC:4799	biolink:causes	1
0.889212	MONDO:0012382	HGNC:4799	biolink:gene_associated_with_condition	1
0.99835795	MONDO:0012398	HGNC:8790	biolink:causes	1
0.42172027	MONDO:0012410	HGNC:5031	biolink:causes	1
0.743393	MONDO:0012434	HGNC:3049	biolink:causes	1
0.92156917	MONDO:0012442	HGNC:18141	biolink:causes	1
0.947997	MONDO:0012446	HGNC:25843	biolink:gene_associated_with_condition	1
0.96024716	MONDO:0012474	HGNC:1956	biolink:causes	1
0.8325335	MONDO:0012510	HGNC:14048	biolink:causes	1
0.9997975	MONDO:0012514	HGNC:24587	biolink:causes	1
0.9624278	MONDO:0012522	HGNC:6257	biolink:causes	1
0.8983986	MONDO:0012526	HGNC:3530	biolink:gene_associated_with_condition	1
0.99739504	MONDO:0012554	HGNC:3433	biolink:causes	1
0.9917576	MONDO:0012562	HGNC:9585	biolink:causes	1
0.99929047	MONDO:0012594	HGNC:5394	biolink:causes	1
0.99929047	MONDO:0012594	HGNC:5394	biolink:gene_associated_with_condition	1
0.9594172	MONDO:0012626	HGNC:29021	biolink:causes	1
1.0	MONDO:0012634	HGNC:14361	biolink:causes	1
1.0	MONDO:0012634	HGNC:14361	biolink:gene_associated_with_condition	1
0.63869536	MONDO:0012650	HGNC:25737	biolink:gene_associated_with_condition	1
0.8015914	MONDO:0012682	HGNC:12440	biolink:causes	1
0.8015914	MONDO:0012682	HGNC:12440	biolink:gene_associated_with_condition	1
0.9761055	MONDO:0012747	HGNC:414	biolink:causes	1
0.9791524	MONDO:0012803	HGNC:12266	biolink:gene_associated_with_condition	1
0.7937537	MONDO:0012807	HGNC:6158	biolink:gene_associated_with_condition	1
0.93260556	MONDO:0012843	HGNC:4083	biolink:contributes_to	1
0.9991887	MONDO:0012847	HGNC:28018	biolink:causes	1
0.9991352	MONDO:0012859	HGNC:11908	biolink:causes	1
0.9991352	MONDO:0012859	HGNC:11908	biolink:gene_associated_with_condition	1
0.062358364	MONDO:0012883	HGNC:8059	biolink:gene_associated_with_condition	1
0.13418134	MONDO:0012883	HGNC:9864	biolink:causes	1
0.13418134	MONDO:0012883	HGNC:9864	biolink:gene_associated_with_condition	1
0.51776767	MONDO:0012883	HGNC:29529	biolink:gene_associated_with_condition	1
0.079722255	MONDO:0012883	HGNC:7910	biolink:gene_associated_with_condition	1
0.9993755	MONDO:0012892	HGNC:25535	biolink:causes	1
0.99726605	MONDO:0012892	HGNC:15517	biolink:causes	1
0.9999654	MONDO:0012892	HGNC:452	biolink:causes	1
0.9834699	MONDO:0012892	HGNC:9091	biolink:causes	1
0.99902856	MONDO:0012892	HGNC:28395	biolink:causes	1
0.99826103	MONDO:0012892	HGNC:26887	biolink:causes	1
0.9921321	MONDO:0012892	HGNC:9083	biolink:gene_associated_with_condition	1
0.9983878	MONDO:0012892	HGNC:23088	biolink:causes	1
0.9976387	MONDO:0012892	HGNC:12774	biolink:causes	1
0.99707305	MONDO:0012892	HGNC:2198	biolink:causes	1
0.9962017	MONDO:0012892	HGNC:1067	biolink:causes	1
0.99973685	MONDO:0012892	HGNC:30301	biolink:causes	1
0.9989936	MONDO:0012892	HGNC:15516	biolink:causes	1
0.9987531	MONDO:0012892	HGNC:2379	biolink:causes	1
0.99424183	MONDO:0012892	HGNC:19880	biolink:causes	1
0.42152372	MONDO:0012904	HGNC:17019	biolink:causes	1
0.77032214	MONDO:0012912	HGNC:4392	biolink:causes	1
0.77032214	MONDO:0012912	HGNC:4392	biolink:gene_associated_with_condition	1
0.43555135	MONDO:0012924	HGNC:10397	biolink:causes	1
0.999666	MONDO:0012980	HGNC:21219	biolink:causes	1
0.9999863	MONDO:0012996	HGNC:4175	biolink:gene_associated_with_condition	1
0.98879623	MONDO:0013016	HGNC:23151	biolink:causes	1
0.98879623	MONDO:0013016	HGNC:23151	biolink:gene_associated_with_condition	1
0.85072494	MONDO:0013028	HGNC:468	biolink:gene_associated_with_condition	1
0.919494	MONDO:0013032	HGNC:1514	biolink:contributes_to	1
0.95618236	MONDO:0013052	HGNC:15646	biolink:causes	1
0.9775515	MONDO:0013056	HGNC:10982	biolink:gene_associated_with_condition	1
0.99855095	MONDO:0013060	HGNC:9039	biolink:causes	1
0.99855095	MONDO:0013060	HGNC:9039	biolink:gene_associated_with_condition	1
0.74307	MONDO:0013072	HGNC:17084	biolink:causes	1
0.9676089	MONDO:0013108	HGNC:11557	biolink:causes	1
0.71652067	MONDO:0013108	HGNC:959	biolink:causes	1
0.65864235	MONDO:0013116	HGNC:4236	biolink:causes	1
0.99780864	MONDO:0013157	HGNC:17997	biolink:causes	1
0.9975483	MONDO:0013173	HGNC:30832	biolink:causes	1
0.9728717	MONDO:0013177	HGNC:6143	biolink:gene_associated_with_condition	1
0.9905245	MONDO:0013181	HGNC:26790	biolink:causes	1
0.4513116	MONDO:0013185	HGNC:11847	biolink:contributes_to	1
0.98080873	MONDO:0013189	HGNC:20297	biolink:causes	1
0.63568455	MONDO:0013193	HGNC:39080	biolink:contributes_to	1
0.94977087	MONDO:0013225	HGNC:9688	biolink:causes	1
0.934348	MONDO:0013245	HGNC:13890	biolink:causes	1
0.934348	MONDO:0013245	HGNC:13890	biolink:gene_associated_with_condition	1
0.7137111	MONDO:0013301	HGNC:2594	biolink:gene_associated_with_condition	1
0.95701087	MONDO:0013341	HGNC:16692	biolink:causes	1
0.8993359	MONDO:0013345	HGNC:5383	biolink:causes	1
0.9542738	MONDO:0013357	HGNC:7765	biolink:gene_associated_with_condition	1
0.116446614	MONDO:0013357	HGNC:21158	biolink:gene_associated_with_condition	1
0.8040082	MONDO:0013361	HGNC:3535	biolink:gene_associated_with_condition	1
0.6007886	MONDO:0013369	HGNC:11947	biolink:causes	1
0.92864716	MONDO:0013385	HGNC:20422	biolink:causes	1
0.9958468	MONDO:0013414	HGNC:9990	biolink:causes	1
0.77016234	MONDO:0013418	HGNC:7590	biolink:causes	1
0.97996175	MONDO:0013426	HGNC:6769	biolink:causes	1
0.97996175	MONDO:0013426	HGNC:6769	biolink:gene_associated_with_condition	1
0.9933344	MONDO:0013458	HGNC:17697	biolink:gene_associated_with_condition	1
0.8958547	MONDO:0013462	HGNC:4017	biolink:causes	1
0.94352114	MONDO:0013487	HGNC:2771	biolink:gene_associated_with_condition	1
0.9987061	MONDO:0013495	HGNC:23452	biolink:causes	1
0.9896931	MONDO:0013507	HGNC:7662	biolink:causes	1
0.90449315	MONDO:0013536	HGNC:5013	biolink:causes	1
0.5003625	MONDO:0013588	HGNC:2084	biolink:causes	1
0.8415352	MONDO:0013633	HGNC:2330	biolink:contributes_to	1
0.9919666	MONDO:0013641	HGNC:17168	biolink:causes	1
0.9522117	MONDO:0013661	HGNC:27288	biolink:gene_associated_with_condition	1
0.8220704	MONDO:0013685	HGNC:1100	biolink:contributes_to	1
0.82245547	MONDO:0013693	HGNC:195	biolink:causes	1
0.6200617	MONDO:0013729	HGNC:543	biolink:contributes_to	1
0.99835545	MONDO:0013737	HGNC:18986	biolink:causes	1
0.8963861	MONDO:0013777	HGNC:14544	biolink:gene_associated_with_condition	1
0.6844391	MONDO:0013797	HGNC:11630	biolink:gene_associated_with_condition	1
0.9994205	MONDO:0013801	HGNC:10596	biolink:causes	1
0.9529137	MONDO:0013821	HGNC:11100	biolink:causes	1
0.97262245	MONDO:0013853	HGNC:17944	biolink:causes	1
0.99431217	MONDO:0013873	HGNC:1786	biolink:causes	1
0.99506605	MONDO:0013885	HGNC:7788	biolink:gene_associated_with_condition	1
0.9999293	MONDO:0013925	HGNC:68	biolink:causes	1
0.9691124	MONDO:0013929	HGNC:1268	biolink:causes	1
0.99927336	MONDO:0013937	HGNC:8851	biolink:causes	1
0.60124695	MONDO:0013941	HGNC:5382	biolink:gene_associated_with_condition	1
0.24019146	MONDO:0013953	HGNC:5440	biolink:causes	1
0.9618579	MONDO:0013957	HGNC:5358	biolink:causes	1
0.7248107	MONDO:0013977	HGNC:23166	biolink:causes	1
0.84792197	MONDO:0013993	HGNC:7102	biolink:gene_associated_with_condition	1
0.96405965	MONDO:0014013	HGNC:30225	biolink:gene_associated_with_condition	1
0.8450142	MONDO:0014037	HGNC:18829	biolink:causes	1
0.8313633	MONDO:0014057	HGNC:25415	biolink:causes	1
0.99899334	MONDO:0014061	HGNC:22986	biolink:gene_associated_with_condition	1
0.9565782	MONDO:0014065	HGNC:29594	biolink:causes	1
0.94362277	MONDO:0014089	HGNC:14374	biolink:causes	1
0.9960418	MONDO:0014093	HGNC:9921	biolink:causes	1
0.93148714	MONDO:0014117	HGNC:10542	biolink:gene_associated_with_condition	1
0.94914716	MONDO:0014121	HGNC:17208	biolink:gene_associated_with_condition	1
0.9877214	MONDO:0014125	HGNC:4220	biolink:causes	1
0.9978637	MONDO:0014141	HGNC:22932	biolink:causes	1
0.9296243	MONDO:0014157	HGNC:9175	biolink:gene_associated_with_condition	1
0.99637467	MONDO:0014165	HGNC:14938	biolink:gene_associated_with_condition	1
0.62783754	MONDO:0014181	HGNC:5031	biolink:causes	1
0.99994063	MONDO:0014205	HGNC:29357	biolink:causes	1
0.9898996	MONDO:0014213	HGNC:13723	biolink:causes	1
0.9866279	MONDO:0014217	HGNC:4217	biolink:causes	1
0.7336019	MONDO:0014221	HGNC:12009	biolink:causes	1
0.83393914	MONDO:0014225	HGNC:3976	biolink:causes	1
0.98608077	MONDO:0014233	HGNC:11503	biolink:causes	1
0.99335337	MONDO:0014261	HGNC:16088	biolink:causes	1
0.9916392	MONDO:0014269	HGNC:21365	biolink:gene_associated_with_condition	1
0.9688996	MONDO:0014305	HGNC:469	biolink:gene_associated_with_condition	1
0.95780224	MONDO:0014309	HGNC:28209	biolink:gene_associated_with_condition	1
0.95813423	MONDO:0014313	HGNC:3619	biolink:causes	1
0.95371175	MONDO:0014321	HGNC:11356	biolink:causes	1
0.7665828	MONDO:0014341	HGNC:20778	biolink:causes	1
0.99572563	MONDO:0014349	HGNC:16999	biolink:gene_associated_with_condition	1
0.99995685	MONDO:0014361	HGNC:14262	biolink:causes	1
0.98900944	MONDO:0014397	HGNC:21642	biolink:gene_associated_with_condition	1
0.9754631	MONDO:0014401	HGNC:7944	biolink:causes	1
0.9777955	MONDO:0014405	HGNC:27962	biolink:causes	1
0.99748373	MONDO:0014409	HGNC:26988	biolink:causes	1
0.95199937	MONDO:0014425	HGNC:317	biolink:causes	1
0.95199937	MONDO:0014425	HGNC:317	biolink:gene_associated_with_condition	1
0.9221976	MONDO:0014429	HGNC:5439	biolink:causes	1
0.72571164	MONDO:0014449	HGNC:399	biolink:gene_associated_with_condition	1
0.90486073	MONDO:0014453	HGNC:8979	biolink:causes	1
0.999676	MONDO:0014457	HGNC:23213	biolink:causes	1
0.53008145	MONDO:0014481	HGNC:3236	biolink:causes	1
0.98377496	MONDO:0014493	HGNC:2505	biolink:gene_associated_with_condition	1
0.9742677	MONDO:0014501	HGNC:3604	biolink:causes	1
0.99972194	MONDO:0014545	HGNC:14253	biolink:gene_associated_with_condition	1
0.8934933	MONDO:0014557	HGNC:9154	biolink:causes	1
0.990558	MONDO:0014573	HGNC:10706	biolink:causes	1
0.9606061	MONDO:0014585	HGNC:1965	biolink:causes	1
0.9999474	MONDO:0014601	HGNC:14977	biolink:causes	1
0.46738744	MONDO:0014605	HGNC:9302	biolink:causes	1
0.5138008	MONDO:0014629	HGNC:2230	biolink:gene_associated_with_condition	1
0.5138008	MONDO:0014629	HGNC:2230	biolink:contributes_to	1
0.9865383	MONDO:0014637	HGNC:2988	biolink:causes	1
0.9865383	MONDO:0014637	HGNC:2988	biolink:gene_associated_with_condition	1
0.8013459	MONDO:0014641	HGNC:11584	biolink:causes	1
0.8228234	MONDO:0014645	HGNC:16393	biolink:causes	1
0.42884877	MONDO:0014649	HGNC:26114	biolink:causes	1
0.9997696	MONDO:0014657	HGNC:21054	biolink:causes	1
0.82518315	MONDO:0014661	HGNC:9069	biolink:causes	1
0.9791998	MONDO:0014665	HGNC:7632	biolink:gene_associated_with_condition	1
0.6190216	MONDO:0014677	HGNC:791	biolink:causes	1
0.7920436	MONDO:0014685	HGNC:6638	biolink:gene_associated_with_condition	1
0.9971614	MONDO:0014693	HGNC:6742	biolink:causes	1
0.99027026	MONDO:0014705	HGNC:12872	biolink:causes	1
0.9993418	MONDO:0014717	HGNC:13993	biolink:gene_associated_with_condition	1
0.9130615	MONDO:0014733	HGNC:11474	biolink:gene_associated_with_condition	1
0.9989219	MONDO:0014741	HGNC:17327	biolink:causes	1
0.9999883	MONDO:0014745	HGNC:2190	biolink:causes	1
0.88200206	MONDO:0014753	HGNC:118	biolink:gene_associated_with_condition	1
0.99897385	MONDO:0014797	HGNC:28993	biolink:causes	1
0.99897385	MONDO:0014797	HGNC:28993	biolink:gene_associated_with_condition	1
0.07854961	MONDO:0014809	HGNC:18674	biolink:gene_associated_with_condition	1
0.9995951	MONDO:0014821	HGNC:26887	biolink:causes	1
0.45483398	MONDO:0014837	HGNC:11283	biolink:gene_associated_with_condition	1
0.939416	MONDO:0014841	HGNC:4651	biolink:causes	1
0.9942537	MONDO:0014850	HGNC:17341	biolink:causes	1
0.90225154	MONDO:0014866	HGNC:7154	biolink:causes	1
0.6034744	MONDO:0014866	HGNC:5228	biolink:gene_associated_with_condition	1
0.5547123	MONDO:0014882	HGNC:21062	biolink:gene_associated_with_condition	1
0.9723327	MONDO:0014890	HGNC:15646	biolink:gene_associated_with_condition	1
0.9615127	MONDO:0014914	HGNC:13221	biolink:causes	1
0.99990594	MONDO:0014918	HGNC:3705	biolink:gene_associated_with_condition	1
0.9629752	MONDO:0014926	HGNC:21424	biolink:causes	1
0.91314256	MONDO:0014942	HGNC:4081	biolink:causes	1
0.87372434	MONDO:0014946	HGNC:1919	biolink:gene_associated_with_condition	1
0.6811045	MONDO:0014970	HGNC:19218	biolink:causes	1
0.9980872	MONDO:0014994	HGNC:12933	biolink:causes	1
0.5754561	MONDO:0014998	HGNC:11724	biolink:causes	1
0.7328746	MONDO:0015010	HGNC:4313	biolink:gene_associated_with_condition	1
0.6571146	MONDO:0015054	HGNC:1228	biolink:gene_associated_with_condition	1
0.48769423	MONDO:0015268	HGNC:11630	biolink:gene_associated_with_condition	1
0.85287124	MONDO:0015353	HGNC:4162	biolink:causes	1
0.92964864	MONDO:0015466	HGNC:5154	biolink:gene_associated_with_condition	1
0.4461382	MONDO:0015566	HGNC:7981	biolink:gene_associated_with_condition	1
0.8780377	MONDO:0015679	HGNC:29186	biolink:gene_associated_with_condition	1
0.9212949	MONDO:0015779	HGNC:11311	biolink:gene_associated_with_condition	1
0.9986345	MONDO:0015783	HGNC:6814	biolink:gene_associated_with_condition	1
0.7854633	MONDO:0015783	HGNC:11164	biolink:gene_associated_with_condition	1
0.9710047	MONDO:0015787	HGNC:3546	biolink:gene_associated_with_condition	1
0.8919038	MONDO:0016049	HGNC:3097	biolink:gene_associated_with_condition	1
0.8158839	MONDO:0016216	HGNC:1509	biolink:gene_associated_with_condition	1
0.8756745	MONDO:0016216	HGNC:2514	biolink:gene_associated_with_condition	1
0.22872987	MONDO:0016268	HGNC:3430	biolink:gene_associated_with_condition	1
0.9500313	MONDO:0016308	HGNC:14537	biolink:gene_associated_with_condition	1
0.93741417	MONDO:0016308	HGNC:7897	biolink:gene_associated_with_condition	1
0.8977809	MONDO:0016316	HGNC:5389	biolink:gene_associated_with_condition	1
0.36757267	MONDO:0016356	HGNC:6120	biolink:gene_associated_with_condition	1
0.86999315	MONDO:0016356	HGNC:2500	biolink:gene_associated_with_condition	1
0.48217613	MONDO:0016356	HGNC:1607	biolink:gene_associated_with_condition	1
0.935549	MONDO:0016476	HGNC:1786	biolink:gene_associated_with_condition	1
0.20160635	MONDO:0016573	HGNC:4801	biolink:gene_associated_with_condition	1
0.8649251	MONDO:0016589	HGNC:30605	biolink:gene_associated_with_condition	1
0.83535147	MONDO:0016605	HGNC:438	biolink:gene_associated_with_condition	1
0.6578096	MONDO:0016621	HGNC:4851	biolink:gene_associated_with_condition	1
0.18396209	MONDO:0016703	HGNC:5383	biolink:gene_associated_with_condition	1
0.91322565	MONDO:0016783	HGNC:14665	biolink:gene_associated_with_condition	1
0.73748696	MONDO:0016783	HGNC:14575	biolink:gene_associated_with_condition	1
0.4786535	MONDO:0016839	HGNC:12851	biolink:gene_associated_with_condition	1
0.95965654	MONDO:0016863	HGNC:15924	biolink:gene_associated_with_condition	1
0.9517936	MONDO:0017218	HGNC:9585	biolink:gene_associated_with_condition	1
0.9240735	MONDO:0017218	HGNC:11776	biolink:gene_associated_with_condition	1
0.854793	MONDO:0017218	HGNC:3814	biolink:gene_associated_with_condition	1
0.47966647	MONDO:0017238	HGNC:4832	biolink:gene_associated_with_condition	1
0.9223876	MONDO:0017403	HGNC:6636	biolink:gene_associated_with_condition	1
0.8549062	MONDO:0017403	HGNC:11769	biolink:gene_associated_with_condition	1
0.8402967	MONDO:0017407	HGNC:7795	biolink:gene_associated_with_condition	1
0.9464088	MONDO:0017544	HGNC:5136	biolink:gene_associated_with_condition	1
0.45637292	MONDO:0017598	HGNC:7910	biolink:gene_associated_with_condition	1
0.6183412	MONDO:0017683	HGNC:25221	biolink:gene_associated_with_condition	1
0.761973	MONDO:0017691	HGNC:4116	biolink:gene_associated_with_condition	1
0.97056353	MONDO:0017715	HGNC:4799	biolink:causes	1
0.93916935	MONDO:0017791	HGNC:2198	biolink:gene_associated_with_condition	1
0.5403312	MONDO:0017811	HGNC:9701	biolink:gene_associated_with_condition	1
0.9258391	MONDO:0017839	HGNC:2600	biolink:gene_associated_with_condition	1
0.6142579	MONDO:0017935	HGNC:11621	biolink:gene_associated_with_condition	1
0.9467398	MONDO:0017939	HGNC:7577	biolink:gene_associated_with_condition	1
0.4587674	MONDO:0017947	HGNC:620	biolink:gene_associated_with_condition	1
0.5968193	MONDO:0018015	HGNC:6998	biolink:gene_associated_with_condition	1
0.92773503	MONDO:0018023	HGNC:4823	biolink:gene_associated_with_condition	1
0.20507966	MONDO:0018055	HGNC:2514	biolink:gene_associated_with_condition	1
0.6695308	MONDO:0018131	HGNC:5044	biolink:gene_associated_with_condition	1
0.89453846	MONDO:0018436	HGNC:14959	biolink:gene_associated_with_condition	1
0.26596615	MONDO:0018448	HGNC:26038	biolink:gene_associated_with_condition	1
0.8582518	MONDO:0018464	HGNC:9462	biolink:gene_associated_with_condition	1
0.8772942	MONDO:0018492	HGNC:8125	biolink:gene_associated_with_condition	1
0.473695	MONDO:0018564	HGNC:14255	biolink:gene_associated_with_condition	1
0.8743505	MONDO:0018576	HGNC:20492	biolink:gene_associated_with_condition	1
0.9713002	MONDO:0018656	HGNC:30074	biolink:gene_associated_with_condition	1
0.5595065	MONDO:0018749	HGNC:4831	biolink:gene_associated_with_condition	1
0.47180957	MONDO:0018761	HGNC:11100	biolink:gene_associated_with_condition	1
0.8939388	MONDO:0018822	HGNC:28957	biolink:gene_associated_with_condition	1
0.61386645	MONDO:0018875	HGNC:16627	biolink:gene_associated_with_condition	1
0.9998982	MONDO:0018931	HGNC:29670	biolink:gene_associated_with_condition	1
0.966774	MONDO:0019148	HGNC:6617	biolink:causes	1
0.966774	MONDO:0019148	HGNC:6617	biolink:gene_associated_with_condition	1
0.9908922	MONDO:0019176	HGNC:12340	biolink:gene_associated_with_condition	1
0.85639626	MONDO:0019428	HGNC:560	biolink:gene_associated_with_condition	1
0.5550549	MONDO:0019448	HGNC:25489	biolink:gene_associated_with_condition	1
0.84029955	MONDO:0019456	HGNC:5383	biolink:gene_associated_with_condition	1
0.8492461	MONDO:0019456	HGNC:5382	biolink:gene_associated_with_condition	1
0.8406149	MONDO:0019456	HGNC:2978	biolink:gene_associated_with_condition	1
0.9938188	MONDO:0019636	HGNC:23399	biolink:gene_associated_with_condition	1
0.753271	MONDO:0019636	HGNC:9967	biolink:gene_associated_with_condition	1
0.86662215	MONDO:0019644	HGNC:11630	biolink:gene_associated_with_condition	1
0.9819573	MONDO:0019828	HGNC:15836	biolink:gene_associated_with_condition	1
0.98083043	MONDO:0019828	HGNC:4877	biolink:gene_associated_with_condition	1
0.92678416	MONDO:0019828	HGNC:21734	biolink:gene_associated_with_condition	1
0.768767	MONDO:0019828	HGNC:13831	biolink:gene_associated_with_condition	1
0.3542761	MONDO:0019848	HGNC:644	biolink:gene_associated_with_condition	1
0.98666734	MONDO:0019896	HGNC:24650	biolink:gene_associated_with_condition	1
0.29963663	MONDO:0020298	HGNC:7675	biolink:gene_associated_with_condition	1
0.74499834	MONDO:0020298	HGNC:8101	biolink:gene_associated_with_condition	1
0.99708277	MONDO:0020346	HGNC:2226	biolink:gene_associated_with_condition	1
0.9490348	MONDO:0020354	HGNC:8620	biolink:gene_associated_with_condition	1
0.87763417	MONDO:0020378	HGNC:7103	biolink:gene_associated_with_condition	1
0.88169914	MONDO:0020382	HGNC:9942	biolink:gene_associated_with_condition	1
0.99139786	MONDO:0020507	HGNC:3257	biolink:causes	1
0.8616814	MONDO:0020507	HGNC:3259	biolink:gene_associated_with_condition	1
0.7554905	MONDO:0020563	HGNC:5009	biolink:gene_associated_with_condition	1
0.9807031	MONDO:0020603	HGNC:3133	biolink:causes	1
0.9807031	MONDO:0020603	HGNC:3133	biolink:gene_associated_with_condition	1
0.9699103	MONDO:0020607	HGNC:10600	biolink:causes	1
0.9447258	MONDO:0020611	HGNC:6308	biolink:causes	1
0.4586086	MONDO:0020619	HGNC:47	biolink:causes	1
0.9976876	MONDO:0020631	HGNC:4082	biolink:causes	1
0.99954635	MONDO:0020692	HGNC:2909	biolink:causes	1
0.83406675	MONDO:0020748	HGNC:13886	biolink:causes	1
0.7988031	MONDO:0020788	HGNC:799	biolink:causes	1
0.99734265	MONDO:0020841	HGNC:21701	biolink:causes	1
0.60439414	MONDO:0023662	HGNC:485	biolink:causes	1
0.99498874	MONDO:0024309	HGNC:25964	biolink:causes	1
0.99990666	MONDO:0024541	HGNC:23639	biolink:causes	1
0.99065346	MONDO:0024553	HGNC:15508	biolink:causes	1
0.8432401	MONDO:0024557	HGNC:7230	biolink:causes	1
0.8432401	MONDO:0024557	HGNC:7230	biolink:gene_associated_with_condition	1
0.9999999	MONDO:0025699	HGNC:4332	biolink:causes	1
0.99996936	MONDO:0026730	HGNC:7370	biolink:causes	1
0.9945339	MONDO:0027451	HGNC:851	biolink:causes	1
0.97682536	MONDO:0029133	HGNC:1480	biolink:gene_associated_with_condition	1
0.9989214	MONDO:0030028	HGNC:18798	biolink:causes	1
0.7007103	MONDO:0030036	HGNC:24921	biolink:causes	1
0.75098354	MONDO:0030057	HGNC:13607	biolink:causes	1
0.99132746	MONDO:0030074	HGNC:9056	biolink:gene_associated_with_condition	1
0.62196475	MONDO:0030089	HGNC:6081	biolink:causes	1
0.976503	MONDO:0030312	HGNC:12713	biolink:causes	1
0.55135053	MONDO:0030338	HGNC:29558	biolink:causes	1
0.8276106	MONDO:0030374	HGNC:6027	biolink:causes	1
0.9996062	MONDO:0030440	HGNC:25295	biolink:causes	1
0.99624336	MONDO:0030673	HGNC:13921	biolink:causes	1
0.99994206	MONDO:0030729	HGNC:4787	biolink:causes	1
0.99651164	MONDO:0030785	HGNC:16491	biolink:causes	1
0.99507564	MONDO:0030878	HGNC:30511	biolink:gene_associated_with_condition	1
0.8837764	MONDO:0030910	HGNC:14214	biolink:causes	1
0.98676795	MONDO:0030914	HGNC:12306	biolink:causes	1
0.99998236	MONDO:0030918	HGNC:19088	biolink:causes	1
0.6732055	MONDO:0030967	HGNC:6215	biolink:causes	1
0.9832844	MONDO:0030971	HGNC:12016	biolink:causes	1
0.997785	MONDO:0032570	HGNC:694	biolink:causes	1
0.9875657	MONDO:0032578	HGNC:2510	biolink:causes	1
0.79744166	MONDO:0032604	HGNC:17211	biolink:causes	1
0.7872427	MONDO:0032612	HGNC:7717	biolink:causes	1
0.9988814	MONDO:0032624	HGNC:26927	biolink:causes	1
0.9927044	MONDO:0032636	HGNC:7690	biolink:causes	1
0.8573599	MONDO:0032646	HGNC:8001	biolink:causes	1
0.99842167	MONDO:0032650	HGNC:17258	biolink:causes	1
0.7148006	MONDO:0032655	HGNC:6897	biolink:causes	1
0.3058218	MONDO:0032659	HGNC:9955	biolink:causes	1
0.97467417	MONDO:0032684	HGNC:9177	biolink:causes	1
0.96711236	MONDO:0032692	HGNC:29914	biolink:causes	1
0.9964366	MONDO:0032724	HGNC:17085	biolink:causes	1
0.9999374	MONDO:0032748	HGNC:23045	biolink:causes	1
0.99944884	MONDO:0032752	HGNC:30563	biolink:causes	1
0.91580427	MONDO:0032757	HGNC:24846	biolink:causes	1
0.97542465	MONDO:0032770	HGNC:160	biolink:causes	1
0.9886014	MONDO:0032778	HGNC:17089	biolink:causes	1
0.9919607	MONDO:0032782	HGNC:6009	biolink:causes	1
0.98322785	MONDO:0032790	HGNC:29012	biolink:causes	1
0.9962469	MONDO:0032798	HGNC:14418	biolink:causes	1
0.9999989	MONDO:0032822	HGNC:8959	biolink:causes	1
0.987768	MONDO:0032835	HGNC:31527	biolink:causes	1
0.92340136	MONDO:0032869	HGNC:30889	biolink:causes	1
0.85929155	MONDO:0032913	HGNC:3767	biolink:causes	1
0.9996024	MONDO:0032921	HGNC:17770	biolink:causes	1
0.87697226	MONDO:0032934	HGNC:7618	biolink:causes	1
0.9981007	MONDO:0032938	HGNC:14686	biolink:causes	1
0.98304486	MONDO:0032942	HGNC:11254	biolink:causes	1
0.99414474	MONDO:0033006	HGNC:26058	biolink:causes	1
0.82804567	MONDO:0033046	HGNC:6948	biolink:causes	1
0.7504373	MONDO:0033200	HGNC:10256	biolink:causes	1
0.5900282	MONDO:0033363	HGNC:5048	biolink:causes	1
0.6860974	MONDO:0033482	HGNC:14957	biolink:gene_associated_with_condition	1
0.55443645	MONDO:0033534	HGNC:14509	biolink:causes	1
0.9937738	MONDO:0033543	HGNC:17283	biolink:causes	1
0.9863858	MONDO:0033547	HGNC:17933	biolink:causes	1
0.9854601	MONDO:0033556	HGNC:3007	biolink:causes	1
0.97399986	MONDO:0033564	HGNC:13862	biolink:causes	1
0.5489959	MONDO:0033620	HGNC:11480	biolink:causes	1
0.9272357	MONDO:0033669	HGNC:6871	biolink:causes	1
0.99732876	MONDO:0034106	HGNC:10057	biolink:gene_associated_with_condition	1
0.9656735	MONDO:0035153	HGNC:17728	biolink:gene_associated_with_condition	1
0.4106174	MONDO:0035236	HGNC:9658	biolink:gene_associated_with_condition	1
0.8512429	MONDO:0035941	HGNC:7132	biolink:gene_associated_with_condition	1
0.54712	MONDO:0035945	HGNC:5477	biolink:gene_associated_with_condition	1
0.9989015	MONDO:0036189	HGNC:11182	biolink:gene_associated_with_condition	1
0.18169433	MONDO:0043364	HGNC:3423	biolink:causes	1
0.97074	MONDO:0044204	HGNC:11301	biolink:causes	1
0.9155907	MONDO:0044220	HGNC:4204	biolink:causes	1
0.9471173	MONDO:0044224	HGNC:14639	biolink:causes	1
0.9687764	MONDO:0044276	HGNC:12450	biolink:causes	1
0.99648833	MONDO:0044306	HGNC:20967	biolink:gene_associated_with_condition	1
0.99984527	MONDO:0044319	HGNC:24281	biolink:causes	1
0.92418814	MONDO:0044323	HGNC:4718	biolink:causes	1
0.99734026	MONDO:0044646	HGNC:11581	biolink:causes	1
0.9326518	MONDO:0044651	HGNC:11582	biolink:gene_associated_with_condition	1
0.9232231	MONDO:0044657	HGNC:7154	biolink:gene_associated_with_condition	1
0.8949304	MONDO:0044701	HGNC:12511	biolink:gene_associated_with_condition	1
0.8348873	MONDO:0044738	HGNC:12856	biolink:causes	1
0.83389163	MONDO:0049221	HGNC:710	biolink:causes	1
0.9964914	MONDO:0054636	HGNC:21208	biolink:causes	1
0.9251251	MONDO:0054699	HGNC:9541	biolink:causes	1
0.7970975	MONDO:0054743	HGNC:23161	biolink:causes	1
0.98757404	MONDO:0054764	HGNC:2342	biolink:causes	1
0.9969324	MONDO:0054776	HGNC:10590	biolink:causes	1
0.82594705	MONDO:0054785	HGNC:9119	biolink:causes	1
0.62879515	MONDO:0054802	HGNC:4823	biolink:causes	1
0.5608668	MONDO:0054833	HGNC:799	biolink:causes	1
0.75372696	MONDO:0054850	HGNC:29914	biolink:causes	1
0.9890653	MONDO:0060556	HGNC:15808	biolink:gene_associated_with_condition	1
0.999998	MONDO:0060631	HGNC:26953	biolink:gene_associated_with_condition	1
0.98360646	MONDO:0060663	HGNC:15802	biolink:causes	1
0.8475974	MONDO:0060702	HGNC:25640	biolink:causes	1
0.97671115	MONDO:0100101	HGNC:6814	biolink:gene_associated_with_condition	1
0.40467787	MONDO:0100101	HGNC:19349	biolink:gene_associated_with_condition	1
0.9114301	MONDO:0100189	HGNC:600	biolink:gene_associated_with_condition	1
0.9909843	MONDO:0100217	HGNC:3004	biolink:causes	1
0.6235616	MONDO:0100229	HGNC:8850	biolink:gene_associated_with_condition	1
0.9524449	MONDO:0100289	HGNC:7974	biolink:gene_associated_with_condition	1
0.98059183	MONDO:0100533	HGNC:2202	biolink:contributes_to	1
0.77231246	MONDO:0100600	HGNC:30074	biolink:gene_associated_with_condition	1
0.74509054	MONDO:0700297	HGNC:25221	biolink:causes	1
0.8222402	MONDO:0700301	HGNC:30632	biolink:causes	1
0.9981912	MONDO:0800438	HGNC:3003	biolink:causes	1
0.9981912	MONDO:0800438	HGNC:3003	biolink:gene_associated_with_condition	1
0.8373727	MONDO:0850115	HGNC:8032	biolink:gene_associated_with_condition	1
0.5564697	MONDO:0859086	HGNC:3670	biolink:causes	1
0.5970076	MONDO:0859171	HGNC:10061	biolink:causes	1
0.9999908	MONDO:0859187	HGNC:2021	biolink:causes	1
0.9408772	MONDO:0859204	HGNC:800	biolink:causes	1
0.99995625	MONDO:0859229	HGNC:13998	biolink:causes	1
0.7394676	MONDO:0859253	HGNC:2232	biolink:causes	1
0.9999976	MONDO:0859277	HGNC:18711	biolink:causes	1
0.8561406	MONDO:0859281	HGNC:26974	biolink:causes	1
0.6312879	MONDO:0859301	HGNC:5041	biolink:gene_associated_with_condition	1
0.99554473	MONDO:0859335	HGNC:11944	biolink:causes	1
0.60115725	MONDO:0859355	HGNC:21173	biolink:causes	1
0.9998691	MONDO:0859360	HGNC:19380	biolink:causes	1
0.99993396	MONDO:0859575	HGNC:17814	biolink:causes	1
0.7138032	MONDO:0957220	HGNC:21839	biolink:causes	1
0.9160764	MONDO:0957240	HGNC:12565	biolink:causes	1
0.99559045	MONDO:0957281	HGNC:11948	biolink:causes	1
0.9999001	MONDO:0957382	HGNC:4208	biolink:causes	1
0.85355604	MONDO:0957530	HGNC:26144	biolink:contributes_to	1
0.99339205	MONDO:0957577	HGNC:9280	biolink:causes	1
0.8720176	MONDO:0957584	HGNC:14967	biolink:causes	1
0.5628692	MONDO:0957809	HGNC:11302	biolink:causes	1
0.9998703	MONDO:0957953	HGNC:21648	biolink:causes	1
0.82680476	MONDO:0958013	HGNC:18276	biolink:causes	1
0.97478795	MONDO:0958189	HGNC:16466	biolink:causes	1
0.9925747	MONDO:0958237	HGNC:18628	biolink:causes	1
0.9938205	MONDO:0958241	HGNC:19012	biolink:causes	1
0.907512	MONDO:0958263	HGNC:8794	biolink:gene_associated_with_condition	1
0.6992187	MONDO:0958354	HGNC:2907	biolink:gene_associated_with_condition	1
0.8616267	MONDO:0958354	HGNC:4510	biolink:gene_associated_with_condition	1
0.9605343	MONDO:0971012	HGNC:11566	biolink:causes	1
0.9076203	MONDO:0971016	HGNC:9986	biolink:causes	1
0.49566302	MONDO:0971064	HGNC:17811	biolink:gene_associated_with_condition	1
0.76455426	MONDO:0975754	HGNC:132	biolink:gene_associated_with_condition	1
0.52094924	MONDO:0975835	HGNC:15939	biolink:causes	1
0.98769337	MONDO:0975843	HGNC:30705	biolink:causes	1
0.5927432	MONDO:0976226	HGNC:939	biolink:causes	1
0.91691893	MONDO:0976267	HGNC:29077	biolink:contributes_to	1
0.98963845	MONDO:1040033	HGNC:17997	biolink:gene_associated_with_condition	1
0.36289975	MONDO:8000006	HGNC:2561	biolink:gene_associated_with_condition	1
0.78932184	HGNC:20	MONDO:0957477	biolink:causes	0
0.498457	HGNC:20	MONDO:0054723	biolink:causes	0
0.81448734	HGNC:33	MONDO:0019828	biolink:gene_associated_with_condition	0
0.20320043	HGNC:53	MONDO:0011911	biolink:causes	0
0.3126647	HGNC:53	MONDO:0013473	biolink:causes	0
0.16316688	HGNC:126	MONDO:0017844	biolink:causes	0
0.06673705	HGNC:126	MONDO:0012092	biolink:causes	0
0.85550386	HGNC:1839	MONDO:0014159	biolink:causes	0
0.9253428	HGNC:1839	MONDO:0957993	biolink:causes	0
0.12507683	HGNC:13202	MONDO:0976226	biolink:gene_associated_with_condition	0
0.0408256	HGNC:21285	MONDO:0014836	biolink:contributes_to	0
0.37499285	HGNC:13203	MONDO:0008818	biolink:causes	0
0.6258598	HGNC:13203	MONDO:0026733	biolink:causes	0
0.19326758	HGNC:360	MONDO:0016689	biolink:gene_associated_with_condition	0
0.78201234	HGNC:360	MONDO:0020631	biolink:gene_associated_with_condition	0
0.26321685	HGNC:385	MONDO:0013531	biolink:gene_associated_with_condition	0
0.89492995	HGNC:3513	MONDO:0014735	biolink:causes	0
0.8937857	HGNC:3513	MONDO:0010397	biolink:causes	0
0.86966836	HGNC:3531	MONDO:0009872	biolink:contributes_to	0
0.8096604	HGNC:3531	MONDO:0019921	biolink:contributes_to	0
0.8817012	HGNC:3531	MONDO:0012652	biolink:contributes_to	0
0.94054353	HGNC:3583	MONDO:0008426	biolink:causes	0
0.8949431	HGNC:3583	MONDO:0014343	biolink:causes	0
0.91798615	HGNC:3583	MONDO:0007524	biolink:causes	0
0.82447463	HGNC:3583	MONDO:0013929	biolink:causes	0
0.88321775	HGNC:3602	MONDO:0032874	biolink:causes	0
0.73847604	HGNC:3602	MONDO:0007615	biolink:causes	0
0.22033778	HGNC:3616	MONDO:0019855	biolink:contributes_to	0
0.80557215	HGNC:3662	MONDO:0008377	biolink:gene_associated_with_condition	0
0.95919234	HGNC:3702	MONDO:0011398	biolink:gene_associated_with_condition	0
0.8397416	HGNC:3702	MONDO:0036212	biolink:causes	0
0.8308764	HGNC:3702	MONDO:0010086	biolink:causes	0
0.4918154	HGNC:3702	MONDO:0010767	biolink:gene_associated_with_condition	0
0.9684872	HGNC:3702	MONDO:0014343	biolink:causes	0
0.9185534	HGNC:3705	MONDO:0035819	biolink:gene_associated_with_condition	0
0.94430584	HGNC:3754	MONDO:0009151	biolink:gene_associated_with_condition	0
0.83519727	HGNC:3754	MONDO:0009928	biolink:causes	0
0.7888122	HGNC:3754	MONDO:0014927	biolink:causes	0
0.8664817	HGNC:3754	MONDO:0009998	biolink:gene_associated_with_condition	0
0.9210016	HGNC:3754	MONDO:0016355	biolink:gene_associated_with_condition	0
0.91455257	HGNC:3754	MONDO:0008377	biolink:causes	0
0.7978777	HGNC:3754	MONDO:0009843	biolink:gene_associated_with_condition	0
0.93083245	HGNC:3754	MONDO:0010092	biolink:causes	0
0.84825474	HGNC:3754	MONDO:0015566	biolink:causes	0
0.86697775	HGNC:3754	MONDO:0016621	biolink:gene_associated_with_condition	0
0.9027786	HGNC:3754	MONDO:0024553	biolink:gene_associated_with_condition	0
0.5711514	HGNC:3823	MONDO:0859369	biolink:causes	0
0.6435816	HGNC:3823	MONDO:0030987	biolink:causes	0
0.7366277	HGNC:3823	MONDO:0007167	biolink:causes	0
0.5726653	HGNC:13875	MONDO:0100218	biolink:causes	0
0.6199433	HGNC:13875	MONDO:0010296	biolink:causes	0
0.028728783	HGNC:13875	MONDO:0007454	biolink:causes	0
0.46712676	HGNC:19185	MONDO:0007086	biolink:causes	0
0.71264184	HGNC:19185	MONDO:0021573	biolink:causes	0
0.8648464	HGNC:19185	MONDO:0009168	biolink:causes	0
0.88866854	HGNC:19185	MONDO:0033200	biolink:causes	0
0.9384427	HGNC:23399	MONDO:0008153	biolink:causes	0
0.60878974	HGNC:3999	MONDO:0030905	biolink:gene_associated_with_condition	0
0.8926444	HGNC:26219	MONDO:0007794	biolink:gene_associated_with_condition	0
0.9710665	HGNC:26219	MONDO:0009140	biolink:gene_associated_with_condition	0
0.15568846	HGNC:4023	MONDO:0018419	biolink:causes	0
0.11805405	HGNC:4023	MONDO:0014311	biolink:causes	0
0.06829609	HGNC:4023	MONDO:0012354	biolink:causes	0
0.1619019	HGNC:14673	MONDO:0014977	biolink:causes	0
0.14785185	HGNC:14673	MONDO:0958012	biolink:causes	0
0.11736728	HGNC:14673	MONDO:0009192	biolink:causes	0
0.8038976	HGNC:4116	MONDO:0054785	biolink:gene_associated_with_condition	0
0.8916111	HGNC:4125	MONDO:0013836	biolink:causes	0
0.41583323	HGNC:15802	MONDO:0009159	biolink:gene_associated_with_condition	0
0.3311197	HGNC:15802	MONDO:0010758	biolink:causes	0
0.29712138	HGNC:15802	MONDO:0014466	biolink:gene_associated_with_condition	0
0.46800512	HGNC:15802	MONDO:0017117	biolink:gene_associated_with_condition	0
0.2577693	HGNC:15802	MONDO:0007163	biolink:causes	0
0.31617582	HGNC:15802	MONDO:0007564	biolink:causes	0
0.41371036	HGNC:15802	MONDO:0009274	biolink:causes	0
0.66284704	HGNC:4175	MONDO:0007925	biolink:gene_associated_with_condition	0
0.81434244	HGNC:15805	MONDO:0957876	biolink:gene_associated_with_condition	0
0.34317875	HGNC:4204	MONDO:0010315	biolink:causes	0
0.111741886	HGNC:4204	MONDO:0100289	biolink:causes	0
0.5246576	HGNC:4236	MONDO:0009377	biolink:causes	0
0.7855336	HGNC:29682	MONDO:0014039	biolink:causes	0
0.6337898	HGNC:29682	MONDO:0008377	biolink:causes	0
0.681462	HGNC:4281	MONDO:0017238	biolink:gene_associated_with_condition	0
0.9247278	HGNC:4284	MONDO:0007363	biolink:gene_associated_with_condition	0
0.5262952	HGNC:4313	MONDO:0012656	biolink:gene_associated_with_condition	0
0.8152592	HGNC:4313	MONDO:0014343	biolink:gene_associated_with_condition	0
0.72864	HGNC:4367	MONDO:0010959	biolink:gene_associated_with_condition	0
0.7240783	HGNC:4367	MONDO:0958194	biolink:causes	0
0.86594003	HGNC:4367	MONDO:0007854	biolink:causes	0
0.80626774	HGNC:4367	MONDO:0957787	biolink:gene_associated_with_condition	0
0.07667057	HGNC:4367	MONDO:0007103	biolink:gene_associated_with_condition	0
0.9663916	HGNC:4452	MONDO:0010486	biolink:causes	0
0.52896523	HGNC:4462	MONDO:0013526	biolink:gene_associated_with_condition	0
0.40969953	HGNC:29501	MONDO:0024607	biolink:gene_associated_with_condition	0
0.836561	HGNC:4593	MONDO:0019174	biolink:gene_associated_with_condition	0
0.63358706	HGNC:4593	MONDO:0008673	biolink:gene_associated_with_condition	0
0.28534424	HGNC:4706	MONDO:0010258	biolink:causes	0
0.4338826	HGNC:4706	MONDO:0030455	biolink:causes	0
0.5383259	HGNC:4799	MONDO:0019505	biolink:causes	0
0.40653393	HGNC:4799	MONDO:0007943	biolink:causes	0
0.63353676	HGNC:4799	MONDO:0044724	biolink:causes	0
0.35674083	HGNC:4799	MONDO:0007363	biolink:causes	0
0.5608622	HGNC:4799	MONDO:0016573	biolink:causes	0
0.44945988	HGNC:4799	MONDO:0020378	biolink:gene_associated_with_condition	0
0.5778895	HGNC:4823	MONDO:0013400	biolink:gene_associated_with_condition	0
0.43670404	HGNC:4823	MONDO:0007777	biolink:causes	0
0.8429971	HGNC:4823	MONDO:0014343	biolink:causes	0
0.5788226	HGNC:4823	MONDO:0009414	biolink:causes	0
0.5783475	HGNC:4942	MONDO:0013460	biolink:gene_associated_with_condition	0
0.6012897	HGNC:4948	MONDO:0009151	biolink:gene_associated_with_condition	0
0.21321712	HGNC:4948	MONDO:0008740	biolink:gene_associated_with_condition	0
0.35729915	HGNC:4948	MONDO:0014612	biolink:gene_associated_with_condition	0
0.4947755	HGNC:4948	MONDO:0032741	biolink:contributes_to	0
0.37284365	HGNC:4948	MONDO:0009839	biolink:contributes_to	0
0.67586756	HGNC:4948	MONDO:0013301	biolink:contributes_to	0
0.38523507	HGNC:4948	MONDO:0014401	biolink:contributes_to	0
0.61512613	HGNC:11621	MONDO:0054776	biolink:gene_associated_with_condition	0
0.7878203	HGNC:5048	MONDO:0008542	biolink:causes	0
0.26800293	HGNC:5136	MONDO:0054724	biolink:causes	0
0.9241804	HGNC:5136	MONDO:0700250	biolink:gene_associated_with_condition	0
0.50851756	HGNC:5136	MONDO:0957583	biolink:gene_associated_with_condition	0
0.929563	HGNC:5273	MONDO:0032853	biolink:gene_associated_with_condition	0
0.95859694	HGNC:5273	MONDO:0011756	biolink:gene_associated_with_condition	0
0.97560215	HGNC:5273	MONDO:0850078	biolink:gene_associated_with_condition	0
0.51141566	HGNC:14348	MONDO:0020788	biolink:gene_associated_with_condition	0
0.7416052	HGNC:27302	MONDO:0007740	biolink:gene_associated_with_condition	0
0.74435383	HGNC:27302	MONDO:0015783	biolink:gene_associated_with_condition	0
0.5043546	HGNC:5383	MONDO:0009411	biolink:gene_associated_with_condition	0
0.6637513	HGNC:5383	MONDO:0017111	biolink:causes	0
0.74930966	HGNC:5383	MONDO:0054771	biolink:gene_associated_with_condition	0
0.69942063	HGNC:5383	MONDO:0011013	biolink:gene_associated_with_condition	0
0.75999576	HGNC:5383	MONDO:0015283	biolink:gene_associated_with_condition	0
0.8511133	HGNC:5383	MONDO:0015010	biolink:causes	0
0.6058949	HGNC:5383	MONDO:0049221	biolink:gene_associated_with_condition	0
0.9478899	HGNC:6010	MONDO:0014551	biolink:causes	0
0.9596086	HGNC:6010	MONDO:0014661	biolink:causes	0
0.3326653	HGNC:6010	MONDO:0044220	biolink:causes	0
0.22957419	HGNC:5965	MONDO:0030089	biolink:contributes_to	0
0.589625	HGNC:6005	MONDO:0012726	biolink:gene_associated_with_condition	0
0.55830336	HGNC:6005	MONDO:0859204	biolink:gene_associated_with_condition	0
0.3152261	HGNC:6081	MONDO:0013690	biolink:causes	0
0.8048376	HGNC:6081	MONDO:0012488	biolink:causes	0
0.8632367	HGNC:6081	MONDO:0008377	biolink:causes	0
0.22557254	HGNC:6081	MONDO:0011184	biolink:causes	0
0.78847545	HGNC:6091	MONDO:0008278	biolink:causes	0
0.857067	HGNC:6091	MONDO:0012044	biolink:causes	0
0.5801463	HGNC:6091	MONDO:0012368	biolink:causes	0
0.9622592	HGNC:6091	MONDO:0014343	biolink:causes	0
0.9622592	HGNC:6091	MONDO:0014343	biolink:gene_associated_with_condition	0
0.5773687	HGNC:6115	MONDO:0013315	biolink:causes	0
0.55054164	HGNC:19309	MONDO:0010000	biolink:causes	0
0.5186576	HGNC:19309	MONDO:0017283	biolink:causes	0
0.02283433	HGNC:19309	MONDO:0035694	biolink:causes	0
0.34172687	HGNC:19309	MONDO:0014339	biolink:causes	0
0.8160042	HGNC:6239	MONDO:0020378	biolink:gene_associated_with_condition	0
0.8869092	HGNC:6256	MONDO:0014580	biolink:causes	0
0.14556508	HGNC:6308	MONDO:0011017	biolink:causes	0
0.17147556	HGNC:6315	MONDO:0014327	biolink:causes	0
0.6168427	HGNC:6315	MONDO:0014343	biolink:causes	0
0.6150477	HGNC:29508	MONDO:0012096	biolink:causes	0
0.83470213	HGNC:29508	MONDO:0014823	biolink:causes	0
0.9915326	HGNC:30497	MONDO:0013256	biolink:gene_associated_with_condition	0
0.7645576	HGNC:30497	MONDO:0018448	biolink:causes	0
0.45372576	HGNC:6343	MONDO:0013718	biolink:causes	0
0.3910001	HGNC:15646	MONDO:0011165	biolink:causes	0
0.7679005	HGNC:15646	MONDO:0012792	biolink:causes	0
0.8745815	HGNC:15646	MONDO:0700250	biolink:causes	0
0.5592729	HGNC:15646	MONDO:0014419	biolink:gene_associated_with_condition	0
0.56061226	HGNC:15646	MONDO:0012526	biolink:causes	0
0.124342635	HGNC:18829	MONDO:0008854	biolink:causes	0
0.83647823	HGNC:7132	MONDO:0010392	biolink:gene_associated_with_condition	0
0.81434375	HGNC:7132	MONDO:0007157	biolink:gene_associated_with_condition	0
0.9768652	HGNC:7132	MONDO:0014343	biolink:gene_associated_with_condition	0
0.92525715	HGNC:7133	MONDO:0032656	biolink:gene_associated_with_condition	0
0.8627489	HGNC:7133	MONDO:0100045	biolink:gene_associated_with_condition	0
0.89962065	HGNC:7133	MONDO:0012569	biolink:gene_associated_with_condition	0
0.84896624	HGNC:7133	MONDO:0017354	biolink:gene_associated_with_condition	0
0.49587944	HGNC:6407	MONDO:0049222	biolink:causes	0
0.49159774	HGNC:6407	MONDO:0013607	biolink:causes	0
0.6842692	HGNC:6407	MONDO:0033542	biolink:causes	0
0.7787292	HGNC:6407	MONDO:0012892	biolink:causes	0
0.3948845	HGNC:6407	MONDO:0013957	biolink:causes	0
0.24651022	HGNC:20406	MONDO:0011911	biolink:gene_associated_with_condition	0
0.18076183	HGNC:20406	MONDO:0009562	biolink:causes	0
0.22659914	HGNC:20406	MONDO:0014857	biolink:gene_associated_with_condition	0
0.030369649	HGNC:20406	MONDO:0009252	biolink:gene_associated_with_condition	0
0.39871424	HGNC:6415	MONDO:0014386	biolink:causes	0
0.39364615	HGNC:6415	MONDO:0044222	biolink:causes	0
0.19216865	HGNC:29796	MONDO:0859328	biolink:causes	0
0.09882262	HGNC:29796	MONDO:0013208	biolink:causes	0
0.12519215	HGNC:29796	MONDO:0020841	biolink:causes	0
0.57603407	HGNC:6535	MONDO:0007922	biolink:gene_associated_with_condition	0
0.29609412	HGNC:18640	MONDO:0013912	biolink:gene_associated_with_condition	0
0.24106082	HGNC:18640	MONDO:0006952	biolink:gene_associated_with_condition	0
0.58872736	HGNC:6554	MONDO:0044660	biolink:gene_associated_with_condition	0
0.6181131	HGNC:6554	MONDO:0017317	biolink:gene_associated_with_condition	0
0.89296913	HGNC:6554	MONDO:0014343	biolink:gene_associated_with_condition	0
0.59272563	HGNC:6585	MONDO:0008684	biolink:gene_associated_with_condition	0
0.48838374	HGNC:19263	MONDO:0008705	biolink:causes	0
0.8929022	HGNC:6636	MONDO:0009820	biolink:causes	0
0.7017862	HGNC:6636	MONDO:0018336	biolink:gene_associated_with_condition	0
0.41541174	HGNC:6636	MONDO:0044626	biolink:gene_associated_with_condition	0
0.521822	HGNC:6636	MONDO:0019458	biolink:gene_associated_with_condition	0
0.68148607	HGNC:6636	MONDO:0009414	biolink:causes	0
0.9855467	HGNC:13869	MONDO:0014060	biolink:causes	0
0.98241043	HGNC:13869	MONDO:0007922	biolink:causes	0
0.9883108	HGNC:13869	MONDO:0019758	biolink:causes	0
0.9449572	HGNC:13869	MONDO:0011630	biolink:causes	0
0.49472076	HGNC:15714	MONDO:0008817	biolink:causes	0
0.77215564	HGNC:6717	MONDO:0017947	biolink:causes	0
0.12621056	HGNC:21173	MONDO:0971178	biolink:causes	0
0.8353293	HGNC:6742	MONDO:0008501	biolink:causes	0
0.83442575	HGNC:6742	MONDO:0009527	biolink:causes	0
0.93046427	HGNC:6742	MONDO:0012222	biolink:causes	0
0.86173266	HGNC:6814	MONDO:0009031	biolink:gene_associated_with_condition	0
0.9533459	HGNC:6814	MONDO:0009820	biolink:gene_associated_with_condition	0
0.8916852	HGNC:6814	MONDO:0014132	biolink:gene_associated_with_condition	0
0.6067152	HGNC:6814	MONDO:0013843	biolink:gene_associated_with_condition	0
0.96622735	HGNC:6814	MONDO:0044306	biolink:gene_associated_with_condition	0
0.76944077	HGNC:6814	MONDO:0957584	biolink:gene_associated_with_condition	0
0.080130585	HGNC:17811	MONDO:0011237	biolink:gene_associated_with_condition	0
0.2105234	HGNC:17811	MONDO:0020482	biolink:gene_associated_with_condition	0
0.7293688	HGNC:25240	MONDO:0010356	biolink:causes	0
0.5733161	HGNC:25240	MONDO:0054763	biolink:gene_associated_with_condition	0
0.8652289	HGNC:25240	MONDO:0014343	biolink:causes	0
0.12070056	HGNC:573	MONDO:0008762	biolink:gene_associated_with_condition	0
0.1516514	HGNC:573	MONDO:0015041	biolink:gene_associated_with_condition	0
0.48170117	HGNC:573	MONDO:0010013	biolink:gene_associated_with_condition	0
0.8686521	HGNC:573	MONDO:0014343	biolink:causes	0
0.33730936	HGNC:573	MONDO:0011156	biolink:causes	0
0.5334386	HGNC:620	MONDO:0013170	biolink:gene_associated_with_condition	0
0.18247403	HGNC:620	MONDO:0013896	biolink:gene_associated_with_condition	0
0.633019	HGNC:620	MONDO:0032592	biolink:gene_associated_with_condition	0
0.91923434	HGNC:620	MONDO:0014343	biolink:gene_associated_with_condition	0
0.3402861	HGNC:620	MONDO:0000914	biolink:gene_associated_with_condition	0
0.51615614	HGNC:620	MONDO:0020507	biolink:gene_associated_with_condition	0
0.7639417	HGNC:634	MONDO:0019828	biolink:causes	0
0.94226867	HGNC:714	MONDO:0010645	biolink:gene_associated_with_condition	0
0.86933076	HGNC:719	MONDO:0032924	biolink:causes	0
0.2824195	HGNC:16448	MONDO:0019758	biolink:causes	0
0.79291105	HGNC:3033	MONDO:0009672	biolink:causes	0
0.64331293	HGNC:25636	MONDO:0859311	biolink:causes	0
0.78643495	HGNC:2375	MONDO:0014343	biolink:gene_associated_with_condition	0
0.6690545	HGNC:28845	MONDO:0013390	biolink:causes	0
0.30635616	HGNC:6998	MONDO:0014803	biolink:gene_associated_with_condition	0
0.82419777	HGNC:6998	MONDO:0033980	biolink:gene_associated_with_condition	0
0.45799354	HGNC:7027	MONDO:0011628	biolink:causes	0
0.87313527	HGNC:29659	MONDO:0013892	biolink:causes	0
0.08069103	HGNC:21086	MONDO:0031481	biolink:causes	0
0.40834004	HGNC:7096	MONDO:0017225	biolink:causes	0
0.38198185	HGNC:7104	MONDO:0007042	biolink:causes	0
0.67546177	HGNC:31527	MONDO:0013843	biolink:causes	0
0.7391515	HGNC:25221	MONDO:0012483	biolink:gene_associated_with_condition	0
0.8617555	HGNC:25221	MONDO:0014518	biolink:gene_associated_with_condition	0
0.6341079	HGNC:25221	MONDO:0014586	biolink:gene_associated_with_condition	0
0.5970842	HGNC:25221	MONDO:0031084	biolink:causes	0
0.7747679	HGNC:25221	MONDO:0011417	biolink:causes	0
0.44332817	HGNC:25221	MONDO:0054750	biolink:gene_associated_with_condition	0
0.90891653	HGNC:25221	MONDO:0010130	biolink:gene_associated_with_condition	0
0.67102134	HGNC:25221	MONDO:0011464	biolink:causes	0
0.8720103	HGNC:7224	MONDO:0007922	biolink:causes	0
0.94890505	HGNC:7224	MONDO:0024523	biolink:causes	0
0.4020916	HGNC:7230	MONDO:0014487	biolink:causes	0
0.8377798	HGNC:7326	MONDO:0008542	biolink:causes	0
0.3272117	HGNC:29678	MONDO:0012091	biolink:causes	0
0.58756137	HGNC:29678	MONDO:0018436	biolink:causes	0
0.9577077	HGNC:7499	MONDO:0060621	biolink:gene_associated_with_condition	0
0.9391045	HGNC:7499	MONDO:0007488	biolink:gene_associated_with_condition	0
0.9822155	HGNC:7499	MONDO:0859253	biolink:gene_associated_with_condition	0
0.10281778	HGNC:7436	MONDO:0014927	biolink:gene_associated_with_condition	0
0.5961796	HGNC:26190	MONDO:0008542	biolink:contributes_to	0
0.25900725	HGNC:7467	MONDO:0018273	biolink:causes	0
0.10403512	HGNC:21666	MONDO:0012892	biolink:gene_associated_with_condition	0
0.06610351	HGNC:21666	MONDO:0030028	biolink:gene_associated_with_condition	0
0.47198838	HGNC:7576	MONDO:0011107	biolink:causes	0
0.80153686	HGNC:7576	MONDO:0014224	biolink:causes	0
0.6261982	HGNC:7608	MONDO:0054763	biolink:gene_associated_with_condition	0
0.96500987	HGNC:1181	MONDO:0013256	biolink:gene_associated_with_condition	0
0.97291607	HGNC:1181	MONDO:0007922	biolink:gene_associated_with_condition	0
0.9796953	HGNC:1181	MONDO:0100119	biolink:gene_associated_with_condition	0
0.90896827	HGNC:1181	MONDO:0010397	biolink:gene_associated_with_condition	0
0.9951757	HGNC:7632	MONDO:0014343	biolink:gene_associated_with_condition	0
0.8964798	HGNC:17619	MONDO:0009360	biolink:causes	0
0.7906382	HGNC:7675	MONDO:0012039	biolink:gene_associated_with_condition	0
0.2858178	HGNC:7675	MONDO:0019947	biolink:gene_associated_with_condition	0
0.6342234	HGNC:7678	MONDO:0018328	biolink:gene_associated_with_condition	0
0.5422808	HGNC:17194	MONDO:0011113	biolink:contributes_to	0
0.2682233	HGNC:7708	MONDO:0007381	biolink:causes	0
0.05298517	HGNC:7745	MONDO:0976267	biolink:causes	0
0.89178836	HGNC:7765	MONDO:0008490	biolink:gene_associated_with_condition	0
0.83533496	HGNC:7765	MONDO:0008995	biolink:gene_associated_with_condition	0
0.8033981	HGNC:7765	MONDO:0010592	biolink:causes	0
0.8646194	HGNC:7765	MONDO:0011125	biolink:gene_associated_with_condition	0
0.9139329	HGNC:7765	MONDO:0035555	biolink:causes	0
0.73079705	HGNC:7765	MONDO:0033363	biolink:causes	0
0.5179072	HGNC:7808	MONDO:0957594	biolink:causes	0
0.67357117	HGNC:7808	MONDO:0030731	biolink:causes	0
0.6520354	HGNC:7821	MONDO:0008684	biolink:gene_associated_with_condition	0
0.49564904	HGNC:7821	MONDO:0011740	biolink:gene_associated_with_condition	0
0.8749676	HGNC:7821	MONDO:0014343	biolink:gene_associated_with_condition	0
0.45127472	HGNC:7821	MONDO:0011790	biolink:gene_associated_with_condition	0
0.45155925	HGNC:7821	MONDO:0044306	biolink:gene_associated_with_condition	0
0.88747525	HGNC:2488	MONDO:0013482	biolink:causes	0
0.7916372	HGNC:2488	MONDO:0014184	biolink:causes	0
0.6756243	HGNC:2488	MONDO:0030055	biolink:causes	0
0.8763326	HGNC:2488	MONDO:0600030	biolink:causes	0
0.9398099	HGNC:951	MONDO:0007931	biolink:causes	0
0.9125008	HGNC:951	MONDO:0032915	biolink:causes	0
0.86411357	HGNC:951	MONDO:0013487	biolink:causes	0
0.844464	HGNC:951	MONDO:0014942	biolink:causes	0
0.82921034	HGNC:16400	MONDO:0021573	biolink:causes	0
0.699971	HGNC:16400	MONDO:0010848	biolink:gene_associated_with_condition	0
0.8477469	HGNC:16400	MONDO:0014121	biolink:gene_associated_with_condition	0
0.07279789	HGNC:22938	MONDO:0011397	biolink:gene_associated_with_condition	0
0.49611562	HGNC:22448	MONDO:0033008	biolink:causes	0
0.66156656	HGNC:22448	MONDO:0008377	biolink:causes	0
0.24115878	HGNC:5331	MONDO:0011226	biolink:contributes_to	0
0.18224572	HGNC:5331	MONDO:0044701	biolink:contributes_to	0
0.18245643	HGNC:14378	MONDO:0024264	biolink:causes	0
0.6262784	HGNC:7881	MONDO:0032728	biolink:causes	0
0.2703953	HGNC:14537	MONDO:0011908	biolink:gene_associated_with_condition	0
0.7076281	HGNC:14537	MONDO:0014397	biolink:gene_associated_with_condition	0
0.9798884	HGNC:7945	MONDO:0013431	biolink:causes	0
0.95429736	HGNC:7945	MONDO:0011017	biolink:causes	0
0.974548	HGNC:7945	MONDO:0008332	biolink:causes	0
0.84572387	HGNC:7983	MONDO:0014343	biolink:causes	0
0.29934472	HGNC:8008	MONDO:0008542	biolink:causes	0
0.4924189	HGNC:8008	MONDO:0009820	biolink:causes	0
0.47013375	HGNC:8008	MONDO:0016103	biolink:causes	0
0.2558706	HGNC:8008	MONDO:0009722	biolink:causes	0
0.1762352	HGNC:8008	MONDO:0044318	biolink:causes	0
0.007986438	HGNC:8008	MONDO:0007454	biolink:causes	0
0.0744665	HGNC:8008	MONDO:0013060	biolink:causes	0
0.8396747	HGNC:14234	MONDO:0020785	biolink:gene_associated_with_condition	0
0.8467255	HGNC:14234	MONDO:0859338	biolink:gene_associated_with_condition	0
0.18802014	HGNC:29558	MONDO:0020316	biolink:causes	0
0.023099486	HGNC:29558	MONDO:0018564	biolink:causes	0
0.29182148	HGNC:8059	MONDO:0007495	biolink:gene_associated_with_condition	0
0.7398604	HGNC:8101	MONDO:0007856	biolink:gene_associated_with_condition	0
0.69977796	HGNC:8101	MONDO:0017844	biolink:causes	0
0.8390915	HGNC:8101	MONDO:0007361	biolink:causes	0
0.71683216	HGNC:8101	MONDO:0011073	biolink:causes	0
0.8469365	HGNC:8101	MONDO:0009867	biolink:causes	0
0.91821283	HGNC:17151	MONDO:0013236	biolink:causes	0
0.9270969	HGNC:17151	MONDO:0007922	biolink:causes	0
0.7781191	HGNC:24281	MONDO:0014487	biolink:causes	0
0.89280003	HGNC:8546	MONDO:0014710	biolink:causes	0
0.207517	HGNC:8622	MONDO:0957294	biolink:causes	0
0.5144744	HGNC:14674	MONDO:0007768	biolink:causes	0
0.9094668	HGNC:8790	MONDO:0009598	biolink:causes	0
0.49129394	HGNC:26257	MONDO:0012868	biolink:contributes_to	0
0.9711232	HGNC:26257	MONDO:0008377	biolink:contributes_to	0
0.9559102	HGNC:9717	MONDO:0012669	biolink:causes	0
0.96469325	HGNC:9717	MONDO:0007167	biolink:gene_associated_with_condition	0
0.48195627	HGNC:8851	MONDO:0030281	biolink:causes	0
0.502888	HGNC:8851	MONDO:0800029	biolink:gene_associated_with_condition	0
0.2459654	HGNC:8851	MONDO:0011405	biolink:gene_associated_with_condition	0
0.84392357	HGNC:8854	MONDO:0030918	biolink:causes	0
0.9366001	HGNC:8857	MONDO:0033479	biolink:gene_associated_with_condition	0
0.9045348	HGNC:8857	MONDO:0032677	biolink:gene_associated_with_condition	0
0.9181199	HGNC:8857	MONDO:0024541	biolink:gene_associated_with_condition	0
0.3781227	HGNC:20672	MONDO:0958085	biolink:causes	0
0.9649917	HGNC:25985	MONDO:0012892	biolink:gene_associated_with_condition	0
0.7861729	HGNC:25985	MONDO:0957220	biolink:gene_associated_with_condition	0
0.13030554	HGNC:23785	MONDO:0012299	biolink:gene_associated_with_condition	0
0.06563036	HGNC:23785	MONDO:0958194	biolink:gene_associated_with_condition	0
0.82865036	HGNC:8999	MONDO:0012859	biolink:causes	0
0.1443873	HGNC:9046	MONDO:0011445	biolink:contributes_to	0
0.17517526	HGNC:9046	MONDO:0044255	biolink:contributes_to	0
0.48150578	HGNC:9046	MONDO:0008559	biolink:gene_associated_with_condition	0
0.74250054	HGNC:9046	MONDO:0014343	biolink:gene_associated_with_condition	0
0.36222634	HGNC:9046	MONDO:0019666	biolink:contributes_to	0
0.6426364	HGNC:9173	MONDO:0029148	biolink:gene_associated_with_condition	0
0.8218726	HGNC:19743	MONDO:0008542	biolink:gene_associated_with_condition	0
0.094345696	HGNC:9236	MONDO:0018112	biolink:gene_associated_with_condition	0
0.43287525	HGNC:9236	MONDO:0032904	biolink:gene_associated_with_condition	0
0.88878226	HGNC:9236	MONDO:0014343	biolink:gene_associated_with_condition	0
0.3274933	HGNC:9456	MONDO:0010169	biolink:causes	0
0.91431123	HGNC:9456	MONDO:0018324	biolink:causes	0
0.56261265	HGNC:9462	MONDO:0032799	biolink:gene_associated_with_condition	0
0.84367216	HGNC:9585	MONDO:0009495	biolink:gene_associated_with_condition	0
0.65076125	HGNC:9585	MONDO:0015466	biolink:causes	0
0.78631604	HGNC:9607	MONDO:0011430	biolink:causes	0
0.68215483	HGNC:9644	MONDO:0014572	biolink:causes	0
0.14477913	HGNC:9670	MONDO:0008234	biolink:causes	0
0.57408655	HGNC:14957	MONDO:0010455	biolink:gene_associated_with_condition	0
0.62074316	HGNC:14957	MONDO:0011959	biolink:gene_associated_with_condition	0
0.5701861	HGNC:819	MONDO:0014601	biolink:gene_associated_with_condition	0
0.8961512	HGNC:30889	MONDO:0008377	biolink:causes	0
0.71756834	HGNC:24113	MONDO:0014518	biolink:causes	0
0.82132614	HGNC:10560	MONDO:0014343	biolink:causes	0
0.90598625	HGNC:14262	MONDO:0009377	biolink:causes	0
0.8770167	HGNC:24123	MONDO:0024550	biolink:causes	0
0.9291162	HGNC:24123	MONDO:0009353	biolink:causes	0
0.30258334	HGNC:14078	MONDO:0012423	biolink:causes	0
0.49152204	HGNC:30000	MONDO:0013533	biolink:causes	0
0.697769	HGNC:30000	MONDO:0800028	biolink:causes	0
0.8108318	HGNC:12703	MONDO:0014343	biolink:gene_associated_with_condition	0
0.9623899	HGNC:1044	MONDO:0009215	biolink:causes	0
0.9933629	HGNC:1044	MONDO:0011783	biolink:gene_associated_with_condition	0
0.8955631	HGNC:1044	MONDO:0958180	biolink:causes	0
0.94451386	HGNC:1044	MONDO:0007574	biolink:gene_associated_with_condition	0
0.91131777	HGNC:1044	MONDO:0009885	biolink:causes	0
0.9908246	HGNC:1044	MONDO:0013323	biolink:causes	0
0.5334193	HGNC:1144	MONDO:0007363	biolink:causes	0
0.7668549	HGNC:24713	MONDO:0971172	biolink:gene_associated_with_condition	0
0.6687762	HGNC:24713	MONDO:0014864	biolink:gene_associated_with_condition	0
0.5352566	HGNC:9832	MONDO:0008995	biolink:causes	0
0.76481897	HGNC:9832	MONDO:0030361	biolink:causes	0
0.6317423	HGNC:9832	MONDO:0100294	biolink:causes	0
0.32742223	HGNC:9832	MONDO:0009300	biolink:causes	0
0.2242381	HGNC:9832	MONDO:0032686	biolink:causes	0
0.30899796	HGNC:9864	MONDO:0010963	biolink:causes	0
0.058797043	HGNC:9864	MONDO:0014487	biolink:causes	0
0.5976766	HGNC:9864	MONDO:0008377	biolink:gene_associated_with_condition	0
0.33677286	HGNC:9871	MONDO:0009061	biolink:causes	0
0.81134987	HGNC:9871	MONDO:0011784	biolink:causes	0
0.9429154	HGNC:9879	MONDO:0009279	biolink:causes	0
0.891431	HGNC:9879	MONDO:0014118	biolink:causes	0
0.31736454	HGNC:9879	MONDO:0014346	biolink:causes	0
0.96061355	HGNC:9879	MONDO:0009397	biolink:causes	0
0.9528189	HGNC:9879	MONDO:0007740	biolink:causes	0
0.91739583	HGNC:9879	MONDO:0008377	biolink:causes	0
0.23859595	HGNC:9910	MONDO:0008858	biolink:gene_associated_with_condition	0
0.31453	HGNC:9910	MONDO:0031057	biolink:gene_associated_with_condition	0
0.41737124	HGNC:9910	MONDO:0011338	biolink:gene_associated_with_condition	0
0.16504683	HGNC:9910	MONDO:0019522	biolink:gene_associated_with_condition	0
0.04015012	HGNC:20759	MONDO:0013050	biolink:causes	0
0.08598559	HGNC:20759	MONDO:0009354	biolink:causes	0
0.54437834	HGNC:20759	MONDO:0020354	biolink:causes	0
0.46810874	HGNC:9970	MONDO:0009053	biolink:gene_associated_with_condition	0
0.5517275	HGNC:9970	MONDO:0008377	biolink:gene_associated_with_condition	0
0.10817515	HGNC:9970	MONDO:0013193	biolink:gene_associated_with_condition	0
0.6493417	HGNC:10009	MONDO:0030366	biolink:gene_associated_with_condition	0
0.306333	HGNC:10024	MONDO:0018256	biolink:causes	0
0.6081111	HGNC:10024	MONDO:0008002	biolink:causes	0
0.9303335	HGNC:25358	MONDO:0030927	biolink:causes	0
0.8099469	HGNC:25358	MONDO:0018780	biolink:causes	0
0.9724805	HGNC:10193	MONDO:0100354	biolink:gene_associated_with_condition	0
0.9969688	HGNC:10193	MONDO:0060707	biolink:causes	0
0.40649745	HGNC:10254	MONDO:0019157	biolink:causes	0
0.6992269	HGNC:10260	MONDO:0032653	biolink:causes	0
0.45756987	HGNC:10260	MONDO:0007738	biolink:gene_associated_with_condition	0
0.29285914	HGNC:10387	MONDO:0007537	biolink:gene_associated_with_condition	0
0.4194579	HGNC:10387	MONDO:0014052	biolink:gene_associated_with_condition	0
0.15016891	HGNC:10387	MONDO:0013554	biolink:gene_associated_with_condition	0
0.3361057	HGNC:10387	MONDO:0014135	biolink:gene_associated_with_condition	0
0.39249825	HGNC:10387	MONDO:0012996	biolink:gene_associated_with_condition	0
0.43653542	HGNC:10446	MONDO:0008542	biolink:causes	0
0.77911913	HGNC:10447	MONDO:0012925	biolink:causes	0
0.90648	HGNC:10447	MONDO:0957218	biolink:causes	0
0.80462605	HGNC:10447	MONDO:0032804	biolink:causes	0
0.7077929	HGNC:17296	MONDO:0009475	biolink:causes	0
0.71064943	HGNC:17296	MONDO:0013033	biolink:causes	0
0.7926617	HGNC:17296	MONDO:0014343	biolink:causes	0
0.71519357	HGNC:17296	MONDO:0013052	biolink:causes	0
0.28524166	HGNC:12371	MONDO:0012297	biolink:causes	0
0.34886137	HGNC:10468	MONDO:0009143	biolink:gene_associated_with_condition	0
0.6035233	HGNC:18647	MONDO:0014305	biolink:causes	0
0.5241898	HGNC:28991	MONDO:0025354	biolink:causes	0
0.58845896	HGNC:28991	MONDO:0032937	biolink:causes	0
0.5155724	HGNC:10472	MONDO:0800026	biolink:causes	0
0.9232745	HGNC:10483	MONDO:0009478	biolink:gene_associated_with_condition	0
0.055842564	HGNC:21088	MONDO:0018206	biolink:causes	0
0.65614235	HGNC:10588	MONDO:0012803	biolink:causes	0
0.6249275	HGNC:10588	MONDO:0016863	biolink:gene_associated_with_condition	0
0.86844975	HGNC:10591	MONDO:0971064	biolink:gene_associated_with_condition	0
0.67630756	HGNC:17052	MONDO:0032741	biolink:causes	0
0.8324785	HGNC:17052	MONDO:0032624	biolink:causes	0
0.61483693	HGNC:30605	MONDO:0009820	biolink:gene_associated_with_condition	0
0.32110026	HGNC:8941	MONDO:0008061	biolink:gene_associated_with_condition	0
0.56063265	HGNC:8941	MONDO:0008377	biolink:gene_associated_with_condition	0
0.4833964	HGNC:29427	MONDO:0011836	biolink:gene_associated_with_condition	0
0.98952603	HGNC:10853	MONDO:0010554	biolink:causes	0
0.75879097	HGNC:25543	MONDO:0008998	biolink:causes	0
0.47905776	HGNC:23639	MONDO:0035555	biolink:causes	0
0.38957143	HGNC:23639	MONDO:0009653	biolink:causes	0
0.69151884	HGNC:23639	MONDO:0018598	biolink:causes	0
0.47282407	HGNC:23639	MONDO:0020493	biolink:causes	0
0.5302027	HGNC:11005	MONDO:0026404	biolink:causes	0
0.44958028	HGNC:11005	MONDO:0012979	biolink:gene_associated_with_condition	0
0.37823388	HGNC:11005	MONDO:0012859	biolink:gene_associated_with_condition	0
0.071518816	HGNC:11005	MONDO:0100289	biolink:causes	0
0.8825773	HGNC:11027	MONDO:0009115	biolink:causes	0
0.87914	HGNC:11027	MONDO:0007922	biolink:causes	0
0.22132798	HGNC:11073	MONDO:0018336	biolink:causes	0
0.6899304	HGNC:23089	MONDO:0011273	biolink:causes	0
0.6313729	HGNC:23089	MONDO:0014480	biolink:causes	0
0.7233689	HGNC:23089	MONDO:0014343	biolink:causes	0
0.9014037	HGNC:14409	MONDO:0011603	biolink:causes	0
0.5852545	HGNC:14409	MONDO:0017111	biolink:causes	0
0.70369554	HGNC:3018	MONDO:0007556	biolink:gene_associated_with_condition	0
0.2510567	HGNC:14469	MONDO:0008673	biolink:gene_associated_with_condition	0
0.66476506	HGNC:14469	MONDO:0010056	biolink:gene_associated_with_condition	0
0.6759211	HGNC:11019	MONDO:0013531	biolink:gene_associated_with_condition	0
0.67859584	HGNC:11019	MONDO:0008377	biolink:gene_associated_with_condition	0
0.43224743	HGNC:11019	MONDO:0033620	biolink:gene_associated_with_condition	0
0.9689605	HGNC:20197	MONDO:0013482	biolink:causes	0
0.955439	HGNC:20197	MONDO:0011397	biolink:causes	0
0.16665529	HGNC:18762	MONDO:0012080	biolink:causes	0
0.13299906	HGNC:29956	MONDO:0019373	biolink:causes	0
0.6269198	HGNC:10961	MONDO:0971069	biolink:gene_associated_with_condition	0
0.52727914	HGNC:10961	MONDO:0016216	biolink:gene_associated_with_condition	0
0.91311514	HGNC:10955	MONDO:0958085	biolink:causes	0
0.61614394	HGNC:17814	MONDO:0014836	biolink:causes	0
0.1491801	HGNC:20297	MONDO:0100229	biolink:causes	0
0.7985278	HGNC:11102	MONDO:0012123	biolink:causes	0
0.8270405	HGNC:11102	MONDO:0016782	biolink:causes	0
0.8166284	HGNC:11102	MONDO:0021019	biolink:causes	0
0.38493714	HGNC:11109	MONDO:0008483	biolink:causes	0
0.6591361	HGNC:11118	MONDO:0009061	biolink:gene_associated_with_condition	0
0.488293	HGNC:30859	MONDO:0014238	biolink:causes	0
0.3679345	HGNC:30859	MONDO:0019150	biolink:causes	0
0.39763892	HGNC:1346	MONDO:0007845	biolink:causes	0
0.7911571	HGNC:1371	MONDO:0013991	biolink:gene_associated_with_condition	0
0.9360517	HGNC:1388	MONDO:0009804	biolink:causes	0
0.9634172	HGNC:1388	MONDO:0008765	biolink:gene_associated_with_condition	0
0.93502545	HGNC:1388	MONDO:0060556	biolink:causes	0
0.76459	HGNC:1388	MONDO:0060663	biolink:gene_associated_with_condition	0
0.7077803	HGNC:1397	MONDO:0014480	biolink:causes	0
0.042407013	HGNC:16709	MONDO:0007828	biolink:causes	0
0.030594641	HGNC:16709	MONDO:0008705	biolink:causes	0
0.6074423	HGNC:16393	MONDO:0011285	biolink:gene_associated_with_condition	0
0.39402598	HGNC:16393	MONDO:0100045	biolink:causes	0
0.5274525	HGNC:16393	MONDO:0014481	biolink:causes	0
0.39215466	HGNC:16393	MONDO:0032942	biolink:gene_associated_with_condition	0
0.04400644	HGNC:1509	MONDO:0009379	biolink:gene_associated_with_condition	0
0.12582608	HGNC:1509	MONDO:0018656	biolink:gene_associated_with_condition	0
0.32888803	HGNC:1527	MONDO:0007925	biolink:causes	0
0.8902066	HGNC:1550	MONDO:0031006	biolink:causes	0
0.9155387	HGNC:1550	MONDO:0014224	biolink:causes	0
0.7473274	HGNC:26821	MONDO:0010075	biolink:causes	0
0.22510073	HGNC:26821	MONDO:0012410	biolink:causes	0
0.29366395	HGNC:27845	MONDO:0011190	biolink:causes	0
0.3510928	HGNC:14967	MONDO:0009779	biolink:causes	0
0.30615956	HGNC:14967	MONDO:0015783	biolink:causes	0
0.44463107	HGNC:11226	MONDO:0011073	biolink:causes	0
0.66540724	HGNC:11226	MONDO:0012400	biolink:causes	0
0.7826779	HGNC:11257	MONDO:0009804	biolink:causes	0
0.7046384	HGNC:11311	MONDO:0008426	biolink:gene_associated_with_condition	0
0.42575932	HGNC:11311	MONDO:0975887	biolink:gene_associated_with_condition	0
0.38233712	HGNC:10872	MONDO:0020512	biolink:gene_associated_with_condition	0
0.29975122	HGNC:11356	MONDO:0030730	biolink:causes	0
0.095405705	HGNC:11356	MONDO:0971016	biolink:causes	0
0.31912354	HGNC:26200	MONDO:0016395	biolink:gene_associated_with_condition	0
0.36728317	HGNC:26200	MONDO:0018598	biolink:gene_associated_with_condition	0
0.9439873	HGNC:30650	MONDO:0014125	biolink:gene_associated_with_condition	0
0.9690561	HGNC:16035	MONDO:0008377	biolink:causes	0
0.19754015	HGNC:16466	MONDO:0009459	biolink:gene_associated_with_condition	0
0.59591556	HGNC:16466	MONDO:0008592	biolink:causes	0
0.27533856	HGNC:16466	MONDO:0054805	biolink:gene_associated_with_condition	0
0.2752385	HGNC:30632	MONDO:0016838	biolink:causes	0
0.376463	HGNC:11494	MONDO:0011493	biolink:gene_associated_with_condition	0
0.52011883	HGNC:11521	MONDO:0007380	biolink:causes	0
0.3026231	HGNC:11521	MONDO:0008762	biolink:causes	0
0.33834472	HGNC:11521	MONDO:0018328	biolink:causes	0
0.656449	HGNC:21066	MONDO:0014622	biolink:causes	0
0.27898398	HGNC:21066	MONDO:0009825	biolink:causes	0
0.93920255	HGNC:29203	MONDO:0014004	biolink:gene_associated_with_condition	0
0.8729816	HGNC:29203	MONDO:0018273	biolink:gene_associated_with_condition	0
0.8634777	HGNC:29203	MONDO:0008637	biolink:gene_associated_with_condition	0
0.9732621	HGNC:11603	MONDO:0009841	biolink:gene_associated_with_condition	0
0.9176318	HGNC:11596	MONDO:0013907	biolink:gene_associated_with_condition	0
0.96275276	HGNC:11596	MONDO:0014343	biolink:causes	0
0.76778156	HGNC:11708	MONDO:0014984	biolink:gene_associated_with_condition	0
0.44900218	HGNC:11724	MONDO:0014899	biolink:causes	0
0.48252693	HGNC:11724	MONDO:0012521	biolink:causes	0
0.9483782	HGNC:11769	MONDO:0032685	biolink:gene_associated_with_condition	0
0.9598313	HGNC:11769	MONDO:0032868	biolink:causes	0
0.96765375	HGNC:11769	MONDO:0011226	biolink:causes	0
0.8267704	HGNC:11769	MONDO:0010790	biolink:causes	0
0.927583	HGNC:25835	MONDO:0012092	biolink:causes	0
0.7097521	HGNC:25295	MONDO:0014997	biolink:causes	0
0.8001749	HGNC:25295	MONDO:0014866	biolink:causes	0
0.0024386367	HGNC:30788	MONDO:0014290	biolink:causes	0
0.32733345	HGNC:5056	MONDO:0010626	biolink:gene_associated_with_condition	0
0.47816864	HGNC:5056	MONDO:0019174	biolink:gene_associated_with_condition	0
0.08506844	HGNC:26230	MONDO:0011431	biolink:contributes_to	0
0.70489883	HGNC:26230	MONDO:0020745	biolink:contributes_to	0
0.6379272	HGNC:16513	MONDO:0012833	biolink:causes	0
0.9262457	HGNC:18188	MONDO:0012892	biolink:gene_associated_with_condition	0
0.9870388	HGNC:25535	MONDO:0008684	biolink:causes	0
0.9038642	HGNC:25535	MONDO:0011490	biolink:causes	0
0.96712375	HGNC:11909	MONDO:0009871	biolink:gene_associated_with_condition	0
0.8413555	HGNC:11949	MONDO:0014343	biolink:gene_associated_with_condition	0
0.847079	HGNC:11949	MONDO:0008377	biolink:gene_associated_with_condition	0
0.6379768	HGNC:11949	MONDO:0014425	biolink:gene_associated_with_condition	0
0.39314607	HGNC:12015	MONDO:0017696	biolink:causes	0
0.7826255	HGNC:25751	MONDO:0014386	biolink:gene_associated_with_condition	0
0.6763584	HGNC:25751	MONDO:0013587	biolink:gene_associated_with_condition	0
0.86691433	HGNC:25751	MONDO:0014984	biolink:gene_associated_with_condition	0
0.77440184	HGNC:12261	MONDO:0011529	biolink:causes	0
0.28861418	HGNC:12261	MONDO:0007361	biolink:causes	0
0.6295166	HGNC:12261	MONDO:0009855	biolink:causes	0
0.42992657	HGNC:12261	MONDO:0013060	biolink:causes	0
0.854484	HGNC:17761	MONDO:0014210	biolink:causes	0
0.6797606	HGNC:7523	MONDO:0859182	biolink:gene_associated_with_condition	0
0.80767596	HGNC:18084	MONDO:0009544	biolink:gene_associated_with_condition	0
0.7898345	HGNC:18084	MONDO:0015003	biolink:causes	0
0.9373248	HGNC:1268	MONDO:0009215	biolink:causes	0
0.9414245	HGNC:1268	MONDO:0012221	biolink:gene_associated_with_condition	0
0.93807185	HGNC:1268	MONDO:0013032	biolink:causes	0
0.8331791	HGNC:19750	MONDO:0009339	biolink:causes	0
0.9062814	HGNC:19750	MONDO:0007922	biolink:causes	0
0.74240696	HGNC:12404	MONDO:0013032	biolink:gene_associated_with_condition	0
0.96873146	HGNC:20670	MONDO:0035819	biolink:gene_associated_with_condition	0
0.8143628	HGNC:20670	MONDO:0007495	biolink:causes	0
0.20412892	HGNC:12440	MONDO:0012297	biolink:causes	0
0.84530276	HGNC:12440	MONDO:0017308	biolink:causes	0
0.32293284	HGNC:12463	MONDO:0007288	biolink:gene_associated_with_condition	0
0.41482028	HGNC:12463	MONDO:0011823	biolink:gene_associated_with_condition	0
0.5333058	HGNC:12463	MONDO:0958085	biolink:gene_associated_with_condition	0
0.4460782	HGNC:14304	MONDO:0007615	biolink:causes	0
0.78562903	HGNC:14304	MONDO:0019123	biolink:causes	0
0.71851355	HGNC:14304	MONDO:0032892	biolink:causes	0
0.7779452	HGNC:14304	MONDO:0032572	biolink:causes	0
0.59900707	HGNC:14304	MONDO:0012166	biolink:causes	0
0.049216636	HGNC:12572	MONDO:0017389	biolink:gene_associated_with_condition	0
0.8070807	HGNC:29594	MONDO:0008377	biolink:causes	0
0.37500468	HGNC:12630	MONDO:0012864	biolink:causes	0
0.47023648	HGNC:12630	MONDO:0008246	biolink:causes	0
0.16283174	HGNC:13486	MONDO:0009159	biolink:causes	0
0.4601402	HGNC:13486	MONDO:0030971	biolink:causes	0
0.50397074	HGNC:12643	MONDO:0008722	biolink:causes	0
0.08798765	HGNC:15511	MONDO:0060549	biolink:causes	0
0.3504891	HGNC:21642	MONDO:0016308	biolink:gene_associated_with_condition	0
0.8625724	HGNC:12718	MONDO:0018393	biolink:causes	0
0.1615016	HGNC:12718	MONDO:0014821	biolink:causes	0
0.55310243	HGNC:12729	MONDO:0007922	biolink:causes	0
0.5455381	HGNC:28027	MONDO:0013570	biolink:gene_associated_with_condition	0
0.7897557	HGNC:28027	MONDO:0018564	biolink:gene_associated_with_condition	0
0.94244	HGNC:18340	MONDO:0014738	biolink:causes	0
0.9513713	HGNC:18340	MONDO:0017225	biolink:causes	0
0.9563725	HGNC:18340	MONDO:0008887	biolink:causes	0
0.33928755	HGNC:21208	MONDO:0008817	biolink:causes	0
0.9563277	HGNC:29250	MONDO:0007380	biolink:causes	0
0.96198684	HGNC:29250	MONDO:0007524	biolink:causes	0
0.55339354	HGNC:26790	MONDO:0044255	biolink:causes	0
0.815385	HGNC:26790	MONDO:0014343	biolink:causes	0
0.03288792	HGNC:14544	MONDO:0008931	biolink:gene_associated_with_condition	0
0.042477883	HGNC:14544	MONDO:0100101	biolink:gene_associated_with_condition	0
0.7122532	HGNC:12831	MONDO:0032819	biolink:causes	0
0.7190157	HGNC:12831	MONDO:0010184	biolink:causes	0
0.8006225	HGNC:12831	MONDO:0036189	biolink:causes	0
0.93973917	HGNC:15517	MONDO:0008542	biolink:causes	0
0.9758739	HGNC:15517	MONDO:0009677	biolink:causes	0
0.8865992	HGNC:30511	MONDO:0010319	biolink:gene_associated_with_condition	0
0.1464749	HGNC:20152	MONDO:0032907	biolink:causes	0
0.16692941	HGNC:28449	MONDO:0010441	biolink:gene_associated_with_condition	0
0.15848306	HGNC:28449	MONDO:0007191	biolink:gene_associated_with_condition	0
0.7372542	HGNC:12309	MONDO:0007841	biolink:causes	0
0.93397826	HGNC:12309	MONDO:0020507	biolink:causes	0
0.9953969	HGNC:29316	MONDO:0010077	biolink:causes	0
0.14585397	HGNC:10632	MONDO:0010028	biolink:contributes_to	0
0.3160175	HGNC:1706	MONDO:0010250	biolink:gene_associated_with_condition	0
0.7267406	HGNC:1754	MONDO:0007740	biolink:causes	0
0.08417382	HGNC:1785	MONDO:0010389	biolink:causes	0
0.44276485	HGNC:17104	MONDO:0007723	biolink:causes	0
0.5560938	HGNC:24576	MONDO:0009265	biolink:causes	0
0.09261002	HGNC:1810	MONDO:0007042	biolink:causes	0
0.01680393	HGNC:1810	MONDO:0008244	biolink:causes	0
0.045588236	HGNC:1161	MONDO:0010853	biolink:gene_associated_with_condition	0
0.72899455	HGNC:1161	MONDO:0019767	biolink:gene_associated_with_condition	0
0.7988325	HGNC:25815	MONDO:0012892	biolink:causes	0
0.7442932	HGNC:14253	MONDO:0014474	biolink:gene_associated_with_condition	0
0.8686355	HGNC:14253	MONDO:0032673	biolink:gene_associated_with_condition	0
0.30061698	HGNC:1301	MONDO:0007895	biolink:causes	0
0.41251016	HGNC:1301	MONDO:0060591	biolink:causes	0
0.73050463	HGNC:18292	MONDO:0013060	biolink:causes	0
0.34429651	HGNC:1884	MONDO:0013842	biolink:causes	0
0.54716074	HGNC:1884	MONDO:0011556	biolink:causes	0
0.10697138	HGNC:16627	MONDO:0013529	biolink:gene_associated_with_condition	0
0.8786204	HGNC:21219	MONDO:0015278	biolink:causes	0
0.03169226	HGNC:21219	MONDO:0044224	biolink:causes	0
0.93565786	HGNC:18620	MONDO:0030866	biolink:gene_associated_with_condition	0
0.887494	HGNC:2197	MONDO:0008061	biolink:causes	0
0.8230692	HGNC:2197	MONDO:0030490	biolink:gene_associated_with_condition	0
0.90133244	HGNC:2197	MONDO:0859164	biolink:gene_associated_with_condition	0
0.8961641	HGNC:2197	MONDO:0013992	biolink:causes	0
0.9230829	HGNC:2197	MONDO:0014493	biolink:causes	0
0.95836663	HGNC:2197	MONDO:0025699	biolink:gene_associated_with_condition	0
0.9273237	HGNC:2197	MONDO:0032921	biolink:causes	0
0.99174154	HGNC:2200	MONDO:0008005	biolink:gene_associated_with_condition	0
0.9720424	HGNC:2200	MONDO:0008862	biolink:gene_associated_with_condition	0
0.9153342	HGNC:2200	MONDO:0012411	biolink:causes	0
0.847668	HGNC:2200	MONDO:0968990	biolink:causes	0
0.88982123	HGNC:2200	MONDO:0009994	biolink:causes	0
0.9350977	HGNC:2200	MONDO:0013236	biolink:causes	0
0.985	HGNC:2200	MONDO:0015557	biolink:causes	0
0.9762782	HGNC:2200	MONDO:0032677	biolink:causes	0
0.9741743	HGNC:2200	MONDO:0012652	biolink:causes	0
0.97164613	HGNC:2200	MONDO:0014211	biolink:gene_associated_with_condition	0
0.9823516	HGNC:2200	MONDO:0007572	biolink:causes	0
0.9700539	HGNC:2200	MONDO:0017407	biolink:causes	0
0.7996948	HGNC:2185	MONDO:0011091	biolink:causes	0
0.92871857	HGNC:17213	MONDO:0010803	biolink:causes	0
0.6741725	HGNC:20213	MONDO:0012554	biolink:causes	0
0.3732478	HGNC:11701	MONDO:0013162	biolink:causes	0
0.8686173	HGNC:11701	MONDO:0013384	biolink:causes	0
0.123979695	HGNC:2511	MONDO:0016309	biolink:causes	0
0.3395282	HGNC:2511	MONDO:0018254	biolink:causes	0
0.798926	HGNC:2527	MONDO:0008542	biolink:causes	0
0.4170804	HGNC:2527	MONDO:0010099	biolink:causes	0
0.8257378	HGNC:28672	MONDO:0032612	biolink:causes	0
0.23504828	HGNC:25536	MONDO:0014853	biolink:causes	0
0.6208917	HGNC:25536	MONDO:0017173	biolink:causes	0
0.8786131	HGNC:2731	MONDO:0011359	biolink:gene_associated_with_condition	0
0.9257471	HGNC:2846	MONDO:0008542	biolink:causes	0
0.67968076	HGNC:2846	MONDO:0012656	biolink:causes	0
0.9119429	HGNC:2858	MONDO:0011229	biolink:causes	0
0.82372665	HGNC:2858	MONDO:0014343	biolink:causes	0
0.7083472	HGNC:2858	MONDO:0009210	biolink:causes	0
0.45821115	HGNC:2858	MONDO:0014998	biolink:gene_associated_with_condition	0
0.7922586	HGNC:2858	MONDO:0030312	biolink:gene_associated_with_condition	0
0.5877578	HGNC:18018	MONDO:0007922	biolink:causes	0
0.49957722	HGNC:17098	MONDO:0020849	biolink:causes	0
0.7410843	HGNC:2907	MONDO:0012039	biolink:gene_associated_with_condition	0
0.4421346	HGNC:2907	MONDO:0012287	biolink:gene_associated_with_condition	0
0.7138337	HGNC:2907	MONDO:0014866	biolink:gene_associated_with_condition	0
0.9636416	HGNC:27030	MONDO:0012930	biolink:causes	0
0.42764747	HGNC:2973	MONDO:0012738	biolink:gene_associated_with_condition	0
0.72846615	HGNC:19189	MONDO:0009265	biolink:causes	0
0.66096944	HGNC:19191	MONDO:0015793	biolink:gene_associated_with_condition	0
0.8989667	HGNC:3007	MONDO:0033115	biolink:causes	0
0.2870512	HGNC:3007	MONDO:0044282	biolink:causes	0
0.82469827	HGNC:3007	MONDO:0014657	biolink:causes	0
0.5403518	HGNC:3052	MONDO:0007052	biolink:gene_associated_with_condition	0
0.61945176	HGNC:3052	MONDO:0060704	biolink:causes	0
0.52034956	HGNC:3052	MONDO:0007740	biolink:causes	0
0.7286006	HGNC:3146	MONDO:0014630	biolink:causes	0
0.51753896	HGNC:3146	MONDO:0009380	biolink:causes	0
0.8782848	HGNC:3218	MONDO:0957270	biolink:causes	0
0.7307471	HGNC:24650	MONDO:0009061	biolink:gene_associated_with_condition	0
0.67367655	HGNC:3255	MONDO:0012395	biolink:gene_associated_with_condition	0
0.7235277	HGNC:3255	MONDO:0026777	biolink:gene_associated_with_condition	0
0.94726	HGNC:3255	MONDO:0012892	biolink:gene_associated_with_condition	0
0.45026726	HGNC:3257	MONDO:0010169	biolink:gene_associated_with_condition	0
0.1897883	HGNC:3257	MONDO:0009925	biolink:gene_associated_with_condition	0
0.68034023	HGNC:3257	MONDO:0014339	biolink:causes	0
0.12566437	HGNC:3257	MONDO:0008340	biolink:causes	0
0.73885775	HGNC:3257	MONDO:0016476	biolink:gene_associated_with_condition	0
0.48482165	HGNC:3267	MONDO:0014222	biolink:causes	0
0.42800546	HGNC:3267	MONDO:0012693	biolink:causes	0
0.21983719	HGNC:14198	MONDO:0019758	biolink:contributes_to	0
0.9985814	HGNC:3327	MONDO:0008426	biolink:causes	0
0.1976817	HGNC:18248	MONDO:0010911	biolink:causes	0
0.3358806	HGNC:18248	MONDO:0009210	biolink:causes	0
0.15681264	HGNC:3393	MONDO:0008018	biolink:contributes_to	0
0.61532485	HGNC:3416	MONDO:0013032	biolink:causes	0
0.67815983	HGNC:3435	MONDO:0011335	biolink:causes	0
0.6117547	HGNC:3435	MONDO:0971176	biolink:causes	0
0.37104166	HGNC:3481	MONDO:0029134	biolink:gene_associated_with_condition	0
0.74525917	HGNC:3481	MONDO:0018598	biolink:gene_associated_with_condition	0
0.33132043	HGNC:3481	MONDO:0018816	biolink:gene_associated_with_condition	0
0.9129643	HGNC:3497	MONDO:0009061	biolink:gene_associated_with_condition	0
0.5403518	MONDO:0007052	HGNC:3052	biolink:gene_associated_with_condition	0
0.75508636	MONDO:0007052	HGNC:9722	biolink:causes	0
0.016344167	MONDO:0007068	HGNC:387	biolink:gene_associated_with_condition	0
0.47331473	MONDO:0007068	HGNC:7154	biolink:causes	0
0.9368936	MONDO:0007080	HGNC:15672	biolink:causes	0
0.5033058	MONDO:0007080	HGNC:28209	biolink:gene_associated_with_condition	0
0.62106204	MONDO:0007216	HGNC:10809	biolink:gene_associated_with_condition	0
0.46966827	MONDO:0007232	HGNC:19708	biolink:causes	0
0.63127154	MONDO:0007232	HGNC:317	biolink:gene_associated_with_condition	0
0.575927	MONDO:0007232	HGNC:1515	biolink:causes	0
0.15585786	MONDO:0007244	HGNC:31704	biolink:causes	0
0.908129	MONDO:0007244	HGNC:4332	biolink:causes	0
0.32293284	MONDO:0007288	HGNC:12463	biolink:gene_associated_with_condition	0
0.23987015	MONDO:0007288	HGNC:29932	biolink:gene_associated_with_condition	0
0.90074205	MONDO:0007340	HGNC:9143	biolink:gene_associated_with_condition	0
0.50083053	MONDO:0007376	HGNC:35123	biolink:causes	0
0.9631708	MONDO:0007376	HGNC:18121	biolink:causes	0
0.52011883	MONDO:0007380	HGNC:11521	biolink:causes	0
0.9563277	MONDO:0007380	HGNC:29250	biolink:causes	0
0.9664208	MONDO:0007380	HGNC:20323	biolink:causes	0
0.8305041	MONDO:0007380	HGNC:12601	biolink:causes	0
0.90702116	MONDO:0007380	HGNC:11948	biolink:causes	0
0.70125	MONDO:0007400	HGNC:2021	biolink:causes	0
0.98283446	MONDO:0007404	HGNC:9853	biolink:causes	0
0.6417477	MONDO:0007404	HGNC:25705	biolink:causes	0
0.5700198	MONDO:0007404	HGNC:3508	biolink:gene_associated_with_condition	0
0.19462822	MONDO:0007404	HGNC:1723	biolink:causes	0
0.2527893	MONDO:0007412	HGNC:5960	biolink:causes	0
0.8341917	MONDO:0007445	HGNC:26222	biolink:causes	0
0.13067554	MONDO:0007485	HGNC:17019	biolink:causes	0
0.5602424	MONDO:0007485	HGNC:2514	biolink:gene_associated_with_condition	0
0.29285914	MONDO:0007537	HGNC:10387	biolink:gene_associated_with_condition	0
0.9076194	MONDO:0007537	HGNC:23657	biolink:causes	0
0.9884828	MONDO:0007537	HGNC:13556	biolink:causes	0
0.9195885	MONDO:0007537	HGNC:6769	biolink:gene_associated_with_condition	0
0.88212323	MONDO:0007537	HGNC:21641	biolink:causes	0
0.77616024	MONDO:0007537	HGNC:4689	biolink:causes	0
0.66333807	MONDO:0007561	HGNC:14575	biolink:gene_associated_with_condition	0
0.6656137	MONDO:0007561	HGNC:1529	biolink:gene_associated_with_condition	0
0.015639825	MONDO:0007589	HGNC:4707	biolink:causes	0
0.94489515	MONDO:0007589	HGNC:6284	biolink:causes	0
0.65656644	MONDO:0007589	HGNC:9039	biolink:gene_associated_with_condition	0
0.44276485	MONDO:0007723	HGNC:17104	biolink:causes	0
0.26053202	MONDO:0007723	HGNC:9831	biolink:causes	0
0.64614075	MONDO:0007748	HGNC:7737	biolink:causes	0
0.5144744	MONDO:0007768	HGNC:14674	biolink:causes	0
0.19898458	MONDO:0007768	HGNC:47	biolink:causes	0
0.26886207	MONDO:0007768	HGNC:3791	biolink:gene_associated_with_condition	0
0.6282904	MONDO:0007768	HGNC:11301	biolink:causes	0
0.23557219	MONDO:0007792	HGNC:9312	biolink:gene_associated_with_condition	0
0.13964261	MONDO:0007808	HGNC:5962	biolink:contributes_to	0
0.042407013	MONDO:0007828	HGNC:16709	biolink:causes	0
0.7398604	MONDO:0007856	HGNC:8101	biolink:gene_associated_with_condition	0
0.7135471	MONDO:0007881	HGNC:9039	biolink:gene_associated_with_condition	0
0.66284704	MONDO:0007925	HGNC:4175	biolink:gene_associated_with_condition	0
0.32888803	MONDO:0007925	HGNC:1527	biolink:causes	0
0.16211997	MONDO:0007925	HGNC:1343	biolink:contributes_to	0
0.5740521	MONDO:0007925	HGNC:329	biolink:causes	0
0.5979348	MONDO:0007925	HGNC:7883	biolink:causes	0
0.4342736	MONDO:0007949	HGNC:25808	biolink:causes	0
0.7050229	MONDO:0007949	HGNC:18550	biolink:causes	0
0.6385276	MONDO:0007949	HGNC:26144	biolink:contributes_to	0
0.15591662	MONDO:0007949	HGNC:10484	biolink:gene_associated_with_condition	0
0.9152738	MONDO:0007949	HGNC:10889	biolink:gene_associated_with_condition	0
0.7960067	MONDO:0007949	HGNC:9922	biolink:gene_associated_with_condition	0
0.99174154	MONDO:0008005	HGNC:2200	biolink:gene_associated_with_condition	0
0.1486894	MONDO:0008005	HGNC:7590	biolink:causes	0
0.07296181	MONDO:0008005	HGNC:9382	biolink:causes	0
0.32110026	MONDO:0008061	HGNC:8941	biolink:gene_associated_with_condition	0
0.887494	MONDO:0008061	HGNC:2197	biolink:causes	0
0.72123134	MONDO:0008061	HGNC:3356	biolink:gene_associated_with_condition	0
0.83688784	MONDO:0008097	HGNC:485	biolink:causes	0
0.98554	MONDO:0008097	HGNC:2379	biolink:gene_associated_with_condition	0
0.9384427	MONDO:0008153	HGNC:23399	biolink:causes	0
0.31671804	MONDO:0008153	HGNC:31923	biolink:causes	0
0.44936338	MONDO:0008201	HGNC:21020	biolink:gene_associated_with_condition	0
0.94054353	MONDO:0008426	HGNC:3583	biolink:causes	0
0.7046384	MONDO:0008426	HGNC:11311	biolink:gene_associated_with_condition	0
0.9985814	MONDO:0008426	HGNC:3327	biolink:causes	0
0.460202	MONDO:0008426	HGNC:17944	biolink:causes	0
0.40145263	MONDO:0008426	HGNC:823	biolink:causes	0
0.28552485	MONDO:0008426	HGNC:11530	biolink:gene_associated_with_condition	0
0.89178836	MONDO:0008490	HGNC:7765	biolink:gene_associated_with_condition	0
0.60991	MONDO:0008490	HGNC:341	biolink:gene_associated_with_condition	0
0.7896862	MONDO:0008490	HGNC:3446	biolink:causes	0
0.97660464	MONDO:0008490	HGNC:27337	biolink:gene_associated_with_condition	0
0.4653466	MONDO:0008490	HGNC:8786	biolink:causes	0
0.7878203	MONDO:0008542	HGNC:5048	biolink:causes	0
0.8377798	MONDO:0008542	HGNC:7326	biolink:causes	0
0.5961796	MONDO:0008542	HGNC:26190	biolink:contributes_to	0
0.29934472	MONDO:0008542	HGNC:8008	biolink:causes	0
0.8218726	MONDO:0008542	HGNC:19743	biolink:gene_associated_with_condition	0
0.43653542	MONDO:0008542	HGNC:10446	biolink:causes	0
0.93973917	MONDO:0008542	HGNC:15517	biolink:causes	0
0.798926	MONDO:0008542	HGNC:2527	biolink:causes	0
0.9257471	MONDO:0008542	HGNC:2846	biolink:causes	0
0.14128357	MONDO:0008542	HGNC:123	biolink:causes	0
0.82040936	MONDO:0008542	HGNC:27310	biolink:causes	0
0.94247067	MONDO:0008542	HGNC:12637	biolink:causes	0
0.82007074	MONDO:0008542	HGNC:9220	biolink:causes	0
0.5079702	MONDO:0008542	HGNC:17975	biolink:gene_associated_with_condition	0
0.83534443	MONDO:0008542	HGNC:3178	biolink:contributes_to	0
0.5874949	MONDO:0008542	HGNC:5006	biolink:causes	0
0.8976878	MONDO:0008542	HGNC:5358	biolink:causes	0
0.5654535	MONDO:0008542	HGNC:6182	biolink:causes	0
0.8965048	MONDO:0008542	HGNC:13243	biolink:gene_associated_with_condition	0
0.71140426	MONDO:0008542	HGNC:14049	biolink:causes	0
0.61443293	MONDO:0008542	HGNC:7610	biolink:causes	0
0.8327599	MONDO:0008542	HGNC:24929	biolink:causes	0
0.9608375	MONDO:0008542	HGNC:6770	biolink:causes	0
0.9662367	MONDO:0008542	HGNC:11743	biolink:gene_associated_with_condition	0
0.95811224	MONDO:0008542	HGNC:2198	biolink:gene_associated_with_condition	0
0.5934671	MONDO:0008542	HGNC:48	biolink:causes	0
0.9289332	MONDO:0008542	HGNC:3587	biolink:causes	0
0.9444731	MONDO:0008542	HGNC:4171	biolink:causes	0
0.8690549	MONDO:0008542	HGNC:8632	biolink:gene_associated_with_condition	0
0.846802	MONDO:0008542	HGNC:13993	biolink:gene_associated_with_condition	0
0.8854054	MONDO:0008542	HGNC:19129	biolink:causes	0
0.78438085	MONDO:0008542	HGNC:19967	biolink:gene_associated_with_condition	0
0.712869	MONDO:0008542	HGNC:11184	biolink:causes	0
0.9321356	MONDO:0008542	HGNC:28396	biolink:causes	0
0.8590969	MONDO:0008542	HGNC:11998	biolink:gene_associated_with_condition	0
0.905192	MONDO:0008542	HGNC:2514	biolink:causes	0
0.60844165	MONDO:0008542	HGNC:3010	biolink:contributes_to	0
0.38603377	MONDO:0008546	HGNC:12310	biolink:causes	0
0.9207701	MONDO:0008546	HGNC:1162	biolink:causes	0
0.690042	MONDO:0008546	HGNC:103	biolink:causes	0
0.90638417	MONDO:0008678	HGNC:9722	biolink:gene_associated_with_condition	0
0.51931405	MONDO:0008678	HGNC:15021	biolink:causes	0
0.8386459	MONDO:0008678	HGNC:9091	biolink:causes	0
0.21758689	MONDO:0008678	HGNC:39080	biolink:contributes_to	0
0.35362855	MONDO:0008678	HGNC:23094	biolink:causes	0
0.50397074	MONDO:0008722	HGNC:12643	biolink:causes	0
0.36713752	MONDO:0008722	HGNC:23094	biolink:causes	0
0.3507124	MONDO:0008722	HGNC:11905	biolink:gene_associated_with_condition	0
0.8549313	MONDO:0008734	HGNC:11100	biolink:gene_associated_with_condition	0
0.12070056	MONDO:0008762	HGNC:573	biolink:gene_associated_with_condition	0
0.3026231	MONDO:0008762	HGNC:11521	biolink:causes	0
0.37499285	MONDO:0008818	HGNC:13203	biolink:causes	0
0.20767386	MONDO:0008818	HGNC:4162	biolink:causes	0
0.5116109	MONDO:0008818	HGNC:30778	biolink:causes	0
0.66166496	MONDO:0008818	HGNC:6937	biolink:causes	0
0.626739	MONDO:0008818	HGNC:7702	biolink:causes	0
0.3802132	MONDO:0008818	HGNC:10680	biolink:causes	0
0.9938362	MONDO:0008818	HGNC:12869	biolink:causes	0
0.88230866	MONDO:0008818	HGNC:20626	biolink:causes	0
0.6865587	MONDO:0008818	HGNC:4868	biolink:causes	0
0.9106447	MONDO:0008818	HGNC:18873	biolink:causes	0
0.6403705	MONDO:0008818	HGNC:6207	biolink:gene_associated_with_condition	0
0.48228407	MONDO:0008818	HGNC:8858	biolink:causes	0
0.2298794	MONDO:0008818	HGNC:10736	biolink:gene_associated_with_condition	0
0.4365076	MONDO:0008818	HGNC:3530	biolink:causes	0
0.8382725	MONDO:0008818	HGNC:4439	biolink:gene_associated_with_condition	0
0.48145247	MONDO:0008834	HGNC:4379	biolink:gene_associated_with_condition	0
0.124342635	MONDO:0008854	HGNC:18829	biolink:causes	0
0.2918828	MONDO:0008854	HGNC:2359	biolink:gene_associated_with_condition	0
0.17271222	MONDO:0008854	HGNC:6893	biolink:causes	0
0.6804109	MONDO:0008854	HGNC:20761	biolink:causes	0
0.9471472	MONDO:0008854	HGNC:2195	biolink:causes	0
0.23859595	MONDO:0008858	HGNC:9910	biolink:gene_associated_with_condition	0
0.9720424	MONDO:0008862	HGNC:2200	biolink:gene_associated_with_condition	0
0.9719729	MONDO:0008862	HGNC:3604	biolink:causes	0
0.03288792	MONDO:0008931	HGNC:14544	biolink:gene_associated_with_condition	0
0.69871074	MONDO:0008931	HGNC:2232	biolink:causes	0
0.40136874	MONDO:0008931	HGNC:11762	biolink:causes	0
0.7279263	MONDO:0008931	HGNC:15791	biolink:causes	0
0.4874904	MONDO:0008963	HGNC:4922	biolink:causes	0
0.15234493	MONDO:0008963	HGNC:16783	biolink:causes	0
0.83533496	MONDO:0008995	HGNC:7765	biolink:gene_associated_with_condition	0
0.5352566	MONDO:0008995	HGNC:9832	biolink:causes	0
0.86173266	MONDO:0009031	HGNC:6814	biolink:gene_associated_with_condition	0
0.9511795	MONDO:0009031	HGNC:23994	biolink:causes	0
0.6366878	MONDO:0009079	HGNC:25839	biolink:gene_associated_with_condition	0
0.7294719	MONDO:0009079	HGNC:8804	biolink:causes	0
0.9972277	MONDO:0009079	HGNC:15516	biolink:gene_associated_with_condition	0
0.745504	MONDO:0009091	HGNC:4189	biolink:gene_associated_with_condition	0
0.8825773	MONDO:0009115	HGNC:11027	biolink:causes	0
0.34886137	MONDO:0009143	HGNC:10468	biolink:gene_associated_with_condition	0
0.94430584	MONDO:0009151	HGNC:3754	biolink:gene_associated_with_condition	0
0.6012897	MONDO:0009151	HGNC:4948	biolink:gene_associated_with_condition	0
0.41583323	MONDO:0009159	HGNC:15802	biolink:gene_associated_with_condition	0
0.16283174	MONDO:0009159	HGNC:13486	biolink:causes	0
0.21555065	MONDO:0009211	HGNC:13886	biolink:causes	0
0.7680724	MONDO:0009211	HGNC:1606	biolink:contributes_to	0
0.9623899	MONDO:0009215	HGNC:1044	biolink:causes	0
0.9373248	MONDO:0009215	HGNC:1268	biolink:causes	0
0.8921633	MONDO:0009215	HGNC:10896	biolink:causes	0
0.09812921	MONDO:0009215	HGNC:24552	biolink:gene_associated_with_condition	0
0.041232903	MONDO:0009215	HGNC:20908	biolink:causes	0
0.9159553	MONDO:0009235	HGNC:14974	biolink:causes	0
0.9429154	MONDO:0009279	HGNC:9879	biolink:causes	0
0.3571407	MONDO:0009279	HGNC:6541	biolink:gene_associated_with_condition	0
0.41313305	MONDO:0009279	HGNC:7677	biolink:causes	0
0.5526751	MONDO:0009315	HGNC:11772	biolink:causes	0
0.8331791	MONDO:0009339	HGNC:19750	biolink:causes	0
0.40189368	MONDO:0009339	HGNC:26239	biolink:causes	0
0.06894892	MONDO:0009339	HGNC:23302	biolink:causes	0
0.634222	MONDO:0009359	HGNC:5439	biolink:contributes_to	0
0.7316297	MONDO:0009359	HGNC:9330	biolink:gene_associated_with_condition	0
0.04400644	MONDO:0009379	HGNC:1509	biolink:gene_associated_with_condition	0
0.4947677	MONDO:0009379	HGNC:14294	biolink:gene_associated_with_condition	0
0.5043546	MONDO:0009411	HGNC:5383	biolink:gene_associated_with_condition	0
0.3728879	MONDO:0009411	HGNC:4082	biolink:causes	0
0.44240403	MONDO:0009419	HGNC:28613	biolink:causes	0
0.82486993	MONDO:0009419	HGNC:12266	biolink:gene_associated_with_condition	0
0.8858007	MONDO:0009451	HGNC:25640	biolink:causes	0
0.19754015	MONDO:0009459	HGNC:16466	biolink:gene_associated_with_condition	0
0.7077929	MONDO:0009475	HGNC:17296	biolink:causes	0
0.8610486	MONDO:0009475	HGNC:10723	biolink:causes	0
0.84367216	MONDO:0009495	HGNC:9585	biolink:gene_associated_with_condition	0
0.34555665	MONDO:0009495	HGNC:4572	biolink:causes	0
0.77955997	MONDO:0009495	HGNC:29068	biolink:causes	0
0.42858332	MONDO:0009495	HGNC:2592	biolink:causes	0
0.80767596	MONDO:0009544	HGNC:18084	biolink:gene_associated_with_condition	0
0.5717905	MONDO:0009544	HGNC:8149	biolink:causes	0
0.9041985	MONDO:0009624	HGNC:12637	biolink:causes	0
0.95629865	MONDO:0009624	HGNC:8959	biolink:causes	0
0.82154584	MONDO:0009636	HGNC:3542	biolink:gene_associated_with_condition	0
0.993697	MONDO:0009664	HGNC:14615	biolink:causes	0
0.79291105	MONDO:0009672	HGNC:3033	biolink:causes	0
0.64244246	MONDO:0009708	HGNC:8108	biolink:gene_associated_with_condition	0
0.31324202	MONDO:0009728	HGNC:939	biolink:causes	0
0.66768724	MONDO:0009728	HGNC:2021	biolink:causes	0
0.46132037	MONDO:0009760	HGNC:17975	biolink:gene_associated_with_condition	0
0.0069536697	MONDO:0009776	HGNC:17020	biolink:contributes_to	0
0.69279987	MONDO:0009776	HGNC:2187	biolink:causes	0
0.5366173	MONDO:0009796	HGNC:24555	biolink:causes	0
0.893764	MONDO:0009796	HGNC:10706	biolink:causes	0
0.9360517	MONDO:0009804	HGNC:1388	biolink:causes	0
0.7826779	MONDO:0009804	HGNC:11257	biolink:causes	0
0.24556579	MONDO:0009804	HGNC:2410	biolink:gene_associated_with_condition	0
0.23011175	MONDO:0009804	HGNC:5173	biolink:causes	0
0.081588835	MONDO:0009804	HGNC:29536	biolink:causes	0
0.070438236	MONDO:0009804	HGNC:4800	biolink:gene_associated_with_condition	0
0.8929022	MONDO:0009820	HGNC:6636	biolink:causes	0
0.9533459	MONDO:0009820	HGNC:6814	biolink:gene_associated_with_condition	0
0.4924189	MONDO:0009820	HGNC:8008	biolink:causes	0
0.61483693	MONDO:0009820	HGNC:30605	biolink:gene_associated_with_condition	0
0.9816761	MONDO:0009820	HGNC:3622	biolink:causes	0
0.7643153	MONDO:0009820	HGNC:5013	biolink:causes	0
0.97402126	MONDO:0009820	HGNC:11773	biolink:causes	0
0.90946317	MONDO:0009820	HGNC:2928	biolink:gene_associated_with_condition	0
0.57823914	MONDO:0009820	HGNC:16171	biolink:causes	0
0.86966836	MONDO:0009872	HGNC:3531	biolink:contributes_to	0
0.96284765	MONDO:0009892	HGNC:11795	biolink:gene_associated_with_condition	0
0.65773827	MONDO:0009892	HGNC:11714	biolink:causes	0
0.8530488	MONDO:0009904	HGNC:12637	biolink:causes	0
0.1592231	MONDO:0009904	HGNC:21143	biolink:causes	0
0.83519727	MONDO:0009928	HGNC:3754	biolink:causes	0
0.49009195	MONDO:0009928	HGNC:11992	biolink:gene_associated_with_condition	0
0.09055842	MONDO:0009928	HGNC:30914	biolink:gene_associated_with_condition	0
0.25269613	MONDO:0009928	HGNC:11389	biolink:causes	0
0.18177798	MONDO:0009960	HGNC:9220	biolink:causes	0
0.3756759	MONDO:0009960	HGNC:12511	biolink:gene_associated_with_condition	0
0.55054164	MONDO:0010000	HGNC:19309	biolink:causes	0
0.9551889	MONDO:0010000	HGNC:9608	biolink:causes	0
0.14585397	MONDO:0010028	HGNC:10632	biolink:contributes_to	0
0.9953969	MONDO:0010077	HGNC:29316	biolink:causes	0
0.8298206	MONDO:0010133	HGNC:4180	biolink:gene_associated_with_condition	0
0.3274933	MONDO:0010169	HGNC:9456	biolink:causes	0
0.45026726	MONDO:0010169	HGNC:3257	biolink:gene_associated_with_condition	0
0.8797773	MONDO:0010169	HGNC:4393	biolink:causes	0
0.87884	MONDO:0010185	HGNC:7744	biolink:contributes_to	0
0.23132597	MONDO:0010185	HGNC:9382	biolink:causes	0
0.72898245	MONDO:0010214	HGNC:15561	biolink:gene_associated_with_condition	0
0.7329991	MONDO:0010246	HGNC:4392	biolink:gene_associated_with_condition	0
0.3160175	MONDO:0010250	HGNC:1706	biolink:gene_associated_with_condition	0
0.64867926	MONDO:0010250	HGNC:9957	biolink:causes	0
0.71123314	MONDO:0010250	HGNC:11743	biolink:gene_associated_with_condition	0
0.28534424	MONDO:0010258	HGNC:4706	biolink:causes	0
0.6113387	MONDO:0010258	HGNC:8977	biolink:causes	0
0.9067542	MONDO:0010278	HGNC:757	biolink:gene_associated_with_condition	0
0.6305788	MONDO:0010286	HGNC:4887	biolink:gene_associated_with_condition	0
0.99306536	MONDO:0010310	HGNC:5956	biolink:causes	0
0.2500573	MONDO:0010310	HGNC:26208	biolink:causes	0
0.9406178	MONDO:0010350	HGNC:11957	biolink:causes	0
0.57408655	MONDO:0010455	HGNC:14957	biolink:gene_associated_with_condition	0
0.76346886	MONDO:0010483	HGNC:25481	biolink:gene_associated_with_condition	0
0.8969409	MONDO:0010503	HGNC:19918	biolink:causes	0
0.45229483	MONDO:0010511	HGNC:4651	biolink:causes	0
0.6793779	MONDO:0010511	HGNC:4393	biolink:causes	0
0.500077	MONDO:0010524	HGNC:32940	biolink:causes	0
0.8033981	MONDO:0010592	HGNC:7765	biolink:causes	0
0.121788435	MONDO:0010592	HGNC:29456	biolink:gene_associated_with_condition	0
0.32733345	MONDO:0010626	HGNC:5056	biolink:gene_associated_with_condition	0
0.59206253	MONDO:0010626	HGNC:12271	biolink:gene_associated_with_condition	0
0.3311197	MONDO:0010758	HGNC:15802	biolink:causes	0
0.6768917	MONDO:0010758	HGNC:236	biolink:causes	0
0.39672428	MONDO:0010758	HGNC:26058	biolink:causes	0
0.58262855	MONDO:0010758	HGNC:21699	biolink:causes	0
0.92871857	MONDO:0010803	HGNC:17213	biolink:causes	0
0.86410785	MONDO:0010803	HGNC:7569	biolink:causes	0
0.85382634	MONDO:0010839	HGNC:12877	biolink:gene_associated_with_condition	0
0.53682804	MONDO:0010907	HGNC:7677	biolink:causes	0
0.1976817	MONDO:0010911	HGNC:18248	biolink:causes	0
0.3417303	MONDO:0010911	HGNC:16461	biolink:causes	0
0.46977443	MONDO:0010947	HGNC:4572	biolink:causes	0
0.72864	MONDO:0010959	HGNC:4367	biolink:gene_associated_with_condition	0
0.30899796	MONDO:0010963	HGNC:9864	biolink:causes	0
0.91733617	MONDO:0010963	HGNC:13556	biolink:causes	0
0.40446764	MONDO:0010963	HGNC:1460	biolink:causes	0
0.7199239	MONDO:0010963	HGNC:5385	biolink:causes	0
0.019263264	MONDO:0011003	HGNC:25737	biolink:gene_associated_with_condition	0
0.7105206	MONDO:0011003	HGNC:1393	biolink:causes	0
0.5422808	MONDO:0011113	HGNC:17194	biolink:contributes_to	0
0.8646194	MONDO:0011125	HGNC:7765	biolink:gene_associated_with_condition	0
0.60603774	MONDO:0011125	HGNC:7693	biolink:causes	0
0.3910001	MONDO:0011165	HGNC:15646	biolink:causes	0
0.6522426	MONDO:0011165	HGNC:757	biolink:gene_associated_with_condition	0
0.9119429	MONDO:0011229	HGNC:2858	biolink:causes	0
0.080130585	MONDO:0011237	HGNC:17811	biolink:gene_associated_with_condition	0
0.0749628	MONDO:0011237	HGNC:8574	biolink:gene_associated_with_condition	0
0.6899304	MONDO:0011273	HGNC:23089	biolink:causes	0
0.3903073	MONDO:0011273	HGNC:464	biolink:gene_associated_with_condition	0
0.6074423	MONDO:0011285	HGNC:16393	biolink:gene_associated_with_condition	0
0.9400001	MONDO:0011285	HGNC:5466	biolink:gene_associated_with_condition	0
0.12741454	MONDO:0011285	HGNC:26047	biolink:causes	0
0.5723403	MONDO:0011285	HGNC:3098	biolink:causes	0
0.32102218	MONDO:0011285	HGNC:7877	biolink:causes	0
0.22801322	MONDO:0011285	HGNC:1093	biolink:causes	0
0.3910638	MONDO:0011361	HGNC:7127	biolink:causes	0
0.95919234	MONDO:0011398	HGNC:3702	biolink:gene_associated_with_condition	0
0.13515891	MONDO:0011411	HGNC:33882	biolink:causes	0
0.08506844	MONDO:0011431	HGNC:26230	biolink:contributes_to	0
0.2012406	MONDO:0011523	HGNC:26208	biolink:causes	0
0.8453952	MONDO:0011547	HGNC:19316	biolink:causes	0
0.89736265	MONDO:0011547	HGNC:9942	biolink:causes	0
0.9014037	MONDO:0011603	HGNC:14409	biolink:causes	0
0.69494665	MONDO:0011603	HGNC:5005	biolink:gene_associated_with_condition	0
0.60430086	MONDO:0011603	HGNC:7883	biolink:causes	0
0.053622916	MONDO:0011667	HGNC:1445	biolink:causes	0
0.4758143	MONDO:0011743	HGNC:6189	biolink:causes	0
0.9414381	MONDO:0011743	HGNC:7631	biolink:gene_associated_with_condition	0
0.9933629	MONDO:0011783	HGNC:1044	biolink:gene_associated_with_condition	0
0.4258824	MONDO:0011783	HGNC:4217	biolink:causes	0
0.86656916	MONDO:0011787	HGNC:11609	biolink:causes	0
0.7828764	MONDO:0011811	HGNC:20893	biolink:causes	0
0.7634652	MONDO:0011819	HGNC:7103	biolink:gene_associated_with_condition	0
0.41482028	MONDO:0011823	HGNC:12463	biolink:gene_associated_with_condition	0
0.48095712	MONDO:0011839	HGNC:2348	biolink:gene_associated_with_condition	0
0.9333396	MONDO:0011907	HGNC:26837	biolink:causes	0
0.20320043	MONDO:0011911	HGNC:53	biolink:causes	0
0.24651022	MONDO:0011911	HGNC:20406	biolink:gene_associated_with_condition	0
0.48963347	MONDO:0011935	HGNC:18619	biolink:causes	0
0.32745203	MONDO:0011935	HGNC:28648	biolink:causes	0
0.13424496	MONDO:0011939	HGNC:18810	biolink:gene_associated_with_condition	0
0.62074316	MONDO:0011959	HGNC:14957	biolink:gene_associated_with_condition	0
0.19621453	MONDO:0011959	HGNC:4588	biolink:causes	0
0.1790823	MONDO:0011971	HGNC:8582	biolink:gene_associated_with_condition	0
0.96484095	MONDO:0012019	HGNC:4220	biolink:causes	0
0.7906382	MONDO:0012039	HGNC:7675	biolink:gene_associated_with_condition	0
0.7410843	MONDO:0012039	HGNC:2907	biolink:gene_associated_with_condition	0
0.41000375	MONDO:0012039	HGNC:29350	biolink:causes	0
0.4953835	MONDO:0012039	HGNC:757	biolink:gene_associated_with_condition	0
0.6451735	MONDO:0012039	HGNC:8778	biolink:causes	0
0.3607611	MONDO:0012039	HGNC:7569	biolink:gene_associated_with_condition	0
0.5138598	MONDO:0012039	HGNC:7601	biolink:causes	0
0.1873823	MONDO:0012043	HGNC:28949	biolink:causes	0
0.67272234	MONDO:0012043	HGNC:2260	biolink:causes	0
0.083175376	MONDO:0012043	HGNC:1093	biolink:gene_associated_with_condition	0
0.876612	MONDO:0012043	HGNC:2909	biolink:causes	0
0.8359268	MONDO:0012075	HGNC:9921	biolink:causes	0
0.3272117	MONDO:0012091	HGNC:29678	biolink:causes	0
0.7985278	MONDO:0012123	HGNC:11102	biolink:causes	0
0.18662246	MONDO:0012123	HGNC:1001	biolink:gene_associated_with_condition	0
0.95379585	MONDO:0012123	HGNC:19747	biolink:gene_associated_with_condition	0
0.93908226	MONDO:0012127	HGNC:23339	biolink:causes	0
0.6067713	MONDO:0012143	HGNC:21057	biolink:causes	0
0.9822885	MONDO:0012143	HGNC:11908	biolink:causes	0
0.22774605	MONDO:0012163	HGNC:118	biolink:gene_associated_with_condition	0
0.118569605	MONDO:0012163	HGNC:10295	biolink:causes	0
0.14865984	MONDO:0012203	HGNC:12499	biolink:causes	0
0.32681003	MONDO:0012203	HGNC:8029	biolink:causes	0
0.4421346	MONDO:0012287	HGNC:2907	biolink:gene_associated_with_condition	0
0.49001774	MONDO:0012287	HGNC:13664	biolink:causes	0
0.42089823	MONDO:0012287	HGNC:24891	biolink:causes	0
0.14459467	MONDO:0012295	HGNC:26708	biolink:causes	0
0.2546321	MONDO:0012295	HGNC:9282	biolink:causes	0
0.13030554	MONDO:0012299	HGNC:23785	biolink:gene_associated_with_condition	0
0.67367655	MONDO:0012395	HGNC:3255	biolink:gene_associated_with_condition	0
0.59669805	MONDO:0012395	HGNC:3976	biolink:causes	0
0.7635471	MONDO:0012395	HGNC:22954	biolink:causes	0
0.9153342	MONDO:0012411	HGNC:2200	biolink:causes	0
0.30258334	MONDO:0012423	HGNC:14078	biolink:causes	0
0.7391515	MONDO:0012483	HGNC:25221	biolink:gene_associated_with_condition	0
0.8987242	MONDO:0012531	HGNC:6391	biolink:gene_associated_with_condition	0
0.4198628	MONDO:0012531	HGNC:28460	biolink:causes	0
0.87480485	MONDO:0012539	HGNC:57	biolink:causes	0
0.7114031	MONDO:0012559	HGNC:21701	biolink:causes	0
0.59628046	MONDO:0012559	HGNC:25355	biolink:gene_associated_with_condition	0
0.10481146	MONDO:0012559	HGNC:19903	biolink:causes	0
0.98426104	MONDO:0012563	HGNC:11908	biolink:causes	0
0.21110399	MONDO:0012607	HGNC:11490	biolink:causes	0
0.22879589	MONDO:0012607	HGNC:31923	biolink:causes	0
0.21070206	MONDO:0012607	HGNC:7526	biolink:gene_associated_with_condition	0
0.6218432	MONDO:0012679	HGNC:9719	biolink:gene_associated_with_condition	0
0.35353392	MONDO:0012724	HGNC:2976	biolink:causes	0
0.7679005	MONDO:0012792	HGNC:15646	biolink:causes	0
0.8259339	MONDO:0012792	HGNC:6186	biolink:causes	0
0.2296267	MONDO:0012804	HGNC:24678	biolink:gene_associated_with_condition	0
0.37500468	MONDO:0012864	HGNC:12630	biolink:causes	0
0.49129394	MONDO:0012868	HGNC:26257	biolink:contributes_to	0
0.20830315	MONDO:0012868	HGNC:2505	biolink:gene_associated_with_condition	0
0.77911913	MONDO:0012925	HGNC:10447	biolink:causes	0
0.48343235	MONDO:0012925	HGNC:600	biolink:causes	0
0.22395094	MONDO:0012925	HGNC:4172	biolink:causes	0
0.5768989	MONDO:0012925	HGNC:6174	biolink:gene_associated_with_condition	0
0.5998051	MONDO:0013021	HGNC:869	biolink:causes	0
0.71064943	MONDO:0013033	HGNC:17296	biolink:causes	0
0.8200335	MONDO:0013033	HGNC:17327	biolink:gene_associated_with_condition	0
0.16897672	MONDO:0013033	HGNC:11427	biolink:causes	0
0.16563678	MONDO:0013033	HGNC:9955	biolink:gene_associated_with_condition	0
0.47827283	MONDO:0013125	HGNC:11776	biolink:gene_associated_with_condition	0
0.35670522	MONDO:0013125	HGNC:3012	biolink:causes	0
0.3732478	MONDO:0013162	HGNC:11701	biolink:causes	0
0.040267408	MONDO:0013162	HGNC:29525	biolink:causes	0
0.5334386	MONDO:0013170	HGNC:620	biolink:gene_associated_with_condition	0
0.082629256	MONDO:0013178	HGNC:4707	biolink:gene_associated_with_condition	0
0.9357098	MONDO:0013178	HGNC:6305	biolink:causes	0
0.16546904	MONDO:0013198	HGNC:4868	biolink:causes	0
0.94836617	MONDO:0013198	HGNC:1762	biolink:causes	0
0.89874005	MONDO:0013214	HGNC:4512	biolink:causes	0
0.829054	MONDO:0013218	HGNC:7883	biolink:causes	0
0.1789534	MONDO:0013222	HGNC:17073	biolink:causes	0
0.103661	MONDO:0013222	HGNC:1343	biolink:causes	0
0.33581674	MONDO:0013342	HGNC:21307	biolink:causes	0
0.5902034	MONDO:0013342	HGNC:13993	biolink:gene_associated_with_condition	0
0.96292925	MONDO:0013350	HGNC:31555	biolink:causes	0
0.6690545	MONDO:0013390	HGNC:28845	biolink:causes	0
0.7353137	MONDO:0013390	HGNC:13818	biolink:causes	0
0.6270192	MONDO:0013398	HGNC:10993	biolink:causes	0
0.9798884	MONDO:0013431	HGNC:7945	biolink:causes	0
0.92958206	MONDO:0013431	HGNC:4177	biolink:causes	0
0.6151036	MONDO:0013512	HGNC:10723	biolink:causes	0
0.10697138	MONDO:0013529	HGNC:16627	biolink:gene_associated_with_condition	0
0.29809758	MONDO:0013529	HGNC:21143	biolink:causes	0
0.49152204	MONDO:0013533	HGNC:30000	biolink:causes	0
0.9430627	MONDO:0013533	HGNC:2219	biolink:causes	0
0.8423674	MONDO:0013553	HGNC:2027	biolink:gene_associated_with_condition	0
0.68808836	MONDO:0013553	HGNC:27365	biolink:causes	0
0.252726	MONDO:0013561	HGNC:226	biolink:causes	0
0.5664493	MONDO:0013634	HGNC:21686	biolink:causes	0
0.7579713	MONDO:0013634	HGNC:7690	biolink:causes	0
0.9282433	MONDO:0013634	HGNC:1750	biolink:causes	0
0.86401105	MONDO:0013634	HGNC:2212	biolink:gene_associated_with_condition	0
0.5428181	MONDO:0013642	HGNC:9967	biolink:contributes_to	0
0.66048235	MONDO:0013678	HGNC:9179	biolink:causes	0
0.61286956	MONDO:0013686	HGNC:649	biolink:causes	0
0.3152261	MONDO:0013690	HGNC:6081	biolink:causes	0
0.7543999	MONDO:0013690	HGNC:9277	biolink:causes	0
0.8964341	MONDO:0013690	HGNC:19316	biolink:causes	0
0.19646887	MONDO:0013690	HGNC:11598	biolink:causes	0
0.93421084	MONDO:0013690	HGNC:27337	biolink:gene_associated_with_condition	0
0.85247207	MONDO:0013690	HGNC:9039	biolink:causes	0
0.7556956	MONDO:0013690	HGNC:28423	biolink:causes	0
0.45372576	MONDO:0013718	HGNC:6343	biolink:causes	0
0.5904369	MONDO:0013718	HGNC:10600	biolink:causes	0
0.060626715	MONDO:0013766	HGNC:25415	biolink:causes	0
0.7148949	MONDO:0013766	HGNC:7974	biolink:gene_associated_with_condition	0
0.50076646	MONDO:0013794	HGNC:2481	biolink:causes	0
0.34429651	MONDO:0013842	HGNC:1884	biolink:causes	0
0.49288976	MONDO:0013842	HGNC:9721	biolink:causes	0
0.4765791	MONDO:0013842	HGNC:1393	biolink:causes	0
0.36620727	MONDO:0013862	HGNC:3765	biolink:gene_associated_with_condition	0
0.9684359	MONDO:0013962	HGNC:26527	biolink:causes	0
0.8238345	MONDO:0013962	HGNC:5382	biolink:gene_associated_with_condition	0
0.27927697	MONDO:0013962	HGNC:28506	biolink:gene_associated_with_condition	0
0.98188746	MONDO:0014034	HGNC:3604	biolink:causes	0
0.71899647	MONDO:0014042	HGNC:18550	biolink:causes	0
0.24690665	MONDO:0014094	HGNC:29853	biolink:causes	0
0.78014404	MONDO:0014094	HGNC:5439	biolink:causes	0
0.4653908	MONDO:0014094	HGNC:10979	biolink:causes	0
0.66146827	MONDO:0014094	HGNC:29529	biolink:gene_associated_with_condition	0
0.891431	MONDO:0014118	HGNC:9879	biolink:causes	0
0.66651165	MONDO:0014118	HGNC:2898	biolink:gene_associated_with_condition	0
0.57382166	MONDO:0014122	HGNC:26600	biolink:causes	0
0.13682766	MONDO:0014146	HGNC:10004	biolink:causes	0
0.14984204	MONDO:0014198	HGNC:8117	biolink:gene_associated_with_condition	0
0.79952556	MONDO:0014198	HGNC:8965	biolink:causes	0
0.4151711	MONDO:0014202	HGNC:20716	biolink:gene_associated_with_condition	0
0.49270383	MONDO:0014206	HGNC:10922	biolink:causes	0
0.854484	MONDO:0014210	HGNC:17761	biolink:causes	0
0.71021914	MONDO:0014218	HGNC:358	biolink:causes	0
0.48482165	MONDO:0014222	HGNC:3267	biolink:causes	0
0.83978456	MONDO:0014222	HGNC:1162	biolink:causes	0
0.8971877	MONDO:0014230	HGNC:27337	biolink:gene_associated_with_condition	0
0.68839836	MONDO:0014230	HGNC:7103	biolink:gene_associated_with_condition	0
0.488293	MONDO:0014238	HGNC:30859	biolink:causes	0
0.72880775	MONDO:0014242	HGNC:3373	biolink:causes	0
0.6306277	MONDO:0014274	HGNC:33939	biolink:causes	0
0.72886574	MONDO:0014282	HGNC:3767	biolink:causes	0
0.69646287	MONDO:0014282	HGNC:6217	biolink:gene_associated_with_condition	0
0.0024386367	MONDO:0014290	HGNC:30788	biolink:causes	0
0.27034804	MONDO:0014290	HGNC:1606	biolink:contributes_to	0
0.3626653	MONDO:0014290	HGNC:3386	biolink:causes	0
0.8930345	MONDO:0014302	HGNC:9608	biolink:causes	0
0.95852214	MONDO:0014338	HGNC:2202	biolink:gene_associated_with_condition	0
0.5125799	MONDO:0014338	HGNC:800	biolink:causes	0
0.31736454	MONDO:0014346	HGNC:9879	biolink:causes	0
0.4340835	MONDO:0014346	HGNC:18149	biolink:causes	0
0.8654246	MONDO:0014358	HGNC:4868	biolink:causes	0
0.39871424	MONDO:0014386	HGNC:6415	biolink:causes	0
0.7826255	MONDO:0014386	HGNC:25751	biolink:gene_associated_with_condition	0
0.7973141	MONDO:0014386	HGNC:14579	biolink:causes	0
0.9445152	MONDO:0014386	HGNC:2187	biolink:causes	0
0.39230847	MONDO:0014386	HGNC:17097	biolink:causes	0
0.93110543	MONDO:0014386	HGNC:1514	biolink:causes	0
0.8419399	MONDO:0014398	HGNC:20492	biolink:gene_associated_with_condition	0
0.5660708	MONDO:0014406	HGNC:7413	biolink:gene_associated_with_condition	0
0.32057208	MONDO:0014434	HGNC:17258	biolink:causes	0
0.700491	MONDO:0014450	HGNC:9967	biolink:causes	0
0.29712138	MONDO:0014466	HGNC:15802	biolink:gene_associated_with_condition	0
0.1456557	MONDO:0014466	HGNC:21158	biolink:gene_associated_with_condition	0
0.7442932	MONDO:0014474	HGNC:14253	biolink:gene_associated_with_condition	0
0.6178816	MONDO:0014490	HGNC:6898	biolink:causes	0
0.86326134	MONDO:0014490	HGNC:14937	biolink:causes	0
0.33082625	MONDO:0014494	HGNC:24071	biolink:causes	0
0.8617555	MONDO:0014518	HGNC:25221	biolink:gene_associated_with_condition	0
0.71756834	MONDO:0014518	HGNC:24113	biolink:causes	0
0.87679607	MONDO:0014518	HGNC:6859	biolink:causes	0
0.88274115	MONDO:0014522	HGNC:6823	biolink:causes	0
0.47165126	MONDO:0014550	HGNC:26708	biolink:causes	0
0.23886532	MONDO:0014550	HGNC:6107	biolink:causes	0
0.82215726	MONDO:0014574	HGNC:18083	biolink:gene_associated_with_condition	0
0.6341079	MONDO:0014586	HGNC:25221	biolink:gene_associated_with_condition	0
0.85404384	MONDO:0014586	HGNC:6518	biolink:causes	0
0.6556578	MONDO:0014586	HGNC:9990	biolink:causes	0
0.45533538	MONDO:0014586	HGNC:177	biolink:gene_associated_with_condition	0
0.32291907	MONDO:0014602	HGNC:4379	biolink:causes	0
0.656449	MONDO:0014622	HGNC:21066	biolink:causes	0
0.9131507	MONDO:0014622	HGNC:9004	biolink:gene_associated_with_condition	0
0.54802835	MONDO:0014622	HGNC:2946	biolink:causes	0
0.7286006	MONDO:0014630	HGNC:3146	biolink:causes	0
0.6451697	MONDO:0014630	HGNC:2666	biolink:gene_associated_with_condition	0
0.7053187	MONDO:0014646	HGNC:7437	biolink:gene_associated_with_condition	0
0.31544584	MONDO:0014670	HGNC:5286	biolink:causes	0
0.12193663	MONDO:0014670	HGNC:6439	biolink:gene_associated_with_condition	0
0.72550356	MONDO:0014682	HGNC:8849	biolink:causes	0
0.9055066	MONDO:0014686	HGNC:24525	biolink:causes	0
0.7038588	MONDO:0014686	HGNC:11182	biolink:gene_associated_with_condition	0
0.9339619	MONDO:0014686	HGNC:12299	biolink:gene_associated_with_condition	0
0.89280003	MONDO:0014710	HGNC:8546	biolink:causes	0
0.7909529	MONDO:0014718	HGNC:9069	biolink:gene_associated_with_condition	0
0.94244	MONDO:0014738	HGNC:18340	biolink:causes	0
0.5606935	MONDO:0014754	HGNC:317	biolink:gene_associated_with_condition	0
0.41614866	MONDO:0014754	HGNC:12009	biolink:causes	0
0.4645268	MONDO:0014822	HGNC:3791	biolink:gene_associated_with_condition	0
0.20255098	MONDO:0014822	HGNC:8591	biolink:causes	0
0.85913825	MONDO:0014830	HGNC:4454	biolink:gene_associated_with_condition	0
0.8879185	MONDO:0014883	HGNC:30225	biolink:gene_associated_with_condition	0
0.30138454	MONDO:0014883	HGNC:20439	biolink:gene_associated_with_condition	0
0.919158	MONDO:0014887	HGNC:24861	biolink:causes	0
0.44900218	MONDO:0014899	HGNC:11724	biolink:causes	0
0.9248598	MONDO:0014899	HGNC:319	biolink:causes	0
0.8880208	MONDO:0014899	HGNC:23287	biolink:causes	0
0.5684784	MONDO:0014899	HGNC:12713	biolink:causes	0
0.7888122	MONDO:0014927	HGNC:3754	biolink:causes	0
0.10281778	MONDO:0014927	HGNC:7436	biolink:gene_associated_with_condition	0
0.055808187	MONDO:0014947	HGNC:9658	biolink:gene_associated_with_condition	0
0.9317661	MONDO:0014963	HGNC:219	biolink:causes	0
0.62192416	MONDO:0014963	HGNC:3260	biolink:gene_associated_with_condition	0
0.5091484	MONDO:0014995	HGNC:24592	biolink:causes	0
0.6127141	MONDO:0014995	HGNC:12511	biolink:gene_associated_with_condition	0
0.9852557	MONDO:0014995	HGNC:7944	biolink:causes	0
0.7898345	MONDO:0015003	HGNC:18084	biolink:causes	0
0.889169	MONDO:0015003	HGNC:8940	biolink:causes	0
0.6347042	MONDO:0015007	HGNC:30171	biolink:causes	0
0.9617893	MONDO:0015007	HGNC:28261	biolink:causes	0
0.91213703	MONDO:0015096	HGNC:6481	biolink:causes	0
0.68735	MONDO:0015096	HGNC:6770	biolink:causes	0
0.72721016	MONDO:0015096	HGNC:17341	biolink:causes	0
0.9293786	MONDO:0015519	HGNC:3671	biolink:gene_associated_with_condition	0
0.6651337	MONDO:0015519	HGNC:2518	biolink:causes	0
0.7780803	MONDO:0015519	HGNC:12877	biolink:gene_associated_with_condition	0
0.74171513	MONDO:0015519	HGNC:23805	biolink:gene_associated_with_condition	0
0.57088256	MONDO:0015519	HGNC:11908	biolink:causes	0
0.72680306	MONDO:0015555	HGNC:9986	biolink:causes	0
0.31017298	MONDO:0015631	HGNC:24097	biolink:causes	0
0.3998125	MONDO:0015635	HGNC:3219	biolink:causes	0
0.94789284	MONDO:0016002	HGNC:6391	biolink:gene_associated_with_condition	0
0.47013375	MONDO:0016103	HGNC:8008	biolink:causes	0
0.8231008	MONDO:0016103	HGNC:19661	biolink:causes	0
0.019918561	MONDO:0016281	HGNC:25913	biolink:gene_associated_with_condition	0
0.69688123	MONDO:0016281	HGNC:11772	biolink:causes	0
0.123979695	MONDO:0016309	HGNC:2511	biolink:causes	0
0.40561667	MONDO:0016461	HGNC:29350	biolink:causes	0
0.31509867	MONDO:0016598	HGNC:11771	biolink:gene_associated_with_condition	0
0.66239935	MONDO:0016598	HGNC:11795	biolink:gene_associated_with_condition	0
0.92476225	MONDO:0016606	HGNC:18625	biolink:causes	0
0.9060143	MONDO:0016606	HGNC:4887	biolink:gene_associated_with_condition	0
0.8562627	MONDO:0016672	HGNC:30074	biolink:gene_associated_with_condition	0
0.78029615	MONDO:0016780	HGNC:2211	biolink:gene_associated_with_condition	0
0.09563932	MONDO:0017051	HGNC:9118	biolink:gene_associated_with_condition	0
0.23484087	MONDO:0017051	HGNC:3438	biolink:gene_associated_with_condition	0
0.6637513	MONDO:0017111	HGNC:5383	biolink:causes	0
0.5852545	MONDO:0017111	HGNC:14409	biolink:causes	0
0.6190646	MONDO:0017111	HGNC:2309	biolink:gene_associated_with_condition	0
0.7775132	MONDO:0017111	HGNC:20967	biolink:gene_associated_with_condition	0
0.26848808	MONDO:0017111	HGNC:10683	biolink:causes	0
0.5186576	MONDO:0017283	HGNC:19309	biolink:causes	0
0.48938522	MONDO:0017283	HGNC:7102	biolink:causes	0
0.019318003	MONDO:0017360	HGNC:17020	biolink:contributes_to	0
0.8876405	MONDO:0017360	HGNC:8818	biolink:gene_associated_with_condition	0
0.7626484	MONDO:0017360	HGNC:28385	biolink:causes	0
0.39314607	MONDO:0017696	HGNC:12015	biolink:causes	0
0.6858423	MONDO:0017696	HGNC:4263	biolink:gene_associated_with_condition	0
0.16316688	MONDO:0017844	HGNC:126	biolink:causes	0
0.69977796	MONDO:0017844	HGNC:8101	biolink:causes	0
0.28988436	MONDO:0018000	HGNC:11535	biolink:gene_associated_with_condition	0
0.10216894	MONDO:0018000	HGNC:1093	biolink:gene_associated_with_condition	0
0.35026115	MONDO:0018092	HGNC:9706	biolink:gene_associated_with_condition	0
0.094345696	MONDO:0018112	HGNC:9236	biolink:gene_associated_with_condition	0
0.8229845	MONDO:0018144	HGNC:218	biolink:causes	0
0.8123057	MONDO:0018144	HGNC:2500	biolink:gene_associated_with_condition	0
0.306333	MONDO:0018256	HGNC:10024	biolink:causes	0
0.17704701	MONDO:0018280	HGNC:8028	biolink:gene_associated_with_condition	0
0.91431123	MONDO:0018324	HGNC:9456	biolink:causes	0
0.3282382	MONDO:0018324	HGNC:14202	biolink:causes	0
0.6342234	MONDO:0018328	HGNC:7678	biolink:gene_associated_with_condition	0
0.33834472	MONDO:0018328	HGNC:11521	biolink:causes	0
0.5369241	MONDO:0018332	HGNC:27089	biolink:causes	0
0.7271206	MONDO:0018332	HGNC:18141	biolink:gene_associated_with_condition	0
0.7017862	MONDO:0018336	HGNC:6636	biolink:gene_associated_with_condition	0
0.22132798	MONDO:0018336	HGNC:11073	biolink:causes	0
0.1830137	MONDO:0018336	HGNC:613	biolink:contributes_to	0
0.8625724	MONDO:0018393	HGNC:12718	biolink:causes	0
0.7176881	MONDO:0018393	HGNC:21022	biolink:gene_associated_with_condition	0
0.31047058	MONDO:0018393	HGNC:7154	biolink:gene_associated_with_condition	0
0.7987738	MONDO:0018393	HGNC:9965	biolink:gene_associated_with_condition	0
0.7481487	MONDO:0018393	HGNC:11546	biolink:causes	0
0.47412422	MONDO:0018417	HGNC:11020	biolink:causes	0
0.25634405	MONDO:0018417	HGNC:11280	biolink:causes	0
0.70142365	MONDO:0018742	HGNC:14977	biolink:causes	0
0.45950055	MONDO:0018758	HGNC:3122	biolink:causes	0
0.18762425	MONDO:0018758	HGNC:2022	biolink:causes	0
0.71630704	MONDO:0019113	HGNC:10294	biolink:causes	0
0.40649745	MONDO:0019157	HGNC:10254	biolink:causes	0
0.25511274	MONDO:0019157	HGNC:468	biolink:gene_associated_with_condition	0
0.6294404	MONDO:0019349	HGNC:3395	biolink:causes	0
0.13299906	MONDO:0019373	HGNC:29956	biolink:causes	0
0.46080026	MONDO:0019373	HGNC:12305	biolink:gene_associated_with_condition	0
0.024075733	MONDO:0019373	HGNC:10736	biolink:gene_associated_with_condition	0
0.27810442	MONDO:0019409	HGNC:8896	biolink:causes	0
0.5383259	MONDO:0019505	HGNC:4799	biolink:causes	0
0.51257694	MONDO:0019505	HGNC:2976	biolink:causes	0
0.5680629	MONDO:0019505	HGNC:1100	biolink:contributes_to	0
0.98978174	MONDO:0019569	HGNC:15808	biolink:gene_associated_with_condition	0
0.9338703	MONDO:0019569	HGNC:1349	biolink:causes	0
0.22278488	MONDO:0019569	HGNC:4932	biolink:gene_associated_with_condition	0
0.29978055	MONDO:0019569	HGNC:987	biolink:gene_associated_with_condition	0
0.68759495	MONDO:0019597	HGNC:9811	biolink:causes	0
0.62436694	MONDO:0019669	HGNC:6859	biolink:causes	0
0.8096604	MONDO:0019921	HGNC:3531	biolink:contributes_to	0
0.8524969	MONDO:0019921	HGNC:6770	biolink:causes	0
0.38233712	MONDO:0020512	HGNC:10872	biolink:gene_associated_with_condition	0
0.8336424	MONDO:0020512	HGNC:4922	biolink:causes	0
0.51316833	MONDO:0020512	HGNC:8855	biolink:gene_associated_with_condition	0
0.6083294	MONDO:0020512	HGNC:11935	biolink:gene_associated_with_condition	0
0.8553079	MONDO:0020512	HGNC:9081	biolink:causes	0
0.27617717	MONDO:0020628	HGNC:26276	biolink:gene_associated_with_condition	0
0.15514384	MONDO:0020705	HGNC:8632	biolink:gene_associated_with_condition	0
0.072651535	MONDO:0020721	HGNC:24921	biolink:causes	0
0.7220543	MONDO:0020737	HGNC:469	biolink:gene_associated_with_condition	0
0.70489883	MONDO:0020745	HGNC:26230	biolink:contributes_to	0
0.95870674	MONDO:0020745	HGNC:18712	biolink:gene_associated_with_condition	0
0.7600631	MONDO:0020745	HGNC:7414	biolink:causes	0
0.9260459	MONDO:0020745	HGNC:11065	biolink:causes	0
0.92234695	MONDO:0020745	HGNC:25774	biolink:causes	0
0.8728728	MONDO:0020745	HGNC:24595	biolink:causes	0
0.9550638	MONDO:0020745	HGNC:4193	biolink:gene_associated_with_condition	0
0.94436467	MONDO:0020745	HGNC:11231	biolink:causes	0
0.92152846	MONDO:0020745	HGNC:11187	biolink:causes	0
0.79598105	MONDO:0020745	HGNC:12012	biolink:causes	0
0.9778821	MONDO:0020745	HGNC:2928	biolink:gene_associated_with_condition	0
0.9736366	MONDO:0020745	HGNC:27337	biolink:gene_associated_with_condition	0
0.5760099	MONDO:0020745	HGNC:13429	biolink:causes	0
0.83440226	MONDO:0020745	HGNC:11766	biolink:contributes_to	0
0.56579345	MONDO:0020745	HGNC:2678	biolink:gene_associated_with_condition	0
0.9347704	MONDO:0020745	HGNC:3084	biolink:causes	0
0.7077379	MONDO:0020749	HGNC:494	biolink:gene_associated_with_condition	0
0.9927209	MONDO:0020769	HGNC:23109	biolink:causes	0
0.9844899	MONDO:0020769	HGNC:17978	biolink:gene_associated_with_condition	0
0.8396747	MONDO:0020785	HGNC:14234	biolink:gene_associated_with_condition	0
0.6097867	MONDO:0020785	HGNC:14530	biolink:causes	0
0.9445065	MONDO:0020855	HGNC:17870	biolink:causes	0
0.38566452	MONDO:0024455	HGNC:11167	biolink:causes	0
0.8770167	MONDO:0024550	HGNC:24123	biolink:causes	0
0.9012241	MONDO:0024550	HGNC:9587	biolink:causes	0
0.976938	MONDO:0024550	HGNC:26877	biolink:gene_associated_with_condition	0
0.7521654	MONDO:0024562	HGNC:27310	biolink:causes	0
0.711828	MONDO:0024562	HGNC:3976	biolink:causes	0
0.08734484	MONDO:0024570	HGNC:6858	biolink:gene_associated_with_condition	0
0.5302027	MONDO:0026404	HGNC:11005	biolink:causes	0
0.37104166	MONDO:0029134	HGNC:3481	biolink:gene_associated_with_condition	0
0.35410812	MONDO:0029134	HGNC:8794	biolink:causes	0
0.25438875	MONDO:0029134	HGNC:2359	biolink:gene_associated_with_condition	0
0.045735903	MONDO:0029134	HGNC:1591	biolink:causes	0
0.76946914	MONDO:0030025	HGNC:26019	biolink:causes	0
0.8562984	MONDO:0030037	HGNC:25786	biolink:causes	0
0.94391006	MONDO:0030037	HGNC:13601	biolink:gene_associated_with_condition	0
0.4211408	MONDO:0030054	HGNC:6944	biolink:causes	0
0.35202926	MONDO:0030054	HGNC:26684	biolink:gene_associated_with_condition	0
0.43098307	MONDO:0030066	HGNC:7717	biolink:causes	0
0.77511644	MONDO:0030071	HGNC:9722	biolink:gene_associated_with_condition	0
0.48195627	MONDO:0030281	HGNC:8851	biolink:causes	0
0.08664959	MONDO:0030281	HGNC:7910	biolink:gene_associated_with_condition	0
0.76481897	MONDO:0030361	HGNC:9832	biolink:causes	0
0.4338826	MONDO:0030455	HGNC:4706	biolink:causes	0
0.6176397	MONDO:0030455	HGNC:5005	biolink:causes	0
0.8230692	MONDO:0030490	HGNC:2197	biolink:gene_associated_with_condition	0
0.4467544	MONDO:0030490	HGNC:18810	biolink:gene_associated_with_condition	0
0.46356872	MONDO:0030690	HGNC:4171	biolink:causes	0
0.29975122	MONDO:0030730	HGNC:11356	biolink:causes	0
0.26056126	MONDO:0030787	HGNC:427	biolink:gene_associated_with_condition	0
0.93565786	MONDO:0030866	HGNC:18620	biolink:gene_associated_with_condition	0
0.15866767	MONDO:0030875	HGNC:7677	biolink:causes	0
0.2943133	MONDO:0030875	HGNC:27089	biolink:gene_associated_with_condition	0
0.28592983	MONDO:0030915	HGNC:7662	biolink:causes	0
0.96993154	MONDO:0030915	HGNC:14361	biolink:causes	0
0.15153362	MONDO:0030915	HGNC:7910	biolink:gene_associated_with_condition	0
0.9303335	MONDO:0030927	HGNC:25358	biolink:causes	0
0.7252067	MONDO:0030927	HGNC:12872	biolink:causes	0
0.8127656	MONDO:0030927	HGNC:1362	biolink:gene_associated_with_condition	0
0.90825593	MONDO:0030927	HGNC:13243	biolink:causes	0
0.75586927	MONDO:0030927	HGNC:20456	biolink:causes	0
0.9053275	MONDO:0030931	HGNC:6188	biolink:gene_associated_with_condition	0
0.87793374	MONDO:0030958	HGNC:3438	biolink:gene_associated_with_condition	0
0.8902066	MONDO:0031006	HGNC:1550	biolink:causes	0
0.31453	MONDO:0031057	HGNC:9910	biolink:gene_associated_with_condition	0
0.5970842	MONDO:0031084	HGNC:25221	biolink:causes	0
0.696032	MONDO:0031084	HGNC:3395	biolink:causes	0
0.59551436	MONDO:0031084	HGNC:4801	biolink:gene_associated_with_condition	0
0.64053905	MONDO:0031084	HGNC:26239	biolink:causes	0
0.66824025	MONDO:0031084	HGNC:6842	biolink:causes	0
0.08069103	MONDO:0031481	HGNC:21086	biolink:causes	0
0.36910027	MONDO:0031481	HGNC:9986	biolink:causes	0
0.9203643	MONDO:0031481	HGNC:1786	biolink:gene_associated_with_condition	0
0.9765718	MONDO:0031481	HGNC:2219	biolink:causes	0
0.95787734	MONDO:0032571	HGNC:6696	biolink:causes	0
0.94196033	MONDO:0032575	HGNC:15979	biolink:causes	0
0.8531596	MONDO:0032583	HGNC:17341	biolink:causes	0
0.814102	MONDO:0032590	HGNC:1965	biolink:causes	0
0.49835628	MONDO:0032596	HGNC:25489	biolink:gene_associated_with_condition	0
0.92525715	MONDO:0032656	HGNC:7133	biolink:gene_associated_with_condition	0
0.8686355	MONDO:0032673	HGNC:14253	biolink:gene_associated_with_condition	0
0.4059901	MONDO:0032673	HGNC:16353	biolink:gene_associated_with_condition	0
0.9483782	MONDO:0032685	HGNC:11769	biolink:gene_associated_with_condition	0
0.55798346	MONDO:0032705	HGNC:854	biolink:causes	0
0.95256764	MONDO:0032705	HGNC:17494	biolink:gene_associated_with_condition	0
0.6068803	MONDO:0032712	HGNC:4177	biolink:gene_associated_with_condition	0
0.121052876	MONDO:0032712	HGNC:12362	biolink:causes	0
0.72140807	MONDO:0032712	HGNC:6263	biolink:gene_associated_with_condition	0
0.6850369	MONDO:0032758	HGNC:8789	biolink:causes	0
0.14307179	MONDO:0032787	HGNC:613	biolink:contributes_to	0
0.56261265	MONDO:0032799	HGNC:9462	biolink:gene_associated_with_condition	0
0.8687614	MONDO:0032815	HGNC:4979	biolink:causes	0
0.7122532	MONDO:0032819	HGNC:12831	biolink:causes	0
0.6205993	MONDO:0032819	HGNC:28128	biolink:causes	0
0.8308855	MONDO:0032849	HGNC:12927	biolink:causes	0
0.8546521	MONDO:0032849	HGNC:26927	biolink:causes	0
0.929563	MONDO:0032853	HGNC:5273	biolink:gene_associated_with_condition	0
0.8988462	MONDO:0032853	HGNC:13398	biolink:causes	0
0.88321775	MONDO:0032874	HGNC:3602	biolink:causes	0
0.43891397	MONDO:0032874	HGNC:10471	biolink:causes	0
0.5271364	MONDO:0032882	HGNC:14374	biolink:causes	0
0.54386497	MONDO:0032886	HGNC:18621	biolink:causes	0
0.16176951	MONDO:0032898	HGNC:11905	biolink:gene_associated_with_condition	0
0.80837977	MONDO:0032906	HGNC:6257	biolink:causes	0
0.6785421	MONDO:0032906	HGNC:9588	biolink:contributes_to	0
0.36953053	MONDO:0033047	HGNC:4379	biolink:gene_associated_with_condition	0
0.39306027	MONDO:0033047	HGNC:19967	biolink:causes	0
0.8989667	MONDO:0033115	HGNC:3007	biolink:causes	0
0.7734575	MONDO:0033115	HGNC:11274	biolink:causes	0
0.46505845	MONDO:0033282	HGNC:25415	biolink:gene_associated_with_condition	0
0.9366001	MONDO:0033479	HGNC:8857	biolink:gene_associated_with_condition	0
0.4182465	MONDO:0033479	HGNC:2514	biolink:gene_associated_with_condition	0
0.9139329	MONDO:0035555	HGNC:7765	biolink:causes	0
0.47905776	MONDO:0035555	HGNC:23639	biolink:causes	0
0.7773513	MONDO:0035651	HGNC:11056	biolink:gene_associated_with_condition	0
0.17046338	MONDO:0035651	HGNC:20908	biolink:causes	0
0.64614683	MONDO:0035651	HGNC:6222	biolink:causes	0
0.06759521	MONDO:0035651	HGNC:18021	biolink:contributes_to	0
0.9185534	MONDO:0035819	HGNC:3705	biolink:gene_associated_with_condition	0
0.96873146	MONDO:0035819	HGNC:20670	biolink:gene_associated_with_condition	0
0.87254703	MONDO:0035819	HGNC:42	biolink:causes	0
0.98447305	MONDO:0035819	HGNC:7631	biolink:gene_associated_with_condition	0
0.78062624	MONDO:0035819	HGNC:9386	biolink:gene_associated_with_condition	0
0.2968002	MONDO:0042979	HGNC:16700	biolink:causes	0
0.9687507	MONDO:0044320	HGNC:29077	biolink:causes	0
0.5800457	MONDO:0044320	HGNC:12271	biolink:gene_associated_with_condition	0
0.41541174	MONDO:0044626	HGNC:6636	biolink:gene_associated_with_condition	0
0.54979336	MONDO:0044626	HGNC:4332	biolink:causes	0
0.18953633	MONDO:0044638	HGNC:26293	biolink:causes	0
0.13091199	MONDO:0044638	HGNC:18416	biolink:causes	0
0.35495433	MONDO:0044638	HGNC:90	biolink:gene_associated_with_condition	0
0.58872736	MONDO:0044660	HGNC:6554	biolink:gene_associated_with_condition	0
0.87628025	MONDO:0044660	HGNC:13841	biolink:causes	0
0.49587944	MONDO:0049222	HGNC:6407	biolink:causes	0
0.44392127	MONDO:0049222	HGNC:14530	biolink:causes	0
0.11848785	MONDO:0049222	HGNC:388	biolink:gene_associated_with_condition	0
0.30844557	MONDO:0054780	HGNC:589	biolink:causes	0
0.94292396	MONDO:0060489	HGNC:2919	biolink:causes	0
0.36330408	MONDO:0060502	HGNC:2594	biolink:gene_associated_with_condition	0
0.61945176	MONDO:0060704	HGNC:3052	biolink:causes	0
0.5165947	MONDO:0060704	HGNC:5439	biolink:causes	0
0.8627489	MONDO:0100045	HGNC:7133	biolink:gene_associated_with_condition	0
0.39402598	MONDO:0100045	HGNC:16393	biolink:causes	0
0.21783128	MONDO:0100186	HGNC:4162	biolink:causes	0
0.63300085	MONDO:0100186	HGNC:494	biolink:causes	0
0.5726653	MONDO:0100218	HGNC:13875	biolink:causes	0
0.71310043	MONDO:0100218	HGNC:5961	biolink:causes	0
0.2361028	MONDO:0100218	HGNC:613	biolink:contributes_to	0
0.6317423	MONDO:0100294	HGNC:9832	biolink:causes	0
0.78142905	MONDO:0100340	HGNC:17272	biolink:causes	0
0.6989486	MONDO:0700090	HGNC:7208	biolink:gene_associated_with_condition	0
0.25644383	MONDO:0700298	HGNC:14530	biolink:causes	0
0.4551366	MONDO:0700298	HGNC:11762	biolink:causes	0
0.697769	MONDO:0800028	HGNC:30000	biolink:causes	0
0.4659044	MONDO:0800028	HGNC:15860	biolink:causes	0
0.8733508	MONDO:0800028	HGNC:10600	biolink:causes	0
0.9006863	MONDO:0800028	HGNC:24931	biolink:gene_associated_with_condition	0
0.3477959	MONDO:0800341	HGNC:11167	biolink:causes	0
0.69896513	MONDO:0800341	HGNC:18873	biolink:causes	0
0.76004493	MONDO:0859147	HGNC:13222	biolink:causes	0
0.52874327	MONDO:0859160	HGNC:3433	biolink:causes	0
0.90133244	MONDO:0859164	HGNC:2197	biolink:gene_associated_with_condition	0
0.2750997	MONDO:0859180	HGNC:3508	biolink:gene_associated_with_condition	0
0.7491687	MONDO:0859188	HGNC:3689	biolink:gene_associated_with_condition	0
0.64245707	MONDO:0859238	HGNC:10345	biolink:causes	0
0.19216865	MONDO:0859328	HGNC:29796	biolink:causes	0
0.9075457	MONDO:0859328	HGNC:9115	biolink:causes	0
0.9590898	MONDO:0859328	HGNC:26270	biolink:causes	0
0.29886445	MONDO:0859340	HGNC:21504	biolink:causes	0
0.9200553	MONDO:0859340	HGNC:26527	biolink:causes	0
0.7222901	MONDO:0859340	HGNC:3260	biolink:gene_associated_with_condition	0
0.5711514	MONDO:0859369	HGNC:3823	biolink:causes	0
0.36643285	MONDO:0859572	HGNC:11998	biolink:gene_associated_with_condition	0
0.0143118175	MONDO:0957268	HGNC:9508	biolink:causes	0
0.80354905	MONDO:0957284	HGNC:1067	biolink:causes	0
0.797591	MONDO:0957572	HGNC:9967	biolink:causes	0
0.7419632	MONDO:0957922	HGNC:9967	biolink:causes	0
0.5427185	MONDO:0958071	HGNC:2343	biolink:causes	0
0.94502056	MONDO:0958071	HGNC:21637	biolink:gene_associated_with_condition	0
0.7240783	MONDO:0958194	HGNC:4367	biolink:causes	0
0.06563036	MONDO:0958194	HGNC:23785	biolink:gene_associated_with_condition	0
0.8387113	MONDO:0958242	HGNC:20761	biolink:causes	0
0.9147785	MONDO:0958279	HGNC:7176	biolink:causes	0
0.3131698	MONDO:0968976	HGNC:12403	biolink:causes	0
0.1702863	MONDO:0968976	HGNC:5476	biolink:gene_associated_with_condition	0
0.847668	MONDO:0968990	HGNC:2200	biolink:causes	0
0.6127162	MONDO:0970994	HGNC:29685	biolink:causes	0
0.12621056	MONDO:0971178	HGNC:21173	biolink:causes	0
0.93875504	MONDO:0971178	HGNC:28396	biolink:gene_associated_with_condition	0
0.12195359	MONDO:0975746	HGNC:9588	biolink:gene_associated_with_condition	0
0.7176881	HGNC:21022	MONDO:0018393	biolink:gene_associated_with_condition	0
0.43804935	HGNC:21022	MONDO:0009008	biolink:gene_associated_with_condition	0
0.7569512	HGNC:21022	MONDO:0012596	biolink:gene_associated_with_condition	0
0.19898458	HGNC:47	MONDO:0007768	biolink:causes	0
0.27699366	HGNC:47	MONDO:0008234	biolink:causes	0
0.36609644	HGNC:47	MONDO:0014481	biolink:causes	0
0.87254703	HGNC:42	MONDO:0035819	biolink:causes	0
0.5554576	HGNC:42	MONDO:0008483	biolink:causes	0
0.68193686	HGNC:68	MONDO:0014343	biolink:causes	0
0.69714564	HGNC:68	MONDO:0007311	biolink:causes	0
0.9248598	HGNC:319	MONDO:0014899	biolink:causes	0
0.9683363	HGNC:319	MONDO:0014125	biolink:gene_associated_with_condition	0
0.14128357	HGNC:123	MONDO:0008542	biolink:causes	0
0.33372653	HGNC:123	MONDO:0029465	biolink:causes	0
0.407137	HGNC:123	MONDO:0032907	biolink:causes	0
0.9317661	HGNC:219	MONDO:0014963	biolink:causes	0
0.121439315	HGNC:1366	MONDO:0010747	biolink:gene_associated_with_condition	0
0.08683951	HGNC:1366	MONDO:0009406	biolink:causes	0
0.23095411	HGNC:225	MONDO:0100533	biolink:gene_associated_with_condition	0
0.6768917	HGNC:236	MONDO:0010758	biolink:causes	0
0.87324363	HGNC:236	MONDO:0008377	biolink:causes	0
0.66535765	HGNC:236	MONDO:0020607	biolink:causes	0
0.57924974	HGNC:4516	MONDO:0008377	biolink:causes	0
0.048238676	HGNC:4516	MONDO:0014841	biolink:causes	0
0.87628025	HGNC:13841	MONDO:0044660	biolink:causes	0
0.8753536	HGNC:13841	MONDO:0007813	biolink:causes	0
0.32656363	HGNC:285	MONDO:0008684	biolink:causes	0
0.759513	HGNC:291	MONDO:0013664	biolink:gene_associated_with_condition	0
0.8130562	HGNC:291	MONDO:0014866	biolink:gene_associated_with_condition	0
0.32057208	HGNC:17258	MONDO:0014434	biolink:causes	0
0.6618937	HGNC:17258	MONDO:0013661	biolink:causes	0
0.60991	HGNC:341	MONDO:0008490	biolink:gene_associated_with_condition	0
0.3205943	HGNC:10648	MONDO:8000011	biolink:gene_associated_with_condition	0
0.71021914	HGNC:358	MONDO:0014218	biolink:causes	0
0.85122025	HGNC:358	MONDO:0009053	biolink:causes	0
0.016344167	HGNC:387	MONDO:0007068	biolink:gene_associated_with_condition	0
0.19871704	HGNC:397	MONDO:0030036	biolink:causes	0
0.75508636	HGNC:9722	MONDO:0007052	biolink:causes	0
0.90638417	HGNC:9722	MONDO:0008678	biolink:gene_associated_with_condition	0
0.77511644	HGNC:9722	MONDO:0030071	biolink:gene_associated_with_condition	0
0.6774762	HGNC:9722	MONDO:0009416	biolink:gene_associated_with_condition	0
0.7600678	HGNC:9722	MONDO:0015466	biolink:gene_associated_with_condition	0
0.9368936	HGNC:15672	MONDO:0007080	biolink:causes	0
0.9310496	HGNC:17085	MONDO:0000902	biolink:causes	0
0.460202	HGNC:17944	MONDO:0008426	biolink:causes	0
0.61194706	HGNC:3522	MONDO:0009413	biolink:causes	0
0.82154584	HGNC:3542	MONDO:0009636	biolink:gene_associated_with_condition	0
0.8883567	HGNC:3542	MONDO:0009665	biolink:gene_associated_with_condition	0
0.7061826	HGNC:3542	MONDO:0014996	biolink:gene_associated_with_condition	0
0.22168908	HGNC:21197	MONDO:0018435	biolink:causes	0
0.4342736	HGNC:25808	MONDO:0007949	biolink:causes	0
0.6716596	HGNC:3586	MONDO:0008922	biolink:causes	0
0.9927209	HGNC:23109	MONDO:0020769	biolink:causes	0
0.9350033	HGNC:3600	MONDO:0007740	biolink:gene_associated_with_condition	0
0.94957036	HGNC:3600	MONDO:0007922	biolink:gene_associated_with_condition	0
0.9293786	HGNC:3671	MONDO:0015519	biolink:gene_associated_with_condition	0
0.6269554	HGNC:3671	MONDO:0009657	biolink:gene_associated_with_condition	0
0.6043237	HGNC:3671	MONDO:0010767	biolink:gene_associated_with_condition	0
0.6916177	HGNC:3677	MONDO:0009469	biolink:causes	0
0.8888373	HGNC:3690	MONDO:0020787	biolink:gene_associated_with_condition	0
0.96313995	HGNC:3690	MONDO:0859312	biolink:gene_associated_with_condition	0
0.62639415	HGNC:3690	MONDO:0011708	biolink:causes	0
0.93360716	HGNC:3690	MONDO:0014896	biolink:gene_associated_with_condition	0
0.8322131	HGNC:16873	MONDO:0009306	biolink:gene_associated_with_condition	0
0.9701554	HGNC:16873	MONDO:0013357	biolink:gene_associated_with_condition	0
0.9816761	HGNC:3622	MONDO:0009820	biolink:causes	0
0.95867825	HGNC:3622	MONDO:0032572	biolink:causes	0
0.82040936	HGNC:27310	MONDO:0008542	biolink:causes	0
0.7521654	HGNC:27310	MONDO:0024562	biolink:causes	0
0.7685922	HGNC:27310	MONDO:0013245	biolink:causes	0
0.49910954	HGNC:27310	MONDO:0014837	biolink:causes	0
0.9849557	HGNC:20105	MONDO:0009477	biolink:causes	0
0.9743808	HGNC:20105	MONDO:0054737	biolink:causes	0
0.40690073	HGNC:3778	MONDO:0011106	biolink:causes	0
0.77494985	HGNC:3778	MONDO:0013052	biolink:causes	0
0.26886207	HGNC:3791	MONDO:0007768	biolink:gene_associated_with_condition	0
0.4645268	HGNC:3791	MONDO:0014822	biolink:gene_associated_with_condition	0
0.50083053	HGNC:35123	MONDO:0007376	biolink:causes	0
0.3003941	HGNC:35123	MONDO:0010099	biolink:causes	0
0.59669805	HGNC:3976	MONDO:0012395	biolink:causes	0
0.711828	HGNC:3976	MONDO:0024562	biolink:causes	0
0.2296267	HGNC:24678	MONDO:0012804	biolink:gene_associated_with_condition	0
0.49389192	HGNC:24678	MONDO:0007042	biolink:gene_associated_with_condition	0
0.4015262	HGNC:24678	MONDO:0975795	biolink:gene_associated_with_condition	0
0.7587246	HGNC:4081	MONDO:0013228	biolink:causes	0
0.20767386	HGNC:4162	MONDO:0008818	biolink:causes	0
0.21783128	HGNC:4162	MONDO:0100186	biolink:causes	0
0.46386167	HGNC:4162	MONDO:0011226	biolink:gene_associated_with_condition	0
0.76222837	HGNC:4162	MONDO:0014343	biolink:gene_associated_with_condition	0
0.775879	HGNC:4162	MONDO:0008377	biolink:causes	0
0.40079698	HGNC:4162	MONDO:0009683	biolink:gene_associated_with_condition	0
0.24036539	HGNC:4165	MONDO:8000011	biolink:gene_associated_with_condition	0
0.87225425	HGNC:4170	MONDO:0012041	biolink:gene_associated_with_condition	0
0.8212253	HGNC:4170	MONDO:0017403	biolink:gene_associated_with_condition	0
0.5116109	HGNC:30778	MONDO:0008818	biolink:causes	0
0.92958206	HGNC:4177	MONDO:0013431	biolink:causes	0
0.6068803	HGNC:4177	MONDO:0032712	biolink:gene_associated_with_condition	0
0.81118864	HGNC:4177	MONDO:0007495	biolink:gene_associated_with_condition	0
0.95000386	HGNC:4177	MONDO:0014343	biolink:causes	0
0.8298206	HGNC:4180	MONDO:0010133	biolink:gene_associated_with_condition	0
0.58778167	HGNC:4180	MONDO:0009877	biolink:gene_associated_with_condition	0
0.739338	HGNC:4180	MONDO:0859226	biolink:gene_associated_with_condition	0
0.6778523	HGNC:4198	MONDO:0007648	biolink:causes	0
0.9467713	HGNC:4261	MONDO:0013171	biolink:causes	0
0.8036161	HGNC:4274	MONDO:0007363	biolink:causes	0
0.95804036	HGNC:4318	MONDO:0012859	biolink:causes	0
0.6427492	HGNC:20134	MONDO:0032601	biolink:gene_associated_with_condition	0
0.5578115	HGNC:20134	MONDO:0018015	biolink:causes	0
0.7729497	HGNC:22932	MONDO:0010296	biolink:causes	0
0.9076194	HGNC:23657	MONDO:0007537	biolink:causes	0
0.3124571	HGNC:23657	MONDO:0004951	biolink:gene_associated_with_condition	0
0.70823985	HGNC:23657	MONDO:0009520	biolink:causes	0
0.61575395	HGNC:23657	MONDO:0009935	biolink:gene_associated_with_condition	0
0.8198409	HGNC:23657	MONDO:0011790	biolink:causes	0
0.1669852	HGNC:4415	MONDO:0014180	biolink:gene_associated_with_condition	0
0.8796648	HGNC:4422	MONDO:0014572	biolink:causes	0
0.39528558	HGNC:4431	MONDO:0017906	biolink:causes	0
0.8569616	HGNC:4431	MONDO:0014343	biolink:causes	0
0.54459614	HGNC:4431	MONDO:0859379	biolink:causes	0
0.68042326	HGNC:20145	MONDO:0009458	biolink:gene_associated_with_condition	0
0.7171488	HGNC:20145	MONDO:0957577	biolink:gene_associated_with_condition	0
0.89221555	HGNC:2001	MONDO:0007377	biolink:causes	0
0.2185974	HGNC:4584	MONDO:0008720	biolink:gene_associated_with_condition	0
0.19621453	HGNC:4588	MONDO:0011959	biolink:causes	0
0.41309622	HGNC:21270	MONDO:0017173	biolink:causes	0
0.35792407	HGNC:21270	MONDO:0043364	biolink:causes	0
0.56393987	HGNC:4635	MONDO:0012892	biolink:gene_associated_with_condition	0
0.45229483	HGNC:4651	MONDO:0010511	biolink:causes	0
0.7607362	HGNC:21157	MONDO:0011765	biolink:causes	0
0.33868548	HGNC:4678	MONDO:0033559	biolink:causes	0
0.98978174	HGNC:15808	MONDO:0019569	biolink:gene_associated_with_condition	0
0.57873684	HGNC:15808	MONDO:0054615	biolink:causes	0
0.95397484	HGNC:15808	MONDO:0010747	biolink:causes	0
0.98644185	HGNC:15808	MONDO:0014343	biolink:gene_associated_with_condition	0
0.9644079	HGNC:15808	MONDO:0019310	biolink:causes	0
0.9588887	HGNC:15808	MONDO:0007163	biolink:gene_associated_with_condition	0
0.8995372	HGNC:4718	MONDO:0014343	biolink:causes	0
0.49698383	HGNC:4817	MONDO:0011338	biolink:gene_associated_with_condition	0
0.24690665	HGNC:29853	MONDO:0014094	biolink:causes	0
0.44437295	HGNC:29853	MONDO:0014401	biolink:causes	0
0.61885715	HGNC:29853	MONDO:0044701	biolink:causes	0
0.83577496	HGNC:30477	MONDO:0031043	biolink:causes	0
0.8977691	HGNC:30477	MONDO:0007319	biolink:causes	0
0.4874904	HGNC:4922	MONDO:0008963	biolink:causes	0
0.8336424	HGNC:4922	MONDO:0020512	biolink:causes	0
0.1165646	HGNC:4922	MONDO:0017901	biolink:causes	0
0.7643153	HGNC:5013	MONDO:0009820	biolink:causes	0
0.4950987	HGNC:11630	MONDO:0014012	biolink:gene_associated_with_condition	0
0.47925636	HGNC:11630	MONDO:0013891	biolink:gene_associated_with_condition	0
0.9787748	HGNC:5154	MONDO:0009053	biolink:gene_associated_with_condition	0
0.84777206	HGNC:5154	MONDO:0011556	biolink:gene_associated_with_condition	0
0.2084927	HGNC:5208	MONDO:0009061	biolink:causes	0
0.09259531	HGNC:5208	MONDO:0010335	biolink:causes	0
0.47840413	HGNC:5208	MONDO:0014343	biolink:causes	0
0.5322386	HGNC:5248	MONDO:0958331	biolink:causes	0
0.8398282	HGNC:5248	MONDO:0008377	biolink:causes	0
0.31544584	HGNC:5286	MONDO:0014670	biolink:causes	0
0.12252302	HGNC:5286	MONDO:0013992	biolink:causes	0
0.7050229	HGNC:18550	MONDO:0007949	biolink:causes	0
0.71899647	HGNC:18550	MONDO:0014042	biolink:causes	0
0.66386515	HGNC:18550	MONDO:0016476	biolink:causes	0
0.634222	HGNC:5439	MONDO:0009359	biolink:contributes_to	0
0.78014404	HGNC:5439	MONDO:0014094	biolink:causes	0
0.5165947	HGNC:5439	MONDO:0060704	biolink:causes	0
0.6335104	HGNC:5439	MONDO:0008377	biolink:gene_associated_with_condition	0
0.8636754	HGNC:5439	MONDO:0008689	biolink:gene_associated_with_condition	0
0.87845963	HGNC:5439	MONDO:0100533	biolink:gene_associated_with_condition	0
0.9884828	HGNC:13556	MONDO:0007537	biolink:causes	0
0.91733617	HGNC:13556	MONDO:0010963	biolink:causes	0
0.9687507	HGNC:29077	MONDO:0044320	biolink:causes	0
0.88210446	HGNC:29077	MONDO:0007794	biolink:contributes_to	0
0.9400001	HGNC:5466	MONDO:0011285	biolink:gene_associated_with_condition	0
0.9801152	HGNC:5466	MONDO:0014808	biolink:gene_associated_with_condition	0
0.9536507	HGNC:5466	MONDO:0008310	biolink:gene_associated_with_condition	0
0.8983439	HGNC:5466	MONDO:0975754	biolink:causes	0
0.13964261	HGNC:5962	MONDO:0007808	biolink:contributes_to	0
0.20450439	HGNC:5962	MONDO:0008592	biolink:contributes_to	0
0.72898245	HGNC:15561	MONDO:0010214	biolink:gene_associated_with_condition	0
0.90571684	HGNC:6055	MONDO:0014823	biolink:causes	0
0.13515891	HGNC:33882	MONDO:0011411	biolink:causes	0
0.5366173	HGNC:24555	MONDO:0009796	biolink:causes	0
0.27110556	HGNC:24555	MONDO:0020434	biolink:causes	0
0.98283446	HGNC:9853	MONDO:0007404	biolink:causes	0
0.9642459	HGNC:9853	MONDO:0014343	biolink:causes	0
0.1873823	HGNC:28949	MONDO:0012043	biolink:causes	0
0.41000375	HGNC:29350	MONDO:0012039	biolink:causes	0
0.40561667	HGNC:29350	MONDO:0016461	biolink:causes	0
0.0069536697	HGNC:17020	MONDO:0009776	biolink:contributes_to	0
0.019318003	HGNC:17020	MONDO:0017360	biolink:contributes_to	0
0.016935503	HGNC:17020	MONDO:0011473	biolink:contributes_to	0
0.23708217	HGNC:13890	MONDO:0800445	biolink:gene_associated_with_condition	0
0.24608138	HGNC:13890	MONDO:0009867	biolink:causes	0
0.4758143	HGNC:6189	MONDO:0011743	biolink:causes	0
0.40838307	HGNC:6254	MONDO:0019475	biolink:causes	0
0.6417477	HGNC:25705	MONDO:0007404	biolink:causes	0
0.47814617	HGNC:25705	MONDO:0030995	biolink:causes	0
0.39298126	HGNC:25705	MONDO:0019522	biolink:causes	0
0.32605428	HGNC:25705	MONDO:0011422	biolink:causes	0
0.94247067	HGNC:12637	MONDO:0008542	biolink:causes	0
0.9041985	HGNC:12637	MONDO:0009624	biolink:causes	0
0.8530488	HGNC:12637	MONDO:0009904	biolink:causes	0
0.8267093	HGNC:12637	MONDO:0011593	biolink:causes	0
0.44340646	HGNC:6320	MONDO:0009053	biolink:causes	0
0.52869046	HGNC:6365	MONDO:0014583	biolink:causes	0
0.12193663	HGNC:6439	MONDO:0014670	biolink:gene_associated_with_condition	0
0.23972517	HGNC:6427	MONDO:0020787	biolink:gene_associated_with_condition	0
0.85404384	HGNC:6518	MONDO:0014586	biolink:causes	0
0.91495025	HGNC:6518	MONDO:0013526	biolink:causes	0
0.7710676	HGNC:6518	MONDO:0018822	biolink:causes	0
0.46966827	HGNC:19708	MONDO:0007232	biolink:causes	0
0.46792388	HGNC:19708	MONDO:0011335	biolink:causes	0
0.95870674	HGNC:18712	MONDO:0020745	biolink:gene_associated_with_condition	0
0.96457314	HGNC:18712	MONDO:0014343	biolink:gene_associated_with_condition	0
0.86239344	HGNC:6595	MONDO:0009281	biolink:causes	0
0.9024741	HGNC:6595	MONDO:0013351	biolink:causes	0
0.7474203	HGNC:6595	MONDO:0024309	biolink:causes	0
0.92927694	HGNC:6595	MONDO:0044323	biolink:causes	0
0.7063485	HGNC:6654	MONDO:0009061	biolink:causes	0
0.93025076	HGNC:6654	MONDO:0014227	biolink:gene_associated_with_condition	0
0.75725114	HGNC:6664	MONDO:0017715	biolink:causes	0
0.8138245	HGNC:6694	MONDO:0013208	biolink:gene_associated_with_condition	0
0.70626813	HGNC:6694	MONDO:0975841	biolink:gene_associated_with_condition	0
0.7282977	HGNC:18608	MONDO:0012368	biolink:causes	0
0.910678	HGNC:450	MONDO:0011448	biolink:gene_associated_with_condition	0
0.9333396	HGNC:26837	MONDO:0011907	biolink:causes	0
0.9443594	HGNC:26837	MONDO:0033566	biolink:causes	0
0.3903073	HGNC:464	MONDO:0011273	biolink:gene_associated_with_condition	0
0.25511274	HGNC:468	MONDO:0019157	biolink:gene_associated_with_condition	0
0.60586125	HGNC:29186	MONDO:0014453	biolink:gene_associated_with_condition	0
0.75044805	HGNC:6211	MONDO:0011760	biolink:causes	0
0.55395347	HGNC:6211	MONDO:0976267	biolink:causes	0
0.68954223	HGNC:572	MONDO:0958085	biolink:causes	0
0.5986634	HGNC:572	MONDO:0012594	biolink:causes	0
0.03270186	HGNC:22197	MONDO:0011932	biolink:gene_associated_with_condition	0
0.56603193	HGNC:22197	MONDO:0014717	biolink:gene_associated_with_condition	0
0.48343235	HGNC:600	MONDO:0012925	biolink:causes	0
0.8090154	HGNC:15984	MONDO:0018598	biolink:causes	0
0.89648086	HGNC:15984	MONDO:0010160	biolink:causes	0
0.31017298	HGNC:24097	MONDO:0015631	biolink:causes	0
0.651828	HGNC:24097	MONDO:0971002	biolink:causes	0
0.6652625	HGNC:24097	MONDO:0009262	biolink:causes	0
0.61286956	HGNC:649	MONDO:0013686	biolink:causes	0
0.8050626	HGNC:649	MONDO:0009737	biolink:causes	0
0.31957138	HGNC:649	MONDO:0009891	biolink:gene_associated_with_condition	0
0.1789534	HGNC:17073	MONDO:0013222	biolink:causes	0
0.19225383	HGNC:17073	MONDO:0008689	biolink:causes	0
0.35477242	HGNC:17073	MONDO:0016308	biolink:causes	0
0.45239577	HGNC:17146	MONDO:0032899	biolink:causes	0
0.22131157	HGNC:13210	MONDO:0011239	biolink:contributes_to	0
0.42906812	HGNC:13210	MONDO:0800167	biolink:contributes_to	0
0.48488423	HGNC:13210	MONDO:0010044	biolink:contributes_to	0
0.7276861	HGNC:13210	MONDO:0014037	biolink:contributes_to	0
0.43163309	HGNC:21099	MONDO:0010044	biolink:causes	0
0.15585786	HGNC:31704	MONDO:0007244	biolink:causes	0
0.109252885	HGNC:31704	MONDO:0012621	biolink:causes	0
0.08734484	HGNC:6858	MONDO:0024570	biolink:gene_associated_with_condition	0
0.6178816	HGNC:6898	MONDO:0014490	biolink:causes	0
0.5646789	HGNC:6898	MONDO:0013531	biolink:causes	0
0.9878665	HGNC:6909	MONDO:0011428	biolink:causes	0
0.98274994	HGNC:6909	MONDO:0014619	biolink:causes	0
0.9436792	HGNC:6909	MONDO:0014844	biolink:causes	0
0.24239236	HGNC:6909	MONDO:0007103	biolink:causes	0
0.66166496	HGNC:6937	MONDO:0008818	biolink:causes	0
0.5627708	HGNC:6937	MONDO:0011496	biolink:causes	0
0.5440766	HGNC:6948	MONDO:0011243	biolink:causes	0
0.21604735	HGNC:6954	MONDO:0013711	biolink:causes	0
0.42918825	HGNC:6973	MONDO:0013482	biolink:causes	0
0.4998501	HGNC:6973	MONDO:0007524	biolink:causes	0
0.43400776	HGNC:6973	MONDO:0012442	biolink:causes	0
0.41714635	HGNC:6973	MONDO:0014946	biolink:causes	0
0.42739543	HGNC:19691	MONDO:0100296	biolink:gene_associated_with_condition	0
0.5310989	HGNC:19691	MONDO:0008377	biolink:gene_associated_with_condition	0
0.9406178	HGNC:11957	MONDO:0010350	biolink:causes	0
0.9271925	HGNC:11957	MONDO:0014484	biolink:gene_associated_with_condition	0
0.9044608	HGNC:11957	MONDO:0014039	biolink:gene_associated_with_condition	0
0.66913575	HGNC:7097	MONDO:0975761	biolink:gene_associated_with_condition	0
0.48938522	HGNC:7102	MONDO:0017283	biolink:causes	0
0.9491728	HGNC:31582	MONDO:0009354	biolink:causes	0
0.3910638	HGNC:7127	MONDO:0011361	biolink:causes	0
0.5852932	HGNC:7127	MONDO:0060621	biolink:causes	0
0.9055066	HGNC:24525	MONDO:0014686	biolink:causes	0
0.47331473	HGNC:7154	MONDO:0007068	biolink:causes	0
0.31047058	HGNC:7154	MONDO:0018393	biolink:gene_associated_with_condition	0
0.8242445	HGNC:7154	MONDO:0010659	biolink:causes	0
0.8185169	HGNC:7154	MONDO:0030440	biolink:causes	0
0.6013882	HGNC:16352	MONDO:0014343	biolink:causes	0
0.77189684	HGNC:10378	MONDO:0008377	biolink:causes	0
0.16035204	HGNC:10378	MONDO:0009623	biolink:causes	0
0.66880333	HGNC:14508	MONDO:0014556	biolink:causes	0
0.58622605	HGNC:14508	MONDO:0030457	biolink:causes	0
0.5162637	HGNC:7370	MONDO:0011275	biolink:causes	0
0.7600631	HGNC:7414	MONDO:0020745	biolink:causes	0
0.49806714	HGNC:7461	MONDO:0014970	biolink:gene_associated_with_condition	0
0.35399988	HGNC:7489	MONDO:0016689	biolink:gene_associated_with_condition	0
0.5660708	HGNC:7413	MONDO:0014406	biolink:gene_associated_with_condition	0
0.2018298	HGNC:7450	MONDO:0014027	biolink:gene_associated_with_condition	0
0.6744943	HGNC:7450	MONDO:0008377	biolink:gene_associated_with_condition	0
0.57231486	HGNC:7468	MONDO:0030072	biolink:gene_associated_with_condition	0
0.8119932	HGNC:7468	MONDO:0010397	biolink:causes	0
0.6479761	HGNC:7516	MONDO:0009737	biolink:gene_associated_with_condition	0
0.3965293	HGNC:7516	MONDO:0014165	biolink:gene_associated_with_condition	0
0.3900805	HGNC:7545	MONDO:0007363	biolink:gene_associated_with_condition	0
0.47020334	HGNC:7545	MONDO:0008377	biolink:gene_associated_with_condition	0
0.67488384	HGNC:7623	MONDO:0013212	biolink:gene_associated_with_condition	0
0.9414381	HGNC:7631	MONDO:0011743	biolink:gene_associated_with_condition	0
0.98447305	HGNC:7631	MONDO:0035819	biolink:gene_associated_with_condition	0
0.9949463	HGNC:7631	MONDO:0007922	biolink:gene_associated_with_condition	0
0.9507521	HGNC:7631	MONDO:0032584	biolink:gene_associated_with_condition	0
0.96576816	HGNC:19082	MONDO:0012718	biolink:gene_associated_with_condition	0
0.49937648	HGNC:28952	MONDO:0016710	biolink:causes	0
0.28592983	HGNC:7662	MONDO:0030915	biolink:causes	0
0.6915559	HGNC:7662	MONDO:0007922	biolink:causes	0
0.18255751	HGNC:7679	MONDO:0011017	biolink:gene_associated_with_condition	0
0.60603774	HGNC:7693	MONDO:0011125	biolink:causes	0
0.35671166	HGNC:7693	MONDO:0008673	biolink:causes	0
0.626739	HGNC:7702	MONDO:0008818	biolink:causes	0
0.785384	HGNC:20372	MONDO:0859295	biolink:causes	0
0.4019026	HGNC:20372	MONDO:0975757	biolink:causes	0
0.43098307	HGNC:7717	MONDO:0030066	biolink:causes	0
0.64614075	HGNC:7737	MONDO:0007748	biolink:causes	0
0.3939587	HGNC:7737	MONDO:0859575	biolink:causes	0
0.77153516	HGNC:13387	MONDO:0011202	biolink:causes	0
0.7660653	HGNC:13387	MONDO:0859355	biolink:causes	0
0.18565266	HGNC:7776	MONDO:0013352	biolink:causes	0
0.12707609	HGNC:7782	MONDO:0010856	biolink:causes	0
0.18867202	HGNC:7782	MONDO:0014211	biolink:causes	0
0.53413093	HGNC:29873	MONDO:0011528	biolink:causes	0
0.526721	HGNC:29873	MONDO:0008673	biolink:causes	0
0.45723048	HGNC:29873	MONDO:0012522	biolink:causes	0
0.30405116	HGNC:7897	MONDO:0000908	biolink:gene_associated_with_condition	0
0.47884387	HGNC:7981	MONDO:0010232	biolink:gene_associated_with_condition	0
0.52475154	HGNC:7981	MONDO:0030312	biolink:gene_associated_with_condition	0
0.17704701	HGNC:8028	MONDO:0018280	biolink:gene_associated_with_condition	0
0.20947841	HGNC:8028	MONDO:0010441	biolink:causes	0
0.18394841	HGNC:8028	MONDO:0012734	biolink:causes	0
0.21430594	HGNC:8028	MONDO:0013473	biolink:gene_associated_with_condition	0
0.21038765	HGNC:8028	MONDO:0013357	biolink:causes	0
0.64244246	HGNC:8108	MONDO:0009708	biolink:gene_associated_with_condition	0
0.8418243	HGNC:8108	MONDO:0007943	biolink:gene_associated_with_condition	0
0.4350491	HGNC:8108	MONDO:0017172	biolink:gene_associated_with_condition	0
0.5404393	HGNC:8140	MONDO:0010661	biolink:gene_associated_with_condition	0
0.5717905	HGNC:8149	MONDO:0009544	biolink:causes	0
0.51931405	HGNC:15021	MONDO:0008678	biolink:causes	0
0.5374638	HGNC:15021	MONDO:0010233	biolink:causes	0
0.8530684	HGNC:8487	MONDO:0011489	biolink:causes	0
0.20405683	HGNC:18124	MONDO:0032937	biolink:causes	0
0.93610215	HGNC:19317	MONDO:0014132	biolink:causes	0
0.9543367	HGNC:19317	MONDO:0957807	biolink:causes	0
0.97240317	HGNC:19317	MONDO:0013034	biolink:causes	0
0.1790823	HGNC:8582	MONDO:0011971	biolink:gene_associated_with_condition	0
0.48243308	HGNC:8582	MONDO:0008306	biolink:gene_associated_with_condition	0
0.20255098	HGNC:8591	MONDO:0014822	biolink:causes	0
0.30618107	HGNC:8591	MONDO:0032653	biolink:causes	0
0.16272664	HGNC:8591	MONDO:0008881	biolink:causes	0
0.2718126	HGNC:30563	MONDO:0011822	biolink:causes	0
0.90337193	HGNC:8617	MONDO:0700343	biolink:causes	0
0.8705095	HGNC:8617	MONDO:0008377	biolink:causes	0
0.35410812	HGNC:8794	MONDO:0029134	biolink:causes	0
0.6218432	HGNC:9719	MONDO:0012679	biolink:gene_associated_with_condition	0
0.5431248	HGNC:9719	MONDO:0800026	biolink:causes	0
0.8792398	HGNC:9719	MONDO:0018333	biolink:gene_associated_with_condition	0
0.78763145	HGNC:8859	MONDO:0035941	biolink:causes	0
0.89570653	HGNC:8853	MONDO:0011829	biolink:gene_associated_with_condition	0
0.51316833	HGNC:8855	MONDO:0020512	biolink:gene_associated_with_condition	0
0.27810442	HGNC:8896	MONDO:0019409	biolink:causes	0
0.6993368	HGNC:8896	MONDO:0035941	biolink:gene_associated_with_condition	0
0.5188831	HGNC:8896	MONDO:0800438	biolink:gene_associated_with_condition	0
0.8758118	HGNC:14938	MONDO:0800029	biolink:gene_associated_with_condition	0
0.7873091	HGNC:23213	MONDO:0008377	biolink:gene_associated_with_condition	0
0.6113387	HGNC:8977	MONDO:0010258	biolink:causes	0
0.80530655	HGNC:8977	MONDO:0859312	biolink:causes	0
0.037102632	HGNC:8996	MONDO:0008644	biolink:causes	0
0.16247515	HGNC:8996	MONDO:0015010	biolink:causes	0
0.66937065	HGNC:9008	MONDO:0008179	biolink:gene_associated_with_condition	0
0.4760974	HGNC:9008	MONDO:0060591	biolink:gene_associated_with_condition	0
0.07192402	HGNC:9038	MONDO:0014040	biolink:gene_associated_with_condition	0
0.8922986	HGNC:9056	MONDO:0014507	biolink:causes	0
0.8027706	HGNC:9056	MONDO:0019456	biolink:causes	0
0.037496485	HGNC:19218	MONDO:0010790	biolink:causes	0
0.90265584	HGNC:29017	MONDO:0018598	biolink:gene_associated_with_condition	0
0.92591166	HGNC:9086	MONDO:0010489	biolink:gene_associated_with_condition	0
0.9736118	HGNC:9086	MONDO:0008795	biolink:gene_associated_with_condition	0
0.84596914	HGNC:9086	MONDO:0013719	biolink:gene_associated_with_condition	0
0.8386459	HGNC:9091	MONDO:0008678	biolink:causes	0
0.63501215	HGNC:9091	MONDO:0008660	biolink:causes	0
0.83757997	HGNC:9091	MONDO:0014052	biolink:causes	0
0.6630446	HGNC:9091	MONDO:0014060	biolink:causes	0
0.77997553	HGNC:9091	MONDO:0016681	biolink:causes	0
0.63003755	HGNC:9091	MONDO:0033116	biolink:causes	0
0.9579023	HGNC:14107	MONDO:0015353	biolink:causes	0
0.09563932	HGNC:9118	MONDO:0017051	biolink:gene_associated_with_condition	0
0.90383625	HGNC:9118	MONDO:0009625	biolink:gene_associated_with_condition	0
0.89484376	HGNC:9118	MONDO:0013925	biolink:causes	0
0.5948108	HGNC:23166	MONDO:0012596	biolink:causes	0
0.6835108	HGNC:9177	MONDO:0032577	biolink:causes	0
0.7970773	HGNC:9177	MONDO:0007944	biolink:causes	0
0.8562627	HGNC:30074	MONDO:0016672	biolink:gene_associated_with_condition	0
0.8703797	HGNC:30074	MONDO:0859207	biolink:gene_associated_with_condition	0
0.88204336	HGNC:30074	MONDO:0011397	biolink:gene_associated_with_condition	0
0.8756104	HGNC:30074	MONDO:0013414	biolink:gene_associated_with_condition	0
0.7504419	HGNC:30074	MONDO:0016216	biolink:gene_associated_with_condition	0
0.75599986	HGNC:30074	MONDO:0017715	biolink:gene_associated_with_condition	0
0.95989203	HGNC:17652	MONDO:0007922	biolink:causes	0
0.9703314	HGNC:17652	MONDO:0014900	biolink:causes	0
0.82007074	HGNC:9220	MONDO:0008542	biolink:causes	0
0.18177798	HGNC:9220	MONDO:0009960	biolink:causes	0
0.17262055	HGNC:9220	MONDO:0018006	biolink:causes	0
0.7919512	HGNC:9220	MONDO:0014343	biolink:causes	0
0.11772949	HGNC:9220	MONDO:0011091	biolink:causes	0
0.7543999	HGNC:9277	MONDO:0013690	biolink:causes	0
0.060626715	HGNC:25415	MONDO:0013766	biolink:causes	0
0.46505845	HGNC:25415	MONDO:0033282	biolink:gene_associated_with_condition	0
0.36681607	HGNC:25415	MONDO:0014343	biolink:gene_associated_with_condition	0
0.27691257	HGNC:25415	MONDO:0008377	biolink:causes	0
0.23557219	HGNC:9312	MONDO:0007792	biolink:gene_associated_with_condition	0
0.7008652	HGNC:9459	MONDO:0020788	biolink:causes	0
0.4659044	HGNC:15860	MONDO:0800028	biolink:causes	0
0.565547	HGNC:30500	MONDO:0010465	biolink:causes	0
0.7795583	HGNC:30500	MONDO:0032572	biolink:causes	0
0.19239205	HGNC:9142	MONDO:0019082	biolink:gene_associated_with_condition	0
0.91852975	HGNC:9142	MONDO:0014343	biolink:gene_associated_with_condition	0
0.29886445	HGNC:21504	MONDO:0859340	biolink:causes	0
0.7116251	HGNC:9538	MONDO:0054764	biolink:causes	0
0.7823763	HGNC:9577	MONDO:0013664	biolink:causes	0
0.4855022	HGNC:9577	MONDO:0016579	biolink:causes	0
0.42703617	HGNC:9577	MONDO:0030518	biolink:causes	0
0.40145263	HGNC:823	MONDO:0008426	biolink:causes	0
0.81234366	HGNC:18305	MONDO:0030878	biolink:gene_associated_with_condition	0
0.55798346	HGNC:854	MONDO:0032705	biolink:causes	0
0.4757095	HGNC:3706	MONDO:0014319	biolink:gene_associated_with_condition	0
0.10010884	HGNC:7106	MONDO:0009714	biolink:gene_associated_with_condition	0
0.15282898	HGNC:7106	MONDO:0012669	biolink:gene_associated_with_condition	0
0.6439078	HGNC:904	MONDO:0014093	biolink:causes	0
0.52407616	HGNC:966	MONDO:0009839	biolink:causes	0
0.18662246	HGNC:1001	MONDO:0012123	biolink:gene_associated_with_condition	0
0.13392939	HGNC:1001	MONDO:0060510	biolink:gene_associated_with_condition	0
0.76004493	HGNC:13222	MONDO:0859147	biolink:causes	0
0.66916376	HGNC:13222	MONDO:0012184	biolink:causes	0
0.8491902	HGNC:13222	MONDO:0008377	biolink:causes	0
0.7828764	HGNC:20893	MONDO:0011811	biolink:causes	0
0.8235057	HGNC:20893	MONDO:0013243	biolink:causes	0
0.8626386	HGNC:20893	MONDO:0018931	biolink:causes	0
0.7114031	HGNC:21701	MONDO:0012559	biolink:causes	0
0.877429	HGNC:1122	MONDO:0009210	biolink:causes	0
0.44936338	HGNC:21020	MONDO:0008201	biolink:gene_associated_with_condition	0
0.68759495	HGNC:9811	MONDO:0019597	biolink:causes	0
0.40420732	HGNC:9811	MONDO:0012859	biolink:gene_associated_with_condition	0
0.8359268	HGNC:9921	MONDO:0012075	biolink:causes	0
0.74925065	HGNC:9921	MONDO:0020849	biolink:causes	0
0.75979674	HGNC:9921	MONDO:0032677	biolink:causes	0
0.5079702	HGNC:17975	MONDO:0008542	biolink:gene_associated_with_condition	0
0.46132037	HGNC:17975	MONDO:0009760	biolink:gene_associated_with_condition	0
0.7987738	HGNC:9965	MONDO:0018393	biolink:gene_associated_with_condition	0
0.94866806	HGNC:9965	MONDO:0019855	biolink:gene_associated_with_condition	0
0.8640075	HGNC:9965	MONDO:0014327	biolink:gene_associated_with_condition	0
0.5428181	HGNC:9967	MONDO:0013642	biolink:contributes_to	0
0.700491	HGNC:9967	MONDO:0014450	biolink:causes	0
0.797591	HGNC:9967	MONDO:0957572	biolink:causes	0
0.7419632	HGNC:9967	MONDO:0957922	biolink:causes	0
0.63419145	HGNC:9967	MONDO:0009306	biolink:contributes_to	0
0.6741126	HGNC:9967	MONDO:0020619	biolink:causes	0
0.6556578	HGNC:9990	MONDO:0014586	biolink:causes	0
0.73232186	HGNC:9990	MONDO:0019947	biolink:causes	0
0.4029992	HGNC:9990	MONDO:0020345	biolink:causes	0
0.54943573	HGNC:9990	MONDO:0018656	biolink:causes	0
0.6201423	HGNC:17283	MONDO:0007363	biolink:causes	0
0.5664493	HGNC:21686	MONDO:0013634	biolink:causes	0
0.76762336	HGNC:10057	MONDO:0007805	biolink:gene_associated_with_condition	0
0.5490976	HGNC:10256	MONDO:0009113	biolink:causes	0
0.17879088	HGNC:10256	MONDO:0800167	biolink:causes	0
0.6661473	HGNC:10256	MONDO:0014159	biolink:causes	0
0.40637204	HGNC:10256	MONDO:0054737	biolink:causes	0
0.92181545	HGNC:10263	MONDO:0032748	biolink:causes	0
0.101502396	HGNC:10383	MONDO:0009513	biolink:causes	0
0.36834934	HGNC:10383	MONDO:0013964	biolink:causes	0
0.5619085	HGNC:21054	MONDO:0033556	biolink:causes	0
0.98766893	HGNC:28583	MONDO:0010655	biolink:causes	0
0.55091274	HGNC:23625	MONDO:0020320	biolink:causes	0
0.88191	HGNC:23625	MONDO:0012634	biolink:causes	0
0.68190306	HGNC:23625	MONDO:0013507	biolink:causes	0
0.8979738	HGNC:15924	MONDO:0011628	biolink:gene_associated_with_condition	0
0.8724271	HGNC:15924	MONDO:0011794	biolink:gene_associated_with_condition	0
0.9338703	HGNC:1349	MONDO:0019569	biolink:causes	0
0.67346805	HGNC:19304	MONDO:0010099	biolink:causes	0
0.2794086	HGNC:19304	MONDO:0013449	biolink:causes	0
0.8843968	HGNC:10590	MONDO:0014343	biolink:causes	0
0.8019739	HGNC:10590	MONDO:0017935	biolink:causes	0
0.4954262	HGNC:10593	MONDO:0009109	biolink:causes	0
0.86244255	HGNC:10593	MONDO:0030619	biolink:contributes_to	0
0.562582	HGNC:10593	MONDO:0800445	biolink:causes	0
0.51033884	HGNC:10593	MONDO:0013999	biolink:contributes_to	0
0.8614164	HGNC:10593	MONDO:0008377	biolink:causes	0
0.57052946	HGNC:10593	MONDO:0010401	biolink:contributes_to	0
0.47979307	HGNC:10593	MONDO:0012650	biolink:causes	0
0.8316449	HGNC:10593	MONDO:0014225	biolink:causes	0
0.4819415	HGNC:10582	MONDO:0016710	biolink:gene_associated_with_condition	0
0.48926187	HGNC:10582	MONDO:0020434	biolink:gene_associated_with_condition	0
0.5904369	HGNC:10600	MONDO:0013718	biolink:causes	0
0.8733508	HGNC:10600	MONDO:0800028	biolink:causes	0
0.8711768	HGNC:10604	MONDO:0013052	biolink:causes	0
0.16151647	HGNC:10606	MONDO:0010239	biolink:gene_associated_with_condition	0
0.27189058	HGNC:10606	MONDO:0012096	biolink:gene_associated_with_condition	0
0.3802132	HGNC:10680	MONDO:0008818	biolink:causes	0
0.4726381	HGNC:10680	MONDO:0011338	biolink:causes	0
0.5299507	HGNC:10701	MONDO:0009380	biolink:causes	0
0.64337385	HGNC:10701	MONDO:0014327	biolink:causes	0
0.8610486	HGNC:10723	MONDO:0009475	biolink:causes	0
0.6151036	HGNC:10723	MONDO:0013512	biolink:causes	0
0.6839127	HGNC:1228	MONDO:0044255	biolink:causes	0
0.57029384	HGNC:1228	MONDO:0011484	biolink:causes	0
0.6604709	HGNC:10771	MONDO:0010645	biolink:gene_associated_with_condition	0
0.6165548	HGNC:10771	MONDO:0012382	biolink:gene_associated_with_condition	0
0.6457425	HGNC:10771	MONDO:0014665	biolink:causes	0
0.6289772	HGNC:10771	MONDO:0020603	biolink:gene_associated_with_condition	0
0.15279876	HGNC:13867	MONDO:0011184	biolink:causes	0
0.34390184	HGNC:13867	MONDO:0014141	biolink:causes	0
0.06319954	HGNC:26535	MONDO:0044313	biolink:gene_associated_with_condition	0
0.8921633	HGNC:10896	MONDO:0009215	biolink:causes	0
0.81592655	HGNC:10939	MONDO:0014343	biolink:gene_associated_with_condition	0
0.49230832	HGNC:10941	MONDO:0014267	biolink:causes	0
0.5604794	HGNC:11006	MONDO:0011338	biolink:causes	0
0.6822485	HGNC:11030	MONDO:0014620	biolink:causes	0
0.7148922	HGNC:11052	MONDO:0054802	biolink:causes	0
0.7773513	HGNC:11056	MONDO:0035651	biolink:gene_associated_with_condition	0
0.9260459	HGNC:11065	MONDO:0020745	biolink:causes	0
0.74175537	HGNC:11065	MONDO:0007922	biolink:causes	0
0.19490418	HGNC:11071	MONDO:0009658	biolink:causes	0
0.8660562	HGNC:11071	MONDO:0014343	biolink:causes	0
0.014671015	HGNC:10907	MONDO:0019896	biolink:gene_associated_with_condition	0
0.4653908	HGNC:10979	MONDO:0014094	biolink:causes	0
0.5047406	HGNC:10979	MONDO:0008713	biolink:causes	0
0.5251951	HGNC:10979	MONDO:0019448	biolink:causes	0
0.6270192	HGNC:10993	MONDO:0013398	biolink:causes	0
0.9705504	HGNC:20800	MONDO:0017241	biolink:causes	0
0.45612988	HGNC:18798	MONDO:0011490	biolink:causes	0
0.018376531	HGNC:32689	MONDO:0009779	biolink:causes	0
0.9195885	HGNC:6769	MONDO:0007537	biolink:gene_associated_with_condition	0
0.7130404	HGNC:6769	MONDO:0009513	biolink:causes	0
0.78982997	HGNC:6769	MONDO:0017402	biolink:causes	0
0.010285495	HGNC:6769	MONDO:0012294	biolink:causes	0
0.660797	HGNC:2468	MONDO:0007137	biolink:causes	0
0.27117705	HGNC:2468	MONDO:0958237	biolink:causes	0
0.28732467	HGNC:11094	MONDO:0010767	biolink:gene_associated_with_condition	0
0.77252614	HGNC:1373	MONDO:0010281	biolink:gene_associated_with_condition	0
0.053622916	HGNC:1445	MONDO:0011667	biolink:causes	0
0.4788414	HGNC:1445	MONDO:0025354	biolink:causes	0
0.40446764	HGNC:1460	MONDO:0010963	biolink:causes	0
0.8113927	HGNC:17116	MONDO:0007137	biolink:causes	0
0.70846033	HGNC:17116	MONDO:0014603	biolink:causes	0
0.6121331	HGNC:1541	MONDO:0011984	biolink:causes	0
0.38566452	HGNC:11167	MONDO:0024455	biolink:causes	0
0.3477959	HGNC:11167	MONDO:0800341	biolink:causes	0
0.744533	HGNC:11167	MONDO:0014343	biolink:causes	0
0.9159553	HGNC:14974	MONDO:0009235	biolink:causes	0
0.89055765	HGNC:14974	MONDO:0010356	biolink:causes	0
0.9456764	HGNC:14974	MONDO:0033009	biolink:causes	0
0.066582836	HGNC:14974	MONDO:0957583	biolink:causes	0
0.5100837	HGNC:14974	MONDO:0017052	biolink:causes	0
0.60743946	HGNC:17321	MONDO:0019635	biolink:causes	0
0.88261735	HGNC:17321	MONDO:0958005	biolink:gene_associated_with_condition	0
0.68934333	HGNC:17321	MONDO:0015783	biolink:gene_associated_with_condition	0
0.18953633	HGNC:26293	MONDO:0044638	biolink:causes	0
0.7734575	HGNC:11274	MONDO:0033115	biolink:causes	0
0.53534263	HGNC:11276	MONDO:0008436	biolink:gene_associated_with_condition	0
0.3593429	HGNC:11276	MONDO:0008633	biolink:causes	0
0.8354643	HGNC:11276	MONDO:0033200	biolink:gene_associated_with_condition	0
0.44776157	HGNC:11283	MONDO:0008259	biolink:gene_associated_with_condition	0
0.8134262	HGNC:10780	MONDO:0014343	biolink:causes	0
0.63256997	HGNC:10780	MONDO:0017544	biolink:causes	0
0.39631662	HGNC:11368	MONDO:0008377	biolink:causes	0
0.5091484	HGNC:24592	MONDO:0014995	biolink:causes	0
0.5135691	HGNC:24592	MONDO:0014072	biolink:causes	0
0.18353434	HGNC:24592	MONDO:0012883	biolink:causes	0
0.12186478	HGNC:24592	MONDO:0014429	biolink:causes	0
0.66303587	HGNC:17089	MONDO:0010933	biolink:causes	0
0.28988436	HGNC:11535	MONDO:0018000	biolink:gene_associated_with_condition	0
0.7031147	HGNC:11535	MONDO:0007875	biolink:causes	0
0.5537537	HGNC:11535	MONDO:0011713	biolink:gene_associated_with_condition	0
0.23031966	HGNC:11535	MONDO:0010122	biolink:causes	0
0.7481487	HGNC:11546	MONDO:0018393	biolink:causes	0
0.96901166	HGNC:26887	MONDO:0957876	biolink:causes	0
0.81680965	HGNC:11573	MONDO:0011829	biolink:gene_associated_with_condition	0
0.6318662	HGNC:11582	MONDO:0009061	biolink:gene_associated_with_condition	0
0.8840884	HGNC:11582	MONDO:0032872	biolink:gene_associated_with_condition	0
0.9368667	HGNC:11582	MONDO:0009593	biolink:causes	0
0.66146827	HGNC:29529	MONDO:0014094	biolink:gene_associated_with_condition	0
0.4288656	HGNC:11599	MONDO:0975757	biolink:causes	0
0.59674966	HGNC:11623	MONDO:0013587	biolink:causes	0
0.7864017	HGNC:11654	MONDO:0012041	biolink:causes	0
0.77096474	HGNC:11654	MONDO:0032577	biolink:causes	0
0.92234695	HGNC:25774	MONDO:0020745	biolink:causes	0
0.64823675	HGNC:25774	MONDO:0032868	biolink:causes	0
0.60031325	HGNC:25774	MONDO:0009953	biolink:causes	0
0.7736112	HGNC:11720	MONDO:0008377	biolink:causes	0
0.6645165	HGNC:11720	MONDO:0010317	biolink:causes	0
0.31012234	HGNC:11720	MONDO:0013357	biolink:causes	0
0.14984204	HGNC:8117	MONDO:0014198	biolink:gene_associated_with_condition	0
0.1419959	HGNC:8117	MONDO:0013587	biolink:gene_associated_with_condition	0
0.055676397	HGNC:8117	MONDO:0012624	biolink:gene_associated_with_condition	0
0.29089263	HGNC:8117	MONDO:0013070	biolink:gene_associated_with_condition	0
0.7411458	HGNC:8117	MONDO:0014343	biolink:gene_associated_with_condition	0
0.57389975	HGNC:11730	MONDO:0012904	biolink:causes	0
0.69358623	HGNC:11730	MONDO:0018055	biolink:causes	0
0.32210457	HGNC:11737	MONDO:0014857	biolink:gene_associated_with_condition	0
0.31509867	HGNC:11771	MONDO:0016598	biolink:gene_associated_with_condition	0
0.8142439	HGNC:11771	MONDO:0007794	biolink:gene_associated_with_condition	0
0.41063175	HGNC:11771	MONDO:0012041	biolink:gene_associated_with_condition	0
0.7346991	HGNC:11771	MONDO:0012225	biolink:gene_associated_with_condition	0
0.5217498	HGNC:11771	MONDO:0700250	biolink:causes	0
0.8086329	HGNC:11771	MONDO:0012520	biolink:causes	0
0.88929635	HGNC:11771	MONDO:0013323	biolink:gene_associated_with_condition	0
0.8439697	HGNC:11771	MONDO:0014343	biolink:causes	0
0.20015018	HGNC:11771	MONDO:0016681	biolink:gene_associated_with_condition	0
0.55232745	HGNC:11771	MONDO:0008377	biolink:causes	0
0.8721332	HGNC:11771	MONDO:0020692	biolink:causes	0
0.88332134	HGNC:11771	MONDO:0957281	biolink:causes	0
0.47827283	HGNC:11776	MONDO:0013125	biolink:gene_associated_with_condition	0
0.6262701	HGNC:11776	MONDO:0008278	biolink:gene_associated_with_condition	0
0.31583095	HGNC:11776	MONDO:0008377	biolink:gene_associated_with_condition	0
0.58690315	HGNC:11781	MONDO:0054615	biolink:gene_associated_with_condition	0
0.96284765	HGNC:11795	MONDO:0009892	biolink:gene_associated_with_condition	0
0.66239935	HGNC:11795	MONDO:0016598	biolink:gene_associated_with_condition	0
0.9855232	HGNC:11795	MONDO:0007042	biolink:gene_associated_with_condition	0
0.9121963	HGNC:11795	MONDO:0007958	biolink:causes	0
0.9053882	HGNC:11795	MONDO:0010747	biolink:gene_associated_with_condition	0
0.97797966	HGNC:11795	MONDO:0013885	biolink:gene_associated_with_condition	0
0.93924326	HGNC:17754	MONDO:0013526	biolink:causes	0
0.8917946	HGNC:17754	MONDO:0957382	biolink:causes	0
0.25355265	HGNC:29118	MONDO:0015278	biolink:causes	0
0.019918561	HGNC:25913	MONDO:0016281	biolink:gene_associated_with_condition	0
0.32532218	HGNC:26038	MONDO:0007922	biolink:gene_associated_with_condition	0
0.9539981	HGNC:37234	MONDO:0007032	biolink:causes	0
0.9682865	HGNC:37234	MONDO:0014693	biolink:causes	0
0.9060051	HGNC:11944	MONDO:0019947	biolink:causes	0
0.74103224	HGNC:11944	MONDO:0014419	biolink:causes	0
0.8231008	HGNC:19661	MONDO:0016103	biolink:causes	0
0.121788435	HGNC:29456	MONDO:0010592	biolink:gene_associated_with_condition	0
0.035580713	HGNC:29456	MONDO:0800026	biolink:gene_associated_with_condition	0
0.5111163	HGNC:16197	MONDO:0012689	biolink:causes	0
0.94196033	HGNC:15979	MONDO:0032575	biolink:causes	0
0.9329647	HGNC:15979	MONDO:0011765	biolink:causes	0
0.86615497	HGNC:15979	MONDO:0014040	biolink:causes	0
0.35180646	HGNC:12016	MONDO:0010510	biolink:causes	0
0.16211997	HGNC:1343	MONDO:0007925	biolink:contributes_to	0
0.103661	HGNC:1343	MONDO:0013222	biolink:causes	0
0.5586543	HGNC:1343	MONDO:0020378	biolink:causes	0
0.86098367	HGNC:23068	MONDO:0007790	biolink:causes	0
0.59206253	HGNC:12271	MONDO:0010626	biolink:gene_associated_with_condition	0
0.5800457	HGNC:12271	MONDO:0044320	biolink:gene_associated_with_condition	0
0.35937533	HGNC:16380	MONDO:0957271	biolink:causes	0
0.09551943	HGNC:16380	MONDO:0011091	biolink:causes	0
0.38603377	HGNC:12310	MONDO:0008546	biolink:causes	0
0.46080026	HGNC:12305	MONDO:0019373	biolink:gene_associated_with_condition	0
0.76346886	HGNC:25481	MONDO:0010483	biolink:gene_associated_with_condition	0
0.35910198	HGNC:17993	MONDO:0009061	biolink:causes	0
0.46218097	HGNC:17993	MONDO:0008437	biolink:causes	0
0.121052876	HGNC:12362	MONDO:0032712	biolink:causes	0
0.5525038	HGNC:12362	MONDO:0015278	biolink:causes	0
0.88212323	HGNC:21641	MONDO:0007537	biolink:causes	0
0.03236083	HGNC:19141	MONDO:0012911	biolink:causes	0
0.010047895	HGNC:19141	MONDO:0700297	biolink:causes	0
0.5964593	HGNC:23700	MONDO:0014343	biolink:causes	0
0.3131698	HGNC:12403	MONDO:0968976	biolink:causes	0
0.27907616	HGNC:12403	MONDO:0014853	biolink:gene_associated_with_condition	0
0.9098442	HGNC:12403	MONDO:0014343	biolink:gene_associated_with_condition	0
0.26020938	HGNC:12403	MONDO:0032636	biolink:gene_associated_with_condition	0
0.9127806	HGNC:12405	MONDO:0009855	biolink:causes	0
0.9115636	HGNC:20778	MONDO:0014343	biolink:causes	0
0.55735683	HGNC:20773	MONDO:0007349	biolink:causes	0
0.47660595	HGNC:20773	MONDO:0054737	biolink:causes	0
0.9014041	HGNC:20773	MONDO:0017403	biolink:gene_associated_with_condition	0
0.3973092	HGNC:20773	MONDO:0025699	biolink:gene_associated_with_condition	0
0.43098453	HGNC:12441	MONDO:0010661	biolink:causes	0
0.66349447	HGNC:13478	MONDO:0012004	biolink:causes	0
0.35364583	HGNC:12631	MONDO:0010446	biolink:gene_associated_with_condition	0
0.53967875	HGNC:12666	MONDO:0011226	biolink:gene_associated_with_condition	0
0.85211146	HGNC:12666	MONDO:0014343	biolink:causes	0
0.4468224	HGNC:12687	MONDO:0800452	biolink:gene_associated_with_condition	0
0.7745433	HGNC:12687	MONDO:0008377	biolink:gene_associated_with_condition	0
0.57496244	HGNC:13488	MONDO:0012221	biolink:causes	0
0.16670994	HGNC:13488	MONDO:0008693	biolink:gene_associated_with_condition	0
0.5145004	HGNC:13488	MONDO:0009867	biolink:causes	0
0.24240558	HGNC:13488	MONDO:0011156	biolink:causes	0
0.47153482	HGNC:13488	MONDO:0014918	biolink:gene_associated_with_condition	0
0.7973141	HGNC:14579	MONDO:0014386	biolink:causes	0
0.6035992	HGNC:14579	MONDO:0009529	biolink:causes	0
0.8200335	HGNC:17327	MONDO:0013033	biolink:gene_associated_with_condition	0
0.77286166	HGNC:17327	MONDO:0012348	biolink:causes	0
0.7704183	HGNC:17327	MONDO:0030438	biolink:gene_associated_with_condition	0
0.80489135	HGNC:12783	MONDO:0012041	biolink:gene_associated_with_condition	0
0.61639524	HGNC:12783	MONDO:0032741	biolink:causes	0
0.8643895	HGNC:12783	MONDO:0957577	biolink:gene_associated_with_condition	0
0.7892112	HGNC:592	MONDO:0968981	biolink:causes	0
0.49835628	HGNC:25489	MONDO:0032596	biolink:gene_associated_with_condition	0
0.7652586	HGNC:18326	MONDO:0015270	biolink:causes	0
0.8080211	HGNC:30935	MONDO:0033046	biolink:gene_associated_with_condition	0
0.51236284	HGNC:30939	MONDO:0014641	biolink:gene_associated_with_condition	0
0.9938362	HGNC:12869	MONDO:0008818	biolink:causes	0
0.7252067	HGNC:12872	MONDO:0030927	biolink:causes	0
0.72748566	HGNC:12872	MONDO:0020378	biolink:gene_associated_with_condition	0
0.9157614	HGNC:16493	MONDO:0010665	biolink:causes	0
0.7558605	HGNC:16493	MONDO:0013873	biolink:causes	0
0.8308855	HGNC:12927	MONDO:0032849	biolink:causes	0
0.47282767	HGNC:12927	MONDO:0008019	biolink:causes	0
0.5225538	HGNC:12927	MONDO:0008399	biolink:causes	0
0.96310854	HGNC:23216	MONDO:0007157	biolink:causes	0
0.9130842	HGNC:12771	MONDO:0016163	biolink:causes	0
0.6083294	HGNC:11935	MONDO:0020512	biolink:gene_associated_with_condition	0
0.15234493	HGNC:16783	MONDO:0008963	biolink:causes	0
0.44807485	HGNC:16783	MONDO:0009485	biolink:causes	0
0.3833398	HGNC:16783	MONDO:0011246	biolink:causes	0
0.30558375	HGNC:16783	MONDO:0012204	biolink:gene_associated_with_condition	0
0.22861436	HGNC:16783	MONDO:0013110	biolink:gene_associated_with_condition	0
0.41414753	HGNC:16783	MONDO:0013550	biolink:causes	0
0.3051676	HGNC:16783	MONDO:0032899	biolink:gene_associated_with_condition	0
0.73864275	HGNC:16783	MONDO:0008377	biolink:gene_associated_with_condition	0
0.2707503	HGNC:1787	MONDO:0017049	biolink:contributes_to	0
0.25115773	HGNC:1787	MONDO:0010747	biolink:contributes_to	0
0.14244491	HGNC:1787	MONDO:0014868	biolink:contributes_to	0
0.7127238	HGNC:1787	MONDO:0600030	biolink:gene_associated_with_condition	0
0.33752227	HGNC:1857	MONDO:0009168	biolink:causes	0
0.49699554	HGNC:1857	MONDO:0015278	biolink:gene_associated_with_condition	0
0.5033058	HGNC:28209	MONDO:0007080	biolink:gene_associated_with_condition	0
0.10507079	HGNC:1869	MONDO:0012125	biolink:causes	0
0.31295836	HGNC:25631	MONDO:0007222	biolink:causes	0
0.14459467	HGNC:26708	MONDO:0012295	biolink:causes	0
0.47165126	HGNC:26708	MONDO:0014550	biolink:causes	0
0.10773059	HGNC:26708	MONDO:0031446	biolink:causes	0
0.1763196	HGNC:26708	MONDO:0014311	biolink:causes	0
0.4676467	HGNC:26708	MONDO:0014343	biolink:causes	0
0.20436719	HGNC:2771	MONDO:0008747	biolink:gene_associated_with_condition	0
0.6546258	HGNC:2771	MONDO:0014343	biolink:gene_associated_with_condition	0
0.8296468	HGNC:5394	MONDO:0013551	biolink:causes	0
0.5873367	HGNC:5394	MONDO:0019947	biolink:gene_associated_with_condition	0
0.6105481	HGNC:5394	MONDO:0850067	biolink:causes	0
0.5084939	HGNC:5394	MONDO:0020507	biolink:causes	0
0.26484627	HGNC:1919	MONDO:0032868	biolink:gene_associated_with_condition	0
0.88230866	HGNC:20626	MONDO:0008818	biolink:causes	0
0.17256105	HGNC:1938	MONDO:0012004	biolink:causes	0
0.73814213	HGNC:1940	MONDO:0015353	biolink:causes	0
0.8645046	HGNC:1966	MONDO:0013276	biolink:causes	0
0.9254471	HGNC:1966	MONDO:0012368	biolink:causes	0
0.797781	HGNC:1966	MONDO:0008377	biolink:causes	0
0.58355653	HGNC:1966	MONDO:0017683	biolink:causes	0
0.20322831	HGNC:16999	MONDO:0013002	biolink:gene_associated_with_condition	0
0.8419399	HGNC:20492	MONDO:0014398	biolink:gene_associated_with_condition	0
0.54386497	HGNC:18621	MONDO:0032886	biolink:causes	0
0.6120667	HGNC:18621	MONDO:0033542	biolink:causes	0
0.42120013	HGNC:18621	MONDO:0975754	biolink:causes	0
0.95852214	HGNC:2202	MONDO:0014338	biolink:gene_associated_with_condition	0
0.9221772	HGNC:2202	MONDO:0007483	biolink:contributes_to	0
0.8573716	HGNC:2202	MONDO:0017901	biolink:contributes_to	0
0.9708726	HGNC:2204	MONDO:0054737	biolink:gene_associated_with_condition	0
0.78029615	HGNC:2211	MONDO:0016780	biolink:gene_associated_with_condition	0
0.9172589	HGNC:2214	MONDO:0010400	biolink:gene_associated_with_condition	0
0.93773544	HGNC:2214	MONDO:0014620	biolink:gene_associated_with_condition	0
0.92094386	HGNC:2214	MONDO:0007738	biolink:gene_associated_with_condition	0
0.8727619	HGNC:2214	MONDO:0010277	biolink:gene_associated_with_condition	0
0.84719634	HGNC:2214	MONDO:0012554	biolink:gene_associated_with_condition	0
0.9692292	HGNC:2218	MONDO:0010752	biolink:causes	0
0.69279987	HGNC:2187	MONDO:0009776	biolink:causes	0
0.9445152	HGNC:2187	MONDO:0014386	biolink:causes	0
0.95926714	HGNC:2187	MONDO:0014926	biolink:causes	0
0.92332	HGNC:2194	MONDO:0032611	biolink:gene_associated_with_condition	0
0.9121201	HGNC:2194	MONDO:0007363	biolink:gene_associated_with_condition	0
0.94332254	HGNC:2227	MONDO:0009562	biolink:causes	0
0.9418504	HGNC:2227	MONDO:0019947	biolink:causes	0
0.9609577	HGNC:2227	MONDO:0016783	biolink:causes	0
0.69871074	HGNC:2232	MONDO:0008931	biolink:causes	0
0.64443076	HGNC:2232	MONDO:0010792	biolink:causes	0
0.850627	HGNC:2244	MONDO:0014221	biolink:causes	0
0.65606797	HGNC:2244	MONDO:0014425	biolink:causes	0
0.67272234	HGNC:2260	MONDO:0012043	biolink:causes	0
0.78953725	HGNC:2260	MONDO:0017544	biolink:causes	0
0.78142905	HGNC:17272	MONDO:0100340	biolink:causes	0
0.50073504	HGNC:17272	MONDO:0009653	biolink:causes	0
0.6190646	HGNC:2309	MONDO:0017111	biolink:gene_associated_with_condition	0
0.9419695	HGNC:2309	MONDO:0020786	biolink:gene_associated_with_condition	0
0.7596469	HGNC:2336	MONDO:0020316	biolink:causes	0
0.5427185	HGNC:2343	MONDO:0958071	biolink:causes	0
0.2918828	HGNC:2359	MONDO:0008854	biolink:gene_associated_with_condition	0
0.25438875	HGNC:2359	MONDO:0029134	biolink:gene_associated_with_condition	0
0.4498495	HGNC:2359	MONDO:0020715	biolink:gene_associated_with_condition	0
0.51253295	HGNC:2359	MONDO:0014637	biolink:gene_associated_with_condition	0
0.8609379	HGNC:37276	MONDO:0014545	biolink:causes	0
0.24556579	HGNC:2410	MONDO:0009804	biolink:gene_associated_with_condition	0
0.0811252	HGNC:2410	MONDO:0007922	biolink:gene_associated_with_condition	0
0.65541905	HGNC:2433	MONDO:0011998	biolink:causes	0
0.5856639	HGNC:26193	MONDO:0013800	biolink:causes	0
0.12741454	HGNC:26047	MONDO:0011285	biolink:causes	0
0.06531961	HGNC:26047	MONDO:0013570	biolink:gene_associated_with_condition	0
0.20830315	HGNC:2505	MONDO:0012868	biolink:gene_associated_with_condition	0
0.34883136	HGNC:2505	MONDO:0030366	biolink:gene_associated_with_condition	0
0.8278037	HGNC:2505	MONDO:0014343	biolink:gene_associated_with_condition	0
0.6651337	HGNC:2518	MONDO:0015519	biolink:causes	0
0.36330408	HGNC:2594	MONDO:0060502	biolink:gene_associated_with_condition	0
0.3486742	HGNC:2594	MONDO:0008399	biolink:gene_associated_with_condition	0
0.22491163	HGNC:2594	MONDO:0012256	biolink:gene_associated_with_condition	0
0.49348748	HGNC:26383	MONDO:0008234	biolink:causes	0
0.9766657	HGNC:13681	MONDO:0012276	biolink:causes	0
0.44057196	HGNC:29812	MONDO:0014020	biolink:causes	0
0.26280943	HGNC:2711	MONDO:0011765	biolink:contributes_to	0
0.23267351	HGNC:2711	MONDO:0030006	biolink:gene_associated_with_condition	0
0.85974586	HGNC:20603	MONDO:0014343	biolink:causes	0
0.5349614	HGNC:17210	MONDO:0007158	biolink:causes	0
0.5491387	HGNC:17210	MONDO:0014539	biolink:gene_associated_with_condition	0
0.66651165	HGNC:2898	MONDO:0014118	biolink:gene_associated_with_condition	0
0.36729798	HGNC:2908	MONDO:0013872	biolink:gene_associated_with_condition	0
0.40879658	HGNC:2916	MONDO:0004951	biolink:causes	0
0.9138385	HGNC:2916	MONDO:0958189	biolink:causes	0
0.66121477	HGNC:2950	MONDO:0014343	biolink:causes	0
0.35353392	HGNC:2976	MONDO:0012724	biolink:causes	0
0.51257694	HGNC:2976	MONDO:0019505	biolink:causes	0
0.19049722	HGNC:2976	MONDO:0009953	biolink:gene_associated_with_condition	0
0.99020374	HGNC:3005	MONDO:0014343	biolink:gene_associated_with_condition	0
0.5426791	HGNC:3005	MONDO:0020324	biolink:gene_associated_with_condition	0
0.8672601	HGNC:3005	MONDO:0008673	biolink:gene_associated_with_condition	0
0.33581674	HGNC:21307	MONDO:0013342	biolink:causes	0
0.24005567	HGNC:21307	MONDO:0016563	biolink:causes	0
0.7204623	HGNC:3087	MONDO:0012520	biolink:causes	0
0.768569	HGNC:3087	MONDO:0017945	biolink:causes	0
0.8728728	HGNC:24595	MONDO:0020745	biolink:causes	0
0.4041978	HGNC:24595	MONDO:0100180	biolink:causes	0
0.83534443	HGNC:3178	MONDO:0008542	biolink:contributes_to	0
0.8354972	HGNC:3178	MONDO:0017993	biolink:gene_associated_with_condition	0
0.84248984	HGNC:3178	MONDO:0008954	biolink:gene_associated_with_condition	0
0.64351183	HGNC:3188	MONDO:0020324	biolink:causes	0
0.67743987	HGNC:3236	MONDO:0012204	biolink:causes	0
0.43820092	HGNC:3236	MONDO:0014645	biolink:causes	0
0.09684736	HGNC:3259	MONDO:0009064	biolink:gene_associated_with_condition	0
0.2656656	HGNC:3259	MONDO:0009841	biolink:gene_associated_with_condition	0
0.80214036	HGNC:3259	MONDO:0014343	biolink:gene_associated_with_condition	0
0.3300116	HGNC:3259	MONDO:0012594	biolink:gene_associated_with_condition	0
0.14954534	HGNC:3259	MONDO:0012859	biolink:gene_associated_with_condition	0
0.18832913	HGNC:3259	MONDO:0017947	biolink:gene_associated_with_condition	0
0.10841067	HGNC:18683	MONDO:0800026	biolink:causes	0
0.4195366	HGNC:18683	MONDO:0957388	biolink:causes	0
0.56118673	HGNC:18683	MONDO:0044617	biolink:causes	0
0.72123134	HGNC:3356	MONDO:0008061	biolink:gene_associated_with_condition	0
0.83134	HGNC:3356	MONDO:0009069	biolink:causes	0
0.8510045	HGNC:3356	MONDO:0012911	biolink:gene_associated_with_condition	0
0.7078419	HGNC:3356	MONDO:0014997	biolink:causes	0
0.813699	HGNC:3356	MONDO:0020506	biolink:gene_associated_with_condition	0
0.84689635	HGNC:3356	MONDO:0012892	biolink:gene_associated_with_condition	0
0.8592505	HGNC:3356	MONDO:0054636	biolink:causes	0
0.72880775	HGNC:3373	MONDO:0014242	biolink:causes	0
0.73447126	HGNC:3373	MONDO:0007042	biolink:causes	0
0.78685325	HGNC:3373	MONDO:0010075	biolink:causes	0
0.6294404	HGNC:3395	MONDO:0019349	biolink:causes	0
0.696032	HGNC:3395	MONDO:0031084	biolink:causes	0
0.09215905	HGNC:3423	MONDO:0976266	biolink:causes	0
0.52874327	HGNC:3433	MONDO:0859160	biolink:causes	0
0.27438328	HGNC:3433	MONDO:0019310	biolink:causes	0
0.7896862	HGNC:3446	MONDO:0008490	biolink:causes	0
0.9511795	HGNC:23994	MONDO:0009031	biolink:causes	0
0.20152996	HGNC:3468	MONDO:0014585	biolink:causes	0
0.8880208	HGNC:23287	MONDO:0014899	biolink:causes	0
0.5700198	HGNC:3508	MONDO:0007404	biolink:gene_associated_with_condition	0
0.2750997	HGNC:3508	MONDO:0859180	biolink:gene_associated_with_condition	0
0.51596487	HGNC:3508	MONDO:0008701	biolink:gene_associated_with_condition	0
0.38198185	MONDO:0007042	HGNC:7104	biolink:causes	0
0.09261002	MONDO:0007042	HGNC:1810	biolink:causes	0
0.49389192	MONDO:0007042	HGNC:24678	biolink:gene_associated_with_condition	0
0.9855232	MONDO:0007042	HGNC:11795	biolink:gene_associated_with_condition	0
0.73447126	MONDO:0007042	HGNC:3373	biolink:causes	0
0.4520258	MONDO:0007042	HGNC:25941	biolink:gene_associated_with_condition	0
0.29055154	MONDO:0007042	HGNC:4379	biolink:gene_associated_with_condition	0
0.46712676	MONDO:0007086	HGNC:19185	biolink:causes	0
0.5349614	MONDO:0007158	HGNC:17210	biolink:causes	0
0.50350136	MONDO:0007158	HGNC:11303	biolink:gene_associated_with_condition	0
0.6160808	MONDO:0007158	HGNC:17328	biolink:causes	0
0.8192841	MONDO:0007158	HGNC:9039	biolink:causes	0
0.15953915	MONDO:0007158	HGNC:19903	biolink:causes	0
0.31295836	MONDO:0007222	HGNC:25631	biolink:causes	0
0.71463054	MONDO:0007338	HGNC:3386	biolink:causes	0
0.568099	MONDO:0007451	HGNC:13831	biolink:gene_associated_with_condition	0
0.9221772	MONDO:0007483	HGNC:2202	biolink:contributes_to	0
0.29182148	MONDO:0007495	HGNC:8059	biolink:gene_associated_with_condition	0
0.8143628	MONDO:0007495	HGNC:20670	biolink:causes	0
0.81118864	MONDO:0007495	HGNC:4177	biolink:gene_associated_with_condition	0
0.73847604	MONDO:0007615	HGNC:3602	biolink:causes	0
0.4460782	MONDO:0007615	HGNC:14304	biolink:causes	0
0.25335905	MONDO:0007664	HGNC:29525	biolink:causes	0
0.1567837	MONDO:0007677	HGNC:5246	biolink:causes	0
0.19599253	MONDO:0007681	HGNC:10019	biolink:causes	0
0.86098367	MONDO:0007790	HGNC:23068	biolink:causes	0
0.8926444	MONDO:0007794	HGNC:26219	biolink:gene_associated_with_condition	0
0.88210446	MONDO:0007794	HGNC:29077	biolink:contributes_to	0
0.8142439	MONDO:0007794	HGNC:11771	biolink:gene_associated_with_condition	0
0.6420124	MONDO:0007794	HGNC:5031	biolink:causes	0
0.9232953	MONDO:0007794	HGNC:5391	biolink:causes	0
0.92120403	MONDO:0007794	HGNC:17978	biolink:gene_associated_with_condition	0
0.96571964	MONDO:0007794	HGNC:7944	biolink:causes	0
0.9496869	MONDO:0007794	HGNC:19046	biolink:causes	0
0.9707026	MONDO:0007818	HGNC:13829	biolink:gene_associated_with_condition	0
0.29714534	MONDO:0007838	HGNC:26684	biolink:causes	0
0.86594003	MONDO:0007854	HGNC:4367	biolink:causes	0
0.40994474	MONDO:0007854	HGNC:11598	biolink:causes	0
0.24791405	MONDO:0007862	HGNC:6463	biolink:causes	0
0.7031147	MONDO:0007875	HGNC:11535	biolink:causes	0
0.3874213	MONDO:0007875	HGNC:10542	biolink:gene_associated_with_condition	0
0.5272411	MONDO:0007875	HGNC:16700	biolink:causes	0
0.30061698	MONDO:0007895	HGNC:1301	biolink:causes	0
0.9398099	MONDO:0007931	HGNC:951	biolink:causes	0
0.40653393	MONDO:0007943	HGNC:4799	biolink:causes	0
0.8418243	MONDO:0007943	HGNC:8108	biolink:gene_associated_with_condition	0
0.9737167	MONDO:0007943	HGNC:3133	biolink:gene_associated_with_condition	0
0.47282767	MONDO:0008019	HGNC:12927	biolink:causes	0
0.7958327	MONDO:0008087	HGNC:8657	biolink:causes	0
0.18174249	MONDO:0008087	HGNC:987	biolink:gene_associated_with_condition	0
0.66937065	MONDO:0008179	HGNC:9008	biolink:gene_associated_with_condition	0
0.85401434	MONDO:0008179	HGNC:1162	biolink:causes	0
0.3935547	MONDO:0008179	HGNC:11301	biolink:causes	0
0.44776157	MONDO:0008259	HGNC:11283	biolink:gene_associated_with_condition	0
0.53534263	MONDO:0008436	HGNC:11276	biolink:gene_associated_with_condition	0
0.3388833	MONDO:0008436	HGNC:10451	biolink:causes	0
0.2657332	MONDO:0008476	HGNC:6342	biolink:gene_associated_with_condition	0
0.59591556	MONDO:0008592	HGNC:16466	biolink:causes	0
0.20450439	MONDO:0008592	HGNC:5962	biolink:contributes_to	0
0.037102632	MONDO:0008644	HGNC:8996	biolink:causes	0
0.2633455	MONDO:0008644	HGNC:3816	biolink:causes	0
0.63501215	MONDO:0008660	HGNC:9091	biolink:causes	0
0.59272563	MONDO:0008684	HGNC:6585	biolink:gene_associated_with_condition	0
0.6520354	MONDO:0008684	HGNC:7821	biolink:gene_associated_with_condition	0
0.9870388	MONDO:0008684	HGNC:25535	biolink:causes	0
0.32656363	MONDO:0008684	HGNC:285	biolink:causes	0
0.07573053	MONDO:0008684	HGNC:21839	biolink:causes	0
0.02226129	MONDO:0008700	HGNC:29525	biolink:causes	0
0.2185974	MONDO:0008720	HGNC:4584	biolink:gene_associated_with_condition	0
0.9674334	MONDO:0008720	HGNC:9210	biolink:causes	0
0.21321712	MONDO:0008740	HGNC:4948	biolink:gene_associated_with_condition	0
0.33060575	MONDO:0008740	HGNC:10298	biolink:causes	0
0.88568556	MONDO:0008764	HGNC:25786	biolink:causes	0
0.58652794	MONDO:0008772	HGNC:1965	biolink:causes	0
0.20262468	MONDO:0008872	HGNC:9940	biolink:gene_associated_with_condition	0
0.46810874	MONDO:0009053	HGNC:9970	biolink:gene_associated_with_condition	0
0.85122025	MONDO:0009053	HGNC:358	biolink:causes	0
0.9787748	MONDO:0009053	HGNC:5154	biolink:gene_associated_with_condition	0
0.44340646	MONDO:0009053	HGNC:6320	biolink:causes	0
0.4896325	MONDO:0009053	HGNC:392	biolink:gene_associated_with_condition	0
0.33677286	MONDO:0009061	HGNC:9871	biolink:causes	0
0.6591361	MONDO:0009061	HGNC:11118	biolink:gene_associated_with_condition	0
0.7307471	MONDO:0009061	HGNC:24650	biolink:gene_associated_with_condition	0
0.9129643	MONDO:0009061	HGNC:3497	biolink:gene_associated_with_condition	0
0.2084927	MONDO:0009061	HGNC:5208	biolink:causes	0
0.7063485	MONDO:0009061	HGNC:6654	biolink:causes	0
0.6318662	MONDO:0009061	HGNC:11582	biolink:gene_associated_with_condition	0
0.35910198	MONDO:0009061	HGNC:17993	biolink:causes	0
0.6077474	MONDO:0009061	HGNC:21290	biolink:causes	0
0.84733695	MONDO:0009061	HGNC:23088	biolink:causes	0
0.32932892	MONDO:0009061	HGNC:6816	biolink:causes	0
0.63630676	MONDO:0009061	HGNC:12373	biolink:gene_associated_with_condition	0
0.83134	MONDO:0009069	HGNC:3356	biolink:causes	0
0.6050843	MONDO:0009073	HGNC:2019	biolink:causes	0
0.4954262	MONDO:0009109	HGNC:10593	biolink:causes	0
0.53830075	MONDO:0009109	HGNC:10023	biolink:causes	0
0.5490976	MONDO:0009113	HGNC:10256	biolink:causes	0
0.74842405	MONDO:0009113	HGNC:613	biolink:contributes_to	0
0.5892419	MONDO:0009161	HGNC:4241	biolink:gene_associated_with_condition	0
0.9674056	MONDO:0009213	HGNC:10818	biolink:causes	0
0.5560938	MONDO:0009265	HGNC:24576	biolink:causes	0
0.72846615	MONDO:0009265	HGNC:19189	biolink:causes	0
0.86239344	MONDO:0009281	HGNC:6595	biolink:causes	0
0.9291162	MONDO:0009353	HGNC:24123	biolink:causes	0
0.5246576	MONDO:0009377	HGNC:4236	biolink:causes	0
0.90598625	MONDO:0009377	HGNC:14262	biolink:causes	0
0.96061355	MONDO:0009397	HGNC:9879	biolink:causes	0
0.61194706	MONDO:0009413	HGNC:3522	biolink:causes	0
0.6135548	MONDO:0009461	HGNC:6207	biolink:causes	0
0.9165656	MONDO:0009461	HGNC:26521	biolink:causes	0
0.6916177	MONDO:0009469	HGNC:3677	biolink:causes	0
0.9849557	MONDO:0009477	HGNC:20105	biolink:causes	0
0.57454664	MONDO:0009477	HGNC:11998	biolink:gene_associated_with_condition	0
0.44807485	MONDO:0009485	HGNC:16783	biolink:causes	0
0.804352	MONDO:0009505	HGNC:6391	biolink:gene_associated_with_condition	0
0.86335754	MONDO:0009505	HGNC:18083	biolink:causes	0
0.101502396	MONDO:0009513	HGNC:10383	biolink:causes	0
0.7130404	MONDO:0009513	HGNC:6769	biolink:causes	0
0.3641216	MONDO:0009513	HGNC:26784	biolink:gene_associated_with_condition	0
0.18076183	MONDO:0009562	HGNC:20406	biolink:causes	0
0.94332254	MONDO:0009562	HGNC:2227	biolink:causes	0
0.9094668	MONDO:0009598	HGNC:8790	biolink:causes	0
0.32911655	MONDO:0009642	HGNC:23663	biolink:causes	0
0.19574922	MONDO:0009642	HGNC:6235	biolink:causes	0
0.92421544	MONDO:0009646	HGNC:3436	biolink:gene_associated_with_condition	0
0.19490418	MONDO:0009658	HGNC:11071	biolink:causes	0
0.88577247	MONDO:0009658	HGNC:18591	biolink:causes	0
0.10010884	MONDO:0009714	HGNC:7106	biolink:gene_associated_with_condition	0
0.25730392	MONDO:0009714	HGNC:888	biolink:causes	0
0.2558706	MONDO:0009722	HGNC:8008	biolink:causes	0
0.090169206	MONDO:0009818	HGNC:6501	biolink:causes	0
0.5160875	MONDO:0009874	HGNC:177	biolink:gene_associated_with_condition	0
0.15562299	MONDO:0009890	HGNC:2592	biolink:gene_associated_with_condition	0
0.88982123	MONDO:0009994	HGNC:2200	biolink:causes	0
0.5541337	MONDO:0009994	HGNC:3434	biolink:causes	0
0.8664817	MONDO:0009998	HGNC:3754	biolink:gene_associated_with_condition	0
0.81923145	MONDO:0009998	HGNC:9143	biolink:gene_associated_with_condition	0
0.7473274	MONDO:0010075	HGNC:26821	biolink:causes	0
0.78685325	MONDO:0010075	HGNC:3373	biolink:causes	0
0.4170804	MONDO:0010099	HGNC:2527	biolink:causes	0
0.3003941	MONDO:0010099	HGNC:35123	biolink:causes	0
0.67346805	MONDO:0010099	HGNC:19304	biolink:causes	0
0.9674472	MONDO:0010099	HGNC:19869	biolink:gene_associated_with_condition	0
0.58991086	MONDO:0010099	HGNC:11179	biolink:causes	0
0.52549255	MONDO:0010135	HGNC:9713	biolink:gene_associated_with_condition	0
0.5502227	MONDO:0010171	HGNC:21732	biolink:causes	0
0.907327	MONDO:0010183	HGNC:8778	biolink:causes	0
0.47884387	MONDO:0010232	HGNC:7981	biolink:gene_associated_with_condition	0
0.3100318	MONDO:0010232	HGNC:11020	biolink:causes	0
0.6199433	MONDO:0010296	HGNC:13875	biolink:causes	0
0.7729497	MONDO:0010296	HGNC:22932	biolink:causes	0
0.7293688	MONDO:0010356	HGNC:25240	biolink:causes	0
0.89055765	MONDO:0010356	HGNC:14974	biolink:causes	0
0.83647823	MONDO:0010392	HGNC:7132	biolink:gene_associated_with_condition	0
0.685193	MONDO:0010392	HGNC:3003	biolink:gene_associated_with_condition	0
0.9172589	MONDO:0010400	HGNC:2214	biolink:gene_associated_with_condition	0
0.4200122	MONDO:0010400	HGNC:12668	biolink:causes	0
0.6450325	MONDO:0010404	HGNC:7690	biolink:causes	0
0.16692941	MONDO:0010441	HGNC:28449	biolink:gene_associated_with_condition	0
0.20947841	MONDO:0010441	HGNC:8028	biolink:causes	0
0.52915305	MONDO:0010441	HGNC:164	biolink:causes	0
0.565547	MONDO:0010465	HGNC:30500	biolink:causes	0
0.86503404	MONDO:0010465	HGNC:2027	biolink:gene_associated_with_condition	0
0.8166734	MONDO:0010465	HGNC:3767	biolink:causes	0
0.8484649	MONDO:0010465	HGNC:18127	biolink:causes	0
0.33357444	MONDO:0010477	HGNC:16205	biolink:causes	0
0.2626349	MONDO:0010477	HGNC:1777	biolink:causes	0
0.17146887	MONDO:0010477	HGNC:2877	biolink:causes	0
0.35174745	MONDO:0010485	HGNC:11367	biolink:causes	0
0.92591166	MONDO:0010489	HGNC:9086	biolink:gene_associated_with_condition	0
0.7295709	MONDO:0010501	HGNC:5009	biolink:gene_associated_with_condition	0
0.98952603	MONDO:0010554	HGNC:10853	biolink:causes	0
0.28923485	MONDO:0010720	HGNC:11633	biolink:gene_associated_with_condition	0
0.9692292	MONDO:0010752	HGNC:2218	biolink:causes	0
0.045588236	MONDO:0010853	HGNC:1161	biolink:gene_associated_with_condition	0
0.66303587	MONDO:0010933	HGNC:17089	biolink:causes	0
0.84178084	MONDO:0010933	HGNC:3010	biolink:causes	0
0.9590818	MONDO:0011010	HGNC:4220	biolink:causes	0
0.8715588	MONDO:0011066	HGNC:6481	biolink:causes	0
0.22989587	MONDO:0011066	HGNC:11161	biolink:causes	0
0.96287984	MONDO:0011070	HGNC:6284	biolink:causes	0
0.47198838	MONDO:0011107	HGNC:7576	biolink:causes	0
0.6654554	MONDO:0011143	HGNC:7883	biolink:causes	0
0.93974125	MONDO:0011143	HGNC:1750	biolink:causes	0
0.22131157	MONDO:0011239	HGNC:13210	biolink:contributes_to	0
0.46288064	MONDO:0011239	HGNC:25223	biolink:contributes_to	0
0.37206998	MONDO:0011239	HGNC:27089	biolink:gene_associated_with_condition	0
0.40421206	MONDO:0011239	HGNC:2988	biolink:gene_associated_with_condition	0
0.5440766	MONDO:0011243	HGNC:6948	biolink:causes	0
0.5162637	MONDO:0011275	HGNC:7370	biolink:causes	0
0.67815983	MONDO:0011335	HGNC:3435	biolink:causes	0
0.46792388	MONDO:0011335	HGNC:19708	biolink:causes	0
0.9525723	MONDO:0011335	HGNC:9081	biolink:causes	0
0.24761568	MONDO:0011351	HGNC:21158	biolink:gene_associated_with_condition	0
0.9624396	MONDO:0011351	HGNC:2186	biolink:causes	0
0.8786131	MONDO:0011359	HGNC:2731	biolink:gene_associated_with_condition	0
0.7747679	MONDO:0011417	HGNC:25221	biolink:causes	0
0.9334402	MONDO:0011417	HGNC:6696	biolink:causes	0
0.683133	MONDO:0011417	HGNC:11943	biolink:causes	0
0.1443873	MONDO:0011445	HGNC:9046	biolink:contributes_to	0
0.96713626	MONDO:0011445	HGNC:13830	biolink:gene_associated_with_condition	0
0.016935503	MONDO:0011473	HGNC:17020	biolink:contributes_to	0
0.8833357	MONDO:0011473	HGNC:4392	biolink:causes	0
0.4880049	MONDO:0011481	HGNC:1100	biolink:contributes_to	0
0.8530684	MONDO:0011489	HGNC:8487	biolink:causes	0
0.376463	MONDO:0011493	HGNC:11494	biolink:gene_associated_with_condition	0
0.77440184	MONDO:0011529	HGNC:12261	biolink:causes	0
0.95103854	MONDO:0011529	HGNC:7744	biolink:gene_associated_with_condition	0
0.26452863	MONDO:0011529	HGNC:13941	biolink:causes	0
0.4115843	MONDO:0011529	HGNC:1449	biolink:causes	0
0.3854035	MONDO:0011541	HGNC:1633	biolink:causes	0
0.8267093	MONDO:0011593	HGNC:12637	biolink:causes	0
0.5263203	MONDO:0011593	HGNC:20456	biolink:causes	0
0.6346592	MONDO:0011633	HGNC:1698	biolink:causes	0
0.5537537	MONDO:0011713	HGNC:11535	biolink:gene_associated_with_condition	0
0.21752366	MONDO:0011713	HGNC:29561	biolink:causes	0
0.47877285	MONDO:0011713	HGNC:8011	biolink:gene_associated_with_condition	0
0.7607362	MONDO:0011765	HGNC:21157	biolink:causes	0
0.9329647	MONDO:0011765	HGNC:15979	biolink:causes	0
0.26280943	MONDO:0011765	HGNC:2711	biolink:contributes_to	0
0.21592219	MONDO:0011765	HGNC:28852	biolink:causes	0
0.4003092	MONDO:0011789	HGNC:8756	biolink:causes	0
0.41630337	MONDO:0011801	HGNC:4217	biolink:causes	0
0.89570653	MONDO:0011829	HGNC:8853	biolink:gene_associated_with_condition	0
0.81680965	MONDO:0011829	HGNC:11573	biolink:gene_associated_with_condition	0
0.7001855	MONDO:0011837	HGNC:7744	biolink:gene_associated_with_condition	0
0.6923681	MONDO:0011937	HGNC:6192	biolink:causes	0
0.87225425	MONDO:0012041	HGNC:4170	biolink:gene_associated_with_condition	0
0.7864017	MONDO:0012041	HGNC:11654	biolink:causes	0
0.41063175	MONDO:0012041	HGNC:11771	biolink:gene_associated_with_condition	0
0.80489135	MONDO:0012041	HGNC:12783	biolink:gene_associated_with_condition	0
0.7560837	MONDO:0012041	HGNC:6284	biolink:causes	0
0.3844979	MONDO:0012041	HGNC:694	biolink:causes	0
0.86745083	MONDO:0012041	HGNC:7882	biolink:causes	0
0.605271	MONDO:0012041	HGNC:9107	biolink:causes	0
0.57951033	MONDO:0012041	HGNC:21158	biolink:gene_associated_with_condition	0
0.41223425	MONDO:0012041	HGNC:11020	biolink:causes	0
0.7896738	MONDO:0012041	HGNC:13398	biolink:causes	0
0.2831088	MONDO:0012085	HGNC:6770	biolink:causes	0
0.9324638	MONDO:0012089	HGNC:4220	biolink:gene_associated_with_condition	0
0.10507079	MONDO:0012125	HGNC:1869	biolink:causes	0
0.7789761	MONDO:0012161	HGNC:2022	biolink:gene_associated_with_condition	0
0.6544766	MONDO:0012165	HGNC:4392	biolink:causes	0
0.9023217	MONDO:0012173	HGNC:5382	biolink:gene_associated_with_condition	0
0.4164592	MONDO:0012197	HGNC:9282	biolink:causes	0
0.365849	MONDO:0012205	HGNC:27089	biolink:gene_associated_with_condition	0
0.9414245	MONDO:0012221	HGNC:1268	biolink:gene_associated_with_condition	0
0.57496244	MONDO:0012221	HGNC:13488	biolink:causes	0
0.29801503	MONDO:0012221	HGNC:613	biolink:causes	0
0.7346991	MONDO:0012225	HGNC:11771	biolink:gene_associated_with_condition	0
0.28524166	MONDO:0012297	HGNC:12371	biolink:causes	0
0.20412892	MONDO:0012297	HGNC:12440	biolink:causes	0
0.39125293	MONDO:0012345	HGNC:2940	biolink:causes	0
0.753602	MONDO:0012381	HGNC:3686	biolink:causes	0
0.60720634	MONDO:0012421	HGNC:10023	biolink:causes	0
0.94300497	MONDO:0012421	HGNC:28993	biolink:causes	0
0.81433713	MONDO:0012453	HGNC:4689	biolink:causes	0
0.8165351	MONDO:0012453	HGNC:8965	biolink:causes	0
0.8275839	MONDO:0012465	HGNC:20087	biolink:causes	0
0.48252693	MONDO:0012521	HGNC:11724	biolink:causes	0
0.89962065	MONDO:0012569	HGNC:7133	biolink:gene_associated_with_condition	0
0.9327884	MONDO:0012569	HGNC:12786	biolink:causes	0
0.109252885	MONDO:0012621	HGNC:31704	biolink:causes	0
0.66012114	MONDO:0012621	HGNC:124	biolink:causes	0
0.6946831	MONDO:0012621	HGNC:12565	biolink:causes	0
0.9559102	MONDO:0012669	HGNC:9717	biolink:causes	0
0.15282898	MONDO:0012669	HGNC:7106	biolink:gene_associated_with_condition	0
0.5111163	MONDO:0012689	HGNC:16197	biolink:causes	0
0.29431874	MONDO:0012689	HGNC:20080	biolink:causes	0
0.42800546	MONDO:0012693	HGNC:3267	biolink:causes	0
0.6612376	MONDO:0012693	HGNC:1361	biolink:causes	0
0.96576816	MONDO:0012718	HGNC:19082	biolink:gene_associated_with_condition	0
0.43622237	MONDO:0012718	HGNC:2760	biolink:causes	0
0.589625	MONDO:0012726	HGNC:6005	biolink:gene_associated_with_condition	0
0.18394841	MONDO:0012734	HGNC:8028	biolink:causes	0
0.72353894	MONDO:0012734	HGNC:9280	biolink:causes	0
0.42764747	MONDO:0012738	HGNC:2973	biolink:gene_associated_with_condition	0
0.46996593	MONDO:0012786	HGNC:6207	biolink:gene_associated_with_condition	0
0.79671156	MONDO:0012786	HGNC:12744	biolink:causes	0
0.39993185	MONDO:0012786	HGNC:90	biolink:gene_associated_with_condition	0
0.7778823	MONDO:0012786	HGNC:8657	biolink:causes	0
0.45276144	MONDO:0012866	HGNC:10381	biolink:gene_associated_with_condition	0
0.03236083	MONDO:0012911	HGNC:19141	biolink:causes	0
0.8510045	MONDO:0012911	HGNC:3356	biolink:gene_associated_with_condition	0
0.9175736	MONDO:0012943	HGNC:9004	biolink:causes	0
0.89872736	MONDO:0012943	HGNC:9498	biolink:gene_associated_with_condition	0
0.95885193	MONDO:0012943	HGNC:3603	biolink:causes	0
0.44958028	MONDO:0012979	HGNC:11005	biolink:gene_associated_with_condition	0
0.7567344	MONDO:0013011	HGNC:11119	biolink:causes	0
0.8630708	MONDO:0013047	HGNC:28993	biolink:causes	0
0.65801555	MONDO:0013063	HGNC:3767	biolink:causes	0
0.57998353	MONDO:0013083	HGNC:4208	biolink:causes	0
0.8643539	MONDO:0013083	HGNC:6487	biolink:gene_associated_with_condition	0
0.9171057	MONDO:0013111	HGNC:29433	biolink:causes	0
0.33414173	MONDO:0013119	HGNC:26532	biolink:gene_associated_with_condition	0
0.31623474	MONDO:0013156	HGNC:8548	biolink:causes	0
0.24170157	MONDO:0013156	HGNC:20456	biolink:causes	0
0.09882262	MONDO:0013208	HGNC:29796	biolink:causes	0
0.8138245	MONDO:0013208	HGNC:6694	biolink:gene_associated_with_condition	0
0.38678598	MONDO:0013208	HGNC:10298	biolink:causes	0
0.67488384	MONDO:0013212	HGNC:7623	biolink:gene_associated_with_condition	0
0.2714188	MONDO:0013212	HGNC:26684	biolink:causes	0
0.41628662	MONDO:0013216	HGNC:10327	biolink:causes	0
0.6991377	MONDO:0013216	HGNC:6483	biolink:gene_associated_with_condition	0
0.7587246	MONDO:0013228	HGNC:4081	biolink:causes	0
0.91821283	MONDO:0013236	HGNC:17151	biolink:causes	0
0.9350977	MONDO:0013236	HGNC:2200	biolink:causes	0
0.7974567	MONDO:0013236	HGNC:4868	biolink:causes	0
0.06276034	MONDO:0013244	HGNC:2411	biolink:gene_associated_with_condition	0
0.9915326	MONDO:0013256	HGNC:30497	biolink:gene_associated_with_condition	0
0.96500987	MONDO:0013256	HGNC:1181	biolink:gene_associated_with_condition	0
0.8645046	MONDO:0013276	HGNC:1966	biolink:causes	0
0.74772096	MONDO:0013288	HGNC:18083	biolink:gene_associated_with_condition	0
0.18565266	MONDO:0013352	HGNC:7776	biolink:causes	0
0.9286598	MONDO:0013352	HGNC:3755	biolink:causes	0
0.6956856	MONDO:0013352	HGNC:16461	biolink:causes	0
0.9617377	MONDO:0013364	HGNC:3689	biolink:causes	0
0.8686173	MONDO:0013384	HGNC:11701	biolink:causes	0
0.71895146	MONDO:0013388	HGNC:12266	biolink:gene_associated_with_condition	0
0.5778895	MONDO:0013400	HGNC:4823	biolink:gene_associated_with_condition	0
0.2794086	MONDO:0013449	HGNC:19304	biolink:causes	0
0.2687916	MONDO:0013469	HGNC:8654	biolink:gene_associated_with_condition	0
0.3126647	MONDO:0013473	HGNC:53	biolink:causes	0
0.21430594	MONDO:0013473	HGNC:8028	biolink:gene_associated_with_condition	0
0.88747525	MONDO:0013482	HGNC:2488	biolink:causes	0
0.9689605	MONDO:0013482	HGNC:20197	biolink:causes	0
0.42918825	MONDO:0013482	HGNC:6973	biolink:causes	0
0.26321685	MONDO:0013531	HGNC:385	biolink:gene_associated_with_condition	0
0.6759211	MONDO:0013531	HGNC:11019	biolink:gene_associated_with_condition	0
0.5646789	MONDO:0013531	HGNC:6898	biolink:causes	0
0.8296468	MONDO:0013551	HGNC:5394	biolink:causes	0
0.7671137	MONDO:0013551	HGNC:4887	biolink:gene_associated_with_condition	0
0.9594575	MONDO:0013559	HGNC:26270	biolink:causes	0
0.6763584	MONDO:0013587	HGNC:25751	biolink:gene_associated_with_condition	0
0.59674966	MONDO:0013587	HGNC:11623	biolink:causes	0
0.1419959	MONDO:0013587	HGNC:8117	biolink:gene_associated_with_condition	0
0.50038123	MONDO:0013587	HGNC:3801	biolink:gene_associated_with_condition	0
0.51552516	MONDO:0013587	HGNC:24270	biolink:causes	0
0.49159774	MONDO:0013607	HGNC:6407	biolink:causes	0
0.34025127	MONDO:0013607	HGNC:10289	biolink:causes	0
0.683929	MONDO:0013624	HGNC:12406	biolink:causes	0
0.95250624	MONDO:0013640	HGNC:23339	biolink:causes	0
0.23337458	MONDO:0013640	HGNC:33914	biolink:causes	0
0.759513	MONDO:0013664	HGNC:291	biolink:gene_associated_with_condition	0
0.7823763	MONDO:0013664	HGNC:9577	biolink:causes	0
0.87057227	MONDO:0013756	HGNC:4886	biolink:gene_associated_with_condition	0
0.25153992	MONDO:0013768	HGNC:3776	biolink:causes	0
0.9239061	MONDO:0013768	HGNC:28396	biolink:causes	0
0.5856639	MONDO:0013800	HGNC:26193	biolink:causes	0
0.9642824	MONDO:0013800	HGNC:438	biolink:gene_associated_with_condition	0
0.8916111	MONDO:0013836	HGNC:4125	biolink:causes	0
0.59235847	MONDO:0013864	HGNC:2570	biolink:gene_associated_with_condition	0
0.36729798	MONDO:0013872	HGNC:2908	biolink:gene_associated_with_condition	0
0.87313527	MONDO:0013892	HGNC:29659	biolink:causes	0
0.18247403	MONDO:0013896	HGNC:620	biolink:gene_associated_with_condition	0
0.8682024	MONDO:0013896	HGNC:7176	biolink:causes	0
0.29609412	MONDO:0013912	HGNC:18640	biolink:gene_associated_with_condition	0
0.95436436	MONDO:0013912	HGNC:2206	biolink:causes	0
0.9581379	MONDO:0013932	HGNC:20249	biolink:causes	0
0.91673434	MONDO:0013948	HGNC:7944	biolink:causes	0
0.6538227	MONDO:0013948	HGNC:8618	biolink:contributes_to	0
0.36834934	MONDO:0013964	HGNC:10383	biolink:causes	0
0.8961641	MONDO:0013992	HGNC:2197	biolink:causes	0
0.12252302	MONDO:0013992	HGNC:5286	biolink:causes	0
0.27091712	MONDO:0013992	HGNC:5173	biolink:gene_associated_with_condition	0
0.93920255	MONDO:0014004	HGNC:29203	biolink:gene_associated_with_condition	0
0.8851664	MONDO:0014004	HGNC:8959	biolink:causes	0
0.4950987	MONDO:0014012	HGNC:11630	biolink:gene_associated_with_condition	0
0.06462884	MONDO:0014012	HGNC:14639	biolink:causes	0
0.44057196	MONDO:0014020	HGNC:29812	biolink:causes	0
0.7547951	MONDO:0014020	HGNC:5961	biolink:causes	0
0.54064614	MONDO:0014020	HGNC:6483	biolink:gene_associated_with_condition	0
0.07192402	MONDO:0014040	HGNC:9038	biolink:gene_associated_with_condition	0
0.86615497	MONDO:0014040	HGNC:15979	biolink:causes	0
0.287888	MONDO:0014040	HGNC:897	biolink:gene_associated_with_condition	0
0.31897512	MONDO:0014040	HGNC:24259	biolink:causes	0
0.4194579	MONDO:0014052	HGNC:10387	biolink:gene_associated_with_condition	0
0.83757997	MONDO:0014052	HGNC:9091	biolink:causes	0
0.9855467	MONDO:0014060	HGNC:13869	biolink:causes	0
0.6630446	MONDO:0014060	HGNC:9091	biolink:causes	0
0.5135691	MONDO:0014072	HGNC:24592	biolink:causes	0
0.67517024	MONDO:0014072	HGNC:17129	biolink:gene_associated_with_condition	0
0.5304639	MONDO:0014080	HGNC:177	biolink:gene_associated_with_condition	0
0.8916852	MONDO:0014132	HGNC:6814	biolink:gene_associated_with_condition	0
0.93610215	MONDO:0014132	HGNC:19317	biolink:causes	0
0.67006785	MONDO:0014152	HGNC:12373	biolink:gene_associated_with_condition	0
0.1669852	MONDO:0014180	HGNC:4415	biolink:gene_associated_with_condition	0
0.60773444	MONDO:0014180	HGNC:5173	biolink:causes	0
0.7916372	MONDO:0014184	HGNC:2488	biolink:causes	0
0.94887066	MONDO:0014184	HGNC:3603	biolink:causes	0
0.80153686	MONDO:0014224	HGNC:7576	biolink:causes	0
0.9155387	MONDO:0014224	HGNC:1550	biolink:causes	0
0.2887968	MONDO:0014244	HGNC:25980	biolink:causes	0
0.5782687	MONDO:0014296	HGNC:25686	biolink:causes	0
0.915843	MONDO:0014392	HGNC:13520	biolink:causes	0
0.9663865	MONDO:0014392	HGNC:23096	biolink:causes	0
0.38208675	MONDO:0014392	HGNC:16700	biolink:causes	0
0.7126428	MONDO:0014460	HGNC:28648	biolink:gene_associated_with_condition	0
0.6313729	MONDO:0014480	HGNC:23089	biolink:causes	0
0.7077803	MONDO:0014480	HGNC:1397	biolink:causes	0
0.90947634	MONDO:0014480	HGNC:3755	biolink:gene_associated_with_condition	0
0.53559303	MONDO:0014480	HGNC:6970	biolink:causes	0
0.9271925	MONDO:0014484	HGNC:11957	biolink:gene_associated_with_condition	0
0.60673785	MONDO:0014532	HGNC:1337	biolink:gene_associated_with_condition	0
0.66880333	MONDO:0014556	HGNC:14508	biolink:causes	0
0.68215483	MONDO:0014572	HGNC:9644	biolink:causes	0
0.8796648	MONDO:0014572	HGNC:4422	biolink:causes	0
0.8869092	MONDO:0014580	HGNC:6256	biolink:causes	0
0.35729915	MONDO:0014612	HGNC:4948	biolink:gene_associated_with_condition	0
0.8529598	MONDO:0014612	HGNC:9083	biolink:causes	0
0.6822485	MONDO:0014620	HGNC:11030	biolink:causes	0
0.93773544	MONDO:0014620	HGNC:2214	biolink:gene_associated_with_condition	0
0.385831	MONDO:0014620	HGNC:2516	biolink:gene_associated_with_condition	0
0.52923536	MONDO:0014620	HGNC:29190	biolink:causes	0
0.7110771	MONDO:0014648	HGNC:26784	biolink:gene_associated_with_condition	0
0.9801152	MONDO:0014808	HGNC:5466	biolink:gene_associated_with_condition	0
0.0408256	MONDO:0014836	HGNC:21285	biolink:contributes_to	0
0.61614394	MONDO:0014836	HGNC:17814	biolink:causes	0
0.848439	MONDO:0014845	HGNC:7526	biolink:gene_associated_with_condition	0
0.23504828	MONDO:0014853	HGNC:25536	biolink:causes	0
0.27907616	MONDO:0014853	HGNC:12403	biolink:gene_associated_with_condition	0
0.41632822	MONDO:0014853	HGNC:9330	biolink:gene_associated_with_condition	0
0.42438278	MONDO:0014853	HGNC:29022	biolink:causes	0
0.22659914	MONDO:0014857	HGNC:20406	biolink:gene_associated_with_condition	0
0.32210457	MONDO:0014857	HGNC:11737	biolink:gene_associated_with_condition	0
0.7017614	MONDO:0014857	HGNC:12373	biolink:gene_associated_with_condition	0
0.72250736	MONDO:0014945	HGNC:14255	biolink:gene_associated_with_condition	0
0.1619019	MONDO:0014977	HGNC:14673	biolink:causes	0
0.8497847	MONDO:0014981	HGNC:6487	biolink:gene_associated_with_condition	0
0.50371605	MONDO:0014981	HGNC:7606	biolink:causes	0
0.71377677	MONDO:0014981	HGNC:21244	biolink:gene_associated_with_condition	0
0.7097521	MONDO:0014997	HGNC:25295	biolink:causes	0
0.7078419	MONDO:0014997	HGNC:3356	biolink:causes	0
0.26107293	MONDO:0014997	HGNC:1101	biolink:contributes_to	0
0.9703901	MONDO:0014997	HGNC:18169	biolink:gene_associated_with_condition	0
0.1516514	MONDO:0015041	HGNC:573	biolink:gene_associated_with_condition	0
0.61320645	MONDO:0015041	HGNC:3689	biolink:gene_associated_with_condition	0
0.6356216	MONDO:0015300	HGNC:8005	biolink:causes	0
0.985	MONDO:0015557	HGNC:2200	biolink:causes	0
0.25721362	MONDO:0015557	HGNC:5044	biolink:gene_associated_with_condition	0
0.025114171	MONDO:0015597	HGNC:9181	biolink:causes	0
0.5871234	MONDO:0015786	HGNC:1529	biolink:gene_associated_with_condition	0
0.90666837	MONDO:0016097	HGNC:19316	biolink:causes	0
0.21844538	MONDO:0016097	HGNC:1449	biolink:causes	0
0.9130842	MONDO:0016163	HGNC:12771	biolink:causes	0
0.9210016	MONDO:0016355	HGNC:3754	biolink:gene_associated_with_condition	0
0.31912354	MONDO:0016395	HGNC:26200	biolink:gene_associated_with_condition	0
0.79835963	MONDO:0016682	HGNC:5358	biolink:causes	0
0.8439685	MONDO:0016682	HGNC:19073	biolink:gene_associated_with_condition	0
0.49937648	MONDO:0016710	HGNC:28952	biolink:causes	0
0.4819415	MONDO:0016710	HGNC:10582	biolink:gene_associated_with_condition	0
0.8270405	MONDO:0016782	HGNC:11102	biolink:causes	0
0.52002084	MONDO:0016782	HGNC:9986	biolink:causes	0
0.2752385	MONDO:0016838	HGNC:30632	biolink:causes	0
0.2707503	MONDO:0017049	HGNC:1787	biolink:contributes_to	0
0.9061307	MONDO:0017049	HGNC:4319	biolink:causes	0
0.69555414	MONDO:0017049	HGNC:6251	biolink:causes	0
0.46800512	MONDO:0017117	HGNC:15802	biolink:gene_associated_with_condition	0
0.6208917	MONDO:0017173	HGNC:25536	biolink:causes	0
0.41309622	MONDO:0017173	HGNC:21270	biolink:causes	0
0.755702	MONDO:0017173	HGNC:24928	biolink:gene_associated_with_condition	0
0.5440341	MONDO:0017173	HGNC:2514	biolink:gene_associated_with_condition	0
0.40834004	MONDO:0017225	HGNC:7096	biolink:causes	0
0.9513713	MONDO:0017225	HGNC:18340	biolink:causes	0
0.66000974	MONDO:0017225	HGNC:8620	biolink:gene_associated_with_condition	0
0.9705504	MONDO:0017241	HGNC:20800	biolink:causes	0
0.44751444	MONDO:0017241	HGNC:25941	biolink:gene_associated_with_condition	0
0.88052624	MONDO:0017241	HGNC:2206	biolink:causes	0
0.6181131	MONDO:0017317	HGNC:6554	biolink:gene_associated_with_condition	0
0.84896624	MONDO:0017354	HGNC:7133	biolink:gene_associated_with_condition	0
0.5766998	MONDO:0017382	HGNC:6423	biolink:gene_associated_with_condition	0
0.78982997	MONDO:0017402	HGNC:6769	biolink:causes	0
0.8509214	MONDO:0017402	HGNC:2219	biolink:causes	0
0.39528558	MONDO:0017906	HGNC:4431	biolink:causes	0
0.17262055	MONDO:0018006	HGNC:9220	biolink:causes	0
0.32593486	MONDO:0018114	HGNC:7103	biolink:gene_associated_with_condition	0
0.055842564	MONDO:0018206	HGNC:21088	biolink:causes	0
0.3395282	MONDO:0018254	HGNC:2511	biolink:causes	0
0.031547055	MONDO:0018274	HGNC:16063	biolink:gene_associated_with_condition	0
0.15568846	MONDO:0018419	HGNC:4023	biolink:causes	0
0.22168908	MONDO:0018435	HGNC:21197	biolink:causes	0
0.98265207	MONDO:0018443	HGNC:2219	biolink:causes	0
0.8143127	MONDO:0018495	HGNC:9180	biolink:causes	0
0.48023993	MONDO:0018611	HGNC:4832	biolink:gene_associated_with_condition	0
0.7359744	MONDO:0018611	HGNC:30171	biolink:causes	0
0.76002175	MONDO:0018611	HGNC:779	biolink:causes	0
0.7801835	MONDO:0018611	HGNC:2379	biolink:gene_associated_with_condition	0
0.27160072	MONDO:0018611	HGNC:17211	biolink:causes	0
0.8099469	MONDO:0018780	HGNC:25358	biolink:causes	0
0.48651564	MONDO:0018821	HGNC:9386	biolink:causes	0
0.19239205	MONDO:0019082	HGNC:9142	biolink:gene_associated_with_condition	0
0.07689982	MONDO:0019082	HGNC:8609	biolink:causes	0
0.4131795	MONDO:0019107	HGNC:14202	biolink:causes	0
0.78562903	MONDO:0019123	HGNC:14304	biolink:causes	0
0.8040905	MONDO:0019123	HGNC:11301	biolink:gene_associated_with_condition	0
0.5574291	MONDO:0019407	HGNC:10852	biolink:causes	0
0.40838307	MONDO:0019475	HGNC:6254	biolink:causes	0
0.60743946	MONDO:0019635	HGNC:17321	biolink:causes	0
0.72899455	MONDO:0019767	HGNC:1161	biolink:gene_associated_with_condition	0
0.3565821	MONDO:0019767	HGNC:6944	biolink:causes	0
0.22033778	MONDO:0019855	HGNC:3616	biolink:contributes_to	0
0.94866806	MONDO:0019855	HGNC:9965	biolink:gene_associated_with_condition	0
0.77309173	MONDO:0019855	HGNC:14000	biolink:causes	0
0.8560322	MONDO:0019855	HGNC:7526	biolink:gene_associated_with_condition	0
0.8963026	MONDO:0019855	HGNC:10664	biolink:causes	0
0.2858178	MONDO:0019947	HGNC:7675	biolink:gene_associated_with_condition	0
0.73232186	MONDO:0019947	HGNC:9990	biolink:causes	0
0.9060051	MONDO:0019947	HGNC:11944	biolink:causes	0
0.5873367	MONDO:0019947	HGNC:5394	biolink:gene_associated_with_condition	0
0.9418504	MONDO:0019947	HGNC:2227	biolink:causes	0
0.4029992	MONDO:0020345	HGNC:9990	biolink:causes	0
0.5022203	MONDO:0020345	HGNC:15578	biolink:causes	0
0.27110556	MONDO:0020434	HGNC:24555	biolink:causes	0
0.48926187	MONDO:0020434	HGNC:10582	biolink:gene_associated_with_condition	0
0.2105234	MONDO:0020482	HGNC:17811	biolink:gene_associated_with_condition	0
0.813699	MONDO:0020506	HGNC:3356	biolink:gene_associated_with_condition	0
0.55683196	MONDO:0020506	HGNC:12601	biolink:causes	0
0.7093249	MONDO:0020506	HGNC:1786	biolink:gene_associated_with_condition	0
0.97758144	MONDO:0020602	HGNC:15455	biolink:causes	0
0.4498495	MONDO:0020715	HGNC:2359	biolink:gene_associated_with_condition	0
0.9702674	MONDO:0020727	HGNC:2201	biolink:causes	0
0.8888373	MONDO:0020787	HGNC:3690	biolink:gene_associated_with_condition	0
0.23972517	MONDO:0020787	HGNC:6427	biolink:gene_associated_with_condition	0
0.49957722	MONDO:0020849	HGNC:17098	biolink:causes	0
0.74925065	MONDO:0020849	HGNC:9921	biolink:causes	0
0.8166284	MONDO:0021019	HGNC:11102	biolink:causes	0
0.5818451	MONDO:0021019	HGNC:9280	biolink:causes	0
0.42127264	MONDO:0021093	HGNC:12762	biolink:causes	0
0.71371466	MONDO:0021093	HGNC:7883	biolink:causes	0
0.71264184	MONDO:0021573	HGNC:19185	biolink:causes	0
0.82921034	MONDO:0021573	HGNC:16400	biolink:causes	0
0.4193669	MONDO:0024457	HGNC:4042	biolink:causes	0
0.9844431	MONDO:0024457	HGNC:26270	biolink:gene_associated_with_condition	0
0.7632266	MONDO:0024552	HGNC:24270	biolink:causes	0
0.327071	MONDO:0024552	HGNC:4379	biolink:gene_associated_with_condition	0
0.40969953	MONDO:0024607	HGNC:29501	biolink:gene_associated_with_condition	0
0.5241898	MONDO:0025354	HGNC:28991	biolink:causes	0
0.4788414	MONDO:0025354	HGNC:1445	biolink:causes	0
0.50107217	MONDO:0025354	HGNC:11828	biolink:causes	0
0.78692794	MONDO:0025354	HGNC:27337	biolink:causes	0
0.11521267	MONDO:0025354	HGNC:1331	biolink:causes	0
0.6258598	MONDO:0026733	HGNC:13203	biolink:causes	0
0.7826038	MONDO:0026733	HGNC:6257	biolink:causes	0
0.9628448	MONDO:0026733	HGNC:19747	biolink:gene_associated_with_condition	0
0.7235277	MONDO:0026777	HGNC:3255	biolink:gene_associated_with_condition	0
0.15419029	MONDO:0026777	HGNC:25839	biolink:gene_associated_with_condition	0
0.33372653	MONDO:0029465	HGNC:123	biolink:causes	0
0.24878266	MONDO:0030007	HGNC:4798	biolink:contributes_to	0
0.26768386	MONDO:0030060	HGNC:6192	biolink:gene_associated_with_condition	0
0.9481969	MONDO:0030060	HGNC:7060	biolink:gene_associated_with_condition	0
0.6493417	MONDO:0030366	HGNC:10009	biolink:gene_associated_with_condition	0
0.34883136	MONDO:0030366	HGNC:2505	biolink:gene_associated_with_condition	0
0.8237801	MONDO:0030366	HGNC:24861	biolink:causes	0
0.58622605	MONDO:0030457	HGNC:14508	biolink:causes	0
0.9475565	MONDO:0030457	HGNC:4220	biolink:gene_associated_with_condition	0
0.094675206	MONDO:0030457	HGNC:14539	biolink:contributes_to	0
0.86244255	MONDO:0030619	HGNC:10593	biolink:contributes_to	0
0.51018417	MONDO:0030619	HGNC:388	biolink:gene_associated_with_condition	0
0.7432775	MONDO:0030619	HGNC:4319	biolink:causes	0
0.60878974	MONDO:0030905	HGNC:3999	biolink:gene_associated_with_condition	0
0.07331938	MONDO:0030905	HGNC:26114	biolink:causes	0
0.6435816	MONDO:0030987	HGNC:3823	biolink:causes	0
0.5988213	MONDO:0030987	HGNC:7010	biolink:gene_associated_with_condition	0
0.47814617	MONDO:0030995	HGNC:25705	biolink:causes	0
0.51120037	MONDO:0030995	HGNC:24552	biolink:causes	0
0.10773059	MONDO:0031446	HGNC:26708	biolink:causes	0
0.17289849	MONDO:0031446	HGNC:12851	biolink:gene_associated_with_condition	0
0.6835108	MONDO:0032577	HGNC:9177	biolink:causes	0
0.77096474	MONDO:0032577	HGNC:11654	biolink:causes	0
0.6503085	MONDO:0032581	HGNC:2514	biolink:causes	0
0.633019	MONDO:0032592	HGNC:620	biolink:gene_associated_with_condition	0
0.7729787	MONDO:0032592	HGNC:1375	biolink:causes	0
0.8771094	MONDO:0032592	HGNC:16133	biolink:causes	0
0.92332	MONDO:0032611	HGNC:2194	biolink:gene_associated_with_condition	0
0.9045348	MONDO:0032677	HGNC:8857	biolink:gene_associated_with_condition	0
0.9762782	MONDO:0032677	HGNC:2200	biolink:causes	0
0.75979674	MONDO:0032677	HGNC:9921	biolink:causes	0
0.31852236	MONDO:0032677	HGNC:6120	biolink:gene_associated_with_condition	0
0.97373724	MONDO:0032687	HGNC:9202	biolink:gene_associated_with_condition	0
0.50422704	MONDO:0032723	HGNC:21474	biolink:causes	0
0.6262784	MONDO:0032728	HGNC:7881	biolink:causes	0
0.76984954	MONDO:0032728	HGNC:6842	biolink:causes	0
0.012402531	MONDO:0032781	HGNC:7634	biolink:gene_associated_with_condition	0
0.5309188	MONDO:0032817	HGNC:8091	biolink:gene_associated_with_condition	0
0.63092685	MONDO:0032817	HGNC:11598	biolink:gene_associated_with_condition	0
0.9881544	MONDO:0032855	HGNC:1786	biolink:causes	0
0.96984094	MONDO:0032855	HGNC:13315	biolink:gene_associated_with_condition	0
0.9598313	MONDO:0032868	HGNC:11769	biolink:causes	0
0.64823675	MONDO:0032868	HGNC:25774	biolink:causes	0
0.26484627	MONDO:0032868	HGNC:1919	biolink:gene_associated_with_condition	0
0.8316637	MONDO:0032868	HGNC:18141	biolink:causes	0
0.8840884	MONDO:0032872	HGNC:11582	biolink:gene_associated_with_condition	0
0.9841574	MONDO:0032888	HGNC:26270	biolink:causes	0
0.71851355	MONDO:0032892	HGNC:14304	biolink:causes	0
0.5296753	MONDO:0032900	HGNC:90	biolink:gene_associated_with_condition	0
0.43287525	MONDO:0032904	HGNC:9236	biolink:gene_associated_with_condition	0
0.86933076	MONDO:0032924	HGNC:719	biolink:causes	0
0.7230752	MONDO:0032933	HGNC:4392	biolink:gene_associated_with_condition	0
0.58845896	MONDO:0032937	HGNC:28991	biolink:causes	0
0.20405683	MONDO:0032937	HGNC:18124	biolink:causes	0
0.96834564	MONDO:0032937	HGNC:25712	biolink:gene_associated_with_condition	0
0.9456764	MONDO:0033009	HGNC:14974	biolink:causes	0
0.87850535	MONDO:0033045	HGNC:18591	biolink:causes	0
0.94494164	MONDO:0033045	HGNC:12299	biolink:gene_associated_with_condition	0
0.87486136	MONDO:0033259	HGNC:6235	biolink:causes	0
0.3100746	MONDO:0033533	HGNC:12565	biolink:causes	0
0.6231839	MONDO:0033533	HGNC:7652	biolink:gene_associated_with_condition	0
0.6842692	MONDO:0033542	HGNC:6407	biolink:causes	0
0.6120667	MONDO:0033542	HGNC:18621	biolink:causes	0
0.33868548	MONDO:0033559	HGNC:4678	biolink:causes	0
0.7711435	MONDO:0033668	HGNC:7572	biolink:gene_associated_with_condition	0
0.1440951	MONDO:0034991	HGNC:11020	biolink:causes	0
0.02283433	MONDO:0035694	HGNC:19309	biolink:causes	0
0.7348756	MONDO:0035823	HGNC:6481	biolink:gene_associated_with_condition	0
0.7366046	MONDO:0035940	HGNC:177	biolink:gene_associated_with_condition	0
0.8397416	MONDO:0036212	HGNC:3702	biolink:causes	0
0.63168555	MONDO:0036212	HGNC:6416	biolink:causes	0
0.17517526	MONDO:0044255	HGNC:9046	biolink:contributes_to	0
0.55339354	MONDO:0044255	HGNC:26790	biolink:causes	0
0.6839127	MONDO:0044255	HGNC:1228	biolink:causes	0
0.76095134	MONDO:0044255	HGNC:25230	biolink:causes	0
0.49422562	MONDO:0044255	HGNC:26144	biolink:contributes_to	0
0.35031664	MONDO:0044255	HGNC:9386	biolink:causes	0
0.30010965	MONDO:0044255	HGNC:11917	biolink:gene_associated_with_condition	0
0.1762352	MONDO:0044318	HGNC:8008	biolink:causes	0
0.63353676	MONDO:0044724	HGNC:4799	biolink:causes	0
0.9877037	MONDO:0044724	HGNC:19046	biolink:causes	0
0.42906773	MONDO:0044792	HGNC:26993	biolink:causes	0
0.71953404	MONDO:0044792	HGNC:1090	biolink:gene_associated_with_condition	0
0.57873684	MONDO:0054615	HGNC:15808	biolink:causes	0
0.58690315	MONDO:0054615	HGNC:11781	biolink:gene_associated_with_condition	0
0.26800293	MONDO:0054724	HGNC:5136	biolink:causes	0
0.44332817	MONDO:0054750	HGNC:25221	biolink:gene_associated_with_condition	0
0.10087797	MONDO:0054750	HGNC:9940	biolink:gene_associated_with_condition	0
0.16092606	MONDO:0054750	HGNC:17340	biolink:causes	0
0.5733161	MONDO:0054763	HGNC:25240	biolink:gene_associated_with_condition	0
0.6261982	MONDO:0054763	HGNC:7608	biolink:gene_associated_with_condition	0
0.66519743	MONDO:0054763	HGNC:12499	biolink:causes	0
0.35567522	MONDO:0054763	HGNC:9701	biolink:gene_associated_with_condition	0
0.74930966	MONDO:0054771	HGNC:5383	biolink:gene_associated_with_condition	0
0.3044065	MONDO:0054771	HGNC:18971	biolink:contributes_to	0
0.77941227	MONDO:0054861	HGNC:12762	biolink:causes	0
0.80045044	MONDO:0060457	HGNC:4877	biolink:gene_associated_with_condition	0
0.13392939	MONDO:0060510	HGNC:1001	biolink:gene_associated_with_condition	0
0.08798765	MONDO:0060549	HGNC:15511	biolink:causes	0
0.9577077	MONDO:0060621	HGNC:7499	biolink:gene_associated_with_condition	0
0.5852932	MONDO:0060621	HGNC:7127	biolink:causes	0
0.9495634	MONDO:0060729	HGNC:15516	biolink:causes	0
0.9686502	MONDO:0060752	HGNC:19088	biolink:causes	0
0.4041978	MONDO:0100180	HGNC:24595	biolink:causes	0
0.24157442	MONDO:0100180	HGNC:8858	biolink:causes	0
0.5503913	MONDO:0100252	HGNC:20233	biolink:gene_associated_with_condition	0
0.42739543	MONDO:0100296	HGNC:19691	biolink:gene_associated_with_condition	0
0.9724805	MONDO:0100354	HGNC:10193	biolink:gene_associated_with_condition	0
0.20262176	MONDO:0100460	HGNC:25928	biolink:gene_associated_with_condition	0
0.8430325	MONDO:0100468	HGNC:28984	biolink:causes	0
0.9241804	MONDO:0700250	HGNC:5136	biolink:gene_associated_with_condition	0
0.8745815	MONDO:0700250	HGNC:15646	biolink:causes	0
0.5217498	MONDO:0700250	HGNC:11771	biolink:causes	0
0.90950084	MONDO:0700250	HGNC:18591	biolink:causes	0
0.5155724	MONDO:0800026	HGNC:10472	biolink:causes	0
0.5431248	MONDO:0800026	HGNC:9719	biolink:causes	0
0.035580713	MONDO:0800026	HGNC:29456	biolink:gene_associated_with_condition	0
0.10841067	MONDO:0800026	HGNC:18683	biolink:causes	0
0.11148922	MONDO:0800026	HGNC:9460	biolink:gene_associated_with_condition	0
0.5164072	MONDO:0800030	HGNC:8005	biolink:causes	0
0.23914285	MONDO:0800030	HGNC:388	biolink:causes	0
0.42906812	MONDO:0800167	HGNC:13210	biolink:contributes_to	0
0.17879088	MONDO:0800167	HGNC:10256	biolink:causes	0
0.23708217	MONDO:0800445	HGNC:13890	biolink:gene_associated_with_condition	0
0.562582	MONDO:0800445	HGNC:10593	biolink:causes	0
0.06743026	MONDO:0800445	HGNC:15819	biolink:causes	0
0.6105481	MONDO:0850067	HGNC:5394	biolink:causes	0
0.78098804	MONDO:0850095	HGNC:19358	biolink:causes	0
0.45532033	MONDO:0850095	HGNC:14415	biolink:causes	0
0.51990503	MONDO:0858999	HGNC:16066	biolink:gene_associated_with_condition	0
0.56095916	MONDO:0858999	HGNC:15559	biolink:gene_associated_with_condition	0
0.6797606	MONDO:0859182	HGNC:7523	biolink:gene_associated_with_condition	0
0.8703797	MONDO:0859207	HGNC:30074	biolink:gene_associated_with_condition	0
0.63743824	MONDO:0859207	HGNC:15578	biolink:causes	0
0.8563912	MONDO:0859207	HGNC:12373	biolink:gene_associated_with_condition	0
0.785384	MONDO:0859295	HGNC:20372	biolink:causes	0
0.28226206	MONDO:0859295	HGNC:6541	biolink:gene_associated_with_condition	0
0.96313995	MONDO:0859312	HGNC:3690	biolink:gene_associated_with_condition	0
0.80530655	MONDO:0859312	HGNC:8977	biolink:causes	0
0.96324027	MONDO:0859312	HGNC:10597	biolink:gene_associated_with_condition	0
0.8467255	MONDO:0859338	HGNC:14234	biolink:gene_associated_with_condition	0
0.3122152	MONDO:0859338	HGNC:4312	biolink:contributes_to	0
0.90648	MONDO:0957218	HGNC:10447	biolink:causes	0
0.35937533	MONDO:0957271	HGNC:16380	biolink:causes	0
0.9532639	MONDO:0957271	HGNC:19980	biolink:causes	0
0.207517	MONDO:0957294	HGNC:8622	biolink:causes	0
0.4195366	MONDO:0957388	HGNC:18683	biolink:causes	0
0.78932184	MONDO:0957477	HGNC:20	biolink:causes	0
0.50851756	MONDO:0957583	HGNC:5136	biolink:gene_associated_with_condition	0
0.066582836	MONDO:0957583	HGNC:14974	biolink:causes	0
0.5179072	MONDO:0957594	HGNC:7808	biolink:causes	0
0.4172799	MONDO:0957594	HGNC:11917	biolink:gene_associated_with_condition	0
0.9543367	MONDO:0957807	HGNC:19317	biolink:causes	0
0.5658859	MONDO:0957812	HGNC:18437	biolink:causes	0
0.5653757	MONDO:0957820	HGNC:3960	biolink:causes	0
0.81434244	MONDO:0957876	HGNC:15805	biolink:gene_associated_with_condition	0
0.96901166	MONDO:0957876	HGNC:26887	biolink:causes	0
0.88261735	MONDO:0958005	HGNC:17321	biolink:gene_associated_with_condition	0
0.14785185	MONDO:0958012	HGNC:14673	biolink:causes	0
0.84066236	MONDO:0958176	HGNC:735	biolink:gene_associated_with_condition	0
0.70713484	MONDO:0958176	HGNC:28018	biolink:causes	0
0.8955631	MONDO:0958180	HGNC:1044	biolink:causes	0
0.8141213	MONDO:0958180	HGNC:4379	biolink:causes	0
0.80694973	MONDO:0958322	HGNC:11772	biolink:causes	0
0.5322386	MONDO:0958331	HGNC:5248	biolink:causes	0
0.78302777	MONDO:0958353	HGNC:14575	biolink:gene_associated_with_condition	0
0.651828	MONDO:0971002	HGNC:24097	biolink:causes	0
0.6269198	MONDO:0971069	HGNC:10961	biolink:gene_associated_with_condition	0
0.7668549	MONDO:0971172	HGNC:24713	biolink:gene_associated_with_condition	0
0.914032	MONDO:0971172	HGNC:7569	biolink:gene_associated_with_condition	0
0.6117547	MONDO:0971176	HGNC:3435	biolink:causes	0
0.38139072	MONDO:0971176	HGNC:7690	biolink:causes	0
0.4019026	MONDO:0975757	HGNC:20372	biolink:causes	0
0.4288656	MONDO:0975757	HGNC:11599	biolink:causes	0
0.834774	MONDO:0975757	HGNC:3689	biolink:gene_associated_with_condition	0
0.2333541	MONDO:0975757	HGNC:3424	biolink:causes	0
0.4015262	MONDO:0975795	HGNC:24678	biolink:gene_associated_with_condition	0
0.29592544	MONDO:0975795	HGNC:7473	biolink:gene_associated_with_condition	0
0.78614485	MONDO:0975795	HGNC:8620	biolink:gene_associated_with_condition	0
0.42575932	MONDO:0975887	HGNC:11311	biolink:gene_associated_with_condition	0
0.09215905	MONDO:0976266	HGNC:3423	biolink:causes	0
0.2634301	MONDO:0976266	HGNC:28506	biolink:gene_associated_with_condition	0
0.3205943	MONDO:8000011	HGNC:10648	biolink:gene_associated_with_condition	0
0.24036539	MONDO:8000011	HGNC:4165	biolink:gene_associated_with_condition	0
0.64053005	MONDO:8000015	HGNC:18688	biolink:causes	0
0.4340835	HGNC:18149	MONDO:0014346	biolink:causes	0
0.87480485	HGNC:57	MONDO:0012539	biolink:causes	0
0.89074224	HGNC:57	MONDO:0010659	biolink:causes	0
0.80472267	HGNC:60	MONDO:0010122	biolink:causes	0
0.91678554	HGNC:60	MONDO:0010631	biolink:causes	0
0.21555065	HGNC:13886	MONDO:0009211	biolink:causes	0
0.1124789	HGNC:13886	MONDO:0036189	biolink:causes	0
0.11445837	HGNC:21497	MONDO:0007137	biolink:causes	0
0.93908226	HGNC:23339	MONDO:0012127	biolink:causes	0
0.95250624	HGNC:23339	MONDO:0013640	biolink:causes	0
0.22774605	HGNC:118	MONDO:0012163	biolink:gene_associated_with_condition	0
0.66012114	HGNC:124	MONDO:0012621	biolink:causes	0
0.3339307	HGNC:216	MONDO:0014349	biolink:causes	0
0.8229845	HGNC:218	MONDO:0018144	biolink:causes	0
0.5222373	HGNC:232	MONDO:0007922	biolink:causes	0
0.89874005	HGNC:4512	MONDO:0013214	biolink:causes	0
0.25153992	HGNC:3776	MONDO:0013768	biolink:causes	0
0.25806242	HGNC:3776	MONDO:0014866	biolink:causes	0
0.76095134	HGNC:25230	MONDO:0044255	biolink:causes	0
0.4896325	HGNC:392	MONDO:0009053	biolink:gene_associated_with_condition	0
0.41554642	HGNC:31088	MONDO:0014339	biolink:contributes_to	0
0.2750927	HGNC:20917	MONDO:0010086	biolink:causes	0
0.9642824	HGNC:438	MONDO:0013800	biolink:gene_associated_with_condition	0
0.93732375	HGNC:438	MONDO:0958085	biolink:gene_associated_with_condition	0
0.39230847	HGNC:17097	MONDO:0014386	biolink:causes	0
0.7524636	HGNC:17097	MONDO:0014343	biolink:causes	0
0.9256458	HGNC:3584	MONDO:0014343	biolink:causes	0
0.9719729	HGNC:3604	MONDO:0008862	biolink:causes	0
0.98188746	HGNC:3604	MONDO:0014034	biolink:causes	0
0.9232538	HGNC:3604	MONDO:0011528	biolink:causes	0
0.89234436	HGNC:3663	MONDO:0010281	biolink:causes	0
0.8971377	HGNC:3663	MONDO:0012514	biolink:causes	0
0.7519742	HGNC:3680	MONDO:0010606	biolink:gene_associated_with_condition	0
0.7491687	HGNC:3689	MONDO:0859188	biolink:gene_associated_with_condition	0
0.9617377	HGNC:3689	MONDO:0013364	biolink:causes	0
0.61320645	HGNC:3689	MONDO:0015041	biolink:gene_associated_with_condition	0
0.834774	HGNC:3689	MONDO:0975757	biolink:gene_associated_with_condition	0
0.35423985	HGNC:3689	MONDO:0010767	biolink:gene_associated_with_condition	0
0.8979833	HGNC:3689	MONDO:0013050	biolink:gene_associated_with_condition	0
0.8741257	HGNC:3689	MONDO:0014267	biolink:causes	0
0.8262451	HGNC:3689	MONDO:0014976	biolink:gene_associated_with_condition	0
0.96082747	HGNC:3689	MONDO:0800452	biolink:causes	0
0.13091199	HGNC:18416	MONDO:0044638	biolink:causes	0
0.7073678	HGNC:19124	MONDO:0008377	biolink:gene_associated_with_condition	0
0.92476225	HGNC:18625	MONDO:0016606	biolink:causes	0
0.8624603	HGNC:18625	MONDO:0008377	biolink:causes	0
0.94734114	HGNC:17997	MONDO:0009274	biolink:gene_associated_with_condition	0
0.06940121	HGNC:3749	MONDO:0054723	biolink:gene_associated_with_condition	0
0.9286598	HGNC:3755	MONDO:0013352	biolink:causes	0
0.90947634	HGNC:3755	MONDO:0014480	biolink:gene_associated_with_condition	0
0.8857148	HGNC:3755	MONDO:0018598	biolink:causes	0
0.9399364	HGNC:3755	MONDO:0014117	biolink:gene_associated_with_condition	0
0.36620727	HGNC:3765	MONDO:0013862	biolink:gene_associated_with_condition	0
0.21347286	HGNC:3765	MONDO:0012368	biolink:gene_associated_with_condition	0
0.50038123	HGNC:3801	MONDO:0013587	biolink:gene_associated_with_condition	0
0.6649517	HGNC:3811	MONDO:0010046	biolink:gene_associated_with_condition	0
0.5262323	HGNC:3811	MONDO:0009490	biolink:gene_associated_with_condition	0
0.9207701	HGNC:1162	MONDO:0008546	biolink:causes	0
0.83978456	HGNC:1162	MONDO:0014222	biolink:causes	0
0.85401434	HGNC:1162	MONDO:0008179	biolink:causes	0
0.8127656	HGNC:1362	MONDO:0030927	biolink:gene_associated_with_condition	0
0.75970155	HGNC:1362	MONDO:0032899	biolink:gene_associated_with_condition	0
0.5653757	HGNC:3960	MONDO:0957820	biolink:causes	0
0.44845006	HGNC:3960	MONDO:0009965	biolink:causes	0
0.5217599	HGNC:21675	MONDO:0010523	biolink:causes	0
0.57490337	HGNC:3951	MONDO:0014343	biolink:causes	0
0.919158	HGNC:24861	MONDO:0014887	biolink:causes	0
0.8237801	HGNC:24861	MONDO:0030366	biolink:causes	0
0.22395094	HGNC:4172	MONDO:0012925	biolink:causes	0
0.37313056	HGNC:4172	MONDO:0013821	biolink:causes	0
0.745504	HGNC:4189	MONDO:0009091	biolink:gene_associated_with_condition	0
0.9550638	HGNC:4193	MONDO:0020745	biolink:gene_associated_with_condition	0
0.352638	HGNC:4193	MONDO:0008693	biolink:causes	0
0.7426915	HGNC:4193	MONDO:0009266	biolink:causes	0
0.39996246	HGNC:4193	MONDO:0011091	biolink:gene_associated_with_condition	0
0.18637516	HGNC:4193	MONDO:0012883	biolink:causes	0
0.57998353	HGNC:4208	MONDO:0013083	biolink:causes	0
0.09578025	HGNC:4208	MONDO:0032891	biolink:causes	0
0.96484095	HGNC:4220	MONDO:0012019	biolink:causes	0
0.9590818	HGNC:4220	MONDO:0011010	biolink:causes	0
0.9324638	HGNC:4220	MONDO:0012089	biolink:gene_associated_with_condition	0
0.9475565	HGNC:4220	MONDO:0030457	biolink:gene_associated_with_condition	0
0.9392815	HGNC:4220	MONDO:0009677	biolink:gene_associated_with_condition	0
0.5892419	HGNC:4241	MONDO:0009161	biolink:gene_associated_with_condition	0
0.57339233	HGNC:4241	MONDO:0016356	biolink:gene_associated_with_condition	0
0.9379679	HGNC:4298	MONDO:0007922	biolink:gene_associated_with_condition	0
0.95209414	HGNC:4298	MONDO:0044306	biolink:causes	0
0.72503406	HGNC:4331	MONDO:0017403	biolink:causes	0
0.7329991	HGNC:4392	MONDO:0010246	biolink:gene_associated_with_condition	0
0.8833357	HGNC:4392	MONDO:0011473	biolink:causes	0
0.6544766	HGNC:4392	MONDO:0012165	biolink:causes	0
0.7230752	HGNC:4392	MONDO:0032933	biolink:gene_associated_with_condition	0
0.57251596	HGNC:4392	MONDO:0009925	biolink:gene_associated_with_condition	0
0.81024617	HGNC:4392	MONDO:0011464	biolink:gene_associated_with_condition	0
0.85913825	HGNC:4454	MONDO:0014830	biolink:gene_associated_with_condition	0
0.4207606	HGNC:4454	MONDO:0957584	biolink:gene_associated_with_condition	0
0.72219014	HGNC:4556	MONDO:0014968	biolink:causes	0
0.6366878	HGNC:25839	MONDO:0009079	biolink:gene_associated_with_condition	0
0.15419029	HGNC:25839	MONDO:0026777	biolink:gene_associated_with_condition	0
0.16585673	HGNC:25839	MONDO:0013743	biolink:gene_associated_with_condition	0
0.34555665	HGNC:4572	MONDO:0009495	biolink:causes	0
0.46977443	HGNC:4572	MONDO:0010947	biolink:causes	0
0.37090573	HGNC:4688	MONDO:0015783	biolink:causes	0
0.63249546	HGNC:4688	MONDO:0032835	biolink:causes	0
0.015639825	HGNC:4707	MONDO:0007589	biolink:causes	0
0.082629256	HGNC:4707	MONDO:0013178	biolink:gene_associated_with_condition	0
0.06940728	HGNC:4707	MONDO:0054802	biolink:gene_associated_with_condition	0
0.9309425	HGNC:4787	MONDO:0009965	biolink:causes	0
0.5376486	HGNC:4785	MONDO:0014321	biolink:causes	0
0.97782564	HGNC:4713	MONDO:0014203	biolink:causes	0
0.59551436	HGNC:4801	MONDO:0031084	biolink:gene_associated_with_condition	0
0.7182183	HGNC:4801	MONDO:0017715	biolink:gene_associated_with_condition	0
0.7697063	HGNC:4801	MONDO:0019456	biolink:gene_associated_with_condition	0
0.739285	HGNC:4816	MONDO:0030055	biolink:causes	0
0.5658859	HGNC:18437	MONDO:0957812	biolink:causes	0
0.866176	HGNC:4824	MONDO:0014343	biolink:causes	0
0.670728	HGNC:4824	MONDO:0017939	biolink:gene_associated_with_condition	0
0.48023993	HGNC:4832	MONDO:0018611	biolink:gene_associated_with_condition	0
0.41547093	HGNC:4832	MONDO:0011430	biolink:gene_associated_with_condition	0
0.6865587	HGNC:4868	MONDO:0008818	biolink:causes	0
0.16546904	HGNC:4868	MONDO:0013198	biolink:causes	0
0.8654246	HGNC:4868	MONDO:0014358	biolink:causes	0
0.7974567	HGNC:4868	MONDO:0013236	biolink:causes	0
0.31855756	HGNC:4868	MONDO:0013181	biolink:causes	0
0.87057227	HGNC:4886	MONDO:0013756	biolink:gene_associated_with_condition	0
0.9684359	HGNC:26527	MONDO:0013962	biolink:causes	0
0.9200553	HGNC:26527	MONDO:0859340	biolink:causes	0
0.9513977	HGNC:26527	MONDO:0012190	biolink:causes	0
0.6305788	HGNC:4887	MONDO:0010286	biolink:gene_associated_with_condition	0
0.9060143	HGNC:4887	MONDO:0016606	biolink:gene_associated_with_condition	0
0.7671137	HGNC:4887	MONDO:0013551	biolink:gene_associated_with_condition	0
0.6815358	HGNC:4887	MONDO:0008377	biolink:gene_associated_with_condition	0
0.7329441	HGNC:4887	MONDO:0008637	biolink:gene_associated_with_condition	0
0.22278488	HGNC:4932	MONDO:0019569	biolink:gene_associated_with_condition	0
0.7295709	HGNC:5009	MONDO:0010501	biolink:gene_associated_with_condition	0
0.55636865	HGNC:5004	MONDO:0100219	biolink:causes	0
0.5874949	HGNC:5006	MONDO:0008542	biolink:causes	0
0.42831928	HGNC:5006	MONDO:0019758	biolink:causes	0
0.7850456	HGNC:5006	MONDO:0008377	biolink:causes	0
0.6420124	HGNC:5031	MONDO:0007794	biolink:causes	0
0.25721362	HGNC:5044	MONDO:0015557	biolink:gene_associated_with_condition	0
0.23011175	HGNC:5173	MONDO:0009804	biolink:causes	0
0.27091712	HGNC:5173	MONDO:0013992	biolink:gene_associated_with_condition	0
0.60773444	HGNC:5173	MONDO:0014180	biolink:causes	0
0.07859461	HGNC:5173	MONDO:0023662	biolink:causes	0
0.4131461	HGNC:5213	MONDO:0011484	biolink:gene_associated_with_condition	0
0.6683911	HGNC:5213	MONDO:0020730	biolink:gene_associated_with_condition	0
0.1567837	HGNC:5246	MONDO:0007677	biolink:causes	0
0.6347042	HGNC:30171	MONDO:0015007	biolink:causes	0
0.7359744	HGNC:30171	MONDO:0018611	biolink:causes	0
0.47873798	HGNC:30171	MONDO:0013391	biolink:causes	0
0.6127162	HGNC:29685	MONDO:0970994	biolink:causes	0
0.5897187	HGNC:29685	MONDO:0009677	biolink:causes	0
0.8238345	HGNC:5382	MONDO:0013962	biolink:gene_associated_with_condition	0
0.9023217	HGNC:5382	MONDO:0012173	biolink:gene_associated_with_condition	0
0.9872171	HGNC:5382	MONDO:0014343	biolink:gene_associated_with_condition	0
0.9232953	HGNC:5391	MONDO:0007794	biolink:causes	0
0.9106447	HGNC:18873	MONDO:0008818	biolink:causes	0
0.69896513	HGNC:18873	MONDO:0800341	biolink:causes	0
0.86959374	HGNC:21424	MONDO:0013795	biolink:causes	0
0.1702863	HGNC:5476	MONDO:0968976	biolink:gene_associated_with_condition	0
0.77528787	HGNC:5476	MONDO:0859374	biolink:gene_associated_with_condition	0
0.99306536	HGNC:5956	MONDO:0010310	biolink:causes	0
0.2527893	HGNC:5960	MONDO:0007412	biolink:causes	0
0.4340006	HGNC:5960	MONDO:0012982	biolink:gene_associated_with_condition	0
0.71310043	HGNC:5961	MONDO:0100218	biolink:causes	0
0.7547951	HGNC:5961	MONDO:0014020	biolink:causes	0
0.38703814	HGNC:5961	MONDO:0009406	biolink:causes	0
0.12825356	HGNC:6024	MONDO:0010227	biolink:causes	0
0.4744419	HGNC:6024	MONDO:0014753	biolink:causes	0
0.9445065	HGNC:17870	MONDO:0020855	biolink:causes	0
0.31852236	HGNC:6120	MONDO:0032677	biolink:gene_associated_with_condition	0
0.8976878	HGNC:5358	MONDO:0008542	biolink:causes	0
0.79835963	HGNC:5358	MONDO:0016682	biolink:causes	0
0.953835	HGNC:28660	MONDO:0017052	biolink:gene_associated_with_condition	0
0.5768989	HGNC:6174	MONDO:0012925	biolink:gene_associated_with_condition	0
0.02323939	HGNC:6174	MONDO:0017389	biolink:gene_associated_with_condition	0
0.9314498	HGNC:6180	MONDO:0014261	biolink:gene_associated_with_condition	0
0.5654535	HGNC:6182	MONDO:0008542	biolink:causes	0
0.33434436	HGNC:6182	MONDO:0033006	biolink:causes	0
0.067666605	HGNC:16951	MONDO:0014131	biolink:causes	0
0.30485412	HGNC:16951	MONDO:0015278	biolink:causes	0
0.9053275	HGNC:6188	MONDO:0030931	biolink:gene_associated_with_condition	0
0.6923681	HGNC:6192	MONDO:0011937	biolink:causes	0
0.26768386	HGNC:6192	MONDO:0030060	biolink:gene_associated_with_condition	0
0.36766437	HGNC:6192	MONDO:0014948	biolink:causes	0
0.6403705	HGNC:6207	MONDO:0008818	biolink:gene_associated_with_condition	0
0.6135548	HGNC:6207	MONDO:0009461	biolink:causes	0
0.46996593	HGNC:6207	MONDO:0012786	biolink:gene_associated_with_condition	0
0.61195874	HGNC:6207	MONDO:0011085	biolink:gene_associated_with_condition	0
0.32083544	HGNC:6207	MONDO:0010217	biolink:causes	0
0.27579162	HGNC:6207	MONDO:0011136	biolink:gene_associated_with_condition	0
0.16506627	HGNC:6207	MONDO:0020611	biolink:gene_associated_with_condition	0
0.4968037	HGNC:6215	MONDO:0014425	biolink:causes	0
0.72140807	HGNC:6263	MONDO:0032712	biolink:gene_associated_with_condition	0
0.80837977	HGNC:6257	MONDO:0032906	biolink:causes	0
0.7826038	HGNC:6257	MONDO:0026733	biolink:causes	0
0.94489515	HGNC:6284	MONDO:0007589	biolink:causes	0
0.96287984	HGNC:6284	MONDO:0011070	biolink:causes	0
0.7560837	HGNC:6284	MONDO:0012041	biolink:causes	0
0.9429071	HGNC:6284	MONDO:0007922	biolink:causes	0
0.8666501	HGNC:6284	MONDO:0014131	biolink:gene_associated_with_condition	0
0.9357098	HGNC:6305	MONDO:0013178	biolink:causes	0
0.25730392	HGNC:888	MONDO:0009714	biolink:causes	0
0.80937266	HGNC:888	MONDO:0013058	biolink:causes	0
0.6979216	HGNC:888	MONDO:0008885	biolink:causes	0
0.46319953	HGNC:888	MONDO:0032636	biolink:causes	0
0.8987242	HGNC:6391	MONDO:0012531	biolink:gene_associated_with_condition	0
0.94789284	HGNC:6391	MONDO:0016002	biolink:gene_associated_with_condition	0
0.804352	HGNC:6391	MONDO:0009505	biolink:gene_associated_with_condition	0
0.41034424	HGNC:6412	MONDO:0004951	biolink:gene_associated_with_condition	0
0.63168555	HGNC:6416	MONDO:0036212	biolink:causes	0
0.6986549	HGNC:6416	MONDO:0008964	biolink:gene_associated_with_condition	0
0.24791405	HGNC:6463	MONDO:0007862	biolink:causes	0
0.91213703	HGNC:6481	MONDO:0015096	biolink:causes	0
0.8715588	HGNC:6481	MONDO:0011066	biolink:causes	0
0.7348756	HGNC:6481	MONDO:0035823	biolink:gene_associated_with_condition	0
0.9437457	HGNC:6481	MONDO:0859335	biolink:gene_associated_with_condition	0
0.8643539	HGNC:6487	MONDO:0013083	biolink:gene_associated_with_condition	0
0.8497847	HGNC:6487	MONDO:0014981	biolink:gene_associated_with_condition	0
0.3571407	HGNC:6541	MONDO:0009279	biolink:gene_associated_with_condition	0
0.28226206	HGNC:6541	MONDO:0859295	biolink:gene_associated_with_condition	0
0.18099849	HGNC:6541	MONDO:0007137	biolink:gene_associated_with_condition	0
0.3350087	HGNC:6541	MONDO:0007922	biolink:gene_associated_with_condition	0
0.7490224	HGNC:6541	MONDO:0014343	biolink:gene_associated_with_condition	0
0.8965048	HGNC:13243	MONDO:0008542	biolink:gene_associated_with_condition	0
0.90825593	HGNC:13243	MONDO:0030927	biolink:causes	0
0.96029556	HGNC:13243	MONDO:0009052	biolink:causes	0
0.4617456	HGNC:6633	MONDO:0008048	biolink:causes	0
0.95787734	HGNC:6696	MONDO:0032571	biolink:causes	0
0.9334402	HGNC:6696	MONDO:0011417	biolink:causes	0
0.96931195	HGNC:6696	MONDO:0032824	biolink:causes	0
0.95488095	HGNC:6696	MONDO:0013777	biolink:causes	0
0.95625484	HGNC:6696	MONDO:0859253	biolink:causes	0
0.4059901	HGNC:16353	MONDO:0032673	biolink:gene_associated_with_condition	0
0.88805974	HGNC:6831	MONDO:0014327	biolink:gene_associated_with_condition	0
0.9852018	HGNC:6831	MONDO:0014343	biolink:gene_associated_with_condition	0
0.83688784	HGNC:485	MONDO:0008097	biolink:causes	0
0.26119113	HGNC:493	MONDO:0010794	biolink:causes	0
0.5502227	HGNC:21732	MONDO:0010171	biolink:causes	0
0.6612376	HGNC:1361	MONDO:0012693	biolink:causes	0
0.40743497	HGNC:1361	MONDO:0009520	biolink:causes	0
0.3044065	HGNC:18971	MONDO:0054771	biolink:contributes_to	0
0.1830137	HGNC:613	MONDO:0018336	biolink:contributes_to	0
0.14307179	HGNC:613	MONDO:0032787	biolink:contributes_to	0
0.2361028	HGNC:613	MONDO:0100218	biolink:contributes_to	0
0.74842405	HGNC:613	MONDO:0009113	biolink:contributes_to	0
0.29801503	HGNC:613	MONDO:0012221	biolink:causes	0
0.074435845	HGNC:613	MONDO:0011672	biolink:contributes_to	0
0.32152912	HGNC:613	MONDO:0030456	biolink:causes	0
0.5873173	HGNC:644	MONDO:0008407	biolink:gene_associated_with_condition	0
0.799911	HGNC:644	MONDO:0600030	biolink:gene_associated_with_condition	0
0.3844979	HGNC:694	MONDO:0012041	biolink:causes	0
0.40264365	HGNC:694	MONDO:0007944	biolink:causes	0
0.1278969	HGNC:710	MONDO:0019456	biolink:causes	0
0.21752366	HGNC:29561	MONDO:0011713	biolink:causes	0
0.3280835	HGNC:29561	MONDO:0013711	biolink:causes	0
0.84066236	HGNC:735	MONDO:0958176	biolink:gene_associated_with_condition	0
0.9686502	HGNC:19088	MONDO:0060752	biolink:causes	0
0.8047849	HGNC:19088	MONDO:0009737	biolink:causes	0
0.7143763	HGNC:19088	MONDO:0013927	biolink:causes	0
0.9067542	HGNC:757	MONDO:0010278	biolink:gene_associated_with_condition	0
0.6522426	HGNC:757	MONDO:0011165	biolink:gene_associated_with_condition	0
0.4953835	HGNC:757	MONDO:0012039	biolink:gene_associated_with_condition	0
0.83433264	HGNC:757	MONDO:0007381	biolink:causes	0
0.9185395	HGNC:757	MONDO:0008377	biolink:gene_associated_with_condition	0
0.77377844	HGNC:757	MONDO:0033543	biolink:causes	0
0.30844557	HGNC:589	MONDO:0054780	biolink:causes	0
0.21220249	HGNC:589	MONDO:0033556	biolink:causes	0
0.94436467	HGNC:11231	MONDO:0020745	biolink:causes	0
0.6405517	HGNC:11231	MONDO:0009490	biolink:causes	0
0.52325374	HGNC:799	MONDO:0007922	biolink:causes	0
0.54180896	HGNC:799	MONDO:0044723	biolink:causes	0
0.081588835	HGNC:29536	MONDO:0009804	biolink:causes	0
0.047577694	HGNC:29536	MONDO:0013235	biolink:causes	0
0.21464728	HGNC:29536	MONDO:0008817	biolink:causes	0
0.70324814	HGNC:29536	MONDO:0030440	biolink:causes	0
0.47268456	HGNC:29536	MONDO:0859187	biolink:gene_associated_with_condition	0
0.17271222	HGNC:6893	MONDO:0008854	biolink:causes	0
0.15032536	HGNC:6893	MONDO:0008399	biolink:causes	0
0.010907733	HGNC:6893	MONDO:0011932	biolink:gene_associated_with_condition	0
0.8016233	HGNC:6893	MONDO:0008377	biolink:gene_associated_with_condition	0
0.53423184	HGNC:6893	MONDO:0011830	biolink:gene_associated_with_condition	0
0.5407625	HGNC:15456	MONDO:0014487	biolink:causes	0
0.4211408	HGNC:6944	MONDO:0030054	biolink:causes	0
0.3565821	HGNC:6944	MONDO:0019767	biolink:causes	0
0.55997306	HGNC:6944	MONDO:0010850	biolink:causes	0
0.11976217	HGNC:6944	MONDO:0010870	biolink:causes	0
0.77586985	HGNC:6990	MONDO:0009609	biolink:gene_associated_with_condition	0
0.93487424	HGNC:6990	MONDO:0014343	biolink:gene_associated_with_condition	0
0.8500023	HGNC:6990	MONDO:0032653	biolink:gene_associated_with_condition	0
0.66333807	HGNC:14575	MONDO:0007561	biolink:gene_associated_with_condition	0
0.78302777	HGNC:14575	MONDO:0958353	biolink:gene_associated_with_condition	0
0.85743207	HGNC:14575	MONDO:0014343	biolink:gene_associated_with_condition	0
0.6444657	HGNC:14575	MONDO:0971014	biolink:gene_associated_with_condition	0
0.44240403	HGNC:28613	MONDO:0009419	biolink:causes	0
0.5988213	HGNC:7010	MONDO:0030987	biolink:gene_associated_with_condition	0
0.6425133	HGNC:7010	MONDO:0014996	biolink:gene_associated_with_condition	0
0.915843	HGNC:13520	MONDO:0014392	biolink:causes	0
0.9631708	HGNC:18121	MONDO:0007376	biolink:causes	0
0.9481969	HGNC:7060	MONDO:0030060	biolink:gene_associated_with_condition	0
0.97876555	HGNC:7060	MONDO:0008751	biolink:gene_associated_with_condition	0
0.96297795	HGNC:7060	MONDO:0014771	biolink:causes	0
0.9829554	HGNC:7060	MONDO:0017218	biolink:causes	0
0.23337458	HGNC:33914	MONDO:0013640	biolink:causes	0
0.96292925	HGNC:31555	MONDO:0013350	biolink:causes	0
0.7551084	HGNC:7108	MONDO:0033566	biolink:causes	0
0.79671156	HGNC:12744	MONDO:0012786	biolink:causes	0
0.9147785	HGNC:7176	MONDO:0958279	biolink:causes	0
0.8682024	HGNC:7176	MONDO:0013896	biolink:causes	0
0.7559269	HGNC:7176	MONDO:0008377	biolink:causes	0
0.8674653	HGNC:7176	MONDO:0013925	biolink:causes	0
0.71140426	HGNC:14049	MONDO:0008542	biolink:causes	0
0.23174798	HGNC:14049	MONDO:0008222	biolink:causes	0
0.46665168	HGNC:14049	MONDO:0009266	biolink:causes	0
0.35669234	HGNC:14334	MONDO:0012594	biolink:gene_associated_with_condition	0
0.7385126	HGNC:7488	MONDO:0014343	biolink:causes	0
0.7053187	HGNC:7437	MONDO:0014646	biolink:gene_associated_with_condition	0
0.3185598	HGNC:7437	MONDO:0035472	biolink:causes	0
0.29592544	HGNC:7473	MONDO:0975795	biolink:gene_associated_with_condition	0
0.7617305	HGNC:7473	MONDO:0014747	biolink:gene_associated_with_condition	0
0.2783257	HGNC:7473	MONDO:0100083	biolink:gene_associated_with_condition	0
0.7711435	HGNC:7572	MONDO:0033668	biolink:gene_associated_with_condition	0
0.8889889	HGNC:7577	MONDO:0007716	biolink:gene_associated_with_condition	0
0.8179456	HGNC:7577	MONDO:0010645	biolink:causes	0
0.14097631	HGNC:23212	MONDO:0009617	biolink:causes	0
0.34469435	HGNC:23212	MONDO:0014868	biolink:gene_associated_with_condition	0
0.50371605	HGNC:7606	MONDO:0014981	biolink:causes	0
0.012909817	HGNC:7606	MONDO:0007454	biolink:causes	0
0.048078742	HGNC:7606	MONDO:0012883	biolink:causes	0
0.61443293	HGNC:7610	MONDO:0008542	biolink:causes	0
0.8969409	HGNC:19918	MONDO:0010503	biolink:causes	0
0.88067925	HGNC:19918	MONDO:0014545	biolink:causes	0
0.7775132	HGNC:20967	MONDO:0017111	biolink:gene_associated_with_condition	0
0.7330783	HGNC:20967	MONDO:0009262	biolink:gene_associated_with_condition	0
0.7112594	HGNC:20967	MONDO:0015783	biolink:gene_associated_with_condition	0
0.012402531	HGNC:7634	MONDO:0032781	biolink:gene_associated_with_condition	0
0.7579713	HGNC:7690	MONDO:0013634	biolink:causes	0
0.6450325	HGNC:7690	MONDO:0010404	biolink:causes	0
0.38139072	HGNC:7690	MONDO:0971176	biolink:causes	0
0.40568396	HGNC:7690	MONDO:0010870	biolink:causes	0
0.35026115	HGNC:9706	MONDO:0018092	biolink:gene_associated_with_condition	0
0.63050616	HGNC:9706	MONDO:0044617	biolink:gene_associated_with_condition	0
0.5655693	HGNC:7739	MONDO:0014717	biolink:gene_associated_with_condition	0
0.6005971	HGNC:7739	MONDO:0030910	biolink:gene_associated_with_condition	0
0.9171057	HGNC:29433	MONDO:0013111	biolink:causes	0
0.70713484	HGNC:28018	MONDO:0958176	biolink:causes	0
0.500077	HGNC:32940	MONDO:0010524	biolink:causes	0
0.5271364	HGNC:14374	MONDO:0032882	biolink:causes	0
0.69967526	HGNC:14374	MONDO:0019828	biolink:causes	0
0.86745083	HGNC:7882	MONDO:0012041	biolink:causes	0
0.7654535	HGNC:19104	MONDO:0009140	biolink:causes	0
0.6518188	HGNC:8001	MONDO:0957993	biolink:causes	0
0.6356216	HGNC:8005	MONDO:0015300	biolink:causes	0
0.5164072	HGNC:8005	MONDO:0800030	biolink:causes	0
0.7165964	HGNC:8005	MONDO:0012276	biolink:causes	0
0.2500573	HGNC:26208	MONDO:0010310	biolink:causes	0
0.2012406	HGNC:26208	MONDO:0011523	biolink:causes	0
0.5309188	HGNC:8091	MONDO:0032817	biolink:gene_associated_with_condition	0
0.54051614	HGNC:8091	MONDO:0014573	biolink:gene_associated_with_condition	0
0.8453952	HGNC:19316	MONDO:0011547	biolink:causes	0
0.8964341	HGNC:19316	MONDO:0013690	biolink:causes	0
0.90666837	HGNC:19316	MONDO:0016097	biolink:causes	0
0.9502572	HGNC:19316	MONDO:0013536	biolink:causes	0
0.78829086	HGNC:8547	MONDO:0014343	biolink:causes	0
0.31623474	HGNC:8548	MONDO:0013156	biolink:causes	0
0.6743331	HGNC:8548	MONDO:0016589	biolink:causes	0
0.80243814	HGNC:8548	MONDO:0100101	biolink:causes	0
0.0749628	HGNC:8574	MONDO:0011237	biolink:gene_associated_with_condition	0
0.047186214	HGNC:8574	MONDO:0016563	biolink:gene_associated_with_condition	0
0.4142998	HGNC:8574	MONDO:0018763	biolink:gene_associated_with_condition	0
0.6385276	HGNC:26144	MONDO:0007949	biolink:contributes_to	0
0.49422562	HGNC:26144	MONDO:0044255	biolink:contributes_to	0
0.8763705	HGNC:26144	MONDO:0014343	biolink:contributes_to	0
0.993697	HGNC:14615	MONDO:0009664	biolink:causes	0
0.07689982	HGNC:8609	MONDO:0019082	biolink:causes	0
0.18220018	HGNC:8609	MONDO:0007738	biolink:causes	0
0.66000974	HGNC:8620	MONDO:0017225	biolink:gene_associated_with_condition	0
0.78614485	HGNC:8620	MONDO:0975795	biolink:gene_associated_with_condition	0
0.5686882	HGNC:8620	MONDO:0800029	biolink:gene_associated_with_condition	0
0.2687916	HGNC:8654	MONDO:0013469	biolink:gene_associated_with_condition	0
0.0328906	HGNC:8654	MONDO:0016863	biolink:gene_associated_with_condition	0
0.54957134	HGNC:16068	MONDO:0018877	biolink:gene_associated_with_condition	0
0.6451735	HGNC:8778	MONDO:0012039	biolink:causes	0
0.907327	HGNC:8778	MONDO:0010183	biolink:causes	0
0.81859183	HGNC:8778	MONDO:0014627	biolink:causes	0
0.72288424	HGNC:8778	MONDO:0010870	biolink:causes	0
0.47146103	HGNC:8787	MONDO:0017833	biolink:causes	0
0.7872153	HGNC:8787	MONDO:0009050	biolink:causes	0
0.7294719	HGNC:8804	MONDO:0009079	biolink:causes	0
0.71720284	HGNC:8804	MONDO:0032822	biolink:causes	0
0.23886532	HGNC:6107	MONDO:0014550	biolink:causes	0
0.48228407	HGNC:8858	MONDO:0008818	biolink:causes	0
0.24157442	HGNC:8858	MONDO:0100180	biolink:causes	0
0.52549255	HGNC:9713	MONDO:0010135	biolink:gene_associated_with_condition	0
0.1769664	HGNC:8881	MONDO:0019644	biolink:causes	0
0.96834564	HGNC:25712	MONDO:0032937	biolink:gene_associated_with_condition	0
0.90074205	HGNC:9143	MONDO:0007340	biolink:gene_associated_with_condition	0
0.81923145	HGNC:9143	MONDO:0009998	biolink:gene_associated_with_condition	0
0.7110471	HGNC:9143	MONDO:0014900	biolink:gene_associated_with_condition	0
0.86326134	HGNC:14937	MONDO:0014490	biolink:causes	0
0.7924915	HGNC:8979	MONDO:0015679	biolink:causes	0
0.9131507	HGNC:9004	MONDO:0014622	biolink:gene_associated_with_condition	0
0.9175736	HGNC:9004	MONDO:0012943	biolink:causes	0
0.13101971	HGNC:20313	MONDO:0024551	biolink:causes	0
0.09380955	HGNC:9066	MONDO:0014057	biolink:gene_associated_with_condition	0
0.021387035	HGNC:9066	MONDO:0100289	biolink:gene_associated_with_condition	0
0.8529598	HGNC:9083	MONDO:0014612	biolink:causes	0
0.605271	HGNC:9107	MONDO:0012041	biolink:causes	0
0.9075457	HGNC:9115	MONDO:0859328	biolink:causes	0
0.4195738	HGNC:9119	MONDO:0017691	biolink:causes	0
0.6620246	HGNC:7892	MONDO:0014447	biolink:causes	0
0.75564057	HGNC:7892	MONDO:0009879	biolink:causes	0
0.8143127	HGNC:9180	MONDO:0018495	biolink:causes	0
0.46444	HGNC:30129	MONDO:0010446	biolink:causes	0
0.72353894	HGNC:9280	MONDO:0012734	biolink:causes	0
0.5818451	HGNC:9280	MONDO:0021019	biolink:causes	0
0.7316297	HGNC:9330	MONDO:0009359	biolink:gene_associated_with_condition	0
0.41632822	HGNC:9330	MONDO:0014853	biolink:gene_associated_with_condition	0
0.77309173	HGNC:14000	MONDO:0019855	biolink:causes	0
0.78062624	HGNC:9386	MONDO:0035819	biolink:gene_associated_with_condition	0
0.48651564	HGNC:9386	MONDO:0018821	biolink:causes	0
0.35031664	HGNC:9386	MONDO:0044255	biolink:causes	0
0.82171875	HGNC:9386	MONDO:0008377	biolink:gene_associated_with_condition	0
0.67611015	HGNC:9386	MONDO:0013245	biolink:causes	0
0.88060546	HGNC:9402	MONDO:0014343	biolink:causes	0
0.11148922	HGNC:9460	MONDO:0800026	biolink:gene_associated_with_condition	0
0.89872736	HGNC:9498	MONDO:0012943	biolink:gene_associated_with_condition	0
0.8327599	HGNC:24929	MONDO:0008542	biolink:causes	0
0.6077474	HGNC:21290	MONDO:0009061	biolink:causes	0
0.9012241	HGNC:9587	MONDO:0024550	biolink:causes	0
0.78885704	HGNC:9587	MONDO:0019150	biolink:causes	0
0.9551889	HGNC:9608	MONDO:0010000	biolink:causes	0
0.8930345	HGNC:9608	MONDO:0014302	biolink:causes	0
0.9370226	HGNC:9608	MONDO:0025708	biolink:gene_associated_with_condition	0
0.055808187	HGNC:9658	MONDO:0014947	biolink:gene_associated_with_condition	0
0.12890847	HGNC:9658	MONDO:0033482	biolink:gene_associated_with_condition	0
0.5998051	HGNC:869	MONDO:0013021	biolink:causes	0
0.287888	HGNC:897	MONDO:0014040	biolink:gene_associated_with_condition	0
0.8473373	HGNC:897	MONDO:0009885	biolink:gene_associated_with_condition	0
0.9844899	HGNC:17978	MONDO:0020769	biolink:gene_associated_with_condition	0
0.92120403	HGNC:17978	MONDO:0007794	biolink:gene_associated_with_condition	0
0.31324202	HGNC:939	MONDO:0009728	biolink:causes	0
0.84782577	HGNC:961	MONDO:0014343	biolink:gene_associated_with_condition	0
0.8095887	HGNC:970	MONDO:0032650	biolink:causes	0
0.7529521	HGNC:983	MONDO:0008377	biolink:gene_associated_with_condition	0
0.20391297	HGNC:3581	MONDO:0012412	biolink:contributes_to	0
0.26107293	HGNC:1101	MONDO:0014997	biolink:contributes_to	0
0.31426048	HGNC:1101	MONDO:0012980	biolink:gene_associated_with_condition	0
0.55841506	HGNC:26033	MONDO:0018277	biolink:causes	0
0.49288976	HGNC:9721	MONDO:0013842	biolink:causes	0
0.055021547	HGNC:25326	MONDO:0009306	biolink:causes	0
0.4874215	HGNC:9829	MONDO:0016316	biolink:causes	0
0.20262468	HGNC:9940	MONDO:0008872	biolink:gene_associated_with_condition	0
0.10087797	HGNC:9940	MONDO:0054750	biolink:gene_associated_with_condition	0
0.81944877	HGNC:17964	MONDO:0014343	biolink:causes	0
0.8562984	HGNC:25786	MONDO:0030037	biolink:causes	0
0.88568556	HGNC:25786	MONDO:0008764	biolink:causes	0
0.64867926	HGNC:9957	MONDO:0010250	biolink:causes	0
0.2585039	HGNC:9966	MONDO:0012514	biolink:contributes_to	0
0.8436077	HGNC:25964	MONDO:0014343	biolink:causes	0
0.72680306	HGNC:9986	MONDO:0015555	biolink:causes	0
0.36910027	HGNC:9986	MONDO:0031481	biolink:causes	0
0.52002084	HGNC:9986	MONDO:0016782	biolink:causes	0
0.6969679	HGNC:9986	MONDO:0014321	biolink:causes	0
0.24827763	HGNC:20788	MONDO:0020298	biolink:gene_associated_with_condition	0
0.19599253	HGNC:10019	MONDO:0007681	biolink:causes	0
0.4235252	HGNC:10019	MONDO:0014093	biolink:causes	0
0.53830075	HGNC:10023	MONDO:0009109	biolink:causes	0
0.60720634	HGNC:10023	MONDO:0012421	biolink:causes	0
0.96593195	HGNC:10031	MONDO:0009216	biolink:gene_associated_with_condition	0
0.95546865	HGNC:10031	MONDO:0010277	biolink:gene_associated_with_condition	0
0.1456557	HGNC:21158	MONDO:0014466	biolink:gene_associated_with_condition	0
0.24761568	HGNC:21158	MONDO:0011351	biolink:gene_associated_with_condition	0
0.57951033	HGNC:21158	MONDO:0012041	biolink:gene_associated_with_condition	0
0.5012633	HGNC:10258	MONDO:0007740	biolink:causes	0
0.41628662	HGNC:10327	MONDO:0013216	biolink:causes	0
0.45276144	HGNC:10381	MONDO:0012866	biolink:gene_associated_with_condition	0
0.3388833	HGNC:10451	MONDO:0008436	biolink:causes	0
0.6006648	HGNC:10451	MONDO:0012892	biolink:causes	0
0.3257525	HGNC:10451	MONDO:0032646	biolink:causes	0
0.6067713	HGNC:21057	MONDO:0012143	biolink:causes	0
0.15591662	HGNC:10484	MONDO:0007949	biolink:gene_associated_with_condition	0
0.94502056	HGNC:21637	MONDO:0958071	biolink:gene_associated_with_condition	0
0.3874213	HGNC:10542	MONDO:0007875	biolink:gene_associated_with_condition	0
0.96324027	HGNC:10597	MONDO:0859312	biolink:gene_associated_with_condition	0
0.9373882	HGNC:10597	MONDO:0010856	biolink:gene_associated_with_condition	0
0.89599633	HGNC:10597	MONDO:0032899	biolink:gene_associated_with_condition	0
0.6545461	HGNC:10719	MONDO:0013839	biolink:causes	0
0.2298794	HGNC:10736	MONDO:0008818	biolink:gene_associated_with_condition	0
0.024075733	HGNC:10736	MONDO:0019373	biolink:gene_associated_with_condition	0
0.026805537	HGNC:10736	MONDO:0859521	biolink:gene_associated_with_condition	0
0.4190677	HGNC:29187	MONDO:0008377	biolink:causes	0
0.8051073	HGNC:16088	MONDO:0011694	biolink:causes	0
0.62106204	HGNC:10809	MONDO:0007216	biolink:gene_associated_with_condition	0
0.94285846	HGNC:10809	MONDO:0014343	biolink:gene_associated_with_condition	0
0.93326616	HGNC:10809	MONDO:0014455	biolink:gene_associated_with_condition	0
0.39606196	HGNC:29605	MONDO:0011496	biolink:causes	0
0.5574291	HGNC:10852	MONDO:0019407	biolink:causes	0
0.85687095	HGNC:19353	MONDO:0032653	biolink:gene_associated_with_condition	0
0.8694561	HGNC:19353	MONDO:0010176	biolink:gene_associated_with_condition	0
0.9152738	HGNC:10889	MONDO:0007949	biolink:gene_associated_with_condition	0
0.73338276	HGNC:11079	MONDO:0011106	biolink:causes	0
0.84733695	HGNC:23088	MONDO:0009061	biolink:causes	0
0.96417356	HGNC:23088	MONDO:0014227	biolink:causes	0
0.9949567	HGNC:23088	MONDO:0800436	biolink:causes	0
0.7353137	HGNC:13818	MONDO:0013390	biolink:causes	0
0.49270383	HGNC:10922	MONDO:0014206	biolink:causes	0
0.3861814	HGNC:10922	MONDO:0029140	biolink:causes	0
0.8876405	HGNC:8818	MONDO:0017360	biolink:gene_associated_with_condition	0
0.77301145	HGNC:8818	MONDO:0032778	biolink:causes	0
0.9663865	HGNC:23096	MONDO:0014392	biolink:causes	0
0.90476274	HGNC:23096	MONDO:0009857	biolink:causes	0
0.59628046	HGNC:25355	MONDO:0012559	biolink:gene_associated_with_condition	0
0.7323307	HGNC:25355	MONDO:0009104	biolink:gene_associated_with_condition	0
0.8028771	HGNC:25355	MONDO:0014343	biolink:gene_associated_with_condition	0
0.73449147	HGNC:11018	MONDO:0013243	biolink:causes	0
0.47412422	HGNC:11020	MONDO:0018417	biolink:causes	0
0.3100318	HGNC:11020	MONDO:0010232	biolink:causes	0
0.41223425	HGNC:11020	MONDO:0012041	biolink:causes	0
0.1440951	HGNC:11020	MONDO:0034991	biolink:causes	0
0.67517024	HGNC:17129	MONDO:0014072	biolink:gene_associated_with_condition	0
0.8175605	HGNC:20858	MONDO:0060707	biolink:causes	0
0.8879185	HGNC:30225	MONDO:0014883	biolink:gene_associated_with_condition	0
0.6320163	HGNC:6768	MONDO:0013853	biolink:causes	0
0.9608375	HGNC:6770	MONDO:0008542	biolink:causes	0
0.68735	HGNC:6770	MONDO:0015096	biolink:causes	0
0.8524969	HGNC:6770	MONDO:0019921	biolink:causes	0
0.2831088	HGNC:6770	MONDO:0012085	biolink:causes	0
0.7242345	HGNC:6770	MONDO:0012520	biolink:causes	0
0.7293876	HGNC:6770	MONDO:0032871	biolink:gene_associated_with_condition	0
0.82636356	HGNC:6770	MONDO:0017218	biolink:causes	0
0.33862346	HGNC:44204	MONDO:0033556	biolink:causes	0
0.9664208	HGNC:20323	MONDO:0007380	biolink:causes	0
0.7986934	HGNC:20323	MONDO:0008377	biolink:causes	0
0.7729787	HGNC:1375	MONDO:0032592	biolink:causes	0
0.6949428	HGNC:1375	MONDO:0032869	biolink:causes	0
0.7038588	HGNC:11182	MONDO:0014686	biolink:gene_associated_with_condition	0
0.6313029	HGNC:11182	MONDO:0020748	biolink:gene_associated_with_condition	0
0.93110543	HGNC:1514	MONDO:0014386	biolink:causes	0
0.83278817	HGNC:1514	MONDO:0007572	biolink:contributes_to	0
0.7568785	HGNC:1514	MONDO:0010188	biolink:contributes_to	0
0.9281039	HGNC:1514	MONDO:0013929	biolink:contributes_to	0
0.070462815	HGNC:1514	MONDO:0016703	biolink:causes	0
0.95535105	HGNC:1514	MONDO:0032624	biolink:causes	0
0.8169297	HGNC:1539	MONDO:0008377	biolink:gene_associated_with_condition	0
0.3969667	HGNC:1539	MONDO:0030338	biolink:gene_associated_with_condition	0
0.22989587	HGNC:11161	MONDO:0011066	biolink:causes	0
0.92152846	HGNC:11187	MONDO:0020745	biolink:causes	0
0.8493134	HGNC:11187	MONDO:0015278	biolink:causes	0
0.8757216	HGNC:11187	MONDO:0014717	biolink:causes	0
0.90610427	HGNC:11195	MONDO:0008377	biolink:gene_associated_with_condition	0
0.6097867	HGNC:14530	MONDO:0020785	biolink:causes	0
0.44392127	HGNC:14530	MONDO:0049222	biolink:causes	0
0.25644383	HGNC:14530	MONDO:0700298	biolink:causes	0
0.8798687	HGNC:14530	MONDO:0007922	biolink:causes	0
0.036726408	HGNC:14530	MONDO:0016573	biolink:causes	0
0.42438278	HGNC:29022	MONDO:0014853	biolink:causes	0
0.9581379	HGNC:20249	MONDO:0013932	biolink:causes	0
0.91357297	HGNC:20249	MONDO:0017176	biolink:causes	0
0.25634405	HGNC:11280	MONDO:0018417	biolink:causes	0
0.3070605	HGNC:11280	MONDO:0018564	biolink:causes	0
0.50350136	HGNC:11303	MONDO:0007158	biolink:gene_associated_with_condition	0
0.54431236	HGNC:11364	MONDO:0009773	biolink:causes	0
0.35174745	HGNC:11367	MONDO:0010485	biolink:causes	0
0.8051987	HGNC:11367	MONDO:0054802	biolink:causes	0
0.40189368	HGNC:26239	MONDO:0009339	biolink:causes	0
0.64053905	HGNC:26239	MONDO:0031084	biolink:causes	0
0.39898923	HGNC:26239	MONDO:0013767	biolink:causes	0
0.16897672	HGNC:11427	MONDO:0013033	biolink:causes	0
0.10880899	HGNC:11427	MONDO:0013367	biolink:causes	0
0.36748698	HGNC:11427	MONDO:0020507	biolink:causes	0
0.53532785	HGNC:11449	MONDO:0007355	biolink:causes	0
0.85831124	HGNC:11480	MONDO:0016579	biolink:causes	0
0.21110399	HGNC:11490	MONDO:0012607	biolink:causes	0
0.52772194	HGNC:11490	MONDO:0014343	biolink:causes	0
0.28552485	HGNC:11530	MONDO:0008426	biolink:gene_associated_with_condition	0
0.6113927	HGNC:30740	MONDO:0018576	biolink:gene_associated_with_condition	0
0.8771094	HGNC:16133	MONDO:0032592	biolink:causes	0
0.9617893	HGNC:28261	MONDO:0015007	biolink:causes	0
0.8596534	HGNC:28261	MONDO:0008377	biolink:causes	0
0.19646887	HGNC:11598	MONDO:0013690	biolink:causes	0
0.40994474	HGNC:11598	MONDO:0007854	biolink:causes	0
0.63092685	HGNC:11598	MONDO:0032817	biolink:gene_associated_with_condition	0
0.6236236	HGNC:11598	MONDO:0017629	biolink:gene_associated_with_condition	0
0.28923485	HGNC:11633	MONDO:0010720	biolink:gene_associated_with_condition	0
0.4366418	HGNC:11633	MONDO:0015278	biolink:gene_associated_with_condition	0
0.36766282	HGNC:18884	MONDO:0014217	biolink:gene_associated_with_condition	0
0.65773827	HGNC:11714	MONDO:0009892	biolink:causes	0
0.4465212	HGNC:11714	MONDO:0014065	biolink:causes	0
0.4520258	HGNC:25941	MONDO:0007042	biolink:gene_associated_with_condition	0
0.44751444	HGNC:25941	MONDO:0017241	biolink:gene_associated_with_condition	0
0.16688247	HGNC:25941	MONDO:0011974	biolink:gene_associated_with_condition	0
0.24158266	HGNC:25941	MONDO:0013028	biolink:gene_associated_with_condition	0
0.9662367	HGNC:11743	MONDO:0008542	biolink:gene_associated_with_condition	0
0.71123314	HGNC:11743	MONDO:0010250	biolink:gene_associated_with_condition	0
0.40136874	HGNC:11762	MONDO:0008931	biolink:causes	0
0.4551366	HGNC:11762	MONDO:0700298	biolink:causes	0
0.8689415	HGNC:11762	MONDO:0011784	biolink:gene_associated_with_condition	0
0.4976145	HGNC:11762	MONDO:0013195	biolink:causes	0
0.5304144	HGNC:11768	MONDO:0010162	biolink:causes	0
0.97402126	HGNC:11773	MONDO:0009820	biolink:causes	0
0.94947124	HGNC:11773	MONDO:0012682	biolink:gene_associated_with_condition	0
0.8439685	HGNC:19073	MONDO:0016682	biolink:gene_associated_with_condition	0
0.6630469	HGNC:19073	MONDO:0019428	biolink:gene_associated_with_condition	0
0.9003968	HGNC:23656	MONDO:0014343	biolink:gene_associated_with_condition	0
0.6672508	HGNC:23656	MONDO:0017715	biolink:gene_associated_with_condition	0
0.50107217	HGNC:11828	MONDO:0025354	biolink:causes	0
0.50320065	HGNC:11828	MONDO:0016839	biolink:causes	0
0.09812921	HGNC:24552	MONDO:0009215	biolink:gene_associated_with_condition	0
0.51120037	HGNC:24552	MONDO:0030995	biolink:causes	0
0.06936873	HGNC:24552	MONDO:0013462	biolink:causes	0
0.683133	HGNC:11943	MONDO:0011417	biolink:causes	0
0.49009195	HGNC:11992	MONDO:0009928	biolink:gene_associated_with_condition	0
0.7167779	HGNC:11992	MONDO:0016539	biolink:causes	0
0.5723403	HGNC:3098	MONDO:0011285	biolink:causes	0
0.42424053	HGNC:3098	MONDO:0010631	biolink:causes	0
0.49367484	HGNC:3098	MONDO:0011184	biolink:causes	0
0.79598105	HGNC:12012	MONDO:0020745	biolink:causes	0
0.19904917	HGNC:12012	MONDO:0024535	biolink:causes	0
0.240594	HGNC:12012	MONDO:0012166	biolink:gene_associated_with_condition	0
0.31897512	HGNC:24259	MONDO:0014040	biolink:causes	0
0.75586927	HGNC:20456	MONDO:0030927	biolink:causes	0
0.5263203	HGNC:20456	MONDO:0011593	biolink:causes	0
0.24170157	HGNC:20456	MONDO:0013156	biolink:causes	0
0.9443064	HGNC:20456	MONDO:0014343	biolink:causes	0
0.82486993	HGNC:12266	MONDO:0009419	biolink:gene_associated_with_condition	0
0.71895146	HGNC:12266	MONDO:0013388	biolink:gene_associated_with_condition	0
0.72721016	HGNC:17341	MONDO:0015096	biolink:causes	0
0.8531596	HGNC:17341	MONDO:0032583	biolink:causes	0
0.68512905	HGNC:17341	MONDO:0032721	biolink:gene_associated_with_condition	0
0.6601114	HGNC:17341	MONDO:0012883	biolink:gene_associated_with_condition	0
0.9359579	HGNC:17341	MONDO:0014057	biolink:causes	0
0.8503509	HGNC:17341	MONDO:0024557	biolink:gene_associated_with_condition	0
0.8437885	HGNC:17341	MONDO:0044319	biolink:gene_associated_with_condition	0
0.82215726	HGNC:18083	MONDO:0014574	biolink:gene_associated_with_condition	0
0.86335754	HGNC:18083	MONDO:0009505	biolink:causes	0
0.74772096	HGNC:18083	MONDO:0013288	biolink:gene_associated_with_condition	0
0.8734281	HGNC:18083	MONDO:0008310	biolink:gene_associated_with_condition	0
0.83340555	HGNC:18083	MONDO:0014425	biolink:causes	0
0.8275839	HGNC:20087	MONDO:0012465	biolink:causes	0
0.9248276	HGNC:20087	MONDO:0014343	biolink:causes	0
0.7843119	HGNC:20772	MONDO:0011830	biolink:gene_associated_with_condition	0
0.8996579	HGNC:1160	MONDO:0030055	biolink:gene_associated_with_condition	0
0.14865984	HGNC:12499	MONDO:0012203	biolink:causes	0
0.66519743	HGNC:12499	MONDO:0054763	biolink:causes	0
0.43838796	HGNC:12499	MONDO:0100600	biolink:causes	0
0.3756759	HGNC:12511	MONDO:0009960	biolink:gene_associated_with_condition	0
0.6127141	HGNC:12511	MONDO:0014995	biolink:gene_associated_with_condition	0
0.16407466	HGNC:12511	MONDO:0012474	biolink:gene_associated_with_condition	0
0.9784761	HGNC:26941	MONDO:0030918	biolink:causes	0
0.8858007	HGNC:25640	MONDO:0009451	biolink:causes	0
0.6946831	HGNC:12565	MONDO:0012621	biolink:causes	0
0.3100746	HGNC:12565	MONDO:0033533	biolink:causes	0
0.5411672	HGNC:25792	MONDO:0018598	biolink:gene_associated_with_condition	0
0.8305041	HGNC:12601	MONDO:0007380	biolink:causes	0
0.55683196	HGNC:12601	MONDO:0020506	biolink:causes	0
0.7486532	HGNC:12601	MONDO:0014637	biolink:causes	0
0.35631534	HGNC:12632	MONDO:0009867	biolink:gene_associated_with_condition	0
0.79604185	HGNC:2464	MONDO:0054731	biolink:gene_associated_with_condition	0
0.9295205	HGNC:2464	MONDO:0009823	biolink:causes	0
0.4200122	HGNC:12668	MONDO:0010400	biolink:causes	0
0.32911655	HGNC:23663	MONDO:0009642	biolink:causes	0
0.5684784	HGNC:12713	MONDO:0014899	biolink:causes	0
0.3583672	HGNC:12713	MONDO:0015566	biolink:causes	0
0.7626484	HGNC:28385	MONDO:0017360	biolink:causes	0
0.8430325	HGNC:28984	MONDO:0100468	biolink:causes	0
0.35025582	HGNC:25072	MONDO:0013034	biolink:causes	0
0.043738354	HGNC:25072	MONDO:0014429	biolink:causes	0
0.09055842	HGNC:30914	MONDO:0009928	biolink:gene_associated_with_condition	0
0.08377528	HGNC:30914	MONDO:0008176	biolink:gene_associated_with_condition	0
0.20262176	HGNC:25928	MONDO:0100460	biolink:gene_associated_with_condition	0
0.9125178	HGNC:25928	MONDO:0014343	biolink:gene_associated_with_condition	0
0.7259012	HGNC:25928	MONDO:0032804	biolink:gene_associated_with_condition	0
0.42127264	HGNC:12762	MONDO:0021093	biolink:causes	0
0.77941227	HGNC:12762	MONDO:0054861	biolink:causes	0
0.19537939	HGNC:12762	MONDO:0012883	biolink:causes	0
0.8677598	HGNC:12774	MONDO:0008377	biolink:gene_associated_with_condition	0
0.9707026	HGNC:13829	MONDO:0007818	biolink:gene_associated_with_condition	0
0.9588401	HGNC:13829	MONDO:0010361	biolink:gene_associated_with_condition	0
0.9047966	HGNC:13829	MONDO:0013060	biolink:causes	0
0.10170997	HGNC:12828	MONDO:0010606	biolink:causes	0
0.44351345	HGNC:16262	MONDO:0009504	biolink:gene_associated_with_condition	0
0.20506261	HGNC:24877	MONDO:0971016	biolink:gene_associated_with_condition	0
0.6804109	HGNC:20761	MONDO:0008854	biolink:causes	0
0.8387113	HGNC:20761	MONDO:0958242	biolink:causes	0
0.85382634	HGNC:12877	MONDO:0010839	biolink:gene_associated_with_condition	0
0.7780803	HGNC:12877	MONDO:0015519	biolink:gene_associated_with_condition	0
0.8711858	HGNC:12877	MONDO:0008377	biolink:gene_associated_with_condition	0
0.07048272	HGNC:34519	MONDO:0009104	biolink:causes	0
0.42906773	HGNC:26993	MONDO:0044792	biolink:causes	0
0.8123057	HGNC:2500	MONDO:0018144	biolink:gene_associated_with_condition	0
0.9140713	HGNC:2500	MONDO:0100119	biolink:causes	0
0.045735903	HGNC:1591	MONDO:0029134	biolink:causes	0
0.28247845	HGNC:1591	MONDO:0014984	biolink:causes	0
0.7680724	HGNC:1606	MONDO:0009211	biolink:contributes_to	0
0.27034804	HGNC:1606	MONDO:0014290	biolink:contributes_to	0
0.3854035	HGNC:1633	MONDO:0011541	biolink:causes	0
0.6346592	HGNC:1698	MONDO:0011633	biolink:causes	0
0.16995391	HGNC:1718	MONDO:0044714	biolink:causes	0
0.19462822	HGNC:1723	MONDO:0007404	biolink:causes	0
0.9203643	HGNC:1786	MONDO:0031481	biolink:gene_associated_with_condition	0
0.7093249	HGNC:1786	MONDO:0020506	biolink:gene_associated_with_condition	0
0.9881544	HGNC:1786	MONDO:0032855	biolink:causes	0
0.35202926	HGNC:26684	MONDO:0030054	biolink:gene_associated_with_condition	0
0.29714534	HGNC:26684	MONDO:0007838	biolink:causes	0
0.2714188	HGNC:26684	MONDO:0013212	biolink:causes	0
0.27927697	HGNC:28506	MONDO:0013962	biolink:gene_associated_with_condition	0
0.2634301	HGNC:28506	MONDO:0976266	biolink:gene_associated_with_condition	0
0.5078276	HGNC:28506	MONDO:0016216	biolink:gene_associated_with_condition	0
0.49866194	HGNC:4888	MONDO:0014343	biolink:gene_associated_with_condition	0
0.114504814	HGNC:4888	MONDO:0957202	biolink:contributes_to	0
0.45538026	HGNC:1956	MONDO:0044701	biolink:causes	0
0.814102	HGNC:1965	MONDO:0032590	biolink:causes	0
0.58652794	HGNC:1965	MONDO:0008772	biolink:causes	0
0.3383798	HGNC:14214	MONDO:0009653	biolink:causes	0
0.55498004	HGNC:14214	MONDO:0011902	biolink:causes	0
0.70125	HGNC:2021	MONDO:0007400	biolink:causes	0
0.66768724	HGNC:2021	MONDO:0009728	biolink:causes	0
0.8822716	HGNC:2021	MONDO:0014343	biolink:causes	0
0.8423674	HGNC:2027	MONDO:0013553	biolink:gene_associated_with_condition	0
0.86503404	HGNC:2027	MONDO:0010465	biolink:gene_associated_with_condition	0
0.855755	HGNC:2027	MONDO:0032752	biolink:causes	0
0.6306277	HGNC:33939	MONDO:0014274	biolink:causes	0
0.12080868	HGNC:33939	MONDO:0014649	biolink:causes	0
0.690042	HGNC:103	MONDO:0008546	biolink:causes	0
0.62791175	HGNC:103	MONDO:0008485	biolink:causes	0
0.32102218	HGNC:7877	MONDO:0011285	biolink:causes	0
0.47877285	HGNC:8011	MONDO:0011713	biolink:gene_associated_with_condition	0
0.95811224	HGNC:2198	MONDO:0008542	biolink:gene_associated_with_condition	0
0.9472951	HGNC:2198	MONDO:0957993	biolink:causes	0
0.85793096	HGNC:2198	MONDO:0010510	biolink:gene_associated_with_condition	0
0.9702674	HGNC:2201	MONDO:0020727	biolink:causes	0
0.9590231	HGNC:2213	MONDO:0014343	biolink:causes	0
0.9624396	HGNC:2186	MONDO:0011351	biolink:causes	0
0.9552763	HGNC:2186	MONDO:0010339	biolink:gene_associated_with_condition	0
0.8952847	HGNC:2190	MONDO:0033365	biolink:causes	0
0.57576066	HGNC:18603	MONDO:0020507	biolink:gene_associated_with_condition	0
0.46288064	HGNC:25223	MONDO:0011239	biolink:contributes_to	0
0.5503913	HGNC:20233	MONDO:0100252	biolink:gene_associated_with_condition	0
0.5548297	HGNC:2342	MONDO:0971001	biolink:causes	0
0.48095712	HGNC:2348	MONDO:0011839	biolink:gene_associated_with_condition	0
0.6956279	HGNC:2348	MONDO:0009625	biolink:causes	0
0.72314	HGNC:2348	MONDO:0100217	biolink:gene_associated_with_condition	0
0.8147265	HGNC:2383	MONDO:0957787	biolink:causes	0
0.47252938	HGNC:2389	MONDO:0012096	biolink:gene_associated_with_condition	0
0.029204868	HGNC:2409	MONDO:0011025	biolink:gene_associated_with_condition	0
0.049013615	HGNC:2409	MONDO:0017238	biolink:gene_associated_with_condition	0
0.4837258	HGNC:2417	MONDO:0032604	biolink:gene_associated_with_condition	0
0.50076646	HGNC:2481	MONDO:0013794	biolink:causes	0
0.385831	HGNC:2516	MONDO:0014620	biolink:gene_associated_with_condition	0
0.40708047	HGNC:2528	MONDO:0016833	biolink:causes	0
0.40193242	HGNC:2528	MONDO:0008437	biolink:causes	0
0.59235847	HGNC:2570	MONDO:0013864	biolink:gene_associated_with_condition	0
0.76227653	HGNC:2590	MONDO:0018023	biolink:causes	0
0.3497382	HGNC:2714	MONDO:0013391	biolink:causes	0
0.94292396	HGNC:2919	MONDO:0060489	biolink:causes	0
0.90946317	HGNC:2928	MONDO:0009820	biolink:gene_associated_with_condition	0
0.9778821	HGNC:2928	MONDO:0020745	biolink:gene_associated_with_condition	0
0.8187264	HGNC:21493	MONDO:0014343	biolink:causes	0
0.4023636	HGNC:5228	MONDO:0958354	biolink:gene_associated_with_condition	0
0.33414173	HGNC:26532	MONDO:0013119	biolink:gene_associated_with_condition	0
0.13765812	HGNC:26532	MONDO:0011017	biolink:gene_associated_with_condition	0
0.73583895	HGNC:28662	MONDO:0012904	biolink:causes	0
0.362948	HGNC:3004	MONDO:0008393	biolink:causes	0
0.51552516	HGNC:24270	MONDO:0013587	biolink:causes	0
0.7632266	HGNC:24270	MONDO:0024552	biolink:causes	0
0.97207785	HGNC:28769	MONDO:0032604	biolink:causes	0
0.5895379	HGNC:3036	MONDO:0007363	biolink:gene_associated_with_condition	0
0.6160808	HGNC:17328	MONDO:0007158	biolink:causes	0
0.041232903	HGNC:20908	MONDO:0009215	biolink:causes	0
0.17046338	HGNC:20908	MONDO:0035651	biolink:causes	0
0.07109664	HGNC:20908	MONDO:0009232	biolink:causes	0
0.3998125	HGNC:3219	MONDO:0015635	biolink:causes	0
0.88780606	HGNC:3219	MONDO:0012434	biolink:causes	0
0.81933856	HGNC:3239	MONDO:0014343	biolink:causes	0
0.072651535	HGNC:24921	MONDO:0020721	biolink:causes	0
0.93087304	HGNC:28957	MONDO:0014343	biolink:gene_associated_with_condition	0
0.3626653	HGNC:3386	MONDO:0014290	biolink:causes	0
0.71463054	HGNC:3386	MONDO:0007338	biolink:causes	0
0.2333541	HGNC:3424	MONDO:0975757	biolink:causes	0
0.54871774	HGNC:3424	MONDO:0009360	biolink:causes	0
0.92421544	HGNC:3436	MONDO:0009646	biolink:gene_associated_with_condition	0
0.89892423	HGNC:3436	MONDO:0018229	biolink:gene_associated_with_condition	0
0.8331759	HGNC:3436	MONDO:0060556	biolink:gene_associated_with_condition	0
0.95379585	HGNC:19747	MONDO:0012123	biolink:gene_associated_with_condition	0
0.9628448	HGNC:19747	MONDO:0026733	biolink:gene_associated_with_condition	0
0.921757	HGNC:19747	MONDO:0032630	biolink:gene_associated_with_condition	0
0.30405116	MONDO:0000908	HGNC:7897	biolink:gene_associated_with_condition	0
0.39831826	MONDO:0000908	HGNC:10303	biolink:gene_associated_with_condition	0
0.3124571	MONDO:0004951	HGNC:23657	biolink:gene_associated_with_condition	0
0.40879658	MONDO:0004951	HGNC:2916	biolink:causes	0
0.41034424	MONDO:0004951	HGNC:6412	biolink:gene_associated_with_condition	0
0.9267387	MONDO:0004951	HGNC:3544	biolink:gene_associated_with_condition	0
0.15859242	MONDO:0004951	HGNC:29932	biolink:gene_associated_with_condition	0
0.24106082	MONDO:0006952	HGNC:18640	biolink:gene_associated_with_condition	0
0.9539981	MONDO:0007032	HGNC:37234	biolink:causes	0
0.77775514	MONDO:0007032	HGNC:6080	biolink:causes	0
0.6142342	MONDO:0007057	HGNC:11529	biolink:causes	0
0.660797	MONDO:0007137	HGNC:2468	biolink:causes	0
0.8113927	MONDO:0007137	HGNC:17116	biolink:causes	0
0.11445837	MONDO:0007137	HGNC:21497	biolink:causes	0
0.18099849	MONDO:0007137	HGNC:6541	biolink:gene_associated_with_condition	0
0.7679736	MONDO:0007137	HGNC:13601	biolink:gene_associated_with_condition	0
0.81434375	MONDO:0007157	HGNC:7132	biolink:gene_associated_with_condition	0
0.96310854	MONDO:0007157	HGNC:23216	biolink:causes	0
0.40471676	MONDO:0007157	HGNC:20439	biolink:gene_associated_with_condition	0
0.53590965	MONDO:0007205	HGNC:23734	biolink:causes	0
0.009907606	MONDO:0007221	HGNC:10998	biolink:gene_associated_with_condition	0
0.14401574	MONDO:0007221	HGNC:2760	biolink:causes	0
0.55735683	MONDO:0007349	HGNC:20773	biolink:causes	0
0.8390915	MONDO:0007361	HGNC:8101	biolink:causes	0
0.28861418	MONDO:0007361	HGNC:12261	biolink:causes	0
0.89221555	MONDO:0007377	HGNC:2001	biolink:causes	0
0.13350882	MONDO:0007377	HGNC:11998	biolink:gene_associated_with_condition	0
0.2682233	MONDO:0007381	HGNC:7708	biolink:causes	0
0.83433264	MONDO:0007381	HGNC:757	biolink:causes	0
0.028728783	MONDO:0007454	HGNC:13875	biolink:causes	0
0.007986438	MONDO:0007454	HGNC:8008	biolink:causes	0
0.012909817	MONDO:0007454	HGNC:7606	biolink:causes	0
0.94451386	MONDO:0007574	HGNC:1044	biolink:gene_associated_with_condition	0
0.8889889	MONDO:0007716	HGNC:7577	biolink:gene_associated_with_condition	0
0.7416052	MONDO:0007740	HGNC:27302	biolink:gene_associated_with_condition	0
0.9528189	MONDO:0007740	HGNC:9879	biolink:causes	0
0.7267406	MONDO:0007740	HGNC:1754	biolink:causes	0
0.52034956	MONDO:0007740	HGNC:3052	biolink:causes	0
0.9350033	MONDO:0007740	HGNC:3600	biolink:gene_associated_with_condition	0
0.5012633	MONDO:0007740	HGNC:10258	biolink:causes	0
0.11172612	MONDO:0007740	HGNC:20091	biolink:causes	0
0.7528817	MONDO:0007744	HGNC:17494	biolink:causes	0
0.43670404	MONDO:0007777	HGNC:4823	biolink:causes	0
0.40075192	MONDO:0007797	HGNC:10345	biolink:causes	0
0.82615364	MONDO:0007797	HGNC:11100	biolink:causes	0
0.76762336	MONDO:0007805	HGNC:10057	biolink:gene_associated_with_condition	0
0.40356117	MONDO:0007805	HGNC:11998	biolink:gene_associated_with_condition	0
0.8753536	MONDO:0007813	HGNC:13841	biolink:causes	0
0.7372542	MONDO:0007841	HGNC:12309	biolink:causes	0
0.39763892	MONDO:0007845	HGNC:1346	biolink:causes	0
0.9951428	MONDO:0007874	HGNC:11908	biolink:causes	0
0.57603407	MONDO:0007922	HGNC:6535	biolink:gene_associated_with_condition	0
0.98241043	MONDO:0007922	HGNC:13869	biolink:causes	0
0.8720103	MONDO:0007922	HGNC:7224	biolink:causes	0
0.97291607	MONDO:0007922	HGNC:1181	biolink:gene_associated_with_condition	0
0.9270969	MONDO:0007922	HGNC:17151	biolink:causes	0
0.87914	MONDO:0007922	HGNC:11027	biolink:causes	0
0.9062814	MONDO:0007922	HGNC:19750	biolink:causes	0
0.55310243	MONDO:0007922	HGNC:12729	biolink:causes	0
0.5877578	MONDO:0007922	HGNC:18018	biolink:causes	0
0.94957036	MONDO:0007922	HGNC:3600	biolink:gene_associated_with_condition	0
0.9949463	MONDO:0007922	HGNC:7631	biolink:gene_associated_with_condition	0
0.6915559	MONDO:0007922	HGNC:7662	biolink:causes	0
0.95989203	MONDO:0007922	HGNC:17652	biolink:causes	0
0.74175537	MONDO:0007922	HGNC:11065	biolink:causes	0
0.32532218	MONDO:0007922	HGNC:26038	biolink:gene_associated_with_condition	0
0.0811252	MONDO:0007922	HGNC:2410	biolink:gene_associated_with_condition	0
0.5222373	MONDO:0007922	HGNC:232	biolink:causes	0
0.9379679	MONDO:0007922	HGNC:4298	biolink:gene_associated_with_condition	0
0.9429071	MONDO:0007922	HGNC:6284	biolink:causes	0
0.3350087	MONDO:0007922	HGNC:6541	biolink:gene_associated_with_condition	0
0.52325374	MONDO:0007922	HGNC:799	biolink:causes	0
0.8798687	MONDO:0007922	HGNC:14530	biolink:causes	0
0.85936797	MONDO:0007922	HGNC:4173	biolink:gene_associated_with_condition	0
0.9674764	MONDO:0007922	HGNC:5389	biolink:gene_associated_with_condition	0
0.98506236	MONDO:0007922	HGNC:6716	biolink:causes	0
0.73217267	MONDO:0007922	HGNC:23805	biolink:gene_associated_with_condition	0
0.621957	MONDO:0007922	HGNC:10345	biolink:causes	0
0.4399447	MONDO:0007922	HGNC:19903	biolink:causes	0
0.47961006	MONDO:0007922	HGNC:29296	biolink:causes	0
0.9657239	MONDO:0007922	HGNC:14006	biolink:causes	0
0.9739576	MONDO:0007922	HGNC:12726	biolink:gene_associated_with_condition	0
0.74630857	MONDO:0007922	HGNC:2022	biolink:gene_associated_with_condition	0
0.9121963	MONDO:0007958	HGNC:11795	biolink:causes	0
0.6081111	MONDO:0008002	HGNC:10024	biolink:causes	0
0.8254729	MONDO:0008002	HGNC:12373	biolink:gene_associated_with_condition	0
0.15681264	MONDO:0008018	HGNC:3393	biolink:contributes_to	0
0.45329046	MONDO:0008018	HGNC:12651	biolink:causes	0
0.30483466	MONDO:0008134	HGNC:379	biolink:causes	0
0.1539362	MONDO:0008210	HGNC:16171	biolink:causes	0
0.23174798	MONDO:0008222	HGNC:14049	biolink:causes	0
0.14477913	MONDO:0008234	HGNC:9670	biolink:causes	0
0.27699366	MONDO:0008234	HGNC:47	biolink:causes	0
0.49348748	MONDO:0008234	HGNC:26383	biolink:causes	0
0.47023648	MONDO:0008246	HGNC:12630	biolink:causes	0
0.36917523	MONDO:0008274	HGNC:24007	biolink:gene_associated_with_condition	0
0.78847545	MONDO:0008278	HGNC:6091	biolink:causes	0
0.6262701	MONDO:0008278	HGNC:11776	biolink:gene_associated_with_condition	0
0.48243308	MONDO:0008306	HGNC:8582	biolink:gene_associated_with_condition	0
0.18746783	MONDO:0008306	HGNC:10345	biolink:causes	0
0.9536507	MONDO:0008310	HGNC:5466	biolink:gene_associated_with_condition	0
0.8734281	MONDO:0008310	HGNC:18083	biolink:gene_associated_with_condition	0
0.05562854	MONDO:0008310	HGNC:17340	biolink:causes	0
0.27165404	MONDO:0008310	HGNC:3260	biolink:gene_associated_with_condition	0
0.5225538	MONDO:0008399	HGNC:12927	biolink:causes	0
0.3486742	MONDO:0008399	HGNC:2594	biolink:gene_associated_with_condition	0
0.15032536	MONDO:0008399	HGNC:6893	biolink:causes	0
0.5873173	MONDO:0008407	HGNC:644	biolink:gene_associated_with_condition	0
0.43661273	MONDO:0008479	HGNC:7795	biolink:gene_associated_with_condition	0
0.38493714	MONDO:0008483	HGNC:11109	biolink:causes	0
0.5554576	MONDO:0008483	HGNC:42	biolink:causes	0
0.48150578	MONDO:0008559	HGNC:9046	biolink:gene_associated_with_condition	0
0.83539665	MONDO:0008559	HGNC:27337	biolink:causes	0
0.59034723	MONDO:0008559	HGNC:1020	biolink:gene_associated_with_condition	0
0.20436719	MONDO:0008747	HGNC:2771	biolink:gene_associated_with_condition	0
0.97876555	MONDO:0008751	HGNC:7060	biolink:gene_associated_with_condition	0
0.9736118	MONDO:0008795	HGNC:9086	biolink:gene_associated_with_condition	0
0.73173356	MONDO:0008799	HGNC:2183	biolink:causes	0
0.9563725	MONDO:0008887	HGNC:18340	biolink:causes	0
0.6986549	MONDO:0008964	HGNC:6416	biolink:gene_associated_with_condition	0
0.43804935	MONDO:0009008	HGNC:21022	biolink:gene_associated_with_condition	0
0.3601314	MONDO:0009008	HGNC:14255	biolink:gene_associated_with_condition	0
0.96029556	MONDO:0009052	HGNC:13243	biolink:causes	0
0.4647108	MONDO:0009052	HGNC:3816	biolink:causes	0
0.09684736	MONDO:0009064	HGNC:3259	biolink:gene_associated_with_condition	0
0.7323307	MONDO:0009104	HGNC:25355	biolink:gene_associated_with_condition	0
0.07048272	MONDO:0009104	HGNC:34519	biolink:causes	0
0.9710665	MONDO:0009140	HGNC:26219	biolink:gene_associated_with_condition	0
0.7654535	MONDO:0009140	HGNC:19104	biolink:causes	0
0.7047344	MONDO:0009140	HGNC:164	biolink:causes	0
0.8648464	MONDO:0009168	HGNC:19185	biolink:causes	0
0.33752227	MONDO:0009168	HGNC:1857	biolink:causes	0
0.11736728	MONDO:0009192	HGNC:14673	biolink:causes	0
0.33740073	MONDO:0009192	HGNC:12469	biolink:gene_associated_with_condition	0
0.9868666	MONDO:0009192	HGNC:2379	biolink:causes	0
0.96593195	MONDO:0009216	HGNC:10031	biolink:gene_associated_with_condition	0
0.07109664	MONDO:0009232	HGNC:20908	biolink:causes	0
0.030369649	MONDO:0009252	HGNC:20406	biolink:gene_associated_with_condition	0
0.116411485	MONDO:0009252	HGNC:2978	biolink:causes	0
0.32742223	MONDO:0009300	HGNC:9832	biolink:causes	0
0.8964798	MONDO:0009360	HGNC:17619	biolink:causes	0
0.54871774	MONDO:0009360	HGNC:3424	biolink:causes	0
0.51753896	MONDO:0009380	HGNC:3146	biolink:causes	0
0.5299507	MONDO:0009380	HGNC:10701	biolink:causes	0
0.6774762	MONDO:0009416	HGNC:9722	biolink:gene_associated_with_condition	0
0.44351345	MONDO:0009504	HGNC:16262	biolink:gene_associated_with_condition	0
0.70823985	MONDO:0009520	HGNC:23657	biolink:causes	0
0.40743497	MONDO:0009520	HGNC:1361	biolink:causes	0
0.6035992	MONDO:0009529	HGNC:14579	biolink:causes	0
0.9368667	MONDO:0009593	HGNC:11582	biolink:causes	0
0.77586985	MONDO:0009609	HGNC:6990	biolink:gene_associated_with_condition	0
0.45152488	MONDO:0009609	HGNC:6970	biolink:causes	0
0.14097631	MONDO:0009617	HGNC:23212	biolink:causes	0
0.90383625	MONDO:0009625	HGNC:9118	biolink:gene_associated_with_condition	0
0.6956279	MONDO:0009625	HGNC:2348	biolink:causes	0
0.52017593	MONDO:0009625	HGNC:23094	biolink:causes	0
0.38957143	MONDO:0009653	HGNC:23639	biolink:causes	0
0.50073504	MONDO:0009653	HGNC:17272	biolink:causes	0
0.3383798	MONDO:0009653	HGNC:14214	biolink:causes	0
0.6269554	MONDO:0009657	HGNC:3671	biolink:gene_associated_with_condition	0
0.17150371	MONDO:0009657	HGNC:24928	biolink:causes	0
0.35199854	MONDO:0009657	HGNC:1630	biolink:gene_associated_with_condition	0
0.8883567	MONDO:0009665	HGNC:3542	biolink:gene_associated_with_condition	0
0.9758739	MONDO:0009677	HGNC:15517	biolink:causes	0
0.9392815	MONDO:0009677	HGNC:4220	biolink:gene_associated_with_condition	0
0.5897187	MONDO:0009677	HGNC:29685	biolink:causes	0
0.8050626	MONDO:0009737	HGNC:649	biolink:causes	0
0.6479761	MONDO:0009737	HGNC:7516	biolink:gene_associated_with_condition	0
0.8047849	MONDO:0009737	HGNC:19088	biolink:causes	0
0.54431236	MONDO:0009773	HGNC:11364	biolink:causes	0
0.25205812	MONDO:0009773	HGNC:8592	biolink:causes	0
0.27898398	MONDO:0009825	HGNC:21066	biolink:causes	0
0.9732621	MONDO:0009841	HGNC:11603	biolink:gene_associated_with_condition	0
0.2656656	MONDO:0009841	HGNC:3259	biolink:gene_associated_with_condition	0
0.90476274	MONDO:0009857	HGNC:23096	biolink:causes	0
0.58778167	MONDO:0009877	HGNC:4180	biolink:gene_associated_with_condition	0
0.6104377	MONDO:0009877	HGNC:9922	biolink:causes	0
0.91131777	MONDO:0009885	HGNC:1044	biolink:causes	0
0.8473373	MONDO:0009885	HGNC:897	biolink:gene_associated_with_condition	0
0.51965255	MONDO:0009885	HGNC:15578	biolink:causes	0
0.1897883	MONDO:0009925	HGNC:3257	biolink:gene_associated_with_condition	0
0.57251596	MONDO:0009925	HGNC:4392	biolink:gene_associated_with_condition	0
0.78782046	MONDO:0009929	HGNC:4877	biolink:gene_associated_with_condition	0
0.60031325	MONDO:0009953	HGNC:25774	biolink:causes	0
0.19049722	MONDO:0009953	HGNC:2976	biolink:gene_associated_with_condition	0
0.44845006	MONDO:0009965	HGNC:3960	biolink:causes	0
0.9309425	MONDO:0009965	HGNC:4787	biolink:causes	0
0.662497	MONDO:0009965	HGNC:2799	biolink:causes	0
0.43071717	MONDO:0009965	HGNC:1100	biolink:contributes_to	0
0.48170117	MONDO:0010013	HGNC:573	biolink:gene_associated_with_condition	0
0.6649517	MONDO:0010046	HGNC:3811	biolink:gene_associated_with_condition	0
0.8308764	MONDO:0010086	HGNC:3702	biolink:causes	0
0.2750927	MONDO:0010086	HGNC:20917	biolink:causes	0
0.03974393	MONDO:0010086	HGNC:23302	biolink:causes	0
0.23031966	MONDO:0010122	HGNC:11535	biolink:causes	0
0.80472267	MONDO:0010122	HGNC:60	biolink:causes	0
0.90891653	MONDO:0010130	HGNC:25221	biolink:gene_associated_with_condition	0
0.85931206	MONDO:0010130	HGNC:8975	biolink:causes	0
0.5304144	MONDO:0010162	HGNC:11768	biolink:causes	0
0.12825356	MONDO:0010227	HGNC:6024	biolink:causes	0
0.11800964	MONDO:0010227	HGNC:9701	biolink:gene_associated_with_condition	0
0.16151647	MONDO:0010239	HGNC:10606	biolink:gene_associated_with_condition	0
0.34317875	MONDO:0010315	HGNC:4204	biolink:causes	0
0.9406084	MONDO:0010315	HGNC:7944	biolink:causes	0
0.47152442	MONDO:0010315	HGNC:9069	biolink:causes	0
0.8865992	MONDO:0010319	HGNC:30511	biolink:gene_associated_with_condition	0
0.09259531	MONDO:0010335	HGNC:5208	biolink:causes	0
0.9552763	MONDO:0010339	HGNC:2186	biolink:gene_associated_with_condition	0
0.76990664	MONDO:0010415	HGNC:26222	biolink:causes	0
0.9195981	MONDO:0010496	HGNC:560	biolink:gene_associated_with_condition	0
0.1632073	MONDO:0010496	HGNC:11522	biolink:gene_associated_with_condition	0
0.7519742	MONDO:0010606	HGNC:3680	biolink:gene_associated_with_condition	0
0.10170997	MONDO:0010606	HGNC:12828	biolink:causes	0
0.5640581	MONDO:0010606	HGNC:329	biolink:causes	0
0.91678554	MONDO:0010631	HGNC:60	biolink:causes	0
0.42424053	MONDO:0010631	HGNC:3098	biolink:causes	0
0.36991382	MONDO:0010631	HGNC:26784	biolink:causes	0
0.89807385	MONDO:0010651	HGNC:6000	biolink:gene_associated_with_condition	0
0.98766893	MONDO:0010655	HGNC:28583	biolink:causes	0
0.8098996	MONDO:0010655	HGNC:3756	biolink:causes	0
0.8784911	MONDO:0010655	HGNC:12011	biolink:causes	0
0.8242445	MONDO:0010659	HGNC:7154	biolink:causes	0
0.89074224	MONDO:0010659	HGNC:57	biolink:causes	0
0.121439315	MONDO:0010747	HGNC:1366	biolink:gene_associated_with_condition	0
0.95397484	MONDO:0010747	HGNC:15808	biolink:causes	0
0.9053882	MONDO:0010747	HGNC:11795	biolink:gene_associated_with_condition	0
0.25115773	MONDO:0010747	HGNC:1787	biolink:contributes_to	0
0.4918154	MONDO:0010767	HGNC:3702	biolink:gene_associated_with_condition	0
0.6043237	MONDO:0010767	HGNC:3671	biolink:gene_associated_with_condition	0
0.28732467	MONDO:0010767	HGNC:11094	biolink:gene_associated_with_condition	0
0.35423985	MONDO:0010767	HGNC:3689	biolink:gene_associated_with_condition	0
0.64443076	MONDO:0010792	HGNC:2232	biolink:causes	0
0.07799849	MONDO:0010792	HGNC:11138	biolink:causes	0
0.5210981	MONDO:0010792	HGNC:12651	biolink:causes	0
0.699971	MONDO:0010848	HGNC:16400	biolink:gene_associated_with_condition	0
0.12707609	MONDO:0010856	HGNC:7782	biolink:causes	0
0.9373882	MONDO:0010856	HGNC:10597	biolink:gene_associated_with_condition	0
0.42493805	MONDO:0010964	HGNC:6619	biolink:gene_associated_with_condition	0
0.69942063	MONDO:0011013	HGNC:5383	biolink:gene_associated_with_condition	0
0.14556508	MONDO:0011017	HGNC:6308	biolink:causes	0
0.95429736	MONDO:0011017	HGNC:7945	biolink:causes	0
0.18255751	MONDO:0011017	HGNC:7679	biolink:gene_associated_with_condition	0
0.13765812	MONDO:0011017	HGNC:26532	biolink:gene_associated_with_condition	0
0.096608035	MONDO:0011017	HGNC:9052	biolink:gene_associated_with_condition	0
0.18087928	MONDO:0011017	HGNC:23094	biolink:causes	0
0.55456114	MONDO:0011017	HGNC:3438	biolink:causes	0
0.029204868	MONDO:0011025	HGNC:2409	biolink:gene_associated_with_condition	0
0.71683216	MONDO:0011073	HGNC:8101	biolink:causes	0
0.44463107	MONDO:0011073	HGNC:11226	biolink:causes	0
0.8071238	MONDO:0011073	HGNC:8604	biolink:gene_associated_with_condition	0
0.61195874	MONDO:0011085	HGNC:6207	biolink:gene_associated_with_condition	0
0.5709298	MONDO:0011102	HGNC:18060	biolink:causes	0
0.40690073	MONDO:0011106	HGNC:3778	biolink:causes	0
0.73338276	MONDO:0011106	HGNC:11079	biolink:causes	0
0.1609031	MONDO:0011106	HGNC:6709	biolink:contributes_to	0
0.36779407	MONDO:0011106	HGNC:14418	biolink:causes	0
0.7646174	MONDO:0011158	HGNC:11100	biolink:causes	0
0.29366395	MONDO:0011190	HGNC:27845	biolink:causes	0
0.77153516	MONDO:0011202	HGNC:13387	biolink:causes	0
0.24115878	MONDO:0011226	HGNC:5331	biolink:contributes_to	0
0.96765375	MONDO:0011226	HGNC:11769	biolink:causes	0
0.46386167	MONDO:0011226	HGNC:4162	biolink:gene_associated_with_condition	0
0.53967875	MONDO:0011226	HGNC:12666	biolink:gene_associated_with_condition	0
0.4213301	MONDO:0011226	HGNC:15819	biolink:causes	0
0.013613176	MONDO:0011242	HGNC:18674	biolink:gene_associated_with_condition	0
0.3833398	MONDO:0011246	HGNC:16783	biolink:causes	0
0.41737124	MONDO:0011338	HGNC:9910	biolink:gene_associated_with_condition	0
0.49698383	MONDO:0011338	HGNC:4817	biolink:gene_associated_with_condition	0
0.4726381	MONDO:0011338	HGNC:10680	biolink:causes	0
0.5604794	MONDO:0011338	HGNC:11006	biolink:causes	0
0.9878665	MONDO:0011428	HGNC:6909	biolink:causes	0
0.910678	MONDO:0011448	HGNC:450	biolink:gene_associated_with_condition	0
0.08761489	MONDO:0011448	HGNC:6440	biolink:causes	0
0.67102134	MONDO:0011464	HGNC:25221	biolink:causes	0
0.81024617	MONDO:0011464	HGNC:4392	biolink:gene_associated_with_condition	0
0.57029384	MONDO:0011484	HGNC:1228	biolink:causes	0
0.4131461	MONDO:0011484	HGNC:5213	biolink:gene_associated_with_condition	0
0.5829416	MONDO:0011484	HGNC:6235	biolink:causes	0
0.56556255	MONDO:0011484	HGNC:9039	biolink:gene_associated_with_condition	0
0.5627708	MONDO:0011496	HGNC:6937	biolink:causes	0
0.39606196	MONDO:0011496	HGNC:29605	biolink:causes	0
0.55668485	MONDO:0011504	HGNC:19967	biolink:causes	0
0.53413093	MONDO:0011528	HGNC:29873	biolink:causes	0
0.9232538	MONDO:0011528	HGNC:3604	biolink:causes	0
0.95311284	MONDO:0011540	HGNC:16644	biolink:causes	0
0.54716074	MONDO:0011556	HGNC:1884	biolink:causes	0
0.84777206	MONDO:0011556	HGNC:5154	biolink:gene_associated_with_condition	0
0.49297878	MONDO:0011556	HGNC:143	biolink:causes	0
0.2516988	MONDO:0011556	HGNC:14539	biolink:contributes_to	0
0.45799354	MONDO:0011628	HGNC:7027	biolink:causes	0
0.8979738	MONDO:0011628	HGNC:15924	biolink:gene_associated_with_condition	0
0.074435845	MONDO:0011672	HGNC:613	biolink:contributes_to	0
0.5582344	MONDO:0011672	HGNC:11254	biolink:causes	0
0.62639415	MONDO:0011708	HGNC:3690	biolink:causes	0
0.5765064	MONDO:0011724	HGNC:12810	biolink:causes	0
0.49564904	MONDO:0011740	HGNC:7821	biolink:gene_associated_with_condition	0
0.95859694	MONDO:0011756	HGNC:5273	biolink:gene_associated_with_condition	0
0.75044805	MONDO:0011760	HGNC:6211	biolink:causes	0
0.81134987	MONDO:0011784	HGNC:9871	biolink:causes	0
0.8689415	MONDO:0011784	HGNC:11762	biolink:gene_associated_with_condition	0
0.88175714	MONDO:0011784	HGNC:2760	biolink:causes	0
0.4833964	MONDO:0011836	HGNC:29427	biolink:gene_associated_with_condition	0
0.2703953	MONDO:0011908	HGNC:14537	biolink:gene_associated_with_condition	0
0.41016155	MONDO:0011908	HGNC:27337	biolink:gene_associated_with_condition	0
0.65696216	MONDO:0011908	HGNC:28993	biolink:causes	0
0.03270186	MONDO:0011932	HGNC:22197	biolink:gene_associated_with_condition	0
0.010907733	MONDO:0011932	HGNC:6893	biolink:gene_associated_with_condition	0
0.6121331	MONDO:0011984	HGNC:1541	biolink:causes	0
0.66349447	MONDO:0012004	HGNC:13478	biolink:causes	0
0.17256105	MONDO:0012004	HGNC:1938	biolink:causes	0
0.2723118	MONDO:0012004	HGNC:3756	biolink:causes	0
0.49307582	MONDO:0012004	HGNC:1968	biolink:causes	0
0.857067	MONDO:0012044	HGNC:6091	biolink:causes	0
0.16665529	MONDO:0012080	HGNC:18762	biolink:causes	0
0.06673705	MONDO:0012092	HGNC:126	biolink:causes	0
0.927583	MONDO:0012092	HGNC:25835	biolink:causes	0
0.6150477	MONDO:0012096	HGNC:29508	biolink:causes	0
0.27189058	MONDO:0012096	HGNC:10606	biolink:gene_associated_with_condition	0
0.47252938	MONDO:0012096	HGNC:2389	biolink:gene_associated_with_condition	0
0.66916376	MONDO:0012184	HGNC:13222	biolink:causes	0
0.22250682	MONDO:0012184	HGNC:427	biolink:contributes_to	0
0.30558375	MONDO:0012204	HGNC:16783	biolink:gene_associated_with_condition	0
0.67743987	MONDO:0012204	HGNC:3236	biolink:causes	0
0.22491163	MONDO:0012256	HGNC:2594	biolink:gene_associated_with_condition	0
0.9766657	MONDO:0012276	HGNC:13681	biolink:causes	0
0.7165964	MONDO:0012276	HGNC:8005	biolink:causes	0
0.84723425	MONDO:0012276	HGNC:4042	biolink:causes	0
0.5594941	MONDO:0012276	HGNC:11389	biolink:causes	0
0.77286166	MONDO:0012348	HGNC:17327	biolink:causes	0
0.5801463	MONDO:0012368	HGNC:6091	biolink:causes	0
0.7282977	MONDO:0012368	HGNC:18608	biolink:causes	0
0.9254471	MONDO:0012368	HGNC:1966	biolink:causes	0
0.21347286	MONDO:0012368	HGNC:3765	biolink:gene_associated_with_condition	0
0.66540724	MONDO:0012400	HGNC:11226	biolink:causes	0
0.20391297	MONDO:0012412	HGNC:3581	biolink:contributes_to	0
0.8048376	MONDO:0012488	HGNC:6081	biolink:causes	0
0.8086329	MONDO:0012520	HGNC:11771	biolink:causes	0
0.7204623	MONDO:0012520	HGNC:3087	biolink:causes	0
0.7242345	MONDO:0012520	HGNC:6770	biolink:causes	0
0.24346313	MONDO:0012552	HGNC:2578	biolink:causes	0
0.7569512	MONDO:0012596	HGNC:21022	biolink:gene_associated_with_condition	0
0.5948108	MONDO:0012596	HGNC:23166	biolink:causes	0
0.94977766	MONDO:0012596	HGNC:27337	biolink:causes	0
0.055676397	MONDO:0012624	HGNC:8117	biolink:gene_associated_with_condition	0
0.8817012	MONDO:0012652	HGNC:3531	biolink:contributes_to	0
0.9741743	MONDO:0012652	HGNC:2200	biolink:causes	0
0.5262952	MONDO:0012656	HGNC:4313	biolink:gene_associated_with_condition	0
0.67968076	MONDO:0012656	HGNC:2846	biolink:causes	0
0.82423246	MONDO:0012700	HGNC:6530	biolink:causes	0
0.7254446	MONDO:0012700	HGNC:1097	biolink:causes	0
0.6476718	MONDO:0012805	HGNC:7974	biolink:gene_associated_with_condition	0
0.6379272	MONDO:0012833	HGNC:16513	biolink:causes	0
0.9636416	MONDO:0012930	HGNC:27030	biolink:causes	0
0.19699389	MONDO:0012930	HGNC:14202	biolink:causes	0
0.98776054	MONDO:0012946	HGNC:2219	biolink:causes	0
0.4340006	MONDO:0012982	HGNC:5960	biolink:gene_associated_with_condition	0
0.943342	MONDO:0012994	HGNC:18169	biolink:gene_associated_with_condition	0
0.20322831	MONDO:0013002	HGNC:16999	biolink:gene_associated_with_condition	0
0.97240317	MONDO:0013034	HGNC:19317	biolink:causes	0
0.35025582	MONDO:0013034	HGNC:25072	biolink:causes	0
0.04015012	MONDO:0013050	HGNC:20759	biolink:causes	0
0.8979833	MONDO:0013050	HGNC:3689	biolink:gene_associated_with_condition	0
0.5213055	MONDO:0013050	HGNC:2472	biolink:causes	0
0.80937266	MONDO:0013058	HGNC:888	biolink:causes	0
0.29089263	MONDO:0013070	HGNC:8117	biolink:gene_associated_with_condition	0
0.122147165	MONDO:0013070	HGNC:2418	biolink:causes	0
0.22861436	MONDO:0013110	HGNC:16783	biolink:gene_associated_with_condition	0
0.4593886	MONDO:0013110	HGNC:7001	biolink:gene_associated_with_condition	0
0.9467713	MONDO:0013171	HGNC:4261	biolink:causes	0
0.76734626	MONDO:0013171	HGNC:18626	biolink:causes	0
0.4976145	MONDO:0013195	HGNC:11762	biolink:causes	0
0.047577694	MONDO:0013235	HGNC:29536	biolink:causes	0
0.8235057	MONDO:0013243	HGNC:20893	biolink:causes	0
0.73449147	MONDO:0013243	HGNC:11018	biolink:causes	0
0.5773687	MONDO:0013315	HGNC:6115	biolink:causes	0
0.9908246	MONDO:0013323	HGNC:1044	biolink:causes	0
0.88929635	MONDO:0013323	HGNC:11771	biolink:gene_associated_with_condition	0
0.9024741	MONDO:0013351	HGNC:6595	biolink:causes	0
0.10880899	MONDO:0013367	HGNC:11427	biolink:causes	0
0.47873798	MONDO:0013391	HGNC:30171	biolink:causes	0
0.3497382	MONDO:0013391	HGNC:2714	biolink:causes	0
0.5783475	MONDO:0013460	HGNC:4942	biolink:gene_associated_with_condition	0
0.52896523	MONDO:0013526	HGNC:4462	biolink:gene_associated_with_condition	0
0.91495025	MONDO:0013526	HGNC:6518	biolink:causes	0
0.93924326	MONDO:0013526	HGNC:17754	biolink:causes	0
0.41414753	MONDO:0013550	HGNC:16783	biolink:causes	0
0.15016891	MONDO:0013554	HGNC:10387	biolink:gene_associated_with_condition	0
0.5455381	MONDO:0013570	HGNC:28027	biolink:gene_associated_with_condition	0
0.06531961	MONDO:0013570	HGNC:26047	biolink:gene_associated_with_condition	0
0.87308973	MONDO:0013570	HGNC:19129	biolink:causes	0
0.36370075	MONDO:0013679	HGNC:29165	biolink:causes	0
0.21604735	MONDO:0013711	HGNC:6954	biolink:causes	0
0.3280835	MONDO:0013711	HGNC:29561	biolink:causes	0
0.84596914	MONDO:0013719	HGNC:9086	biolink:gene_associated_with_condition	0
0.16585673	MONDO:0013743	HGNC:25839	biolink:gene_associated_with_condition	0
0.39898923	MONDO:0013767	HGNC:26239	biolink:causes	0
0.86959374	MONDO:0013795	HGNC:21424	biolink:causes	0
0.6545461	MONDO:0013839	HGNC:10719	biolink:causes	0
0.6067152	MONDO:0013843	HGNC:6814	biolink:gene_associated_with_condition	0
0.67546177	MONDO:0013843	HGNC:31527	biolink:causes	0
0.915773	MONDO:0013851	HGNC:26270	biolink:gene_associated_with_condition	0
0.47925636	MONDO:0013891	HGNC:11630	biolink:gene_associated_with_condition	0
0.9176318	MONDO:0013907	HGNC:11596	biolink:gene_associated_with_condition	0
0.7143763	MONDO:0013927	HGNC:19088	biolink:causes	0
0.7911571	MONDO:0013991	HGNC:1371	biolink:gene_associated_with_condition	0
0.51033884	MONDO:0013999	HGNC:10593	biolink:contributes_to	0
0.2018298	MONDO:0014027	HGNC:7450	biolink:gene_associated_with_condition	0
0.7855336	MONDO:0014039	HGNC:29682	biolink:causes	0
0.9044608	MONDO:0014039	HGNC:11957	biolink:gene_associated_with_condition	0
0.73852444	MONDO:0014115	HGNC:494	biolink:causes	0
0.067666605	MONDO:0014131	HGNC:16951	biolink:causes	0
0.8666501	MONDO:0014131	HGNC:6284	biolink:gene_associated_with_condition	0
0.46596617	MONDO:0014131	HGNC:132	biolink:gene_associated_with_condition	0
0.3361057	MONDO:0014135	HGNC:10387	biolink:gene_associated_with_condition	0
0.85550386	MONDO:0014159	HGNC:1839	biolink:causes	0
0.6661473	MONDO:0014159	HGNC:10256	biolink:causes	0
0.97782564	MONDO:0014203	HGNC:4713	biolink:causes	0
0.97164613	MONDO:0014211	HGNC:2200	biolink:gene_associated_with_condition	0
0.18867202	MONDO:0014211	HGNC:7782	biolink:causes	0
0.93025076	MONDO:0014227	HGNC:6654	biolink:gene_associated_with_condition	0
0.96417356	MONDO:0014227	HGNC:23088	biolink:causes	0
0.49230832	MONDO:0014267	HGNC:10941	biolink:causes	0
0.8741257	MONDO:0014267	HGNC:3689	biolink:causes	0
0.11805405	MONDO:0014311	HGNC:4023	biolink:causes	0
0.1763196	MONDO:0014311	HGNC:26708	biolink:causes	0
0.4757095	MONDO:0014319	HGNC:3706	biolink:gene_associated_with_condition	0
0.17147556	MONDO:0014327	HGNC:6315	biolink:causes	0
0.8640075	MONDO:0014327	HGNC:9965	biolink:gene_associated_with_condition	0
0.64337385	MONDO:0014327	HGNC:10701	biolink:causes	0
0.88805974	MONDO:0014327	HGNC:6831	biolink:gene_associated_with_condition	0
0.34172687	MONDO:0014339	HGNC:19309	biolink:causes	0
0.68034023	MONDO:0014339	HGNC:3257	biolink:causes	0
0.41554642	MONDO:0014339	HGNC:31088	biolink:contributes_to	0
0.8949431	MONDO:0014343	HGNC:3583	biolink:causes	0
0.9684872	MONDO:0014343	HGNC:3702	biolink:causes	0
0.8152592	MONDO:0014343	HGNC:4313	biolink:gene_associated_with_condition	0
0.8429971	MONDO:0014343	HGNC:4823	biolink:causes	0
0.9622592	MONDO:0014343	HGNC:6091	biolink:causes	0
0.9622592	MONDO:0014343	HGNC:6091	biolink:gene_associated_with_condition	0
0.6168427	MONDO:0014343	HGNC:6315	biolink:causes	0
0.9768652	MONDO:0014343	HGNC:7132	biolink:gene_associated_with_condition	0
0.89296913	MONDO:0014343	HGNC:6554	biolink:gene_associated_with_condition	0
0.8652289	MONDO:0014343	HGNC:25240	biolink:causes	0
0.8686521	MONDO:0014343	HGNC:573	biolink:causes	0
0.91923434	MONDO:0014343	HGNC:620	biolink:gene_associated_with_condition	0
0.78643495	MONDO:0014343	HGNC:2375	biolink:gene_associated_with_condition	0
0.9951757	MONDO:0014343	HGNC:7632	biolink:gene_associated_with_condition	0
0.8749676	MONDO:0014343	HGNC:7821	biolink:gene_associated_with_condition	0
0.84572387	MONDO:0014343	HGNC:7983	biolink:causes	0
0.74250054	MONDO:0014343	HGNC:9046	biolink:gene_associated_with_condition	0
0.88878226	MONDO:0014343	HGNC:9236	biolink:gene_associated_with_condition	0
0.82132614	MONDO:0014343	HGNC:10560	biolink:causes	0
0.8108318	MONDO:0014343	HGNC:12703	biolink:gene_associated_with_condition	0
0.7926617	MONDO:0014343	HGNC:17296	biolink:causes	0
0.7233689	MONDO:0014343	HGNC:23089	biolink:causes	0
0.96275276	MONDO:0014343	HGNC:11596	biolink:causes	0
0.8413555	MONDO:0014343	HGNC:11949	biolink:gene_associated_with_condition	0
0.815385	MONDO:0014343	HGNC:26790	biolink:causes	0
0.82372665	MONDO:0014343	HGNC:2858	biolink:causes	0
0.68193686	MONDO:0014343	HGNC:68	biolink:causes	0
0.76222837	MONDO:0014343	HGNC:4162	biolink:gene_associated_with_condition	0
0.95000386	MONDO:0014343	HGNC:4177	biolink:causes	0
0.8569616	MONDO:0014343	HGNC:4431	biolink:causes	0
0.98644185	MONDO:0014343	HGNC:15808	biolink:gene_associated_with_condition	0
0.8995372	MONDO:0014343	HGNC:4718	biolink:causes	0
0.47840413	MONDO:0014343	HGNC:5208	biolink:causes	0
0.9642459	MONDO:0014343	HGNC:9853	biolink:causes	0
0.96457314	MONDO:0014343	HGNC:18712	biolink:gene_associated_with_condition	0
0.6013882	MONDO:0014343	HGNC:16352	biolink:causes	0
0.7919512	MONDO:0014343	HGNC:9220	biolink:causes	0
0.36681607	MONDO:0014343	HGNC:25415	biolink:gene_associated_with_condition	0
0.91852975	MONDO:0014343	HGNC:9142	biolink:gene_associated_with_condition	0
0.8843968	MONDO:0014343	HGNC:10590	biolink:causes	0
0.81592655	MONDO:0014343	HGNC:10939	biolink:gene_associated_with_condition	0
0.8660562	MONDO:0014343	HGNC:11071	biolink:causes	0
0.744533	MONDO:0014343	HGNC:11167	biolink:causes	0
0.8134262	MONDO:0014343	HGNC:10780	biolink:causes	0
0.7411458	MONDO:0014343	HGNC:8117	biolink:gene_associated_with_condition	0
0.8439697	MONDO:0014343	HGNC:11771	biolink:causes	0
0.5964593	MONDO:0014343	HGNC:23700	biolink:causes	0
0.9098442	MONDO:0014343	HGNC:12403	biolink:gene_associated_with_condition	0
0.9115636	MONDO:0014343	HGNC:20778	biolink:causes	0
0.85211146	MONDO:0014343	HGNC:12666	biolink:causes	0
0.4676467	MONDO:0014343	HGNC:26708	biolink:causes	0
0.6546258	MONDO:0014343	HGNC:2771	biolink:gene_associated_with_condition	0
0.8278037	MONDO:0014343	HGNC:2505	biolink:gene_associated_with_condition	0
0.85974586	MONDO:0014343	HGNC:20603	biolink:causes	0
0.66121477	MONDO:0014343	HGNC:2950	biolink:causes	0
0.99020374	MONDO:0014343	HGNC:3005	biolink:gene_associated_with_condition	0
0.80214036	MONDO:0014343	HGNC:3259	biolink:gene_associated_with_condition	0
0.7524636	MONDO:0014343	HGNC:17097	biolink:causes	0
0.9256458	MONDO:0014343	HGNC:3584	biolink:causes	0
0.57490337	MONDO:0014343	HGNC:3951	biolink:causes	0
0.866176	MONDO:0014343	HGNC:4824	biolink:causes	0
0.9872171	MONDO:0014343	HGNC:5382	biolink:gene_associated_with_condition	0
0.7490224	MONDO:0014343	HGNC:6541	biolink:gene_associated_with_condition	0
0.9852018	MONDO:0014343	HGNC:6831	biolink:gene_associated_with_condition	0
0.93487424	MONDO:0014343	HGNC:6990	biolink:gene_associated_with_condition	0
0.85743207	MONDO:0014343	HGNC:14575	biolink:gene_associated_with_condition	0
0.7385126	MONDO:0014343	HGNC:7488	biolink:causes	0
0.78829086	MONDO:0014343	HGNC:8547	biolink:causes	0
0.8763705	MONDO:0014343	HGNC:26144	biolink:contributes_to	0
0.88060546	MONDO:0014343	HGNC:9402	biolink:causes	0
0.84782577	MONDO:0014343	HGNC:961	biolink:gene_associated_with_condition	0
0.81944877	MONDO:0014343	HGNC:17964	biolink:causes	0
0.8436077	MONDO:0014343	HGNC:25964	biolink:causes	0
0.94285846	MONDO:0014343	HGNC:10809	biolink:gene_associated_with_condition	0
0.8028771	MONDO:0014343	HGNC:25355	biolink:gene_associated_with_condition	0
0.52772194	MONDO:0014343	HGNC:11490	biolink:causes	0
0.9003968	MONDO:0014343	HGNC:23656	biolink:gene_associated_with_condition	0
0.9443064	MONDO:0014343	HGNC:20456	biolink:causes	0
0.9248276	MONDO:0014343	HGNC:20087	biolink:causes	0
0.9125178	MONDO:0014343	HGNC:25928	biolink:gene_associated_with_condition	0
0.49866194	MONDO:0014343	HGNC:4888	biolink:gene_associated_with_condition	0
0.8822716	MONDO:0014343	HGNC:2021	biolink:causes	0
0.9590231	MONDO:0014343	HGNC:2213	biolink:causes	0
0.8187264	MONDO:0014343	HGNC:21493	biolink:causes	0
0.81933856	MONDO:0014343	HGNC:3239	biolink:causes	0
0.93087304	MONDO:0014343	HGNC:28957	biolink:gene_associated_with_condition	0
0.8320309	MONDO:0014343	HGNC:3694	biolink:gene_associated_with_condition	0
0.8081055	MONDO:0014343	HGNC:3816	biolink:causes	0
0.45820668	MONDO:0014343	HGNC:23302	biolink:causes	0
0.8771373	MONDO:0014343	HGNC:24587	biolink:causes	0
0.90349746	MONDO:0014343	HGNC:5385	biolink:causes	0
0.6652736	MONDO:0014343	HGNC:6186	biolink:causes	0
0.8449398	MONDO:0014343	HGNC:22219	biolink:causes	0
0.8917624	MONDO:0014343	HGNC:6501	biolink:causes	0
0.8805976	MONDO:0014343	HGNC:23038	biolink:gene_associated_with_condition	0
0.5223141	MONDO:0014343	HGNC:6709	biolink:contributes_to	0
0.87908363	MONDO:0014343	HGNC:6735	biolink:causes	0
0.83028054	MONDO:0014343	HGNC:14103	biolink:gene_associated_with_condition	0
0.856394	MONDO:0014343	HGNC:13356	biolink:causes	0
0.8296706	MONDO:0014343	HGNC:6970	biolink:causes	0
0.9734085	MONDO:0014343	HGNC:7883	biolink:gene_associated_with_condition	0
0.6585726	MONDO:0014343	HGNC:9936	biolink:gene_associated_with_condition	0
0.92448574	MONDO:0014343	HGNC:8618	biolink:contributes_to	0
0.99128145	MONDO:0014343	HGNC:19129	biolink:gene_associated_with_condition	0
0.89698595	MONDO:0014343	HGNC:9922	biolink:gene_associated_with_condition	0
0.98193616	MONDO:0014343	HGNC:19440	biolink:gene_associated_with_condition	0
0.77409357	MONDO:0014343	HGNC:1331	biolink:causes	0
0.7672459	MONDO:0014343	HGNC:1449	biolink:causes	0
0.92673653	MONDO:0014343	HGNC:1529	biolink:causes	0
0.88197213	MONDO:0014343	HGNC:1542	biolink:causes	0
0.8886118	MONDO:0014343	HGNC:18628	biolink:causes	0
0.6521323	MONDO:0014343	HGNC:24316	biolink:causes	0
0.8452921	MONDO:0014343	HGNC:11600	biolink:causes	0
0.8902256	MONDO:0014343	HGNC:28128	biolink:causes	0
0.6717074	MONDO:0014343	HGNC:20439	biolink:gene_associated_with_condition	0
0.7890264	MONDO:0014343	HGNC:12597	biolink:causes	0
0.93588305	MONDO:0014343	HGNC:12781	biolink:causes	0
0.86973506	MONDO:0014343	HGNC:1952	biolink:gene_associated_with_condition	0
0.8816288	MONDO:0014343	HGNC:2478	biolink:causes	0
0.98779595	MONDO:0014343	HGNC:3133	biolink:gene_associated_with_condition	0
0.7731706	MONDO:0014343	HGNC:16947	biolink:gene_associated_with_condition	0
0.4266411	MONDO:0014383	HGNC:11100	biolink:causes	0
0.5592729	MONDO:0014419	HGNC:15646	biolink:gene_associated_with_condition	0
0.74103224	MONDO:0014419	HGNC:11944	biolink:causes	0
0.6620246	MONDO:0014447	HGNC:7892	biolink:causes	0
0.93326616	MONDO:0014455	HGNC:10809	biolink:gene_associated_with_condition	0
0.4896663	MONDO:0014455	HGNC:9175	biolink:causes	0
0.4020916	MONDO:0014487	HGNC:7230	biolink:causes	0
0.7781191	MONDO:0014487	HGNC:24281	biolink:causes	0
0.058797043	MONDO:0014487	HGNC:9864	biolink:causes	0
0.5407625	MONDO:0014487	HGNC:15456	biolink:causes	0
0.8922986	MONDO:0014507	HGNC:9056	biolink:causes	0
0.5491387	MONDO:0014539	HGNC:17210	biolink:gene_associated_with_condition	0
0.9478899	MONDO:0014551	HGNC:6010	biolink:causes	0
0.52869046	MONDO:0014583	HGNC:6365	biolink:causes	0
0.70846033	MONDO:0014603	HGNC:17116	biolink:causes	0
0.98274994	MONDO:0014619	HGNC:6909	biolink:causes	0
0.81859183	MONDO:0014627	HGNC:8778	biolink:causes	0
0.7272418	MONDO:0014635	HGNC:4263	biolink:gene_associated_with_condition	0
0.6879081	MONDO:0014711	HGNC:11184	biolink:causes	0
0.89492995	MONDO:0014735	HGNC:3513	biolink:causes	0
0.7617305	MONDO:0014747	HGNC:7473	biolink:gene_associated_with_condition	0
0.96297795	MONDO:0014771	HGNC:7060	biolink:causes	0
0.97812086	MONDO:0014771	HGNC:449	biolink:causes	0
0.7757582	MONDO:0014779	HGNC:24587	biolink:causes	0
0.7629135	MONDO:0014783	HGNC:29932	biolink:gene_associated_with_condition	0
0.30635616	MONDO:0014803	HGNC:6998	biolink:gene_associated_with_condition	0
0.04659122	MONDO:0014803	HGNC:11766	biolink:causes	0
0.83470213	MONDO:0014823	HGNC:29508	biolink:causes	0
0.90571684	MONDO:0014823	HGNC:6055	biolink:causes	0
0.9436792	MONDO:0014844	HGNC:6909	biolink:causes	0
0.6687762	MONDO:0014864	HGNC:24713	biolink:gene_associated_with_condition	0
0.14244491	MONDO:0014868	HGNC:1787	biolink:contributes_to	0
0.34469435	MONDO:0014868	HGNC:23212	biolink:gene_associated_with_condition	0
0.93360716	MONDO:0014896	HGNC:3690	biolink:gene_associated_with_condition	0
0.9703314	MONDO:0014900	HGNC:17652	biolink:causes	0
0.7110471	MONDO:0014900	HGNC:9143	biolink:gene_associated_with_condition	0
0.36766437	MONDO:0014948	HGNC:6192	biolink:causes	0
0.72219014	MONDO:0014968	HGNC:4556	biolink:causes	0
0.8262451	MONDO:0014976	HGNC:3689	biolink:gene_associated_with_condition	0
0.76778156	MONDO:0014984	HGNC:11708	biolink:gene_associated_with_condition	0
0.86691433	MONDO:0014984	HGNC:25751	biolink:gene_associated_with_condition	0
0.28247845	MONDO:0014984	HGNC:1591	biolink:causes	0
0.7061826	MONDO:0014996	HGNC:3542	biolink:gene_associated_with_condition	0
0.6425133	MONDO:0014996	HGNC:7010	biolink:gene_associated_with_condition	0
0.7652586	MONDO:0015270	HGNC:18326	biolink:causes	0
0.8786204	MONDO:0015278	HGNC:21219	biolink:causes	0
0.25355265	MONDO:0015278	HGNC:29118	biolink:causes	0
0.5525038	MONDO:0015278	HGNC:12362	biolink:causes	0
0.49699554	MONDO:0015278	HGNC:1857	biolink:gene_associated_with_condition	0
0.30485412	MONDO:0015278	HGNC:16951	biolink:causes	0
0.8493134	MONDO:0015278	HGNC:11187	biolink:causes	0
0.4366418	MONDO:0015278	HGNC:11633	biolink:gene_associated_with_condition	0
0.6899347	MONDO:0015278	HGNC:17111	biolink:causes	0
0.75999576	MONDO:0015283	HGNC:5383	biolink:gene_associated_with_condition	0
0.88644665	MONDO:0015520	HGNC:15455	biolink:causes	0
0.66096944	MONDO:0015793	HGNC:19191	biolink:gene_associated_with_condition	0
0.7167779	MONDO:0016539	HGNC:11992	biolink:causes	0
0.24005567	MONDO:0016563	HGNC:21307	biolink:causes	0
0.047186214	MONDO:0016563	HGNC:8574	biolink:gene_associated_with_condition	0
0.76735336	MONDO:0016563	HGNC:14415	biolink:causes	0
0.4855022	MONDO:0016579	HGNC:9577	biolink:causes	0
0.85831124	MONDO:0016579	HGNC:11480	biolink:causes	0
0.63779354	MONDO:0016579	HGNC:14415	biolink:causes	0
0.77997553	MONDO:0016681	HGNC:9091	biolink:causes	0
0.20015018	MONDO:0016681	HGNC:11771	biolink:gene_associated_with_condition	0
0.19326758	MONDO:0016689	HGNC:360	biolink:gene_associated_with_condition	0
0.35399988	MONDO:0016689	HGNC:7489	biolink:gene_associated_with_condition	0
0.49447626	MONDO:0016705	HGNC:31923	biolink:causes	0
0.40708047	MONDO:0016833	HGNC:2528	biolink:causes	0
0.2756824	MONDO:0016833	HGNC:29043	biolink:causes	0
0.5100837	MONDO:0017052	HGNC:14974	biolink:causes	0
0.953835	MONDO:0017052	HGNC:28660	biolink:gene_associated_with_condition	0
0.7289528	MONDO:0017116	HGNC:6572	biolink:causes	0
0.4350491	MONDO:0017172	HGNC:8108	biolink:gene_associated_with_condition	0
0.91357297	MONDO:0017176	HGNC:20249	biolink:causes	0
0.8820474	MONDO:0017176	HGNC:2212	biolink:gene_associated_with_condition	0
0.84530276	MONDO:0017308	HGNC:12440	biolink:causes	0
0.049216636	MONDO:0017389	HGNC:12572	biolink:gene_associated_with_condition	0
0.02323939	MONDO:0017389	HGNC:6174	biolink:gene_associated_with_condition	0
0.89026827	MONDO:0017401	HGNC:132	biolink:causes	0
0.6236236	MONDO:0017629	HGNC:11598	biolink:gene_associated_with_condition	0
0.7475843	MONDO:0017697	HGNC:26186	biolink:causes	0
0.7612829	MONDO:0017729	HGNC:5385	biolink:causes	0
0.47146103	MONDO:0017833	HGNC:8787	biolink:causes	0
0.1165646	MONDO:0017901	HGNC:4922	biolink:causes	0
0.8573716	MONDO:0017901	HGNC:2202	biolink:contributes_to	0
0.768569	MONDO:0017945	HGNC:3087	biolink:causes	0
0.8483052	MONDO:0017945	HGNC:7883	biolink:gene_associated_with_condition	0
0.8354972	MONDO:0017993	HGNC:3178	biolink:gene_associated_with_condition	0
0.7753663	MONDO:0018197	HGNC:11184	biolink:causes	0
0.89892423	MONDO:0018229	HGNC:3436	biolink:gene_associated_with_condition	0
0.25900725	MONDO:0018273	HGNC:7467	biolink:causes	0
0.8729816	MONDO:0018273	HGNC:29203	biolink:gene_associated_with_condition	0
0.55841506	MONDO:0018277	HGNC:26033	biolink:causes	0
0.8792398	MONDO:0018333	HGNC:9719	biolink:gene_associated_with_condition	0
0.69151884	MONDO:0018598	HGNC:23639	biolink:causes	0
0.36728317	MONDO:0018598	HGNC:26200	biolink:gene_associated_with_condition	0
0.74525917	MONDO:0018598	HGNC:3481	biolink:gene_associated_with_condition	0
0.8090154	MONDO:0018598	HGNC:15984	biolink:causes	0
0.90265584	MONDO:0018598	HGNC:29017	biolink:gene_associated_with_condition	0
0.8857148	MONDO:0018598	HGNC:3755	biolink:causes	0
0.5411672	MONDO:0018598	HGNC:25792	biolink:gene_associated_with_condition	0
0.8634146	MONDO:0018598	HGNC:21638	biolink:gene_associated_with_condition	0
0.4142998	MONDO:0018763	HGNC:8574	biolink:gene_associated_with_condition	0
0.33132043	MONDO:0018816	HGNC:3481	biolink:gene_associated_with_condition	0
0.54957134	MONDO:0018877	HGNC:16068	biolink:gene_associated_with_condition	0
0.8694713	MONDO:0018877	HGNC:7744	biolink:contributes_to	0
0.3679345	MONDO:0019150	HGNC:30859	biolink:causes	0
0.78885704	MONDO:0019150	HGNC:9587	biolink:causes	0
0.4805107	MONDO:0019150	HGNC:317	biolink:gene_associated_with_condition	0
0.836561	MONDO:0019174	HGNC:4593	biolink:gene_associated_with_condition	0
0.47816864	MONDO:0019174	HGNC:5056	biolink:gene_associated_with_condition	0
0.7676431	MONDO:0019174	HGNC:11764	biolink:causes	0
0.9644079	MONDO:0019310	HGNC:15808	biolink:causes	0
0.27438328	MONDO:0019310	HGNC:3433	biolink:causes	0
0.8623168	MONDO:0019374	HGNC:4507	biolink:contributes_to	0
0.5436361	MONDO:0019374	HGNC:2478	biolink:causes	0
0.7003291	MONDO:0019374	HGNC:2978	biolink:causes	0
0.521822	MONDO:0019458	HGNC:6636	biolink:gene_associated_with_condition	0
0.3148204	MONDO:0019458	HGNC:11389	biolink:causes	0
0.16504683	MONDO:0019522	HGNC:9910	biolink:gene_associated_with_condition	0
0.39298126	MONDO:0019522	HGNC:25705	biolink:causes	0
0.36222634	MONDO:0019666	HGNC:9046	biolink:contributes_to	0
0.9883108	MONDO:0019758	HGNC:13869	biolink:causes	0
0.2824195	MONDO:0019758	HGNC:16448	biolink:causes	0
0.21983719	MONDO:0019758	HGNC:14198	biolink:contributes_to	0
0.42831928	MONDO:0019758	HGNC:5006	biolink:causes	0
0.478274	MONDO:0019930	HGNC:12768	biolink:gene_associated_with_condition	0
0.18802014	MONDO:0020316	HGNC:29558	biolink:causes	0
0.7596469	MONDO:0020316	HGNC:2336	biolink:causes	0
0.6466537	MONDO:0020316	HGNC:8940	biolink:causes	0
0.55091274	MONDO:0020320	HGNC:23625	biolink:causes	0
0.5426791	MONDO:0020324	HGNC:3005	biolink:gene_associated_with_condition	0
0.64351183	MONDO:0020324	HGNC:3188	biolink:causes	0
0.47282407	MONDO:0020493	HGNC:23639	biolink:causes	0
0.27328026	MONDO:0020521	HGNC:17770	biolink:causes	0
0.6683911	MONDO:0020730	HGNC:5213	biolink:gene_associated_with_condition	0
0.9419695	MONDO:0020786	HGNC:2309	biolink:gene_associated_with_condition	0
0.95287985	MONDO:0021571	HGNC:7944	biolink:causes	0
0.18245643	MONDO:0024264	HGNC:14378	biolink:causes	0
0.94890505	MONDO:0024523	HGNC:7224	biolink:causes	0
0.19904917	MONDO:0024535	HGNC:12012	biolink:causes	0
0.5830714	MONDO:0024543	HGNC:12011	biolink:causes	0
0.13101971	MONDO:0024551	HGNC:20313	biolink:causes	0
0.076203875	MONDO:0024559	HGNC:6709	biolink:contributes_to	0
0.9370226	MONDO:0025708	HGNC:9608	biolink:gene_associated_with_condition	0
0.3861814	MONDO:0029140	HGNC:10922	biolink:causes	0
0.22456318	MONDO:0029144	HGNC:1090	biolink:gene_associated_with_condition	0
0.6426364	MONDO:0029148	HGNC:9173	biolink:gene_associated_with_condition	0
0.23267351	MONDO:0030006	HGNC:2711	biolink:gene_associated_with_condition	0
0.95671934	MONDO:0030045	HGNC:11908	biolink:causes	0
0.6756243	MONDO:0030055	HGNC:2488	biolink:causes	0
0.739285	MONDO:0030055	HGNC:4816	biolink:causes	0
0.8996579	MONDO:0030055	HGNC:1160	biolink:gene_associated_with_condition	0
0.57231486	MONDO:0030072	HGNC:7468	biolink:gene_associated_with_condition	0
0.92669255	MONDO:0030072	HGNC:11908	biolink:causes	0
0.12604557	MONDO:0030072	HGNC:16700	biolink:causes	0
0.7704183	MONDO:0030438	HGNC:17327	biolink:gene_associated_with_condition	0
0.32152912	MONDO:0030456	HGNC:613	biolink:causes	0
0.42703617	MONDO:0030518	HGNC:9577	biolink:causes	0
0.67357117	MONDO:0030731	HGNC:7808	biolink:causes	0
0.83577496	MONDO:0031043	HGNC:30477	biolink:causes	0
0.7779452	MONDO:0032572	HGNC:14304	biolink:causes	0
0.95867825	MONDO:0032572	HGNC:3622	biolink:causes	0
0.7795583	MONDO:0032572	HGNC:30500	biolink:causes	0
0.92459804	MONDO:0032572	HGNC:8604	biolink:causes	0
0.9507521	MONDO:0032584	HGNC:7631	biolink:gene_associated_with_condition	0
0.9100664	MONDO:0032591	HGNC:1097	biolink:causes	0
0.6427492	MONDO:0032601	HGNC:20134	biolink:gene_associated_with_condition	0
0.921757	MONDO:0032630	HGNC:19747	biolink:gene_associated_with_condition	0
0.6802512	MONDO:0032630	HGNC:3434	biolink:causes	0
0.6992269	MONDO:0032653	HGNC:10260	biolink:causes	0
0.30618107	MONDO:0032653	HGNC:8591	biolink:causes	0
0.8500023	MONDO:0032653	HGNC:6990	biolink:gene_associated_with_condition	0
0.85687095	MONDO:0032653	HGNC:19353	biolink:gene_associated_with_condition	0
0.2568384	MONDO:0032665	HGNC:10583	biolink:gene_associated_with_condition	0
0.2242381	MONDO:0032686	HGNC:9832	biolink:causes	0
0.68512905	MONDO:0032721	HGNC:17341	biolink:gene_associated_with_condition	0
0.37280196	MONDO:0032726	HGNC:16205	biolink:causes	0
0.59199893	MONDO:0032726	HGNC:14418	biolink:causes	0
0.4947755	MONDO:0032741	HGNC:4948	biolink:contributes_to	0
0.67630756	MONDO:0032741	HGNC:17052	biolink:causes	0
0.61639524	MONDO:0032741	HGNC:12783	biolink:causes	0
0.8094552	MONDO:0032746	HGNC:25784	biolink:causes	0
0.80462605	MONDO:0032804	HGNC:10447	biolink:causes	0
0.7259012	MONDO:0032804	HGNC:25928	biolink:gene_associated_with_condition	0
0.96931195	MONDO:0032824	HGNC:6696	biolink:causes	0
0.72109437	MONDO:0032845	HGNC:6423	biolink:gene_associated_with_condition	0
0.7293876	MONDO:0032871	HGNC:6770	biolink:gene_associated_with_condition	0
0.09578025	MONDO:0032891	HGNC:4208	biolink:causes	0
0.45239577	MONDO:0032899	HGNC:17146	biolink:causes	0
0.3051676	MONDO:0032899	HGNC:16783	biolink:gene_associated_with_condition	0
0.75970155	MONDO:0032899	HGNC:1362	biolink:gene_associated_with_condition	0
0.89599633	MONDO:0032899	HGNC:10597	biolink:gene_associated_with_condition	0
0.1464749	MONDO:0032907	HGNC:20152	biolink:causes	0
0.407137	MONDO:0032907	HGNC:123	biolink:causes	0
0.9125008	MONDO:0032915	HGNC:951	biolink:causes	0
0.55376023	MONDO:0032915	HGNC:6235	biolink:causes	0
0.4502562	MONDO:0032927	HGNC:4017	biolink:causes	0
0.24498707	MONDO:0032927	HGNC:29190	biolink:causes	0
0.49611562	MONDO:0033008	HGNC:22448	biolink:causes	0
0.63003755	MONDO:0033116	HGNC:9091	biolink:causes	0
0.8952847	MONDO:0033365	HGNC:2190	biolink:causes	0
0.9443594	MONDO:0033566	HGNC:26837	biolink:causes	0
0.7551084	MONDO:0033566	HGNC:7108	biolink:causes	0
0.82419777	MONDO:0033980	HGNC:6998	biolink:gene_associated_with_condition	0
0.6797387	MONDO:0033980	HGNC:13398	biolink:causes	0
0.3185598	MONDO:0035472	HGNC:7437	biolink:causes	0
0.90443087	MONDO:0037149	HGNC:15455	biolink:gene_associated_with_condition	0
0.39364615	MONDO:0044222	HGNC:6415	biolink:causes	0
0.2870512	MONDO:0044282	HGNC:3007	biolink:causes	0
0.06319954	MONDO:0044313	HGNC:26535	biolink:gene_associated_with_condition	0
0.56118673	MONDO:0044617	HGNC:18683	biolink:causes	0
0.63050616	MONDO:0044617	HGNC:9706	biolink:gene_associated_with_condition	0
0.4396748	MONDO:0044617	HGNC:4851	biolink:gene_associated_with_condition	0
0.60223114	MONDO:0044617	HGNC:15508	biolink:causes	0
0.16995391	MONDO:0044714	HGNC:1718	biolink:causes	0
0.0877887	MONDO:0044714	HGNC:14959	biolink:gene_associated_with_condition	0
0.69175166	MONDO:0044718	HGNC:1337	biolink:gene_associated_with_condition	0
0.54180896	MONDO:0044723	HGNC:799	biolink:causes	0
0.498457	MONDO:0054723	HGNC:20	biolink:causes	0
0.06940121	MONDO:0054723	HGNC:3749	biolink:gene_associated_with_condition	0
0.79604185	MONDO:0054731	HGNC:2464	biolink:gene_associated_with_condition	0
0.9743808	MONDO:0054737	HGNC:20105	biolink:causes	0
0.40637204	MONDO:0054737	HGNC:10256	biolink:causes	0
0.47660595	MONDO:0054737	HGNC:20773	biolink:causes	0
0.9708726	MONDO:0054737	HGNC:2204	biolink:gene_associated_with_condition	0
0.8830053	MONDO:0054794	HGNC:7883	biolink:causes	0
0.27533856	MONDO:0054805	HGNC:16466	biolink:gene_associated_with_condition	0
0.41251016	MONDO:0060591	HGNC:1301	biolink:causes	0
0.4760974	MONDO:0060591	HGNC:9008	biolink:gene_associated_with_condition	0
0.9969688	MONDO:0060707	HGNC:10193	biolink:causes	0
0.8175605	MONDO:0060707	HGNC:20858	biolink:causes	0
0.9780571	MONDO:0060745	HGNC:10994	biolink:causes	0
0.2783257	MONDO:0100083	HGNC:7473	biolink:gene_associated_with_condition	0
0.19772531	MONDO:0100083	HGNC:3816	biolink:causes	0
0.9796953	MONDO:0100119	HGNC:1181	biolink:gene_associated_with_condition	0
0.9140713	MONDO:0100119	HGNC:2500	biolink:causes	0
0.84301925	MONDO:0100119	HGNC:7001	biolink:gene_associated_with_condition	0
0.55636865	MONDO:0100219	HGNC:5004	biolink:causes	0
0.8763326	MONDO:0600030	HGNC:2488	biolink:causes	0
0.7127238	MONDO:0600030	HGNC:1787	biolink:gene_associated_with_condition	0
0.799911	MONDO:0600030	HGNC:644	biolink:gene_associated_with_condition	0
0.90337193	MONDO:0700343	HGNC:8617	biolink:causes	0
0.502888	MONDO:0800029	HGNC:8851	biolink:gene_associated_with_condition	0
0.8758118	MONDO:0800029	HGNC:14938	biolink:gene_associated_with_condition	0
0.5686882	MONDO:0800029	HGNC:8620	biolink:gene_associated_with_condition	0
0.89742976	MONDO:0800029	HGNC:9251	biolink:causes	0
0.9949567	MONDO:0800436	HGNC:23088	biolink:causes	0
0.4468224	MONDO:0800452	HGNC:12687	biolink:gene_associated_with_condition	0
0.96082747	MONDO:0800452	HGNC:3689	biolink:causes	0
0.9470701	MONDO:0800452	HGNC:7788	biolink:gene_associated_with_condition	0
0.97560215	MONDO:0850078	HGNC:5273	biolink:gene_associated_with_condition	0
0.83183926	MONDO:0850078	HGNC:10727	biolink:causes	0
0.739338	MONDO:0859226	HGNC:4180	biolink:gene_associated_with_condition	0
0.2902183	MONDO:0859293	HGNC:17019	biolink:causes	0
0.64331293	MONDO:0859311	HGNC:25636	biolink:causes	0
0.124621205	MONDO:0859311	HGNC:26058	biolink:causes	0
0.94898427	MONDO:0859320	HGNC:7944	biolink:causes	0
0.77528787	MONDO:0859374	HGNC:5476	biolink:gene_associated_with_condition	0
0.54459614	MONDO:0859379	HGNC:4431	biolink:causes	0
0.026805537	MONDO:0859521	HGNC:10736	biolink:gene_associated_with_condition	0
0.114504814	MONDO:0957202	HGNC:4888	biolink:contributes_to	0
0.8782848	MONDO:0957270	HGNC:3218	biolink:causes	0
0.17292699	MONDO:0957270	HGNC:3816	biolink:causes	0
0.6558017	MONDO:0957270	HGNC:12873	biolink:gene_associated_with_condition	0
0.80626774	MONDO:0957787	HGNC:4367	biolink:gene_associated_with_condition	0
0.8147265	MONDO:0957787	HGNC:2383	biolink:causes	0
0.9253428	MONDO:0957993	HGNC:1839	biolink:causes	0
0.6518188	MONDO:0957993	HGNC:8001	biolink:causes	0
0.9472951	MONDO:0957993	HGNC:2198	biolink:causes	0
0.3781227	MONDO:0958085	HGNC:20672	biolink:causes	0
0.91311514	MONDO:0958085	HGNC:10955	biolink:causes	0
0.5333058	MONDO:0958085	HGNC:12463	biolink:gene_associated_with_condition	0
0.68954223	MONDO:0958085	HGNC:572	biolink:causes	0
0.93732375	MONDO:0958085	HGNC:438	biolink:gene_associated_with_condition	0
0.5051123	MONDO:0958085	HGNC:315	biolink:causes	0
0.15304203	MONDO:0958085	HGNC:14539	biolink:contributes_to	0
0.7892112	MONDO:0968981	HGNC:592	biolink:causes	0
0.5548297	MONDO:0971001	HGNC:2342	biolink:causes	0
0.6444657	MONDO:0971014	HGNC:14575	biolink:gene_associated_with_condition	0
0.66913575	MONDO:0975761	HGNC:7097	biolink:gene_associated_with_condition	0
0.70626813	MONDO:0975841	HGNC:6694	biolink:gene_associated_with_condition	0
0.5934671	HGNC:48	MONDO:0008542	biolink:causes	0
0.06462884	HGNC:14639	MONDO:0014012	biolink:causes	0
0.027876414	HGNC:14639	MONDO:0012980	biolink:causes	0
0.35495433	HGNC:90	MONDO:0044638	biolink:gene_associated_with_condition	0
0.39993185	HGNC:90	MONDO:0012786	biolink:gene_associated_with_condition	0
0.5296753	HGNC:90	MONDO:0032900	biolink:gene_associated_with_condition	0
0.51990503	HGNC:16066	MONDO:0858999	biolink:gene_associated_with_condition	0
0.66212785	HGNC:27288	MONDO:0032650	biolink:gene_associated_with_condition	0
0.46596617	HGNC:132	MONDO:0014131	biolink:gene_associated_with_condition	0
0.89026827	HGNC:132	MONDO:0017401	biolink:causes	0
0.5474476	HGNC:132	MONDO:0000914	biolink:causes	0
0.4908008	HGNC:132	MONDO:0008637	biolink:gene_associated_with_condition	0
0.24261232	HGNC:132	MONDO:0010790	biolink:gene_associated_with_condition	0
0.453203	HGNC:132	MONDO:0020603	biolink:causes	0
0.49297878	HGNC:143	MONDO:0011556	biolink:causes	0
0.52915305	HGNC:164	MONDO:0010441	biolink:causes	0
0.7047344	HGNC:164	MONDO:0009140	biolink:causes	0
0.45533538	HGNC:177	MONDO:0014586	biolink:gene_associated_with_condition	0
0.5160875	HGNC:177	MONDO:0009874	biolink:gene_associated_with_condition	0
0.5304639	HGNC:177	MONDO:0014080	biolink:gene_associated_with_condition	0
0.7366046	HGNC:177	MONDO:0035940	biolink:gene_associated_with_condition	0
0.6899347	HGNC:17111	MONDO:0015278	biolink:causes	0
0.252726	HGNC:226	MONDO:0013561	biolink:causes	0
0.5051123	HGNC:315	MONDO:0958085	biolink:causes	0
0.63127154	HGNC:317	MONDO:0007232	biolink:gene_associated_with_condition	0
0.5606935	HGNC:317	MONDO:0014754	biolink:gene_associated_with_condition	0
0.4805107	HGNC:317	MONDO:0019150	biolink:gene_associated_with_condition	0
0.51721287	HGNC:317	MONDO:0030967	biolink:causes	0
0.5740521	HGNC:329	MONDO:0007925	biolink:causes	0
0.5640581	HGNC:329	MONDO:0010606	biolink:causes	0
0.7798771	HGNC:329	MONDO:0013414	biolink:gene_associated_with_condition	0
0.66655976	HGNC:8768	MONDO:0054776	biolink:causes	0
0.11172612	HGNC:20091	MONDO:0007740	biolink:causes	0
0.30483466	HGNC:379	MONDO:0008134	biolink:causes	0
0.11848785	HGNC:388	MONDO:0049222	biolink:gene_associated_with_condition	0
0.51018417	HGNC:388	MONDO:0030619	biolink:gene_associated_with_condition	0
0.23914285	HGNC:388	MONDO:0800030	biolink:causes	0
0.78098804	HGNC:19358	MONDO:0850095	biolink:causes	0
0.93825	HGNC:19358	MONDO:0014217	biolink:causes	0
0.26056126	HGNC:427	MONDO:0030787	biolink:gene_associated_with_condition	0
0.22250682	HGNC:427	MONDO:0012184	biolink:contributes_to	0
0.38330814	HGNC:427	MONDO:0957382	biolink:contributes_to	0
0.97812086	HGNC:449	MONDO:0014771	biolink:causes	0
0.9267387	HGNC:3544	MONDO:0004951	biolink:gene_associated_with_condition	0
0.42972437	HGNC:3544	MONDO:0020748	biolink:gene_associated_with_condition	0
0.4365076	HGNC:3530	MONDO:0008818	biolink:causes	0
0.45750177	HGNC:3530	MONDO:0013052	biolink:gene_associated_with_condition	0
0.9289332	HGNC:3587	MONDO:0008542	biolink:causes	0
0.8341917	HGNC:26222	MONDO:0007445	biolink:causes	0
0.76990664	HGNC:26222	MONDO:0010415	biolink:causes	0
0.8764724	HGNC:26222	MONDO:0009110	biolink:causes	0
0.36948496	HGNC:11936	MONDO:0013821	biolink:causes	0
0.95885193	HGNC:3603	MONDO:0012943	biolink:causes	0
0.94887066	HGNC:3603	MONDO:0014184	biolink:causes	0
0.98115253	HGNC:3603	MONDO:0008777	biolink:gene_associated_with_condition	0
0.94391006	HGNC:13601	MONDO:0030037	biolink:gene_associated_with_condition	0
0.7679736	HGNC:13601	MONDO:0007137	biolink:gene_associated_with_condition	0
0.753602	HGNC:3686	MONDO:0012381	biolink:causes	0
0.8320309	HGNC:3694	MONDO:0014343	biolink:gene_associated_with_condition	0
0.6716761	HGNC:3694	MONDO:0008377	biolink:gene_associated_with_condition	0
0.9703901	HGNC:18169	MONDO:0014997	biolink:gene_associated_with_condition	0
0.943342	HGNC:18169	MONDO:0012994	biolink:gene_associated_with_condition	0
0.8098996	HGNC:3756	MONDO:0010655	biolink:causes	0
0.2723118	HGNC:3756	MONDO:0012004	biolink:causes	0
0.2899867	HGNC:3756	MONDO:0014013	biolink:causes	0
0.72886574	HGNC:3767	MONDO:0014282	biolink:causes	0
0.8166734	HGNC:3767	MONDO:0010465	biolink:causes	0
0.65801555	HGNC:3767	MONDO:0013063	biolink:causes	0
0.2633455	HGNC:3816	MONDO:0008644	biolink:causes	0
0.4647108	HGNC:3816	MONDO:0009052	biolink:causes	0
0.8081055	HGNC:3816	MONDO:0014343	biolink:causes	0
0.19772531	HGNC:3816	MONDO:0100083	biolink:causes	0
0.17292699	HGNC:3816	MONDO:0957270	biolink:causes	0
0.8858272	HGNC:12765	MONDO:0060702	biolink:gene_associated_with_condition	0
0.8546521	HGNC:26927	MONDO:0032849	biolink:causes	0
0.36113292	HGNC:26927	MONDO:0007791	biolink:causes	0
0.4502562	HGNC:4017	MONDO:0032927	biolink:causes	0
0.4193669	HGNC:4042	MONDO:0024457	biolink:causes	0
0.84723425	HGNC:4042	MONDO:0012276	biolink:causes	0
0.40374053	HGNC:4042	MONDO:0009414	biolink:causes	0
0.8623168	HGNC:4507	MONDO:0019374	biolink:contributes_to	0
0.3728879	HGNC:4082	MONDO:0009411	biolink:causes	0
0.9444731	HGNC:4171	MONDO:0008542	biolink:causes	0
0.46356872	HGNC:4171	MONDO:0030690	biolink:causes	0
0.85936797	HGNC:4173	MONDO:0007922	biolink:gene_associated_with_condition	0
0.56319463	HGNC:4173	MONDO:0024541	biolink:gene_associated_with_condition	0
0.72550356	HGNC:8849	MONDO:0014682	biolink:causes	0
0.3122152	HGNC:4312	MONDO:0859338	biolink:contributes_to	0
0.025575621	HGNC:4312	MONDO:0020298	biolink:contributes_to	0
0.4258824	HGNC:4217	MONDO:0011783	biolink:causes	0
0.41630337	HGNC:4217	MONDO:0011801	biolink:causes	0
0.6858423	HGNC:4263	MONDO:0017696	biolink:gene_associated_with_condition	0
0.7272418	HGNC:4263	MONDO:0014635	biolink:gene_associated_with_condition	0
0.95256764	HGNC:17494	MONDO:0032705	biolink:gene_associated_with_condition	0
0.7528817	HGNC:17494	MONDO:0007744	biolink:causes	0
0.9061307	HGNC:4319	MONDO:0017049	biolink:causes	0
0.7432775	HGNC:4319	MONDO:0030619	biolink:causes	0
0.040267408	HGNC:29525	MONDO:0013162	biolink:causes	0
0.25335905	HGNC:29525	MONDO:0007664	biolink:causes	0
0.02226129	HGNC:29525	MONDO:0008700	biolink:causes	0
0.48145247	HGNC:4379	MONDO:0008834	biolink:gene_associated_with_condition	0
0.32291907	HGNC:4379	MONDO:0014602	biolink:causes	0
0.36953053	HGNC:4379	MONDO:0033047	biolink:gene_associated_with_condition	0
0.29055154	HGNC:4379	MONDO:0007042	biolink:gene_associated_with_condition	0
0.327071	HGNC:4379	MONDO:0024552	biolink:gene_associated_with_condition	0
0.8141213	HGNC:4379	MONDO:0958180	biolink:causes	0
0.58134925	HGNC:4390	MONDO:0014693	biolink:gene_associated_with_condition	0
0.8797773	HGNC:4393	MONDO:0010169	biolink:causes	0
0.6793779	HGNC:4393	MONDO:0010511	biolink:causes	0
0.11004447	HGNC:4393	MONDO:0007103	biolink:causes	0
0.9532639	HGNC:19980	MONDO:0957271	biolink:causes	0
0.8852224	HGNC:29670	MONDO:0008377	biolink:gene_associated_with_condition	0
0.8382725	HGNC:4439	MONDO:0008818	biolink:gene_associated_with_condition	0
0.662497	HGNC:2799	MONDO:0009965	biolink:causes	0
0.77616024	HGNC:4689	MONDO:0007537	biolink:causes	0
0.81433713	HGNC:4689	MONDO:0012453	biolink:causes	0
0.69003105	HGNC:4689	MONDO:0008885	biolink:causes	0
0.24878266	HGNC:4798	MONDO:0030007	biolink:contributes_to	0
0.35298195	HGNC:4827	MONDO:0100600	biolink:gene_associated_with_condition	0
0.96984094	HGNC:13315	MONDO:0032855	biolink:gene_associated_with_condition	0
0.80045044	HGNC:4877	MONDO:0060457	biolink:gene_associated_with_condition	0
0.78782046	HGNC:4877	MONDO:0009929	biolink:gene_associated_with_condition	0
0.9245698	HGNC:4877	MONDO:0027451	biolink:gene_associated_with_condition	0
0.06894892	HGNC:23302	MONDO:0009339	biolink:causes	0
0.03974393	HGNC:23302	MONDO:0010086	biolink:causes	0
0.45820668	HGNC:23302	MONDO:0014343	biolink:causes	0
0.69494665	HGNC:5005	MONDO:0011603	biolink:gene_associated_with_condition	0
0.6176397	HGNC:5005	MONDO:0030455	biolink:causes	0
0.50889695	HGNC:5147	MONDO:0007363	biolink:gene_associated_with_condition	0
0.4198628	HGNC:28460	MONDO:0012531	biolink:causes	0
0.13531077	HGNC:28460	MONDO:0032636	biolink:causes	0
0.070438236	HGNC:4800	MONDO:0009804	biolink:gene_associated_with_condition	0
0.4396748	HGNC:4851	MONDO:0044617	biolink:gene_associated_with_condition	0
0.8771373	HGNC:24587	MONDO:0014343	biolink:causes	0
0.7757582	HGNC:24587	MONDO:0014779	biolink:causes	0
0.7199239	HGNC:5385	MONDO:0010963	biolink:causes	0
0.90349746	HGNC:5385	MONDO:0014343	biolink:causes	0
0.7612829	HGNC:5385	MONDO:0017729	biolink:causes	0
0.71561193	HGNC:5385	MONDO:0007363	biolink:causes	0
0.9674764	HGNC:5389	MONDO:0007922	biolink:gene_associated_with_condition	0
0.95311284	HGNC:16644	MONDO:0011540	biolink:causes	0
0.76734626	HGNC:18626	MONDO:0013171	biolink:causes	0
0.89807385	HGNC:6000	MONDO:0010651	biolink:gene_associated_with_condition	0
0.50422704	HGNC:21474	MONDO:0032723	biolink:causes	0
0.77775514	HGNC:6080	MONDO:0007032	biolink:causes	0
0.96993154	HGNC:14361	MONDO:0030915	biolink:causes	0
0.8259339	HGNC:6186	MONDO:0012792	biolink:causes	0
0.6652736	HGNC:6186	MONDO:0014343	biolink:causes	0
0.3282382	HGNC:14202	MONDO:0018324	biolink:causes	0
0.4131795	HGNC:14202	MONDO:0019107	biolink:causes	0
0.19699389	HGNC:14202	MONDO:0012930	biolink:causes	0
0.69646287	HGNC:6217	MONDO:0014282	biolink:gene_associated_with_condition	0
0.77955997	HGNC:29068	MONDO:0009495	biolink:causes	0
0.6304999	HGNC:29068	MONDO:0007636	biolink:causes	0
0.64614683	HGNC:6222	MONDO:0035651	biolink:causes	0
0.19574922	HGNC:6235	MONDO:0009642	biolink:causes	0
0.87486136	HGNC:6235	MONDO:0033259	biolink:causes	0
0.5829416	HGNC:6235	MONDO:0011484	biolink:causes	0
0.55376023	HGNC:6235	MONDO:0032915	biolink:causes	0
0.69555414	HGNC:6251	MONDO:0017049	biolink:causes	0
0.21758689	HGNC:39080	MONDO:0008678	biolink:contributes_to	0
0.60673785	HGNC:1337	MONDO:0014532	biolink:gene_associated_with_condition	0
0.69175166	HGNC:1337	MONDO:0044718	biolink:gene_associated_with_condition	0
0.8449398	HGNC:22219	MONDO:0014343	biolink:causes	0
0.5799489	HGNC:19349	MONDO:0013777	biolink:gene_associated_with_condition	0
0.2657332	HGNC:6342	MONDO:0008476	biolink:gene_associated_with_condition	0
0.4132132	HGNC:6342	MONDO:0018131	biolink:gene_associated_with_condition	0
0.6199363	HGNC:6342	MONDO:0971016	biolink:gene_associated_with_condition	0
0.4151711	HGNC:20716	MONDO:0014202	biolink:gene_associated_with_condition	0
0.30893406	HGNC:20716	MONDO:0012682	biolink:causes	0
0.07573053	HGNC:21839	MONDO:0008684	biolink:causes	0
0.08761489	HGNC:6440	MONDO:0011448	biolink:causes	0
0.5766998	HGNC:6423	MONDO:0017382	biolink:gene_associated_with_condition	0
0.72109437	HGNC:6423	MONDO:0032845	biolink:gene_associated_with_condition	0
0.39672428	HGNC:26058	MONDO:0010758	biolink:causes	0
0.124621205	HGNC:26058	MONDO:0859311	biolink:causes	0
0.6991377	HGNC:6483	MONDO:0013216	biolink:gene_associated_with_condition	0
0.54064614	HGNC:6483	MONDO:0014020	biolink:gene_associated_with_condition	0
0.8602632	HGNC:6483	MONDO:0007363	biolink:gene_associated_with_condition	0
0.090169206	HGNC:6501	MONDO:0009818	biolink:causes	0
0.8917624	HGNC:6501	MONDO:0014343	biolink:causes	0
0.31671804	HGNC:31923	MONDO:0008153	biolink:causes	0
0.22879589	HGNC:31923	MONDO:0012607	biolink:causes	0
0.49447626	HGNC:31923	MONDO:0016705	biolink:causes	0
0.82423246	HGNC:6530	MONDO:0012700	biolink:causes	0
0.45950055	HGNC:3122	MONDO:0018758	biolink:causes	0
0.71377677	HGNC:21244	MONDO:0014981	biolink:gene_associated_with_condition	0
0.063937746	HGNC:6553	MONDO:0007747	biolink:causes	0
0.7289528	HGNC:6572	MONDO:0017116	biolink:causes	0
0.42493805	HGNC:6619	MONDO:0010964	biolink:gene_associated_with_condition	0
0.10780285	HGNC:6619	MONDO:0008377	biolink:gene_associated_with_condition	0
0.8805976	HGNC:23038	MONDO:0014343	biolink:gene_associated_with_condition	0
0.19381036	HGNC:14154	MONDO:0014693	biolink:causes	0
0.9165656	HGNC:26521	MONDO:0009461	biolink:causes	0
0.36833948	HGNC:30860	MONDO:0009306	biolink:causes	0
0.1609031	HGNC:6709	MONDO:0011106	biolink:contributes_to	0
0.5223141	HGNC:6709	MONDO:0014343	biolink:contributes_to	0
0.076203875	HGNC:6709	MONDO:0024559	biolink:contributes_to	0
0.98506236	HGNC:6716	MONDO:0007922	biolink:causes	0
0.87908363	HGNC:6735	MONDO:0014343	biolink:causes	0
0.43865162	HGNC:6735	MONDO:0009683	biolink:causes	0
0.49307582	HGNC:1968	MONDO:0012004	biolink:causes	0
0.8551661	HGNC:1968	MONDO:0008377	biolink:causes	0
0.49001774	HGNC:13664	MONDO:0012287	biolink:causes	0
0.37209862	HGNC:28880	MONDO:0033482	biolink:causes	0
0.32932892	HGNC:6816	MONDO:0009061	biolink:causes	0
0.88274115	HGNC:6823	MONDO:0014522	biolink:causes	0
0.7220543	HGNC:469	MONDO:0020737	biolink:gene_associated_with_condition	0
0.7077379	HGNC:494	MONDO:0020749	biolink:gene_associated_with_condition	0
0.63300085	HGNC:494	MONDO:0100186	biolink:causes	0
0.73852444	HGNC:494	MONDO:0014115	biolink:causes	0
0.6777011	HGNC:494	MONDO:0010506	biolink:causes	0
0.06743026	HGNC:15819	MONDO:0800445	biolink:causes	0
0.4213301	HGNC:15819	MONDO:0011226	biolink:causes	0
0.54986584	HGNC:21316	MONDO:0700301	biolink:gene_associated_with_condition	0
0.97660464	HGNC:27337	MONDO:0008490	biolink:gene_associated_with_condition	0
0.93421084	HGNC:27337	MONDO:0013690	biolink:gene_associated_with_condition	0
0.8971877	HGNC:27337	MONDO:0014230	biolink:gene_associated_with_condition	0
0.9736366	HGNC:27337	MONDO:0020745	biolink:gene_associated_with_condition	0
0.78692794	HGNC:27337	MONDO:0025354	biolink:causes	0
0.83539665	HGNC:27337	MONDO:0008559	biolink:causes	0
0.41016155	HGNC:27337	MONDO:0011908	biolink:gene_associated_with_condition	0
0.94977766	HGNC:27337	MONDO:0012596	biolink:causes	0
0.9195981	HGNC:560	MONDO:0010496	biolink:gene_associated_with_condition	0
0.83028054	HGNC:14103	MONDO:0014343	biolink:gene_associated_with_condition	0
0.8963545	HGNC:23045	MONDO:0008377	biolink:causes	0
0.5709298	HGNC:18060	MONDO:0011102	biolink:causes	0
0.5863259	HGNC:738	MONDO:0024541	biolink:gene_associated_with_condition	0
0.74171513	HGNC:23805	MONDO:0015519	biolink:gene_associated_with_condition	0
0.73217267	HGNC:23805	MONDO:0007922	biolink:gene_associated_with_condition	0
0.36917523	HGNC:24007	MONDO:0008274	biolink:gene_associated_with_condition	0
0.76002175	HGNC:779	MONDO:0018611	biolink:causes	0
0.5125799	HGNC:800	MONDO:0014338	biolink:causes	0
0.66824025	HGNC:6842	MONDO:0031084	biolink:causes	0
0.76984954	HGNC:6842	MONDO:0032728	biolink:causes	0
0.87679607	HGNC:6859	MONDO:0014518	biolink:causes	0
0.62436694	HGNC:6859	MONDO:0019669	biolink:causes	0
0.86247814	HGNC:6859	MONDO:0013418	biolink:causes	0
0.97758144	HGNC:15455	MONDO:0020602	biolink:causes	0
0.88644665	HGNC:15455	MONDO:0015520	biolink:causes	0
0.90443087	HGNC:15455	MONDO:0037149	biolink:gene_associated_with_condition	0
0.93307364	HGNC:15455	MONDO:0007163	biolink:gene_associated_with_condition	0
0.12262528	HGNC:40050	MONDO:0044651	biolink:causes	0
0.856394	HGNC:13356	MONDO:0014343	biolink:causes	0
0.84135574	HGNC:13356	MONDO:0024541	biolink:causes	0
0.7036247	HGNC:13356	MONDO:0030910	biolink:causes	0
0.7086964	HGNC:28870	MONDO:0009871	biolink:causes	0
0.53559303	HGNC:6970	MONDO:0014480	biolink:causes	0
0.45152488	HGNC:6970	MONDO:0009609	biolink:causes	0
0.8296706	HGNC:6970	MONDO:0014343	biolink:causes	0
0.4593886	HGNC:7001	MONDO:0013110	biolink:gene_associated_with_condition	0
0.84301925	HGNC:7001	MONDO:0100119	biolink:gene_associated_with_condition	0
0.33357444	HGNC:16205	MONDO:0010477	biolink:causes	0
0.37280196	HGNC:16205	MONDO:0032726	biolink:causes	0
0.7634652	HGNC:7103	MONDO:0011819	biolink:gene_associated_with_condition	0
0.68839836	HGNC:7103	MONDO:0014230	biolink:gene_associated_with_condition	0
0.32593486	HGNC:7103	MONDO:0018114	biolink:gene_associated_with_condition	0
0.589618	HGNC:7103	MONDO:0012382	biolink:gene_associated_with_condition	0
0.031547055	HGNC:16063	MONDO:0018274	biolink:gene_associated_with_condition	0
0.21070206	HGNC:7526	MONDO:0012607	biolink:gene_associated_with_condition	0
0.848439	HGNC:7526	MONDO:0014845	biolink:gene_associated_with_condition	0
0.8560322	HGNC:7526	MONDO:0019855	biolink:gene_associated_with_condition	0
0.8687614	HGNC:4979	MONDO:0032815	biolink:causes	0
0.6989486	HGNC:7208	MONDO:0700090	biolink:gene_associated_with_condition	0
0.07565829	HGNC:7392	MONDO:0013685	biolink:gene_associated_with_condition	0
0.543578	HGNC:7490	MONDO:0975754	biolink:gene_associated_with_condition	0
0.3641216	HGNC:26784	MONDO:0009513	biolink:gene_associated_with_condition	0
0.7110771	HGNC:26784	MONDO:0014648	biolink:gene_associated_with_condition	0
0.36991382	HGNC:26784	MONDO:0010631	biolink:causes	0
0.86410785	HGNC:7569	MONDO:0010803	biolink:causes	0
0.3607611	HGNC:7569	MONDO:0012039	biolink:gene_associated_with_condition	0
0.914032	HGNC:7569	MONDO:0971172	biolink:gene_associated_with_condition	0
0.1486894	HGNC:7590	MONDO:0008005	biolink:causes	0
0.5138598	HGNC:7601	MONDO:0012039	biolink:causes	0
0.67910904	HGNC:17996	MONDO:0013116	biolink:gene_associated_with_condition	0
0.60562825	HGNC:17996	MONDO:0014361	biolink:causes	0
0.6231839	HGNC:7652	MONDO:0033533	biolink:gene_associated_with_condition	0
0.3207665	HGNC:7720	MONDO:0012883	biolink:causes	0
0.8627888	HGNC:7720	MONDO:0013937	biolink:causes	0
0.87884	HGNC:7744	MONDO:0010185	biolink:contributes_to	0
0.95103854	HGNC:7744	MONDO:0011529	biolink:gene_associated_with_condition	0
0.7001855	HGNC:7744	MONDO:0011837	biolink:gene_associated_with_condition	0
0.8694713	HGNC:7744	MONDO:0018877	biolink:contributes_to	0
0.9444298	HGNC:7744	MONDO:0008377	biolink:contributes_to	0
0.88577247	HGNC:18591	MONDO:0009658	biolink:causes	0
0.87850535	HGNC:18591	MONDO:0033045	biolink:causes	0
0.90950084	HGNC:18591	MONDO:0700250	biolink:causes	0
0.91613185	HGNC:18591	MONDO:0008377	biolink:causes	0
0.478274	HGNC:12768	MONDO:0019930	biolink:gene_associated_with_condition	0
0.9470701	HGNC:7788	MONDO:0800452	biolink:gene_associated_with_condition	0
0.43661273	HGNC:7795	MONDO:0008479	biolink:gene_associated_with_condition	0
0.019263264	HGNC:25737	MONDO:0011003	biolink:gene_associated_with_condition	0
0.770349	HGNC:7871	MONDO:0020563	biolink:gene_associated_with_condition	0
0.5979348	HGNC:7883	MONDO:0007925	biolink:causes	0
0.60430086	HGNC:7883	MONDO:0011603	biolink:causes	0
0.829054	HGNC:7883	MONDO:0013218	biolink:causes	0
0.6654554	HGNC:7883	MONDO:0011143	biolink:causes	0
0.71371466	HGNC:7883	MONDO:0021093	biolink:causes	0
0.9734085	HGNC:7883	MONDO:0014343	biolink:gene_associated_with_condition	0
0.8483052	HGNC:7883	MONDO:0017945	biolink:gene_associated_with_condition	0
0.8830053	HGNC:7883	MONDO:0054794	biolink:causes	0
0.96663195	HGNC:7883	MONDO:0013426	biolink:causes	0
0.08664959	HGNC:7910	MONDO:0030281	biolink:gene_associated_with_condition	0
0.15153362	HGNC:7910	MONDO:0030915	biolink:gene_associated_with_condition	0
0.9852557	HGNC:7944	MONDO:0014995	biolink:causes	0
0.96571964	HGNC:7944	MONDO:0007794	biolink:causes	0
0.91673434	HGNC:7944	MONDO:0013948	biolink:causes	0
0.9406084	HGNC:7944	MONDO:0010315	biolink:causes	0
0.95287985	HGNC:7944	MONDO:0021571	biolink:causes	0
0.94898427	HGNC:7944	MONDO:0859320	biolink:causes	0
0.9828735	HGNC:7944	MONDO:0026730	biolink:causes	0
0.7148949	HGNC:7974	MONDO:0013766	biolink:gene_associated_with_condition	0
0.6476718	HGNC:7974	MONDO:0012805	biolink:gene_associated_with_condition	0
0.22971663	HGNC:7974	MONDO:0044220	biolink:gene_associated_with_condition	0
0.8988462	HGNC:13398	MONDO:0032853	biolink:causes	0
0.7896738	HGNC:13398	MONDO:0012041	biolink:causes	0
0.6797387	HGNC:13398	MONDO:0033980	biolink:causes	0
0.41313305	HGNC:7677	MONDO:0009279	biolink:causes	0
0.53682804	HGNC:7677	MONDO:0010907	biolink:causes	0
0.15866767	HGNC:7677	MONDO:0030875	biolink:causes	0
0.32681003	HGNC:8029	MONDO:0012203	biolink:causes	0
0.91021925	HGNC:8029	MONDO:0008377	biolink:causes	0
0.37010744	HGNC:29929	MONDO:0014850	biolink:causes	0
0.19928801	HGNC:18016	MONDO:0007564	biolink:causes	0
0.6585726	HGNC:9936	MONDO:0014343	biolink:gene_associated_with_condition	0
0.613173	HGNC:9936	MONDO:0009050	biolink:gene_associated_with_condition	0
0.7046738	HGNC:25896	MONDO:0013821	biolink:causes	0
0.18745813	HGNC:8565	MONDO:0009218	biolink:causes	0
0.38449806	HGNC:8565	MONDO:0012847	biolink:causes	0
0.25205812	HGNC:8592	MONDO:0009773	biolink:causes	0
0.8071238	HGNC:8604	MONDO:0011073	biolink:gene_associated_with_condition	0
0.92459804	HGNC:8604	MONDO:0032572	biolink:causes	0
0.8776864	HGNC:8604	MONDO:0859187	biolink:causes	0
0.6538227	HGNC:8618	MONDO:0013948	biolink:contributes_to	0
0.92448574	HGNC:8618	MONDO:0014343	biolink:contributes_to	0
0.8690549	HGNC:8632	MONDO:0008542	biolink:gene_associated_with_condition	0
0.15514384	HGNC:8632	MONDO:0020705	biolink:gene_associated_with_condition	0
0.7958327	HGNC:8657	MONDO:0008087	biolink:causes	0
0.7778823	HGNC:8657	MONDO:0012786	biolink:causes	0
0.785414	HGNC:8657	MONDO:0008393	biolink:causes	0
0.74149406	HGNC:14270	MONDO:0012912	biolink:gene_associated_with_condition	0
0.4003092	HGNC:8756	MONDO:0011789	biolink:causes	0
0.41209206	HGNC:8756	MONDO:0012522	biolink:causes	0
0.4653466	HGNC:8786	MONDO:0008490	biolink:causes	0
0.6850369	HGNC:8789	MONDO:0032758	biolink:causes	0
0.65715677	HGNC:8850	MONDO:0013189	biolink:gene_associated_with_condition	0
0.889169	HGNC:8940	MONDO:0015003	biolink:causes	0
0.6466537	HGNC:8940	MONDO:0020316	biolink:causes	0
0.94300497	HGNC:28993	MONDO:0012421	biolink:causes	0
0.8630708	HGNC:28993	MONDO:0013047	biolink:causes	0
0.65696216	HGNC:28993	MONDO:0011908	biolink:causes	0
0.84552336	HGNC:28993	MONDO:0007191	biolink:causes	0
0.909918	HGNC:28993	MONDO:0008377	biolink:causes	0
0.7891547	HGNC:28993	MONDO:0011430	biolink:causes	0
0.9590898	HGNC:26270	MONDO:0859328	biolink:causes	0
0.9594575	HGNC:26270	MONDO:0013559	biolink:causes	0
0.9844431	HGNC:26270	MONDO:0024457	biolink:gene_associated_with_condition	0
0.9841574	HGNC:26270	MONDO:0032888	biolink:causes	0
0.915773	HGNC:26270	MONDO:0013851	biolink:gene_associated_with_condition	0
0.95629865	HGNC:8959	MONDO:0009624	biolink:causes	0
0.8851664	HGNC:8959	MONDO:0014004	biolink:causes	0
0.79952556	HGNC:8965	MONDO:0014198	biolink:causes	0
0.8165351	HGNC:8965	MONDO:0012453	biolink:causes	0
0.7279263	HGNC:15791	MONDO:0008931	biolink:causes	0
0.85931206	HGNC:8975	MONDO:0010130	biolink:causes	0
0.6700278	HGNC:8975	MONDO:0017218	biolink:causes	0
0.65656644	HGNC:9039	MONDO:0007589	biolink:gene_associated_with_condition	0
0.7135471	HGNC:9039	MONDO:0007881	biolink:gene_associated_with_condition	0
0.85247207	HGNC:9039	MONDO:0013690	biolink:causes	0
0.8192841	HGNC:9039	MONDO:0007158	biolink:causes	0
0.56556255	HGNC:9039	MONDO:0011484	biolink:gene_associated_with_condition	0
0.6864988	HGNC:9039	MONDO:0011546	biolink:causes	0
0.6629815	HGNC:9043	MONDO:0013301	biolink:gene_associated_with_condition	0
0.096608035	HGNC:9052	MONDO:0011017	biolink:gene_associated_with_condition	0
0.7909529	HGNC:9069	MONDO:0014718	biolink:gene_associated_with_condition	0
0.47152442	HGNC:9069	MONDO:0010315	biolink:causes	0
0.75978154	HGNC:9069	MONDO:0011570	biolink:gene_associated_with_condition	0
0.8553079	HGNC:9081	MONDO:0020512	biolink:causes	0
0.9525723	HGNC:9081	MONDO:0011335	biolink:causes	0
0.7635471	HGNC:22954	MONDO:0012395	biolink:causes	0
0.4896663	HGNC:9175	MONDO:0014455	biolink:causes	0
0.66048235	HGNC:9179	MONDO:0013678	biolink:causes	0
0.025114171	HGNC:9181	MONDO:0015597	biolink:causes	0
0.4726689	HGNC:30348	MONDO:0011450	biolink:gene_associated_with_condition	0
0.97373724	HGNC:9202	MONDO:0032687	biolink:gene_associated_with_condition	0
0.9674334	HGNC:9210	MONDO:0008720	biolink:causes	0
0.5782687	HGNC:25686	MONDO:0014296	biolink:causes	0
0.7201543	HGNC:25686	MONDO:0008377	biolink:causes	0
0.4261765	HGNC:25686	MONDO:0017947	biolink:causes	0
0.2546321	HGNC:9282	MONDO:0012295	biolink:causes	0
0.4164592	HGNC:9282	MONDO:0012197	biolink:causes	0
0.7954508	HGNC:9282	MONDO:0060556	biolink:causes	0
0.846802	HGNC:13993	MONDO:0008542	biolink:gene_associated_with_condition	0
0.5902034	HGNC:13993	MONDO:0013342	biolink:gene_associated_with_condition	0
0.50720966	HGNC:13993	MONDO:0011902	biolink:gene_associated_with_condition	0
0.13067554	HGNC:17019	MONDO:0007485	biolink:causes	0
0.2902183	HGNC:17019	MONDO:0859293	biolink:causes	0
0.07296181	HGNC:9382	MONDO:0008005	biolink:causes	0
0.23132597	HGNC:9382	MONDO:0010185	biolink:causes	0
0.16092606	HGNC:17340	MONDO:0054750	biolink:causes	0
0.05562854	HGNC:17340	MONDO:0008310	biolink:causes	0
0.101858154	HGNC:17340	MONDO:0017218	biolink:causes	0
0.89736265	HGNC:9942	MONDO:0011547	biolink:causes	0
0.8854054	HGNC:19129	MONDO:0008542	biolink:causes	0
0.87308973	HGNC:19129	MONDO:0013570	biolink:causes	0
0.99128145	HGNC:19129	MONDO:0014343	biolink:gene_associated_with_condition	0
0.9470269	HGNC:19129	MONDO:0013357	biolink:gene_associated_with_condition	0
0.93618876	HGNC:19129	MONDO:0013977	biolink:gene_associated_with_condition	0
0.0143118175	HGNC:9508	MONDO:0957268	biolink:causes	0
0.6785421	HGNC:9588	MONDO:0032906	biolink:contributes_to	0
0.12195359	HGNC:9588	MONDO:0975746	biolink:gene_associated_with_condition	0
0.53590965	HGNC:23734	MONDO:0007205	biolink:causes	0
0.35567522	HGNC:9701	MONDO:0054763	biolink:gene_associated_with_condition	0
0.11800964	HGNC:9701	MONDO:0010227	biolink:gene_associated_with_condition	0
0.60223114	HGNC:15508	MONDO:0044617	biolink:causes	0
0.49245822	HGNC:816	MONDO:0032636	biolink:gene_associated_with_condition	0
0.8520393	HGNC:851	MONDO:0019828	biolink:causes	0
0.29978055	HGNC:987	MONDO:0019569	biolink:gene_associated_with_condition	0
0.18174249	HGNC:987	MONDO:0008087	biolink:gene_associated_with_condition	0
0.59034723	HGNC:1020	MONDO:0008559	biolink:gene_associated_with_condition	0
0.38673732	HGNC:17208	MONDO:0008633	biolink:gene_associated_with_condition	0
0.908129	HGNC:4332	MONDO:0007244	biolink:causes	0
0.54979336	HGNC:4332	MONDO:0044626	biolink:causes	0
0.80354905	HGNC:1067	MONDO:0957284	biolink:causes	0
0.22801322	HGNC:1093	MONDO:0011285	biolink:causes	0
0.083175376	HGNC:1093	MONDO:0012043	biolink:gene_associated_with_condition	0
0.10216894	HGNC:1093	MONDO:0018000	biolink:gene_associated_with_condition	0
0.3617931	HGNC:1093	MONDO:0033200	biolink:causes	0
0.76946914	HGNC:26019	MONDO:0030025	biolink:causes	0
0.7254446	HGNC:1097	MONDO:0012700	biolink:causes	0
0.9100664	HGNC:1097	MONDO:0032591	biolink:causes	0
0.71124506	HGNC:1097	MONDO:0013507	biolink:causes	0
0.5680629	HGNC:1100	MONDO:0019505	biolink:contributes_to	0
0.4880049	HGNC:1100	MONDO:0011481	biolink:contributes_to	0
0.43071717	HGNC:1100	MONDO:0009965	biolink:contributes_to	0
0.72250736	HGNC:14255	MONDO:0014945	biolink:gene_associated_with_condition	0
0.3601314	HGNC:14255	MONDO:0009008	biolink:gene_associated_with_condition	0
0.332048	HGNC:14255	MONDO:0030338	biolink:gene_associated_with_condition	0
0.72383565	HGNC:16512	MONDO:0014809	biolink:causes	0
0.26053202	HGNC:9831	MONDO:0007723	biolink:causes	0
0.27328026	HGNC:17770	MONDO:0020521	biolink:causes	0
0.843372	HGNC:18286	MONDO:0017683	biolink:causes	0
0.0877887	HGNC:14959	MONDO:0044714	biolink:gene_associated_with_condition	0
0.7960067	HGNC:9922	MONDO:0007949	biolink:gene_associated_with_condition	0
0.6104377	HGNC:9922	MONDO:0009877	biolink:causes	0
0.89698595	HGNC:9922	MONDO:0014343	biolink:gene_associated_with_condition	0
0.16563678	HGNC:9955	MONDO:0013033	biolink:gene_associated_with_condition	0
0.5022203	HGNC:15578	MONDO:0020345	biolink:causes	0
0.63743824	HGNC:15578	MONDO:0859207	biolink:causes	0
0.51965255	HGNC:15578	MONDO:0009885	biolink:causes	0
0.40928552	HGNC:15578	MONDO:0017811	biolink:causes	0
0.13682766	HGNC:10004	MONDO:0014146	biolink:causes	0
0.6283242	HGNC:10004	MONDO:0007524	biolink:causes	0
0.5760099	HGNC:13429	MONDO:0020745	biolink:causes	0
0.094675206	HGNC:14539	MONDO:0030457	biolink:contributes_to	0
0.2516988	HGNC:14539	MONDO:0011556	biolink:contributes_to	0
0.15304203	HGNC:14539	MONDO:0958085	biolink:contributes_to	0
0.34025127	HGNC:10289	MONDO:0013607	biolink:causes	0
0.71630704	HGNC:10294	MONDO:0019113	biolink:causes	0
0.118569605	HGNC:10295	MONDO:0012163	biolink:causes	0
0.7577068	HGNC:10295	MONDO:0017811	biolink:causes	0
0.33060575	HGNC:10298	MONDO:0008740	biolink:causes	0
0.38678598	HGNC:10298	MONDO:0013208	biolink:causes	0
0.81270796	HGNC:10298	MONDO:0008377	biolink:causes	0
0.39831826	HGNC:10303	MONDO:0000908	biolink:gene_associated_with_condition	0
0.64245707	HGNC:10345	MONDO:0859238	biolink:causes	0
0.40075192	HGNC:10345	MONDO:0007797	biolink:causes	0
0.621957	HGNC:10345	MONDO:0007922	biolink:causes	0
0.18746783	HGNC:10345	MONDO:0008306	biolink:causes	0
0.10481146	HGNC:19903	MONDO:0012559	biolink:causes	0
0.15953915	HGNC:19903	MONDO:0007158	biolink:causes	0
0.4399447	HGNC:19903	MONDO:0007922	biolink:causes	0
0.43891397	HGNC:10471	MONDO:0032874	biolink:causes	0
0.46169913	HGNC:10471	MONDO:0009354	biolink:causes	0
0.98193616	HGNC:19440	MONDO:0014343	biolink:gene_associated_with_condition	0
0.9674472	HGNC:19869	MONDO:0010099	biolink:gene_associated_with_condition	0
0.2568384	HGNC:10583	MONDO:0032665	biolink:gene_associated_with_condition	0
0.26848808	HGNC:10683	MONDO:0017111	biolink:causes	0
0.893764	HGNC:10706	MONDO:0009796	biolink:causes	0
0.83183926	HGNC:10727	MONDO:0850078	biolink:causes	0
0.9674056	HGNC:10818	MONDO:0009213	biolink:causes	0
0.9376145	HGNC:10818	MONDO:0014341	biolink:causes	0
0.4947677	HGNC:14294	MONDO:0009379	biolink:gene_associated_with_condition	0
0.36370075	HGNC:29165	MONDO:0013679	biolink:causes	0
0.16513099	HGNC:10906	MONDO:0011738	biolink:causes	0
0.9374366	HGNC:10914	MONDO:0032724	biolink:causes	0
0.35362855	HGNC:23094	MONDO:0008678	biolink:causes	0
0.36713752	HGNC:23094	MONDO:0008722	biolink:causes	0
0.52017593	HGNC:23094	MONDO:0009625	biolink:causes	0
0.18087928	HGNC:23094	MONDO:0011017	biolink:causes	0
0.9780571	HGNC:10994	MONDO:0060745	biolink:causes	0
0.009907606	HGNC:10998	MONDO:0007221	biolink:gene_associated_with_condition	0
0.26452863	HGNC:13941	MONDO:0011529	biolink:causes	0
0.9496869	HGNC:19046	MONDO:0007794	biolink:causes	0
0.9877037	HGNC:19046	MONDO:0044724	biolink:causes	0
0.9737526	HGNC:19046	MONDO:0010401	biolink:causes	0
0.8549313	HGNC:11100	MONDO:0008734	biolink:gene_associated_with_condition	0
0.82615364	HGNC:11100	MONDO:0007797	biolink:causes	0
0.7646174	HGNC:11100	MONDO:0011158	biolink:causes	0
0.4266411	HGNC:11100	MONDO:0014383	biolink:causes	0
0.7567344	HGNC:11119	MONDO:0013011	biolink:causes	0
0.07799849	HGNC:11138	MONDO:0010792	biolink:causes	0
0.49205652	HGNC:1246	MONDO:0008637	biolink:gene_associated_with_condition	0
0.11521267	HGNC:1331	MONDO:0025354	biolink:causes	0
0.77409357	HGNC:1331	MONDO:0014343	biolink:causes	0
0.7105206	HGNC:1393	MONDO:0011003	biolink:causes	0
0.4765791	HGNC:1393	MONDO:0013842	biolink:causes	0
0.4115843	HGNC:1449	MONDO:0011529	biolink:causes	0
0.21844538	HGNC:1449	MONDO:0016097	biolink:causes	0
0.7672459	HGNC:1449	MONDO:0014343	biolink:causes	0
0.27617717	HGNC:26276	MONDO:0020628	biolink:gene_associated_with_condition	0
0.5369241	HGNC:27089	MONDO:0018332	biolink:causes	0
0.2943133	HGNC:27089	MONDO:0030875	biolink:gene_associated_with_condition	0
0.37206998	HGNC:27089	MONDO:0011239	biolink:gene_associated_with_condition	0
0.365849	HGNC:27089	MONDO:0012205	biolink:gene_associated_with_condition	0
0.575927	HGNC:1515	MONDO:0007232	biolink:causes	0
0.13424496	HGNC:18810	MONDO:0011939	biolink:gene_associated_with_condition	0
0.4467544	HGNC:18810	MONDO:0030490	biolink:gene_associated_with_condition	0
0.6656137	HGNC:1529	MONDO:0007561	biolink:gene_associated_with_condition	0
0.5871234	HGNC:1529	MONDO:0015786	biolink:gene_associated_with_condition	0
0.92673653	HGNC:1529	MONDO:0014343	biolink:causes	0
0.93083894	HGNC:1529	MONDO:0008377	biolink:causes	0
0.3680111	HGNC:1529	MONDO:0012594	biolink:causes	0
0.671605	HGNC:1529	MONDO:0859335	biolink:gene_associated_with_condition	0
0.88197213	HGNC:1542	MONDO:0014343	biolink:causes	0
0.78438085	HGNC:19967	MONDO:0008542	biolink:gene_associated_with_condition	0
0.39306027	HGNC:19967	MONDO:0033047	biolink:causes	0
0.55668485	HGNC:19967	MONDO:0011504	biolink:causes	0
0.47961006	HGNC:29296	MONDO:0007922	biolink:causes	0
0.70142365	HGNC:14977	MONDO:0018742	biolink:causes	0
0.58991086	HGNC:11179	MONDO:0010099	biolink:causes	0
0.78315586	HGNC:11179	MONDO:0008377	biolink:causes	0
0.712869	HGNC:11184	MONDO:0008542	biolink:causes	0
0.6879081	HGNC:11184	MONDO:0014711	biolink:causes	0
0.7753663	HGNC:11184	MONDO:0018197	biolink:causes	0
0.5582344	HGNC:11254	MONDO:0011672	biolink:causes	0
0.6282904	HGNC:11301	MONDO:0007768	biolink:causes	0
0.3935547	HGNC:11301	MONDO:0008179	biolink:causes	0
0.8040905	HGNC:11301	MONDO:0019123	biolink:gene_associated_with_condition	0
0.8092482	HGNC:11301	MONDO:0008377	biolink:gene_associated_with_condition	0
0.8886118	HGNC:18628	MONDO:0014343	biolink:causes	0
0.7556956	HGNC:28423	MONDO:0013690	biolink:causes	0
0.25269613	HGNC:11389	MONDO:0009928	biolink:causes	0
0.5594941	HGNC:11389	MONDO:0012276	biolink:causes	0
0.3148204	HGNC:11389	MONDO:0019458	biolink:causes	0
0.21592219	HGNC:28852	MONDO:0011765	biolink:causes	0
0.042992372	HGNC:18130	MONDO:0044657	biolink:gene_associated_with_condition	0
0.1632073	HGNC:11522	MONDO:0010496	biolink:gene_associated_with_condition	0
0.17905602	HGNC:11522	MONDO:0009194	biolink:gene_associated_with_condition	0
0.6521323	HGNC:24316	MONDO:0014343	biolink:causes	0
0.050407745	HGNC:11584	MONDO:0008340	biolink:causes	0
0.20916776	HGNC:11584	MONDO:0014998	biolink:gene_associated_with_condition	0
0.8452921	HGNC:11600	MONDO:0014343	biolink:causes	0
0.86656916	HGNC:11609	MONDO:0011787	biolink:causes	0
0.75533265	HGNC:11609	MONDO:0060663	biolink:causes	0
0.8100482	HGNC:24519	MONDO:0017947	biolink:causes	0
0.68808836	HGNC:27365	MONDO:0013553	biolink:causes	0
0.33940765	HGNC:27365	MONDO:0018875	biolink:causes	0
0.7676431	HGNC:11764	MONDO:0019174	biolink:causes	0
0.83440226	HGNC:11766	MONDO:0020745	biolink:contributes_to	0
0.04659122	HGNC:11766	MONDO:0014803	biolink:causes	0
0.5526751	HGNC:11772	MONDO:0009315	biolink:causes	0
0.69688123	HGNC:11772	MONDO:0016281	biolink:causes	0
0.80694973	HGNC:11772	MONDO:0958322	biolink:causes	0
0.06759521	HGNC:18021	MONDO:0035651	biolink:contributes_to	0
0.032178964	HGNC:18021	MONDO:0014645	biolink:contributes_to	0
0.7475843	HGNC:26186	MONDO:0017697	biolink:causes	0
0.9321356	HGNC:28396	MONDO:0008542	biolink:causes	0
0.93875504	HGNC:28396	MONDO:0971178	biolink:gene_associated_with_condition	0
0.9239061	HGNC:28396	MONDO:0013768	biolink:causes	0
0.78340554	HGNC:28396	MONDO:0013181	biolink:causes	0
0.6205993	HGNC:28128	MONDO:0032819	biolink:causes	0
0.8902256	HGNC:28128	MONDO:0014343	biolink:causes	0
0.30010965	HGNC:11917	MONDO:0044255	biolink:gene_associated_with_condition	0
0.4172799	HGNC:11917	MONDO:0957594	biolink:gene_associated_with_condition	0
0.3507124	HGNC:11905	MONDO:0008722	biolink:gene_associated_with_condition	0
0.16176951	HGNC:11905	MONDO:0032898	biolink:gene_associated_with_condition	0
0.9822885	HGNC:11908	MONDO:0012143	biolink:causes	0
0.98426104	HGNC:11908	MONDO:0012563	biolink:causes	0
0.57088256	HGNC:11908	MONDO:0015519	biolink:causes	0
0.9951428	HGNC:11908	MONDO:0007874	biolink:causes	0
0.95671934	HGNC:11908	MONDO:0030045	biolink:causes	0
0.92669255	HGNC:11908	MONDO:0030072	biolink:causes	0
0.06723291	HGNC:11934	MONDO:0011774	biolink:contributes_to	0
0.32914397	HGNC:11934	MONDO:0958354	biolink:contributes_to	0
0.90702116	HGNC:11948	MONDO:0007380	biolink:causes	0
0.9429937	HGNC:11948	MONDO:0012892	biolink:causes	0
0.52923536	HGNC:29190	MONDO:0014620	biolink:causes	0
0.24498707	HGNC:29190	MONDO:0032927	biolink:causes	0
0.8590969	HGNC:11998	MONDO:0008542	biolink:gene_associated_with_condition	0
0.36643285	HGNC:11998	MONDO:0859572	biolink:gene_associated_with_condition	0
0.57454664	HGNC:11998	MONDO:0009477	biolink:gene_associated_with_condition	0
0.13350882	HGNC:11998	MONDO:0007377	biolink:gene_associated_with_condition	0
0.40356117	HGNC:11998	MONDO:0007805	biolink:gene_associated_with_condition	0
0.8458176	HGNC:11998	MONDO:0008377	biolink:gene_associated_with_condition	0
0.17199571	HGNC:11998	MONDO:0018761	biolink:contributes_to	0
0.41614866	HGNC:12009	MONDO:0014754	biolink:causes	0
0.8784911	HGNC:12011	MONDO:0010655	biolink:causes	0
0.5830714	HGNC:12011	MONDO:0024543	biolink:causes	0
0.6546238	HGNC:12011	MONDO:0035941	biolink:causes	0
0.9339619	HGNC:12299	MONDO:0014686	biolink:gene_associated_with_condition	0
0.94494164	HGNC:12299	MONDO:0033045	biolink:gene_associated_with_condition	0
0.2887968	HGNC:25980	MONDO:0014244	biolink:causes	0
0.9657239	HGNC:14006	MONDO:0007922	biolink:causes	0
0.63630676	HGNC:12373	MONDO:0009061	biolink:gene_associated_with_condition	0
0.67006785	HGNC:12373	MONDO:0014152	biolink:gene_associated_with_condition	0
0.7017614	HGNC:12373	MONDO:0014857	biolink:gene_associated_with_condition	0
0.8563912	HGNC:12373	MONDO:0859207	biolink:gene_associated_with_condition	0
0.8254729	HGNC:12373	MONDO:0008002	biolink:gene_associated_with_condition	0
0.9415749	HGNC:12373	MONDO:0008377	biolink:gene_associated_with_condition	0
0.8692132	HGNC:26262	MONDO:0008377	biolink:gene_associated_with_condition	0
0.683929	HGNC:12406	MONDO:0013624	biolink:causes	0
0.33082625	HGNC:24071	MONDO:0014494	biolink:causes	0
0.05075649	HGNC:24071	MONDO:0016703	biolink:causes	0
0.8484649	HGNC:18127	MONDO:0010465	biolink:causes	0
0.784575	HGNC:18127	MONDO:0032822	biolink:causes	0
0.5004475	HGNC:12450	MONDO:0013487	biolink:gene_associated_with_condition	0
0.33740073	HGNC:12469	MONDO:0009192	biolink:gene_associated_with_condition	0
0.21700491	HGNC:12469	MONDO:0008637	biolink:gene_associated_with_condition	0
0.46874803	HGNC:30594	MONDO:0008148	biolink:causes	0
0.30138454	HGNC:20439	MONDO:0014883	biolink:gene_associated_with_condition	0
0.40471676	HGNC:20439	MONDO:0007157	biolink:gene_associated_with_condition	0
0.6717074	HGNC:20439	MONDO:0014343	biolink:gene_associated_with_condition	0
0.35159278	HGNC:12593	MONDO:0011830	biolink:contributes_to	0
0.3213034	HGNC:12593	MONDO:0971064	biolink:contributes_to	0
0.7890264	HGNC:12597	MONDO:0014343	biolink:causes	0
0.29431874	HGNC:20080	MONDO:0012689	biolink:causes	0
0.45329046	HGNC:12651	MONDO:0008018	biolink:causes	0
0.5210981	HGNC:12651	MONDO:0010792	biolink:causes	0
0.73173356	HGNC:2183	MONDO:0008799	biolink:causes	0
0.7938643	HGNC:23595	MONDO:0008377	biolink:gene_associated_with_condition	0
0.755702	HGNC:24928	MONDO:0017173	biolink:gene_associated_with_condition	0
0.17150371	HGNC:24928	MONDO:0009657	biolink:causes	0
0.090552606	HGNC:24928	MONDO:0013941	biolink:gene_associated_with_condition	0
0.9739576	HGNC:12726	MONDO:0007922	biolink:gene_associated_with_condition	0
0.3417303	HGNC:16461	MONDO:0010911	biolink:causes	0
0.6956856	HGNC:16461	MONDO:0013352	biolink:causes	0
0.568099	HGNC:13831	MONDO:0007451	biolink:gene_associated_with_condition	0
0.57382166	HGNC:26600	MONDO:0014122	biolink:causes	0
0.93588305	HGNC:12781	MONDO:0014343	biolink:causes	0
0.9327884	HGNC:12786	MONDO:0012569	biolink:causes	0
0.5765064	HGNC:12810	MONDO:0011724	biolink:causes	0
0.9972277	HGNC:15516	MONDO:0009079	biolink:gene_associated_with_condition	0
0.9495634	HGNC:15516	MONDO:0060729	biolink:causes	0
0.75117093	HGNC:15516	MONDO:0008377	biolink:gene_associated_with_condition	0
0.17289849	HGNC:12851	MONDO:0031446	biolink:gene_associated_with_condition	0
0.26793933	HGNC:12852	MONDO:0014745	biolink:causes	0
0.1592231	HGNC:21143	MONDO:0009904	biolink:causes	0
0.29809758	HGNC:21143	MONDO:0013529	biolink:causes	0
0.9006863	HGNC:24931	MONDO:0800028	biolink:gene_associated_with_condition	0
0.87509364	HGNC:24931	MONDO:0008377	biolink:gene_associated_with_condition	0
0.96003455	HGNC:24931	MONDO:0033006	biolink:gene_associated_with_condition	0
0.85679156	HGNC:24931	MONDO:0060663	biolink:gene_associated_with_condition	0
0.2968002	HGNC:16700	MONDO:0042979	biolink:causes	0
0.5272411	HGNC:16700	MONDO:0007875	biolink:causes	0
0.38208675	HGNC:16700	MONDO:0014392	biolink:causes	0
0.12604557	HGNC:16700	MONDO:0030072	biolink:causes	0
0.18424809	HGNC:16700	MONDO:0008705	biolink:causes	0
0.6558017	HGNC:12873	MONDO:0957270	biolink:gene_associated_with_condition	0
0.8210756	HGNC:12873	MONDO:0008377	biolink:gene_associated_with_condition	0
0.35199854	HGNC:1630	MONDO:0009657	biolink:gene_associated_with_condition	0
0.94836617	HGNC:1762	MONDO:0013198	biolink:causes	0
0.9282433	HGNC:1750	MONDO:0013634	biolink:causes	0
0.93974125	HGNC:1750	MONDO:0011143	biolink:causes	0
0.2626349	HGNC:1777	MONDO:0010477	biolink:causes	0
0.7260308	HGNC:1802	MONDO:0009050	biolink:causes	0
0.7159347	HGNC:1802	MONDO:0034106	biolink:causes	0
0.23348825	HGNC:1848	MONDO:0014741	biolink:causes	0
0.8634146	HGNC:21638	MONDO:0018598	biolink:gene_associated_with_condition	0
0.87425065	HGNC:21638	MONDO:0014093	biolink:gene_associated_with_condition	0
0.81107295	HGNC:21638	MONDO:0016356	biolink:gene_associated_with_condition	0
0.58262855	HGNC:21699	MONDO:0010758	biolink:causes	0
0.56095916	HGNC:15559	MONDO:0858999	biolink:gene_associated_with_condition	0
0.57823914	HGNC:16171	MONDO:0009820	biolink:causes	0
0.1539362	HGNC:16171	MONDO:0008210	biolink:causes	0
0.86973506	HGNC:1952	MONDO:0014343	biolink:gene_associated_with_condition	0
0.976938	HGNC:26877	MONDO:0024550	biolink:gene_associated_with_condition	0
0.6050843	HGNC:2019	MONDO:0009073	biolink:causes	0
0.18762425	HGNC:2022	MONDO:0018758	biolink:causes	0
0.7789761	HGNC:2022	MONDO:0012161	biolink:gene_associated_with_condition	0
0.74630857	HGNC:2022	MONDO:0007922	biolink:gene_associated_with_condition	0
0.4454726	HGNC:2088	MONDO:0012892	biolink:causes	0
0.96713626	HGNC:13830	MONDO:0011445	biolink:gene_associated_with_condition	0
0.23987015	HGNC:29932	MONDO:0007288	biolink:gene_associated_with_condition	0
0.15859242	HGNC:29932	MONDO:0004951	biolink:gene_associated_with_condition	0
0.7629135	HGNC:29932	MONDO:0014783	biolink:gene_associated_with_condition	0
0.48963347	HGNC:18619	MONDO:0011935	biolink:causes	0
0.95436436	HGNC:2206	MONDO:0013912	biolink:causes	0
0.88052624	HGNC:2206	MONDO:0017241	biolink:causes	0
0.86401105	HGNC:2212	MONDO:0013634	biolink:gene_associated_with_condition	0
0.8820474	HGNC:2212	MONDO:0017176	biolink:gene_associated_with_condition	0
0.9430627	HGNC:2219	MONDO:0013533	biolink:causes	0
0.9765718	HGNC:2219	MONDO:0031481	biolink:causes	0
0.8509214	HGNC:2219	MONDO:0017402	biolink:causes	0
0.98265207	HGNC:2219	MONDO:0018443	biolink:causes	0
0.98776054	HGNC:2219	MONDO:0012946	biolink:causes	0
0.9471472	HGNC:2195	MONDO:0008854	biolink:causes	0
0.94534373	HGNC:2195	MONDO:0033200	biolink:causes	0
0.64053005	HGNC:18688	MONDO:8000015	biolink:causes	0
0.98554	HGNC:2379	MONDO:0008097	biolink:gene_associated_with_condition	0
0.7801835	HGNC:2379	MONDO:0018611	biolink:gene_associated_with_condition	0
0.9868666	HGNC:2379	MONDO:0009192	biolink:causes	0
0.90596443	HGNC:2379	MONDO:0008377	biolink:causes	0
0.06276034	HGNC:2411	MONDO:0013244	biolink:gene_associated_with_condition	0
0.122147165	HGNC:2418	MONDO:0013070	biolink:causes	0
0.5213055	HGNC:2472	MONDO:0013050	biolink:causes	0
0.8816288	HGNC:2478	MONDO:0014343	biolink:causes	0
0.5436361	HGNC:2478	MONDO:0019374	biolink:causes	0
0.5602424	HGNC:2514	MONDO:0007485	biolink:gene_associated_with_condition	0
0.905192	HGNC:2514	MONDO:0008542	biolink:causes	0
0.4182465	HGNC:2514	MONDO:0033479	biolink:gene_associated_with_condition	0
0.5440341	HGNC:2514	MONDO:0017173	biolink:gene_associated_with_condition	0
0.6503085	HGNC:2514	MONDO:0032581	biolink:causes	0
0.89742976	HGNC:9251	MONDO:0800029	biolink:causes	0
0.9565326	HGNC:9251	MONDO:0030918	biolink:causes	0
0.8963026	HGNC:10664	MONDO:0019855	biolink:causes	0
0.80892193	HGNC:10664	MONDO:0012398	biolink:gene_associated_with_condition	0
0.24346313	HGNC:2578	MONDO:0012552	biolink:causes	0
0.63967514	HGNC:2578	MONDO:0008000	biolink:causes	0
0.034482922	HGNC:2621	MONDO:0007363	biolink:causes	0
0.42858332	HGNC:2592	MONDO:0009495	biolink:causes	0
0.15562299	HGNC:2592	MONDO:0009890	biolink:gene_associated_with_condition	0
0.5871217	HGNC:2592	MONDO:0014309	biolink:gene_associated_with_condition	0
0.6451697	HGNC:2666	MONDO:0014630	biolink:gene_associated_with_condition	0
0.56579345	HGNC:2678	MONDO:0020745	biolink:gene_associated_with_condition	0
0.42089823	HGNC:24891	MONDO:0012287	biolink:causes	0
0.8094552	HGNC:25784	MONDO:0032746	biolink:causes	0
0.5590567	HGNC:25784	MONDO:0012803	biolink:causes	0
0.7271206	HGNC:18141	MONDO:0018332	biolink:gene_associated_with_condition	0
0.8316637	HGNC:18141	MONDO:0032868	biolink:causes	0
0.73538816	HGNC:19714	MONDO:0013301	biolink:gene_associated_with_condition	0
0.013613176	HGNC:18674	MONDO:0011242	biolink:gene_associated_with_condition	0
0.43622237	HGNC:2760	MONDO:0012718	biolink:causes	0
0.14401574	HGNC:2760	MONDO:0007221	biolink:causes	0
0.88175714	HGNC:2760	MONDO:0011784	biolink:causes	0
0.480977	HGNC:2770	MONDO:0019848	biolink:causes	0
0.4857212	HGNC:23537	MONDO:0013797	biolink:causes	0
0.40910745	HGNC:23537	MONDO:0044224	biolink:causes	0
0.27160072	HGNC:17211	MONDO:0018611	biolink:causes	0
0.4074863	HGNC:17211	MONDO:0009867	biolink:causes	0
0.17146887	HGNC:2877	MONDO:0010477	biolink:causes	0
0.32745203	HGNC:28648	MONDO:0011935	biolink:causes	0
0.7126428	HGNC:28648	MONDO:0014460	biolink:gene_associated_with_condition	0
0.5868884	HGNC:28648	MONDO:0011450	biolink:gene_associated_with_condition	0
0.6549938	HGNC:28648	MONDO:0030729	biolink:gene_associated_with_condition	0
0.876612	HGNC:2909	MONDO:0012043	biolink:causes	0
0.39125293	HGNC:2940	MONDO:0012345	biolink:causes	0
0.32091886	HGNC:2940	MONDO:0007738	biolink:causes	0
0.54802835	HGNC:2946	MONDO:0014622	biolink:causes	0
0.116411485	HGNC:2978	MONDO:0009252	biolink:causes	0
0.7003291	HGNC:2978	MONDO:0019374	biolink:causes	0
0.67109877	HGNC:2978	MONDO:0014089	biolink:causes	0
0.40421206	HGNC:2988	MONDO:0011239	biolink:gene_associated_with_condition	0
0.8491502	HGNC:2988	MONDO:0008377	biolink:gene_associated_with_condition	0
0.685193	HGNC:3003	MONDO:0010392	biolink:gene_associated_with_condition	0
0.60844165	HGNC:3010	MONDO:0008542	biolink:contributes_to	0
0.84178084	HGNC:3010	MONDO:0010933	biolink:causes	0
0.35670522	HGNC:3012	MONDO:0013125	biolink:causes	0
0.26222354	HGNC:3012	MONDO:0017683	biolink:causes	0
0.73209083	HGNC:3049	MONDO:0007524	biolink:causes	0
0.71953404	HGNC:1090	MONDO:0044792	biolink:gene_associated_with_condition	0
0.22456318	HGNC:1090	MONDO:0029144	biolink:gene_associated_with_condition	0
0.120021775	HGNC:1090	MONDO:0011698	biolink:gene_associated_with_condition	0
0.2756824	HGNC:29043	MONDO:0016833	biolink:causes	0
0.9347704	HGNC:3084	MONDO:0020745	biolink:causes	0
0.9737167	HGNC:3133	MONDO:0007943	biolink:gene_associated_with_condition	0
0.98779595	HGNC:3133	MONDO:0014343	biolink:gene_associated_with_condition	0
0.07331938	HGNC:26114	MONDO:0030905	biolink:causes	0
0.8689205	HGNC:3179	MONDO:0010600	biolink:contributes_to	0
0.7413301	HGNC:3179	MONDO:0044651	biolink:gene_associated_with_condition	0
0.62192416	HGNC:3260	MONDO:0014963	biolink:gene_associated_with_condition	0
0.7222901	HGNC:3260	MONDO:0859340	biolink:gene_associated_with_condition	0
0.27165404	HGNC:3260	MONDO:0008310	biolink:gene_associated_with_condition	0
0.36779407	HGNC:14418	MONDO:0011106	biolink:causes	0
0.59199893	HGNC:14418	MONDO:0032726	biolink:causes	0
0.45532033	HGNC:14415	MONDO:0850095	biolink:causes	0
0.76735336	HGNC:14415	MONDO:0016563	biolink:causes	0
0.63779354	HGNC:14415	MONDO:0016579	biolink:causes	0
0.6142342	HGNC:11529	MONDO:0007057	biolink:causes	0
0.5541337	HGNC:3434	MONDO:0009994	biolink:causes	0
0.6802512	HGNC:3434	MONDO:0032630	biolink:causes	0
0.23484087	HGNC:3438	MONDO:0017051	biolink:gene_associated_with_condition	0
0.87793374	HGNC:3438	MONDO:0030958	biolink:gene_associated_with_condition	0
0.55456114	HGNC:3438	MONDO:0011017	biolink:causes	0
0.7731706	HGNC:16947	MONDO:0014343	biolink:gene_associated_with_condition	0
0.9310496	MONDO:0000902	HGNC:17085	biolink:causes	0
0.3402861	MONDO:0000914	HGNC:620	biolink:gene_associated_with_condition	0
0.5474476	MONDO:0000914	HGNC:132	biolink:causes	0
0.07667057	MONDO:0007103	HGNC:4367	biolink:gene_associated_with_condition	0
0.24239236	MONDO:0007103	HGNC:6909	biolink:causes	0
0.11004447	MONDO:0007103	HGNC:4393	biolink:causes	0
0.2577693	MONDO:0007163	HGNC:15802	biolink:causes	0
0.9588887	MONDO:0007163	HGNC:15808	biolink:gene_associated_with_condition	0
0.93307364	MONDO:0007163	HGNC:15455	biolink:gene_associated_with_condition	0
0.7366277	MONDO:0007167	HGNC:3823	biolink:causes	0
0.96469325	MONDO:0007167	HGNC:9717	biolink:gene_associated_with_condition	0
0.15848306	MONDO:0007191	HGNC:28449	biolink:gene_associated_with_condition	0
0.84552336	MONDO:0007191	HGNC:28993	biolink:causes	0
0.69714564	MONDO:0007311	HGNC:68	biolink:causes	0
0.8977691	MONDO:0007319	HGNC:30477	biolink:causes	0
0.53532785	MONDO:0007355	HGNC:11449	biolink:causes	0
0.9247278	MONDO:0007363	HGNC:4284	biolink:gene_associated_with_condition	0
0.35674083	MONDO:0007363	HGNC:4799	biolink:causes	0
0.5334193	MONDO:0007363	HGNC:1144	biolink:causes	0
0.8036161	MONDO:0007363	HGNC:4274	biolink:causes	0
0.3900805	MONDO:0007363	HGNC:7545	biolink:gene_associated_with_condition	0
0.6201423	MONDO:0007363	HGNC:17283	biolink:causes	0
0.9121201	MONDO:0007363	HGNC:2194	biolink:gene_associated_with_condition	0
0.5895379	MONDO:0007363	HGNC:3036	biolink:gene_associated_with_condition	0
0.50889695	MONDO:0007363	HGNC:5147	biolink:gene_associated_with_condition	0
0.71561193	MONDO:0007363	HGNC:5385	biolink:causes	0
0.8602632	MONDO:0007363	HGNC:6483	biolink:gene_associated_with_condition	0
0.034482922	MONDO:0007363	HGNC:2621	biolink:causes	0
0.9391045	MONDO:0007488	HGNC:7499	biolink:gene_associated_with_condition	0
0.91798615	MONDO:0007524	HGNC:3583	biolink:causes	0
0.96198684	MONDO:0007524	HGNC:29250	biolink:causes	0
0.4998501	MONDO:0007524	HGNC:6973	biolink:causes	0
0.6283242	MONDO:0007524	HGNC:10004	biolink:causes	0
0.73209083	MONDO:0007524	HGNC:3049	biolink:causes	0
0.70369554	MONDO:0007556	HGNC:3018	biolink:gene_associated_with_condition	0
0.31617582	MONDO:0007564	HGNC:15802	biolink:causes	0
0.19928801	MONDO:0007564	HGNC:18016	biolink:causes	0
0.9823516	MONDO:0007572	HGNC:2200	biolink:causes	0
0.83278817	MONDO:0007572	HGNC:1514	biolink:contributes_to	0
0.6304999	MONDO:0007636	HGNC:29068	biolink:causes	0
0.6778523	MONDO:0007648	HGNC:4198	biolink:causes	0
0.45756987	MONDO:0007738	HGNC:10260	biolink:gene_associated_with_condition	0
0.92094386	MONDO:0007738	HGNC:2214	biolink:gene_associated_with_condition	0
0.18220018	MONDO:0007738	HGNC:8609	biolink:causes	0
0.32091886	MONDO:0007738	HGNC:2940	biolink:causes	0
0.063937746	MONDO:0007747	HGNC:6553	biolink:causes	0
0.36113292	MONDO:0007791	HGNC:26927	biolink:causes	0
0.7970773	MONDO:0007944	HGNC:9177	biolink:causes	0
0.40264365	MONDO:0007944	HGNC:694	biolink:causes	0
0.63967514	MONDO:0008000	HGNC:2578	biolink:causes	0
0.4617456	MONDO:0008048	HGNC:6633	biolink:causes	0
0.46874803	MONDO:0008148	HGNC:30594	biolink:causes	0
0.08377528	MONDO:0008176	HGNC:30914	biolink:gene_associated_with_condition	0
0.01680393	MONDO:0008244	HGNC:1810	biolink:causes	0
0.974548	MONDO:0008332	HGNC:7945	biolink:causes	0
0.12566437	MONDO:0008340	HGNC:3257	biolink:causes	0
0.050407745	MONDO:0008340	HGNC:11584	biolink:causes	0
0.80557215	MONDO:0008377	HGNC:3662	biolink:gene_associated_with_condition	0
0.91455257	MONDO:0008377	HGNC:3754	biolink:causes	0
0.6337898	MONDO:0008377	HGNC:29682	biolink:causes	0
0.8632367	MONDO:0008377	HGNC:6081	biolink:causes	0
0.66156656	MONDO:0008377	HGNC:22448	biolink:causes	0
0.9711232	MONDO:0008377	HGNC:26257	biolink:contributes_to	0
0.8961512	MONDO:0008377	HGNC:30889	biolink:causes	0
0.5976766	MONDO:0008377	HGNC:9864	biolink:gene_associated_with_condition	0
0.91739583	MONDO:0008377	HGNC:9879	biolink:causes	0
0.5517275	MONDO:0008377	HGNC:9970	biolink:gene_associated_with_condition	0
0.56063265	MONDO:0008377	HGNC:8941	biolink:gene_associated_with_condition	0
0.67859584	MONDO:0008377	HGNC:11019	biolink:gene_associated_with_condition	0
0.9690561	MONDO:0008377	HGNC:16035	biolink:causes	0
0.847079	MONDO:0008377	HGNC:11949	biolink:gene_associated_with_condition	0
0.8070807	MONDO:0008377	HGNC:29594	biolink:causes	0
0.87324363	MONDO:0008377	HGNC:236	biolink:causes	0
0.57924974	MONDO:0008377	HGNC:4516	biolink:causes	0
0.775879	MONDO:0008377	HGNC:4162	biolink:causes	0
0.8398282	MONDO:0008377	HGNC:5248	biolink:causes	0
0.6335104	MONDO:0008377	HGNC:5439	biolink:gene_associated_with_condition	0
0.5310989	MONDO:0008377	HGNC:19691	biolink:gene_associated_with_condition	0
0.77189684	MONDO:0008377	HGNC:10378	biolink:causes	0
0.6744943	MONDO:0008377	HGNC:7450	biolink:gene_associated_with_condition	0
0.47020334	MONDO:0008377	HGNC:7545	biolink:gene_associated_with_condition	0
0.8705095	MONDO:0008377	HGNC:8617	biolink:causes	0
0.7873091	MONDO:0008377	HGNC:23213	biolink:gene_associated_with_condition	0
0.27691257	MONDO:0008377	HGNC:25415	biolink:causes	0
0.8491902	MONDO:0008377	HGNC:13222	biolink:causes	0
0.8614164	MONDO:0008377	HGNC:10593	biolink:causes	0
0.39631662	MONDO:0008377	HGNC:11368	biolink:causes	0
0.7736112	MONDO:0008377	HGNC:11720	biolink:causes	0
0.55232745	MONDO:0008377	HGNC:11771	biolink:causes	0
0.31583095	MONDO:0008377	HGNC:11776	biolink:gene_associated_with_condition	0
0.7745433	MONDO:0008377	HGNC:12687	biolink:gene_associated_with_condition	0
0.73864275	MONDO:0008377	HGNC:16783	biolink:gene_associated_with_condition	0
0.797781	MONDO:0008377	HGNC:1966	biolink:causes	0
0.7073678	MONDO:0008377	HGNC:19124	biolink:gene_associated_with_condition	0
0.8624603	MONDO:0008377	HGNC:18625	biolink:causes	0
0.6815358	MONDO:0008377	HGNC:4887	biolink:gene_associated_with_condition	0
0.7850456	MONDO:0008377	HGNC:5006	biolink:causes	0
0.9185395	MONDO:0008377	HGNC:757	biolink:gene_associated_with_condition	0
0.8016233	MONDO:0008377	HGNC:6893	biolink:gene_associated_with_condition	0
0.7559269	MONDO:0008377	HGNC:7176	biolink:causes	0
0.82171875	MONDO:0008377	HGNC:9386	biolink:gene_associated_with_condition	0
0.7529521	MONDO:0008377	HGNC:983	biolink:gene_associated_with_condition	0
0.4190677	MONDO:0008377	HGNC:29187	biolink:causes	0
0.7986934	MONDO:0008377	HGNC:20323	biolink:causes	0
0.8169297	MONDO:0008377	HGNC:1539	biolink:gene_associated_with_condition	0
0.90610427	MONDO:0008377	HGNC:11195	biolink:gene_associated_with_condition	0
0.8596534	MONDO:0008377	HGNC:28261	biolink:causes	0
0.8677598	MONDO:0008377	HGNC:12774	biolink:gene_associated_with_condition	0
0.8711858	MONDO:0008377	HGNC:12877	biolink:gene_associated_with_condition	0
0.6716761	MONDO:0008377	HGNC:3694	biolink:gene_associated_with_condition	0
0.8852224	MONDO:0008377	HGNC:29670	biolink:gene_associated_with_condition	0
0.10780285	MONDO:0008377	HGNC:6619	biolink:gene_associated_with_condition	0
0.8551661	MONDO:0008377	HGNC:1968	biolink:causes	0
0.8963545	MONDO:0008377	HGNC:23045	biolink:causes	0
0.9444298	MONDO:0008377	HGNC:7744	biolink:contributes_to	0
0.91613185	MONDO:0008377	HGNC:18591	biolink:causes	0
0.91021925	MONDO:0008377	HGNC:8029	biolink:causes	0
0.909918	MONDO:0008377	HGNC:28993	biolink:causes	0
0.7201543	MONDO:0008377	HGNC:25686	biolink:causes	0
0.81270796	MONDO:0008377	HGNC:10298	biolink:causes	0
0.93083894	MONDO:0008377	HGNC:1529	biolink:causes	0
0.78315586	MONDO:0008377	HGNC:11179	biolink:causes	0
0.8092482	MONDO:0008377	HGNC:11301	biolink:gene_associated_with_condition	0
0.8458176	MONDO:0008377	HGNC:11998	biolink:gene_associated_with_condition	0
0.9415749	MONDO:0008377	HGNC:12373	biolink:gene_associated_with_condition	0
0.8692132	MONDO:0008377	HGNC:26262	biolink:gene_associated_with_condition	0
0.7938643	MONDO:0008377	HGNC:23595	biolink:gene_associated_with_condition	0
0.75117093	MONDO:0008377	HGNC:15516	biolink:gene_associated_with_condition	0
0.87509364	MONDO:0008377	HGNC:24931	biolink:gene_associated_with_condition	0
0.8210756	MONDO:0008377	HGNC:12873	biolink:gene_associated_with_condition	0
0.90596443	MONDO:0008377	HGNC:2379	biolink:causes	0
0.8491502	MONDO:0008377	HGNC:2988	biolink:gene_associated_with_condition	0
0.362948	MONDO:0008393	HGNC:3004	biolink:causes	0
0.785414	MONDO:0008393	HGNC:8657	biolink:causes	0
0.46218097	MONDO:0008437	HGNC:17993	biolink:causes	0
0.40193242	MONDO:0008437	HGNC:2528	biolink:causes	0
0.62791175	MONDO:0008485	HGNC:103	biolink:causes	0
0.8353293	MONDO:0008501	HGNC:6742	biolink:causes	0
0.3593429	MONDO:0008633	HGNC:11276	biolink:causes	0
0.38673732	MONDO:0008633	HGNC:17208	biolink:gene_associated_with_condition	0
0.8634777	MONDO:0008637	HGNC:29203	biolink:gene_associated_with_condition	0
0.7329441	MONDO:0008637	HGNC:4887	biolink:gene_associated_with_condition	0
0.4908008	MONDO:0008637	HGNC:132	biolink:gene_associated_with_condition	0
0.49205652	MONDO:0008637	HGNC:1246	biolink:gene_associated_with_condition	0
0.21700491	MONDO:0008637	HGNC:12469	biolink:gene_associated_with_condition	0
0.63358706	MONDO:0008673	HGNC:4593	biolink:gene_associated_with_condition	0
0.2510567	MONDO:0008673	HGNC:14469	biolink:gene_associated_with_condition	0
0.35671166	MONDO:0008673	HGNC:7693	biolink:causes	0
0.526721	MONDO:0008673	HGNC:29873	biolink:causes	0
0.8672601	MONDO:0008673	HGNC:3005	biolink:gene_associated_with_condition	0
0.8636754	MONDO:0008689	HGNC:5439	biolink:gene_associated_with_condition	0
0.19225383	MONDO:0008689	HGNC:17073	biolink:causes	0
0.16670994	MONDO:0008693	HGNC:13488	biolink:gene_associated_with_condition	0
0.352638	MONDO:0008693	HGNC:4193	biolink:causes	0
0.51596487	MONDO:0008701	HGNC:3508	biolink:gene_associated_with_condition	0
0.48838374	MONDO:0008705	HGNC:19263	biolink:causes	0
0.030594641	MONDO:0008705	HGNC:16709	biolink:causes	0
0.18424809	MONDO:0008705	HGNC:16700	biolink:causes	0
0.5047406	MONDO:0008713	HGNC:10979	biolink:causes	0
0.9634172	MONDO:0008765	HGNC:1388	biolink:gene_associated_with_condition	0
0.98115253	MONDO:0008777	HGNC:3603	biolink:gene_associated_with_condition	0
0.49472076	MONDO:0008817	HGNC:15714	biolink:causes	0
0.33928755	MONDO:0008817	HGNC:21208	biolink:causes	0
0.21464728	MONDO:0008817	HGNC:29536	biolink:causes	0
0.16272664	MONDO:0008881	HGNC:8591	biolink:causes	0
0.6979216	MONDO:0008885	HGNC:888	biolink:causes	0
0.69003105	MONDO:0008885	HGNC:4689	biolink:causes	0
0.6716596	MONDO:0008922	HGNC:3586	biolink:causes	0
0.84248984	MONDO:0008954	HGNC:3178	biolink:gene_associated_with_condition	0
0.75879097	MONDO:0008998	HGNC:25543	biolink:causes	0
0.7872153	MONDO:0009050	HGNC:8787	biolink:causes	0
0.613173	MONDO:0009050	HGNC:9936	biolink:gene_associated_with_condition	0
0.7260308	MONDO:0009050	HGNC:1802	biolink:causes	0
0.8764724	MONDO:0009110	HGNC:26222	biolink:causes	0
0.17905602	MONDO:0009194	HGNC:11522	biolink:gene_associated_with_condition	0
0.7083472	MONDO:0009210	HGNC:2858	biolink:causes	0
0.3358806	MONDO:0009210	HGNC:18248	biolink:causes	0
0.877429	MONDO:0009210	HGNC:1122	biolink:causes	0
0.18745813	MONDO:0009218	HGNC:8565	biolink:causes	0
0.6652625	MONDO:0009262	HGNC:24097	biolink:causes	0
0.7330783	MONDO:0009262	HGNC:20967	biolink:gene_associated_with_condition	0
0.7426915	MONDO:0009266	HGNC:4193	biolink:causes	0
0.46665168	MONDO:0009266	HGNC:14049	biolink:causes	0
0.41371036	MONDO:0009274	HGNC:15802	biolink:causes	0
0.94734114	MONDO:0009274	HGNC:17997	biolink:gene_associated_with_condition	0
0.8322131	MONDO:0009306	HGNC:16873	biolink:gene_associated_with_condition	0
0.63419145	MONDO:0009306	HGNC:9967	biolink:contributes_to	0
0.055021547	MONDO:0009306	HGNC:25326	biolink:causes	0
0.36833948	MONDO:0009306	HGNC:30860	biolink:causes	0
0.08598559	MONDO:0009354	HGNC:20759	biolink:causes	0
0.9491728	MONDO:0009354	HGNC:31582	biolink:causes	0
0.46169913	MONDO:0009354	HGNC:10471	biolink:causes	0
0.08683951	MONDO:0009406	HGNC:1366	biolink:causes	0
0.38703814	MONDO:0009406	HGNC:5961	biolink:causes	0
0.5788226	MONDO:0009414	HGNC:4823	biolink:causes	0
0.68148607	MONDO:0009414	HGNC:6636	biolink:causes	0
0.40374053	MONDO:0009414	HGNC:4042	biolink:causes	0
0.68042326	MONDO:0009458	HGNC:20145	biolink:gene_associated_with_condition	0
0.9232745	MONDO:0009478	HGNC:10483	biolink:gene_associated_with_condition	0
0.5262323	MONDO:0009490	HGNC:3811	biolink:gene_associated_with_condition	0
0.6405517	MONDO:0009490	HGNC:11231	biolink:causes	0
0.83442575	MONDO:0009527	HGNC:6742	biolink:causes	0
0.16035204	MONDO:0009623	HGNC:10378	biolink:causes	0
0.40079698	MONDO:0009683	HGNC:4162	biolink:gene_associated_with_condition	0
0.43865162	MONDO:0009683	HGNC:6735	biolink:causes	0
0.3510928	MONDO:0009779	HGNC:14967	biolink:causes	0
0.018376531	MONDO:0009779	HGNC:32689	biolink:causes	0
0.9295205	MONDO:0009823	HGNC:2464	biolink:causes	0
0.37284365	MONDO:0009839	HGNC:4948	biolink:contributes_to	0
0.52407616	MONDO:0009839	HGNC:966	biolink:causes	0
0.7978777	MONDO:0009843	HGNC:3754	biolink:gene_associated_with_condition	0
0.6295166	MONDO:0009855	HGNC:12261	biolink:causes	0
0.9127806	MONDO:0009855	HGNC:12405	biolink:causes	0
0.8469365	MONDO:0009867	HGNC:8101	biolink:causes	0
0.24608138	MONDO:0009867	HGNC:13890	biolink:causes	0
0.5145004	MONDO:0009867	HGNC:13488	biolink:causes	0
0.35631534	MONDO:0009867	HGNC:12632	biolink:gene_associated_with_condition	0
0.4074863	MONDO:0009867	HGNC:17211	biolink:causes	0
0.96712375	MONDO:0009871	HGNC:11909	biolink:gene_associated_with_condition	0
0.7086964	MONDO:0009871	HGNC:28870	biolink:causes	0
0.75564057	MONDO:0009879	HGNC:7892	biolink:causes	0
0.31957138	MONDO:0009891	HGNC:649	biolink:gene_associated_with_condition	0
0.61575395	MONDO:0009935	HGNC:23657	biolink:gene_associated_with_condition	0
0.48488423	MONDO:0010044	HGNC:13210	biolink:contributes_to	0
0.43163309	MONDO:0010044	HGNC:21099	biolink:causes	0
0.66476506	MONDO:0010056	HGNC:14469	biolink:gene_associated_with_condition	0
0.93083245	MONDO:0010092	HGNC:3754	biolink:causes	0
0.89648086	MONDO:0010160	HGNC:15984	biolink:causes	0
0.8694561	MONDO:0010176	HGNC:19353	biolink:gene_associated_with_condition	0
0.7190157	MONDO:0010184	HGNC:12831	biolink:causes	0
0.7568785	MONDO:0010188	HGNC:1514	biolink:contributes_to	0
0.32083544	MONDO:0010217	HGNC:6207	biolink:causes	0
0.5374638	MONDO:0010233	HGNC:15021	biolink:causes	0
0.8727619	MONDO:0010277	HGNC:2214	biolink:gene_associated_with_condition	0
0.95546865	MONDO:0010277	HGNC:10031	biolink:gene_associated_with_condition	0
0.77252614	MONDO:0010281	HGNC:1373	biolink:gene_associated_with_condition	0
0.89234436	MONDO:0010281	HGNC:3663	biolink:causes	0
0.6645165	MONDO:0010317	HGNC:11720	biolink:causes	0
0.9588401	MONDO:0010361	HGNC:13829	biolink:gene_associated_with_condition	0
0.08417382	MONDO:0010389	HGNC:1785	biolink:causes	0
0.8937857	MONDO:0010397	HGNC:3513	biolink:causes	0
0.90896827	MONDO:0010397	HGNC:1181	biolink:gene_associated_with_condition	0
0.8119932	MONDO:0010397	HGNC:7468	biolink:causes	0
0.57052946	MONDO:0010401	HGNC:10593	biolink:contributes_to	0
0.9737526	MONDO:0010401	HGNC:19046	biolink:causes	0
0.35364583	MONDO:0010446	HGNC:12631	biolink:gene_associated_with_condition	0
0.46444	MONDO:0010446	HGNC:30129	biolink:causes	0
0.9663916	MONDO:0010486	HGNC:4452	biolink:causes	0
0.6777011	MONDO:0010506	HGNC:494	biolink:causes	0
0.35180646	MONDO:0010510	HGNC:12016	biolink:causes	0
0.85793096	MONDO:0010510	HGNC:2198	biolink:gene_associated_with_condition	0
0.5217599	MONDO:0010523	HGNC:21675	biolink:causes	0
0.8689205	MONDO:0010600	HGNC:3179	biolink:contributes_to	0
0.94226867	MONDO:0010645	HGNC:714	biolink:gene_associated_with_condition	0
0.6604709	MONDO:0010645	HGNC:10771	biolink:gene_associated_with_condition	0
0.8179456	MONDO:0010645	HGNC:7577	biolink:causes	0
0.5404393	MONDO:0010661	HGNC:8140	biolink:gene_associated_with_condition	0
0.43098453	MONDO:0010661	HGNC:12441	biolink:causes	0
0.9157614	MONDO:0010665	HGNC:16493	biolink:causes	0
0.8267704	MONDO:0010790	HGNC:11769	biolink:causes	0
0.037496485	MONDO:0010790	HGNC:19218	biolink:causes	0
0.24261232	MONDO:0010790	HGNC:132	biolink:gene_associated_with_condition	0
0.26119113	MONDO:0010794	HGNC:493	biolink:causes	0
0.55997306	MONDO:0010850	HGNC:6944	biolink:causes	0
0.11976217	MONDO:0010870	HGNC:6944	biolink:causes	0
0.40568396	MONDO:0010870	HGNC:7690	biolink:causes	0
0.72288424	MONDO:0010870	HGNC:8778	biolink:causes	0
0.7996948	MONDO:0011091	HGNC:2185	biolink:causes	0
0.11772949	MONDO:0011091	HGNC:9220	biolink:causes	0
0.09551943	MONDO:0011091	HGNC:16380	biolink:causes	0
0.39996246	MONDO:0011091	HGNC:4193	biolink:gene_associated_with_condition	0
0.27579162	MONDO:0011136	HGNC:6207	biolink:gene_associated_with_condition	0
0.33730936	MONDO:0011156	HGNC:573	biolink:causes	0
0.24240558	MONDO:0011156	HGNC:13488	biolink:causes	0
0.22557254	MONDO:0011184	HGNC:6081	biolink:causes	0
0.15279876	MONDO:0011184	HGNC:13867	biolink:causes	0
0.49367484	MONDO:0011184	HGNC:3098	biolink:causes	0
0.07279789	MONDO:0011397	HGNC:22938	biolink:gene_associated_with_condition	0
0.955439	MONDO:0011397	HGNC:20197	biolink:causes	0
0.88204336	MONDO:0011397	HGNC:30074	biolink:gene_associated_with_condition	0
0.2459654	MONDO:0011405	HGNC:8851	biolink:gene_associated_with_condition	0
0.32605428	MONDO:0011422	HGNC:25705	biolink:causes	0
0.78631604	MONDO:0011430	HGNC:9607	biolink:causes	0
0.41547093	MONDO:0011430	HGNC:4832	biolink:gene_associated_with_condition	0
0.7891547	MONDO:0011430	HGNC:28993	biolink:causes	0
0.4726689	MONDO:0011450	HGNC:30348	biolink:gene_associated_with_condition	0
0.5868884	MONDO:0011450	HGNC:28648	biolink:gene_associated_with_condition	0
0.9038642	MONDO:0011490	HGNC:25535	biolink:causes	0
0.45612988	MONDO:0011490	HGNC:18798	biolink:causes	0
0.6864988	MONDO:0011546	HGNC:9039	biolink:causes	0
0.75978154	MONDO:0011570	HGNC:9069	biolink:gene_associated_with_condition	0
0.9449572	MONDO:0011630	HGNC:13869	biolink:causes	0
0.8051073	MONDO:0011694	HGNC:16088	biolink:causes	0
0.120021775	MONDO:0011698	HGNC:1090	biolink:gene_associated_with_condition	0
0.16513099	MONDO:0011738	HGNC:10906	biolink:causes	0
0.06723291	MONDO:0011774	HGNC:11934	biolink:contributes_to	0
0.45127472	MONDO:0011790	HGNC:7821	biolink:gene_associated_with_condition	0
0.8198409	MONDO:0011790	HGNC:23657	biolink:causes	0
0.8724271	MONDO:0011794	HGNC:15924	biolink:gene_associated_with_condition	0
0.2718126	MONDO:0011822	HGNC:30563	biolink:causes	0
0.53423184	MONDO:0011830	HGNC:6893	biolink:gene_associated_with_condition	0
0.7843119	MONDO:0011830	HGNC:20772	biolink:gene_associated_with_condition	0
0.35159278	MONDO:0011830	HGNC:12593	biolink:contributes_to	0
0.55498004	MONDO:0011902	HGNC:14214	biolink:causes	0
0.50720966	MONDO:0011902	HGNC:13993	biolink:gene_associated_with_condition	0
0.16688247	MONDO:0011974	HGNC:25941	biolink:gene_associated_with_condition	0
0.65541905	MONDO:0011998	HGNC:2433	biolink:causes	0
0.59900707	MONDO:0012166	HGNC:14304	biolink:causes	0
0.240594	MONDO:0012166	HGNC:12012	biolink:gene_associated_with_condition	0
0.9513977	MONDO:0012190	HGNC:26527	biolink:causes	0
0.93046427	MONDO:0012222	HGNC:6742	biolink:causes	0
0.010285495	MONDO:0012294	HGNC:6769	biolink:causes	0
0.06829609	MONDO:0012354	HGNC:4023	biolink:causes	0
0.6165548	MONDO:0012382	HGNC:10771	biolink:gene_associated_with_condition	0
0.589618	MONDO:0012382	HGNC:7103	biolink:gene_associated_with_condition	0
0.80892193	MONDO:0012398	HGNC:10664	biolink:gene_associated_with_condition	0
0.22510073	MONDO:0012410	HGNC:26821	biolink:causes	0
0.88780606	MONDO:0012434	HGNC:3219	biolink:causes	0
0.43400776	MONDO:0012442	HGNC:6973	biolink:causes	0
0.16407466	MONDO:0012474	HGNC:12511	biolink:gene_associated_with_condition	0
0.8971377	MONDO:0012514	HGNC:3663	biolink:causes	0
0.2585039	MONDO:0012514	HGNC:9966	biolink:contributes_to	0
0.45723048	MONDO:0012522	HGNC:29873	biolink:causes	0
0.41209206	MONDO:0012522	HGNC:8756	biolink:causes	0
0.56061226	MONDO:0012526	HGNC:15646	biolink:causes	0
0.6741725	MONDO:0012554	HGNC:20213	biolink:causes	0
0.84719634	MONDO:0012554	HGNC:2214	biolink:gene_associated_with_condition	0
0.5986634	MONDO:0012594	HGNC:572	biolink:causes	0
0.3300116	MONDO:0012594	HGNC:3259	biolink:gene_associated_with_condition	0
0.35669234	MONDO:0012594	HGNC:14334	biolink:gene_associated_with_condition	0
0.3680111	MONDO:0012594	HGNC:1529	biolink:causes	0
0.88191	MONDO:0012634	HGNC:23625	biolink:causes	0
0.47979307	MONDO:0012650	HGNC:10593	biolink:causes	0
0.94947124	MONDO:0012682	HGNC:11773	biolink:gene_associated_with_condition	0
0.30893406	MONDO:0012682	HGNC:20716	biolink:causes	0
0.65614235	MONDO:0012803	HGNC:10588	biolink:causes	0
0.5590567	MONDO:0012803	HGNC:25784	biolink:causes	0
0.38449806	MONDO:0012847	HGNC:8565	biolink:causes	0
0.82865036	MONDO:0012859	HGNC:8999	biolink:causes	0
0.37823388	MONDO:0012859	HGNC:11005	biolink:gene_associated_with_condition	0
0.95804036	MONDO:0012859	HGNC:4318	biolink:causes	0
0.40420732	MONDO:0012859	HGNC:9811	biolink:gene_associated_with_condition	0
0.14954534	MONDO:0012859	HGNC:3259	biolink:gene_associated_with_condition	0
0.18353434	MONDO:0012883	HGNC:24592	biolink:causes	0
0.18637516	MONDO:0012883	HGNC:4193	biolink:causes	0
0.048078742	MONDO:0012883	HGNC:7606	biolink:causes	0
0.6601114	MONDO:0012883	HGNC:17341	biolink:gene_associated_with_condition	0
0.19537939	MONDO:0012883	HGNC:12762	biolink:causes	0
0.3207665	MONDO:0012883	HGNC:7720	biolink:causes	0
0.7787292	MONDO:0012892	HGNC:6407	biolink:causes	0
0.10403512	MONDO:0012892	HGNC:21666	biolink:gene_associated_with_condition	0
0.9649917	MONDO:0012892	HGNC:25985	biolink:gene_associated_with_condition	0
0.9262457	MONDO:0012892	HGNC:18188	biolink:gene_associated_with_condition	0
0.7988325	MONDO:0012892	HGNC:25815	biolink:causes	0
0.94726	MONDO:0012892	HGNC:3255	biolink:gene_associated_with_condition	0
0.56393987	MONDO:0012892	HGNC:4635	biolink:gene_associated_with_condition	0
0.84689635	MONDO:0012892	HGNC:3356	biolink:gene_associated_with_condition	0
0.6006648	MONDO:0012892	HGNC:10451	biolink:causes	0
0.9429937	MONDO:0012892	HGNC:11948	biolink:causes	0
0.4454726	MONDO:0012892	HGNC:2088	biolink:causes	0
0.57389975	MONDO:0012904	HGNC:11730	biolink:causes	0
0.73583895	MONDO:0012904	HGNC:28662	biolink:causes	0
0.74149406	MONDO:0012912	HGNC:14270	biolink:gene_associated_with_condition	0
0.31426048	MONDO:0012980	HGNC:1101	biolink:gene_associated_with_condition	0
0.027876414	MONDO:0012980	HGNC:14639	biolink:causes	0
0.39249825	MONDO:0012996	HGNC:10387	biolink:gene_associated_with_condition	0
0.24158266	MONDO:0013028	HGNC:25941	biolink:gene_associated_with_condition	0
0.93807185	MONDO:0013032	HGNC:1268	biolink:causes	0
0.74240696	MONDO:0013032	HGNC:12404	biolink:gene_associated_with_condition	0
0.61532485	MONDO:0013032	HGNC:3416	biolink:causes	0
0.71519357	MONDO:0013052	HGNC:17296	biolink:causes	0
0.77494985	MONDO:0013052	HGNC:3778	biolink:causes	0
0.8711768	MONDO:0013052	HGNC:10604	biolink:causes	0
0.45750177	MONDO:0013052	HGNC:3530	biolink:gene_associated_with_condition	0
0.0744665	MONDO:0013060	HGNC:8008	biolink:causes	0
0.42992657	MONDO:0013060	HGNC:12261	biolink:causes	0
0.73050463	MONDO:0013060	HGNC:18292	biolink:causes	0
0.9047966	MONDO:0013060	HGNC:13829	biolink:causes	0
0.67910904	MONDO:0013116	HGNC:17996	biolink:gene_associated_with_condition	0
0.31855756	MONDO:0013181	HGNC:4868	biolink:causes	0
0.78340554	MONDO:0013181	HGNC:28396	biolink:causes	0
0.65715677	MONDO:0013189	HGNC:8850	biolink:gene_associated_with_condition	0
0.10817515	MONDO:0013193	HGNC:9970	biolink:gene_associated_with_condition	0
0.7685922	MONDO:0013245	HGNC:27310	biolink:causes	0
0.67611015	MONDO:0013245	HGNC:9386	biolink:causes	0
0.67586756	MONDO:0013301	HGNC:4948	biolink:contributes_to	0
0.6629815	MONDO:0013301	HGNC:9043	biolink:gene_associated_with_condition	0
0.73538816	MONDO:0013301	HGNC:19714	biolink:gene_associated_with_condition	0
0.9701554	MONDO:0013357	HGNC:16873	biolink:gene_associated_with_condition	0
0.21038765	MONDO:0013357	HGNC:8028	biolink:causes	0
0.31012234	MONDO:0013357	HGNC:11720	biolink:causes	0
0.9470269	MONDO:0013357	HGNC:19129	biolink:gene_associated_with_condition	0
0.8756104	MONDO:0013414	HGNC:30074	biolink:gene_associated_with_condition	0
0.7798771	MONDO:0013414	HGNC:329	biolink:gene_associated_with_condition	0
0.86247814	MONDO:0013418	HGNC:6859	biolink:causes	0
0.96663195	MONDO:0013426	HGNC:7883	biolink:causes	0
0.06936873	MONDO:0013462	HGNC:24552	biolink:causes	0
0.86411357	MONDO:0013487	HGNC:951	biolink:causes	0
0.5004475	MONDO:0013487	HGNC:12450	biolink:gene_associated_with_condition	0
0.68190306	MONDO:0013507	HGNC:23625	biolink:causes	0
0.71124506	MONDO:0013507	HGNC:1097	biolink:causes	0
0.9502572	MONDO:0013536	HGNC:19316	biolink:causes	0
0.6618937	MONDO:0013661	HGNC:17258	biolink:causes	0
0.07565829	MONDO:0013685	HGNC:7392	biolink:gene_associated_with_condition	0
0.95488095	MONDO:0013777	HGNC:6696	biolink:causes	0
0.5799489	MONDO:0013777	HGNC:19349	biolink:gene_associated_with_condition	0
0.4857212	MONDO:0013797	HGNC:23537	biolink:causes	0
0.37313056	MONDO:0013821	HGNC:4172	biolink:causes	0
0.36948496	MONDO:0013821	HGNC:11936	biolink:causes	0
0.7046738	MONDO:0013821	HGNC:25896	biolink:causes	0
0.6320163	MONDO:0013853	HGNC:6768	biolink:causes	0
0.7558605	MONDO:0013873	HGNC:16493	biolink:causes	0
0.97797966	MONDO:0013885	HGNC:11795	biolink:gene_associated_with_condition	0
0.89484376	MONDO:0013925	HGNC:9118	biolink:causes	0
0.8674653	MONDO:0013925	HGNC:7176	biolink:causes	0
0.82447463	MONDO:0013929	HGNC:3583	biolink:causes	0
0.9281039	MONDO:0013929	HGNC:1514	biolink:contributes_to	0
0.8627888	MONDO:0013937	HGNC:7720	biolink:causes	0
0.090552606	MONDO:0013941	HGNC:24928	biolink:gene_associated_with_condition	0
0.3948845	MONDO:0013957	HGNC:6407	biolink:causes	0
0.93618876	MONDO:0013977	HGNC:19129	biolink:gene_associated_with_condition	0
0.2899867	MONDO:0014013	HGNC:3756	biolink:causes	0
0.7276861	MONDO:0014037	HGNC:13210	biolink:contributes_to	0
0.09380955	MONDO:0014057	HGNC:9066	biolink:gene_associated_with_condition	0
0.9359579	MONDO:0014057	HGNC:17341	biolink:causes	0
0.4465212	MONDO:0014065	HGNC:11714	biolink:causes	0
0.67109877	MONDO:0014089	HGNC:2978	biolink:causes	0
0.6439078	MONDO:0014093	HGNC:904	biolink:causes	0
0.4235252	MONDO:0014093	HGNC:10019	biolink:causes	0
0.87425065	MONDO:0014093	HGNC:21638	biolink:gene_associated_with_condition	0
0.9399364	MONDO:0014117	HGNC:3755	biolink:gene_associated_with_condition	0
0.8477469	MONDO:0014121	HGNC:16400	biolink:gene_associated_with_condition	0
0.9439873	MONDO:0014125	HGNC:30650	biolink:gene_associated_with_condition	0
0.9683363	MONDO:0014125	HGNC:319	biolink:gene_associated_with_condition	0
0.34390184	MONDO:0014141	HGNC:13867	biolink:causes	0
0.3965293	MONDO:0014165	HGNC:7516	biolink:gene_associated_with_condition	0
0.36766282	MONDO:0014217	HGNC:18884	biolink:gene_associated_with_condition	0
0.93825	MONDO:0014217	HGNC:19358	biolink:causes	0
0.850627	MONDO:0014221	HGNC:2244	biolink:causes	0
0.8316449	MONDO:0014225	HGNC:10593	biolink:causes	0
0.9314498	MONDO:0014261	HGNC:6180	biolink:gene_associated_with_condition	0
0.6035233	MONDO:0014305	HGNC:18647	biolink:causes	0
0.5871217	MONDO:0014309	HGNC:2592	biolink:gene_associated_with_condition	0
0.5376486	MONDO:0014321	HGNC:4785	biolink:causes	0
0.6969679	MONDO:0014321	HGNC:9986	biolink:causes	0
0.9376145	MONDO:0014341	HGNC:10818	biolink:causes	0
0.3339307	MONDO:0014349	HGNC:216	biolink:causes	0
0.60562825	MONDO:0014361	HGNC:17996	biolink:causes	0
0.7076281	MONDO:0014397	HGNC:14537	biolink:gene_associated_with_condition	0
0.38523507	MONDO:0014401	HGNC:4948	biolink:contributes_to	0
0.44437295	MONDO:0014401	HGNC:29853	biolink:causes	0
0.6379768	MONDO:0014425	HGNC:11949	biolink:gene_associated_with_condition	0
0.65606797	MONDO:0014425	HGNC:2244	biolink:causes	0
0.4968037	MONDO:0014425	HGNC:6215	biolink:causes	0
0.83340555	MONDO:0014425	HGNC:18083	biolink:causes	0
0.12186478	MONDO:0014429	HGNC:24592	biolink:causes	0
0.043738354	MONDO:0014429	HGNC:25072	biolink:causes	0
0.60586125	MONDO:0014453	HGNC:29186	biolink:gene_associated_with_condition	0
0.5274525	MONDO:0014481	HGNC:16393	biolink:causes	0
0.36609644	MONDO:0014481	HGNC:47	biolink:causes	0
0.9230829	MONDO:0014493	HGNC:2197	biolink:causes	0
0.8609379	MONDO:0014545	HGNC:37276	biolink:causes	0
0.88067925	MONDO:0014545	HGNC:19918	biolink:causes	0
0.54051614	MONDO:0014573	HGNC:8091	biolink:gene_associated_with_condition	0
0.20152996	MONDO:0014585	HGNC:3468	biolink:causes	0
0.5701861	MONDO:0014601	HGNC:819	biolink:gene_associated_with_condition	0
0.51253295	MONDO:0014637	HGNC:2359	biolink:gene_associated_with_condition	0
0.7486532	MONDO:0014637	HGNC:12601	biolink:causes	0
0.51236284	MONDO:0014641	HGNC:30939	biolink:gene_associated_with_condition	0
0.43820092	MONDO:0014645	HGNC:3236	biolink:causes	0
0.032178964	MONDO:0014645	HGNC:18021	biolink:contributes_to	0
0.12080868	MONDO:0014649	HGNC:33939	biolink:causes	0
0.82469827	MONDO:0014657	HGNC:3007	biolink:causes	0
0.9596086	MONDO:0014661	HGNC:6010	biolink:causes	0
0.6457425	MONDO:0014665	HGNC:10771	biolink:causes	0
0.9682865	MONDO:0014693	HGNC:37234	biolink:causes	0
0.58134925	MONDO:0014693	HGNC:4390	biolink:gene_associated_with_condition	0
0.19381036	MONDO:0014693	HGNC:14154	biolink:causes	0
0.56603193	MONDO:0014717	HGNC:22197	biolink:gene_associated_with_condition	0
0.5655693	MONDO:0014717	HGNC:7739	biolink:gene_associated_with_condition	0
0.8757216	MONDO:0014717	HGNC:11187	biolink:causes	0
0.23348825	MONDO:0014741	HGNC:1848	biolink:causes	0
0.26793933	MONDO:0014745	HGNC:12852	biolink:causes	0
0.4744419	MONDO:0014753	HGNC:6024	biolink:causes	0
0.72383565	MONDO:0014809	HGNC:16512	biolink:causes	0
0.1615016	MONDO:0014821	HGNC:12718	biolink:causes	0
0.49910954	MONDO:0014837	HGNC:27310	biolink:causes	0
0.048238676	MONDO:0014841	HGNC:4516	biolink:causes	0
0.37010744	MONDO:0014850	HGNC:29929	biolink:causes	0
0.8001749	MONDO:0014866	HGNC:25295	biolink:causes	0
0.7138337	MONDO:0014866	HGNC:2907	biolink:gene_associated_with_condition	0
0.8130562	MONDO:0014866	HGNC:291	biolink:gene_associated_with_condition	0
0.25806242	MONDO:0014866	HGNC:3776	biolink:causes	0
0.47153482	MONDO:0014918	HGNC:13488	biolink:gene_associated_with_condition	0
0.95926714	MONDO:0014926	HGNC:2187	biolink:causes	0
0.844464	MONDO:0014942	HGNC:951	biolink:causes	0
0.41714635	MONDO:0014946	HGNC:6973	biolink:causes	0
0.49806714	MONDO:0014970	HGNC:7461	biolink:gene_associated_with_condition	0
0.45821115	MONDO:0014998	HGNC:2858	biolink:gene_associated_with_condition	0
0.20916776	MONDO:0014998	HGNC:11584	biolink:gene_associated_with_condition	0
0.8511133	MONDO:0015010	HGNC:5383	biolink:causes	0
0.16247515	MONDO:0015010	HGNC:8996	biolink:causes	0
0.9579023	MONDO:0015353	HGNC:14107	biolink:causes	0
0.73814213	MONDO:0015353	HGNC:1940	biolink:causes	0
0.65076125	MONDO:0015466	HGNC:9585	biolink:causes	0
0.7600678	MONDO:0015466	HGNC:9722	biolink:gene_associated_with_condition	0
0.84825474	MONDO:0015566	HGNC:3754	biolink:causes	0
0.3583672	MONDO:0015566	HGNC:12713	biolink:causes	0
0.7924915	MONDO:0015679	HGNC:8979	biolink:causes	0
0.74435383	MONDO:0015783	HGNC:27302	biolink:gene_associated_with_condition	0
0.30615956	MONDO:0015783	HGNC:14967	biolink:causes	0
0.68934333	MONDO:0015783	HGNC:17321	biolink:gene_associated_with_condition	0
0.37090573	MONDO:0015783	HGNC:4688	biolink:causes	0
0.7112594	MONDO:0015783	HGNC:20967	biolink:gene_associated_with_condition	0
0.52727914	MONDO:0016216	HGNC:10961	biolink:gene_associated_with_condition	0
0.7504419	MONDO:0016216	HGNC:30074	biolink:gene_associated_with_condition	0
0.5078276	MONDO:0016216	HGNC:28506	biolink:gene_associated_with_condition	0
0.3504891	MONDO:0016308	HGNC:21642	biolink:gene_associated_with_condition	0
0.35477242	MONDO:0016308	HGNC:17073	biolink:causes	0
0.4874215	MONDO:0016316	HGNC:9829	biolink:causes	0
0.57339233	MONDO:0016356	HGNC:4241	biolink:gene_associated_with_condition	0
0.81107295	MONDO:0016356	HGNC:21638	biolink:gene_associated_with_condition	0
0.73885775	MONDO:0016476	HGNC:3257	biolink:gene_associated_with_condition	0
0.66386515	MONDO:0016476	HGNC:18550	biolink:causes	0
0.5608622	MONDO:0016573	HGNC:4799	biolink:causes	0
0.036726408	MONDO:0016573	HGNC:14530	biolink:causes	0
0.6743331	MONDO:0016589	HGNC:8548	biolink:causes	0
0.86697775	MONDO:0016621	HGNC:3754	biolink:gene_associated_with_condition	0
0.070462815	MONDO:0016703	HGNC:1514	biolink:causes	0
0.05075649	MONDO:0016703	HGNC:24071	biolink:causes	0
0.9609577	MONDO:0016783	HGNC:2227	biolink:causes	0
0.50320065	MONDO:0016839	HGNC:11828	biolink:causes	0
0.6249275	MONDO:0016863	HGNC:10588	biolink:gene_associated_with_condition	0
0.0328906	MONDO:0016863	HGNC:8654	biolink:gene_associated_with_condition	0
0.9829554	MONDO:0017218	HGNC:7060	biolink:causes	0
0.82636356	MONDO:0017218	HGNC:6770	biolink:causes	0
0.6700278	MONDO:0017218	HGNC:8975	biolink:causes	0
0.101858154	MONDO:0017218	HGNC:17340	biolink:causes	0
0.681462	MONDO:0017238	HGNC:4281	biolink:gene_associated_with_condition	0
0.049013615	MONDO:0017238	HGNC:2409	biolink:gene_associated_with_condition	0
0.8212253	MONDO:0017403	HGNC:4170	biolink:gene_associated_with_condition	0
0.9014041	MONDO:0017403	HGNC:20773	biolink:gene_associated_with_condition	0
0.72503406	MONDO:0017403	HGNC:4331	biolink:causes	0
0.9700539	MONDO:0017407	HGNC:2200	biolink:causes	0
0.63256997	MONDO:0017544	HGNC:10780	biolink:causes	0
0.78953725	MONDO:0017544	HGNC:2260	biolink:causes	0
0.58355653	MONDO:0017683	HGNC:1966	biolink:causes	0
0.843372	MONDO:0017683	HGNC:18286	biolink:causes	0
0.26222354	MONDO:0017683	HGNC:3012	biolink:causes	0
0.4195738	MONDO:0017691	HGNC:9119	biolink:causes	0
0.75725114	MONDO:0017715	HGNC:6664	biolink:causes	0
0.75599986	MONDO:0017715	HGNC:30074	biolink:gene_associated_with_condition	0
0.7182183	MONDO:0017715	HGNC:4801	biolink:gene_associated_with_condition	0
0.6672508	MONDO:0017715	HGNC:23656	biolink:gene_associated_with_condition	0
0.40928552	MONDO:0017811	HGNC:15578	biolink:causes	0
0.7577068	MONDO:0017811	HGNC:10295	biolink:causes	0
0.8019739	MONDO:0017935	HGNC:10590	biolink:causes	0
0.670728	MONDO:0017939	HGNC:4824	biolink:gene_associated_with_condition	0
0.77215564	MONDO:0017947	HGNC:6717	biolink:causes	0
0.18832913	MONDO:0017947	HGNC:3259	biolink:gene_associated_with_condition	0
0.4261765	MONDO:0017947	HGNC:25686	biolink:causes	0
0.8100482	MONDO:0017947	HGNC:24519	biolink:causes	0
0.5578115	MONDO:0018015	HGNC:20134	biolink:causes	0
0.76227653	MONDO:0018023	HGNC:2590	biolink:causes	0
0.69358623	MONDO:0018055	HGNC:11730	biolink:causes	0
0.4132132	MONDO:0018131	HGNC:6342	biolink:gene_associated_with_condition	0
0.58756137	MONDO:0018436	HGNC:29678	biolink:causes	0
0.7645576	MONDO:0018448	HGNC:30497	biolink:causes	0
0.023099486	MONDO:0018564	HGNC:29558	biolink:causes	0
0.7897557	MONDO:0018564	HGNC:28027	biolink:gene_associated_with_condition	0
0.3070605	MONDO:0018564	HGNC:11280	biolink:causes	0
0.6113927	MONDO:0018576	HGNC:30740	biolink:gene_associated_with_condition	0
0.12582608	MONDO:0018656	HGNC:1509	biolink:gene_associated_with_condition	0
0.54943573	MONDO:0018656	HGNC:9990	biolink:causes	0
0.17199571	MONDO:0018761	HGNC:11998	biolink:contributes_to	0
0.7710676	MONDO:0018822	HGNC:6518	biolink:causes	0
0.33940765	MONDO:0018875	HGNC:27365	biolink:causes	0
0.8626386	MONDO:0018931	HGNC:20893	biolink:causes	0
0.6630469	MONDO:0019428	HGNC:19073	biolink:gene_associated_with_condition	0
0.5251951	MONDO:0019448	HGNC:10979	biolink:causes	0
0.8027706	MONDO:0019456	HGNC:9056	biolink:causes	0
0.7697063	MONDO:0019456	HGNC:4801	biolink:gene_associated_with_condition	0
0.1278969	MONDO:0019456	HGNC:710	biolink:causes	0
0.1769664	MONDO:0019644	HGNC:8881	biolink:causes	0
0.81448734	MONDO:0019828	HGNC:33	biolink:gene_associated_with_condition	0
0.7639417	MONDO:0019828	HGNC:634	biolink:causes	0
0.69967526	MONDO:0019828	HGNC:14374	biolink:causes	0
0.8520393	MONDO:0019828	HGNC:851	biolink:causes	0
0.480977	MONDO:0019848	HGNC:2770	biolink:causes	0
0.014671015	MONDO:0019896	HGNC:10907	biolink:gene_associated_with_condition	0
0.24827763	MONDO:0020298	HGNC:20788	biolink:gene_associated_with_condition	0
0.025575621	MONDO:0020298	HGNC:4312	biolink:contributes_to	0
0.54437834	MONDO:0020354	HGNC:20759	biolink:causes	0
0.44945988	MONDO:0020378	HGNC:4799	biolink:gene_associated_with_condition	0
0.8160042	MONDO:0020378	HGNC:6239	biolink:gene_associated_with_condition	0
0.5586543	MONDO:0020378	HGNC:1343	biolink:causes	0
0.72748566	MONDO:0020378	HGNC:12872	biolink:gene_associated_with_condition	0
0.51615614	MONDO:0020507	HGNC:620	biolink:gene_associated_with_condition	0
0.93397826	MONDO:0020507	HGNC:12309	biolink:causes	0
0.5084939	MONDO:0020507	HGNC:5394	biolink:causes	0
0.36748698	MONDO:0020507	HGNC:11427	biolink:causes	0
0.57576066	MONDO:0020507	HGNC:18603	biolink:gene_associated_with_condition	0
0.770349	MONDO:0020563	HGNC:7871	biolink:gene_associated_with_condition	0
0.6289772	MONDO:0020603	HGNC:10771	biolink:gene_associated_with_condition	0
0.453203	MONDO:0020603	HGNC:132	biolink:causes	0
0.66535765	MONDO:0020607	HGNC:236	biolink:causes	0
0.16506627	MONDO:0020611	HGNC:6207	biolink:gene_associated_with_condition	0
0.6741126	MONDO:0020619	HGNC:9967	biolink:causes	0
0.78201234	MONDO:0020631	HGNC:360	biolink:gene_associated_with_condition	0
0.8721332	MONDO:0020692	HGNC:11771	biolink:causes	0
0.6313029	MONDO:0020748	HGNC:11182	biolink:gene_associated_with_condition	0
0.42972437	MONDO:0020748	HGNC:3544	biolink:gene_associated_with_condition	0
0.51141566	MONDO:0020788	HGNC:14348	biolink:gene_associated_with_condition	0
0.7008652	MONDO:0020788	HGNC:9459	biolink:causes	0
0.12519215	MONDO:0020841	HGNC:29796	biolink:causes	0
0.07859461	MONDO:0023662	HGNC:5173	biolink:causes	0
0.7474203	MONDO:0024309	HGNC:6595	biolink:causes	0
0.9181199	MONDO:0024541	HGNC:8857	biolink:gene_associated_with_condition	0
0.56319463	MONDO:0024541	HGNC:4173	biolink:gene_associated_with_condition	0
0.5863259	MONDO:0024541	HGNC:738	biolink:gene_associated_with_condition	0
0.84135574	MONDO:0024541	HGNC:13356	biolink:causes	0
0.9027786	MONDO:0024553	HGNC:3754	biolink:gene_associated_with_condition	0
0.8503509	MONDO:0024557	HGNC:17341	biolink:gene_associated_with_condition	0
0.95836663	MONDO:0025699	HGNC:2197	biolink:gene_associated_with_condition	0
0.3973092	MONDO:0025699	HGNC:20773	biolink:gene_associated_with_condition	0
0.9828735	MONDO:0026730	HGNC:7944	biolink:causes	0
0.9245698	MONDO:0027451	HGNC:4877	biolink:gene_associated_with_condition	0
0.06610351	MONDO:0030028	HGNC:21666	biolink:gene_associated_with_condition	0
0.19871704	MONDO:0030036	HGNC:397	biolink:causes	0
0.22957419	MONDO:0030089	HGNC:5965	biolink:contributes_to	0
0.7922586	MONDO:0030312	HGNC:2858	biolink:gene_associated_with_condition	0
0.52475154	MONDO:0030312	HGNC:7981	biolink:gene_associated_with_condition	0
0.3969667	MONDO:0030338	HGNC:1539	biolink:gene_associated_with_condition	0
0.332048	MONDO:0030338	HGNC:14255	biolink:gene_associated_with_condition	0
0.8185169	MONDO:0030440	HGNC:7154	biolink:causes	0
0.70324814	MONDO:0030440	HGNC:29536	biolink:causes	0
0.6549938	MONDO:0030729	HGNC:28648	biolink:gene_associated_with_condition	0
0.81234366	MONDO:0030878	HGNC:18305	biolink:gene_associated_with_condition	0
0.6005971	MONDO:0030910	HGNC:7739	biolink:gene_associated_with_condition	0
0.7036247	MONDO:0030910	HGNC:13356	biolink:causes	0
0.84392357	MONDO:0030918	HGNC:8854	biolink:causes	0
0.9784761	MONDO:0030918	HGNC:26941	biolink:causes	0
0.9565326	MONDO:0030918	HGNC:9251	biolink:causes	0
0.51721287	MONDO:0030967	HGNC:317	biolink:causes	0
0.4601402	MONDO:0030971	HGNC:13486	biolink:causes	0
0.4837258	MONDO:0032604	HGNC:2417	biolink:gene_associated_with_condition	0
0.97207785	MONDO:0032604	HGNC:28769	biolink:causes	0
0.8257378	MONDO:0032612	HGNC:28672	biolink:causes	0
0.8324785	MONDO:0032624	HGNC:17052	biolink:causes	0
0.95535105	MONDO:0032624	HGNC:1514	biolink:causes	0
0.26020938	MONDO:0032636	HGNC:12403	biolink:gene_associated_with_condition	0
0.46319953	MONDO:0032636	HGNC:888	biolink:causes	0
0.13531077	MONDO:0032636	HGNC:28460	biolink:causes	0
0.49245822	MONDO:0032636	HGNC:816	biolink:gene_associated_with_condition	0
0.3257525	MONDO:0032646	HGNC:10451	biolink:causes	0
0.8095887	MONDO:0032650	HGNC:970	biolink:causes	0
0.66212785	MONDO:0032650	HGNC:27288	biolink:gene_associated_with_condition	0
0.9374366	MONDO:0032724	HGNC:10914	biolink:causes	0
0.92181545	MONDO:0032748	HGNC:10263	biolink:causes	0
0.855755	MONDO:0032752	HGNC:2027	biolink:causes	0
0.77301145	MONDO:0032778	HGNC:8818	biolink:causes	0
0.71720284	MONDO:0032822	HGNC:8804	biolink:causes	0
0.784575	MONDO:0032822	HGNC:18127	biolink:causes	0
0.63249546	MONDO:0032835	HGNC:4688	biolink:causes	0
0.6949428	MONDO:0032869	HGNC:1375	biolink:causes	0
0.9273237	MONDO:0032921	HGNC:2197	biolink:causes	0
0.39215466	MONDO:0032942	HGNC:16393	biolink:gene_associated_with_condition	0
0.33434436	MONDO:0033006	HGNC:6182	biolink:causes	0
0.96003455	MONDO:0033006	HGNC:24931	biolink:gene_associated_with_condition	0
0.8080211	MONDO:0033046	HGNC:30935	biolink:gene_associated_with_condition	0
0.88866854	MONDO:0033200	HGNC:19185	biolink:causes	0
0.8354643	MONDO:0033200	HGNC:11276	biolink:gene_associated_with_condition	0
0.3617931	MONDO:0033200	HGNC:1093	biolink:causes	0
0.94534373	MONDO:0033200	HGNC:2195	biolink:causes	0
0.73079705	MONDO:0033363	HGNC:7765	biolink:causes	0
0.12890847	MONDO:0033482	HGNC:9658	biolink:gene_associated_with_condition	0
0.37209862	MONDO:0033482	HGNC:28880	biolink:causes	0
0.77377844	MONDO:0033543	HGNC:757	biolink:causes	0
0.5619085	MONDO:0033556	HGNC:21054	biolink:causes	0
0.21220249	MONDO:0033556	HGNC:589	biolink:causes	0
0.33862346	MONDO:0033556	HGNC:44204	biolink:causes	0
0.43224743	MONDO:0033620	HGNC:11019	biolink:gene_associated_with_condition	0
0.7159347	MONDO:0034106	HGNC:1802	biolink:causes	0
0.78763145	MONDO:0035941	HGNC:8859	biolink:causes	0
0.6993368	MONDO:0035941	HGNC:8896	biolink:gene_associated_with_condition	0
0.6546238	MONDO:0035941	HGNC:12011	biolink:causes	0
0.8006225	MONDO:0036189	HGNC:12831	biolink:causes	0
0.1124789	MONDO:0036189	HGNC:13886	biolink:causes	0
0.35792407	MONDO:0043364	HGNC:21270	biolink:causes	0
0.3326653	MONDO:0044220	HGNC:6010	biolink:causes	0
0.22971663	MONDO:0044220	HGNC:7974	biolink:gene_associated_with_condition	0
0.03169226	MONDO:0044224	HGNC:21219	biolink:causes	0
0.40910745	MONDO:0044224	HGNC:23537	biolink:causes	0
0.96622735	MONDO:0044306	HGNC:6814	biolink:gene_associated_with_condition	0
0.45155925	MONDO:0044306	HGNC:7821	biolink:gene_associated_with_condition	0
0.95209414	MONDO:0044306	HGNC:4298	biolink:causes	0
0.8437885	MONDO:0044319	HGNC:17341	biolink:gene_associated_with_condition	0
0.92927694	MONDO:0044323	HGNC:6595	biolink:causes	0
0.12262528	MONDO:0044651	HGNC:40050	biolink:causes	0
0.7413301	MONDO:0044651	HGNC:3179	biolink:gene_associated_with_condition	0
0.042992372	MONDO:0044657	HGNC:18130	biolink:gene_associated_with_condition	0
0.18224572	MONDO:0044701	HGNC:5331	biolink:contributes_to	0
0.61885715	MONDO:0044701	HGNC:29853	biolink:causes	0
0.45538026	MONDO:0044701	HGNC:1956	biolink:causes	0
0.6058949	MONDO:0049221	HGNC:5383	biolink:gene_associated_with_condition	0
0.8592505	MONDO:0054636	HGNC:3356	biolink:causes	0
0.7116251	MONDO:0054764	HGNC:9538	biolink:causes	0
0.61512613	MONDO:0054776	HGNC:11621	biolink:gene_associated_with_condition	0
0.66655976	MONDO:0054776	HGNC:8768	biolink:causes	0
0.8038976	MONDO:0054785	HGNC:4116	biolink:gene_associated_with_condition	0
0.7148922	MONDO:0054802	HGNC:11052	biolink:causes	0
0.06940728	MONDO:0054802	HGNC:4707	biolink:gene_associated_with_condition	0
0.8051987	MONDO:0054802	HGNC:11367	biolink:causes	0
0.93502545	MONDO:0060556	HGNC:1388	biolink:causes	0
0.8331759	MONDO:0060556	HGNC:3436	biolink:gene_associated_with_condition	0
0.7954508	MONDO:0060556	HGNC:9282	biolink:causes	0
0.76459	MONDO:0060663	HGNC:1388	biolink:gene_associated_with_condition	0
0.75533265	MONDO:0060663	HGNC:11609	biolink:causes	0
0.85679156	MONDO:0060663	HGNC:24931	biolink:gene_associated_with_condition	0
0.8858272	MONDO:0060702	HGNC:12765	biolink:gene_associated_with_condition	0
0.042477883	MONDO:0100101	HGNC:14544	biolink:gene_associated_with_condition	0
0.80243814	MONDO:0100101	HGNC:8548	biolink:causes	0
0.72314	MONDO:0100217	HGNC:2348	biolink:gene_associated_with_condition	0
0.1491801	MONDO:0100229	HGNC:20297	biolink:causes	0
0.111741886	MONDO:0100289	HGNC:4204	biolink:causes	0
0.071518816	MONDO:0100289	HGNC:11005	biolink:causes	0
0.021387035	MONDO:0100289	HGNC:9066	biolink:gene_associated_with_condition	0
0.23095411	MONDO:0100533	HGNC:225	biolink:gene_associated_with_condition	0
0.87845963	MONDO:0100533	HGNC:5439	biolink:gene_associated_with_condition	0
0.43838796	MONDO:0100600	HGNC:12499	biolink:causes	0
0.35298195	MONDO:0100600	HGNC:4827	biolink:gene_associated_with_condition	0
0.010047895	MONDO:0700297	HGNC:19141	biolink:causes	0
0.54986584	MONDO:0700301	HGNC:21316	biolink:gene_associated_with_condition	0
0.5188831	MONDO:0800438	HGNC:8896	biolink:gene_associated_with_condition	0
0.47268456	MONDO:0859187	HGNC:29536	biolink:gene_associated_with_condition	0
0.8776864	MONDO:0859187	HGNC:8604	biolink:causes	0
0.55830336	MONDO:0859204	HGNC:6005	biolink:gene_associated_with_condition	0
0.9822155	MONDO:0859253	HGNC:7499	biolink:gene_associated_with_condition	0
0.95625484	MONDO:0859253	HGNC:6696	biolink:causes	0
0.9437457	MONDO:0859335	HGNC:6481	biolink:gene_associated_with_condition	0
0.671605	MONDO:0859335	HGNC:1529	biolink:gene_associated_with_condition	0
0.7660653	MONDO:0859355	HGNC:13387	biolink:causes	0
0.3939587	MONDO:0859575	HGNC:7737	biolink:causes	0
0.7861729	MONDO:0957220	HGNC:25985	biolink:gene_associated_with_condition	0
0.88332134	MONDO:0957281	HGNC:11771	biolink:causes	0
0.8917946	MONDO:0957382	HGNC:17754	biolink:causes	0
0.38330814	MONDO:0957382	HGNC:427	biolink:contributes_to	0
0.7171488	MONDO:0957577	HGNC:20145	biolink:gene_associated_with_condition	0
0.8643895	MONDO:0957577	HGNC:12783	biolink:gene_associated_with_condition	0
0.76944077	MONDO:0957584	HGNC:6814	biolink:gene_associated_with_condition	0
0.4207606	MONDO:0957584	HGNC:4454	biolink:gene_associated_with_condition	0
0.9138385	MONDO:0958189	HGNC:2916	biolink:causes	0
0.27117705	MONDO:0958237	HGNC:2468	biolink:causes	0
0.4023636	MONDO:0958354	HGNC:5228	biolink:gene_associated_with_condition	0
0.32914397	MONDO:0958354	HGNC:11934	biolink:contributes_to	0
0.095405705	MONDO:0971016	HGNC:11356	biolink:causes	0
0.20506261	MONDO:0971016	HGNC:24877	biolink:gene_associated_with_condition	0
0.6199363	MONDO:0971016	HGNC:6342	biolink:gene_associated_with_condition	0
0.86844975	MONDO:0971064	HGNC:10591	biolink:gene_associated_with_condition	0
0.3213034	MONDO:0971064	HGNC:12593	biolink:contributes_to	0
0.8983439	MONDO:0975754	HGNC:5466	biolink:causes	0
0.42120013	MONDO:0975754	HGNC:18621	biolink:causes	0
0.543578	MONDO:0975754	HGNC:7490	biolink:gene_associated_with_condition	0
0.12507683	MONDO:0976226	HGNC:13202	biolink:gene_associated_with_condition	0
0.05298517	MONDO:0976267	HGNC:7745	biolink:causes	0
0.55395347	MONDO:0976267	HGNC:6211	biolink:causes	0
