disease	predicate	gene	score	rank	classification
MONDO:0013212	biolink:related_to	HGNC:20	0.9568542242050171	643	TP-outside-Top50 (rank=643)
MONDO:0009929	biolink:related_to	HGNC:33			MISSING_TRUE_GENE
MONDO:0800029	biolink:related_to	HGNC:13552	0.7476539015769958	103	TP-outside-Top50 (rank=103)
MONDO:0009380	biolink:related_to	HGNC:53			MISSING_TRUE_GENE
MONDO:0019333	biolink:related_to	HGNC:59	0.523528516292572	3719	TP-outside-Top50 (rank=3719)
MONDO:0030088	biolink:related_to	HGNC:59	0.9726420640945435	67	TP-outside-Top50 (rank=67)
MONDO:0012648	biolink:related_to	HGNC:87	0.7843258380889893	994	TP-outside-Top50 (rank=994)
MONDO:0009919	biolink:related_to	HGNC:119			MISSING_TRUE_GENE
MONDO:0957594	biolink:related_to	HGNC:126			MISSING_TRUE_GENE
MONDO:0859517	biolink:related_to	HGNC:129	0.7191261649131775	1229	TP-outside-Top50 (rank=1229)
MONDO:0007606	biolink:related_to	HGNC:171			MISSING_TRUE_GENE
MONDO:0008436	biolink:related_to	HGNC:1839	0.999238133430481	1	Top10-TP (rank=1)
MONDO:0009728	biolink:related_to	HGNC:29536			MISSING_TRUE_GENE
MONDO:0957819	biolink:related_to	HGNC:16305			MISSING_TRUE_GENE
MONDO:0007748	biolink:related_to	HGNC:21285			MISSING_TRUE_GENE
MONDO:0010823	biolink:related_to	HGNC:327			MISSING_TRUE_GENE
MONDO:0014343	biolink:related_to	HGNC:3444			MISSING_TRUE_GENE
MONDO:0011528	biolink:related_to	HGNC:13203			MISSING_TRUE_GENE
MONDO:0009411	biolink:related_to	HGNC:360	0.9997656941413879	1	Top10-TP (rank=1)
MONDO:0013664	biolink:related_to	HGNC:387			MISSING_TRUE_GENE
MONDO:0014543	biolink:related_to	HGNC:23159	0.9992461204528809	1	Top10-TP (rank=1)
MONDO:0011291	biolink:related_to	HGNC:23157	0.9874568581581116	103	TP-outside-Top50 (rank=103)
MONDO:0035370	biolink:related_to	HGNC:437			MISSING_TRUE_GENE
MONDO:0013361	biolink:related_to	HGNC:3535	0.9012120366096497	989	TP-outside-Top50 (rank=989)
MONDO:0015787	biolink:related_to	HGNC:3546			MISSING_TRUE_GENE
MONDO:0026768	biolink:related_to	HGNC:3551	0.7606387734413147	62	TP-outside-Top50 (rank=62)
MONDO:0008559	biolink:related_to	HGNC:3531			MISSING_TRUE_GENE
MONDO:0009821	biolink:related_to	HGNC:22140			MISSING_TRUE_GENE
MONDO:0009215	biolink:related_to	HGNC:3587	0.9999932050704956	1	Top10-TP (rank=1)
MONDO:0010752	biolink:related_to	HGNC:3583	0.9997681975364685	1	Top10-TP (rank=1)
MONDO:0009052	biolink:related_to	HGNC:3602	0.9917570948600769	51	TP-outside-Top50 (rank=51)
MONDO:0859246	biolink:related_to	HGNC:3607			MISSING_TRUE_GENE
MONDO:0009061	biolink:related_to	HGNC:3179	0.4361098110675812	8	Top10-TP (rank=8)
MONDO:0013016	biolink:related_to	HGNC:23151			MISSING_TRUE_GENE
MONDO:0015096	biolink:related_to	HGNC:3694	0.9450830221176147	30	Top50-TP (rank=30)
MONDO:0859086	biolink:related_to	HGNC:3670	0.7403929829597473	1957	TP-outside-Top50 (rank=1957)
MONDO:0010292	biolink:related_to	HGNC:3702	0.9998966455459595	1	Top10-TP (rank=1)
MONDO:0010400	biolink:related_to	HGNC:3702	0.921340823173523	325	TP-outside-Top50 (rank=325)
MONDO:0010415	biolink:related_to	HGNC:3702	0.9751649498939514	101	TP-outside-Top50 (rank=101)
MONDO:0010401	biolink:related_to	HGNC:3702	0.9747270345687866	27	Top50-TP (rank=27)
MONDO:0014918	biolink:related_to	HGNC:3705			MISSING_TRUE_GENE
MONDO:0024550	biolink:related_to	HGNC:3754	0.9724496006965637	571	TP-outside-Top50 (rank=571)
MONDO:0010232	biolink:related_to	HGNC:3754	0.970294713973999	476	TP-outside-Top50 (rank=476)
MONDO:0010704	biolink:related_to	HGNC:3754	0.9477850794792175	411	TP-outside-Top50 (rank=411)
MONDO:8000011	biolink:related_to	HGNC:3754	0.9033263921737671	903	TP-outside-Top50 (rank=903)
MONDO:0044617	biolink:related_to	HGNC:3754	0.8542092442512512	625	TP-outside-Top50 (rank=625)
MONDO:0010233	biolink:related_to	HGNC:3754	0.9628450274467468	488	TP-outside-Top50 (rank=488)
MONDO:0018767	biolink:related_to	HGNC:3771	0.9849432706832886	9	Top10-TP (rank=9)
MONDO:0013352	biolink:related_to	HGNC:3823	0.99031001329422	19	Top50-TP (rank=19)
MONDO:0011184	biolink:related_to	HGNC:13875	0.7425577640533447	1286	TP-outside-Top50 (rank=1286)
MONDO:0054737	biolink:related_to	HGNC:19185			MISSING_TRUE_GENE
MONDO:0013774	biolink:related_to	HGNC:23399	0.998868465423584	1	Top10-TP (rank=1)
MONDO:0012165	biolink:related_to	HGNC:23399	0.9998340606689453	1	Top10-TP (rank=1)
MONDO:0019636	biolink:related_to	HGNC:9967	0.5027201771736145	5486	TP-outside-Top50 (rank=5486)
MONDO:0014274	biolink:related_to	HGNC:3999	0.8121443390846252	1469	TP-outside-Top50 (rank=1469)
MONDO:0010952	biolink:related_to	HGNC:3999	0.6720037460327148	1605	TP-outside-Top50 (rank=1605)
MONDO:0033552	biolink:related_to	HGNC:4014	0.8917230367660522	23	Top50-TP (rank=23)
MONDO:0850078	biolink:related_to	HGNC:26219			MISSING_TRUE_GENE
MONDO:0032937	biolink:related_to	HGNC:4023	0.1425601691007614	11339	TP-outside-Top50 (rank=11339)
MONDO:0032936	biolink:related_to	HGNC:4023	0.1935267597436905	16517	TP-outside-Top50 (rank=16517)
MONDO:0012395	biolink:related_to	HGNC:14673	0.32791247963905334	13765	TP-outside-Top50 (rank=13765)
MONDO:0012843	biolink:related_to	HGNC:4083	0.8448790311813354	913	TP-outside-Top50 (rank=913)
MONDO:0017691	biolink:related_to	HGNC:4116	0.8020405769348145	220	TP-outside-Top50 (rank=220)
MONDO:0100252	biolink:related_to	HGNC:4125			MISSING_TRUE_GENE
MONDO:0009258	biolink:related_to	HGNC:4135			MISSING_TRUE_GENE
MONDO:0032757	biolink:related_to	HGNC:24846			MISSING_TRUE_GENE
MONDO:0008542	biolink:related_to	HGNC:16700	0.9712849259376526	5	Top10-TP (rank=5)
MONDO:0060663	biolink:related_to	HGNC:15802			MISSING_TRUE_GENE
MONDO:0012996	biolink:related_to	HGNC:4175	0.9999904632568359	1	Top10-TP (rank=1)
MONDO:0013737	biolink:related_to	HGNC:18986	0.9990781545639038	1	Top10-TP (rank=1)
MONDO:0018393	biolink:related_to	HGNC:18130	0.9284135103225708	48	Top50-TP (rank=48)
MONDO:0021548	biolink:related_to	HGNC:2409			MISSING_TRUE_GENE
MONDO:0044220	biolink:related_to	HGNC:4204	0.8576030135154724	105	TP-outside-Top50 (rank=105)
MONDO:0013116	biolink:related_to	HGNC:4236			MISSING_TRUE_GENE
MONDO:0032726	biolink:related_to	HGNC:29682			MISSING_TRUE_GENE
MONDO:0014403	biolink:related_to	HGNC:4267			MISSING_TRUE_GENE
MONDO:0011430	biolink:related_to	HGNC:2411	0.8276827931404114	257	TP-outside-Top50 (rank=257)
MONDO:0015635	biolink:related_to	HGNC:4284	0.16177870333194733	1798	TP-outside-Top50 (rank=1798)
MONDO:0010526	biolink:related_to	HGNC:4296	0.9916690587997437	1	Top10-TP (rank=1)
MONDO:0017353	biolink:related_to	HGNC:4313	0.932853639125824	701	TP-outside-Top50 (rank=701)
MONDO:0015010	biolink:related_to	HGNC:4313	0.8310471177101135	2485	TP-outside-Top50 (rank=2485)
MONDO:0009070	biolink:related_to	HGNC:24247	0.9991095662117004	1	Top10-TP (rank=1)
MONDO:0010099	biolink:related_to	HGNC:4367			MISSING_TRUE_GENE
MONDO:0014074	biolink:related_to	HGNC:20731	0.9802061319351196	71	TP-outside-Top50 (rank=71)
MONDO:0020602	biolink:related_to	HGNC:4452	0.9999995231628418	1	Top10-TP (rank=1)
MONDO:0017906	biolink:related_to	HGNC:4462	0.8543544411659241	847	TP-outside-Top50 (rank=847)
MONDO:0011411	biolink:related_to	HGNC:29501			MISSING_TRUE_GENE
MONDO:0033479	biolink:related_to	HGNC:4593	0.9931146502494812	7	Top10-TP (rank=7)
MONDO:0008377	biolink:related_to	HGNC:14415	0.96541827917099	281	TP-outside-Top50 (rank=281)
MONDO:0012693	biolink:related_to	HGNC:4706			MISSING_TRUE_GENE
MONDO:0012382	biolink:related_to	HGNC:4799			MISSING_TRUE_GENE
MONDO:0017715	biolink:related_to	HGNC:4799			MISSING_TRUE_GENE
MONDO:0013512	biolink:related_to	HGNC:4824	0.9131655097007751	20	Top50-TP (rank=20)
MONDO:0007716	biolink:related_to	HGNC:4824	0.6248579621315002	2106	TP-outside-Top50 (rank=2106)
MONDO:0018023	biolink:related_to	HGNC:4823	0.9702825546264648	197	TP-outside-Top50 (rank=197)
MONDO:0054802	biolink:related_to	HGNC:4823	0.9158552885055542	362	TP-outside-Top50 (rank=362)
MONDO:0016672	biolink:related_to	HGNC:4827	0.6600989699363708	188	TP-outside-Top50 (rank=188)
MONDO:0018749	biolink:related_to	HGNC:4831	0.5128202438354492	3038	TP-outside-Top50 (rank=3038)
MONDO:0024552	biolink:related_to	HGNC:20372	0.9979840517044067	1	Top10-TP (rank=1)
MONDO:0019635	biolink:related_to	HGNC:4942	0.6140581965446472	2592	TP-outside-Top50 (rank=2592)
MONDO:0018092	biolink:related_to	HGNC:4948	0.5960278511047363	2434	TP-outside-Top50 (rank=2434)
MONDO:0019082	biolink:related_to	HGNC:4944	0.3876422345638275	223	TP-outside-Top50 (rank=223)
MONDO:0008399	biolink:related_to	HGNC:4948	0.4802645444869995	6554	TP-outside-Top50 (rank=6554)
MONDO:0021571	biolink:related_to	HGNC:4948	0.3211362063884735	4419	TP-outside-Top50 (rank=4419)
MONDO:0017935	biolink:related_to	HGNC:11621	0.30095797777175903	12894	TP-outside-Top50 (rank=12894)
MONDO:0012193	biolink:related_to	HGNC:5037			MISSING_TRUE_GENE
MONDO:0033363	biolink:related_to	HGNC:5048			MISSING_TRUE_GENE
MONDO:0007222	biolink:related_to	HGNC:5136	0.9832912683486938	152	TP-outside-Top50 (rank=152)
MONDO:0012544	biolink:related_to	HGNC:5136	0.9625011086463928	57	TP-outside-Top50 (rank=57)
MONDO:0008513	biolink:related_to	HGNC:5136	0.956350564956665	217	TP-outside-Top50 (rank=217)
MONDO:0017544	biolink:related_to	HGNC:5136	0.9370137453079224	154	TP-outside-Top50 (rank=154)
MONDO:0018611	biolink:related_to	HGNC:2411	0.9123907089233398	10	Top10-TP (rank=10)
MONDO:0011929	biolink:related_to	HGNC:7171			MISSING_TRUE_GENE
MONDO:0009140	biolink:related_to	HGNC:5273			MISSING_TRUE_GENE
MONDO:0044723	biolink:related_to	HGNC:14348	0.9773452281951904	194	TP-outside-Top50 (rank=194)
MONDO:0014132	biolink:related_to	HGNC:27302			MISSING_TRUE_GENE
MONDO:0016689	biolink:related_to	HGNC:5383	0.398739755153656	2703	TP-outside-Top50 (rank=2703)
MONDO:0013345	biolink:related_to	HGNC:5383	0.8815348148345947	640	TP-outside-Top50 (rank=640)
MONDO:0016703	biolink:related_to	HGNC:5383	0.10806279629468918	5231	TP-outside-Top50 (rank=5231)
MONDO:0019456	biolink:related_to	HGNC:2978	0.9098724126815796	4	Top10-TP (rank=4)
MONDO:0011436	biolink:related_to	HGNC:5542			MISSING_TRUE_GENE
MONDO:0010315	biolink:related_to	HGNC:6010	0.9999594688415527	1	Top10-TP (rank=1)
MONDO:0012488	biolink:related_to	HGNC:5433	0.9726636409759521	28	Top50-TP (rank=28)
MONDO:0014338	biolink:related_to	HGNC:6005			MISSING_TRUE_GENE
MONDO:0007454	biolink:related_to	HGNC:6081	0.1729084849357605	3372	TP-outside-Top50 (rank=3372)
MONDO:0014535	biolink:related_to	HGNC:6081	0.2589690387248993	9545	TP-outside-Top50 (rank=9545)
MONDO:0030089	biolink:related_to	HGNC:6081	0.82688969373703	2210	TP-outside-Top50 (rank=2210)
MONDO:0009874	biolink:related_to	HGNC:6091	0.8051261901855469	977	TP-outside-Top50 (rank=977)
MONDO:0012381	biolink:related_to	HGNC:6091	0.8470471501350403	1022	TP-outside-Top50 (rank=1022)
MONDO:0012520	biolink:related_to	HGNC:6091	0.4446655809879303	1909	TP-outside-Top50 (rank=1909)
MONDO:0044328	biolink:related_to	HGNC:29239	0.9989140033721924	1	Top10-TP (rank=1)
MONDO:0032758	biolink:related_to	HGNC:6115			MISSING_TRUE_GENE
MONDO:0014719	biolink:related_to	HGNC:6176			MISSING_TRUE_GENE
MONDO:0013033	biolink:related_to	HGNC:19309			MISSING_TRUE_GENE
MONDO:0019943	biolink:related_to	HGNC:6218	0.8307091593742371	1146	TP-outside-Top50 (rank=1146)
MONDO:0020745	biolink:related_to	HGNC:1449			MISSING_TRUE_GENE
MONDO:0011819	biolink:related_to	HGNC:6239	0.9929403066635132	9	Top10-TP (rank=9)
MONDO:0012677	biolink:related_to	HGNC:6242	0.9756607413291931	19	Top50-TP (rank=19)
MONDO:0013005	biolink:related_to	HGNC:6256			MISSING_TRUE_GENE
MONDO:0010933	biolink:related_to	HGNC:8818	0.9871068596839905	1	Top10-TP (rank=1)
MONDO:0700299	biolink:related_to	HGNC:29079			MISSING_TRUE_GENE
MONDO:0020611	biolink:related_to	HGNC:6308	0.8351867198944092	9	Top10-TP (rank=9)
MONDO:0009252	biolink:related_to	HGNC:6315			MISSING_TRUE_GENE
MONDO:0015007	biolink:related_to	HGNC:29508			MISSING_TRUE_GENE
MONDO:0007922	biolink:related_to	HGNC:12363	0.9699020385742188	1	Top10-TP (rank=1)
MONDO:0010176	biolink:related_to	HGNC:29162	0.9687425494194031	424	TP-outside-Top50 (rank=424)
MONDO:0011778	biolink:related_to	HGNC:30497	0.9913877844810486	63	TP-outside-Top50 (rank=63)
MONDO:0030505	biolink:related_to	HGNC:21495	0.9999825954437256	1	Top10-TP (rank=1)
MONDO:0014738	biolink:related_to	HGNC:6343	0.7724865078926086	611	TP-outside-Top50 (rank=611)
MONDO:0035823	biolink:related_to	HGNC:15646			MISSING_TRUE_GENE
MONDO:0013052	biolink:related_to	HGNC:15646			MISSING_TRUE_GENE
MONDO:0014890	biolink:related_to	HGNC:15646			MISSING_TRUE_GENE
MONDO:0014037	biolink:related_to	HGNC:18829			MISSING_TRUE_GENE
MONDO:0014138	biolink:related_to	HGNC:30372			MISSING_TRUE_GENE
MONDO:0011518	biolink:related_to	HGNC:7132	0.9852879047393799	315	TP-outside-Top50 (rank=315)
MONDO:0035941	biolink:related_to	HGNC:7132	0.8838618397712708	408	TP-outside-Top50 (rank=408)
MONDO:0035651	biolink:related_to	HGNC:7133	0.9995782971382141	1	Top10-TP (rank=1)
MONDO:0014112	biolink:related_to	HGNC:6407	0.866157054901123	2025	TP-outside-Top50 (rank=2025)
MONDO:0013767	biolink:related_to	HGNC:6407	0.7498253583908081	2688	TP-outside-Top50 (rank=2688)
MONDO:0015278	biolink:related_to	HGNC:11998	0.77931147813797	97	TP-outside-Top50 (rank=97)
MONDO:0010854	biolink:related_to	HGNC:6407	0.8956798911094666	2066	TP-outside-Top50 (rank=2066)
MONDO:0014327	biolink:related_to	HGNC:20406	0.6922541260719299	2319	TP-outside-Top50 (rank=2319)
MONDO:0014346	biolink:related_to	HGNC:6415			MISSING_TRUE_GENE
MONDO:0044648	biolink:related_to	HGNC:26576			MISSING_TRUE_GENE
MONDO:0012559	biolink:related_to	HGNC:29796			MISSING_TRUE_GENE
MONDO:0024568	biolink:related_to	HGNC:6512			MISSING_TRUE_GENE
MONDO:0013047	biolink:related_to	HGNC:6535	0.7474449872970581	967	TP-outside-Top50 (rank=967)
MONDO:0018328	biolink:related_to	HGNC:13887	0.8309187293052673	324	TP-outside-Top50 (rank=324)
MONDO:0013992	biolink:related_to	HGNC:6554	0.9254281520843506	373	TP-outside-Top50 (rank=373)
MONDO:0859304	biolink:related_to	HGNC:6556	0.9844778776168823	7	Top10-TP (rank=7)
MONDO:0019930	biolink:related_to	HGNC:6585			MISSING_TRUE_GENE
MONDO:0009820	biolink:related_to	HGNC:12776	0.9968005418777466	3	Top10-TP (rank=3)
MONDO:0029465	biolink:related_to	HGNC:19263	0.9885056018829346	445	TP-outside-Top50 (rank=445)
MONDO:0013178	biolink:related_to	HGNC:6636	0.9307866096496582	965	TP-outside-Top50 (rank=965)
MONDO:0007269	biolink:related_to	HGNC:6636	0.8610687851905823	787	TP-outside-Top50 (rank=787)
MONDO:0008310	biolink:related_to	HGNC:12877	0.7740897536277771	462	TP-outside-Top50 (rank=462)
MONDO:0017403	biolink:related_to	HGNC:11769	0.9438503980636597	2426	TP-outside-Top50 (rank=2426)
MONDO:0007949	biolink:related_to	HGNC:2219			MISSING_TRUE_GENE
MONDO:0008490	biolink:related_to	HGNC:2464			MISSING_TRUE_GENE
MONDO:0007987	biolink:related_to	HGNC:13869	0.9999229907989502	5	Top10-TP (rank=5)
MONDO:0009069	biolink:related_to	HGNC:15714			MISSING_TRUE_GENE
MONDO:0013170	biolink:related_to	HGNC:6717			MISSING_TRUE_GENE
MONDO:0859355	biolink:related_to	HGNC:21173			MISSING_TRUE_GENE
MONDO:0014269	biolink:related_to	HGNC:21365	0.9957901835441589	1	Top10-TP (rank=1)
MONDO:0016682	biolink:related_to	HGNC:11522			MISSING_TRUE_GENE
MONDO:0014693	biolink:related_to	HGNC:6742	0.9974699020385742	1	Top10-TP (rank=1)
MONDO:0015783	biolink:related_to	HGNC:11164	0.7885608673095703	1392	TP-outside-Top50 (rank=1392)
MONDO:0100101	biolink:related_to	HGNC:19349	0.30880892276763916	4265	TP-outside-Top50 (rank=4265)
MONDO:0971064	biolink:related_to	HGNC:17811			MISSING_TRUE_GENE
MONDO:0008447	biolink:related_to	HGNC:492	0.36417436599731445	1283	TP-outside-Top50 (rank=1283)
MONDO:0009885	biolink:related_to	HGNC:25240	0.9246419668197632	2004	TP-outside-Top50 (rank=2004)
MONDO:0017241	biolink:related_to	HGNC:575			MISSING_TRUE_GENE
MONDO:0008483	biolink:related_to	HGNC:573			MISSING_TRUE_GENE
MONDO:0007750	biolink:related_to	HGNC:601			MISSING_TRUE_GENE
MONDO:0017946	biolink:related_to	HGNC:620	0.3577011525630951	13054	TP-outside-Top50 (rank=13054)
MONDO:0017945	biolink:related_to	HGNC:620	0.12932629883289337	16346	TP-outside-Top50 (rank=16346)
MONDO:0017947	biolink:related_to	HGNC:620	0.4360242486000061	10044	TP-outside-Top50 (rank=10044)
MONDO:0007451	biolink:related_to	HGNC:634			MISSING_TRUE_GENE
MONDO:0010849	biolink:related_to	HGNC:638	0.5483209490776062	2602	TP-outside-Top50 (rank=2602)
MONDO:0017172	biolink:related_to	HGNC:714			MISSING_TRUE_GENE
MONDO:0014205	biolink:related_to	HGNC:29357	0.9999895095825195	1	Top10-TP (rank=1)
MONDO:0014677	biolink:related_to	HGNC:791	0.4631282091140747	2138	TP-outside-Top50 (rank=2138)
MONDO:0032781	biolink:related_to	HGNC:3033			MISSING_TRUE_GENE
MONDO:0009607	biolink:related_to	HGNC:6903	0.7466767430305481	1206	TP-outside-Top50 (rank=1206)
MONDO:0008861	biolink:related_to	HGNC:6936			MISSING_TRUE_GENE
MONDO:0013351	biolink:related_to	HGNC:2375			MISSING_TRUE_GENE
MONDO:0011570	biolink:related_to	HGNC:28845			MISSING_TRUE_GENE
MONDO:0007191	biolink:related_to	HGNC:18173	0.5384859442710876	3475	TP-outside-Top50 (rank=3475)
MONDO:0018015	biolink:related_to	HGNC:6998	0.7302715182304382	874	TP-outside-Top50 (rank=874)
MONDO:0013469	biolink:related_to	HGNC:7027			MISSING_TRUE_GENE
MONDO:0014409	biolink:related_to	HGNC:26988	0.9977155923843384	1	Top10-TP (rank=1)
MONDO:0012588	biolink:related_to	HGNC:28486			MISSING_TRUE_GENE
MONDO:0014042	biolink:related_to	HGNC:21086			MISSING_TRUE_GENE
MONDO:0010489	biolink:related_to	HGNC:7096			MISSING_TRUE_GENE
MONDO:0014976	biolink:related_to	HGNC:7104			MISSING_TRUE_GENE
MONDO:0032835	biolink:related_to	HGNC:31527			MISSING_TRUE_GENE
MONDO:0009613	biolink:related_to	HGNC:18871			MISSING_TRUE_GENE
MONDO:0010185	biolink:related_to	HGNC:25221	0.9994564652442932	1	Top10-TP (rank=1)
MONDO:0700298	biolink:related_to	HGNC:25221	0.9013916254043579	25	Top50-TP (rank=25)
MONDO:0017683	biolink:related_to	HGNC:25221	0.5397348999977112	1893	TP-outside-Top50 (rank=1893)
MONDO:0700297	biolink:related_to	HGNC:25221	0.7918086647987366	1027	TP-outside-Top50 (rank=1027)
MONDO:0957278	biolink:related_to	HGNC:7199			MISSING_TRUE_GENE
MONDO:0030973	biolink:related_to	HGNC:29619			MISSING_TRUE_GENE
MONDO:0032728	biolink:related_to	HGNC:7224	0.9677978754043579	7	Top10-TP (rank=7)
MONDO:0020765	biolink:related_to	HGNC:7225	0.9998818635940552	1	Top10-TP (rank=1)
MONDO:0008392	biolink:related_to	HGNC:9118	0.9699065089225769	34	Top50-TP (rank=34)
MONDO:0011889	biolink:related_to	HGNC:7225	0.9988114833831787	1	Top10-TP (rank=1)
MONDO:0024557	biolink:related_to	HGNC:7230	0.8464043140411377	519	TP-outside-Top50 (rank=519)
MONDO:0033534	biolink:related_to	HGNC:14509			MISSING_TRUE_GENE
MONDO:0012041	biolink:related_to	HGNC:11529	0.9607049822807312	1	Top10-TP (rank=1)
MONDO:0044300	biolink:related_to	HGNC:7326	0.988032341003418	198	TP-outside-Top50 (rank=198)
MONDO:0010514	biolink:related_to	HGNC:7373	0.5336542725563049	5436	TP-outside-Top50 (rank=5436)
MONDO:0013386	biolink:related_to	HGNC:27375			MISSING_TRUE_GENE
MONDO:0044714	biolink:related_to	HGNC:29678			MISSING_TRUE_GENE
MONDO:0010792	biolink:related_to	HGNC:7499			MISSING_TRUE_GENE
MONDO:0009353	biolink:related_to	HGNC:7436	0.8592897057533264	1595	TP-outside-Top50 (rank=1595)
MONDO:0008048	biolink:related_to	HGNC:26190	0.7340598702430725	1937	TP-outside-Top50 (rank=1937)
MONDO:0013354	biolink:related_to	HGNC:25532	0.8749648928642273	1248	TP-outside-Top50 (rank=1248)
MONDO:0011490	biolink:related_to	HGNC:21666			MISSING_TRUE_GENE
MONDO:0013198	biolink:related_to	HGNC:7576	0.7883646488189697	333	TP-outside-Top50 (rank=333)
MONDO:0020345	biolink:related_to	HGNC:329			MISSING_TRUE_GENE
MONDO:0032653	biolink:related_to	HGNC:1181	0.9999865293502808	1	Top10-TP (rank=1)
MONDO:0014665	biolink:related_to	HGNC:7632	0.9706265330314636	21	Top50-TP (rank=21)
MONDO:0011504	biolink:related_to	HGNC:17619			MISSING_TRUE_GENE
MONDO:0015786	biolink:related_to	HGNC:7675	0.44469672441482544	5258	TP-outside-Top50 (rank=5258)
MONDO:0020298	biolink:related_to	HGNC:8101	0.6378260254859924	3338	TP-outside-Top50 (rank=3338)
MONDO:0006952	biolink:related_to	HGNC:7678	0.9280595779418945	308	TP-outside-Top50 (rank=308)
MONDO:0010269	biolink:related_to	HGNC:7678	0.9685314893722534	347	TP-outside-Top50 (rank=347)
MONDO:0011836	biolink:related_to	HGNC:17194	0.2169932872056961	2540	TP-outside-Top50 (rank=2540)
MONDO:0032611	biolink:related_to	HGNC:7708	0.8788342475891113	1303	TP-outside-Top50 (rank=1303)
MONDO:0009994	biolink:related_to	HGNC:7765	0.8553875088691711	807	TP-outside-Top50 (rank=807)
MONDO:0008078	biolink:related_to	HGNC:7765	0.9886947274208069	365	TP-outside-Top50 (rank=365)
MONDO:0013357	biolink:related_to	HGNC:21158	0.05783185735344887	16058	TP-outside-Top50 (rank=16058)
MONDO:0016681	biolink:related_to	HGNC:11998	0.8523141741752625	65	TP-outside-Top50 (rank=65)
MONDO:0012092	biolink:related_to	HGNC:7808	0.8903189301490784	342	TP-outside-Top50 (rank=342)
MONDO:0017111	biolink:related_to	HGNC:7821			MISSING_TRUE_GENE
MONDO:0013752	biolink:related_to	HGNC:2488	0.9304875731468201	237	TP-outside-Top50 (rank=237)
MONDO:0019855	biolink:related_to	HGNC:12373	0.7566211223602295	73	TP-outside-Top50 (rank=73)
MONDO:0013228	biolink:related_to	HGNC:951	0.999818742275238	1	Top10-TP (rank=1)
MONDO:0007349	biolink:related_to	HGNC:16400	0.9709603190422058	69	TP-outside-Top50 (rank=69)
MONDO:0008633	biolink:related_to	HGNC:16400	0.9805898666381836	96	TP-outside-Top50 (rank=96)
MONDO:0012724	biolink:related_to	HGNC:22938			MISSING_TRUE_GENE
MONDO:0013874	biolink:related_to	HGNC:7863	0.8611384630203247	1392	TP-outside-Top50 (rank=1392)
MONDO:0012689	biolink:related_to	HGNC:22448			MISSING_TRUE_GENE
MONDO:0009960	biolink:related_to	HGNC:5331			MISSING_TRUE_GENE
MONDO:0957294	biolink:related_to	HGNC:14378			MISSING_TRUE_GENE
MONDO:0024523	biolink:related_to	HGNC:7881			MISSING_TRUE_GENE
MONDO:0016308	biolink:related_to	HGNC:7897	0.7609594464302063	1660	TP-outside-Top50 (rank=1660)
MONDO:0008818	biolink:related_to	HGNC:19880	0.9984616041183472	1	Top10-TP (rank=1)
MONDO:0014320	biolink:related_to	HGNC:7975			MISSING_TRUE_GENE
MONDO:0016281	biolink:related_to	HGNC:11311	0.9898485541343689	110	TP-outside-Top50 (rank=110)
MONDO:0060489	biolink:related_to	HGNC:7983	0.9447174072265625	694	TP-outside-Top50 (rank=694)
MONDO:0013186	biolink:related_to	HGNC:7989	0.8865802884101868	1057	TP-outside-Top50 (rank=1057)
MONDO:0859236	biolink:related_to	HGNC:7994			MISSING_TRUE_GENE
MONDO:0013690	biolink:related_to	HGNC:8008	0.6617888808250427	2100	TP-outside-Top50 (rank=2100)
MONDO:0013696	biolink:related_to	HGNC:8008	0.6842219829559326	2472	TP-outside-Top50 (rank=2472)
MONDO:0016461	biolink:related_to	HGNC:14234	0.9842517971992493	449	TP-outside-Top50 (rank=449)
MONDO:0019349	biolink:related_to	HGNC:14234	0.9999245405197144	1	Top10-TP (rank=1)
MONDO:0012613	biolink:related_to	HGNC:25994			MISSING_TRUE_GENE
MONDO:0850115	biolink:related_to	HGNC:8032	0.8661365509033203	415	TP-outside-Top50 (rank=415)
MONDO:0030338	biolink:related_to	HGNC:29558	0.38367709517478943	2293	TP-outside-Top50 (rank=2293)
MONDO:0012883	biolink:related_to	HGNC:7910	0.24747592210769653	4426	TP-outside-Top50 (rank=4426)
MONDO:0044255	biolink:related_to	HGNC:4868	0.7600895166397095	459	TP-outside-Top50 (rank=459)
MONDO:0014030	biolink:related_to	HGNC:26560			MISSING_TRUE_GENE
MONDO:0008133	biolink:related_to	HGNC:8142	0.9799506664276123	97	TP-outside-Top50 (rank=97)
MONDO:0044319	biolink:related_to	HGNC:24281	0.9999027252197266	1	Top10-TP (rank=1)
MONDO:0700338	biolink:related_to	HGNC:25118	0.8816993832588196	3462	TP-outside-Top50 (rank=3462)
MONDO:0012413	biolink:related_to	HGNC:8522	0.9980581402778625	3	Top10-TP (rank=3)
MONDO:0007378	biolink:related_to	HGNC:15804	0.976325273513794	172	TP-outside-Top50 (rank=172)
MONDO:0007738	biolink:related_to	HGNC:9083	0.9998167157173157	13	Top50-TP (rank=13)
MONDO:0957427	biolink:related_to	HGNC:8619	0.1544724553823471	10728	TP-outside-Top50 (rank=10728)
MONDO:0019854	biolink:related_to	HGNC:8622	0.9147754311561584	885	TP-outside-Top50 (rank=885)
MONDO:0024264	biolink:related_to	HGNC:8622	0.9509363770484924	274	TP-outside-Top50 (rank=274)
MONDO:0018141	biolink:related_to	HGNC:8636	0.8929762244224548	1251	TP-outside-Top50 (rank=1251)
MONDO:0012398	biolink:related_to	HGNC:8790			MISSING_TRUE_GENE
MONDO:0009503	biolink:related_to	HGNC:21350			MISSING_TRUE_GENE
MONDO:0012449	biolink:related_to	HGNC:8820			MISSING_TRUE_GENE
MONDO:0010169	biolink:related_to	HGNC:12601	0.9915788173675537	1	Top10-TP (rank=1)
MONDO:0013932	biolink:related_to	HGNC:9717	0.9999959468841553	1	Top10-TP (rank=1)
MONDO:0018598	biolink:related_to	HGNC:9713	0.903215229511261	569	TP-outside-Top50 (rank=569)
MONDO:0013937	biolink:related_to	HGNC:8851			MISSING_TRUE_GENE
MONDO:0013927	biolink:related_to	HGNC:8854	0.9754917621612549	69	TP-outside-Top50 (rank=69)
MONDO:0019174	biolink:related_to	HGNC:9713	0.8094861507415771	1048	TP-outside-Top50 (rank=1048)
MONDO:0013968	biolink:related_to	HGNC:8905			MISSING_TRUE_GENE
MONDO:0010286	biolink:related_to	HGNC:20672	0.9335155487060547	368	TP-outside-Top50 (rank=368)
MONDO:0011181	biolink:related_to	HGNC:691			MISSING_TRUE_GENE
MONDO:0030785	biolink:related_to	HGNC:16491			MISSING_TRUE_GENE
MONDO:0008684	biolink:related_to	HGNC:12768			MISSING_TRUE_GENE
MONDO:0010221	biolink:related_to	HGNC:8966	0.9999998807907104	1	Top10-TP (rank=1)
MONDO:0007376	biolink:related_to	HGNC:23785	0.5002606511116028	8794	TP-outside-Top50 (rank=8794)
MONDO:0030045	biolink:related_to	HGNC:8999			MISSING_TRUE_GENE
MONDO:0012527	biolink:related_to	HGNC:9006	0.9252777695655823	421	TP-outside-Top50 (rank=421)
MONDO:0019921	biolink:related_to	HGNC:9046	0.4375258684158325	12692	TP-outside-Top50 (rank=12692)
MONDO:0011073	biolink:related_to	HGNC:9046	0.26057422161102295	5521	TP-outside-Top50 (rank=5521)
MONDO:0012407	biolink:related_to	HGNC:30260			MISSING_TRUE_GENE
MONDO:0010523	biolink:related_to	HGNC:9173	0.9930439591407776	1	Top10-TP (rank=1)
MONDO:0013154	biolink:related_to	HGNC:19743	0.9989676475524902	5	Top10-TP (rank=5)
MONDO:0013162	biolink:related_to	HGNC:19743	0.9882776141166687	5	Top10-TP (rank=5)
MONDO:0859158	biolink:related_to	HGNC:9218			MISSING_TRUE_GENE
MONDO:0011448	biolink:related_to	HGNC:9236	0.4571555256843567	5910	TP-outside-Top50 (rank=5910)
MONDO:0008148	biolink:related_to	HGNC:2379	0.9830301403999329	4	Top10-TP (rank=4)
MONDO:0030258	biolink:related_to	HGNC:9260			MISSING_TRUE_GENE
MONDO:0032934	biolink:related_to	HGNC:7618	0.6501604914665222	1225	TP-outside-Top50 (rank=1225)
MONDO:0011299	biolink:related_to	HGNC:9449	0.8990854024887085	852	TP-outside-Top50 (rank=852)
MONDO:0010808	biolink:related_to	HGNC:9449	0.8399225473403931	1084	TP-outside-Top50 (rank=1084)
MONDO:0012868	biolink:related_to	HGNC:9456	0.9478449821472168	100	TP-outside-Top50 (rank=100)
MONDO:0018495	biolink:related_to	HGNC:9462	0.7118207216262817	1565	TP-outside-Top50 (rank=1565)
MONDO:0018464	biolink:related_to	HGNC:9462	0.8957234621047974	537	TP-outside-Top50 (rank=537)
MONDO:0011556	biolink:related_to	HGNC:11119	0.9526326656341553	10	Top10-TP (rank=10)
MONDO:0012562	biolink:related_to	HGNC:9585	0.996385931968689	1	Top10-TP (rank=1)
MONDO:0017218	biolink:related_to	HGNC:3814	0.8446048498153687	711	TP-outside-Top50 (rank=711)
MONDO:0013244	biolink:related_to	HGNC:9607			MISSING_TRUE_GENE
MONDO:0007979	biolink:related_to	HGNC:9644	0.9269061088562012	464	TP-outside-Top50 (rank=464)
MONDO:0014450	biolink:related_to	HGNC:9670			MISSING_TRUE_GENE
MONDO:0033482	biolink:related_to	HGNC:14957	0.812063992023468	868	TP-outside-Top50 (rank=868)
MONDO:0018742	biolink:related_to	HGNC:819			MISSING_TRUE_GENE
MONDO:0032869	biolink:related_to	HGNC:30889			MISSING_TRUE_GENE
MONDO:0009935	biolink:related_to	HGNC:24113	0.8590258955955505	666	TP-outside-Top50 (rank=666)
MONDO:0008119	biolink:related_to	HGNC:10548	0.9824751019477844	222	TP-outside-Top50 (rank=222)
MONDO:0016163	biolink:related_to	HGNC:10560			MISSING_TRUE_GENE
MONDO:0014361	biolink:related_to	HGNC:14262			MISSING_TRUE_GENE
MONDO:0014927	biolink:related_to	HGNC:24123	0.9993661046028137	1	Top10-TP (rank=1)
MONDO:0032723	biolink:related_to	HGNC:14078			MISSING_TRUE_GENE
MONDO:0020614	biolink:related_to	HGNC:6722	0.8010409474372864	205	TP-outside-Top50 (rank=205)
MONDO:0007931	biolink:related_to	HGNC:12703	0.995431661605835	1	Top10-TP (rank=1)
MONDO:0010515	biolink:related_to	HGNC:1044	0.9928699135780334	5	Top10-TP (rank=5)
MONDO:0850095	biolink:related_to	HGNC:1044	0.9292797446250916	117	TP-outside-Top50 (rank=117)
MONDO:0007524	biolink:related_to	HGNC:3219			MISSING_TRUE_GENE
MONDO:0060631	biolink:related_to	HGNC:26953	0.9999997615814209	1	Top10-TP (rank=1)
MONDO:0007216	biolink:related_to	HGNC:4220	0.9969114661216736	1	Top10-TP (rank=1)
MONDO:0009231	biolink:related_to	HGNC:1077			MISSING_TRUE_GENE
MONDO:0010043	biolink:related_to	HGNC:15832			MISSING_TRUE_GENE
MONDO:0010421	biolink:related_to	HGNC:1133			MISSING_TRUE_GENE
MONDO:0060707	biolink:related_to	HGNC:24713	0.9944138526916504	52	TP-outside-Top50 (rank=52)
MONDO:0008710	biolink:related_to	HGNC:14263	0.9999359846115112	1	Top10-TP (rank=1)
MONDO:0011086	biolink:related_to	HGNC:9832	0.9971056580543518	1	Top10-TP (rank=1)
MONDO:0011338	biolink:related_to	HGNC:10031			MISSING_TRUE_GENE
MONDO:0009306	biolink:related_to	HGNC:9831	0.9927054047584534	1	Top10-TP (rank=1)
MONDO:0014386	biolink:related_to	HGNC:9879	0.9959631562232971	1	Top10-TP (rank=1)
MONDO:0010277	biolink:related_to	HGNC:9910			MISSING_TRUE_GENE
MONDO:0010661	biolink:related_to	HGNC:9910			MISSING_TRUE_GENE
MONDO:0975795	biolink:related_to	HGNC:20759	0.5146195888519287	9239	TP-outside-Top50 (rank=9239)
MONDO:0008678	biolink:related_to	HGNC:961	0.3102613091468811	1344	TP-outside-Top50 (rank=1344)
MONDO:0019107	biolink:related_to	HGNC:10009	0.7007543444633484	5985	TP-outside-Top50 (rank=5985)
MONDO:0011839	biolink:related_to	HGNC:10024	0.9927484393119812	3	Top10-TP (rank=3)
MONDO:0012166	biolink:related_to	HGNC:25358	0.9903476238250732	1	Top10-TP (rank=1)
MONDO:0971172	biolink:related_to	HGNC:10193			MISSING_TRUE_GENE
MONDO:0011974	biolink:related_to	HGNC:10254	0.9981770515441895	8	Top10-TP (rank=8)
MONDO:0014710	biolink:related_to	HGNC:10260	0.9235824942588806	595	TP-outside-Top50 (rank=595)
MONDO:0007925	biolink:related_to	HGNC:10387	0.7260916233062744	1856	TP-outside-Top50 (rank=1856)
MONDO:0032670	biolink:related_to	HGNC:10389	0.731822669506073	1215	TP-outside-Top50 (rank=1215)
MONDO:0010000	biolink:related_to	HGNC:17296	0.9853541851043701	37	Top50-TP (rank=37)
MONDO:0012792	biolink:related_to	HGNC:17296	0.9734131693840027	9	Top10-TP (rank=9)
MONDO:0014202	biolink:related_to	HGNC:12371	0.9987803101539612	3	Top10-TP (rank=3)
MONDO:0008798	biolink:related_to	HGNC:16175			MISSING_TRUE_GENE
MONDO:0011489	biolink:related_to	HGNC:10468	0.9972671270370483	3	Top10-TP (rank=3)
MONDO:0020737	biolink:related_to	HGNC:18647			MISSING_TRUE_GENE
MONDO:0014311	biolink:related_to	HGNC:28991			MISSING_TRUE_GENE
MONDO:0007340	biolink:related_to	HGNC:10472	0.9979198575019836	3	Top10-TP (rank=3)
MONDO:0007294	biolink:related_to	HGNC:10483	0.9925912618637085	71	TP-outside-Top50 (rank=71)
MONDO:0015793	biolink:related_to	HGNC:10483	0.9852846264839172	72	TP-outside-Top50 (rank=72)
MONDO:0020485	biolink:related_to	HGNC:10483	0.9843462705612183	165	TP-outside-Top50 (rank=165)
MONDO:0009775	biolink:related_to	HGNC:10521	0.9895142316818237	1	Top10-TP (rank=1)
MONDO:0009002	biolink:related_to	HGNC:10526	0.9706092476844788	370	TP-outside-Top50 (rank=370)
MONDO:0011475	biolink:related_to	HGNC:2135			MISSING_TRUE_GENE
MONDO:0033668	biolink:related_to	HGNC:21088			MISSING_TRUE_GENE
MONDO:0013388	biolink:related_to	HGNC:10588	0.9932581186294556	1	Top10-TP (rank=1)
MONDO:0011904	biolink:related_to	HGNC:10588	0.9913061261177063	5	Top10-TP (rank=5)
MONDO:0011794	biolink:related_to	HGNC:10588	0.9776470065116882	17	Top50-TP (rank=17)
MONDO:0020482	biolink:related_to	HGNC:10591	0.9703941345214844	85	TP-outside-Top50 (rank=85)
MONDO:0957265	biolink:related_to	HGNC:10591	0.9996843338012695	1	Top10-TP (rank=1)
MONDO:0100092	biolink:related_to	HGNC:10596	0.9960463643074036	29	Top50-TP (rank=29)
MONDO:0011178	biolink:related_to	HGNC:10596	0.9316329956054688	338	TP-outside-Top50 (rank=338)
MONDO:0013801	biolink:related_to	HGNC:10596	0.9996030926704407	1	Top10-TP (rank=1)
MONDO:0014802	biolink:related_to	HGNC:10702	0.7573369145393372	1281	TP-outside-Top50 (rank=1281)
MONDO:0032849	biolink:related_to	HGNC:17052			MISSING_TRUE_GENE
MONDO:0016589	biolink:related_to	HGNC:30605			MISSING_TRUE_GENE
MONDO:0011968	biolink:related_to	HGNC:10805	0.9653577208518982	43	Top50-TP (rank=43)
MONDO:0011113	biolink:related_to	HGNC:29427	0.9999008178710938	1	Top10-TP (rank=1)
MONDO:0968982	biolink:related_to	HGNC:25321			MISSING_TRUE_GENE
MONDO:0030958	biolink:related_to	HGNC:25543	0.9527361989021301	185	TP-outside-Top50 (rank=185)
MONDO:0011585	biolink:related_to	HGNC:8157	0.9617617130279541	115	TP-outside-Top50 (rank=115)
MONDO:0013715	biolink:related_to	HGNC:8157	0.8801068067550659	1328	TP-outside-Top50 (rank=1328)
MONDO:0024541	biolink:related_to	HGNC:23639			MISSING_TRUE_GENE
MONDO:0012143	biolink:related_to	HGNC:11005	0.8462197184562683	1195	TP-outside-Top50 (rank=1195)
MONDO:0011724	biolink:related_to	HGNC:11005	0.9867333769798279	117	TP-outside-Top50 (rank=117)
MONDO:0012805	biolink:related_to	HGNC:11005	0.9490041136741638	760	TP-outside-Top50 (rank=760)
MONDO:0008368	biolink:related_to	HGNC:11027	0.9931453466415405	1	Top10-TP (rank=1)
MONDO:0012700	biolink:related_to	HGNC:11027	0.9954128861427307	1	Top10-TP (rank=1)
MONDO:0008114	biolink:related_to	HGNC:11050	0.055923908948898315	4446	TP-outside-Top50 (rank=4446)
MONDO:0009324	biolink:related_to	HGNC:27960	0.9993834495544434	1	Top10-TP (rank=1)
MONDO:0014808	biolink:related_to	HGNC:11073			MISSING_TRUE_GENE
MONDO:0014392	biolink:related_to	HGNC:23089	0.9996263980865479	1	Top10-TP (rank=1)
MONDO:0011790	biolink:related_to	HGNC:14409	0.9904360175132751	7	Top10-TP (rank=7)
MONDO:0008964	biolink:related_to	HGNC:3018			MISSING_TRUE_GENE
MONDO:0044726	biolink:related_to	HGNC:1329			MISSING_TRUE_GENE
MONDO:0016579	biolink:related_to	HGNC:11019	0.9228957295417786	1520	TP-outside-Top50 (rank=1520)
MONDO:0009953	biolink:related_to	HGNC:20197			MISSING_TRUE_GENE
MONDO:0007677	biolink:related_to	HGNC:18762	0.8573513627052307	371	TP-outside-Top50 (rank=371)
MONDO:0012216	biolink:related_to	HGNC:32434	0.999862790107727	1	Top10-TP (rank=1)
MONDO:0859180	biolink:related_to	HGNC:29956			MISSING_TRUE_GENE
MONDO:0009379	biolink:related_to	HGNC:10961			MISSING_TRUE_GENE
MONDO:0013756	biolink:related_to	HGNC:10955	0.9980800151824951	1	Top10-TP (rank=1)
MONDO:0859575	biolink:related_to	HGNC:17814			MISSING_TRUE_GENE
MONDO:0013189	biolink:related_to	HGNC:20297			MISSING_TRUE_GENE
MONDO:0009458	biolink:related_to	HGNC:11102			MISSING_TRUE_GENE
MONDO:0016995	biolink:related_to	HGNC:11109	0.8227097988128662	854	TP-outside-Top50 (rank=854)
MONDO:0010056	biolink:related_to	HGNC:11117	0.9788194298744202	21	Top50-TP (rank=21)
MONDO:0010664	biolink:related_to	HGNC:11123			MISSING_TRUE_GENE
MONDO:0012412	biolink:related_to	HGNC:1346			MISSING_TRUE_GENE
MONDO:0009033	biolink:related_to	HGNC:29521	0.9999653100967407	1	Top10-TP (rank=1)
MONDO:0007747	biolink:related_to	HGNC:1371	0.9981935620307922	1	Top10-TP (rank=1)
MONDO:0019113	biolink:related_to	HGNC:1388	0.8484781384468079	398	TP-outside-Top50 (rank=398)
MONDO:0007163	biolink:related_to	HGNC:1388	0.9962582588195801	1	Top10-TP (rank=1)
MONDO:0008570	biolink:related_to	HGNC:1397	0.8736293911933899	254	TP-outside-Top50 (rank=254)
MONDO:0042979	biolink:related_to	HGNC:1397	0.9776906371116638	7	Top10-TP (rank=7)
MONDO:0032907	biolink:related_to	HGNC:16709	0.9726362228393555	35	Top50-TP (rank=35)
MONDO:0029133	biolink:related_to	HGNC:1480	0.9760897159576416	106	TP-outside-Top50 (rank=106)
MONDO:0011672	biolink:related_to	HGNC:16393	0.42728447914123535	4867	TP-outside-Top50 (rank=4867)
MONDO:0014645	biolink:related_to	HGNC:16393	0.8860647678375244	1104	TP-outside-Top50 (rank=1104)
MONDO:0016216	biolink:related_to	HGNC:2514	0.954708993434906	85	TP-outside-Top50 (rank=85)
MONDO:0014135	biolink:related_to	HGNC:1527	0.4901464879512787	6168	TP-outside-Top50 (rank=6168)
MONDO:0013225	biolink:related_to	HGNC:9688			MISSING_TRUE_GENE
MONDO:0013890	biolink:related_to	HGNC:14153			MISSING_TRUE_GENE
MONDO:0007794	biolink:related_to	HGNC:11281			MISSING_TRUE_GENE
MONDO:0971171	biolink:related_to	HGNC:14245			MISSING_TRUE_GENE
MONDO:0020855	biolink:related_to	HGNC:27845	0.7855461239814758	1032	TP-outside-Top50 (rank=1032)
MONDO:0957584	biolink:related_to	HGNC:14967			MISSING_TRUE_GENE
MONDO:0011445	biolink:related_to	HGNC:11226	0.9986496567726135	1	Top10-TP (rank=1)
MONDO:0012994	biolink:related_to	HGNC:11257	0.9740263223648071	30	Top50-TP (rank=30)
MONDO:0010053	biolink:related_to	HGNC:11272	0.6672295928001404	167	TP-outside-Top50 (rank=167)
MONDO:0975828	biolink:related_to	HGNC:11402			MISSING_TRUE_GENE
MONDO:0015779	biolink:related_to	HGNC:11311	0.9267321228981018	850	TP-outside-Top50 (rank=850)
MONDO:0010490	biolink:related_to	HGNC:11326	0.9747138023376465	268	TP-outside-Top50 (rank=268)
MONDO:0018274	biolink:related_to	HGNC:10872	0.9999948740005493	1	Top10-TP (rank=1)
MONDO:0014321	biolink:related_to	HGNC:11356			MISSING_TRUE_GENE
MONDO:0011010	biolink:related_to	HGNC:30650			MISSING_TRUE_GENE
MONDO:0012621	biolink:related_to	HGNC:18810			MISSING_TRUE_GENE
MONDO:0016710	biolink:related_to	HGNC:16466	0.951590359210968	319	TP-outside-Top50 (rank=319)
MONDO:0958189	biolink:related_to	HGNC:16466	0.9857228398323059	46	Top50-TP (rank=46)
MONDO:0700301	biolink:related_to	HGNC:30632	0.8932470679283142	11	Top50-TP (rank=11)
MONDO:0010339	biolink:related_to	HGNC:11494			MISSING_TRUE_GENE
MONDO:0013912	biolink:related_to	HGNC:11521	0.9979166388511658	3	Top10-TP (rank=3)
MONDO:0013108	biolink:related_to	HGNC:959	0.7142152190208435	6290	TP-outside-Top50 (rank=6290)
MONDO:0971012	biolink:related_to	HGNC:11566	0.988625168800354	139	TP-outside-Top50 (rank=139)
MONDO:0009544	biolink:related_to	HGNC:21066	0.9994800686836243	1	Top10-TP (rank=1)
MONDO:0009079	biolink:related_to	HGNC:29203	0.9998292922973633	1	Top10-TP (rank=1)
MONDO:0011506	biolink:related_to	HGNC:29203	0.9872614145278931	6	Top10-TP (rank=6)
MONDO:0007841	biolink:related_to	HGNC:11603	0.9986758828163147	1	Top10-TP (rank=1)
MONDO:0008720	biolink:related_to	HGNC:11596			MISSING_TRUE_GENE
MONDO:0009138	biolink:related_to	HGNC:11647	0.880312442779541	696	TP-outside-Top50 (rank=696)
MONDO:0010907	biolink:related_to	HGNC:11708			MISSING_TRUE_GENE
MONDO:0014998	biolink:related_to	HGNC:11724	0.6876071691513062	1775	TP-outside-Top50 (rank=1775)
MONDO:0014507	biolink:related_to	HGNC:20324	0.9999662637710571	1	Top10-TP (rank=1)
MONDO:0030731	biolink:related_to	HGNC:25835			MISSING_TRUE_GENE
MONDO:0009990	biolink:related_to	HGNC:11824	0.9955346584320068	1	Top10-TP (rank=1)
MONDO:0018045	biolink:related_to	HGNC:11730	0.9677836298942566	366	TP-outside-Top50 (rank=366)
MONDO:0030440	biolink:related_to	HGNC:25295			MISSING_TRUE_GENE
MONDO:0014783	biolink:related_to	HGNC:30788			MISSING_TRUE_GENE
MONDO:0013185	biolink:related_to	HGNC:11847			MISSING_TRUE_GENE
MONDO:0020512	biolink:related_to	HGNC:15514			MISSING_TRUE_GENE
MONDO:0014184	biolink:related_to	HGNC:26230			MISSING_TRUE_GENE
MONDO:0011708	biolink:related_to	HGNC:16513	0.9678859114646912	37	Top50-TP (rank=37)
MONDO:0800436	biolink:related_to	HGNC:18188	0.9998220801353455	1	Top10-TP (rank=1)
MONDO:0012892	biolink:related_to	HGNC:19880	0.9983797073364258	26	Top50-TP (rank=26)
MONDO:0031019	biolink:related_to	HGNC:23787	0.9973626732826233	1	Top10-TP (rank=1)
MONDO:0013546	biolink:related_to	HGNC:26050			MISSING_TRUE_GENE
MONDO:0013069	biolink:related_to	HGNC:25382	0.96742844581604	156	TP-outside-Top50 (rank=156)
MONDO:0975840	biolink:related_to	HGNC:25018	0.9540275931358337	75	TP-outside-Top50 (rank=75)
MONDO:0010469	biolink:related_to	HGNC:18308			MISSING_TRUE_GENE
MONDO:0007319	biolink:related_to	HGNC:11909	0.9902117848396301	40	Top50-TP (rank=40)
MONDO:0009394	biolink:related_to	HGNC:11908	0.9869001507759094	17	Top50-TP (rank=17)
MONDO:0019150	biolink:related_to	HGNC:11949	0.9871982932090759	9	Top10-TP (rank=9)
MONDO:0957953	biolink:related_to	HGNC:21648			MISSING_TRUE_GENE
MONDO:0010133	biolink:related_to	HGNC:12015	0.9856207966804504	127	TP-outside-Top50 (rank=127)
MONDO:0009279	biolink:related_to	HGNC:13666	0.9803388714790344	39	Top50-TP (rank=39)
MONDO:0011484	biolink:related_to	HGNC:12261	0.970879316329956	1	Top10-TP (rank=1)
MONDO:0020749	biolink:related_to	HGNC:17761	0.9850584268569946	4	Top10-TP (rank=4)
MONDO:0009664	biolink:related_to	HGNC:7523	0.933088481426239	769	TP-outside-Top50 (rank=769)
MONDO:0014684	biolink:related_to	HGNC:23141	0.9999831914901733	1	Top10-TP (rank=1)
MONDO:0014622	biolink:related_to	HGNC:6423			MISSING_TRUE_GENE
MONDO:0100296	biolink:related_to	HGNC:18084	0.999255359172821	1	Top10-TP (rank=1)
MONDO:0032584	biolink:related_to	HGNC:1268	0.9999316930770874	1	Top10-TP (rank=1)
MONDO:0013929	biolink:related_to	HGNC:1268	0.9786867499351501	1	Top10-TP (rank=1)
MONDO:0012124	biolink:related_to	HGNC:12382			MISSING_TRUE_GENE
MONDO:0800030	biolink:related_to	HGNC:19750			MISSING_TRUE_GENE
MONDO:0010188	biolink:related_to	HGNC:12404			MISSING_TRUE_GENE
MONDO:0014294	biolink:related_to	HGNC:17043	0.771647572517395	398	TP-outside-Top50 (rank=398)
MONDO:0008693	biolink:related_to	HGNC:20670	0.9999734163284302	1	Top10-TP (rank=1)
MONDO:0008853	biolink:related_to	HGNC:20670	0.9999951124191284	1	Top10-TP (rank=1)
MONDO:0030819	biolink:related_to	HGNC:20652	0.9999818801879883	1	Top10-TP (rank=1)
MONDO:0012682	biolink:related_to	HGNC:12440			MISSING_TRUE_GENE
MONDO:0007338	biolink:related_to	HGNC:12463			MISSING_TRUE_GENE
MONDO:0008637	biolink:related_to	HGNC:25839	0.8904248476028442	576	TP-outside-Top50 (rank=576)
MONDO:0030927	biolink:related_to	HGNC:14304			MISSING_TRUE_GENE
MONDO:0011971	biolink:related_to	HGNC:12572			MISSING_TRUE_GENE
MONDO:0013164	biolink:related_to	HGNC:16297	0.999967098236084	1	Top10-TP (rank=1)
MONDO:0014065	biolink:related_to	HGNC:29594	0.9680233001708984	16	Top50-TP (rank=16)
MONDO:0958071	biolink:related_to	HGNC:12630			MISSING_TRUE_GENE
MONDO:0010510	biolink:related_to	HGNC:13486			MISSING_TRUE_GENE
MONDO:0032900	biolink:related_to	HGNC:12643			MISSING_TRUE_GENE
MONDO:0020705	biolink:related_to	HGNC:15512	0.4450388252735138	152	TP-outside-Top50 (rank=152)
MONDO:0014397	biolink:related_to	HGNC:21642	0.9901959300041199	7	Top10-TP (rank=7)
MONDO:0018507	biolink:related_to	HGNC:12718			MISSING_TRUE_GENE
MONDO:0957876	biolink:related_to	HGNC:12718			MISSING_TRUE_GENE
MONDO:0957218	biolink:related_to	HGNC:12729			MISSING_TRUE_GENE
MONDO:0009008	biolink:related_to	HGNC:28027	0.9955101013183594	3	Top10-TP (rank=3)
MONDO:0013718	biolink:related_to	HGNC:18340	0.9935775399208069	1	Top10-TP (rank=1)
MONDO:0013719	biolink:related_to	HGNC:18340	0.9995080232620239	1	Top10-TP (rank=1)
MONDO:0054636	biolink:related_to	HGNC:21208	0.9987180233001709	5	Top10-TP (rank=5)
MONDO:0013323	biolink:related_to	HGNC:29250	0.9999951124191284	1	Top10-TP (rank=1)
MONDO:0013181	biolink:related_to	HGNC:26790			MISSING_TRUE_GENE
MONDO:0013777	biolink:related_to	HGNC:14544			MISSING_TRUE_GENE
MONDO:0014686	biolink:related_to	HGNC:12831	0.9959774613380432	3	Top10-TP (rank=3)
MONDO:0011604	biolink:related_to	HGNC:15517	0.9989790916442871	1	Top10-TP (rank=1)
MONDO:0030878	biolink:related_to	HGNC:30511	0.99854975938797	1	Top10-TP (rank=1)
MONDO:0044738	biolink:related_to	HGNC:12856	0.8644767999649048	883	TP-outside-Top50 (rank=883)
MONDO:0007828	biolink:related_to	HGNC:20152			MISSING_TRUE_GENE
MONDO:0033980	biolink:related_to	HGNC:9955	0.4883486032485962	830	TP-outside-Top50 (rank=830)
MONDO:0009841	biolink:related_to	HGNC:12309			MISSING_TRUE_GENE
MONDO:0011359	biolink:related_to	HGNC:29316			MISSING_TRUE_GENE
MONDO:0004951	biolink:related_to	HGNC:10610	0.9958373308181763	5	Top10-TP (rank=5)
MONDO:0012161	biolink:related_to	HGNC:1706			MISSING_TRUE_GENE
MONDO:0013286	biolink:related_to	HGNC:1701	0.8818217515945435	1273	TP-outside-Top50 (rank=1273)
MONDO:0012946	biolink:related_to	HGNC:1754			MISSING_TRUE_GENE
MONDO:0054601	biolink:related_to	HGNC:13733			MISSING_TRUE_GENE
MONDO:0012183	biolink:related_to	HGNC:1773	0.5647861361503601	5134	TP-outside-Top50 (rank=5134)
MONDO:0012552	biolink:related_to	HGNC:1785	0.21923549473285675	13158	TP-outside-Top50 (rank=13158)
MONDO:0013642	biolink:related_to	HGNC:17104	0.994465172290802	6	Top10-TP (rank=6)
MONDO:0013431	biolink:related_to	HGNC:24576			MISSING_TRUE_GENE
MONDO:0010767	biolink:related_to	HGNC:9912			MISSING_TRUE_GENE
MONDO:0009359	biolink:related_to	HGNC:1161	0.90402752161026	668	TP-outside-Top50 (rank=668)
MONDO:0033622	biolink:related_to	HGNC:28514			MISSING_TRUE_GENE
MONDO:0014545	biolink:related_to	HGNC:14253			MISSING_TRUE_GENE
MONDO:0032859	biolink:related_to	HGNC:25325			MISSING_TRUE_GENE
MONDO:0014211	biolink:related_to	HGNC:1301	0.9985963702201843	10	Top10-TP (rank=10)
MONDO:0016302	biolink:related_to	HGNC:18292			MISSING_TRUE_GENE
MONDO:0011546	biolink:related_to	HGNC:18292			MISSING_TRUE_GENE
MONDO:0018875	biolink:related_to	HGNC:16627	0.796150803565979	5183	TP-outside-Top50 (rank=5183)
MONDO:0013990	biolink:related_to	HGNC:8740			MISSING_TRUE_GENE
MONDO:0012156	biolink:related_to	HGNC:1955	0.9987173080444336	1	Top10-TP (rank=1)
MONDO:0014098	biolink:related_to	HGNC:24229	0.9958317875862122	1	Top10-TP (rank=1)
MONDO:0012980	biolink:related_to	HGNC:21219	0.9998339414596558	1	Top10-TP (rank=1)
MONDO:0859568	biolink:related_to	HGNC:11891			MISSING_TRUE_GENE
MONDO:0013588	biolink:related_to	HGNC:2084	0.6541012525558472	2503	TP-outside-Top50 (rank=2503)
MONDO:0013610	biolink:related_to	HGNC:12605	0.9950544834136963	39	Top50-TP (rank=39)
MONDO:0009007	biolink:related_to	HGNC:105	0.9892494678497314	21	Top50-TP (rank=21)
MONDO:0019407	biolink:related_to	HGNC:18620	0.9982967972755432	1	Top10-TP (rank=1)
MONDO:0007244	biolink:related_to	HGNC:2197	0.9626033902168274	177	TP-outside-Top50 (rank=177)
MONDO:0020521	biolink:related_to	HGNC:2197	0.9799148440361023	47	Top50-TP (rank=47)
MONDO:0012287	biolink:related_to	HGNC:2200	0.9945970773696899	7	Top10-TP (rank=7)
MONDO:0019669	biolink:related_to	HGNC:2200	0.9853608012199402	23	Top50-TP (rank=23)
MONDO:0007895	biolink:related_to	HGNC:2200	0.9989527463912964	1	Top10-TP (rank=1)
MONDO:0008476	biolink:related_to	HGNC:2200	0.9978711605072021	25	Top50-TP (rank=25)
MONDO:0008479	biolink:related_to	HGNC:2200	0.9917287230491638	49	Top50-TP (rank=49)
MONDO:0011496	biolink:related_to	HGNC:2200	0.9730727076530457	61	TP-outside-Top50 (rank=61)
MONDO:0016202	biolink:related_to	HGNC:2200	0.8988972306251526	16	Top50-TP (rank=16)
MONDO:0014654	biolink:related_to	HGNC:2188			MISSING_TRUE_GENE
MONDO:0034022	biolink:related_to	HGNC:2188			MISSING_TRUE_GENE
MONDO:0014061	biolink:related_to	HGNC:22986			MISSING_TRUE_GENE
MONDO:0020346	biolink:related_to	HGNC:2226			MISSING_TRUE_GENE
MONDO:0014629	biolink:related_to	HGNC:2230			MISSING_TRUE_GENE
MONDO:0012784	biolink:related_to	HGNC:16812	0.9349029064178467	456	TP-outside-Top50 (rank=456)
MONDO:0014168	biolink:related_to	HGNC:2252			MISSING_TRUE_GENE
MONDO:0859520	biolink:related_to	HGNC:2261			MISSING_TRUE_GENE
MONDO:0859160	biolink:related_to	HGNC:20213			MISSING_TRUE_GENE
MONDO:0013633	biolink:related_to	HGNC:2330			MISSING_TRUE_GENE
MONDO:0010424	biolink:related_to	HGNC:2435	0.9972509741783142	1	Top10-TP (rank=1)
MONDO:0000908	biolink:related_to	HGNC:2511	0.723585844039917	1097	TP-outside-Top50 (rank=1097)
MONDO:0007854	biolink:related_to	HGNC:2527			MISSING_TRUE_GENE
MONDO:0014503	biolink:related_to	HGNC:25613			MISSING_TRUE_GENE
MONDO:8000006	biolink:related_to	HGNC:2561			MISSING_TRUE_GENE
MONDO:0030066	biolink:related_to	HGNC:28672			MISSING_TRUE_GENE
MONDO:0030054	biolink:related_to	HGNC:25536	0.9993543028831482	1	Top10-TP (rank=1)
MONDO:0010077	biolink:related_to	HGNC:2731			MISSING_TRUE_GENE
MONDO:0008644	biolink:related_to	HGNC:2846			MISSING_TRUE_GENE
MONDO:0009636	biolink:related_to	HGNC:2858	0.9980308413505554	1	Top10-TP (rank=1)
MONDO:0014899	biolink:related_to	HGNC:2858	0.9912034273147583	4	Top10-TP (rank=4)
MONDO:0011217	biolink:related_to	HGNC:2859	0.9985392093658447	5	Top10-TP (rank=5)
MONDO:0007681	biolink:related_to	HGNC:17098	0.8540440201759338	2593	TP-outside-Top50 (rank=2593)
MONDO:0011975	biolink:related_to	HGNC:2907	0.4429912567138672	3538	TP-outside-Top50 (rank=3538)
MONDO:0968990	biolink:related_to	HGNC:2907	0.8348979353904724	877	TP-outside-Top50 (rank=877)
MONDO:0958354	biolink:related_to	HGNC:4510	0.8558806777000427	781	TP-outside-Top50 (rank=781)
MONDO:0014887	biolink:related_to	HGNC:27030	0.9995288848876953	1	Top10-TP (rank=1)
MONDO:0013726	biolink:related_to	HGNC:2973	0.9708153009414673	1093	TP-outside-Top50 (rank=1093)
MONDO:0008134	biolink:related_to	HGNC:2973	0.7505944967269897	2096	TP-outside-Top50 (rank=2096)
MONDO:0009478	biolink:related_to	HGNC:19191	0.9982079267501831	1	Top10-TP (rank=1)
MONDO:0033556	biolink:related_to	HGNC:3007	0.9882081151008606	1	Top10-TP (rank=1)
MONDO:0014218	biolink:related_to	HGNC:3048	0.9624907970428467	35	Top50-TP (rank=35)
MONDO:0013034	biolink:related_to	HGNC:3052	0.8303606510162354	1139	TP-outside-Top50 (rank=1139)
MONDO:0014355	biolink:related_to	HGNC:3052	0.9543216824531555	72	TP-outside-Top50 (rank=72)
MONDO:0013644	biolink:related_to	HGNC:2961	0.665093183517456	527	TP-outside-Top50 (rank=527)
MONDO:0013473	biolink:related_to	HGNC:3146	0.9455870389938354	140	TP-outside-Top50 (rank=140)
MONDO:0019896	biolink:related_to	HGNC:24650	0.9931255578994751	168	TP-outside-Top50 (rank=168)
MONDO:0009192	biolink:related_to	HGNC:3255			MISSING_TRUE_GENE
MONDO:0020506	biolink:related_to	HGNC:3257			MISSING_TRUE_GENE
MONDO:0020507	biolink:related_to	HGNC:3259	0.8047459125518799	1779	TP-outside-Top50 (rank=1779)
MONDO:0010258	biolink:related_to	HGNC:3267			MISSING_TRUE_GENE
MONDO:0013872	biolink:related_to	HGNC:14198	0.7937537431716919	806	TP-outside-Top50 (rank=806)
MONDO:0014996	biolink:related_to	HGNC:18248			MISSING_TRUE_GENE
MONDO:0008879	biolink:related_to	HGNC:16912	0.30414268374443054	4948	TP-outside-Top50 (rank=4948)
MONDO:0011361	biolink:related_to	HGNC:3393	0.2570295035839081	6441	TP-outside-Top50 (rank=6441)
MONDO:0007572	biolink:related_to	HGNC:29605	0.9895197153091431	1	Top10-TP (rank=1)
MONDO:0016268	biolink:related_to	HGNC:3430	0.18372218310832977	5599	TP-outside-Top50 (rank=5599)
MONDO:0012531	biolink:related_to	HGNC:3435	0.9507653117179871	368	TP-outside-Top50 (rank=368)
MONDO:0014240	biolink:related_to	HGNC:21056			MISSING_TRUE_GENE
MONDO:0033202	biolink:related_to	HGNC:25966			MISSING_TRUE_GENE
MONDO:0018332	biolink:related_to	HGNC:3483			MISSING_TRUE_GENE
MONDO:0018333	biolink:related_to	HGNC:3481	0.9157645106315613	192	TP-outside-Top50 (rank=192)
MONDO:0008673	biolink:related_to	HGNC:2514	0.5548854470252991	2531	TP-outside-Top50 (rank=2531)
HGNC:11730	biolink:related_to	MONDO:0800029			MISSING_TRUE_GENE
HGNC:23448	biolink:related_to	MONDO:0005006			MISSING_TRUE_GENE
HGNC:12851	biolink:related_to	MONDO:0016839			MISSING_TRUE_GENE
HGNC:358	biolink:related_to	MONDO:0009050			MISSING_TRUE_GENE
HGNC:186	biolink:related_to	MONDO:0007064			MISSING_TRUE_GENE
HGNC:291	biolink:related_to	MONDO:0007068			MISSING_TRUE_GENE
HGNC:15979	biolink:related_to	MONDO:0007508			MISSING_TRUE_GENE
HGNC:2592	biolink:related_to	MONDO:0008751			MISSING_TRUE_GENE
HGNC:7876	biolink:related_to	MONDO:0020671			MISSING_TRUE_GENE
HGNC:1069	biolink:related_to	MONDO:0007216			MISSING_TRUE_GENE
HGNC:1077	biolink:related_to	MONDO:0009231			MISSING_TRUE_GENE
HGNC:4220	biolink:related_to	MONDO:0014125			MISSING_TRUE_GENE
HGNC:18083	biolink:related_to	MONDO:0008477			MISSING_TRUE_GENE
HGNC:2197	biolink:related_to	MONDO:0008148			MISSING_TRUE_GENE
HGNC:3386	biolink:related_to	MONDO:0007288			MISSING_TRUE_GENE
HGNC:10472	biolink:related_to	MONDO:0007340			MISSING_TRUE_GENE
HGNC:23785	biolink:related_to	MONDO:0007376			MISSING_TRUE_GENE
HGNC:11771	biolink:related_to	MONDO:0007375			MISSING_TRUE_GENE
HGNC:3688	biolink:related_to	MONDO:0007400			MISSING_TRUE_GENE
HGNC:3689	biolink:related_to	MONDO:0007042			MISSING_TRUE_GENE
HGNC:10736	biolink:related_to	MONDO:0007404			MISSING_TRUE_GENE
HGNC:2516	biolink:related_to	MONDO:0007404			MISSING_TRUE_GENE
HGNC:6416	biolink:related_to	MONDO:0007556			MISSING_TRUE_GENE
HGNC:4195	biolink:related_to	MONDO:0007453			MISSING_TRUE_GENE
HGNC:11727	biolink:related_to	MONDO:0012197			MISSING_TRUE_GENE
HGNC:7883	biolink:related_to	MONDO:0000914			MISSING_TRUE_GENE
HGNC:2227	biolink:related_to	MONDO:0014343			MISSING_TRUE_GENE
HGNC:4042	biolink:related_to	MONDO:0007589			MISSING_TRUE_GENE
HGNC:9967	biolink:related_to	MONDO:0019636			MISSING_TRUE_GENE
HGNC:11916	biolink:related_to	MONDO:0007727			MISSING_TRUE_GENE
HGNC:21285	biolink:related_to	MONDO:0007748			MISSING_TRUE_GENE
HGNC:16783	biolink:related_to	MONDO:0012004			MISSING_TRUE_GENE
HGNC:4379	biolink:related_to	MONDO:0975757			MISSING_TRUE_GENE
HGNC:6412	biolink:related_to	MONDO:0010962			MISSING_TRUE_GENE
HGNC:20152	biolink:related_to	MONDO:0007828			MISSING_TRUE_GENE
HGNC:20788	biolink:related_to	MONDO:0007856			MISSING_TRUE_GENE
HGNC:13829	biolink:related_to	MONDO:0009773			MISSING_TRUE_GENE
HGNC:10387	biolink:related_to	MONDO:0007925			MISSING_TRUE_GENE
HGNC:13869	biolink:related_to	MONDO:0007987			MISSING_TRUE_GENE
HGNC:2200	biolink:related_to	MONDO:0016202			MISSING_TRUE_GENE
HGNC:2219	biolink:related_to	MONDO:0010964			MISSING_TRUE_GENE
HGNC:6859	biolink:related_to	MONDO:0008005			MISSING_TRUE_GENE
HGNC:6654	biolink:related_to	MONDO:0008061			MISSING_TRUE_GENE
HGNC:5173	biolink:related_to	MONDO:0044792			MISSING_TRUE_GENE
HGNC:8142	biolink:related_to	MONDO:0008133			MISSING_TRUE_GENE
HGNC:4392	biolink:related_to	MONDO:0012912			MISSING_TRUE_GENE
HGNC:2711	biolink:related_to	MONDO:0007103			MISSING_TRUE_GENE
HGNC:11743	biolink:related_to	MONDO:0018758			MISSING_TRUE_GENE
HGNC:57	biolink:related_to	MONDO:0008377			MISSING_TRUE_GENE
HGNC:6664	biolink:related_to	MONDO:0007363			MISSING_TRUE_GENE
HGNC:10896	biolink:related_to	MONDO:0008426			MISSING_TRUE_GENE
HGNC:6768	biolink:related_to	MONDO:0008426			MISSING_TRUE_GENE
HGNC:2201	biolink:related_to	MONDO:0007524			MISSING_TRUE_GENE
HGNC:3603	biolink:related_to	MONDO:0007363			MISSING_TRUE_GENE
HGNC:11772	biolink:related_to	MONDO:0008818			MISSING_TRUE_GENE
HGNC:29059	biolink:related_to	MONDO:0010656			MISSING_TRUE_GENE
HGNC:2464	biolink:related_to	MONDO:0007740			MISSING_TRUE_GENE
HGNC:15802	biolink:related_to	MONDO:0060663			MISSING_TRUE_GENE
HGNC:6407	biolink:related_to	MONDO:0010854			MISSING_TRUE_GENE
HGNC:25636	biolink:related_to	MONDO:0008542			MISSING_TRUE_GENE
HGNC:7765	biolink:related_to	MONDO:0013357			MISSING_TRUE_GENE
HGNC:2488	biolink:related_to	MONDO:0019855			MISSING_TRUE_GENE
HGNC:1390	biolink:related_to	MONDO:0008542			MISSING_TRUE_GENE
HGNC:11701	biolink:related_to	MONDO:0008542			MISSING_TRUE_GENE
HGNC:3327	biolink:related_to	MONDO:0008542			MISSING_TRUE_GENE
HGNC:12362	biolink:related_to	MONDO:0008542			MISSING_TRUE_GENE
HGNC:20626	biolink:related_to	MONDO:0007794			MISSING_TRUE_GENE
HGNC:1987	biolink:related_to	MONDO:0008542			MISSING_TRUE_GENE
HGNC:76	biolink:related_to	MONDO:0008542			MISSING_TRUE_GENE
HGNC:4807	biolink:related_to	MONDO:0008542			MISSING_TRUE_GENE
HGNC:6188	biolink:related_to	MONDO:0016862			MISSING_TRUE_GENE
HGNC:6633	biolink:related_to	MONDO:0008542			MISSING_TRUE_GENE
HGNC:32940	biolink:related_to	MONDO:0008542			MISSING_TRUE_GENE
HGNC:9107	biolink:related_to	MONDO:0008542			MISSING_TRUE_GENE
HGNC:9829	biolink:related_to	MONDO:0007922			MISSING_TRUE_GENE
HGNC:11187	biolink:related_to	MONDO:0008542			MISSING_TRUE_GENE
HGNC:17075	biolink:related_to	MONDO:0008542			MISSING_TRUE_GENE
HGNC:11598	biolink:related_to	MONDO:0020434			MISSING_TRUE_GENE
HGNC:20908	biolink:related_to	MONDO:0012569			MISSING_TRUE_GENE
HGNC:143	biolink:related_to	MONDO:0013011			MISSING_TRUE_GENE
HGNC:3767	biolink:related_to	MONDO:0032913			MISSING_TRUE_GENE
HGNC:3816	biolink:related_to	MONDO:0032874			MISSING_TRUE_GENE
HGNC:29525	biolink:related_to	MONDO:0008542			MISSING_TRUE_GENE
HGNC:3122	biolink:related_to	MONDO:0008542			MISSING_TRUE_GENE
HGNC:15819	biolink:related_to	MONDO:0008542			MISSING_TRUE_GENE
HGNC:11592	biolink:related_to	MONDO:0008542			MISSING_TRUE_GENE
HGNC:16700	biolink:related_to	MONDO:0014480			MISSING_TRUE_GENE
HGNC:3690	biolink:related_to	MONDO:0016681			MISSING_TRUE_GENE
HGNC:15626	biolink:related_to	MONDO:0008558			MISSING_TRUE_GENE
HGNC:1397	biolink:related_to	MONDO:0042979			MISSING_TRUE_GENE
HGNC:9970	biolink:related_to	MONDO:0008678			MISSING_TRUE_GENE
HGNC:23018	biolink:related_to	MONDO:0008678			MISSING_TRUE_GENE
HGNC:12744	biolink:related_to	MONDO:0008678			MISSING_TRUE_GENE
HGNC:961	biolink:related_to	MONDO:0008678			MISSING_TRUE_GENE
HGNC:14263	biolink:related_to	MONDO:0008710			MISSING_TRUE_GENE
HGNC:90	biolink:related_to	MONDO:0008722			MISSING_TRUE_GENE
HGNC:11998	biolink:related_to	MONDO:0009050			MISSING_TRUE_GENE
HGNC:2206	biolink:related_to	MONDO:0008762			MISSING_TRUE_GENE
HGNC:23537	biolink:related_to	MONDO:0014012			MISSING_TRUE_GENE
HGNC:16175	biolink:related_to	MONDO:0008798			MISSING_TRUE_GENE
HGNC:663	biolink:related_to	MONDO:0008814			MISSING_TRUE_GENE
HGNC:7945	biolink:related_to	MONDO:0014343			MISSING_TRUE_GENE
HGNC:1550	biolink:related_to	MONDO:0008818			MISSING_TRUE_GENE
HGNC:11769	biolink:related_to	MONDO:0017403			MISSING_TRUE_GENE
HGNC:9853	biolink:related_to	MONDO:0008818			MISSING_TRUE_GENE
HGNC:14107	biolink:related_to	MONDO:0007524			MISSING_TRUE_GENE
HGNC:3604	biolink:related_to	MONDO:0014501			MISSING_TRUE_GENE
HGNC:7944	biolink:related_to	MONDO:0014401			MISSING_TRUE_GENE
HGNC:19880	biolink:related_to	MONDO:0012892			MISSING_TRUE_GENE
HGNC:11599	biolink:related_to	MONDO:0008834			MISSING_TRUE_GENE
HGNC:11740	biolink:related_to	MONDO:0008846			MISSING_TRUE_GENE
HGNC:13210	biolink:related_to	MONDO:0013312			MISSING_TRUE_GENE
HGNC:966	biolink:related_to	MONDO:0008854			MISSING_TRUE_GENE
HGNC:8140	biolink:related_to	MONDO:0008377			MISSING_TRUE_GENE
HGNC:6937	biolink:related_to	MONDO:0008862			MISSING_TRUE_GENE
HGNC:10969	biolink:related_to	MONDO:0008919			MISSING_TRUE_GENE
HGNC:6696	biolink:related_to	MONDO:0013679			MISSING_TRUE_GENE
HGNC:1968	biolink:related_to	MONDO:0008963			MISSING_TRUE_GENE
HGNC:16873	biolink:related_to	MONDO:0008995			MISSING_TRUE_GENE
HGNC:105	biolink:related_to	MONDO:0009007			MISSING_TRUE_GENE
HGNC:16438	biolink:related_to	MONDO:0009019			MISSING_TRUE_GENE
HGNC:17321	biolink:related_to	MONDO:0013460			MISSING_TRUE_GENE
HGNC:9949	biolink:related_to	MONDO:0009955			MISSING_TRUE_GENE
HGNC:24048	biolink:related_to	MONDO:0009055			MISSING_TRUE_GENE
HGNC:29203	biolink:related_to	MONDO:0011506			MISSING_TRUE_GENE
HGNC:6595	biolink:related_to	MONDO:0014343			MISSING_TRUE_GENE
HGNC:10994	biolink:related_to	MONDO:0007740			MISSING_TRUE_GENE
HGNC:6530	biolink:related_to	MONDO:0009115			MISSING_TRUE_GENE
HGNC:1713	biolink:related_to	MONDO:0009135			MISSING_TRUE_GENE
HGNC:8487	biolink:related_to	MONDO:0009143			MISSING_TRUE_GENE
HGNC:9706	biolink:related_to	MONDO:0009151			MISSING_TRUE_GENE
HGNC:2198	biolink:related_to	MONDO:0017791			MISSING_TRUE_GENE
HGNC:3544	biolink:related_to	MONDO:0009211			MISSING_TRUE_GENE
HGNC:3583	biolink:related_to	MONDO:0010752			MISSING_TRUE_GENE
HGNC:3586	biolink:related_to	MONDO:0009215			MISSING_TRUE_GENE
HGNC:3587	biolink:related_to	MONDO:0009215			MISSING_TRUE_GENE
HGNC:6584	biolink:related_to	MONDO:0009223			MISSING_TRUE_GENE
HGNC:9038	biolink:related_to	MONDO:0008377			MISSING_TRUE_GENE
HGNC:4118	biolink:related_to	MONDO:0009255			MISSING_TRUE_GENE
HGNC:9721	biolink:related_to	MONDO:0014343			MISSING_TRUE_GENE
HGNC:25751	biolink:related_to	MONDO:0009279			MISSING_TRUE_GENE
HGNC:13666	biolink:related_to	MONDO:0009279			MISSING_TRUE_GENE
HGNC:16001	biolink:related_to	MONDO:0009283			MISSING_TRUE_GENE
HGNC:3530	biolink:related_to	MONDO:0012526			MISSING_TRUE_GENE
HGNC:388	biolink:related_to	MONDO:0009339			MISSING_TRUE_GENE
HGNC:1161	biolink:related_to	MONDO:0009359			MISSING_TRUE_GENE
HGNC:10961	biolink:related_to	MONDO:0009379			MISSING_TRUE_GENE
HGNC:360	biolink:related_to	MONDO:0009411			MISSING_TRUE_GENE
HGNC:25784	biolink:related_to	MONDO:0009419			MISSING_TRUE_GENE
HGNC:20305	biolink:related_to	MONDO:0009431			MISSING_TRUE_GENE
HGNC:12765	biolink:related_to	MONDO:0011132			MISSING_TRUE_GENE
HGNC:10582	biolink:related_to	MONDO:0017629			MISSING_TRUE_GENE
HGNC:10597	biolink:related_to	MONDO:0017629			MISSING_TRUE_GENE
HGNC:6186	biolink:related_to	MONDO:0009475			MISSING_TRUE_GENE
HGNC:7060	biolink:related_to	MONDO:0009495			MISSING_TRUE_GENE
HGNC:21350	biolink:related_to	MONDO:0009503			MISSING_TRUE_GENE
HGNC:21066	biolink:related_to	MONDO:0009544			MISSING_TRUE_GENE
HGNC:16691	biolink:related_to	MONDO:0009624			MISSING_TRUE_GENE
HGNC:18127	biolink:related_to	MONDO:0009624			MISSING_TRUE_GENE
HGNC:2858	biolink:related_to	MONDO:0014899			MISSING_TRUE_GENE
HGNC:7523	biolink:related_to	MONDO:0009664			MISSING_TRUE_GENE
HGNC:7634	biolink:related_to	MONDO:0009672			MISSING_TRUE_GENE
HGNC:7577	biolink:related_to	MONDO:0017939			MISSING_TRUE_GENE
HGNC:13202	biolink:related_to	MONDO:0009728			MISSING_TRUE_GENE
HGNC:29536	biolink:related_to	MONDO:0014997			MISSING_TRUE_GENE
HGNC:8923	biolink:related_to	MONDO:0009736			MISSING_TRUE_GENE
HGNC:6217	biolink:related_to	MONDO:0009760			MISSING_TRUE_GENE
HGNC:11490	biolink:related_to	MONDO:0009776			MISSING_TRUE_GENE
HGNC:8091	biolink:related_to	MONDO:0008377			MISSING_TRUE_GENE
HGNC:19316	biolink:related_to	MONDO:0008147			MISSING_TRUE_GENE
HGNC:12774	biolink:related_to	MONDO:0012892			MISSING_TRUE_GENE
HGNC:18169	biolink:related_to	MONDO:0009806			MISSING_TRUE_GENE
HGNC:15455	biolink:related_to	MONDO:0010486			MISSING_TRUE_GENE
HGNC:2379	biolink:related_to	MONDO:0012892			MISSING_TRUE_GENE
HGNC:6597	biolink:related_to	MONDO:0009820			MISSING_TRUE_GENE
HGNC:26887	biolink:related_to	MONDO:0014821			MISSING_TRUE_GENE
HGNC:3054	biolink:related_to	MONDO:0009820			MISSING_TRUE_GENE
HGNC:6305	biolink:related_to	MONDO:0009820			MISSING_TRUE_GENE
HGNC:8548	biolink:related_to	MONDO:0009820			MISSING_TRUE_GENE
HGNC:26185	biolink:related_to	MONDO:0030714			MISSING_TRUE_GENE
HGNC:10706	biolink:related_to	MONDO:0014573			MISSING_TRUE_GENE
HGNC:12776	biolink:related_to	MONDO:0009820			MISSING_TRUE_GENE
HGNC:1020	biolink:related_to	MONDO:0009872			MISSING_TRUE_GENE
HGNC:12687	biolink:related_to	MONDO:0009892			MISSING_TRUE_GENE
HGNC:2027	biolink:related_to	MONDO:0011822			MISSING_TRUE_GENE
HGNC:11020	biolink:related_to	MONDO:0009928			MISSING_TRUE_GENE
HGNC:5331	biolink:related_to	MONDO:0009960			MISSING_TRUE_GENE
HGNC:17296	biolink:related_to	MONDO:0012792			MISSING_TRUE_GENE
HGNC:23657	biolink:related_to	MONDO:0958325			MISSING_TRUE_GENE
HGNC:11272	biolink:related_to	MONDO:0010053			MISSING_TRUE_GENE
HGNC:2731	biolink:related_to	MONDO:0010077			MISSING_TRUE_GENE
HGNC:11460	biolink:related_to	MONDO:0010089			MISSING_TRUE_GENE
HGNC:12015	biolink:related_to	MONDO:0010133			MISSING_TRUE_GENE
HGNC:26257	biolink:related_to	MONDO:0010169			MISSING_TRUE_GENE
HGNC:12601	biolink:related_to	MONDO:0008377			MISSING_TRUE_GENE
HGNC:25221	biolink:related_to	MONDO:0700297			MISSING_TRUE_GENE
HGNC:9181	biolink:related_to	MONDO:0010214			MISSING_TRUE_GENE
HGNC:14270	biolink:related_to	MONDO:0010246			MISSING_TRUE_GENE
HGNC:2022	biolink:related_to	MONDO:0010250			MISSING_TRUE_GENE
HGNC:3267	biolink:related_to	MONDO:0010258			MISSING_TRUE_GENE
HGNC:11079	biolink:related_to	MONDO:0010278			MISSING_TRUE_GENE
HGNC:20672	biolink:related_to	MONDO:0010286			MISSING_TRUE_GENE
HGNC:12731	biolink:related_to	MONDO:0010518			MISSING_TRUE_GENE
HGNC:26837	biolink:related_to	MONDO:0010310			MISSING_TRUE_GENE
HGNC:2877	biolink:related_to	MONDO:0010350			MISSING_TRUE_GENE
HGNC:8925	biolink:related_to	MONDO:0010362			MISSING_TRUE_GENE
HGNC:20145	biolink:related_to	MONDO:0021019			MISSING_TRUE_GENE
HGNC:10295	biolink:related_to	MONDO:0010227			MISSING_TRUE_GENE
HGNC:28880	biolink:related_to	MONDO:0026729			MISSING_TRUE_GENE
HGNC:29433	biolink:related_to	MONDO:0010483			MISSING_TRUE_GENE
HGNC:12974	biolink:related_to	MONDO:0010495			MISSING_TRUE_GENE
HGNC:16353	biolink:related_to	MONDO:0010503			MISSING_TRUE_GENE
HGNC:4516	biolink:related_to	MONDO:0010511			MISSING_TRUE_GENE
HGNC:1044	biolink:related_to	MONDO:0007524			MISSING_TRUE_GENE
HGNC:48	biolink:related_to	MONDO:0010524			MISSING_TRUE_GENE
HGNC:7820	biolink:related_to	MONDO:0010544			MISSING_TRUE_GENE
HGNC:6106	biolink:related_to	MONDO:0010580			MISSING_TRUE_GENE
HGNC:17652	biolink:related_to	MONDO:0010592			MISSING_TRUE_GENE
HGNC:11935	biolink:related_to	MONDO:0010626			MISSING_TRUE_GENE
HGNC:2567	biolink:related_to	MONDO:0010702			MISSING_TRUE_GENE
HGNC:24931	biolink:related_to	MONDO:0010758			MISSING_TRUE_GENE
HGNC:7497	biolink:related_to	MONDO:0010799			MISSING_TRUE_GENE
HGNC:9608	biolink:related_to	MONDO:0014343			MISSING_TRUE_GENE
HGNC:327	biolink:related_to	MONDO:0014343			MISSING_TRUE_GENE
HGNC:11708	biolink:related_to	MONDO:0010907			MISSING_TRUE_GENE
HGNC:7010	biolink:related_to	MONDO:0007767			MISSING_TRUE_GENE
HGNC:3542	biolink:related_to	MONDO:0009210			MISSING_TRUE_GENE
HGNC:6192	biolink:related_to	MONDO:0009891			MISSING_TRUE_GENE
HGNC:19869	biolink:related_to	MONDO:0010959			MISSING_TRUE_GENE
HGNC:12762	biolink:related_to	MONDO:0009101			MISSING_TRUE_GENE
HGNC:10593	biolink:related_to	MONDO:0010086			MISSING_TRUE_GENE
HGNC:29427	biolink:related_to	MONDO:0011113			MISSING_TRUE_GENE
HGNC:3434	biolink:related_to	MONDO:0011125			MISSING_TRUE_GENE
HGNC:3778	biolink:related_to	MONDO:0011165			MISSING_TRUE_GENE
HGNC:20330	biolink:related_to	MONDO:0011169			MISSING_TRUE_GENE
HGNC:691	biolink:related_to	MONDO:0011181			MISSING_TRUE_GENE
HGNC:29529	biolink:related_to	MONDO:0012883			MISSING_TRUE_GENE
HGNC:2859	biolink:related_to	MONDO:0011217			MISSING_TRUE_GENE
HGNC:23287	biolink:related_to	MONDO:0011229			MISSING_TRUE_GENE
HGNC:12593	biolink:related_to	MONDO:0011237			MISSING_TRUE_GENE
HGNC:23096	biolink:related_to	MONDO:0011273			MISSING_TRUE_GENE
HGNC:613	biolink:related_to	MONDO:0011743			MISSING_TRUE_GENE
HGNC:4888	biolink:related_to	MONDO:0013892			MISSING_TRUE_GENE
HGNC:24872	biolink:related_to	MONDO:0011301			MISSING_TRUE_GENE
HGNC:3393	biolink:related_to	MONDO:0011361			MISSING_TRUE_GENE
HGNC:2214	biolink:related_to	MONDO:0019522			MISSING_TRUE_GENE
HGNC:29501	biolink:related_to	MONDO:0011411			MISSING_TRUE_GENE
HGNC:9305	biolink:related_to	MONDO:0011439			MISSING_TRUE_GENE
HGNC:28472	biolink:related_to	MONDO:0011459			MISSING_TRUE_GENE
HGNC:2135	biolink:related_to	MONDO:0011475			MISSING_TRUE_GENE
HGNC:10887	biolink:related_to	MONDO:0011519			MISSING_TRUE_GENE
HGNC:7108	biolink:related_to	MONDO:0011523			MISSING_TRUE_GENE
HGNC:3239	biolink:related_to	MONDO:0007790			MISSING_TRUE_GENE
HGNC:16171	biolink:related_to	MONDO:0011547			MISSING_TRUE_GENE
HGNC:14344	biolink:related_to	MONDO:0011579			MISSING_TRUE_GENE
HGNC:10909	biolink:related_to	MONDO:0011631			MISSING_TRUE_GENE
HGNC:6107	biolink:related_to	MONDO:0011667			MISSING_TRUE_GENE
HGNC:19358	biolink:related_to	MONDO:0011783			MISSING_TRUE_GENE
HGNC:17997	biolink:related_to	MONDO:1040033			MISSING_TRUE_GENE
HGNC:23595	biolink:related_to	MONDO:0011811			MISSING_TRUE_GENE
HGNC:6239	biolink:related_to	MONDO:0011819			MISSING_TRUE_GENE
HGNC:132	biolink:related_to	MONDO:0975754			MISSING_TRUE_GENE
HGNC:10024	biolink:related_to	MONDO:0008377			MISSING_TRUE_GENE
HGNC:5956	biolink:related_to	MONDO:0011907			MISSING_TRUE_GENE
HGNC:10701	biolink:related_to	MONDO:0011911			MISSING_TRUE_GENE
HGNC:3960	biolink:related_to	MONDO:0011935			MISSING_TRUE_GENE
HGNC:124	biolink:related_to	MONDO:0014343			MISSING_TRUE_GENE
HGNC:9658	biolink:related_to	MONDO:0035236			MISSING_TRUE_GENE
HGNC:12572	biolink:related_to	MONDO:0011971			MISSING_TRUE_GENE
HGNC:2907	biolink:related_to	MONDO:0958354			MISSING_TRUE_GENE
HGNC:319	biolink:related_to	MONDO:0018566			MISSING_TRUE_GENE
HGNC:6700	biolink:related_to	MONDO:0012039			MISSING_TRUE_GENE
HGNC:4312	biolink:related_to	MONDO:0012039			MISSING_TRUE_GENE
HGNC:6709	biolink:related_to	MONDO:0012039			MISSING_TRUE_GENE
HGNC:11934	biolink:related_to	MONDO:0012039			MISSING_TRUE_GENE
HGNC:904	biolink:related_to	MONDO:0012075			MISSING_TRUE_GENE
HGNC:1718	biolink:related_to	MONDO:0012091			MISSING_TRUE_GENE
HGNC:3005	biolink:related_to	MONDO:0012123			MISSING_TRUE_GENE
HGNC:12403	biolink:related_to	MONDO:0010870			MISSING_TRUE_GENE
HGNC:11005	biolink:related_to	MONDO:0012805			MISSING_TRUE_GENE
HGNC:6024	biolink:related_to	MONDO:0012163			MISSING_TRUE_GENE
HGNC:1773	biolink:related_to	MONDO:0012183			MISSING_TRUE_GENE
HGNC:12373	biolink:related_to	MONDO:0019855			MISSING_TRUE_GENE
HGNC:16877	biolink:related_to	MONDO:0011002			MISSING_TRUE_GENE
HGNC:559	biolink:related_to	MONDO:0012251			MISSING_TRUE_GENE
HGNC:35126	biolink:related_to	MONDO:0009222			MISSING_TRUE_GENE
HGNC:18153	biolink:related_to	MONDO:0012291			MISSING_TRUE_GENE
HGNC:1331	biolink:related_to	MONDO:0012295			MISSING_TRUE_GENE
HGNC:18121	biolink:related_to	MONDO:0012299			MISSING_TRUE_GENE
HGNC:14673	biolink:related_to	MONDO:0012395			MISSING_TRUE_GENE
HGNC:30829	biolink:related_to	MONDO:0012399			MISSING_TRUE_GENE
HGNC:30260	biolink:related_to	MONDO:0012407			MISSING_TRUE_GENE
HGNC:24891	biolink:related_to	MONDO:0012411			MISSING_TRUE_GENE
HGNC:21474	biolink:related_to	MONDO:0012423			MISSING_TRUE_GENE
HGNC:18286	biolink:related_to	MONDO:0012483			MISSING_TRUE_GENE
HGNC:2348	biolink:related_to	MONDO:0008393			MISSING_TRUE_GENE
HGNC:9006	biolink:related_to	MONDO:0012527			MISSING_TRUE_GENE
HGNC:3435	biolink:related_to	MONDO:0012531			MISSING_TRUE_GENE
HGNC:28396	biolink:related_to	MONDO:0008377			MISSING_TRUE_GENE
HGNC:29796	biolink:related_to	MONDO:0012559			MISSING_TRUE_GENE
HGNC:4318	biolink:related_to	MONDO:0012563			MISSING_TRUE_GENE
HGNC:17020	biolink:related_to	MONDO:0012607			MISSING_TRUE_GENE
HGNC:29017	biolink:related_to	MONDO:0012679			MISSING_TRUE_GENE
HGNC:9498	biolink:related_to	MONDO:0017729			MISSING_TRUE_GENE
HGNC:22938	biolink:related_to	MONDO:0012724			MISSING_TRUE_GENE
HGNC:26661	biolink:related_to	MONDO:0012764			MISSING_TRUE_GENE
HGNC:16812	biolink:related_to	MONDO:0012784			MISSING_TRUE_GENE
HGNC:2472	biolink:related_to	MONDO:0012804			MISSING_TRUE_GENE
HGNC:164	biolink:related_to	MONDO:0032853			MISSING_TRUE_GENE
HGNC:11444	biolink:related_to	MONDO:0012812			MISSING_TRUE_GENE
HGNC:7939	biolink:related_to	MONDO:0012816			MISSING_TRUE_GENE
HGNC:21637	biolink:related_to	MONDO:0012864			MISSING_TRUE_GENE
HGNC:9456	biolink:related_to	MONDO:0012868			MISSING_TRUE_GENE
HGNC:6371	biolink:related_to	MONDO:0012901			MISSING_TRUE_GENE
HGNC:10345	biolink:related_to	MONDO:0012925			MISSING_TRUE_GENE
HGNC:9175	biolink:related_to	MONDO:0014157			MISSING_TRUE_GENE
HGNC:10879	biolink:related_to	MONDO:0012989			MISSING_TRUE_GENE
HGNC:11957	biolink:related_to	MONDO:0010655			MISSING_TRUE_GENE
HGNC:6256	biolink:related_to	MONDO:0010933			MISSING_TRUE_GENE
HGNC:6000	biolink:related_to	MONDO:0014343			MISSING_TRUE_GENE
HGNC:19309	biolink:related_to	MONDO:0013033			MISSING_TRUE_GENE
HGNC:939	biolink:related_to	MONDO:0976226			MISSING_TRUE_GENE
HGNC:25382	biolink:related_to	MONDO:0013069			MISSING_TRUE_GENE
HGNC:6171	biolink:related_to	MONDO:0013081			MISSING_TRUE_GENE
HGNC:8975	biolink:related_to	MONDO:0013038			MISSING_TRUE_GENE
HGNC:19743	biolink:related_to	MONDO:0013162			MISSING_TRUE_GENE
HGNC:23	biolink:related_to	MONDO:0013166			MISSING_TRUE_GENE
HGNC:6717	biolink:related_to	MONDO:0013170			MISSING_TRUE_GENE
HGNC:6636	biolink:related_to	MONDO:0017403			MISSING_TRUE_GENE
HGNC:8574	biolink:related_to	MONDO:0011830			MISSING_TRUE_GENE
HGNC:7989	biolink:related_to	MONDO:0013186			MISSING_TRUE_GENE
HGNC:3534	biolink:related_to	MONDO:0013190			MISSING_TRUE_GENE
HGNC:7576	biolink:related_to	MONDO:0013198			MISSING_TRUE_GENE
HGNC:10906	biolink:related_to	MONDO:0013214			MISSING_TRUE_GENE
HGNC:21641	biolink:related_to	MONDO:0013218			MISSING_TRUE_GENE
HGNC:27337	biolink:related_to	MONDO:0014343			MISSING_TRUE_GENE
HGNC:1701	biolink:related_to	MONDO:0013286			MISSING_TRUE_GENE
HGNC:22197	biolink:related_to	MONDO:0013342			MISSING_TRUE_GENE
HGNC:9179	biolink:related_to	MONDO:0013350			MISSING_TRUE_GENE
HGNC:25532	biolink:related_to	MONDO:0013354			MISSING_TRUE_GENE
HGNC:27375	biolink:related_to	MONDO:0013386			MISSING_TRUE_GENE
HGNC:9069	biolink:related_to	MONDO:0014661			MISSING_TRUE_GENE
HGNC:9508	biolink:related_to	MONDO:0013398			MISSING_TRUE_GENE
HGNC:11362	biolink:related_to	MONDO:0013427			MISSING_TRUE_GENE
HGNC:24576	biolink:related_to	MONDO:0013431			MISSING_TRUE_GENE
HGNC:4214	biolink:related_to	MONDO:0013463			MISSING_TRUE_GENE
HGNC:9080	biolink:related_to	MONDO:0013475			MISSING_TRUE_GENE
HGNC:4823	biolink:related_to	MONDO:0054802			MISSING_TRUE_GENE
HGNC:4824	biolink:related_to	MONDO:0007716			MISSING_TRUE_GENE
HGNC:27365	biolink:related_to	MONDO:0013529			MISSING_TRUE_GENE
HGNC:6619	biolink:related_to	MONDO:0013533			MISSING_TRUE_GENE
HGNC:21143	biolink:related_to	MONDO:0013553			MISSING_TRUE_GENE
HGNC:26019	biolink:related_to	MONDO:0013561			MISSING_TRUE_GENE
HGNC:7599	biolink:related_to	MONDO:0013589			MISSING_TRUE_GENE
HGNC:888	biolink:related_to	MONDO:0013634			MISSING_TRUE_GENE
HGNC:17104	biolink:related_to	MONDO:0013642			MISSING_TRUE_GENE
HGNC:18831	biolink:related_to	MONDO:0013662			MISSING_TRUE_GENE
HGNC:31555	biolink:related_to	MONDO:0013678			MISSING_TRUE_GENE
HGNC:1529	biolink:related_to	MONDO:0019947			MISSING_TRUE_GENE
HGNC:8008	biolink:related_to	MONDO:0013696			MISSING_TRUE_GENE
HGNC:18340	biolink:related_to	MONDO:0008377			MISSING_TRUE_GENE
HGNC:2973	biolink:related_to	MONDO:0008134			MISSING_TRUE_GENE
HGNC:9066	biolink:related_to	MONDO:0013766			MISSING_TRUE_GENE
HGNC:23399	biolink:related_to	MONDO:0019636			MISSING_TRUE_GENE
HGNC:2553	biolink:related_to	MONDO:0013782			MISSING_TRUE_GENE
HGNC:118	biolink:related_to	MONDO:0014753			MISSING_TRUE_GENE
HGNC:5208	biolink:related_to	MONDO:0013842			MISSING_TRUE_GENE
HGNC:2336	biolink:related_to	MONDO:0013862			MISSING_TRUE_GENE
HGNC:7863	biolink:related_to	MONDO:0013874			MISSING_TRUE_GENE
HGNC:14153	biolink:related_to	MONDO:0013890			MISSING_TRUE_GENE
HGNC:13831	biolink:related_to	MONDO:0019828			MISSING_TRUE_GENE
HGNC:22965	biolink:related_to	MONDO:0013938			MISSING_TRUE_GENE
HGNC:5201	biolink:related_to	MONDO:0013946			MISSING_TRUE_GENE
HGNC:24928	biolink:related_to	MONDO:0013962			MISSING_TRUE_GENE
HGNC:23166	biolink:related_to	MONDO:0013977			MISSING_TRUE_GENE
HGNC:21062	biolink:related_to	MONDO:0014882			MISSING_TRUE_GENE
HGNC:8740	biolink:related_to	MONDO:0013990			MISSING_TRUE_GENE
HGNC:30578	biolink:related_to	MONDO:0014014			MISSING_TRUE_GENE
HGNC:26560	biolink:related_to	MONDO:0014030			MISSING_TRUE_GENE
HGNC:30778	biolink:related_to	MONDO:0014034			MISSING_TRUE_GENE
HGNC:21086	biolink:related_to	MONDO:0014042			MISSING_TRUE_GENE
HGNC:23405	biolink:related_to	MONDO:0014070			MISSING_TRUE_GENE
HGNC:20731	biolink:related_to	MONDO:0014074			MISSING_TRUE_GENE
HGNC:6006	biolink:related_to	MONDO:0014082			MISSING_TRUE_GENE
HGNC:24592	biolink:related_to	MONDO:0014094			MISSING_TRUE_GENE
HGNC:24229	biolink:related_to	MONDO:0014098			MISSING_TRUE_GENE
HGNC:14579	biolink:related_to	MONDO:0014118			MISSING_TRUE_GENE
HGNC:30372	biolink:related_to	MONDO:0014138			MISSING_TRUE_GENE
HGNC:16650	biolink:related_to	MONDO:0014162			MISSING_TRUE_GENE
HGNC:13601	biolink:related_to	MONDO:0014198			MISSING_TRUE_GENE
HGNC:12371	biolink:related_to	MONDO:0014202			MISSING_TRUE_GENE
HGNC:6898	biolink:related_to	MONDO:0030518			MISSING_TRUE_GENE
HGNC:494	biolink:related_to	MONDO:0020745			MISSING_TRUE_GENE
HGNC:3052	biolink:related_to	MONDO:0014355			MISSING_TRUE_GENE
HGNC:3048	biolink:related_to	MONDO:0014218			MISSING_TRUE_GENE
HGNC:8977	biolink:related_to	MONDO:0014222			MISSING_TRUE_GENE
HGNC:1343	biolink:related_to	MONDO:0013554			MISSING_TRUE_GENE
HGNC:26262	biolink:related_to	MONDO:0014238			MISSING_TRUE_GENE
HGNC:23109	biolink:related_to	MONDO:0007922			MISSING_TRUE_GENE
HGNC:753	biolink:related_to	MONDO:0014258			MISSING_TRUE_GENE
HGNC:3999	biolink:related_to	MONDO:0010952			MISSING_TRUE_GENE
HGNC:17975	biolink:related_to	MONDO:0014282			MISSING_TRUE_GENE
HGNC:24526	biolink:related_to	MONDO:0014286			MISSING_TRUE_GENE
HGNC:29932	biolink:related_to	MONDO:0014290			MISSING_TRUE_GENE
HGNC:12417	biolink:related_to	MONDO:0014294			MISSING_TRUE_GENE
HGNC:17043	biolink:related_to	MONDO:0014294			MISSING_TRUE_GENE
HGNC:16947	biolink:related_to	MONDO:0014302			MISSING_TRUE_GENE
HGNC:6005	biolink:related_to	MONDO:0014338			MISSING_TRUE_GENE
HGNC:6415	biolink:related_to	MONDO:0014346			MISSING_TRUE_GENE
HGNC:25230	biolink:related_to	MONDO:0014358			MISSING_TRUE_GENE
HGNC:9879	biolink:related_to	MONDO:0014386			MISSING_TRUE_GENE
HGNC:30740	biolink:related_to	MONDO:0014398			MISSING_TRUE_GENE
HGNC:23734	biolink:related_to	MONDO:0014406			MISSING_TRUE_GENE
HGNC:970	biolink:related_to	MONDO:0014434			MISSING_TRUE_GENE
HGNC:9670	biolink:related_to	MONDO:0014450			MISSING_TRUE_GENE
HGNC:19129	biolink:related_to	MONDO:0012596			MISSING_TRUE_GENE
HGNC:37276	biolink:related_to	MONDO:0014474			MISSING_TRUE_GENE
HGNC:10922	biolink:related_to	MONDO:0012396			MISSING_TRUE_GENE
HGNC:18971	biolink:related_to	MONDO:0015597			MISSING_TRUE_GENE
HGNC:4053	biolink:related_to	MONDO:0014502			MISSING_TRUE_GENE
HGNC:9870	biolink:related_to	MONDO:0014506			MISSING_TRUE_GENE
HGNC:26222	biolink:related_to	MONDO:0014343			MISSING_TRUE_GENE
HGNC:9382	biolink:related_to	MONDO:0014518			MISSING_TRUE_GENE
HGNC:12406	biolink:related_to	MONDO:0014522			MISSING_TRUE_GENE
HGNC:4576	biolink:related_to	MONDO:0014530			MISSING_TRUE_GENE
HGNC:1445	biolink:related_to	MONDO:0014550			MISSING_TRUE_GENE
HGNC:237	biolink:related_to	MONDO:0014570			MISSING_TRUE_GENE
HGNC:1515	biolink:related_to	MONDO:0014574			MISSING_TRUE_GENE
HGNC:1966	biolink:related_to	MONDO:0014586			MISSING_TRUE_GENE
HGNC:9312	biolink:related_to	MONDO:0014602			MISSING_TRUE_GENE
HGNC:18801	biolink:related_to	MONDO:0014606			MISSING_TRUE_GENE
HGNC:18084	biolink:related_to	MONDO:0100296			MISSING_TRUE_GENE
HGNC:6423	biolink:related_to	MONDO:0007758			MISSING_TRUE_GENE
HGNC:8028	biolink:related_to	MONDO:0012041			MISSING_TRUE_GENE
HGNC:854	biolink:related_to	MONDO:0014646			MISSING_TRUE_GENE
HGNC:2188	biolink:related_to	MONDO:0034022			MISSING_TRUE_GENE
HGNC:13997	biolink:related_to	MONDO:0014662			MISSING_TRUE_GENE
HGNC:13841	biolink:related_to	MONDO:0014670			MISSING_TRUE_GENE
HGNC:4798	biolink:related_to	MONDO:0014682			MISSING_TRUE_GENE
HGNC:12831	biolink:related_to	MONDO:0014686			MISSING_TRUE_GENE
HGNC:10260	biolink:related_to	MONDO:0007922			MISSING_TRUE_GENE
HGNC:13818	biolink:related_to	MONDO:0014718			MISSING_TRUE_GENE
HGNC:6343	biolink:related_to	MONDO:0014738			MISSING_TRUE_GENE
HGNC:21645	biolink:related_to	MONDO:0014742			MISSING_TRUE_GENE
HGNC:2244	biolink:related_to	MONDO:0013840			MISSING_TRUE_GENE
HGNC:29515	biolink:related_to	MONDO:0014766			MISSING_TRUE_GENE
HGNC:10702	biolink:related_to	MONDO:0014802			MISSING_TRUE_GENE
HGNC:7001	biolink:related_to	MONDO:0014822			MISSING_TRUE_GENE
HGNC:32689	biolink:related_to	MONDO:0014830			MISSING_TRUE_GENE
HGNC:1395	biolink:related_to	MONDO:0014875			MISSING_TRUE_GENE
HGNC:3756	biolink:related_to	MONDO:0013550			MISSING_TRUE_GENE
HGNC:27030	biolink:related_to	MONDO:0014887			MISSING_TRUE_GENE
HGNC:24123	biolink:related_to	MONDO:0014927			MISSING_TRUE_GENE
HGNC:11741	biolink:related_to	MONDO:0014943			MISSING_TRUE_GENE
HGNC:4588	biolink:related_to	MONDO:0014947			MISSING_TRUE_GENE
HGNC:23805	biolink:related_to	MONDO:0014963			MISSING_TRUE_GENE
HGNC:26513	biolink:related_to	MONDO:0014991			MISSING_TRUE_GENE
HGNC:29853	biolink:related_to	MONDO:0014995			MISSING_TRUE_GENE
HGNC:19691	biolink:related_to	MONDO:0015003			MISSING_TRUE_GENE
HGNC:29508	biolink:related_to	MONDO:0015007			MISSING_TRUE_GENE
HGNC:3662	biolink:related_to	MONDO:0015096			MISSING_TRUE_GENE
HGNC:3694	biolink:related_to	MONDO:0015096			MISSING_TRUE_GENE
HGNC:3259	biolink:related_to	MONDO:0020507			MISSING_TRUE_GENE
HGNC:3260	biolink:related_to	MONDO:0015519			MISSING_TRUE_GENE
HGNC:6342	biolink:related_to	MONDO:0020320			MISSING_TRUE_GENE
HGNC:12726	biolink:related_to	MONDO:0015631			MISSING_TRUE_GENE
HGNC:4284	biolink:related_to	MONDO:0015635			MISSING_TRUE_GENE
HGNC:6697	biolink:related_to	MONDO:0015800			MISSING_TRUE_GENE
HGNC:9081	biolink:related_to	MONDO:0007363			MISSING_TRUE_GENE
HGNC:7983	biolink:related_to	MONDO:0060489			MISSING_TRUE_GENE
HGNC:11311	biolink:related_to	MONDO:0015779			MISSING_TRUE_GENE
HGNC:7897	biolink:related_to	MONDO:0016308			MISSING_TRUE_GENE
HGNC:14234	biolink:related_to	MONDO:0019349			MISSING_TRUE_GENE
HGNC:1093	biolink:related_to	MONDO:0009113			MISSING_TRUE_GENE
HGNC:438	biolink:related_to	MONDO:0016605			MISSING_TRUE_GENE
HGNC:4831	biolink:related_to	MONDO:0018749			MISSING_TRUE_GENE
HGNC:4827	biolink:related_to	MONDO:0016242			MISSING_TRUE_GENE
HGNC:22219	biolink:related_to	MONDO:0008377			MISSING_TRUE_GENE
HGNC:1097	biolink:related_to	MONDO:0007922			MISSING_TRUE_GENE
HGNC:14575	biolink:related_to	MONDO:0016783			MISSING_TRUE_GENE
HGNC:14881	biolink:related_to	MONDO:0016856			MISSING_TRUE_GENE
HGNC:987	biolink:related_to	MONDO:0017053			MISSING_TRUE_GENE
HGNC:7821	biolink:related_to	MONDO:0017111			MISSING_TRUE_GENE
HGNC:9086	biolink:related_to	MONDO:0017225			MISSING_TRUE_GENE
HGNC:17327	biolink:related_to	MONDO:0014741			MISSING_TRUE_GENE
HGNC:7526	biolink:related_to	MONDO:0017360			MISSING_TRUE_GENE
HGNC:4932	biolink:related_to	MONDO:0018229			MISSING_TRUE_GENE
HGNC:4180	biolink:related_to	MONDO:0017697			MISSING_TRUE_GENE
HGNC:6826	biolink:related_to	MONDO:0017732			MISSING_TRUE_GENE
HGNC:11917	biolink:related_to	MONDO:0017844			MISSING_TRUE_GENE
HGNC:6323	biolink:related_to	MONDO:0017940			MISSING_TRUE_GENE
HGNC:11795	biolink:related_to	MONDO:0800452			MISSING_TRUE_GENE
HGNC:4948	biolink:related_to	MONDO:0021571			MISSING_TRUE_GENE
HGNC:450	biolink:related_to	MONDO:0014343			MISSING_TRUE_GENE
HGNC:12442	biolink:related_to	MONDO:0011749			MISSING_TRUE_GENE
HGNC:4241	biolink:related_to	MONDO:0018144			MISSING_TRUE_GENE
HGNC:20611	biolink:related_to	MONDO:0018264			MISSING_TRUE_GENE
HGNC:2666	biolink:related_to	MONDO:0018280			MISSING_TRUE_GENE
HGNC:2505	biolink:related_to	MONDO:0014493			MISSING_TRUE_GENE
HGNC:18640	biolink:related_to	MONDO:0018328			MISSING_TRUE_GENE
HGNC:20001	biolink:related_to	MONDO:0018328			MISSING_TRUE_GENE
HGNC:13887	biolink:related_to	MONDO:0018328			MISSING_TRUE_GENE
HGNC:3481	biolink:related_to	MONDO:0018333			MISSING_TRUE_GENE
HGNC:3483	biolink:related_to	MONDO:0018332			MISSING_TRUE_GENE
HGNC:5466	biolink:related_to	MONDO:0014343			MISSING_TRUE_GENE
HGNC:15805	biolink:related_to	MONDO:0018393			MISSING_TRUE_GENE
HGNC:26535	biolink:related_to	MONDO:0018393			MISSING_TRUE_GENE
HGNC:25062	biolink:related_to	MONDO:0018393			MISSING_TRUE_GENE
HGNC:11737	biolink:related_to	MONDO:0018393			MISSING_TRUE_GENE
HGNC:26047	biolink:related_to	MONDO:0957202			MISSING_TRUE_GENE
HGNC:28569	biolink:related_to	MONDO:0018393			MISSING_TRUE_GENE
HGNC:18130	biolink:related_to	MONDO:0018393			MISSING_TRUE_GENE
HGNC:30914	biolink:related_to	MONDO:0018417			MISSING_TRUE_GENE
HGNC:17168	biolink:related_to	MONDO:0013641			MISSING_TRUE_GENE
HGNC:819	biolink:related_to	MONDO:0018742			MISSING_TRUE_GENE
HGNC:7493	biolink:related_to	MONDO:0019016			MISSING_TRUE_GENE
HGNC:11199	biolink:related_to	MONDO:0019032			MISSING_TRUE_GENE
HGNC:1388	biolink:related_to	MONDO:0007163			MISSING_TRUE_GENE
HGNC:25941	biolink:related_to	MONDO:0015041			MISSING_TRUE_GENE
HGNC:59	biolink:related_to	MONDO:0030088			MISSING_TRUE_GENE
HGNC:3508	biolink:related_to	MONDO:0019373			MISSING_TRUE_GENE
HGNC:30074	biolink:related_to	MONDO:0100600			MISSING_TRUE_GENE
HGNC:30348	biolink:related_to	MONDO:0019505			MISSING_TRUE_GENE
HGNC:3436	biolink:related_to	MONDO:0019569			MISSING_TRUE_GENE
HGNC:3438	biolink:related_to	MONDO:0010217			MISSING_TRUE_GENE
HGNC:3439	biolink:related_to	MONDO:0019569			MISSING_TRUE_GENE
HGNC:2570	biolink:related_to	MONDO:0019597			MISSING_TRUE_GENE
HGNC:9330	biolink:related_to	MONDO:0019767			MISSING_TRUE_GENE
HGNC:9046	biolink:related_to	MONDO:0011073			MISSING_TRUE_GENE
HGNC:11630	biolink:related_to	MONDO:0019644			MISSING_TRUE_GENE
HGNC:2411	biolink:related_to	MONDO:0011430			MISSING_TRUE_GENE
HGNC:3942	biolink:related_to	MONDO:0020492			MISSING_TRUE_GENE
HGNC:5056	biolink:related_to	MONDO:0020512			MISSING_TRUE_GENE
HGNC:7545	biolink:related_to	MONDO:0016705			MISSING_TRUE_GENE
HGNC:12271	biolink:related_to	MONDO:0020512			MISSING_TRUE_GENE
HGNC:1014	biolink:related_to	MONDO:0020512			MISSING_TRUE_GENE
HGNC:12252	biolink:related_to	MONDO:0020512			MISSING_TRUE_GENE
HGNC:16063	biolink:related_to	MONDO:0020512			MISSING_TRUE_GENE
HGNC:15514	biolink:related_to	MONDO:0020512			MISSING_TRUE_GENE
HGNC:11992	biolink:related_to	MONDO:0034991			MISSING_TRUE_GENE
HGNC:15511	biolink:related_to	MONDO:0020705			MISSING_TRUE_GENE
HGNC:15512	biolink:related_to	MONDO:0020705			MISSING_TRUE_GENE
HGNC:28929	biolink:related_to	MONDO:0020717			MISSING_TRUE_GENE
HGNC:397	biolink:related_to	MONDO:0020721			MISSING_TRUE_GENE
HGNC:18647	biolink:related_to	MONDO:0020737			MISSING_TRUE_GENE
HGNC:6229	biolink:related_to	MONDO:0020745			MISSING_TRUE_GENE
HGNC:10446	biolink:related_to	MONDO:0020745			MISSING_TRUE_GENE
HGNC:11949	biolink:related_to	MONDO:0019150			MISSING_TRUE_GENE
HGNC:11167	biolink:related_to	MONDO:0020745			MISSING_TRUE_GENE
HGNC:19661	biolink:related_to	MONDO:0020745			MISSING_TRUE_GENE
HGNC:17993	biolink:related_to	MONDO:0011474			MISSING_TRUE_GENE
HGNC:493	biolink:related_to	MONDO:0020745			MISSING_TRUE_GENE
HGNC:6251	biolink:related_to	MONDO:0020745			MISSING_TRUE_GENE
HGNC:6501	biolink:related_to	MONDO:0010281			MISSING_TRUE_GENE
HGNC:1449	biolink:related_to	MONDO:0032915			MISSING_TRUE_GENE
HGNC:17761	biolink:related_to	MONDO:0020749			MISSING_TRUE_GENE
HGNC:7225	biolink:related_to	MONDO:0011889			MISSING_TRUE_GENE
HGNC:3373	biolink:related_to	MONDO:0013364			MISSING_TRUE_GENE
HGNC:3395	biolink:related_to	MONDO:0020785			MISSING_TRUE_GENE
HGNC:8104	biolink:related_to	MONDO:0020789			MISSING_TRUE_GENE
HGNC:27845	biolink:related_to	MONDO:0020855			MISSING_TRUE_GENE
HGNC:12784	biolink:related_to	MONDO:0024455			MISSING_TRUE_GENE
HGNC:3084	biolink:related_to	MONDO:0024455			MISSING_TRUE_GENE
HGNC:3754	biolink:related_to	MONDO:0010233			MISSING_TRUE_GENE
HGNC:4198	biolink:related_to	MONDO:0024570			MISSING_TRUE_GENE
HGNC:12810	biolink:related_to	MONDO:0026404			MISSING_TRUE_GENE
HGNC:3551	biolink:related_to	MONDO:0026768			MISSING_TRUE_GENE
HGNC:27089	biolink:related_to	MONDO:0029134			MISSING_TRUE_GENE
HGNC:226	biolink:related_to	MONDO:0030025			MISSING_TRUE_GENE
HGNC:8965	biolink:related_to	MONDO:0030037			MISSING_TRUE_GENE
HGNC:2321	biolink:related_to	MONDO:0030048			MISSING_TRUE_GENE
HGNC:25536	biolink:related_to	MONDO:0030054			MISSING_TRUE_GENE
HGNC:28672	biolink:related_to	MONDO:0030066			MISSING_TRUE_GENE
HGNC:6320	biolink:related_to	MONDO:0030071			MISSING_TRUE_GENE
HGNC:24063	biolink:related_to	MONDO:0030105			MISSING_TRUE_GENE
HGNC:9260	biolink:related_to	MONDO:0030258			MISSING_TRUE_GENE
HGNC:7720	biolink:related_to	MONDO:0030281			MISSING_TRUE_GENE
HGNC:32621	biolink:related_to	MONDO:0030313			MISSING_TRUE_GENE
HGNC:15594	biolink:related_to	MONDO:0030334			MISSING_TRUE_GENE
HGNC:30860	biolink:related_to	MONDO:0030361			MISSING_TRUE_GENE
HGNC:1361	biolink:related_to	MONDO:0030455			MISSING_TRUE_GENE
HGNC:21424	biolink:related_to	MONDO:0014926			MISSING_TRUE_GENE
HGNC:31704	biolink:related_to	MONDO:0030490			MISSING_TRUE_GENE
HGNC:21495	biolink:related_to	MONDO:0030505			MISSING_TRUE_GENE
HGNC:11623	biolink:related_to	MONDO:0014343			MISSING_TRUE_GENE
HGNC:10289	biolink:related_to	MONDO:0030690			MISSING_TRUE_GENE
HGNC:13552	biolink:related_to	MONDO:0800029			MISSING_TRUE_GENE
HGNC:4785	biolink:related_to	MONDO:0030730			MISSING_TRUE_GENE
HGNC:26993	biolink:related_to	MONDO:0030787			MISSING_TRUE_GENE
HGNC:20652	biolink:related_to	MONDO:0030819			MISSING_TRUE_GENE
HGNC:10852	biolink:related_to	MONDO:0030866			MISSING_TRUE_GENE
HGNC:1591	biolink:related_to	MONDO:0030875			MISSING_TRUE_GENE
HGNC:7506	biolink:related_to	MONDO:0030880			MISSING_TRUE_GENE
HGNC:23625	biolink:related_to	MONDO:0030915			MISSING_TRUE_GENE
HGNC:14304	biolink:related_to	MONDO:0030927			MISSING_TRUE_GENE
HGNC:24929	biolink:related_to	MONDO:0030931			MISSING_TRUE_GENE
HGNC:25543	biolink:related_to	MONDO:0030958			MISSING_TRUE_GENE
HGNC:10680	biolink:related_to	MONDO:0100294			MISSING_TRUE_GENE
HGNC:12441	biolink:related_to	MONDO:0031057			MISSING_TRUE_GENE
HGNC:14530	biolink:related_to	MONDO:0031084			MISSING_TRUE_GENE
HGNC:18550	biolink:related_to	MONDO:0031481			MISSING_TRUE_GENE
HGNC:24877	biolink:related_to	MONDO:0025690			MISSING_TRUE_GENE
HGNC:29165	biolink:related_to	MONDO:0032571			MISSING_TRUE_GENE
HGNC:12781	biolink:related_to	MONDO:0032575			MISSING_TRUE_GENE
HGNC:29929	biolink:related_to	MONDO:0032583			MISSING_TRUE_GENE
HGNC:3468	biolink:related_to	MONDO:0032590			MISSING_TRUE_GENE
HGNC:10979	biolink:related_to	MONDO:0020345			MISSING_TRUE_GENE
HGNC:6222	biolink:related_to	MONDO:0032656			MISSING_TRUE_GENE
HGNC:19918	biolink:related_to	MONDO:0032673			MISSING_TRUE_GENE
HGNC:4331	biolink:related_to	MONDO:0032685			MISSING_TRUE_GENE
HGNC:7437	biolink:related_to	MONDO:0032705			MISSING_TRUE_GENE
HGNC:14049	biolink:related_to	MONDO:0032712			MISSING_TRUE_GENE
HGNC:13764	biolink:related_to	MONDO:0032717			MISSING_TRUE_GENE
HGNC:6115	biolink:related_to	MONDO:0032758			MISSING_TRUE_GENE
HGNC:17985	biolink:related_to	MONDO:0032783			MISSING_TRUE_GENE
HGNC:7877	biolink:related_to	MONDO:0032787			MISSING_TRUE_GENE
HGNC:9180	biolink:related_to	MONDO:0032799			MISSING_TRUE_GENE
HGNC:16352	biolink:related_to	MONDO:0032815			MISSING_TRUE_GENE
HGNC:12299	biolink:related_to	MONDO:0032819			MISSING_TRUE_GENE
HGNC:17052	biolink:related_to	MONDO:0032849			MISSING_TRUE_GENE
HGNC:2978	biolink:related_to	MONDO:0019456			MISSING_TRUE_GENE
HGNC:6284	biolink:related_to	MONDO:0012276			MISSING_TRUE_GENE
HGNC:19943	biolink:related_to	MONDO:0032894			MISSING_TRUE_GENE
HGNC:26293	biolink:related_to	MONDO:0032898			MISSING_TRUE_GENE
HGNC:8756	biolink:related_to	MONDO:0032906			MISSING_TRUE_GENE
HGNC:28313	biolink:related_to	MONDO:0032922			MISSING_TRUE_GENE
HGNC:4286	biolink:related_to	MONDO:0033012			MISSING_TRUE_GENE
HGNC:3424	biolink:related_to	MONDO:0033047			MISSING_TRUE_GENE
HGNC:589	biolink:related_to	MONDO:0033115			MISSING_TRUE_GENE
HGNC:28660	biolink:related_to	MONDO:0033282			MISSING_TRUE_GENE
HGNC:4593	biolink:related_to	MONDO:0033479			MISSING_TRUE_GENE
HGNC:4014	biolink:related_to	MONDO:0033552			MISSING_TRUE_GENE
HGNC:6766	biolink:related_to	MONDO:0033561			MISSING_TRUE_GENE
HGNC:2260	biolink:related_to	MONDO:0700250			MISSING_TRUE_GENE
HGNC:437	biolink:related_to	MONDO:0035370			MISSING_TRUE_GENE
HGNC:4173	biolink:related_to	MONDO:0035555			MISSING_TRUE_GENE
HGNC:7133	biolink:related_to	MONDO:0035651			MISSING_TRUE_GENE
HGNC:18420	biolink:related_to	MONDO:0035706			MISSING_TRUE_GENE
HGNC:13488	biolink:related_to	MONDO:0035819			MISSING_TRUE_GENE
HGNC:6285	biolink:related_to	MONDO:0044273			MISSING_TRUE_GENE
HGNC:27232	biolink:related_to	MONDO:0044308			MISSING_TRUE_GENE
HGNC:4922	biolink:related_to	MONDO:0008377			MISSING_TRUE_GENE
HGNC:29239	biolink:related_to	MONDO:0044328			MISSING_TRUE_GENE
HGNC:20773	biolink:related_to	MONDO:0021573			MISSING_TRUE_GENE
HGNC:6062	biolink:related_to	MONDO:0044638			MISSING_TRUE_GENE
HGNC:9588	biolink:related_to	MONDO:0021427			MISSING_TRUE_GENE
HGNC:11905	biolink:related_to	MONDO:0044638			MISSING_TRUE_GENE
HGNC:5286	biolink:related_to	MONDO:0044660			MISSING_TRUE_GENE
HGNC:24284	biolink:related_to	MONDO:0044696			MISSING_TRUE_GENE
HGNC:1329	biolink:related_to	MONDO:0044726			MISSING_TRUE_GENE
HGNC:26239	biolink:related_to	MONDO:0049222			MISSING_TRUE_GENE
HGNC:13733	biolink:related_to	MONDO:0054601			MISSING_TRUE_GENE
HGNC:15454	biolink:related_to	MONDO:0054637			MISSING_TRUE_GENE
HGNC:11274	biolink:related_to	MONDO:0054780			MISSING_TRUE_GENE
HGNC:9043	biolink:related_to	MONDO:0060502			MISSING_TRUE_GENE
HGNC:25072	biolink:related_to	MONDO:0060704			MISSING_TRUE_GENE
HGNC:18021	biolink:related_to	MONDO:0100045			MISSING_TRUE_GENE
HGNC:9863	biolink:related_to	MONDO:0100102			MISSING_TRUE_GENE
HGNC:4193	biolink:related_to	MONDO:0007495			MISSING_TRUE_GENE
HGNC:3098	biolink:related_to	MONDO:0100218			MISSING_TRUE_GENE
HGNC:33867	biolink:related_to	MONDO:0100294			MISSING_TRUE_GENE
HGNC:3951	biolink:related_to	MONDO:0100340			MISSING_TRUE_GENE
HGNC:9957	biolink:related_to	MONDO:0007922			MISSING_TRUE_GENE
HGNC:6572	biolink:related_to	MONDO:0700090			MISSING_TRUE_GENE
HGNC:25118	biolink:related_to	MONDO:0700338			MISSING_TRUE_GENE
HGNC:236	biolink:related_to	MONDO:0800028			MISSING_TRUE_GENE
HGNC:12012	biolink:related_to	MONDO:0018780			MISSING_TRUE_GENE
HGNC:11608	biolink:related_to	MONDO:0800447			MISSING_TRUE_GENE
HGNC:21244	biolink:related_to	MONDO:0859147			MISSING_TRUE_GENE
HGNC:20213	biolink:related_to	MONDO:0859160			MISSING_TRUE_GENE
HGNC:30594	biolink:related_to	MONDO:0859164			MISSING_TRUE_GENE
HGNC:29956	biolink:related_to	MONDO:0859180			MISSING_TRUE_GENE
HGNC:2021	biolink:related_to	MONDO:0859187			MISSING_TRUE_GENE
HGNC:600	biolink:related_to	MONDO:0100189			MISSING_TRUE_GENE
HGNC:3607	biolink:related_to	MONDO:0859246			MISSING_TRUE_GENE
HGNC:2326	biolink:related_to	MONDO:0859250			MISSING_TRUE_GENE
HGNC:19903	biolink:related_to	MONDO:0019130			MISSING_TRUE_GENE
HGNC:3671	biolink:related_to	MONDO:0859340			MISSING_TRUE_GENE
HGNC:7776	biolink:related_to	MONDO:0859369			MISSING_TRUE_GENE
HGNC:2261	biolink:related_to	MONDO:0859520			MISSING_TRUE_GENE
HGNC:11891	biolink:related_to	MONDO:0859568			MISSING_TRUE_GENE
HGNC:17111	biolink:related_to	MONDO:0859572			MISSING_TRUE_GENE
HGNC:10993	biolink:related_to	MONDO:0957268			MISSING_TRUE_GENE
HGNC:11948	biolink:related_to	MONDO:0957281			MISSING_TRUE_GENE
HGNC:29877	biolink:related_to	MONDO:0957588			MISSING_TRUE_GENE
HGNC:11273	biolink:related_to	MONDO:0957815			MISSING_TRUE_GENE
HGNC:26383	biolink:related_to	MONDO:0957922			MISSING_TRUE_GENE
HGNC:12630	biolink:related_to	MONDO:0958071			MISSING_TRUE_GENE
HGNC:1241	biolink:related_to	MONDO:0013743			MISSING_TRUE_GENE
HGNC:35123	biolink:related_to	MONDO:0958194			MISSING_TRUE_GENE
HGNC:4982	biolink:related_to	MONDO:0958226			MISSING_TRUE_GENE
HGNC:21099	biolink:related_to	MONDO:0958242			MISSING_TRUE_GENE
HGNC:7559	biolink:related_to	MONDO:0958279			MISSING_TRUE_GENE
HGNC:23339	biolink:related_to	MONDO:0968976			MISSING_TRUE_GENE
HGNC:6740	biolink:related_to	MONDO:0971009			MISSING_TRUE_GENE
HGNC:13387	biolink:related_to	MONDO:0013444			MISSING_TRUE_GENE
HGNC:18416	biolink:related_to	MONDO:0975746			MISSING_TRUE_GENE
HGNC:25018	biolink:related_to	MONDO:0975840			MISSING_TRUE_GENE
HGNC:12624	biolink:related_to	MONDO:0976128			MISSING_TRUE_GENE
MONDO:0013570	biolink:related_to	HGNC:21022	0.8915911912918091	387	TP-outside-Top50 (rank=387)
MONDO:0007932	biolink:related_to	HGNC:34	0.6946066617965698	591	TP-outside-Top50 (rank=591)
MONDO:0012204	biolink:related_to	HGNC:47	0.9047799706459045	300	TP-outside-Top50 (rank=300)
MONDO:0020356	biolink:related_to	HGNC:8620	0.9549008011817932	619	TP-outside-Top50 (rank=619)
MONDO:0020619	biolink:related_to	HGNC:47	0.48342350125312805	3178	TP-outside-Top50 (rank=3178)
MONDO:0011156	biolink:related_to	HGNC:42	0.9945248365402222	1	Top10-TP (rank=1)
MONDO:0013925	biolink:related_to	HGNC:68	0.9999771118164062	1	Top10-TP (rank=1)
MONDO:0012019	biolink:related_to	HGNC:319	0.9941157102584839	5	Top10-TP (rank=5)
MONDO:0018566	biolink:related_to	HGNC:319	0.957423746585846	181	TP-outside-Top50 (rank=181)
MONDO:0008705	biolink:related_to	HGNC:123			MISSING_TRUE_GENE
MONDO:0100354	biolink:related_to	HGNC:7569			MISSING_TRUE_GENE
MONDO:0013693	biolink:related_to	HGNC:195			MISSING_TRUE_GENE
MONDO:0010122	biolink:related_to	HGNC:1366	0.9822912216186523	67	TP-outside-Top50 (rank=67)
MONDO:0007483	biolink:related_to	HGNC:225	0.45288658142089844	7332	TP-outside-Top50 (rank=7332)
MONDO:0800028	biolink:related_to	HGNC:236	0.9937065243721008	1	Top10-TP (rank=1)
MONDO:0010511	biolink:related_to	HGNC:4516			MISSING_TRUE_GENE
MONDO:0014670	biolink:related_to	HGNC:13841			MISSING_TRUE_GENE
MONDO:0014379	biolink:related_to	HGNC:15766			MISSING_TRUE_GENE
MONDO:0020786	biolink:related_to	HGNC:285	0.9596970081329346	79	TP-outside-Top50 (rank=79)
MONDO:0007068	biolink:related_to	HGNC:291			MISSING_TRUE_GENE
MONDO:0032650	biolink:related_to	HGNC:17258			MISSING_TRUE_GENE
MONDO:0009823	biolink:related_to	HGNC:341	0.9967980980873108	1	Top10-TP (rank=1)
MONDO:0013404	biolink:related_to	HGNC:343			MISSING_TRUE_GENE
MONDO:0009843	biolink:related_to	HGNC:10648			MISSING_TRUE_GENE
MONDO:0007052	biolink:related_to	HGNC:358	0.9822351932525635	77	TP-outside-Top50 (rank=77)
MONDO:0010911	biolink:related_to	HGNC:7010	0.22902213037014008	684	TP-outside-Top50 (rank=684)
MONDO:0009050	biolink:related_to	HGNC:11998	0.5049328804016113	4059	TP-outside-Top50 (rank=4059)
MONDO:0014407	biolink:related_to	HGNC:393	0.8860357999801636	1197	TP-outside-Top50 (rank=1197)
MONDO:0020721	biolink:related_to	HGNC:397			MISSING_TRUE_GENE
MONDO:0009053	biolink:related_to	HGNC:9722	0.996832549571991	2	Top10-TP (rank=2)
MONDO:0009890	biolink:related_to	HGNC:15672	0.9984138011932373	1	Top10-TP (rank=1)
MONDO:0032724	biolink:related_to	HGNC:17085	0.9964438080787659	7	Top10-TP (rank=7)
MONDO:0013853	biolink:related_to	HGNC:17944			MISSING_TRUE_GENE
MONDO:0014014	biolink:related_to	HGNC:30578			MISSING_TRUE_GENE
MONDO:0011541	biolink:related_to	HGNC:3522	0.8737502694129944	1580	TP-outside-Top50 (rank=1580)
MONDO:0010947	biolink:related_to	HGNC:6192	0.9157001376152039	177	TP-outside-Top50 (rank=177)
MONDO:0009210	biolink:related_to	HGNC:3542	0.9966678023338318	1	Top10-TP (rank=1)
MONDO:0012866	biolink:related_to	HGNC:21197	0.9996547698974609	1	Top10-TP (rank=1)
MONDO:0011630	biolink:related_to	HGNC:25808			MISSING_TRUE_GENE
MONDO:0014242	biolink:related_to	HGNC:23109	0.9999909400939941	1	Top10-TP (rank=1)
MONDO:0018443	biolink:related_to	HGNC:3600			MISSING_TRUE_GENE
MONDO:0011984	biolink:related_to	HGNC:3600			MISSING_TRUE_GENE
MONDO:0030057	biolink:related_to	HGNC:13607			MISSING_TRUE_GENE
MONDO:0008558	biolink:related_to	HGNC:15626	0.189400315284729	6508	TP-outside-Top50 (rank=6508)
MONDO:0012541	biolink:related_to	HGNC:3681	0.9637811183929443	207	TP-outside-Top50 (rank=207)
MONDO:0020494	biolink:related_to	HGNC:3681	0.8546930551528931	554	TP-outside-Top50 (rank=554)
MONDO:0859340	biolink:related_to	HGNC:3671	0.9762307405471802	1	Top10-TP (rank=1)
MONDO:0014319	biolink:related_to	HGNC:3677			MISSING_TRUE_GENE
MONDO:0007400	biolink:related_to	HGNC:3689	0.9532433152198792	69	TP-outside-Top50 (rank=69)
MONDO:0008546	biolink:related_to	HGNC:3690	0.995729386806488	23	Top50-TP (rank=23)
MONDO:0014658	biolink:related_to	HGNC:3690	0.9939316511154175	27	Top50-TP (rank=27)
MONDO:0012833	biolink:related_to	HGNC:3690	0.9561132788658142	217	TP-outside-Top50 (rank=217)
MONDO:0007888	biolink:related_to	HGNC:3700			MISSING_TRUE_GENE
MONDO:0008995	biolink:related_to	HGNC:16873	0.9999971389770508	1	Top10-TP (rank=1)
MONDO:0013156	biolink:related_to	HGNC:3622	0.962405264377594	19	Top50-TP (rank=19)
MONDO:0008259	biolink:related_to	HGNC:27310	0.9284611940383911	1434	TP-outside-Top50 (rank=1434)
MONDO:0800445	biolink:related_to	HGNC:27310	0.9053360819816589	556	TP-outside-Top50 (rank=556)
MONDO:0014107	biolink:related_to	HGNC:3762	0.967645525932312	410	TP-outside-Top50 (rank=410)
MONDO:0009168	biolink:related_to	HGNC:20105			MISSING_TRUE_GENE
MONDO:0011165	biolink:related_to	HGNC:3778	0.43470579385757446	1318	TP-outside-Top50 (rank=1318)
MONDO:0013110	biolink:related_to	HGNC:3791	0.5826963186264038	3458	TP-outside-Top50 (rank=3458)
MONDO:0009934	biolink:related_to	HGNC:3809			MISSING_TRUE_GENE
MONDO:0958194	biolink:related_to	HGNC:35123			MISSING_TRUE_GENE
MONDO:0958012	biolink:related_to	HGNC:3976	0.9853755831718445	49	Top50-TP (rank=49)
MONDO:0014225	biolink:related_to	HGNC:3976	0.787813127040863	600	TP-outside-Top50 (rank=600)
MONDO:0013050	biolink:related_to	HGNC:24678	0.9803698062896729	158	TP-outside-Top50 (rank=158)
MONDO:0009254	biolink:related_to	HGNC:4006	0.999991774559021	1	Top10-TP (rank=1)
MONDO:0014942	biolink:related_to	HGNC:4081			MISSING_TRUE_GENE
MONDO:0011091	biolink:related_to	HGNC:4162	0.6728402972221375	1308	TP-outside-Top50 (rank=1308)
MONDO:0015353	biolink:related_to	HGNC:4162	0.9707396626472473	731	TP-outside-Top50 (rank=731)
MONDO:0016355	biolink:related_to	HGNC:4165	0.2920796275138855	10626	TP-outside-Top50 (rank=10626)
MONDO:0009902	biolink:related_to	HGNC:4170	0.8553174734115601	1060	TP-outside-Top50 (rank=1060)
MONDO:0019458	biolink:related_to	HGNC:4170	0.8728514909744263	205	TP-outside-Top50 (rank=205)
MONDO:0014034	biolink:related_to	HGNC:30778			MISSING_TRUE_GENE
MONDO:0009265	biolink:related_to	HGNC:4177	0.9800443053245544	90	TP-outside-Top50 (rank=90)
MONDO:0011945	biolink:related_to	HGNC:4177	0.9965023994445801	11	Top50-TP (rank=11)
MONDO:0009266	biolink:related_to	HGNC:4177	0.9980267882347107	1	Top10-TP (rank=1)
MONDO:0017696	biolink:related_to	HGNC:4180	0.7427588105201721	693	TP-outside-Top50 (rank=693)
MONDO:0009897	biolink:related_to	HGNC:4180	0.9934293627738953	2	Top10-TP (rank=2)
MONDO:0017697	biolink:related_to	HGNC:4180	0.9117304086685181	210	TP-outside-Top50 (rank=210)
MONDO:0024570	biolink:related_to	HGNC:4198			MISSING_TRUE_GENE
MONDO:0011916	biolink:related_to	HGNC:15968	0.9912990927696228	86	TP-outside-Top50 (rank=86)
MONDO:0013463	biolink:related_to	HGNC:4214	0.9999387264251709	1	Top10-TP (rank=1)
MONDO:0008250	biolink:related_to	HGNC:9210	0.9661155939102173	2	Top10-TP (rank=2)
MONDO:0009879	biolink:related_to	HGNC:4261	0.9541252255439758	338	TP-outside-Top50 (rank=338)
MONDO:0033012	biolink:related_to	HGNC:4286	0.966682493686676	93	TP-outside-Top50 (rank=93)
MONDO:0012563	biolink:related_to	HGNC:4318	0.9999128580093384	1	Top10-TP (rank=1)
MONDO:0014804	biolink:related_to	HGNC:20134	0.9815689325332642	1	Top10-TP (rank=1)
MONDO:0014803	biolink:related_to	HGNC:20134	0.9725459814071655	18	Top50-TP (rank=18)
MONDO:0018277	biolink:related_to	HGNC:9202	0.9981812238693237	1	Top10-TP (rank=1)
MONDO:0014141	biolink:related_to	HGNC:22932	0.9985780715942383	1	Top10-TP (rank=1)
MONDO:0011301	biolink:related_to	HGNC:24872			MISSING_TRUE_GENE
MONDO:0859173	biolink:related_to	HGNC:4398	0.5952771902084351	2220	TP-outside-Top50 (rank=2220)
MONDO:0010028	biolink:related_to	HGNC:23657			MISSING_TRUE_GENE
MONDO:0011603	biolink:related_to	HGNC:23657			MISSING_TRUE_GENE
MONDO:0014518	biolink:related_to	HGNC:9382			MISSING_TRUE_GENE
MONDO:0958325	biolink:related_to	HGNC:23657			MISSING_TRUE_GENE
MONDO:0011698	biolink:related_to	HGNC:4415			MISSING_TRUE_GENE
MONDO:0009658	biolink:related_to	HGNC:4422			MISSING_TRUE_GENE
MONDO:0013526	biolink:related_to	HGNC:4431			MISSING_TRUE_GENE
MONDO:0014412	biolink:related_to	HGNC:24945	0.983301043510437	1	Top10-TP (rank=1)
MONDO:0010435	biolink:related_to	HGNC:20145	0.9933905601501465	1	Top10-TP (rank=1)
MONDO:0021019	biolink:related_to	HGNC:568			MISSING_TRUE_GENE
MONDO:0013907	biolink:related_to	HGNC:4584	0.9496495723724365	403	TP-outside-Top50 (rank=403)
MONDO:0014947	biolink:related_to	HGNC:4588			MISSING_TRUE_GENE
MONDO:0976266	biolink:related_to	HGNC:21270			MISSING_TRUE_GENE
MONDO:0019531	biolink:related_to	HGNC:4623			MISSING_TRUE_GENE
MONDO:0020762	biolink:related_to	HGNC:24959	0.9992309808731079	1	Top10-TP (rank=1)
MONDO:0014841	biolink:related_to	HGNC:4651	0.9629549980163574	617	TP-outside-Top50 (rank=617)
MONDO:0014619	biolink:related_to	HGNC:21157			MISSING_TRUE_GENE
MONDO:0007875	biolink:related_to	HGNC:3755	0.9964003562927246	31	Top50-TP (rank=31)
MONDO:0060556	biolink:related_to	HGNC:15808	0.9928892850875854	5	Top10-TP (rank=5)
MONDO:0044323	biolink:related_to	HGNC:4718	0.9582557082176208	735	TP-outside-Top50 (rank=735)
MONDO:0009300	biolink:related_to	HGNC:21176			MISSING_TRUE_GENE
MONDO:0014995	biolink:related_to	HGNC:29853			MISSING_TRUE_GENE
MONDO:0024555	biolink:related_to	HGNC:17082	0.9556159377098083	13	Top50-TP (rank=13)
MONDO:0009871	biolink:related_to	HGNC:30477			MISSING_TRUE_GENE
MONDO:0010814	biolink:related_to	HGNC:18270			MISSING_TRUE_GENE
MONDO:0044320	biolink:related_to	HGNC:4922	0.40325236320495605	1325	TP-outside-Top50 (rank=1325)
MONDO:0958226	biolink:related_to	HGNC:4982	0.9913952946662903	3	Top10-TP (rank=3)
MONDO:0013536	biolink:related_to	HGNC:5013	0.9952048063278198	1	Top10-TP (rank=1)
MONDO:0019981	biolink:related_to	HGNC:11630	0.9159824252128601	122	TP-outside-Top50 (rank=122)
MONDO:0013797	biolink:related_to	HGNC:11630	0.7915695309638977	1288	TP-outside-Top50 (rank=1288)
MONDO:0015268	biolink:related_to	HGNC:11630	0.5492072105407715	2567	TP-outside-Top50 (rank=2567)
MONDO:0019644	biolink:related_to	HGNC:11630	0.9375462532043457	213	TP-outside-Top50 (rank=213)
MONDO:0859301	biolink:related_to	HGNC:5041			MISSING_TRUE_GENE
MONDO:0015466	biolink:related_to	HGNC:5154			MISSING_TRUE_GENE
MONDO:0013842	biolink:related_to	HGNC:5208			MISSING_TRUE_GENE
MONDO:0013243	biolink:related_to	HGNC:5248			MISSING_TRUE_GENE
MONDO:0044660	biolink:related_to	HGNC:5286			MISSING_TRUE_GENE
MONDO:0031481	biolink:related_to	HGNC:24877			MISSING_TRUE_GENE
MONDO:0010853	biolink:related_to	HGNC:5439	0.6824349164962769	288	TP-outside-Top50 (rank=288)
MONDO:0020530	biolink:related_to	HGNC:5439	0.8364906907081604	103	TP-outside-Top50 (rank=103)
MONDO:0017901	biolink:related_to	HGNC:5439	0.9555410742759705	192	TP-outside-Top50 (rank=192)
MONDO:0014429	biolink:related_to	HGNC:5439	0.758996844291687	426	TP-outside-Top50 (rank=426)
MONDO:0011834	biolink:related_to	HGNC:5456			MISSING_TRUE_GENE
MONDO:0021093	biolink:related_to	HGNC:13556	0.9999181032180786	1	Top10-TP (rank=1)
MONDO:0976269	biolink:related_to	HGNC:29077	0.6796702146530151	105	TP-outside-Top50 (rank=105)
MONDO:0976267	biolink:related_to	HGNC:29077	0.8877264261245728	481	TP-outside-Top50 (rank=481)
MONDO:0018336	biolink:related_to	HGNC:5466	0.9874230623245239	23	Top50-TP (rank=23)
MONDO:0032782	biolink:related_to	HGNC:6009	0.9984550476074219	1	Top10-TP (rank=1)
MONDO:0014082	biolink:related_to	HGNC:6006	0.997723400592804	1	Top10-TP (rank=1)
MONDO:0015597	biolink:related_to	HGNC:18971	0.8867632150650024	61	TP-outside-Top50 (rank=61)
MONDO:0024607	biolink:related_to	HGNC:33882			MISSING_TRUE_GENE
MONDO:0032817	biolink:related_to	HGNC:24555			MISSING_TRUE_GENE
MONDO:0012225	biolink:related_to	HGNC:28949			MISSING_TRUE_GENE
MONDO:0859338	biolink:related_to	HGNC:29350			MISSING_TRUE_GENE
MONDO:0012607	biolink:related_to	HGNC:17020			MISSING_TRUE_GENE
MONDO:0013245	biolink:related_to	HGNC:13890	0.9682210087776184	468	TP-outside-Top50 (rank=468)
MONDO:0012807	biolink:related_to	HGNC:6158			MISSING_TRUE_GENE
MONDO:0030456	biolink:related_to	HGNC:6189			MISSING_TRUE_GENE
MONDO:0033547	biolink:related_to	HGNC:17933			MISSING_TRUE_GENE
MONDO:0957812	biolink:related_to	HGNC:6254			MISSING_TRUE_GENE
MONDO:0014620	biolink:related_to	HGNC:25705	0.9524887800216675	418	TP-outside-Top50 (rank=418)
MONDO:0010465	biolink:related_to	HGNC:12637	0.998735249042511	1	Top10-TP (rank=1)
MONDO:0014688	biolink:related_to	HGNC:19960	0.9994944334030151	1	Top10-TP (rank=1)
MONDO:0030071	biolink:related_to	HGNC:6320			MISSING_TRUE_GENE
MONDO:0007109	biolink:related_to	HGNC:6392			MISSING_TRUE_GENE
MONDO:0008302	biolink:related_to	HGNC:4510	0.9873127341270447	10	Top10-TP (rank=10)
MONDO:0008772	biolink:related_to	HGNC:6365	0.9987735152244568	1	Top10-TP (rank=1)
MONDO:0012901	biolink:related_to	HGNC:6371	0.8447715640068054	110	TP-outside-Top50 (rank=110)
MONDO:0007813	biolink:related_to	HGNC:6439	0.4267536699771881	7949	TP-outside-Top50 (rank=7949)
MONDO:0008485	biolink:related_to	HGNC:6427	0.7282359600067139	2390	TP-outside-Top50 (rank=2390)
MONDO:0031061	biolink:related_to	HGNC:6485	0.9416183829307556	329	TP-outside-Top50 (rank=329)
MONDO:0014031	biolink:related_to	HGNC:24912	0.7807700037956238	3005	TP-outside-Top50 (rank=3005)
MONDO:0013276	biolink:related_to	HGNC:6518	0.9753313064575195	128	TP-outside-Top50 (rank=128)
MONDO:0018663	biolink:related_to	HGNC:6518	0.9864887595176697	224	TP-outside-Top50 (rank=224)
MONDO:0011094	biolink:related_to	HGNC:15710	0.9789785742759705	4	Top10-TP (rank=4)
MONDO:0017401	biolink:related_to	HGNC:12403	0.9420595765113831	29	Top50-TP (rank=29)
MONDO:0009505	biolink:related_to	HGNC:19708			MISSING_TRUE_GENE
MONDO:0017049	biolink:related_to	HGNC:8011	0.9710690379142761	47	Top50-TP (rank=47)
MONDO:0012460	biolink:related_to	HGNC:21253			MISSING_TRUE_GENE
MONDO:0009091	biolink:related_to	HGNC:6595	0.9684354066848755	63	TP-outside-Top50 (rank=63)
MONDO:0013495	biolink:related_to	HGNC:23452			MISSING_TRUE_GENE
MONDO:0008061	biolink:related_to	HGNC:6654	0.9994779229164124	1	Top10-TP (rank=1)
MONDO:0008426	biolink:related_to	HGNC:11772	0.9971241354942322	9	Top10-TP (rank=9)
MONDO:0007363	biolink:related_to	HGNC:19880	0.9971712231636047	13	Top50-TP (rank=13)
MONDO:0009104	biolink:related_to	HGNC:6694			MISSING_TRUE_GENE
MONDO:0012039	biolink:related_to	HGNC:11934	0.979025661945343	38	Top50-TP (rank=38)
MONDO:0014080	biolink:related_to	HGNC:18608			MISSING_TRUE_GENE
MONDO:0013122	biolink:related_to	HGNC:6715	0.9315189719200134	71	TP-outside-Top50 (rank=71)
MONDO:0035337	biolink:related_to	HGNC:6408			MISSING_TRUE_GENE
MONDO:0017732	biolink:related_to	HGNC:6826			MISSING_TRUE_GENE
MONDO:0018112	biolink:related_to	HGNC:450	0.9881933331489563	29	Top50-TP (rank=29)
MONDO:0013268	biolink:related_to	HGNC:450	0.9999632835388184	1	Top10-TP (rank=1)
MONDO:0010310	biolink:related_to	HGNC:26837			MISSING_TRUE_GENE
MONDO:0009857	biolink:related_to	HGNC:464			MISSING_TRUE_GENE
MONDO:0013028	biolink:related_to	HGNC:468	0.9174395799636841	475	TP-outside-Top50 (rank=475)
MONDO:0015679	biolink:related_to	HGNC:29186			MISSING_TRUE_GENE
MONDO:0013729	biolink:related_to	HGNC:543			MISSING_TRUE_GENE
MONDO:0012251	biolink:related_to	HGNC:559			MISSING_TRUE_GENE
MONDO:0014885	biolink:related_to	HGNC:568			MISSING_TRUE_GENE
MONDO:0013551	biolink:related_to	HGNC:572	0.9999877214431763	1	Top10-TP (rank=1)
MONDO:0013342	biolink:related_to	HGNC:22197			MISSING_TRUE_GENE
MONDO:0859238	biolink:related_to	HGNC:600	0.9346794486045837	71	TP-outside-Top50 (rank=71)
MONDO:0100189	biolink:related_to	HGNC:600	0.9173141717910767	80	TP-outside-Top50 (rank=80)
MONDO:0011829	biolink:related_to	HGNC:15984			MISSING_TRUE_GENE
MONDO:0014948	biolink:related_to	HGNC:649			MISSING_TRUE_GENE
MONDO:0008814	biolink:related_to	HGNC:663			MISSING_TRUE_GENE
MONDO:0011908	biolink:related_to	HGNC:17073			MISSING_TRUE_GENE
MONDO:0008854	biolink:related_to	HGNC:966			MISSING_TRUE_GENE
MONDO:0013312	biolink:related_to	HGNC:13210			MISSING_TRUE_GENE
MONDO:0958242	biolink:related_to	HGNC:21099	0.9744190573692322	7	Top10-TP (rank=7)
MONDO:0859324	biolink:related_to	HGNC:707	0.9823644161224365	7	Top10-TP (rank=7)
MONDO:0014258	biolink:related_to	HGNC:753			MISSING_TRUE_GENE
MONDO:0030490	biolink:related_to	HGNC:31704			MISSING_TRUE_GENE
MONDO:0011510	biolink:related_to	HGNC:18318	0.9975571632385254	7	Top10-TP (rank=7)
MONDO:0030323	biolink:related_to	HGNC:16935			MISSING_TRUE_GENE
MONDO:0007648	biolink:related_to	HGNC:6858			MISSING_TRUE_GENE
MONDO:0014206	biolink:related_to	HGNC:6898	0.7000728845596313	489	TP-outside-Top50 (rank=489)
MONDO:0014566	biolink:related_to	HGNC:6898	0.6922559142112732	1010	TP-outside-Top50 (rank=1010)
MONDO:0030518	biolink:related_to	HGNC:6898	0.7894856333732605	2753	TP-outside-Top50 (rank=2753)
MONDO:0011765	biolink:related_to	HGNC:6909	0.9984606504440308	1	Top10-TP (rank=1)
MONDO:0007704	biolink:related_to	HGNC:6909	0.9721612334251404	111	TP-outside-Top50 (rank=111)
MONDO:0008862	biolink:related_to	HGNC:6937			MISSING_TRUE_GENE
MONDO:0009615	biolink:related_to	HGNC:16732	0.9922084808349609	1	Top10-TP (rank=1)
MONDO:0033046	biolink:related_to	HGNC:6948	0.7152884006500244	3445	TP-outside-Top50 (rank=3445)
MONDO:0009617	biolink:related_to	HGNC:6954			MISSING_TRUE_GENE
MONDO:0032868	biolink:related_to	HGNC:6973	0.2933623194694519	7373	TP-outside-Top50 (rank=7373)
MONDO:0015003	biolink:related_to	HGNC:19691	0.9996806383132935	1	Top10-TP (rank=1)
MONDO:0012997	biolink:related_to	HGNC:11957	0.9981765747070312	1	Top10-TP (rank=1)
MONDO:0010477	biolink:related_to	HGNC:11957	0.9985425472259521	7	Top10-TP (rank=7)
MONDO:0010655	biolink:related_to	HGNC:20439	0.7639408111572266	45	Top50-TP (rank=45)
MONDO:0859137	biolink:related_to	HGNC:2377			MISSING_TRUE_GENE
MONDO:0030438	biolink:related_to	HGNC:7102			MISSING_TRUE_GENE
MONDO:0013993	biolink:related_to	HGNC:7102			MISSING_TRUE_GENE
MONDO:0014747	biolink:related_to	HGNC:31582			MISSING_TRUE_GENE
MONDO:0008018	biolink:related_to	HGNC:7127	0.972301185131073	58	TP-outside-Top50 (rank=58)
MONDO:0010184	biolink:related_to	HGNC:24525			MISSING_TRUE_GENE
MONDO:0014866	biolink:related_to	HGNC:5228	0.6908074617385864	4462	TP-outside-Top50 (rank=4462)
MONDO:0044657	biolink:related_to	HGNC:7154	0.9409294128417969	183	TP-outside-Top50 (rank=183)
MONDO:0010201	biolink:related_to	HGNC:7160	0.9841495156288147	77	TP-outside-Top50 (rank=77)
MONDO:0032815	biolink:related_to	HGNC:16352			MISSING_TRUE_GENE
MONDO:0033533	biolink:related_to	HGNC:10378			MISSING_TRUE_GENE
MONDO:0014162	biolink:related_to	HGNC:16650	0.837943434715271	221	TP-outside-Top50 (rank=221)
MONDO:0012718	biolink:related_to	HGNC:14508	0.9461909532546997	396	TP-outside-Top50 (rank=396)
MONDO:0044317	biolink:related_to	HGNC:7328			MISSING_TRUE_GENE
MONDO:0026730	biolink:related_to	HGNC:7370			MISSING_TRUE_GENE
MONDO:0012142	biolink:related_to	HGNC:7391	0.968625545501709	315	TP-outside-Top50 (rank=315)
MONDO:0017917	biolink:related_to	HGNC:7414	0.7757800221443176	639	TP-outside-Top50 (rank=639)
MONDO:0010794	biolink:related_to	HGNC:7414	0.9606310725212097	41	Top50-TP (rank=41)
MONDO:0016814	biolink:related_to	HGNC:7456	0.9755802750587463	110	TP-outside-Top50 (rank=110)
MONDO:0010790	biolink:related_to	HGNC:7490			MISSING_TRUE_GENE
MONDO:0015283	biolink:related_to	HGNC:7489			MISSING_TRUE_GENE
MONDO:0019016	biolink:related_to	HGNC:7493			MISSING_TRUE_GENE
MONDO:0010799	biolink:related_to	HGNC:7497			MISSING_TRUE_GENE
MONDO:0007205	biolink:related_to	HGNC:7413	0.9964438080787659	1	Top10-TP (rank=1)
MONDO:0011066	biolink:related_to	HGNC:7450	0.8630509972572327	364	TP-outside-Top50 (rank=364)
MONDO:0020492	biolink:related_to	HGNC:8975	0.9350314736366272	93	TP-outside-Top50 (rank=93)
MONDO:0009609	biolink:related_to	HGNC:7468			MISSING_TRUE_GENE
MONDO:0016705	biolink:related_to	HGNC:7545	0.8097441792488098	971	TP-outside-Top50 (rank=971)
MONDO:0800026	biolink:related_to	HGNC:9143	0.9972969889640808	1	Top10-TP (rank=1)
MONDO:0957477	biolink:related_to	HGNC:7623	0.9767783880233765	351	TP-outside-Top50 (rank=351)
MONDO:0012221	biolink:related_to	HGNC:7631	0.9926562309265137	1	Top10-TP (rank=1)
MONDO:0012222	biolink:related_to	HGNC:7631	0.99931800365448	1	Top10-TP (rank=1)
MONDO:0014556	biolink:related_to	HGNC:19082			MISSING_TRUE_GENE
MONDO:0054805	biolink:related_to	HGNC:28952			MISSING_TRUE_GENE
MONDO:0013507	biolink:related_to	HGNC:7662			MISSING_TRUE_GENE
MONDO:0011085	biolink:related_to	HGNC:7679	0.9450881481170654	77	TP-outside-Top50 (rank=77)
MONDO:0032630	biolink:related_to	HGNC:7693			MISSING_TRUE_GENE
MONDO:0859320	biolink:related_to	HGNC:7702			MISSING_TRUE_GENE
MONDO:0032612	biolink:related_to	HGNC:7717			MISSING_TRUE_GENE
MONDO:0014836	biolink:related_to	HGNC:7737			MISSING_TRUE_GENE
MONDO:0971178	biolink:related_to	HGNC:13387	0.988976001739502	4	Top10-TP (rank=4)
MONDO:0013444	biolink:related_to	HGNC:13387	0.988404393196106	19	Top50-TP (rank=19)
MONDO:0859369	biolink:related_to	HGNC:7776			MISSING_TRUE_GENE
MONDO:0060591	biolink:related_to	HGNC:7782	0.7866277098655701	2406	TP-outside-Top50 (rank=2406)
MONDO:0026733	biolink:related_to	HGNC:29873			MISSING_TRUE_GENE
MONDO:0008521	biolink:related_to	HGNC:7866	0.9947494864463806	1	Top10-TP (rank=1)
MONDO:0016309	biolink:related_to	HGNC:7897	0.9749221205711365	359	TP-outside-Top50 (rank=359)
MONDO:0012816	biolink:related_to	HGNC:7939			MISSING_TRUE_GENE
MONDO:0015566	biolink:related_to	HGNC:7981	0.5028268098831177	3145	TP-outside-Top50 (rank=3145)
MONDO:0014991	biolink:related_to	HGNC:26513			MISSING_TRUE_GENE
MONDO:0014630	biolink:related_to	HGNC:8028	0.9573308825492859	29	Top50-TP (rank=29)
MONDO:0032692	biolink:related_to	HGNC:29914	0.9889993071556091	141	TP-outside-Top50 (rank=141)
MONDO:0054850	biolink:related_to	HGNC:29914	0.8550316095352173	972	TP-outside-Top50 (rank=972)
MONDO:0020789	biolink:related_to	HGNC:8104			MISSING_TRUE_GENE
MONDO:0010645	biolink:related_to	HGNC:8108			MISSING_TRUE_GENE
MONDO:0008858	biolink:related_to	HGNC:8140	0.9787055850028992	31	Top50-TP (rank=31)
MONDO:0009825	biolink:related_to	HGNC:8149	0.9980745315551758	1	Top10-TP (rank=1)
MONDO:0009143	biolink:related_to	HGNC:8487	0.9997583031654358	1	Top10-TP (rank=1)
MONDO:0012354	biolink:related_to	HGNC:18124	0.950543999671936	334	TP-outside-Top50 (rank=334)
MONDO:0007740	biolink:related_to	HGNC:2219			MISSING_TRUE_GENE
MONDO:0017389	biolink:related_to	HGNC:8582	0.9600120186805725	1	Top10-TP (rank=1)
MONDO:0100119	biolink:related_to	HGNC:8591	0.9294493198394775	827	TP-outside-Top50 (rank=827)
MONDO:0032752	biolink:related_to	HGNC:30563	0.9992848038673401	1	Top10-TP (rank=1)
MONDO:0007862	biolink:related_to	HGNC:8617	0.9996131062507629	1	Top10-TP (rank=1)
MONDO:0011477	biolink:related_to	HGNC:8623	0.9609188437461853	133	TP-outside-Top50 (rank=133)
MONDO:0011628	biolink:related_to	HGNC:8654			MISSING_TRUE_GENE
MONDO:0012205	biolink:related_to	HGNC:8794	0.997011661529541	1	Top10-TP (rank=1)
MONDO:0958263	biolink:related_to	HGNC:8794	0.8934435248374939	48	Top50-TP (rank=48)
MONDO:0958262	biolink:related_to	HGNC:8773	0.8109043836593628	267	TP-outside-Top50 (rank=267)
MONDO:0011442	biolink:related_to	HGNC:8846			MISSING_TRUE_GENE
MONDO:0008954	biolink:related_to	HGNC:9719			MISSING_TRUE_GENE
MONDO:0013967	biolink:related_to	HGNC:8853			MISSING_TRUE_GENE
MONDO:0013938	biolink:related_to	HGNC:22965	0.9998986721038818	1	Top10-TP (rank=1)
MONDO:0010392	biolink:related_to	HGNC:8896			MISSING_TRUE_GENE
MONDO:0010362	biolink:related_to	HGNC:8925			MISSING_TRUE_GENE
MONDO:0014165	biolink:related_to	HGNC:14938	0.99822598695755	1	Top10-TP (rank=1)
MONDO:0012465	biolink:related_to	HGNC:18858			MISSING_TRUE_GENE
MONDO:0014457	biolink:related_to	HGNC:23213			MISSING_TRUE_GENE
MONDO:0014222	biolink:related_to	HGNC:8977	0.9466550946235657	164	TP-outside-Top50 (rank=164)
MONDO:0012656	biolink:related_to	HGNC:8996			MISSING_TRUE_GENE
MONDO:0010856	biolink:related_to	HGNC:9008			MISSING_TRUE_GENE
MONDO:0009950	biolink:related_to	HGNC:9020	0.6947209239006042	1010	TP-outside-Top50 (rank=1010)
MONDO:0009235	biolink:related_to	HGNC:9038	0.7025302052497864	1447	TP-outside-Top50 (rank=1447)
MONDO:0030074	biolink:related_to	HGNC:9056	0.9846962690353394	231	TP-outside-Top50 (rank=231)
MONDO:0014970	biolink:related_to	HGNC:19218			MISSING_TRUE_GENE
MONDO:0012679	biolink:related_to	HGNC:29017	0.9580129981040955	90	TP-outside-Top50 (rank=90)
MONDO:0013475	biolink:related_to	HGNC:9080	0.9126780033111572	218	TP-outside-Top50 (rank=218)
MONDO:0017223	biolink:related_to	HGNC:9086	0.9409025311470032	171	TP-outside-Top50 (rank=171)
MONDO:0017225	biolink:related_to	HGNC:9086	0.9894575476646423	16	Top50-TP (rank=16)
MONDO:0010606	biolink:related_to	HGNC:9091	0.4625442922115326	1524	TP-outside-Top50 (rank=1524)
MONDO:0008087	biolink:related_to	HGNC:9118	0.9749416708946228	53	TP-outside-Top50 (rank=53)
MONDO:0007309	biolink:related_to	HGNC:9118	0.9674938321113586	10	Top10-TP (rank=10)
MONDO:0007311	biolink:related_to	HGNC:9118	0.9937851428985596	6	Top10-TP (rank=6)
MONDO:0014557	biolink:related_to	HGNC:9154	0.9540778994560242	121	TP-outside-Top50 (rank=121)
MONDO:0016825	biolink:related_to	HGNC:28900	0.9935094714164734	1	Top10-TP (rank=1)
MONDO:0013978	biolink:related_to	HGNC:23166	0.778654158115387	344	TP-outside-Top50 (rank=344)
MONDO:0013977	biolink:related_to	HGNC:23166	0.8773841857910156	1450	TP-outside-Top50 (rank=1450)
MONDO:0032684	biolink:related_to	HGNC:9177	0.9737514853477478	16	Top50-TP (rank=16)
MONDO:0009558	biolink:related_to	HGNC:20194			MISSING_TRUE_GENE
MONDO:0019505	biolink:related_to	HGNC:30348	0.8762845396995544	59	TP-outside-Top50 (rank=59)
MONDO:0009910	biolink:related_to	HGNC:30074	0.9998346567153931	1	Top10-TP (rank=1)
MONDO:0018656	biolink:related_to	HGNC:30074	0.9847261309623718	3	Top10-TP (rank=3)
MONDO:0100600	biolink:related_to	HGNC:30074	0.8620220422744751	130	TP-outside-Top50 (rank=130)
MONDO:0010592	biolink:related_to	HGNC:17652			MISSING_TRUE_GENE
MONDO:0032830	biolink:related_to	HGNC:9216			MISSING_TRUE_GENE
MONDO:0011226	biolink:related_to	HGNC:9220			MISSING_TRUE_GENE
MONDO:0044318	biolink:related_to	HGNC:9277			MISSING_TRUE_GENE
MONDO:0017052	biolink:related_to	HGNC:25415			MISSING_TRUE_GENE
MONDO:0014057	biolink:related_to	HGNC:25415			MISSING_TRUE_GENE
MONDO:0014602	biolink:related_to	HGNC:9312	0.9588183760643005	118	TP-outside-Top50 (rank=118)
MONDO:0030890	biolink:related_to	HGNC:13998	0.999982476234436	1	Top10-TP (rank=1)
MONDO:0859229	biolink:related_to	HGNC:13998	0.9999713897705078	1	Top10-TP (rank=1)
MONDO:0010820	biolink:related_to	HGNC:8607	0.054134439677000046	10179	TP-outside-Top50 (rank=10179)
MONDO:0011957	biolink:related_to	HGNC:9454	0.981116533279419	76	TP-outside-Top50 (rank=76)
MONDO:0012983	biolink:related_to	HGNC:9454	0.9859417080879211	40	Top50-TP (rank=40)
MONDO:0011593	biolink:related_to	HGNC:30500	0.9775791764259338	45	Top50-TP (rank=45)
MONDO:0008740	biolink:related_to	HGNC:9142			MISSING_TRUE_GENE
MONDO:0054699	biolink:related_to	HGNC:9541			MISSING_TRUE_GENE
MONDO:0971001	biolink:related_to	HGNC:9538	0.9872854351997375	1	Top10-TP (rank=1)
MONDO:0054591	biolink:related_to	HGNC:9557	0.9750128388404846	370	TP-outside-Top50 (rank=370)
MONDO:0013531	biolink:related_to	HGNC:9577			MISSING_TRUE_GENE
MONDO:0020727	biolink:related_to	HGNC:823	0.8120018243789673	1346	TP-outside-Top50 (rank=1346)
MONDO:0014091	biolink:related_to	HGNC:823	0.5172557830810547	1840	TP-outside-Top50 (rank=1840)
MONDO:0010319	biolink:related_to	HGNC:18305	0.9633747935295105	190	TP-outside-Top50 (rank=190)
MONDO:0014646	biolink:related_to	HGNC:854	0.9529504179954529	170	TP-outside-Top50 (rank=170)
MONDO:0009469	biolink:related_to	HGNC:3706	0.948504626750946	197	TP-outside-Top50 (rank=197)
MONDO:0017176	biolink:related_to	HGNC:7106	0.6646609902381897	2414	TP-outside-Top50 (rank=2414)
MONDO:0012075	biolink:related_to	HGNC:904	0.7365036010742188	524	TP-outside-Top50 (rank=524)
MONDO:0020324	biolink:related_to	HGNC:1001	0.6646137237548828	6554	TP-outside-Top50 (rank=6554)
MONDO:0014981	biolink:related_to	HGNC:13222			MISSING_TRUE_GENE
MONDO:0013559	biolink:related_to	HGNC:17328	0.9832737445831299	3	Top10-TP (rank=3)
MONDO:0020841	biolink:related_to	HGNC:21701			MISSING_TRUE_GENE
MONDO:0009665	biolink:related_to	HGNC:1122	0.9993764758110046	1	Top10-TP (rank=1)
MONDO:0033564	biolink:related_to	HGNC:13862	0.9717374444007874	1	Top10-TP (rank=1)
MONDO:0014335	biolink:related_to	HGNC:9751			MISSING_TRUE_GENE
MONDO:0030006	biolink:related_to	HGNC:21020	0.965129017829895	157	TP-outside-Top50 (rank=157)
MONDO:0013864	biolink:related_to	HGNC:9811			MISSING_TRUE_GENE
MONDO:0007874	biolink:related_to	HGNC:9811			MISSING_TRUE_GENE
MONDO:0012604	biolink:related_to	HGNC:18662			MISSING_TRUE_GENE
MONDO:0012794	biolink:related_to	HGNC:21863			MISSING_TRUE_GENE
MONDO:0014093	biolink:related_to	HGNC:9921			MISSING_TRUE_GENE
MONDO:0014282	biolink:related_to	HGNC:17975			MISSING_TRUE_GENE
MONDO:0032717	biolink:related_to	HGNC:13764			MISSING_TRUE_GENE
MONDO:0014857	biolink:related_to	HGNC:9965	0.9999973773956299	1	Top10-TP (rank=1)
MONDO:0007723	biolink:related_to	HGNC:9967	0.7277821898460388	756	TP-outside-Top50 (rank=756)
MONDO:0007958	biolink:related_to	HGNC:8031	0.6328817009925842	353	TP-outside-Top50 (rank=353)
MONDO:0008234	biolink:related_to	HGNC:9967	0.9177740216255188	565	TP-outside-Top50 (rank=565)
MONDO:0013414	biolink:related_to	HGNC:9990	0.996035635471344	4	Top10-TP (rank=4)
MONDO:0033543	biolink:related_to	HGNC:17283			MISSING_TRUE_GENE
MONDO:0011761	biolink:related_to	HGNC:13872			MISSING_TRUE_GENE
MONDO:0012472	biolink:related_to	HGNC:18518			MISSING_TRUE_GENE
MONDO:0013058	biolink:related_to	HGNC:21686			MISSING_TRUE_GENE
MONDO:0859171	biolink:related_to	HGNC:10061			MISSING_TRUE_GENE
MONDO:0034106	biolink:related_to	HGNC:10057			MISSING_TRUE_GENE
MONDO:0012764	biolink:related_to	HGNC:26661	0.38771766424179077	1333	TP-outside-Top50 (rank=1333)
MONDO:0020790	biolink:related_to	HGNC:13433	0.9994333386421204	1	Top10-TP (rank=1)
MONDO:0033200	biolink:related_to	HGNC:10256			MISSING_TRUE_GENE
MONDO:0012938	biolink:related_to	HGNC:10301			MISSING_TRUE_GENE
MONDO:0013216	biolink:related_to	HGNC:10383	0.35072410106658936	10695	TP-outside-Top50 (rank=10695)
MONDO:0014657	biolink:related_to	HGNC:21054	0.9997294545173645	1	Top10-TP (rank=1)
MONDO:0016783	biolink:related_to	HGNC:14575			MISSING_TRUE_GENE
MONDO:0030915	biolink:related_to	HGNC:23625			MISSING_TRUE_GENE
MONDO:0016863	biolink:related_to	HGNC:15924	0.8859052658081055	196	TP-outside-Top50 (rank=196)
MONDO:0009646	biolink:related_to	HGNC:1349	0.9398829936981201	29	Top50-TP (rank=29)
MONDO:0010985	biolink:related_to	HGNC:31750	0.9994600415229797	1	Top10-TP (rank=1)
MONDO:0013458	biolink:related_to	HGNC:17697			MISSING_TRUE_GENE
MONDO:0957787	biolink:related_to	HGNC:19304			MISSING_TRUE_GENE
MONDO:0054776	biolink:related_to	HGNC:10590	0.9981114864349365	1	Top10-TP (rank=1)
MONDO:0011003	biolink:related_to	HGNC:10593	0.9708935618400574	4	Top10-TP (rank=4)
MONDO:0024562	biolink:related_to	HGNC:10593	0.9122936129570007	153	TP-outside-Top50 (rank=153)
MONDO:0010086	biolink:related_to	HGNC:10593	0.642228364944458	1322	TP-outside-Top50 (rank=1322)
MONDO:0009459	biolink:related_to	HGNC:10597	0.998503565788269	1	Top10-TP (rank=1)
MONDO:0017629	biolink:related_to	HGNC:10583	0.9245060086250305	9	Top10-TP (rank=9)
MONDO:0008887	biolink:related_to	HGNC:10600	0.8658148050308228	313	TP-outside-Top50 (rank=313)
MONDO:0020607	biolink:related_to	HGNC:10600	0.9499267339706421	131	TP-outside-Top50 (rank=131)
MONDO:0700250	biolink:related_to	HGNC:24316	0.9932141304016113	1	Top10-TP (rank=1)
MONDO:0020207	biolink:related_to	HGNC:10604	0.8255387544631958	3986	TP-outside-Top50 (rank=3986)
MONDO:0013391	biolink:related_to	HGNC:10606	0.9375452399253845	168	TP-outside-Top50 (rank=168)
MONDO:0031006	biolink:related_to	HGNC:10680	0.9023771286010742	223	TP-outside-Top50 (rank=223)
MONDO:0100294	biolink:related_to	HGNC:33867			MISSING_TRUE_GENE
MONDO:0011911	biolink:related_to	HGNC:10701			MISSING_TRUE_GENE
MONDO:0958013	biolink:related_to	HGNC:18276	0.8113416433334351	893	TP-outside-Top50 (rank=893)
MONDO:0007361	biolink:related_to	HGNC:1228	0.9509512186050415	40	Top50-TP (rank=40)
MONDO:0015054	biolink:related_to	HGNC:1228	0.7808085680007935	266	TP-outside-Top50 (rank=266)
MONDO:0035706	biolink:related_to	HGNC:18420	0.8434512615203857	588	TP-outside-Top50 (rank=588)
MONDO:0011223	biolink:related_to	HGNC:445			MISSING_TRUE_GENE
MONDO:0007943	biolink:related_to	HGNC:10771	0.9943490624427795	26	Top50-TP (rank=26)
MONDO:0010296	biolink:related_to	HGNC:13867	0.9307613968849182	604	TP-outside-Top50 (rank=604)
MONDO:0008572	biolink:related_to	HGNC:13243	0.9759006500244141	6	Top10-TP (rank=6)
MONDO:0009110	biolink:related_to	HGNC:10939			MISSING_TRUE_GENE
MONDO:0012982	biolink:related_to	HGNC:10941			MISSING_TRUE_GENE
MONDO:0009216	biolink:related_to	HGNC:11006			MISSING_TRUE_GENE
MONDO:0011422	biolink:related_to	HGNC:11030	0.9985242486000061	1	Top10-TP (rank=1)
MONDO:0007777	biolink:related_to	HGNC:11052			MISSING_TRUE_GENE
MONDO:0017354	biolink:related_to	HGNC:11056	0.871383011341095	709	TP-outside-Top50 (rank=709)
MONDO:0009109	biolink:related_to	HGNC:11065			MISSING_TRUE_GENE
MONDO:0014572	biolink:related_to	HGNC:11071			MISSING_TRUE_GENE
MONDO:0031446	biolink:related_to	HGNC:11828	0.5151710510253906	1930	TP-outside-Top50 (rank=1930)
MONDO:0032596	biolink:related_to	HGNC:10979	0.9476599097251892	208	TP-outside-Top50 (rank=208)
MONDO:0014072	biolink:related_to	HGNC:10979	0.8999345898628235	534	TP-outside-Top50 (rank=534)
MONDO:0013056	biolink:related_to	HGNC:10982			MISSING_TRUE_GENE
MONDO:0009393	biolink:related_to	HGNC:10985	0.9995326995849609	1	Top10-TP (rank=1)
MONDO:0008785	biolink:related_to	HGNC:26054			MISSING_TRUE_GENE
MONDO:0957268	biolink:related_to	HGNC:10993			MISSING_TRUE_GENE
MONDO:0011973	biolink:related_to	HGNC:11013			MISSING_TRUE_GENE
MONDO:0957211	biolink:related_to	HGNC:11016			MISSING_TRUE_GENE
MONDO:0009431	biolink:related_to	HGNC:20305			MISSING_TRUE_GENE
MONDO:0010013	biolink:related_to	HGNC:20800			MISSING_TRUE_GENE
MONDO:0011631	biolink:related_to	HGNC:10909			MISSING_TRUE_GENE
MONDO:0030028	biolink:related_to	HGNC:18798	0.9988330006599426	1	Top10-TP (rank=1)
MONDO:0013867	biolink:related_to	HGNC:30224	0.9999986886978149	1	Top10-TP (rank=1)
MONDO:0014830	biolink:related_to	HGNC:32689			MISSING_TRUE_GENE
MONDO:0013426	biolink:related_to	HGNC:6769	0.9688916802406311	476	TP-outside-Top50 (rank=476)
MONDO:0008416	biolink:related_to	HGNC:18398	0.9446700811386108	401	TP-outside-Top50 (rank=401)
MONDO:0008244	biolink:related_to	HGNC:11094			MISSING_TRUE_GENE
MONDO:0030313	biolink:related_to	HGNC:32621			MISSING_TRUE_GENE
MONDO:0007301	biolink:related_to	HGNC:11153	0.9766682982444763	335	TP-outside-Top50 (rank=335)
MONDO:0011579	biolink:related_to	HGNC:14344			MISSING_TRUE_GENE
MONDO:0009818	biolink:related_to	HGNC:1373			MISSING_TRUE_GENE
MONDO:0014875	biolink:related_to	HGNC:1395	0.9848079681396484	9	Top10-TP (rank=9)
MONDO:0014550	biolink:related_to	HGNC:1445	0.9612799882888794	109	TP-outside-Top50 (rank=109)
MONDO:0054861	biolink:related_to	HGNC:1460	0.9482948780059814	882	TP-outside-Top50 (rank=882)
MONDO:0013070	biolink:related_to	HGNC:17116			MISSING_TRUE_GENE
MONDO:0014040	biolink:related_to	HGNC:14974			MISSING_TRUE_GENE
MONDO:0800130	biolink:related_to	HGNC:19383	0.8448692560195923	715	TP-outside-Top50 (rank=715)
MONDO:0009031	biolink:related_to	HGNC:17321	0.8430607318878174	220	TP-outside-Top50 (rank=220)
MONDO:0013460	biolink:related_to	HGNC:17321	0.967888355255127	191	TP-outside-Top50 (rank=191)
MONDO:0012401	biolink:related_to	HGNC:11220			MISSING_TRUE_GENE
MONDO:0032898	biolink:related_to	HGNC:26293			MISSING_TRUE_GENE
MONDO:0054780	biolink:related_to	HGNC:11274	0.9076980948448181	85	TP-outside-Top50 (rank=85)
MONDO:0010848	biolink:related_to	HGNC:11276			MISSING_TRUE_GENE
MONDO:0014159	biolink:related_to	HGNC:11276			MISSING_TRUE_GENE
MONDO:0014837	biolink:related_to	HGNC:11283			MISSING_TRUE_GENE
MONDO:0957583	biolink:related_to	HGNC:10780			MISSING_TRUE_GENE
MONDO:0957807	biolink:related_to	HGNC:11368	0.9567095041275024	505	TP-outside-Top50 (rank=505)
MONDO:0014094	biolink:related_to	HGNC:24592	0.8559901714324951	110	TP-outside-Top50 (rank=110)
MONDO:0014405	biolink:related_to	HGNC:27962			MISSING_TRUE_GENE
MONDO:0032778	biolink:related_to	HGNC:17089	0.9959337115287781	1	Top10-TP (rank=1)
MONDO:0010747	biolink:related_to	HGNC:11535	0.7720533013343811	702	TP-outside-Top50 (rank=702)
MONDO:0044313	biolink:related_to	HGNC:11546	0.884914755821228	1100	TP-outside-Top50 (rank=1100)
MONDO:0014821	biolink:related_to	HGNC:26887			MISSING_TRUE_GENE
MONDO:0010160	biolink:related_to	HGNC:11573			MISSING_TRUE_GENE
MONDO:0014968	biolink:related_to	HGNC:11582	0.9923049807548523	1	Top10-TP (rank=1)
MONDO:0009426	biolink:related_to	HGNC:11582	0.9979507327079773	1	Top10-TP (rank=1)
MONDO:0044651	biolink:related_to	HGNC:11582	0.9795935153961182	26	Top50-TP (rank=26)
MONDO:0011213	biolink:related_to	HGNC:29529			MISSING_TRUE_GENE
MONDO:0008411	biolink:related_to	HGNC:11602	0.9989408850669861	1	Top10-TP (rank=1)
MONDO:0008834	biolink:related_to	HGNC:11599			MISSING_TRUE_GENE
MONDO:0800447	biolink:related_to	HGNC:11608			MISSING_TRUE_GENE
MONDO:0030534	biolink:related_to	HGNC:11623	0.9481204748153687	139	TP-outside-Top50 (rank=139)
MONDO:0007944	biolink:related_to	HGNC:11654	0.979488730430603	103	TP-outside-Top50 (rank=103)
MONDO:0013482	biolink:related_to	HGNC:25774	0.9384232759475708	272	TP-outside-Top50 (rank=272)
MONDO:0011351	biolink:related_to	HGNC:11720	0.9715210199356079	424	TP-outside-Top50 (rank=424)
MONDO:0011102	biolink:related_to	HGNC:11720	0.9198287129402161	9	Top10-TP (rank=9)
MONDO:0007137	biolink:related_to	HGNC:8117	0.6036699414253235	7564	TP-outside-Top50 (rank=7564)
MONDO:0005006	biolink:related_to	HGNC:12851	0.4909815192222595	254	TP-outside-Top50 (rank=254)
MONDO:0007485	biolink:related_to	HGNC:11727			MISSING_TRUE_GENE
MONDO:0008846	biolink:related_to	HGNC:11740			MISSING_TRUE_GENE
MONDO:0014760	biolink:related_to	HGNC:11763			MISSING_TRUE_GENE
MONDO:0007380	biolink:related_to	HGNC:11771	0.9795610308647156	2	Top10-TP (rank=2)
MONDO:0011185	biolink:related_to	HGNC:11771	0.9918466806411743	3	Top10-TP (rank=3)
MONDO:0011855	biolink:related_to	HGNC:11771	0.9748364686965942	7	Top10-TP (rank=7)
MONDO:0012043	biolink:related_to	HGNC:11771	0.9960591793060303	1	Top10-TP (rank=1)
MONDO:0007377	biolink:related_to	HGNC:11771	0.9901048541069031	5	Top10-TP (rank=5)
MONDO:0012044	biolink:related_to	HGNC:11771	0.9579803943634033	75	TP-outside-Top50 (rank=75)
MONDO:0007375	biolink:related_to	HGNC:11771	0.9781374931335449	17	Top50-TP (rank=17)
MONDO:0012345	biolink:related_to	HGNC:11781	0.9227349162101746	28	Top50-TP (rank=28)
MONDO:0013775	biolink:related_to	HGNC:11784	0.7085791826248169	1312	TP-outside-Top50 (rank=1312)
MONDO:0018000	biolink:related_to	HGNC:11795	0.9740283489227295	44	Top50-TP (rank=44)
MONDO:0957572	biolink:related_to	HGNC:11795	0.9855561852455139	1	Top10-TP (rank=1)
MONDO:0800452	biolink:related_to	HGNC:11795	0.9849843978881836	3	Top10-TP (rank=3)
MONDO:0032891	biolink:related_to	HGNC:17754	0.996967613697052	1	Top10-TP (rank=1)
MONDO:0859379	biolink:related_to	HGNC:17754	0.9999977350234985	1	Top10-TP (rank=1)
MONDO:0859083	biolink:related_to	HGNC:15631	0.9913426637649536	1	Top10-TP (rank=1)
MONDO:0032871	biolink:related_to	HGNC:29118	0.9650208950042725	153	TP-outside-Top50 (rank=153)
MONDO:0975887	biolink:related_to	HGNC:25913	0.7875110507011414	3931	TP-outside-Top50 (rank=3931)
MONDO:0018448	biolink:related_to	HGNC:26038	0.19262339174747467	19829	TP-outside-Top50 (rank=19829)
MONDO:0014992	biolink:related_to	HGNC:26899	0.9998055100440979	1	Top10-TP (rank=1)
MONDO:0007727	biolink:related_to	HGNC:11916			MISSING_TRUE_GENE
MONDO:0012291	biolink:related_to	HGNC:18153	0.8808794617652893	152	TP-outside-Top50 (rank=152)
MONDO:0859335	biolink:related_to	HGNC:11944	0.99406498670578	4	Top10-TP (rank=4)
MONDO:0014900	biolink:related_to	HGNC:29456	0.8024424910545349	821	TP-outside-Top50 (rank=821)
MONDO:0033008	biolink:related_to	HGNC:16197			MISSING_TRUE_GENE
MONDO:0007072	biolink:related_to	HGNC:15979	0.9700266122817993	52	TP-outside-Top50 (rank=52)
MONDO:0029145	biolink:related_to	HGNC:15979	0.8269691467285156	245	TP-outside-Top50 (rank=245)
MONDO:0011334	biolink:related_to	HGNC:15979	0.8731170296669006	466	TP-outside-Top50 (rank=466)
MONDO:0011428	biolink:related_to	HGNC:15979	0.9967617392539978	1	Top10-TP (rank=1)
MONDO:0007508	biolink:related_to	HGNC:15979	0.993811845779419	19	Top50-TP (rank=19)
MONDO:0030971	biolink:related_to	HGNC:12016			MISSING_TRUE_GENE
MONDO:0014230	biolink:related_to	HGNC:1343	0.7960739135742188	525	TP-outside-Top50 (rank=525)
MONDO:0013554	biolink:related_to	HGNC:1343	0.3152162730693817	3402	TP-outside-Top50 (rank=3402)
MONDO:0013173	biolink:related_to	HGNC:30832	0.9968065023422241	1	Top10-TP (rank=1)
MONDO:0009683	biolink:related_to	HGNC:16380	0.9367678165435791	952	TP-outside-Top50 (rank=952)
MONDO:0014896	biolink:related_to	HGNC:12310			MISSING_TRUE_GENE
MONDO:0008701	biolink:related_to	HGNC:12305			MISSING_TRUE_GENE
MONDO:0013111	biolink:related_to	HGNC:25481	0.9983830451965332	1	Top10-TP (rank=1)
MONDO:0010780	biolink:related_to	HGNC:25481	0.8211761116981506	750	TP-outside-Top50 (rank=750)
MONDO:0011474	biolink:related_to	HGNC:17993			MISSING_TRUE_GENE
MONDO:0013218	biolink:related_to	HGNC:21641			MISSING_TRUE_GENE
MONDO:0011464	biolink:related_to	HGNC:19141			MISSING_TRUE_GENE
MONDO:0032924	biolink:related_to	HGNC:23700			MISSING_TRUE_GENE
MONDO:0012127	biolink:related_to	HGNC:12403	0.7105153203010559	530	TP-outside-Top50 (rank=530)
MONDO:0012714	biolink:related_to	HGNC:12403	0.9331863522529602	199	TP-outside-Top50 (rank=199)
MONDO:0010870	biolink:related_to	HGNC:12403	0.9534468054771423	385	TP-outside-Top50 (rank=385)
MONDO:0020730	biolink:related_to	HGNC:12405	0.9558829665184021	118	TP-outside-Top50 (rank=118)
MONDO:0014341	biolink:related_to	HGNC:20778			MISSING_TRUE_GENE
MONDO:0044626	biolink:related_to	HGNC:20773			MISSING_TRUE_GENE
MONDO:0021573	biolink:related_to	HGNC:20773			MISSING_TRUE_GENE
MONDO:0031057	biolink:related_to	HGNC:12441			MISSING_TRUE_GENE
MONDO:0018136	biolink:related_to	HGNC:12442	0.6904670596122742	188	TP-outside-Top50 (rank=188)
MONDO:0011749	biolink:related_to	HGNC:12442	0.9459717869758606	359	TP-outside-Top50 (rank=359)
MONDO:0014933	biolink:related_to	HGNC:23230			MISSING_TRUE_GENE
MONDO:0009485	biolink:related_to	HGNC:13478			MISSING_TRUE_GENE
MONDO:0010167	biolink:related_to	HGNC:26444	0.9998699426651001	1	Top10-TP (rank=1)
MONDO:0976128	biolink:related_to	HGNC:12624	0.3524795174598694	1190	TP-outside-Top50 (rank=1190)
MONDO:0018006	biolink:related_to	HGNC:12666	0.5112412571907043	4940	TP-outside-Top50 (rank=4940)
MONDO:0013501	biolink:related_to	HGNC:12666	0.5541502833366394	3926	TP-outside-Top50 (rank=3926)
MONDO:0014735	biolink:related_to	HGNC:12666	0.22426781058311462	7233	TP-outside-Top50 (rank=7233)
MONDO:0009892	biolink:related_to	HGNC:12687	0.6424596309661865	913	TP-outside-Top50 (rank=913)
MONDO:0035819	biolink:related_to	HGNC:13488			MISSING_TRUE_GENE
MONDO:0014118	biolink:related_to	HGNC:14579			MISSING_TRUE_GENE
MONDO:0017283	biolink:related_to	HGNC:17327	0.9843219518661499	25	Top50-TP (rank=25)
MONDO:0014741	biolink:related_to	HGNC:17327	0.9990701079368591	1	Top10-TP (rank=1)
MONDO:0012357	biolink:related_to	HGNC:30696			MISSING_TRUE_GENE
MONDO:0008019	biolink:related_to	HGNC:12783	0.9527626037597656	308	TP-outside-Top50 (rank=308)
MONDO:0012734	biolink:related_to	HGNC:12783	0.9879827499389648	195	TP-outside-Top50 (rank=195)
MONDO:0009157	biolink:related_to	HGNC:12775			MISSING_TRUE_GENE
MONDO:0014901	biolink:related_to	HGNC:12775			MISSING_TRUE_GENE
MONDO:0024551	biolink:related_to	HGNC:592	0.9779126644134521	7	Top10-TP (rank=7)
MONDO:0010385	biolink:related_to	HGNC:592	0.9794912338256836	240	TP-outside-Top50 (rank=240)
MONDO:0019448	biolink:related_to	HGNC:25489			MISSING_TRUE_GENE
MONDO:0011243	biolink:related_to	HGNC:30935	0.9965915679931641	13	Top50-TP (rank=13)
MONDO:0008340	biolink:related_to	HGNC:18603	0.9166983962059021	243	TP-outside-Top50 (rank=243)
MONDO:0958322	biolink:related_to	HGNC:12869	1.0	1	Top10-TP (rank=1)
MONDO:0018114	biolink:related_to	HGNC:12872	0.9225708246231079	406	TP-outside-Top50 (rank=406)
MONDO:0032892	biolink:related_to	HGNC:12872	0.9906891584396362	1	Top10-TP (rank=1)
MONDO:0014705	biolink:related_to	HGNC:12872	0.9835737943649292	120	TP-outside-Top50 (rank=120)
MONDO:0032855	biolink:related_to	HGNC:16493			MISSING_TRUE_GENE
MONDO:0032741	biolink:related_to	HGNC:12927			MISSING_TRUE_GENE
MONDO:0014994	biolink:related_to	HGNC:12933			MISSING_TRUE_GENE
MONDO:0024543	biolink:related_to	HGNC:23216	0.9999998807907104	1	Top10-TP (rank=1)
MONDO:0014276	biolink:related_to	HGNC:1675	0.9886257648468018	1	Top10-TP (rank=1)
MONDO:0010626	biolink:related_to	HGNC:11935			MISSING_TRUE_GENE
MONDO:0013341	biolink:related_to	HGNC:16692			MISSING_TRUE_GENE
MONDO:0007768	biolink:related_to	HGNC:16783			MISSING_TRUE_GENE
MONDO:0012004	biolink:related_to	HGNC:16783			MISSING_TRUE_GENE
MONDO:0014596	biolink:related_to	HGNC:1774			MISSING_TRUE_GENE
MONDO:0011713	biolink:related_to	HGNC:1787	0.2759687900543213	6552	TP-outside-Top50 (rank=6552)
MONDO:0009477	biolink:related_to	HGNC:1857			MISSING_TRUE_GENE
MONDO:0014309	biolink:related_to	HGNC:28209			MISSING_TRUE_GENE
MONDO:0007744	biolink:related_to	HGNC:1869	0.9209108352661133	23	Top50-TP (rank=23)
MONDO:0054724	biolink:related_to	HGNC:25631	0.9984873533248901	9	Top10-TP (rank=9)
MONDO:0025354	biolink:related_to	HGNC:26708	0.9999792575836182	1	Top10-TP (rank=1)
MONDO:0013487	biolink:related_to	HGNC:2771	0.9291859269142151	63	TP-outside-Top50 (rank=63)
MONDO:0012594	biolink:related_to	HGNC:5394	0.9989670515060425	1	Top10-TP (rank=1)
MONDO:0014742	biolink:related_to	HGNC:21645			MISSING_TRUE_GENE
MONDO:0014946	biolink:related_to	HGNC:1919			MISSING_TRUE_GENE
MONDO:0011246	biolink:related_to	HGNC:1938	0.9995182752609253	1	Top10-TP (rank=1)
MONDO:0014586	biolink:related_to	HGNC:1966	0.9902297854423523	7	Top10-TP (rank=7)
MONDO:0008156	biolink:related_to	HGNC:2025	0.9632473587989807	115	TP-outside-Top50 (rank=115)
MONDO:0010473	biolink:related_to	HGNC:2063			MISSING_TRUE_GENE
MONDO:0014349	biolink:related_to	HGNC:16999			MISSING_TRUE_GENE
MONDO:0033369	biolink:related_to	HGNC:11968			MISSING_TRUE_GENE
MONDO:0018576	biolink:related_to	HGNC:20492			MISSING_TRUE_GENE
MONDO:0054559	biolink:related_to	HGNC:6546	0.9565256834030151	122	TP-outside-Top50 (rank=122)
MONDO:0014131	biolink:related_to	HGNC:18621	0.9112372994422913	731	TP-outside-Top50 (rank=731)
MONDO:0012726	biolink:related_to	HGNC:2202	0.9910110235214233	1	Top10-TP (rank=1)
MONDO:0018829	biolink:related_to	HGNC:2202	0.9788421988487244	40	Top50-TP (rank=40)
MONDO:0100533	biolink:related_to	HGNC:2202	0.9876541495323181	6	Top10-TP (rank=6)
MONDO:0007086	biolink:related_to	HGNC:2204	0.9993048906326294	1	Top10-TP (rank=1)
MONDO:0958353	biolink:related_to	HGNC:2211			MISSING_TRUE_GENE
MONDO:0011398	biolink:related_to	HGNC:2214	0.9957484602928162	2	Top10-TP (rank=2)
MONDO:0019310	biolink:related_to	HGNC:2214	0.9938179850578308	1	Top10-TP (rank=1)
MONDO:0019522	biolink:related_to	HGNC:2214	0.9971150159835815	1	Top10-TP (rank=1)
MONDO:0013795	biolink:related_to	HGNC:2187	0.9982751607894897	1	Top10-TP (rank=1)
MONDO:0019307	biolink:related_to	HGNC:2194	0.9974303841590881	2	Top10-TP (rank=2)
MONDO:0007381	biolink:related_to	HGNC:2194	0.9884985089302063	5	Top10-TP (rank=5)
MONDO:0030750	biolink:related_to	HGNC:2194	0.9946909546852112	1	Top10-TP (rank=1)
MONDO:0007561	biolink:related_to	HGNC:2227	0.9979981780052185	1	Top10-TP (rank=1)
MONDO:0008322	biolink:related_to	HGNC:2227	0.9998881816864014	1	Top10-TP (rank=1)
MONDO:0859253	biolink:related_to	HGNC:2232			MISSING_TRUE_GENE
MONDO:0014754	biolink:related_to	HGNC:2244	0.9998156428337097	1	Top10-TP (rank=1)
MONDO:0958129	biolink:related_to	HGNC:2244	0.9769420623779297	11	Top50-TP (rank=11)
MONDO:0013840	biolink:related_to	HGNC:2244	0.9952303171157837	5	Top10-TP (rank=5)
MONDO:0033650	biolink:related_to	HGNC:2294			MISSING_TRUE_GENE
MONDO:0033635	biolink:related_to	HGNC:2260	0.9996968507766724	1	Top10-TP (rank=1)
MONDO:0030048	biolink:related_to	HGNC:2321	0.9890056848526001	1	Top10-TP (rank=1)
MONDO:0013862	biolink:related_to	HGNC:2336			MISSING_TRUE_GENE
MONDO:0008246	biolink:related_to	HGNC:2343	0.9914600849151611	1	Top10-TP (rank=1)
MONDO:0011239	biolink:related_to	HGNC:2359	0.3272964358329773	9274	TP-outside-Top50 (rank=9274)
MONDO:0014474	biolink:related_to	HGNC:37276	0.9986679553985596	1	Top10-TP (rank=1)
MONDO:0015300	biolink:related_to	HGNC:2410	0.8257203698158264	4373	TP-outside-Top50 (rank=4373)
MONDO:0032772	biolink:related_to	HGNC:2433	0.995311975479126	1	Top10-TP (rank=1)
MONDO:0957202	biolink:related_to	HGNC:26047	0.9943749904632568	3	Top10-TP (rank=3)
MONDO:0013662	biolink:related_to	HGNC:18831	0.9485592842102051	17	Top50-TP (rank=17)
MONDO:0018324	biolink:related_to	HGNC:2505	0.8211074471473694	228	TP-outside-Top50 (rank=228)
MONDO:0014493	biolink:related_to	HGNC:2505	0.9899448156356812	5	Top10-TP (rank=5)
MONDO:0032578	biolink:related_to	HGNC:2510	0.9896296858787537	4	Top10-TP (rank=4)
MONDO:0009064	biolink:related_to	HGNC:2518	0.9967980980873108	1	Top10-TP (rank=1)
MONDO:0013301	biolink:related_to	HGNC:2594			MISSING_TRUE_GENE
MONDO:0976232	biolink:related_to	HGNC:2673			MISSING_TRUE_GENE
MONDO:0957922	biolink:related_to	HGNC:26383			MISSING_TRUE_GENE
MONDO:0030334	biolink:related_to	HGNC:15594	0.8410702347755432	187	TP-outside-Top50 (rank=187)
MONDO:0011070	biolink:related_to	HGNC:13681	0.9999991655349731	1	Top10-TP (rank=1)
MONDO:0014648	biolink:related_to	HGNC:29812			MISSING_TRUE_GENE
MONDO:0008201	biolink:related_to	HGNC:2711	0.824409544467926	338	TP-outside-Top50 (rank=338)
MONDO:0007103	biolink:related_to	HGNC:11179	0.022538375109434128	6193	TP-outside-Top50 (rank=6193)
MONDO:0008267	biolink:related_to	HGNC:25360	0.9999990463256836	1	Top10-TP (rank=1)
MONDO:0032888	biolink:related_to	HGNC:17210	0.969664454460144	311	TP-outside-Top50 (rank=311)
MONDO:8000015	biolink:related_to	HGNC:17210	0.6380403637886047	900	TP-outside-Top50 (rank=900)
MONDO:0030839	biolink:related_to	HGNC:2883	0.9550461769104004	22	Top50-TP (rank=22)
MONDO:0009529	biolink:related_to	HGNC:2898			MISSING_TRUE_GENE
MONDO:0019758	biolink:related_to	HGNC:12873			MISSING_TRUE_GENE
MONDO:0008592	biolink:related_to	HGNC:2916			MISSING_TRUE_GENE
MONDO:0012085	biolink:related_to	HGNC:2950			MISSING_TRUE_GENE
MONDO:0009461	biolink:related_to	HGNC:26532	0.9922858476638794	1	Top10-TP (rank=1)
MONDO:0012906	biolink:related_to	HGNC:18744	0.9871587157249451	25	Top50-TP (rank=25)
MONDO:0014909	biolink:related_to	HGNC:30718			MISSING_TRUE_GENE
MONDO:0011397	biolink:related_to	HGNC:2976			MISSING_TRUE_GENE
MONDO:0014371	biolink:related_to	HGNC:19190			MISSING_TRUE_GENE
MONDO:0011964	biolink:related_to	HGNC:2995			MISSING_TRUE_GENE
MONDO:0012123	biolink:related_to	HGNC:3005	0.9982075691223145	1	Top10-TP (rank=1)
MONDO:0011932	biolink:related_to	HGNC:21307	0.3554372489452362	1241	TP-outside-Top50 (rank=1241)
MONDO:0016049	biolink:related_to	HGNC:3097	0.9760898351669312	146	TP-outside-Top50 (rank=146)
MONDO:0013971	biolink:related_to	HGNC:29419	0.9812358617782593	14	Top50-TP (rank=14)
MONDO:0013384	biolink:related_to	HGNC:3178	0.73353111743927	481	TP-outside-Top50 (rank=481)
MONDO:0060510	biolink:related_to	HGNC:3188	0.9450538754463196	726	TP-outside-Top50 (rank=726)
MONDO:0014481	biolink:related_to	HGNC:3236	0.7771916389465332	3202	TP-outside-Top50 (rank=3202)
MONDO:0014275	biolink:related_to	HGNC:3247	0.9113304615020752	909	TP-outside-Top50 (rank=909)
MONDO:0015519	biolink:related_to	HGNC:3260			MISSING_TRUE_GENE
MONDO:0015520	biolink:related_to	HGNC:3259	0.8762897849082947	31	Top50-TP (rank=31)
MONDO:0009998	biolink:related_to	HGNC:18683			MISSING_TRUE_GENE
MONDO:0010873	biolink:related_to	HGNC:3330	0.9978768825531006	1	Top10-TP (rank=1)
MONDO:0009925	biolink:related_to	HGNC:3356	0.8610824942588806	712	TP-outside-Top50 (rank=712)
MONDO:0014227	biolink:related_to	HGNC:3356	0.963290274143219	477	TP-outside-Top50 (rank=477)
MONDO:0008817	biolink:related_to	HGNC:3356	0.9563155770301819	436	TP-outside-Top50 (rank=436)
MONDO:0020769	biolink:related_to	HGNC:3373	0.23053160309791565	1656	TP-outside-Top50 (rank=1656)
MONDO:0013364	biolink:related_to	HGNC:3373	0.865926206111908	1104	TP-outside-Top50 (rank=1104)
MONDO:0016599	biolink:related_to	HGNC:3374	0.9451146721839905	97	TP-outside-Top50 (rank=97)
MONDO:0020785	biolink:related_to	HGNC:3395	0.8598906397819519	214	TP-outside-Top50 (rank=214)
MONDO:0043364	biolink:related_to	HGNC:3423	0.21259933710098267	4337	TP-outside-Top50 (rank=4337)
MONDO:0012554	biolink:related_to	HGNC:3433			MISSING_TRUE_GENE
MONDO:0958005	biolink:related_to	HGNC:23994			MISSING_TRUE_GENE
MONDO:0032590	biolink:related_to	HGNC:3468			MISSING_TRUE_GENE
MONDO:0011229	biolink:related_to	HGNC:23287	0.9999372959136963	1	Top10-TP (rank=1)
MONDO:0019373	biolink:related_to	HGNC:3508	0.09620270133018494	2912	TP-outside-Top50 (rank=2912)
HGNC:2204	biolink:related_to	MONDO:0007086			MISSING_TRUE_GENE
HGNC:26270	biolink:related_to	MONDO:0007158			MISSING_TRUE_GENE
HGNC:5136	biolink:related_to	MONDO:0017544			MISSING_TRUE_GENE
HGNC:10483	biolink:related_to	MONDO:0020485			MISSING_TRUE_GENE
HGNC:6121	biolink:related_to	MONDO:0007334			MISSING_TRUE_GENE
HGNC:12463	biolink:related_to	MONDO:0008637			MISSING_TRUE_GENE
HGNC:30791	biolink:related_to	MONDO:0007374			MISSING_TRUE_GENE
HGNC:15804	biolink:related_to	MONDO:0007378			MISSING_TRUE_GENE
HGNC:634	biolink:related_to	MONDO:0007451			MISSING_TRUE_GENE
HGNC:225	biolink:related_to	MONDO:0007483			MISSING_TRUE_GENE
HGNC:13243	biolink:related_to	MONDO:0008700			MISSING_TRUE_GENE
HGNC:12796	biolink:related_to	MONDO:0007635			MISSING_TRUE_GENE
HGNC:7610	biolink:related_to	MONDO:0007664			MISSING_TRUE_GENE
HGNC:14373	biolink:related_to	MONDO:0007672			MISSING_TRUE_GENE
HGNC:18762	biolink:related_to	MONDO:0007677			MISSING_TRUE_GENE
HGNC:17098	biolink:related_to	MONDO:0007681			MISSING_TRUE_GENE
HGNC:601	biolink:related_to	MONDO:0007750			MISSING_TRUE_GENE
HGNC:26821	biolink:related_to	MONDO:0007794			MISSING_TRUE_GENE
HGNC:11521	biolink:related_to	MONDO:0013912			MISSING_TRUE_GENE
HGNC:6211	biolink:related_to	MONDO:0007794			MISSING_TRUE_GENE
HGNC:15836	biolink:related_to	MONDO:0019828			MISSING_TRUE_GENE
HGNC:15533	biolink:related_to	MONDO:0007794			MISSING_TRUE_GENE
HGNC:10727	biolink:related_to	MONDO:0007794			MISSING_TRUE_GENE
HGNC:11281	biolink:related_to	MONDO:0007794			MISSING_TRUE_GENE
HGNC:11364	biolink:related_to	MONDO:0007818			MISSING_TRUE_GENE
HGNC:3749	biolink:related_to	MONDO:0007838			MISSING_TRUE_GENE
HGNC:2527	biolink:related_to	MONDO:0007854			MISSING_TRUE_GENE
HGNC:8617	biolink:related_to	MONDO:0014343			MISSING_TRUE_GENE
HGNC:5950	biolink:related_to	MONDO:0007871			MISSING_TRUE_GENE
HGNC:15808	biolink:related_to	MONDO:0060556			MISSING_TRUE_GENE
HGNC:3755	biolink:related_to	MONDO:0007167			MISSING_TRUE_GENE
HGNC:12754	biolink:related_to	MONDO:0007883			MISSING_TRUE_GENE
HGNC:12703	biolink:related_to	MONDO:0007931			MISSING_TRUE_GENE
HGNC:10771	biolink:related_to	MONDO:0014343			MISSING_TRUE_GENE
HGNC:9644	biolink:related_to	MONDO:0014343			MISSING_TRUE_GENE
HGNC:10889	biolink:related_to	MONDO:0019758			MISSING_TRUE_GENE
HGNC:12783	biolink:related_to	MONDO:0012734			MISSING_TRUE_GENE
HGNC:9118	biolink:related_to	MONDO:0007311			MISSING_TRUE_GENE
HGNC:10548	biolink:related_to	MONDO:0008119			MISSING_TRUE_GENE
HGNC:4040	biolink:related_to	MONDO:0008123			MISSING_TRUE_GENE
HGNC:27310	biolink:related_to	MONDO:0800445			MISSING_TRUE_GENE
HGNC:25360	biolink:related_to	MONDO:0008267			MISSING_TRUE_GENE
HGNC:11908	biolink:related_to	MONDO:0012859			MISSING_TRUE_GENE
HGNC:11027	biolink:related_to	MONDO:0012700			MISSING_TRUE_GENE
HGNC:18398	biolink:related_to	MONDO:0008416			MISSING_TRUE_GENE
HGNC:1839	biolink:related_to	MONDO:0008436			MISSING_TRUE_GENE
HGNC:10848	biolink:related_to	MONDO:0008572			MISSING_TRUE_GENE
HGNC:2916	biolink:related_to	MONDO:0008592			MISSING_TRUE_GENE
HGNC:2846	biolink:related_to	MONDO:0008644			MISSING_TRUE_GENE
HGNC:3680	biolink:related_to	MONDO:0008660			MISSING_TRUE_GENE
HGNC:25985	biolink:related_to	MONDO:0008684			MISSING_TRUE_GENE
HGNC:2309	biolink:related_to	MONDO:0008684			MISSING_TRUE_GENE
HGNC:12768	biolink:related_to	MONDO:0008684			MISSING_TRUE_GENE
HGNC:11596	biolink:related_to	MONDO:0008720			MISSING_TRUE_GENE
HGNC:9142	biolink:related_to	MONDO:0008740			MISSING_TRUE_GENE
HGNC:4689	biolink:related_to	MONDO:0011143			MISSING_TRUE_GENE
HGNC:6365	biolink:related_to	MONDO:0008772			MISSING_TRUE_GENE
HGNC:16517	biolink:related_to	MONDO:0008788			MISSING_TRUE_GENE
HGNC:14412	biolink:related_to	MONDO:0008860			MISSING_TRUE_GENE
HGNC:16068	biolink:related_to	MONDO:0008872			MISSING_TRUE_GENE
HGNC:5209	biolink:related_to	MONDO:0009025			MISSING_TRUE_GENE
HGNC:29521	biolink:related_to	MONDO:0009033			MISSING_TRUE_GENE
HGNC:9722	biolink:related_to	MONDO:0009053			MISSING_TRUE_GENE
HGNC:3616	biolink:related_to	MONDO:0009061			MISSING_TRUE_GENE
HGNC:8941	biolink:related_to	MONDO:0009061			MISSING_TRUE_GENE
HGNC:14469	biolink:related_to	MONDO:0009061			MISSING_TRUE_GENE
HGNC:1884	biolink:related_to	MONDO:0009061			MISSING_TRUE_GENE
HGNC:4635	biolink:related_to	MONDO:0009061			MISSING_TRUE_GENE
HGNC:7097	biolink:related_to	MONDO:0009061			MISSING_TRUE_GENE
HGNC:10907	biolink:related_to	MONDO:0009061			MISSING_TRUE_GENE
HGNC:11766	biolink:related_to	MONDO:0032601			MISSING_TRUE_GENE
HGNC:3179	biolink:related_to	MONDO:0008000			MISSING_TRUE_GENE
HGNC:15714	biolink:related_to	MONDO:0009069			MISSING_TRUE_GENE
HGNC:28984	biolink:related_to	MONDO:0011339			MISSING_TRUE_GENE
HGNC:11065	biolink:related_to	MONDO:0009109			MISSING_TRUE_GENE
HGNC:12775	biolink:related_to	MONDO:0014901			MISSING_TRUE_GENE
HGNC:218	biolink:related_to	MONDO:0009161			MISSING_TRUE_GENE
HGNC:3584	biolink:related_to	MONDO:0009213			MISSING_TRUE_GENE
HGNC:4177	biolink:related_to	MONDO:0009266			MISSING_TRUE_GENE
HGNC:4189	biolink:related_to	MONDO:0009281			MISSING_TRUE_GENE
HGNC:7436	biolink:related_to	MONDO:0009353			MISSING_TRUE_GENE
HGNC:17996	biolink:related_to	MONDO:0009377			MISSING_TRUE_GENE
HGNC:10985	biolink:related_to	MONDO:0009393			MISSING_TRUE_GENE
HGNC:1514	biolink:related_to	MONDO:0013032			MISSING_TRUE_GENE
HGNC:1633	biolink:related_to	MONDO:0009413			MISSING_TRUE_GENE
HGNC:2941	biolink:related_to	MONDO:0009461			MISSING_TRUE_GENE
HGNC:26532	biolink:related_to	MONDO:0009461			MISSING_TRUE_GENE
HGNC:3706	biolink:related_to	MONDO:0009469			MISSING_TRUE_GENE
HGNC:1857	biolink:related_to	MONDO:0009477			MISSING_TRUE_GENE
HGNC:13478	biolink:related_to	MONDO:0009485			MISSING_TRUE_GENE
HGNC:19708	biolink:related_to	MONDO:0009505			MISSING_TRUE_GENE
HGNC:6483	biolink:related_to	MONDO:0030746			MISSING_TRUE_GENE
HGNC:20194	biolink:related_to	MONDO:0009558			MISSING_TRUE_GENE
HGNC:6831	biolink:related_to	MONDO:0009562			MISSING_TRUE_GENE
HGNC:10664	biolink:related_to	MONDO:0008377			MISSING_TRUE_GENE
HGNC:2873	biolink:related_to	MONDO:0009606			MISSING_TRUE_GENE
HGNC:7744	biolink:related_to	MONDO:0054750			MISSING_TRUE_GENE
HGNC:1349	biolink:related_to	MONDO:0009646			MISSING_TRUE_GENE
HGNC:29670	biolink:related_to	MONDO:0018931			MISSING_TRUE_GENE
HGNC:4422	biolink:related_to	MONDO:0009658			MISSING_TRUE_GENE
HGNC:29882	biolink:related_to	MONDO:0009706			MISSING_TRUE_GENE
HGNC:2212	biolink:related_to	MONDO:0009714			MISSING_TRUE_GENE
HGNC:28423	biolink:related_to	MONDO:0009722			MISSING_TRUE_GENE
HGNC:1373	biolink:related_to	MONDO:0009818			MISSING_TRUE_GENE
HGNC:6091	biolink:related_to	MONDO:0012520			MISSING_TRUE_GENE
HGNC:15672	biolink:related_to	MONDO:0009890			MISSING_TRUE_GENE
HGNC:4170	biolink:related_to	MONDO:0019458			MISSING_TRUE_GENE
HGNC:3809	biolink:related_to	MONDO:0009934			MISSING_TRUE_GENE
HGNC:9020	biolink:related_to	MONDO:0009950			MISSING_TRUE_GENE
HGNC:8940	biolink:related_to	MONDO:0008377			MISSING_TRUE_GENE
HGNC:11824	biolink:related_to	MONDO:0018045			MISSING_TRUE_GENE
HGNC:18683	biolink:related_to	MONDO:0014343			MISSING_TRUE_GENE
HGNC:15832	biolink:related_to	MONDO:0010043			MISSING_TRUE_GENE
HGNC:17978	biolink:related_to	MONDO:0010075			MISSING_TRUE_GENE
HGNC:4367	biolink:related_to	MONDO:0010099			MISSING_TRUE_GENE
HGNC:11764	biolink:related_to	MONDO:0011982			MISSING_TRUE_GENE
HGNC:26444	biolink:related_to	MONDO:0010167			MISSING_TRUE_GENE
HGNC:12597	biolink:related_to	MONDO:0010171			MISSING_TRUE_GENE
HGNC:23038	biolink:related_to	MONDO:0010183			MISSING_TRUE_GENE
HGNC:3702	biolink:related_to	MONDO:0010401			MISSING_TRUE_GENE
HGNC:13867	biolink:related_to	MONDO:0010296			MISSING_TRUE_GENE
HGNC:897	biolink:related_to	MONDO:0010356			MISSING_TRUE_GENE
HGNC:8896	biolink:related_to	MONDO:0008377			MISSING_TRUE_GENE
HGNC:816	biolink:related_to	MONDO:0010404			MISSING_TRUE_GENE
HGNC:2435	biolink:related_to	MONDO:0010424			MISSING_TRUE_GENE
HGNC:13398	biolink:related_to	MONDO:0010441			MISSING_TRUE_GENE
HGNC:12637	biolink:related_to	MONDO:0010465			MISSING_TRUE_GENE
HGNC:18308	biolink:related_to	MONDO:0010469			MISSING_TRUE_GENE
HGNC:2063	biolink:related_to	MONDO:0010473			MISSING_TRUE_GENE
HGNC:5004	biolink:related_to	MONDO:0010485			MISSING_TRUE_GENE
HGNC:7096	biolink:related_to	MONDO:0010489			MISSING_TRUE_GENE
HGNC:7871	biolink:related_to	MONDO:0010501			MISSING_TRUE_GENE
HGNC:4296	biolink:related_to	MONDO:0010526			MISSING_TRUE_GENE
HGNC:11600	biolink:related_to	MONDO:0010554			MISSING_TRUE_GENE
HGNC:11123	biolink:related_to	MONDO:0010664			MISSING_TRUE_GENE
HGNC:644	biolink:related_to	MONDO:0019848			MISSING_TRUE_GENE
HGNC:638	biolink:related_to	MONDO:0010849			MISSING_TRUE_GENE
HGNC:5439	biolink:related_to	MONDO:0014429			MISSING_TRUE_GENE
HGNC:3330	biolink:related_to	MONDO:0010873			MISSING_TRUE_GENE
HGNC:8818	biolink:related_to	MONDO:0019855			MISSING_TRUE_GENE
HGNC:31750	biolink:related_to	MONDO:0010985			MISSING_TRUE_GENE
HGNC:30650	biolink:related_to	MONDO:0011010			MISSING_TRUE_GENE
HGNC:7450	biolink:related_to	MONDO:0011066			MISSING_TRUE_GENE
HGNC:13681	biolink:related_to	MONDO:0011070			MISSING_TRUE_GENE
HGNC:9832	biolink:related_to	MONDO:0009306			MISSING_TRUE_GENE
HGNC:15710	biolink:related_to	MONDO:0017401			MISSING_TRUE_GENE
HGNC:1762	biolink:related_to	MONDO:0011107			MISSING_TRUE_GENE
HGNC:445	biolink:related_to	MONDO:0011223			MISSING_TRUE_GENE
HGNC:2359	biolink:related_to	MONDO:0011239			MISSING_TRUE_GENE
HGNC:30935	biolink:related_to	MONDO:0011243			MISSING_TRUE_GENE
HGNC:23157	biolink:related_to	MONDO:0011291			MISSING_TRUE_GENE
HGNC:9449	biolink:related_to	MONDO:0010808			MISSING_TRUE_GENE
HGNC:6391	biolink:related_to	MONDO:0011335			MISSING_TRUE_GENE
HGNC:11720	biolink:related_to	MONDO:0011102			MISSING_TRUE_GENE
HGNC:29316	biolink:related_to	MONDO:0011359			MISSING_TRUE_GENE
HGNC:11762	biolink:related_to	MONDO:0958085			MISSING_TRUE_GENE
HGNC:11226	biolink:related_to	MONDO:0011445			MISSING_TRUE_GENE
HGNC:31923	biolink:related_to	MONDO:0008377			MISSING_TRUE_GENE
HGNC:8623	biolink:related_to	MONDO:0011477			MISSING_TRUE_GENE
HGNC:7392	biolink:related_to	MONDO:0011481			MISSING_TRUE_GENE
HGNC:10468	biolink:related_to	MONDO:0011489			MISSING_TRUE_GENE
HGNC:2186	biolink:related_to	MONDO:0008377			MISSING_TRUE_GENE
HGNC:6235	biolink:related_to	MONDO:0011529			MISSING_TRUE_GENE
HGNC:3522	biolink:related_to	MONDO:0011541			MISSING_TRUE_GENE
HGNC:8157	biolink:related_to	MONDO:0013715			MISSING_TRUE_GENE
HGNC:30500	biolink:related_to	MONDO:0011593			MISSING_TRUE_GENE
HGNC:24862	biolink:related_to	MONDO:0011629			MISSING_TRUE_GENE
HGNC:1787	biolink:related_to	MONDO:0015278			MISSING_TRUE_GENE
HGNC:13872	biolink:related_to	MONDO:0011761			MISSING_TRUE_GENE
HGNC:6909	biolink:related_to	MONDO:0014343			MISSING_TRUE_GENE
HGNC:18884	biolink:related_to	MONDO:0011801			MISSING_TRUE_GENE
HGNC:15984	biolink:related_to	MONDO:0011829			MISSING_TRUE_GENE
HGNC:25186	biolink:related_to	MONDO:0011833			MISSING_TRUE_GENE
HGNC:23663	biolink:related_to	MONDO:0011837			MISSING_TRUE_GENE
HGNC:5273	biolink:related_to	MONDO:0009140			MISSING_TRUE_GENE
HGNC:7171	biolink:related_to	MONDO:0011929			MISSING_TRUE_GENE
HGNC:2481	biolink:related_to	MONDO:0011937			MISSING_TRUE_GENE
HGNC:9454	biolink:related_to	MONDO:0012983			MISSING_TRUE_GENE
HGNC:23161	biolink:related_to	MONDO:0054743			MISSING_TRUE_GENE
HGNC:11013	biolink:related_to	MONDO:0011973			MISSING_TRUE_GENE
HGNC:7326	biolink:related_to	MONDO:0044300			MISSING_TRUE_GENE
HGNC:2001	biolink:related_to	MONDO:0012041			MISSING_TRUE_GENE
HGNC:7127	biolink:related_to	MONDO:0008018			MISSING_TRUE_GENE
HGNC:7527	biolink:related_to	MONDO:0012041			MISSING_TRUE_GENE
HGNC:9177	biolink:related_to	MONDO:0032684			MISSING_TRUE_GENE
HGNC:1076	biolink:related_to	MONDO:0008276			MISSING_TRUE_GENE
HGNC:11389	biolink:related_to	MONDO:0008280			MISSING_TRUE_GENE
HGNC:11529	biolink:related_to	MONDO:0013184			MISSING_TRUE_GENE
HGNC:2950	biolink:related_to	MONDO:0012085			MISSING_TRUE_GENE
HGNC:10998	biolink:related_to	MONDO:0012089			MISSING_TRUE_GENE
HGNC:17494	biolink:related_to	MONDO:0035472			MISSING_TRUE_GENE
HGNC:1706	biolink:related_to	MONDO:0012161			MISSING_TRUE_GENE
HGNC:4801	biolink:related_to	MONDO:0016573			MISSING_TRUE_GENE
HGNC:5037	biolink:related_to	MONDO:0012193			MISSING_TRUE_GENE
HGNC:19440	biolink:related_to	MONDO:0012197			MISSING_TRUE_GENE
HGNC:8794	biolink:related_to	MONDO:0958263			MISSING_TRUE_GENE
HGNC:7631	biolink:related_to	MONDO:0012222			MISSING_TRUE_GENE
HGNC:28949	biolink:related_to	MONDO:0012225			MISSING_TRUE_GENE
HGNC:20716	biolink:related_to	MONDO:0012297			MISSING_TRUE_GENE
HGNC:11781	biolink:related_to	MONDO:0012345			MISSING_TRUE_GENE
HGNC:30696	biolink:related_to	MONDO:0012357			MISSING_TRUE_GENE
HGNC:4341	biolink:related_to	MONDO:0012393			MISSING_TRUE_GENE
HGNC:11220	biolink:related_to	MONDO:0012401			MISSING_TRUE_GENE
HGNC:8522	biolink:related_to	MONDO:0014343			MISSING_TRUE_GENE
HGNC:232	biolink:related_to	MONDO:0012421			MISSING_TRUE_GENE
HGNC:8820	biolink:related_to	MONDO:0012449			MISSING_TRUE_GENE
HGNC:25786	biolink:related_to	MONDO:0012453			MISSING_TRUE_GENE
HGNC:23213	biolink:related_to	MONDO:0014457			MISSING_TRUE_GENE
HGNC:18858	biolink:related_to	MONDO:0012465			MISSING_TRUE_GENE
HGNC:4393	biolink:related_to	MONDO:0008377			MISSING_TRUE_GENE
HGNC:11584	biolink:related_to	MONDO:0014641			MISSING_TRUE_GENE
HGNC:10411	biolink:related_to	MONDO:0012529			MISSING_TRUE_GENE
HGNC:3681	biolink:related_to	MONDO:0020494			MISSING_TRUE_GENE
HGNC:25994	biolink:related_to	MONDO:0012613			MISSING_TRUE_GENE
HGNC:16035	biolink:related_to	MONDO:0012621			MISSING_TRUE_GENE
HGNC:18810	biolink:related_to	MONDO:0012621			MISSING_TRUE_GENE
HGNC:20249	biolink:related_to	MONDO:0007922			MISSING_TRUE_GENE
HGNC:6242	biolink:related_to	MONDO:0012677			MISSING_TRUE_GENE
HGNC:22448	biolink:related_to	MONDO:0012689			MISSING_TRUE_GENE
HGNC:4706	biolink:related_to	MONDO:0012693			MISSING_TRUE_GENE
HGNC:14508	biolink:related_to	MONDO:0012718			MISSING_TRUE_GENE
HGNC:2202	biolink:related_to	MONDO:0100533			MISSING_TRUE_GENE
HGNC:379	biolink:related_to	MONDO:0012738			MISSING_TRUE_GENE
HGNC:7372	biolink:related_to	MONDO:0012758			MISSING_TRUE_GENE
HGNC:13672	biolink:related_to	MONDO:0012774			MISSING_TRUE_GENE
HGNC:23094	biolink:related_to	MONDO:0012786			MISSING_TRUE_GENE
HGNC:21863	biolink:related_to	MONDO:0012794			MISSING_TRUE_GENE
HGNC:6120	biolink:related_to	MONDO:0016356			MISSING_TRUE_GENE
HGNC:21197	biolink:related_to	MONDO:0012866			MISSING_TRUE_GENE
HGNC:5385	biolink:related_to	MONDO:0008377			MISSING_TRUE_GENE
HGNC:21057	biolink:related_to	MONDO:0012979			MISSING_TRUE_GENE
HGNC:25896	biolink:related_to	MONDO:0014383			MISSING_TRUE_GENE
HGNC:6535	biolink:related_to	MONDO:0013047			MISSING_TRUE_GENE
HGNC:15925	biolink:related_to	MONDO:0013739			MISSING_TRUE_GENE
HGNC:3010	biolink:related_to	MONDO:0014580			MISSING_TRUE_GENE
HGNC:427	biolink:related_to	MONDO:0044792			MISSING_TRUE_GENE
HGNC:25481	biolink:related_to	MONDO:0010780			MISSING_TRUE_GENE
HGNC:26521	biolink:related_to	MONDO:0013119			MISSING_TRUE_GENE
HGNC:29262	biolink:related_to	MONDO:0013127			MISSING_TRUE_GENE
HGNC:4237	biolink:related_to	MONDO:0013139			MISSING_TRUE_GENE
HGNC:3622	biolink:related_to	MONDO:0013156			MISSING_TRUE_GENE
HGNC:16297	biolink:related_to	MONDO:0013164			MISSING_TRUE_GENE
HGNC:25355	biolink:related_to	MONDO:0013208			MISSING_TRUE_GENE
HGNC:20	biolink:related_to	MONDO:0013212			MISSING_TRUE_GENE
HGNC:10383	biolink:related_to	MONDO:0013216			MISSING_TRUE_GENE
HGNC:951	biolink:related_to	MONDO:0014343			MISSING_TRUE_GENE
HGNC:26144	biolink:related_to	MONDO:0957530			MISSING_TRUE_GENE
HGNC:9607	biolink:related_to	MONDO:0013244			MISSING_TRUE_GENE
HGNC:19353	biolink:related_to	MONDO:0013256			MISSING_TRUE_GENE
HGNC:6518	biolink:related_to	MONDO:0014343			MISSING_TRUE_GENE
HGNC:1698	biolink:related_to	MONDO:0013288			MISSING_TRUE_GENE
HGNC:3823	biolink:related_to	MONDO:0013352			MISSING_TRUE_GENE
HGNC:3178	biolink:related_to	MONDO:0800026			MISSING_TRUE_GENE
HGNC:10588	biolink:related_to	MONDO:0011794			MISSING_TRUE_GENE
HGNC:2590	biolink:related_to	MONDO:0013400			MISSING_TRUE_GENE
HGNC:2383	biolink:related_to	MONDO:0013449			MISSING_TRUE_GENE
HGNC:7027	biolink:related_to	MONDO:0013469			MISSING_TRUE_GENE
HGNC:3146	biolink:related_to	MONDO:0013473			MISSING_TRUE_GENE
HGNC:25774	biolink:related_to	MONDO:0013482			MISSING_TRUE_GENE
HGNC:9577	biolink:related_to	MONDO:0013531			MISSING_TRUE_GENE
HGNC:572	biolink:related_to	MONDO:0013551			MISSING_TRUE_GENE
HGNC:8549	biolink:related_to	MONDO:0013559			MISSING_TRUE_GENE
HGNC:17328	biolink:related_to	MONDO:0013559			MISSING_TRUE_GENE
HGNC:1516	biolink:related_to	MONDO:0013571			MISSING_TRUE_GENE
HGNC:6541	biolink:related_to	MONDO:0013587			MISSING_TRUE_GENE
HGNC:1062	biolink:related_to	MONDO:0013595			MISSING_TRUE_GENE
HGNC:4171	biolink:related_to	MONDO:0013607			MISSING_TRUE_GENE
HGNC:5967	biolink:related_to	MONDO:0013615			MISSING_TRUE_GENE
HGNC:6823	biolink:related_to	MONDO:0013624			MISSING_TRUE_GENE
HGNC:5476	biolink:related_to	MONDO:0013640			MISSING_TRUE_GENE
HGNC:2961	biolink:related_to	MONDO:0013644			MISSING_TRUE_GENE
HGNC:385	biolink:related_to	MONDO:0013664			MISSING_TRUE_GENE
HGNC:387	biolink:related_to	MONDO:0013664			MISSING_TRUE_GENE
HGNC:10955	biolink:related_to	MONDO:0013756			MISSING_TRUE_GENE
HGNC:18625	biolink:related_to	MONDO:0013800			MISSING_TRUE_GENE
HGNC:20233	biolink:related_to	MONDO:0013836			MISSING_TRUE_GENE
HGNC:9811	biolink:related_to	MONDO:0007874			MISSING_TRUE_GENE
HGNC:14198	biolink:related_to	MONDO:0013872			MISSING_TRUE_GENE
HGNC:24668	biolink:related_to	MONDO:0013892			MISSING_TRUE_GENE
HGNC:24519	biolink:related_to	MONDO:0013896			MISSING_TRUE_GENE
HGNC:9717	biolink:related_to	MONDO:0018598			MISSING_TRUE_GENE
HGNC:8858	biolink:related_to	MONDO:0013948			MISSING_TRUE_GENE
HGNC:10327	biolink:related_to	MONDO:0013964			MISSING_TRUE_GENE
HGNC:8905	biolink:related_to	MONDO:0013968			MISSING_TRUE_GENE
HGNC:6554	biolink:related_to	MONDO:0013992			MISSING_TRUE_GENE
HGNC:8804	biolink:related_to	MONDO:0011150			MISSING_TRUE_GENE
HGNC:26784	biolink:related_to	MONDO:0014020			MISSING_TRUE_GENE
HGNC:14974	biolink:related_to	MONDO:0014343			MISSING_TRUE_GENE
HGNC:391	biolink:related_to	MONDO:0014048			MISSING_TRUE_GENE
HGNC:329	biolink:related_to	MONDO:0020345			MISSING_TRUE_GENE
HGNC:9922	biolink:related_to	MONDO:0014635			MISSING_TRUE_GENE
HGNC:18608	biolink:related_to	MONDO:0014080			MISSING_TRUE_GENE
HGNC:27302	biolink:related_to	MONDO:0014132			MISSING_TRUE_GENE
HGNC:3467	biolink:related_to	MONDO:0014148			MISSING_TRUE_GENE
HGNC:14000	biolink:related_to	MONDO:0014152			MISSING_TRUE_GENE
HGNC:10589	biolink:related_to	MONDO:0014156			MISSING_TRUE_GENE
HGNC:2252	biolink:related_to	MONDO:0014168			MISSING_TRUE_GENE
HGNC:1090	biolink:related_to	MONDO:0013839			MISSING_TRUE_GENE
HGNC:26230	biolink:related_to	MONDO:0014184			MISSING_TRUE_GENE
HGNC:19412	biolink:related_to	MONDO:0014192			MISSING_TRUE_GENE
HGNC:4868	biolink:related_to	MONDO:0044255			MISSING_TRUE_GENE
HGNC:21056	biolink:related_to	MONDO:0014240			MISSING_TRUE_GENE
HGNC:10583	biolink:related_to	MONDO:0017629			MISSING_TRUE_GENE
HGNC:1675	biolink:related_to	MONDO:0014276			MISSING_TRUE_GENE
HGNC:16133	biolink:related_to	MONDO:0014296			MISSING_TRUE_GENE
HGNC:7975	biolink:related_to	MONDO:0014320			MISSING_TRUE_GENE
HGNC:23089	biolink:related_to	MONDO:0014392			MISSING_TRUE_GENE
HGNC:24945	biolink:related_to	MONDO:0014412			MISSING_TRUE_GENE
HGNC:2799	biolink:related_to	MONDO:0014460			MISSING_TRUE_GENE
HGNC:11510	biolink:related_to	MONDO:0014468			MISSING_TRUE_GENE
HGNC:1777	biolink:related_to	MONDO:0014484			MISSING_TRUE_GENE
HGNC:29300	biolink:related_to	MONDO:0033280			MISSING_TRUE_GENE
HGNC:15559	biolink:related_to	MONDO:0014532			MISSING_TRUE_GENE
HGNC:19181	biolink:related_to	MONDO:0014552			MISSING_TRUE_GENE
HGNC:19082	biolink:related_to	MONDO:0014556			MISSING_TRUE_GENE
HGNC:11071	biolink:related_to	MONDO:0014572			MISSING_TRUE_GENE
HGNC:1774	biolink:related_to	MONDO:0014596			MISSING_TRUE_GENE
HGNC:8609	biolink:related_to	MONDO:0014612			MISSING_TRUE_GENE
HGNC:25705	biolink:related_to	MONDO:0014620			MISSING_TRUE_GENE
HGNC:29812	biolink:related_to	MONDO:0014648			MISSING_TRUE_GENE
HGNC:23141	biolink:related_to	MONDO:0014684			MISSING_TRUE_GENE
HGNC:19960	biolink:related_to	MONDO:0014688			MISSING_TRUE_GENE
HGNC:11763	biolink:related_to	MONDO:0014760			MISSING_TRUE_GENE
HGNC:2917	biolink:related_to	MONDO:0014772			MISSING_TRUE_GENE
HGNC:20134	biolink:related_to	MONDO:0014803			MISSING_TRUE_GENE
HGNC:11073	biolink:related_to	MONDO:0014808			MISSING_TRUE_GENE
HGNC:7737	biolink:related_to	MONDO:0014836			MISSING_TRUE_GENE
HGNC:28385	biolink:related_to	MONDO:0014845			MISSING_TRUE_GENE
HGNC:6944	biolink:related_to	MONDO:0014853			MISSING_TRUE_GENE
HGNC:9965	biolink:related_to	MONDO:0014857			MISSING_TRUE_GENE
HGNC:568	biolink:related_to	MONDO:0021019			MISSING_TRUE_GENE
HGNC:30718	biolink:related_to	MONDO:0014909			MISSING_TRUE_GENE
HGNC:23230	biolink:related_to	MONDO:0014933			MISSING_TRUE_GENE
HGNC:11280	biolink:related_to	MONDO:0008176			MISSING_TRUE_GENE
HGNC:22954	biolink:related_to	MONDO:0014977			MISSING_TRUE_GENE
HGNC:13222	biolink:related_to	MONDO:0014981			MISSING_TRUE_GENE
HGNC:19087	biolink:related_to	MONDO:0015021			MISSING_TRUE_GENE
HGNC:2398	biolink:related_to	MONDO:0015300			MISSING_TRUE_GENE
HGNC:2410	biolink:related_to	MONDO:0011430			MISSING_TRUE_GENE
HGNC:15561	biolink:related_to	MONDO:0015597			MISSING_TRUE_GENE
HGNC:7675	biolink:related_to	MONDO:0020298			MISSING_TRUE_GENE
HGNC:2928	biolink:related_to	MONDO:0016097			MISSING_TRUE_GENE
HGNC:10560	biolink:related_to	MONDO:0016163			MISSING_TRUE_GENE
HGNC:4165	biolink:related_to	MONDO:0016355			MISSING_TRUE_GENE
HGNC:8620	biolink:related_to	MONDO:0020354			MISSING_TRUE_GENE
HGNC:6742	biolink:related_to	MONDO:0014693			MISSING_TRUE_GENE
HGNC:9236	biolink:related_to	MONDO:0016681			MISSING_TRUE_GENE
HGNC:11522	biolink:related_to	MONDO:0016682			MISSING_TRUE_GENE
HGNC:16466	biolink:related_to	MONDO:0958189			MISSING_TRUE_GENE
HGNC:7456	biolink:related_to	MONDO:0016814			MISSING_TRUE_GENE
HGNC:21316	biolink:related_to	MONDO:0016838			MISSING_TRUE_GENE
HGNC:18712	biolink:related_to	MONDO:0017049			MISSING_TRUE_GENE
HGNC:8011	biolink:related_to	MONDO:0017049			MISSING_TRUE_GENE
HGNC:19967	biolink:related_to	MONDO:0009360			MISSING_TRUE_GENE
HGNC:21675	biolink:related_to	MONDO:0029148			MISSING_TRUE_GENE
HGNC:26684	biolink:related_to	MONDO:0009366			MISSING_TRUE_GENE
HGNC:28506	biolink:related_to	MONDO:0017173			MISSING_TRUE_GENE
HGNC:14468	biolink:related_to	MONDO:0017173			MISSING_TRUE_GENE
HGNC:13485	biolink:related_to	MONDO:0017173			MISSING_TRUE_GENE
HGNC:573	biolink:related_to	MONDO:0008483			MISSING_TRUE_GENE
HGNC:575	biolink:related_to	MONDO:0017241			MISSING_TRUE_GENE
HGNC:11056	biolink:related_to	MONDO:0017354			MISSING_TRUE_GENE
HGNC:9004	biolink:related_to	MONDO:0014343			MISSING_TRUE_GENE
HGNC:10484	biolink:related_to	MONDO:0017402			MISSING_TRUE_GENE
HGNC:3036	biolink:related_to	MONDO:0017402			MISSING_TRUE_GENE
HGNC:4462	biolink:related_to	MONDO:0017906			MISSING_TRUE_GENE
HGNC:620	biolink:related_to	MONDO:0017947			MISSING_TRUE_GENE
HGNC:12666	biolink:related_to	MONDO:0014735			MISSING_TRUE_GENE
HGNC:12872	biolink:related_to	MONDO:0014705			MISSING_TRUE_GENE
HGNC:7572	biolink:related_to	MONDO:0018206			MISSING_TRUE_GENE
HGNC:10303	biolink:related_to	MONDO:0018254			MISSING_TRUE_GENE
HGNC:10872	biolink:related_to	MONDO:0018274			MISSING_TRUE_GENE
HGNC:25712	biolink:related_to	MONDO:0018419			MISSING_TRUE_GENE
HGNC:10381	biolink:related_to	MONDO:0018435			MISSING_TRUE_GENE
HGNC:3600	biolink:related_to	MONDO:0011984			MISSING_TRUE_GENE
HGNC:9462	biolink:related_to	MONDO:0018464			MISSING_TRUE_GENE
HGNC:12718	biolink:related_to	MONDO:0957876			MISSING_TRUE_GENE
HGNC:5227	biolink:related_to	MONDO:0018611			MISSING_TRUE_GENE
HGNC:2389	biolink:related_to	MONDO:0018611			MISSING_TRUE_GENE
HGNC:2409	biolink:related_to	MONDO:0021548			MISSING_TRUE_GENE
HGNC:2417	biolink:related_to	MONDO:0018611			MISSING_TRUE_GENE
HGNC:12632	biolink:related_to	MONDO:0018821			MISSING_TRUE_GENE
HGNC:4944	biolink:related_to	MONDO:0019082			MISSING_TRUE_GENE
HGNC:10009	biolink:related_to	MONDO:0019107			MISSING_TRUE_GENE
HGNC:1362	biolink:related_to	MONDO:0019123			MISSING_TRUE_GENE
HGNC:2194	biolink:related_to	MONDO:0030750			MISSING_TRUE_GENE
HGNC:18620	biolink:related_to	MONDO:0019407			MISSING_TRUE_GENE
HGNC:18437	biolink:related_to	MONDO:0019475			MISSING_TRUE_GENE
HGNC:4623	biolink:related_to	MONDO:0019531			MISSING_TRUE_GENE
HGNC:4942	biolink:related_to	MONDO:0019635			MISSING_TRUE_GENE
HGNC:6218	biolink:related_to	MONDO:0019943			MISSING_TRUE_GENE
HGNC:7608	biolink:related_to	MONDO:0020345			MISSING_TRUE_GENE
HGNC:10936	biolink:related_to	MONDO:0020345			MISSING_TRUE_GENE
HGNC:10591	biolink:related_to	MONDO:0957265			MISSING_TRUE_GENE
HGNC:3257	biolink:related_to	MONDO:0020507			MISSING_TRUE_GENE
HGNC:4452	biolink:related_to	MONDO:0020602			MISSING_TRUE_GENE
HGNC:6722	biolink:related_to	MONDO:0020614			MISSING_TRUE_GENE
HGNC:25223	biolink:related_to	MONDO:0020715			MISSING_TRUE_GENE
HGNC:823	biolink:related_to	MONDO:0014091			MISSING_TRUE_GENE
HGNC:103	biolink:related_to	MONDO:0020787			MISSING_TRUE_GENE
HGNC:10019	biolink:related_to	MONDO:0020849			MISSING_TRUE_GENE
HGNC:13556	biolink:related_to	MONDO:0021093			MISSING_TRUE_GENE
HGNC:9039	biolink:related_to	MONDO:0013060			MISSING_TRUE_GENE
HGNC:10802	biolink:related_to	MONDO:0024465			MISSING_TRUE_GENE
HGNC:4837	biolink:related_to	MONDO:0024552			MISSING_TRUE_GENE
HGNC:20372	biolink:related_to	MONDO:0024552			MISSING_TRUE_GENE
HGNC:6512	biolink:related_to	MONDO:0024568			MISSING_TRUE_GENE
HGNC:33882	biolink:related_to	MONDO:0024607			MISSING_TRUE_GENE
HGNC:26708	biolink:related_to	MONDO:0025354			MISSING_TRUE_GENE
HGNC:29873	biolink:related_to	MONDO:0026733			MISSING_TRUE_GENE
HGNC:12469	biolink:related_to	MONDO:0026777			MISSING_TRUE_GENE
HGNC:19263	biolink:related_to	MONDO:0029465			MISSING_TRUE_GENE
HGNC:8849	biolink:related_to	MONDO:0030007			MISSING_TRUE_GENE
HGNC:29160	biolink:related_to	MONDO:0030020			MISSING_TRUE_GENE
HGNC:4572	biolink:related_to	MONDO:0030060			MISSING_TRUE_GENE
HGNC:17209	biolink:related_to	MONDO:0030332			MISSING_TRUE_GENE
HGNC:14202	biolink:related_to	MONDO:0030366			MISSING_TRUE_GENE
HGNC:26799	biolink:related_to	MONDO:0030378			MISSING_TRUE_GENE
HGNC:2760	biolink:related_to	MONDO:0030457			MISSING_TRUE_GENE
HGNC:23302	biolink:related_to	MONDO:0030619			MISSING_TRUE_GENE
HGNC:7818	biolink:related_to	MONDO:0030684			MISSING_TRUE_GENE
HGNC:2883	biolink:related_to	MONDO:0030839			MISSING_TRUE_GENE
HGNC:13998	biolink:related_to	MONDO:0859229			MISSING_TRUE_GENE
HGNC:33939	biolink:related_to	MONDO:0030905			MISSING_TRUE_GENE
HGNC:21042	biolink:related_to	MONDO:0030921			MISSING_TRUE_GENE
HGNC:16461	biolink:related_to	MONDO:0030987			MISSING_TRUE_GENE
HGNC:29190	biolink:related_to	MONDO:0030995			MISSING_TRUE_GENE
HGNC:23787	biolink:related_to	MONDO:0031019			MISSING_TRUE_GENE
HGNC:7853	biolink:related_to	MONDO:0031054			MISSING_TRUE_GENE
HGNC:6485	biolink:related_to	MONDO:0031061			MISSING_TRUE_GENE
HGNC:10905	biolink:related_to	MONDO:0031446			MISSING_TRUE_GENE
HGNC:11828	biolink:related_to	MONDO:0031446			MISSING_TRUE_GENE
HGNC:694	biolink:related_to	MONDO:0032570			MISSING_TRUE_GENE
HGNC:18016	biolink:related_to	MONDO:0032581			MISSING_TRUE_GENE
HGNC:25686	biolink:related_to	MONDO:0032592			MISSING_TRUE_GENE
HGNC:7708	biolink:related_to	MONDO:0032611			MISSING_TRUE_GENE
HGNC:10389	biolink:related_to	MONDO:0032670			MISSING_TRUE_GENE
HGNC:13664	biolink:related_to	MONDO:0032677			MISSING_TRUE_GENE
HGNC:21638	biolink:related_to	MONDO:0032677			MISSING_TRUE_GENE
HGNC:26033	biolink:related_to	MONDO:0032687			MISSING_TRUE_GENE
HGNC:16740	biolink:related_to	MONDO:0032715			MISSING_TRUE_GENE
HGNC:14078	biolink:related_to	MONDO:0032723			MISSING_TRUE_GENE
HGNC:7224	biolink:related_to	MONDO:0032728			MISSING_TRUE_GENE
HGNC:3033	biolink:related_to	MONDO:0032781			MISSING_TRUE_GENE
HGNC:24555	biolink:related_to	MONDO:0032817			MISSING_TRUE_GENE
HGNC:9216	biolink:related_to	MONDO:0032830			MISSING_TRUE_GENE
HGNC:16493	biolink:related_to	MONDO:0032855			MISSING_TRUE_GENE
HGNC:25325	biolink:related_to	MONDO:0032859			MISSING_TRUE_GENE
HGNC:7879	biolink:related_to	MONDO:0032864			MISSING_TRUE_GENE
HGNC:6973	biolink:related_to	MONDO:0032868			MISSING_TRUE_GENE
HGNC:40050	biolink:related_to	MONDO:0032872			MISSING_TRUE_GENE
HGNC:667	biolink:related_to	MONDO:0032884			MISSING_TRUE_GENE
HGNC:17210	biolink:related_to	MONDO:8000015			MISSING_TRUE_GENE
HGNC:12643	biolink:related_to	MONDO:0032900			MISSING_TRUE_GENE
HGNC:6440	biolink:related_to	MONDO:0032904			MISSING_TRUE_GENE
HGNC:17101	biolink:related_to	MONDO:0032916			MISSING_TRUE_GENE
HGNC:23700	biolink:related_to	MONDO:0032924			MISSING_TRUE_GENE
HGNC:24007	biolink:related_to	MONDO:0032933			MISSING_TRUE_GENE
HGNC:4023	biolink:related_to	MONDO:0032936			MISSING_TRUE_GENE
HGNC:24259	biolink:related_to	MONDO:0033009			MISSING_TRUE_GENE
HGNC:28128	biolink:related_to	MONDO:0033045			MISSING_TRUE_GENE
HGNC:13941	biolink:related_to	MONDO:0033259			MISSING_TRUE_GENE
HGNC:20730	biolink:related_to	MONDO:0033308			MISSING_TRUE_GENE
HGNC:17158	biolink:related_to	MONDO:0033481			MISSING_TRUE_GENE
HGNC:10378	biolink:related_to	MONDO:0033533			MISSING_TRUE_GENE
HGNC:16951	biolink:related_to	MONDO:0033542			MISSING_TRUE_GENE
HGNC:29187	biolink:related_to	MONDO:0033559			MISSING_TRUE_GENE
HGNC:21088	biolink:related_to	MONDO:0033668			MISSING_TRUE_GENE
HGNC:9955	biolink:related_to	MONDO:0032659			MISSING_TRUE_GENE
HGNC:15646	biolink:related_to	MONDO:0014890			MISSING_TRUE_GENE
HGNC:3765	biolink:related_to	MONDO:0020316			MISSING_TRUE_GENE
HGNC:8101	biolink:related_to	MONDO:0020298			MISSING_TRUE_GENE
HGNC:9277	biolink:related_to	MONDO:0044318			MISSING_TRUE_GENE
HGNC:17939	biolink:related_to	MONDO:0044322			MISSING_TRUE_GENE
HGNC:23656	biolink:related_to	MONDO:0044724			MISSING_TRUE_GENE
HGNC:9557	biolink:related_to	MONDO:0054591			MISSING_TRUE_GENE
HGNC:2940	biolink:related_to	MONDO:0054615			MISSING_TRUE_GENE
HGNC:19721	biolink:related_to	MONDO:0009629			MISSING_TRUE_GENE
HGNC:25631	biolink:related_to	MONDO:0054724			MISSING_TRUE_GENE
HGNC:15578	biolink:related_to	MONDO:0054763			MISSING_TRUE_GENE
HGNC:24071	biolink:related_to	MONDO:0054771			MISSING_TRUE_GENE
HGNC:9137	biolink:related_to	MONDO:0054844			MISSING_TRUE_GENE
HGNC:1460	biolink:related_to	MONDO:0054861			MISSING_TRUE_GENE
HGNC:14374	biolink:related_to	MONDO:0014089			MISSING_TRUE_GENE
HGNC:3188	biolink:related_to	MONDO:0060510			MISSING_TRUE_GENE
HGNC:8632	biolink:related_to	MONDO:0600030			MISSING_TRUE_GENE
HGNC:12651	biolink:related_to	MONDO:0060621			MISSING_TRUE_GENE
HGNC:6344	biolink:related_to	MONDO:0060715			MISSING_TRUE_GENE
HGNC:2088	biolink:related_to	MONDO:0060729			MISSING_TRUE_GENE
HGNC:26941	biolink:related_to	MONDO:0060752			MISSING_TRUE_GENE
HGNC:21610	biolink:related_to	MONDO:0060761			MISSING_TRUE_GENE
HGNC:10596	biolink:related_to	MONDO:0013801			MISSING_TRUE_GENE
HGNC:8618	biolink:related_to	MONDO:0100180			MISSING_TRUE_GENE
HGNC:4125	biolink:related_to	MONDO:0100252			MISSING_TRUE_GENE
HGNC:145	biolink:related_to	MONDO:0100354			MISSING_TRUE_GENE
HGNC:7569	biolink:related_to	MONDO:0025708			MISSING_TRUE_GENE
HGNC:16187	biolink:related_to	MONDO:0100428			MISSING_TRUE_GENE
HGNC:4507	biolink:related_to	MONDO:0100460			MISSING_TRUE_GENE
HGNC:2019	biolink:related_to	MONDO:0009715			MISSING_TRUE_GENE
HGNC:10604	biolink:related_to	MONDO:0020207			MISSING_TRUE_GENE
HGNC:10603	biolink:related_to	MONDO:0700250			MISSING_TRUE_GENE
HGNC:24316	biolink:related_to	MONDO:0700250			MISSING_TRUE_GENE
HGNC:13879	biolink:related_to	MONDO:0800026			MISSING_TRUE_GENE
HGNC:9143	biolink:related_to	MONDO:0800026			MISSING_TRUE_GENE
HGNC:19750	biolink:related_to	MONDO:0800030			MISSING_TRUE_GENE
HGNC:2195	biolink:related_to	MONDO:0800167			MISSING_TRUE_GENE
HGNC:14334	biolink:related_to	MONDO:0850067			MISSING_TRUE_GENE
HGNC:1337	biolink:related_to	MONDO:0858999			MISSING_TRUE_GENE
HGNC:11098	biolink:related_to	MONDO:0859139			MISSING_TRUE_GENE
HGNC:9218	biolink:related_to	MONDO:0859158			MISSING_TRUE_GENE
HGNC:14615	biolink:related_to	MONDO:0859182			MISSING_TRUE_GENE
HGNC:23575	biolink:related_to	MONDO:0859186			MISSING_TRUE_GENE
HGNC:12499	biolink:related_to	MONDO:0859207			MISSING_TRUE_GENE
HGNC:7994	biolink:related_to	MONDO:0859236			MISSING_TRUE_GENE
HGNC:8717	biolink:related_to	MONDO:0859252			MISSING_TRUE_GENE
HGNC:9369	biolink:related_to	MONDO:0859276			MISSING_TRUE_GENE
HGNC:24270	biolink:related_to	MONDO:0859295			MISSING_TRUE_GENE
HGNC:6556	biolink:related_to	MONDO:0859304			MISSING_TRUE_GENE
HGNC:1162	biolink:related_to	MONDO:0859312			MISSING_TRUE_GENE
HGNC:29350	biolink:related_to	MONDO:0859338			MISSING_TRUE_GENE
HGNC:6915	biolink:related_to	MONDO:0859530			MISSING_TRUE_GENE
HGNC:3666	biolink:related_to	MONDO:0008397			MISSING_TRUE_GENE
HGNC:11016	biolink:related_to	MONDO:0957211			MISSING_TRUE_GENE
HGNC:12729	biolink:related_to	MONDO:0957218			MISSING_TRUE_GENE
HGNC:21269	biolink:related_to	MONDO:0957231			MISSING_TRUE_GENE
HGNC:6735	biolink:related_to	MONDO:0957271			MISSING_TRUE_GENE
HGNC:14378	biolink:related_to	MONDO:0957294			MISSING_TRUE_GENE
HGNC:1542	biolink:related_to	MONDO:0957388			MISSING_TRUE_GENE
HGNC:11633	biolink:related_to	MONDO:0600030			MISSING_TRUE_GENE
HGNC:7623	biolink:related_to	MONDO:0957477			MISSING_TRUE_GENE
HGNC:10780	biolink:related_to	MONDO:0957583			MISSING_TRUE_GENE
HGNC:126	biolink:related_to	MONDO:0957594			MISSING_TRUE_GENE
HGNC:11368	biolink:related_to	MONDO:0957807			MISSING_TRUE_GENE
HGNC:6254	biolink:related_to	MONDO:0957812			MISSING_TRUE_GENE
HGNC:18619	biolink:related_to	MONDO:0957820			MISSING_TRUE_GENE
HGNC:20844	biolink:related_to	MONDO:0957825			MISSING_TRUE_GENE
HGNC:23994	biolink:related_to	MONDO:0958005			MISSING_TRUE_GENE
HGNC:3976	biolink:related_to	MONDO:0014225			MISSING_TRUE_GENE
HGNC:8565	biolink:related_to	MONDO:0958176			MISSING_TRUE_GENE
HGNC:10004	biolink:related_to	MONDO:0958180			MISSING_TRUE_GENE
HGNC:1245	biolink:related_to	MONDO:0958188			MISSING_TRUE_GENE
HGNC:2213	biolink:related_to	MONDO:0014627			MISSING_TRUE_GENE
HGNC:8773	biolink:related_to	MONDO:0958262			MISSING_TRUE_GENE
HGNC:12869	biolink:related_to	MONDO:0958322			MISSING_TRUE_GENE
HGNC:11018	biolink:related_to	MONDO:0958331			MISSING_TRUE_GENE
HGNC:2211	biolink:related_to	MONDO:0958353			MISSING_TRUE_GENE
HGNC:25321	biolink:related_to	MONDO:0968982			MISSING_TRUE_GENE
HGNC:29296	biolink:related_to	MONDO:0971002			MISSING_TRUE_GENE
HGNC:14294	biolink:related_to	MONDO:0971069			MISSING_TRUE_GENE
HGNC:10193	biolink:related_to	MONDO:0971172			MISSING_TRUE_GENE
HGNC:28460	biolink:related_to	MONDO:0971176			MISSING_TRUE_GENE
HGNC:20759	biolink:related_to	MONDO:0975795			MISSING_TRUE_GENE
HGNC:2750	biolink:related_to	MONDO:0975838			MISSING_TRUE_GENE
HGNC:30705	biolink:related_to	MONDO:0975843			MISSING_TRUE_GENE
HGNC:25913	biolink:related_to	MONDO:0975887			MISSING_TRUE_GENE
HGNC:21270	biolink:related_to	MONDO:0976266			MISSING_TRUE_GENE
MONDO:0044222	biolink:related_to	HGNC:18149			MISSING_TRUE_GENE
MONDO:0013166	biolink:related_to	HGNC:23			MISSING_TRUE_GENE
MONDO:0008333	biolink:related_to	HGNC:57			MISSING_TRUE_GENE
MONDO:0013768	biolink:related_to	HGNC:57			MISSING_TRUE_GENE
MONDO:0009406	biolink:related_to	HGNC:60	0.9985442161560059	1	Top10-TP (rank=1)
MONDO:0020748	biolink:related_to	HGNC:13886	0.9143214821815491	1515	TP-outside-Top50 (rank=1515)
MONDO:0012624	biolink:related_to	HGNC:21497	0.8477740287780762	1089	TP-outside-Top50 (rank=1089)
MONDO:0968976	biolink:related_to	HGNC:23339			MISSING_TRUE_GENE
MONDO:0013802	biolink:related_to	HGNC:118	0.9575932621955872	166	TP-outside-Top50 (rank=166)
MONDO:0014753	biolink:related_to	HGNC:118	0.8863333463668823	705	TP-outside-Top50 (rank=705)
MONDO:0011939	biolink:related_to	HGNC:124			MISSING_TRUE_GENE
MONDO:0032770	biolink:related_to	HGNC:160	0.919897198677063	303	TP-outside-Top50 (rank=303)
MONDO:0013002	biolink:related_to	HGNC:216	0.6500537991523743	2360	TP-outside-Top50 (rank=2360)
MONDO:0009161	biolink:related_to	HGNC:218			MISSING_TRUE_GENE
MONDO:0012421	biolink:related_to	HGNC:232			MISSING_TRUE_GENE
MONDO:0011738	biolink:related_to	HGNC:4512	0.9730601906776428	89	TP-outside-Top50 (rank=89)
MONDO:0010659	biolink:related_to	HGNC:3776			MISSING_TRUE_GENE
MONDO:0859206	biolink:related_to	HGNC:28762	0.9775208830833435	339	TP-outside-Top50 (rank=339)
MONDO:0014358	biolink:related_to	HGNC:25230	1.0	1	Top10-TP (rank=1)
MONDO:0009416	biolink:related_to	HGNC:392	0.9336878061294556	508	TP-outside-Top50 (rank=508)
MONDO:0011969	biolink:related_to	HGNC:23161	0.9996726512908936	1	Top10-TP (rank=1)
MONDO:0054743	biolink:related_to	HGNC:23161	0.9295288920402527	312	TP-outside-Top50 (rank=312)
MONDO:0013367	biolink:related_to	HGNC:31088			MISSING_TRUE_GENE
MONDO:0013999	biolink:related_to	HGNC:20917	0.9946746826171875	1	Top10-TP (rank=1)
MONDO:0016606	biolink:related_to	HGNC:438			MISSING_TRUE_GENE
MONDO:0016605	biolink:related_to	HGNC:438			MISSING_TRUE_GENE
MONDO:0009212	biolink:related_to	HGNC:3528	0.9802389144897461	7	Top10-TP (rank=7)
MONDO:0013190	biolink:related_to	HGNC:3534	0.9994694590568542	1	Top10-TP (rank=1)
MONDO:0009213	biolink:related_to	HGNC:3584			MISSING_TRUE_GENE
MONDO:0014501	biolink:related_to	HGNC:3604	0.9905973076820374	19	Top50-TP (rank=19)
MONDO:0859578	biolink:related_to	HGNC:3666			MISSING_TRUE_GENE
MONDO:0008397	biolink:related_to	HGNC:3666			MISSING_TRUE_GENE
MONDO:0008660	biolink:related_to	HGNC:3680	0.9841237664222717	14	Top50-TP (rank=14)
MONDO:0007412	biolink:related_to	HGNC:3689	0.970937967300415	56	TP-outside-Top50 (rank=56)
MONDO:0007042	biolink:related_to	HGNC:3689	0.9939593076705933	3	Top10-TP (rank=3)
MONDO:0975746	biolink:related_to	HGNC:18416			MISSING_TRUE_GENE
MONDO:0017833	biolink:related_to	HGNC:19124	0.9027602672576904	3365	TP-outside-Top50 (rank=3365)
MONDO:0013800	biolink:related_to	HGNC:18625	0.9988058805465698	1	Top10-TP (rank=1)
MONDO:0011787	biolink:related_to	HGNC:17997	0.998216450214386	1	Top10-TP (rank=1)
MONDO:0013157	biolink:related_to	HGNC:17997	0.9993550181388855	6	Top10-TP (rank=6)
MONDO:1040033	biolink:related_to	HGNC:17997	0.995008111000061	1	Top10-TP (rank=1)
MONDO:0007838	biolink:related_to	HGNC:3749	0.2039240449666977	2959	TP-outside-Top50 (rank=2959)
MONDO:0007167	biolink:related_to	HGNC:3755	0.9941938519477844	23	Top50-TP (rank=23)
MONDO:0035940	biolink:related_to	HGNC:3765	0.9083307385444641	60	TP-outside-Top50 (rank=60)
MONDO:0015166	biolink:related_to	HGNC:3765	0.7804455161094666	1011	TP-outside-Top50 (rank=1011)
MONDO:0020316	biolink:related_to	HGNC:1539	0.8765329718589783	577	TP-outside-Top50 (rank=577)
MONDO:0012456	biolink:related_to	HGNC:3808			MISSING_TRUE_GENE
MONDO:0016833	biolink:related_to	HGNC:3811	0.9813098907470703	333	TP-outside-Top50 (rank=333)
MONDO:0010580	biolink:related_to	HGNC:6106			MISSING_TRUE_GENE
MONDO:0859312	biolink:related_to	HGNC:1162	0.9999992847442627	1	Top10-TP (rank=1)
MONDO:0019123	biolink:related_to	HGNC:1362	0.9611608386039734	72	TP-outside-Top50 (rank=72)
MONDO:0011935	biolink:related_to	HGNC:3960			MISSING_TRUE_GENE
MONDO:0017173	biolink:related_to	HGNC:13485	0.828186571598053	71	TP-outside-Top50 (rank=71)
MONDO:0029148	biolink:related_to	HGNC:21675	0.9998177886009216	1	Top10-TP (rank=1)
MONDO:0100340	biolink:related_to	HGNC:3951	0.9628962874412537	27	Top50-TP (rank=27)
MONDO:0008123	biolink:related_to	HGNC:4040	0.9949666857719421	1	Top10-TP (rank=1)
MONDO:0007351	biolink:related_to	HGNC:4043	0.9358644485473633	2536	TP-outside-Top50 (rank=2536)
MONDO:0012930	biolink:related_to	HGNC:24861	0.9999997615814209	1	Top10-TP (rank=1)
MONDO:0009255	biolink:related_to	HGNC:4118			MISSING_TRUE_GENE
MONDO:0007797	biolink:related_to	HGNC:4172			MISSING_TRUE_GENE
MONDO:0009281	biolink:related_to	HGNC:4189			MISSING_TRUE_GENE
MONDO:0100186	biolink:related_to	HGNC:4193	0.9959421753883362	1	Top10-TP (rank=1)
MONDO:0007495	biolink:related_to	HGNC:4193	0.9903550148010254	1	Top10-TP (rank=1)
MONDO:0957382	biolink:related_to	HGNC:4208	0.9999755620956421	1	Top10-TP (rank=1)
MONDO:0007221	biolink:related_to	HGNC:4220	0.9952911138534546	1	Top10-TP (rank=1)
MONDO:0007215	biolink:related_to	HGNC:4220	0.9891897439956665	19	Top50-TP (rank=19)
MONDO:0014125	biolink:related_to	HGNC:4220	0.9924020767211914	42	Top50-TP (rank=42)
MONDO:0013139	biolink:related_to	HGNC:4237			MISSING_TRUE_GENE
MONDO:0018144	biolink:related_to	HGNC:4241	0.9129721522331238	118	TP-outside-Top50 (rank=118)
MONDO:0015351	biolink:related_to	HGNC:4285	0.5279256701469421	4731	TP-outside-Top50 (rank=4731)
MONDO:0009260	biolink:related_to	HGNC:4298	0.9989533424377441	30	Top50-TP (rank=30)
MONDO:0009262	biolink:related_to	HGNC:4298	0.99482262134552	8	Top10-TP (rank=8)
MONDO:0007672	biolink:related_to	HGNC:14373			MISSING_TRUE_GENE
MONDO:0032685	biolink:related_to	HGNC:4331	0.8835061192512512	211	TP-outside-Top50 (rank=211)
MONDO:0008153	biolink:related_to	HGNC:4392	0.901344895362854	131	TP-outside-Top50 (rank=131)
MONDO:0012911	biolink:related_to	HGNC:4392	0.9711627960205078	97	TP-outside-Top50 (rank=97)
MONDO:0008274	biolink:related_to	HGNC:4392	0.979662299156189	19	Top50-TP (rank=19)
MONDO:0012912	biolink:related_to	HGNC:4392	0.9418988823890686	466	TP-outside-Top50 (rank=466)
MONDO:0009779	biolink:related_to	HGNC:4454			MISSING_TRUE_GENE
MONDO:0957825	biolink:related_to	HGNC:20844			MISSING_TRUE_GENE
MONDO:0009593	biolink:related_to	HGNC:4556			MISSING_TRUE_GENE
MONDO:0030060	biolink:related_to	HGNC:4572			MISSING_TRUE_GENE
MONDO:0013843	biolink:related_to	HGNC:4688	0.914773166179657	77	TP-outside-Top50 (rank=77)
MONDO:0009414	biolink:related_to	HGNC:4707	0.8346953392028809	571	TP-outside-Top50 (rank=571)
MONDO:0030729	biolink:related_to	HGNC:4787			MISSING_TRUE_GENE
MONDO:0030730	biolink:related_to	HGNC:4785			MISSING_TRUE_GENE
MONDO:0859264	biolink:related_to	HGNC:9639			MISSING_TRUE_GENE
MONDO:0012173	biolink:related_to	HGNC:4801			MISSING_TRUE_GENE
MONDO:0016573	biolink:related_to	HGNC:4801			MISSING_TRUE_GENE
MONDO:0014711	biolink:related_to	HGNC:4816			MISSING_TRUE_GENE
MONDO:0019475	biolink:related_to	HGNC:18437			MISSING_TRUE_GENE
MONDO:0017238	biolink:related_to	HGNC:4832			MISSING_TRUE_GENE
MONDO:0014224	biolink:related_to	HGNC:4868	0.9078016877174377	300	TP-outside-Top50 (rank=300)
MONDO:0958085	biolink:related_to	HGNC:11762			MISSING_TRUE_GENE
MONDO:0009657	biolink:related_to	HGNC:26527	0.9999314546585083	1	Top10-TP (rank=1)
MONDO:0017376	biolink:related_to	HGNC:4932	0.5351905822753906	1053	TP-outside-Top50 (rank=1053)
MONDO:0018229	biolink:related_to	HGNC:4932	0.20066620409488678	6139	TP-outside-Top50 (rank=6139)
MONDO:0020563	biolink:related_to	HGNC:5009	0.8590208888053894	159	TP-outside-Top50 (rank=159)
MONDO:0010485	biolink:related_to	HGNC:5004			MISSING_TRUE_GENE
MONDO:0957270	biolink:related_to	HGNC:5006			MISSING_TRUE_GENE
MONDO:0012410	biolink:related_to	HGNC:5031	0.6327914595603943	2828	TP-outside-Top50 (rank=2828)
MONDO:0014181	biolink:related_to	HGNC:5031	0.5241507887840271	3872	TP-outside-Top50 (rank=3872)
MONDO:0018131	biolink:related_to	HGNC:5044	0.8884496092796326	1336	TP-outside-Top50 (rank=1336)
MONDO:0008097	biolink:related_to	HGNC:5173	0.9153743982315063	167	TP-outside-Top50 (rank=167)
MONDO:0017317	biolink:related_to	HGNC:5173	0.702225923538208	398	TP-outside-Top50 (rank=398)
MONDO:0044792	biolink:related_to	HGNC:427	0.761966347694397	377	TP-outside-Top50 (rank=377)
MONDO:0009025	biolink:related_to	HGNC:5209	0.9890193343162537	1	Top10-TP (rank=1)
MONDO:0009855	biolink:related_to	HGNC:5213	0.9992222785949707	1	Top10-TP (rank=1)
MONDO:0012080	biolink:related_to	HGNC:5246			MISSING_TRUE_GENE
MONDO:0012096	biolink:related_to	HGNC:30171	0.8694638609886169	931	TP-outside-Top50 (rank=931)
MONDO:0014455	biolink:related_to	HGNC:29685			MISSING_TRUE_GENE
MONDO:0013941	biolink:related_to	HGNC:5382	0.867886483669281	750	TP-outside-Top50 (rank=750)
MONDO:0011760	biolink:related_to	HGNC:5391	0.9984824061393738	3	Top10-TP (rank=3)
MONDO:0024535	biolink:related_to	HGNC:18873	0.9931350946426392	23	Top50-TP (rank=23)
MONDO:0030692	biolink:related_to	HGNC:18873	0.9577699303627014	141	TP-outside-Top50 (rank=141)
MONDO:0030462	biolink:related_to	HGNC:21424	0.9771807193756104	47	Top50-TP (rank=47)
MONDO:0014926	biolink:related_to	HGNC:21424	0.9919820427894592	23	Top50-TP (rank=23)
MONDO:0013640	biolink:related_to	HGNC:5476	0.8893178701400757	199	TP-outside-Top50 (rank=199)
MONDO:0035945	biolink:related_to	HGNC:5477	0.5683718919754028	850	TP-outside-Top50 (rank=850)
MONDO:0007871	biolink:related_to	HGNC:5950			MISSING_TRUE_GENE
MONDO:0011907	biolink:related_to	HGNC:5956	0.9997960925102234	1	Top10-TP (rank=1)
MONDO:0014267	biolink:related_to	HGNC:5960	0.8924689292907715	487	TP-outside-Top50 (rank=487)
MONDO:0010631	biolink:related_to	HGNC:5961	0.8657694458961487	662	TP-outside-Top50 (rank=662)
MONDO:0030681	biolink:related_to	HGNC:6021	0.9923332929611206	39	Top50-TP (rank=39)
MONDO:0012163	biolink:related_to	HGNC:6024	0.9958953857421875	1	Top10-TP (rank=1)
MONDO:0008379	biolink:related_to	HGNC:6052	0.9464561939239502	318	TP-outside-Top50 (rank=318)
MONDO:0011190	biolink:related_to	HGNC:17870	0.999327540397644	1	Top10-TP (rank=1)
MONDO:0958011	biolink:related_to	HGNC:6116			MISSING_TRUE_GENE
MONDO:0012834	biolink:related_to	HGNC:6120	0.9548503756523132	12	Top50-TP (rank=12)
MONDO:0016356	biolink:related_to	HGNC:1607			MISSING_TRUE_GENE
MONDO:0009194	biolink:related_to	HGNC:5358	0.9962812066078186	3	Top10-TP (rank=3)
MONDO:0013957	biolink:related_to	HGNC:5358	0.8061456084251404	315	TP-outside-Top50 (rank=315)
MONDO:0033282	biolink:related_to	HGNC:28660			MISSING_TRUE_GENE
MONDO:0014502	biolink:related_to	HGNC:4053			MISSING_TRUE_GENE
MONDO:0013081	biolink:related_to	HGNC:6171			MISSING_TRUE_GENE
MONDO:0007297	biolink:related_to	HGNC:6174	0.981468677520752	212	TP-outside-Top50 (rank=212)
MONDO:0008306	biolink:related_to	HGNC:6174	0.9084226489067078	330	TP-outside-Top50 (rank=330)
MONDO:0008795	biolink:related_to	HGNC:8620	0.9423966407775879	1520	TP-outside-Top50 (rank=1520)
MONDO:0011694	biolink:related_to	HGNC:6180	0.9960112571716309	5	Top10-TP (rank=5)
MONDO:0859311	biolink:related_to	HGNC:6182			MISSING_TRUE_GENE
MONDO:0033542	biolink:related_to	HGNC:16951			MISSING_TRUE_GENE
MONDO:0016862	biolink:related_to	HGNC:6188	0.9997715353965759	1	Top10-TP (rank=1)
MONDO:0013794	biolink:related_to	HGNC:6192	0.9348853826522827	428	TP-outside-Top50 (rank=428)
MONDO:0009891	biolink:related_to	HGNC:6192	0.7675403952598572	534	TP-outside-Top50 (rank=534)
MONDO:0032938	biolink:related_to	HGNC:14686			MISSING_TRUE_GENE
MONDO:0011017	biolink:related_to	HGNC:6207	0.9362319111824036	620	TP-outside-Top50 (rank=620)
MONDO:0013489	biolink:related_to	HGNC:6215	0.8832932114601135	1305	TP-outside-Top50 (rank=1305)
MONDO:0030967	biolink:related_to	HGNC:6215	0.6866246461868286	1533	TP-outside-Top50 (rank=1533)
MONDO:0008222	biolink:related_to	HGNC:6263			MISSING_TRUE_GENE
MONDO:0012522	biolink:related_to	HGNC:6257	0.9796209931373596	77	TP-outside-Top50 (rank=77)
MONDO:0032886	biolink:related_to	HGNC:6284	0.9984785914421082	1	Top10-TP (rank=1)
MONDO:0012276	biolink:related_to	HGNC:6284	0.9971849322319031	8	Top10-TP (rank=8)
MONDO:0044273	biolink:related_to	HGNC:6285	0.7232452630996704	165	TP-outside-Top50 (rank=165)
MONDO:0010355	biolink:related_to	HGNC:11114			MISSING_TRUE_GENE
MONDO:0013634	biolink:related_to	HGNC:888			MISSING_TRUE_GENE
MONDO:0011335	biolink:related_to	HGNC:6391			MISSING_TRUE_GENE
MONDO:0012280	biolink:related_to	HGNC:23419			MISSING_TRUE_GENE
MONDO:0030969	biolink:related_to	HGNC:15840			MISSING_TRUE_GENE
MONDO:0007808	biolink:related_to	HGNC:6412	0.5077601075172424	794	TP-outside-Top50 (rank=794)
MONDO:0957303	biolink:related_to	HGNC:6412	0.503247857093811	837	TP-outside-Top50 (rank=837)
MONDO:0010962	biolink:related_to	HGNC:6412	0.5014090538024902	2914	TP-outside-Top50 (rank=2914)
MONDO:0030535	biolink:related_to	HGNC:6442	0.7714300751686096	918	TP-outside-Top50 (rank=918)
MONDO:0007445	biolink:related_to	HGNC:6416	0.8652641773223877	87	TP-outside-Top50 (rank=87)
MONDO:0007551	biolink:related_to	HGNC:6416	0.968828558921814	109	TP-outside-Top50 (rank=109)
MONDO:0007556	biolink:related_to	HGNC:6416	0.986310601234436	11	Top50-TP (rank=11)
MONDO:0700343	biolink:related_to	HGNC:6463			MISSING_TRUE_GENE
MONDO:0014419	biolink:related_to	HGNC:6481			MISSING_TRUE_GENE
MONDO:0012184	biolink:related_to	HGNC:6487			MISSING_TRUE_GENE
MONDO:0013587	biolink:related_to	HGNC:6541			MISSING_TRUE_GENE
MONDO:0859277	biolink:related_to	HGNC:18711			MISSING_TRUE_GENE
MONDO:0019148	biolink:related_to	HGNC:6617	0.9454232454299927	240	TP-outside-Top50 (rank=240)
MONDO:0007615	biolink:related_to	HGNC:13243	0.9809911251068115	24	Top50-TP (rank=24)
MONDO:0008700	biolink:related_to	HGNC:13243	0.9653730392456055	7	Top10-TP (rank=7)
MONDO:0030928	biolink:related_to	HGNC:6637			MISSING_TRUE_GENE
MONDO:0014070	biolink:related_to	HGNC:23405			MISSING_TRUE_GENE
MONDO:0008931	biolink:related_to	HGNC:6696	0.9960324168205261	1	Top10-TP (rank=1)
MONDO:0013679	biolink:related_to	HGNC:6696	0.989173412322998	32	Top50-TP (rank=32)
MONDO:0971009	biolink:related_to	HGNC:6740	0.9787776470184326	21	Top50-TP (rank=21)
MONDO:0033561	biolink:related_to	HGNC:6766	0.9999858140945435	1	Top10-TP (rank=1)
MONDO:0010992	biolink:related_to	HGNC:6776	0.9997701048851013	1	Top10-TP (rank=1)
MONDO:0010503	biolink:related_to	HGNC:16353			MISSING_TRUE_GENE
MONDO:0009562	biolink:related_to	HGNC:6831	0.9940504431724548	1	Top10-TP (rank=1)
MONDO:0023662	biolink:related_to	HGNC:485	0.7594455480575562	679	TP-outside-Top50 (rank=679)
MONDO:0859186	biolink:related_to	HGNC:23575			MISSING_TRUE_GENE
MONDO:0030455	biolink:related_to	HGNC:1361	0.9952126741409302	1	Top10-TP (rank=1)
MONDO:0014494	biolink:related_to	HGNC:18971	0.6915524005889893	616	TP-outside-Top50 (rank=616)
MONDO:0011285	biolink:related_to	HGNC:4888			MISSING_TRUE_GENE
MONDO:0011743	biolink:related_to	HGNC:613	0.7480380535125732	192	TP-outside-Top50 (rank=192)
MONDO:0010720	biolink:related_to	HGNC:644	0.706315279006958	455	TP-outside-Top50 (rank=455)
MONDO:0019848	biolink:related_to	HGNC:644	0.32696497440338135	2632	TP-outside-Top50 (rank=2632)
MONDO:0032577	biolink:related_to	HGNC:694	0.9951027631759644	12	Top50-TP (rank=12)
MONDO:0032570	biolink:related_to	HGNC:694	0.9918860197067261	11	Top50-TP (rank=11)
MONDO:0009055	biolink:related_to	HGNC:24048			MISSING_TRUE_GENE
MONDO:0049221	biolink:related_to	HGNC:710			MISSING_TRUE_GENE
MONDO:0014868	biolink:related_to	HGNC:29561			MISSING_TRUE_GENE
MONDO:0009218	biolink:related_to	HGNC:735	0.9806967377662659	1	Top10-TP (rank=1)
MONDO:0030918	biolink:related_to	HGNC:19088	0.9999779462814331	1	Top10-TP (rank=1)
MONDO:0011106	biolink:related_to	HGNC:757			MISSING_TRUE_GENE
MONDO:0033115	biolink:related_to	HGNC:589	0.9119458794593811	1206	TP-outside-Top50 (rank=1206)
MONDO:0008437	biolink:related_to	HGNC:11231	0.9897937774658203	6	Top10-TP (rank=6)
MONDO:0020788	biolink:related_to	HGNC:799	0.8198381662368774	1285	TP-outside-Top50 (rank=1285)
MONDO:0054833	biolink:related_to	HGNC:799	0.5262512564659119	2472	TP-outside-Top50 (rank=2472)
MONDO:0014997	biolink:related_to	HGNC:29536			MISSING_TRUE_GENE
MONDO:0016563	biolink:related_to	HGNC:6893	0.030493129044771194	15979	TP-outside-Top50 (rank=15979)
MONDO:0009839	biolink:related_to	HGNC:6893	0.2728135287761688	11978	TP-outside-Top50 (rank=11978)
MONDO:0032655	biolink:related_to	HGNC:6897	0.6510831117630005	3226	TP-outside-Top50 (rank=3226)
MONDO:0859530	biolink:related_to	HGNC:6915			MISSING_TRUE_GENE
MONDO:0007974	biolink:related_to	HGNC:20444	0.9999992847442627	1	Top10-TP (rank=1)
MONDO:0032721	biolink:related_to	HGNC:15456	0.9931573271751404	51	TP-outside-Top50 (rank=51)
MONDO:0013331	biolink:related_to	HGNC:18451	0.9872072339057922	268	TP-outside-Top50 (rank=268)
MONDO:0014853	biolink:related_to	HGNC:6944	0.1976475864648819	2751	TP-outside-Top50 (rank=2751)
MONDO:0010235	biolink:related_to	HGNC:6990	0.9878661632537842	77	TP-outside-Top50 (rank=77)
MONDO:0010397	biolink:related_to	HGNC:6990	0.9805485010147095	106	TP-outside-Top50 (rank=106)
MONDO:0016780	biolink:related_to	HGNC:14575			MISSING_TRUE_GENE
MONDO:0016782	biolink:related_to	HGNC:14575			MISSING_TRUE_GENE
MONDO:0032746	biolink:related_to	HGNC:28613	0.9861980080604553	1	Top10-TP (rank=1)
MONDO:0007540	biolink:related_to	HGNC:7010	0.894303023815155	870	TP-outside-Top50 (rank=870)
MONDO:0007767	biolink:related_to	HGNC:7010	0.4743611216545105	2250	TP-outside-Top50 (rank=2250)
MONDO:0012299	biolink:related_to	HGNC:18121			MISSING_TRUE_GENE
MONDO:0009495	biolink:related_to	HGNC:7060			MISSING_TRUE_GENE
MONDO:0859374	biolink:related_to	HGNC:33914	0.8053025603294373	735	TP-outside-Top50 (rank=735)
MONDO:0013678	biolink:related_to	HGNC:31555			MISSING_TRUE_GENE
MONDO:0011523	biolink:related_to	HGNC:7108	0.9453681707382202	26	Top50-TP (rank=26)
MONDO:0032712	biolink:related_to	HGNC:14049	0.8095712661743164	171	TP-outside-Top50 (rank=171)
MONDO:0012510	biolink:related_to	HGNC:14048	0.9082260131835938	758	TP-outside-Top50 (rank=758)
MONDO:0850067	biolink:related_to	HGNC:14334	0.8392742872238159	338	TP-outside-Top50 (rank=338)
MONDO:0012758	biolink:related_to	HGNC:7372	0.9237123727798462	191	TP-outside-Top50 (rank=191)
MONDO:0032705	biolink:related_to	HGNC:7437			MISSING_TRUE_GENE
MONDO:0009354	biolink:related_to	HGNC:7473	0.9953065514564514	7	Top10-TP (rank=7)
MONDO:0030880	biolink:related_to	HGNC:7506			MISSING_TRUE_GENE
MONDO:0014163	biolink:related_to	HGNC:7551	0.9922664761543274	2	Top10-TP (rank=2)
MONDO:0018206	biolink:related_to	HGNC:7572			MISSING_TRUE_GENE
MONDO:0009708	biolink:related_to	HGNC:7577	0.9930034279823303	1	Top10-TP (rank=1)
MONDO:0017939	biolink:related_to	HGNC:7577	0.955449104309082	229	TP-outside-Top50 (rank=229)
MONDO:0013711	biolink:related_to	HGNC:23212	0.6234514713287354	2797	TP-outside-Top50 (rank=2797)
MONDO:0007664	biolink:related_to	HGNC:7610	0.857722818851471	239	TP-outside-Top50 (rank=239)
MONDO:0032673	biolink:related_to	HGNC:19918			MISSING_TRUE_GENE
MONDO:0044306	biolink:related_to	HGNC:20967			MISSING_TRUE_GENE
MONDO:0009672	biolink:related_to	HGNC:7634			MISSING_TRUE_GENE
MONDO:0030837	biolink:related_to	HGNC:7643			MISSING_TRUE_GENE
MONDO:0009472	biolink:related_to	HGNC:7646	0.9736745357513428	3	Top10-TP (rank=3)
MONDO:0032636	biolink:related_to	HGNC:7690	0.9940458536148071	3	Top10-TP (rank=3)
MONDO:0009151	biolink:related_to	HGNC:9706	0.9958745837211609	1	Top10-TP (rank=1)
MONDO:0011902	biolink:related_to	HGNC:7739	0.790557861328125	768	TP-outside-Top50 (rank=768)
MONDO:0010483	biolink:related_to	HGNC:29433	1.0	1	Top10-TP (rank=1)
MONDO:0030684	biolink:related_to	HGNC:7818	0.9987672567367554	1	Top10-TP (rank=1)
MONDO:0010544	biolink:related_to	HGNC:7820	0.8440245985984802	151	TP-outside-Top50 (rank=151)
MONDO:0012847	biolink:related_to	HGNC:28018	0.9989338517189026	1	Top10-TP (rank=1)
MONDO:0060457	biolink:related_to	HGNC:14374	0.9888878464698792	1	Top10-TP (rank=1)
MONDO:0014089	biolink:related_to	HGNC:14374	0.9792004823684692	3	Top10-TP (rank=3)
MONDO:0007088	biolink:related_to	HGNC:7876	0.27219483256340027	4135	TP-outside-Top50 (rank=4135)
MONDO:0020671	biolink:related_to	HGNC:7876	0.792796790599823	2614	TP-outside-Top50 (rank=2614)
MONDO:0007057	biolink:related_to	HGNC:7882	0.9530892372131348	559	TP-outside-Top50 (rank=559)
MONDO:0011756	biolink:related_to	HGNC:19104	0.9907868504524231	9	Top10-TP (rank=9)
MONDO:0032646	biolink:related_to	HGNC:8001			MISSING_TRUE_GENE
MONDO:0033566	biolink:related_to	HGNC:26208			MISSING_TRUE_GENE
MONDO:0030921	biolink:related_to	HGNC:21042	0.9922664761543274	5	Top10-TP (rank=5)
MONDO:0009796	biolink:related_to	HGNC:8091			MISSING_TRUE_GENE
MONDO:0010702	biolink:related_to	HGNC:2567	0.9936075210571289	8	Top10-TP (rank=8)
MONDO:0009804	biolink:related_to	HGNC:2379	0.9956293106079102	1	Top10-TP (rank=1)
MONDO:0008147	biolink:related_to	HGNC:19316	0.9633468985557556	14	Top50-TP (rank=14)
MONDO:0013182	biolink:related_to	HGNC:8574	0.2501402497291565	2026	TP-outside-Top50 (rank=2026)
MONDO:0011830	biolink:related_to	HGNC:8574	0.7974500060081482	1422	TP-outside-Top50 (rank=1422)
MONDO:0013236	biolink:related_to	HGNC:26144	0.8881900906562805	326	TP-outside-Top50 (rank=326)
MONDO:0957530	biolink:related_to	HGNC:26144	0.9058964252471924	593	TP-outside-Top50 (rank=593)
MONDO:0859182	biolink:related_to	HGNC:14615			MISSING_TRUE_GENE
MONDO:0014612	biolink:related_to	HGNC:8609	0.8000375628471375	191	TP-outside-Top50 (rank=191)
MONDO:0016395	biolink:related_to	HGNC:8620	0.7754761576652527	420	TP-outside-Top50 (rank=420)
MONDO:0020354	biolink:related_to	HGNC:8620	0.9672104120254517	234	TP-outside-Top50 (rank=234)
MONDO:0014399	biolink:related_to	HGNC:8729			MISSING_TRUE_GENE
MONDO:0008872	biolink:related_to	HGNC:16068			MISSING_TRUE_GENE
MONDO:0014004	biolink:related_to	HGNC:8804	0.8028746247291565	198	TP-outside-Top50 (rank=198)
MONDO:0011150	biolink:related_to	HGNC:8804	0.9943342208862305	9	Top10-TP (rank=9)
MONDO:0011667	biolink:related_to	HGNC:6107	0.8788824081420898	66	TP-outside-Top50 (rank=66)
MONDO:0859281	biolink:related_to	HGNC:26974			MISSING_TRUE_GENE
MONDO:0033654	biolink:related_to	HGNC:40045	0.9998169541358948	1	Top10-TP (rank=1)
MONDO:0013948	biolink:related_to	HGNC:8858	0.9674152135848999	33	Top50-TP (rank=33)
MONDO:0013891	biolink:related_to	HGNC:8881			MISSING_TRUE_GENE
MONDO:0018419	biolink:related_to	HGNC:25712			MISSING_TRUE_GENE
MONDO:0029140	biolink:related_to	HGNC:14937			MISSING_TRUE_GENE
MONDO:0014453	biolink:related_to	HGNC:8979	0.9428821206092834	155	TP-outside-Top50 (rank=155)
MONDO:0017382	biolink:related_to	HGNC:9004	0.9753156304359436	91	TP-outside-Top50 (rank=91)
MONDO:0968981	biolink:related_to	HGNC:20313			MISSING_TRUE_GENE
MONDO:0013766	biolink:related_to	HGNC:9066			MISSING_TRUE_GENE
MONDO:0033481	biolink:related_to	HGNC:17158			MISSING_TRUE_GENE
MONDO:0035153	biolink:related_to	HGNC:17728			MISSING_TRUE_GENE
MONDO:0054785	biolink:related_to	HGNC:9119	0.82472825050354	1112	TP-outside-Top50 (rank=1112)
MONDO:0013171	biolink:related_to	HGNC:7892	0.9982555508613586	1	Top10-TP (rank=1)
MONDO:0032799	biolink:related_to	HGNC:9180	0.9951340556144714	1	Top10-TP (rank=1)
MONDO:0011169	biolink:related_to	HGNC:20330	0.9908181428909302	1	Top10-TP (rank=1)
MONDO:0957577	biolink:related_to	HGNC:9280			MISSING_TRUE_GENE
MONDO:0014605	biolink:related_to	HGNC:9302	0.7329768538475037	2159	TP-outside-Top50 (rank=2159)
MONDO:0011439	biolink:related_to	HGNC:9305			MISSING_TRUE_GENE
MONDO:0019769	biolink:related_to	HGNC:9330	0.9550917148590088	91	TP-outside-Top50 (rank=91)
MONDO:0019767	biolink:related_to	HGNC:9330	0.8431476950645447	198	TP-outside-Top50 (rank=198)
MONDO:0014662	biolink:related_to	HGNC:13997			MISSING_TRUE_GENE
MONDO:0014152	biolink:related_to	HGNC:14000	0.8165597915649414	291	TP-outside-Top50 (rank=291)
MONDO:0859276	biolink:related_to	HGNC:9369			MISSING_TRUE_GENE
MONDO:0009867	biolink:related_to	HGNC:9386			MISSING_TRUE_GENE
MONDO:0011540	biolink:related_to	HGNC:9402			MISSING_TRUE_GENE
MONDO:0019828	biolink:related_to	HGNC:13831	0.9044811129570007	1054	TP-outside-Top50 (rank=1054)
MONDO:0017993	biolink:related_to	HGNC:9460	0.8028839230537415	1354	TP-outside-Top50 (rank=1354)
MONDO:0012720	biolink:related_to	HGNC:9498	0.9852659106254578	1	Top10-TP (rank=1)
MONDO:0017729	biolink:related_to	HGNC:9498	0.9770312905311584	18	Top50-TP (rank=18)
MONDO:0030931	biolink:related_to	HGNC:24929			MISSING_TRUE_GENE
MONDO:0975761	biolink:related_to	HGNC:21290			MISSING_TRUE_GENE
MONDO:0007892	biolink:related_to	HGNC:9587			MISSING_TRUE_GENE
MONDO:0010803	biolink:related_to	HGNC:9608	0.9949336647987366	1	Top10-TP (rank=1)
MONDO:0011959	biolink:related_to	HGNC:9658	0.2004292905330658	3899	TP-outside-Top50 (rank=3899)
MONDO:0035236	biolink:related_to	HGNC:9658	0.4549502730369568	3311	TP-outside-Top50 (rank=3311)
MONDO:0010651	biolink:related_to	HGNC:869	0.9495543241500854	288	TP-outside-Top50 (rank=288)
MONDO:0010356	biolink:related_to	HGNC:897	0.8637198805809021	79	TP-outside-Top50 (rank=79)
MONDO:0010075	biolink:related_to	HGNC:17978	0.9999538660049438	1	Top10-TP (rank=1)
MONDO:0013061	biolink:related_to	HGNC:939	0.570684015750885	486	TP-outside-Top50 (rank=486)
MONDO:0976226	biolink:related_to	HGNC:939	0.5457478165626526	3534	TP-outside-Top50 (rank=3534)
MONDO:0014434	biolink:related_to	HGNC:970			MISSING_TRUE_GENE
MONDO:0100058	biolink:related_to	HGNC:977			MISSING_TRUE_GENE
MONDO:0015270	biolink:related_to	HGNC:983	0.9316509962081909	380	TP-outside-Top50 (rank=380)
MONDO:0014914	biolink:related_to	HGNC:13221			MISSING_TRUE_GENE
MONDO:0012271	biolink:related_to	HGNC:35126	0.994482159614563	1	Top10-TP (rank=1)
MONDO:0009222	biolink:related_to	HGNC:35126	0.8838499188423157	169	TP-outside-Top50 (rank=169)
MONDO:0013595	biolink:related_to	HGNC:1062			MISSING_TRUE_GENE
MONDO:0008276	biolink:related_to	HGNC:6770	0.8957687020301819	100	TP-outside-Top50 (rank=100)
MONDO:0007845	biolink:related_to	HGNC:3581	0.7094327807426453	4274	TP-outside-Top50 (rank=4274)
MONDO:0011584	biolink:related_to	HGNC:1101	0.878186047077179	941	TP-outside-Top50 (rank=941)
MONDO:0013235	biolink:related_to	HGNC:1101	0.9336847066879272	1	Top10-TP (rank=1)
MONDO:0958182	biolink:related_to	HGNC:1241			MISSING_TRUE_GENE
MONDO:0013743	biolink:related_to	HGNC:2956			MISSING_TRUE_GENE
MONDO:0032687	biolink:related_to	HGNC:26033			MISSING_TRUE_GENE
MONDO:0009271	biolink:related_to	HGNC:9721	0.9634568691253662	105	TP-outside-Top50 (rank=105)
MONDO:0013051	biolink:related_to	HGNC:9721	0.9904391765594482	18	Top50-TP (rank=18)
MONDO:0032686	biolink:related_to	HGNC:25326			MISSING_TRUE_GENE
MONDO:0018421	biolink:related_to	HGNC:17168	0.872784435749054	204	TP-outside-Top50 (rank=204)
MONDO:0013641	biolink:related_to	HGNC:17168	0.9932035207748413	18	Top50-TP (rank=18)
MONDO:0032867	biolink:related_to	HGNC:18072			MISSING_TRUE_GENE
MONDO:0016692	biolink:related_to	HGNC:1097	0.940843403339386	33	Top50-TP (rank=33)
MONDO:0958001	biolink:related_to	HGNC:9859			MISSING_TRUE_GENE
MONDO:0014506	biolink:related_to	HGNC:9870	0.8940573334693909	301	TP-outside-Top50 (rank=301)
MONDO:0018877	biolink:related_to	HGNC:9940	0.6847362518310547	3397	TP-outside-Top50 (rank=3397)
MONDO:0009039	biolink:related_to	HGNC:9949	0.9101417064666748	253	TP-outside-Top50 (rank=253)
MONDO:0016369	biolink:related_to	HGNC:9949	0.7505203485488892	184	TP-outside-Top50 (rank=184)
MONDO:0009955	biolink:related_to	HGNC:9949	0.6634703278541565	2322	TP-outside-Top50 (rank=2322)
MONDO:0012453	biolink:related_to	HGNC:25786	0.9924160242080688	3	Top10-TP (rank=3)
MONDO:0054696	biolink:related_to	HGNC:9956	0.5581275820732117	1990	TP-outside-Top50 (rank=1990)
MONDO:0700090	biolink:related_to	HGNC:6572			MISSING_TRUE_GENE
MONDO:0014779	biolink:related_to	HGNC:9966	0.306674599647522	9726	TP-outside-Top50 (rank=9726)
MONDO:0024309	biolink:related_to	HGNC:25964			MISSING_TRUE_GENE
MONDO:0971014	biolink:related_to	HGNC:9986			MISSING_TRUE_GENE
MONDO:0971016	biolink:related_to	HGNC:9986			MISSING_TRUE_GENE
MONDO:0007856	biolink:related_to	HGNC:20788	0.6486347317695618	307	TP-outside-Top50 (rank=307)
MONDO:0032884	biolink:related_to	HGNC:667	0.38129591941833496	995	TP-outside-Top50 (rank=995)
MONDO:0020849	biolink:related_to	HGNC:10019			MISSING_TRUE_GENE
MONDO:0060745	biolink:related_to	HGNC:10258	0.9836404919624329	90	TP-outside-Top50 (rank=90)
MONDO:0013964	biolink:related_to	HGNC:10327			MISSING_TRUE_GENE
MONDO:0018435	biolink:related_to	HGNC:10381			MISSING_TRUE_GENE
MONDO:0012924	biolink:related_to	HGNC:10397	0.5331012010574341	1425	TP-outside-Top50 (rank=1425)
MONDO:0957993	biolink:related_to	HGNC:10451			MISSING_TRUE_GENE
MONDO:0012979	biolink:related_to	HGNC:21057	0.9996711015701294	1	Top10-TP (rank=1)
MONDO:0017402	biolink:related_to	HGNC:3036	0.9127878546714783	20	Top50-TP (rank=20)
MONDO:0012864	biolink:related_to	HGNC:21637			MISSING_TRUE_GENE
MONDO:0014117	biolink:related_to	HGNC:10542			MISSING_TRUE_GENE
MONDO:0009699	biolink:related_to	HGNC:1665			MISSING_TRUE_GENE
MONDO:0014156	biolink:related_to	HGNC:10589	0.9569738507270813	65	TP-outside-Top50 (rank=65)
MONDO:0007571	biolink:related_to	HGNC:10597	0.9987254738807678	1	Top10-TP (rank=1)
MONDO:0008179	biolink:related_to	HGNC:10597	0.9980454444885254	1	Top10-TP (rank=1)
MONDO:0011740	biolink:related_to	HGNC:10683			MISSING_TRUE_GENE
MONDO:0800046	biolink:related_to	HGNC:30972			MISSING_TRUE_GENE
MONDO:0029144	biolink:related_to	HGNC:10719			MISSING_TRUE_GENE
MONDO:0007404	biolink:related_to	HGNC:2516	0.0644141286611557	3782	TP-outside-Top50 (rank=3782)
MONDO:0009883	biolink:related_to	HGNC:9075	0.8828791379928589	354	TP-outside-Top50 (rank=354)
MONDO:0011412	biolink:related_to	HGNC:8943			MISSING_TRUE_GENE
MONDO:0033559	biolink:related_to	HGNC:29187			MISSING_TRUE_GENE
MONDO:0014261	biolink:related_to	HGNC:16088	0.998995840549469	1	Top10-TP (rank=1)
MONDO:0009677	biolink:related_to	HGNC:10809			MISSING_TRUE_GENE
MONDO:0030866	biolink:related_to	HGNC:10852			MISSING_TRUE_GENE
MONDO:0013256	biolink:related_to	HGNC:19353	0.9994484782218933	1	Top10-TP (rank=1)
MONDO:0007999	biolink:related_to	HGNC:10889			MISSING_TRUE_GENE
MONDO:0009019	biolink:related_to	HGNC:16438			MISSING_TRUE_GENE
MONDO:0013827	biolink:related_to	HGNC:11051			MISSING_TRUE_GENE
MONDO:0010278	biolink:related_to	HGNC:11079	0.9999246597290039	1	Top10-TP (rank=1)
MONDO:0014718	biolink:related_to	HGNC:13818			MISSING_TRUE_GENE
MONDO:0014490	biolink:related_to	HGNC:10922	0.8445126414299011	234	TP-outside-Top50 (rank=234)
MONDO:0009501	biolink:related_to	HGNC:10922	0.8888176679611206	115	TP-outside-Top50 (rank=115)
MONDO:0012396	biolink:related_to	HGNC:10922	0.5494453310966492	1141	TP-outside-Top50 (rank=1141)
MONDO:0008919	biolink:related_to	HGNC:10969	0.9977939128875732	1	Top10-TP (rank=1)
MONDO:0018264	biolink:related_to	HGNC:20611	0.994608998298645	1	Top10-TP (rank=1)
MONDO:0011273	biolink:related_to	HGNC:23096	0.999889612197876	1	Top10-TP (rank=1)
MONDO:0013208	biolink:related_to	HGNC:25355	0.998161256313324	1	Top10-TP (rank=1)
MONDO:0958331	biolink:related_to	HGNC:11018	0.9999264478683472	1	Top10-TP (rank=1)
MONDO:0009928	biolink:related_to	HGNC:11020	0.4799762964248657	559	TP-outside-Top50 (rank=559)
MONDO:0008713	biolink:related_to	HGNC:17129			MISSING_TRUE_GENE
MONDO:0014864	biolink:related_to	HGNC:20858	0.9992423057556152	1	Top10-TP (rank=1)
MONDO:0044322	biolink:related_to	HGNC:17939	0.9999099969863892	1	Top10-TP (rank=1)
MONDO:0014013	biolink:related_to	HGNC:30225			MISSING_TRUE_GENE
MONDO:0007688	biolink:related_to	HGNC:6770	0.9937475919723511	128	TP-outside-Top50 (rank=128)
MONDO:0008278	biolink:related_to	HGNC:6770	0.9713502526283264	289	TP-outside-Top50 (rank=289)
MONDO:0859139	biolink:related_to	HGNC:11098	0.9883747100830078	26	Top50-TP (rank=26)
MONDO:0044282	biolink:related_to	HGNC:44204			MISSING_TRUE_GENE
MONDO:0009006	biolink:related_to	HGNC:1248	0.9800706505775452	12	Top50-TP (rank=12)
MONDO:0054680	biolink:related_to	HGNC:19721	0.9562995433807373	18	Top50-TP (rank=18)
MONDO:0009629	biolink:related_to	HGNC:19721	0.9968097805976868	50	Top50-TP (rank=50)
MONDO:0036189	biolink:related_to	HGNC:11182	0.9995866417884827	1	Top10-TP (rank=1)
MONDO:0009397	biolink:related_to	HGNC:1514	0.9936758875846863	1	Top10-TP (rank=1)
MONDO:0011013	biolink:related_to	HGNC:1514	0.9891583919525146	2	Top10-TP (rank=2)
MONDO:0007791	biolink:related_to	HGNC:1514	0.9774790406227112	29	Top50-TP (rank=29)
MONDO:0013032	biolink:related_to	HGNC:1514	0.96966153383255	96	TP-outside-Top50 (rank=96)
MONDO:0013571	biolink:related_to	HGNC:1516	0.4671599566936493	1944	TP-outside-Top50 (rank=1944)
MONDO:0030714	biolink:related_to	HGNC:26185			MISSING_TRUE_GENE
MONDO:0014027	biolink:related_to	HGNC:11161			MISSING_TRUE_GENE
MONDO:0008799	biolink:related_to	HGNC:11195			MISSING_TRUE_GENE
MONDO:0031084	biolink:related_to	HGNC:14530	0.9877188205718994	1	Top10-TP (rank=1)
MONDO:0975842	biolink:related_to	HGNC:30705	0.9985353946685791	1	Top10-TP (rank=1)
MONDO:0975843	biolink:related_to	HGNC:30705	0.9970496892929077	1	Top10-TP (rank=1)
MONDO:0010850	biolink:related_to	HGNC:29022	0.9688702821731567	182	TP-outside-Top50 (rank=182)
MONDO:0976265	biolink:related_to	HGNC:26933			MISSING_TRUE_GENE
MONDO:0012669	biolink:related_to	HGNC:20249			MISSING_TRUE_GENE
MONDO:0957815	biolink:related_to	HGNC:11273			MISSING_TRUE_GENE
MONDO:0008086	biolink:related_to	HGNC:11277			MISSING_TRUE_GENE
MONDO:0014945	biolink:related_to	HGNC:11280	0.7913340926170349	492	TP-outside-Top50 (rank=492)
MONDO:0008176	biolink:related_to	HGNC:11280	0.24042865633964539	4297	TP-outside-Top50 (rank=4297)
MONDO:0957809	biolink:related_to	HGNC:11302			MISSING_TRUE_GENE
MONDO:0013851	biolink:related_to	HGNC:11303			MISSING_TRUE_GENE
MONDO:0007818	biolink:related_to	HGNC:11364	0.8648600578308105	127	TP-outside-Top50 (rank=127)
MONDO:0100219	biolink:related_to	HGNC:11367	0.7930800914764404	1216	TP-outside-Top50 (rank=1216)
MONDO:0049222	biolink:related_to	HGNC:26239			MISSING_TRUE_GENE
MONDO:0014339	biolink:related_to	HGNC:11427	0.6042898297309875	3919	TP-outside-Top50 (rank=3919)
MONDO:0009504	biolink:related_to	HGNC:11449			MISSING_TRUE_GENE
MONDO:0009283	biolink:related_to	HGNC:16001	0.9944695234298706	1	Top10-TP (rank=1)
MONDO:0010089	biolink:related_to	HGNC:11460			MISSING_TRUE_GENE
MONDO:0033620	biolink:related_to	HGNC:11480			MISSING_TRUE_GENE
MONDO:0009776	biolink:related_to	HGNC:11490			MISSING_TRUE_GENE
MONDO:0013072	biolink:related_to	HGNC:17084			MISSING_TRUE_GENE
MONDO:0014233	biolink:related_to	HGNC:11503	0.9842014908790588	2	Top10-TP (rank=2)
MONDO:0010429	biolink:related_to	HGNC:11506			MISSING_TRUE_GENE
MONDO:0008777	biolink:related_to	HGNC:11530			MISSING_TRUE_GENE
MONDO:0014398	biolink:related_to	HGNC:30740			MISSING_TRUE_GENE
MONDO:0859148	biolink:related_to	HGNC:29183			MISSING_TRUE_GENE
MONDO:0014296	biolink:related_to	HGNC:16133			MISSING_TRUE_GENE
MONDO:0044646	biolink:related_to	HGNC:11581			MISSING_TRUE_GENE
MONDO:0014823	biolink:related_to	HGNC:28261			MISSING_TRUE_GENE
MONDO:0009845	biolink:related_to	HGNC:11594	0.9999855756759644	1	Top10-TP (rank=1)
MONDO:0020434	biolink:related_to	HGNC:11598			MISSING_TRUE_GENE
MONDO:0957428	biolink:related_to	HGNC:11633	0.6214335560798645	85	TP-outside-Top50 (rank=85)
MONDO:0600030	biolink:related_to	HGNC:8632			MISSING_TRUE_GENE
MONDO:0011801	biolink:related_to	HGNC:18884			MISSING_TRUE_GENE
MONDO:0012197	biolink:related_to	HGNC:19440	0.9133516550064087	16	Top50-TP (rank=16)
MONDO:0019157	biolink:related_to	HGNC:25941	0.4954332709312439	755	TP-outside-Top50 (rank=755)
MONDO:0015041	biolink:related_to	HGNC:25941	0.4979877769947052	407	TP-outside-Top50 (rank=407)
MONDO:0008209	biolink:related_to	HGNC:11743	0.9842320680618286	5	Top10-TP (rank=5)
MONDO:0018758	biolink:related_to	HGNC:11743	0.9103427529335022	72	TP-outside-Top50 (rank=72)
MONDO:0014295	biolink:related_to	HGNC:11758	0.7904373407363892	779	TP-outside-Top50 (rank=779)
MONDO:0011417	biolink:related_to	HGNC:11762			MISSING_TRUE_GENE
MONDO:0017308	biolink:related_to	HGNC:11773	0.9758588075637817	76	TP-outside-Top50 (rank=76)
MONDO:0010496	biolink:related_to	HGNC:19073	0.9872686862945557	51	TP-outside-Top50 (rank=51)
MONDO:0044724	biolink:related_to	HGNC:23656	0.9537583589553833	41	Top50-TP (rank=41)
MONDO:0032927	biolink:related_to	HGNC:24552	0.9946156144142151	38	Top50-TP (rank=38)
MONDO:0008922	biolink:related_to	HGNC:24552	0.8603489398956299	631	TP-outside-Top50 (rank=631)
MONDO:0011459	biolink:related_to	HGNC:28472	0.7998822331428528	157	TP-outside-Top50 (rank=157)
MONDO:0011833	biolink:related_to	HGNC:25186			MISSING_TRUE_GENE
MONDO:0008788	biolink:related_to	HGNC:16517			MISSING_TRUE_GENE
MONDO:0032887	biolink:related_to	HGNC:30739			MISSING_TRUE_GENE
MONDO:0013195	biolink:related_to	HGNC:11943	0.9995207786560059	1	Top10-TP (rank=1)
MONDO:0013369	biolink:related_to	HGNC:11947	0.4884120523929596	751	TP-outside-Top50 (rank=751)
MONDO:0020628	biolink:related_to	HGNC:11992	0.9650781750679016	29	Top50-TP (rank=29)
MONDO:0020845	biolink:related_to	HGNC:11992	0.9882881045341492	3	Top10-TP (rank=3)
MONDO:0034991	biolink:related_to	HGNC:11992	0.9422812461853027	5	Top10-TP (rank=5)
MONDO:0100218	biolink:related_to	HGNC:3098			MISSING_TRUE_GENE
MONDO:0800341	biolink:related_to	HGNC:12012	0.9119449853897095	128	TP-outside-Top50 (rank=128)
MONDO:0018780	biolink:related_to	HGNC:12012	0.34532487392425537	905	TP-outside-Top50 (rank=905)
MONDO:0033009	biolink:related_to	HGNC:24259			MISSING_TRUE_GENE
MONDO:0032572	biolink:related_to	HGNC:20456	0.9999852180480957	1	Top10-TP (rank=1)
MONDO:0032894	biolink:related_to	HGNC:19943	0.9622596502304077	73	TP-outside-Top50 (rank=73)
MONDO:0044696	biolink:related_to	HGNC:24284			MISSING_TRUE_GENE
MONDO:0012803	biolink:related_to	HGNC:12266			MISSING_TRUE_GENE
MONDO:0014487	biolink:related_to	HGNC:17341	0.9955033659934998	1	Top10-TP (rank=1)
MONDO:0014850	biolink:related_to	HGNC:17341	0.9946988821029663	3	Top10-TP (rank=3)
MONDO:0007232	biolink:related_to	HGNC:18083	0.9901800155639648	11	Top50-TP (rank=11)
MONDO:0010839	biolink:related_to	HGNC:18083	0.9942726492881775	1	Top10-TP (rank=1)
MONDO:0011633	biolink:related_to	HGNC:18083	0.9982630610466003	1	Top10-TP (rank=1)
MONDO:0008477	biolink:related_to	HGNC:18083	0.995922327041626	23	Top50-TP (rank=23)
MONDO:0014063	biolink:related_to	HGNC:26006			MISSING_TRUE_GENE
MONDO:0018763	biolink:related_to	HGNC:20772			MISSING_TRUE_GENE
MONDO:0009624	biolink:related_to	HGNC:18127			MISSING_TRUE_GENE
MONDO:0018197	biolink:related_to	HGNC:1160	0.9435355067253113	243	TP-outside-Top50 (rank=243)
MONDO:0957588	biolink:related_to	HGNC:29877			MISSING_TRUE_GENE
MONDO:0859207	biolink:related_to	HGNC:12499	0.9683520197868347	37	Top50-TP (rank=37)
MONDO:0007374	biolink:related_to	HGNC:30791	0.5021830201148987	189	TP-outside-Top50 (rank=189)
MONDO:0044701	biolink:related_to	HGNC:12511			MISSING_TRUE_GENE
MONDO:0060752	biolink:related_to	HGNC:26941			MISSING_TRUE_GENE
MONDO:0031052	biolink:related_to	HGNC:25640	0.9900780916213989	4	Top10-TP (rank=4)
MONDO:0060702	biolink:related_to	HGNC:25640	0.9946256279945374	16	Top50-TP (rank=16)
MONDO:0957240	biolink:related_to	HGNC:12565			MISSING_TRUE_GENE
MONDO:0011405	biolink:related_to	HGNC:25792			MISSING_TRUE_GENE
MONDO:0018821	biolink:related_to	HGNC:12632			MISSING_TRUE_GENE
MONDO:0011837	biolink:related_to	HGNC:23663			MISSING_TRUE_GENE
MONDO:0030312	biolink:related_to	HGNC:12713			MISSING_TRUE_GENE
MONDO:0014845	biolink:related_to	HGNC:28385			MISSING_TRUE_GENE
MONDO:0009073	biolink:related_to	HGNC:28984			MISSING_TRUE_GENE
MONDO:0011339	biolink:related_to	HGNC:28984			MISSING_TRUE_GENE
MONDO:0007883	biolink:related_to	HGNC:12754			MISSING_TRUE_GENE
MONDO:0060704	biolink:related_to	HGNC:25072	0.9917200803756714	1	Top10-TP (rank=1)
MONDO:0018417	biolink:related_to	HGNC:30914	0.18505342304706573	2295	TP-outside-Top50 (rank=2295)
MONDO:0019374	biolink:related_to	HGNC:25928	0.9807986617088318	70	TP-outside-Top50 (rank=70)
MONDO:0010963	biolink:related_to	HGNC:12762	0.9664137959480286	111	TP-outside-Top50 (rank=111)
MONDO:0009101	biolink:related_to	HGNC:12762	0.9791005849838257	18	Top50-TP (rank=18)
MONDO:0014086	biolink:related_to	HGNC:12774	0.9857375621795654	32	Top50-TP (rank=32)
MONDO:0019409	biolink:related_to	HGNC:12774	0.971577525138855	19	Top50-TP (rank=19)
MONDO:0007881	biolink:related_to	HGNC:13829	0.998569130897522	1	Top10-TP (rank=1)
MONDO:0009773	biolink:related_to	HGNC:13829	0.999765932559967	1	Top10-TP (rank=1)
MONDO:0033116	biolink:related_to	HGNC:12828	0.9160171151161194	236	TP-outside-Top50 (rank=236)
MONDO:0007355	biolink:related_to	HGNC:16262			MISSING_TRUE_GENE
MONDO:0025690	biolink:related_to	HGNC:24877			MISSING_TRUE_GENE
MONDO:0010044	biolink:related_to	HGNC:20761			MISSING_TRUE_GENE
MONDO:0975841	biolink:related_to	HGNC:34519			MISSING_TRUE_GENE
MONDO:0030716	biolink:related_to	HGNC:15662	0.9968807697296143	2	Top10-TP (rank=2)
MONDO:0030787	biolink:related_to	HGNC:26993			MISSING_TRUE_GENE
MONDO:0008881	biolink:related_to	HGNC:2500	0.9993565678596497	1	Top10-TP (rank=1)
MONDO:0030875	biolink:related_to	HGNC:1591	0.6377222537994385	633	TP-outside-Top50 (rank=633)
MONDO:0009413	biolink:related_to	HGNC:1633			MISSING_TRUE_GENE
MONDO:0013288	biolink:related_to	HGNC:1698			MISSING_TRUE_GENE
MONDO:0009135	biolink:related_to	HGNC:1713			MISSING_TRUE_GENE
MONDO:0012091	biolink:related_to	HGNC:1718	0.46817803382873535	117	TP-outside-Top50 (rank=117)
MONDO:0859521	biolink:related_to	HGNC:1723			MISSING_TRUE_GENE
MONDO:0013873	biolink:related_to	HGNC:1786	0.9928640127182007	27	Top50-TP (rank=27)
MONDO:0016476	biolink:related_to	HGNC:1786	0.9857321381568909	120	TP-outside-Top50 (rank=120)
MONDO:0054723	biolink:related_to	HGNC:26684			MISSING_TRUE_GENE
MONDO:0009366	biolink:related_to	HGNC:26684			MISSING_TRUE_GENE
MONDO:0044308	biolink:related_to	HGNC:27232	0.9999945163726807	1	Top10-TP (rank=1)
MONDO:0013892	biolink:related_to	HGNC:24668			MISSING_TRUE_GENE
MONDO:0012474	biolink:related_to	HGNC:1956	0.9437710642814636	20	Top50-TP (rank=20)
MONDO:0014583	biolink:related_to	HGNC:1965			MISSING_TRUE_GENE
MONDO:0014585	biolink:related_to	HGNC:1965			MISSING_TRUE_GENE
MONDO:0030910	biolink:related_to	HGNC:14214			MISSING_TRUE_GENE
MONDO:0859188	biolink:related_to	HGNC:2021			MISSING_TRUE_GENE
MONDO:0859187	biolink:related_to	HGNC:2021			MISSING_TRUE_GENE
MONDO:0009904	biolink:related_to	HGNC:2027	0.959634006023407	12	Top50-TP (rank=12)
MONDO:0011822	biolink:related_to	HGNC:2027	0.9998835325241089	1	Top10-TP (rank=1)
MONDO:0030905	biolink:related_to	HGNC:33939	0.9355689883232117	43	Top50-TP (rank=43)
MONDO:0020787	biolink:related_to	HGNC:103			MISSING_TRUE_GENE
MONDO:0032787	biolink:related_to	HGNC:7877			MISSING_TRUE_GENE
MONDO:0009159	biolink:related_to	HGNC:2198	0.9874934554100037	11	Top50-TP (rank=11)
MONDO:0017791	biolink:related_to	HGNC:2198	0.9852566123008728	65	TP-outside-Top50 (rank=65)
MONDO:0958236	biolink:related_to	HGNC:2213	0.9985166192054749	1	Top10-TP (rank=1)
MONDO:0014627	biolink:related_to	HGNC:2213	0.9744762182235718	21	Top50-TP (rank=21)
MONDO:0011493	biolink:related_to	HGNC:2186	0.9989783763885498	1	Top10-TP (rank=1)
MONDO:0014745	biolink:related_to	HGNC:2190			MISSING_TRUE_GENE
MONDO:0859002	biolink:related_to	HGNC:2231			MISSING_TRUE_GENE
MONDO:0020715	biolink:related_to	HGNC:25223			MISSING_TRUE_GENE
MONDO:0013836	biolink:related_to	HGNC:20233	0.9642601013183594	66	TP-outside-Top50 (rank=66)
MONDO:0054764	biolink:related_to	HGNC:2342			MISSING_TRUE_GENE
MONDO:0012519	biolink:related_to	HGNC:2348	0.9700793623924255	82	TP-outside-Top50 (rank=82)
MONDO:0018256	biolink:related_to	HGNC:2348	0.9354569315910339	38	Top50-TP (rank=38)
MONDO:0008393	biolink:related_to	HGNC:2348	0.9933198690414429	59	TP-outside-Top50 (rank=59)
MONDO:0013449	biolink:related_to	HGNC:2383	0.7758677005767822	99	TP-outside-Top50 (rank=99)
MONDO:0011937	biolink:related_to	HGNC:2481	0.8745271563529968	75	TP-outside-Top50 (rank=75)
MONDO:0009058	biolink:related_to	HGNC:2501	0.4874122142791748	2946	TP-outside-Top50 (rank=2946)
MONDO:0009490	biolink:related_to	HGNC:2528	0.6242983937263489	1126	TP-outside-Top50 (rank=1126)
MONDO:0030374	biolink:related_to	HGNC:6027			MISSING_TRUE_GENE
MONDO:0019597	biolink:related_to	HGNC:2570	0.7926458120346069	273	TP-outside-Top50 (rank=273)
MONDO:0013400	biolink:related_to	HGNC:2590	0.6813026666641235	456	TP-outside-Top50 (rank=456)
MONDO:0017839	biolink:related_to	HGNC:2600	0.9523288011550903	12	Top50-TP (rank=12)
MONDO:0010239	biolink:related_to	HGNC:2714			MISSING_TRUE_GENE
MONDO:0012084	biolink:related_to	HGNC:2719			MISSING_TRUE_GENE
MONDO:0975838	biolink:related_to	HGNC:2750			MISSING_TRUE_GENE
MONDO:0007424	biolink:related_to	HGNC:2876	0.7218920588493347	1409	TP-outside-Top50 (rank=1409)
MONDO:0016097	biolink:related_to	HGNC:2928	0.9167221188545227	131	TP-outside-Top50 (rank=131)
MONDO:0014203	biolink:related_to	HGNC:21493	0.9996355772018433	1	Top10-TP (rank=1)
MONDO:0014231	biolink:related_to	HGNC:15469			MISSING_TRUE_GENE
MONDO:0859293	biolink:related_to	HGNC:28662			MISSING_TRUE_GENE
MONDO:0100217	biolink:related_to	HGNC:3004			MISSING_TRUE_GENE
MONDO:0859295	biolink:related_to	HGNC:24270			MISSING_TRUE_GENE
MONDO:0012569	biolink:related_to	HGNC:20908	0.6416009664535522	530	TP-outside-Top50 (rank=530)
MONDO:0011527	biolink:related_to	HGNC:3239	0.954275906085968	28	Top50-TP (rank=28)
MONDO:0007790	biolink:related_to	HGNC:3239	0.9931635856628418	1	Top10-TP (rank=1)
MONDO:0030036	biolink:related_to	HGNC:24921	0.8717837929725647	1123	TP-outside-Top50 (rank=1123)
MONDO:0018822	biolink:related_to	HGNC:28957			MISSING_TRUE_GENE
MONDO:0100531	biolink:related_to	HGNC:3331	0.8437927961349487	1081	TP-outside-Top50 (rank=1081)
MONDO:0007288	biolink:related_to	HGNC:3386	0.6250433325767517	242	TP-outside-Top50 (rank=242)
MONDO:0033047	biolink:related_to	HGNC:3424			MISSING_TRUE_GENE
MONDO:0019569	biolink:related_to	HGNC:3439	0.9995421171188354	1	Top10-TP (rank=1)
MONDO:0014148	biolink:related_to	HGNC:3467	0.2003253847360611	967	TP-outside-Top50 (rank=967)
HGNC:2511	biolink:related_to	MONDO:0000908			MISSING_TRUE_GENE
HGNC:10632	biolink:related_to	MONDO:0004951			MISSING_TRUE_GENE
HGNC:5962	biolink:related_to	MONDO:0004951			MISSING_TRUE_GENE
HGNC:1641	biolink:related_to	MONDO:0004951			MISSING_TRUE_GENE
HGNC:1606	biolink:related_to	MONDO:0004951			MISSING_TRUE_GENE
HGNC:10610	biolink:related_to	MONDO:0004951			MISSING_TRUE_GENE
HGNC:6949	biolink:related_to	MONDO:0006065			MISSING_TRUE_GENE
HGNC:7678	biolink:related_to	MONDO:0010269			MISSING_TRUE_GENE
HGNC:1952	biolink:related_to	MONDO:0007032			MISSING_TRUE_GENE
HGNC:7882	biolink:related_to	MONDO:0007057			MISSING_TRUE_GENE
HGNC:7105	biolink:related_to	MONDO:0007077			MISSING_TRUE_GENE
HGNC:6392	biolink:related_to	MONDO:0007109			MISSING_TRUE_GENE
HGNC:8117	biolink:related_to	MONDO:0007137			MISSING_TRUE_GENE
HGNC:12011	biolink:related_to	MONDO:0007157			MISSING_TRUE_GENE
HGNC:7413	biolink:related_to	MONDO:0007205			MISSING_TRUE_GENE
HGNC:6174	biolink:related_to	MONDO:0008306			MISSING_TRUE_GENE
HGNC:11153	biolink:related_to	MONDO:0007301			MISSING_TRUE_GENE
HGNC:16400	biolink:related_to	MONDO:0008633			MISSING_TRUE_GENE
HGNC:1228	biolink:related_to	MONDO:0015054			MISSING_TRUE_GENE
HGNC:6081	biolink:related_to	MONDO:0030089			MISSING_TRUE_GENE
HGNC:14415	biolink:related_to	MONDO:0008377			MISSING_TRUE_GENE
HGNC:171	biolink:related_to	MONDO:0007606			MISSING_TRUE_GENE
HGNC:35	biolink:related_to	MONDO:0007610			MISSING_TRUE_GENE
HGNC:6770	biolink:related_to	MONDO:0008276			MISSING_TRUE_GENE
HGNC:19317	biolink:related_to	MONDO:0008377			MISSING_TRUE_GENE
HGNC:2187	biolink:related_to	MONDO:0014343			MISSING_TRUE_GENE
HGNC:2217	biolink:related_to	MONDO:0007740			MISSING_TRUE_GENE
HGNC:1869	biolink:related_to	MONDO:0007744			MISSING_TRUE_GENE
HGNC:11052	biolink:related_to	MONDO:0007777			MISSING_TRUE_GENE
HGNC:4172	biolink:related_to	MONDO:0007797			MISSING_TRUE_GENE
HGNC:1802	biolink:related_to	MONDO:0007805			MISSING_TRUE_GENE
HGNC:6439	biolink:related_to	MONDO:0007813			MISSING_TRUE_GENE
HGNC:11603	biolink:related_to	MONDO:0007841			MISSING_TRUE_GENE
HGNC:3581	biolink:related_to	MONDO:0007845			MISSING_TRUE_GENE
HGNC:30497	biolink:related_to	MONDO:0011778			MISSING_TRUE_GENE
HGNC:10447	biolink:related_to	MONDO:0014343			MISSING_TRUE_GENE
HGNC:219	biolink:related_to	MONDO:0007922			MISSING_TRUE_GENE
HGNC:4274	biolink:related_to	MONDO:0007922			MISSING_TRUE_GENE
HGNC:24097	biolink:related_to	MONDO:0007922			MISSING_TRUE_GENE
HGNC:9459	biolink:related_to	MONDO:0007922			MISSING_TRUE_GENE
HGNC:1541	biolink:related_to	MONDO:0007922			MISSING_TRUE_GENE
HGNC:1850	biolink:related_to	MONDO:0007922			MISSING_TRUE_GENE
HGNC:3446	biolink:related_to	MONDO:0007922			MISSING_TRUE_GENE
HGNC:3801	biolink:related_to	MONDO:0007922			MISSING_TRUE_GENE
HGNC:8005	biolink:related_to	MONDO:0007922			MISSING_TRUE_GENE
HGNC:9115	biolink:related_to	MONDO:0007922			MISSING_TRUE_GENE
HGNC:10023	biolink:related_to	MONDO:0014343			MISSING_TRUE_GENE
HGNC:6842	biolink:related_to	MONDO:0007922			MISSING_TRUE_GENE
HGNC:28993	biolink:related_to	MONDO:0014797			MISSING_TRUE_GENE
HGNC:9801	biolink:related_to	MONDO:0007922			MISSING_TRUE_GENE
HGNC:12363	biolink:related_to	MONDO:0007922			MISSING_TRUE_GENE
HGNC:4439	biolink:related_to	MONDO:0008332			MISSING_TRUE_GENE
HGNC:8031	biolink:related_to	MONDO:0007958			MISSING_TRUE_GENE
HGNC:20444	biolink:related_to	MONDO:0007974			MISSING_TRUE_GENE
HGNC:8029	biolink:related_to	MONDO:0008002			MISSING_TRUE_GENE
HGNC:11277	biolink:related_to	MONDO:0008086			MISSING_TRUE_GENE
HGNC:11050	biolink:related_to	MONDO:0008114			MISSING_TRUE_GENE
HGNC:9942	biolink:related_to	MONDO:0020382			MISSING_TRUE_GENE
HGNC:6263	biolink:related_to	MONDO:0008222			MISSING_TRUE_GENE
HGNC:2343	biolink:related_to	MONDO:0008246			MISSING_TRUE_GENE
HGNC:4261	biolink:related_to	MONDO:0009879			MISSING_TRUE_GENE
HGNC:9210	biolink:related_to	MONDO:0014343			MISSING_TRUE_GENE
HGNC:4510	biolink:related_to	MONDO:0958354			MISSING_TRUE_GENE
HGNC:12877	biolink:related_to	MONDO:0008310			MISSING_TRUE_GENE
HGNC:6052	biolink:related_to	MONDO:0008379			MISSING_TRUE_GENE
HGNC:2770	biolink:related_to	MONDO:0008407			MISSING_TRUE_GENE
HGNC:11602	biolink:related_to	MONDO:0008411			MISSING_TRUE_GENE
HGNC:492	biolink:related_to	MONDO:0008447			MISSING_TRUE_GENE
HGNC:3531	biolink:related_to	MONDO:0008559			MISSING_TRUE_GENE
HGNC:12450	biolink:related_to	MONDO:0044276			MISSING_TRUE_GENE
HGNC:10908	biolink:related_to	MONDO:0008787			MISSING_TRUE_GENE
HGNC:6180	biolink:related_to	MONDO:0011694			MISSING_TRUE_GENE
HGNC:11195	biolink:related_to	MONDO:0014343			MISSING_TRUE_GENE
HGNC:16912	biolink:related_to	MONDO:0008879			MISSING_TRUE_GENE
HGNC:10600	biolink:related_to	MONDO:0020607			MISSING_TRUE_GENE
HGNC:3018	biolink:related_to	MONDO:0008964			MISSING_TRUE_GENE
HGNC:8860	biolink:related_to	MONDO:0008972			MISSING_TRUE_GENE
HGNC:28027	biolink:related_to	MONDO:0009008			MISSING_TRUE_GENE
HGNC:3602	biolink:related_to	MONDO:0009052			MISSING_TRUE_GENE
HGNC:2518	biolink:related_to	MONDO:0009064			MISSING_TRUE_GENE
HGNC:6694	biolink:related_to	MONDO:0009104			MISSING_TRUE_GENE
HGNC:20105	biolink:related_to	MONDO:0009168			MISSING_TRUE_GENE
HGNC:3255	biolink:related_to	MONDO:0009192			MISSING_TRUE_GENE
HGNC:3528	biolink:related_to	MONDO:0009212			MISSING_TRUE_GENE
HGNC:11006	biolink:related_to	MONDO:0009216			MISSING_TRUE_GENE
HGNC:12786	biolink:related_to	MONDO:0009232			MISSING_TRUE_GENE
HGNC:6315	biolink:related_to	MONDO:0009252			MISSING_TRUE_GENE
HGNC:4298	biolink:related_to	MONDO:0009262			MISSING_TRUE_GENE
HGNC:4817	biolink:related_to	MONDO:0009300			MISSING_TRUE_GENE
HGNC:21176	biolink:related_to	MONDO:0009300			MISSING_TRUE_GENE
HGNC:27960	biolink:related_to	MONDO:0009324			MISSING_TRUE_GENE
HGNC:9202	biolink:related_to	MONDO:0018277			MISSING_TRUE_GENE
HGNC:53	biolink:related_to	MONDO:0009380			MISSING_TRUE_GENE
HGNC:392	biolink:related_to	MONDO:0009416			MISSING_TRUE_GENE
HGNC:7646	biolink:related_to	MONDO:0009472			MISSING_TRUE_GENE
HGNC:11449	biolink:related_to	MONDO:0009504			MISSING_TRUE_GENE
HGNC:5005	biolink:related_to	MONDO:0009520			MISSING_TRUE_GENE
HGNC:2898	biolink:related_to	MONDO:0009529			MISSING_TRUE_GENE
HGNC:20423	biolink:related_to	MONDO:0009549			MISSING_TRUE_GENE
HGNC:4556	biolink:related_to	MONDO:0009593			MISSING_TRUE_GENE
HGNC:7468	biolink:related_to	MONDO:0009609			MISSING_TRUE_GENE
HGNC:18871	biolink:related_to	MONDO:0009613			MISSING_TRUE_GENE
HGNC:6954	biolink:related_to	MONDO:0009617			MISSING_TRUE_GENE
HGNC:8657	biolink:related_to	MONDO:0009625			MISSING_TRUE_GENE
HGNC:13356	biolink:related_to	MONDO:0009653			MISSING_TRUE_GENE
HGNC:26527	biolink:related_to	MONDO:0009657			MISSING_TRUE_GENE
HGNC:1122	biolink:related_to	MONDO:0009665			MISSING_TRUE_GENE
HGNC:10809	biolink:related_to	MONDO:0009677			MISSING_TRUE_GENE
HGNC:9251	biolink:related_to	MONDO:0009737			MISSING_TRUE_GENE
HGNC:22140	biolink:related_to	MONDO:0009821			MISSING_TRUE_GENE
HGNC:8149	biolink:related_to	MONDO:0009825			MISSING_TRUE_GENE
HGNC:12309	biolink:related_to	MONDO:0009841			MISSING_TRUE_GENE
HGNC:11594	biolink:related_to	MONDO:0009845			MISSING_TRUE_GENE
HGNC:464	biolink:related_to	MONDO:0009857			MISSING_TRUE_GENE
HGNC:4263	biolink:related_to	MONDO:0009877			MISSING_TRUE_GENE
HGNC:25240	biolink:related_to	MONDO:0009885			MISSING_TRUE_GENE
HGNC:3356	biolink:related_to	MONDO:0008817			MISSING_TRUE_GENE
HGNC:33	biolink:related_to	MONDO:0800029			MISSING_TRUE_GENE
HGNC:20197	biolink:related_to	MONDO:0009953			MISSING_TRUE_GENE
HGNC:28648	biolink:related_to	MONDO:0009965			MISSING_TRUE_GENE
HGNC:20800	biolink:related_to	MONDO:0010013			MISSING_TRUE_GENE
HGNC:29043	biolink:related_to	MONDO:0010046			MISSING_TRUE_GENE
HGNC:1366	biolink:related_to	MONDO:0010122			MISSING_TRUE_GENE
HGNC:3012	biolink:related_to	MONDO:0017405			MISSING_TRUE_GENE
HGNC:5147	biolink:related_to	MONDO:0010162			MISSING_TRUE_GENE
HGNC:6990	biolink:related_to	MONDO:0010397			MISSING_TRUE_GENE
HGNC:2714	biolink:related_to	MONDO:0010239			MISSING_TRUE_GENE
HGNC:8768	biolink:related_to	MONDO:0010689			MISSING_TRUE_GENE
HGNC:6010	biolink:related_to	MONDO:0010315			MISSING_TRUE_GENE
HGNC:18305	biolink:related_to	MONDO:0010319			MISSING_TRUE_GENE
HGNC:1393	biolink:related_to	MONDO:0008377			MISSING_TRUE_GENE
HGNC:11494	biolink:related_to	MONDO:0010339			MISSING_TRUE_GENE
HGNC:11114	biolink:related_to	MONDO:0010355			MISSING_TRUE_GENE
HGNC:19073	biolink:related_to	MONDO:0010496			MISSING_TRUE_GENE
HGNC:868	biolink:related_to	MONDO:0010504			MISSING_TRUE_GENE
HGNC:6470	biolink:related_to	MONDO:0010569			MISSING_TRUE_GENE
HGNC:9091	biolink:related_to	MONDO:0012892			MISSING_TRUE_GENE
HGNC:30677	biolink:related_to	MONDO:0010610			MISSING_TRUE_GENE
HGNC:5961	biolink:related_to	MONDO:0010631			MISSING_TRUE_GENE
HGNC:869	biolink:related_to	MONDO:0010651			MISSING_TRUE_GENE
HGNC:20439	biolink:related_to	MONDO:0010655			MISSING_TRUE_GENE
HGNC:3776	biolink:related_to	MONDO:0010659			MISSING_TRUE_GENE
HGNC:11535	biolink:related_to	MONDO:0010747			MISSING_TRUE_GENE
HGNC:1810	biolink:related_to	MONDO:0010767			MISSING_TRUE_GENE
HGNC:21504	biolink:related_to	MONDO:0010767			MISSING_TRUE_GENE
HGNC:12668	biolink:related_to	MONDO:0010767			MISSING_TRUE_GENE
HGNC:9912	biolink:related_to	MONDO:0010767			MISSING_TRUE_GENE
HGNC:7499	biolink:related_to	MONDO:0010792			MISSING_TRUE_GENE
HGNC:8607	biolink:related_to	MONDO:0010820			MISSING_TRUE_GENE
HGNC:11276	biolink:related_to	MONDO:0014159			MISSING_TRUE_GENE
HGNC:9008	biolink:related_to	MONDO:0010856			MISSING_TRUE_GENE
HGNC:6776	biolink:related_to	MONDO:0010992			MISSING_TRUE_GENE
HGNC:6207	biolink:related_to	MONDO:0011017			MISSING_TRUE_GENE
HGNC:779	biolink:related_to	MONDO:0011025			MISSING_TRUE_GENE
HGNC:7679	biolink:related_to	MONDO:0011085			MISSING_TRUE_GENE
HGNC:757	biolink:related_to	MONDO:0007363			MISSING_TRUE_GENE
HGNC:11936	biolink:related_to	MONDO:0011158			MISSING_TRUE_GENE
HGNC:17870	biolink:related_to	MONDO:0011190			MISSING_TRUE_GENE
HGNC:9220	biolink:related_to	MONDO:0011226			MISSING_TRUE_GENE
HGNC:16512	biolink:related_to	MONDO:0011242			MISSING_TRUE_GENE
HGNC:1938	biolink:related_to	MONDO:0011246			MISSING_TRUE_GENE
HGNC:10031	biolink:related_to	MONDO:0014343			MISSING_TRUE_GENE
HGNC:8943	biolink:related_to	MONDO:0011412			MISSING_TRUE_GENE
HGNC:5542	biolink:related_to	MONDO:0011436			MISSING_TRUE_GENE
HGNC:19141	biolink:related_to	MONDO:0011464			MISSING_TRUE_GENE
HGNC:9023	biolink:related_to	MONDO:0011472			MISSING_TRUE_GENE
HGNC:12261	biolink:related_to	MONDO:0011484			MISSING_TRUE_GENE
HGNC:17619	biolink:related_to	MONDO:0011504			MISSING_TRUE_GENE
HGNC:13203	biolink:related_to	MONDO:0011528			MISSING_TRUE_GENE
HGNC:5261	biolink:related_to	MONDO:0011532			MISSING_TRUE_GENE
HGNC:9402	biolink:related_to	MONDO:0011540			MISSING_TRUE_GENE
HGNC:9585	biolink:related_to	MONDO:0017218			MISSING_TRUE_GENE
HGNC:9871	biolink:related_to	MONDO:0011556			MISSING_TRUE_GENE
HGNC:11119	biolink:related_to	MONDO:0011556			MISSING_TRUE_GENE
HGNC:1101	biolink:related_to	MONDO:0015278			MISSING_TRUE_GENE
HGNC:15517	biolink:related_to	MONDO:0012892			MISSING_TRUE_GENE
HGNC:8653	biolink:related_to	MONDO:0011628			MISSING_TRUE_GENE
HGNC:8654	biolink:related_to	MONDO:0011628			MISSING_TRUE_GENE
HGNC:16393	biolink:related_to	MONDO:0014645			MISSING_TRUE_GENE
HGNC:16513	biolink:related_to	MONDO:0011708			MISSING_TRUE_GENE
HGNC:10682	biolink:related_to	MONDO:0011740			MISSING_TRUE_GENE
HGNC:10683	biolink:related_to	MONDO:0011740			MISSING_TRUE_GENE
HGNC:19104	biolink:related_to	MONDO:0011756			MISSING_TRUE_GENE
HGNC:5391	biolink:related_to	MONDO:0011760			MISSING_TRUE_GENE
HGNC:14539	biolink:related_to	MONDO:0011784			MISSING_TRUE_GENE
HGNC:10547	biolink:related_to	MONDO:0011816			MISSING_TRUE_GENE
HGNC:17194	biolink:related_to	MONDO:0011836			MISSING_TRUE_GENE
HGNC:17073	biolink:related_to	MONDO:0011908			MISSING_TRUE_GENE
HGNC:15968	biolink:related_to	MONDO:0011916			MISSING_TRUE_GENE
HGNC:21307	biolink:related_to	MONDO:0011932			MISSING_TRUE_GENE
HGNC:2995	biolink:related_to	MONDO:0011964			MISSING_TRUE_GENE
HGNC:10805	biolink:related_to	MONDO:0011968			MISSING_TRUE_GENE
HGNC:3969	biolink:related_to	MONDO:0011972			MISSING_TRUE_GENE
HGNC:5246	biolink:related_to	MONDO:0012080			MISSING_TRUE_GENE
HGNC:2719	biolink:related_to	MONDO:0012084			MISSING_TRUE_GENE
HGNC:7808	biolink:related_to	MONDO:0012092			MISSING_TRUE_GENE
HGNC:30171	biolink:related_to	MONDO:0012096			MISSING_TRUE_GENE
HGNC:32925	biolink:related_to	MONDO:0012116			MISSING_TRUE_GENE
HGNC:12382	biolink:related_to	MONDO:0012124			MISSING_TRUE_GENE
HGNC:1955	biolink:related_to	MONDO:0012156			MISSING_TRUE_GENE
HGNC:6487	biolink:related_to	MONDO:0012184			MISSING_TRUE_GENE
HGNC:47	biolink:related_to	MONDO:0020619			MISSING_TRUE_GENE
HGNC:32434	biolink:related_to	MONDO:0012216			MISSING_TRUE_GENE
HGNC:19714	biolink:related_to	MONDO:0012256			MISSING_TRUE_GENE
HGNC:23419	biolink:related_to	MONDO:0012280			MISSING_TRUE_GENE
HGNC:18365	biolink:related_to	MONDO:0012292			MISSING_TRUE_GENE
HGNC:1848	biolink:related_to	MONDO:0012348			MISSING_TRUE_GENE
HGNC:177	biolink:related_to	MONDO:0012368			MISSING_TRUE_GENE
HGNC:13830	biolink:related_to	MONDO:0012801			MISSING_TRUE_GENE
HGNC:1346	biolink:related_to	MONDO:0012412			MISSING_TRUE_GENE
HGNC:3808	biolink:related_to	MONDO:0012456			MISSING_TRUE_GENE
HGNC:21253	biolink:related_to	MONDO:0012460			MISSING_TRUE_GENE
HGNC:18518	biolink:related_to	MONDO:0012472			MISSING_TRUE_GENE
HGNC:5965	biolink:related_to	MONDO:0012488			MISSING_TRUE_GENE
HGNC:5433	biolink:related_to	MONDO:0012488			MISSING_TRUE_GENE
HGNC:1785	biolink:related_to	MONDO:0012552			MISSING_TRUE_GENE
HGNC:28486	biolink:related_to	MONDO:0012588			MISSING_TRUE_GENE
HGNC:18662	biolink:related_to	MONDO:0012604			MISSING_TRUE_GENE
HGNC:21497	biolink:related_to	MONDO:0012624			MISSING_TRUE_GENE
HGNC:87	biolink:related_to	MONDO:0012648			MISSING_TRUE_GENE
HGNC:8996	biolink:related_to	MONDO:0012656			MISSING_TRUE_GENE
HGNC:18744	biolink:related_to	MONDO:0012906			MISSING_TRUE_GENE
HGNC:24861	biolink:related_to	MONDO:0012930			MISSING_TRUE_GENE
HGNC:10301	biolink:related_to	MONDO:0012938			MISSING_TRUE_GENE
HGNC:1754	biolink:related_to	MONDO:0012946			MISSING_TRUE_GENE
HGNC:10941	biolink:related_to	MONDO:0012982			MISSING_TRUE_GENE
HGNC:11257	biolink:related_to	MONDO:0012994			MISSING_TRUE_GENE
HGNC:216	biolink:related_to	MONDO:0013002			MISSING_TRUE_GENE
HGNC:24678	biolink:related_to	MONDO:0013050			MISSING_TRUE_GENE
HGNC:21686	biolink:related_to	MONDO:0013058			MISSING_TRUE_GENE
HGNC:17116	biolink:related_to	MONDO:0013070			MISSING_TRUE_GENE
HGNC:3791	biolink:related_to	MONDO:0013110			MISSING_TRUE_GENE
HGNC:6715	biolink:related_to	MONDO:0013122			MISSING_TRUE_GENE
HGNC:7892	biolink:related_to	MONDO:0013171			MISSING_TRUE_GENE
HGNC:11943	biolink:related_to	MONDO:0013195			MISSING_TRUE_GENE
HGNC:29679	biolink:related_to	MONDO:0013223			MISSING_TRUE_GENE
HGNC:5248	biolink:related_to	MONDO:0013243			MISSING_TRUE_GENE
HGNC:8789	biolink:related_to	MONDO:0013315			MISSING_TRUE_GENE
HGNC:29250	biolink:related_to	MONDO:0013323			MISSING_TRUE_GENE
HGNC:18451	biolink:related_to	MONDO:0013331			MISSING_TRUE_GENE
HGNC:2375	biolink:related_to	MONDO:0013351			MISSING_TRUE_GENE
HGNC:31088	biolink:related_to	MONDO:0013367			MISSING_TRUE_GENE
HGNC:10606	biolink:related_to	MONDO:0013391			MISSING_TRUE_GENE
HGNC:343	biolink:related_to	MONDO:0013404			MISSING_TRUE_GENE
HGNC:6215	biolink:related_to	MONDO:0030967			MISSING_TRUE_GENE
HGNC:4431	biolink:related_to	MONDO:0013526			MISSING_TRUE_GENE
HGNC:26050	biolink:related_to	MONDO:0013546			MISSING_TRUE_GENE
HGNC:21022	biolink:related_to	MONDO:0013570			MISSING_TRUE_GENE
HGNC:15911	biolink:related_to	MONDO:0013594			MISSING_TRUE_GENE
HGNC:12605	biolink:related_to	MONDO:0013610			MISSING_TRUE_GENE
HGNC:23212	biolink:related_to	MONDO:0013711			MISSING_TRUE_GENE
HGNC:17192	biolink:related_to	MONDO:0013723			MISSING_TRUE_GENE
HGNC:29634	biolink:related_to	MONDO:0013731			MISSING_TRUE_GENE
HGNC:1246	biolink:related_to	MONDO:0013743			MISSING_TRUE_GENE
HGNC:2956	biolink:related_to	MONDO:0013743			MISSING_TRUE_GENE
HGNC:11784	biolink:related_to	MONDO:0013775			MISSING_TRUE_GENE
HGNC:11051	biolink:related_to	MONDO:0013827			MISSING_TRUE_GENE
HGNC:4688	biolink:related_to	MONDO:0013843			MISSING_TRUE_GENE
HGNC:11303	biolink:related_to	MONDO:0013851			MISSING_TRUE_GENE
HGNC:30224	biolink:related_to	MONDO:0013867			MISSING_TRUE_GENE
HGNC:8881	biolink:related_to	MONDO:0013891			MISSING_TRUE_GENE
HGNC:4584	biolink:related_to	MONDO:0013907			MISSING_TRUE_GENE
HGNC:8854	biolink:related_to	MONDO:0018598			MISSING_TRUE_GENE
HGNC:8853	biolink:related_to	MONDO:0018598			MISSING_TRUE_GENE
HGNC:29419	biolink:related_to	MONDO:0013971			MISSING_TRUE_GENE
HGNC:6553	biolink:related_to	MONDO:0013991			MISSING_TRUE_GENE
HGNC:20917	biolink:related_to	MONDO:0013999			MISSING_TRUE_GENE
HGNC:11161	biolink:related_to	MONDO:0014027			MISSING_TRUE_GENE
HGNC:24912	biolink:related_to	MONDO:0014031			MISSING_TRUE_GENE
HGNC:2514	biolink:related_to	MONDO:0018055			MISSING_TRUE_GENE
HGNC:16205	biolink:related_to	MONDO:0014039			MISSING_TRUE_GENE
HGNC:26006	biolink:related_to	MONDO:0014063			MISSING_TRUE_GENE
HGNC:3762	biolink:related_to	MONDO:0014107			MISSING_TRUE_GENE
HGNC:2678	biolink:related_to	MONDO:0014115			MISSING_TRUE_GENE
HGNC:18621	biolink:related_to	MONDO:0014131			MISSING_TRUE_GENE
HGNC:1527	biolink:related_to	MONDO:0014135			MISSING_TRUE_GENE
HGNC:10586	biolink:related_to	MONDO:0014155			MISSING_TRUE_GENE
HGNC:7551	biolink:related_to	MONDO:0014163			MISSING_TRUE_GENE
HGNC:21493	biolink:related_to	MONDO:0014203			MISSING_TRUE_GENE
HGNC:1301	biolink:related_to	MONDO:0014211			MISSING_TRUE_GENE
HGNC:15469	biolink:related_to	MONDO:0014231			MISSING_TRUE_GENE
HGNC:1037	biolink:related_to	MONDO:0014255			MISSING_TRUE_GENE
HGNC:5960	biolink:related_to	MONDO:0014267			MISSING_TRUE_GENE
HGNC:3247	biolink:related_to	MONDO:0014275			MISSING_TRUE_GENE
HGNC:11758	biolink:related_to	MONDO:0014295			MISSING_TRUE_GENE
HGNC:28991	biolink:related_to	MONDO:0014311			MISSING_TRUE_GENE
HGNC:3677	biolink:related_to	MONDO:0014319			MISSING_TRUE_GENE
HGNC:20406	biolink:related_to	MONDO:0014327			MISSING_TRUE_GENE
HGNC:9751	biolink:related_to	MONDO:0014335			MISSING_TRUE_GENE
HGNC:11427	biolink:related_to	MONDO:0014339			MISSING_TRUE_GENE
HGNC:3513	biolink:related_to	MONDO:0014343			MISSING_TRUE_GENE
HGNC:5383	biolink:related_to	MONDO:0019456			MISSING_TRUE_GENE
HGNC:5948	biolink:related_to	MONDO:0014343			MISSING_TRUE_GENE
HGNC:719	biolink:related_to	MONDO:0014343			MISSING_TRUE_GENE
HGNC:29659	biolink:related_to	MONDO:0014343			MISSING_TRUE_GENE
HGNC:17151	biolink:related_to	MONDO:0014343			MISSING_TRUE_GENE
HGNC:24154	biolink:related_to	MONDO:0014343			MISSING_TRUE_GENE
HGNC:1144	biolink:related_to	MONDO:0014343			MISSING_TRUE_GENE
HGNC:10853	biolink:related_to	MONDO:0014343			MISSING_TRUE_GENE
HGNC:11102	biolink:related_to	MONDO:0009458			MISSING_TRUE_GENE
HGNC:11109	biolink:related_to	MONDO:0016995			MISSING_TRUE_GENE
HGNC:20324	biolink:related_to	MONDO:0014507			MISSING_TRUE_GENE
HGNC:25507	biolink:related_to	MONDO:0014343			MISSING_TRUE_GENE
HGNC:25815	biolink:related_to	MONDO:0014343			MISSING_TRUE_GENE
HGNC:2185	biolink:related_to	MONDO:0014343			MISSING_TRUE_GENE
HGNC:22986	biolink:related_to	MONDO:0014061			MISSING_TRUE_GENE
HGNC:17213	biolink:related_to	MONDO:0014343			MISSING_TRUE_GENE
HGNC:20581	biolink:related_to	MONDO:0014343			MISSING_TRUE_GENE
HGNC:19189	biolink:related_to	MONDO:0014343			MISSING_TRUE_GENE
HGNC:3226	biolink:related_to	MONDO:0014343			MISSING_TRUE_GENE
HGNC:3527	biolink:related_to	MONDO:0014343			MISSING_TRUE_GENE
HGNC:4006	biolink:related_to	MONDO:0009254			MISSING_TRUE_GENE
HGNC:4796	biolink:related_to	MONDO:0014343			MISSING_TRUE_GENE
HGNC:15977	biolink:related_to	MONDO:0014343			MISSING_TRUE_GENE
HGNC:649	biolink:related_to	MONDO:0014948			MISSING_TRUE_GENE
HGNC:29092	biolink:related_to	MONDO:0014343			MISSING_TRUE_GENE
HGNC:8859	biolink:related_to	MONDO:0014343			MISSING_TRUE_GENE
HGNC:9056	biolink:related_to	MONDO:0030074			MISSING_TRUE_GENE
HGNC:882	biolink:related_to	MONDO:0014343			MISSING_TRUE_GENE
HGNC:28583	biolink:related_to	MONDO:0014343			MISSING_TRUE_GENE
HGNC:10723	biolink:related_to	MONDO:0014343			MISSING_TRUE_GENE
HGNC:28395	biolink:related_to	MONDO:0012892			MISSING_TRUE_GENE
HGNC:2468	biolink:related_to	MONDO:0014343			MISSING_TRUE_GENE
HGNC:11582	biolink:related_to	MONDO:0044651			MISSING_TRUE_GENE
HGNC:37234	biolink:related_to	MONDO:0014343			MISSING_TRUE_GENE
HGNC:23068	biolink:related_to	MONDO:0014343			MISSING_TRUE_GENE
HGNC:12449	biolink:related_to	MONDO:0014343			MISSING_TRUE_GENE
HGNC:12771	biolink:related_to	MONDO:0014343			MISSING_TRUE_GENE
HGNC:2025	biolink:related_to	MONDO:0008156			MISSING_TRUE_GENE
HGNC:2218	biolink:related_to	MONDO:0014343			MISSING_TRUE_GENE
HGNC:17272	biolink:related_to	MONDO:0014343			MISSING_TRUE_GENE
HGNC:2433	biolink:related_to	MONDO:0032772			MISSING_TRUE_GENE
HGNC:3087	biolink:related_to	MONDO:0014343			MISSING_TRUE_GENE
HGNC:24595	biolink:related_to	MONDO:0014343			MISSING_TRUE_GENE
HGNC:3663	biolink:related_to	MONDO:0014343			MISSING_TRUE_GENE
HGNC:4713	biolink:related_to	MONDO:0014343			MISSING_TRUE_GENE
HGNC:18873	biolink:related_to	MONDO:0030692			MISSING_TRUE_GENE
HGNC:21732	biolink:related_to	MONDO:0014343			MISSING_TRUE_GENE
HGNC:13520	biolink:related_to	MONDO:0014343			MISSING_TRUE_GENE
HGNC:7176	biolink:related_to	MONDO:0014343			MISSING_TRUE_GENE
HGNC:8778	biolink:related_to	MONDO:0014343			MISSING_TRUE_GENE
HGNC:30129	biolink:related_to	MONDO:0014343			MISSING_TRUE_GENE
HGNC:9587	biolink:related_to	MONDO:0007892			MISSING_TRUE_GENE
HGNC:17271	biolink:related_to	MONDO:0014343			MISSING_TRUE_GENE
HGNC:10524	biolink:related_to	MONDO:0014343			MISSING_TRUE_GENE
HGNC:20323	biolink:related_to	MONDO:0014343			MISSING_TRUE_GENE
HGNC:29253	biolink:related_to	MONDO:0014343			MISSING_TRUE_GENE
HGNC:11367	biolink:related_to	MONDO:0100219			MISSING_TRUE_GENE
HGNC:11773	biolink:related_to	MONDO:0007524			MISSING_TRUE_GENE
HGNC:17861	biolink:related_to	MONDO:0014343			MISSING_TRUE_GENE
HGNC:2919	biolink:related_to	MONDO:0014343			MISSING_TRUE_GENE
HGNC:13201	biolink:related_to	MONDO:0014343			MISSING_TRUE_GENE
HGNC:3686	biolink:related_to	MONDO:0019758			MISSING_TRUE_GENE
HGNC:4319	biolink:related_to	MONDO:0014343			MISSING_TRUE_GENE
HGNC:19980	biolink:related_to	MONDO:0014343			MISSING_TRUE_GENE
HGNC:13315	biolink:related_to	MONDO:0010665			MISSING_TRUE_GENE
HGNC:4877	biolink:related_to	MONDO:0019828			MISSING_TRUE_GENE
HGNC:16644	biolink:related_to	MONDO:0014343			MISSING_TRUE_GENE
HGNC:6080	biolink:related_to	MONDO:0014343			MISSING_TRUE_GENE
HGNC:6469	biolink:related_to	MONDO:0014343			MISSING_TRUE_GENE
HGNC:4979	biolink:related_to	MONDO:0014343			MISSING_TRUE_GENE
HGNC:18591	biolink:related_to	MONDO:0014343			MISSING_TRUE_GENE
HGNC:8604	biolink:related_to	MONDO:0019666			MISSING_TRUE_GENE
HGNC:20422	biolink:related_to	MONDO:0013385			MISSING_TRUE_GENE
HGNC:9282	biolink:related_to	MONDO:0014343			MISSING_TRUE_GENE
HGNC:30595	biolink:related_to	MONDO:0014343			MISSING_TRUE_GENE
HGNC:10298	biolink:related_to	MONDO:0014343			MISSING_TRUE_GENE
HGNC:10818	biolink:related_to	MONDO:0014343			MISSING_TRUE_GENE
HGNC:19046	biolink:related_to	MONDO:0014343			MISSING_TRUE_GENE
HGNC:11100	biolink:related_to	MONDO:0018761			MISSING_TRUE_GENE
HGNC:25660	biolink:related_to	MONDO:0014343			MISSING_TRUE_GENE
HGNC:12428	biolink:related_to	MONDO:0014343			MISSING_TRUE_GENE
HGNC:1971	biolink:related_to	MONDO:0014343			MISSING_TRUE_GENE
HGNC:25801	biolink:related_to	MONDO:0014343			MISSING_TRUE_GENE
HGNC:3444	biolink:related_to	MONDO:0014343			MISSING_TRUE_GENE
HGNC:19190	biolink:related_to	MONDO:0014371			MISSING_TRUE_GENE
HGNC:15766	biolink:related_to	MONDO:0014379			MISSING_TRUE_GENE
HGNC:8729	biolink:related_to	MONDO:0014399			MISSING_TRUE_GENE
HGNC:4267	biolink:related_to	MONDO:0014403			MISSING_TRUE_GENE
HGNC:393	biolink:related_to	MONDO:0014407			MISSING_TRUE_GENE
HGNC:6481	biolink:related_to	MONDO:0008377			MISSING_TRUE_GENE
HGNC:18626	biolink:related_to	MONDO:0014447			MISSING_TRUE_GENE
HGNC:29685	biolink:related_to	MONDO:0014455			MISSING_TRUE_GENE
HGNC:17341	biolink:related_to	MONDO:0014850			MISSING_TRUE_GENE
HGNC:25613	biolink:related_to	MONDO:0014503			MISSING_TRUE_GENE
HGNC:18688	biolink:related_to	MONDO:0014539			MISSING_TRUE_GENE
HGNC:23159	biolink:related_to	MONDO:0014543			MISSING_TRUE_GENE
HGNC:18062	biolink:related_to	MONDO:0014567			MISSING_TRUE_GENE
HGNC:1965	biolink:related_to	MONDO:0014585			MISSING_TRUE_GENE
HGNC:2418	biolink:related_to	MONDO:0014603			MISSING_TRUE_GENE
HGNC:21157	biolink:related_to	MONDO:0014619			MISSING_TRUE_GENE
HGNC:25403	biolink:related_to	MONDO:0014623			MISSING_TRUE_GENE
HGNC:1424	biolink:related_to	MONDO:0014647			MISSING_TRUE_GENE
HGNC:4816	biolink:related_to	MONDO:0014711			MISSING_TRUE_GENE
HGNC:6176	biolink:related_to	MONDO:0014719			MISSING_TRUE_GENE
HGNC:31582	biolink:related_to	MONDO:0014747			MISSING_TRUE_GENE
HGNC:4013	biolink:related_to	MONDO:0014763			MISSING_TRUE_GENE
HGNC:29068	biolink:related_to	MONDO:0014771			MISSING_TRUE_GENE
HGNC:9966	biolink:related_to	MONDO:0014779			MISSING_TRUE_GENE
HGNC:30788	biolink:related_to	MONDO:0014783			MISSING_TRUE_GENE
HGNC:28261	biolink:related_to	MONDO:0014823			MISSING_TRUE_GENE
HGNC:28852	biolink:related_to	MONDO:0014844			MISSING_TRUE_GENE
HGNC:20858	biolink:related_to	MONDO:0014864			MISSING_TRUE_GENE
HGNC:29561	biolink:related_to	MONDO:0014868			MISSING_TRUE_GENE
HGNC:12310	biolink:related_to	MONDO:0014896			MISSING_TRUE_GENE
HGNC:29456	biolink:related_to	MONDO:0014900			MISSING_TRUE_GENE
HGNC:7104	biolink:related_to	MONDO:0014976			MISSING_TRUE_GENE
HGNC:7677	biolink:related_to	MONDO:0014984			MISSING_TRUE_GENE
HGNC:26899	biolink:related_to	MONDO:0014992			MISSING_TRUE_GENE
HGNC:18248	biolink:related_to	MONDO:0014996			MISSING_TRUE_GENE
HGNC:983	biolink:related_to	MONDO:0015270			MISSING_TRUE_GENE
HGNC:7489	biolink:related_to	MONDO:0015283			MISSING_TRUE_GENE
HGNC:4285	biolink:related_to	MONDO:0015351			MISSING_TRUE_GENE
HGNC:18292	biolink:related_to	MONDO:0011546			MISSING_TRUE_GENE
HGNC:26276	biolink:related_to	MONDO:0018245			MISSING_TRUE_GENE
HGNC:6893	biolink:related_to	MONDO:0009839			MISSING_TRUE_GENE
HGNC:11019	biolink:related_to	MONDO:0016579			MISSING_TRUE_GENE
HGNC:3374	biolink:related_to	MONDO:0016599			MISSING_TRUE_GENE
HGNC:7797	biolink:related_to	MONDO:0016681			MISSING_TRUE_GENE
HGNC:28900	biolink:related_to	MONDO:0016825			MISSING_TRUE_GENE
HGNC:3811	biolink:related_to	MONDO:0016833			MISSING_TRUE_GENE
HGNC:25415	biolink:related_to	MONDO:0014057			MISSING_TRUE_GENE
HGNC:7208	biolink:related_to	MONDO:0017116			MISSING_TRUE_GENE
HGNC:714	biolink:related_to	MONDO:0017172			MISSING_TRUE_GENE
HGNC:7106	biolink:related_to	MONDO:0017176			MISSING_TRUE_GENE
HGNC:4313	biolink:related_to	MONDO:0015010			MISSING_TRUE_GENE
HGNC:8582	biolink:related_to	MONDO:0017389			MISSING_TRUE_GENE
HGNC:19124	biolink:related_to	MONDO:0017833			MISSING_TRUE_GENE
HGNC:7414	biolink:related_to	MONDO:0010794			MISSING_TRUE_GENE
HGNC:9460	biolink:related_to	MONDO:0017993			MISSING_TRUE_GENE
HGNC:8636	biolink:related_to	MONDO:0018141			MISSING_TRUE_GENE
HGNC:1160	biolink:related_to	MONDO:0018197			MISSING_TRUE_GENE
HGNC:15516	biolink:related_to	MONDO:0012892			MISSING_TRUE_GENE
HGNC:22932	biolink:related_to	MONDO:0014141			MISSING_TRUE_GENE
HGNC:19139	biolink:related_to	MONDO:0018277			MISSING_TRUE_GENE
HGNC:25726	biolink:related_to	MONDO:0010665			MISSING_TRUE_GENE
HGNC:8851	biolink:related_to	MONDO:0013937			MISSING_TRUE_GENE
HGNC:8857	biolink:related_to	MONDO:0019174			MISSING_TRUE_GENE
HGNC:9719	biolink:related_to	MONDO:0008954			MISSING_TRUE_GENE
HGNC:9713	biolink:related_to	MONDO:0019174			MISSING_TRUE_GENE
HGNC:20772	biolink:related_to	MONDO:0018763			MISSING_TRUE_GENE
HGNC:3771	biolink:related_to	MONDO:0018767			MISSING_TRUE_GENE
HGNC:18141	biolink:related_to	MONDO:0012442			MISSING_TRUE_GENE
HGNC:9940	biolink:related_to	MONDO:0008377			MISSING_TRUE_GENE
HGNC:8855	biolink:related_to	MONDO:0019174			MISSING_TRUE_GENE
HGNC:25928	biolink:related_to	MONDO:0019374			MISSING_TRUE_GENE
HGNC:2908	biolink:related_to	MONDO:0019758			MISSING_TRUE_GENE
HGNC:7865	biolink:related_to	MONDO:0019758			MISSING_TRUE_GENE
HGNC:12873	biolink:related_to	MONDO:0019758			MISSING_TRUE_GENE
HGNC:8622	biolink:related_to	MONDO:0024264			MISSING_TRUE_GENE
HGNC:6585	biolink:related_to	MONDO:0019930			MISSING_TRUE_GENE
HGNC:1539	biolink:related_to	MONDO:0020316			MISSING_TRUE_GENE
HGNC:7910	biolink:related_to	MONDO:0017598			MISSING_TRUE_GENE
HGNC:1001	biolink:related_to	MONDO:0020324			MISSING_TRUE_GENE
HGNC:738	biolink:related_to	MONDO:0020493			MISSING_TRUE_GENE
HGNC:15743	biolink:related_to	MONDO:0020621			MISSING_TRUE_GENE
HGNC:12405	biolink:related_to	MONDO:0020730			MISSING_TRUE_GENE
HGNC:24959	biolink:related_to	MONDO:0020762			MISSING_TRUE_GENE
HGNC:285	biolink:related_to	MONDO:0020786			MISSING_TRUE_GENE
HGNC:13433	biolink:related_to	MONDO:0020790			MISSING_TRUE_GENE
HGNC:14888	biolink:related_to	MONDO:0021018			MISSING_TRUE_GENE
HGNC:4204	biolink:related_to	MONDO:0044220			MISSING_TRUE_GENE
HGNC:7881	biolink:related_to	MONDO:0024523			MISSING_TRUE_GENE
HGNC:23216	biolink:related_to	MONDO:0024543			MISSING_TRUE_GENE
HGNC:592	biolink:related_to	MONDO:0010385			MISSING_TRUE_GENE
HGNC:26361	biolink:related_to	MONDO:0024555			MISSING_TRUE_GENE
HGNC:17082	biolink:related_to	MONDO:0024555			MISSING_TRUE_GENE
HGNC:14937	biolink:related_to	MONDO:0029140			MISSING_TRUE_GENE
HGNC:10719	biolink:related_to	MONDO:0029144			MISSING_TRUE_GENE
HGNC:21020	biolink:related_to	MONDO:0030006			MISSING_TRUE_GENE
HGNC:8999	biolink:related_to	MONDO:0030045			MISSING_TRUE_GENE
HGNC:11184	biolink:related_to	MONDO:0030055			MISSING_TRUE_GENE
HGNC:6970	biolink:related_to	MONDO:0030072			MISSING_TRUE_GENE
HGNC:16935	biolink:related_to	MONDO:0030323			MISSING_TRUE_GENE
HGNC:7102	biolink:related_to	MONDO:0013993			MISSING_TRUE_GENE
HGNC:6189	biolink:related_to	MONDO:0030456			MISSING_TRUE_GENE
HGNC:14583	biolink:related_to	MONDO:0030486			MISSING_TRUE_GENE
HGNC:6442	biolink:related_to	MONDO:0030535			MISSING_TRUE_GENE
HGNC:6021	biolink:related_to	MONDO:0030681			MISSING_TRUE_GENE
HGNC:15662	biolink:related_to	MONDO:0030716			MISSING_TRUE_GENE
HGNC:25835	biolink:related_to	MONDO:0030731			MISSING_TRUE_GENE
HGNC:7643	biolink:related_to	MONDO:0030837			MISSING_TRUE_GENE
HGNC:10663	biolink:related_to	MONDO:0030849			MISSING_TRUE_GENE
HGNC:1461	biolink:related_to	MONDO:0030920			MISSING_TRUE_GENE
HGNC:6637	biolink:related_to	MONDO:0030928			MISSING_TRUE_GENE
HGNC:15840	biolink:related_to	MONDO:0030969			MISSING_TRUE_GENE
HGNC:29619	biolink:related_to	MONDO:0030973			MISSING_TRUE_GENE
HGNC:28870	biolink:related_to	MONDO:0031043			MISSING_TRUE_GENE
HGNC:25640	biolink:related_to	MONDO:0060702			MISSING_TRUE_GENE
HGNC:20456	biolink:related_to	MONDO:0032572			MISSING_TRUE_GENE
HGNC:1268	biolink:related_to	MONDO:0013929			MISSING_TRUE_GENE
HGNC:14006	biolink:related_to	MONDO:0032591			MISSING_TRUE_GENE
HGNC:7693	biolink:related_to	MONDO:0032630			MISSING_TRUE_GENE
HGNC:1181	biolink:related_to	MONDO:0032653			MISSING_TRUE_GENE
HGNC:25980	biolink:related_to	MONDO:0032665			MISSING_TRUE_GENE
HGNC:25326	biolink:related_to	MONDO:0032686			MISSING_TRUE_GENE
HGNC:15456	biolink:related_to	MONDO:0032721			MISSING_TRUE_GENE
HGNC:29682	biolink:related_to	MONDO:0032726			MISSING_TRUE_GENE
HGNC:12927	biolink:related_to	MONDO:0032741			MISSING_TRUE_GENE
HGNC:28613	biolink:related_to	MONDO:0032746			MISSING_TRUE_GENE
HGNC:2478	biolink:related_to	MONDO:0032804			MISSING_TRUE_GENE
HGNC:15791	biolink:related_to	MONDO:0032824			MISSING_TRUE_GENE
HGNC:2946	biolink:related_to	MONDO:0032845			MISSING_TRUE_GENE
HGNC:18072	biolink:related_to	MONDO:0032867			MISSING_TRUE_GENE
HGNC:29118	biolink:related_to	MONDO:0032871			MISSING_TRUE_GENE
HGNC:30739	biolink:related_to	MONDO:0032887			MISSING_TRUE_GENE
HGNC:17754	biolink:related_to	MONDO:0859379			MISSING_TRUE_GENE
HGNC:12527	biolink:related_to	MONDO:0032895			MISSING_TRUE_GENE
HGNC:11301	biolink:related_to	MONDO:0044204			MISSING_TRUE_GENE
HGNC:16709	biolink:related_to	MONDO:0032907			MISSING_TRUE_GENE
HGNC:24552	biolink:related_to	MONDO:0008922			MISSING_TRUE_GENE
HGNC:16197	biolink:related_to	MONDO:0033008			MISSING_TRUE_GENE
HGNC:12828	biolink:related_to	MONDO:0033116			MISSING_TRUE_GENE
HGNC:25966	biolink:related_to	MONDO:0033202			MISSING_TRUE_GENE
HGNC:12852	biolink:related_to	MONDO:0033365			MISSING_TRUE_GENE
HGNC:11968	biolink:related_to	MONDO:0033369			MISSING_TRUE_GENE
HGNC:26208	biolink:related_to	MONDO:0033566			MISSING_TRUE_GENE
HGNC:28514	biolink:related_to	MONDO:0033622			MISSING_TRUE_GENE
HGNC:2294	biolink:related_to	MONDO:0033650			MISSING_TRUE_GENE
HGNC:40045	biolink:related_to	MONDO:0033654			MISSING_TRUE_GENE
HGNC:28449	biolink:related_to	MONDO:0033980			MISSING_TRUE_GENE
HGNC:6408	biolink:related_to	MONDO:0035337			MISSING_TRUE_GENE
HGNC:14630	biolink:related_to	MONDO:0035556			MISSING_TRUE_GENE
HGNC:2933	biolink:related_to	MONDO:0035648			MISSING_TRUE_GENE
HGNC:4800	biolink:related_to	MONDO:0037149			MISSING_TRUE_GENE
HGNC:18149	biolink:related_to	MONDO:0044222			MISSING_TRUE_GENE
HGNC:44204	biolink:related_to	MONDO:0044282			MISSING_TRUE_GENE
HGNC:11546	biolink:related_to	MONDO:0044313			MISSING_TRUE_GENE
HGNC:7328	biolink:related_to	MONDO:0044317			MISSING_TRUE_GENE
HGNC:20185	biolink:related_to	MONDO:0044321			MISSING_TRUE_GENE
HGNC:26576	biolink:related_to	MONDO:0044648			MISSING_TRUE_GENE
HGNC:29678	biolink:related_to	MONDO:0044714			MISSING_TRUE_GENE
HGNC:16066	biolink:related_to	MONDO:0044718			MISSING_TRUE_GENE
HGNC:14348	biolink:related_to	MONDO:0044723			MISSING_TRUE_GENE
HGNC:6546	biolink:related_to	MONDO:0054559			MISSING_TRUE_GENE
HGNC:4851	biolink:related_to	MONDO:0016621			MISSING_TRUE_GENE
HGNC:9956	biolink:related_to	MONDO:0054696			MISSING_TRUE_GENE
HGNC:20091	biolink:related_to	MONDO:0054731			MISSING_TRUE_GENE
HGNC:19185	biolink:related_to	MONDO:0054737			MISSING_TRUE_GENE
HGNC:26600	biolink:related_to	MONDO:0054794			MISSING_TRUE_GENE
HGNC:28952	biolink:related_to	MONDO:0054805			MISSING_TRUE_GENE
HGNC:28188	biolink:related_to	MONDO:0054843			MISSING_TRUE_GENE
HGNC:16854	biolink:related_to	MONDO:0054847			MISSING_TRUE_GENE
HGNC:7782	biolink:related_to	MONDO:0060591			MISSING_TRUE_GENE
HGNC:24713	biolink:related_to	MONDO:0060707			MISSING_TRUE_GENE
HGNC:10258	biolink:related_to	MONDO:0060745			MISSING_TRUE_GENE
HGNC:977	biolink:related_to	MONDO:0100058			MISSING_TRUE_GENE
HGNC:10471	biolink:related_to	MONDO:0100083			MISSING_TRUE_GENE
HGNC:8591	biolink:related_to	MONDO:0100119			MISSING_TRUE_GENE
HGNC:3331	biolink:related_to	MONDO:0100531			MISSING_TRUE_GENE
HGNC:29079	biolink:related_to	MONDO:0700299			MISSING_TRUE_GENE
HGNC:6463	biolink:related_to	MONDO:0700343			MISSING_TRUE_GENE
HGNC:10799	biolink:related_to	MONDO:0800029			MISSING_TRUE_GENE
HGNC:26200	biolink:related_to	MONDO:0800029			MISSING_TRUE_GENE
HGNC:7516	biolink:related_to	MONDO:0800029			MISSING_TRUE_GENE
HGNC:30972	biolink:related_to	MONDO:0800046			MISSING_TRUE_GENE
HGNC:19383	biolink:related_to	MONDO:0800130			MISSING_TRUE_GENE
HGNC:18188	biolink:related_to	MONDO:0800436			MISSING_TRUE_GENE
HGNC:26219	biolink:related_to	MONDO:0850078			MISSING_TRUE_GENE
HGNC:2231	biolink:related_to	MONDO:0859002			MISSING_TRUE_GENE
HGNC:15631	biolink:related_to	MONDO:0859083			MISSING_TRUE_GENE
HGNC:2377	biolink:related_to	MONDO:0859137			MISSING_TRUE_GENE
HGNC:29183	biolink:related_to	MONDO:0859148			MISSING_TRUE_GENE
HGNC:4398	biolink:related_to	MONDO:0859173			MISSING_TRUE_GENE
HGNC:4249	biolink:related_to	MONDO:0859189			MISSING_TRUE_GENE
HGNC:28762	biolink:related_to	MONDO:0859206			MISSING_TRUE_GENE
HGNC:9390	biolink:related_to	MONDO:0859214			MISSING_TRUE_GENE
HGNC:26186	biolink:related_to	MONDO:0859226			MISSING_TRUE_GENE
HGNC:9639	biolink:related_to	MONDO:0859264			MISSING_TRUE_GENE
HGNC:28662	biolink:related_to	MONDO:0859293			MISSING_TRUE_GENE
HGNC:6182	biolink:related_to	MONDO:0859311			MISSING_TRUE_GENE
HGNC:7702	biolink:related_to	MONDO:0859320			MISSING_TRUE_GENE
HGNC:707	biolink:related_to	MONDO:0859324			MISSING_TRUE_GENE
HGNC:18533	biolink:related_to	MONDO:0859366			MISSING_TRUE_GENE
HGNC:33914	biolink:related_to	MONDO:0859374			MISSING_TRUE_GENE
HGNC:129	biolink:related_to	MONDO:0859517			MISSING_TRUE_GENE
HGNC:1723	biolink:related_to	MONDO:0859521			MISSING_TRUE_GENE
HGNC:5006	biolink:related_to	MONDO:0957270			MISSING_TRUE_GENE
HGNC:7199	biolink:related_to	MONDO:0957278			MISSING_TRUE_GENE
HGNC:8619	biolink:related_to	MONDO:0957427			MISSING_TRUE_GENE
HGNC:10074	biolink:related_to	MONDO:0957561			MISSING_TRUE_GENE
HGNC:19304	biolink:related_to	MONDO:0957787			MISSING_TRUE_GENE
HGNC:16305	biolink:related_to	MONDO:0957819			MISSING_TRUE_GENE
HGNC:10937	biolink:related_to	MONDO:0957955			MISSING_TRUE_GENE
HGNC:10451	biolink:related_to	MONDO:0957993			MISSING_TRUE_GENE
HGNC:9859	biolink:related_to	MONDO:0958001			MISSING_TRUE_GENE
HGNC:6116	biolink:related_to	MONDO:0958011			MISSING_TRUE_GENE
HGNC:4886	biolink:related_to	MONDO:0958085			MISSING_TRUE_GENE
HGNC:4887	biolink:related_to	MONDO:0958085			MISSING_TRUE_GENE
HGNC:1481	biolink:related_to	MONDO:0958334			MISSING_TRUE_GENE
HGNC:20313	biolink:related_to	MONDO:0968981			MISSING_TRUE_GENE
HGNC:9538	biolink:related_to	MONDO:0971001			MISSING_TRUE_GENE
HGNC:9986	biolink:related_to	MONDO:0971016			MISSING_TRUE_GENE
HGNC:14245	biolink:related_to	MONDO:0971171			MISSING_TRUE_GENE
HGNC:21290	biolink:related_to	MONDO:0975761			MISSING_TRUE_GENE
HGNC:11402	biolink:related_to	MONDO:0975828			MISSING_TRUE_GENE
HGNC:37247	biolink:related_to	MONDO:0975837			MISSING_TRUE_GENE
HGNC:34519	biolink:related_to	MONDO:0975841			MISSING_TRUE_GENE
HGNC:2673	biolink:related_to	MONDO:0976232			MISSING_TRUE_GENE
HGNC:26933	biolink:related_to	MONDO:0976265			MISSING_TRUE_GENE
HGNC:29077	biolink:related_to	MONDO:0976267			MISSING_TRUE_GENE
MONDO:0007610	biolink:related_to	HGNC:35			MISSING_TRUE_GENE
MONDO:0010524	biolink:related_to	HGNC:48			MISSING_TRUE_GENE
MONDO:0044224	biolink:related_to	HGNC:14639			MISSING_TRUE_GENE
MONDO:0030673	biolink:related_to	HGNC:13921	0.9946950078010559	1	Top10-TP (rank=1)
MONDO:0008722	biolink:related_to	HGNC:90	0.9964575171470642	1	Top10-TP (rank=1)
MONDO:0044718	biolink:related_to	HGNC:16066			MISSING_TRUE_GENE
MONDO:0013661	biolink:related_to	HGNC:27288			MISSING_TRUE_GENE
MONDO:0011823	biolink:related_to	HGNC:132	0.7614717483520508	259	TP-outside-Top50 (rank=259)
MONDO:0975754	biolink:related_to	HGNC:132	0.8833644390106201	4684	TP-outside-Top50 (rank=4684)
MONDO:0013011	biolink:related_to	HGNC:143	0.7861670255661011	797	TP-outside-Top50 (rank=797)
MONDO:0012808	biolink:related_to	HGNC:164	0.9831347465515137	1	Top10-TP (rank=1)
MONDO:0032853	biolink:related_to	HGNC:164	0.9680405855178833	36	Top50-TP (rank=36)
MONDO:0012368	biolink:related_to	HGNC:177	0.9902395009994507	2	Top10-TP (rank=2)
MONDO:0007064	biolink:related_to	HGNC:186	0.9999955892562866	1	Top10-TP (rank=1)
MONDO:0859572	biolink:related_to	HGNC:17111			MISSING_TRUE_GENE
MONDO:0030025	biolink:related_to	HGNC:226			MISSING_TRUE_GENE
MONDO:0014570	biolink:related_to	HGNC:237			MISSING_TRUE_GENE
MONDO:0014425	biolink:related_to	HGNC:317	0.9642425179481506	6	Top10-TP (rank=6)
MONDO:0014052	biolink:related_to	HGNC:329			MISSING_TRUE_GENE
MONDO:0008860	biolink:related_to	HGNC:14412			MISSING_TRUE_GENE
MONDO:0010275	biolink:related_to	HGNC:8768	0.9828135967254639	79	TP-outside-Top50 (rank=79)
MONDO:0010689	biolink:related_to	HGNC:8768	0.7197139263153076	882	TP-outside-Top50 (rank=882)
MONDO:0054731	biolink:related_to	HGNC:20091			MISSING_TRUE_GENE
MONDO:0012738	biolink:related_to	HGNC:379			MISSING_TRUE_GENE
MONDO:0009339	biolink:related_to	HGNC:388	0.5966205596923828	267	TP-outside-Top50 (rank=267)
MONDO:0014048	biolink:related_to	HGNC:391	0.5641953349113464	409	TP-outside-Top50 (rank=409)
MONDO:0014449	biolink:related_to	HGNC:399			MISSING_TRUE_GENE
MONDO:0012747	biolink:related_to	HGNC:414			MISSING_TRUE_GENE
MONDO:0011783	biolink:related_to	HGNC:19358			MISSING_TRUE_GENE
MONDO:0013083	biolink:related_to	HGNC:427	0.7822098731994629	108	TP-outside-Top50 (rank=108)
MONDO:0007636	biolink:related_to	HGNC:449	0.9998249411582947	1	Top10-TP (rank=1)
MONDO:0054844	biolink:related_to	HGNC:9137			MISSING_TRUE_GENE
MONDO:0009211	biolink:related_to	HGNC:3544	0.9646619558334351	38	Top50-TP (rank=38)
MONDO:0009315	biolink:related_to	HGNC:3530	0.8007921576499939	216	TP-outside-Top50 (rank=216)
MONDO:0012526	biolink:related_to	HGNC:3530	0.889916181564331	275	TP-outside-Top50 (rank=275)
MONDO:0014510	biolink:related_to	HGNC:26222			MISSING_TRUE_GENE
MONDO:0036212	biolink:related_to	HGNC:26222			MISSING_TRUE_GENE
MONDO:0013986	biolink:related_to	HGNC:21062	0.8359357714653015	165	TP-outside-Top50 (rank=165)
MONDO:0014882	biolink:related_to	HGNC:21062	0.8006678223609924	1180	TP-outside-Top50 (rank=1180)
MONDO:0011158	biolink:related_to	HGNC:11936			MISSING_TRUE_GENE
MONDO:0030020	biolink:related_to	HGNC:29160	0.9406936168670654	62	TP-outside-Top50 (rank=62)
MONDO:0011431	biolink:related_to	HGNC:3603	0.9946209192276001	3	Top10-TP (rank=3)
MONDO:0014198	biolink:related_to	HGNC:13601			MISSING_TRUE_GENE
MONDO:0014313	biolink:related_to	HGNC:3619			MISSING_TRUE_GENE
MONDO:0009806	biolink:related_to	HGNC:18169	0.9953008890151978	2	Top10-TP (rank=2)
MONDO:0014883	biolink:related_to	HGNC:3756	0.919013261795044	73	TP-outside-Top50 (rank=73)
MONDO:0013550	biolink:related_to	HGNC:3756	0.9628019332885742	67	TP-outside-Top50 (rank=67)
MONDO:0032913	biolink:related_to	HGNC:3767			MISSING_TRUE_GENE
MONDO:0032874	biolink:related_to	HGNC:3816	0.9521390795707703	10	Top10-TP (rank=10)
MONDO:0009451	biolink:related_to	HGNC:12765	0.961977481842041	29	Top50-TP (rank=29)
MONDO:0011132	biolink:related_to	HGNC:12765	0.9999853372573853	1	Top10-TP (rank=1)
MONDO:0032624	biolink:related_to	HGNC:26927	0.9981116056442261	1	Top10-TP (rank=1)
MONDO:0011972	biolink:related_to	HGNC:3969	0.752707302570343	73	TP-outside-Top50 (rank=73)
MONDO:0014763	biolink:related_to	HGNC:4013			MISSING_TRUE_GENE
MONDO:0013462	biolink:related_to	HGNC:4017			MISSING_TRUE_GENE
MONDO:0007589	biolink:related_to	HGNC:4042	0.9950834512710571	3	Top10-TP (rank=3)
MONDO:0100460	biolink:related_to	HGNC:4507			MISSING_TRUE_GENE
MONDO:0020631	biolink:related_to	HGNC:4082			MISSING_TRUE_GENE
MONDO:0030105	biolink:related_to	HGNC:24063			MISSING_TRUE_GENE
MONDO:0013607	biolink:related_to	HGNC:4171	0.7440149188041687	151	TP-outside-Top50 (rank=151)
MONDO:0035555	biolink:related_to	HGNC:4173	0.8884084224700928	195	TP-outside-Top50 (rank=195)
MONDO:0030007	biolink:related_to	HGNC:8849	0.6834680438041687	166	TP-outside-Top50 (rank=166)
MONDO:0007453	biolink:related_to	HGNC:4195	0.9118984937667847	1	Top10-TP (rank=1)
MONDO:0014217	biolink:related_to	HGNC:4217			MISSING_TRUE_GENE
MONDO:0859189	biolink:related_to	HGNC:4249	0.9611263275146484	7	Top10-TP (rank=7)
MONDO:0009877	biolink:related_to	HGNC:4263	0.9185749888420105	51	TP-outside-Top50 (rank=51)
MONDO:0012125	biolink:related_to	HGNC:17494	0.9998905658721924	1	Top10-TP (rank=1)
MONDO:0035472	biolink:related_to	HGNC:17494	0.962001621723175	16	Top50-TP (rank=16)
MONDO:0012393	biolink:related_to	HGNC:4341			MISSING_TRUE_GENE
MONDO:0007792	biolink:related_to	HGNC:4379	0.8291150331497192	62	TP-outside-Top50 (rank=62)
MONDO:0014146	biolink:related_to	HGNC:4379	0.7176345586776733	223	TP-outside-Top50 (rank=223)
MONDO:0019325	biolink:related_to	HGNC:4379	0.9466391801834106	23	Top50-TP (rank=23)
MONDO:0975757	biolink:related_to	HGNC:4379	0.9620816111564636	5	Top10-TP (rank=5)
MONDO:0008501	biolink:related_to	HGNC:4390	0.7139782905578613	1086	TP-outside-Top50 (rank=1086)
MONDO:0012497	biolink:related_to	HGNC:4393			MISSING_TRUE_GENE
MONDO:0009650	biolink:related_to	HGNC:29670	0.9999978542327881	1	Top10-TP (rank=1)
MONDO:0018931	biolink:related_to	HGNC:29670	0.999870777130127	1	Top10-TP (rank=1)
MONDO:0007930	biolink:related_to	HGNC:4439	0.990200936794281	1	Top10-TP (rank=1)
MONDO:0008332	biolink:related_to	HGNC:4439	0.9556586146354675	134	TP-outside-Top50 (rank=134)
MONDO:0010610	biolink:related_to	HGNC:30677	0.4598143696784973	968	TP-outside-Top50 (rank=968)
MONDO:0014567	biolink:related_to	HGNC:18062			MISSING_TRUE_GENE
MONDO:0014460	biolink:related_to	HGNC:2799	0.9964858293533325	1	Top10-TP (rank=1)
MONDO:0014530	biolink:related_to	HGNC:4576	0.9959398508071899	1	Top10-TP (rank=1)
MONDO:0008764	biolink:related_to	HGNC:4689	0.9816261529922485	7	Top10-TP (rank=7)
MONDO:0011143	biolink:related_to	HGNC:4689	0.9936705827713013	2	Top10-TP (rank=2)
MONDO:0014682	biolink:related_to	HGNC:4798	0.5798843502998352	1156	TP-outside-Top50 (rank=1156)
MONDO:0016242	biolink:related_to	HGNC:4827	0.8403991460800171	28	Top50-TP (rank=28)
MONDO:0010665	biolink:related_to	HGNC:25726			MISSING_TRUE_GENE
MONDO:0030619	biolink:related_to	HGNC:23302			MISSING_TRUE_GENE
MONDO:0009520	biolink:related_to	HGNC:5005			MISSING_TRUE_GENE
MONDO:0011614	biolink:related_to	HGNC:5008			MISSING_TRUE_GENE
MONDO:0010162	biolink:related_to	HGNC:5147	0.993766188621521	1	Top10-TP (rank=1)
MONDO:0971176	biolink:related_to	HGNC:28460			MISSING_TRUE_GENE
MONDO:0013946	biolink:related_to	HGNC:5201			MISSING_TRUE_GENE
MONDO:0037149	biolink:related_to	HGNC:4800			MISSING_TRUE_GENE
MONDO:0011532	biolink:related_to	HGNC:5261	0.8740190267562866	166	TP-outside-Top50 (rank=166)
MONDO:0054573	biolink:related_to	HGNC:4851			MISSING_TRUE_GENE
MONDO:0016621	biolink:related_to	HGNC:4851			MISSING_TRUE_GENE
MONDO:0012514	biolink:related_to	HGNC:24587			MISSING_TRUE_GENE
MONDO:0012943	biolink:related_to	HGNC:5385	0.9819037318229675	15	Top50-TP (rank=15)
MONDO:0016316	biolink:related_to	HGNC:5389	0.9460453987121582	110	TP-outside-Top50 (rank=110)
MONDO:0013953	biolink:related_to	HGNC:5440			MISSING_TRUE_GENE
MONDO:0012292	biolink:related_to	HGNC:18365			MISSING_TRUE_GENE
MONDO:0014447	biolink:related_to	HGNC:18626			MISSING_TRUE_GENE
MONDO:0013127	biolink:related_to	HGNC:29262	0.9437944889068604	30	Top50-TP (rank=30)
MONDO:0012110	biolink:related_to	HGNC:5464			MISSING_TRUE_GENE
MONDO:0013021	biolink:related_to	HGNC:6000	0.9966752529144287	1	Top10-TP (rank=1)
MONDO:0013615	biolink:related_to	HGNC:5967	0.9999997615814209	1	Top10-TP (rank=1)
MONDO:0044638	biolink:related_to	HGNC:11905	0.9027433395385742	32	Top50-TP (rank=32)
MONDO:0012423	biolink:related_to	HGNC:21474	0.9715319275856018	24	Top50-TP (rank=24)
MONDO:0008434	biolink:related_to	HGNC:29059			MISSING_TRUE_GENE
MONDO:0010656	biolink:related_to	HGNC:29059			MISSING_TRUE_GENE
MONDO:0007334	biolink:related_to	HGNC:6121	0.9968185424804688	1	Top10-TP (rank=1)
MONDO:0012634	biolink:related_to	HGNC:14361			MISSING_TRUE_GENE
MONDO:0009706	biolink:related_to	HGNC:29882	0.9996209144592285	1	Top10-TP (rank=1)
MONDO:0013177	biolink:related_to	HGNC:6143			MISSING_TRUE_GENE
MONDO:0009475	biolink:related_to	HGNC:6186			MISSING_TRUE_GENE
MONDO:0030366	biolink:related_to	HGNC:14202	0.8188850283622742	84	TP-outside-Top50 (rank=84)
MONDO:0014492	biolink:related_to	HGNC:29300	0.903051495552063	183	TP-outside-Top50 (rank=183)
MONDO:0033280	biolink:related_to	HGNC:29300	0.7979716658592224	203	TP-outside-Top50 (rank=203)
MONDO:0009760	biolink:related_to	HGNC:6217			MISSING_TRUE_GENE
MONDO:0014771	biolink:related_to	HGNC:29068			MISSING_TRUE_GENE
MONDO:0032656	biolink:related_to	HGNC:6222			MISSING_TRUE_GENE
MONDO:0011529	biolink:related_to	HGNC:6235			MISSING_TRUE_GENE
MONDO:0013193	biolink:related_to	HGNC:39080			MISSING_TRUE_GENE
MONDO:0858999	biolink:related_to	HGNC:1337	0.865985631942749	150	TP-outside-Top50 (rank=150)
MONDO:0032790	biolink:related_to	HGNC:29012			MISSING_TRUE_GENE
MONDO:0017940	biolink:related_to	HGNC:6323	0.8982813954353333	158	TP-outside-Top50 (rank=158)
MONDO:0014552	biolink:related_to	HGNC:19181	0.5887809991836548	416	TP-outside-Top50 (rank=416)
MONDO:0015555	biolink:related_to	HGNC:6342	0.9246091246604919	2	Top10-TP (rank=2)
MONDO:0015557	biolink:related_to	HGNC:6342	0.9441893696784973	25	Top50-TP (rank=25)
MONDO:0020320	biolink:related_to	HGNC:7910	0.742955207824707	858	TP-outside-Top50 (rank=858)
MONDO:0060715	biolink:related_to	HGNC:6344			MISSING_TRUE_GENE
MONDO:0012297	biolink:related_to	HGNC:20716	0.9302959442138672	54	TP-outside-Top50 (rank=54)
MONDO:0012774	biolink:related_to	HGNC:13672			MISSING_TRUE_GENE
MONDO:0957220	biolink:related_to	HGNC:21839			MISSING_TRUE_GENE
MONDO:0032904	biolink:related_to	HGNC:6440			MISSING_TRUE_GENE
MONDO:0007758	biolink:related_to	HGNC:6423			MISSING_TRUE_GENE
MONDO:0020717	biolink:related_to	HGNC:28929			MISSING_TRUE_GENE
MONDO:0010569	biolink:related_to	HGNC:6470	0.9918105602264404	3	Top10-TP (rank=3)
MONDO:0033006	biolink:related_to	HGNC:26058			MISSING_TRUE_GENE
MONDO:0009513	biolink:related_to	HGNC:6483	0.9726672172546387	1	Top10-TP (rank=1)
MONDO:0030746	biolink:related_to	HGNC:6483	0.9492700099945068	2	Top10-TP (rank=2)
MONDO:0009182	biolink:related_to	HGNC:6490	0.9685879349708557	222	TP-outside-Top50 (rank=222)
MONDO:0010281	biolink:related_to	HGNC:6501			MISSING_TRUE_GENE
MONDO:0018450	biolink:related_to	HGNC:25726			MISSING_TRUE_GENE
MONDO:0011473	biolink:related_to	HGNC:31923			MISSING_TRUE_GENE
MONDO:0009115	biolink:related_to	HGNC:6530			MISSING_TRUE_GENE
MONDO:0859147	biolink:related_to	HGNC:21244	0.9987227320671082	1	Top10-TP (rank=1)
MONDO:0013991	biolink:related_to	HGNC:6553			MISSING_TRUE_GENE
MONDO:0009223	biolink:related_to	HGNC:6584			MISSING_TRUE_GENE
MONDO:0013533	biolink:related_to	HGNC:6619	0.9814351797103882	1	Top10-TP (rank=1)
MONDO:0010183	biolink:related_to	HGNC:23038			MISSING_TRUE_GENE
MONDO:0009527	biolink:related_to	HGNC:14154			MISSING_TRUE_GENE
MONDO:0014685	biolink:related_to	HGNC:6638	0.9014015793800354	645	TP-outside-Top50 (rank=645)
MONDO:0060761	biolink:related_to	HGNC:21610			MISSING_TRUE_GENE
MONDO:0013119	biolink:related_to	HGNC:26521			MISSING_TRUE_GENE
MONDO:0015800	biolink:related_to	HGNC:6697	0.9721288681030273	46	Top50-TP (rank=46)
MONDO:0030361	biolink:related_to	HGNC:30860			MISSING_TRUE_GENE
MONDO:0957271	biolink:related_to	HGNC:6735			MISSING_TRUE_GENE
MONDO:0008963	biolink:related_to	HGNC:1968	0.9993917942047119	1	Top10-TP (rank=1)
MONDO:0032677	biolink:related_to	HGNC:21638	0.9945407509803772	8	Top10-TP (rank=8)
MONDO:0010455	biolink:related_to	HGNC:28880	0.9896215200424194	3	Top10-TP (rank=3)
MONDO:0026729	biolink:related_to	HGNC:28880	0.7280076146125793	156	TP-outside-Top50 (rank=156)
MONDO:0013624	biolink:related_to	HGNC:6823	0.9996452331542969	1	Top10-TP (rank=1)
MONDO:0014305	biolink:related_to	HGNC:469	0.9651309251785278	101	TP-outside-Top50 (rank=101)
MONDO:0014210	biolink:related_to	HGNC:494	0.832821249961853	131	TP-outside-Top50 (rank=131)
MONDO:0016838	biolink:related_to	HGNC:21316	0.9635407328605652	31	Top50-TP (rank=31)
MONDO:0013222	biolink:related_to	HGNC:27337	0.9933168888092041	1	Top10-TP (rank=1)
MONDO:0016103	biolink:related_to	HGNC:27337	0.9530791640281677	10	Top10-TP (rank=10)
MONDO:0012652	biolink:related_to	HGNC:27337	0.9893903136253357	1	Top10-TP (rank=1)
MONDO:0019428	biolink:related_to	HGNC:560	0.9465025663375854	285	TP-outside-Top50 (rank=285)
MONDO:0011998	biolink:related_to	HGNC:14103			MISSING_TRUE_GENE
MONDO:0032748	biolink:related_to	HGNC:23045			MISSING_TRUE_GENE
MONDO:0033308	biolink:related_to	HGNC:20730	0.9999995231628418	1	Top10-TP (rank=1)
MONDO:0010317	biolink:related_to	HGNC:18060	0.9868913292884827	2	Top10-TP (rank=2)
MONDO:0020493	biolink:related_to	HGNC:738			MISSING_TRUE_GENE
MONDO:0014963	biolink:related_to	HGNC:23805	0.9929947257041931	3	Top10-TP (rank=3)
MONDO:0032933	biolink:related_to	HGNC:24007			MISSING_TRUE_GENE
MONDO:0011025	biolink:related_to	HGNC:779			MISSING_TRUE_GENE
MONDO:0014286	biolink:related_to	HGNC:24526	0.9408206343650818	5	Top10-TP (rank=5)
MONDO:0859204	biolink:related_to	HGNC:800	0.9186315536499023	692	TP-outside-Top50 (rank=692)
MONDO:0008005	biolink:related_to	HGNC:6859			MISSING_TRUE_GENE
MONDO:0033669	biolink:related_to	HGNC:6871			MISSING_TRUE_GENE
MONDO:0010486	biolink:related_to	HGNC:15455	0.9908258318901062	1	Top10-TP (rank=1)
MONDO:0032872	biolink:related_to	HGNC:40050	0.9993662238121033	1	Top10-TP (rank=1)
MONDO:0006065	biolink:related_to	HGNC:6949			MISSING_TRUE_GENE
MONDO:0009653	biolink:related_to	HGNC:13356	0.9966617822647095	1	Top10-TP (rank=1)
MONDO:0031043	biolink:related_to	HGNC:28870	0.9986116886138916	1	Top10-TP (rank=1)
MONDO:0030072	biolink:related_to	HGNC:6970			MISSING_TRUE_GENE
MONDO:0013731	biolink:related_to	HGNC:29634	0.9999885559082031	1	Top10-TP (rank=1)
MONDO:0014822	biolink:related_to	HGNC:7001			MISSING_TRUE_GENE
MONDO:0012231	biolink:related_to	HGNC:16877	0.9862067103385925	2	Top10-TP (rank=2)
MONDO:0019549	biolink:related_to	HGNC:16877	0.5172280073165894	73	TP-outside-Top50 (rank=73)
MONDO:0010877	biolink:related_to	HGNC:16877	0.9213507175445557	8	Top10-TP (rank=8)
MONDO:0011002	biolink:related_to	HGNC:16877	0.9876097440719604	5	Top10-TP (rank=5)
MONDO:0014039	biolink:related_to	HGNC:16205	0.9980270266532898	1	Top10-TP (rank=1)
MONDO:0020378	biolink:related_to	HGNC:7103			MISSING_TRUE_GENE
MONDO:0007077	biolink:related_to	HGNC:7105	0.24032343924045563	151	TP-outside-Top50 (rank=151)
MONDO:0017360	biolink:related_to	HGNC:7526			MISSING_TRUE_GENE
MONDO:0011629	biolink:related_to	HGNC:24862	0.9556534290313721	38	Top50-TP (rank=38)
MONDO:0017116	biolink:related_to	HGNC:7208			MISSING_TRUE_GENE
MONDO:0011481	biolink:related_to	HGNC:7392	0.9847390651702881	4	Top10-TP (rank=4)
MONDO:0014020	biolink:related_to	HGNC:26784	0.9896731376647949	2	Top10-TP (rank=2)
MONDO:0958279	biolink:related_to	HGNC:7559	0.6168386936187744	134	TP-outside-Top50 (rank=134)
MONDO:0024559	biolink:related_to	HGNC:7569			MISSING_TRUE_GENE
MONDO:0025708	biolink:related_to	HGNC:7569			MISSING_TRUE_GENE
MONDO:0013418	biolink:related_to	HGNC:7590	0.7139880061149597	2045	TP-outside-Top50 (rank=2045)
MONDO:0013589	biolink:related_to	HGNC:7599	0.8922111988067627	94	TP-outside-Top50 (rank=94)
MONDO:0011774	biolink:related_to	HGNC:7601			MISSING_TRUE_GENE
MONDO:0009377	biolink:related_to	HGNC:17996			MISSING_TRUE_GENE
MONDO:0009623	biolink:related_to	HGNC:7652			MISSING_TRUE_GENE
MONDO:0030281	biolink:related_to	HGNC:7720	0.9755834341049194	5	Top10-TP (rank=5)
MONDO:0009642	biolink:related_to	HGNC:7744	0.994358479976654	2	Top10-TP (rank=2)
MONDO:0054750	biolink:related_to	HGNC:7744	0.9370008707046509	38	Top50-TP (rank=38)
MONDO:0030849	biolink:related_to	HGNC:10663	0.7253906726837158	353	TP-outside-Top50 (rank=353)
MONDO:0013885	biolink:related_to	HGNC:7788	0.9955129027366638	23	Top50-TP (rank=23)
MONDO:0017407	biolink:related_to	HGNC:7795			MISSING_TRUE_GENE
MONDO:0012650	biolink:related_to	HGNC:25737			MISSING_TRUE_GENE
MONDO:0957231	biolink:related_to	HGNC:21269			MISSING_TRUE_GENE
MONDO:0031054	biolink:related_to	HGNC:7853			MISSING_TRUE_GENE
MONDO:0010501	biolink:related_to	HGNC:7871			MISSING_TRUE_GENE
MONDO:0013594	biolink:related_to	HGNC:15911			MISSING_TRUE_GENE
MONDO:0007537	biolink:related_to	HGNC:7883	0.9993821382522583	1	Top10-TP (rank=1)
MONDO:0014122	biolink:related_to	HGNC:7883	0.9332966804504395	38	Top50-TP (rank=38)
MONDO:0000914	biolink:related_to	HGNC:7883	0.9192083477973938	117	TP-outside-Top50 (rank=117)
MONDO:0017598	biolink:related_to	HGNC:7910	0.6545103192329407	6414	TP-outside-Top50 (rank=6414)
MONDO:0011275	biolink:related_to	HGNC:7944	0.9845065474510193	2	Top10-TP (rank=2)
MONDO:0014551	biolink:related_to	HGNC:7944	0.98348468542099	5	Top10-TP (rank=5)
MONDO:0014401	biolink:related_to	HGNC:7944	0.9867382049560547	13	Top50-TP (rank=13)
MONDO:0100289	biolink:related_to	HGNC:7974	0.9297329783439636	90	TP-outside-Top50 (rank=90)
MONDO:0010441	biolink:related_to	HGNC:13398			MISSING_TRUE_GENE
MONDO:0014984	biolink:related_to	HGNC:7677			MISSING_TRUE_GENE
MONDO:0008002	biolink:related_to	HGNC:8029	0.9797690510749817	3	Top10-TP (rank=3)
MONDO:0032583	biolink:related_to	HGNC:29929	0.9289354681968689	58	TP-outside-Top50 (rank=58)
MONDO:0032581	biolink:related_to	HGNC:18016	0.8621047735214233	245	TP-outside-Top50 (rank=245)
MONDO:0018492	biolink:related_to	HGNC:8125	0.8425993323326111	4849	TP-outside-Top50 (rank=4849)
MONDO:0010446	biolink:related_to	HGNC:9936	0.9658457636833191	106	TP-outside-Top50 (rank=106)
MONDO:0013007	biolink:related_to	HGNC:25896	0.997831404209137	1	Top10-TP (rank=1)
MONDO:0014383	biolink:related_to	HGNC:25896	0.9803025722503662	1	Top10-TP (rank=1)
MONDO:0958176	biolink:related_to	HGNC:8565	0.9149236083030701	25	Top50-TP (rank=25)
MONDO:0010361	biolink:related_to	HGNC:8592			MISSING_TRUE_GENE
MONDO:0013223	biolink:related_to	HGNC:29679			MISSING_TRUE_GENE
MONDO:0019666	biolink:related_to	HGNC:8604	0.985160231590271	6	Top10-TP (rank=6)
MONDO:0100180	biolink:related_to	HGNC:8618			MISSING_TRUE_GENE
MONDO:0060549	biolink:related_to	HGNC:8632			MISSING_TRUE_GENE
MONDO:0009625	biolink:related_to	HGNC:8657	0.999860405921936	1	Top10-TP (rank=1)
MONDO:0010246	biolink:related_to	HGNC:14270			MISSING_TRUE_GENE
MONDO:0859252	biolink:related_to	HGNC:8717			MISSING_TRUE_GENE
MONDO:0032906	biolink:related_to	HGNC:8756			MISSING_TRUE_GENE
MONDO:0013315	biolink:related_to	HGNC:8789			MISSING_TRUE_GENE
MONDO:0100229	biolink:related_to	HGNC:8850	0.8017302751541138	480	TP-outside-Top50 (rank=480)
MONDO:0008972	biolink:related_to	HGNC:8860			MISSING_TRUE_GENE
MONDO:0009736	biolink:related_to	HGNC:8923	0.9902849793434143	6	Top10-TP (rank=6)
MONDO:0009958	biolink:related_to	HGNC:8940	0.9991080164909363	1	Top10-TP (rank=1)
MONDO:0008689	biolink:related_to	HGNC:28993	0.9933739900588989	1	Top10-TP (rank=1)
MONDO:0014797	biolink:related_to	HGNC:28993	0.9988507032394409	1	Top10-TP (rank=1)
MONDO:0007158	biolink:related_to	HGNC:26270	0.9998494386672974	1	Top10-TP (rank=1)
MONDO:0032822	biolink:related_to	HGNC:8959			MISSING_TRUE_GENE
MONDO:0030037	biolink:related_to	HGNC:8965			MISSING_TRUE_GENE
MONDO:0032824	biolink:related_to	HGNC:15791			MISSING_TRUE_GENE
MONDO:0013125	biolink:related_to	HGNC:8975	0.8332740068435669	81	TP-outside-Top50 (rank=81)
MONDO:0017177	biolink:related_to	HGNC:8975	0.5429465770721436	144	TP-outside-Top50 (rank=144)
MONDO:0013038	biolink:related_to	HGNC:8975	0.9096649289131165	51	TP-outside-Top50 (rank=51)
MONDO:0011472	biolink:related_to	HGNC:9023			MISSING_TRUE_GENE
MONDO:0024457	biolink:related_to	HGNC:9039	0.9981284737586975	1	Top10-TP (rank=1)
MONDO:0012444	biolink:related_to	HGNC:9039	0.9953780174255371	1	Top10-TP (rank=1)
MONDO:0013060	biolink:related_to	HGNC:9039	0.9996930360794067	1	Top10-TP (rank=1)
MONDO:0060502	biolink:related_to	HGNC:9043			MISSING_TRUE_GENE
MONDO:0011136	biolink:related_to	HGNC:9052			MISSING_TRUE_GENE
MONDO:0013390	biolink:related_to	HGNC:9069	0.7112491726875305	145	TP-outside-Top50 (rank=145)
MONDO:0014661	biolink:related_to	HGNC:9069	0.7135283946990967	711	TP-outside-Top50 (rank=711)
MONDO:0014766	biolink:related_to	HGNC:29515			MISSING_TRUE_GENE
MONDO:0016002	biolink:related_to	HGNC:9081	0.9971133470535278	3	Top10-TP (rank=3)
MONDO:0014977	biolink:related_to	HGNC:22954	0.9854904413223267	1	Top10-TP (rank=1)
MONDO:0014606	biolink:related_to	HGNC:18801	0.9998958110809326	1	Top10-TP (rank=1)
MONDO:0012953	biolink:related_to	HGNC:9175	0.726243793964386	77	TP-outside-Top50 (rank=77)
MONDO:0970994	biolink:related_to	HGNC:9175	0.8776596784591675	31	Top50-TP (rank=31)
MONDO:0014157	biolink:related_to	HGNC:9175	0.9204131960868835	370	TP-outside-Top50 (rank=370)
MONDO:0013350	biolink:related_to	HGNC:9179	0.9823803901672363	2	Top10-TP (rank=2)
MONDO:0010214	biolink:related_to	HGNC:9181			MISSING_TRUE_GENE
MONDO:0013385	biolink:related_to	HGNC:20422			MISSING_TRUE_GENE
MONDO:0009364	biolink:related_to	HGNC:9202	0.9999910593032837	1	Top10-TP (rank=1)
MONDO:0032592	biolink:related_to	HGNC:25686	0.9881032109260559	1	Top10-TP (rank=1)
MONDO:0014717	biolink:related_to	HGNC:13993			MISSING_TRUE_GENE
MONDO:0012904	biolink:related_to	HGNC:17019			MISSING_TRUE_GENE
MONDO:0859214	biolink:related_to	HGNC:9390			MISSING_TRUE_GENE
MONDO:0008316	biolink:related_to	HGNC:9451			MISSING_TRUE_GENE
MONDO:0010806	biolink:related_to	HGNC:17340			MISSING_TRUE_GENE
MONDO:0008210	biolink:related_to	HGNC:9942	0.997171938419342	1	Top10-TP (rank=1)
MONDO:0020382	biolink:related_to	HGNC:9942	0.8663423657417297	18	Top50-TP (rank=18)
MONDO:0014466	biolink:related_to	HGNC:19129	0.9917746782302856	1	Top10-TP (rank=1)
MONDO:0012596	biolink:related_to	HGNC:19129	0.9908632636070251	1	Top10-TP (rank=1)
MONDO:0013398	biolink:related_to	HGNC:9508	0.2867012917995453	734	TP-outside-Top50 (rank=734)
MONDO:0011789	biolink:related_to	HGNC:9588	0.8886854648590088	157	TP-outside-Top50 (rank=157)
MONDO:0021427	biolink:related_to	HGNC:9588	0.8524311780929565	52	TP-outside-Top50 (rank=52)
MONDO:0014406	biolink:related_to	HGNC:23734	0.9925170540809631	1	Top10-TP (rank=1)
MONDO:0017811	biolink:related_to	HGNC:9701	0.8288668394088745	981	TP-outside-Top50 (rank=981)
MONDO:0024553	biolink:related_to	HGNC:15508	0.9938841462135315	1	Top10-TP (rank=1)
MONDO:0010404	biolink:related_to	HGNC:816			MISSING_TRUE_GENE
MONDO:0010504	biolink:related_to	HGNC:868			MISSING_TRUE_GENE
MONDO:0027451	biolink:related_to	HGNC:851			MISSING_TRUE_GENE
MONDO:0009054	biolink:related_to	HGNC:18481	0.9918085932731628	14	Top50-TP (rank=14)
MONDO:0030724	biolink:related_to	HGNC:13552	0.9097463488578796	1	Top10-TP (rank=1)
MONDO:0012116	biolink:related_to	HGNC:32925			MISSING_TRUE_GENE
MONDO:0017051	biolink:related_to	HGNC:987			MISSING_TRUE_GENE
MONDO:0017053	biolink:related_to	HGNC:987			MISSING_TRUE_GENE
MONDO:0009872	biolink:related_to	HGNC:1020	0.9621895551681519	5	Top10-TP (rank=5)
MONDO:0014121	biolink:related_to	HGNC:17208	0.9651519060134888	268	TP-outside-Top50 (rank=268)
MONDO:0025699	biolink:related_to	HGNC:4332			MISSING_TRUE_GENE
MONDO:0975837	biolink:related_to	HGNC:37247			MISSING_TRUE_GENE
MONDO:0016598	biolink:related_to	HGNC:1093			MISSING_TRUE_GENE
MONDO:0009113	biolink:related_to	HGNC:1093			MISSING_TRUE_GENE
MONDO:0013561	biolink:related_to	HGNC:26019			MISSING_TRUE_GENE
MONDO:0011450	biolink:related_to	HGNC:1100	1.0	1	Top10-TP (rank=1)
MONDO:0013685	biolink:related_to	HGNC:1100	0.9113963842391968	2	Top10-TP (rank=2)
MONDO:0018564	biolink:related_to	HGNC:14255			MISSING_TRUE_GENE
MONDO:0011242	biolink:related_to	HGNC:16512			MISSING_TRUE_GENE
MONDO:0958188	biolink:related_to	HGNC:1245			MISSING_TRUE_GENE
MONDO:0032921	biolink:related_to	HGNC:17770	0.9998284578323364	1	Top10-TP (rank=1)
MONDO:0054847	biolink:related_to	HGNC:16854			MISSING_TRUE_GENE
MONDO:0100102	biolink:related_to	HGNC:9863			MISSING_TRUE_GENE
MONDO:0012483	biolink:related_to	HGNC:18286	0.9995983242988586	1	Top10-TP (rank=1)
MONDO:0018436	biolink:related_to	HGNC:14959			MISSING_TRUE_GENE
MONDO:0014060	biolink:related_to	HGNC:9922	0.9820693731307983	1	Top10-TP (rank=1)
MONDO:0014635	biolink:related_to	HGNC:9922	0.9670559763908386	32	Top50-TP (rank=32)
MONDO:0035694	biolink:related_to	HGNC:9955	0.2350327968597412	205	TP-outside-Top50 (rank=205)
MONDO:0032659	biolink:related_to	HGNC:9955	0.324516236782074	4693	TP-outside-Top50 (rank=4693)
MONDO:0054763	biolink:related_to	HGNC:15578			MISSING_TRUE_GENE
MONDO:0958180	biolink:related_to	HGNC:10004			MISSING_TRUE_GENE
MONDO:0010506	biolink:related_to	HGNC:13429	0.9999872446060181	1	Top10-TP (rank=1)
MONDO:0010495	biolink:related_to	HGNC:12974	0.7244941592216492	79	TP-outside-Top50 (rank=79)
MONDO:0011784	biolink:related_to	HGNC:14539	0.4851478338241577	872	TP-outside-Top50 (rank=872)
MONDO:0957561	biolink:related_to	HGNC:10074			MISSING_TRUE_GENE
MONDO:0859360	biolink:related_to	HGNC:19380			MISSING_TRUE_GENE
MONDO:0032783	biolink:related_to	HGNC:17985			MISSING_TRUE_GENE
MONDO:0030690	biolink:related_to	HGNC:10289			MISSING_TRUE_GENE
MONDO:0008765	biolink:related_to	HGNC:10294			MISSING_TRUE_GENE
MONDO:0010443	biolink:related_to	HGNC:10295	0.990920901298523	3	Top10-TP (rank=3)
MONDO:0010227	biolink:related_to	HGNC:10295	0.9932131767272949	1	Top10-TP (rank=1)
MONDO:0018254	biolink:related_to	HGNC:10303			MISSING_TRUE_GENE
MONDO:0012925	biolink:related_to	HGNC:10345			MISSING_TRUE_GENE
MONDO:0012529	biolink:related_to	HGNC:10411	0.7967575192451477	82	TP-outside-Top50 (rank=82)
MONDO:0859328	biolink:related_to	HGNC:19903	0.8517477512359619	58	TP-outside-Top50 (rank=58)
MONDO:0019130	biolink:related_to	HGNC:19903	0.5863313674926758	326	TP-outside-Top50 (rank=326)
MONDO:0100083	biolink:related_to	HGNC:10471	0.9959533214569092	1	Top10-TP (rank=1)
MONDO:0013059	biolink:related_to	HGNC:15925			MISSING_TRUE_GENE
MONDO:0013739	biolink:related_to	HGNC:15925			MISSING_TRUE_GENE
MONDO:0014623	biolink:related_to	HGNC:25403	0.6570936441421509	125	TP-outside-Top50 (rank=125)
MONDO:0011816	biolink:related_to	HGNC:10547	0.9987497329711914	1	Top10-TP (rank=1)
MONDO:0010959	biolink:related_to	HGNC:19869	0.9999994039535522	1	Top10-TP (rank=1)
MONDO:0014155	biolink:related_to	HGNC:10586			MISSING_TRUE_GENE
MONDO:0014244	biolink:related_to	HGNC:10583	0.9289028644561768	9	Top10-TP (rank=9)
MONDO:0014573	biolink:related_to	HGNC:10706			MISSING_TRUE_GENE
MONDO:0024465	biolink:related_to	HGNC:10802	0.934909999370575	5	Top10-TP (rank=5)
MONDO:0971069	biolink:related_to	HGNC:14294			MISSING_TRUE_GENE
MONDO:0054637	biolink:related_to	HGNC:15454			MISSING_TRUE_GENE
MONDO:0032571	biolink:related_to	HGNC:29165			MISSING_TRUE_GENE
MONDO:0011519	biolink:related_to	HGNC:10887	0.9435730576515198	29	Top50-TP (rank=29)
MONDO:0013214	biolink:related_to	HGNC:10906			MISSING_TRUE_GENE
MONDO:0008787	biolink:related_to	HGNC:10908	0.9008380174636841	39	Top50-TP (rank=39)
MONDO:0000902	biolink:related_to	HGNC:10914	0.999954342842102	1	Top10-TP (rank=1)
MONDO:0012786	biolink:related_to	HGNC:23094	0.9621331691741943	4	Top10-TP (rank=4)
MONDO:0957955	biolink:related_to	HGNC:10937			MISSING_TRUE_GENE
MONDO:0009107	biolink:related_to	HGNC:10994	0.9988147020339966	1	Top10-TP (rank=1)
MONDO:0012089	biolink:related_to	HGNC:10998	0.6515054702758789	125	TP-outside-Top50 (rank=125)
MONDO:0033259	biolink:related_to	HGNC:13941	0.854126513004303	38	Top50-TP (rank=38)
MONDO:0100428	biolink:related_to	HGNC:16187	0.9976117610931396	1	Top10-TP (rank=1)
MONDO:0013821	biolink:related_to	HGNC:11100	0.9845050573348999	234	TP-outside-Top50 (rank=234)
MONDO:0018761	biolink:related_to	HGNC:11100	0.22293905913829803	1822	TP-outside-Top50 (rank=1822)
MONDO:0007488	biolink:related_to	HGNC:11138			MISSING_TRUE_GENE
MONDO:0030378	biolink:related_to	HGNC:26799			MISSING_TRUE_GENE
MONDO:0012295	biolink:related_to	HGNC:1331			MISSING_TRUE_GENE
MONDO:0010335	biolink:related_to	HGNC:1393	0.992775559425354	1	Top10-TP (rank=1)
MONDO:0014647	biolink:related_to	HGNC:1424			MISSING_TRUE_GENE
MONDO:0032915	biolink:related_to	HGNC:1449			MISSING_TRUE_GENE
MONDO:0030920	biolink:related_to	HGNC:1461			MISSING_TRUE_GENE
MONDO:0016539	biolink:related_to	HGNC:26276	0.8100212812423706	102	TP-outside-Top50 (rank=102)
MONDO:0018245	biolink:related_to	HGNC:26276	0.7519636154174805	372	TP-outside-Top50 (rank=372)
MONDO:0958334	biolink:related_to	HGNC:1481			MISSING_TRUE_GENE
MONDO:0029134	biolink:related_to	HGNC:27089	0.9999146461486816	1	Top10-TP (rank=1)
MONDO:0010417	biolink:related_to	HGNC:1497	0.9979134202003479	17	Top50-TP (rank=17)
MONDO:0014574	biolink:related_to	HGNC:1515			MISSING_TRUE_GENE
MONDO:0013686	biolink:related_to	HGNC:1529	0.8834729790687561	30	Top50-TP (rank=30)
MONDO:0019947	biolink:related_to	HGNC:1529	0.9786362051963806	1	Top10-TP (rank=1)
MONDO:0957388	biolink:related_to	HGNC:1542			MISSING_TRUE_GENE
MONDO:0017117	biolink:related_to	HGNC:19967	0.5240170955657959	357	TP-outside-Top50 (rank=357)
MONDO:0009360	biolink:related_to	HGNC:19967	0.9668670296669006	30	Top50-TP (rank=30)
MONDO:0971002	biolink:related_to	HGNC:29296	0.9849851131439209	6	Top10-TP (rank=6)
MONDO:0014601	biolink:related_to	HGNC:14977	0.9999731779098511	1	Top10-TP (rank=1)
MONDO:0030055	biolink:related_to	HGNC:11184			MISSING_TRUE_GENE
MONDO:0019032	biolink:related_to	HGNC:11199			MISSING_TRUE_GENE
MONDO:0009549	biolink:related_to	HGNC:20423			MISSING_TRUE_GENE
MONDO:0032942	biolink:related_to	HGNC:11254	0.9910176992416382	114	TP-outside-Top50 (rank=114)
MONDO:0032899	biolink:related_to	HGNC:11301			MISSING_TRUE_GENE
MONDO:0044204	biolink:related_to	HGNC:11301			MISSING_TRUE_GENE
MONDO:0958237	biolink:related_to	HGNC:18628	0.9957869648933411	1	Top10-TP (rank=1)
MONDO:0009722	biolink:related_to	HGNC:28423	0.9998741149902344	1	Top10-TP (rank=1)
MONDO:0013427	biolink:related_to	HGNC:11362			MISSING_TRUE_GENE
MONDO:0012989	biolink:related_to	HGNC:10879			MISSING_TRUE_GENE
MONDO:0008280	biolink:related_to	HGNC:11389	0.17359942197799683	1867	TP-outside-Top50 (rank=1867)
MONDO:0030332	biolink:related_to	HGNC:17209			MISSING_TRUE_GENE
MONDO:0012812	biolink:related_to	HGNC:11444	0.9738050699234009	31	Top50-TP (rank=31)
MONDO:0014733	biolink:related_to	HGNC:11474	0.945016086101532	17	Top50-TP (rank=17)
MONDO:0032916	biolink:related_to	HGNC:17101			MISSING_TRUE_GENE
MONDO:0014844	biolink:related_to	HGNC:28852			MISSING_TRUE_GENE
MONDO:0014468	biolink:related_to	HGNC:11510	0.9826452732086182	7	Top10-TP (rank=7)
MONDO:0012521	biolink:related_to	HGNC:11584			MISSING_TRUE_GENE
MONDO:0014641	biolink:related_to	HGNC:11584			MISSING_TRUE_GENE
MONDO:0010554	biolink:related_to	HGNC:11600			MISSING_TRUE_GENE
MONDO:0009274	biolink:related_to	HGNC:11609			MISSING_TRUE_GENE
MONDO:0013896	biolink:related_to	HGNC:24519	0.9510412216186523	12	Top50-TP (rank=12)
MONDO:0013529	biolink:related_to	HGNC:27365			MISSING_TRUE_GENE
MONDO:0032922	biolink:related_to	HGNC:28313			MISSING_TRUE_GENE
MONDO:0014943	biolink:related_to	HGNC:11741			MISSING_TRUE_GENE
MONDO:0010135	biolink:related_to	HGNC:11764	0.9847469329833984	1	Top10-TP (rank=1)
MONDO:0011982	biolink:related_to	HGNC:11764	0.9517881870269775	1	Top10-TP (rank=1)
MONDO:0032601	biolink:related_to	HGNC:11766	0.7450421452522278	44	Top50-TP (rank=44)
MONDO:0013723	biolink:related_to	HGNC:17192	0.9940892457962036	1	Top10-TP (rank=1)
MONDO:0100045	biolink:related_to	HGNC:18021	0.30786484479904175	691	TP-outside-Top50 (rank=691)
MONDO:0859226	biolink:related_to	HGNC:26186			MISSING_TRUE_GENE
MONDO:0012539	biolink:related_to	HGNC:28396	0.9857026934623718	2	Top10-TP (rank=2)
MONDO:0011202	biolink:related_to	HGNC:28396	0.98691326379776	5	Top10-TP (rank=5)
MONDO:0033045	biolink:related_to	HGNC:28128	0.9997698664665222	1	Top10-TP (rank=1)
MONDO:0044321	biolink:related_to	HGNC:20185			MISSING_TRUE_GENE
MONDO:0017844	biolink:related_to	HGNC:11917			MISSING_TRUE_GENE
MONDO:0008275	biolink:related_to	HGNC:11908	0.9769178628921509	2	Top10-TP (rank=2)
MONDO:0012859	biolink:related_to	HGNC:11908	0.9977895021438599	1	Top10-TP (rank=1)
MONDO:0957284	biolink:related_to	HGNC:11948			MISSING_TRUE_GENE
MONDO:0957281	biolink:related_to	HGNC:11948			MISSING_TRUE_GENE
MONDO:0030995	biolink:related_to	HGNC:29190			MISSING_TRUE_GENE
MONDO:0008734	biolink:related_to	HGNC:11998	0.7975071668624878	78	TP-outside-Top50 (rank=78)
MONDO:0014221	biolink:related_to	HGNC:12009	0.9642595648765564	144	TP-outside-Top50 (rank=144)
MONDO:0007157	biolink:related_to	HGNC:12011	0.9652087688446045	5	Top10-TP (rank=5)
MONDO:0032819	biolink:related_to	HGNC:12299			MISSING_TRUE_GENE
MONDO:0030914	biolink:related_to	HGNC:12306			MISSING_TRUE_GENE
MONDO:0032665	biolink:related_to	HGNC:25980			MISSING_TRUE_GENE
MONDO:0019176	biolink:related_to	HGNC:12340			MISSING_TRUE_GENE
MONDO:0032591	biolink:related_to	HGNC:14006			MISSING_TRUE_GENE
MONDO:0012203	biolink:related_to	HGNC:12373	0.9914813041687012	2	Top10-TP (rank=2)
MONDO:0014238	biolink:related_to	HGNC:26262	0.9979478716850281	1	Top10-TP (rank=1)
MONDO:0014522	biolink:related_to	HGNC:12406	0.989361584186554	1	Top10-TP (rank=1)
MONDO:0054771	biolink:related_to	HGNC:24071	0.7880576252937317	113	TP-outside-Top50 (rank=113)
MONDO:0012399	biolink:related_to	HGNC:30829	0.8945366740226746	41	Top50-TP (rank=41)
MONDO:0008747	biolink:related_to	HGNC:12450	0.9352123737335205	22	Top50-TP (rank=22)
MONDO:0044276	biolink:related_to	HGNC:12450	0.9590387940406799	3	Top10-TP (rank=3)
MONDO:0026777	biolink:related_to	HGNC:12469			MISSING_TRUE_GENE
MONDO:0032895	biolink:related_to	HGNC:12527	0.9929487705230713	1	Top10-TP (rank=1)
MONDO:0859164	biolink:related_to	HGNC:30594			MISSING_TRUE_GENE
MONDO:0011237	biolink:related_to	HGNC:12593			MISSING_TRUE_GENE
MONDO:0010171	biolink:related_to	HGNC:12597	0.9422979950904846	1	Top10-TP (rank=1)
MONDO:0859366	biolink:related_to	HGNC:18533	0.8798098564147949	17	Top50-TP (rank=17)
MONDO:0060621	biolink:related_to	HGNC:12651			MISSING_TRUE_GENE
MONDO:0030486	biolink:related_to	HGNC:14583	0.8558508157730103	41	Top50-TP (rank=41)
MONDO:0011811	biolink:related_to	HGNC:23595	0.9999204874038696	1	Top10-TP (rank=1)
MONDO:0013962	biolink:related_to	HGNC:24928	0.8126602172851562	38	Top50-TP (rank=38)
MONDO:0015631	biolink:related_to	HGNC:12726	0.9903627038002014	1	Top10-TP (rank=1)
MONDO:0010294	biolink:related_to	HGNC:12731	0.8900336623191833	24	Top50-TP (rank=24)
MONDO:0010743	biolink:related_to	HGNC:12731	0.953724205493927	20	Top50-TP (rank=20)
MONDO:0010518	biolink:related_to	HGNC:12731	0.9956166744232178	1	Top10-TP (rank=1)
MONDO:0030987	biolink:related_to	HGNC:16461	0.9798117280006409	5	Top10-TP (rank=5)
MONDO:0013926	biolink:related_to	HGNC:13831	0.9611183404922485	22	Top50-TP (rank=22)
MONDO:0054794	biolink:related_to	HGNC:26600	0.9786726832389832	4	Top10-TP (rank=4)
MONDO:0975835	biolink:related_to	HGNC:15939			MISSING_TRUE_GENE
MONDO:0032575	biolink:related_to	HGNC:12781			MISSING_TRUE_GENE
MONDO:0024455	biolink:related_to	HGNC:3084	0.9995494484901428	1	Top10-TP (rank=1)
MONDO:0009232	biolink:related_to	HGNC:12786	0.9928378462791443	1	Top10-TP (rank=1)
MONDO:0007635	biolink:related_to	HGNC:12796	0.9954584836959839	1	Top10-TP (rank=1)
MONDO:0026404	biolink:related_to	HGNC:12810			MISSING_TRUE_GENE
MONDO:0018273	biolink:related_to	HGNC:15516			MISSING_TRUE_GENE
MONDO:0016839	biolink:related_to	HGNC:12851	0.7193456888198853	1911	TP-outside-Top50 (rank=1911)
MONDO:0033365	biolink:related_to	HGNC:12852			MISSING_TRUE_GENE
MONDO:0032715	biolink:related_to	HGNC:16740	0.9833477139472961	2	Top10-TP (rank=2)
MONDO:0013553	biolink:related_to	HGNC:21143			MISSING_TRUE_GENE
MONDO:0010758	biolink:related_to	HGNC:24931			MISSING_TRUE_GENE
MONDO:0016856	biolink:related_to	HGNC:14881	0.9883793592453003	6	Top10-TP (rank=6)
MONDO:0014480	biolink:related_to	HGNC:16700	0.9746193289756775	3	Top10-TP (rank=3)
MONDO:0014192	biolink:related_to	HGNC:19412			MISSING_TRUE_GENE
MONDO:0012446	biolink:related_to	HGNC:25843	0.9637734293937683	357	TP-outside-Top50 (rank=357)
MONDO:0012190	biolink:related_to	HGNC:1630			MISSING_TRUE_GENE
MONDO:0011107	biolink:related_to	HGNC:1762	0.9964832067489624	1	Top10-TP (rank=1)
MONDO:0008885	biolink:related_to	HGNC:1750	0.9999921321868896	1	Top10-TP (rank=1)
MONDO:0014484	biolink:related_to	HGNC:1777			MISSING_TRUE_GENE
MONDO:0007805	biolink:related_to	HGNC:1802	0.7784662246704102	32	Top50-TP (rank=32)
MONDO:0012348	biolink:related_to	HGNC:1848	0.881760835647583	16	Top50-TP (rank=16)
MONDO:0012626	biolink:related_to	HGNC:29021	0.9670706987380981	187	TP-outside-Top50 (rank=187)
MONDO:0054843	biolink:related_to	HGNC:28188	0.999962329864502	1	Top10-TP (rank=1)
MONDO:0014255	biolink:related_to	HGNC:1037	0.9077520966529846	14	Top50-TP (rank=14)
MONDO:0014532	biolink:related_to	HGNC:15559			MISSING_TRUE_GENE
MONDO:0011547	biolink:related_to	HGNC:16171	0.5733956694602966	247	TP-outside-Top50 (rank=247)
MONDO:0007032	biolink:related_to	HGNC:1952			MISSING_TRUE_GENE
MONDO:0010092	biolink:related_to	HGNC:26877			MISSING_TRUE_GENE
MONDO:0100468	biolink:related_to	HGNC:2019	0.8523092269897461	18	Top50-TP (rank=18)
MONDO:0009715	biolink:related_to	HGNC:2019	0.9972883462905884	1	Top10-TP (rank=1)
MONDO:0010250	biolink:related_to	HGNC:2022	0.9999380111694336	1	Top10-TP (rank=1)
MONDO:0011144	biolink:related_to	HGNC:2077	0.9602106809616089	70	TP-outside-Top50 (rank=70)
MONDO:0060729	biolink:related_to	HGNC:2088			MISSING_TRUE_GENE
MONDO:0032864	biolink:related_to	HGNC:7879	0.9927124977111816	2	Top10-TP (rank=2)
MONDO:0012400	biolink:related_to	HGNC:13830			MISSING_TRUE_GENE
MONDO:0012801	biolink:related_to	HGNC:13830			MISSING_TRUE_GENE
MONDO:0014290	biolink:related_to	HGNC:29932	0.9807865023612976	1	Top10-TP (rank=1)
MONDO:0957820	biolink:related_to	HGNC:18619			MISSING_TRUE_GENE
MONDO:0008762	biolink:related_to	HGNC:2206	0.9981585144996643	1	Top10-TP (rank=1)
MONDO:0009714	biolink:related_to	HGNC:2212	0.984281063079834	2	Top10-TP (rank=2)
MONDO:0010964	biolink:related_to	HGNC:2219			MISSING_TRUE_GENE
MONDO:0800167	biolink:related_to	HGNC:2195	0.9999285936355591	1	Top10-TP (rank=1)
MONDO:0958241	biolink:related_to	HGNC:19012	0.9940589666366577	1	Top10-TP (rank=1)
MONDO:0859250	biolink:related_to	HGNC:2326			MISSING_TRUE_GENE
MONDO:0014539	biolink:related_to	HGNC:18688			MISSING_TRUE_GENE
MONDO:0035556	biolink:related_to	HGNC:14630	0.8700029253959656	3	Top10-TP (rank=3)
MONDO:0007283	biolink:related_to	HGNC:2395	0.9869602918624878	4	Top10-TP (rank=4)
MONDO:0020375	biolink:related_to	HGNC:2411	0.9301052689552307	1	Top10-TP (rank=1)
MONDO:0014603	biolink:related_to	HGNC:2418			MISSING_TRUE_GENE
MONDO:0012804	biolink:related_to	HGNC:2472	0.9503251910209656	4	Top10-TP (rank=4)
MONDO:0032804	biolink:related_to	HGNC:2478			MISSING_TRUE_GENE
MONDO:0014213	biolink:related_to	HGNC:13723	0.995413601398468	90	TP-outside-Top50 (rank=90)
MONDO:0012162	biolink:related_to	HGNC:2509	0.8045112490653992	421	TP-outside-Top50 (rank=421)
MONDO:0014035	biolink:related_to	HGNC:2514	0.5135660767555237	30	Top50-TP (rank=30)
MONDO:0007564	biolink:related_to	HGNC:2514	0.5144558548927307	2088	TP-outside-Top50 (rank=2088)
MONDO:0018055	biolink:related_to	HGNC:2514	0.5486916899681091	1502	TP-outside-Top50 (rank=1502)
MONDO:0009737	biolink:related_to	HGNC:9251	0.9929047226905823	1	Top10-TP (rank=1)
MONDO:0013782	biolink:related_to	HGNC:2553	0.8950159549713135	26	Top50-TP (rank=26)
MONDO:0009598	biolink:related_to	HGNC:10664	0.9998466968536377	1	Top10-TP (rank=1)
MONDO:0009606	biolink:related_to	HGNC:2873	0.9548214673995972	1	Top10-TP (rank=1)
MONDO:0010389	biolink:related_to	HGNC:2578			MISSING_TRUE_GENE
MONDO:0010600	biolink:related_to	HGNC:2578			MISSING_TRUE_GENE
MONDO:0012294	biolink:related_to	HGNC:2621			MISSING_TRUE_GENE
MONDO:0007080	biolink:related_to	HGNC:2592	0.9303604364395142	2	Top10-TP (rank=2)
MONDO:0035320	biolink:related_to	HGNC:2592	0.9181205630302429	1	Top10-TP (rank=1)
MONDO:0008751	biolink:related_to	HGNC:2592	0.9777335524559021	1	Top10-TP (rank=1)
MONDO:0018280	biolink:related_to	HGNC:2666	0.8436809778213501	8	Top10-TP (rank=8)
MONDO:0014115	biolink:related_to	HGNC:2678			MISSING_TRUE_GENE
MONDO:0012411	biolink:related_to	HGNC:24891			MISSING_TRUE_GENE
MONDO:0009419	biolink:related_to	HGNC:25784	0.9997753500938416	1	Top10-TP (rank=1)
MONDO:0018816	biolink:related_to	HGNC:18141			MISSING_TRUE_GENE
MONDO:0012442	biolink:related_to	HGNC:18141			MISSING_TRUE_GENE
MONDO:0012256	biolink:related_to	HGNC:19714	0.9678022265434265	1	Top10-TP (rank=1)
MONDO:0014809	biolink:related_to	HGNC:18674			MISSING_TRUE_GENE
MONDO:0030457	biolink:related_to	HGNC:2760			MISSING_TRUE_GENE
MONDO:0008407	biolink:related_to	HGNC:2770	0.9875828623771667	2	Top10-TP (rank=2)
MONDO:0008774	biolink:related_to	HGNC:23537			MISSING_TRUE_GENE
MONDO:0014012	biolink:related_to	HGNC:23537			MISSING_TRUE_GENE
MONDO:0032604	biolink:related_to	HGNC:17211			MISSING_TRUE_GENE
MONDO:0010350	biolink:related_to	HGNC:2877			MISSING_TRUE_GENE
MONDO:0009965	biolink:related_to	HGNC:28648	0.9891985058784485	3	Top10-TP (rank=3)
MONDO:0020692	biolink:related_to	HGNC:2909			MISSING_TRUE_GENE
MONDO:0014772	biolink:related_to	HGNC:2917	0.9999934434890747	1	Top10-TP (rank=1)
MONDO:0035648	biolink:related_to	HGNC:2933	0.9888530969619751	1	Top10-TP (rank=1)
MONDO:0054615	biolink:related_to	HGNC:2940			MISSING_TRUE_GENE
MONDO:0032845	biolink:related_to	HGNC:2946	0.9989985823631287	1	Top10-TP (rank=1)
MONDO:0021018	biolink:related_to	HGNC:14888	0.7393826246261597	14	Top50-TP (rank=14)
MONDO:0032882	biolink:related_to	HGNC:2978	0.976033627986908	7	Top10-TP (rank=7)
MONDO:0014637	biolink:related_to	HGNC:2988			MISSING_TRUE_GENE
MONDO:0800438	biolink:related_to	HGNC:3003	0.9982353448867798	1	Top10-TP (rank=1)
MONDO:0013063	biolink:related_to	HGNC:3010	0.9129613041877747	4	Top10-TP (rank=4)
MONDO:0014580	biolink:related_to	HGNC:3010	0.9928962588310242	1	Top10-TP (rank=1)
MONDO:0010130	biolink:related_to	HGNC:3012	0.9936903715133667	1	Top10-TP (rank=1)
MONDO:0017405	biolink:related_to	HGNC:3012	0.7279466390609741	9	Top10-TP (rank=9)
MONDO:0012434	biolink:related_to	HGNC:3049	0.8101629018783569	468	TP-outside-Top50 (rank=468)
MONDO:0014180	biolink:related_to	HGNC:1090			MISSING_TRUE_GENE
MONDO:0013839	biolink:related_to	HGNC:1090			MISSING_TRUE_GENE
MONDO:0010046	biolink:related_to	HGNC:29043	0.9870229959487915	3	Top10-TP (rank=3)
MONDO:0015021	biolink:related_to	HGNC:19087	1.0	1	Top10-TP (rank=1)
MONDO:0020603	biolink:related_to	HGNC:3133			MISSING_TRUE_GENE
MONDO:0014649	biolink:related_to	HGNC:26114			MISSING_TRUE_GENE
MONDO:0008000	biolink:related_to	HGNC:3179	0.9785239696502686	56	TP-outside-Top50 (rank=56)
MONDO:0032798	biolink:related_to	HGNC:14418			MISSING_TRUE_GENE
MONDO:0007574	biolink:related_to	HGNC:14415	0.9733458757400513	1	Top10-TP (rank=1)
MONDO:0013184	biolink:related_to	HGNC:11529	0.9348292350769043	1	Top10-TP (rank=1)
MONDO:0011125	biolink:related_to	HGNC:3434	0.9850865602493286	1	Top10-TP (rank=1)
MONDO:0019570	biolink:related_to	HGNC:3438	0.9981815814971924	1	Top10-TP (rank=1)
MONDO:0008998	biolink:related_to	HGNC:3438	0.9792308211326599	271	TP-outside-Top50 (rank=271)
MONDO:0010217	biolink:related_to	HGNC:3438	0.9700132012367249	110	TP-outside-Top50 (rank=110)
MONDO:0014302	biolink:related_to	HGNC:16947			MISSING_TRUE_GENE
MONDO:0020621	biolink:related_to	HGNC:15743			MISSING_TRUE_GENE
HGNC:10914	biolink:related_to	MONDO:0000902			MISSING_TRUE_GENE
HGNC:11179	biolink:related_to	MONDO:0007103			MISSING_TRUE_GENE
HGNC:6998	biolink:related_to	MONDO:0018015			MISSING_TRUE_GENE
HGNC:18173	biolink:related_to	MONDO:0007191			MISSING_TRUE_GENE
HGNC:2395	biolink:related_to	MONDO:0007283			MISSING_TRUE_GENE
HGNC:11909	biolink:related_to	MONDO:0009394			MISSING_TRUE_GENE
HGNC:4043	biolink:related_to	MONDO:0007351			MISSING_TRUE_GENE
HGNC:16262	biolink:related_to	MONDO:0007355			MISSING_TRUE_GENE
HGNC:6769	biolink:related_to	MONDO:0013426			MISSING_TRUE_GENE
HGNC:11768	biolink:related_to	MONDO:0007363			MISSING_TRUE_GENE
HGNC:3219	biolink:related_to	MONDO:0007524			MISSING_TRUE_GENE
HGNC:6716	biolink:related_to	MONDO:0007363			MISSING_TRUE_GENE
HGNC:2876	biolink:related_to	MONDO:0007424			MISSING_TRUE_GENE
HGNC:11138	biolink:related_to	MONDO:0007488			MISSING_TRUE_GENE
HGNC:3416	biolink:related_to	MONDO:0007572			MISSING_TRUE_GENE
HGNC:29605	biolink:related_to	MONDO:0007572			MISSING_TRUE_GENE
HGNC:449	biolink:related_to	MONDO:0007636			MISSING_TRUE_GENE
HGNC:6858	biolink:related_to	MONDO:0007648			MISSING_TRUE_GENE
HGNC:8546	biolink:related_to	MONDO:0007738			MISSING_TRUE_GENE
HGNC:9083	biolink:related_to	MONDO:0012892			MISSING_TRUE_GENE
HGNC:1371	biolink:related_to	MONDO:0007747			MISSING_TRUE_GENE
HGNC:3700	biolink:related_to	MONDO:0007888			MISSING_TRUE_GENE
HGNC:34	biolink:related_to	MONDO:0007932			MISSING_TRUE_GENE
HGNC:11654	biolink:related_to	MONDO:0007944			MISSING_TRUE_GENE
HGNC:26190	biolink:related_to	MONDO:0008048			MISSING_TRUE_GENE
HGNC:9255	biolink:related_to	MONDO:0008148			MISSING_TRUE_GENE
HGNC:11094	biolink:related_to	MONDO:0008244			MISSING_TRUE_GENE
HGNC:9451	biolink:related_to	MONDO:0008316			MISSING_TRUE_GENE
HGNC:30939	biolink:related_to	MONDO:0008340			MISSING_TRUE_GENE
HGNC:18603	biolink:related_to	MONDO:0008340			MISSING_TRUE_GENE
HGNC:4598	biolink:related_to	MONDO:0008377			MISSING_TRUE_GENE
HGNC:4679	biolink:related_to	MONDO:0008377			MISSING_TRUE_GENE
HGNC:24783	biolink:related_to	MONDO:0008377			MISSING_TRUE_GENE
HGNC:451	biolink:related_to	MONDO:0008377			MISSING_TRUE_GENE
HGNC:16448	biolink:related_to	MONDO:0008377			MISSING_TRUE_GENE
HGNC:7467	biolink:related_to	MONDO:0008377			MISSING_TRUE_GENE
HGNC:7745	biolink:related_to	MONDO:0008377			MISSING_TRUE_GENE
HGNC:8082	biolink:related_to	MONDO:0008377			MISSING_TRUE_GENE
HGNC:14674	biolink:related_to	MONDO:0008377			MISSING_TRUE_GENE
HGNC:30000	biolink:related_to	MONDO:0008377			MISSING_TRUE_GENE
HGNC:10012	biolink:related_to	MONDO:0008377			MISSING_TRUE_GENE
HGNC:13436	biolink:related_to	MONDO:0008377			MISSING_TRUE_GENE
HGNC:30859	biolink:related_to	MONDO:0008377			MISSING_TRUE_GENE
HGNC:18018	biolink:related_to	MONDO:0008377			MISSING_TRUE_GENE
HGNC:3218	biolink:related_to	MONDO:0008377			MISSING_TRUE_GENE
HGNC:13839	biolink:related_to	MONDO:0008377			MISSING_TRUE_GENE
HGNC:17416	biolink:related_to	MONDO:0008377			MISSING_TRUE_GENE
HGNC:4678	biolink:related_to	MONDO:0008377			MISSING_TRUE_GENE
HGNC:6055	biolink:related_to	MONDO:0008377			MISSING_TRUE_GENE
HGNC:17146	biolink:related_to	MONDO:0008377			MISSING_TRUE_GENE
HGNC:7530	biolink:related_to	MONDO:0008377			MISSING_TRUE_GENE
HGNC:15021	biolink:related_to	MONDO:0008377			MISSING_TRUE_GENE
HGNC:15860	biolink:related_to	MONDO:0008377			MISSING_TRUE_GENE
HGNC:18758	biolink:related_to	MONDO:0008377			MISSING_TRUE_GENE
HGNC:26648	biolink:related_to	MONDO:0008377			MISSING_TRUE_GENE
HGNC:20893	biolink:related_to	MONDO:0008377			MISSING_TRUE_GENE
HGNC:9990	biolink:related_to	MONDO:0013414			MISSING_TRUE_GENE
HGNC:10263	biolink:related_to	MONDO:0008377			MISSING_TRUE_GENE
HGNC:18326	biolink:related_to	MONDO:0008377			MISSING_TRUE_GENE
HGNC:1940	biolink:related_to	MONDO:0008377			MISSING_TRUE_GENE
HGNC:26193	biolink:related_to	MONDO:0008377			MISSING_TRUE_GENE
HGNC:20603	biolink:related_to	MONDO:0008377			MISSING_TRUE_GENE
HGNC:26147	biolink:related_to	MONDO:0008377			MISSING_TRUE_GENE
HGNC:17097	biolink:related_to	MONDO:0008377			MISSING_TRUE_GENE
HGNC:31371	biolink:related_to	MONDO:0008377			MISSING_TRUE_GENE
HGNC:7606	biolink:related_to	MONDO:0008377			MISSING_TRUE_GENE
HGNC:8547	biolink:related_to	MONDO:0008377			MISSING_TRUE_GENE
HGNC:8787	biolink:related_to	MONDO:0008377			MISSING_TRUE_GENE
HGNC:26291	biolink:related_to	MONDO:0008377			MISSING_TRUE_GENE
HGNC:1071	biolink:related_to	MONDO:0008377			MISSING_TRUE_GENE
HGNC:17964	biolink:related_to	MONDO:0008377			MISSING_TRUE_GENE
HGNC:17282	biolink:related_to	MONDO:0008377			MISSING_TRUE_GENE
HGNC:1375	biolink:related_to	MONDO:0008377			MISSING_TRUE_GENE
HGNC:25812	biolink:related_to	MONDO:0008377			MISSING_TRUE_GENE
HGNC:11714	biolink:related_to	MONDO:0008377			MISSING_TRUE_GENE
HGNC:20087	biolink:related_to	MONDO:0008377			MISSING_TRUE_GENE
HGNC:12565	biolink:related_to	MONDO:0957240			MISSING_TRUE_GENE
HGNC:29222	biolink:related_to	MONDO:0008377			MISSING_TRUE_GENE
HGNC:28769	biolink:related_to	MONDO:0008377			MISSING_TRUE_GENE
HGNC:315	biolink:related_to	MONDO:0008377			MISSING_TRUE_GENE
HGNC:30391	biolink:related_to	MONDO:0008377			MISSING_TRUE_GENE
HGNC:19698	biolink:related_to	MONDO:0008377			MISSING_TRUE_GENE
HGNC:6816	biolink:related_to	MONDO:0008377			MISSING_TRUE_GENE
HGNC:8786	biolink:related_to	MONDO:0008377			MISSING_TRUE_GENE
HGNC:17340	biolink:related_to	MONDO:0010806			MISSING_TRUE_GENE
HGNC:9768	biolink:related_to	MONDO:0008377			MISSING_TRUE_GENE
HGNC:10294	biolink:related_to	MONDO:0008765			MISSING_TRUE_GENE
HGNC:20080	biolink:related_to	MONDO:0008377			MISSING_TRUE_GENE
HGNC:2183	biolink:related_to	MONDO:0008377			MISSING_TRUE_GENE
HGNC:29021	biolink:related_to	MONDO:0012626			MISSING_TRUE_GENE
HGNC:21699	biolink:related_to	MONDO:0008377			MISSING_TRUE_GENE
HGNC:17211	biolink:related_to	MONDO:0032604			MISSING_TRUE_GENE
HGNC:37261	biolink:related_to	MONDO:0008377			MISSING_TRUE_GENE
HGNC:14418	biolink:related_to	MONDO:0032798			MISSING_TRUE_GENE
HGNC:11231	biolink:related_to	MONDO:0008437			MISSING_TRUE_GENE
HGNC:6427	biolink:related_to	MONDO:0008485			MISSING_TRUE_GENE
HGNC:4390	biolink:related_to	MONDO:0008501			MISSING_TRUE_GENE
HGNC:7866	biolink:related_to	MONDO:0008521			MISSING_TRUE_GENE
HGNC:25839	biolink:related_to	MONDO:0008637			MISSING_TRUE_GENE
HGNC:3497	biolink:related_to	MONDO:0008673			MISSING_TRUE_GENE
HGNC:19747	biolink:related_to	MONDO:0008673			MISSING_TRUE_GENE
HGNC:20670	biolink:related_to	MONDO:0008853			MISSING_TRUE_GENE
HGNC:12305	biolink:related_to	MONDO:0008701			MISSING_TRUE_GENE
HGNC:123	biolink:related_to	MONDO:0008705			MISSING_TRUE_GENE
HGNC:17129	biolink:related_to	MONDO:0008713			MISSING_TRUE_GENE
HGNC:11530	biolink:related_to	MONDO:0008777			MISSING_TRUE_GENE
HGNC:26054	biolink:related_to	MONDO:0008785			MISSING_TRUE_GENE
HGNC:6936	biolink:related_to	MONDO:0008861			MISSING_TRUE_GENE
HGNC:2500	biolink:related_to	MONDO:0016356			MISSING_TRUE_GENE
HGNC:1750	biolink:related_to	MONDO:0008885			MISSING_TRUE_GENE
HGNC:10526	biolink:related_to	MONDO:0009002			MISSING_TRUE_GENE
HGNC:1248	biolink:related_to	MONDO:0009006			MISSING_TRUE_GENE
HGNC:12631	biolink:related_to	MONDO:0009050			MISSING_TRUE_GENE
HGNC:7978	biolink:related_to	MONDO:0009050			MISSING_TRUE_GENE
HGNC:18481	biolink:related_to	MONDO:0009054			MISSING_TRUE_GENE
HGNC:2501	biolink:related_to	MONDO:0009058			MISSING_TRUE_GENE
HGNC:24247	biolink:related_to	MONDO:0009070			MISSING_TRUE_GENE
HGNC:10939	biolink:related_to	MONDO:0009110			MISSING_TRUE_GENE
HGNC:11647	biolink:related_to	MONDO:0009138			MISSING_TRUE_GENE
HGNC:6490	biolink:related_to	MONDO:0009182			MISSING_TRUE_GENE
HGNC:5358	biolink:related_to	MONDO:0013957			MISSING_TRUE_GENE
HGNC:735	biolink:related_to	MONDO:0009218			MISSING_TRUE_GENE
HGNC:4135	biolink:related_to	MONDO:0009258			MISSING_TRUE_GENE
HGNC:11609	biolink:related_to	MONDO:0009274			MISSING_TRUE_GENE
HGNC:9831	biolink:related_to	MONDO:0009306			MISSING_TRUE_GENE
HGNC:7473	biolink:related_to	MONDO:0009354			MISSING_TRUE_GENE
HGNC:60	biolink:related_to	MONDO:0009406			MISSING_TRUE_GENE
HGNC:4707	biolink:related_to	MONDO:0009414			MISSING_TRUE_GENE
HGNC:19191	biolink:related_to	MONDO:0009478			MISSING_TRUE_GENE
HGNC:2528	biolink:related_to	MONDO:0009490			MISSING_TRUE_GENE
HGNC:14154	biolink:related_to	MONDO:0009527			MISSING_TRUE_GENE
HGNC:6903	biolink:related_to	MONDO:0009607			MISSING_TRUE_GENE
HGNC:16732	biolink:related_to	MONDO:0009615			MISSING_TRUE_GENE
HGNC:7652	biolink:related_to	MONDO:0009623			MISSING_TRUE_GENE
HGNC:16380	biolink:related_to	MONDO:0009683			MISSING_TRUE_GENE
HGNC:1665	biolink:related_to	MONDO:0009699			MISSING_TRUE_GENE
HGNC:10521	biolink:related_to	MONDO:0009775			MISSING_TRUE_GENE
HGNC:4454	biolink:related_to	MONDO:0009779			MISSING_TRUE_GENE
HGNC:341	biolink:related_to	MONDO:0009823			MISSING_TRUE_GENE
HGNC:10648	biolink:related_to	MONDO:0009843			MISSING_TRUE_GENE
HGNC:5213	biolink:related_to	MONDO:0009855			MISSING_TRUE_GENE
HGNC:9386	biolink:related_to	MONDO:0009867			MISSING_TRUE_GENE
HGNC:30477	biolink:related_to	MONDO:0009871			MISSING_TRUE_GENE
HGNC:9075	biolink:related_to	MONDO:0009883			MISSING_TRUE_GENE
HGNC:119	biolink:related_to	MONDO:0009919			MISSING_TRUE_GENE
HGNC:24113	biolink:related_to	MONDO:0009935			MISSING_TRUE_GENE
HGNC:20761	biolink:related_to	MONDO:0010044			MISSING_TRUE_GENE
HGNC:11118	biolink:related_to	MONDO:0010056			MISSING_TRUE_GENE
HGNC:11117	biolink:related_to	MONDO:0010056			MISSING_TRUE_GENE
HGNC:26877	biolink:related_to	MONDO:0010092			MISSING_TRUE_GENE
HGNC:11573	biolink:related_to	MONDO:0010160			MISSING_TRUE_GENE
HGNC:29162	biolink:related_to	MONDO:0010176			MISSING_TRUE_GENE
HGNC:24525	biolink:related_to	MONDO:0010184			MISSING_TRUE_GENE
HGNC:12404	biolink:related_to	MONDO:0010188			MISSING_TRUE_GENE
HGNC:7160	biolink:related_to	MONDO:0010201			MISSING_TRUE_GENE
HGNC:8966	biolink:related_to	MONDO:0010221			MISSING_TRUE_GENE
HGNC:9910	biolink:related_to	MONDO:0010661			MISSING_TRUE_GENE
HGNC:18060	biolink:related_to	MONDO:0010317			MISSING_TRUE_GENE
HGNC:8592	biolink:related_to	MONDO:0010361			MISSING_TRUE_GENE
HGNC:2578	biolink:related_to	MONDO:0010600			MISSING_TRUE_GENE
HGNC:1497	biolink:related_to	MONDO:0010417			MISSING_TRUE_GENE
HGNC:1133	biolink:related_to	MONDO:0010421			MISSING_TRUE_GENE
HGNC:11506	biolink:related_to	MONDO:0010429			MISSING_TRUE_GENE
HGNC:9936	biolink:related_to	MONDO:0010446			MISSING_TRUE_GENE
HGNC:11326	biolink:related_to	MONDO:0010490			MISSING_TRUE_GENE
HGNC:13429	biolink:related_to	MONDO:0010506			MISSING_TRUE_GENE
HGNC:13486	biolink:related_to	MONDO:0010510			MISSING_TRUE_GENE
HGNC:7373	biolink:related_to	MONDO:0010514			MISSING_TRUE_GENE
HGNC:9173	biolink:related_to	MONDO:0010523			MISSING_TRUE_GENE
HGNC:8108	biolink:related_to	MONDO:0010645			MISSING_TRUE_GENE
HGNC:7461	biolink:related_to	MONDO:0010790			MISSING_TRUE_GENE
HGNC:7488	biolink:related_to	MONDO:0010790			MISSING_TRUE_GENE
HGNC:7490	biolink:related_to	MONDO:0010790			MISSING_TRUE_GENE
HGNC:18270	biolink:related_to	MONDO:0010814			MISSING_TRUE_GENE
HGNC:29022	biolink:related_to	MONDO:0010850			MISSING_TRUE_GENE
HGNC:4162	biolink:related_to	MONDO:0015353			MISSING_TRUE_GENE
HGNC:9052	biolink:related_to	MONDO:0011136			MISSING_TRUE_GENE
HGNC:2077	biolink:related_to	MONDO:0011144			MISSING_TRUE_GENE
HGNC:42	biolink:related_to	MONDO:0011156			MISSING_TRUE_GENE
HGNC:13875	biolink:related_to	MONDO:0011184			MISSING_TRUE_GENE
HGNC:2976	biolink:related_to	MONDO:0011397			MISSING_TRUE_GENE
HGNC:25792	biolink:related_to	MONDO:0011405			MISSING_TRUE_GENE
HGNC:11030	biolink:related_to	MONDO:0011422			MISSING_TRUE_GENE
HGNC:4281	biolink:related_to	MONDO:0011430			MISSING_TRUE_GENE
HGNC:8846	biolink:related_to	MONDO:0011442			MISSING_TRUE_GENE
HGNC:1100	biolink:related_to	MONDO:0013685			MISSING_TRUE_GENE
HGNC:21666	biolink:related_to	MONDO:0011490			MISSING_TRUE_GENE
HGNC:18318	biolink:related_to	MONDO:0011510			MISSING_TRUE_GENE
HGNC:7132	biolink:related_to	MONDO:0035941			MISSING_TRUE_GENE
HGNC:28845	biolink:related_to	MONDO:0011570			MISSING_TRUE_GENE
HGNC:5008	biolink:related_to	MONDO:0011614			MISSING_TRUE_GENE
HGNC:25808	biolink:related_to	MONDO:0011630			MISSING_TRUE_GENE
HGNC:4415	biolink:related_to	MONDO:0011698			MISSING_TRUE_GENE
HGNC:4512	biolink:related_to	MONDO:0011738			MISSING_TRUE_GENE
HGNC:7601	biolink:related_to	MONDO:0011774			MISSING_TRUE_GENE
HGNC:14409	biolink:related_to	MONDO:0011790			MISSING_TRUE_GENE
HGNC:5456	biolink:related_to	MONDO:0011834			MISSING_TRUE_GENE
HGNC:7739	biolink:related_to	MONDO:0011902			MISSING_TRUE_GENE
HGNC:10254	biolink:related_to	MONDO:0011974			MISSING_TRUE_GENE
HGNC:14103	biolink:related_to	MONDO:0011998			MISSING_TRUE_GENE
HGNC:5464	biolink:related_to	MONDO:0012110			MISSING_TRUE_GENE
HGNC:7391	biolink:related_to	MONDO:0012142			MISSING_TRUE_GENE
HGNC:2509	biolink:related_to	MONDO:0012162			MISSING_TRUE_GENE
HGNC:25358	biolink:related_to	MONDO:0012166			MISSING_TRUE_GENE
HGNC:1630	biolink:related_to	MONDO:0012190			MISSING_TRUE_GENE
HGNC:2621	biolink:related_to	MONDO:0012294			MISSING_TRUE_GENE
HGNC:18124	biolink:related_to	MONDO:0012354			MISSING_TRUE_GENE
HGNC:4799	biolink:related_to	MONDO:0017715			MISSING_TRUE_GENE
HGNC:8790	biolink:related_to	MONDO:0012398			MISSING_TRUE_GENE
HGNC:5031	biolink:related_to	MONDO:0014181			MISSING_TRUE_GENE
HGNC:3049	biolink:related_to	MONDO:0012434			MISSING_TRUE_GENE
HGNC:25843	biolink:related_to	MONDO:0012446			MISSING_TRUE_GENE
HGNC:1956	biolink:related_to	MONDO:0012474			MISSING_TRUE_GENE
HGNC:14048	biolink:related_to	MONDO:0012510			MISSING_TRUE_GENE
HGNC:24587	biolink:related_to	MONDO:0012514			MISSING_TRUE_GENE
HGNC:6257	biolink:related_to	MONDO:0012522			MISSING_TRUE_GENE
HGNC:3433	biolink:related_to	MONDO:0012554			MISSING_TRUE_GENE
HGNC:5394	biolink:related_to	MONDO:0012594			MISSING_TRUE_GENE
HGNC:14361	biolink:related_to	MONDO:0012634			MISSING_TRUE_GENE
HGNC:25737	biolink:related_to	MONDO:0012650			MISSING_TRUE_GENE
HGNC:12440	biolink:related_to	MONDO:0012682			MISSING_TRUE_GENE
HGNC:414	biolink:related_to	MONDO:0012747			MISSING_TRUE_GENE
HGNC:12266	biolink:related_to	MONDO:0012803			MISSING_TRUE_GENE
HGNC:6158	biolink:related_to	MONDO:0012807			MISSING_TRUE_GENE
HGNC:4083	biolink:related_to	MONDO:0012843			MISSING_TRUE_GENE
HGNC:28018	biolink:related_to	MONDO:0012847			MISSING_TRUE_GENE
HGNC:8059	biolink:related_to	MONDO:0012883			MISSING_TRUE_GENE
HGNC:9864	biolink:related_to	MONDO:0012883			MISSING_TRUE_GENE
HGNC:25535	biolink:related_to	MONDO:0012892			MISSING_TRUE_GENE
HGNC:452	biolink:related_to	MONDO:0012892			MISSING_TRUE_GENE
HGNC:23088	biolink:related_to	MONDO:0012892			MISSING_TRUE_GENE
HGNC:1067	biolink:related_to	MONDO:0012892			MISSING_TRUE_GENE
HGNC:30301	biolink:related_to	MONDO:0012892			MISSING_TRUE_GENE
HGNC:17019	biolink:related_to	MONDO:0012904			MISSING_TRUE_GENE
HGNC:10397	biolink:related_to	MONDO:0012924			MISSING_TRUE_GENE
HGNC:21219	biolink:related_to	MONDO:0012980			MISSING_TRUE_GENE
HGNC:4175	biolink:related_to	MONDO:0012996			MISSING_TRUE_GENE
HGNC:23151	biolink:related_to	MONDO:0013016			MISSING_TRUE_GENE
HGNC:468	biolink:related_to	MONDO:0013028			MISSING_TRUE_GENE
HGNC:10982	biolink:related_to	MONDO:0013056			MISSING_TRUE_GENE
HGNC:17084	biolink:related_to	MONDO:0013072			MISSING_TRUE_GENE
HGNC:11557	biolink:related_to	MONDO:0013108			MISSING_TRUE_GENE
HGNC:959	biolink:related_to	MONDO:0013108			MISSING_TRUE_GENE
HGNC:4236	biolink:related_to	MONDO:0013116			MISSING_TRUE_GENE
HGNC:30832	biolink:related_to	MONDO:0013173			MISSING_TRUE_GENE
HGNC:6143	biolink:related_to	MONDO:0013177			MISSING_TRUE_GENE
HGNC:26790	biolink:related_to	MONDO:0013181			MISSING_TRUE_GENE
HGNC:11847	biolink:related_to	MONDO:0013185			MISSING_TRUE_GENE
HGNC:20297	biolink:related_to	MONDO:0013189			MISSING_TRUE_GENE
HGNC:39080	biolink:related_to	MONDO:0013193			MISSING_TRUE_GENE
HGNC:9688	biolink:related_to	MONDO:0013225			MISSING_TRUE_GENE
HGNC:13890	biolink:related_to	MONDO:0013245			MISSING_TRUE_GENE
HGNC:2594	biolink:related_to	MONDO:0013301			MISSING_TRUE_GENE
HGNC:16692	biolink:related_to	MONDO:0013341			MISSING_TRUE_GENE
HGNC:21158	biolink:related_to	MONDO:0013357			MISSING_TRUE_GENE
HGNC:3535	biolink:related_to	MONDO:0013361			MISSING_TRUE_GENE
HGNC:11947	biolink:related_to	MONDO:0013369			MISSING_TRUE_GENE
HGNC:7590	biolink:related_to	MONDO:0013418			MISSING_TRUE_GENE
HGNC:17697	biolink:related_to	MONDO:0013458			MISSING_TRUE_GENE
HGNC:4017	biolink:related_to	MONDO:0013462			MISSING_TRUE_GENE
HGNC:2771	biolink:related_to	MONDO:0013487			MISSING_TRUE_GENE
HGNC:23452	biolink:related_to	MONDO:0013495			MISSING_TRUE_GENE
HGNC:7662	biolink:related_to	MONDO:0013507			MISSING_TRUE_GENE
HGNC:5013	biolink:related_to	MONDO:0013536			MISSING_TRUE_GENE
HGNC:2084	biolink:related_to	MONDO:0013588			MISSING_TRUE_GENE
HGNC:2330	biolink:related_to	MONDO:0013633			MISSING_TRUE_GENE
HGNC:27288	biolink:related_to	MONDO:0013661			MISSING_TRUE_GENE
HGNC:195	biolink:related_to	MONDO:0013693			MISSING_TRUE_GENE
HGNC:543	biolink:related_to	MONDO:0013729			MISSING_TRUE_GENE
HGNC:18986	biolink:related_to	MONDO:0013737			MISSING_TRUE_GENE
HGNC:14544	biolink:related_to	MONDO:0013777			MISSING_TRUE_GENE
HGNC:17944	biolink:related_to	MONDO:0013853			MISSING_TRUE_GENE
HGNC:1786	biolink:related_to	MONDO:0016476			MISSING_TRUE_GENE
HGNC:7788	biolink:related_to	MONDO:0013885			MISSING_TRUE_GENE
HGNC:68	biolink:related_to	MONDO:0013925			MISSING_TRUE_GENE
HGNC:5382	biolink:related_to	MONDO:0019456			MISSING_TRUE_GENE
HGNC:5440	biolink:related_to	MONDO:0013953			MISSING_TRUE_GENE
HGNC:30225	biolink:related_to	MONDO:0014013			MISSING_TRUE_GENE
HGNC:18829	biolink:related_to	MONDO:0014037			MISSING_TRUE_GENE
HGNC:29594	biolink:related_to	MONDO:0014065			MISSING_TRUE_GENE
HGNC:9921	biolink:related_to	MONDO:0014093			MISSING_TRUE_GENE
HGNC:10542	biolink:related_to	MONDO:0014117			MISSING_TRUE_GENE
HGNC:17208	biolink:related_to	MONDO:0014121			MISSING_TRUE_GENE
HGNC:14938	biolink:related_to	MONDO:0014165			MISSING_TRUE_GENE
HGNC:29357	biolink:related_to	MONDO:0014205			MISSING_TRUE_GENE
HGNC:13723	biolink:related_to	MONDO:0014213			MISSING_TRUE_GENE
HGNC:4217	biolink:related_to	MONDO:0014217			MISSING_TRUE_GENE
HGNC:12009	biolink:related_to	MONDO:0014221			MISSING_TRUE_GENE
HGNC:11503	biolink:related_to	MONDO:0014233			MISSING_TRUE_GENE
HGNC:16088	biolink:related_to	MONDO:0014261			MISSING_TRUE_GENE
HGNC:21365	biolink:related_to	MONDO:0014269			MISSING_TRUE_GENE
HGNC:469	biolink:related_to	MONDO:0014305			MISSING_TRUE_GENE
HGNC:28209	biolink:related_to	MONDO:0014309			MISSING_TRUE_GENE
HGNC:3619	biolink:related_to	MONDO:0014313			MISSING_TRUE_GENE
HGNC:11356	biolink:related_to	MONDO:0014321			MISSING_TRUE_GENE
HGNC:20778	biolink:related_to	MONDO:0014341			MISSING_TRUE_GENE
HGNC:16999	biolink:related_to	MONDO:0014349			MISSING_TRUE_GENE
HGNC:14262	biolink:related_to	MONDO:0014361			MISSING_TRUE_GENE
HGNC:21642	biolink:related_to	MONDO:0014397			MISSING_TRUE_GENE
HGNC:27962	biolink:related_to	MONDO:0014405			MISSING_TRUE_GENE
HGNC:26988	biolink:related_to	MONDO:0014409			MISSING_TRUE_GENE
HGNC:317	biolink:related_to	MONDO:0014425			MISSING_TRUE_GENE
HGNC:399	biolink:related_to	MONDO:0014449			MISSING_TRUE_GENE
HGNC:8979	biolink:related_to	MONDO:0014453			MISSING_TRUE_GENE
HGNC:3236	biolink:related_to	MONDO:0014481			MISSING_TRUE_GENE
HGNC:14253	biolink:related_to	MONDO:0014545			MISSING_TRUE_GENE
HGNC:9154	biolink:related_to	MONDO:0014557			MISSING_TRUE_GENE
HGNC:14977	biolink:related_to	MONDO:0014601			MISSING_TRUE_GENE
HGNC:9302	biolink:related_to	MONDO:0014605			MISSING_TRUE_GENE
HGNC:2230	biolink:related_to	MONDO:0014629			MISSING_TRUE_GENE
HGNC:2988	biolink:related_to	MONDO:0014637			MISSING_TRUE_GENE
HGNC:26114	biolink:related_to	MONDO:0014649			MISSING_TRUE_GENE
HGNC:21054	biolink:related_to	MONDO:0014657			MISSING_TRUE_GENE
HGNC:7632	biolink:related_to	MONDO:0014665			MISSING_TRUE_GENE
HGNC:791	biolink:related_to	MONDO:0014677			MISSING_TRUE_GENE
HGNC:6638	biolink:related_to	MONDO:0014685			MISSING_TRUE_GENE
HGNC:13993	biolink:related_to	MONDO:0014717			MISSING_TRUE_GENE
HGNC:11474	biolink:related_to	MONDO:0014733			MISSING_TRUE_GENE
HGNC:2190	biolink:related_to	MONDO:0014745			MISSING_TRUE_GENE
HGNC:18674	biolink:related_to	MONDO:0014809			MISSING_TRUE_GENE
HGNC:11283	biolink:related_to	MONDO:0014837			MISSING_TRUE_GENE
HGNC:4651	biolink:related_to	MONDO:0014841			MISSING_TRUE_GENE
HGNC:7154	biolink:related_to	MONDO:0044657			MISSING_TRUE_GENE
HGNC:5228	biolink:related_to	MONDO:0014866			MISSING_TRUE_GENE
HGNC:13221	biolink:related_to	MONDO:0014914			MISSING_TRUE_GENE
HGNC:3705	biolink:related_to	MONDO:0014918			MISSING_TRUE_GENE
HGNC:4081	biolink:related_to	MONDO:0014942			MISSING_TRUE_GENE
HGNC:1919	biolink:related_to	MONDO:0014946			MISSING_TRUE_GENE
HGNC:19218	biolink:related_to	MONDO:0014970			MISSING_TRUE_GENE
HGNC:12933	biolink:related_to	MONDO:0014994			MISSING_TRUE_GENE
HGNC:11724	biolink:related_to	MONDO:0014998			MISSING_TRUE_GENE
HGNC:5154	biolink:related_to	MONDO:0015466			MISSING_TRUE_GENE
HGNC:7981	biolink:related_to	MONDO:0015566			MISSING_TRUE_GENE
HGNC:29186	biolink:related_to	MONDO:0015679			MISSING_TRUE_GENE
HGNC:6814	biolink:related_to	MONDO:0100101			MISSING_TRUE_GENE
HGNC:11164	biolink:related_to	MONDO:0015783			MISSING_TRUE_GENE
HGNC:3546	biolink:related_to	MONDO:0015787			MISSING_TRUE_GENE
HGNC:3097	biolink:related_to	MONDO:0016049			MISSING_TRUE_GENE
HGNC:1509	biolink:related_to	MONDO:0016216			MISSING_TRUE_GENE
HGNC:3430	biolink:related_to	MONDO:0016268			MISSING_TRUE_GENE
HGNC:14537	biolink:related_to	MONDO:0016308			MISSING_TRUE_GENE
HGNC:5389	biolink:related_to	MONDO:0016316			MISSING_TRUE_GENE
HGNC:1607	biolink:related_to	MONDO:0016356			MISSING_TRUE_GENE
HGNC:30605	biolink:related_to	MONDO:0016589			MISSING_TRUE_GENE
HGNC:14665	biolink:related_to	MONDO:0016783			MISSING_TRUE_GENE
HGNC:15924	biolink:related_to	MONDO:0016863			MISSING_TRUE_GENE
HGNC:11776	biolink:related_to	MONDO:0017218			MISSING_TRUE_GENE
HGNC:3814	biolink:related_to	MONDO:0017218			MISSING_TRUE_GENE
HGNC:4832	biolink:related_to	MONDO:0017238			MISSING_TRUE_GENE
HGNC:7795	biolink:related_to	MONDO:0017407			MISSING_TRUE_GENE
HGNC:4116	biolink:related_to	MONDO:0017691			MISSING_TRUE_GENE
HGNC:9701	biolink:related_to	MONDO:0017811			MISSING_TRUE_GENE
HGNC:2600	biolink:related_to	MONDO:0017839			MISSING_TRUE_GENE
HGNC:11621	biolink:related_to	MONDO:0017935			MISSING_TRUE_GENE
HGNC:5044	biolink:related_to	MONDO:0018131			MISSING_TRUE_GENE
HGNC:14959	biolink:related_to	MONDO:0018436			MISSING_TRUE_GENE
HGNC:26038	biolink:related_to	MONDO:0018448			MISSING_TRUE_GENE
HGNC:8125	biolink:related_to	MONDO:0018492			MISSING_TRUE_GENE
HGNC:14255	biolink:related_to	MONDO:0018564			MISSING_TRUE_GENE
HGNC:20492	biolink:related_to	MONDO:0018576			MISSING_TRUE_GENE
HGNC:28957	biolink:related_to	MONDO:0018822			MISSING_TRUE_GENE
HGNC:16627	biolink:related_to	MONDO:0018875			MISSING_TRUE_GENE
HGNC:6617	biolink:related_to	MONDO:0019148			MISSING_TRUE_GENE
HGNC:12340	biolink:related_to	MONDO:0019176			MISSING_TRUE_GENE
HGNC:560	biolink:related_to	MONDO:0019428			MISSING_TRUE_GENE
HGNC:25489	biolink:related_to	MONDO:0019448			MISSING_TRUE_GENE
HGNC:21734	biolink:related_to	MONDO:0019828			MISSING_TRUE_GENE
HGNC:24650	biolink:related_to	MONDO:0019896			MISSING_TRUE_GENE
HGNC:2226	biolink:related_to	MONDO:0020346			MISSING_TRUE_GENE
HGNC:7103	biolink:related_to	MONDO:0020378			MISSING_TRUE_GENE
HGNC:5009	biolink:related_to	MONDO:0020563			MISSING_TRUE_GENE
HGNC:3133	biolink:related_to	MONDO:0020603			MISSING_TRUE_GENE
HGNC:6308	biolink:related_to	MONDO:0020611			MISSING_TRUE_GENE
HGNC:4082	biolink:related_to	MONDO:0020631			MISSING_TRUE_GENE
HGNC:2909	biolink:related_to	MONDO:0020692			MISSING_TRUE_GENE
HGNC:13886	biolink:related_to	MONDO:0020748			MISSING_TRUE_GENE
HGNC:799	biolink:related_to	MONDO:0054833			MISSING_TRUE_GENE
HGNC:21701	biolink:related_to	MONDO:0020841			MISSING_TRUE_GENE
HGNC:485	biolink:related_to	MONDO:0023662			MISSING_TRUE_GENE
HGNC:25964	biolink:related_to	MONDO:0024309			MISSING_TRUE_GENE
HGNC:23639	biolink:related_to	MONDO:0024541			MISSING_TRUE_GENE
HGNC:15508	biolink:related_to	MONDO:0024553			MISSING_TRUE_GENE
HGNC:7230	biolink:related_to	MONDO:0024557			MISSING_TRUE_GENE
HGNC:4332	biolink:related_to	MONDO:0025699			MISSING_TRUE_GENE
HGNC:7370	biolink:related_to	MONDO:0026730			MISSING_TRUE_GENE
HGNC:851	biolink:related_to	MONDO:0027451			MISSING_TRUE_GENE
HGNC:1480	biolink:related_to	MONDO:0029133			MISSING_TRUE_GENE
HGNC:18798	biolink:related_to	MONDO:0030028			MISSING_TRUE_GENE
HGNC:24921	biolink:related_to	MONDO:0030036			MISSING_TRUE_GENE
HGNC:13607	biolink:related_to	MONDO:0030057			MISSING_TRUE_GENE
HGNC:12713	biolink:related_to	MONDO:0030312			MISSING_TRUE_GENE
HGNC:29558	biolink:related_to	MONDO:0030338			MISSING_TRUE_GENE
HGNC:6027	biolink:related_to	MONDO:0030374			MISSING_TRUE_GENE
HGNC:25295	biolink:related_to	MONDO:0030440			MISSING_TRUE_GENE
HGNC:13921	biolink:related_to	MONDO:0030673			MISSING_TRUE_GENE
HGNC:4787	biolink:related_to	MONDO:0030729			MISSING_TRUE_GENE
HGNC:16491	biolink:related_to	MONDO:0030785			MISSING_TRUE_GENE
HGNC:30511	biolink:related_to	MONDO:0030878			MISSING_TRUE_GENE
HGNC:14214	biolink:related_to	MONDO:0030910			MISSING_TRUE_GENE
HGNC:12306	biolink:related_to	MONDO:0030914			MISSING_TRUE_GENE
HGNC:19088	biolink:related_to	MONDO:0030918			MISSING_TRUE_GENE
HGNC:12016	biolink:related_to	MONDO:0030971			MISSING_TRUE_GENE
HGNC:2510	biolink:related_to	MONDO:0032578			MISSING_TRUE_GENE
HGNC:7717	biolink:related_to	MONDO:0032612			MISSING_TRUE_GENE
HGNC:26927	biolink:related_to	MONDO:0032624			MISSING_TRUE_GENE
HGNC:7690	biolink:related_to	MONDO:0032636			MISSING_TRUE_GENE
HGNC:8001	biolink:related_to	MONDO:0032646			MISSING_TRUE_GENE
HGNC:17258	biolink:related_to	MONDO:0032650			MISSING_TRUE_GENE
HGNC:6897	biolink:related_to	MONDO:0032655			MISSING_TRUE_GENE
HGNC:29914	biolink:related_to	MONDO:0054850			MISSING_TRUE_GENE
HGNC:17085	biolink:related_to	MONDO:0032724			MISSING_TRUE_GENE
HGNC:23045	biolink:related_to	MONDO:0032748			MISSING_TRUE_GENE
HGNC:30563	biolink:related_to	MONDO:0032752			MISSING_TRUE_GENE
HGNC:24846	biolink:related_to	MONDO:0032757			MISSING_TRUE_GENE
HGNC:160	biolink:related_to	MONDO:0032770			MISSING_TRUE_GENE
HGNC:17089	biolink:related_to	MONDO:0032778			MISSING_TRUE_GENE
HGNC:6009	biolink:related_to	MONDO:0032782			MISSING_TRUE_GENE
HGNC:29012	biolink:related_to	MONDO:0032790			MISSING_TRUE_GENE
HGNC:8959	biolink:related_to	MONDO:0032822			MISSING_TRUE_GENE
HGNC:31527	biolink:related_to	MONDO:0032835			MISSING_TRUE_GENE
HGNC:30889	biolink:related_to	MONDO:0032869			MISSING_TRUE_GENE
HGNC:17770	biolink:related_to	MONDO:0032921			MISSING_TRUE_GENE
HGNC:7618	biolink:related_to	MONDO:0032934			MISSING_TRUE_GENE
HGNC:14686	biolink:related_to	MONDO:0032938			MISSING_TRUE_GENE
HGNC:11254	biolink:related_to	MONDO:0032942			MISSING_TRUE_GENE
HGNC:26058	biolink:related_to	MONDO:0033006			MISSING_TRUE_GENE
HGNC:6948	biolink:related_to	MONDO:0033046			MISSING_TRUE_GENE
HGNC:10256	biolink:related_to	MONDO:0033200			MISSING_TRUE_GENE
HGNC:5048	biolink:related_to	MONDO:0033363			MISSING_TRUE_GENE
HGNC:14957	biolink:related_to	MONDO:0033482			MISSING_TRUE_GENE
HGNC:14509	biolink:related_to	MONDO:0033534			MISSING_TRUE_GENE
HGNC:17283	biolink:related_to	MONDO:0033543			MISSING_TRUE_GENE
HGNC:17933	biolink:related_to	MONDO:0033547			MISSING_TRUE_GENE
HGNC:3007	biolink:related_to	MONDO:0033556			MISSING_TRUE_GENE
HGNC:13862	biolink:related_to	MONDO:0033564			MISSING_TRUE_GENE
HGNC:11480	biolink:related_to	MONDO:0033620			MISSING_TRUE_GENE
HGNC:6871	biolink:related_to	MONDO:0033669			MISSING_TRUE_GENE
HGNC:10057	biolink:related_to	MONDO:0034106			MISSING_TRUE_GENE
HGNC:17728	biolink:related_to	MONDO:0035153			MISSING_TRUE_GENE
HGNC:5477	biolink:related_to	MONDO:0035945			MISSING_TRUE_GENE
HGNC:11182	biolink:related_to	MONDO:0036189			MISSING_TRUE_GENE
HGNC:3423	biolink:related_to	MONDO:0043364			MISSING_TRUE_GENE
HGNC:14639	biolink:related_to	MONDO:0044224			MISSING_TRUE_GENE
HGNC:20967	biolink:related_to	MONDO:0044306			MISSING_TRUE_GENE
HGNC:24281	biolink:related_to	MONDO:0044319			MISSING_TRUE_GENE
HGNC:4718	biolink:related_to	MONDO:0044323			MISSING_TRUE_GENE
HGNC:11581	biolink:related_to	MONDO:0044646			MISSING_TRUE_GENE
HGNC:12511	biolink:related_to	MONDO:0044701			MISSING_TRUE_GENE
HGNC:12856	biolink:related_to	MONDO:0044738			MISSING_TRUE_GENE
HGNC:710	biolink:related_to	MONDO:0049221			MISSING_TRUE_GENE
HGNC:21208	biolink:related_to	MONDO:0054636			MISSING_TRUE_GENE
HGNC:9541	biolink:related_to	MONDO:0054699			MISSING_TRUE_GENE
HGNC:2342	biolink:related_to	MONDO:0054764			MISSING_TRUE_GENE
HGNC:10590	biolink:related_to	MONDO:0054776			MISSING_TRUE_GENE
HGNC:9119	biolink:related_to	MONDO:0054785			MISSING_TRUE_GENE
HGNC:26953	biolink:related_to	MONDO:0060631			MISSING_TRUE_GENE
HGNC:19349	biolink:related_to	MONDO:0100101			MISSING_TRUE_GENE
HGNC:3004	biolink:related_to	MONDO:0100217			MISSING_TRUE_GENE
HGNC:8850	biolink:related_to	MONDO:0100229			MISSING_TRUE_GENE
HGNC:7974	biolink:related_to	MONDO:0100289			MISSING_TRUE_GENE
HGNC:30632	biolink:related_to	MONDO:0700301			MISSING_TRUE_GENE
HGNC:3003	biolink:related_to	MONDO:0800438			MISSING_TRUE_GENE
HGNC:8032	biolink:related_to	MONDO:0850115			MISSING_TRUE_GENE
HGNC:3670	biolink:related_to	MONDO:0859086			MISSING_TRUE_GENE
HGNC:10061	biolink:related_to	MONDO:0859171			MISSING_TRUE_GENE
HGNC:800	biolink:related_to	MONDO:0859204			MISSING_TRUE_GENE
HGNC:2232	biolink:related_to	MONDO:0859253			MISSING_TRUE_GENE
HGNC:18711	biolink:related_to	MONDO:0859277			MISSING_TRUE_GENE
HGNC:26974	biolink:related_to	MONDO:0859281			MISSING_TRUE_GENE
HGNC:5041	biolink:related_to	MONDO:0859301			MISSING_TRUE_GENE
HGNC:11944	biolink:related_to	MONDO:0859335			MISSING_TRUE_GENE
HGNC:21173	biolink:related_to	MONDO:0859355			MISSING_TRUE_GENE
HGNC:19380	biolink:related_to	MONDO:0859360			MISSING_TRUE_GENE
HGNC:17814	biolink:related_to	MONDO:0859575			MISSING_TRUE_GENE
HGNC:21839	biolink:related_to	MONDO:0957220			MISSING_TRUE_GENE
HGNC:4208	biolink:related_to	MONDO:0957382			MISSING_TRUE_GENE
HGNC:9280	biolink:related_to	MONDO:0957577			MISSING_TRUE_GENE
HGNC:14967	biolink:related_to	MONDO:0957584			MISSING_TRUE_GENE
HGNC:11302	biolink:related_to	MONDO:0957809			MISSING_TRUE_GENE
HGNC:21648	biolink:related_to	MONDO:0957953			MISSING_TRUE_GENE
HGNC:18276	biolink:related_to	MONDO:0958013			MISSING_TRUE_GENE
HGNC:18628	biolink:related_to	MONDO:0958237			MISSING_TRUE_GENE
HGNC:19012	biolink:related_to	MONDO:0958241			MISSING_TRUE_GENE
HGNC:11566	biolink:related_to	MONDO:0971012			MISSING_TRUE_GENE
HGNC:17811	biolink:related_to	MONDO:0971064			MISSING_TRUE_GENE
HGNC:15939	biolink:related_to	MONDO:0975835			MISSING_TRUE_GENE
HGNC:2561	biolink:related_to	MONDO:8000006			MISSING_TRUE_GENE
