Rare Disease,Gene
MONDO:0007691,HGNC:9118
MONDO:0008060,HGNC:4044
MONDO:0008285,HGNC:8803
MONDO:0008514,HGNC:4274
MONDO:0008514,HGNC:4274
MONDO:0009331,HGNC:4713
MONDO:0009331,HGNC:6295
MONDO:0009331,HGNC:5466
MONDO:0009917,HGNC:10599
MONDO:0009917,HGNC:10600
MONDO:0009917,HGNC:10599
MONDO:0009917,HGNC:10602
MONDO:0010378,HGNC:8768
MONDO:0010378,HGNC:8768
MONDO:0010703,HGNC:8512
MONDO:0010703,HGNC:8512
MONDO:0011211,HGNC:1260
MONDO:0012071,HGNC:325
MONDO:0012110,HGNC:5464
MONDO:0012110,HGNC:5464
MONDO:0012280,HGNC:23419
MONDO:0012280,HGNC:23419
MONDO:0013276,HGNC:6518
MONDO:0013276,HGNC:6518
MONDO:0013310,HGNC:9208
MONDO:0013310,HGNC:9208
MONDO:0013605,HGNC:9349
MONDO:0013714,HGNC:6922
MONDO:0013915,HGNC:6341
MONDO:0014114,HGNC:6842
MONDO:0014137,HGNC:7114
MONDO:0014249,HGNC:9446
MONDO:0014412,HGNC:24945
MONDO:0014412,HGNC:24945
MONDO:0014539,HGNC:18688
MONDO:0014996,HGNC:18248
MONDO:0015278,HGNC:17068
MONDO:0015278,HGNC:6770
MONDO:0015278,HGNC:26144
MONDO:0015278,HGNC:1787
MONDO:0015278,HGNC:6407
MONDO:0015278,HGNC:1101
MONDO:0015278,HGNC:11998
MONDO:0015278,HGNC:18072
MONDO:0015278,HGNC:1100
MONDO:0015278,HGNC:11998
MONDO:0015278,HGNC:11389
MONDO:0015278,HGNC:6770
MONDO:0015278,HGNC:6407
MONDO:0015278,HGNC:172
MONDO:0017184,HGNC:59
MONDO:0018820,HGNC:25439
MONDO:0018820,HGNC:25439
MONDO:0019326,HGNC:4379
MONDO:0019570,HGNC:3438
MONDO:0019570,HGNC:3438
MONDO:0019570,HGNC:3433
MONDO:0019570,HGNC:3439
MONDO:0019645,HGNC:11630
MONDO:0019745,HGNC:11025
MONDO:0019980,HGNC:8632
MONDO:0019980,HGNC:8616
MONDO:0020408,HGNC:14630
MONDO:0020408,HGNC:4173
MONDO:0020408,HGNC:7976
MONDO:0020730,HGNC:12405
MONDO:0024555,HGNC:17082
MONDO:0024555,HGNC:26361
MONDO:0030731,HGNC:25835
MONDO:0030878,HGNC:30511
MONDO:0030878,HGNC:30511
MONDO:0030898,HGNC:29002
MONDO:0030898,HGNC:29002
MONDO:0032646,HGNC:8001
MONDO:0032737,HGNC:12461
MONDO:0032737,HGNC:12461
MONDO:0032795,HGNC:1463
MONDO:0035133,HGNC:15673
MONDO:0035133,HGNC:15673
MONDO:0035734,HGNC:484
MONDO:0035734,HGNC:3656
MONDO:0035734,HGNC:14178
MONDO:0035734,HGNC:6383
MONDO:0044640,HGNC:7154
MONDO:0054636,HGNC:21208
MONDO:0054636,HGNC:21208
MONDO:0054780,HGNC:11274
MONDO:0100101,HGNC:7525
MONDO:0100101,HGNC:26594
MONDO:0100101,HGNC:10936
MONDO:0100101,HGNC:29514
MONDO:0100101,HGNC:9863
MONDO:0100101,HGNC:7525
MONDO:0100101,HGNC:6814
MONDO:0100101,HGNC:7611
MONDO:0100101,HGNC:20766
MONDO:0100101,HGNC:8067
MONDO:0100101,HGNC:19349
MONDO:0850069,HGNC:4862
MONDO:0859380,HGNC:28497
MONDO:0957397,HGNC:16639
MONDO:0957397,HGNC:16639
MONDO:0007375,HGNC:11771
MONDO:0007375,HGNC:11771
MONDO:0008133,HGNC:8142
MONDO:0008133,HGNC:8142
MONDO:0009426,HGNC:11582
MONDO:0009426,HGNC:11582
MONDO:0009443,HGNC:14637
MONDO:0009443,HGNC:14637
MONDO:0009606,HGNC:2873
MONDO:0009609,HGNC:7468
MONDO:0009609,HGNC:7468
MONDO:0010130,HGNC:3012
MONDO:0010130,HGNC:3012
MONDO:0010227,HGNC:10295
MONDO:0010296,HGNC:13867
MONDO:0010424,HGNC:2435
MONDO:0010592,HGNC:17652
MONDO:0010592,HGNC:17652
MONDO:0010671,HGNC:18704
MONDO:0010671,HGNC:20893
MONDO:0010733,HGNC:9086
MONDO:0010733,HGNC:9086
MONDO:0010948,HGNC:2394
MONDO:0011584,HGNC:1101
MONDO:0011584,HGNC:1101
MONDO:0011857,HGNC:6294
MONDO:0011929,HGNC:26002
MONDO:0011929,HGNC:14000
MONDO:0011929,HGNC:9965
MONDO:0011929,HGNC:6229
MONDO:0011929,HGNC:12500
MONDO:0011929,HGNC:5273
MONDO:0011929,HGNC:29602
MONDO:0011929,HGNC:10896
MONDO:0011929,HGNC:14985
MONDO:0011929,HGNC:7171
MONDO:0011929,HGNC:17575
MONDO:0011929,HGNC:4084
MONDO:0011929,HGNC:9412
MONDO:0012368,HGNC:177
MONDO:0012368,HGNC:177
MONDO:0012392,HGNC:91
MONDO:0012392,HGNC:91
MONDO:0012522,HGNC:6257
MONDO:0012943,HGNC:5385
MONDO:0013254,HGNC:9154
MONDO:0013259,HGNC:10013
MONDO:0013432,HGNC:1744
MONDO:0013664,HGNC:385
MONDO:0013664,HGNC:387
MONDO:0013664,HGNC:385
MONDO:0013664,HGNC:387
MONDO:0013962,HGNC:24928
MONDO:0013962,HGNC:24928
MONDO:0014182,HGNC:26158
MONDO:0014193,HGNC:25583
MONDO:0014313,HGNC:3619
MONDO:0014313,HGNC:3619
MONDO:0014648,HGNC:29812
MONDO:0014775,HGNC:20661
MONDO:0014775,HGNC:20661
MONDO:0014878,HGNC:11743
MONDO:0015689,HGNC:8803
MONDO:0017730,HGNC:9498
MONDO:0017730,HGNC:713
MONDO:0019659,HGNC:3689
MONDO:0019659,HGNC:3688
MONDO:0020558,HGNC:15968
MONDO:0020789,HGNC:8104
MONDO:0030902,HGNC:7706
MONDO:0031054,HGNC:7853
MONDO:0032609,HGNC:7716
MONDO:0032938,HGNC:14686
MONDO:0033682,HGNC:3518
MONDO:0100528,HGNC:12630
MONDO:0700249,HGNC:6412
MONDO:0800046,HGNC:30972
MONDO:0800046,HGNC:30972
MONDO:0958106,HGNC:20152
MONDO:0958199,HGNC:3413
MONDO:0000208,HGNC:28403
MONDO:0000909,HGNC:2027
MONDO:0000909,HGNC:2026
MONDO:0007173,HGNC:2488
MONDO:0007173,HGNC:2488
MONDO:0007283,HGNC:2395
MONDO:0007705,HGNC:4827
MONDO:0007705,HGNC:4823
MONDO:0007705,HGNC:4824
MONDO:0008392,HGNC:7225
MONDO:0008392,HGNC:9118
MONDO:0008392,HGNC:7225
MONDO:0008392,HGNC:9118
MONDO:0008494,HGNC:11027
MONDO:0008494,HGNC:11027
MONDO:0008560,HGNC:3542
MONDO:0009191,HGNC:34016
MONDO:0009191,HGNC:34016
MONDO:0009294,HGNC:9725
MONDO:0009294,HGNC:9725
MONDO:0009484,HGNC:2954
MONDO:0009513,HGNC:6483
MONDO:0009513,HGNC:6483
MONDO:0009746,HGNC:8031
MONDO:0009746,HGNC:8031
MONDO:0010020,HGNC:15832
MONDO:0010495,HGNC:12974
MONDO:0011181,HGNC:691
MONDO:0011229,HGNC:23287
MONDO:0011229,HGNC:23287
MONDO:0011748,HGNC:16356
MONDO:0011822,HGNC:2027
MONDO:0011822,HGNC:2027
MONDO:0012154,HGNC:10604
MONDO:0012170,HGNC:13281
MONDO:0012602,HGNC:9944
MONDO:0012680,HGNC:29450
MONDO:0013203,HGNC:11634
MONDO:0013268,HGNC:450
MONDO:0013268,HGNC:450
MONDO:0013431,HGNC:24576
MONDO:0013446,HGNC:13436
MONDO:0013848,HGNC:29941
MONDO:0013897,HGNC:11768
MONDO:0013907,HGNC:4584
MONDO:0013913,HGNC:11528
MONDO:0013959,HGNC:13797
MONDO:0013959,HGNC:13797
MONDO:0014128,HGNC:11623
MONDO:0014367,HGNC:18873
MONDO:0014696,HGNC:3437
MONDO:0014700,HGNC:5044
MONDO:0014700,HGNC:5044
MONDO:0014843,HGNC:3438
MONDO:0014880,HGNC:6408
MONDO:0015339,HGNC:61
MONDO:0016561,HGNC:5048
MONDO:0016671,HGNC:4827
MONDO:0017223,HGNC:9086
MONDO:0017602,HGNC:427
MONDO:0019073,HGNC:11194
MONDO:0019568,HGNC:2210
MONDO:0020713,HGNC:1078
MONDO:0020856,HGNC:29401
MONDO:0023671,HGNC:53924
MONDO:0024547,HGNC:6107
MONDO:0026727,HGNC:25657
MONDO:0030054,HGNC:25536
MONDO:0030887,HGNC:6648
MONDO:0032851,HGNC:2747
MONDO:0033480,HGNC:3596
MONDO:0033480,HGNC:3596
MONDO:0033482,HGNC:14957
MONDO:0035642,HGNC:7135
MONDO:0035642,HGNC:7132
MONDO:0035642,HGNC:3765
MONDO:0035942,HGNC:3495
MONDO:0044320,HGNC:4922
MONDO:0044330,HGNC:25903
MONDO:0054654,HGNC:16618
MONDO:0957443,HGNC:9717
MONDO:0007216,HGNC:1077
MONDO:0007216,HGNC:4220
MONDO:0007216,HGNC:1069
MONDO:0007216,HGNC:4220
MONDO:0007216,HGNC:1069
MONDO:0007216,HGNC:1077
MONDO:0009267,HGNC:4177
MONDO:0009267,HGNC:4177
MONDO:0009285,HGNC:4250
MONDO:0009285,HGNC:4250
MONDO:0009903,HGNC:2867
MONDO:0009903,HGNC:2867
MONDO:0010483,HGNC:29433
MONDO:0010483,HGNC:29433
MONDO:0010929,HGNC:3444
MONDO:0010976,HGNC:6416
MONDO:0010976,HGNC:6416
MONDO:0011159,HGNC:2187
MONDO:0011604,HGNC:15517
MONDO:0011604,HGNC:15517
MONDO:0012258,HGNC:6442
MONDO:0012258,HGNC:6442
MONDO:0012277,HGNC:15710
MONDO:0012277,HGNC:15710
MONDO:0012354,HGNC:18124
MONDO:0012354,HGNC:18124
MONDO:0012570,HGNC:4247
MONDO:0012570,HGNC:4247
MONDO:0013638,HGNC:14244
MONDO:0013900,HGNC:801
MONDO:0014130,HGNC:14988
MONDO:0014195,HGNC:17110
MONDO:0014195,HGNC:17110
MONDO:0014261,HGNC:16088
MONDO:0014261,HGNC:16088
MONDO:0014292,HGNC:2020
MONDO:0014292,HGNC:2020
MONDO:0014332,HGNC:1377
MONDO:0014332,HGNC:1377
MONDO:0014562,HGNC:19693
MONDO:0014562,HGNC:19693
MONDO:0014821,HGNC:26887
MONDO:0014821,HGNC:26887
MONDO:0015041,HGNC:25941
MONDO:0015270,HGNC:983
MONDO:0015270,HGNC:983
MONDO:0016048,HGNC:6218
MONDO:0016163,HGNC:10560
MONDO:0016163,HGNC:10560
MONDO:0016307,HGNC:7897
MONDO:0016307,HGNC:14537
MONDO:0017296,HGNC:4289
MONDO:0017992,HGNC:15864
MONDO:0017992,HGNC:16031
MONDO:0018450,HGNC:25726
MONDO:0018967,HGNC:3319
MONDO:0018967,HGNC:1133
MONDO:0020512,HGNC:12027
MONDO:0020512,HGNC:12930
MONDO:0020512,HGNC:12155
MONDO:0020512,HGNC:12252
MONDO:0020512,HGNC:3765
MONDO:0020512,HGNC:10760
MONDO:0020512,HGNC:10526
MONDO:0020512,HGNC:16063
MONDO:0020512,HGNC:11648
MONDO:0020512,HGNC:15514
MONDO:0020512,HGNC:1014
MONDO:0020512,HGNC:10879
MONDO:0020512,HGNC:7545
MONDO:0020512,HGNC:5056
MONDO:0020512,HGNC:2745
MONDO:0020512,HGNC:7879
MONDO:0020512,HGNC:1787
MONDO:0020512,HGNC:76
MONDO:0020512,HGNC:8064
MONDO:0020512,HGNC:13532
MONDO:0020512,HGNC:12271
MONDO:0020512,HGNC:7553
MONDO:0020512,HGNC:11556
MONDO:0020741,HGNC:877
MONDO:0030031,HGNC:21638
MONDO:0030885,HGNC:11802
MONDO:0032669,HGNC:10344
MONDO:0032735,HGNC:30373
MONDO:0033013,HGNC:4274
MONDO:0033115,HGNC:589
MONDO:0035437,HGNC:1836
MONDO:0044725,HGNC:28980
MONDO:0044725,HGNC:28980
MONDO:0054794,HGNC:26600
MONDO:0100296,HGNC:18084
MONDO:0859086,HGNC:3670
MONDO:0957872,HGNC:3260
MONDO:0958194,HGNC:35123
MONDO:0007510,HGNC:4288
MONDO:0007510,HGNC:4288
MONDO:0007552,HGNC:2214
MONDO:0007552,HGNC:2214
MONDO:0008045,HGNC:735
MONDO:0008045,HGNC:735
MONDO:0008102,HGNC:16882
MONDO:0008520,HGNC:9004
MONDO:0008520,HGNC:4740
MONDO:0009251,HGNC:3606
MONDO:0009251,HGNC:3606
MONDO:0009544,HGNC:21066
MONDO:0009556,HGNC:7150
MONDO:0009556,HGNC:7150
MONDO:0009708,HGNC:7577
MONDO:0009708,HGNC:7577
MONDO:0009712,HGNC:10483
MONDO:0009712,HGNC:10483
MONDO:0009805,HGNC:9255
MONDO:0009824,HGNC:4570
MONDO:0009824,HGNC:4570
MONDO:0010133,HGNC:12015
MONDO:0010265,HGNC:2567
MONDO:0010429,HGNC:11506
MONDO:0010963,HGNC:12762
MONDO:0011175,HGNC:3951
MONDO:0011216,HGNC:4887
MONDO:0011240,HGNC:8975
MONDO:0011240,HGNC:8975
MONDO:0011833,HGNC:25186
MONDO:0011833,HGNC:25186
MONDO:0012314,HGNC:6263
MONDO:0012534,HGNC:12420
MONDO:0012534,HGNC:12420
MONDO:0012555,HGNC:2468
MONDO:0012648,HGNC:87
MONDO:0012648,HGNC:87
MONDO:0012651,HGNC:6317
MONDO:0012651,HGNC:6317
MONDO:0012900,HGNC:11949
MONDO:0012978,HGNC:21558
MONDO:0012990,HGNC:19977
MONDO:0013417,HGNC:1318
MONDO:0013417,HGNC:1318
MONDO:0013559,HGNC:8549
MONDO:0013559,HGNC:18561
MONDO:0013559,HGNC:20914
MONDO:0013559,HGNC:17328
MONDO:0013559,HGNC:17328
MONDO:0013599,HGNC:11362
MONDO:0013599,HGNC:11362
MONDO:0014525,HGNC:14880
MONDO:0014525,HGNC:14880
MONDO:0014711,HGNC:4816
MONDO:0014711,HGNC:4816
MONDO:0014853,HGNC:6944
MONDO:0014886,HGNC:25461
MONDO:0014886,HGNC:25461
MONDO:0017229,HGNC:17072
MONDO:0018494,HGNC:9751
MONDO:0019113,HGNC:1388
MONDO:0019640,HGNC:30988
MONDO:0019861,HGNC:8818
MONDO:0019861,HGNC:12373
MONDO:0019861,HGNC:8622
MONDO:0024465,HGNC:10802
MONDO:0029141,HGNC:24102
MONDO:0030323,HGNC:16935
MONDO:0030860,HGNC:15832
MONDO:0033563,HGNC:5384
MONDO:0035122,HGNC:4586
MONDO:0044323,HGNC:4718
MONDO:0044323,HGNC:4718
MONDO:0044328,HGNC:29239
MONDO:0850059,HGNC:13221
MONDO:0958117,HGNC:6021
MONDO:0007319,HGNC:15492
MONDO:0007319,HGNC:11909
MONDO:0007319,HGNC:15492
MONDO:0007637,HGNC:2216
MONDO:0007805,HGNC:1802
MONDO:0008644,HGNC:2845
MONDO:0008644,HGNC:16817
MONDO:0008644,HGNC:2846
MONDO:0008644,HGNC:11592
MONDO:0008644,HGNC:2847
MONDO:0008747,HGNC:12450
MONDO:0008747,HGNC:12450
MONDO:0009073,HGNC:28984
MONDO:0009281,HGNC:4189
MONDO:0009281,HGNC:4189
MONDO:0009308,HGNC:2577
MONDO:0009478,HGNC:19191
MONDO:0009478,HGNC:19191
MONDO:0009656,HGNC:7632
MONDO:0009656,HGNC:7632
MONDO:0010149,HGNC:11653
MONDO:0010149,HGNC:11653
MONDO:0010484,HGNC:2208
MONDO:0010533,HGNC:9462
MONDO:0010533,HGNC:9462
MONDO:0011106,HGNC:757
MONDO:0011106,HGNC:757
MONDO:0011232,HGNC:800
MONDO:0011723,HGNC:8975
MONDO:0011730,HGNC:3700
MONDO:0011730,HGNC:3700
MONDO:0012089,HGNC:10998
MONDO:0012089,HGNC:10998
MONDO:0012112,HGNC:7583
MONDO:0012395,HGNC:14673
MONDO:0012523,HGNC:32528
MONDO:0012997,HGNC:11957
MONDO:0012997,HGNC:11957
MONDO:0013443,HGNC:29298
MONDO:0013474,HGNC:14202
MONDO:0013514,HGNC:28929
MONDO:0013571,HGNC:1516
MONDO:0013571,HGNC:1516
MONDO:0013670,HGNC:19317
MONDO:0013768,HGNC:57
MONDO:0013770,HGNC:4174
MONDO:0014102,HGNC:15533
MONDO:0014206,HGNC:6898
MONDO:0014206,HGNC:6898
MONDO:0014699,HGNC:20311
MONDO:0014737,HGNC:6293
MONDO:0014750,HGNC:4166
MONDO:0015556,HGNC:6342
MONDO:0015784,HGNC:8101
MONDO:0015784,HGNC:6814
MONDO:0015784,HGNC:7675
MONDO:0015784,HGNC:11164
MONDO:0017051,HGNC:2698
MONDO:0017051,HGNC:987
MONDO:0017051,HGNC:986
MONDO:0018126,HGNC:29203
MONDO:0020368,HGNC:3800
MONDO:0020368,HGNC:9005
MONDO:0021547,HGNC:33188
MONDO:0026762,HGNC:24931
MONDO:0030690,HGNC:10289
MONDO:0030746,HGNC:6483
MONDO:0030999,HGNC:19274
MONDO:0032594,HGNC:13081
MONDO:0032749,HGNC:26274
MONDO:0032870,HGNC:29112
MONDO:0032874,HGNC:3816
MONDO:0034991,HGNC:28349
MONDO:0034991,HGNC:11992
MONDO:0054699,HGNC:9541
MONDO:0060532,HGNC:76
MONDO:0060532,HGNC:76
MONDO:0060707,HGNC:24713
MONDO:0060707,HGNC:24713
MONDO:0800103,HGNC:28396
MONDO:0859310,HGNC:23136
MONDO:0859514,HGNC:1397
MONDO:0958262,HGNC:8773
MONDO:0958262,HGNC:9388
MONDO:0007208,HGNC:3755
MONDO:0007208,HGNC:3755
MONDO:0007284,HGNC:2417
MONDO:0007297,HGNC:6174
MONDO:0007297,HGNC:6174
MONDO:0007362,HGNC:2383
MONDO:0007496,HGNC:801
MONDO:0007496,HGNC:801
MONDO:0008722,HGNC:90
MONDO:0008722,HGNC:90
MONDO:0008876,HGNC:1058
MONDO:0008876,HGNC:1058
MONDO:0010043,HGNC:15832
MONDO:0010043,HGNC:15832
MONDO:0010246,HGNC:14270
MONDO:0010246,HGNC:14270
MONDO:0010279,HGNC:3754
MONDO:0010279,HGNC:3754
MONDO:0010441,HGNC:13398
MONDO:0010441,HGNC:13398
MONDO:0010802,HGNC:4174
MONDO:0010802,HGNC:4174
MONDO:0010965,HGNC:30800
MONDO:0011273,HGNC:23096
MONDO:0011273,HGNC:23096
MONDO:0011335,HGNC:6391
MONDO:0011335,HGNC:6391
MONDO:0011397,HGNC:2976
MONDO:0011397,HGNC:2976
MONDO:0012211,HGNC:7207
MONDO:0012211,HGNC:7207
MONDO:0012519,HGNC:2348
MONDO:0012791,HGNC:11448
MONDO:0012791,HGNC:11448
MONDO:0013161,HGNC:19139
MONDO:0013161,HGNC:19139
MONDO:0013275,HGNC:4458
MONDO:0013275,HGNC:4458
MONDO:0013404,HGNC:343
MONDO:0013404,HGNC:343
MONDO:0013420,HGNC:2558
MONDO:0013500,HGNC:5985
MONDO:0013515,HGNC:8824
MONDO:0013995,HGNC:45
MONDO:0014030,HGNC:26560
MONDO:0014077,HGNC:6486
MONDO:0014077,HGNC:6486
MONDO:0014120,HGNC:15685
MONDO:0014179,HGNC:5031
MONDO:0014204,HGNC:8800
MONDO:0014271,HGNC:30611
MONDO:0014271,HGNC:30611
MONDO:0014358,HGNC:25230
MONDO:0014358,HGNC:25230
MONDO:0014593,HGNC:20
MONDO:0014712,HGNC:17861
MONDO:0014806,HGNC:12310
MONDO:0017972,HGNC:11359
MONDO:0018567,HGNC:11758
MONDO:0019947,HGNC:1529
MONDO:0019947,HGNC:1529
MONDO:0020787,HGNC:103
MONDO:0024532,HGNC:3519
MONDO:0030258,HGNC:9260
MONDO:0030919,HGNC:1460
MONDO:0032881,HGNC:1081
MONDO:0032915,HGNC:1449
MONDO:0035500,HGNC:12682
MONDO:0100218,HGNC:3098
MONDO:0100224,HGNC:7711
MONDO:0800027,HGNC:21022
MONDO:0800027,HGNC:2433
MONDO:0800027,HGNC:2433
MONDO:0007087,HGNC:800
MONDO:0007483,HGNC:225
MONDO:0007483,HGNC:225
MONDO:0007906,HGNC:6636
MONDO:0007906,HGNC:6636
MONDO:0008005,HGNC:6859
MONDO:0008005,HGNC:6859
MONDO:0008757,HGNC:5172
MONDO:0008757,HGNC:5172
MONDO:0008764,HGNC:4689
MONDO:0008799,HGNC:11195
MONDO:0008799,HGNC:10892
MONDO:0008799,HGNC:11195
MONDO:0009360,HGNC:19967
MONDO:0009393,HGNC:10985
MONDO:0009393,HGNC:10985
MONDO:0009575,HGNC:10938
MONDO:0009575,HGNC:10938
MONDO:0009923,HGNC:11285
MONDO:0009923,HGNC:11285
MONDO:0010251,HGNC:11494
MONDO:0010404,HGNC:816
MONDO:0010651,HGNC:869
MONDO:0010651,HGNC:869
MONDO:0010743,HGNC:12731
MONDO:0010743,HGNC:12731
MONDO:0010807,HGNC:7606
MONDO:0011184,HGNC:13875
MONDO:0011184,HGNC:13875
MONDO:0011296,HGNC:25018
MONDO:0011431,HGNC:3603
MONDO:0011527,HGNC:3239
MONDO:0011527,HGNC:3239
MONDO:0011688,HGNC:17997
MONDO:0012231,HGNC:16877
MONDO:0012231,HGNC:16877
MONDO:0012464,HGNC:10729
MONDO:0012640,HGNC:16873
MONDO:0012640,HGNC:16873
MONDO:0012693,HGNC:4706
MONDO:0012693,HGNC:4706
MONDO:0013059,HGNC:15925
MONDO:0013261,HGNC:143
MONDO:0013526,HGNC:4431
MONDO:0013526,HGNC:4431
MONDO:0013655,HGNC:4584
MONDO:0013758,HGNC:23791
MONDO:0013758,HGNC:23791
MONDO:0013771,HGNC:18855
MONDO:0013771,HGNC:4455
MONDO:0013771,HGNC:4455
MONDO:0013782,HGNC:2553
MONDO:0013782,HGNC:2553
MONDO:0014250,HGNC:9446
MONDO:0014250,HGNC:9446
MONDO:0014456,HGNC:26926
MONDO:0014456,HGNC:26926
MONDO:0014703,HGNC:2910
MONDO:0015749,HGNC:10882
MONDO:0016689,HGNC:5383
MONDO:0019522,HGNC:2214
MONDO:0020718,HGNC:24039
MONDO:0030553,HGNC:9416
MONDO:0032662,HGNC:3275
MONDO:0032756,HGNC:1390
MONDO:0033202,HGNC:25966
MONDO:0033655,HGNC:2267
MONDO:0035236,HGNC:9658
MONDO:0060550,HGNC:29171
MONDO:0858999,HGNC:1337
MONDO:0859311,HGNC:6182
MONDO:0007057,HGNC:7882
MONDO:0007057,HGNC:7882
MONDO:0007574,HGNC:14415
MONDO:0007574,HGNC:14415
MONDO:0008546,HGNC:3690
MONDO:0008546,HGNC:3690
MONDO:0008710,HGNC:14263
MONDO:0008814,HGNC:663
MONDO:0008814,HGNC:663
MONDO:0008918,HGNC:1421
MONDO:0008918,HGNC:1421
MONDO:0010023,HGNC:12858
MONDO:0010023,HGNC:12858
MONDO:0010250,HGNC:2022
MONDO:0010250,HGNC:2022
MONDO:0010319,HGNC:18305
MONDO:0010319,HGNC:18305
MONDO:0010501,HGNC:7871
MONDO:0010501,HGNC:7871
MONDO:0010545,HGNC:7820
MONDO:0010545,HGNC:7820
MONDO:0011160,HGNC:18183
MONDO:0011213,HGNC:29529
MONDO:0011213,HGNC:29529
MONDO:0011326,HGNC:10983
MONDO:0011330,HGNC:10549
MONDO:0011330,HGNC:10549
MONDO:0011762,HGNC:16378
MONDO:0011852,HGNC:2214
MONDO:0011906,HGNC:18324
MONDO:0011906,HGNC:18324
MONDO:0012274,HGNC:1077
MONDO:0012728,HGNC:28956
MONDO:0012992,HGNC:16232
MONDO:0012992,HGNC:16232
MONDO:0013015,HGNC:10586
MONDO:0013183,HGNC:7146
MONDO:0013477,HGNC:29557
MONDO:0013503,HGNC:16404
MONDO:0013558,HGNC:18817
MONDO:0013590,HGNC:2217
MONDO:0013741,HGNC:17245
MONDO:0013752,HGNC:2488
MONDO:0013777,HGNC:14544
MONDO:0013777,HGNC:14544
MONDO:0014238,HGNC:26262
MONDO:0014238,HGNC:26262
MONDO:0014302,HGNC:16947
MONDO:0014302,HGNC:16947
MONDO:0014414,HGNC:11364
MONDO:0014414,HGNC:11364
MONDO:0014481,HGNC:3236
MONDO:0014652,HGNC:20041
MONDO:0014663,HGNC:5466
MONDO:0014764,HGNC:21033
MONDO:0014764,HGNC:21033
MONDO:0016281,HGNC:11311
MONDO:0016281,HGNC:7983
MONDO:0016281,HGNC:11204
MONDO:0016486,HGNC:4827
MONDO:0017906,HGNC:4462
MONDO:0018322,HGNC:4800
MONDO:0019267,HGNC:7526
MONDO:0029130,HGNC:4317
MONDO:0030781,HGNC:6636
MONDO:0031009,HGNC:6156
MONDO:0032675,HGNC:12642
MONDO:0032689,HGNC:348
MONDO:0032854,HGNC:6292
MONDO:0033667,HGNC:10911
MONDO:0033667,HGNC:10911
MONDO:0044308,HGNC:27232
MONDO:0044651,HGNC:11582
MONDO:0054742,HGNC:20286
MONDO:0859317,HGNC:10600
MONDO:0859528,HGNC:797
MONDO:0007089,HGNC:613
MONDO:0008152,HGNC:6408
MONDO:0008152,HGNC:6408
MONDO:0008214,HGNC:6518
MONDO:0008301,HGNC:5102
MONDO:0008301,HGNC:5102
MONDO:0008736,HGNC:9719
MONDO:0009226,HGNC:2186
MONDO:0009662,HGNC:4696
MONDO:0009662,HGNC:4696
MONDO:0009667,HGNC:19139
MONDO:0009962,HGNC:7905
MONDO:0010488,HGNC:13339
MONDO:0010516,HGNC:467
MONDO:0010516,HGNC:467
MONDO:0010962,HGNC:6412
MONDO:0010962,HGNC:6412
MONDO:0011664,HGNC:6008
MONDO:0011664,HGNC:6008
MONDO:0011898,HGNC:15968
MONDO:0012177,HGNC:24682
MONDO:0012177,HGNC:24682
MONDO:0012789,HGNC:9438
MONDO:0012789,HGNC:9438
MONDO:0013017,HGNC:21297
MONDO:0013072,HGNC:17084
MONDO:0013116,HGNC:4236
MONDO:0013116,HGNC:4236
MONDO:0013135,HGNC:11445
MONDO:0013248,HGNC:9820
MONDO:0013315,HGNC:8789
MONDO:0013463,HGNC:4214
MONDO:0013495,HGNC:23452
MONDO:0013892,HGNC:4890
MONDO:0013892,HGNC:24668
MONDO:0013892,HGNC:4888
MONDO:0013892,HGNC:16980
MONDO:0013892,HGNC:24668
MONDO:0014205,HGNC:29357
MONDO:0014205,HGNC:29357
MONDO:0014225,HGNC:3976
MONDO:0014225,HGNC:3976
MONDO:0014252,HGNC:603
MONDO:0014269,HGNC:21365
MONDO:0014269,HGNC:15910
MONDO:0014269,HGNC:21365
MONDO:0014470,HGNC:29203
MONDO:0014627,HGNC:2213
MONDO:0014627,HGNC:2213
MONDO:0014629,HGNC:2230
MONDO:0014629,HGNC:2230
MONDO:0015268,HGNC:11630
MONDO:0016090,HGNC:4115
MONDO:0018794,HGNC:9035
MONDO:0018794,HGNC:9035
MONDO:0020360,HGNC:25396
MONDO:0020762,HGNC:24959
MONDO:0030118,HGNC:9045
MONDO:0030462,HGNC:21424
MONDO:0031481,HGNC:24877
MONDO:0031481,HGNC:18550
MONDO:0031481,HGNC:18550
MONDO:0035774,HGNC:8008
MONDO:0040500,HGNC:8960
MONDO:0044660,HGNC:5286
MONDO:0044660,HGNC:5286
MONDO:0054593,HGNC:20751
MONDO:0054727,HGNC:11737
MONDO:0054739,HGNC:18708
MONDO:0054802,HGNC:4823
MONDO:0054802,HGNC:4824
MONDO:0859335,HGNC:11944
MONDO:0958182,HGNC:1241
MONDO:0007163,HGNC:1388
MONDO:0007163,HGNC:1388
MONDO:0007846,HGNC:21316
MONDO:0007846,HGNC:21316
MONDO:0007892,HGNC:9587
MONDO:0007892,HGNC:9587
MONDO:0007919,HGNC:3767
MONDO:0007919,HGNC:3767
MONDO:0008198,HGNC:7392
MONDO:0008198,HGNC:7392
MONDO:0008332,HGNC:4439
MONDO:0008332,HGNC:4439
MONDO:0008471,HGNC:2200
MONDO:0008471,HGNC:2200
MONDO:0008721,HGNC:89
MONDO:0008721,HGNC:89
MONDO:0008771,HGNC:23015
MONDO:0008771,HGNC:23015
MONDO:0009069,HGNC:15714
MONDO:0009069,HGNC:15714
MONDO:0009297,HGNC:11037
MONDO:0009297,HGNC:11037
MONDO:0009372,HGNC:6469
MONDO:0009372,HGNC:6469
MONDO:0009434,HGNC:914
MONDO:0009505,HGNC:19708
MONDO:0009699,HGNC:1665
MONDO:0009699,HGNC:1665
MONDO:0009955,HGNC:9949
MONDO:0009955,HGNC:9949
MONDO:0010507,HGNC:11355
MONDO:0010794,HGNC:7414
MONDO:0010794,HGNC:7414
MONDO:0011339,HGNC:28984
MONDO:0011339,HGNC:28984
MONDO:0011545,HGNC:1962
MONDO:0011624,HGNC:11559
MONDO:0011624,HGNC:11559
MONDO:0012034,HGNC:17103
MONDO:0012034,HGNC:17103
MONDO:0012766,HGNC:6396
MONDO:0012855,HGNC:25419
MONDO:0012871,HGNC:6240
MONDO:0013066,HGNC:7983
MONDO:0013128,HGNC:9958
MONDO:0013128,HGNC:9958
MONDO:0013242,HGNC:1057
MONDO:0013322,HGNC:30550
MONDO:0013540,HGNC:4171
MONDO:0013591,HGNC:2217
MONDO:0013606,HGNC:8549
MONDO:0013895,HGNC:5724
MONDO:0014186,HGNC:17146
MONDO:0014563,HGNC:3151
MONDO:0014563,HGNC:3151
MONDO:0014574,HGNC:1515
MONDO:0014574,HGNC:1515
MONDO:0014664,HGNC:19960
MONDO:0014693,HGNC:6742
MONDO:0014729,HGNC:6783
MONDO:0014729,HGNC:6783
MONDO:0014749,HGNC:6698
MONDO:0014822,HGNC:7001
MONDO:0015995,HGNC:28887
MONDO:0019373,HGNC:12796
MONDO:0019373,HGNC:3508
MONDO:0024548,HGNC:1802
MONDO:0024548,HGNC:1802
MONDO:0024558,HGNC:5101
MONDO:0032617,HGNC:18828
MONDO:0033282,HGNC:28660
MONDO:0033282,HGNC:28660
MONDO:0033619,HGNC:28287
MONDO:0033620,HGNC:11480
MONDO:0034216,HGNC:11796
MONDO:0054835,HGNC:11049
MONDO:0100058,HGNC:977
MONDO:0800026,HGNC:9143
MONDO:0800026,HGNC:13879
MONDO:0800026,HGNC:16960
MONDO:0800026,HGNC:1033
MONDO:0800026,HGNC:4232
MONDO:0800026,HGNC:3178
MONDO:0800026,HGNC:9143
MONDO:0957248,HGNC:2972
MONDO:0957540,HGNC:11440
MONDO:0957578,HGNC:9673
MONDO:0007452,HGNC:5024
MONDO:0007931,HGNC:12703
MONDO:0007931,HGNC:12703
MONDO:0008437,HGNC:11231
MONDO:0008437,HGNC:11231
MONDO:0008787,HGNC:10908
MONDO:0008787,HGNC:10908
MONDO:0008893,HGNC:16892
MONDO:0008893,HGNC:16892
MONDO:0009234,HGNC:6383
MONDO:0009234,HGNC:6383
MONDO:0009387,HGNC:6677
MONDO:0009387,HGNC:6677
MONDO:0009430,HGNC:2932
MONDO:0009635,HGNC:7603
MONDO:0009635,HGNC:11438
MONDO:0009635,HGNC:7603
MONDO:0010191,HGNC:12726
MONDO:0010191,HGNC:12726
MONDO:0010317,HGNC:18060
MONDO:0010362,HGNC:8930
MONDO:0010362,HGNC:8925
MONDO:0010362,HGNC:8925
MONDO:0010519,HGNC:886
MONDO:0010519,HGNC:886
MONDO:0010969,HGNC:21043
MONDO:0011225,HGNC:17642
MONDO:0011225,HGNC:17642
MONDO:0011479,HGNC:11048
MONDO:0011479,HGNC:11048
MONDO:0011718,HGNC:30492
MONDO:0011903,HGNC:7225
MONDO:0011903,HGNC:7225
MONDO:0012029,HGNC:17272
MONDO:0012784,HGNC:16812
MONDO:0012784,HGNC:16812
MONDO:0012926,HGNC:7167
MONDO:0012967,HGNC:361
MONDO:0012967,HGNC:361
MONDO:0012980,HGNC:21219
MONDO:0012980,HGNC:21219
MONDO:0012981,HGNC:11027
MONDO:0013033,HGNC:19309
MONDO:0013123,HGNC:11843
MONDO:0013181,HGNC:26790
MONDO:0013264,HGNC:17142
MONDO:0013528,HGNC:4551
MONDO:0013785,HGNC:2340
MONDO:0013911,HGNC:29843
MONDO:0013924,HGNC:1067
MONDO:0014050,HGNC:409
MONDO:0014075,HGNC:2409
MONDO:0014579,HGNC:18340
MONDO:0014780,HGNC:28213
MONDO:0015579,HGNC:4824
MONDO:0015579,HGNC:4823
MONDO:0017172,HGNC:714
MONDO:0017383,HGNC:9004
MONDO:0017697,HGNC:4180
MONDO:0018573,HGNC:1786
MONDO:0018877,HGNC:9940
MONDO:0018877,HGNC:10012
MONDO:0018877,HGNC:10024
MONDO:0018877,HGNC:9942
MONDO:0021575,HGNC:33630
MONDO:0030010,HGNC:26256
MONDO:0030785,HGNC:16491
MONDO:0032663,HGNC:20990
MONDO:0032806,HGNC:11572
MONDO:0033615,HGNC:28722
MONDO:0035759,HGNC:3542
MONDO:0054666,HGNC:27845
MONDO:0054716,HGNC:2232
MONDO:0859362,HGNC:25554
MONDO:0006277,HGNC:12363
MONDO:0006277,HGNC:12362
MONDO:0007152,HGNC:11769
MONDO:0007472,HGNC:4883
MONDO:0007562,HGNC:2200
MONDO:0007784,HGNC:11799
MONDO:0008119,HGNC:10548
MONDO:0008119,HGNC:10548
MONDO:0008222,HGNC:6263
MONDO:0008222,HGNC:6263
MONDO:0008222,HGNC:6266
MONDO:0008708,HGNC:30497
MONDO:0008708,HGNC:30497
MONDO:0008708,HGNC:4319
MONDO:0009113,HGNC:1093
MONDO:0009113,HGNC:1093
MONDO:0009287,HGNC:4056
MONDO:0009287,HGNC:4056
MONDO:0009414,HGNC:4707
MONDO:0009414,HGNC:4707
MONDO:0010558,HGNC:9217
MONDO:0010842,HGNC:11724
MONDO:0010842,HGNC:11724
MONDO:0011342,HGNC:11021
MONDO:0011342,HGNC:11021
MONDO:0011670,HGNC:11976
MONDO:0011670,HGNC:11976
MONDO:0012124,HGNC:12382
MONDO:0012124,HGNC:12382
MONDO:0012504,HGNC:3690
MONDO:0012504,HGNC:3690
MONDO:0012575,HGNC:10891
MONDO:0012639,HGNC:1356
MONDO:0012639,HGNC:1356
MONDO:0012725,HGNC:613
MONDO:0012725,HGNC:613
MONDO:0012734,HGNC:12783
MONDO:0012734,HGNC:12783
MONDO:0013070,HGNC:18810
MONDO:0013070,HGNC:16035
MONDO:0013070,HGNC:17116
MONDO:0013172,HGNC:12410
MONDO:0013206,HGNC:11642
MONDO:0013570,HGNC:21022
MONDO:0013570,HGNC:21022
MONDO:0013691,HGNC:23564
MONDO:0014013,HGNC:30225
MONDO:0014148,HGNC:3467
MONDO:0014148,HGNC:3467
MONDO:0014211,HGNC:1301
MONDO:0014287,HGNC:28296
MONDO:0014430,HGNC:16510
MONDO:0014636,HGNC:25133
MONDO:0014636,HGNC:25133
MONDO:0014675,HGNC:13872
MONDO:0015096,HGNC:3694
MONDO:0015096,HGNC:3662
MONDO:0015096,HGNC:3661
MONDO:0017052,HGNC:2698
MONDO:0017052,HGNC:987
MONDO:0017052,HGNC:986
MONDO:0017052,HGNC:25415
MONDO:0018343,HGNC:7414
MONDO:0018343,HGNC:7415
MONDO:0018611,HGNC:2411
MONDO:0018611,HGNC:2410
MONDO:0018611,HGNC:2417
MONDO:0018611,HGNC:7103
MONDO:0018611,HGNC:2388
MONDO:0018611,HGNC:1041
MONDO:0018611,HGNC:5227
MONDO:0018611,HGNC:2396
MONDO:0018611,HGNC:2389
MONDO:0018611,HGNC:2409
MONDO:0018611,HGNC:2394
MONDO:0030034,HGNC:10739
MONDO:0032724,HGNC:17085
MONDO:0032724,HGNC:17085
MONDO:0033362,HGNC:11503
MONDO:0033662,HGNC:24659
MONDO:0033968,HGNC:10019
MONDO:0037149,HGNC:4800
MONDO:0060702,HGNC:25640
MONDO:0850115,HGNC:8032
MONDO:0859175,HGNC:19429
MONDO:0008196,HGNC:18083
MONDO:0008464,HGNC:2918
MONDO:0008558,HGNC:15626
MONDO:0008780,HGNC:443
MONDO:0009376,HGNC:2323
MONDO:0009376,HGNC:2323
MONDO:0009400,HGNC:9453
MONDO:0009400,HGNC:9453
MONDO:0009558,HGNC:20194
MONDO:0009623,HGNC:7652
MONDO:0009623,HGNC:7652
MONDO:0009709,HGNC:1052
MONDO:0010289,HGNC:16499
MONDO:0010476,HGNC:28912
MONDO:0010476,HGNC:28912
MONDO:0010952,HGNC:3999
MONDO:0010952,HGNC:3999
MONDO:0011198,HGNC:7159
MONDO:0011198,HGNC:7159
MONDO:0011218,HGNC:11344
MONDO:0011218,HGNC:11344
MONDO:0011285,HGNC:4888
MONDO:0011285,HGNC:19194
MONDO:0011285,HGNC:16980
MONDO:0011285,HGNC:613
MONDO:0011630,HGNC:25808
MONDO:0012138,HGNC:6511
MONDO:0012142,HGNC:7391
MONDO:0012222,HGNC:7631
MONDO:0012222,HGNC:7631
MONDO:0012420,HGNC:26401
MONDO:0012658,HGNC:7866
MONDO:0012658,HGNC:7866
MONDO:0013293,HGNC:39433
MONDO:0013348,HGNC:14550
MONDO:0013539,HGNC:6719
MONDO:0013547,HGNC:838
MONDO:0014198,HGNC:13601
MONDO:0014198,HGNC:13601
MONDO:0014219,HGNC:22923
MONDO:0014320,HGNC:7975
MONDO:0014320,HGNC:7975
MONDO:0014622,HGNC:18084
MONDO:0014622,HGNC:6423
MONDO:0014622,HGNC:18084
MONDO:0014732,HGNC:14583
MONDO:0014732,HGNC:14583
MONDO:0017840,HGNC:2600
MONDO:0017933,HGNC:7490
MONDO:0017949,HGNC:620
MONDO:0018129,HGNC:18986
MONDO:0018528,HGNC:10483
MONDO:0018610,HGNC:14304
MONDO:0018610,HGNC:2398
MONDO:0018610,HGNC:21244
MONDO:0018610,HGNC:16171
MONDO:0018610,HGNC:3386
MONDO:0018749,HGNC:4832
MONDO:0018749,HGNC:4831
MONDO:0018749,HGNC:6345
MONDO:0018749,HGNC:4827
MONDO:0018839,HGNC:10848
MONDO:0018839,HGNC:10889
MONDO:0018839,HGNC:3341
MONDO:0019310,HGNC:2214
MONDO:0020356,HGNC:4043
MONDO:0020356,HGNC:47
MONDO:0020356,HGNC:8620
MONDO:0020356,HGNC:10526
MONDO:0020356,HGNC:144
MONDO:0020630,HGNC:9314
MONDO:0024524,HGNC:19182
MONDO:0024559,HGNC:7569
MONDO:0030014,HGNC:17649
MONDO:0031060,HGNC:8766
MONDO:0031071,HGNC:26087
MONDO:0032590,HGNC:3468
MONDO:0032714,HGNC:6279
MONDO:0032714,HGNC:6279
MONDO:0032858,HGNC:2938
MONDO:0032899,HGNC:11301
MONDO:0032899,HGNC:11301
MONDO:0033534,HGNC:14509
MONDO:0859357,HGNC:1471
MONDO:0007555,HGNC:9069
MONDO:0007555,HGNC:9069
MONDO:0008019,HGNC:12783
MONDO:0008019,HGNC:12783
MONDO:0008024,HGNC:14025
MONDO:0008044,HGNC:10808
MONDO:0008386,HGNC:9005
MONDO:0008671,HGNC:7105
MONDO:0008763,HGNC:428
MONDO:0008763,HGNC:428
MONDO:0008962,HGNC:7602
MONDO:0008962,HGNC:7602
MONDO:0009206,HGNC:6631
MONDO:0009842,HGNC:1836
MONDO:0010854,HGNC:6407
MONDO:0010854,HGNC:6407
MONDO:0010983,HGNC:11005
MONDO:0010983,HGNC:11005
MONDO:0011396,HGNC:6663
MONDO:0011396,HGNC:6663
MONDO:0011474,HGNC:17993
MONDO:0011752,HGNC:19104
MONDO:0011797,HGNC:443
MONDO:0011797,HGNC:443
MONDO:0012083,HGNC:2799
MONDO:0012408,HGNC:1975
MONDO:0012546,HGNC:17175
MONDO:0012561,HGNC:29043
MONDO:0012743,HGNC:1402
MONDO:0012868,HGNC:9456
MONDO:0012883,HGNC:9864
MONDO:0012883,HGNC:29529
MONDO:0012883,HGNC:12930
MONDO:0012883,HGNC:8059
MONDO:0012883,HGNC:11367
MONDO:0012883,HGNC:26232
MONDO:0012883,HGNC:20893
MONDO:0012883,HGNC:9388
MONDO:0012883,HGNC:7910
MONDO:0012883,HGNC:19124
MONDO:0012883,HGNC:21729
MONDO:0012883,HGNC:9864
MONDO:0012883,HGNC:9113
MONDO:0012883,HGNC:11364
MONDO:0013218,HGNC:21641
MONDO:0013899,HGNC:6715
MONDO:0013934,HGNC:11408
MONDO:0013934,HGNC:11408
MONDO:0014049,HGNC:20889
MONDO:0014162,HGNC:16650
MONDO:0014162,HGNC:16650
MONDO:0014222,HGNC:8977
MONDO:0014426,HGNC:24529
MONDO:0014517,HGNC:18539
MONDO:0014520,HGNC:21484
MONDO:0014520,HGNC:21484
MONDO:0014548,HGNC:1442
MONDO:0014611,HGNC:19857
MONDO:0014611,HGNC:19857
MONDO:0014657,HGNC:21054
MONDO:0014684,HGNC:23141
MONDO:0014684,HGNC:23141
MONDO:0014771,HGNC:29068
MONDO:0014870,HGNC:18591
MONDO:0014870,HGNC:18591
MONDO:0014871,HGNC:26147
MONDO:0014950,HGNC:6664
MONDO:0015567,HGNC:9006
MONDO:0016809,HGNC:9179
MONDO:0016811,HGNC:1020
MONDO:0017309,HGNC:3603
MONDO:0019157,HGNC:10768
MONDO:0019157,HGNC:25941
MONDO:0020321,HGNC:7132
MONDO:0020820,HGNC:11946
MONDO:0024541,HGNC:23639
MONDO:0029145,HGNC:15979
MONDO:0030089,HGNC:6081
MONDO:0030841,HGNC:7329
MONDO:0033309,HGNC:16466
MONDO:0033631,HGNC:24717
MONDO:0033669,HGNC:6871
MONDO:0054842,HGNC:14889
MONDO:0060622,HGNC:16716
MONDO:0060622,HGNC:16716
MONDO:0100215,HGNC:17800
MONDO:0100215,HGNC:17800
MONDO:0100348,HGNC:7643
MONDO:0957261,HGNC:25126
MONDO:0958324,HGNC:11018
MONDO:0968944,HGNC:23529
MONDO:0000902,HGNC:10914
MONDO:0000902,HGNC:10914
MONDO:0007334,HGNC:6121
MONDO:0007334,HGNC:6121
MONDO:0007340,HGNC:10472
MONDO:0007340,HGNC:10472
MONDO:0008135,HGNC:11317
MONDO:0008553,HGNC:4238
MONDO:0008633,HGNC:16400
MONDO:0008633,HGNC:16400
MONDO:0008955,HGNC:3438
MONDO:0009181,HGNC:9069
MONDO:0009181,HGNC:9069
MONDO:0009806,HGNC:18169
MONDO:0010193,HGNC:3527
MONDO:0010193,HGNC:3527
MONDO:0010193,HGNC:17101
MONDO:0010193,HGNC:14234
MONDO:0010499,HGNC:28909
MONDO:0010655,HGNC:11957
MONDO:0010655,HGNC:11957
MONDO:0010655,HGNC:20439
MONDO:0010655,HGNC:18475
MONDO:0010737,HGNC:23068
MONDO:0010839,HGNC:18083
MONDO:0010839,HGNC:18083
MONDO:0010953,HGNC:3586
MONDO:0011066,HGNC:7450
MONDO:0011066,HGNC:7450
MONDO:0011518,HGNC:7132
MONDO:0011518,HGNC:7132
MONDO:0011694,HGNC:6180
MONDO:0011694,HGNC:6180
MONDO:0011767,HGNC:16361
MONDO:0012062,HGNC:60
MONDO:0012336,HGNC:2400
MONDO:0012438,HGNC:27561
MONDO:0012520,HGNC:6091
MONDO:0012520,HGNC:6091
MONDO:0012688,HGNC:2397
MONDO:0012736,HGNC:1529
MONDO:0012796,HGNC:9454
MONDO:0012812,HGNC:11444
MONDO:0012812,HGNC:11444
MONDO:0013169,HGNC:28862
MONDO:0013186,HGNC:7989
MONDO:0013351,HGNC:2375
MONDO:0013351,HGNC:2375
MONDO:0013401,HGNC:573
MONDO:0013557,HGNC:17022
MONDO:0013696,HGNC:8008
MONDO:0013726,HGNC:2973
MONDO:0013726,HGNC:2973
MONDO:0013801,HGNC:10596
MONDO:0013944,HGNC:9066
MONDO:0013944,HGNC:9066
MONDO:0014285,HGNC:26929
MONDO:0014545,HGNC:14253
MONDO:0014545,HGNC:14253
MONDO:0014643,HGNC:28845
MONDO:0014643,HGNC:28845
MONDO:0014953,HGNC:4401
MONDO:0014953,HGNC:4401
MONDO:0016710,HGNC:16466
MONDO:0016825,HGNC:28900
MONDO:0018828,HGNC:12616
MONDO:0018828,HGNC:12616
MONDO:0024536,HGNC:6930
MONDO:0026730,HGNC:7370
MONDO:0030770,HGNC:6827
MONDO:0031068,HGNC:10914
MONDO:0032582,HGNC:18017
MONDO:0032612,HGNC:7717
MONDO:0032691,HGNC:12756
MONDO:0033203,HGNC:10817
MONDO:0033203,HGNC:10817
MONDO:0035694,HGNC:9955
MONDO:0007236,HGNC:10887
MONDO:0007236,HGNC:3519
MONDO:0007429,HGNC:8140
MONDO:0008961,HGNC:15968
MONDO:0008961,HGNC:15968
MONDO:0009058,HGNC:2501
MONDO:0009058,HGNC:2501
MONDO:0009821,HGNC:22140
MONDO:0009821,HGNC:22140
MONDO:0010089,HGNC:11460
MONDO:0010089,HGNC:11460
MONDO:0010139,HGNC:12372
MONDO:0010139,HGNC:12372
MONDO:0010160,HGNC:11573
MONDO:0010160,HGNC:11573
MONDO:0010161,HGNC:3579
MONDO:0010161,HGNC:3579
MONDO:0010482,HGNC:18305
MONDO:0010482,HGNC:18305
MONDO:0010493,HGNC:25455
MONDO:0010819,HGNC:14415
MONDO:0010879,HGNC:9479
MONDO:0010879,HGNC:9479
MONDO:0011176,HGNC:17995
MONDO:0011176,HGNC:17995
MONDO:0011275,HGNC:7944
MONDO:0011275,HGNC:7944
MONDO:0011497,HGNC:1983
MONDO:0011721,HGNC:3097
MONDO:0011721,HGNC:3097
MONDO:0011987,HGNC:13436
MONDO:0012427,HGNC:11773
MONDO:0012613,HGNC:25994
MONDO:0012615,HGNC:30242
MONDO:0012726,HGNC:2202
MONDO:0012726,HGNC:2202
MONDO:0012738,HGNC:379
MONDO:0013245,HGNC:13890
MONDO:0013245,HGNC:13890
MONDO:0013252,HGNC:2736
MONDO:0013252,HGNC:2736
MONDO:0013325,HGNC:14857
MONDO:0013325,HGNC:14857
MONDO:0013380,HGNC:1097
MONDO:0013530,HGNC:10593
MONDO:0013566,HGNC:20748
MONDO:0013580,HGNC:8808
MONDO:0013580,HGNC:8808
MONDO:0013894,HGNC:24488
MONDO:0013894,HGNC:24488
MONDO:0014101,HGNC:26267
MONDO:0014243,HGNC:6814
MONDO:0014243,HGNC:6814
MONDO:0014297,HGNC:8788
MONDO:0014586,HGNC:1966
MONDO:0014601,HGNC:14977
MONDO:0014601,HGNC:14977
MONDO:0014735,HGNC:12666
MONDO:0014735,HGNC:12666
MONDO:0014881,HGNC:11834
MONDO:0014881,HGNC:11834
MONDO:0014904,HGNC:21042
MONDO:0014915,HGNC:15901
MONDO:0015274,HGNC:4940
MONDO:0015283,HGNC:7489
MONDO:0016862,HGNC:6188
MONDO:0016862,HGNC:6188
MONDO:0018159,HGNC:2852
MONDO:0019325,HGNC:4379
MONDO:0019325,HGNC:4390
MONDO:0020628,HGNC:11992
MONDO:0032770,HGNC:160
MONDO:0060758,HGNC:1394
MONDO:0859226,HGNC:26186
MONDO:0007222,HGNC:5136
MONDO:0007400,HGNC:3688
MONDO:0007400,HGNC:3689
MONDO:0007400,HGNC:3689
MONDO:0008070,HGNC:129
MONDO:0008070,HGNC:129
MONDO:0008316,HGNC:9451
MONDO:0008678,HGNC:12744
MONDO:0008678,HGNC:3327
MONDO:0008678,HGNC:3327
MONDO:0008678,HGNC:961
MONDO:0008678,HGNC:23018
MONDO:0008678,HGNC:7660
MONDO:0008678,HGNC:11586
MONDO:0008678,HGNC:30775
MONDO:0008678,HGNC:12741
MONDO:0008678,HGNC:16405
MONDO:0008678,HGNC:19068
MONDO:0008678,HGNC:18287
MONDO:0008678,HGNC:4661
MONDO:0008678,HGNC:6613
MONDO:0008678,HGNC:4659
MONDO:0008678,HGNC:9970
MONDO:0008678,HGNC:3722
MONDO:0008678,HGNC:16410
MONDO:0008678,HGNC:2586
MONDO:0008678,HGNC:11433
MONDO:0008729,HGNC:2591
MONDO:0008729,HGNC:2591
MONDO:0008895,HGNC:8021
MONDO:0008895,HGNC:8021
MONDO:0008948,HGNC:2605
MONDO:0008948,HGNC:2605
MONDO:0008959,HGNC:496
MONDO:0008959,HGNC:496
MONDO:0009306,HGNC:9832
MONDO:0009306,HGNC:9831
MONDO:0009306,HGNC:26956
MONDO:0009306,HGNC:9832
MONDO:0009306,HGNC:9831
MONDO:0009624,HGNC:18127
MONDO:0009624,HGNC:11397
MONDO:0009624,HGNC:16691
MONDO:0009624,HGNC:18127
MONDO:0009704,HGNC:2330
MONDO:0009704,HGNC:2330
MONDO:0009732,HGNC:7908
MONDO:0009732,HGNC:7908
MONDO:0010375,HGNC:14561
MONDO:0010375,HGNC:14561
MONDO:0010644,HGNC:2023
MONDO:0010959,HGNC:19869
MONDO:0010959,HGNC:19869
MONDO:0011402,HGNC:2498
MONDO:0011402,HGNC:2498
MONDO:0011413,HGNC:2388
MONDO:0011462,HGNC:9580
MONDO:0011462,HGNC:9580
MONDO:0012516,HGNC:30858
MONDO:0012516,HGNC:30858
MONDO:0012802,HGNC:5017
MONDO:0012802,HGNC:5017
MONDO:0013013,HGNC:3176
MONDO:0013469,HGNC:7027
MONDO:0013611,HGNC:6816
MONDO:0013753,HGNC:25135
MONDO:0013753,HGNC:25135
MONDO:0013821,HGNC:11100
MONDO:0013932,HGNC:9717
MONDO:0014040,HGNC:14974
MONDO:0014047,HGNC:8975
MONDO:0014048,HGNC:391
MONDO:0014087,HGNC:16075
MONDO:0014845,HGNC:28385
MONDO:0016302,HGNC:18292
MONDO:0016302,HGNC:12874
MONDO:0016302,HGNC:22962
MONDO:0016302,HGNC:4214
MONDO:0017193,HGNC:10432
MONDO:0018137,HGNC:12442
MONDO:0018816,HGNC:18141
MONDO:0018816,HGNC:18141
MONDO:0019002,HGNC:9588
MONDO:0019349,HGNC:14234
MONDO:0019349,HGNC:24036
MONDO:0019349,HGNC:14234
MONDO:0020783,HGNC:9871
MONDO:0020783,HGNC:9871
MONDO:0030916,HGNC:30782
MONDO:0032485,HGNC:22474
MONDO:0032625,HGNC:20278
MONDO:0032694,HGNC:25604
MONDO:0033564,HGNC:13862
MONDO:0054561,HGNC:30129
MONDO:0054801,HGNC:4827
MONDO:0054804,HGNC:24305
MONDO:0054844,HGNC:9137
MONDO:0100316,HGNC:6294
MONDO:0007524,HGNC:6768
MONDO:0007524,HGNC:76
MONDO:0007524,HGNC:7944
MONDO:0007524,HGNC:1044
MONDO:0007524,HGNC:11773
MONDO:0007524,HGNC:11769
MONDO:0007524,HGNC:13444
MONDO:0007524,HGNC:6664
MONDO:0007524,HGNC:19880
MONDO:0007524,HGNC:3604
MONDO:0007524,HGNC:757
MONDO:0007524,HGNC:6716
MONDO:0007524,HGNC:3219
MONDO:0007524,HGNC:3218
MONDO:0007524,HGNC:14107
MONDO:0007524,HGNC:6769
MONDO:0007524,HGNC:7945
MONDO:0007524,HGNC:9081
MONDO:0007524,HGNC:10896
MONDO:0007524,HGNC:2201
MONDO:0007524,HGNC:11772
MONDO:0007524,HGNC:18625
MONDO:0007524,HGNC:303
MONDO:0007524,HGNC:11768
MONDO:0007524,HGNC:25835
MONDO:0007524,HGNC:9853
MONDO:0007524,HGNC:29673
MONDO:0007524,HGNC:3603
MONDO:0007524,HGNC:1550
MONDO:0008663,HGNC:6259
MONDO:0008663,HGNC:6259
MONDO:0008702,HGNC:2200
MONDO:0008702,HGNC:2200
MONDO:0009395,HGNC:6697
MONDO:0009395,HGNC:13771
MONDO:0009395,HGNC:13771
MONDO:0009528,HGNC:10535
MONDO:0009528,HGNC:10535
MONDO:0009756,HGNC:11120
MONDO:0009756,HGNC:11120
MONDO:0010452,HGNC:2902
MONDO:0011304,HGNC:21708
MONDO:0011398,HGNC:2214
MONDO:0011398,HGNC:2214
MONDO:0011488,HGNC:18672
MONDO:0012213,HGNC:4117
MONDO:0012213,HGNC:4117
MONDO:0012282,HGNC:17978
MONDO:0012290,HGNC:11133
MONDO:0012290,HGNC:11133
MONDO:0012498,HGNC:10012
MONDO:0012611,HGNC:30172
MONDO:0012611,HGNC:30172
MONDO:0012626,HGNC:29021
MONDO:0012937,HGNC:10360
MONDO:0013468,HGNC:20603
MONDO:0013818,HGNC:10898
MONDO:0013961,HGNC:10723
MONDO:0014331,HGNC:4685
MONDO:0014331,HGNC:4685
MONDO:0014387,HGNC:21022
MONDO:0014587,HGNC:7525
MONDO:0014598,HGNC:2972
MONDO:0014607,HGNC:6220
MONDO:0014716,HGNC:3942
MONDO:0014716,HGNC:3942
MONDO:0014981,HGNC:13222
MONDO:0015057,HGNC:12823
MONDO:0015519,HGNC:3257
MONDO:0015519,HGNC:3260
MONDO:0015519,HGNC:3258
MONDO:0015519,HGNC:3261
MONDO:0015519,HGNC:3259
MONDO:0018130,HGNC:10935
MONDO:0018130,HGNC:10935
MONDO:0018315,HGNC:9091
MONDO:0018780,HGNC:12012
MONDO:0024463,HGNC:3969
MONDO:0030366,HGNC:14202
MONDO:0030679,HGNC:17722
MONDO:0030911,HGNC:6299
MONDO:0032606,HGNC:7715
MONDO:0033656,HGNC:7687
MONDO:0035823,HGNC:15646
MONDO:0044720,HGNC:9969
MONDO:0044720,HGNC:9969
MONDO:0100040,HGNC:3811
MONDO:0100040,HGNC:3811
MONDO:0100157,HGNC:14604
MONDO:0100288,HGNC:7974
MONDO:0957876,HGNC:12718
MONDO:0968946,HGNC:17028
MONDO:0007047,HGNC:24855
MONDO:0007852,HGNC:4284
MONDO:0007852,HGNC:7497
MONDO:0007852,HGNC:4284
MONDO:0007943,HGNC:10771
MONDO:0007943,HGNC:10771
MONDO:0008099,HGNC:8786
MONDO:0008705,HGNC:123
MONDO:0008795,HGNC:6180
MONDO:0008795,HGNC:6180
MONDO:0008795,HGNC:8620
MONDO:0008822,HGNC:12712
MONDO:0008872,HGNC:16068
MONDO:0008872,HGNC:16068
MONDO:0009231,HGNC:1077
MONDO:0009231,HGNC:4220
MONDO:0009231,HGNC:4220
MONDO:0009309,HGNC:7660
MONDO:0009359,HGNC:1161
MONDO:0009359,HGNC:1161
MONDO:0009514,HGNC:16268
MONDO:0009514,HGNC:16268
MONDO:0009588,HGNC:10853
MONDO:0009588,HGNC:10853
MONDO:0009720,HGNC:4452
MONDO:0009720,HGNC:4452
MONDO:0010425,HGNC:13356
MONDO:0010438,HGNC:8957
MONDO:0010487,HGNC:12632
MONDO:0010514,HGNC:7373
MONDO:0010514,HGNC:7373
MONDO:0010607,HGNC:12874
MONDO:0010654,HGNC:18060
MONDO:0010654,HGNC:18060
MONDO:0010832,HGNC:13210
MONDO:0011095,HGNC:11949
MONDO:0011192,HGNC:12597
MONDO:0011287,HGNC:19380
MONDO:0011287,HGNC:19380
MONDO:0011732,HGNC:18083
MONDO:0011732,HGNC:18083
MONDO:0011871,HGNC:11120
MONDO:0011871,HGNC:11120
MONDO:0012003,HGNC:4893
MONDO:0012348,HGNC:1848
MONDO:0012472,HGNC:18518
MONDO:0012503,HGNC:12014
MONDO:0012517,HGNC:9498
MONDO:0012517,HGNC:9498
MONDO:0013163,HGNC:28052
MONDO:0013174,HGNC:30539
MONDO:0013290,HGNC:19027
MONDO:0013489,HGNC:6215
MONDO:0013811,HGNC:10379
MONDO:0013811,HGNC:10379
MONDO:0013978,HGNC:23166
MONDO:0014272,HGNC:13902
MONDO:0014272,HGNC:13902
MONDO:0014289,HGNC:6404
MONDO:0014289,HGNC:6404
MONDO:0014314,HGNC:11515
MONDO:0014314,HGNC:11515
MONDO:0014589,HGNC:6257
MONDO:0016861,HGNC:6188
MONDO:0018273,HGNC:15516
MONDO:0018582,HGNC:4192
MONDO:0018582,HGNC:4192
MONDO:0030847,HGNC:29824
MONDO:0030880,HGNC:7506
MONDO:0030880,HGNC:7506
MONDO:0030909,HGNC:19701
MONDO:0032580,HGNC:8734
MONDO:0044675,HGNC:6697
MONDO:0060502,HGNC:9043
MONDO:0060502,HGNC:9043
MONDO:0100186,HGNC:4193
MONDO:0100186,HGNC:4193
MONDO:0100221,HGNC:11289
MONDO:0100252,HGNC:4125
MONDO:0859524,HGNC:19070
MONDO:0957221,HGNC:6898
MONDO:0957873,HGNC:3261
MONDO:0958115,HGNC:6021
MONDO:0958185,HGNC:4803
MONDO:0007109,HGNC:9804
MONDO:0007109,HGNC:6392
MONDO:0007109,HGNC:6392
MONDO:0007620,HGNC:6522
MONDO:0007620,HGNC:6522
MONDO:0009154,HGNC:2488
MONDO:0009238,HGNC:30521
MONDO:0009238,HGNC:30521
MONDO:0010213,HGNC:2718
MONDO:0010271,HGNC:7448
MONDO:0010271,HGNC:2568
MONDO:0010361,HGNC:8592
MONDO:0010428,HGNC:29059
MONDO:0010626,HGNC:11935
MONDO:0010626,HGNC:11935
MONDO:0010808,HGNC:9449
MONDO:0010808,HGNC:9449
MONDO:0010989,HGNC:11630
MONDO:0010989,HGNC:12783
MONDO:0011156,HGNC:42
MONDO:0011156,HGNC:42
MONDO:0011442,HGNC:8846
MONDO:0011451,HGNC:10604
MONDO:0011660,HGNC:7605
MONDO:0011838,HGNC:10024
MONDO:0011838,HGNC:10024
MONDO:0011874,HGNC:2032
MONDO:0011874,HGNC:2032
MONDO:0011915,HGNC:13681
MONDO:0012216,HGNC:32434
MONDO:0012216,HGNC:32434
MONDO:0012225,HGNC:28949
MONDO:0012248,HGNC:9202
MONDO:0012248,HGNC:9202
MONDO:0012890,HGNC:28422
MONDO:0013063,HGNC:3010
MONDO:0013091,HGNC:8931
MONDO:0013240,HGNC:6081
MONDO:0013337,HGNC:11278
MONDO:0013362,HGNC:28369
MONDO:0013362,HGNC:28369
MONDO:0013457,HGNC:12423
MONDO:0013797,HGNC:11630
MONDO:0013797,HGNC:6593
MONDO:0013994,HGNC:37234
MONDO:0014011,HGNC:21246
MONDO:0014059,HGNC:29944
MONDO:0014098,HGNC:24229
MONDO:0014098,HGNC:24229
MONDO:0014284,HGNC:30391
MONDO:0014403,HGNC:4267
MONDO:0014403,HGNC:4267
MONDO:0014444,HGNC:10671
MONDO:0014468,HGNC:11510
MONDO:0014532,HGNC:15559
MONDO:0014532,HGNC:15559
MONDO:0014552,HGNC:19181
MONDO:0014552,HGNC:19181
MONDO:0014705,HGNC:12872
MONDO:0014772,HGNC:2917
MONDO:0017171,HGNC:714
MONDO:0020492,HGNC:393
MONDO:0020492,HGNC:3942
MONDO:0020492,HGNC:8975
MONDO:0030105,HGNC:24063
MONDO:0030105,HGNC:24063
MONDO:0030311,HGNC:15910
MONDO:0030843,HGNC:9122
MONDO:0030859,HGNC:29253
MONDO:0032649,HGNC:6708
MONDO:0032728,HGNC:7224
MONDO:0032872,HGNC:40050
MONDO:0033969,HGNC:7774
MONDO:0035370,HGNC:437
MONDO:0044663,HGNC:1884
MONDO:0100433,HGNC:132
MONDO:0100433,HGNC:132
MONDO:0800030,HGNC:19750
MONDO:0859144,HGNC:10857
MONDO:0957812,HGNC:6254
MONDO:0006952,HGNC:4042
MONDO:0006952,HGNC:6697
MONDO:0006952,HGNC:7678
MONDO:0007809,HGNC:6413
MONDO:0008748,HGNC:5163
MONDO:0009892,HGNC:12687
MONDO:0009892,HGNC:12687
MONDO:0009999,HGNC:10257
MONDO:0009999,HGNC:10257
MONDO:0009999,HGNC:18008
MONDO:0010075,HGNC:17978
MONDO:0010075,HGNC:17978
MONDO:0010277,HGNC:9910
MONDO:0010277,HGNC:9910
MONDO:0010310,HGNC:26837
MONDO:0010310,HGNC:26837
MONDO:0010310,HGNC:2514
MONDO:0010503,HGNC:16353
MONDO:0010503,HGNC:16353
MONDO:0011001,HGNC:10593
MONDO:0011703,HGNC:9449
MONDO:0012099,HGNC:794
MONDO:0012099,HGNC:794
MONDO:0012731,HGNC:3377
MONDO:0012938,HGNC:10301
MONDO:0013025,HGNC:18040
MONDO:0013040,HGNC:6953
MONDO:0013175,HGNC:12703
MONDO:0013234,HGNC:10591
MONDO:0013442,HGNC:25660
MONDO:0013482,HGNC:25774
MONDO:0013546,HGNC:26050
MONDO:0013546,HGNC:26050
MONDO:0013702,HGNC:30922
MONDO:0013810,HGNC:18621
MONDO:0013810,HGNC:18621
MONDO:0013842,HGNC:5208
MONDO:0014361,HGNC:14262
MONDO:0014361,HGNC:14262
MONDO:0014559,HGNC:31399
MONDO:0014559,HGNC:31399
MONDO:0014731,HGNC:3513
MONDO:0014731,HGNC:3513
MONDO:0014759,HGNC:5028
MONDO:0014844,HGNC:28852
MONDO:0014935,HGNC:6859
MONDO:0014954,HGNC:1247
MONDO:0015025,HGNC:6971
MONDO:0016071,HGNC:21732
MONDO:0017353,HGNC:4208
MONDO:0017353,HGNC:4313
MONDO:0017353,HGNC:473
MONDO:0018227,HGNC:2959
MONDO:0018447,HGNC:4593
MONDO:0018657,HGNC:19182
MONDO:0018657,HGNC:19182
MONDO:0019335,HGNC:8582
MONDO:0020795,HGNC:5009
MONDO:0021013,HGNC:16002
MONDO:0024264,HGNC:8622
MONDO:0032633,HGNC:30883
MONDO:0032703,HGNC:23088
MONDO:0032792,HGNC:8819
MONDO:0032896,HGNC:29936
MONDO:0033008,HGNC:16197
MONDO:0033644,HGNC:693
MONDO:0034022,HGNC:2188
MONDO:0034022,HGNC:2188
MONDO:0035499,HGNC:1850
MONDO:0054831,HGNC:9964
MONDO:0859337,HGNC:16148
MONDO:0957543,HGNC:14065
MONDO:0958104,HGNC:2207
MONDO:0958104,HGNC:2206
MONDO:0958104,HGNC:2204
MONDO:0003789,HGNC:7029
MONDO:0003789,HGNC:9343
MONDO:0003789,HGNC:7029
MONDO:0005223,HGNC:3765
MONDO:0007158,HGNC:26270
MONDO:0007158,HGNC:26270
MONDO:0008267,HGNC:25360
MONDO:0008267,HGNC:25360
MONDO:0008798,HGNC:16175
MONDO:0008798,HGNC:16175
MONDO:0009215,HGNC:3583
MONDO:0009215,HGNC:3582
MONDO:0009215,HGNC:3586
MONDO:0009215,HGNC:3584
MONDO:0009215,HGNC:3588
MONDO:0009215,HGNC:3587
MONDO:0009557,HGNC:6636
MONDO:0009557,HGNC:6636
MONDO:0009894,HGNC:7744
MONDO:0010444,HGNC:4170
MONDO:0010444,HGNC:4170
MONDO:0011223,HGNC:445
MONDO:0011223,HGNC:445
MONDO:0011258,HGNC:3519
MONDO:0011939,HGNC:124
MONDO:0011939,HGNC:124
MONDO:0012411,HGNC:24891
MONDO:0012411,HGNC:24891
MONDO:0012662,HGNC:16361
MONDO:0012908,HGNC:1339
MONDO:0013425,HGNC:10294
MONDO:0013569,HGNC:29250
MONDO:0013569,HGNC:29250
MONDO:0013623,HGNC:14388
MONDO:0013623,HGNC:14388
MONDO:0013881,HGNC:6139
MONDO:0013881,HGNC:6139
MONDO:0013933,HGNC:9717
MONDO:0013950,HGNC:8855
MONDO:0014027,HGNC:11161
MONDO:0014165,HGNC:14938
MONDO:0014165,HGNC:14938
MONDO:0014375,HGNC:2843
MONDO:0014375,HGNC:13635
MONDO:0014375,HGNC:2843
MONDO:0014472,HGNC:16412
MONDO:0014472,HGNC:16412
MONDO:0014540,HGNC:6161
MONDO:0014760,HGNC:11763
MONDO:0014760,HGNC:11763
MONDO:0016454,HGNC:7739
MONDO:0018324,HGNC:11908
MONDO:0018324,HGNC:4942
MONDO:0018324,HGNC:2505
MONDO:0019195,HGNC:7572
MONDO:0019398,HGNC:15999
MONDO:0019635,HGNC:7872
MONDO:0019635,HGNC:4942
MONDO:0019635,HGNC:2364
MONDO:0019635,HGNC:4944
MONDO:0025701,HGNC:8514
MONDO:0030281,HGNC:7720
MONDO:0030378,HGNC:26799
MONDO:0030480,HGNC:28762
MONDO:0030535,HGNC:6442
MONDO:0030748,HGNC:6493
MONDO:0032815,HGNC:16352
MONDO:0032906,HGNC:8756
MONDO:0032906,HGNC:8756
MONDO:0034820,HGNC:5321
MONDO:0044314,HGNC:17090
MONDO:0044319,HGNC:24281
MONDO:0044319,HGNC:24281
MONDO:0044723,HGNC:14348
MONDO:0044723,HGNC:14348
MONDO:0054550,HGNC:2200
MONDO:0054723,HGNC:26684
MONDO:0800453,HGNC:16406
MONDO:0859168,HGNC:7583
MONDO:0957824,HGNC:25979
MONDO:0958232,HGNC:7601
MONDO:0007619,HGNC:18398
MONDO:0007619,HGNC:18398
MONDO:0008030,HGNC:3954
MONDO:0008289,HGNC:2202
MONDO:0008289,HGNC:2203
MONDO:0008289,HGNC:2202
MONDO:0008302,HGNC:4510
MONDO:0008373,HGNC:2202
MONDO:0008373,HGNC:2202
MONDO:0009063,HGNC:18688
MONDO:0009063,HGNC:18688
MONDO:0009379,HGNC:10959
MONDO:0009379,HGNC:10961
MONDO:0009379,HGNC:10959
MONDO:0009379,HGNC:10961
MONDO:0009502,HGNC:2896
MONDO:0009502,HGNC:2896
MONDO:0009562,HGNC:6831
MONDO:0009562,HGNC:6831
MONDO:0009874,HGNC:6091
MONDO:0009874,HGNC:6091
MONDO:0009927,HGNC:17213
MONDO:0010420,HGNC:397
MONDO:0010420,HGNC:397
MONDO:0010467,HGNC:3775
MONDO:0010619,HGNC:8918
MONDO:0010619,HGNC:8918
MONDO:0010906,HGNC:1071
MONDO:0010997,HGNC:6893
MONDO:0010997,HGNC:6893
MONDO:0011027,HGNC:1477
MONDO:0011038,HGNC:801
MONDO:0011038,HGNC:801
MONDO:0011369,HGNC:20001
MONDO:0011381,HGNC:4827
MONDO:0011381,HGNC:4827
MONDO:0011482,HGNC:2770
MONDO:0011489,HGNC:12461
MONDO:0011489,HGNC:10468
MONDO:0011489,HGNC:10468
MONDO:0011744,HGNC:17233
MONDO:0011744,HGNC:17233
MONDO:0012407,HGNC:30260
MONDO:0012407,HGNC:30260
MONDO:0012540,HGNC:4883
MONDO:0012541,HGNC:3681
MONDO:0012541,HGNC:3681
MONDO:0013926,HGNC:13831
MONDO:0013976,HGNC:5125
MONDO:0013983,HGNC:14341
MONDO:0014439,HGNC:16380
MONDO:0014465,HGNC:28303
MONDO:0014473,HGNC:1856
MONDO:0014491,HGNC:989
MONDO:0014859,HGNC:1362
MONDO:0014921,HGNC:4083
MONDO:0014949,HGNC:3668
MONDO:0016670,HGNC:4827
MONDO:0016833,HGNC:3811
MONDO:0017947,HGNC:620
MONDO:0018217,HGNC:24565
MONDO:0018421,HGNC:17168
MONDO:0024542,HGNC:12698
MONDO:0030072,HGNC:6970
MONDO:0030518,HGNC:6898
MONDO:0030750,HGNC:2194
MONDO:0030983,HGNC:6343
MONDO:0031044,HGNC:11813
MONDO:0032592,HGNC:25686
MONDO:0034109,HGNC:7582
MONDO:0034109,HGNC:7582
MONDO:0044646,HGNC:11581
MONDO:0044646,HGNC:11581
MONDO:0044700,HGNC:19353
MONDO:0044700,HGNC:19354
MONDO:8000011,HGNC:3754
MONDO:8000011,HGNC:3431
MONDO:0007447,HGNC:3337
MONDO:0007447,HGNC:3337
MONDO:0007628,HGNC:8620
MONDO:0008438,HGNC:11233
MONDO:0008438,HGNC:11233
MONDO:0008713,HGNC:17129
MONDO:0008713,HGNC:17129
MONDO:0008774,HGNC:23537
MONDO:0008774,HGNC:23537
MONDO:0009061,HGNC:1884
MONDO:0009061,HGNC:11766
MONDO:0009061,HGNC:3616
MONDO:0009061,HGNC:1818
MONDO:0009061,HGNC:2018
MONDO:0009061,HGNC:1884
MONDO:0009061,HGNC:8941
MONDO:0009061,HGNC:11047
MONDO:0009061,HGNC:4886
MONDO:0009061,HGNC:14469
MONDO:0009061,HGNC:5013
MONDO:0009061,HGNC:11073
MONDO:0009061,HGNC:3179
MONDO:0009061,HGNC:7097
MONDO:0009061,HGNC:6293
MONDO:0009061,HGNC:15518
MONDO:0009061,HGNC:10907
MONDO:0009061,HGNC:1815
MONDO:0009061,HGNC:4311
MONDO:0009061,HGNC:11766
MONDO:0009061,HGNC:4635
MONDO:0009061,HGNC:11433
MONDO:0009259,HGNC:4311
MONDO:0009259,HGNC:4311
MONDO:0009260,HGNC:4298
MONDO:0009260,HGNC:4298
MONDO:0009293,HGNC:9726
MONDO:0009293,HGNC:9726
MONDO:0009560,HGNC:23399
MONDO:0009560,HGNC:23399
MONDO:0009572,HGNC:6998
MONDO:0010187,HGNC:4247
MONDO:0010547,HGNC:4283
MONDO:0010547,HGNC:816
MONDO:0010787,HGNC:17296
MONDO:0010787,HGNC:7490
MONDO:0010787,HGNC:7415
MONDO:0011562,HGNC:11138
MONDO:0011792,HGNC:13273
MONDO:0012490,HGNC:1386
MONDO:0012848,HGNC:29253
MONDO:0013361,HGNC:3535
MONDO:0013361,HGNC:3535
MONDO:0013587,HGNC:6541
MONDO:0013587,HGNC:6541
MONDO:0014099,HGNC:678
MONDO:0014263,HGNC:17042
MONDO:0014263,HGNC:17042
MONDO:0014325,HGNC:6444
MONDO:0014346,HGNC:6415
MONDO:0014451,HGNC:8616
MONDO:0014560,HGNC:452
MONDO:0014846,HGNC:17768
MONDO:0014846,HGNC:17768
MONDO:0014874,HGNC:16791
MONDO:0014885,HGNC:568
MONDO:0014885,HGNC:568
MONDO:0015553,HGNC:2214
MONDO:0015571,HGNC:2488
MONDO:0015571,HGNC:14234
MONDO:0018569,HGNC:10298
MONDO:0019682,HGNC:7758
MONDO:0020347,HGNC:9118
MONDO:0030134,HGNC:1226
MONDO:0030270,HGNC:1850
MONDO:0030858,HGNC:25941
MONDO:0030858,HGNC:25941
MONDO:0030937,HGNC:10683
MONDO:0032706,HGNC:18010
MONDO:0032780,HGNC:28858
MONDO:0032814,HGNC:2202
MONDO:0032814,HGNC:2202
MONDO:0032882,HGNC:2978
MONDO:0032882,HGNC:2978
MONDO:0033043,HGNC:19321
MONDO:0033043,HGNC:19321
MONDO:0033557,HGNC:29434
MONDO:0034143,HGNC:2433
MONDO:0054559,HGNC:6546
MONDO:0054559,HGNC:6546
MONDO:0100354,HGNC:7590
MONDO:0100354,HGNC:145
MONDO:0100354,HGNC:7569
MONDO:0100354,HGNC:6647
MONDO:0100354,HGNC:7590
MONDO:0958353,HGNC:2213
MONDO:0958353,HGNC:2212
MONDO:0958353,HGNC:2211
MONDO:0007298,HGNC:6180
MONDO:0007298,HGNC:6180
MONDO:0007538,HGNC:24797
MONDO:0008057,HGNC:9388
MONDO:0008061,HGNC:6654
MONDO:0008061,HGNC:6654
MONDO:0008073,HGNC:12559
MONDO:0008073,HGNC:12559
MONDO:0008090,HGNC:3309
MONDO:0008090,HGNC:3309
MONDO:0008567,HGNC:11825
MONDO:0009161,HGNC:218
MONDO:0009161,HGNC:218
MONDO:0009161,HGNC:14631
MONDO:0009642,HGNC:7744
MONDO:0009642,HGNC:7744
MONDO:0010216,HGNC:3437
MONDO:0010554,HGNC:11600
MONDO:0010554,HGNC:11600
MONDO:0010966,HGNC:10994
MONDO:0010966,HGNC:10994
MONDO:0011393,HGNC:29
MONDO:0011603,HGNC:23657
MONDO:0011603,HGNC:23657
MONDO:0011970,HGNC:29203
MONDO:0011970,HGNC:29203
MONDO:0012359,HGNC:9831
MONDO:0012359,HGNC:9831
MONDO:0012676,HGNC:2025
MONDO:0012775,HGNC:19986
MONDO:0012901,HGNC:6371
MONDO:0012901,HGNC:6371
MONDO:0013051,HGNC:9721
MONDO:0013051,HGNC:9721
MONDO:0013388,HGNC:10588
MONDO:0013594,HGNC:15911
MONDO:0013594,HGNC:15911
MONDO:0013878,HGNC:11730
MONDO:0014153,HGNC:9768
MONDO:0014203,HGNC:21493
MONDO:0014217,HGNC:4217
MONDO:0014319,HGNC:3677
MONDO:0014480,HGNC:16700
MONDO:0014508,HGNC:6055
MONDO:0014672,HGNC:11219
MONDO:0014820,HGNC:8140
MONDO:0014832,HGNC:25985
MONDO:0014832,HGNC:25985
MONDO:0015466,HGNC:5154
MONDO:0015783,HGNC:8101
MONDO:0015783,HGNC:6814
MONDO:0015783,HGNC:7675
MONDO:0015783,HGNC:11164
MONDO:0016424,HGNC:7605
MONDO:0018433,HGNC:2768
MONDO:0018433,HGNC:8064
MONDO:0019767,HGNC:9330
MONDO:0020681,HGNC:24464
MONDO:0020747,HGNC:13887
MONDO:0027451,HGNC:851
MONDO:0030815,HGNC:10741
MONDO:0030854,HGNC:2197
MONDO:0030979,HGNC:3342
MONDO:0032601,HGNC:11766
MONDO:0032601,HGNC:11766
MONDO:0032621,HGNC:15899
MONDO:0032936,HGNC:4023
MONDO:0033015,HGNC:6460
MONDO:0034146,HGNC:4331
MONDO:0044204,HGNC:27030
MONDO:0044204,HGNC:19440
MONDO:0044204,HGNC:11301
MONDO:0060554,HGNC:4796
MONDO:0060611,HGNC:7432
MONDO:0060611,HGNC:7432
MONDO:0957813,HGNC:11273
MONDO:0958000,HGNC:9857
MONDO:0007161,HGNC:7327
MONDO:0007251,HGNC:11204
MONDO:0007251,HGNC:11204
MONDO:0007377,HGNC:11771
MONDO:0007377,HGNC:11771
MONDO:0007389,HGNC:11605
MONDO:0007874,HGNC:12340
MONDO:0007874,HGNC:9811
MONDO:0007874,HGNC:3512
MONDO:0007974,HGNC:20444
MONDO:0008426,HGNC:6768
MONDO:0008426,HGNC:76
MONDO:0008426,HGNC:7944
MONDO:0008426,HGNC:1044
MONDO:0008426,HGNC:11773
MONDO:0008426,HGNC:11769
MONDO:0008426,HGNC:13444
MONDO:0008426,HGNC:6664
MONDO:0008426,HGNC:19880
MONDO:0008426,HGNC:3604
MONDO:0008426,HGNC:757
MONDO:0008426,HGNC:6716
MONDO:0008426,HGNC:3219
MONDO:0008426,HGNC:3218
MONDO:0008426,HGNC:14107
MONDO:0008426,HGNC:6769
MONDO:0008426,HGNC:7945
MONDO:0008426,HGNC:9081
MONDO:0008426,HGNC:10896
MONDO:0008426,HGNC:2201
MONDO:0008426,HGNC:11772
MONDO:0008426,HGNC:18625
MONDO:0008426,HGNC:303
MONDO:0008426,HGNC:11768
MONDO:0008426,HGNC:25835
MONDO:0008426,HGNC:9853
MONDO:0008426,HGNC:29673
MONDO:0008426,HGNC:3603
MONDO:0008426,HGNC:1550
MONDO:0008426,HGNC:10896
MONDO:0008426,HGNC:3603
MONDO:0008654,HGNC:3671
MONDO:0008701,HGNC:12305
MONDO:0008701,HGNC:12305
MONDO:0009009,HGNC:9071
MONDO:0009009,HGNC:9071
MONDO:0009486,HGNC:11582
MONDO:0009486,HGNC:11582
MONDO:0009652,HGNC:23026
MONDO:0009652,HGNC:23026
MONDO:0009672,HGNC:7634
MONDO:0009672,HGNC:11117
MONDO:0009672,HGNC:11118
MONDO:0009672,HGNC:11118
MONDO:0009672,HGNC:11117
MONDO:0010036,HGNC:11247
MONDO:0010186,HGNC:12679
MONDO:0010432,HGNC:3551
MONDO:0010679,HGNC:2928
MONDO:0010679,HGNC:6717
MONDO:0010679,HGNC:2928
MONDO:0011246,HGNC:1938
MONDO:0011246,HGNC:1938
MONDO:0011408,HGNC:6323
MONDO:0011408,HGNC:6323
MONDO:0011826,HGNC:1304
MONDO:0011840,HGNC:2472
MONDO:0012237,HGNC:37227
MONDO:0012401,HGNC:2705
MONDO:0012401,HGNC:11220
MONDO:0012401,HGNC:2705
MONDO:0012650,HGNC:25737
MONDO:0012650,HGNC:25737
MONDO:0012719,HGNC:9498
MONDO:0012719,HGNC:9498
MONDO:0013391,HGNC:10606
MONDO:0013391,HGNC:10606
MONDO:0013620,HGNC:10591
MONDO:0013836,HGNC:20233
MONDO:0013836,HGNC:20233
MONDO:0013866,HGNC:4601
MONDO:0013866,HGNC:4601
MONDO:0013867,HGNC:16187
MONDO:0013867,HGNC:30224
MONDO:0013874,HGNC:7863
MONDO:0014210,HGNC:494
MONDO:0014210,HGNC:494
MONDO:0014580,HGNC:3010
MONDO:0014857,HGNC:9965
MONDO:0014857,HGNC:9965
MONDO:0015720,HGNC:3546
MONDO:0016564,HGNC:6893
MONDO:0016705,HGNC:7545
MONDO:0016705,HGNC:21100
MONDO:0016845,HGNC:17273
MONDO:0017936,HGNC:10483
MONDO:0019930,HGNC:6585
MONDO:0024567,HGNC:19082
MONDO:0030500,HGNC:6768
MONDO:0030524,HGNC:25239
MONDO:0030524,HGNC:25239
MONDO:0030827,HGNC:12410
MONDO:0030958,HGNC:25543
MONDO:0030982,HGNC:20390
MONDO:0030985,HGNC:5226
MONDO:0032803,HGNC:9878
MONDO:0033649,HGNC:24990
MONDO:0035529,HGNC:8086
MONDO:0035586,HGNC:497
MONDO:0054582,HGNC:17748
MONDO:0054741,HGNC:14499
MONDO:0054741,HGNC:14499
MONDO:0100253,HGNC:27230
MONDO:0100253,HGNC:27230
MONDO:0100522,HGNC:55085
MONDO:0800044,HGNC:17646
MONDO:0800044,HGNC:17646
MONDO:0859246,HGNC:3607
MONDO:0957542,HGNC:16831
MONDO:0958012,HGNC:3976
MONDO:0007266,HGNC:11949
MONDO:0007470,HGNC:28395
MONDO:0007864,HGNC:8975
MONDO:0007864,HGNC:24684
MONDO:0007925,HGNC:10387
MONDO:0007925,HGNC:10387
MONDO:0007999,HGNC:10889
MONDO:0008513,HGNC:5136
MONDO:0008513,HGNC:5136
MONDO:0008833,HGNC:7907
MONDO:0008931,HGNC:6696
MONDO:0008931,HGNC:583
MONDO:0008931,HGNC:6696
MONDO:0009134,HGNC:10702
MONDO:0009134,HGNC:10702
MONDO:0009368,HGNC:18374
MONDO:0010136,HGNC:21071
MONDO:0010359,HGNC:8108
MONDO:0010359,HGNC:8108
MONDO:0010659,HGNC:3776
MONDO:0010659,HGNC:3776
MONDO:0011477,HGNC:8623
MONDO:0011546,HGNC:18292
MONDO:0011776,HGNC:16400
MONDO:0011776,HGNC:16400
MONDO:0011912,HGNC:7605
MONDO:0011972,HGNC:3969
MONDO:0011972,HGNC:3969
MONDO:0012088,HGNC:19368
MONDO:0012136,HGNC:2330
MONDO:0012136,HGNC:2330
MONDO:0012145,HGNC:3602
MONDO:0012266,HGNC:23508
MONDO:0012644,HGNC:29262
MONDO:0013034,HGNC:3052
MONDO:0013555,HGNC:15597
MONDO:0013608,HGNC:26113
MONDO:0013657,HGNC:1406
MONDO:0013715,HGNC:8157
MONDO:0013864,HGNC:9811
MONDO:0014328,HGNC:4075
MONDO:0014438,HGNC:26291
MONDO:0014461,HGNC:22788
MONDO:0014528,HGNC:25088
MONDO:0014528,HGNC:25088
MONDO:0014650,HGNC:4114
MONDO:0015634,HGNC:28887
MONDO:0017224,HGNC:9086
MONDO:0017283,HGNC:17327
MONDO:0018205,HGNC:13030
MONDO:0018252,HGNC:3048
MONDO:0024457,HGNC:9039
MONDO:0024457,HGNC:9039
MONDO:0030066,HGNC:28672
MONDO:0030768,HGNC:6158
MONDO:0032924,HGNC:23700
MONDO:0033481,HGNC:17158
MONDO:0033481,HGNC:17158
MONDO:0100428,HGNC:16187
MONDO:0957288,HGNC:12017
MONDO:0958137,HGNC:23483
MONDO:0007269,HGNC:6636
MONDO:0007269,HGNC:6636
MONDO:0008319,HGNC:3647
MONDO:0008391,HGNC:12428
MONDO:0009015,HGNC:16438
MONDO:0009015,HGNC:16438
MONDO:0009271,HGNC:25676
MONDO:0009271,HGNC:9721
MONDO:0009271,HGNC:25676
MONDO:0009315,HGNC:3530
MONDO:0009315,HGNC:3530
MONDO:0009809,HGNC:7166
MONDO:0010512,HGNC:5042
MONDO:0010512,HGNC:5042
MONDO:0011103,HGNC:4284
MONDO:0011370,HGNC:9454
MONDO:0011510,HGNC:18318
MONDO:0011510,HGNC:18318
MONDO:0011628,HGNC:8654
MONDO:0011628,HGNC:8653
MONDO:0011628,HGNC:8654
MONDO:0011628,HGNC:8653
MONDO:0011781,HGNC:11588
MONDO:0011781,HGNC:11588
MONDO:0011882,HGNC:3052
MONDO:0012396,HGNC:10922
MONDO:0012396,HGNC:10922
MONDO:0013016,HGNC:23151
MONDO:0013016,HGNC:23151
MONDO:0013117,HGNC:17296
MONDO:0013217,HGNC:10414
MONDO:0013413,HGNC:2151
MONDO:0013619,HGNC:9678
MONDO:0013737,HGNC:18986
MONDO:0013737,HGNC:18986
MONDO:0013839,HGNC:1090
MONDO:0013839,HGNC:1090
MONDO:0014006,HGNC:30032
MONDO:0014006,HGNC:30032
MONDO:0014042,HGNC:21086
MONDO:0014149,HGNC:2974
MONDO:0014149,HGNC:2974
MONDO:0014231,HGNC:15469
MONDO:0014259,HGNC:28844
MONDO:0014511,HGNC:5542
MONDO:0014511,HGNC:5542
MONDO:0014572,HGNC:11071
MONDO:0014572,HGNC:11071
MONDO:0015010,HGNC:11056
MONDO:0015010,HGNC:4208
MONDO:0015010,HGNC:4313
MONDO:0015010,HGNC:473
MONDO:0015010,HGNC:11056
MONDO:0015753,HGNC:12012
MONDO:0015753,HGNC:12011
MONDO:0015753,HGNC:23246
MONDO:0016203,HGNC:2651
MONDO:0017701,HGNC:4180
MONDO:0018266,HGNC:795
MONDO:0018461,HGNC:12496
MONDO:0019746,HGNC:11067
MONDO:0020848,HGNC:29017
MONDO:0020851,HGNC:20122
MONDO:0023657,HGNC:29136
MONDO:0029133,HGNC:1480
MONDO:0029133,HGNC:1480
MONDO:0030506,HGNC:28971
MONDO:0033369,HGNC:11968
MONDO:0054738,HGNC:25396
MONDO:0700112,HGNC:7865
MONDO:0958263,HGNC:8773
MONDO:0958263,HGNC:8794
MONDO:0007093,HGNC:2916
MONDO:0007093,HGNC:2916
MONDO:0007267,HGNC:12010
MONDO:0007270,HGNC:11947
MONDO:0007765,HGNC:20858
MONDO:0008720,HGNC:11596
MONDO:0008720,HGNC:11596
MONDO:0009014,HGNC:6309
MONDO:0009263,HGNC:21014
MONDO:0009263,HGNC:21014
MONDO:0009324,HGNC:27960
MONDO:0009324,HGNC:29437
MONDO:0009324,HGNC:27960
MONDO:0009424,HGNC:6255
MONDO:0009424,HGNC:6255
MONDO:0009856,HGNC:20207
MONDO:0009856,HGNC:20207
MONDO:0010117,HGNC:21024
MONDO:0010218,HGNC:11204
MONDO:0010474,HGNC:2291
MONDO:0010542,HGNC:2928
MONDO:0010878,HGNC:17043
MONDO:0010878,HGNC:17043
MONDO:0011120,HGNC:7473
MONDO:0011120,HGNC:7432
MONDO:0011120,HGNC:7436
MONDO:0011120,HGNC:7468
MONDO:0012239,HGNC:12012
MONDO:0012563,HGNC:4318
MONDO:0012860,HGNC:9451
MONDO:0012939,HGNC:10440
MONDO:0012977,HGNC:4288
MONDO:0012987,HGNC:1699
MONDO:0013197,HGNC:7576
MONDO:0013376,HGNC:4218
MONDO:0013376,HGNC:4221
MONDO:0013812,HGNC:144
MONDO:0013914,HGNC:4419
MONDO:0013952,HGNC:8856
MONDO:0013963,HGNC:1385
MONDO:0014060,HGNC:9922
MONDO:0014060,HGNC:9922
MONDO:0014122,HGNC:7883
MONDO:0014164,HGNC:37234
MONDO:0014295,HGNC:11758
MONDO:0014295,HGNC:11758
MONDO:0014312,HGNC:3176
MONDO:0014360,HGNC:24539
MONDO:0014396,HGNC:9829
MONDO:0014485,HGNC:17035
MONDO:0014662,HGNC:13997
MONDO:0014662,HGNC:13997
MONDO:0014882,HGNC:21062
MONDO:0014882,HGNC:21062
MONDO:0014942,HGNC:4081
MONDO:0015826,HGNC:11605
MONDO:0017232,HGNC:1356
MONDO:0017698,HGNC:4180
MONDO:0018766,HGNC:10955
MONDO:0020303,HGNC:12496
MONDO:0024553,HGNC:15508
MONDO:0030423,HGNC:16787
MONDO:0030474,HGNC:16053
MONDO:0030543,HGNC:19958
MONDO:0030996,HGNC:6156
MONDO:0031028,HGNC:15736
MONDO:0033005,HGNC:25928
MONDO:0035819,HGNC:13488
MONDO:0035819,HGNC:13488
MONDO:0054581,HGNC:10524
MONDO:0054782,HGNC:3418
MONDO:0060627,HGNC:4446
MONDO:0060627,HGNC:4446
MONDO:0957428,HGNC:4977
MONDO:0957428,HGNC:11633
MONDO:0958006,HGNC:23994
MONDO:0958180,HGNC:10004
MONDO:8000024,HGNC:9399
MONDO:8000024,HGNC:9399
MONDO:0007205,HGNC:7413
MONDO:0007205,HGNC:7413
MONDO:0008210,HGNC:9942
MONDO:0008409,HGNC:7577
MONDO:0008409,HGNC:7577
MONDO:0009398,HGNC:26031
MONDO:0010008,HGNC:10536
MONDO:0010008,HGNC:10536
MONDO:0010295,HGNC:5961
MONDO:0010396,HGNC:11411
MONDO:0010396,HGNC:11411
MONDO:0010814,HGNC:18270
MONDO:0010814,HGNC:18270
MONDO:0010860,HGNC:7594
MONDO:0010936,HGNC:24537
MONDO:0011504,HGNC:17619
MONDO:0011504,HGNC:17619
MONDO:0011724,HGNC:11005
MONDO:0011724,HGNC:11005
MONDO:0011823,HGNC:132
MONDO:0011823,HGNC:132
MONDO:0012044,HGNC:11771
MONDO:0012146,HGNC:23147
MONDO:0012436,HGNC:28510
MONDO:0012436,HGNC:28510
MONDO:0012593,HGNC:11825
MONDO:0012593,HGNC:11825
MONDO:0013263,HGNC:34383
MONDO:0013301,HGNC:2594
MONDO:0013301,HGNC:2594
MONDO:0013509,HGNC:4586
MONDO:0013851,HGNC:11303
MONDO:0013851,HGNC:11303
MONDO:0013948,HGNC:8858
MONDO:0013989,HGNC:18865
MONDO:0014004,HGNC:8804
MONDO:0014181,HGNC:5031
MONDO:0015523,HGNC:18806
MONDO:0015523,HGNC:24042
MONDO:0015523,HGNC:11752
MONDO:0015523,HGNC:16262
MONDO:0017721,HGNC:4879
MONDO:0018475,HGNC:9390
MONDO:0018931,HGNC:29670
MONDO:0018931,HGNC:29670
MONDO:0018945,HGNC:12811
MONDO:0018945,HGNC:12811
MONDO:0020631,HGNC:4082
MONDO:0020717,HGNC:28929
MONDO:0021093,HGNC:13556
MONDO:0024266,HGNC:9350
MONDO:0030043,HGNC:4124
MONDO:0030712,HGNC:26814
MONDO:0030862,HGNC:29168
MONDO:0030870,HGNC:12829
MONDO:0031045,HGNC:7029
MONDO:0033364,HGNC:3046
MONDO:0033375,HGNC:29239
MONDO:0054771,HGNC:24071
MONDO:0100119,HGNC:8591
MONDO:0800028,HGNC:236
MONDO:0800028,HGNC:236
MONDO:0859577,HGNC:3690
MONDO:0957984,HGNC:3750
MONDO:0008457,HGNC:1388
MONDO:0008457,HGNC:1388
MONDO:0009183,HGNC:9069
MONDO:0009183,HGNC:6142
MONDO:0009183,HGNC:6158
MONDO:0009183,HGNC:6158
MONDO:0009183,HGNC:6142
MONDO:0009491,HGNC:2528
MONDO:0009491,HGNC:2528
MONDO:0009568,HGNC:20373
MONDO:0009568,HGNC:20373
MONDO:0009916,HGNC:5212
MONDO:0009916,HGNC:5212
MONDO:0010532,HGNC:12469
MONDO:0010532,HGNC:12469
MONDO:0010559,HGNC:6470
MONDO:0010559,HGNC:6470
MONDO:0011186,HGNC:14674
MONDO:0011585,HGNC:8157
MONDO:0011585,HGNC:8157
MONDO:0011601,HGNC:10983
MONDO:0011601,HGNC:10983
MONDO:0011764,HGNC:18618
MONDO:0012111,HGNC:7584
MONDO:0012709,HGNC:10848
MONDO:0012786,HGNC:23094
MONDO:0012786,HGNC:23094
MONDO:0012790,HGNC:11571
MONDO:0013142,HGNC:25964
MONDO:0013266,HGNC:6996
MONDO:0013279,HGNC:6266
MONDO:0013354,HGNC:25532
MONDO:0013354,HGNC:25532
MONDO:0013355,HGNC:6345
MONDO:0013355,HGNC:6345
MONDO:0013445,HGNC:1358
MONDO:0014125,HGNC:4220
MONDO:0014136,HGNC:6278
MONDO:0014168,HGNC:2252
MONDO:0014168,HGNC:2252
MONDO:0014300,HGNC:1530
MONDO:0014300,HGNC:1530
MONDO:0014339,HGNC:11427
MONDO:0014339,HGNC:11427
MONDO:0014395,HGNC:15559
MONDO:0014460,HGNC:2799
MONDO:0014460,HGNC:2799
MONDO:0014499,HGNC:7680
MONDO:0014794,HGNC:17493
MONDO:0014993,HGNC:26162
MONDO:0015015,HGNC:120
MONDO:0017994,HGNC:30417
MONDO:0019981,HGNC:11630
MONDO:0023691,HGNC:986
MONDO:0030268,HGNC:10585
MONDO:0030684,HGNC:7818
MONDO:0030810,HGNC:7603
MONDO:0032918,HGNC:12525
MONDO:0033670,HGNC:2051
MONDO:0035943,HGNC:4172
MONDO:0035943,HGNC:8997
MONDO:0100325,HGNC:12305
MONDO:0100325,HGNC:12305
MONDO:0800047,HGNC:16257
MONDO:0957780,HGNC:18423
MONDO:0007509,HGNC:2895
MONDO:0007509,HGNC:14341
MONDO:0007922,HGNC:30497
MONDO:0007922,HGNC:9647
MONDO:0007922,HGNC:4274
MONDO:0007922,HGNC:29426
MONDO:0007922,HGNC:12682
MONDO:0007922,HGNC:16816
MONDO:0007922,HGNC:28870
MONDO:0007922,HGNC:8005
MONDO:0007922,HGNC:6407
MONDO:0007922,HGNC:13604
MONDO:0007922,HGNC:14294
MONDO:0007922,HGNC:11188
MONDO:0007922,HGNC:6840
MONDO:0007922,HGNC:9871
MONDO:0007922,HGNC:3446
MONDO:0007922,HGNC:219
MONDO:0007922,HGNC:11809
MONDO:0007922,HGNC:12362
MONDO:0007922,HGNC:17494
MONDO:0007922,HGNC:9282
MONDO:0007922,HGNC:11194
MONDO:0007922,HGNC:24097
MONDO:0007922,HGNC:3767
MONDO:0007922,HGNC:10447
MONDO:0007922,HGNC:10023
MONDO:0007922,HGNC:1097
MONDO:0007922,HGNC:6388
MONDO:0007922,HGNC:17722
MONDO:0007922,HGNC:17271
MONDO:0007922,HGNC:15454
MONDO:0007922,HGNC:12363
MONDO:0007922,HGNC:14687
MONDO:0007922,HGNC:8004
MONDO:0007922,HGNC:7631
MONDO:0007922,HGNC:9829
MONDO:0007922,HGNC:11187
MONDO:0007922,HGNC:10260
MONDO:0007922,HGNC:4171
MONDO:0007922,HGNC:3801
MONDO:0007922,HGNC:7989
MONDO:0007922,HGNC:28993
MONDO:0007922,HGNC:1736
MONDO:0007922,HGNC:9957
MONDO:0007922,HGNC:7227
MONDO:0007922,HGNC:1850
MONDO:0007922,HGNC:20249
MONDO:0007922,HGNC:13681
MONDO:0007922,HGNC:9115
MONDO:0007922,HGNC:60
MONDO:0007922,HGNC:5173
MONDO:0007922,HGNC:9644
MONDO:0007922,HGNC:3395
MONDO:0007922,HGNC:23109
MONDO:0007922,HGNC:9801
MONDO:0007922,HGNC:7765
MONDO:0007922,HGNC:6742
MONDO:0007922,HGNC:485
MONDO:0007922,HGNC:15985
MONDO:0007922,HGNC:9459
MONDO:0007922,HGNC:6871
MONDO:0007922,HGNC:1541
MONDO:0007922,HGNC:6842
MONDO:0007922,HGNC:9872
MONDO:0007922,HGNC:14234
MONDO:0007922,HGNC:3801
MONDO:0008040,HGNC:4170
MONDO:0008040,HGNC:4170
MONDO:0008939,HGNC:15822
MONDO:0009736,HGNC:8923
MONDO:0009736,HGNC:8923
MONDO:0009877,HGNC:4263
MONDO:0009877,HGNC:4263
MONDO:0009950,HGNC:9020
MONDO:0009950,HGNC:9020
MONDO:0010241,HGNC:1393
MONDO:0010390,HGNC:568
MONDO:0010398,HGNC:20439
MONDO:0010498,HGNC:3133
MONDO:0010498,HGNC:3133
MONDO:0010576,HGNC:4288
MONDO:0010576,HGNC:4284
MONDO:0010576,HGNC:9217
MONDO:0010704,HGNC:3754
MONDO:0010704,HGNC:3754
MONDO:0010790,HGNC:7487
MONDO:0010790,HGNC:7489
MONDO:0010790,HGNC:7461
MONDO:0010790,HGNC:7495
MONDO:0010790,HGNC:7494
MONDO:0010790,HGNC:7498
MONDO:0010790,HGNC:7497
MONDO:0010790,HGNC:7470
MONDO:0010790,HGNC:7490
MONDO:0010790,HGNC:7481
MONDO:0010790,HGNC:7481
MONDO:0010790,HGNC:7494
MONDO:0010790,HGNC:7490
MONDO:0010790,HGNC:7488
MONDO:0010790,HGNC:7487
MONDO:0010790,HGNC:7489
MONDO:0010790,HGNC:7498
MONDO:0010790,HGNC:7497
MONDO:0010827,HGNC:12423
MONDO:0011134,HGNC:11119
MONDO:0011134,HGNC:11119
MONDO:0011599,HGNC:4931
MONDO:0011614,HGNC:5008
MONDO:0011614,HGNC:5008
MONDO:0011698,HGNC:4415
MONDO:0011698,HGNC:4415
MONDO:0011830,HGNC:8574
MONDO:0011830,HGNC:8574
MONDO:0011890,HGNC:3239
MONDO:0011890,HGNC:3239
MONDO:0011922,HGNC:4237
MONDO:0012125,HGNC:17494
MONDO:0012125,HGNC:17494
MONDO:0012391,HGNC:2079
MONDO:0012391,HGNC:2079
MONDO:0012419,HGNC:9476
MONDO:0012996,HGNC:4175
MONDO:0012996,HGNC:4175
MONDO:0013188,HGNC:1382
MONDO:0013387,HGNC:6296
MONDO:0013387,HGNC:6296
MONDO:0013518,HGNC:8522
MONDO:0013896,HGNC:24519
MONDO:0014183,HGNC:6701
MONDO:0014640,HGNC:11280
MONDO:0014767,HGNC:30764
MONDO:0017400,HGNC:21478
MONDO:0017400,HGNC:21478
MONDO:0018000,HGNC:11795
MONDO:0019644,HGNC:11630
MONDO:0019784,HGNC:28887
MONDO:0019784,HGNC:5009
MONDO:0024552,HGNC:4837
MONDO:0024552,HGNC:2291
MONDO:0024552,HGNC:20372
MONDO:0030436,HGNC:28913
MONDO:0030529,HGNC:11241
MONDO:0030886,HGNC:29185
MONDO:0032626,HGNC:7684
MONDO:0032740,HGNC:29035
MONDO:0033864,HGNC:11509
MONDO:0033864,HGNC:11509
MONDO:0859529,HGNC:11277
MONDO:0957281,HGNC:11948
MONDO:0957396,HGNC:12760
MONDO:0957953,HGNC:21648
MONDO:0958335,HGNC:3218
MONDO:0005006,HGNC:14359
MONDO:0005006,HGNC:11730
MONDO:0005006,HGNC:23448
MONDO:0005006,HGNC:23445
MONDO:0005006,HGNC:12851
MONDO:0005006,HGNC:20893
MONDO:0007548,HGNC:2214
MONDO:0007548,HGNC:2214
MONDO:0007934,HGNC:6055
MONDO:0007934,HGNC:6055
MONDO:0007970,HGNC:6840
MONDO:0008387,HGNC:9005
MONDO:0008387,HGNC:9005
MONDO:0009431,HGNC:20305
MONDO:0009431,HGNC:11019
MONDO:0009431,HGNC:20305
MONDO:0009653,HGNC:13356
MONDO:0009653,HGNC:13356
MONDO:0010239,HGNC:2714
MONDO:0010239,HGNC:2714
MONDO:0010385,HGNC:592
MONDO:0010385,HGNC:592
MONDO:0010386,HGNC:5961
MONDO:0010752,HGNC:3583
MONDO:0010752,HGNC:12874
MONDO:0010873,HGNC:3330
MONDO:0010947,HGNC:3542
MONDO:0010947,HGNC:6192
MONDO:0010947,HGNC:1455
MONDO:0010947,HGNC:6192
MONDO:0010947,HGNC:3542
MONDO:0011151,HGNC:6697
MONDO:0011283,HGNC:9179
MONDO:0011283,HGNC:3148
MONDO:0011350,HGNC:7579
MONDO:0011540,HGNC:9402
MONDO:0011540,HGNC:9402
MONDO:0011772,HGNC:924
MONDO:0011772,HGNC:924
MONDO:0011930,HGNC:18063
MONDO:0012371,HGNC:6407
MONDO:0012554,HGNC:3433
MONDO:0012659,HGNC:1318
MONDO:0012941,HGNC:5965
MONDO:0012982,HGNC:10941
MONDO:0012982,HGNC:10941
MONDO:0013008,HGNC:11386
MONDO:0013008,HGNC:11386
MONDO:0013030,HGNC:3049
MONDO:0013130,HGNC:4221
MONDO:0013434,HGNC:25244
MONDO:0013825,HGNC:4688
MONDO:0013825,HGNC:4688
MONDO:0013901,HGNC:26348
MONDO:0013927,HGNC:8854
MONDO:0013975,HGNC:28929
MONDO:0014175,HGNC:10990
MONDO:0014216,HGNC:11212
MONDO:0014228,HGNC:26504
MONDO:0014379,HGNC:15766
MONDO:0014379,HGNC:15766
MONDO:0014427,HGNC:30836
MONDO:0014713,HGNC:3631
MONDO:0014741,HGNC:17327
MONDO:0014741,HGNC:17327
MONDO:0015717,HGNC:3551
MONDO:0017726,HGNC:4878
MONDO:0018245,HGNC:26276
MONDO:0018245,HGNC:30228
MONDO:0018473,HGNC:613
MONDO:0018473,HGNC:613
MONDO:0024546,HGNC:5154
MONDO:0030326,HGNC:9180
MONDO:0030875,HGNC:1591
MONDO:0032608,HGNC:7714
MONDO:0032610,HGNC:7707
MONDO:0035237,HGNC:9658
MONDO:0054729,HGNC:11738
MONDO:0054785,HGNC:9119
MONDO:0054785,HGNC:9119
MONDO:0100462,HGNC:319
MONDO:0100462,HGNC:319
MONDO:0800437,HGNC:33778
MONDO:0007609,HGNC:11187
MONDO:0007797,HGNC:4172
MONDO:0007797,HGNC:4172
MONDO:0007838,HGNC:3749
MONDO:0007849,HGNC:16400
MONDO:0007849,HGNC:16400
MONDO:0008333,HGNC:57
MONDO:0008662,HGNC:12703
MONDO:0008662,HGNC:12703
MONDO:0009025,HGNC:5209
MONDO:0009025,HGNC:5209
MONDO:0009520,HGNC:5005
MONDO:0009520,HGNC:5005
MONDO:0009724,HGNC:6654
MONDO:0009724,HGNC:6654
MONDO:0010131,HGNC:11799
MONDO:0010384,HGNC:644
MONDO:0011003,HGNC:10593
MONDO:0011346,HGNC:18234
MONDO:0011346,HGNC:18234
MONDO:0011735,HGNC:11919
MONDO:0011735,HGNC:11919
MONDO:0011743,HGNC:613
MONDO:0011743,HGNC:9509
MONDO:0011841,HGNC:16266
MONDO:0011841,HGNC:16266
MONDO:0011841,HGNC:16266
MONDO:0012410,HGNC:5031
MONDO:0012410,HGNC:5031
MONDO:0012521,HGNC:11584
MONDO:0012521,HGNC:11849
MONDO:0012521,HGNC:18348
MONDO:0012521,HGNC:13481
MONDO:0012521,HGNC:12033
MONDO:0012527,HGNC:9006
MONDO:0012547,HGNC:11187
MONDO:0012924,HGNC:10397
MONDO:0013459,HGNC:1546
MONDO:0013550,HGNC:3756
MONDO:0013550,HGNC:3756
MONDO:0013634,HGNC:888
MONDO:0013711,HGNC:23212
MONDO:0013711,HGNC:23212
MONDO:0013823,HGNC:31948
MONDO:0014474,HGNC:37276
MONDO:0014474,HGNC:37276
MONDO:0014478,HGNC:2955
MONDO:0014738,HGNC:6343
MONDO:0016539,HGNC:26276
MONDO:0016539,HGNC:30228
MONDO:0016539,HGNC:11025
MONDO:0017116,HGNC:7208
MONDO:0017116,HGNC:32669
MONDO:0018015,HGNC:11916
MONDO:0018015,HGNC:6998
MONDO:0018577,HGNC:4247
MONDO:0020684,HGNC:1246
MONDO:0020728,HGNC:17989
MONDO:0020733,HGNC:7866
MONDO:0024531,HGNC:11386
MONDO:0024564,HGNC:26169
MONDO:0030486,HGNC:14583
MONDO:0032668,HGNC:10310
MONDO:0034142,HGNC:7877
MONDO:0035639,HGNC:7132
MONDO:0035639,HGNC:3765
MONDO:0054726,HGNC:28569
MONDO:0850089,HGNC:7488
MONDO:0850089,HGNC:7481
MONDO:0859320,HGNC:7702
MONDO:0005116,HGNC:6119
MONDO:0007167,HGNC:3755
MONDO:0007167,HGNC:3755
MONDO:0007369,HGNC:2321
MONDO:0007369,HGNC:2321
MONDO:0007937,HGNC:4026
MONDO:0007937,HGNC:4026
MONDO:0008157,HGNC:28887
MONDO:0008726,HGNC:9208
MONDO:0008726,HGNC:9208
MONDO:0009033,HGNC:29521
MONDO:0009050,HGNC:12631
MONDO:0009050,HGNC:358
MONDO:0009050,HGNC:886
MONDO:0009050,HGNC:1097
MONDO:0009050,HGNC:7978
MONDO:0009050,HGNC:13733
MONDO:0009050,HGNC:12631
MONDO:0009050,HGNC:11998
MONDO:0009050,HGNC:18533
MONDO:0009288,HGNC:4061
MONDO:0009288,HGNC:4061
MONDO:0009288,HGNC:4061
MONDO:0009554,HGNC:2220
MONDO:0010379,HGNC:6833
MONDO:0010379,HGNC:6833
MONDO:0010610,HGNC:30677
MONDO:0010690,HGNC:8082
MONDO:0011070,HGNC:13681
MONDO:0011215,HGNC:24725
MONDO:0011215,HGNC:24725
MONDO:0011686,HGNC:6601
MONDO:0011686,HGNC:6601
MONDO:0011686,HGNC:12831
MONDO:0011938,HGNC:4173
MONDO:0012256,HGNC:19714
MONDO:0012256,HGNC:19714
MONDO:0012382,HGNC:4799
MONDO:0012382,HGNC:4799
MONDO:0012510,HGNC:14048
MONDO:0012510,HGNC:14048
MONDO:0012985,HGNC:3381
MONDO:0013247,HGNC:11019
MONDO:0013505,HGNC:19414
MONDO:0013877,HGNC:21606
MONDO:0013877,HGNC:21606
MONDO:0013939,HGNC:22965
MONDO:0013964,HGNC:10327
MONDO:0014070,HGNC:23405
MONDO:0014070,HGNC:23405
MONDO:0014070,HGNC:28912
MONDO:0014119,HGNC:25151
MONDO:0014119,HGNC:25151
MONDO:0014275,HGNC:3247
MONDO:0014400,HGNC:17349
MONDO:0014725,HGNC:10942
MONDO:0014725,HGNC:10942
MONDO:0014744,HGNC:14372
MONDO:0014744,HGNC:14372
MONDO:0014762,HGNC:14357
MONDO:0014797,HGNC:28993
MONDO:0014797,HGNC:28993
MONDO:0015521,HGNC:3257
MONDO:0015521,HGNC:3260
MONDO:0015521,HGNC:3258
MONDO:0015521,HGNC:3261
MONDO:0015521,HGNC:3259
MONDO:0016243,HGNC:4827
MONDO:0017244,HGNC:6342
MONDO:0017733,HGNC:6826
MONDO:0018767,HGNC:3771
MONDO:0018767,HGNC:3771
MONDO:0019031,HGNC:4170
MONDO:0019537,HGNC:4827
MONDO:0019733,HGNC:3661
MONDO:0020316,HGNC:6342
MONDO:0020316,HGNC:1539
MONDO:0020316,HGNC:3765
MONDO:0020316,HGNC:7569
MONDO:0024520,HGNC:31042
MONDO:0030861,HGNC:6305
MONDO:0030929,HGNC:6638
MONDO:0032654,HGNC:15992
MONDO:0032654,HGNC:15992
MONDO:0032752,HGNC:30563
MONDO:0032939,HGNC:12303
MONDO:0033668,HGNC:21088
MONDO:0040502,HGNC:18155
MONDO:0859248,HGNC:9354
MONDO:0957270,HGNC:5006
MONDO:0957270,HGNC:5006
MONDO:0957545,HGNC:20039
MONDO:0006339,HGNC:2514
MONDO:0007215,HGNC:1077
MONDO:0007215,HGNC:4220
MONDO:0007215,HGNC:5956
MONDO:0007215,HGNC:5956
MONDO:0007514,HGNC:3603
MONDO:0008668,HGNC:12726
MONDO:0008668,HGNC:12726
MONDO:0008716,HGNC:2201
MONDO:0009459,HGNC:10582
MONDO:0009459,HGNC:10583
MONDO:0009459,HGNC:10597
MONDO:0009459,HGNC:10597
MONDO:0009904,HGNC:10912
MONDO:0009904,HGNC:10912
MONDO:0009904,HGNC:2027
MONDO:0010142,HGNC:12373
MONDO:0010142,HGNC:12373
MONDO:0010543,HGNC:11577
MONDO:0010543,HGNC:11577
MONDO:0010723,HGNC:10274
MONDO:0010898,HGNC:18423
MONDO:0010898,HGNC:6572
MONDO:0010898,HGNC:9957
MONDO:0011104,HGNC:2398
MONDO:0011227,HGNC:4612
MONDO:0011227,HGNC:4612
MONDO:0011233,HGNC:3800
MONDO:0011582,HGNC:16287
MONDO:0011582,HGNC:16287
MONDO:0012165,HGNC:23399
MONDO:0012165,HGNC:23399
MONDO:0012251,HGNC:559
MONDO:0012251,HGNC:554
MONDO:0012251,HGNC:559
MONDO:0012333,HGNC:2187
MONDO:0012667,HGNC:12665
MONDO:0012897,HGNC:3529
MONDO:0012897,HGNC:3529
MONDO:0012912,HGNC:4392
MONDO:0012912,HGNC:4392
MONDO:0012984,HGNC:15868
MONDO:0012984,HGNC:15868
MONDO:0013041,HGNC:5394
MONDO:0013281,HGNC:18620
MONDO:0013281,HGNC:18620
MONDO:0013487,HGNC:2771
MONDO:0013487,HGNC:2771
MONDO:0013542,HGNC:130
MONDO:0013689,HGNC:17928
MONDO:0013751,HGNC:3602
MONDO:0013772,HGNC:95
MONDO:0013772,HGNC:95
MONDO:0013802,HGNC:118
MONDO:0013802,HGNC:118
MONDO:0013807,HGNC:31371
MONDO:0013889,HGNC:15625
MONDO:0013889,HGNC:15625
MONDO:0014018,HGNC:29106
MONDO:0014018,HGNC:29106
MONDO:0014194,HGNC:2579
MONDO:0014240,HGNC:21056
MONDO:0014348,HGNC:25712
MONDO:0014381,HGNC:11828
MONDO:0014381,HGNC:11828
MONDO:0014421,HGNC:7978
MONDO:0014421,HGNC:7978
MONDO:0014694,HGNC:21390
MONDO:0014899,HGNC:2858
MONDO:0014899,HGNC:2858
MONDO:0014965,HGNC:29514
MONDO:0015006,HGNC:25947
MONDO:0015006,HGNC:25947
MONDO:0016782,HGNC:14575
MONDO:0016782,HGNC:2907
MONDO:0016782,HGNC:14665
MONDO:0017117,HGNC:19967
MONDO:0018004,HGNC:29450
MONDO:0018004,HGNC:1537
MONDO:0023693,HGNC:2698
MONDO:0030957,HGNC:6234
MONDO:0032596,HGNC:10979
MONDO:0032619,HGNC:20371
MONDO:0032622,HGNC:28625
MONDO:0033560,HGNC:7696
MONDO:0033636,HGNC:10603
MONDO:0035401,HGNC:15511
MONDO:0035401,HGNC:7436
MONDO:0060724,HGNC:8964
MONDO:0100104,HGNC:8067
MONDO:0100251,HGNC:3680
MONDO:0100251,HGNC:6344
MONDO:0100251,HGNC:4125
MONDO:0957252,HGNC:18661
MONDO:0958085,HGNC:4887
MONDO:0958085,HGNC:11762
MONDO:0958085,HGNC:4886
MONDO:0958085,HGNC:15598
MONDO:0958277,HGNC:11439
MONDO:0007086,HGNC:2206
MONDO:0007086,HGNC:2204
MONDO:0007086,HGNC:2204
MONDO:0007564,HGNC:2514
MONDO:0007564,HGNC:2514
MONDO:0007750,HGNC:6547
MONDO:0007750,HGNC:4263
MONDO:0007750,HGNC:16973
MONDO:0007750,HGNC:3402
MONDO:0007750,HGNC:601
MONDO:0007858,HGNC:25662
MONDO:0008002,HGNC:2701
MONDO:0008002,HGNC:9817
MONDO:0008002,HGNC:8029
MONDO:0008504,HGNC:3327
MONDO:0008504,HGNC:3327
MONDO:0008557,HGNC:3749
MONDO:0008758,HGNC:9179
MONDO:0008758,HGNC:9179
MONDO:0008849,HGNC:6692
MONDO:0009159,HGNC:2198
MONDO:0009159,HGNC:2198
MONDO:0009255,HGNC:4118
MONDO:0009255,HGNC:4118
MONDO:0009615,HGNC:16732
MONDO:0009615,HGNC:16732
MONDO:0009727,HGNC:10994
MONDO:0009727,HGNC:10994
MONDO:0009885,HGNC:25240
MONDO:0009885,HGNC:25240
MONDO:0011107,HGNC:1762
MONDO:0011107,HGNC:1762
MONDO:0011150,HGNC:8804
MONDO:0011150,HGNC:8804
MONDO:0011158,HGNC:11920
MONDO:0011158,HGNC:11936
MONDO:0011165,HGNC:3778
MONDO:0011351,HGNC:11720
MONDO:0012091,HGNC:1718
MONDO:0012203,HGNC:12373
MONDO:0012203,HGNC:12373
MONDO:0012543,HGNC:2973
MONDO:0012562,HGNC:9585
MONDO:0012979,HGNC:21057
MONDO:0013100,HGNC:777
MONDO:0013114,HGNC:31648
MONDO:0013122,HGNC:6715
MONDO:0013316,HGNC:15946
MONDO:0013316,HGNC:15946
MONDO:0013334,HGNC:1974
MONDO:0013334,HGNC:1974
MONDO:0013412,HGNC:12403
MONDO:0013651,HGNC:2372
MONDO:0013721,HGNC:1323
MONDO:0013820,HGNC:11103
MONDO:0013871,HGNC:25815
MONDO:0014124,HGNC:28526
MONDO:0014489,HGNC:26267
MONDO:0014489,HGNC:26267
MONDO:0014823,HGNC:28261
MONDO:0014823,HGNC:28261
MONDO:0014907,HGNC:24595
MONDO:0018316,HGNC:9360
MONDO:0018682,HGNC:2093
MONDO:0018752,HGNC:10483
MONDO:0019475,HGNC:18437
MONDO:0019475,HGNC:18437
MONDO:0020332,HGNC:10783
MONDO:0020332,HGNC:6342
MONDO:0020332,HGNC:25941
MONDO:0020332,HGNC:18318
MONDO:0030931,HGNC:24929
MONDO:0032591,HGNC:14006
MONDO:0032808,HGNC:14135
MONDO:0054748,HGNC:1100
MONDO:0859235,HGNC:28472
MONDO:0859237,HGNC:30664
MONDO:0859334,HGNC:7952
MONDO:0957203,HGNC:13449
MONDO:0007042,HGNC:12428
MONDO:0007042,HGNC:3689
MONDO:0007042,HGNC:3690
MONDO:0007042,HGNC:3689
MONDO:0007042,HGNC:12428
MONDO:0008047,HGNC:6218
MONDO:0008047,HGNC:6218
MONDO:0008151,HGNC:27337
MONDO:0008151,HGNC:27337
MONDO:0008695,HGNC:1908
MONDO:0008695,HGNC:1908
MONDO:0008892,HGNC:7603
MONDO:0008892,HGNC:3706
MONDO:0008892,HGNC:3706
MONDO:0009021,HGNC:2745
MONDO:0009291,HGNC:321
MONDO:0009291,HGNC:321
MONDO:0009665,HGNC:1122
MONDO:0009665,HGNC:1122
MONDO:0009675,HGNC:1480
MONDO:0009675,HGNC:1480
MONDO:0009868,HGNC:8927
MONDO:0009868,HGNC:8927
MONDO:0009964,HGNC:29077
MONDO:0009964,HGNC:29077
MONDO:0009964,HGNC:30391
MONDO:0010225,HGNC:2023
MONDO:0010225,HGNC:2023
MONDO:0010232,HGNC:3754
MONDO:0010354,HGNC:10923
MONDO:0010354,HGNC:10923
MONDO:0010451,HGNC:4226
MONDO:0010614,HGNC:11199
MONDO:0010758,HGNC:24931
MONDO:0010758,HGNC:24931
MONDO:0011472,HGNC:9023
MONDO:0011472,HGNC:9023
MONDO:0012545,HGNC:30802
MONDO:0012545,HGNC:30802
MONDO:0012556,HGNC:23406
MONDO:0012556,HGNC:23406
MONDO:0012856,HGNC:6283
MONDO:0012856,HGNC:6283
MONDO:0013060,HGNC:9039
MONDO:0013060,HGNC:9039
MONDO:0013118,HGNC:9816
MONDO:0013118,HGNC:7230
MONDO:0013118,HGNC:9816
MONDO:0013454,HGNC:6052
MONDO:0013502,HGNC:18969
MONDO:0013693,HGNC:195
MONDO:0013739,HGNC:15925
MONDO:0013762,HGNC:16429
MONDO:0013762,HGNC:16429
MONDO:0014196,HGNC:3688
MONDO:0014196,HGNC:3688
MONDO:0014537,HGNC:18141
MONDO:0014666,HGNC:20194
MONDO:0014990,HGNC:11791
MONDO:0015702,HGNC:9666
MONDO:0016356,HGNC:4948
MONDO:0016356,HGNC:1527
MONDO:0016356,HGNC:6120
MONDO:0016356,HGNC:2500
MONDO:0016356,HGNC:1607
MONDO:0016487,HGNC:4827
MONDO:0016630,HGNC:3749
MONDO:0017110,HGNC:12872
MONDO:0017110,HGNC:20393
MONDO:0017183,HGNC:12518
MONDO:0018142,HGNC:8636
MONDO:0018710,HGNC:4867
MONDO:0019115,HGNC:6932
MONDO:0019164,HGNC:21056
MONDO:0020716,HGNC:11040
MONDO:0020857,HGNC:14508
MONDO:0024543,HGNC:23216
MONDO:0030045,HGNC:8999
MONDO:0030045,HGNC:8999
MONDO:0030695,HGNC:29046
MONDO:0030855,HGNC:2198
MONDO:0032844,HGNC:21876
MONDO:0033281,HGNC:26551
MONDO:0033545,HGNC:10980
MONDO:0033639,HGNC:28216
MONDO:0957871,HGNC:3259
MONDO:0007171,HGNC:4279
MONDO:0007537,HGNC:7883
MONDO:0007537,HGNC:7883
MONDO:0007561,HGNC:2227
MONDO:0007561,HGNC:2227
MONDO:0007738,HGNC:24290
MONDO:0007738,HGNC:1971
MONDO:0007738,HGNC:25676
MONDO:0007738,HGNC:17978
MONDO:0007738,HGNC:6391
MONDO:0007738,HGNC:19721
MONDO:0007738,HGNC:10896
MONDO:0007738,HGNC:930
MONDO:0007738,HGNC:26270
MONDO:0007738,HGNC:923
MONDO:0007738,HGNC:15808
MONDO:0007738,HGNC:3755
MONDO:0007738,HGNC:9083
MONDO:0007738,HGNC:15517
MONDO:0007738,HGNC:15516
MONDO:0007738,HGNC:8546
MONDO:0007738,HGNC:1971
MONDO:0008734,HGNC:11998
MONDO:0008869,HGNC:882
MONDO:0008919,HGNC:10969
MONDO:0008919,HGNC:10969
MONDO:0009370,HGNC:20499
MONDO:0009370,HGNC:20499
MONDO:0009643,HGNC:7190
MONDO:0009643,HGNC:7190
MONDO:0009785,HGNC:6080
MONDO:0009785,HGNC:6080
MONDO:0009857,HGNC:465
MONDO:0009857,HGNC:464
MONDO:0009857,HGNC:464
MONDO:0009857,HGNC:465
MONDO:0010252,HGNC:11199
MONDO:0010515,HGNC:1044
MONDO:0011239,HGNC:2359
MONDO:0011308,HGNC:1020
MONDO:0011308,HGNC:1020
MONDO:0011490,HGNC:7516
MONDO:0011490,HGNC:21666
MONDO:0011531,HGNC:6742
MONDO:0011683,HGNC:16472
MONDO:0011683,HGNC:16472
MONDO:0011997,HGNC:566
MONDO:0011997,HGNC:566
MONDO:0012164,HGNC:12796
MONDO:0012164,HGNC:12796
MONDO:0012394,HGNC:4220
MONDO:0012764,HGNC:26661
MONDO:0012764,HGNC:26661
MONDO:0012885,HGNC:25812
MONDO:0012885,HGNC:25812
MONDO:0013516,HGNC:15860
MONDO:0013529,HGNC:27365
MONDO:0013906,HGNC:26300
MONDO:0014071,HGNC:28596
MONDO:0014073,HGNC:2389
MONDO:0014199,HGNC:4389
MONDO:0014268,HGNC:11918
MONDO:0014268,HGNC:11918
MONDO:0014349,HGNC:16999
MONDO:0014349,HGNC:16999
MONDO:0014937,HGNC:1171
MONDO:0016359,HGNC:4948
MONDO:0017187,HGNC:59
MONDO:0018278,HGNC:9202
MONDO:0018278,HGNC:6511
MONDO:0018278,HGNC:19743
MONDO:0018278,HGNC:17997
MONDO:0018278,HGNC:22932
MONDO:0018320,HGNC:14951
MONDO:0018320,HGNC:28403
MONDO:0018371,HGNC:7720
MONDO:0030517,HGNC:20
MONDO:0030910,HGNC:14214
MONDO:0030998,HGNC:31042
MONDO:0031055,HGNC:15751
MONDO:0032831,HGNC:1172
MONDO:0033630,HGNC:29010
MONDO:0044309,HGNC:10328
MONDO:0054850,HGNC:29914
MONDO:0054852,HGNC:33276
MONDO:0060549,HGNC:8632
MONDO:0060549,HGNC:8632
MONDO:0100156,HGNC:2548
MONDO:0850066,HGNC:1349
MONDO:0858998,HGNC:6473
MONDO:0859141,HGNC:24968
MONDO:0859172,HGNC:10009
MONDO:0859323,HGNC:25187
MONDO:0957477,HGNC:7623
MONDO:0958239,HGNC:4043
MONDO:0007296,HGNC:24160
MONDO:0007296,HGNC:24160
MONDO:0007726,HGNC:25640
MONDO:0007726,HGNC:25640
MONDO:0007918,HGNC:6388
MONDO:0007918,HGNC:6388
MONDO:0008055,HGNC:2019
MONDO:0008275,HGNC:11908
MONDO:0008275,HGNC:11908
MONDO:0008603,HGNC:3688
MONDO:0008700,HGNC:13243
MONDO:0008700,HGNC:13243
MONDO:0008769,HGNC:2073
MONDO:0008847,HGNC:5172
MONDO:0008847,HGNC:5172
MONDO:0009101,HGNC:12762
MONDO:0009138,HGNC:11908
MONDO:0009138,HGNC:23096
MONDO:0009138,HGNC:11647
MONDO:0009564,HGNC:26270
MONDO:0009564,HGNC:26270
MONDO:0009603,HGNC:4908
MONDO:0009603,HGNC:4908
MONDO:0009658,HGNC:4422
MONDO:0009658,HGNC:4422
MONDO:0009745,HGNC:2076
MONDO:0009745,HGNC:2076
MONDO:0009901,HGNC:496
MONDO:0009901,HGNC:496
MONDO:0010156,HGNC:18514
MONDO:0010156,HGNC:18514
MONDO:0010305,HGNC:11055
MONDO:0010305,HGNC:11055
MONDO:0010333,HGNC:5461
MONDO:0010333,HGNC:5461
MONDO:0010437,HGNC:8768
MONDO:0010437,HGNC:8768
MONDO:0010663,HGNC:886
MONDO:0011162,HGNC:4277
MONDO:0011177,HGNC:6462
MONDO:0011226,HGNC:9220
MONDO:0011663,HGNC:1356
MONDO:0011663,HGNC:443
MONDO:0011663,HGNC:443
MONDO:0011671,HGNC:14203
MONDO:0011671,HGNC:14203
MONDO:0012077,HGNC:12649
MONDO:0012544,HGNC:5136
MONDO:0012544,HGNC:5136
MONDO:0012869,HGNC:13030
MONDO:0012975,HGNC:4288
MONDO:0013061,HGNC:939
MONDO:0013061,HGNC:939
MONDO:0013062,HGNC:11167
MONDO:0013176,HGNC:23752
MONDO:0013176,HGNC:17109
MONDO:0013176,HGNC:17109
MONDO:0013220,HGNC:15598
MONDO:0013395,HGNC:10012
MONDO:0013418,HGNC:7590
MONDO:0013883,HGNC:2995
MONDO:0014191,HGNC:12261
MONDO:0014237,HGNC:26703
MONDO:0014311,HGNC:28991
MONDO:0014311,HGNC:28991
MONDO:0014352,HGNC:3092
MONDO:0014399,HGNC:8729
MONDO:0014399,HGNC:8729
MONDO:0014457,HGNC:23213
MONDO:0014523,HGNC:9439
MONDO:0014523,HGNC:9439
MONDO:0014673,HGNC:6708
MONDO:0014745,HGNC:2190
MONDO:0016563,HGNC:6893
MONDO:0016600,HGNC:758
MONDO:0016658,HGNC:4173
MONDO:0017546,HGNC:5133
MONDO:0017732,HGNC:6826
MONDO:0018346,HGNC:8957
MONDO:0018346,HGNC:8957
MONDO:0018445,HGNC:17098
MONDO:0018445,HGNC:17098
MONDO:0018492,HGNC:16389
MONDO:0018492,HGNC:27310
MONDO:0018492,HGNC:8125
MONDO:0018492,HGNC:16628
MONDO:0018492,HGNC:17023
MONDO:0018492,HGNC:17805
MONDO:0018492,HGNC:3701
MONDO:0019660,HGNC:3689
MONDO:0019949,HGNC:129
MONDO:0023670,HGNC:30391
MONDO:0030337,HGNC:6714
MONDO:0032635,HGNC:7703
MONDO:0032726,HGNC:29682
MONDO:0032726,HGNC:29682
MONDO:0033363,HGNC:5048
MONDO:0036482,HGNC:29669
MONDO:0100531,HGNC:3331
MONDO:0850070,HGNC:16393
MONDO:0859518,HGNC:16872
MONDO:0008521,HGNC:7866
MONDO:0008521,HGNC:7866
MONDO:0008746,HGNC:8101
MONDO:0008746,HGNC:6929
MONDO:0008746,HGNC:8101
MONDO:0008746,HGNC:6929
MONDO:0009076,HGNC:4288
MONDO:0009076,HGNC:4285
MONDO:0009076,HGNC:4284
MONDO:0009669,HGNC:7634
MONDO:0009669,HGNC:11117
MONDO:0009669,HGNC:11118
MONDO:0009669,HGNC:11117
MONDO:0009677,HGNC:10809
MONDO:0009677,HGNC:10809
MONDO:0009725,HGNC:7720
MONDO:0009865,HGNC:8889
MONDO:0009865,HGNC:8889
MONDO:0009946,HGNC:17820
MONDO:0009946,HGNC:17820
MONDO:0009998,HGNC:18683
MONDO:0009998,HGNC:18683
MONDO:0010027,HGNC:10933
MONDO:0010027,HGNC:10933
MONDO:0010046,HGNC:29043
MONDO:0010046,HGNC:29043
MONDO:0010281,HGNC:6501
MONDO:0010281,HGNC:6501
MONDO:0010570,HGNC:3226
MONDO:0010570,HGNC:3226
MONDO:0010645,HGNC:8108
MONDO:0010645,HGNC:8108
MONDO:0010720,HGNC:644
MONDO:0010720,HGNC:644
MONDO:0010916,HGNC:4138
MONDO:0010964,HGNC:2219
MONDO:0010977,HGNC:811
MONDO:0010977,HGNC:811
MONDO:0011185,HGNC:11771
MONDO:0011185,HGNC:11771
MONDO:0011334,HGNC:15979
MONDO:0011334,HGNC:15979
MONDO:0011506,HGNC:29203
MONDO:0011506,HGNC:2309
MONDO:0011506,HGNC:29203
MONDO:0011819,HGNC:6239
MONDO:0011819,HGNC:6239
MONDO:0012322,HGNC:12873
MONDO:0012393,HGNC:4341
MONDO:0012393,HGNC:4341
MONDO:0012679,HGNC:29017
MONDO:0012679,HGNC:2025
MONDO:0012679,HGNC:11647
MONDO:0012679,HGNC:29017
MONDO:0012793,HGNC:13446
MONDO:0012999,HGNC:4136
MONDO:0012999,HGNC:4136
MONDO:0013302,HGNC:28396
MONDO:0013438,HGNC:30605
MONDO:0013475,HGNC:9080
MONDO:0013677,HGNC:28472
MONDO:0013690,HGNC:8008
MONDO:0013773,HGNC:2203
MONDO:0013784,HGNC:21701
MONDO:0013784,HGNC:21701
MONDO:0014022,HGNC:13530
MONDO:0014497,HGNC:2938
MONDO:0014497,HGNC:2938
MONDO:0014565,HGNC:14304
MONDO:0014676,HGNC:6636
MONDO:0014748,HGNC:29420
MONDO:0014748,HGNC:29420
MONDO:0014782,HGNC:1152
MONDO:0014782,HGNC:1152
MONDO:0014788,HGNC:16084
MONDO:0015001,HGNC:7585
MONDO:0015053,HGNC:1228
MONDO:0016310,HGNC:7897
MONDO:0016310,HGNC:14537
MONDO:0016316,HGNC:5389
MONDO:0017096,HGNC:11022
MONDO:0017185,HGNC:6257
MONDO:0019148,HGNC:6617
MONDO:0019148,HGNC:6617
MONDO:0024557,HGNC:7230
MONDO:0024557,HGNC:7230
MONDO:0029142,HGNC:3496
MONDO:0030057,HGNC:13607
MONDO:0031084,HGNC:14530
MONDO:0032637,HGNC:25430
MONDO:0032712,HGNC:14049
MONDO:0033479,HGNC:4593
MONDO:0033479,HGNC:4593
MONDO:0033850,HGNC:10604
MONDO:0054862,HGNC:23168
MONDO:0100219,HGNC:11367
MONDO:0800029,HGNC:11730
MONDO:0800029,HGNC:11727
MONDO:0800029,HGNC:10799
MONDO:0800029,HGNC:10802
MONDO:0800029,HGNC:7516
MONDO:0800029,HGNC:11730
MONDO:0800029,HGNC:8609
MONDO:0800029,HGNC:11727
MONDO:0800029,HGNC:15888
MONDO:0800029,HGNC:18648
MONDO:0800029,HGNC:13552
MONDO:0800029,HGNC:19367
MONDO:0800029,HGNC:7516
MONDO:0800029,HGNC:3052
MONDO:0800029,HGNC:33
MONDO:0800029,HGNC:10798
MONDO:0800029,HGNC:26200
MONDO:0800029,HGNC:10799
MONDO:0800029,HGNC:10802
MONDO:0958354,HGNC:4510
MONDO:0958354,HGNC:7114
MONDO:0958354,HGNC:2907
MONDO:0007307,HGNC:7225
MONDO:0007307,HGNC:7225
MONDO:0007352,HGNC:8616
MONDO:0007352,HGNC:8616
MONDO:0007686,HGNC:31928
MONDO:0007686,HGNC:31928
MONDO:0008178,HGNC:12666
MONDO:0008408,HGNC:18083
MONDO:0008408,HGNC:18083
MONDO:0008673,HGNC:19747
MONDO:0008673,HGNC:2514
MONDO:0008673,HGNC:3497
MONDO:0008673,HGNC:3497
MONDO:0008673,HGNC:19747
MONDO:0009340,HGNC:4922
MONDO:0009340,HGNC:4922
MONDO:0009733,HGNC:12796
MONDO:0009845,HGNC:11594
MONDO:0009845,HGNC:11594
MONDO:0009897,HGNC:4180
MONDO:0009897,HGNC:4180
MONDO:0010509,HGNC:29007
MONDO:0010635,HGNC:6211
MONDO:0011303,HGNC:166
MONDO:0011493,HGNC:2186
MONDO:0011493,HGNC:2186
MONDO:0011639,HGNC:10418
MONDO:0011672,HGNC:16393
MONDO:0011932,HGNC:21307
MONDO:0011968,HGNC:10805
MONDO:0011968,HGNC:10805
MONDO:0012208,HGNC:6412
MONDO:0012208,HGNC:6413
MONDO:0012208,HGNC:6413
MONDO:0012316,HGNC:14450
MONDO:0012316,HGNC:14450
MONDO:0012445,HGNC:29502
MONDO:0012574,HGNC:27310
MONDO:0012574,HGNC:9834
MONDO:0012574,HGNC:9834
MONDO:0012604,HGNC:18662
MONDO:0013323,HGNC:29250
MONDO:0013328,HGNC:26498
MONDO:0013379,HGNC:1097
MONDO:0013678,HGNC:31555
MONDO:0013678,HGNC:31555
MONDO:0013761,HGNC:17358
MONDO:0013761,HGNC:17358
MONDO:0014010,HGNC:23752
MONDO:0014294,HGNC:17044
MONDO:0014294,HGNC:12417
MONDO:0014294,HGNC:17043
MONDO:0014305,HGNC:469
MONDO:0014305,HGNC:469
MONDO:0014433,HGNC:969
MONDO:0014661,HGNC:9069
MONDO:0014755,HGNC:6891
MONDO:0014836,HGNC:7737
MONDO:0014887,HGNC:27030
MONDO:0014916,HGNC:10940
MONDO:0016002,HGNC:9081
MONDO:0016002,HGNC:9081
MONDO:0017724,HGNC:4878
MONDO:0018724,HGNC:10298
MONDO:0019311,HGNC:5173
MONDO:0020781,HGNC:18453
MONDO:0020781,HGNC:18453
MONDO:0030905,HGNC:33939
MONDO:0030920,HGNC:1461
MONDO:0032679,HGNC:33702
MONDO:0032687,HGNC:26033
MONDO:0032768,HGNC:160
MONDO:0035441,HGNC:4036
MONDO:0054669,HGNC:25622
MONDO:0054813,HGNC:303
MONDO:0054813,HGNC:303
MONDO:0700248,HGNC:6413
MONDO:0850071,HGNC:7782
MONDO:0859378,HGNC:25380
MONDO:0859381,HGNC:12949
MONDO:0859530,HGNC:6915
MONDO:0859564,HGNC:4077
MONDO:0007055,HGNC:6716
MONDO:0007055,HGNC:3603
MONDO:0007055,HGNC:3603
MONDO:0007097,HGNC:4620
MONDO:0007097,HGNC:4620
MONDO:0007451,HGNC:634
MONDO:0007829,HGNC:3706
MONDO:0007844,HGNC:3688
MONDO:0008165,HGNC:11027
MONDO:0008165,HGNC:11027
MONDO:0008244,HGNC:6342
MONDO:0008244,HGNC:11094
MONDO:0008244,HGNC:6342
MONDO:0008760,HGNC:93
MONDO:0008760,HGNC:93
MONDO:0008927,HGNC:10892
MONDO:0008927,HGNC:10892
MONDO:0009511,HGNC:923
MONDO:0009511,HGNC:1971
MONDO:0009511,HGNC:923
MONDO:0010561,HGNC:10432
MONDO:0010561,HGNC:10432
MONDO:0011244,HGNC:7788
MONDO:0011244,HGNC:7788
MONDO:0011969,HGNC:23161
MONDO:0011969,HGNC:23161
MONDO:0012430,HGNC:26600
MONDO:0012851,HGNC:11075
MONDO:0012918,HGNC:20188
MONDO:0013064,HGNC:3687
MONDO:0013069,HGNC:25382
MONDO:0013069,HGNC:25382
MONDO:0013165,HGNC:8022
MONDO:0013165,HGNC:8022
MONDO:0013307,HGNC:24249
MONDO:0013531,HGNC:9577
MONDO:0013531,HGNC:9577
MONDO:0013674,HGNC:25443
MONDO:0013986,HGNC:21062
MONDO:0013986,HGNC:21062
MONDO:0014007,HGNC:225
MONDO:0014323,HGNC:29326
MONDO:0014383,HGNC:25896
MONDO:0014413,HGNC:24564
MONDO:0014413,HGNC:24564
MONDO:0014455,HGNC:29685
MONDO:0014455,HGNC:29685
MONDO:0014526,HGNC:4699
MONDO:0014526,HGNC:4699
MONDO:0014531,HGNC:12407
MONDO:0014614,HGNC:4393
MONDO:0014618,HGNC:30391
MONDO:0014645,HGNC:16393
MONDO:0014645,HGNC:16393
MONDO:0014687,HGNC:26527
MONDO:0014723,HGNC:9834
MONDO:0014924,HGNC:24969
MONDO:0016757,HGNC:9476
MONDO:0016757,HGNC:23664
MONDO:0017188,HGNC:6257
MONDO:0017790,HGNC:583
MONDO:0017790,HGNC:583
MONDO:0018125,HGNC:29203
MONDO:0019068,HGNC:7154
MONDO:0020793,HGNC:31708
MONDO:0030037,HGNC:8965
MONDO:0035651,HGNC:7133
MONDO:0035651,HGNC:7133
MONDO:0859571,HGNC:15472
MONDO:0007376,HGNC:23785
MONDO:0007376,HGNC:23785
MONDO:0007698,HGNC:5102
MONDO:0007698,HGNC:5102
MONDO:0007979,HGNC:9644
MONDO:0007979,HGNC:9644
MONDO:0008290,HGNC:9141
MONDO:0008610,HGNC:1012
MONDO:0008610,HGNC:1012
MONDO:0008637,HGNC:25839
MONDO:0008637,HGNC:12463
MONDO:0008679,HGNC:12796
MONDO:0008679,HGNC:1101
MONDO:0008679,HGNC:4713
MONDO:0008679,HGNC:5466
MONDO:0008679,HGNC:4452
MONDO:0008679,HGNC:4451
MONDO:0008967,HGNC:451
MONDO:0008967,HGNC:451
MONDO:0009394,HGNC:11909
MONDO:0009394,HGNC:11908
MONDO:0009394,HGNC:11909
MONDO:0009855,HGNC:5213
MONDO:0009855,HGNC:3247
MONDO:0009855,HGNC:5213
MONDO:0010192,HGNC:3180
MONDO:0010294,HGNC:12731
MONDO:0010294,HGNC:12731
MONDO:0010393,HGNC:17342
MONDO:0010448,HGNC:24185
MONDO:0010799,HGNC:25481
MONDO:0010799,HGNC:25481
MONDO:0010799,HGNC:7497
MONDO:0011017,HGNC:6207
MONDO:0011017,HGNC:6207
MONDO:0011766,HGNC:2865
MONDO:0011766,HGNC:2865
MONDO:0012323,HGNC:6207
MONDO:0012323,HGNC:3052
MONDO:0012323,HGNC:3052
MONDO:0013005,HGNC:6256
MONDO:0013005,HGNC:6256
MONDO:0013046,HGNC:3354
MONDO:0013046,HGNC:3354
MONDO:0013115,HGNC:18750
MONDO:0013115,HGNC:18750
MONDO:0013349,HGNC:32456
MONDO:0013349,HGNC:32456
MONDO:0013859,HGNC:21869
MONDO:0014034,HGNC:30778
MONDO:0014034,HGNC:30778
MONDO:0014095,HGNC:6484
MONDO:0014139,HGNC:17978
MONDO:0014139,HGNC:17978
MONDO:0014173,HGNC:3182
MONDO:0014282,HGNC:17975
MONDO:0014282,HGNC:17975
MONDO:0014406,HGNC:23734
MONDO:0014550,HGNC:1445
MONDO:0014704,HGNC:8804
MONDO:0014704,HGNC:8804
MONDO:0014945,HGNC:11280
MONDO:0015701,HGNC:6024
MONDO:0017362,HGNC:7323
MONDO:0017685,HGNC:25221
MONDO:0018143,HGNC:8636
MONDO:0018370,HGNC:18732
MONDO:0018969,HGNC:17748
MONDO:0021569,HGNC:6636
MONDO:0030263,HGNC:14121
MONDO:0030298,HGNC:14178
MONDO:0030928,HGNC:6637
MONDO:0032904,HGNC:6440
MONDO:0034989,HGNC:17042
MONDO:0100093,HGNC:7869
MONDO:0859368,HGNC:11029
MONDO:0957580,HGNC:12013
MONDO:0957875,HGNC:11273
MONDO:0007306,HGNC:4221
MONDO:0007885,HGNC:2200
MONDO:0007885,HGNC:2200
MONDO:0008094,HGNC:4390
MONDO:0008094,HGNC:4390
MONDO:0008684,HGNC:6556
MONDO:0008684,HGNC:3693
MONDO:0008684,HGNC:2494
MONDO:0008684,HGNC:2309
MONDO:0008684,HGNC:12766
MONDO:0008684,HGNC:12766
MONDO:0008684,HGNC:6556
MONDO:0008684,HGNC:2494
MONDO:0008684,HGNC:12768
MONDO:0008684,HGNC:25985
MONDO:0008684,HGNC:2309
MONDO:0009329,HGNC:19687
MONDO:0009329,HGNC:19687
MONDO:0009406,HGNC:60
MONDO:0009406,HGNC:60
MONDO:0009406,HGNC:6269
MONDO:0009437,HGNC:3806
MONDO:0009437,HGNC:3806
MONDO:0010035,HGNC:2860
MONDO:0010035,HGNC:2860
MONDO:0010611,HGNC:6470
MONDO:0010611,HGNC:6470
MONDO:0010767,HGNC:15964
MONDO:0010767,HGNC:11115
MONDO:0010767,HGNC:18501
MONDO:0010767,HGNC:15965
MONDO:0010767,HGNC:13508
MONDO:0010767,HGNC:14024
MONDO:0010767,HGNC:21504
MONDO:0010767,HGNC:2682
MONDO:0010767,HGNC:1809
MONDO:0010767,HGNC:1810
MONDO:0010767,HGNC:18568
MONDO:0010767,HGNC:2699
MONDO:0010767,HGNC:9912
MONDO:0010767,HGNC:12633
MONDO:0010767,HGNC:12668
MONDO:0010767,HGNC:18571
MONDO:0010828,HGNC:15446
MONDO:0011301,HGNC:11431
MONDO:0011301,HGNC:4392
MONDO:0011301,HGNC:24872
MONDO:0011301,HGNC:11431
MONDO:0011301,HGNC:4392
MONDO:0011374,HGNC:18640
MONDO:0012215,HGNC:12399
MONDO:0012215,HGNC:12399
MONDO:0012215,HGNC:12399
MONDO:0012309,HGNC:450
MONDO:0012625,HGNC:7974
MONDO:0012839,HGNC:7562
MONDO:0013352,HGNC:3823
MONDO:0013352,HGNC:3823
MONDO:0013367,HGNC:6251
MONDO:0013367,HGNC:31088
MONDO:0013661,HGNC:27288
MONDO:0013661,HGNC:27288
MONDO:0014002,HGNC:18865
MONDO:0014065,HGNC:29594
MONDO:0014152,HGNC:14000
MONDO:0014355,HGNC:3052
MONDO:0014355,HGNC:3052
MONDO:0014514,HGNC:29673
MONDO:0014577,HGNC:26690
MONDO:0014588,HGNC:9863
MONDO:0014606,HGNC:18801
MONDO:0014606,HGNC:18801
MONDO:0014952,HGNC:14677
MONDO:0014952,HGNC:14677
MONDO:0016459,HGNC:20444
MONDO:0019177,HGNC:30074
MONDO:0019371,HGNC:4948
MONDO:0019371,HGNC:18194
MONDO:0019371,HGNC:4847
MONDO:0019371,HGNC:4944
MONDO:0020385,HGNC:18292
MONDO:0020434,HGNC:4174
MONDO:0020434,HGNC:4173
MONDO:0020434,HGNC:1987
MONDO:0020434,HGNC:143
MONDO:0020434,HGNC:2488
MONDO:0020434,HGNC:7576
MONDO:0020434,HGNC:11598
MONDO:0020434,HGNC:11843
MONDO:0020521,HGNC:2197
MONDO:0020739,HGNC:2602
MONDO:0029147,HGNC:28506
MONDO:0031008,HGNC:18143
MONDO:0032715,HGNC:16740
MONDO:0032859,HGNC:25325
MONDO:0032910,HGNC:33551
MONDO:0033370,HGNC:201
MONDO:0033559,HGNC:29187
MONDO:0035824,HGNC:15646
MONDO:0054791,HGNC:22407
MONDO:0060507,HGNC:1260
MONDO:0060507,HGNC:1260
MONDO:0600030,HGNC:8632
MONDO:0600030,HGNC:11633
MONDO:0957303,HGNC:6412
MONDO:0007083,HGNC:4274
MONDO:0007083,HGNC:4274
MONDO:0007118,HGNC:6181
MONDO:0007118,HGNC:6181
MONDO:0008397,HGNC:3666
MONDO:0008397,HGNC:3666
MONDO:0008501,HGNC:4390
MONDO:0008501,HGNC:4390
MONDO:0008818,HGNC:6768
MONDO:0008818,HGNC:76
MONDO:0008818,HGNC:7944
MONDO:0008818,HGNC:1044
MONDO:0008818,HGNC:11773
MONDO:0008818,HGNC:11769
MONDO:0008818,HGNC:13444
MONDO:0008818,HGNC:6664
MONDO:0008818,HGNC:19880
MONDO:0008818,HGNC:3604
MONDO:0008818,HGNC:757
MONDO:0008818,HGNC:6716
MONDO:0008818,HGNC:3219
MONDO:0008818,HGNC:3218
MONDO:0008818,HGNC:14107
MONDO:0008818,HGNC:6769
MONDO:0008818,HGNC:7945
MONDO:0008818,HGNC:9081
MONDO:0008818,HGNC:10896
MONDO:0008818,HGNC:2201
MONDO:0008818,HGNC:11772
MONDO:0008818,HGNC:18625
MONDO:0008818,HGNC:303
MONDO:0008818,HGNC:11768
MONDO:0008818,HGNC:25835
MONDO:0008818,HGNC:9853
MONDO:0008818,HGNC:29673
MONDO:0008818,HGNC:3603
MONDO:0008818,HGNC:1550
MONDO:0008818,HGNC:13444
MONDO:0009232,HGNC:12786
MONDO:0009232,HGNC:12786
MONDO:0009235,HGNC:9038
MONDO:0009235,HGNC:9038
MONDO:0009490,HGNC:2528
MONDO:0009490,HGNC:2528
MONDO:0009492,HGNC:8527
MONDO:0009492,HGNC:8527
MONDO:0009598,HGNC:10664
MONDO:0009598,HGNC:10664
MONDO:0009655,HGNC:10818
MONDO:0009655,HGNC:10818
MONDO:0009958,HGNC:8940
MONDO:0009958,HGNC:8860
MONDO:0009958,HGNC:8860
MONDO:0009958,HGNC:8940
MONDO:0010077,HGNC:2731
MONDO:0010077,HGNC:2731
MONDO:0010088,HGNC:20376
MONDO:0010088,HGNC:20376
MONDO:0010256,HGNC:5996
MONDO:0010423,HGNC:2568
MONDO:0010479,HGNC:8811
MONDO:0010479,HGNC:8811
MONDO:0010669,HGNC:3672
MONDO:0010669,HGNC:3672
MONDO:0010691,HGNC:7678
MONDO:0010691,HGNC:7678
MONDO:0012186,HGNC:25568
MONDO:0012463,HGNC:10729
MONDO:0012746,HGNC:11947
MONDO:0012756,HGNC:30417
MONDO:0013162,HGNC:19743
MONDO:0013162,HGNC:19743
MONDO:0013456,HGNC:2861
MONDO:0013456,HGNC:2861
MONDO:0013776,HGNC:315
MONDO:0013776,HGNC:315
MONDO:0014019,HGNC:14004
MONDO:0014019,HGNC:14004
MONDO:0014155,HGNC:10586
MONDO:0014166,HGNC:14938
MONDO:0014437,HGNC:30000
MONDO:0014445,HGNC:6741
MONDO:0014681,HGNC:3806
MONDO:0014758,HGNC:3498
MONDO:0014947,HGNC:4588
MONDO:0016605,HGNC:438
MONDO:0016669,HGNC:4827
MONDO:0017945,HGNC:620
MONDO:0018250,HGNC:3048
MONDO:0018419,HGNC:25712
MONDO:0018642,HGNC:6853
MONDO:0018832,HGNC:9476
MONDO:0020724,HGNC:21708
MONDO:0020724,HGNC:1573
MONDO:0020724,HGNC:8761
MONDO:0026763,HGNC:11355
MONDO:0030006,HGNC:21020
MONDO:0030006,HGNC:21020
MONDO:0030260,HGNC:25198
MONDO:0030922,HGNC:2092
MONDO:0030981,HGNC:1678
MONDO:0032564,HGNC:219
MONDO:0032702,HGNC:11105
MONDO:0032778,HGNC:17089
MONDO:0035161,HGNC:8943
MONDO:0044325,HGNC:25539
MONDO:0044696,HGNC:24284
MONDO:0044696,HGNC:24284
MONDO:0957473,HGNC:3444
MONDO:0957577,HGNC:9280
MONDO:0958187,HGNC:1242
MONDO:0007316,HGNC:2891
MONDO:0007355,HGNC:16262
MONDO:0007355,HGNC:16262
MONDO:0007794,HGNC:4421
MONDO:0007794,HGNC:5201
MONDO:0007794,HGNC:11521
MONDO:0007794,HGNC:6211
MONDO:0007794,HGNC:4419
MONDO:0007794,HGNC:10723
MONDO:0007794,HGNC:3686
MONDO:0007794,HGNC:4510
MONDO:0007794,HGNC:11528
MONDO:0007794,HGNC:3072
MONDO:0007794,HGNC:13831
MONDO:0007794,HGNC:22788
MONDO:0007794,HGNC:15533
MONDO:0007794,HGNC:11190
MONDO:0007794,HGNC:905
MONDO:0007794,HGNC:3688
MONDO:0007794,HGNC:29843
MONDO:0007794,HGNC:18455
MONDO:0007794,HGNC:11281
MONDO:0007794,HGNC:10727
MONDO:0007794,HGNC:26821
MONDO:0007794,HGNC:15836
MONDO:0007794,HGNC:3673
MONDO:0007794,HGNC:20626
MONDO:0007794,HGNC:6341
MONDO:0007949,HGNC:13869
MONDO:0007949,HGNC:19317
MONDO:0007949,HGNC:23503
MONDO:0007949,HGNC:1071
MONDO:0007949,HGNC:6694
MONDO:0007949,HGNC:2200
MONDO:0007949,HGNC:6259
MONDO:0007949,HGNC:2187
MONDO:0007949,HGNC:2186
MONDO:0007949,HGNC:2219
MONDO:0007949,HGNC:2218
MONDO:0007949,HGNC:2217
MONDO:0007949,HGNC:15808
MONDO:0007949,HGNC:2464
MONDO:0007949,HGNC:9083
MONDO:0007949,HGNC:15517
MONDO:0007949,HGNC:10994
MONDO:0007949,HGNC:2186
MONDO:0008670,HGNC:8617
MONDO:0008670,HGNC:8617
MONDO:0008943,HGNC:18667
MONDO:0008943,HGNC:18667
MONDO:0009318,HGNC:19057
MONDO:0009625,HGNC:8657
MONDO:0009823,HGNC:341
MONDO:0009823,HGNC:341
MONDO:0009880,HGNC:21734
MONDO:0009880,HGNC:21734
MONDO:0010844,HGNC:2218
MONDO:0010992,HGNC:6776
MONDO:0011313,HGNC:8980
MONDO:0011420,HGNC:4263
MONDO:0011420,HGNC:4263
MONDO:0011658,HGNC:16369
MONDO:0012206,HGNC:2200
MONDO:0012206,HGNC:2200
MONDO:0012442,HGNC:18141
MONDO:0012505,HGNC:8773
MONDO:0012614,HGNC:4580
MONDO:0012675,HGNC:1540
MONDO:0012675,HGNC:1540
MONDO:0012714,HGNC:12403
MONDO:0012714,HGNC:12403
MONDO:0013170,HGNC:6717
MONDO:0013170,HGNC:6717
MONDO:0013585,HGNC:30497
MONDO:0014078,HGNC:163
MONDO:0014256,HGNC:7745
MONDO:0014340,HGNC:8063
MONDO:0014376,HGNC:11191
MONDO:0014543,HGNC:23159
MONDO:0014609,HGNC:17869
MONDO:0014609,HGNC:17869
MONDO:0014791,HGNC:18420
MONDO:0014791,HGNC:18420
MONDO:0014958,HGNC:25567
MONDO:0014958,HGNC:25567
MONDO:0015018,HGNC:1502
MONDO:0015033,HGNC:620
MONDO:0015779,HGNC:11311
MONDO:0016309,HGNC:7897
MONDO:0016309,HGNC:14537
MONDO:0017948,HGNC:620
MONDO:0018274,HGNC:10872
MONDO:0018274,HGNC:10872
MONDO:0018323,HGNC:4800
MONDO:0018349,HGNC:6823
MONDO:0019428,HGNC:560
MONDO:0030346,HGNC:12003
MONDO:0030362,HGNC:34033
MONDO:0030453,HGNC:2550
MONDO:0031062,HGNC:20266
MONDO:0032570,HGNC:694
MONDO:0033544,HGNC:16421
MONDO:0044310,HGNC:10416
MONDO:0044628,HGNC:10888
MONDO:0859222,HGNC:53647
MONDO:0859360,HGNC:19380
MONDO:0958204,HGNC:18697
MONDO:0007123,HGNC:15979
MONDO:0007549,HGNC:2214
MONDO:0007549,HGNC:2214
MONDO:0007551,HGNC:6416
MONDO:0007551,HGNC:6442
MONDO:0007551,HGNC:6416
MONDO:0007986,HGNC:18083
MONDO:0007986,HGNC:18083
MONDO:0008021,HGNC:9588
MONDO:0008569,HGNC:11799
MONDO:0008999,HGNC:2183
MONDO:0008999,HGNC:2183
MONDO:0010214,HGNC:9181
MONDO:0010214,HGNC:9181
MONDO:0010689,HGNC:8768
MONDO:0010689,HGNC:8768
MONDO:0010877,HGNC:16877
MONDO:0010968,HGNC:2597
MONDO:0010968,HGNC:11724
MONDO:0010968,HGNC:6715
MONDO:0011032,HGNC:7606
MONDO:0011054,HGNC:11603
MONDO:0011461,HGNC:10585
MONDO:0011920,HGNC:7595
MONDO:0012531,HGNC:3435
MONDO:0012833,HGNC:3690
MONDO:0012833,HGNC:3690
MONDO:0012876,HGNC:4838
MONDO:0013087,HGNC:10599
MONDO:0013938,HGNC:22965
MONDO:0014509,HGNC:18362
MONDO:0014557,HGNC:9154
MONDO:0014557,HGNC:9154
MONDO:0014855,HGNC:4396
MONDO:0014855,HGNC:4396
MONDO:0014912,HGNC:25118
MONDO:0014912,HGNC:25118
MONDO:0015479,HGNC:25839
MONDO:0015479,HGNC:12463
MONDO:0016315,HGNC:5389
MONDO:0017600,HGNC:5650
MONDO:0018136,HGNC:12442
MONDO:0018430,HGNC:21839
MONDO:0019202,HGNC:23720
MONDO:0019202,HGNC:18856
MONDO:0019202,HGNC:4010
MONDO:0019742,HGNC:7907
MONDO:0019742,HGNC:29536
MONDO:0019742,HGNC:28052
MONDO:0019896,HGNC:24650
MONDO:0026726,HGNC:24715
MONDO:0026732,HGNC:6128
MONDO:0030856,HGNC:4092
MONDO:0030934,HGNC:18410
MONDO:0032611,HGNC:7708
MONDO:0032729,HGNC:24152
MONDO:0032773,HGNC:11001
MONDO:0032912,HGNC:11106
MONDO:0033853,HGNC:2649
MONDO:0034145,HGNC:8971
MONDO:0034145,HGNC:8971
MONDO:0035320,HGNC:2592
MONDO:0036045,HGNC:12405
MONDO:0054843,HGNC:28188
MONDO:0100468,HGNC:2019
MONDO:0859578,HGNC:3666
MONDO:0005029,HGNC:25941
MONDO:0005029,HGNC:6192
MONDO:0005029,HGNC:7217
MONDO:0005029,HGNC:11998
MONDO:0005029,HGNC:1455
MONDO:0005029,HGNC:29605
MONDO:0007252,HGNC:26270
MONDO:0007252,HGNC:26270
MONDO:0007412,HGNC:3689
MONDO:0007412,HGNC:3689
MONDO:0007442,HGNC:3054
MONDO:0007442,HGNC:3054
MONDO:0009794,HGNC:24519
MONDO:0009794,HGNC:24519
MONDO:0009994,HGNC:8617
MONDO:0009994,HGNC:3819
MONDO:0009994,HGNC:7765
MONDO:0009994,HGNC:8621
MONDO:0009994,HGNC:11998
MONDO:0009994,HGNC:8621
MONDO:0009994,HGNC:8617
MONDO:0009994,HGNC:3819
MONDO:0010211,HGNC:12816
MONDO:0010339,HGNC:11494
MONDO:0010339,HGNC:11494
MONDO:0010388,HGNC:30668
MONDO:0011002,HGNC:16877
MONDO:0011098,HGNC:10050
MONDO:0011475,HGNC:2135
MONDO:0011475,HGNC:2135
MONDO:0011539,HGNC:11948
MONDO:0011539,HGNC:11948
MONDO:0011828,HGNC:30185
MONDO:0011963,HGNC:25018
MONDO:0012103,HGNC:23166
MONDO:0012103,HGNC:23166
MONDO:0012718,HGNC:14508
MONDO:0012718,HGNC:14508
MONDO:0012741,HGNC:29144
MONDO:0012906,HGNC:18744
MONDO:0012983,HGNC:9454
MONDO:0013551,HGNC:572
MONDO:0013968,HGNC:8905
MONDO:0013968,HGNC:8905
MONDO:0013982,HGNC:14341
MONDO:0014150,HGNC:1917
MONDO:0014223,HGNC:3432
MONDO:0014288,HGNC:26193
MONDO:0014384,HGNC:10313
MONDO:0014431,HGNC:6621
MONDO:0014431,HGNC:6621
MONDO:0014637,HGNC:2988
MONDO:0014637,HGNC:2988
MONDO:0014688,HGNC:19960
MONDO:0014717,HGNC:13993
MONDO:0014717,HGNC:13993
MONDO:0014728,HGNC:25695
MONDO:0014728,HGNC:25695
MONDO:0015566,HGNC:11590
MONDO:0015566,HGNC:7981
MONDO:0015912,HGNC:7579
MONDO:0015912,HGNC:7579
MONDO:0018131,HGNC:5044
MONDO:0018314,HGNC:19297
MONDO:0019179,HGNC:9585
MONDO:0019434,HGNC:6018
MONDO:0019434,HGNC:4948
MONDO:0019434,HGNC:7097
MONDO:0019434,HGNC:26789
MONDO:0019448,HGNC:31750
MONDO:0019448,HGNC:2172
MONDO:0019448,HGNC:30550
MONDO:0019448,HGNC:2516
MONDO:0019448,HGNC:25489
MONDO:0019448,HGNC:282
MONDO:0020756,HGNC:1388
MONDO:0024528,HGNC:9179
MONDO:0032680,HGNC:2557
MONDO:0044634,HGNC:17097
MONDO:0044634,HGNC:17097
MONDO:0100352,HGNC:30500
MONDO:0800042,HGNC:12877
MONDO:0859156,HGNC:20218
MONDO:0859318,HGNC:10602
MONDO:0859355,HGNC:21173
MONDO:0958035,HGNC:28569
MONDO:0007744,HGNC:1869
MONDO:0007758,HGNC:6412
MONDO:0007758,HGNC:6447
MONDO:0007758,HGNC:6423
MONDO:0007758,HGNC:6447
MONDO:0008265,HGNC:9411
MONDO:0008411,HGNC:11602
MONDO:0008411,HGNC:11602
MONDO:0008800,HGNC:20318
MONDO:0008800,HGNC:20318
MONDO:0008974,HGNC:6518
MONDO:0008974,HGNC:6518
MONDO:0009301,HGNC:2865
MONDO:0009682,HGNC:14562
MONDO:0009698,HGNC:1665
MONDO:0009698,HGNC:2482
MONDO:0009698,HGNC:17019
MONDO:0009698,HGNC:2482
MONDO:0009715,HGNC:2019
MONDO:0009779,HGNC:4454
MONDO:0009779,HGNC:4454
MONDO:0009925,HGNC:57
MONDO:0009925,HGNC:15517
MONDO:0009925,HGNC:15516
MONDO:0009925,HGNC:57
MONDO:0009925,HGNC:3356
MONDO:0010162,HGNC:5147
MONDO:0010162,HGNC:5147
MONDO:0010349,HGNC:1068
MONDO:0010371,HGNC:1393
MONDO:0010371,HGNC:1393
MONDO:0011144,HGNC:2077
MONDO:0011422,HGNC:11030
MONDO:0011422,HGNC:11030
MONDO:0011702,HGNC:10807
MONDO:0011761,HGNC:13872
MONDO:0011784,HGNC:14539
MONDO:0012750,HGNC:4315
MONDO:0012750,HGNC:4315
MONDO:0013043,HGNC:1318
MONDO:0013134,HGNC:8024
MONDO:0013422,HGNC:1352
MONDO:0013819,HGNC:11110
MONDO:0013945,HGNC:8860
MONDO:0014064,HGNC:12582
MONDO:0014290,HGNC:29932
MONDO:0014290,HGNC:29932
MONDO:0014486,HGNC:16966
MONDO:0014503,HGNC:25613
MONDO:0014503,HGNC:25613
MONDO:0014654,HGNC:2188
MONDO:0014747,HGNC:31582
MONDO:0014747,HGNC:31582
MONDO:0014773,HGNC:22962
MONDO:0014773,HGNC:22962
MONDO:0014781,HGNC:17772
MONDO:0014781,HGNC:17772
MONDO:0014789,HGNC:28178
MONDO:0014789,HGNC:28178
MONDO:0014934,HGNC:23230
MONDO:0017238,HGNC:4832
MONDO:0017737,HGNC:10933
MONDO:0018209,HGNC:4235
MONDO:0019736,HGNC:4888
MONDO:0019736,HGNC:4883
MONDO:0019943,HGNC:6218
MONDO:0030069,HGNC:6019
MONDO:0030719,HGNC:815
MONDO:0032624,HGNC:26927
MONDO:0032705,HGNC:7437
MONDO:0032705,HGNC:7437
MONDO:0032765,HGNC:3393
MONDO:0957988,HGNC:23697
MONDO:8000006,HGNC:2561
MONDO:8000006,HGNC:2561
MONDO:0007669,HGNC:11630
MONDO:0007669,HGNC:11630
MONDO:0007866,HGNC:4284
MONDO:0007866,HGNC:4284
MONDO:0008174,HGNC:6427
MONDO:0008174,HGNC:6444
MONDO:0008596,HGNC:12340
MONDO:0008762,HGNC:2206
MONDO:0008762,HGNC:2204
MONDO:0008762,HGNC:2206
MONDO:0009135,HGNC:1713
MONDO:0009477,HGNC:1857
MONDO:0009477,HGNC:1857
MONDO:0009477,HGNC:1857
MONDO:0009843,HGNC:10648
MONDO:0009843,HGNC:10648
MONDO:0010581,HGNC:897
MONDO:0011132,HGNC:12765
MONDO:0011132,HGNC:12765
MONDO:0011708,HGNC:16513
MONDO:0011720,HGNC:14468
MONDO:0012075,HGNC:904
MONDO:0012143,HGNC:11005
MONDO:0012143,HGNC:11005
MONDO:0012417,HGNC:6636
MONDO:0012417,HGNC:6636
MONDO:0012437,HGNC:6776
MONDO:0012925,HGNC:10345
MONDO:0013048,HGNC:574
MONDO:0013058,HGNC:21686
MONDO:0013058,HGNC:7685
MONDO:0013058,HGNC:21686
MONDO:0013131,HGNC:9009
MONDO:0013717,HGNC:18340
MONDO:0013747,HGNC:4173
MONDO:0013750,HGNC:1987
MONDO:0013788,HGNC:4816
MONDO:0013853,HGNC:17944
MONDO:0013879,HGNC:11727
MONDO:0013947,HGNC:30910
MONDO:0013947,HGNC:5228
MONDO:0013947,HGNC:5228
MONDO:0014039,HGNC:16205
MONDO:0014039,HGNC:16205
MONDO:0014046,HGNC:37212
MONDO:0014057,HGNC:25415
MONDO:0014397,HGNC:21642
MONDO:0014397,HGNC:21642
MONDO:0014529,HGNC:11551
MONDO:0014529,HGNC:11551
MONDO:0014862,HGNC:245
MONDO:0014900,HGNC:29456
MONDO:0014900,HGNC:29456
MONDO:0014933,HGNC:23230
MONDO:0016573,HGNC:4801
MONDO:0016638,HGNC:3694
MONDO:0016638,HGNC:3662
MONDO:0016638,HGNC:3661
MONDO:0016863,HGNC:15924
MONDO:0017149,HGNC:1078
MONDO:0017699,HGNC:4180
MONDO:0018933,HGNC:4392
MONDO:0019854,HGNC:2488
MONDO:0019854,HGNC:8622
MONDO:0021021,HGNC:13771
MONDO:0030317,HGNC:26178
MONDO:0030318,HGNC:17663
MONDO:0032670,HGNC:10389
MONDO:0032791,HGNC:11200
MONDO:0032797,HGNC:7549
MONDO:0032800,HGNC:18008
MONDO:0035525,HGNC:1092
MONDO:0957279,HGNC:13552
MONDO:0957874,HGNC:2244
MONDO:0000908,HGNC:2511
MONDO:0004665,HGNC:28557
MONDO:0007060,HGNC:29935
MONDO:0008062,HGNC:4847
MONDO:0008953,HGNC:8850
MONDO:0009152,HGNC:19706
MONDO:0009439,HGNC:430
MONDO:0009439,HGNC:13743
MONDO:0010137,HGNC:32698
MONDO:0010278,HGNC:11079
MONDO:0010278,HGNC:11079
MONDO:0010415,HGNC:3702
MONDO:0010520,HGNC:2207
MONDO:0010520,HGNC:2207
MONDO:0010520,HGNC:2206
MONDO:0010520,HGNC:2204
MONDO:0010974,HGNC:13394
MONDO:0010995,HGNC:16841
MONDO:0010995,HGNC:16841
MONDO:0011881,HGNC:6412
MONDO:0012074,HGNC:12877
MONDO:0012074,HGNC:12877
MONDO:0012235,HGNC:2073
MONDO:0012235,HGNC:2073
MONDO:0012588,HGNC:28486
MONDO:0012588,HGNC:28486
MONDO:0012806,HGNC:7797
MONDO:0012850,HGNC:11019
MONDO:0012911,HGNC:4392
MONDO:0012911,HGNC:4392
MONDO:0013002,HGNC:216
MONDO:0013148,HGNC:16882
MONDO:0013407,HGNC:10521
MONDO:0014121,HGNC:17208
MONDO:0014121,HGNC:17208
MONDO:0014242,HGNC:23109
MONDO:0014329,HGNC:7939
MONDO:0014364,HGNC:28072
MONDO:0014401,HGNC:7944
MONDO:0014401,HGNC:7944
MONDO:0014419,HGNC:6481
MONDO:0014419,HGNC:6481
MONDO:0014829,HGNC:4861
MONDO:0014873,HGNC:18591
MONDO:0014873,HGNC:18591
MONDO:0014909,HGNC:30718
MONDO:0014989,HGNC:11779
MONDO:0015629,HGNC:12726
MONDO:0015690,HGNC:8804
MONDO:0016681,HGNC:11524
MONDO:0016681,HGNC:5382
MONDO:0016681,HGNC:11522
MONDO:0016681,HGNC:6742
MONDO:0016681,HGNC:7797
MONDO:0016681,HGNC:3690
MONDO:0016681,HGNC:7059
MONDO:0016681,HGNC:3236
MONDO:0016681,HGNC:11998
MONDO:0016681,HGNC:9236
MONDO:0016681,HGNC:33280
MONDO:0016681,HGNC:3688
MONDO:0016703,HGNC:5383
MONDO:0016991,HGNC:9848
MONDO:0016991,HGNC:2330
MONDO:0017683,HGNC:25221
MONDO:0018829,HGNC:2202
MONDO:0020378,HGNC:19366
MONDO:0020378,HGNC:7103
MONDO:0020378,HGNC:9006
MONDO:0020378,HGNC:16171
MONDO:0020378,HGNC:2389
MONDO:0020378,HGNC:3386
MONDO:0020378,HGNC:4277
MONDO:0020378,HGNC:2394
MONDO:0020847,HGNC:10760
MONDO:0029135,HGNC:25902
MONDO:0030894,HGNC:253
MONDO:0031031,HGNC:24866
MONDO:0032717,HGNC:13764
MONDO:0033566,HGNC:26208
MONDO:0034092,HGNC:3642
MONDO:0040503,HGNC:2515
MONDO:0044302,HGNC:1733
MONDO:0044302,HGNC:1733
MONDO:0060650,HGNC:20771
MONDO:0700245,HGNC:6413
MONDO:0957247,HGNC:10591
MONDO:0008378,HGNC:10288
MONDO:0008552,HGNC:6138
MONDO:0008714,HGNC:10771
MONDO:0008944,HGNC:21474
MONDO:0009644,HGNC:7193
MONDO:0009644,HGNC:7193
MONDO:0010026,HGNC:8979
MONDO:0010026,HGNC:8979
MONDO:0010226,HGNC:7960
MONDO:0010517,HGNC:28570
MONDO:0010526,HGNC:4296
MONDO:0010526,HGNC:4296
MONDO:0010656,HGNC:29059
MONDO:0010656,HGNC:29059
MONDO:0010741,HGNC:3157
MONDO:0011053,HGNC:11098
MONDO:0011053,HGNC:11098
MONDO:0011086,HGNC:9832
MONDO:0011086,HGNC:9831
MONDO:0011086,HGNC:9832
MONDO:0011086,HGNC:9831
MONDO:0011430,HGNC:2411
MONDO:0011430,HGNC:2410
MONDO:0011430,HGNC:12692
MONDO:0011430,HGNC:2397
MONDO:0011430,HGNC:2398
MONDO:0011430,HGNC:1041
MONDO:0011430,HGNC:4277
MONDO:0011430,HGNC:6776
MONDO:0011430,HGNC:4281
MONDO:0011537,HGNC:9588
MONDO:0011537,HGNC:26361
MONDO:0011537,HGNC:9588
MONDO:0011821,HGNC:28396
MONDO:0011975,HGNC:14575
MONDO:0011975,HGNC:2907
MONDO:0011975,HGNC:14665
MONDO:0011986,HGNC:11244
MONDO:0011986,HGNC:2523
MONDO:0011986,HGNC:11244
MONDO:0012187,HGNC:20473
MONDO:0012353,HGNC:1232
MONDO:0012474,HGNC:1956
MONDO:0012589,HGNC:11634
MONDO:0012589,HGNC:11634
MONDO:0012691,HGNC:9829
MONDO:0012994,HGNC:11257
MONDO:0012994,HGNC:11257
MONDO:0013120,HGNC:1552
MONDO:0013219,HGNC:3356
MONDO:0013800,HGNC:18625
MONDO:0013800,HGNC:18625
MONDO:0014107,HGNC:3762
MONDO:0014407,HGNC:393
MONDO:0014570,HGNC:237
MONDO:0014987,HGNC:12829
MONDO:0015040,HGNC:25941
MONDO:0016061,HGNC:4883
MONDO:0016411,HGNC:4877
MONDO:0016411,HGNC:9210
MONDO:0016411,HGNC:6595
MONDO:0016411,HGNC:21734
MONDO:0016411,HGNC:9455
MONDO:0016981,HGNC:16266
MONDO:0017102,HGNC:3942
MONDO:0017102,HGNC:12362
MONDO:0017102,HGNC:12363
MONDO:0017991,HGNC:11645
MONDO:0017991,HGNC:4932
MONDO:0017991,HGNC:5970
MONDO:0018161,HGNC:7559
MONDO:0018161,HGNC:9884
MONDO:0018656,HGNC:30074
MONDO:0030801,HGNC:1348
MONDO:0030933,HGNC:19959
MONDO:0032747,HGNC:26197
MONDO:0032753,HGNC:17433
MONDO:0042979,HGNC:10591
MONDO:0042979,HGNC:1397
MONDO:0044724,HGNC:23656
MONDO:0044724,HGNC:23656
MONDO:0100103,HGNC:26594
MONDO:0859233,HGNC:6142
MONDO:0958328,HGNC:29366
MONDO:0005272,HGNC:25941
MONDO:0007137,HGNC:8117
MONDO:0007137,HGNC:2149
MONDO:0007244,HGNC:2197
MONDO:0007244,HGNC:2197
MONDO:0008682,HGNC:12796
MONDO:0008682,HGNC:12796
MONDO:0009174,HGNC:2665
MONDO:0009174,HGNC:2665
MONDO:0009249,HGNC:417
MONDO:0009249,HGNC:417
MONDO:0009440,HGNC:554
MONDO:0009670,HGNC:4315
MONDO:0009670,HGNC:4315
MONDO:0009815,HGNC:11647
MONDO:0011508,HGNC:9826
MONDO:0011508,HGNC:1500
MONDO:0011508,HGNC:17228
MONDO:0011508,HGNC:989
MONDO:0011508,HGNC:9360
MONDO:0011719,HGNC:6342
MONDO:0011719,HGNC:10682
MONDO:0011719,HGNC:10681
MONDO:0011719,HGNC:6342
MONDO:0011719,HGNC:8803
MONDO:0011719,HGNC:10682
MONDO:0011719,HGNC:10681
MONDO:0011719,HGNC:10680
MONDO:0011758,HGNC:5391
MONDO:0011758,HGNC:5391
MONDO:0011829,HGNC:15984
MONDO:0011829,HGNC:25223
MONDO:0011834,HGNC:5456
MONDO:0011904,HGNC:6296
MONDO:0011904,HGNC:10588
MONDO:0011904,HGNC:10588
MONDO:0012137,HGNC:7578
MONDO:0012137,HGNC:7578
MONDO:0012698,HGNC:11190
MONDO:0012824,HGNC:5261
MONDO:0012824,HGNC:5261
MONDO:0013381,HGNC:11231
MONDO:0013405,HGNC:2148
MONDO:0013426,HGNC:6769
MONDO:0013426,HGNC:6769
MONDO:0013882,HGNC:23215
MONDO:0014230,HGNC:1343
MONDO:0014392,HGNC:23089
MONDO:0014504,HGNC:1160
MONDO:0014625,HGNC:3192
MONDO:0014639,HGNC:9957
MONDO:0014730,HGNC:29101
MONDO:0014847,HGNC:28852
MONDO:0014922,HGNC:26576
MONDO:0015349,HGNC:7717
MONDO:0016323,HGNC:10802
MONDO:0017700,HGNC:4180
MONDO:0018709,HGNC:2745
MONDO:0018924,HGNC:20893
MONDO:0018924,HGNC:18704
MONDO:0020855,HGNC:27845
MONDO:0030044,HGNC:11363
MONDO:0030867,HGNC:14283
MONDO:0030917,HGNC:24283
MONDO:0030917,HGNC:24283
MONDO:0032762,HGNC:26992
MONDO:0032905,HGNC:29361
MONDO:0033572,HGNC:28287
MONDO:0035661,HGNC:20456
MONDO:0044647,HGNC:26576
MONDO:0044718,HGNC:16066
MONDO:0044718,HGNC:16066
MONDO:0054551,HGNC:18083
MONDO:0054700,HGNC:20330
MONDO:0060486,HGNC:18712
MONDO:0060564,HGNC:2033
MONDO:0060564,HGNC:2033
MONDO:0100302,HGNC:3689
MONDO:0958192,HGNC:473
MONDO:0007110,HGNC:10402
MONDO:0007571,HGNC:10582
MONDO:0007571,HGNC:10583
MONDO:0007571,HGNC:10597
MONDO:0007571,HGNC:10597
MONDO:0007635,HGNC:12796
MONDO:0007635,HGNC:12796
MONDO:0007748,HGNC:21285
MONDO:0007983,HGNC:2185
MONDO:0007983,HGNC:2185
MONDO:0008136,HGNC:8620
MONDO:0008515,HGNC:10848
MONDO:0008515,HGNC:13243
MONDO:0008515,HGNC:13243
MONDO:0008817,HGNC:57
MONDO:0008817,HGNC:3356
MONDO:0009151,HGNC:9706
MONDO:0009151,HGNC:9706
MONDO:0010465,HGNC:12637
MONDO:0010486,HGNC:15455
MONDO:0010933,HGNC:8818
MONDO:0010933,HGNC:3815
MONDO:0010933,HGNC:6256
MONDO:0011633,HGNC:18083
MONDO:0011633,HGNC:18083
MONDO:0011787,HGNC:17997
MONDO:0011787,HGNC:17997
MONDO:0011974,HGNC:9942
MONDO:0011974,HGNC:10254
MONDO:0012157,HGNC:4241
MONDO:0012157,HGNC:1966
MONDO:0012157,HGNC:7525
MONDO:0012190,HGNC:1630
MONDO:0012190,HGNC:1630
MONDO:0012246,HGNC:3214
MONDO:0012246,HGNC:3214
MONDO:0012481,HGNC:7530
MONDO:0012481,HGNC:7530
MONDO:0012489,HGNC:2396
MONDO:0012559,HGNC:29796
MONDO:0012559,HGNC:29796
MONDO:0012690,HGNC:9829
MONDO:0012902,HGNC:9966
MONDO:0013119,HGNC:26521
MONDO:0013177,HGNC:6143
MONDO:0013177,HGNC:6143
MONDO:0013278,HGNC:17494
MONDO:0013386,HGNC:27375
MONDO:0013440,HGNC:2666
MONDO:0013440,HGNC:2666
MONDO:0013556,HGNC:15844
MONDO:0014110,HGNC:7103
MONDO:0014113,HGNC:6840
MONDO:0014167,HGNC:2172
MONDO:0014187,HGNC:9414
MONDO:0014218,HGNC:3048
MONDO:0014218,HGNC:3052
MONDO:0014218,HGNC:3048
MONDO:0014326,HGNC:16905
MONDO:0014436,HGNC:20087
MONDO:0014689,HGNC:18150
MONDO:0014689,HGNC:18150
MONDO:0014746,HGNC:20862
MONDO:0014746,HGNC:20862
MONDO:0014975,HGNC:30213
MONDO:0014975,HGNC:30213
MONDO:0015554,HGNC:6342
MONDO:0016672,HGNC:4832
MONDO:0016672,HGNC:4831
MONDO:0016672,HGNC:6345
MONDO:0016672,HGNC:13221
MONDO:0016672,HGNC:4827
MONDO:0016855,HGNC:14881
MONDO:0016995,HGNC:11109
MONDO:0016995,HGNC:16466
MONDO:0016995,HGNC:7180
MONDO:0016995,HGNC:8800
MONDO:0016995,HGNC:11103
MONDO:0017946,HGNC:620
MONDO:0019681,HGNC:7758
MONDO:0019766,HGNC:9330
MONDO:0020323,HGNC:1001
MONDO:0020323,HGNC:12825
MONDO:0020750,HGNC:17761
MONDO:0025713,HGNC:3656
MONDO:0030433,HGNC:17601
MONDO:0030907,HGNC:8127
MONDO:0032692,HGNC:29914
MONDO:0033554,HGNC:9802
MONDO:0035660,HGNC:4389
MONDO:0060585,HGNC:12729
MONDO:0100435,HGNC:5273
MONDO:0957264,HGNC:17284
MONDO:0958094,HGNC:6215
MONDO:8000015,HGNC:17210
MONDO:8000015,HGNC:17210
MONDO:0007288,HGNC:3386
MONDO:0007343,HGNC:5154
MONDO:0007343,HGNC:5154
MONDO:0007424,HGNC:2876
MONDO:0007672,HGNC:14373
MONDO:0007672,HGNC:14373
MONDO:0008246,HGNC:2343
MONDO:0008246,HGNC:2343
MONDO:0008310,HGNC:6636
MONDO:0008310,HGNC:12877
MONDO:0008310,HGNC:6636
MONDO:0008453,HGNC:12649
MONDO:0008453,HGNC:12649
MONDO:0008479,HGNC:3778
MONDO:0008479,HGNC:2200
MONDO:0008479,HGNC:2200
MONDO:0008479,HGNC:3778
MONDO:0008555,HGNC:29186
MONDO:0009109,HGNC:11065
MONDO:0009109,HGNC:11065
MONDO:0009768,HGNC:4274
MONDO:0010492,HGNC:14963
MONDO:0010502,HGNC:12632
MONDO:0010713,HGNC:8864
MONDO:0010713,HGNC:8864
MONDO:0010987,HGNC:11877
MONDO:0011102,HGNC:11720
MONDO:0013146,HGNC:20665
MONDO:0013190,HGNC:3534
MONDO:0013210,HGNC:31673
MONDO:0013271,HGNC:1494
MONDO:0013271,HGNC:1494
MONDO:0013490,HGNC:26361
MONDO:0013630,HGNC:24123
MONDO:0013943,HGNC:8857
MONDO:0014141,HGNC:22932
MONDO:0014244,HGNC:10583
MONDO:0014244,HGNC:10583
MONDO:0014306,HGNC:1839
MONDO:0014306,HGNC:1839
MONDO:0014442,HGNC:29021
MONDO:0014442,HGNC:28396
MONDO:0014516,HGNC:11397
MONDO:0014538,HGNC:18603
MONDO:0014626,HGNC:12335
MONDO:0014626,HGNC:12335
MONDO:0014715,HGNC:5433
MONDO:0014715,HGNC:11363
MONDO:0014715,HGNC:11363
MONDO:0014901,HGNC:12775
MONDO:0015241,HGNC:18169
MONDO:0016304,HGNC:15894
MONDO:0016480,HGNC:4713
MONDO:0016480,HGNC:5466
MONDO:0018507,HGNC:12718
MONDO:0018636,HGNC:12016
MONDO:0019107,HGNC:10009
MONDO:0019107,HGNC:10008
MONDO:0019107,HGNC:10006
MONDO:0019107,HGNC:10006
MONDO:0020320,HGNC:6342
MONDO:0020320,HGNC:3765
MONDO:0020320,HGNC:7910
MONDO:0020682,HGNC:930
MONDO:0021083,HGNC:19349
MONDO:0024771,HGNC:11122
MONDO:0030055,HGNC:11184
MONDO:0030061,HGNC:6836
MONDO:0030062,HGNC:1759
MONDO:0030332,HGNC:17209
MONDO:0030747,HGNC:6483
MONDO:0030899,HGNC:2709
MONDO:0030899,HGNC:2709
MONDO:0031043,HGNC:28870
MONDO:0032526,HGNC:11427
MONDO:0032526,HGNC:11427
MONDO:0033006,HGNC:26058
MONDO:0033565,HGNC:12307
MONDO:0054765,HGNC:4462
MONDO:0700250,HGNC:2263
MONDO:0700250,HGNC:2280
MONDO:0700250,HGNC:11474
MONDO:0700250,HGNC:24316
MONDO:0700250,HGNC:29160
MONDO:0700250,HGNC:10603
MONDO:0700250,HGNC:7493
MONDO:0700250,HGNC:10604
MONDO:0700250,HGNC:7497
MONDO:0700250,HGNC:2260
MONDO:0800043,HGNC:6597
MONDO:0800043,HGNC:6597
MONDO:0859234,HGNC:11633
MONDO:0004653,HGNC:2439
MONDO:0007286,HGNC:12692
MONDO:0007365,HGNC:6296
MONDO:0007854,HGNC:2527
MONDO:0007854,HGNC:2527
MONDO:0009140,HGNC:5273
MONDO:0009140,HGNC:5273
MONDO:0009817,HGNC:21652
MONDO:0009866,HGNC:8724
MONDO:0010188,HGNC:12404
MONDO:0010188,HGNC:12404
MONDO:0010269,HGNC:7678
MONDO:0010472,HGNC:30881
MONDO:0010472,HGNC:30881
MONDO:0010915,HGNC:23212
MONDO:0011018,HGNC:6716
MONDO:0011018,HGNC:6716
MONDO:0011245,HGNC:4284
MONDO:0011403,HGNC:3057
MONDO:0011547,HGNC:16171
MONDO:0011759,HGNC:5391
MONDO:0011759,HGNC:5391
MONDO:0011790,HGNC:14409
MONDO:0011790,HGNC:14409
MONDO:0011814,HGNC:21317
MONDO:0011872,HGNC:9766
MONDO:0011872,HGNC:9766
MONDO:0011877,HGNC:6697
MONDO:0011877,HGNC:6697
MONDO:0012198,HGNC:11190
MONDO:0012198,HGNC:11190
MONDO:0012431,HGNC:16700
MONDO:0012476,HGNC:888
MONDO:0012476,HGNC:888
MONDO:0012744,HGNC:12010
MONDO:0012873,HGNC:20859
MONDO:0012873,HGNC:20859
MONDO:0013208,HGNC:25355
MONDO:0013208,HGNC:25355
MONDO:0013288,HGNC:1698
MONDO:0013370,HGNC:6242
MONDO:0013865,HGNC:19261
MONDO:0013865,HGNC:19261
MONDO:0014265,HGNC:188
MONDO:0014394,HGNC:10419
MONDO:0014487,HGNC:17341
MONDO:0014487,HGNC:17341
MONDO:0014488,HGNC:19165
MONDO:0014546,HGNC:1512
MONDO:0014546,HGNC:1512
MONDO:0014558,HGNC:13013
MONDO:0014558,HGNC:13013
MONDO:0014642,HGNC:18358
MONDO:0014659,HGNC:15625
MONDO:0016751,HGNC:9476
MONDO:0016751,HGNC:23664
MONDO:0016864,HGNC:15924
MONDO:0017856,HGNC:18060
MONDO:0019469,HGNC:11364
MONDO:0019636,HGNC:31042
MONDO:0019636,HGNC:29043
MONDO:0019636,HGNC:23399
MONDO:0019636,HGNC:19185
MONDO:0019636,HGNC:25396
MONDO:0019636,HGNC:1071
MONDO:0019636,HGNC:9967
MONDO:0019636,HGNC:12580
MONDO:0024534,HGNC:6442
MONDO:0030074,HGNC:9056
MONDO:0030074,HGNC:9056
MONDO:0030353,HGNC:29110
MONDO:0030472,HGNC:800
MONDO:0032584,HGNC:1268
MONDO:0032584,HGNC:1268
MONDO:0032631,HGNC:29666
MONDO:0033014,HGNC:4021
MONDO:0033368,HGNC:4507
MONDO:0033372,HGNC:2309
MONDO:0044327,HGNC:6697
MONDO:0054615,HGNC:2940
MONDO:0060714,HGNC:3680
MONDO:0859300,HGNC:19880
MONDO:0957539,HGNC:16831
MONDO:0958235,HGNC:2212
MONDO:0007232,HGNC:18083
MONDO:0007232,HGNC:18083
MONDO:0007434,HGNC:9608
MONDO:0007434,HGNC:9608
MONDO:0007700,HGNC:5147
MONDO:0007700,HGNC:5147
MONDO:0007851,HGNC:12723
MONDO:0008434,HGNC:9834
MONDO:0008434,HGNC:14677
MONDO:0008434,HGNC:9834
MONDO:0008434,HGNC:29059
MONDO:0008434,HGNC:3750
MONDO:0008692,HGNC:7467
MONDO:0008692,HGNC:7467
MONDO:0009436,HGNC:11119
MONDO:0009940,HGNC:2536
MONDO:0009940,HGNC:2536
MONDO:0010367,HGNC:10853
MONDO:0010367,HGNC:10853
MONDO:0011456,HGNC:7907
MONDO:0011484,HGNC:10484
MONDO:0011484,HGNC:12261
MONDO:0011484,HGNC:1513
MONDO:0011549,HGNC:15718
MONDO:0011937,HGNC:2481
MONDO:0012435,HGNC:30528
MONDO:0012435,HGNC:30528
MONDO:0013329,HGNC:11603
MONDO:0013396,HGNC:7784
MONDO:0013499,HGNC:23845
MONDO:0013904,HGNC:25902
MONDO:0013910,HGNC:4510
MONDO:0013999,HGNC:20917
MONDO:0013999,HGNC:20917
MONDO:0014093,HGNC:9921
MONDO:0014105,HGNC:3072
MONDO:0014327,HGNC:20406
MONDO:0014327,HGNC:20406
MONDO:0014342,HGNC:13189
MONDO:0014342,HGNC:13188
MONDO:0014342,HGNC:13187
MONDO:0014342,HGNC:13187
MONDO:0014894,HGNC:1739
MONDO:0014962,HGNC:15505
MONDO:0016559,HGNC:6715
MONDO:0016865,HGNC:13726
MONDO:0016865,HGNC:24650
MONDO:0017723,HGNC:4879
MONDO:0018203,HGNC:6636
MONDO:0018436,HGNC:14959
MONDO:0018436,HGNC:14334
MONDO:0018463,HGNC:9462
MONDO:0018742,HGNC:819
MONDO:0021023,HGNC:644
MONDO:0029136,HGNC:6482
MONDO:0030058,HGNC:51
MONDO:0030376,HGNC:17063
MONDO:0030914,HGNC:12306
MONDO:0054837,HGNC:11842
MONDO:0060490,HGNC:13420
MONDO:0060490,HGNC:13420
MONDO:0100340,HGNC:3951
MONDO:0859340,HGNC:3671
MONDO:0859340,HGNC:3671
MONDO:0957294,HGNC:14378
MONDO:0957314,HGNC:29071
MONDO:0958195,HGNC:5033
MONDO:0008200,HGNC:11138
MONDO:0008484,HGNC:7866
MONDO:0008484,HGNC:7866
MONDO:0009035,HGNC:4274
MONDO:0009080,HGNC:2918
MONDO:0009080,HGNC:2918
MONDO:0010169,HGNC:26257
MONDO:0010169,HGNC:12601
MONDO:0010500,HGNC:11535
MONDO:0010500,HGNC:11535
MONDO:0010577,HGNC:9462
MONDO:0010588,HGNC:7678
MONDO:0011074,HGNC:6653
MONDO:0011946,HGNC:24154
MONDO:0011946,HGNC:24154
MONDO:0012056,HGNC:17877
MONDO:0012423,HGNC:21474
MONDO:0012423,HGNC:21474
MONDO:0012480,HGNC:59
MONDO:0012592,HGNC:18169
MONDO:0012597,HGNC:5112
MONDO:0013300,HGNC:9586
MONDO:0013300,HGNC:29022
MONDO:0013342,HGNC:22197
MONDO:0013342,HGNC:22197
MONDO:0013382,HGNC:14409
MONDO:0013382,HGNC:14409
MONDO:0013485,HGNC:16255
MONDO:0013485,HGNC:16255
MONDO:0013576,HGNC:5716
MONDO:0013576,HGNC:5526
MONDO:0013576,HGNC:5716
MONDO:0013616,HGNC:8794
MONDO:0013849,HGNC:29086
MONDO:0013902,HGNC:6772
MONDO:0014140,HGNC:22932
MONDO:0014239,HGNC:4173
MONDO:0014864,HGNC:20858
MONDO:0014864,HGNC:20858
MONDO:0014992,HGNC:26899
MONDO:0016692,HGNC:22219
MONDO:0016692,HGNC:9829
MONDO:0016692,HGNC:1097
MONDO:0016692,HGNC:8032
MONDO:0016692,HGNC:6407
MONDO:0016692,HGNC:19744
MONDO:0016692,HGNC:3688
MONDO:0017111,HGNC:12872
MONDO:0017111,HGNC:20393
MONDO:0017111,HGNC:7821
MONDO:0018005,HGNC:12666
MONDO:0018443,HGNC:3600
MONDO:0020485,HGNC:10483
MONDO:0020485,HGNC:10483
MONDO:0020602,HGNC:4452
MONDO:0020602,HGNC:4451
MONDO:0020729,HGNC:5541
MONDO:0024551,HGNC:10820
MONDO:0024551,HGNC:592
MONDO:0024551,HGNC:10820
MONDO:0030009,HGNC:6708
MONDO:0030341,HGNC:11510
MONDO:0032627,HGNC:23987
MONDO:0032664,HGNC:2953
MONDO:0032744,HGNC:30761
MONDO:0033308,HGNC:20730
MONDO:0044304,HGNC:28908
MONDO:0044304,HGNC:28908
MONDO:0054698,HGNC:9545
MONDO:0060489,HGNC:7983
MONDO:0859255,HGNC:11041
MONDO:0859321,HGNC:12590
MONDO:0957809,HGNC:11302
MONDO:0957958,HGNC:17975
MONDO:0007048,HGNC:812
MONDO:0007048,HGNC:812
MONDO:0007092,HGNC:3344
MONDO:0007294,HGNC:10483
MONDO:0007294,HGNC:10483
MONDO:0007848,HGNC:8620
MONDO:0007848,HGNC:8620
MONDO:0008379,HGNC:6052
MONDO:0009189,HGNC:10994
MONDO:0009189,HGNC:10994
MONDO:0010238,HGNC:11122
MONDO:0010397,HGNC:6990
MONDO:0010397,HGNC:6990
MONDO:0010473,HGNC:2063
MONDO:0010497,HGNC:2745
MONDO:0010544,HGNC:7820
MONDO:0010631,HGNC:5961
MONDO:0010631,HGNC:5961
MONDO:0010923,HGNC:1938
MONDO:0011505,HGNC:491
MONDO:0012320,HGNC:10585
MONDO:0012500,HGNC:12269
MONDO:0012526,HGNC:3530
MONDO:0012526,HGNC:3530
MONDO:0012767,HGNC:2475
MONDO:0012808,HGNC:164
MONDO:0013228,HGNC:951
MONDO:0013228,HGNC:951
MONDO:0013414,HGNC:9990
MONDO:0013565,HGNC:3588
MONDO:0013656,HGNC:888
MONDO:0013656,HGNC:888
MONDO:0013826,HGNC:29203
MONDO:0013949,HGNC:8855
MONDO:0013951,HGNC:9713
MONDO:0014023,HGNC:3006
MONDO:0014023,HGNC:3006
MONDO:0014028,HGNC:3147
MONDO:0014028,HGNC:3147
MONDO:0014118,HGNC:14579
MONDO:0014118,HGNC:14579
MONDO:0014160,HGNC:12029
MONDO:0014160,HGNC:12029
MONDO:0014441,HGNC:7121
MONDO:0014656,HGNC:18466
MONDO:0015351,HGNC:4285
MONDO:0015721,HGNC:3546
MONDO:0017405,HGNC:3012
MONDO:0017917,HGNC:7414
MONDO:0017925,HGNC:686
MONDO:0019264,HGNC:7631
MONDO:0019931,HGNC:6585
MONDO:0020738,HGNC:20778
MONDO:0024565,HGNC:19688
MONDO:0030312,HGNC:12713
MONDO:0032865,HGNC:25265
MONDO:0032911,HGNC:12347
MONDO:0033365,HGNC:12852
MONDO:0033486,HGNC:20597
MONDO:0034106,HGNC:10057
MONDO:0034106,HGNC:10057
MONDO:0054743,HGNC:23161
MONDO:0060455,HGNC:13554
MONDO:0859517,HGNC:129
MONDO:0957382,HGNC:4208
MONDO:0957788,HGNC:1356
MONDO:0007420,HGNC:854
MONDO:0007420,HGNC:854
MONDO:0007656,HGNC:9449
MONDO:0007656,HGNC:9449
MONDO:0008473,HGNC:18083
MONDO:0008473,HGNC:18083
MONDO:0009185,HGNC:29478
MONDO:0009185,HGNC:23089
MONDO:0009185,HGNC:29478
MONDO:0009212,HGNC:3528
MONDO:0009212,HGNC:3528
MONDO:0009268,HGNC:4177
MONDO:0009268,HGNC:4177
MONDO:0009283,HGNC:16001
MONDO:0009283,HGNC:16001
MONDO:0009479,HGNC:16808
MONDO:0009479,HGNC:16808
MONDO:0009748,HGNC:1618
MONDO:0009748,HGNC:1618
MONDO:0010430,HGNC:13128
MONDO:0010660,HGNC:13254
MONDO:0010973,HGNC:2810
MONDO:0011152,HGNC:8923
MONDO:0011152,HGNC:8923
MONDO:0011765,HGNC:6909
MONDO:0011765,HGNC:6909
MONDO:0011801,HGNC:18884
MONDO:0011801,HGNC:18884
MONDO:0011831,HGNC:3052
MONDO:0012312,HGNC:6251
MONDO:0013007,HGNC:25896
MONDO:0013007,HGNC:25896
MONDO:0013345,HGNC:5383
MONDO:0013419,HGNC:1247
MONDO:0013491,HGNC:26361
MONDO:0013627,HGNC:25367
MONDO:0013805,HGNC:2961
MONDO:0013940,HGNC:26013
MONDO:0014174,HGNC:13387
MONDO:0014234,HGNC:188
MONDO:0014234,HGNC:188
MONDO:0014258,HGNC:753
MONDO:0014258,HGNC:753
MONDO:0014410,HGNC:2661
MONDO:0014410,HGNC:2661
MONDO:0014418,HGNC:16901
MONDO:0014667,HGNC:33848
MONDO:0014779,HGNC:9966
MONDO:0014785,HGNC:14951
MONDO:0014896,HGNC:12310
MONDO:0014896,HGNC:12310
MONDO:0016000,HGNC:360
MONDO:0016000,HGNC:9606
MONDO:0016682,HGNC:11524
MONDO:0016682,HGNC:10261
MONDO:0016682,HGNC:11522
MONDO:0016682,HGNC:7797
MONDO:0016682,HGNC:7059
MONDO:0016682,HGNC:9236
MONDO:0016682,HGNC:5382
MONDO:0016682,HGNC:6742
MONDO:0016682,HGNC:3690
MONDO:0016682,HGNC:3236
MONDO:0016682,HGNC:11998
MONDO:0016682,HGNC:33280
MONDO:0016682,HGNC:3688
MONDO:0016781,HGNC:14575
MONDO:0016781,HGNC:2907
MONDO:0016781,HGNC:14665
MONDO:0017233,HGNC:9449
MONDO:0017566,HGNC:8975
MONDO:0017894,HGNC:1833
MONDO:0018247,HGNC:16695
MONDO:0018247,HGNC:61
MONDO:0019259,HGNC:8582
MONDO:0025691,HGNC:14584
MONDO:0032620,HGNC:21034
MONDO:0032661,HGNC:2989
MONDO:0035743,HGNC:3542
MONDO:0044317,HGNC:7328
MONDO:0054770,HGNC:17367
MONDO:0054770,HGNC:17367
MONDO:0060491,HGNC:4389
MONDO:0100165,HGNC:4195
MONDO:0100213,HGNC:15455
MONDO:0800438,HGNC:3003
MONDO:0800438,HGNC:3004
MONDO:0800438,HGNC:3003
MONDO:0957265,HGNC:10591
MONDO:0957928,HGNC:3817
MONDO:0957992,HGNC:14027
MONDO:0007397,HGNC:15492
MONDO:0007788,HGNC:17288
MONDO:0008535,HGNC:3349
MONDO:0008854,HGNC:966
MONDO:0008854,HGNC:28163
MONDO:0008854,HGNC:13210
MONDO:0009265,HGNC:4177
MONDO:0009265,HGNC:1665
MONDO:0009265,HGNC:4177
MONDO:0009992,HGNC:13345
MONDO:0010140,HGNC:12298
MONDO:0010140,HGNC:12298
MONDO:0010155,HGNC:21396
MONDO:0010155,HGNC:21396
MONDO:0010235,HGNC:6990
MONDO:0010235,HGNC:6990
MONDO:0010355,HGNC:11114
MONDO:0010355,HGNC:11114
MONDO:0010574,HGNC:560
MONDO:0010574,HGNC:560
MONDO:0010574,HGNC:560
MONDO:0010914,HGNC:2330
MONDO:0010914,HGNC:2330
MONDO:0011236,HGNC:4195
MONDO:0011236,HGNC:4195
MONDO:0011998,HGNC:14103
MONDO:0011998,HGNC:14103
MONDO:0012012,HGNC:12840
MONDO:0012012,HGNC:12840
MONDO:0012024,HGNC:21699
MONDO:0012127,HGNC:12403
MONDO:0012127,HGNC:12403
MONDO:0012166,HGNC:25358
MONDO:0012184,HGNC:6487
MONDO:0012184,HGNC:6487
MONDO:0012221,HGNC:7631
MONDO:0012221,HGNC:7631
MONDO:0012502,HGNC:1348
MONDO:0012502,HGNC:1348
MONDO:0012528,HGNC:18455
MONDO:0013159,HGNC:9202
MONDO:0013331,HGNC:18451
MONDO:0013375,HGNC:4218
MONDO:0013504,HGNC:7983
MONDO:0013588,HGNC:2084
MONDO:0013873,HGNC:9177
MONDO:0013873,HGNC:1786
MONDO:0013873,HGNC:1786
MONDO:0014106,HGNC:3673
MONDO:0014262,HGNC:11769
MONDO:0014420,HGNC:5468
MONDO:0014420,HGNC:5468
MONDO:0014668,HGNC:18025
MONDO:0014701,HGNC:2200
MONDO:0014701,HGNC:2200
MONDO:0014869,HGNC:17095
MONDO:0014869,HGNC:17095
MONDO:0014889,HGNC:25507
MONDO:0014889,HGNC:25507
MONDO:0016786,HGNC:33699
MONDO:0016786,HGNC:22947
MONDO:0017691,HGNC:4116
MONDO:0017715,HGNC:4799
MONDO:0017791,HGNC:1067
MONDO:0017791,HGNC:2198
MONDO:0017791,HGNC:2197
MONDO:0018576,HGNC:20492
MONDO:0018733,HGNC:3091
MONDO:0019374,HGNC:25928
MONDO:0019374,HGNC:28986
MONDO:0019549,HGNC:16877
MONDO:0030070,HGNC:29636
MONDO:0030355,HGNC:2979
MONDO:0030947,HGNC:2024
MONDO:0030947,HGNC:2024
MONDO:0031021,HGNC:865
MONDO:0035649,HGNC:2933
MONDO:0036483,HGNC:29669
MONDO:0044312,HGNC:3518
MONDO:0054588,HGNC:9282
MONDO:0054781,HGNC:14495
MONDO:0060533,HGNC:2993
MONDO:0060533,HGNC:2993
MONDO:0100344,HGNC:10910
MONDO:0859568,HGNC:11891
MONDO:0958233,HGNC:2212
MONDO:0958331,HGNC:11018
MONDO:0007221,HGNC:4220
MONDO:0007221,HGNC:1077
MONDO:0007221,HGNC:4220
MONDO:0007648,HGNC:1748
MONDO:0007648,HGNC:2509
MONDO:0007648,HGNC:6858
MONDO:0008422,HGNC:5244
MONDO:0008777,HGNC:11530
MONDO:0008777,HGNC:11530
MONDO:0009300,HGNC:4249
MONDO:0009300,HGNC:2084
MONDO:0009300,HGNC:21176
MONDO:0009300,HGNC:4817
MONDO:0009300,HGNC:1160
MONDO:0009300,HGNC:19958
MONDO:0009300,HGNC:17095
MONDO:0009300,HGNC:5213
MONDO:0009300,HGNC:3424
MONDO:0009300,HGNC:5213
MONDO:0009365,HGNC:26558
MONDO:0010053,HGNC:11272
MONDO:0010122,HGNC:1366
MONDO:0010122,HGNC:1366
MONDO:0010506,HGNC:13429
MONDO:0010555,HGNC:719
MONDO:0010555,HGNC:719
MONDO:0010810,HGNC:20580
MONDO:0010822,HGNC:17063
MONDO:0011383,HGNC:1500
MONDO:0011541,HGNC:3522
MONDO:0011541,HGNC:3522
MONDO:0011613,HGNC:14581
MONDO:0011957,HGNC:9454
MONDO:0011957,HGNC:9454
MONDO:0012084,HGNC:2719
MONDO:0012084,HGNC:2719
MONDO:0012460,HGNC:21253
MONDO:0012799,HGNC:143
MONDO:0012945,HGNC:16873
MONDO:0013143,HGNC:5181
MONDO:0013143,HGNC:5181
MONDO:0013179,HGNC:17494
MONDO:0013179,HGNC:17494
MONDO:0013675,HGNC:24415
MONDO:0013675,HGNC:24415
MONDO:0013720,HGNC:1324
MONDO:0013815,HGNC:3689
MONDO:0013815,HGNC:3689
MONDO:0014246,HGNC:10582
MONDO:0014276,HGNC:1675
MONDO:0014276,HGNC:1675
MONDO:0014422,HGNC:11976
MONDO:0014462,HGNC:14082
MONDO:0014591,HGNC:3084
MONDO:0014665,HGNC:7632
MONDO:0014665,HGNC:7632
MONDO:0015014,HGNC:7105
MONDO:0016236,HGNC:4382
MONDO:0017054,HGNC:2698
MONDO:0017334,HGNC:7878
MONDO:0018698,HGNC:20739
MONDO:0030017,HGNC:17317
MONDO:0030473,HGNC:801
MONDO:0030995,HGNC:29190
MONDO:0032730,HGNC:13709
MONDO:0032757,HGNC:24846
MONDO:0033045,HGNC:28128
MONDO:0033980,HGNC:9955
MONDO:0033980,HGNC:28449
MONDO:0060510,HGNC:3188
MONDO:0060510,HGNC:3188
MONDO:0060577,HGNC:10537
MONDO:0800167,HGNC:2195
MONDO:0800167,HGNC:8591
MONDO:0800167,HGNC:2195
MONDO:0859082,HGNC:3546
MONDO:0859573,HGNC:6485
MONDO:0007293,HGNC:6155
MONDO:0007293,HGNC:6155
MONDO:0007920,HGNC:3395
MONDO:0008016,HGNC:7578
MONDO:0008016,HGNC:7578
MONDO:0008564,HGNC:11592
MONDO:0008785,HGNC:26054
MONDO:0009690,HGNC:329
MONDO:0009690,HGNC:26594
MONDO:0010563,HGNC:9936
MONDO:0010563,HGNC:4206
MONDO:0010563,HGNC:4206
MONDO:0010563,HGNC:9936
MONDO:0010687,HGNC:2023
MONDO:0011093,HGNC:5320
MONDO:0011093,HGNC:5320
MONDO:0011242,HGNC:16512
MONDO:0011503,HGNC:4795
MONDO:0011680,HGNC:13743
MONDO:0012196,HGNC:15480
MONDO:0012414,HGNC:2529
MONDO:0012509,HGNC:9388
MONDO:0012512,HGNC:12367
MONDO:0012512,HGNC:12367
MONDO:0012539,HGNC:28396
MONDO:0012989,HGNC:10879
MONDO:0013140,HGNC:14558
MONDO:0013178,HGNC:6636
MONDO:0013178,HGNC:6636
MONDO:0013400,HGNC:2590
MONDO:0013400,HGNC:2590
MONDO:0013480,HGNC:103
MONDO:0013635,HGNC:19189
MONDO:0013658,HGNC:3378
MONDO:0013781,HGNC:6354
MONDO:0013781,HGNC:6354
MONDO:0013965,HGNC:7549
MONDO:0014336,HGNC:25566
MONDO:0015002,HGNC:19344
MONDO:0015013,HGNC:30078
MONDO:0017243,HGNC:6342
MONDO:0017973,HGNC:11359
MONDO:0018355,HGNC:10882
MONDO:0018437,HGNC:7910
MONDO:0018485,HGNC:4065
MONDO:0018601,HGNC:2186
MONDO:0019414,HGNC:15455
MONDO:0020721,HGNC:397
MONDO:0020721,HGNC:397
MONDO:0030476,HGNC:28905
MONDO:0030503,HGNC:29255
MONDO:0030534,HGNC:11623
MONDO:0030930,HGNC:7648
MONDO:0032860,HGNC:25006
MONDO:0032937,HGNC:4023
MONDO:0035941,HGNC:7132
MONDO:0044324,HGNC:1770
MONDO:0100292,HGNC:52391
MONDO:0859379,HGNC:17754
MONDO:0859520,HGNC:2261
MONDO:0958181,HGNC:4801
MONDO:0958334,HGNC:1481
MONDO:0007836,HGNC:15924
MONDO:0007836,HGNC:15924
MONDO:0007856,HGNC:20788
MONDO:0007856,HGNC:20788
MONDO:0008295,HGNC:4886
MONDO:0008490,HGNC:13869
MONDO:0008490,HGNC:19317
MONDO:0008490,HGNC:23503
MONDO:0008490,HGNC:1071
MONDO:0008490,HGNC:6694
MONDO:0008490,HGNC:2200
MONDO:0008490,HGNC:6259
MONDO:0008490,HGNC:2187
MONDO:0008490,HGNC:2186
MONDO:0008490,HGNC:2219
MONDO:0008490,HGNC:2218
MONDO:0008490,HGNC:2217
MONDO:0008490,HGNC:15808
MONDO:0008490,HGNC:2464
MONDO:0008490,HGNC:9083
MONDO:0008490,HGNC:15517
MONDO:0008490,HGNC:10994
MONDO:0008490,HGNC:2200
MONDO:0008490,HGNC:2187
MONDO:0009147,HGNC:2895
MONDO:0009147,HGNC:14341
MONDO:0009218,HGNC:735
MONDO:0009218,HGNC:735
MONDO:0009354,HGNC:7473
MONDO:0009354,HGNC:7473
MONDO:0009552,HGNC:18746
MONDO:0009552,HGNC:18746
MONDO:0009678,HGNC:3622
MONDO:0009678,HGNC:3622
MONDO:0010083,HGNC:408
MONDO:0010083,HGNC:408
MONDO:0010183,HGNC:23038
MONDO:0010183,HGNC:23038
MONDO:0010208,HGNC:18481
MONDO:0010208,HGNC:18481
MONDO:0010407,HGNC:30892
MONDO:0010818,HGNC:2343
MONDO:0011760,HGNC:5391
MONDO:0011760,HGNC:5391
MONDO:0011855,HGNC:11771
MONDO:0011855,HGNC:11771
MONDO:0011894,HGNC:7739
MONDO:0011894,HGNC:7739
MONDO:0012557,HGNC:10989
MONDO:0012557,HGNC:10989
MONDO:0012720,HGNC:9498
MONDO:0013112,HGNC:10602
MONDO:0013563,HGNC:8967
MONDO:0013563,HGNC:8967
MONDO:0013898,HGNC:29170
MONDO:0013898,HGNC:29170
MONDO:0013972,HGNC:4817
MONDO:0013972,HGNC:4249
MONDO:0013972,HGNC:2084
MONDO:0013972,HGNC:21176
MONDO:0013972,HGNC:4817
MONDO:0013972,HGNC:1160
MONDO:0013972,HGNC:19958
MONDO:0013972,HGNC:17095
MONDO:0013972,HGNC:5213
MONDO:0013972,HGNC:3424
MONDO:0013998,HGNC:3233
MONDO:0014052,HGNC:329
MONDO:0014280,HGNC:1673
MONDO:0014500,HGNC:19661
MONDO:0014500,HGNC:19661
MONDO:0014796,HGNC:23594
MONDO:0014800,HGNC:129
MONDO:0014800,HGNC:129
MONDO:0014911,HGNC:5330
MONDO:0014911,HGNC:5330
MONDO:0015005,HGNC:9457
MONDO:0016839,HGNC:12851
MONDO:0017926,HGNC:3374
MONDO:0018006,HGNC:12666
MONDO:0018317,HGNC:29605
MONDO:0020302,HGNC:8101
MONDO:0020302,HGNC:12496
MONDO:0024464,HGNC:9210
MONDO:0024539,HGNC:4689
MONDO:0030903,HGNC:18561
MONDO:0031003,HGNC:10905
MONDO:0032653,HGNC:1181
MONDO:0032653,HGNC:1181
MONDO:0032678,HGNC:4331
MONDO:0032678,HGNC:4331
MONDO:0032845,HGNC:2946
MONDO:0035706,HGNC:18420
MONDO:0044682,HGNC:7549
MONDO:0054846,HGNC:11969
MONDO:0859147,HGNC:21244
MONDO:0859147,HGNC:21244
MONDO:0859223,HGNC:6172
MONDO:0007067,HGNC:9020
MONDO:0007308,HGNC:16636
MONDO:0007308,HGNC:16636
MONDO:0007404,HGNC:10736
MONDO:0007404,HGNC:2516
MONDO:0007690,HGNC:2594
MONDO:0008076,HGNC:7323
MONDO:0008153,HGNC:4392
MONDO:0008153,HGNC:4392
MONDO:0008641,HGNC:12269
MONDO:0008641,HGNC:12269
MONDO:0008689,HGNC:28993
MONDO:0008842,HGNC:15984
MONDO:0008842,HGNC:15984
MONDO:0009166,HGNC:27561
MONDO:0009166,HGNC:27561
MONDO:0009383,HGNC:12530
MONDO:0009383,HGNC:12530
MONDO:0009509,HGNC:4585
MONDO:0009629,HGNC:19721
MONDO:0009719,HGNC:9388
MONDO:0009719,HGNC:9388
MONDO:0009737,HGNC:9251
MONDO:0009737,HGNC:9251
MONDO:0010024,HGNC:13556
MONDO:0010024,HGNC:29262
MONDO:0010041,HGNC:10519
MONDO:0010041,HGNC:10519
MONDO:0010899,HGNC:1958
MONDO:0011178,HGNC:30500
MONDO:0011178,HGNC:10596
MONDO:0011178,HGNC:8777
MONDO:0011178,HGNC:30500
MONDO:0011274,HGNC:3690
MONDO:0011274,HGNC:3690
MONDO:0011359,HGNC:29316
MONDO:0011359,HGNC:29316
MONDO:0011377,HGNC:10593
MONDO:0011458,HGNC:359
MONDO:0012031,HGNC:1663
MONDO:0012092,HGNC:8031
MONDO:0012092,HGNC:7808
MONDO:0012092,HGNC:7808
MONDO:0013326,HGNC:10671
MONDO:0013458,HGNC:17697
MONDO:0013458,HGNC:17697
MONDO:0013977,HGNC:23166
MONDO:0013977,HGNC:23166
MONDO:0014081,HGNC:16393
MONDO:0014081,HGNC:16393
MONDO:0014090,HGNC:12926
MONDO:0014321,HGNC:11356
MONDO:0014353,HGNC:8907
MONDO:0014353,HGNC:8907
MONDO:0014524,HGNC:14074
MONDO:0014837,HGNC:11283
MONDO:0014837,HGNC:11283
MONDO:0014925,HGNC:14124
MONDO:0014966,HGNC:7728
MONDO:0015021,HGNC:19087
MONDO:0015021,HGNC:19087
MONDO:0015024,HGNC:26624
MONDO:0017175,HGNC:7106
MONDO:0017230,HGNC:6636
MONDO:0017376,HGNC:4932
MONDO:0019016,HGNC:7497
MONDO:0019016,HGNC:7493
MONDO:0019016,HGNC:7490
MONDO:0019016,HGNC:7491
MONDO:0019791,HGNC:9179
MONDO:0020437,HGNC:11843
MONDO:0026729,HGNC:28880
MONDO:0030300,HGNC:10351
MONDO:0030440,HGNC:25295
MONDO:0030681,HGNC:6021
MONDO:0030935,HGNC:33867
MONDO:0030997,HGNC:7692
MONDO:0032940,HGNC:15946
MONDO:0035521,HGNC:1092
MONDO:0036484,HGNC:7739
MONDO:0044306,HGNC:20967
MONDO:0044306,HGNC:20967
MONDO:0100092,HGNC:10596
MONDO:0100466,HGNC:8522
MONDO:0100466,HGNC:2509
MONDO:0100466,HGNC:9942
MONDO:0859160,HGNC:20213
MONDO:0957225,HGNC:32687
MONDO:0007098,HGNC:2475
MONDO:0007098,HGNC:2475
MONDO:0007351,HGNC:4043
MONDO:0007351,HGNC:47
MONDO:0007351,HGNC:8620
MONDO:0007351,HGNC:10526
MONDO:0007868,HGNC:4326
MONDO:0007868,HGNC:15465
MONDO:0007895,HGNC:2200
MONDO:0007895,HGNC:2200
MONDO:0008179,HGNC:10582
MONDO:0008179,HGNC:10583
MONDO:0008179,HGNC:10597
MONDO:0008179,HGNC:10597
MONDO:0008306,HGNC:6174
MONDO:0008306,HGNC:6174
MONDO:0008523,HGNC:5331
MONDO:0008523,HGNC:5331
MONDO:0008660,HGNC:3680
MONDO:0008660,HGNC:3680
MONDO:0008767,HGNC:2074
MONDO:0008830,HGNC:318
MONDO:0008830,HGNC:318
MONDO:0008972,HGNC:8860
MONDO:0008972,HGNC:8860
MONDO:0009020,HGNC:6938
MONDO:0009020,HGNC:6938
MONDO:0009082,HGNC:23503
MONDO:0009082,HGNC:23503
MONDO:0009419,HGNC:25784
MONDO:0009796,HGNC:8091
MONDO:0009796,HGNC:8091
MONDO:0010268,HGNC:18060
MONDO:0010268,HGNC:18060
MONDO:0010730,HGNC:6010
MONDO:0010847,HGNC:24501
MONDO:0010847,HGNC:777
MONDO:0010850,HGNC:29022
MONDO:0010850,HGNC:29022
MONDO:0010886,HGNC:14063
MONDO:0010886,HGNC:14063
MONDO:0011214,HGNC:45
MONDO:0011214,HGNC:3706
MONDO:0011214,HGNC:45
MONDO:0011214,HGNC:42
MONDO:0011264,HGNC:20856
MONDO:0011264,HGNC:20856
MONDO:0011811,HGNC:23595
MONDO:0011811,HGNC:12713
MONDO:0011811,HGNC:23595
MONDO:0011891,HGNC:4087
MONDO:0012169,HGNC:1092
MONDO:0012220,HGNC:7602
MONDO:0012220,HGNC:29643
MONDO:0012220,HGNC:29643
MONDO:0012792,HGNC:17296
MONDO:0012792,HGNC:17296
MONDO:0013314,HGNC:18362
MONDO:0013435,HGNC:26090
MONDO:0013560,HGNC:20914
MONDO:0013642,HGNC:17104
MONDO:0013644,HGNC:2961
MONDO:0013644,HGNC:2961
MONDO:0013984,HGNC:26901
MONDO:0014126,HGNC:17095
MONDO:0014389,HGNC:15864
MONDO:0014389,HGNC:15864
MONDO:0014647,HGNC:1424
MONDO:0014647,HGNC:1424
MONDO:0014718,HGNC:13818
MONDO:0014804,HGNC:20134
MONDO:0014804,HGNC:20134
MONDO:0014908,HGNC:1985
MONDO:0014977,HGNC:22954
MONDO:0014977,HGNC:22954
MONDO:0017317,HGNC:5173
MONDO:0018761,HGNC:11100
MONDO:0019915,HGNC:14575
MONDO:0019915,HGNC:2907
MONDO:0019915,HGNC:14665
MONDO:0020714,HGNC:30546
MONDO:0030724,HGNC:13552
MONDO:0031007,HGNC:17877
MONDO:0032598,HGNC:29947
MONDO:0032634,HGNC:1321
MONDO:0032746,HGNC:28613
MONDO:0032871,HGNC:29118
MONDO:0035402,HGNC:15511
MONDO:0035402,HGNC:7436
MONDO:0044738,HGNC:12856
MONDO:0044738,HGNC:12856
MONDO:0044792,HGNC:5173
MONDO:0044792,HGNC:7989
MONDO:0044792,HGNC:9829
MONDO:0044792,HGNC:1097
MONDO:0044792,HGNC:7989
MONDO:0044792,HGNC:14881
MONDO:0044792,HGNC:427
MONDO:0044792,HGNC:11201
MONDO:0859373,HGNC:13831
MONDO:0957215,HGNC:10485
MONDO:0007435,HGNC:3033
MONDO:0007435,HGNC:3033
MONDO:0007881,HGNC:13829
MONDO:0008059,HGNC:6416
MONDO:0008059,HGNC:6416
MONDO:0008274,HGNC:4392
MONDO:0008416,HGNC:18398
MONDO:0008416,HGNC:18398
MONDO:0008879,HGNC:16912
MONDO:0008879,HGNC:16912
MONDO:0009605,HGNC:2570
MONDO:0009878,HGNC:9455
MONDO:0010220,HGNC:33720
MONDO:0010463,HGNC:14064
MONDO:0010463,HGNC:14064
MONDO:0010985,HGNC:31750
MONDO:0011243,HGNC:30935
MONDO:0011243,HGNC:30935
MONDO:0011395,HGNC:34
MONDO:0011843,HGNC:11610
MONDO:0011936,HGNC:1071
MONDO:0011936,HGNC:1071
MONDO:0012019,HGNC:319
MONDO:0012019,HGNC:319
MONDO:0012120,HGNC:9279
MONDO:0012120,HGNC:9279
MONDO:0012241,HGNC:1160
MONDO:0013137,HGNC:9942
MONDO:0013164,HGNC:16297
MONDO:0013164,HGNC:16297
MONDO:0013436,HGNC:12601
MONDO:0013479,HGNC:939
MONDO:0013609,HGNC:28636
MONDO:0013935,HGNC:24579
MONDO:0014035,HGNC:2514
MONDO:0014035,HGNC:2514
MONDO:0014296,HGNC:16133
MONDO:0014477,HGNC:6231
MONDO:0014542,HGNC:28287
MONDO:0014743,HGNC:9719
MONDO:0014743,HGNC:9719
MONDO:0014929,HGNC:19139
MONDO:0014991,HGNC:26513
MONDO:0015557,HGNC:6342
MONDO:0015630,HGNC:12726
MONDO:0015635,HGNC:4284
MONDO:0016657,HGNC:492
MONDO:0018418,HGNC:32521
MONDO:0019149,HGNC:6617
MONDO:0019149,HGNC:6617
MONDO:0020494,HGNC:3681
MONDO:0020494,HGNC:3573
MONDO:0020507,HGNC:3257
MONDO:0020507,HGNC:3260
MONDO:0020507,HGNC:3258
MONDO:0020507,HGNC:3261
MONDO:0020507,HGNC:3259
MONDO:0020507,HGNC:3257
MONDO:0021172,HGNC:1390
MONDO:0024455,HGNC:3084
MONDO:0024455,HGNC:12784
MONDO:0024770,HGNC:3319
MONDO:0024770,HGNC:3319
MONDO:0026731,HGNC:11585
MONDO:0030538,HGNC:6291
MONDO:0030696,HGNC:6600
MONDO:0030890,HGNC:13998
MONDO:0032639,HGNC:13652
MONDO:0032725,HGNC:4087
MONDO:0032891,HGNC:17754
MONDO:0033717,HGNC:19380
MONDO:0035445,HGNC:6342
MONDO:0800104,HGNC:9666
MONDO:0850112,HGNC:6192
MONDO:0850112,HGNC:6190
MONDO:0850112,HGNC:11364
MONDO:0859356,HGNC:21690
MONDO:0957783,HGNC:6359
MONDO:0007168,HGNC:3755
MONDO:0007168,HGNC:3755
MONDO:0008243,HGNC:6893
MONDO:0008243,HGNC:9508
MONDO:0008485,HGNC:6427
MONDO:0008485,HGNC:6427
MONDO:0008493,HGNC:10006
MONDO:0008493,HGNC:10006
MONDO:0009262,HGNC:4298
MONDO:0009262,HGNC:4298
MONDO:0009503,HGNC:21350
MONDO:0009503,HGNC:21350
MONDO:0009550,HGNC:2037
MONDO:0009550,HGNC:2037
MONDO:0009934,HGNC:3809
MONDO:0009934,HGNC:3809
MONDO:0010171,HGNC:12597
MONDO:0010306,HGNC:2555
MONDO:0010306,HGNC:2555
MONDO:0010589,HGNC:3663
MONDO:0010870,HGNC:12403
MONDO:0010870,HGNC:12403
MONDO:0011568,HGNC:20151
MONDO:0011837,HGNC:23663
MONDO:0011921,HGNC:10669
MONDO:0012200,HGNC:11642
MONDO:0012426,HGNC:1677
MONDO:0012444,HGNC:9039
MONDO:0012608,HGNC:29105
MONDO:0012608,HGNC:29105
MONDO:0012654,HGNC:11598
MONDO:0012669,HGNC:20249
MONDO:0012669,HGNC:20249
MONDO:0012703,HGNC:20766
MONDO:0012703,HGNC:20766
MONDO:0013356,HGNC:18122
MONDO:0013447,HGNC:4679
MONDO:0013712,HGNC:2436
MONDO:0013870,HGNC:30760
MONDO:0013870,HGNC:30760
MONDO:0014134,HGNC:6774
MONDO:0014317,HGNC:26922
MONDO:0014317,HGNC:26922
MONDO:0014318,HGNC:23719
MONDO:0014350,HGNC:2939
MONDO:0014363,HGNC:33862
MONDO:0014370,HGNC:25608
MONDO:0014380,HGNC:6758
MONDO:0014380,HGNC:6758
MONDO:0014754,HGNC:2244
MONDO:0014757,HGNC:1736
MONDO:0014757,HGNC:1736
MONDO:0014835,HGNC:8772
MONDO:0014928,HGNC:7121
MONDO:0017819,HGNC:20323
MONDO:0018328,HGNC:13887
MONDO:0018328,HGNC:13886
MONDO:0018328,HGNC:603
MONDO:0018328,HGNC:18640
MONDO:0018328,HGNC:20001
MONDO:0018328,HGNC:6547
MONDO:0020726,HGNC:7508
MONDO:0020726,HGNC:7508
MONDO:0024526,HGNC:6250
MONDO:0030489,HGNC:6442
MONDO:0032684,HGNC:9177
MONDO:0032916,HGNC:17101
MONDO:0032916,HGNC:17101
MONDO:0033638,HGNC:24316
MONDO:0035647,HGNC:2933
MONDO:0035945,HGNC:5477
MONDO:0054860,HGNC:2180
MONDO:0060631,HGNC:26953
MONDO:0060631,HGNC:26953
MONDO:0100250,HGNC:11311
MONDO:0850514,HGNC:535
MONDO:0957284,HGNC:11948
MONDO:0957935,HGNC:29622
MONDO:0958330,HGNC:20566
MONDO:0007078,HGNC:4392
MONDO:0007078,HGNC:4392
MONDO:0007900,HGNC:9060
MONDO:0008322,HGNC:2227
MONDO:0008322,HGNC:2227
MONDO:0008853,HGNC:20670
MONDO:0008853,HGNC:20670
MONDO:0008995,HGNC:16873
MONDO:0008995,HGNC:25507
MONDO:0008995,HGNC:16873
MONDO:0009124,HGNC:25994
MONDO:0009124,HGNC:6601
MONDO:0009597,HGNC:7159
MONDO:0009597,HGNC:7159
MONDO:0009664,HGNC:7523
MONDO:0009664,HGNC:7523
MONDO:0009872,HGNC:1020
MONDO:0009872,HGNC:1020
MONDO:0010094,HGNC:3755
MONDO:0010094,HGNC:3755
MONDO:0010094,HGNC:7573
MONDO:0010152,HGNC:16268
MONDO:0010152,HGNC:16268
MONDO:0010320,HGNC:2567
MONDO:0010351,HGNC:3583
MONDO:0010401,HGNC:3702
MONDO:0010401,HGNC:3702
MONDO:0010477,HGNC:11957
MONDO:0010477,HGNC:11957
MONDO:0011202,HGNC:28396
MONDO:0011202,HGNC:28396
MONDO:0011281,HGNC:2226
MONDO:0011362,HGNC:12403
MONDO:0011362,HGNC:12403
MONDO:0011638,HGNC:3999
MONDO:0011638,HGNC:3999
MONDO:0011868,HGNC:3431
MONDO:0011868,HGNC:3431
MONDO:0012013,HGNC:3603
MONDO:0012013,HGNC:3603
MONDO:0012689,HGNC:22448
MONDO:0013074,HGNC:3688
MONDO:0013074,HGNC:6407
MONDO:0013074,HGNC:3688
MONDO:0013439,HGNC:2652
MONDO:0013439,HGNC:2652
MONDO:0013544,HGNC:4279
MONDO:0013763,HGNC:12370
MONDO:0013884,HGNC:25786
MONDO:0013891,HGNC:8881
MONDO:0013922,HGNC:14906
MONDO:0013922,HGNC:14906
MONDO:0013987,HGNC:29666
MONDO:0013987,HGNC:29666
MONDO:0014005,HGNC:2852
MONDO:0014005,HGNC:4883
MONDO:0014005,HGNC:2852
MONDO:0014215,HGNC:29937
MONDO:0014354,HGNC:29174
MONDO:0014434,HGNC:970
MONDO:0014467,HGNC:2277
MONDO:0014467,HGNC:2277
MONDO:0014544,HGNC:18856
MONDO:0014784,HGNC:28033
MONDO:0014784,HGNC:28033
MONDO:0014814,HGNC:8847
MONDO:0015085,HGNC:11777
MONDO:0017544,HGNC:5136
MONDO:0017607,HGNC:26219
MONDO:0017607,HGNC:15512
MONDO:0017937,HGNC:7225
MONDO:0018264,HGNC:20611
MONDO:0018264,HGNC:20611
MONDO:0018858,HGNC:4947
MONDO:0019441,HGNC:12405
MONDO:0023660,HGNC:6383
MONDO:0030088,HGNC:59
MONDO:0030941,HGNC:17637
MONDO:0032616,HGNC:28086
MONDO:0032628,HGNC:7704
MONDO:0032822,HGNC:8959
MONDO:0032880,HGNC:4433
MONDO:0033635,HGNC:2260
MONDO:0035027,HGNC:14632
MONDO:0100491,HGNC:15561
MONDO:0100491,HGNC:18971
MONDO:0800446,HGNC:11608
MONDO:0850096,HGNC:19440
MONDO:0957240,HGNC:12565
MONDO:0957536,HGNC:11537
MONDO:0004234,HGNC:11364
MONDO:0007176,HGNC:11714
MONDO:0007176,HGNC:11714
MONDO:0007450,HGNC:894
MONDO:0007450,HGNC:894
MONDO:0007471,HGNC:5394
MONDO:0007471,HGNC:4883
MONDO:0007471,HGNC:3218
MONDO:0007471,HGNC:3218
MONDO:0007556,HGNC:6416
MONDO:0007556,HGNC:6442
MONDO:0007556,HGNC:6442
MONDO:0007883,HGNC:12754
MONDO:0007883,HGNC:12754
MONDO:0008404,HGNC:18249
MONDO:0008404,HGNC:18249
MONDO:0008647,HGNC:7577
MONDO:0008647,HGNC:7576
MONDO:0008647,HGNC:16243
MONDO:0008647,HGNC:1529
MONDO:0008667,HGNC:12687
MONDO:0008667,HGNC:1582
MONDO:0008667,HGNC:1582
MONDO:0008667,HGNC:12687
MONDO:0008865,HGNC:23198
MONDO:0008865,HGNC:23198
MONDO:0009070,HGNC:24247
MONDO:0009070,HGNC:24247
MONDO:0009495,HGNC:7060
MONDO:0009495,HGNC:7060
MONDO:0009650,HGNC:29670
MONDO:0009650,HGNC:29670
MONDO:0009691,HGNC:11917
MONDO:0009691,HGNC:1653
MONDO:0009691,HGNC:2505
MONDO:0009864,HGNC:8725
MONDO:0009902,HGNC:12592
MONDO:0009902,HGNC:4170
MONDO:0009902,HGNC:12592
MONDO:0010356,HGNC:897
MONDO:0010356,HGNC:897
MONDO:0010421,HGNC:1133
MONDO:0010421,HGNC:1133
MONDO:0010447,HGNC:10432
MONDO:0010606,HGNC:9091
MONDO:0010711,HGNC:9896
MONDO:0010711,HGNC:9896
MONDO:0011445,HGNC:11226
MONDO:0011445,HGNC:11226
MONDO:0011448,HGNC:9236
MONDO:0011448,HGNC:9236
MONDO:0011570,HGNC:9154
MONDO:0011570,HGNC:28845
MONDO:0011570,HGNC:9154
MONDO:0011888,HGNC:17967
MONDO:0011888,HGNC:7562
MONDO:0011888,HGNC:17967
MONDO:0012192,HGNC:23734
MONDO:0012192,HGNC:23734
MONDO:0012295,HGNC:1331
MONDO:0012634,HGNC:14361
MONDO:0012634,HGNC:14361
MONDO:0013081,HGNC:6171
MONDO:0013081,HGNC:6171
MONDO:0013774,HGNC:23399
MONDO:0014020,HGNC:26784
MONDO:0014020,HGNC:26784
MONDO:0014072,HGNC:10979
MONDO:0014072,HGNC:10979
MONDO:0014172,HGNC:23044
MONDO:0014190,HGNC:14198
MONDO:0014190,HGNC:14198
MONDO:0014214,HGNC:21862
MONDO:0014827,HGNC:1476
MONDO:0014827,HGNC:1476
MONDO:0015016,HGNC:2597
MONDO:0017225,HGNC:9086
MONDO:0017547,HGNC:5133
MONDO:0017725,HGNC:4878
MONDO:0017810,HGNC:914
MONDO:0017939,HGNC:12403
MONDO:0017939,HGNC:7577
MONDO:0017939,HGNC:15999
MONDO:0017999,HGNC:21197
MONDO:0019458,HGNC:4170
MONDO:0019458,HGNC:7545
MONDO:0020723,HGNC:2606
MONDO:0020835,HGNC:4823
MONDO:0020845,HGNC:11992
MONDO:0030549,HGNC:26158
MONDO:0030677,HGNC:30348
MONDO:0031332,HGNC:6138
MONDO:0032919,HGNC:2903
MONDO:0033123,HGNC:2514
MONDO:0033533,HGNC:10378
MONDO:0034110,HGNC:5024
MONDO:0049223,HGNC:15455
MONDO:0859192,HGNC:8975
MONDO:0958234,HGNC:2213
MONDO:0008221,HGNC:8840
MONDO:0008221,HGNC:8840
MONDO:0008338,HGNC:7573
MONDO:0008338,HGNC:7573
MONDO:0009052,HGNC:3602
MONDO:0009240,HGNC:3974
MONDO:0009240,HGNC:3974
MONDO:0009401,HGNC:406
MONDO:0009401,HGNC:406
MONDO:0009571,HGNC:7121
MONDO:0009948,HGNC:11272
MONDO:0009954,HGNC:17233
MONDO:0010013,HGNC:20800
MONDO:0010013,HGNC:20800
MONDO:0010013,HGNC:6080
MONDO:0010015,HGNC:13907
MONDO:0010015,HGNC:14966
MONDO:0010015,HGNC:14966
MONDO:0010194,HGNC:13201
MONDO:0010200,HGNC:870
MONDO:0010200,HGNC:870
MONDO:0010261,HGNC:20893
MONDO:0010261,HGNC:20893
MONDO:0010408,HGNC:28434
MONDO:0010408,HGNC:28434
MONDO:0011067,HGNC:13733
MONDO:0011170,HGNC:11610
MONDO:0011170,HGNC:11610
MONDO:0011668,HGNC:7762
MONDO:0012060,HGNC:3473
MONDO:0012081,HGNC:12496
MONDO:0012291,HGNC:18153
MONDO:0012964,HGNC:25636
MONDO:0013198,HGNC:7576
MONDO:0013472,HGNC:2389
MONDO:0013472,HGNC:2389
MONDO:0013686,HGNC:1529
MONDO:0013686,HGNC:1529
MONDO:0013760,HGNC:14415
MONDO:0013760,HGNC:14415
MONDO:0013843,HGNC:4688
MONDO:0013843,HGNC:4688
MONDO:0013946,HGNC:5201
MONDO:0013967,HGNC:8853
MONDO:0014088,HGNC:2452
MONDO:0014278,HGNC:1674
MONDO:0014605,HGNC:9302
MONDO:0014605,HGNC:9302
MONDO:0014633,HGNC:11042
MONDO:0014633,HGNC:11042
MONDO:0014633,HGNC:1917
MONDO:0014633,HGNC:29433
MONDO:0014633,HGNC:10585
MONDO:0014633,HGNC:564
MONDO:0014633,HGNC:11497
MONDO:0014633,HGNC:11005
MONDO:0014644,HGNC:27302
MONDO:0014644,HGNC:27302
MONDO:0014808,HGNC:11073
MONDO:0014917,HGNC:1388
MONDO:0015787,HGNC:3546
MONDO:0016097,HGNC:2928
MONDO:0016395,HGNC:8620
MONDO:0016598,HGNC:1093
MONDO:0018332,HGNC:24671
MONDO:0018332,HGNC:3483
MONDO:0018332,HGNC:3482
MONDO:0018332,HGNC:3481
MONDO:0018784,HGNC:4948
MONDO:0018784,HGNC:4944
MONDO:0019123,HGNC:4585
MONDO:0019123,HGNC:1362
MONDO:0020766,HGNC:8011
MONDO:0024522,HGNC:8507
MONDO:0030356,HGNC:29110
MONDO:0030455,HGNC:1361
MONDO:0030912,HGNC:11354
MONDO:0030912,HGNC:11354
MONDO:0030927,HGNC:14304
MONDO:0032571,HGNC:29165
MONDO:0032583,HGNC:29929
MONDO:0032835,HGNC:31527
MONDO:0032903,HGNC:19286
MONDO:0033493,HGNC:9966
MONDO:0033537,HGNC:14513
MONDO:0044299,HGNC:30228
MONDO:0054565,HGNC:28482
MONDO:0054602,HGNC:2701
MONDO:0054763,HGNC:15578
MONDO:0100105,HGNC:26182
MONDO:0850078,HGNC:26219
MONDO:0859139,HGNC:11098
MONDO:0859139,HGNC:11098
MONDO:0859309,HGNC:6396
MONDO:0859367,HGNC:10521
MONDO:0859372,HGNC:25947
MONDO:0007792,HGNC:4379
MONDO:0007792,HGNC:4379
MONDO:0008218,HGNC:13211
MONDO:0008218,HGNC:13211
MONDO:0008958,HGNC:7013
MONDO:0009097,HGNC:13907
MONDO:0009145,HGNC:13829
MONDO:0009145,HGNC:13829
MONDO:0009352,HGNC:1550
MONDO:0009352,HGNC:1550
MONDO:0009646,HGNC:1349
MONDO:0009689,HGNC:1912
MONDO:0009742,HGNC:7602
MONDO:0009867,HGNC:9386
MONDO:0009867,HGNC:9386
MONDO:0010571,HGNC:3754
MONDO:0010571,HGNC:3754
MONDO:0010939,HGNC:45
MONDO:0010939,HGNC:45
MONDO:0011405,HGNC:25792
MONDO:0011405,HGNC:25792
MONDO:0011529,HGNC:6235
MONDO:0011529,HGNC:6235
MONDO:0011571,HGNC:3054
MONDO:0011715,HGNC:9891
MONDO:0011907,HGNC:5956
MONDO:0011907,HGNC:5956
MONDO:0012335,HGNC:9201
MONDO:0012335,HGNC:9201
MONDO:0012747,HGNC:414
MONDO:0012747,HGNC:414
MONDO:0012847,HGNC:28018
MONDO:0013287,HGNC:5870
MONDO:0013471,HGNC:9359
MONDO:0013626,HGNC:15561
MONDO:0013626,HGNC:15561
MONDO:0013626,HGNC:18971
MONDO:0013626,HGNC:15561
MONDO:0013687,HGNC:12799
MONDO:0013687,HGNC:12799
MONDO:0013789,HGNC:2728
MONDO:0013789,HGNC:2728
MONDO:0013869,HGNC:626
MONDO:0013869,HGNC:626
MONDO:0014357,HGNC:14677
MONDO:0014449,HGNC:399
MONDO:0014449,HGNC:399
MONDO:0014498,HGNC:16412
MONDO:0014498,HGNC:16412
MONDO:0014608,HGNC:3179
MONDO:0014608,HGNC:3179
MONDO:0014714,HGNC:2876
MONDO:0014714,HGNC:2876
MONDO:0014742,HGNC:21645
MONDO:0014918,HGNC:3705
MONDO:0014918,HGNC:3705
MONDO:0014959,HGNC:10990
MONDO:0017268,HGNC:11777
MONDO:0017630,HGNC:6470
MONDO:0017833,HGNC:19124
MONDO:0017833,HGNC:3688
MONDO:0017833,HGNC:3495
MONDO:0017833,HGNC:8803
MONDO:0017833,HGNC:8804
MONDO:0019611,HGNC:13733
MONDO:0021019,HGNC:20145
MONDO:0021019,HGNC:568
MONDO:0021019,HGNC:20145
MONDO:0030073,HGNC:119
MONDO:0030073,HGNC:119
MONDO:0032603,HGNC:30452
MONDO:0032623,HGNC:29918
MONDO:0035444,HGNC:6342
MONDO:0035775,HGNC:1596
MONDO:0100211,HGNC:11367
MONDO:0100211,HGNC:11367
MONDO:0859242,HGNC:13552
MONDO:0859264,HGNC:9639
MONDO:0957255,HGNC:850
MONDO:0958175,HGNC:10769
MONDO:0007395,HGNC:8617
MONDO:0007395,HGNC:8617
MONDO:0009064,HGNC:2518
MONDO:0009064,HGNC:2518
MONDO:0009131,HGNC:5959
MONDO:0009131,HGNC:5959
MONDO:0009657,HGNC:26527
MONDO:0009657,HGNC:26527
MONDO:0009773,HGNC:13829
MONDO:0009773,HGNC:13829
MONDO:0009846,HGNC:18985
MONDO:0009846,HGNC:18985
MONDO:0009863,HGNC:9689
MONDO:0009863,HGNC:9689
MONDO:0010044,HGNC:20761
MONDO:0010044,HGNC:20761
MONDO:0010092,HGNC:26877
MONDO:0010092,HGNC:26877
MONDO:0010224,HGNC:18060
MONDO:0010224,HGNC:18060
MONDO:0010585,HGNC:3157
MONDO:0010585,HGNC:3157
MONDO:0010585,HGNC:17756
MONDO:0010747,HGNC:11535
MONDO:0010747,HGNC:11535
MONDO:0011136,HGNC:9052
MONDO:0011136,HGNC:9052
MONDO:0011268,HGNC:866
MONDO:0011452,HGNC:18483
MONDO:0011600,HGNC:1966
MONDO:0012072,HGNC:6636
MONDO:0012621,HGNC:18810
MONDO:0012621,HGNC:16035
MONDO:0012621,HGNC:18810
MONDO:0012621,HGNC:16035
MONDO:0012742,HGNC:1390
MONDO:0012753,HGNC:483
MONDO:0012807,HGNC:6158
MONDO:0012807,HGNC:9069
MONDO:0012807,HGNC:9069
MONDO:0012905,HGNC:20597
MONDO:0012905,HGNC:20774
MONDO:0012905,HGNC:20774
MONDO:0013073,HGNC:6423
MONDO:0013125,HGNC:8975
MONDO:0013125,HGNC:8975
MONDO:0013153,HGNC:5964
MONDO:0013308,HGNC:1541
MONDO:0013308,HGNC:1541
MONDO:0013350,HGNC:9179
MONDO:0013408,HGNC:3573
MONDO:0013408,HGNC:3573
MONDO:0013803,HGNC:32952
MONDO:0013803,HGNC:32952
MONDO:0013991,HGNC:6553
MONDO:0013991,HGNC:6553
MONDO:0014054,HGNC:11922
MONDO:0014080,HGNC:18608
MONDO:0014080,HGNC:18608
MONDO:0014112,HGNC:6407
MONDO:0014147,HGNC:2531
MONDO:0014147,HGNC:2531
MONDO:0014274,HGNC:3999
MONDO:0014274,HGNC:3999
MONDO:0014377,HGNC:4845
MONDO:0014443,HGNC:28027
MONDO:0014501,HGNC:3604
MONDO:0014549,HGNC:32550
MONDO:0014555,HGNC:33276
MONDO:0014555,HGNC:15993
MONDO:0014555,HGNC:8952
MONDO:0014556,HGNC:19082
MONDO:0014556,HGNC:19082
MONDO:0015084,HGNC:17125
MONDO:0017812,HGNC:8975
MONDO:0019848,HGNC:644
MONDO:0019848,HGNC:2568
MONDO:0030087,HGNC:6257
MONDO:0030513,HGNC:9437
MONDO:0030527,HGNC:6442
MONDO:0033135,HGNC:9117
MONDO:0033135,HGNC:9117
MONDO:0034121,HGNC:25576
MONDO:0034121,HGNC:25576
MONDO:0044208,HGNC:11107
MONDO:0044637,HGNC:8772
MONDO:0044637,HGNC:8772
MONDO:0044638,HGNC:6062
MONDO:0044638,HGNC:11905
MONDO:0044638,HGNC:9588
MONDO:0044702,HGNC:25169
MONDO:0044702,HGNC:25169
MONDO:0054549,HGNC:8858
MONDO:0054701,HGNC:13726
MONDO:0850065,HGNC:1736
MONDO:0005224,HGNC:3765
MONDO:0005224,HGNC:7910
MONDO:0007309,HGNC:9118
MONDO:0007309,HGNC:9118
MONDO:0007366,HGNC:6297
MONDO:0008224,HGNC:10591
MONDO:0008224,HGNC:10591
MONDO:0008368,HGNC:11027
MONDO:0008368,HGNC:11027
MONDO:0008542,HGNC:7577
MONDO:0008542,HGNC:20908
MONDO:0008542,HGNC:76
MONDO:0008542,HGNC:4807
MONDO:0008542,HGNC:11291
MONDO:0008542,HGNC:1390
MONDO:0008542,HGNC:9407
MONDO:0008542,HGNC:7881
MONDO:0008542,HGNC:11701
MONDO:0008542,HGNC:143
MONDO:0008542,HGNC:1919
MONDO:0008542,HGNC:4279
MONDO:0008542,HGNC:6407
MONDO:0008542,HGNC:15582
MONDO:0008542,HGNC:15472
MONDO:0008542,HGNC:4214
MONDO:0008542,HGNC:7976
MONDO:0008542,HGNC:12362
MONDO:0008542,HGNC:11743
MONDO:0008542,HGNC:15819
MONDO:0008542,HGNC:9067
MONDO:0008542,HGNC:11535
MONDO:0008542,HGNC:7865
MONDO:0008542,HGNC:16700
MONDO:0008542,HGNC:3816
MONDO:0008542,HGNC:3817
MONDO:0008542,HGNC:15802
MONDO:0008542,HGNC:4808
MONDO:0008542,HGNC:6772
MONDO:0008542,HGNC:17582
MONDO:0008542,HGNC:3767
MONDO:0008542,HGNC:1097
MONDO:0008542,HGNC:7871
MONDO:0008542,HGNC:11592
MONDO:0008542,HGNC:14630
MONDO:0008542,HGNC:7882
MONDO:0008542,HGNC:2201
MONDO:0008542,HGNC:18838
MONDO:0008542,HGNC:24650
MONDO:0008542,HGNC:26530
MONDO:0008542,HGNC:9829
MONDO:0008542,HGNC:17985
MONDO:0008542,HGNC:11187
MONDO:0008542,HGNC:3091
MONDO:0008542,HGNC:6188
MONDO:0008542,HGNC:30422
MONDO:0008542,HGNC:32940
MONDO:0008542,HGNC:12874
MONDO:0008542,HGNC:7132
MONDO:0008542,HGNC:1987
MONDO:0008542,HGNC:3122
MONDO:0008542,HGNC:11973
MONDO:0008542,HGNC:20185
MONDO:0008542,HGNC:174
MONDO:0008542,HGNC:25636
MONDO:0008542,HGNC:15766
MONDO:0008542,HGNC:3814
MONDO:0008542,HGNC:3327
MONDO:0008542,HGNC:6633
MONDO:0008542,HGNC:18292
MONDO:0008542,HGNC:17229
MONDO:0008542,HGNC:9906
MONDO:0008542,HGNC:3604
MONDO:0008542,HGNC:1181
MONDO:0008542,HGNC:21316
MONDO:0008542,HGNC:14357
MONDO:0008542,HGNC:18053
MONDO:0008542,HGNC:6307
MONDO:0008542,HGNC:13681
MONDO:0008542,HGNC:7576
MONDO:0008542,HGNC:7133
MONDO:0008542,HGNC:4174
MONDO:0008542,HGNC:9644
MONDO:0008542,HGNC:18196
MONDO:0008542,HGNC:9107
MONDO:0008542,HGNC:17075
MONDO:0008542,HGNC:7765
MONDO:0008542,HGNC:26560
MONDO:0008542,HGNC:11100
MONDO:0008542,HGNC:2515
MONDO:0008542,HGNC:29525
MONDO:0008542,HGNC:30782
MONDO:0008542,HGNC:4881
MONDO:0008542,HGNC:22962
MONDO:0008542,HGNC:20626
MONDO:0008542,HGNC:3754
MONDO:0008542,HGNC:3603
MONDO:0008542,HGNC:7569
MONDO:0008542,HGNC:24434
MONDO:0008542,HGNC:11598
MONDO:0008542,HGNC:4173
MONDO:0008542,HGNC:11843
MONDO:0008542,HGNC:11604
MONDO:0008542,HGNC:14234
MONDO:0008542,HGNC:2488
MONDO:0008542,HGNC:1987
MONDO:0008542,HGNC:3767
MONDO:0008542,HGNC:15802
MONDO:0008542,HGNC:11592
MONDO:0008542,HGNC:6188
MONDO:0008542,HGNC:4214
MONDO:0008542,HGNC:4174
MONDO:0008542,HGNC:6307
MONDO:0008542,HGNC:4173
MONDO:0008542,HGNC:16700
MONDO:0008542,HGNC:32940
MONDO:0008542,HGNC:2488
MONDO:0008542,HGNC:4279
MONDO:0008965,HGNC:20626
MONDO:0008965,HGNC:10727
MONDO:0008965,HGNC:20626
MONDO:0009123,HGNC:2689
MONDO:0009123,HGNC:2689
MONDO:0009274,HGNC:11609
MONDO:0009274,HGNC:11609
MONDO:0009614,HGNC:19331
MONDO:0009614,HGNC:19331
MONDO:0010047,HGNC:2652
MONDO:0010047,HGNC:2652
MONDO:0010078,HGNC:2200
MONDO:0010078,HGNC:2200
MONDO:0010292,HGNC:3702
MONDO:0010382,HGNC:3775
MONDO:0010382,HGNC:3775
MONDO:0010392,HGNC:8896
MONDO:0010392,HGNC:8896
MONDO:0010511,HGNC:4516
MONDO:0010523,HGNC:9173
MONDO:0010523,HGNC:9173
MONDO:0010967,HGNC:16513
MONDO:0011183,HGNC:11908
MONDO:0011365,HGNC:17582
MONDO:0011365,HGNC:17582
MONDO:0011416,HGNC:10586
MONDO:0011485,HGNC:26820
MONDO:0012037,HGNC:30237
MONDO:0012465,HGNC:18858
MONDO:0012465,HGNC:23213
MONDO:0012465,HGNC:18858
MONDO:0013000,HGNC:395
MONDO:0013000,HGNC:395
MONDO:0013111,HGNC:25481
MONDO:0013111,HGNC:25481
MONDO:0013171,HGNC:7892
MONDO:0013171,HGNC:7892
MONDO:0013306,HGNC:26784
MONDO:0013306,HGNC:26784
MONDO:0013416,HGNC:32685
MONDO:0013584,HGNC:2976
MONDO:0013584,HGNC:2976
MONDO:0013817,HGNC:19012
MONDO:0014032,HGNC:4220
MONDO:0014146,HGNC:4379
MONDO:0014226,HGNC:12565
MONDO:0014226,HGNC:12565
MONDO:0014371,HGNC:19190
MONDO:0014371,HGNC:19190
MONDO:0014386,HGNC:9879
MONDO:0014386,HGNC:9879
MONDO:0014495,HGNC:17964
MONDO:0014495,HGNC:17964
MONDO:0014621,HGNC:6239
MONDO:0014698,HGNC:18119
MONDO:0014698,HGNC:18119
MONDO:0014798,HGNC:1077
MONDO:0015004,HGNC:15840
MONDO:0015004,HGNC:15840
MONDO:0015166,HGNC:6342
MONDO:0015166,HGNC:1535
MONDO:0015166,HGNC:10471
MONDO:0015166,HGNC:1833
MONDO:0015166,HGNC:3765
MONDO:0017239,HGNC:6343
MONDO:0017940,HGNC:6323
MONDO:0019412,HGNC:2200
MONDO:0020692,HGNC:2909
MONDO:0020692,HGNC:29659
MONDO:0020736,HGNC:18337
MONDO:0030330,HGNC:9787
MONDO:0030514,HGNC:25552
MONDO:0030968,HGNC:4571
MONDO:0035362,HGNC:16379
MONDO:0044635,HGNC:2876
MONDO:0054752,HGNC:4221
MONDO:0007105,HGNC:28337
MONDO:0007154,HGNC:6018
MONDO:0007154,HGNC:6407
MONDO:0007762,HGNC:17288
MONDO:0007762,HGNC:17288
MONDO:0007818,HGNC:11364
MONDO:0007818,HGNC:11364
MONDO:0007841,HGNC:11603
MONDO:0007841,HGNC:11603
MONDO:0008092,HGNC:2439
MONDO:0008092,HGNC:2439
MONDO:0008765,HGNC:10294
MONDO:0008907,HGNC:9115
MONDO:0008907,HGNC:9115
MONDO:0009579,HGNC:29242
MONDO:0009579,HGNC:29242
MONDO:0009617,HGNC:6954
MONDO:0009749,HGNC:4137
MONDO:0009749,HGNC:4137
MONDO:0009871,HGNC:30477
MONDO:0010712,HGNC:11199
MONDO:0010856,HGNC:9008
MONDO:0010856,HGNC:12363
MONDO:0011058,HGNC:2180
MONDO:0011714,HGNC:1527
MONDO:0012399,HGNC:30829
MONDO:0012399,HGNC:30829
MONDO:0012529,HGNC:10411
MONDO:0012622,HGNC:25538
MONDO:0012622,HGNC:25538
MONDO:0013067,HGNC:3808
MONDO:0013460,HGNC:17321
MONDO:0013478,HGNC:9076
MONDO:0013478,HGNC:9076
MONDO:0013767,HGNC:7989
MONDO:0013767,HGNC:6407
MONDO:0013767,HGNC:6407
MONDO:0013767,HGNC:7989
MONDO:0013786,HGNC:27232
MONDO:0013970,HGNC:16902
MONDO:0013970,HGNC:16902
MONDO:0014026,HGNC:24783
MONDO:0014085,HGNC:7208
MONDO:0014197,HGNC:6819
MONDO:0014197,HGNC:6819
MONDO:0014408,HGNC:1583
MONDO:0014440,HGNC:26648
MONDO:0014515,HGNC:28486
MONDO:0014692,HGNC:967
MONDO:0014793,HGNC:10545
MONDO:0014793,HGNC:10545
MONDO:0014938,HGNC:19016
MONDO:0014946,HGNC:1919
MONDO:0014946,HGNC:1919
MONDO:0015788,HGNC:3551
MONDO:0016481,HGNC:4713
MONDO:0016481,HGNC:5466
MONDO:0016607,HGNC:438
MONDO:0016988,HGNC:5024
MONDO:0018773,HGNC:30171
MONDO:0019082,HGNC:4948
MONDO:0019082,HGNC:4944
MONDO:0019487,HGNC:11005
MONDO:0020748,HGNC:13886
MONDO:0020854,HGNC:10602
MONDO:0021427,HGNC:6062
MONDO:0021427,HGNC:11905
MONDO:0021427,HGNC:9588
MONDO:0025712,HGNC:9071
MONDO:0030007,HGNC:8849
MONDO:0030063,HGNC:4599
MONDO:0032869,HGNC:30889
MONDO:0033556,HGNC:3007
MONDO:0035153,HGNC:17728
MONDO:0035153,HGNC:16252
MONDO:0035650,HGNC:2933
MONDO:0054740,HGNC:1748
MONDO:0850095,HGNC:1044
MONDO:0859200,HGNC:24662
MONDO:0859200,HGNC:24662
MONDO:0957544,HGNC:9059
MONDO:0957820,HGNC:18619
MONDO:0958200,HGNC:2484
MONDO:0958241,HGNC:19012
MONDO:0006825,HGNC:9449
MONDO:0007311,HGNC:9118
MONDO:0007311,HGNC:9118
MONDO:0007333,HGNC:6121
MONDO:0007378,HGNC:15804
MONDO:0007932,HGNC:34
MONDO:0008161,HGNC:3681
MONDO:0008173,HGNC:6443
MONDO:0008173,HGNC:6423
MONDO:0008206,HGNC:1165
MONDO:0008340,HGNC:30939
MONDO:0008340,HGNC:18603
MONDO:0008970,HGNC:9608
MONDO:0008970,HGNC:9608
MONDO:0009448,HGNC:27960
MONDO:0009448,HGNC:30927
MONDO:0009448,HGNC:18762
MONDO:0009448,HGNC:26441
MONDO:0009448,HGNC:18762
MONDO:0009875,HGNC:2153
MONDO:0010370,HGNC:11111
MONDO:0010456,HGNC:11752
MONDO:0011022,HGNC:24156
MONDO:0011022,HGNC:450
MONDO:0011022,HGNC:3513
MONDO:0011309,HGNC:12373
MONDO:0011309,HGNC:12373
MONDO:0011376,HGNC:10593
MONDO:0011421,HGNC:18802
MONDO:0011901,HGNC:15968
MONDO:0012073,HGNC:10297
MONDO:0012073,HGNC:10297
MONDO:0012108,HGNC:6909
MONDO:0012108,HGNC:6909
MONDO:0012349,HGNC:6560
MONDO:0012433,HGNC:29021
MONDO:0012506,HGNC:3036
MONDO:0012828,HGNC:6224
MONDO:0012853,HGNC:20662
MONDO:0012853,HGNC:20662
MONDO:0012853,HGNC:20662
MONDO:0013226,HGNC:8977
MONDO:0013226,HGNC:30767
MONDO:0013226,HGNC:30767
MONDO:0013226,HGNC:8977
MONDO:0013421,HGNC:1353
MONDO:0013778,HGNC:14540
MONDO:0013778,HGNC:14540
MONDO:0014343,HGNC:6000
MONDO:0014343,HGNC:5391
MONDO:0014343,HGNC:3663
MONDO:0014343,HGNC:3689
MONDO:0014343,HGNC:21317
MONDO:0014343,HGNC:23068
MONDO:0014343,HGNC:8923
MONDO:0014343,HGNC:12774
MONDO:0014343,HGNC:30074
MONDO:0014343,HGNC:2978
MONDO:0014343,HGNC:2606
MONDO:0014343,HGNC:15979
MONDO:0014343,HGNC:4124
MONDO:0014343,HGNC:18008
MONDO:0014343,HGNC:3512
MONDO:0014343,HGNC:4220
MONDO:0014343,HGNC:9177
MONDO:0014343,HGNC:9879
MONDO:0014343,HGNC:1744
MONDO:0014343,HGNC:11551
MONDO:0014343,HGNC:1069
MONDO:0014343,HGNC:17582
MONDO:0014343,HGNC:10447
MONDO:0014343,HGNC:20581
MONDO:0014343,HGNC:1097
MONDO:0014343,HGNC:12766
MONDO:0014343,HGNC:29110
MONDO:0014343,HGNC:18591
MONDO:0014343,HGNC:9091
MONDO:0014343,HGNC:23096
MONDO:0014343,HGNC:7166
MONDO:0014343,HGNC:6948
MONDO:0014343,HGNC:19189
MONDO:0014343,HGNC:5464
MONDO:0014343,HGNC:124
MONDO:0014343,HGNC:2909
MONDO:0014343,HGNC:16400
MONDO:0014343,HGNC:15464
MONDO:0014343,HGNC:16075
MONDO:0014343,HGNC:6021
MONDO:0014343,HGNC:6716
MONDO:0014343,HGNC:6636
MONDO:0014343,HGNC:4556
MONDO:0014343,HGNC:24154
MONDO:0014343,HGNC:4198
MONDO:0014343,HGNC:13243
MONDO:0014343,HGNC:6595
MONDO:0014343,HGNC:30348
MONDO:0014343,HGNC:3084
MONDO:0014343,HGNC:25815
MONDO:0014343,HGNC:25660
MONDO:0014343,HGNC:30764
MONDO:0014343,HGNC:29832
MONDO:0014343,HGNC:20218
MONDO:0014343,HGNC:19102
MONDO:0014343,HGNC:30760
MONDO:0014343,HGNC:18481
MONDO:0014343,HGNC:6715
MONDO:0014343,HGNC:3513
MONDO:0014343,HGNC:11602
MONDO:0014343,HGNC:2919
MONDO:0014343,HGNC:24725
MONDO:0014343,HGNC:7160
MONDO:0014343,HGNC:9949
MONDO:0014343,HGNC:8754
MONDO:0014343,HGNC:11769
MONDO:0014343,HGNC:11603
MONDO:0014343,HGNC:29420
MONDO:0014343,HGNC:16110
MONDO:0014343,HGNC:18169
MONDO:0014343,HGNC:4877
MONDO:0014343,HGNC:7945
MONDO:0014343,HGNC:3087
MONDO:0014343,HGNC:7159
MONDO:0014343,HGNC:17722
MONDO:0014343,HGNC:29298
MONDO:0014343,HGNC:17271
MONDO:0014343,HGNC:18625
MONDO:0014343,HGNC:6826
MONDO:0014343,HGNC:29824
MONDO:0014343,HGNC:26527
MONDO:0014343,HGNC:1077
MONDO:0014343,HGNC:29670
MONDO:0014343,HGNC:11109
MONDO:0014343,HGNC:1546
MONDO:0014343,HGNC:24519
MONDO:0014343,HGNC:11199
MONDO:0014343,HGNC:15977
MONDO:0014343,HGNC:7944
MONDO:0014343,HGNC:17797
MONDO:0014343,HGNC:2932
MONDO:0014343,HGNC:6391
MONDO:0014343,HGNC:12782
MONDO:0014343,HGNC:5383
MONDO:0014343,HGNC:1736
MONDO:0014343,HGNC:11773
MONDO:0014343,HGNC:4422
MONDO:0014343,HGNC:4267
MONDO:0014343,HGNC:12930
MONDO:0014343,HGNC:12449
MONDO:0014343,HGNC:5468
MONDO:0014343,HGNC:11103
MONDO:0014343,HGNC:15924
MONDO:0014343,HGNC:3255
MONDO:0014343,HGNC:18608
MONDO:0014343,HGNC:11195
MONDO:0014343,HGNC:17151
MONDO:0014343,HGNC:12785
MONDO:0014343,HGNC:9184
MONDO:0014343,HGNC:9891
MONDO:0014343,HGNC:1514
MONDO:0014343,HGNC:5382
MONDO:0014343,HGNC:26019
MONDO:0014343,HGNC:28296
MONDO:0014343,HGNC:15836
MONDO:0014343,HGNC:8487
MONDO:0014343,HGNC:19358
MONDO:0014343,HGNC:13520
MONDO:0014343,HGNC:3497
MONDO:0014343,HGNC:14063
MONDO:0014343,HGNC:4263
MONDO:0014343,HGNC:8824
MONDO:0014343,HGNC:4451
MONDO:0014343,HGNC:35126
MONDO:0014343,HGNC:23694
MONDO:0014343,HGNC:1739
MONDO:0014343,HGNC:10031
MONDO:0014343,HGNC:11397
MONDO:0014343,HGNC:1971
MONDO:0014343,HGNC:4274
MONDO:0014343,HGNC:2910
MONDO:0014343,HGNC:14906
MONDO:0014343,HGNC:25535
MONDO:0014343,HGNC:10818
MONDO:0014343,HGNC:25801
MONDO:0014343,HGNC:11766
MONDO:0014343,HGNC:5193
MONDO:0014343,HGNC:6840
MONDO:0014343,HGNC:20197
MONDO:0014343,HGNC:8859
MONDO:0014343,HGNC:26222
MONDO:0014343,HGNC:3600
MONDO:0014343,HGNC:319
MONDO:0014343,HGNC:25676
MONDO:0014343,HGNC:7060
MONDO:0014343,HGNC:4696
MONDO:0014343,HGNC:1133
MONDO:0014343,HGNC:5363
MONDO:0014343,HGNC:3687
MONDO:0014343,HGNC:7392
MONDO:0014343,HGNC:10933
MONDO:0014343,HGNC:11153
MONDO:0014343,HGNC:18873
MONDO:0014343,HGNC:8604
MONDO:0014343,HGNC:2379
MONDO:0014343,HGNC:8860
MONDO:0014343,HGNC:30129
MONDO:0014343,HGNC:25507
MONDO:0014343,HGNC:4713
MONDO:0014343,HGNC:3768
MONDO:0014343,HGNC:7132
MONDO:0014343,HGNC:17109
MONDO:0014343,HGNC:7227
MONDO:0014343,HGNC:327
MONDO:0014343,HGNC:3498
MONDO:0014343,HGNC:6518
MONDO:0014343,HGNC:3179
MONDO:0014343,HGNC:8617
MONDO:0014343,HGNC:14313
MONDO:0014343,HGNC:26690
MONDO:0014343,HGNC:17213
MONDO:0014343,HGNC:27030
MONDO:0014343,HGNC:6263
MONDO:0014343,HGNC:13655
MONDO:0014343,HGNC:14450
MONDO:0014343,HGNC:3518
MONDO:0014343,HGNC:1494
MONDO:0014343,HGNC:5389
MONDO:0014343,HGNC:7765
MONDO:0014343,HGNC:21652
MONDO:0014343,HGNC:11301
MONDO:0014343,HGNC:18179
MONDO:0014343,HGNC:11768
MONDO:0014343,HGNC:6871
MONDO:0014343,HGNC:10771
MONDO:0014343,HGNC:34016
MONDO:0014343,HGNC:26219
MONDO:0014343,HGNC:6842
MONDO:0014343,HGNC:8999
MONDO:0014343,HGNC:17877
MONDO:0014343,HGNC:20323
MONDO:0014343,HGNC:4040
MONDO:0014343,HGNC:1762
MONDO:0014343,HGNC:21732
MONDO:0014343,HGNC:15901
MONDO:0014343,HGNC:30497
MONDO:0014343,HGNC:5102
MONDO:0014343,HGNC:29316
MONDO:0014343,HGNC:4979
MONDO:0014343,HGNC:467
MONDO:0014343,HGNC:6654
MONDO:0014343,HGNC:20194
MONDO:0014343,HGNC:6831
MONDO:0014343,HGNC:6407
MONDO:0014343,HGNC:12679
MONDO:0014343,HGNC:25640
MONDO:0014343,HGNC:10524
MONDO:0014343,HGNC:6714
MONDO:0014343,HGNC:29242
MONDO:0014343,HGNC:15516
MONDO:0014343,HGNC:1856
MONDO:0014343,HGNC:15672
MONDO:0014343,HGNC:9282
MONDO:0014343,HGNC:24290
MONDO:0014343,HGNC:9964
MONDO:0014343,HGNC:3688
MONDO:0014343,HGNC:3690
MONDO:0014343,HGNC:9251
MONDO:0014343,HGNC:10023
MONDO:0014343,HGNC:9004
MONDO:0014343,HGNC:11623
MONDO:0014343,HGNC:9388
MONDO:0014343,HGNC:930
MONDO:0014343,HGNC:14631
MONDO:0014343,HGNC:428
MONDO:0014343,HGNC:11594
MONDO:0014343,HGNC:29022
MONDO:0014343,HGNC:17861
MONDO:0014343,HGNC:11111
MONDO:0014343,HGNC:4796
MONDO:0014343,HGNC:8783
MONDO:0014343,HGNC:24488
MONDO:0014343,HGNC:5101
MONDO:0014343,HGNC:7523
MONDO:0014343,HGNC:10472
MONDO:0014343,HGNC:7989
MONDO:0014343,HGNC:3686
MONDO:0014343,HGNC:17422
MONDO:0014343,HGNC:318
MONDO:0014343,HGNC:9005
MONDO:0014343,HGNC:2200
MONDO:0014343,HGNC:4266
MONDO:0014343,HGNC:19129
MONDO:0014343,HGNC:18620
MONDO:0014343,HGNC:2567
MONDO:0014343,HGNC:8490
MONDO:0014343,HGNC:21316
MONDO:0014343,HGNC:28887
MONDO:0014343,HGNC:7559
MONDO:0014343,HGNC:27230
MONDO:0014343,HGNC:7758
MONDO:0014343,HGNC:11795
MONDO:0014343,HGNC:10778
MONDO:0014343,HGNC:17075
MONDO:0014343,HGNC:20324
MONDO:0014343,HGNC:5244
MONDO:0014343,HGNC:11100
MONDO:0014343,HGNC:12786
MONDO:0014343,HGNC:4125
MONDO:0014343,HGNC:450
MONDO:0014343,HGNC:5956
MONDO:0014343,HGNC:20376
MONDO:0014343,HGNC:15517
MONDO:0014343,HGNC:8918
MONDO:0014343,HGNC:13201
MONDO:0014343,HGNC:9255
MONDO:0014343,HGNC:7573
MONDO:0014343,HGNC:6469
MONDO:0014343,HGNC:14312
MONDO:0014343,HGNC:29679
MONDO:0014343,HGNC:17978
MONDO:0014343,HGNC:18666
MONDO:0014343,HGNC:11909
MONDO:0014343,HGNC:24662
MONDO:0014343,HGNC:6305
MONDO:0014343,HGNC:2218
MONDO:0014343,HGNC:7744
MONDO:0014343,HGNC:5465
MONDO:0014343,HGNC:26877
MONDO:0014343,HGNC:20800
MONDO:0014343,HGNC:8979
MONDO:0014343,HGNC:26513
MONDO:0014343,HGNC:9479
MONDO:0014343,HGNC:10303
MONDO:0014343,HGNC:16068
MONDO:0014343,HGNC:17264
MONDO:0014343,HGNC:2348
MONDO:0014343,HGNC:29216
MONDO:0014343,HGNC:7882
MONDO:0014343,HGNC:7029
MONDO:0014343,HGNC:6473
MONDO:0014343,HGNC:15454
MONDO:0014343,HGNC:3133
MONDO:0014343,HGNC:923
MONDO:0014343,HGNC:2186
MONDO:0014343,HGNC:2217
MONDO:0014343,HGNC:7801
MONDO:0014343,HGNC:9839
MONDO:0014343,HGNC:24464
MONDO:0014343,HGNC:21862
MONDO:0014343,HGNC:4387
MONDO:0014343,HGNC:19046
MONDO:0014343,HGNC:15492
MONDO:0014343,HGNC:37234
MONDO:0014343,HGNC:16960
MONDO:0014343,HGNC:2731
MONDO:0014343,HGNC:438
MONDO:0014343,HGNC:9416
MONDO:0014343,HGNC:9607
MONDO:0014343,HGNC:25789
MONDO:0014343,HGNC:17761
MONDO:0014343,HGNC:9811
MONDO:0014343,HGNC:13556
MONDO:0014343,HGNC:9059
MONDO:0014343,HGNC:29168
MONDO:0014343,HGNC:2187
MONDO:0014343,HGNC:2185
MONDO:0014343,HGNC:2197
MONDO:0014343,HGNC:11204
MONDO:0014343,HGNC:9721
MONDO:0014343,HGNC:21637
MONDO:0014343,HGNC:12877
MONDO:0014343,HGNC:24595
MONDO:0014343,HGNC:24036
MONDO:0014343,HGNC:11605
MONDO:0014343,HGNC:7013
MONDO:0014343,HGNC:20422
MONDO:0014343,HGNC:5154
MONDO:0014343,HGNC:22986
MONDO:0014343,HGNC:449
MONDO:0014343,HGNC:4454
MONDO:0014343,HGNC:21390
MONDO:0014343,HGNC:11386
MONDO:0014343,HGNC:6742
MONDO:0014343,HGNC:132
MONDO:0014343,HGNC:9056
MONDO:0014343,HGNC:2023
MONDO:0014343,HGNC:15808
MONDO:0014343,HGNC:1541
MONDO:0014343,HGNC:2859
MONDO:0014343,HGNC:2198
MONDO:0014343,HGNC:18683
MONDO:0014343,HGNC:14615
MONDO:0014343,HGNC:24542
MONDO:0014343,HGNC:6545
MONDO:0014343,HGNC:5948
MONDO:0014343,HGNC:22140
MONDO:0014343,HGNC:2867
MONDO:0014343,HGNC:23026
MONDO:0014343,HGNC:11604
MONDO:0014343,HGNC:882
MONDO:0014343,HGNC:3226
MONDO:0014343,HGNC:6697
MONDO:0014343,HGNC:15455
MONDO:0014343,HGNC:17493
MONDO:0014343,HGNC:24575
MONDO:0014343,HGNC:11609
MONDO:0014343,HGNC:6344
MONDO:0014343,HGNC:31527
MONDO:0014343,HGNC:10825
MONDO:0014343,HGNC:10298
MONDO:0014343,HGNC:714
MONDO:0014343,HGNC:6597
MONDO:0014343,HGNC:3373
MONDO:0014343,HGNC:20391
MONDO:0014343,HGNC:30391
MONDO:0014343,HGNC:4221
MONDO:0014343,HGNC:17042
MONDO:0014343,HGNC:11188
MONDO:0014343,HGNC:18083
MONDO:0014343,HGNC:14263
MONDO:0014343,HGNC:4318
MONDO:0014343,HGNC:4122
MONDO:0014343,HGNC:11364
MONDO:0014343,HGNC:28395
MONDO:0014343,HGNC:17272
MONDO:0014343,HGNC:3147
MONDO:0014343,HGNC:6859
MONDO:0014343,HGNC:29077
MONDO:0014343,HGNC:6485
MONDO:0014343,HGNC:20859
MONDO:0014343,HGNC:2536
MONDO:0014343,HGNC:10896
MONDO:0014343,HGNC:29017
MONDO:0014343,HGNC:9045
MONDO:0014343,HGNC:9829
MONDO:0014343,HGNC:11187
MONDO:0014343,HGNC:3444
MONDO:0014343,HGNC:4319
MONDO:0014343,HGNC:10449
MONDO:0014343,HGNC:19237
MONDO:0014343,HGNC:4218
MONDO:0014343,HGNC:21734
MONDO:0014343,HGNC:16268
MONDO:0014343,HGNC:719
MONDO:0014343,HGNC:5466
MONDO:0014343,HGNC:18040
MONDO:0014343,HGNC:19869
MONDO:0014343,HGNC:19316
MONDO:0014343,HGNC:649
MONDO:0014343,HGNC:9082
MONDO:0014343,HGNC:3176
MONDO:0014343,HGNC:25367
MONDO:0014343,HGNC:17085
MONDO:0014343,HGNC:4392
MONDO:0014343,HGNC:7866
MONDO:0014343,HGNC:23017
MONDO:0014343,HGNC:8548
MONDO:0014343,HGNC:1260
MONDO:0014343,HGNC:9208
MONDO:0014343,HGNC:19747
MONDO:0014343,HGNC:29253
MONDO:0014343,HGNC:24641
MONDO:0014343,HGNC:9081
MONDO:0014343,HGNC:9608
MONDO:0014343,HGNC:2219
MONDO:0014343,HGNC:15625
MONDO:0014343,HGNC:9210
MONDO:0014343,HGNC:5273
MONDO:0014343,HGNC:1067
MONDO:0014343,HGNC:12784
MONDO:0014343,HGNC:30858
MONDO:0014343,HGNC:29685
MONDO:0014343,HGNC:9380
MONDO:0014343,HGNC:1044
MONDO:0014343,HGNC:11647
MONDO:0014343,HGNC:2916
MONDO:0014343,HGNC:3680
MONDO:0014343,HGNC:2939
MONDO:0014343,HGNC:14974
MONDO:0014343,HGNC:12428
MONDO:0014343,HGNC:2227
MONDO:0014343,HGNC:30595
MONDO:0014343,HGNC:12775
MONDO:0014343,HGNC:3666
MONDO:0014343,HGNC:5009
MONDO:0014343,HGNC:28583
MONDO:0014343,HGNC:25018
MONDO:0014343,HGNC:4261
MONDO:0014343,HGNC:12831
MONDO:0014343,HGNC:9455
MONDO:0014343,HGNC:19721
MONDO:0014343,HGNC:9537
MONDO:0014343,HGNC:10847
MONDO:0014343,HGNC:18345
MONDO:0014343,HGNC:3356
MONDO:0014343,HGNC:29092
MONDO:0014343,HGNC:6408
MONDO:0014343,HGNC:16783
MONDO:0014343,HGNC:13398
MONDO:0014343,HGNC:27337
MONDO:0014343,HGNC:26185
MONDO:0014343,HGNC:16644
MONDO:0014343,HGNC:3233
MONDO:0014343,HGNC:20580
MONDO:0014343,HGNC:11367
MONDO:0014343,HGNC:171
MONDO:0014343,HGNC:10723
MONDO:0014343,HGNC:6696
MONDO:0014343,HGNC:7632
MONDO:0014343,HGNC:2918
MONDO:0014343,HGNC:10706
MONDO:0014343,HGNC:11257
MONDO:0014343,HGNC:11219
MONDO:0014343,HGNC:8522
MONDO:0014343,HGNC:29239
MONDO:0014343,HGNC:18150
MONDO:0014343,HGNC:3005
MONDO:0014343,HGNC:14006
MONDO:0014343,HGNC:3778
MONDO:0014343,HGNC:18856
MONDO:0014343,HGNC:2962
MONDO:0014343,HGNC:20249
MONDO:0014343,HGNC:29669
MONDO:0014343,HGNC:8768
MONDO:0014343,HGNC:19980
MONDO:0014343,HGNC:19960
MONDO:0014343,HGNC:2433
MONDO:0014343,HGNC:26558
MONDO:0014343,HGNC:28862
MONDO:0014343,HGNC:6010
MONDO:0014343,HGNC:9381
MONDO:0014343,HGNC:3527
MONDO:0014343,HGNC:11772
MONDO:0014343,HGNC:18340
MONDO:0014343,HGNC:28396
MONDO:0014343,HGNC:6560
MONDO:0014343,HGNC:29021
MONDO:0014343,HGNC:13771
MONDO:0014343,HGNC:26837
MONDO:0014343,HGNC:19440
MONDO:0014343,HGNC:18420
MONDO:0014343,HGNC:10955
MONDO:0014343,HGNC:6768
MONDO:0014343,HGNC:28482
MONDO:0014343,HGNC:5960
MONDO:0014343,HGNC:12305
MONDO:0014343,HGNC:11908
MONDO:0014343,HGNC:951
MONDO:0014343,HGNC:8778
MONDO:0014343,HGNC:29659
MONDO:0014343,HGNC:7881
MONDO:0014343,HGNC:26262
MONDO:0014343,HGNC:5724
MONDO:0014343,HGNC:21219
MONDO:0014343,HGNC:17321
MONDO:0014343,HGNC:11654
MONDO:0014343,HGNC:9277
MONDO:0014343,HGNC:3755
MONDO:0014343,HGNC:11102
MONDO:0014343,HGNC:7176
MONDO:0014343,HGNC:26887
MONDO:0014343,HGNC:16873
MONDO:0014343,HGNC:4416
MONDO:0014343,HGNC:6769
MONDO:0014343,HGNC:4006
MONDO:0014343,HGNC:10848
MONDO:0014343,HGNC:9719
MONDO:0014343,HGNC:29250
MONDO:0014343,HGNC:11926
MONDO:0014343,HGNC:25123
MONDO:0014343,HGNC:2025
MONDO:0014343,HGNC:7413
MONDO:0014343,HGNC:12340
MONDO:0014343,HGNC:21024
MONDO:0014343,HGNC:6080
MONDO:0014343,HGNC:28526
MONDO:0014343,HGNC:7121
MONDO:0014343,HGNC:21144
MONDO:0014343,HGNC:28434
MONDO:0014343,HGNC:6770
MONDO:0014343,HGNC:4612
MONDO:0014343,HGNC:16974
MONDO:0014343,HGNC:24931
MONDO:0014343,HGNC:7788
MONDO:0014343,HGNC:2993
MONDO:0014343,HGNC:2468
MONDO:0014343,HGNC:1144
MONDO:0014343,HGNC:7941
MONDO:0014343,HGNC:5136
MONDO:0014343,HGNC:23088
MONDO:0014343,HGNC:4298
MONDO:0014343,HGNC:5961
MONDO:0014343,HGNC:25774
MONDO:0014343,HGNC:23151
MONDO:0014343,HGNC:3604
MONDO:0014343,HGNC:13315
MONDO:0014343,HGNC:20662
MONDO:0014343,HGNC:9803
MONDO:0014343,HGNC:10994
MONDO:0014343,HGNC:29262
MONDO:0014343,HGNC:24576
MONDO:0014343,HGNC:60
MONDO:0014343,HGNC:5173
MONDO:0014343,HGNC:9644
MONDO:0014343,HGNC:20305
MONDO:0014343,HGNC:9587
MONDO:0014343,HGNC:1373
MONDO:0014343,HGNC:17198
MONDO:0014343,HGNC:23056
MONDO:0014343,HGNC:26031
MONDO:0014343,HGNC:10257
MONDO:0014343,HGNC:9905
MONDO:0014343,HGNC:1786
MONDO:0014343,HGNC:10853
MONDO:0014343,HGNC:12771
MONDO:0014343,HGNC:3754
MONDO:0014343,HGNC:3603
MONDO:0014343,HGNC:6909
MONDO:0014343,HGNC:11582
MONDO:0014343,HGNC:14234
MONDO:0014602,HGNC:9312
MONDO:0014602,HGNC:9312
MONDO:0014632,HGNC:30262
MONDO:0014632,HGNC:30262
MONDO:0014787,HGNC:25491
MONDO:0014787,HGNC:25491
MONDO:0014848,HGNC:29099
MONDO:0014848,HGNC:29099
MONDO:0014856,HGNC:26022
MONDO:0014856,HGNC:26022
MONDO:0014892,HGNC:12303
MONDO:0014892,HGNC:12303
MONDO:0015552,HGNC:2214
MONDO:0016814,HGNC:7489
MONDO:0016814,HGNC:7462
MONDO:0016814,HGNC:7461
MONDO:0016814,HGNC:7414
MONDO:0016814,HGNC:7500
MONDO:0016814,HGNC:7501
MONDO:0016814,HGNC:7490
MONDO:0016814,HGNC:7459
MONDO:0016814,HGNC:7458
MONDO:0016814,HGNC:7456
MONDO:0016814,HGNC:7455
MONDO:0017844,HGNC:11917
MONDO:0017844,HGNC:1653
MONDO:0017844,HGNC:2505
MONDO:0020382,HGNC:9942
MONDO:0024525,HGNC:4175
MONDO:0026720,HGNC:7683
MONDO:0030895,HGNC:16859
MONDO:0030915,HGNC:23625
MONDO:0032577,HGNC:694
MONDO:0032761,HGNC:4562
MONDO:0032776,HGNC:26991
MONDO:0032796,HGNC:6021
MONDO:0032846,HGNC:13520
MONDO:0033549,HGNC:315
MONDO:0044641,HGNC:11444
MONDO:0044641,HGNC:6654
MONDO:0859527,HGNC:19987
MONDO:0957254,HGNC:823
MONDO:0007875,HGNC:24290
MONDO:0007875,HGNC:1971
MONDO:0007875,HGNC:25676
MONDO:0007875,HGNC:17978
MONDO:0007875,HGNC:6391
MONDO:0007875,HGNC:19721
MONDO:0007875,HGNC:10896
MONDO:0007875,HGNC:930
MONDO:0007875,HGNC:26270
MONDO:0007875,HGNC:923
MONDO:0007875,HGNC:15808
MONDO:0007875,HGNC:3755
MONDO:0007875,HGNC:9083
MONDO:0007875,HGNC:15517
MONDO:0007875,HGNC:15516
MONDO:0007875,HGNC:8546
MONDO:0007875,HGNC:3755
MONDO:0008887,HGNC:10600
MONDO:0008887,HGNC:1884
MONDO:0009610,HGNC:890
MONDO:0009610,HGNC:890
MONDO:0009879,HGNC:4261
MONDO:0009879,HGNC:4261
MONDO:0009953,HGNC:20197
MONDO:0009953,HGNC:20197
MONDO:0010206,HGNC:15520
MONDO:0010212,HGNC:3434
MONDO:0010400,HGNC:3702
MONDO:0010400,HGNC:3702
MONDO:0010661,HGNC:9910
MONDO:0010661,HGNC:9910
MONDO:0011291,HGNC:23157
MONDO:0011291,HGNC:23157
MONDO:0011436,HGNC:5542
MONDO:0011436,HGNC:5542
MONDO:0011778,HGNC:30497
MONDO:0011778,HGNC:30497
MONDO:0011873,HGNC:14537
MONDO:0012456,HGNC:3808
MONDO:0012456,HGNC:3808
MONDO:0012514,HGNC:24587
MONDO:0012514,HGNC:24587
MONDO:0012530,HGNC:21679
MONDO:0012530,HGNC:21679
MONDO:0013139,HGNC:4237
MONDO:0013358,HGNC:17272
MONDO:0013377,HGNC:4218
MONDO:0013533,HGNC:6619
MONDO:0013533,HGNC:6619
MONDO:0013537,HGNC:2035
MONDO:0013595,HGNC:1062
MONDO:0013595,HGNC:1062
MONDO:0013775,HGNC:11784
MONDO:0013775,HGNC:11784
MONDO:0013829,HGNC:3439
MONDO:0014000,HGNC:17075
MONDO:0014066,HGNC:12586
MONDO:0014083,HGNC:8979
MONDO:0014091,HGNC:823
MONDO:0014138,HGNC:30372
MONDO:0014154,HGNC:29105
MONDO:0014154,HGNC:29105
MONDO:0014270,HGNC:6172
MONDO:0014270,HGNC:6172
MONDO:0014286,HGNC:24526
MONDO:0014335,HGNC:9751
MONDO:0014335,HGNC:9751
MONDO:0014483,HGNC:6174
MONDO:0014483,HGNC:6174
MONDO:0014512,HGNC:9701
MONDO:0014512,HGNC:9701
MONDO:0014790,HGNC:18085
MONDO:0014790,HGNC:18085
MONDO:0014817,HGNC:28958
MONDO:0014906,HGNC:16877
MONDO:0015054,HGNC:1228
MONDO:0016268,HGNC:3430
MONDO:0017056,HGNC:3091
MONDO:0017826,HGNC:358
MONDO:0017826,HGNC:7010
MONDO:0018495,HGNC:9462
MONDO:0019075,HGNC:5099
MONDO:0020737,HGNC:18647
MONDO:0024562,HGNC:10593
MONDO:0030454,HGNC:27344
MONDO:0030921,HGNC:21042
MONDO:0032636,HGNC:7690
MONDO:0033366,HGNC:18866
MONDO:0034186,HGNC:10719
MONDO:0044642,HGNC:26938
MONDO:0060759,HGNC:14282
MONDO:0060759,HGNC:14282
MONDO:0859328,HGNC:19903
MONDO:0957991,HGNC:25678
MONDO:0007245,HGNC:6742
MONDO:0008478,HGNC:2200
MONDO:0008478,HGNC:2200
MONDO:0009107,HGNC:10994
MONDO:0009107,HGNC:10994
MONDO:0009258,HGNC:4135
MONDO:0009258,HGNC:4135
MONDO:0009683,HGNC:16380
MONDO:0009683,HGNC:16380
MONDO:0010414,HGNC:3702
MONDO:0010427,HGNC:18475
MONDO:0010726,HGNC:6990
MONDO:0010726,HGNC:6990
MONDO:0010829,HGNC:9476
MONDO:0010829,HGNC:9476
MONDO:0010849,HGNC:638
MONDO:0010849,HGNC:638
MONDO:0011473,HGNC:31923
MONDO:0011925,HGNC:6482
MONDO:0011925,HGNC:6482
MONDO:0012123,HGNC:3005
MONDO:0012123,HGNC:3005
MONDO:0012247,HGNC:3671
MONDO:0012293,HGNC:14674
MONDO:0012308,HGNC:7905
MONDO:0012308,HGNC:14432
MONDO:0012308,HGNC:7905
MONDO:0012308,HGNC:29168
MONDO:0012363,HGNC:29675
MONDO:0012477,HGNC:30859
MONDO:0012594,HGNC:5394
MONDO:0012594,HGNC:5394
MONDO:0012684,HGNC:6207
MONDO:0012687,HGNC:7165
MONDO:0012687,HGNC:7165
MONDO:0012804,HGNC:2472
MONDO:0012892,HGNC:9255
MONDO:0012892,HGNC:6697
MONDO:0012892,HGNC:1971
MONDO:0012892,HGNC:15455
MONDO:0012892,HGNC:17978
MONDO:0012892,HGNC:12774
MONDO:0012892,HGNC:25535
MONDO:0012892,HGNC:3054
MONDO:0012892,HGNC:6597
MONDO:0012892,HGNC:6305
MONDO:0012892,HGNC:452
MONDO:0012892,HGNC:17321
MONDO:0012892,HGNC:2232
MONDO:0012892,HGNC:15516
MONDO:0012892,HGNC:18169
MONDO:0012892,HGNC:28395
MONDO:0012892,HGNC:26887
MONDO:0012892,HGNC:25676
MONDO:0012892,HGNC:18345
MONDO:0012892,HGNC:930
MONDO:0012892,HGNC:923
MONDO:0012892,HGNC:9091
MONDO:0012892,HGNC:2379
MONDO:0012892,HGNC:26185
MONDO:0012892,HGNC:16644
MONDO:0012892,HGNC:9083
MONDO:0012892,HGNC:1546
MONDO:0012892,HGNC:8546
MONDO:0012892,HGNC:438
MONDO:0012892,HGNC:19316
MONDO:0012892,HGNC:9082
MONDO:0012892,HGNC:10706
MONDO:0012892,HGNC:30301
MONDO:0012892,HGNC:11219
MONDO:0012892,HGNC:23088
MONDO:0012892,HGNC:12776
MONDO:0012892,HGNC:2197
MONDO:0012892,HGNC:19880
MONDO:0012892,HGNC:8548
MONDO:0012892,HGNC:18856
MONDO:0012892,HGNC:23697
MONDO:0012892,HGNC:6324
MONDO:0012892,HGNC:24008
MONDO:0012892,HGNC:13520
MONDO:0012892,HGNC:15625
MONDO:0012892,HGNC:2198
MONDO:0012892,HGNC:8824
MONDO:0012892,HGNC:15517
MONDO:0012892,HGNC:1067
MONDO:0012892,HGNC:9083
MONDO:0013044,HGNC:11784
MONDO:0013050,HGNC:24678
MONDO:0013050,HGNC:24678
MONDO:0013110,HGNC:3791
MONDO:0013110,HGNC:3791
MONDO:0013202,HGNC:11190
MONDO:0013359,HGNC:6266
MONDO:0013359,HGNC:6266
MONDO:0013612,HGNC:3603
MONDO:0013734,HGNC:12660
MONDO:0013828,HGNC:4329
MONDO:0014123,HGNC:24245
MONDO:0014158,HGNC:26724
MONDO:0014435,HGNC:18758
MONDO:0014506,HGNC:9870
MONDO:0014506,HGNC:9870
MONDO:0014719,HGNC:6176
MONDO:0014719,HGNC:6176
MONDO:0014765,HGNC:30839
MONDO:0014867,HGNC:7154
MONDO:0014867,HGNC:7154
MONDO:0014943,HGNC:11741
MONDO:0016653,HGNC:21637
MONDO:0017177,HGNC:8975
MONDO:0017454,HGNC:13243
MONDO:0017809,HGNC:30213
MONDO:0018198,HGNC:263
MONDO:0019346,HGNC:7758
MONDO:0020479,HGNC:358
MONDO:0020479,HGNC:7010
MONDO:0030261,HGNC:17286
MONDO:0030727,HGNC:4584
MONDO:0030800,HGNC:20758
MONDO:0031040,HGNC:12712
MONDO:0032673,HGNC:19918
MONDO:0032862,HGNC:32669
MONDO:0033683,HGNC:29401
MONDO:0044205,HGNC:25789
MONDO:0060556,HGNC:15808
MONDO:0060556,HGNC:15808
MONDO:0859083,HGNC:15631
MONDO:0859374,HGNC:33914
MONDO:0007338,HGNC:25839
MONDO:0007338,HGNC:12463
MONDO:0007615,HGNC:13243
MONDO:0007615,HGNC:13243
MONDO:0007636,HGNC:449
MONDO:0007636,HGNC:449
MONDO:0007764,HGNC:6697
MONDO:0007764,HGNC:6697
MONDO:0008251,HGNC:16446
MONDO:0008251,HGNC:16446
MONDO:0008516,HGNC:5136
MONDO:0008516,HGNC:5136
MONDO:0008723,HGNC:92
MONDO:0008723,HGNC:92
MONDO:0009452,HGNC:29331
MONDO:0009452,HGNC:29331
MONDO:0009454,HGNC:2979
MONDO:0009965,HGNC:28648
MONDO:0009965,HGNC:28648
MONDO:0011125,HGNC:3434
MONDO:0011190,HGNC:25660
MONDO:0011190,HGNC:17966
MONDO:0011190,HGNC:7907
MONDO:0011190,HGNC:13387
MONDO:0011190,HGNC:26724
MONDO:0011190,HGNC:16762
MONDO:0011190,HGNC:17870
MONDO:0011190,HGNC:17870
MONDO:0011553,HGNC:4066
MONDO:0011629,HGNC:24862
MONDO:0011629,HGNC:24862
MONDO:0011803,HGNC:11237
MONDO:0011803,HGNC:11237
MONDO:0012096,HGNC:30171
MONDO:0012096,HGNC:30171
MONDO:0012156,HGNC:1955
MONDO:0012197,HGNC:11730
MONDO:0012197,HGNC:19440
MONDO:0012197,HGNC:11727
MONDO:0012197,HGNC:9360
MONDO:0012197,HGNC:5438
MONDO:0012199,HGNC:2216
MONDO:0012699,HGNC:3622
MONDO:0012699,HGNC:3622
MONDO:0013147,HGNC:29557
MONDO:0013255,HGNC:20347
MONDO:0013429,HGNC:8786
MONDO:0013583,HGNC:6494
MONDO:0013583,HGNC:6494
MONDO:0013794,HGNC:6192
MONDO:0013937,HGNC:8851
MONDO:0014043,HGNC:15807
MONDO:0014043,HGNC:15807
MONDO:0014142,HGNC:22932
MONDO:0014142,HGNC:22932
MONDO:0014221,HGNC:12009
MONDO:0014221,HGNC:12009
MONDO:0014583,HGNC:1965
MONDO:0014597,HGNC:6122
MONDO:0014597,HGNC:6122
MONDO:0014649,HGNC:26114
MONDO:0014683,HGNC:2666
MONDO:0014828,HGNC:14628
MONDO:0016303,HGNC:18292
MONDO:0016306,HGNC:7897
MONDO:0016306,HGNC:14537
MONDO:0016656,HGNC:13875
MONDO:0017993,HGNC:3542
MONDO:0017993,HGNC:9460
MONDO:0017993,HGNC:3535
MONDO:0019407,HGNC:18620
MONDO:0019407,HGNC:18620
MONDO:0021011,HGNC:11825
MONDO:0024537,HGNC:30224
MONDO:0024537,HGNC:16187
MONDO:0029137,HGNC:8776
MONDO:0030437,HGNC:4061
MONDO:0030822,HGNC:4243
MONDO:0030883,HGNC:2227
MONDO:0031047,HGNC:2219
MONDO:0032812,HGNC:4076
MONDO:0033092,HGNC:29958
MONDO:0035220,HGNC:9071
MONDO:0054560,HGNC:10031
MONDO:0060732,HGNC:28583
MONDO:0100553,HGNC:17142
MONDO:0859154,HGNC:1974
MONDO:0958190,HGNC:30304
MONDO:0007104,HGNC:17994
MONDO:0007104,HGNC:16369
MONDO:0007104,HGNC:17994
MONDO:0007437,HGNC:3054
MONDO:0007437,HGNC:3054
MONDO:0007716,HGNC:4824
MONDO:0007716,HGNC:4823
MONDO:0007984,HGNC:10472
MONDO:0007984,HGNC:10472
MONDO:0008305,HGNC:4979
MONDO:0008305,HGNC:4979
MONDO:0008925,HGNC:21244
MONDO:0009006,HGNC:1248
MONDO:0009026,HGNC:5173
MONDO:0009026,HGNC:5173
MONDO:0009214,HGNC:3585
MONDO:0009706,HGNC:29882
MONDO:0009706,HGNC:29882
MONDO:0010284,HGNC:18786
MONDO:0011049,HGNC:6776
MONDO:0011085,HGNC:7679
MONDO:0011085,HGNC:7679
MONDO:0011551,HGNC:11782
MONDO:0011551,HGNC:11782
MONDO:0011551,HGNC:16831
MONDO:0012271,HGNC:35126
MONDO:0012271,HGNC:35126
MONDO:0012297,HGNC:20716
MONDO:0012297,HGNC:3760
MONDO:0012297,HGNC:20716
MONDO:0012483,HGNC:18286
MONDO:0013158,HGNC:6511
MONDO:0013525,HGNC:23247
MONDO:0013718,HGNC:18340
MONDO:0013743,HGNC:2959
MONDO:0013743,HGNC:1241
MONDO:0013743,HGNC:1246
MONDO:0013743,HGNC:2956
MONDO:0013743,HGNC:1323
MONDO:0013743,HGNC:2959
MONDO:0013755,HGNC:9721
MONDO:0013755,HGNC:9721
MONDO:0013931,HGNC:8859
MONDO:0013931,HGNC:8859
MONDO:0013942,HGNC:8857
MONDO:0014021,HGNC:497
MONDO:0014021,HGNC:497
MONDO:0014582,HGNC:1961
MONDO:0014638,HGNC:25009
MONDO:0014653,HGNC:20041
MONDO:0014702,HGNC:9722
MONDO:0014702,HGNC:9722
MONDO:0014932,HGNC:29110
MONDO:0015715,HGNC:3551
MONDO:0017360,HGNC:7526
MONDO:0017695,HGNC:4180
MONDO:0018564,HGNC:14255
MONDO:0018564,HGNC:25566
MONDO:0018655,HGNC:30074
MONDO:0019334,HGNC:6257
MONDO:0019456,HGNC:5383
MONDO:0019456,HGNC:5382
MONDO:0019456,HGNC:25941
MONDO:0019456,HGNC:2978
MONDO:0019456,HGNC:18318
MONDO:0019855,HGNC:8818
MONDO:0019855,HGNC:12373
MONDO:0019855,HGNC:3806
MONDO:0019855,HGNC:2488
MONDO:0019855,HGNC:8622
MONDO:0019855,HGNC:11825
MONDO:0021035,HGNC:349
MONDO:0021548,HGNC:4204
MONDO:0021548,HGNC:7103
MONDO:0021548,HGNC:14673
MONDO:0021548,HGNC:3386
MONDO:0021548,HGNC:23801
MONDO:0021548,HGNC:30373
MONDO:0021548,HGNC:7820
MONDO:0021548,HGNC:6610
MONDO:0021548,HGNC:2398
MONDO:0021548,HGNC:2388
MONDO:0021548,HGNC:21869
MONDO:0021548,HGNC:21244
MONDO:0021548,HGNC:5227
MONDO:0021548,HGNC:16090
MONDO:0021548,HGNC:6708
MONDO:0021548,HGNC:2409
MONDO:0021548,HGNC:4281
MONDO:0024545,HGNC:3097
MONDO:0027462,HGNC:857
MONDO:0030293,HGNC:484
MONDO:0030482,HGNC:8983
MONDO:0030482,HGNC:8983
MONDO:0030711,HGNC:9804
MONDO:0030805,HGNC:1349
MONDO:0030805,HGNC:1349
MONDO:0030840,HGNC:7325
MONDO:0032643,HGNC:29932
MONDO:0032920,HGNC:26789
MONDO:0033259,HGNC:13941
MONDO:0033637,HGNC:2280
MONDO:0054708,HGNC:29077
MONDO:0054737,HGNC:19185
MONDO:0859342,HGNC:1148
MONDO:0957224,HGNC:14886
MONDO:0958023,HGNC:8754
MONDO:0958034,HGNC:17825
MONDO:0958034,HGNC:17825
MONDO:8000008,HGNC:17168
MONDO:8000008,HGNC:17168
MONDO:8000008,HGNC:17063
MONDO:0007289,HGNC:4204
MONDO:0007380,HGNC:11771
MONDO:0007380,HGNC:11771
MONDO:0008954,HGNC:9719
MONDO:0009441,HGNC:11777
MONDO:0009760,HGNC:9957
MONDO:0009760,HGNC:17619
MONDO:0009760,HGNC:6217
MONDO:0009760,HGNC:9957
MONDO:0009841,HGNC:12309
MONDO:0009841,HGNC:12309
MONDO:0010665,HGNC:13315
MONDO:0010665,HGNC:25726
MONDO:0010665,HGNC:25726
MONDO:0010823,HGNC:327
MONDO:0010823,HGNC:327
MONDO:0010986,HGNC:8515
MONDO:0011914,HGNC:11194
MONDO:0012004,HGNC:16783
MONDO:0012004,HGNC:16783
MONDO:0012276,HGNC:6284
MONDO:0012276,HGNC:6284
MONDO:0012362,HGNC:9080
MONDO:0012581,HGNC:19316
MONDO:0012864,HGNC:21637
MONDO:0012864,HGNC:21637
MONDO:0012864,HGNC:21637
MONDO:0013038,HGNC:8975
MONDO:0013038,HGNC:8975
MONDO:0013144,HGNC:775
MONDO:0013144,HGNC:775
MONDO:0013222,HGNC:27337
MONDO:0013222,HGNC:27337
MONDO:0013410,HGNC:6848
MONDO:0013754,HGNC:3219
MONDO:0013885,HGNC:7788
MONDO:0013885,HGNC:7788
MONDO:0014200,HGNC:1391
MONDO:0014200,HGNC:1391
MONDO:0014484,HGNC:1777
MONDO:0014868,HGNC:29561
MONDO:0014875,HGNC:1395
MONDO:0014875,HGNC:1395
MONDO:0014999,HGNC:17655
MONDO:0016841,HGNC:1069
MONDO:0016979,HGNC:12703
MONDO:0017332,HGNC:17091
MONDO:0018055,HGNC:2514
MONDO:0018055,HGNC:7029
MONDO:0018123,HGNC:30832
MONDO:0018777,HGNC:10848
MONDO:0019567,HGNC:2209
MONDO:0019576,HGNC:6342
MONDO:0020667,HGNC:3689
MONDO:0020667,HGNC:9208
MONDO:0020667,HGNC:3689
MONDO:0030458,HGNC:6188
MONDO:0032597,HGNC:7608
MONDO:0032672,HGNC:28983
MONDO:0032672,HGNC:28983
MONDO:0032785,HGNC:28532
MONDO:0032801,HGNC:17993
MONDO:0032804,HGNC:2478
MONDO:0032837,HGNC:24609
MONDO:0032839,HGNC:17271
MONDO:0032902,HGNC:29162
MONDO:0033645,HGNC:26970
MONDO:0054833,HGNC:799
MONDO:0054833,HGNC:799
MONDO:0957496,HGNC:13054
MONDO:0958017,HGNC:18276
MONDO:0958236,HGNC:2213
MONDO:0007072,HGNC:15979
MONDO:0007072,HGNC:15979
MONDO:0007265,HGNC:1097
MONDO:0007381,HGNC:2194
MONDO:0007381,HGNC:2194
MONDO:0007507,HGNC:18398
MONDO:0007507,HGNC:18398
MONDO:0007572,HGNC:3416
MONDO:0007572,HGNC:3416
MONDO:0007572,HGNC:6192
MONDO:0007572,HGNC:29605
MONDO:0009104,HGNC:6694
MONDO:0009104,HGNC:6694
MONDO:0009115,HGNC:6530
MONDO:0009115,HGNC:6530
MONDO:0009451,HGNC:12765
MONDO:0009849,HGNC:7530
MONDO:0009849,HGNC:7530
MONDO:0010134,HGNC:8818
MONDO:0010134,HGNC:3815
MONDO:0010134,HGNC:6256
MONDO:0010134,HGNC:8818
MONDO:0010134,HGNC:3815
MONDO:0010134,HGNC:6256
MONDO:0010657,HGNC:4839
MONDO:0010657,HGNC:4839
MONDO:0010913,HGNC:9016
MONDO:0011073,HGNC:9046
MONDO:0011073,HGNC:59
MONDO:0011073,HGNC:5326
MONDO:0011073,HGNC:18791
MONDO:0011073,HGNC:6257
MONDO:0011073,HGNC:18791
MONDO:0011073,HGNC:9046
MONDO:0011073,HGNC:5326
MONDO:0011806,HGNC:7029
MONDO:0011806,HGNC:7029
MONDO:0012191,HGNC:13780
MONDO:0012191,HGNC:13780
MONDO:0012475,HGNC:19698
MONDO:0012475,HGNC:19698
MONDO:0012818,HGNC:8618
MONDO:0013047,HGNC:6535
MONDO:0013047,HGNC:6535
MONDO:0013779,HGNC:12736
MONDO:0013875,HGNC:21061
MONDO:0013875,HGNC:21061
MONDO:0014014,HGNC:30578
MONDO:0014014,HGNC:30578
MONDO:0014058,HGNC:9177
MONDO:0014058,HGNC:9177
MONDO:0014094,HGNC:24592
MONDO:0014094,HGNC:24592
MONDO:0014100,HGNC:23246
MONDO:0014594,HGNC:15761
MONDO:0014920,HGNC:6888
MONDO:0014920,HGNC:6888
MONDO:0015007,HGNC:29508
MONDO:0015007,HGNC:29508
MONDO:0015191,HGNC:145
MONDO:0015520,HGNC:3257
MONDO:0015520,HGNC:3260
MONDO:0015520,HGNC:3258
MONDO:0015520,HGNC:3261
MONDO:0015520,HGNC:3259
MONDO:0015793,HGNC:10483
MONDO:0016089,HGNC:9498
MONDO:0016089,HGNC:4115
MONDO:0016366,HGNC:8582
MONDO:0016856,HGNC:14881
MONDO:0018244,HGNC:10882
MONDO:0018472,HGNC:3683
MONDO:0020317,HGNC:7132
MONDO:0020569,HGNC:6257
MONDO:0029134,HGNC:27089
MONDO:0029134,HGNC:27089
MONDO:0029140,HGNC:14937
MONDO:0030056,HGNC:28625
MONDO:0030726,HGNC:30664
MONDO:0034054,HGNC:11937
MONDO:0034054,HGNC:11937
MONDO:0044625,HGNC:16940
MONDO:0859515,HGNC:29634
MONDO:0957208,HGNC:10249
MONDO:0957538,HGNC:31708
MONDO:0007349,HGNC:16400
MONDO:0007747,HGNC:1371
MONDO:0007747,HGNC:1371
MONDO:0007751,HGNC:603
MONDO:0007759,HGNC:6677
MONDO:0007863,HGNC:29011
MONDO:0008861,HGNC:6936
MONDO:0008871,HGNC:34016
MONDO:0009053,HGNC:9722
MONDO:0009053,HGNC:9722
MONDO:0009143,HGNC:8487
MONDO:0009549,HGNC:31923
MONDO:0009549,HGNC:10294
MONDO:0009549,HGNC:20423
MONDO:0009549,HGNC:6685
MONDO:0009549,HGNC:34
MONDO:0009839,HGNC:6893
MONDO:0009839,HGNC:6893
MONDO:0009959,HGNC:8854
MONDO:0010178,HGNC:1884
MONDO:0010266,HGNC:11854
MONDO:0010417,HGNC:1497
MONDO:0010417,HGNC:1497
MONDO:0011257,HGNC:7216
MONDO:0011257,HGNC:7216
MONDO:0011449,HGNC:10933
MONDO:0011449,HGNC:10933
MONDO:0011816,HGNC:10547
MONDO:0011816,HGNC:10547
MONDO:0011984,HGNC:3600
MONDO:0011984,HGNC:3600
MONDO:0012104,HGNC:6638
MONDO:0012116,HGNC:10561
MONDO:0012116,HGNC:32925
MONDO:0012116,HGNC:32925
MONDO:0012116,HGNC:10561
MONDO:0012432,HGNC:29021
MONDO:0012495,HGNC:19237
MONDO:0012495,HGNC:19237
MONDO:0012809,HGNC:2345
MONDO:0012809,HGNC:3508
MONDO:0012809,HGNC:2345
MONDO:0012960,HGNC:11497
MONDO:0012960,HGNC:11497
MONDO:0013056,HGNC:10982
MONDO:0013056,HGNC:10982
MONDO:0013366,HGNC:15977
MONDO:0013373,HGNC:9509
MONDO:0013698,HGNC:7549
MONDO:0013840,HGNC:2244
MONDO:0013840,HGNC:25302
MONDO:0013840,HGNC:25302
MONDO:0013990,HGNC:8740
MONDO:0013990,HGNC:8740
MONDO:0014033,HGNC:4388
MONDO:0014033,HGNC:4388
MONDO:0014055,HGNC:25489
MONDO:0014254,HGNC:8615
MONDO:0014366,HGNC:20997
MONDO:0014378,HGNC:18576
MONDO:0014454,HGNC:23109
MONDO:0014985,HGNC:6764
MONDO:0016489,HGNC:4831
MONDO:0016489,HGNC:4829
MONDO:0016489,HGNC:4827
MONDO:0017401,HGNC:12403
MONDO:0017401,HGNC:10484
MONDO:0017401,HGNC:6207
MONDO:0017401,HGNC:15710
MONDO:0017401,HGNC:11769
MONDO:0017401,HGNC:3052
MONDO:0017401,HGNC:3049
MONDO:0017401,HGNC:6636
MONDO:0017401,HGNC:2511
MONDO:0017401,HGNC:9024
MONDO:0017401,HGNC:28472
MONDO:0017401,HGNC:3036
MONDO:0017696,HGNC:4180
MONDO:0018448,HGNC:11621
MONDO:0018448,HGNC:30064
MONDO:0018448,HGNC:7105
MONDO:0018448,HGNC:26038
MONDO:0019665,HGNC:4392
MONDO:0019768,HGNC:9330
MONDO:0019971,HGNC:2345
MONDO:0019971,HGNC:783
MONDO:0019971,HGNC:3508
MONDO:0020352,HGNC:25223
MONDO:0021020,HGNC:12530
MONDO:0021020,HGNC:12530
MONDO:0023659,HGNC:8016
MONDO:0024507,HGNC:12796
MONDO:0024507,HGNC:8620
MONDO:0024550,HGNC:3754
MONDO:0027694,HGNC:535
MONDO:0030471,HGNC:20356
MONDO:0030837,HGNC:7643
MONDO:0030938,HGNC:19849
MONDO:0032750,HGNC:11950
MONDO:0032799,HGNC:9180
MONDO:0032933,HGNC:25567
MONDO:0032933,HGNC:32151
MONDO:0032933,HGNC:24007
MONDO:0033547,HGNC:17933
MONDO:0035678,HGNC:1390
MONDO:0036217,HGNC:25567
MONDO:0044648,HGNC:26576
MONDO:0957262,HGNC:11028
MONDO:0957921,HGNC:13575
MONDO:0007157,HGNC:12011
MONDO:0007281,HGNC:2411
MONDO:0008025,HGNC:30171
MONDO:0008209,HGNC:11743
MONDO:0008209,HGNC:11743
MONDO:0008477,HGNC:18083
MONDO:0008477,HGNC:18083
MONDO:0008791,HGNC:16280
MONDO:0008810,HGNC:609
MONDO:0008810,HGNC:609
MONDO:0009210,HGNC:3542
MONDO:0009210,HGNC:3542
MONDO:0009580,HGNC:9477
MONDO:0009883,HGNC:9075
MONDO:0009883,HGNC:9075
MONDO:0009908,HGNC:8646
MONDO:0009908,HGNC:8646
MONDO:0010373,HGNC:13711
MONDO:0010485,HGNC:5004
MONDO:0011272,HGNC:21555
MONDO:0011466,HGNC:11802
MONDO:0011466,HGNC:11280
MONDO:0011466,HGNC:11802
MONDO:0011579,HGNC:14344
MONDO:0011579,HGNC:14344
MONDO:0012400,HGNC:13830
MONDO:0012400,HGNC:13830
MONDO:0012429,HGNC:25671
MONDO:0012449,HGNC:8820
MONDO:0012449,HGNC:8820
MONDO:0012986,HGNC:16873
MONDO:0012986,HGNC:16873
MONDO:0013267,HGNC:30417
MONDO:0013536,HGNC:5013
MONDO:0013536,HGNC:5013
MONDO:0014016,HGNC:19957
MONDO:0014016,HGNC:19957
MONDO:0014117,HGNC:10542
MONDO:0014117,HGNC:10542
MONDO:0014207,HGNC:1248
MONDO:0014207,HGNC:1037
MONDO:0014283,HGNC:5318
MONDO:0014310,HGNC:24200
MONDO:0014310,HGNC:24200
MONDO:0014372,HGNC:19963
MONDO:0014450,HGNC:9670
MONDO:0014475,HGNC:19967
MONDO:0014475,HGNC:19967
MONDO:0014677,HGNC:791
MONDO:0017782,HGNC:11201
MONDO:0017830,HGNC:756
MONDO:0018206,HGNC:7572
MONDO:0018422,HGNC:6898
MONDO:0020542,HGNC:17098
MONDO:0024533,HGNC:1078
MONDO:0024772,HGNC:4327
MONDO:0030064,HGNC:10588
MONDO:0030487,HGNC:9416
MONDO:0032632,HGNC:17194
MONDO:0032907,HGNC:16709
MONDO:0033198,HGNC:21296
MONDO:0033199,HGNC:12738
MONDO:0035524,HGNC:1092
MONDO:0060568,HGNC:1915
MONDO:0060568,HGNC:1915
MONDO:0958022,HGNC:281
MONDO:0007554,HGNC:6416
MONDO:0007554,HGNC:6442
MONDO:0007554,HGNC:6416
MONDO:0007664,HGNC:7610
MONDO:0008050,HGNC:7577
MONDO:0008050,HGNC:7577
MONDO:0009475,HGNC:6186
MONDO:0009475,HGNC:6186
MONDO:0010052,HGNC:18130
MONDO:0010066,HGNC:6502
MONDO:0010066,HGNC:2488
MONDO:0010066,HGNC:6502
MONDO:0010335,HGNC:1393
MONDO:0010471,HGNC:13315
MONDO:0010549,HGNC:4283
MONDO:0010549,HGNC:4283
MONDO:0010907,HGNC:11708
MONDO:0010907,HGNC:11708
MONDO:0010912,HGNC:20772
MONDO:0010946,HGNC:9386
MONDO:0010961,HGNC:8743
MONDO:0010961,HGNC:8743
MONDO:0011137,HGNC:34
MONDO:0011774,HGNC:7601
MONDO:0011889,HGNC:7225
MONDO:0011889,HGNC:7225
MONDO:0012299,HGNC:18121
MONDO:0012301,HGNC:11831
MONDO:0012301,HGNC:11831
MONDO:0012721,HGNC:21957
MONDO:0012721,HGNC:21957
MONDO:0012805,HGNC:30500
MONDO:0012805,HGNC:11005
MONDO:0012805,HGNC:11005
MONDO:0012976,HGNC:4285
MONDO:0013195,HGNC:11943
MONDO:0013887,HGNC:26530
MONDO:0014324,HGNC:6443
MONDO:0014466,HGNC:19129
MONDO:0014466,HGNC:19129
MONDO:0014571,HGNC:118
MONDO:0014590,HGNC:11132
MONDO:0015628,HGNC:12726
MONDO:0019130,HGNC:19903
MONDO:0019415,HGNC:6156
MONDO:0019415,HGNC:21685
MONDO:0019415,HGNC:6137
MONDO:0019415,HGNC:6138
MONDO:0019415,HGNC:4440
MONDO:0019415,HGNC:4439
MONDO:0020355,HGNC:4043
MONDO:0020355,HGNC:47
MONDO:0020355,HGNC:8620
MONDO:0020355,HGNC:10526
MONDO:0020541,HGNC:1092
MONDO:0020541,HGNC:17098
MONDO:0020632,HGNC:851
MONDO:0020777,HGNC:29500
MONDO:0020798,HGNC:4198
MONDO:0024519,HGNC:6144
MONDO:0029138,HGNC:19347
MONDO:0030316,HGNC:11809
MONDO:0030354,HGNC:30299
MONDO:0030872,HGNC:2584
MONDO:0030881,HGNC:18044
MONDO:0030974,HGNC:10681
MONDO:0032748,HGNC:23045
MONDO:0032830,HGNC:9216
MONDO:0032830,HGNC:9216
MONDO:0033012,HGNC:4286
MONDO:0033658,HGNC:23214
MONDO:0035472,HGNC:17494
MONDO:0044714,HGNC:29678
MONDO:0044714,HGNC:29678
MONDO:0957263,HGNC:17284
MONDO:0007422,HGNC:4284
MONDO:0007422,HGNC:4284
MONDO:0008195,HGNC:10591
MONDO:0008195,HGNC:10591
MONDO:0008495,HGNC:4238
MONDO:0008572,HGNC:10848
MONDO:0008572,HGNC:13243
MONDO:0009003,HGNC:2150
MONDO:0009253,HGNC:8967
MONDO:0009273,HGNC:22947
MONDO:0009482,HGNC:15836
MONDO:0009517,HGNC:6091
MONDO:0009517,HGNC:6091
MONDO:0010060,HGNC:1160
MONDO:0010060,HGNC:1160
MONDO:0010176,HGNC:25801
MONDO:0010176,HGNC:30497
MONDO:0010176,HGNC:29162
MONDO:0010176,HGNC:2567
MONDO:0010176,HGNC:25018
MONDO:0010176,HGNC:25801
MONDO:0010176,HGNC:8788
MONDO:0010176,HGNC:24519
MONDO:0010176,HGNC:29110
MONDO:0010176,HGNC:21653
MONDO:0010176,HGNC:37234
MONDO:0010222,HGNC:7095
MONDO:0010247,HGNC:61
MONDO:0010632,HGNC:18060
MONDO:0010880,HGNC:175
MONDO:0011400,HGNC:12403
MONDO:0012381,HGNC:6091
MONDO:0012381,HGNC:6091
MONDO:0012421,HGNC:232
MONDO:0012549,HGNC:17089
MONDO:0012549,HGNC:17089
MONDO:0012733,HGNC:12703
MONDO:0012733,HGNC:12703
MONDO:0012904,HGNC:17019
MONDO:0012930,HGNC:24861
MONDO:0012930,HGNC:24861
MONDO:0013216,HGNC:10383
MONDO:0013256,HGNC:19353
MONDO:0013256,HGNC:19353
MONDO:0013513,HGNC:6263
MONDO:0013791,HGNC:9456
MONDO:0013912,HGNC:11521
MONDO:0013953,HGNC:5440
MONDO:0014267,HGNC:5960
MONDO:0014267,HGNC:5960
MONDO:0014402,HGNC:15832
MONDO:0014402,HGNC:15832
MONDO:0014447,HGNC:18626
MONDO:0014801,HGNC:5244
MONDO:0014801,HGNC:5244
MONDO:0014997,HGNC:29536
MONDO:0015012,HGNC:18179
MONDO:0015012,HGNC:18179
MONDO:0015785,HGNC:11164
MONDO:0015801,HGNC:8941
MONDO:0016091,HGNC:4115
MONDO:0016418,HGNC:25223
MONDO:0017221,HGNC:9086
MONDO:0017237,HGNC:3602
MONDO:0019307,HGNC:6490
MONDO:0019307,HGNC:6158
MONDO:0019307,HGNC:6493
MONDO:0019307,HGNC:2194
MONDO:0019307,HGNC:6483
MONDO:0024309,HGNC:888
MONDO:0024309,HGNC:10597
MONDO:0024309,HGNC:25964
MONDO:0024309,HGNC:14540
MONDO:0030533,HGNC:15908
MONDO:0033004,HGNC:9016
MONDO:0033562,HGNC:6766
MONDO:0035475,HGNC:3395
MONDO:0800129,HGNC:5961
MONDO:0800452,HGNC:11795
MONDO:0800452,HGNC:7217
MONDO:0800452,HGNC:7217
MONDO:0859002,HGNC:2231
MONDO:0957274,HGNC:463
MONDO:0958183,HGNC:16410
MONDO:0005563,HGNC:29919
MONDO:0005563,HGNC:13575
MONDO:0007220,HGNC:10257
MONDO:0007220,HGNC:10257
MONDO:0008134,HGNC:8140
MONDO:0008134,HGNC:8140
MONDO:0008134,HGNC:2973
MONDO:0008150,HGNC:3688
MONDO:0008150,HGNC:3688
MONDO:0008377,HGNC:28949
MONDO:0008377,HGNC:17349
MONDO:0008377,HGNC:18018
MONDO:0008377,HGNC:10294
MONDO:0008377,HGNC:28093
MONDO:0008377,HGNC:1375
MONDO:0008377,HGNC:14418
MONDO:0008377,HGNC:1393
MONDO:0008377,HGNC:20603
MONDO:0008377,HGNC:13998
MONDO:0008377,HGNC:6388
MONDO:0008377,HGNC:4689
MONDO:0008377,HGNC:23198
MONDO:0008377,HGNC:4400
MONDO:0008377,HGNC:10938
MONDO:0008377,HGNC:25808
MONDO:0008377,HGNC:6741
MONDO:0008377,HGNC:17341
MONDO:0008377,HGNC:428
MONDO:0008377,HGNC:7606
MONDO:0008377,HGNC:1386
MONDO:0008377,HGNC:694
MONDO:0008377,HGNC:17146
MONDO:0008377,HGNC:17340
MONDO:0008377,HGNC:17861
MONDO:0008377,HGNC:348
MONDO:0008377,HGNC:7121
MONDO:0008377,HGNC:10263
MONDO:0008377,HGNC:9922
MONDO:0008377,HGNC:2509
MONDO:0008377,HGNC:4678
MONDO:0008377,HGNC:2343
MONDO:0008377,HGNC:16380
MONDO:0008377,HGNC:2200
MONDO:0008377,HGNC:25382
MONDO:0008377,HGNC:451
MONDO:0008377,HGNC:17211
MONDO:0008377,HGNC:25740
MONDO:0008377,HGNC:967
MONDO:0008377,HGNC:34383
MONDO:0008377,HGNC:15446
MONDO:0008377,HGNC:105
MONDO:0008377,HGNC:2567
MONDO:0008377,HGNC:24783
MONDO:0008377,HGNC:31371
MONDO:0008377,HGNC:1940
MONDO:0008377,HGNC:9462
MONDO:0008377,HGNC:4679
MONDO:0008377,HGNC:15865
MONDO:0008377,HGNC:6259
MONDO:0008377,HGNC:1012
MONDO:0008377,HGNC:966
MONDO:0008377,HGNC:34
MONDO:0008377,HGNC:2464
MONDO:0008377,HGNC:7975
MONDO:0008377,HGNC:16361
MONDO:0008377,HGNC:23338
MONDO:0008377,HGNC:31582
MONDO:0008377,HGNC:12703
MONDO:0008377,HGNC:9990
MONDO:0008377,HGNC:24525
MONDO:0008377,HGNC:16448
MONDO:0008377,HGNC:4883
MONDO:0008377,HGNC:28769
MONDO:0008377,HGNC:20041
MONDO:0008377,HGNC:15021
MONDO:0008377,HGNC:26658
MONDO:0008377,HGNC:970
MONDO:0008377,HGNC:25812
MONDO:0008377,HGNC:26291
MONDO:0008377,HGNC:21555
MONDO:0008377,HGNC:2218
MONDO:0008377,HGNC:3960
MONDO:0008377,HGNC:14415
MONDO:0008377,HGNC:10024
MONDO:0008377,HGNC:13436
MONDO:0008377,HGNC:26193
MONDO:0008377,HGNC:29071
MONDO:0008377,HGNC:10975
MONDO:0008377,HGNC:10457
MONDO:0008377,HGNC:8850
MONDO:0008377,HGNC:17090
MONDO:0008377,HGNC:16877
MONDO:0008377,HGNC:10295
MONDO:0008377,HGNC:2186
MONDO:0008377,HGNC:2217
MONDO:0008377,HGNC:11033
MONDO:0008377,HGNC:7745
MONDO:0008377,HGNC:10012
MONDO:0008377,HGNC:30304
MONDO:0008377,HGNC:12370
MONDO:0008377,HGNC:7907
MONDO:0008377,HGNC:30859
MONDO:0008377,HGNC:8082
MONDO:0008377,HGNC:10254
MONDO:0008377,HGNC:6481
MONDO:0008377,HGNC:29168
MONDO:0008377,HGNC:315
MONDO:0008377,HGNC:13733
MONDO:0008377,HGNC:9038
MONDO:0008377,HGNC:18758
MONDO:0008377,HGNC:17282
MONDO:0008377,HGNC:18121
MONDO:0008377,HGNC:2148
MONDO:0008377,HGNC:2151
MONDO:0008377,HGNC:30078
MONDO:0008377,HGNC:47
MONDO:0008377,HGNC:19977
MONDO:0008377,HGNC:6174
MONDO:0008377,HGNC:9940
MONDO:0008377,HGNC:7530
MONDO:0008377,HGNC:17870
MONDO:0008377,HGNC:2183
MONDO:0008377,HGNC:2074
MONDO:0008377,HGNC:20423
MONDO:0008377,HGNC:21575
MONDO:0008377,HGNC:1071
MONDO:0008377,HGNC:11256
MONDO:0008377,HGNC:21043
MONDO:0008377,HGNC:8142
MONDO:0008377,HGNC:4837
MONDO:0008377,HGNC:12406
MONDO:0008377,HGNC:13081
MONDO:0008377,HGNC:23026
MONDO:0008377,HGNC:10521
MONDO:0008377,HGNC:20502
MONDO:0008377,HGNC:14344
MONDO:0008377,HGNC:6697
MONDO:0008377,HGNC:13210
MONDO:0008377,HGNC:24102
MONDO:0008377,HGNC:24579
MONDO:0008377,HGNC:15860
MONDO:0008377,HGNC:10288
MONDO:0008377,HGNC:7678
MONDO:0008377,HGNC:7974
MONDO:0008377,HGNC:26147
MONDO:0008377,HGNC:14550
MONDO:0008377,HGNC:21424
MONDO:0008377,HGNC:8754
MONDO:0008377,HGNC:28027
MONDO:0008377,HGNC:30391
MONDO:0008377,HGNC:4221
MONDO:0008377,HGNC:1615
MONDO:0008377,HGNC:14674
MONDO:0008377,HGNC:29182
MONDO:0008377,HGNC:27232
MONDO:0008377,HGNC:6052
MONDO:0008377,HGNC:15946
MONDO:0008377,HGNC:12565
MONDO:0008377,HGNC:15894
MONDO:0008377,HGNC:28706
MONDO:0008377,HGNC:29077
MONDO:0008377,HGNC:5384
MONDO:0008377,HGNC:21474
MONDO:0008377,HGNC:17110
MONDO:0008377,HGNC:18626
MONDO:0008377,HGNC:18326
MONDO:0008377,HGNC:11822
MONDO:0008377,HGNC:6055
MONDO:0008377,HGNC:14966
MONDO:0008377,HGNC:5017
MONDO:0008377,HGNC:20087
MONDO:0008377,HGNC:8940
MONDO:0008377,HGNC:2383
MONDO:0008377,HGNC:26527
MONDO:0008377,HGNC:8616
MONDO:0008377,HGNC:19139
MONDO:0008377,HGNC:4598
MONDO:0008377,HGNC:15646
MONDO:0008377,HGNC:19009
MONDO:0008377,HGNC:10004
MONDO:0008377,HGNC:17097
MONDO:0008377,HGNC:16268
MONDO:0008377,HGNC:18243
MONDO:0008377,HGNC:9454
MONDO:0008377,HGNC:8896
MONDO:0008377,HGNC:12762
MONDO:0008377,HGNC:10560
MONDO:0008377,HGNC:17964
MONDO:0008377,HGNC:19689
MONDO:0008377,HGNC:10892
MONDO:0008377,HGNC:12605
MONDO:0008377,HGNC:3808
MONDO:0008377,HGNC:17759
MONDO:0008377,HGNC:1260
MONDO:0008377,HGNC:21699
MONDO:0008377,HGNC:19317
MONDO:0008377,HGNC:31923
MONDO:0008377,HGNC:20771
MONDO:0008377,HGNC:8002
MONDO:0008377,HGNC:8620
MONDO:0008377,HGNC:20080
MONDO:0008377,HGNC:30000
MONDO:0008377,HGNC:4922
MONDO:0008377,HGNC:29253
MONDO:0008377,HGNC:216
MONDO:0008377,HGNC:15625
MONDO:0008377,HGNC:7146
MONDO:0008377,HGNC:4394
MONDO:0008377,HGNC:7467
MONDO:0008377,HGNC:10013
MONDO:0008377,HGNC:11397
MONDO:0008377,HGNC:21641
MONDO:0008377,HGNC:9942
MONDO:0008377,HGNC:29675
MONDO:0008377,HGNC:359
MONDO:0008377,HGNC:16762
MONDO:0008377,HGNC:2153
MONDO:0008377,HGNC:8790
MONDO:0008377,HGNC:20917
MONDO:0008377,HGNC:9921
MONDO:0008377,HGNC:4816
MONDO:0008377,HGNC:26575
MONDO:0008377,HGNC:30836
MONDO:0008377,HGNC:1859
MONDO:0008377,HGNC:17348
MONDO:0008377,HGNC:25801
MONDO:0008377,HGNC:18286
MONDO:0008377,HGNC:2324
MONDO:0008377,HGNC:4042
MONDO:0008377,HGNC:19963
MONDO:0008377,HGNC:10664
MONDO:0008377,HGNC:6320
MONDO:0008377,HGNC:8859
MONDO:0008377,HGNC:21653
MONDO:0008377,HGNC:18127
MONDO:0008377,HGNC:11817
MONDO:0008377,HGNC:37261
MONDO:0008377,HGNC:25198
MONDO:0008377,HGNC:8787
MONDO:0008377,HGNC:10274
MONDO:0008377,HGNC:8785
MONDO:0008377,HGNC:25018
MONDO:0008377,HGNC:8091
MONDO:0008377,HGNC:16691
MONDO:0008377,HGNC:8789
MONDO:0008377,HGNC:6888
MONDO:0008377,HGNC:29222
MONDO:0008377,HGNC:57
MONDO:0008377,HGNC:18647
MONDO:0008377,HGNC:6701
MONDO:0008377,HGNC:710
MONDO:0008377,HGNC:12601
MONDO:0008377,HGNC:8860
MONDO:0008377,HGNC:20202
MONDO:0008377,HGNC:2150
MONDO:0008377,HGNC:25551
MONDO:0008377,HGNC:10604
MONDO:0008377,HGNC:6188
MONDO:0008377,HGNC:28486
MONDO:0008377,HGNC:18362
MONDO:0008377,HGNC:26784
MONDO:0008377,HGNC:11714
MONDO:0008377,HGNC:19698
MONDO:0008377,HGNC:26648
MONDO:0008377,HGNC:9768
MONDO:0008377,HGNC:8522
MONDO:0008377,HGNC:16356
MONDO:0008377,HGNC:19194
MONDO:0008377,HGNC:7905
MONDO:0008377,HGNC:2962
MONDO:0008377,HGNC:29669
MONDO:0008377,HGNC:14313
MONDO:0008377,HGNC:2529
MONDO:0008377,HGNC:5385
MONDO:0008377,HGNC:1482
MONDO:0008377,HGNC:791
MONDO:0008377,HGNC:9717
MONDO:0008377,HGNC:8786
MONDO:0008377,HGNC:118
MONDO:0008377,HGNC:17416
MONDO:0008377,HGNC:10769
MONDO:0008377,HGNC:12404
MONDO:0008377,HGNC:24040
MONDO:0008377,HGNC:18340
MONDO:0008377,HGNC:13281
MONDO:0008377,HGNC:7108
MONDO:0008377,HGNC:7027
MONDO:0008377,HGNC:28396
MONDO:0008377,HGNC:8140
MONDO:0008377,HGNC:10729
MONDO:0008377,HGNC:20883
MONDO:0008377,HGNC:28957
MONDO:0008377,HGNC:29021
MONDO:0008377,HGNC:12597
MONDO:0008377,HGNC:26257
MONDO:0008377,HGNC:6685
MONDO:0008377,HGNC:14432
MONDO:0008377,HGNC:7762
MONDO:0008377,HGNC:17877
MONDO:0008377,HGNC:22219
MONDO:0008377,HGNC:13839
MONDO:0008377,HGNC:1762
MONDO:0008377,HGNC:12269
MONDO:0008377,HGNC:10671
MONDO:0008377,HGNC:6816
MONDO:0008377,HGNC:24682
MONDO:0008377,HGNC:4393
MONDO:0008377,HGNC:9325
MONDO:0008377,HGNC:29326
MONDO:0008377,HGNC:26498
MONDO:0008377,HGNC:20893
MONDO:0008377,HGNC:969
MONDO:0008377,HGNC:19104
MONDO:0008377,HGNC:32528
MONDO:0008377,HGNC:12423
MONDO:0008377,HGNC:28209
MONDO:0008377,HGNC:3218
MONDO:0008377,HGNC:15868
MONDO:0008377,HGNC:8547
MONDO:0008377,HGNC:17283
MONDO:0008436,HGNC:1839
MONDO:0008436,HGNC:1839
MONDO:0008582,HGNC:7391
MONDO:0008582,HGNC:7391
MONDO:0008693,HGNC:20670
MONDO:0008693,HGNC:20670
MONDO:0008915,HGNC:6636
MONDO:0008915,HGNC:6636
MONDO:0009919,HGNC:119
MONDO:0009919,HGNC:119
MONDO:0010120,HGNC:4036
MONDO:0010233,HGNC:3754
MONDO:0010358,HGNC:2023
MONDO:0010805,HGNC:6132
MONDO:0010805,HGNC:15979
MONDO:0011435,HGNC:24502
MONDO:0012250,HGNC:19125
MONDO:0012250,HGNC:19125
MONDO:0012413,HGNC:8522
MONDO:0012413,HGNC:8522
MONDO:0012762,HGNC:1513
MONDO:0013166,HGNC:23
MONDO:0013166,HGNC:23
MONDO:0013200,HGNC:12665
MONDO:0013215,HGNC:26894
MONDO:0014025,HGNC:15559
MONDO:0014025,HGNC:15559
MONDO:0014131,HGNC:18621
MONDO:0014131,HGNC:18621
MONDO:0014220,HGNC:468
MONDO:0014778,HGNC:11201
MONDO:0014866,HGNC:5228
MONDO:0014866,HGNC:7154
MONDO:0015745,HGNC:3372
MONDO:0017382,HGNC:9004
MONDO:0017564,HGNC:8975
MONDO:0018423,HGNC:17277
MONDO:0018435,HGNC:3498
MONDO:0018435,HGNC:10381
MONDO:0019921,HGNC:9046
MONDO:0019921,HGNC:5326
MONDO:0020495,HGNC:25523
MONDO:0020495,HGNC:25523
MONDO:0020712,HGNC:11311
MONDO:0020775,HGNC:4019
MONDO:0024556,HGNC:18423
MONDO:0025708,HGNC:7569
MONDO:0030676,HGNC:12730
MONDO:0030962,HGNC:15734
MONDO:0030975,HGNC:7327
MONDO:0032852,HGNC:164
MONDO:0040501,HGNC:2198
MONDO:0958129,HGNC:2244
MONDO:0007088,HGNC:620
MONDO:0007088,HGNC:9052
MONDO:0007088,HGNC:7876
MONDO:0007088,HGNC:7218
MONDO:0007301,HGNC:11153
MONDO:0007301,HGNC:11153
MONDO:0007493,HGNC:20774
MONDO:0007493,HGNC:20774
MONDO:0007568,HGNC:7569
MONDO:0008401,HGNC:9045
MONDO:0009091,HGNC:6595
MONDO:0009091,HGNC:6595
MONDO:0009222,HGNC:35126
MONDO:0009266,HGNC:4177
MONDO:0009266,HGNC:4177
MONDO:0009310,HGNC:7661
MONDO:0009353,HGNC:7436
MONDO:0009353,HGNC:7436
MONDO:0009458,HGNC:11102
MONDO:0009458,HGNC:11102
MONDO:0009578,HGNC:7989
MONDO:0009619,HGNC:2993
MONDO:0009619,HGNC:2993
MONDO:0009910,HGNC:30074
MONDO:0009910,HGNC:30074
MONDO:0010028,HGNC:23657
MONDO:0010028,HGNC:23657
MONDO:0010164,HGNC:12786
MONDO:0010164,HGNC:12786
MONDO:0010167,HGNC:26444
MONDO:0010167,HGNC:26444
MONDO:0010299,HGNC:5157
MONDO:0010299,HGNC:5157
MONDO:0010496,HGNC:19073
MONDO:0010496,HGNC:19073
MONDO:0010508,HGNC:29347
MONDO:0010537,HGNC:18145
MONDO:0010537,HGNC:18145
MONDO:0011031,HGNC:3522
MONDO:0011336,HGNC:11429
MONDO:0012212,HGNC:11772
MONDO:0012313,HGNC:6294
MONDO:0012695,HGNC:29168
MONDO:0013244,HGNC:9607
MONDO:0013312,HGNC:13210
MONDO:0013339,HGNC:10680
MONDO:0013790,HGNC:9817
MONDO:0014003,HGNC:10866
MONDO:0014192,HGNC:19412
MONDO:0014351,HGNC:469
MONDO:0014351,HGNC:469
MONDO:0014391,HGNC:2519
MONDO:0014391,HGNC:2519
MONDO:0014740,HGNC:17513
MONDO:0015786,HGNC:6814
MONDO:0015786,HGNC:7675
MONDO:0015786,HGNC:11164
MONDO:0016331,HGNC:21732
MONDO:0017694,HGNC:4065
MONDO:0018197,HGNC:1160
MONDO:0018462,HGNC:13542
MONDO:0018462,HGNC:12496
MONDO:0018462,HGNC:11164
MONDO:0020563,HGNC:5009
MONDO:0020563,HGNC:6973
MONDO:0020563,HGNC:1773
MONDO:0024566,HGNC:17245
MONDO:0030067,HGNC:20454
MONDO:0030819,HGNC:20652
MONDO:0030908,HGNC:10298
MONDO:0032863,HGNC:30726
MONDO:0032873,HGNC:10294
MONDO:0032909,HGNC:12587
MONDO:0033047,HGNC:3424
MONDO:0035238,HGNC:9658
MONDO:0035648,HGNC:2933
MONDO:0060578,HGNC:12730
MONDO:0060578,HGNC:12730
MONDO:0957537,HGNC:26223
MONDO:0958018,HGNC:17264
MONDO:0007052,HGNC:358
MONDO:0007361,HGNC:1228
MONDO:0007542,HGNC:2567
MONDO:0007542,HGNC:8490
MONDO:0007542,HGNC:21316
MONDO:0007542,HGNC:28887
MONDO:0007542,HGNC:7559
MONDO:0007542,HGNC:27230
MONDO:0007542,HGNC:7758
MONDO:0007542,HGNC:11795
MONDO:0007542,HGNC:10778
MONDO:0007542,HGNC:17075
MONDO:0007542,HGNC:20324
MONDO:0007542,HGNC:5244
MONDO:0007542,HGNC:11100
MONDO:0007542,HGNC:12786
MONDO:0007542,HGNC:4125
MONDO:0007542,HGNC:450
MONDO:0007542,HGNC:5956
MONDO:0007542,HGNC:20376
MONDO:0007542,HGNC:15517
MONDO:0007542,HGNC:8918
MONDO:0007542,HGNC:13201
MONDO:0007542,HGNC:9255
MONDO:0007542,HGNC:7573
MONDO:0007542,HGNC:6469
MONDO:0007542,HGNC:14312
MONDO:0007542,HGNC:29679
MONDO:0007542,HGNC:17978
MONDO:0007542,HGNC:18666
MONDO:0007542,HGNC:11909
MONDO:0007542,HGNC:24662
MONDO:0007542,HGNC:6305
MONDO:0007542,HGNC:2218
MONDO:0007542,HGNC:7744
MONDO:0007542,HGNC:5465
MONDO:0007542,HGNC:26877
MONDO:0007542,HGNC:20800
MONDO:0007542,HGNC:8979
MONDO:0007542,HGNC:26513
MONDO:0007542,HGNC:9479
MONDO:0007542,HGNC:10303
MONDO:0007542,HGNC:16068
MONDO:0007542,HGNC:17264
MONDO:0007542,HGNC:2348
MONDO:0007542,HGNC:29216
MONDO:0007542,HGNC:7882
MONDO:0007542,HGNC:7029
MONDO:0007542,HGNC:6473
MONDO:0007542,HGNC:15454
MONDO:0007542,HGNC:3133
MONDO:0007542,HGNC:923
MONDO:0007542,HGNC:2186
MONDO:0007542,HGNC:2217
MONDO:0007542,HGNC:7801
MONDO:0007542,HGNC:9839
MONDO:0007542,HGNC:24464
MONDO:0007542,HGNC:21862
MONDO:0007542,HGNC:4387
MONDO:0007542,HGNC:19046
MONDO:0007542,HGNC:15492
MONDO:0007542,HGNC:37234
MONDO:0007542,HGNC:16960
MONDO:0007542,HGNC:2731
MONDO:0007542,HGNC:438
MONDO:0007542,HGNC:9416
MONDO:0007542,HGNC:9607
MONDO:0007542,HGNC:25789
MONDO:0007542,HGNC:17761
MONDO:0007542,HGNC:9811
MONDO:0007542,HGNC:13556
MONDO:0007542,HGNC:9059
MONDO:0007542,HGNC:29168
MONDO:0007542,HGNC:2187
MONDO:0007542,HGNC:2185
MONDO:0007542,HGNC:2197
MONDO:0007542,HGNC:11204
MONDO:0007542,HGNC:9721
MONDO:0007542,HGNC:21637
MONDO:0007542,HGNC:12877
MONDO:0007542,HGNC:24595
MONDO:0007542,HGNC:24036
MONDO:0007542,HGNC:11605
MONDO:0007542,HGNC:7013
MONDO:0007542,HGNC:20422
MONDO:0007542,HGNC:5154
MONDO:0007542,HGNC:22986
MONDO:0007542,HGNC:449
MONDO:0007542,HGNC:4454
MONDO:0007542,HGNC:21390
MONDO:0007542,HGNC:11386
MONDO:0007542,HGNC:6742
MONDO:0007542,HGNC:132
MONDO:0007542,HGNC:9056
MONDO:0007542,HGNC:2023
MONDO:0007542,HGNC:15808
MONDO:0007542,HGNC:1541
MONDO:0007542,HGNC:2859
MONDO:0007542,HGNC:2198
MONDO:0007542,HGNC:18683
MONDO:0007542,HGNC:14615
MONDO:0007542,HGNC:24542
MONDO:0007542,HGNC:6545
MONDO:0007542,HGNC:5948
MONDO:0007542,HGNC:22140
MONDO:0007542,HGNC:2867
MONDO:0007542,HGNC:23026
MONDO:0007542,HGNC:11604
MONDO:0007542,HGNC:882
MONDO:0007542,HGNC:3226
MONDO:0007542,HGNC:6697
MONDO:0007542,HGNC:15455
MONDO:0007542,HGNC:17493
MONDO:0007542,HGNC:24575
MONDO:0007542,HGNC:11609
MONDO:0007542,HGNC:6344
MONDO:0007542,HGNC:31527
MONDO:0007542,HGNC:10825
MONDO:0007542,HGNC:10298
MONDO:0007542,HGNC:714
MONDO:0007542,HGNC:6597
MONDO:0007542,HGNC:3373
MONDO:0007542,HGNC:20391
MONDO:0007542,HGNC:30391
MONDO:0007542,HGNC:4221
MONDO:0007542,HGNC:17042
MONDO:0007542,HGNC:11188
MONDO:0007542,HGNC:18083
MONDO:0007542,HGNC:14263
MONDO:0007542,HGNC:4318
MONDO:0007542,HGNC:4122
MONDO:0007542,HGNC:11364
MONDO:0007542,HGNC:28395
MONDO:0007542,HGNC:17272
MONDO:0007542,HGNC:3147
MONDO:0007542,HGNC:6859
MONDO:0007542,HGNC:29077
MONDO:0007542,HGNC:6485
MONDO:0007542,HGNC:20859
MONDO:0007542,HGNC:2536
MONDO:0007542,HGNC:10896
MONDO:0007542,HGNC:29017
MONDO:0007542,HGNC:9045
MONDO:0007542,HGNC:9829
MONDO:0007542,HGNC:11187
MONDO:0007542,HGNC:3444
MONDO:0007542,HGNC:4319
MONDO:0007542,HGNC:10449
MONDO:0007542,HGNC:19237
MONDO:0007542,HGNC:4218
MONDO:0007542,HGNC:21734
MONDO:0007542,HGNC:16268
MONDO:0007542,HGNC:719
MONDO:0007542,HGNC:5466
MONDO:0007542,HGNC:18040
MONDO:0007542,HGNC:19869
MONDO:0007542,HGNC:19316
MONDO:0007542,HGNC:649
MONDO:0007542,HGNC:9082
MONDO:0007542,HGNC:3176
MONDO:0007542,HGNC:25367
MONDO:0007542,HGNC:17085
MONDO:0007542,HGNC:4392
MONDO:0007542,HGNC:7866
MONDO:0007542,HGNC:23017
MONDO:0007542,HGNC:8548
MONDO:0007542,HGNC:1260
MONDO:0007542,HGNC:9208
MONDO:0007542,HGNC:19747
MONDO:0007542,HGNC:29253
MONDO:0007542,HGNC:24641
MONDO:0007542,HGNC:9081
MONDO:0007542,HGNC:9608
MONDO:0007542,HGNC:2219
MONDO:0007542,HGNC:15625
MONDO:0007542,HGNC:9210
MONDO:0007542,HGNC:5273
MONDO:0007542,HGNC:1067
MONDO:0007542,HGNC:12784
MONDO:0007542,HGNC:30858
MONDO:0007542,HGNC:29685
MONDO:0007542,HGNC:9380
MONDO:0007542,HGNC:1044
MONDO:0007542,HGNC:11647
MONDO:0007542,HGNC:2916
MONDO:0007542,HGNC:3680
MONDO:0007542,HGNC:2939
MONDO:0007542,HGNC:14974
MONDO:0007542,HGNC:12428
MONDO:0007542,HGNC:2227
MONDO:0007542,HGNC:30595
MONDO:0007542,HGNC:12775
MONDO:0007542,HGNC:3666
MONDO:0007542,HGNC:5009
MONDO:0007542,HGNC:28583
MONDO:0007542,HGNC:25018
MONDO:0007542,HGNC:4261
MONDO:0007542,HGNC:12831
MONDO:0007542,HGNC:9455
MONDO:0007542,HGNC:19721
MONDO:0007542,HGNC:9537
MONDO:0007542,HGNC:10847
MONDO:0007542,HGNC:18345
MONDO:0007542,HGNC:3356
MONDO:0007542,HGNC:29092
MONDO:0007542,HGNC:6408
MONDO:0007542,HGNC:16783
MONDO:0007542,HGNC:13398
MONDO:0007542,HGNC:27337
MONDO:0007542,HGNC:26185
MONDO:0007542,HGNC:16644
MONDO:0007542,HGNC:3233
MONDO:0007542,HGNC:20580
MONDO:0007542,HGNC:11367
MONDO:0007542,HGNC:171
MONDO:0007542,HGNC:10723
MONDO:0007542,HGNC:6696
MONDO:0007542,HGNC:7632
MONDO:0007542,HGNC:2918
MONDO:0007542,HGNC:10706
MONDO:0007542,HGNC:11257
MONDO:0007542,HGNC:11219
MONDO:0007542,HGNC:8522
MONDO:0007542,HGNC:29239
MONDO:0007542,HGNC:18150
MONDO:0007542,HGNC:3005
MONDO:0007542,HGNC:14006
MONDO:0007542,HGNC:3778
MONDO:0007542,HGNC:18856
MONDO:0007542,HGNC:2962
MONDO:0007542,HGNC:20249
MONDO:0007542,HGNC:29669
MONDO:0007542,HGNC:8768
MONDO:0007542,HGNC:19980
MONDO:0007542,HGNC:19960
MONDO:0007542,HGNC:2433
MONDO:0007542,HGNC:26558
MONDO:0007542,HGNC:28862
MONDO:0007542,HGNC:6010
MONDO:0007542,HGNC:9381
MONDO:0007542,HGNC:3527
MONDO:0007542,HGNC:11772
MONDO:0007542,HGNC:18340
MONDO:0007542,HGNC:28396
MONDO:0007542,HGNC:6560
MONDO:0007542,HGNC:29021
MONDO:0007542,HGNC:13771
MONDO:0007542,HGNC:26837
MONDO:0007542,HGNC:19440
MONDO:0007542,HGNC:18420
MONDO:0007542,HGNC:10955
MONDO:0007542,HGNC:6768
MONDO:0007542,HGNC:28482
MONDO:0007542,HGNC:5960
MONDO:0007542,HGNC:12305
MONDO:0007542,HGNC:11908
MONDO:0007542,HGNC:951
MONDO:0007542,HGNC:8778
MONDO:0007542,HGNC:29659
MONDO:0007542,HGNC:7881
MONDO:0007542,HGNC:26262
MONDO:0007542,HGNC:5724
MONDO:0007542,HGNC:21219
MONDO:0007542,HGNC:17321
MONDO:0007542,HGNC:11654
MONDO:0007542,HGNC:9277
MONDO:0007542,HGNC:3755
MONDO:0007542,HGNC:11102
MONDO:0007542,HGNC:7176
MONDO:0007542,HGNC:26887
MONDO:0007542,HGNC:16873
MONDO:0007542,HGNC:4416
MONDO:0007542,HGNC:6769
MONDO:0007542,HGNC:4006
MONDO:0007542,HGNC:10848
MONDO:0007542,HGNC:9719
MONDO:0007542,HGNC:29250
MONDO:0007542,HGNC:11926
MONDO:0007542,HGNC:25123
MONDO:0007542,HGNC:2025
MONDO:0007542,HGNC:7413
MONDO:0007542,HGNC:12340
MONDO:0007542,HGNC:21024
MONDO:0007542,HGNC:6080
MONDO:0007542,HGNC:28526
MONDO:0007542,HGNC:7121
MONDO:0007542,HGNC:21144
MONDO:0007542,HGNC:28434
MONDO:0007542,HGNC:6770
MONDO:0007542,HGNC:4612
MONDO:0007542,HGNC:16974
MONDO:0007542,HGNC:24931
MONDO:0007542,HGNC:7788
MONDO:0007542,HGNC:2993
MONDO:0007542,HGNC:2468
MONDO:0007542,HGNC:1144
MONDO:0007542,HGNC:7941
MONDO:0007542,HGNC:5136
MONDO:0007542,HGNC:23088
MONDO:0007542,HGNC:4298
MONDO:0007542,HGNC:5961
MONDO:0007542,HGNC:25774
MONDO:0007542,HGNC:23151
MONDO:0007542,HGNC:3604
MONDO:0007542,HGNC:13315
MONDO:0007542,HGNC:20662
MONDO:0007542,HGNC:9803
MONDO:0007542,HGNC:10994
MONDO:0007542,HGNC:29262
MONDO:0007542,HGNC:24576
MONDO:0007542,HGNC:60
MONDO:0007542,HGNC:5173
MONDO:0007542,HGNC:9644
MONDO:0007542,HGNC:20305
MONDO:0007542,HGNC:9587
MONDO:0007542,HGNC:1373
MONDO:0007542,HGNC:17198
MONDO:0007542,HGNC:23056
MONDO:0007542,HGNC:26031
MONDO:0007542,HGNC:10257
MONDO:0007542,HGNC:9905
MONDO:0007542,HGNC:1786
MONDO:0007542,HGNC:10853
MONDO:0007542,HGNC:12771
MONDO:0007542,HGNC:3754
MONDO:0007542,HGNC:3603
MONDO:0007542,HGNC:6909
MONDO:0007542,HGNC:11582
MONDO:0007542,HGNC:14234
MONDO:0007542,HGNC:6000
MONDO:0007542,HGNC:5391
MONDO:0007542,HGNC:3663
MONDO:0007542,HGNC:3689
MONDO:0007542,HGNC:21317
MONDO:0007542,HGNC:23068
MONDO:0007542,HGNC:8923
MONDO:0007542,HGNC:12774
MONDO:0007542,HGNC:30074
MONDO:0007542,HGNC:2978
MONDO:0007542,HGNC:2606
MONDO:0007542,HGNC:15979
MONDO:0007542,HGNC:4124
MONDO:0007542,HGNC:18008
MONDO:0007542,HGNC:3512
MONDO:0007542,HGNC:4220
MONDO:0007542,HGNC:9177
MONDO:0007542,HGNC:9879
MONDO:0007542,HGNC:1744
MONDO:0007542,HGNC:11551
MONDO:0007542,HGNC:1069
MONDO:0007542,HGNC:17582
MONDO:0007542,HGNC:10447
MONDO:0007542,HGNC:20581
MONDO:0007542,HGNC:1097
MONDO:0007542,HGNC:12766
MONDO:0007542,HGNC:29110
MONDO:0007542,HGNC:18591
MONDO:0007542,HGNC:9091
MONDO:0007542,HGNC:23096
MONDO:0007542,HGNC:7166
MONDO:0007542,HGNC:6948
MONDO:0007542,HGNC:19189
MONDO:0007542,HGNC:5464
MONDO:0007542,HGNC:124
MONDO:0007542,HGNC:2909
MONDO:0007542,HGNC:16400
MONDO:0007542,HGNC:15464
MONDO:0007542,HGNC:16075
MONDO:0007542,HGNC:6021
MONDO:0007542,HGNC:6716
MONDO:0007542,HGNC:6636
MONDO:0007542,HGNC:4556
MONDO:0007542,HGNC:24154
MONDO:0007542,HGNC:4198
MONDO:0007542,HGNC:13243
MONDO:0007542,HGNC:6595
MONDO:0007542,HGNC:30348
MONDO:0007542,HGNC:3084
MONDO:0007542,HGNC:25815
MONDO:0007542,HGNC:25660
MONDO:0007542,HGNC:30764
MONDO:0007542,HGNC:29832
MONDO:0007542,HGNC:20218
MONDO:0007542,HGNC:19102
MONDO:0007542,HGNC:30760
MONDO:0007542,HGNC:18481
MONDO:0007542,HGNC:6715
MONDO:0007542,HGNC:3513
MONDO:0007542,HGNC:11602
MONDO:0007542,HGNC:2919
MONDO:0007542,HGNC:24725
MONDO:0007542,HGNC:7160
MONDO:0007542,HGNC:9949
MONDO:0007542,HGNC:8754
MONDO:0007542,HGNC:11769
MONDO:0007542,HGNC:11603
MONDO:0007542,HGNC:29420
MONDO:0007542,HGNC:16110
MONDO:0007542,HGNC:18169
MONDO:0007542,HGNC:4877
MONDO:0007542,HGNC:7945
MONDO:0007542,HGNC:3087
MONDO:0007542,HGNC:7159
MONDO:0007542,HGNC:17722
MONDO:0007542,HGNC:29298
MONDO:0007542,HGNC:17271
MONDO:0007542,HGNC:18625
MONDO:0007542,HGNC:6826
MONDO:0007542,HGNC:29824
MONDO:0007542,HGNC:26527
MONDO:0007542,HGNC:1077
MONDO:0007542,HGNC:29670
MONDO:0007542,HGNC:11109
MONDO:0007542,HGNC:1546
MONDO:0007542,HGNC:24519
MONDO:0007542,HGNC:11199
MONDO:0007542,HGNC:15977
MONDO:0007542,HGNC:7944
MONDO:0007542,HGNC:17797
MONDO:0007542,HGNC:2932
MONDO:0007542,HGNC:6391
MONDO:0007542,HGNC:12782
MONDO:0007542,HGNC:5383
MONDO:0007542,HGNC:1736
MONDO:0007542,HGNC:11773
MONDO:0007542,HGNC:4422
MONDO:0007542,HGNC:4267
MONDO:0007542,HGNC:12930
MONDO:0007542,HGNC:12449
MONDO:0007542,HGNC:5468
MONDO:0007542,HGNC:11103
MONDO:0007542,HGNC:15924
MONDO:0007542,HGNC:3255
MONDO:0007542,HGNC:18608
MONDO:0007542,HGNC:11195
MONDO:0007542,HGNC:17151
MONDO:0007542,HGNC:12785
MONDO:0007542,HGNC:9184
MONDO:0007542,HGNC:9891
MONDO:0007542,HGNC:1514
MONDO:0007542,HGNC:5382
MONDO:0007542,HGNC:26019
MONDO:0007542,HGNC:28296
MONDO:0007542,HGNC:15836
MONDO:0007542,HGNC:8487
MONDO:0007542,HGNC:19358
MONDO:0007542,HGNC:13520
MONDO:0007542,HGNC:3497
MONDO:0007542,HGNC:14063
MONDO:0007542,HGNC:4263
MONDO:0007542,HGNC:8824
MONDO:0007542,HGNC:4451
MONDO:0007542,HGNC:35126
MONDO:0007542,HGNC:23694
MONDO:0007542,HGNC:1739
MONDO:0007542,HGNC:10031
MONDO:0007542,HGNC:11397
MONDO:0007542,HGNC:1971
MONDO:0007542,HGNC:4274
MONDO:0007542,HGNC:2910
MONDO:0007542,HGNC:14906
MONDO:0007542,HGNC:25535
MONDO:0007542,HGNC:10818
MONDO:0007542,HGNC:25801
MONDO:0007542,HGNC:11766
MONDO:0007542,HGNC:5193
MONDO:0007542,HGNC:6840
MONDO:0007542,HGNC:20197
MONDO:0007542,HGNC:8859
MONDO:0007542,HGNC:26222
MONDO:0007542,HGNC:3600
MONDO:0007542,HGNC:319
MONDO:0007542,HGNC:25676
MONDO:0007542,HGNC:7060
MONDO:0007542,HGNC:4696
MONDO:0007542,HGNC:1133
MONDO:0007542,HGNC:5363
MONDO:0007542,HGNC:3687
MONDO:0007542,HGNC:7392
MONDO:0007542,HGNC:10933
MONDO:0007542,HGNC:11153
MONDO:0007542,HGNC:18873
MONDO:0007542,HGNC:8604
MONDO:0007542,HGNC:2379
MONDO:0007542,HGNC:8860
MONDO:0007542,HGNC:30129
MONDO:0007542,HGNC:25507
MONDO:0007542,HGNC:4713
MONDO:0007542,HGNC:3768
MONDO:0007542,HGNC:7132
MONDO:0007542,HGNC:17109
MONDO:0007542,HGNC:7227
MONDO:0007542,HGNC:327
MONDO:0007542,HGNC:3498
MONDO:0007542,HGNC:6518
MONDO:0007542,HGNC:3179
MONDO:0007542,HGNC:8617
MONDO:0007542,HGNC:14313
MONDO:0007542,HGNC:26690
MONDO:0007542,HGNC:17213
MONDO:0007542,HGNC:27030
MONDO:0007542,HGNC:6263
MONDO:0007542,HGNC:13655
MONDO:0007542,HGNC:14450
MONDO:0007542,HGNC:3518
MONDO:0007542,HGNC:1494
MONDO:0007542,HGNC:5389
MONDO:0007542,HGNC:7765
MONDO:0007542,HGNC:21652
MONDO:0007542,HGNC:11301
MONDO:0007542,HGNC:18179
MONDO:0007542,HGNC:11768
MONDO:0007542,HGNC:6871
MONDO:0007542,HGNC:10771
MONDO:0007542,HGNC:34016
MONDO:0007542,HGNC:26219
MONDO:0007542,HGNC:6842
MONDO:0007542,HGNC:8999
MONDO:0007542,HGNC:17877
MONDO:0007542,HGNC:20323
MONDO:0007542,HGNC:4040
MONDO:0007542,HGNC:1762
MONDO:0007542,HGNC:21732
MONDO:0007542,HGNC:15901
MONDO:0007542,HGNC:30497
MONDO:0007542,HGNC:5102
MONDO:0007542,HGNC:29316
MONDO:0007542,HGNC:4979
MONDO:0007542,HGNC:467
MONDO:0007542,HGNC:6654
MONDO:0007542,HGNC:20194
MONDO:0007542,HGNC:6831
MONDO:0007542,HGNC:6407
MONDO:0007542,HGNC:12679
MONDO:0007542,HGNC:25640
MONDO:0007542,HGNC:10524
MONDO:0007542,HGNC:6714
MONDO:0007542,HGNC:29242
MONDO:0007542,HGNC:15516
MONDO:0007542,HGNC:1856
MONDO:0007542,HGNC:15672
MONDO:0007542,HGNC:9282
MONDO:0007542,HGNC:24290
MONDO:0007542,HGNC:9964
MONDO:0007542,HGNC:3688
MONDO:0007542,HGNC:3690
MONDO:0007542,HGNC:9251
MONDO:0007542,HGNC:10023
MONDO:0007542,HGNC:9004
MONDO:0007542,HGNC:11623
MONDO:0007542,HGNC:9388
MONDO:0007542,HGNC:930
MONDO:0007542,HGNC:14631
MONDO:0007542,HGNC:428
MONDO:0007542,HGNC:11594
MONDO:0007542,HGNC:29022
MONDO:0007542,HGNC:17861
MONDO:0007542,HGNC:11111
MONDO:0007542,HGNC:4796
MONDO:0007542,HGNC:8783
MONDO:0007542,HGNC:24488
MONDO:0007542,HGNC:5101
MONDO:0007542,HGNC:7523
MONDO:0007542,HGNC:10472
MONDO:0007542,HGNC:7989
MONDO:0007542,HGNC:3686
MONDO:0007542,HGNC:17422
MONDO:0007542,HGNC:318
MONDO:0007542,HGNC:9005
MONDO:0007542,HGNC:2200
MONDO:0007542,HGNC:4266
MONDO:0007542,HGNC:19129
MONDO:0007542,HGNC:18620
MONDO:0007542,HGNC:11766
MONDO:0008113,HGNC:9585
MONDO:0009239,HGNC:3964
MONDO:0009239,HGNC:3964
MONDO:0009284,HGNC:4624
MONDO:0009284,HGNC:4624
MONDO:0009776,HGNC:11490
MONDO:0009818,HGNC:1373
MONDO:0009818,HGNC:1373
MONDO:0010286,HGNC:20672
MONDO:0010286,HGNC:20672
MONDO:0010491,HGNC:14963
MONDO:0010504,HGNC:868
MONDO:0010586,HGNC:3754
MONDO:0011006,HGNC:9722
MONDO:0011006,HGNC:9722
MONDO:0011013,HGNC:1514
MONDO:0011593,HGNC:30500
MONDO:0011738,HGNC:4512
MONDO:0011738,HGNC:4512
MONDO:0011911,HGNC:10701
MONDO:0011911,HGNC:10701
MONDO:0012315,HGNC:19087
MONDO:0012383,HGNC:6947
MONDO:0012383,HGNC:6947
MONDO:0012524,HGNC:2592
MONDO:0012596,HGNC:19129
MONDO:0012596,HGNC:19129
MONDO:0012652,HGNC:27337
MONDO:0012652,HGNC:27337
MONDO:0012683,HGNC:21406
MONDO:0012683,HGNC:21406
MONDO:0013204,HGNC:16438
MONDO:0013501,HGNC:12666
MONDO:0013628,HGNC:17893
MONDO:0013640,HGNC:5476
MONDO:0013640,HGNC:5476
MONDO:0013930,HGNC:8859
MONDO:0013941,HGNC:5382
MONDO:0014409,HGNC:26988
MONDO:0014428,HGNC:3420
MONDO:0014534,HGNC:6217
MONDO:0014877,HGNC:20093
MONDO:0014877,HGNC:20093
MONDO:0015350,HGNC:7765
MONDO:0015632,HGNC:29160
MONDO:0016049,HGNC:3097
MONDO:0018759,HGNC:12403
MONDO:0023692,HGNC:987
MONDO:0025353,HGNC:3670
MONDO:0030673,HGNC:13921
MONDO:0030673,HGNC:13921
MONDO:0030723,HGNC:6836
MONDO:0032657,HGNC:1392
MONDO:0032665,HGNC:25980
MONDO:0032688,HGNC:2201
MONDO:0032688,HGNC:2201
MONDO:0032721,HGNC:15456
MONDO:0032732,HGNC:31948
MONDO:0032794,HGNC:20080
MONDO:0032841,HGNC:13281
MONDO:0044329,HGNC:18345
MONDO:0044701,HGNC:12511
MONDO:0044701,HGNC:12511
MONDO:0044726,HGNC:1329
MONDO:0044726,HGNC:1329
MONDO:0957427,HGNC:8619
MONDO:0957427,HGNC:14262
MONDO:0957819,HGNC:16305
MONDO:0957825,HGNC:20844
MONDO:0957922,HGNC:26383
MONDO:0957954,HGNC:3446
MONDO:0007790,HGNC:7225
MONDO:0007790,HGNC:3239
MONDO:0007790,HGNC:9118
MONDO:0007790,HGNC:13797
MONDO:0007790,HGNC:13797
MONDO:0007790,HGNC:3239
MONDO:0007790,HGNC:7225
MONDO:0007790,HGNC:9118
MONDO:0008259,HGNC:27310
MONDO:0008259,HGNC:27310
MONDO:0008592,HGNC:2916
MONDO:0008592,HGNC:2916
MONDO:0008703,HGNC:1077
MONDO:0008703,HGNC:4220
MONDO:0008703,HGNC:4220
MONDO:0009153,HGNC:19706
MONDO:0009377,HGNC:17996
MONDO:0009377,HGNC:17996
MONDO:0009607,HGNC:6903
MONDO:0009607,HGNC:6903
MONDO:0009666,HGNC:4976
MONDO:0009666,HGNC:4976
MONDO:0009694,HGNC:7218
MONDO:0009694,HGNC:7218
MONDO:0010099,HGNC:4367
MONDO:0010099,HGNC:4367
MONDO:0010909,HGNC:3438
MONDO:0011112,HGNC:21694
MONDO:0011266,HGNC:13164
MONDO:0011266,HGNC:13164
MONDO:0011325,HGNC:3587
MONDO:0012180,HGNC:9024
MONDO:0012289,HGNC:3756
MONDO:0012289,HGNC:3756
MONDO:0012507,HGNC:20202
MONDO:0012571,HGNC:16473
MONDO:0012579,HGNC:4948
MONDO:0013014,HGNC:319
MONDO:0013014,HGNC:319
MONDO:0013211,HGNC:11947
MONDO:0013227,HGNC:8583
MONDO:0013227,HGNC:8583
MONDO:0013437,HGNC:8785
MONDO:0013464,HGNC:1404
MONDO:0013464,HGNC:1404
MONDO:0013589,HGNC:7599
MONDO:0014111,HGNC:6610
MONDO:0014115,HGNC:2678
MONDO:0014115,HGNC:2678
MONDO:0014132,HGNC:27302
MONDO:0014132,HGNC:27302
MONDO:0014333,HGNC:4512
MONDO:0014417,HGNC:21308
MONDO:0014417,HGNC:21308
MONDO:0014736,HGNC:23573
MONDO:0014736,HGNC:23573
MONDO:0014803,HGNC:20134
MONDO:0014803,HGNC:20134
MONDO:0014807,HGNC:24268
MONDO:0014816,HGNC:17797
MONDO:0014816,HGNC:17797
MONDO:0014883,HGNC:3756
MONDO:0014930,HGNC:20509
MONDO:0015000,HGNC:567
MONDO:0017729,HGNC:9498
MONDO:0017729,HGNC:713
MONDO:0018280,HGNC:2666
MONDO:0019982,HGNC:11630
MONDO:0020788,HGNC:799
MONDO:0020791,HGNC:6414
MONDO:0026777,HGNC:12469
MONDO:0026777,HGNC:12469
MONDO:0030961,HGNC:17637
MONDO:0030994,HGNC:2553
MONDO:0100552,HGNC:12405
MONDO:0700090,HGNC:20619
MONDO:0700090,HGNC:9957
MONDO:0700090,HGNC:6572
MONDO:0859353,HGNC:29368
MONDO:0859523,HGNC:129
MONDO:0957993,HGNC:10451
MONDO:0007285,HGNC:4281
MONDO:0007495,HGNC:4193
MONDO:0008740,HGNC:9142
MONDO:0008740,HGNC:8522
MONDO:0008740,HGNC:9142
MONDO:0008992,HGNC:27230
MONDO:0008992,HGNC:27230
MONDO:0009213,HGNC:3584
MONDO:0009269,HGNC:14631
MONDO:0009461,HGNC:21424
MONDO:0009461,HGNC:26708
MONDO:0009461,HGNC:11391
MONDO:0009461,HGNC:15872
MONDO:0009461,HGNC:26532
MONDO:0009461,HGNC:373
MONDO:0009461,HGNC:21099
MONDO:0009461,HGNC:2941
MONDO:0009461,HGNC:11391
MONDO:0009681,HGNC:2211
MONDO:0009804,HGNC:18856
MONDO:0009804,HGNC:18345
MONDO:0009804,HGNC:18169
MONDO:0009804,HGNC:2198
MONDO:0009804,HGNC:2197
MONDO:0009804,HGNC:1067
MONDO:0009804,HGNC:1546
MONDO:0009804,HGNC:9255
MONDO:0009804,HGNC:8824
MONDO:0009804,HGNC:19316
MONDO:0009804,HGNC:2379
MONDO:0009804,HGNC:15455
MONDO:0009804,HGNC:12774
MONDO:0009804,HGNC:2198
MONDO:0009804,HGNC:2197
MONDO:0010121,HGNC:9905
MONDO:0010121,HGNC:9905
MONDO:0010569,HGNC:6470
MONDO:0010569,HGNC:6470
MONDO:0011576,HGNC:2020
MONDO:0011576,HGNC:2020
MONDO:0012240,HGNC:12011
MONDO:0012245,HGNC:19954
MONDO:0012326,HGNC:28741
MONDO:0012513,HGNC:11811
MONDO:0012565,HGNC:26144
MONDO:0012573,HGNC:10250
MONDO:0012694,HGNC:29168
MONDO:0013403,HGNC:174
MONDO:0013444,HGNC:13387
MONDO:0013552,HGNC:575
MONDO:0013645,HGNC:23143
MONDO:0013645,HGNC:23143
MONDO:0013719,HGNC:18340
MONDO:0013916,HGNC:16762
MONDO:0013928,HGNC:16744
MONDO:0014233,HGNC:11503
MONDO:0014236,HGNC:21144
MONDO:0014459,HGNC:7881
MONDO:0014854,HGNC:1632
MONDO:0014895,HGNC:25799
MONDO:0018572,HGNC:28858
MONDO:0019669,HGNC:2200
MONDO:0032677,HGNC:13664
MONDO:0032677,HGNC:21638
MONDO:0032677,HGNC:13664
MONDO:0032813,HGNC:4079
MONDO:0033010,HGNC:4285
MONDO:0033046,HGNC:6948
MONDO:0033200,HGNC:10256
MONDO:0044313,HGNC:11546
MONDO:0044643,HGNC:6757
MONDO:0700089,HGNC:9153
MONDO:0007191,HGNC:6377
MONDO:0007191,HGNC:18173
MONDO:0007191,HGNC:20486
MONDO:0007191,HGNC:1323
MONDO:0007191,HGNC:5439
MONDO:0007191,HGNC:11850
MONDO:0007191,HGNC:4932
MONDO:0007191,HGNC:49094
MONDO:0007191,HGNC:5969
MONDO:0007191,HGNC:11920
MONDO:0007191,HGNC:1602
MONDO:0007191,HGNC:6998
MONDO:0007191,HGNC:5962
MONDO:0007191,HGNC:11365
MONDO:0007191,HGNC:19100
MONDO:0007363,HGNC:6768
MONDO:0007363,HGNC:76
MONDO:0007363,HGNC:7944
MONDO:0007363,HGNC:1044
MONDO:0007363,HGNC:11773
MONDO:0007363,HGNC:11769
MONDO:0007363,HGNC:13444
MONDO:0007363,HGNC:6664
MONDO:0007363,HGNC:19880
MONDO:0007363,HGNC:3604
MONDO:0007363,HGNC:757
MONDO:0007363,HGNC:6716
MONDO:0007363,HGNC:3219
MONDO:0007363,HGNC:3218
MONDO:0007363,HGNC:14107
MONDO:0007363,HGNC:6769
MONDO:0007363,HGNC:7945
MONDO:0007363,HGNC:9081
MONDO:0007363,HGNC:10896
MONDO:0007363,HGNC:2201
MONDO:0007363,HGNC:11772
MONDO:0007363,HGNC:18625
MONDO:0007363,HGNC:303
MONDO:0007363,HGNC:11768
MONDO:0007363,HGNC:25835
MONDO:0007363,HGNC:9853
MONDO:0007363,HGNC:29673
MONDO:0007363,HGNC:3603
MONDO:0007363,HGNC:1550
MONDO:0007363,HGNC:3604
MONDO:0007813,HGNC:6439
MONDO:0007813,HGNC:6439
MONDO:0008104,HGNC:9644
MONDO:0008104,HGNC:6840
MONDO:0008104,HGNC:1097
MONDO:0008393,HGNC:2348
MONDO:0008393,HGNC:3373
MONDO:0008393,HGNC:2348
MONDO:0008772,HGNC:6365
MONDO:0008858,HGNC:8140
MONDO:0008858,HGNC:8140
MONDO:0009277,HGNC:11724
MONDO:0009277,HGNC:7610
MONDO:0009277,HGNC:6715
MONDO:0009277,HGNC:2597
MONDO:0009277,HGNC:2597
MONDO:0010753,HGNC:3754
MONDO:0010753,HGNC:3754
MONDO:0011502,HGNC:24212
MONDO:0011523,HGNC:7108
MONDO:0011935,HGNC:3960
MONDO:0011959,HGNC:6998
MONDO:0011959,HGNC:9658
MONDO:0011959,HGNC:6998
MONDO:0012043,HGNC:11771
MONDO:0012043,HGNC:11771
MONDO:0012525,HGNC:19689
MONDO:0013052,HGNC:15646
MONDO:0013155,HGNC:19139
MONDO:0013394,HGNC:15532
MONDO:0013394,HGNC:15532
MONDO:0013406,HGNC:18286
MONDO:0013507,HGNC:7662
MONDO:0013573,HGNC:29669
MONDO:0014037,HGNC:18829
MONDO:0014062,HGNC:2939
MONDO:0014062,HGNC:2939
MONDO:0014143,HGNC:10023
MONDO:0014178,HGNC:5033
MONDO:0014227,HGNC:3356
MONDO:0014227,HGNC:3356
MONDO:0014393,HGNC:12682
MONDO:0014751,HGNC:29079
MONDO:0014751,HGNC:29079
MONDO:0014752,HGNC:29914
MONDO:0015011,HGNC:12843
MONDO:0016308,HGNC:7897
MONDO:0016308,HGNC:14537
MONDO:0017080,HGNC:17748
MONDO:0018464,HGNC:9462
MONDO:0019933,HGNC:358
MONDO:0019933,HGNC:14963
MONDO:0020407,HGNC:14630
MONDO:0020407,HGNC:4174
MONDO:0020407,HGNC:4173
MONDO:0020407,HGNC:7976
MONDO:0020765,HGNC:7225
MONDO:0024568,HGNC:6512
MONDO:0024568,HGNC:6512
MONDO:0025699,HGNC:4332
MONDO:0030339,HGNC:24286
MONDO:0030897,HGNC:3263
MONDO:0031010,HGNC:24008
MONDO:0032745,HGNC:11631
MONDO:0032855,HGNC:16493
MONDO:0032914,HGNC:18592
MONDO:0032917,HGNC:9090
MONDO:0035124,HGNC:667
MONDO:0054695,HGNC:17797
MONDO:0100102,HGNC:9863
MONDO:0100294,HGNC:10680
MONDO:0100294,HGNC:33867
MONDO:0100294,HGNC:10683
MONDO:0100294,HGNC:10681
MONDO:0100294,HGNC:10680
MONDO:0700087,HGNC:12597
MONDO:0700087,HGNC:7606
MONDO:0800025,HGNC:29022
MONDO:0800025,HGNC:29022
MONDO:0800131,HGNC:6021
MONDO:0957807,HGNC:11368
MONDO:0007037,HGNC:3690
MONDO:0007037,HGNC:3690
MONDO:0007044,HGNC:9388
MONDO:0007606,HGNC:171
MONDO:0007606,HGNC:171
MONDO:0008176,HGNC:11280
MONDO:0008717,HGNC:4220
MONDO:0008717,HGNC:4220
MONDO:0009227,HGNC:8804
MONDO:0009338,HGNC:5401
MONDO:0009338,HGNC:5401
MONDO:0009411,HGNC:360
MONDO:0009411,HGNC:360
MONDO:0009714,HGNC:2212
MONDO:0009714,HGNC:2212
MONDO:0010031,HGNC:403
MONDO:0010031,HGNC:403
MONDO:0010209,HGNC:12805
MONDO:0010209,HGNC:12805
MONDO:0010248,HGNC:1044
MONDO:0010248,HGNC:1044
MONDO:0010315,HGNC:6010
MONDO:0010315,HGNC:6010
MONDO:0010618,HGNC:4198
MONDO:0011196,HGNC:11226
MONDO:0011217,HGNC:2859
MONDO:0011217,HGNC:2859
MONDO:0011337,HGNC:9360
MONDO:0011908,HGNC:9644
MONDO:0011908,HGNC:10447
MONDO:0011908,HGNC:7989
MONDO:0011908,HGNC:1541
MONDO:0011908,HGNC:6407
MONDO:0011908,HGNC:7765
MONDO:0011908,HGNC:17073
MONDO:0011908,HGNC:9644
MONDO:0011908,HGNC:1541
MONDO:0011908,HGNC:7765
MONDO:0012080,HGNC:5246
MONDO:0012345,HGNC:11781
MONDO:0012345,HGNC:2481
MONDO:0012345,HGNC:11781
MONDO:0012518,HGNC:4241
MONDO:0012723,HGNC:29021
MONDO:0012783,HGNC:30220
MONDO:0012783,HGNC:30220
MONDO:0013296,HGNC:3688
MONDO:0013449,HGNC:2383
MONDO:0013450,HGNC:10975
MONDO:0013467,HGNC:3625
MONDO:0013467,HGNC:3625
MONDO:0013481,HGNC:9884
MONDO:0013553,HGNC:21143
MONDO:0013925,HGNC:68
MONDO:0013925,HGNC:68
MONDO:0014201,HGNC:29040
MONDO:0014208,HGNC:15974
MONDO:0014208,HGNC:15974
MONDO:0014382,HGNC:2978
MONDO:0014382,HGNC:2978
MONDO:0014416,HGNC:25781
MONDO:0014564,HGNC:67
MONDO:0014567,HGNC:18062
MONDO:0014567,HGNC:18062
MONDO:0014612,HGNC:8609
MONDO:0014706,HGNC:9722
MONDO:0014815,HGNC:19263
MONDO:0014841,HGNC:4651
MONDO:0014976,HGNC:7104
MONDO:0014976,HGNC:7104
MONDO:0016577,HGNC:18292
MONDO:0017892,HGNC:17089
MONDO:0017935,HGNC:11621
MONDO:0018996,HGNC:445
MONDO:0018996,HGNC:445
MONDO:0018996,HGNC:30035
MONDO:0019258,HGNC:8582
MONDO:0030019,HGNC:24496
MONDO:0030048,HGNC:2321
MONDO:0030048,HGNC:2321
MONDO:0030360,HGNC:29955
MONDO:0030680,HGNC:941
MONDO:0033485,HGNC:14313
MONDO:0033613,HGNC:28242
MONDO:0033613,HGNC:28242
MONDO:0044326,HGNC:20603
MONDO:0800341,HGNC:12012
MONDO:0007610,HGNC:35
MONDO:0007610,HGNC:35
MONDO:0007812,HGNC:26321
MONDO:0007944,HGNC:11654
MONDO:0008017,HGNC:11289
MONDO:0008097,HGNC:5173
MONDO:0008097,HGNC:6407
MONDO:0008097,HGNC:7989
MONDO:0008097,HGNC:7989
MONDO:0008097,HGNC:6407
MONDO:0008097,HGNC:5173
MONDO:0008294,HGNC:4982
MONDO:0008294,HGNC:4982
MONDO:0008585,HGNC:43984
MONDO:0008585,HGNC:6953
MONDO:0008585,HGNC:5394
MONDO:0008585,HGNC:4883
MONDO:0008815,HGNC:746
MONDO:0008815,HGNC:746
MONDO:0009165,HGNC:12269
MONDO:0009548,HGNC:2040
MONDO:0009548,HGNC:2040
MONDO:0009735,HGNC:15464
MONDO:0009735,HGNC:15464
MONDO:0009798,HGNC:13503
MONDO:0009798,HGNC:13503
MONDO:0009825,HGNC:8149
MONDO:0009825,HGNC:8149
MONDO:0010572,HGNC:869
MONDO:0010572,HGNC:869
MONDO:0010598,HGNC:8926
MONDO:0010803,HGNC:9608
MONDO:0010803,HGNC:9608
MONDO:0011327,HGNC:53924
MONDO:0011327,HGNC:53924
MONDO:0011535,HGNC:15979
MONDO:0011631,HGNC:10909
MONDO:0011631,HGNC:10909
MONDO:0011631,HGNC:10909
MONDO:0012287,HGNC:2200
MONDO:0012656,HGNC:7549
MONDO:0012656,HGNC:8996
MONDO:0012656,HGNC:8996
MONDO:0012735,HGNC:6250
MONDO:0012735,HGNC:6250
MONDO:0012794,HGNC:21863
MONDO:0012794,HGNC:21863
MONDO:0012859,HGNC:11908
MONDO:0012859,HGNC:11908
MONDO:0013249,HGNC:9679
MONDO:0013561,HGNC:26019
MONDO:0013561,HGNC:26019
MONDO:0013659,HGNC:16950
MONDO:0013659,HGNC:16950
MONDO:0013673,HGNC:12762
MONDO:0013673,HGNC:12762
MONDO:0013783,HGNC:47
MONDO:0013795,HGNC:2187
MONDO:0013872,HGNC:14198
MONDO:0013905,HGNC:4593
MONDO:0013905,HGNC:4593
MONDO:0014135,HGNC:1527
MONDO:0014163,HGNC:7551
MONDO:0014213,HGNC:13723
MONDO:0014213,HGNC:13723
MONDO:0014359,HGNC:9380
MONDO:0014369,HGNC:4318
MONDO:0014369,HGNC:4318
MONDO:0014568,HGNC:18540
MONDO:0014568,HGNC:18540
MONDO:0014578,HGNC:6696
MONDO:0014615,HGNC:3435
MONDO:0014628,HGNC:12827
MONDO:0014724,HGNC:25774
MONDO:0014802,HGNC:10702
MONDO:0014830,HGNC:32689
MONDO:0014830,HGNC:32689
MONDO:0015631,HGNC:12726
MONDO:0016456,HGNC:6996
MONDO:0016601,HGNC:758
MONDO:0016783,HGNC:14575
MONDO:0016783,HGNC:2907
MONDO:0016783,HGNC:14665
MONDO:0017174,HGNC:7106
MONDO:0017337,HGNC:2590
MONDO:0018417,HGNC:30914
MONDO:0018821,HGNC:12632
MONDO:0019032,HGNC:11199
MONDO:0019828,HGNC:23694
MONDO:0019828,HGNC:17104
MONDO:0019828,HGNC:4877
MONDO:0019828,HGNC:10249
MONDO:0019828,HGNC:13831
MONDO:0019828,HGNC:21734
MONDO:0019828,HGNC:15836
MONDO:0020354,HGNC:4043
MONDO:0020354,HGNC:47
MONDO:0020354,HGNC:8620
MONDO:0020354,HGNC:10526
MONDO:0020354,HGNC:144
MONDO:0026771,HGNC:11111
MONDO:0030525,HGNC:6442
MONDO:0030864,HGNC:24641
MONDO:0032834,HGNC:22219
MONDO:0035151,HGNC:3581
MONDO:0035151,HGNC:9557
MONDO:0054847,HGNC:16854
MONDO:0859339,HGNC:1268
MONDO:0000913,HGNC:11274
MONDO:0008783,HGNC:29
MONDO:0008783,HGNC:29
MONDO:0009031,HGNC:17321
MONDO:0009031,HGNC:13771
MONDO:0009194,HGNC:5358
MONDO:0009211,HGNC:3544
MONDO:0009211,HGNC:3544
MONDO:0009364,HGNC:19743
MONDO:0009364,HGNC:6511
MONDO:0009364,HGNC:9202
MONDO:0009364,HGNC:3622
MONDO:0009364,HGNC:17997
MONDO:0009527,HGNC:14154
MONDO:0009527,HGNC:14154
MONDO:0009659,HGNC:4122
MONDO:0009659,HGNC:4122
MONDO:0009968,HGNC:853
MONDO:0010196,HGNC:12791
MONDO:0010196,HGNC:12791
MONDO:0010590,HGNC:11957
MONDO:0010590,HGNC:11957
MONDO:0010709,HGNC:16499
MONDO:0010709,HGNC:16499
MONDO:0010735,HGNC:644
MONDO:0010735,HGNC:644
MONDO:0011081,HGNC:16290
MONDO:0011169,HGNC:20330
MONDO:0011169,HGNC:20330
MONDO:0011459,HGNC:28472
MONDO:0011927,HGNC:4382
MONDO:0012173,HGNC:4801
MONDO:0012173,HGNC:4801
MONDO:0012193,HGNC:5037
MONDO:0012193,HGNC:5037
MONDO:0012273,HGNC:24579
MONDO:0012450,HGNC:315
MONDO:0012450,HGNC:315
MONDO:0012467,HGNC:17412
MONDO:0012704,HGNC:3622
MONDO:0012724,HGNC:22938
MONDO:0012724,HGNC:22938
MONDO:0013136,HGNC:3037
MONDO:0013136,HGNC:3037
MONDO:0013212,HGNC:20
MONDO:0013212,HGNC:20
MONDO:0013274,HGNC:20087
MONDO:0013923,HGNC:29298
MONDO:0013936,HGNC:8851
MONDO:0013969,HGNC:21176
MONDO:0013969,HGNC:21176
MONDO:0013985,HGNC:8516
MONDO:0014169,HGNC:47
MONDO:0014257,HGNC:19041
MONDO:0014884,HGNC:7967
MONDO:0014884,HGNC:7967
MONDO:0015023,HGNC:23246
MONDO:0016490,HGNC:4827
MONDO:0016533,HGNC:601
MONDO:0016562,HGNC:6893
MONDO:0016621,HGNC:4851
MONDO:0017053,HGNC:2698
MONDO:0017053,HGNC:987
MONDO:0017053,HGNC:986
MONDO:0017176,HGNC:7106
MONDO:0018810,HGNC:9051
MONDO:0018822,HGNC:28957
MONDO:0019451,HGNC:2439
MONDO:0030797,HGNC:29253
MONDO:0031052,HGNC:25640
MONDO:0032710,HGNC:7763
MONDO:0032783,HGNC:17985
MONDO:0033116,HGNC:12828
MONDO:0033260,HGNC:9679
MONDO:0044318,HGNC:9277
MONDO:0044318,HGNC:9277
MONDO:0044321,HGNC:20185
MONDO:0044321,HGNC:20185
MONDO:0060555,HGNC:6469
MONDO:0800445,HGNC:27310
MONDO:0800445,HGNC:27310
MONDO:0800445,HGNC:13995
MONDO:0859136,HGNC:25551
MONDO:0958228,HGNC:25904
MONDO:0008083,HGNC:16235
MONDO:0008083,HGNC:16235
MONDO:0008751,HGNC:2592
MONDO:0010056,HGNC:11117
MONDO:0010056,HGNC:11118
MONDO:0010056,HGNC:11117
MONDO:0010664,HGNC:11123
MONDO:0010664,HGNC:11123
MONDO:0011675,HGNC:4181
MONDO:0011712,HGNC:25839
MONDO:0011749,HGNC:12442
MONDO:0011749,HGNC:12442
MONDO:0011832,HGNC:18111
MONDO:0012569,HGNC:20908
MONDO:0012740,HGNC:6871
MONDO:0012740,HGNC:2363
MONDO:0012740,HGNC:1014
MONDO:0012858,HGNC:1689
MONDO:0012858,HGNC:1689
MONDO:0013006,HGNC:4261
MONDO:0013006,HGNC:4261
MONDO:0013182,HGNC:12851
MONDO:0013182,HGNC:8574
MONDO:0013324,HGNC:9647
MONDO:0013324,HGNC:9647
MONDO:0013338,HGNC:6215
MONDO:0013338,HGNC:6215
MONDO:0013527,HGNC:17619
MONDO:0013641,HGNC:17168
MONDO:0013917,HGNC:29182
MONDO:0014029,HGNC:25535
MONDO:0014245,HGNC:10306
MONDO:0014365,HGNC:11538
MONDO:0014513,HGNC:6649
MONDO:0014623,HGNC:25403
MONDO:0014651,HGNC:17264
MONDO:0014658,HGNC:3690
MONDO:0014658,HGNC:3690
MONDO:0015017,HGNC:23228
MONDO:0015017,HGNC:23228
MONDO:0015300,HGNC:2411
MONDO:0015300,HGNC:2410
MONDO:0015300,HGNC:2397
MONDO:0015300,HGNC:2398
MONDO:0015300,HGNC:2388
MONDO:0015300,HGNC:2396
MONDO:0015300,HGNC:6776
MONDO:0015300,HGNC:4281
MONDO:0016431,HGNC:2974
MONDO:0018216,HGNC:24565
MONDO:0018254,HGNC:10303
MONDO:0018644,HGNC:9722
MONDO:0018663,HGNC:6518
MONDO:0018663,HGNC:6518
MONDO:0019201,HGNC:1397
MONDO:0019201,HGNC:4077
MONDO:0019201,HGNC:39080
MONDO:0030020,HGNC:29160
MONDO:0030456,HGNC:6189
MONDO:0032615,HGNC:7713
MONDO:0032819,HGNC:12299
MONDO:0032819,HGNC:12299
MONDO:0032821,HGNC:8621
MONDO:0032898,HGNC:26293
MONDO:0033650,HGNC:2294
MONDO:0044657,HGNC:7154
MONDO:0060764,HGNC:12782
MONDO:0100082,HGNC:9644
MONDO:0859046,HGNC:17098
MONDO:0859228,HGNC:9200
MONDO:0958118,HGNC:6019
MONDO:0007164,HGNC:12642
MONDO:0007164,HGNC:12642
MONDO:0008145,HGNC:5382
MONDO:0008145,HGNC:5383
MONDO:0008145,HGNC:9608
MONDO:0008172,HGNC:10955
MONDO:0008201,HGNC:2711
MONDO:0008201,HGNC:2711
MONDO:0008881,HGNC:2500
MONDO:0009515,HGNC:6522
MONDO:0009515,HGNC:6522
MONDO:0009747,HGNC:7224
MONDO:0009747,HGNC:7224
MONDO:0009876,HGNC:4261
MONDO:0009876,HGNC:18666
MONDO:0009876,HGNC:4261
MONDO:0010016,HGNC:13771
MONDO:0010170,HGNC:12605
MONDO:0010190,HGNC:27561
MONDO:0011143,HGNC:4689
MONDO:0011173,HGNC:7217
MONDO:0012085,HGNC:2950
MONDO:0012130,HGNC:2389
MONDO:0013082,HGNC:9143
MONDO:0013127,HGNC:2962
MONDO:0013127,HGNC:28296
MONDO:0013127,HGNC:2962
MONDO:0013127,HGNC:29250
MONDO:0013127,HGNC:29262
MONDO:0013127,HGNC:21862
MONDO:0013127,HGNC:2962
MONDO:0013154,HGNC:19743
MONDO:0013160,HGNC:19743
MONDO:0013223,HGNC:29679
MONDO:0013223,HGNC:29679
MONDO:0013327,HGNC:25155
MONDO:0013327,HGNC:25155
MONDO:0013427,HGNC:11362
MONDO:0013427,HGNC:11362
MONDO:0013541,HGNC:20772
MONDO:0013541,HGNC:20772
MONDO:0013572,HGNC:6267
MONDO:0013572,HGNC:6267
MONDO:0013652,HGNC:7197
MONDO:0013764,HGNC:26944
MONDO:0014180,HGNC:1090
MONDO:0014180,HGNC:1090
MONDO:0014530,HGNC:4576
MONDO:0014530,HGNC:4576
MONDO:0014617,HGNC:3192
MONDO:0014733,HGNC:11474
MONDO:0014733,HGNC:11474
MONDO:0014818,HGNC:18658
MONDO:0014898,HGNC:11831
MONDO:0015092,HGNC:25839
MONDO:0015092,HGNC:12463
MONDO:0017389,HGNC:8582
MONDO:0017722,HGNC:4879
MONDO:0018092,HGNC:4948
MONDO:0018092,HGNC:9652
MONDO:0018092,HGNC:11920
MONDO:0018133,HGNC:1968
MONDO:0019732,HGNC:6740
MONDO:0020763,HGNC:2348
MONDO:0020785,HGNC:3395
MONDO:0023662,HGNC:485
MONDO:0029148,HGNC:21675
MONDO:0030259,HGNC:17350
MONDO:0030619,HGNC:23302
MONDO:0030749,HGNC:6493
MONDO:0033652,HGNC:20492
MONDO:0035105,HGNC:4978
MONDO:0049222,HGNC:26239
MONDO:0054601,HGNC:13733
MONDO:0100467,HGNC:7876
MONDO:0800130,HGNC:19383
MONDO:0859363,HGNC:12513
MONDO:0859574,HGNC:6412
MONDO:0957442,HGNC:8857
MONDO:0958188,HGNC:1245
MONDO:0007411,HGNC:3327
MONDO:0007550,HGNC:6416
MONDO:0007550,HGNC:6442
MONDO:0007550,HGNC:6416
MONDO:0007550,HGNC:6442
MONDO:0007819,HGNC:10848
MONDO:0008197,HGNC:7392
MONDO:0008266,HGNC:4319
MONDO:0008519,HGNC:7866
MONDO:0009252,HGNC:6315
MONDO:0009252,HGNC:6315
MONDO:0010005,HGNC:17366
MONDO:0010275,HGNC:8768
MONDO:0010275,HGNC:8768
MONDO:0010489,HGNC:7096
MONDO:0011076,HGNC:2770
MONDO:0011076,HGNC:2770
MONDO:0011717,HGNC:4335
MONDO:0011717,HGNC:4335
MONDO:0012025,HGNC:10887
MONDO:0012097,HGNC:29659
MONDO:0012536,HGNC:2379
MONDO:0012538,HGNC:1875
MONDO:0012946,HGNC:1754
MONDO:0013238,HGNC:11603
MONDO:0013262,HGNC:7577
MONDO:0013880,HGNC:5111
MONDO:0013997,HGNC:20577
MONDO:0013997,HGNC:20577
MONDO:0014157,HGNC:9175
MONDO:0014157,HGNC:9175
MONDO:0014345,HGNC:15865
MONDO:0014432,HGNC:967
MONDO:0014490,HGNC:10922
MONDO:0014490,HGNC:10922
MONDO:0014561,HGNC:30664
MONDO:0014561,HGNC:30664
MONDO:0014576,HGNC:29569
MONDO:0014576,HGNC:29569
MONDO:0014620,HGNC:25705
MONDO:0014635,HGNC:9922
MONDO:0014813,HGNC:26938
MONDO:0014872,HGNC:4400
MONDO:0016305,HGNC:15894
MONDO:0016491,HGNC:4827
MONDO:0016614,HGNC:8851
MONDO:0016838,HGNC:21316
MONDO:0018022,HGNC:4829
MONDO:0018022,HGNC:4827
MONDO:0018951,HGNC:6912
MONDO:0020607,HGNC:10600
MONDO:0030008,HGNC:25068
MONDO:0032629,HGNC:7698
MONDO:0036212,HGNC:26222
MONDO:0036212,HGNC:26222
MONDO:0044207,HGNC:1836
MONDO:0054861,HGNC:1460
MONDO:0060729,HGNC:2088
MONDO:0850068,HGNC:19383
MONDO:0859308,HGNC:18286
MONDO:0859325,HGNC:24824
MONDO:0859327,HGNC:1399
MONDO:0958120,HGNC:15842
MONDO:0007718,HGNC:11621
MONDO:0007859,HGNC:3048
MONDO:0008123,HGNC:4040
MONDO:0008123,HGNC:4040
MONDO:0008156,HGNC:2025
MONDO:0008156,HGNC:2025
MONDO:0008759,HGNC:8124
MONDO:0008759,HGNC:8124
MONDO:0008827,HGNC:12771
MONDO:0008827,HGNC:12771
MONDO:0008922,HGNC:21869
MONDO:0008922,HGNC:21869
MONDO:0008922,HGNC:24552
MONDO:0008922,HGNC:10990
MONDO:0008998,HGNC:3438
MONDO:0008998,HGNC:3439
MONDO:0009935,HGNC:24113
MONDO:0010350,HGNC:2877
MONDO:0010475,HGNC:5948
MONDO:0010475,HGNC:5948
MONDO:0010478,HGNC:11022
MONDO:0010478,HGNC:11022
MONDO:0010637,HGNC:15455
MONDO:0010650,HGNC:3754
MONDO:0010650,HGNC:3754
MONDO:0011101,HGNC:8850
MONDO:0011364,HGNC:16035
MONDO:0011464,HGNC:19141
MONDO:0011464,HGNC:19141
MONDO:0011569,HGNC:6636
MONDO:0011569,HGNC:6636
MONDO:0011916,HGNC:15968
MONDO:0011916,HGNC:14201
MONDO:0011916,HGNC:15968
MONDO:0011951,HGNC:4010
MONDO:0012160,HGNC:8754
MONDO:0012160,HGNC:8754
MONDO:0012204,HGNC:47
MONDO:0012204,HGNC:47
MONDO:0012665,HGNC:1040
MONDO:0012677,HGNC:6242
MONDO:0012737,HGNC:10592
MONDO:0013021,HGNC:6000
MONDO:0013021,HGNC:6000
MONDO:0013269,HGNC:8950
MONDO:0013423,HGNC:6902
MONDO:0013423,HGNC:6902
MONDO:0013740,HGNC:20581
MONDO:0013740,HGNC:20581
MONDO:0014051,HGNC:2263
MONDO:0014446,HGNC:28093
MONDO:0014521,HGNC:6233
MONDO:0014521,HGNC:6233
MONDO:0014575,HGNC:19102
MONDO:0014819,HGNC:3087
MONDO:0014865,HGNC:2439
MONDO:0014865,HGNC:2439
MONDO:0014910,HGNC:25280
MONDO:0014926,HGNC:21424
MONDO:0014927,HGNC:24123
MONDO:0016711,HGNC:16466
MONDO:0018493,HGNC:10483
MONDO:0018493,HGNC:1397
MONDO:0018603,HGNC:10802
MONDO:0019333,HGNC:59
MONDO:0030059,HGNC:19338
MONDO:0030361,HGNC:30860
MONDO:0032604,HGNC:17211
MONDO:0032823,HGNC:564
MONDO:0033374,HGNC:13760
MONDO:0033492,HGNC:18037
MONDO:0044305,HGNC:17550
MONDO:0859238,HGNC:600
MONDO:0859279,HGNC:25786
MONDO:0957870,HGNC:3258
MONDO:0007533,HGNC:11272
MONDO:0007962,HGNC:8975
MONDO:0008147,HGNC:13520
MONDO:0008147,HGNC:9255
MONDO:0008147,HGNC:19316
MONDO:0008147,HGNC:2379
MONDO:0008147,HGNC:2198
MONDO:0008147,HGNC:2197
MONDO:0008147,HGNC:2198
MONDO:0008147,HGNC:2197
MONDO:0008497,HGNC:11386
MONDO:0008497,HGNC:25896
MONDO:0008497,HGNC:11386
MONDO:0008753,HGNC:4892
MONDO:0008753,HGNC:4892
MONDO:0009590,HGNC:9498
MONDO:0009660,HGNC:4298
MONDO:0009660,HGNC:4298
MONDO:0009783,HGNC:9179
MONDO:0010068,HGNC:7801
MONDO:0010068,HGNC:7801
MONDO:0010091,HGNC:2364
MONDO:0010091,HGNC:2364
MONDO:0010091,HGNC:17412
MONDO:0010325,HGNC:29215
MONDO:0010328,HGNC:886
MONDO:0010328,HGNC:886
MONDO:0010667,HGNC:14543
MONDO:0010699,HGNC:9462
MONDO:0010699,HGNC:9462
MONDO:0010817,HGNC:6298
MONDO:0011640,HGNC:17582
MONDO:0011640,HGNC:17582
MONDO:0011839,HGNC:10024
MONDO:0011988,HGNC:9802
MONDO:0011988,HGNC:9802
MONDO:0012052,HGNC:18294
MONDO:0012052,HGNC:18294
MONDO:0012163,HGNC:6024
MONDO:0012605,HGNC:18121
MONDO:0012605,HGNC:18121
MONDO:0012612,HGNC:10866
MONDO:0012748,HGNC:2942
MONDO:0012816,HGNC:7939
MONDO:0013011,HGNC:143
MONDO:0013028,HGNC:470
MONDO:0013028,HGNC:468
MONDO:0013039,HGNC:29092
MONDO:0013184,HGNC:52293
MONDO:0013184,HGNC:11529
MONDO:0013184,HGNC:11529
MONDO:0013341,HGNC:16692
MONDO:0013341,HGNC:16692
MONDO:0013534,HGNC:610
MONDO:0013545,HGNC:60
MONDO:0013666,HGNC:2218
MONDO:0013679,HGNC:6696
MONDO:0013929,HGNC:1268
MONDO:0014061,HGNC:22986
MONDO:0014061,HGNC:22986
MONDO:0014082,HGNC:6006
MONDO:0014082,HGNC:6006
MONDO:0014089,HGNC:14374
MONDO:0014089,HGNC:14374
MONDO:0014159,HGNC:11276
MONDO:0014159,HGNC:11276
MONDO:0014304,HGNC:697
MONDO:0014304,HGNC:697
MONDO:0014309,HGNC:28209
MONDO:0014309,HGNC:28209
MONDO:0014469,HGNC:13517
MONDO:0016557,HGNC:9060
MONDO:0018416,HGNC:12631
MONDO:0018739,HGNC:3620
MONDO:0019321,HGNC:6636
MONDO:0019731,HGNC:600
MONDO:0020483,HGNC:10591
MONDO:0020526,HGNC:4170
MONDO:0030977,HGNC:30910
MONDO:0032599,HGNC:5960
MONDO:0032630,HGNC:7693
MONDO:0033201,HGNC:26257
MONDO:0033371,HGNC:10590
MONDO:0035679,HGNC:1390
MONDO:0043364,HGNC:3423
MONDO:0044617,HGNC:3754
MONDO:0044626,HGNC:30788
MONDO:0044626,HGNC:20773
MONDO:0044626,HGNC:33630
MONDO:0044626,HGNC:19684
MONDO:0044626,HGNC:8599
MONDO:0054577,HGNC:3749
MONDO:0054677,HGNC:1243
MONDO:0957309,HGNC:20361
MONDO:0957595,HGNC:19306
MONDO:0007114,HGNC:4220
MONDO:0007223,HGNC:5136
MONDO:0007417,HGNC:812
MONDO:0007417,HGNC:812
MONDO:0007631,HGNC:3861
MONDO:0008407,HGNC:2770
MONDO:0008407,HGNC:2770
MONDO:0008566,HGNC:7102
MONDO:0008566,HGNC:5173
MONDO:0008566,HGNC:17382
MONDO:0008566,HGNC:7989
MONDO:0008963,HGNC:1968
MONDO:0008963,HGNC:1968
MONDO:0009339,HGNC:388
MONDO:0009339,HGNC:388
MONDO:0009529,HGNC:2898
MONDO:0009529,HGNC:2898
MONDO:0010221,HGNC:8966
MONDO:0010221,HGNC:8966
MONDO:0010494,HGNC:20372
MONDO:0010560,HGNC:11600
MONDO:0010560,HGNC:11600
MONDO:0010580,HGNC:6106
MONDO:0010580,HGNC:6106
MONDO:0011417,HGNC:11762
MONDO:0011417,HGNC:11762
MONDO:0011428,HGNC:15979
MONDO:0011437,HGNC:24054
MONDO:0012446,HGNC:25843
MONDO:0012446,HGNC:25843
MONDO:0012453,HGNC:25786
MONDO:0012453,HGNC:25786
MONDO:0013113,HGNC:7176
MONDO:0013157,HGNC:17997
MONDO:0013402,HGNC:8002
MONDO:0013757,HGNC:11796
MONDO:0014086,HGNC:12774
MONDO:0014385,HGNC:10978
MONDO:0014507,HGNC:20324
MONDO:0014507,HGNC:20324
MONDO:0014682,HGNC:4798
MONDO:0014685,HGNC:6638
MONDO:0014685,HGNC:6638
MONDO:0014770,HGNC:24866
MONDO:0014983,HGNC:10936
MONDO:0015003,HGNC:19691
MONDO:0015003,HGNC:19691
MONDO:0015020,HGNC:6050
MONDO:0016688,HGNC:5383
MONDO:0018226,HGNC:18060
MONDO:0018333,HGNC:24671
MONDO:0018333,HGNC:3483
MONDO:0018333,HGNC:3482
MONDO:0018333,HGNC:3481
MONDO:0018333,HGNC:29683
MONDO:0018804,HGNC:7603
MONDO:0019799,HGNC:12591
MONDO:0020436,HGNC:1987
MONDO:0020603,HGNC:3133
MONDO:0020603,HGNC:3133
MONDO:0024535,HGNC:18873
MONDO:0032567,HGNC:4266
MONDO:0032567,HGNC:4266
MONDO:0032600,HGNC:1918
MONDO:0032600,HGNC:1918
MONDO:0033640,HGNC:2637
MONDO:0033654,HGNC:40045
MONDO:0033665,HGNC:10911
MONDO:0035235,HGNC:9658
MONDO:0054637,HGNC:15454
MONDO:0054805,HGNC:28952
MONDO:0100095,HGNC:21304
MONDO:0850053,HGNC:3530
MONDO:0957308,HGNC:20361
MONDO:0958009,HGNC:19693
MONDO:0958202,HGNC:21625
MONDO:0958230,HGNC:16519
MONDO:0007129,HGNC:7391
MONDO:0007453,HGNC:4195
MONDO:0007478,HGNC:24725
MONDO:0007478,HGNC:24725
MONDO:0007891,HGNC:19182
MONDO:0008048,HGNC:2974
MONDO:0008048,HGNC:26190
MONDO:0008048,HGNC:10483
MONDO:0008048,HGNC:2974
MONDO:0008048,HGNC:7566
MONDO:0008048,HGNC:26190
MONDO:0008048,HGNC:1052
MONDO:0008086,HGNC:11277
MONDO:0009112,HGNC:4416
MONDO:0009112,HGNC:4416
MONDO:0009504,HGNC:11449
MONDO:0009504,HGNC:11449
MONDO:0009820,HGNC:9255
MONDO:0009820,HGNC:6697
MONDO:0009820,HGNC:1971
MONDO:0009820,HGNC:15455
MONDO:0009820,HGNC:17978
MONDO:0009820,HGNC:12774
MONDO:0009820,HGNC:25535
MONDO:0009820,HGNC:3054
MONDO:0009820,HGNC:6597
MONDO:0009820,HGNC:6305
MONDO:0009820,HGNC:452
MONDO:0009820,HGNC:17321
MONDO:0009820,HGNC:2232
MONDO:0009820,HGNC:15516
MONDO:0009820,HGNC:18169
MONDO:0009820,HGNC:28395
MONDO:0009820,HGNC:26887
MONDO:0009820,HGNC:25676
MONDO:0009820,HGNC:18345
MONDO:0009820,HGNC:930
MONDO:0009820,HGNC:923
MONDO:0009820,HGNC:9091
MONDO:0009820,HGNC:2379
MONDO:0009820,HGNC:26185
MONDO:0009820,HGNC:16644
MONDO:0009820,HGNC:9083
MONDO:0009820,HGNC:1546
MONDO:0009820,HGNC:8546
MONDO:0009820,HGNC:438
MONDO:0009820,HGNC:19316
MONDO:0009820,HGNC:9082
MONDO:0009820,HGNC:10706
MONDO:0009820,HGNC:30301
MONDO:0009820,HGNC:11219
MONDO:0009820,HGNC:23088
MONDO:0009820,HGNC:12776
MONDO:0009820,HGNC:2197
MONDO:0009820,HGNC:19880
MONDO:0009820,HGNC:8548
MONDO:0009820,HGNC:18856
MONDO:0009820,HGNC:23697
MONDO:0009820,HGNC:6324
MONDO:0009820,HGNC:24008
MONDO:0009820,HGNC:13520
MONDO:0009820,HGNC:15625
MONDO:0009820,HGNC:2198
MONDO:0009820,HGNC:8824
MONDO:0009820,HGNC:15517
MONDO:0009820,HGNC:1067
MONDO:0009820,HGNC:6697
MONDO:0010010,HGNC:15573
MONDO:0010010,HGNC:15573
MONDO:0010566,HGNC:10295
MONDO:0010649,HGNC:29861
MONDO:0010649,HGNC:29861
MONDO:0011305,HGNC:8761
MONDO:0011517,HGNC:7979
MONDO:0011632,HGNC:6912
MONDO:0011966,HGNC:15853
MONDO:0012078,HGNC:21575
MONDO:0012118,HGNC:18622
MONDO:0012118,HGNC:18622
MONDO:0012238,HGNC:10990
MONDO:0012434,HGNC:3049
MONDO:0012682,HGNC:12440
MONDO:0012682,HGNC:12440
MONDO:0013191,HGNC:23791
MONDO:0013231,HGNC:6685
MONDO:0013593,HGNC:21528
MONDO:0013722,HGNC:30348
MONDO:0013722,HGNC:30348
MONDO:0013854,HGNC:32700
MONDO:0014012,HGNC:23537
MONDO:0014012,HGNC:23537
MONDO:0014156,HGNC:10589
MONDO:0014298,HGNC:8783
MONDO:0014303,HGNC:3363
MONDO:0014303,HGNC:3363
MONDO:0014344,HGNC:7976
MONDO:0014464,HGNC:26404
MONDO:0014464,HGNC:26404
MONDO:0014599,HGNC:2205
MONDO:0014660,HGNC:25897
MONDO:0014686,HGNC:12831
MONDO:0014888,HGNC:1348
MONDO:0014888,HGNC:1348
MONDO:0014903,HGNC:10596
MONDO:0014969,HGNC:1492
MONDO:0014969,HGNC:1492
MONDO:0015555,HGNC:6342
MONDO:0017811,HGNC:9701
MONDO:0017818,HGNC:3219
MONDO:0018339,HGNC:9449
MONDO:0018467,HGNC:2518
MONDO:0020727,HGNC:823
MONDO:0020770,HGNC:25716
MONDO:0030331,HGNC:20637
MONDO:0030924,HGNC:9538
MONDO:0033204,HGNC:2940
MONDO:0033373,HGNC:18756
MONDO:0033614,HGNC:28242
MONDO:0033614,HGNC:28242
MONDO:0034204,HGNC:11247
MONDO:0054845,HGNC:23794
MONDO:0859525,HGNC:8984
MONDO:0007064,HGNC:186
MONDO:0007064,HGNC:186
MONDO:0008447,HGNC:492
MONDO:0008476,HGNC:2200
MONDO:0008476,HGNC:2200
MONDO:0008770,HGNC:3344
MONDO:0009144,HGNC:7577
MONDO:0009254,HGNC:4006
MONDO:0009254,HGNC:4006
MONDO:0009337,HGNC:29426
MONDO:0009532,HGNC:12851
MONDO:0009532,HGNC:8574
MONDO:0009532,HGNC:4909
MONDO:0009593,HGNC:4556
MONDO:0009593,HGNC:4556
MONDO:0009601,HGNC:10031
MONDO:0009744,HGNC:9325
MONDO:0009862,HGNC:9752
MONDO:0009862,HGNC:9752
MONDO:0009947,HGNC:4624
MONDO:0009947,HGNC:4624
MONDO:0010446,HGNC:9936
MONDO:0010446,HGNC:4206
MONDO:0010820,HGNC:8607
MONDO:0010984,HGNC:13733
MONDO:0010984,HGNC:14674
MONDO:0010998,HGNC:23056
MONDO:0010998,HGNC:23056
MONDO:0011094,HGNC:15710
MONDO:0011439,HGNC:9305
MONDO:0011439,HGNC:9305
MONDO:0011496,HGNC:2200
MONDO:0011496,HGNC:2200
MONDO:0011756,HGNC:19104
MONDO:0012162,HGNC:2509
MONDO:0012307,HGNC:3689
MONDO:0012307,HGNC:3689
MONDO:0012553,HGNC:3434
MONDO:0012854,HGNC:5103
MONDO:0012854,HGNC:5103
MONDO:0013465,HGNC:4394
MONDO:0013607,HGNC:4171
MONDO:0013607,HGNC:4171
MONDO:0013766,HGNC:9066
MONDO:0013766,HGNC:9066
MONDO:0013971,HGNC:29419
MONDO:0013971,HGNC:29419
MONDO:0014063,HGNC:26006
MONDO:0014145,HGNC:4221
MONDO:0014493,HGNC:2505
MONDO:0014493,HGNC:2505
MONDO:0014533,HGNC:12799
MONDO:0014573,HGNC:10706
MONDO:0014619,HGNC:21157
MONDO:0014799,HGNC:23801
MONDO:0014951,HGNC:24036
MONDO:0017264,HGNC:11425
MONDO:0019392,HGNC:1097
MONDO:0020482,HGNC:10591
MONDO:0020493,HGNC:9143
MONDO:0020493,HGNC:738
MONDO:0020493,HGNC:9967
MONDO:0024561,HGNC:9942
MONDO:0032588,HGNC:652
MONDO:0032605,HGNC:1184
MONDO:0032642,HGNC:9314
MONDO:0032642,HGNC:9314
MONDO:0032777,HGNC:4845
MONDO:0032932,HGNC:14411
MONDO:0033555,HGNC:9802
MONDO:0033651,HGNC:2265
MONDO:0060596,HGNC:3581
MONDO:0060596,HGNC:3581
MONDO:0100079,HGNC:10585
MONDO:0100255,HGNC:257
MONDO:0100255,HGNC:257
MONDO:0100289,HGNC:7974
MONDO:0850067,HGNC:14334
MONDO:0859314,HGNC:19036
MONDO:0957811,HGNC:2204
MONDO:0007032,HGNC:1952
MONDO:0007032,HGNC:1952
MONDO:0007138,HGNC:9006
MONDO:0007740,HGNC:2464
MONDO:0007740,HGNC:13869
MONDO:0007740,HGNC:19317
MONDO:0007740,HGNC:23503
MONDO:0007740,HGNC:1071
MONDO:0007740,HGNC:6694
MONDO:0007740,HGNC:2200
MONDO:0007740,HGNC:6259
MONDO:0007740,HGNC:2187
MONDO:0007740,HGNC:2186
MONDO:0007740,HGNC:2219
MONDO:0007740,HGNC:2218
MONDO:0007740,HGNC:2217
MONDO:0007740,HGNC:15808
MONDO:0007740,HGNC:2464
MONDO:0007740,HGNC:9083
MONDO:0007740,HGNC:15517
MONDO:0007740,HGNC:10994
MONDO:0008148,HGNC:17321
MONDO:0008148,HGNC:9255
MONDO:0008148,HGNC:8824
MONDO:0008148,HGNC:11219
MONDO:0008148,HGNC:2379
MONDO:0008148,HGNC:15455
MONDO:0008148,HGNC:18169
MONDO:0008148,HGNC:2198
MONDO:0008148,HGNC:2197
MONDO:0008148,HGNC:25535
MONDO:0008148,HGNC:12774
MONDO:0008148,HGNC:2198
MONDO:0008148,HGNC:2197
MONDO:0009054,HGNC:857
MONDO:0009054,HGNC:851
MONDO:0009054,HGNC:18481
MONDO:0009929,HGNC:10801
MONDO:0009929,HGNC:33
MONDO:0009929,HGNC:10801
MONDO:0010038,HGNC:5465
MONDO:0010038,HGNC:5465
MONDO:0010201,HGNC:7160
MONDO:0010338,HGNC:869
MONDO:0010338,HGNC:869
MONDO:0010459,HGNC:12509
MONDO:0010466,HGNC:8957
MONDO:0010466,HGNC:8957
MONDO:0010806,HGNC:17340
MONDO:0010949,HGNC:9788
MONDO:0010949,HGNC:9788
MONDO:0011480,HGNC:144
MONDO:0011528,HGNC:13203
MONDO:0011528,HGNC:13203
MONDO:0011913,HGNC:9508
MONDO:0011913,HGNC:613
MONDO:0011953,HGNC:9848
MONDO:0011953,HGNC:9848
MONDO:0012439,HGNC:7882
MONDO:0012439,HGNC:7882
MONDO:0012497,HGNC:4393
MONDO:0013601,HGNC:4553
MONDO:0013890,HGNC:14153
MONDO:0013890,HGNC:14153
MONDO:0013960,HGNC:1391
MONDO:0013960,HGNC:1391
MONDO:0014479,HGNC:16192
MONDO:0014634,HGNC:11204
MONDO:0014646,HGNC:854
MONDO:0014722,HGNC:34016
MONDO:0014722,HGNC:34016
MONDO:0014939,HGNC:14025
MONDO:0014941,HGNC:26270
MONDO:0016202,HGNC:2200
MONDO:0018169,HGNC:8620
MONDO:0018763,HGNC:20772
MONDO:0018763,HGNC:20766
MONDO:0018763,HGNC:30829
MONDO:0020751,HGNC:2571
MONDO:0024523,HGNC:7881
MONDO:0024530,HGNC:2211
MONDO:0027676,HGNC:11595
MONDO:0029132,HGNC:10599
MONDO:0030925,HGNC:25065
MONDO:0032618,HGNC:7685
MONDO:0032716,HGNC:14430
MONDO:0033091,HGNC:11459
MONDO:0033261,HGNC:16400
MONDO:0033310,HGNC:26690
MONDO:0044206,HGNC:2187
MONDO:0044622,HGNC:19880
MONDO:0054761,HGNC:19181
MONDO:0100220,HGNC:3592
MONDO:0859203,HGNC:19980
MONDO:0859366,HGNC:18533
MONDO:0957216,HGNC:15979
MONDO:0958177,HGNC:5993
MONDO:0958325,HGNC:23657
MONDO:0007688,HGNC:6770
MONDO:0007688,HGNC:6770
MONDO:0007808,HGNC:6412
MONDO:0007808,HGNC:6412
MONDO:0007843,HGNC:12637
MONDO:0007843,HGNC:7133
MONDO:0007871,HGNC:5950
MONDO:0007871,HGNC:5950
MONDO:0008908,HGNC:7045
MONDO:0008908,HGNC:7045
MONDO:0009019,HGNC:16438
MONDO:0009019,HGNC:16438
MONDO:0009110,HGNC:10939
MONDO:0009110,HGNC:10939
MONDO:0009111,HGNC:3013
MONDO:0009111,HGNC:3013
MONDO:0009182,HGNC:6483
MONDO:0009182,HGNC:6493
MONDO:0009182,HGNC:6490
MONDO:0009182,HGNC:6490
MONDO:0009182,HGNC:6493
MONDO:0009182,HGNC:6483
MONDO:0009416,HGNC:392
MONDO:0009416,HGNC:392
MONDO:0009636,HGNC:2858
MONDO:0009636,HGNC:2858
MONDO:0009705,HGNC:2328
MONDO:0009705,HGNC:2328
MONDO:0009728,HGNC:13202
MONDO:0009728,HGNC:29450
MONDO:0009728,HGNC:18340
MONDO:0009728,HGNC:19104
MONDO:0009728,HGNC:7905
MONDO:0009728,HGNC:29536
MONDO:0009728,HGNC:26724
MONDO:0009728,HGNC:7905
MONDO:0010017,HGNC:613
MONDO:0010457,HGNC:18704
MONDO:0010457,HGNC:18704
MONDO:0011338,HGNC:17642
MONDO:0011338,HGNC:9832
MONDO:0011338,HGNC:9831
MONDO:0011338,HGNC:6010
MONDO:0011338,HGNC:6024
MONDO:0011338,HGNC:186
MONDO:0011338,HGNC:17642
MONDO:0011338,HGNC:9832
MONDO:0011338,HGNC:9831
MONDO:0011338,HGNC:6601
MONDO:0011338,HGNC:20626
MONDO:0011338,HGNC:9538
MONDO:0011338,HGNC:10031
MONDO:0011415,HGNC:20423
MONDO:0011444,HGNC:1943
MONDO:0011725,HGNC:12530
MONDO:0011725,HGNC:12530
MONDO:0011836,HGNC:17194
MONDO:0011964,HGNC:2995
MONDO:0011964,HGNC:2995
MONDO:0012479,HGNC:13806
MONDO:0012479,HGNC:13806
MONDO:0012891,HGNC:15506
MONDO:0013156,HGNC:3622
MONDO:0013364,HGNC:3373
MONDO:0013364,HGNC:3373
MONDO:0013455,HGNC:1330
MONDO:0013625,HGNC:13487
MONDO:0014024,HGNC:25443
MONDO:0014212,HGNC:15465
MONDO:0014212,HGNC:15465
MONDO:0014224,HGNC:4868
MONDO:0014224,HGNC:4868
MONDO:0014374,HGNC:17966
MONDO:0014458,HGNC:5024
MONDO:0014566,HGNC:6898
MONDO:0014566,HGNC:6898
MONDO:0014596,HGNC:1774
MONDO:0014691,HGNC:11188
MONDO:0014905,HGNC:24858
MONDO:0014905,HGNC:24858
MONDO:0014944,HGNC:25557
MONDO:0014944,HGNC:25557
MONDO:0015601,HGNC:9173
MONDO:0015601,HGNC:9173
MONDO:0016673,HGNC:6158
MONDO:0016673,HGNC:2194
MONDO:0017325,HGNC:4585
MONDO:0017839,HGNC:2600
MONDO:0018141,HGNC:8636
MONDO:0018658,HGNC:7788
MONDO:0019439,HGNC:10513
MONDO:0019531,HGNC:4623
MONDO:0019531,HGNC:4623
MONDO:0020458,HGNC:4170
MONDO:0020769,HGNC:3373
MONDO:0020796,HGNC:5466
MONDO:0032693,HGNC:18016
MONDO:0036189,HGNC:11182
MONDO:0036189,HGNC:11182
MONDO:0044776,HGNC:16147
MONDO:0054764,HGNC:2342
MONDO:0054832,HGNC:2799
MONDO:0859173,HGNC:4398
MONDO:0958176,HGNC:8565
MONDO:0007080,HGNC:2592
MONDO:0007080,HGNC:2591
MONDO:0007080,HGNC:2592
MONDO:0007080,HGNC:2591
MONDO:0007601,HGNC:6998
MONDO:0007727,HGNC:11916
MONDO:0007727,HGNC:11916
MONDO:0007793,HGNC:3690
MONDO:0007793,HGNC:3690
MONDO:0007930,HGNC:4439
MONDO:0008885,HGNC:1750
MONDO:0008885,HGNC:1750
MONDO:0008980,HGNC:16268
MONDO:0008980,HGNC:16268
MONDO:0009168,HGNC:20105
MONDO:0009168,HGNC:20105
MONDO:0009470,HGNC:132
MONDO:0009703,HGNC:24671
MONDO:0009758,HGNC:4598
MONDO:0009891,HGNC:6192
MONDO:0009891,HGNC:6192
MONDO:0010337,HGNC:8148
MONDO:0010337,HGNC:8148
MONDO:0010647,HGNC:11733
MONDO:0010894,HGNC:11621
MONDO:0010938,HGNC:6193
MONDO:0010938,HGNC:6193
MONDO:0011193,HGNC:4678
MONDO:0011687,HGNC:5246
MONDO:0011687,HGNC:5246
MONDO:0011783,HGNC:19358
MONDO:0011783,HGNC:19358
MONDO:0012217,HGNC:9082
MONDO:0012485,HGNC:3169
MONDO:0012803,HGNC:12266
MONDO:0012803,HGNC:12266
MONDO:0013071,HGNC:17089
MONDO:0013282,HGNC:8941
MONDO:0013282,HGNC:8941
MONDO:0013371,HGNC:9508
MONDO:0013428,HGNC:8490
MONDO:0013453,HGNC:2343
MONDO:0013523,HGNC:17397
MONDO:0013523,HGNC:17397
MONDO:0013579,HGNC:7179
MONDO:0013579,HGNC:7179
MONDO:0013624,HGNC:6823
MONDO:0013993,HGNC:15954
MONDO:0013993,HGNC:7102
MONDO:0013993,HGNC:15954
MONDO:0014031,HGNC:24912
MONDO:0014031,HGNC:24912
MONDO:0014356,HGNC:21237
MONDO:0014453,HGNC:8979
MONDO:0014547,HGNC:26274
MONDO:0014547,HGNC:26274
MONDO:0014674,HGNC:24035
MONDO:0014739,HGNC:7029
MONDO:0014842,HGNC:29529
MONDO:0014876,HGNC:30765
MONDO:0014971,HGNC:4519
MONDO:0016687,HGNC:5383
MONDO:0017831,HGNC:756
MONDO:0019192,HGNC:392
MONDO:0019725,HGNC:6112
MONDO:0019725,HGNC:10540
MONDO:0019725,HGNC:11255
MONDO:0019725,HGNC:11365
MONDO:0020540,HGNC:17098
MONDO:0020740,HGNC:5961
MONDO:0020846,HGNC:21205
MONDO:0020858,HGNC:837
MONDO:0021018,HGNC:14888
MONDO:0021018,HGNC:14888
MONDO:0032613,HGNC:7710
MONDO:0032786,HGNC:7227
MONDO:0033007,HGNC:18028
MONDO:0033367,HGNC:8032
MONDO:0033483,HGNC:3415
MONDO:0033642,HGNC:8109
MONDO:0033642,HGNC:8109
MONDO:0033653,HGNC:2279
MONDO:0036218,HGNC:25567
MONDO:0044737,HGNC:29361
MONDO:0100281,HGNC:7562
MONDO:0859358,HGNC:752
MONDO:0958332,HGNC:21015
MONDO:0007094,HGNC:6490
MONDO:0007287,HGNC:12762
MONDO:0007399,HGNC:12428
MONDO:0007791,HGNC:1514
MONDO:0007791,HGNC:1514
MONDO:0007987,HGNC:13869
MONDO:0007987,HGNC:19317
MONDO:0007987,HGNC:23503
MONDO:0007987,HGNC:1071
MONDO:0007987,HGNC:6694
MONDO:0007987,HGNC:2200
MONDO:0007987,HGNC:6259
MONDO:0007987,HGNC:2187
MONDO:0007987,HGNC:2186
MONDO:0007987,HGNC:2219
MONDO:0007987,HGNC:2218
MONDO:0007987,HGNC:2217
MONDO:0007987,HGNC:15808
MONDO:0007987,HGNC:2464
MONDO:0007987,HGNC:9083
MONDO:0007987,HGNC:15517
MONDO:0007987,HGNC:10994
MONDO:0007987,HGNC:2200
MONDO:0008115,HGNC:7559
MONDO:0008115,HGNC:7559
MONDO:0008554,HGNC:11795
MONDO:0008554,HGNC:1455
MONDO:0008554,HGNC:29605
MONDO:0008559,HGNC:7436
MONDO:0008559,HGNC:4798
MONDO:0008559,HGNC:3535
MONDO:0008559,HGNC:3531
MONDO:0008676,HGNC:6441
MONDO:0009722,HGNC:28423
MONDO:0009722,HGNC:28423
MONDO:0009890,HGNC:15672
MONDO:0010443,HGNC:10295
MONDO:0010490,HGNC:11326
MONDO:0010490,HGNC:11326
MONDO:0010836,HGNC:1181
MONDO:0011028,HGNC:10807
MONDO:0011028,HGNC:10807
MONDO:0011252,HGNC:16110
MONDO:0011252,HGNC:16110
MONDO:0011299,HGNC:9449
MONDO:0011299,HGNC:9449
MONDO:0011667,HGNC:6107
MONDO:0012471,HGNC:24116
MONDO:0012591,HGNC:16644
MONDO:0012591,HGNC:16644
MONDO:0012624,HGNC:21497
MONDO:0012624,HGNC:21497
MONDO:0012664,HGNC:25133
MONDO:0012664,HGNC:25133
MONDO:0012745,HGNC:11943
MONDO:0012928,HGNC:95
MONDO:0012928,HGNC:95
MONDO:0013145,HGNC:6243
MONDO:0013187,HGNC:3531
MONDO:0013277,HGNC:11273
MONDO:0013353,HGNC:29256
MONDO:0013353,HGNC:29256
MONDO:0013392,HGNC:25519
MONDO:0013392,HGNC:25519
MONDO:0013822,HGNC:8783
MONDO:0013886,HGNC:18806
MONDO:0013886,HGNC:18806
MONDO:0013886,HGNC:9218
MONDO:0013966,HGNC:1442
MONDO:0013979,HGNC:16725
MONDO:0014133,HGNC:29203
MONDO:0014202,HGNC:12371
MONDO:0014405,HGNC:27962
MONDO:0014405,HGNC:27962
MONDO:0014496,HGNC:34399
MONDO:0014510,HGNC:26222
MONDO:0014510,HGNC:26222
MONDO:0014670,HGNC:13841
MONDO:0014777,HGNC:26582
MONDO:0017781,HGNC:11201
MONDO:0018023,HGNC:4824
MONDO:0018023,HGNC:4823
MONDO:0018023,HGNC:4827
MONDO:0018023,HGNC:4827
MONDO:0018218,HGNC:11878
MONDO:0018229,HGNC:4932
MONDO:0018229,HGNC:4931
MONDO:0018229,HGNC:13176
MONDO:0018229,HGNC:4932
MONDO:0018270,HGNC:3749
MONDO:0018270,HGNC:11101
MONDO:0018270,HGNC:3446
MONDO:0018270,HGNC:3508
MONDO:0019661,HGNC:3689
MONDO:0020326,HGNC:12440
MONDO:0020326,HGNC:7910
MONDO:0030939,HGNC:19849
MONDO:0035940,HGNC:13176
MONDO:0035940,HGNC:4933
MONDO:0035940,HGNC:76
MONDO:0035940,HGNC:1787
MONDO:0035940,HGNC:3765
MONDO:0035940,HGNC:11998
MONDO:0035940,HGNC:1014
MONDO:0054724,HGNC:25631
MONDO:0054731,HGNC:20091
MONDO:0054732,HGNC:23168
MONDO:0054776,HGNC:10590
MONDO:0100450,HGNC:1482
MONDO:0100450,HGNC:1482
MONDO:0957822,HGNC:26520
MONDO:0958326,HGNC:25394
MONDO:0007068,HGNC:291
MONDO:0007068,HGNC:291
MONDO:0007621,HGNC:16974
MONDO:0007621,HGNC:16974
MONDO:0008862,HGNC:6937
MONDO:0009055,HGNC:24048
MONDO:0009055,HGNC:4379
MONDO:0009066,HGNC:2518
MONDO:0009066,HGNC:2518
MONDO:0009469,HGNC:3706
MONDO:0009469,HGNC:3706
MONDO:0009770,HGNC:6901
MONDO:0010521,HGNC:461
MONDO:0010600,HGNC:2578
MONDO:0010621,HGNC:13398
MONDO:0010621,HGNC:13398
MONDO:0010926,HGNC:565
MONDO:0010926,HGNC:565
MONDO:0011091,HGNC:4162
MONDO:0011091,HGNC:4162
MONDO:0011113,HGNC:29427
MONDO:0011113,HGNC:29427
MONDO:0011481,HGNC:7392
MONDO:0011481,HGNC:7392
MONDO:0011519,HGNC:10887
MONDO:0011534,HGNC:4922
MONDO:0011534,HGNC:4922
MONDO:0012367,HGNC:21653
MONDO:0012637,HGNC:6545
MONDO:0012637,HGNC:6545
MONDO:0012849,HGNC:29253
MONDO:0012861,HGNC:24669
MONDO:0012880,HGNC:20626
MONDO:0013201,HGNC:3178
MONDO:0013671,HGNC:33699
MONDO:0013827,HGNC:11051
MONDO:0013845,HGNC:9059
MONDO:0014015,HGNC:20582
MONDO:0014015,HGNC:20582
MONDO:0014103,HGNC:17616
MONDO:0014273,HGNC:11536
MONDO:0014273,HGNC:11536
MONDO:0014505,HGNC:4586
MONDO:0014584,HGNC:1965
MONDO:0014595,HGNC:11142
MONDO:0015026,HGNC:26200
MONDO:0018210,HGNC:4235
MONDO:0018906,HGNC:1001
MONDO:0018906,HGNC:4948
MONDO:0018906,HGNC:5477
MONDO:0018906,HGNC:990
MONDO:0020298,HGNC:8101
MONDO:0020298,HGNC:6814
MONDO:0020298,HGNC:7675
MONDO:0020298,HGNC:11164
MONDO:0024538,HGNC:8800
MONDO:0024538,HGNC:12827
MONDO:0024538,HGNC:8804
MONDO:0024538,HGNC:10947
MONDO:0027048,HGNC:18502
MONDO:0030913,HGNC:9801
MONDO:0030913,HGNC:9801
MONDO:0033311,HGNC:23352
MONDO:0033361,HGNC:10586
MONDO:0035337,HGNC:6408
MONDO:0035423,HGNC:30802
MONDO:0035646,HGNC:2933
MONDO:0036193,HGNC:12585
MONDO:0054838,HGNC:17574
MONDO:0800436,HGNC:18188
MONDO:0800436,HGNC:18188
MONDO:0957385,HGNC:17359
MONDO:0957978,HGNC:19691
MONDO:0007235,HGNC:11742
MONDO:0007235,HGNC:11742
MONDO:0007290,HGNC:5227
MONDO:0007589,HGNC:6697
MONDO:0007589,HGNC:4042
MONDO:0008226,HGNC:2528
MONDO:0008293,HGNC:7530
MONDO:0008730,HGNC:2593
MONDO:0008730,HGNC:2593
MONDO:0009079,HGNC:29203
MONDO:0009079,HGNC:29203
MONDO:0009079,HGNC:854
MONDO:0009192,HGNC:3255
MONDO:0009192,HGNC:3255
MONDO:0009261,HGNC:4298
MONDO:0009261,HGNC:4298
MONDO:0009295,HGNC:8877
MONDO:0009295,HGNC:8877
MONDO:0009501,HGNC:10922
MONDO:0009501,HGNC:10922
MONDO:0009787,HGNC:33702
MONDO:0009787,HGNC:8142
MONDO:0009787,HGNC:8142
MONDO:0009837,HGNC:11998
MONDO:0009837,HGNC:11998
MONDO:0009966,HGNC:7907
MONDO:0009966,HGNC:7907
MONDO:0010258,HGNC:3267
MONDO:0010258,HGNC:3267
MONDO:0010510,HGNC:13486
MONDO:0011412,HGNC:8943
MONDO:0011423,HGNC:10806
MONDO:0011423,HGNC:10806
MONDO:0011945,HGNC:4177
MONDO:0011945,HGNC:4177
MONDO:0011994,HGNC:15459
MONDO:0012205,HGNC:8794
MONDO:0012415,HGNC:9180
MONDO:0012582,HGNC:33
MONDO:0012582,HGNC:33
MONDO:0012914,HGNC:4279
MONDO:0012914,HGNC:4281
MONDO:0013225,HGNC:9688
MONDO:0013289,HGNC:14211
MONDO:0013441,HGNC:25660
MONDO:0013512,HGNC:4824
MONDO:0013512,HGNC:4823
MONDO:0013512,HGNC:4823
MONDO:0013512,HGNC:4824
MONDO:0013769,HGNC:4174
MONDO:0014074,HGNC:20731
MONDO:0014074,HGNC:20731
MONDO:0014209,HGNC:12513
MONDO:0014209,HGNC:12513
MONDO:0014229,HGNC:9865
MONDO:0014229,HGNC:9865
MONDO:0014248,HGNC:11023
MONDO:0014248,HGNC:11023
MONDO:0014522,HGNC:12406
MONDO:0014603,HGNC:2418
MONDO:0014641,HGNC:11584
MONDO:0014936,HGNC:11183
MONDO:0014936,HGNC:11183
MONDO:0014955,HGNC:18243
MONDO:0016835,HGNC:20153
MONDO:0016835,HGNC:11465
MONDO:0018566,HGNC:319
MONDO:0018813,HGNC:1001
MONDO:0018813,HGNC:990
MONDO:0018813,HGNC:7553
MONDO:0019409,HGNC:15983
MONDO:0019409,HGNC:2891
MONDO:0019409,HGNC:12774
MONDO:0019569,HGNC:3439
MONDO:0019569,HGNC:3438
MONDO:0019569,HGNC:3436
MONDO:0019569,HGNC:3439
MONDO:0024456,HGNC:3800
MONDO:0024607,HGNC:33882
MONDO:0024607,HGNC:33882
MONDO:0025690,HGNC:24877
MONDO:0030077,HGNC:29832
MONDO:0030519,HGNC:4927
MONDO:0030736,HGNC:26993
MONDO:0030849,HGNC:10663
MONDO:0032581,HGNC:18016
MONDO:0032811,HGNC:4689
MONDO:0032895,HGNC:12527
MONDO:0033258,HGNC:2938
MONDO:0042490,HGNC:3309
MONDO:0800045,HGNC:11896
MONDO:0800045,HGNC:11896
MONDO:0958071,HGNC:12630
MONDO:0958071,HGNC:12630
MONDO:0007077,HGNC:7105
MONDO:0007077,HGNC:7105
MONDO:0007268,HGNC:7551
MONDO:0007374,HGNC:30791
MONDO:0007374,HGNC:30791
MONDO:0007617,HGNC:18040
MONDO:0007662,HGNC:9005
MONDO:0007850,HGNC:4284
MONDO:0008038,HGNC:1349
MONDO:0008038,HGNC:1349
MONDO:0008250,HGNC:4261
MONDO:0008250,HGNC:9210
MONDO:0008250,HGNC:4261
MONDO:0009816,HGNC:11926
MONDO:0010334,HGNC:16695
MONDO:0010334,HGNC:16695
MONDO:0010480,HGNC:4057
MONDO:0010480,HGNC:4057
MONDO:0010480,HGNC:1497
MONDO:0010745,HGNC:4170
MONDO:0010745,HGNC:4170
MONDO:0011234,HGNC:4387
MONDO:0011390,HGNC:12338
MONDO:0011971,HGNC:12572
MONDO:0011971,HGNC:12572
MONDO:0012717,HGNC:3229
MONDO:0013042,HGNC:1037
MONDO:0013291,HGNC:4699
MONDO:0013291,HGNC:4699
MONDO:0013745,HGNC:14432
MONDO:0013835,HGNC:37276
MONDO:0013992,HGNC:6554
MONDO:0013992,HGNC:6554
MONDO:0014084,HGNC:30035
MONDO:0014307,HGNC:22954
MONDO:0014838,HGNC:11109
MONDO:0014860,HGNC:21082
MONDO:0015597,HGNC:15561
MONDO:0015597,HGNC:18971
MONDO:0015716,HGNC:3551
MONDO:0017825,HGNC:358
MONDO:0017825,HGNC:7010
MONDO:0018225,HGNC:427
MONDO:0018765,HGNC:9035
MONDO:0020749,HGNC:17761
MONDO:0020749,HGNC:12449
MONDO:0026765,HGNC:18305
MONDO:0030475,HGNC:17229
MONDO:0030512,HGNC:25358
MONDO:0030512,HGNC:25358
MONDO:0030846,HGNC:25183
MONDO:0031446,HGNC:11828
MONDO:0031446,HGNC:932
MONDO:0031446,HGNC:3401
MONDO:0031446,HGNC:10905
MONDO:0031446,HGNC:11828
MONDO:0033009,HGNC:24259
MONDO:0033044,HGNC:28128
MONDO:0033548,HGNC:7611
MONDO:0035551,HGNC:9251
MONDO:0054722,HGNC:6716
MONDO:0060582,HGNC:3642
MONDO:0060582,HGNC:3642
MONDO:0007103,HGNC:11179
MONDO:0007103,HGNC:7737
MONDO:0007103,HGNC:2711
MONDO:0007103,HGNC:9461
MONDO:0007387,HGNC:28862
MONDO:0007734,HGNC:11776
MONDO:0008828,HGNC:9364
MONDO:0008828,HGNC:9364
MONDO:0008846,HGNC:11740
MONDO:0008846,HGNC:11740
MONDO:0009007,HGNC:105
MONDO:0009007,HGNC:105
MONDO:0009173,HGNC:9490
MONDO:0009173,HGNC:9490
MONDO:0010185,HGNC:25221
MONDO:0010185,HGNC:25221
MONDO:0010217,HGNC:3438
MONDO:0010455,HGNC:28880
MONDO:0010455,HGNC:28880
MONDO:0010524,HGNC:48
MONDO:0010524,HGNC:48
MONDO:0010578,HGNC:11817
MONDO:0010578,HGNC:11817
MONDO:0010725,HGNC:10457
MONDO:0010725,HGNC:10457
MONDO:0010792,HGNC:7499
MONDO:0010792,HGNC:7499
MONDO:0010958,HGNC:493
MONDO:0011411,HGNC:29501
MONDO:0011411,HGNC:29501
MONDO:0011902,HGNC:7739
MONDO:0011902,HGNC:7739
MONDO:0011948,HGNC:13406
MONDO:0011948,HGNC:13406
MONDO:0012064,HGNC:30551
MONDO:0012064,HGNC:17264
MONDO:0012064,HGNC:30551
MONDO:0012106,HGNC:19048
MONDO:0012355,HGNC:17009
MONDO:0012412,HGNC:1346
MONDO:0013369,HGNC:11947
MONDO:0013615,HGNC:5967
MONDO:0013615,HGNC:5967
MONDO:0013731,HGNC:29634
MONDO:0013731,HGNC:29634
MONDO:0013756,HGNC:10955
MONDO:0013834,HGNC:29304
MONDO:0014373,HGNC:3334
MONDO:0014492,HGNC:29300
MONDO:0014492,HGNC:29300
MONDO:0014592,HGNC:16691
MONDO:0014679,HGNC:8983
MONDO:0014840,HGNC:11633
MONDO:0014858,HGNC:4921
MONDO:0014890,HGNC:15646
MONDO:0014890,HGNC:15646
MONDO:0014998,HGNC:11724
MONDO:0017101,HGNC:3942
MONDO:0017101,HGNC:12363
MONDO:0017295,HGNC:4289
MONDO:0017403,HGNC:12403
MONDO:0017403,HGNC:1759
MONDO:0017403,HGNC:3049
MONDO:0017403,HGNC:6636
MONDO:0017403,HGNC:2511
MONDO:0017403,HGNC:28472
MONDO:0017403,HGNC:3036
MONDO:0017403,HGNC:10484
MONDO:0017403,HGNC:6207
MONDO:0017403,HGNC:15710
MONDO:0017403,HGNC:11769
MONDO:0017403,HGNC:3052
MONDO:0017403,HGNC:9024
MONDO:0017403,HGNC:9080
MONDO:0019666,HGNC:8604
MONDO:0019666,HGNC:8604
MONDO:0020324,HGNC:1001
MONDO:0020324,HGNC:990
MONDO:0020746,HGNC:7573
MONDO:0024540,HGNC:6294
MONDO:0024781,HGNC:15975
MONDO:0024781,HGNC:15975
MONDO:0026721,HGNC:20372
MONDO:0026723,HGNC:17123
MONDO:0030015,HGNC:6974
MONDO:0031019,HGNC:23787
MONDO:0031019,HGNC:23787
MONDO:0033856,HGNC:6485
MONDO:0044721,HGNC:18874
MONDO:0044721,HGNC:18874
MONDO:0054680,HGNC:19721
MONDO:0054680,HGNC:19721
MONDO:0060715,HGNC:6344
MONDO:0100303,HGNC:6413
MONDO:0850087,HGNC:103
MONDO:0859245,HGNC:9354
MONDO:0958197,HGNC:7708
MONDO:0000914,HGNC:7883
MONDO:0000914,HGNC:7883
MONDO:0007445,HGNC:6416
MONDO:0007445,HGNC:6416
MONDO:0007862,HGNC:8617
MONDO:0007862,HGNC:8617
MONDO:0008026,HGNC:2961
MONDO:0008026,HGNC:2961
MONDO:0008303,HGNC:6585
MONDO:0008303,HGNC:6585
MONDO:0008832,HGNC:4214
MONDO:0008832,HGNC:4214
MONDO:0009039,HGNC:9949
MONDO:0009039,HGNC:9949
MONDO:0009530,HGNC:3153
MONDO:0009530,HGNC:3153
MONDO:0009567,HGNC:24624
MONDO:0009567,HGNC:24624
MONDO:0009775,HGNC:10521
MONDO:0009928,HGNC:11020
MONDO:0009928,HGNC:11020
MONDO:0010184,HGNC:24525
MONDO:0010184,HGNC:9352
MONDO:0010184,HGNC:24525
MONDO:0010313,HGNC:3571
MONDO:0010431,HGNC:2567
MONDO:0010717,HGNC:8806
MONDO:0010717,HGNC:8806
MONDO:0010717,HGNC:9479
MONDO:0011426,HGNC:2295
MONDO:0011426,HGNC:2295
MONDO:0011532,HGNC:5261
MONDO:0011532,HGNC:5261
MONDO:0011533,HGNC:17198
MONDO:0011533,HGNC:17198
MONDO:0011879,HGNC:2711
MONDO:0011928,HGNC:903
MONDO:0012670,HGNC:25033
MONDO:0012923,HGNC:1527
MONDO:0013168,HGNC:27424
MONDO:0013243,HGNC:5248
MONDO:0013378,HGNC:12502
MONDO:0014144,HGNC:25751
MONDO:0014144,HGNC:25751
MONDO:0014334,HGNC:6524
MONDO:0014334,HGNC:6524
MONDO:0014390,HGNC:28927
MONDO:0014398,HGNC:30740
MONDO:0014398,HGNC:30740
MONDO:0014482,HGNC:15573
MONDO:0014518,HGNC:9382
MONDO:0014518,HGNC:23657
MONDO:0014518,HGNC:9382
MONDO:0014669,HGNC:28769
MONDO:0014671,HGNC:25198
MONDO:0014726,HGNC:11226
MONDO:0014726,HGNC:11226
MONDO:0014851,HGNC:11019
MONDO:0014967,HGNC:18053
MONDO:0015196,HGNC:3395
MONDO:0016780,HGNC:14575
MONDO:0016780,HGNC:2907
MONDO:0016780,HGNC:14665
MONDO:0017402,HGNC:12403
MONDO:0017402,HGNC:10484
MONDO:0017402,HGNC:6207
MONDO:0017402,HGNC:15710
MONDO:0017402,HGNC:11769
MONDO:0017402,HGNC:3052
MONDO:0017402,HGNC:3049
MONDO:0017402,HGNC:6636
MONDO:0017402,HGNC:9024
MONDO:0017402,HGNC:2511
MONDO:0017402,HGNC:3036
MONDO:0017402,HGNC:28472
MONDO:0018434,HGNC:7132
MONDO:0018434,HGNC:7136
MONDO:0018487,HGNC:6027
MONDO:0020481,HGNC:10591
MONDO:0020790,HGNC:13433
MONDO:0030051,HGNC:30212
MONDO:0030505,HGNC:21495
MONDO:0032787,HGNC:7877
MONDO:0032789,HGNC:25189
MONDO:0032816,HGNC:29204
MONDO:0033646,HGNC:40038
MONDO:0044332,HGNC:8772
MONDO:0859157,HGNC:7569
MONDO:0957271,HGNC:6735
MONDO:0957999,HGNC:1503
MONDO:0007204,HGNC:8548
MONDO:0007211,HGNC:8778
MONDO:0007211,HGNC:8778
MONDO:0007240,HGNC:10593
MONDO:0007508,HGNC:15979
MONDO:0008031,HGNC:29090
MONDO:0008087,HGNC:9118
MONDO:0008087,HGNC:9118
MONDO:0008727,HGNC:5218
MONDO:0008727,HGNC:5218
MONDO:0008923,HGNC:6708
MONDO:0009141,HGNC:5144
MONDO:0009141,HGNC:5144
MONDO:0009223,HGNC:6584
MONDO:0009223,HGNC:6584
MONDO:0009279,HGNC:13666
MONDO:0009279,HGNC:13666
MONDO:0009279,HGNC:25751
MONDO:0009279,HGNC:22923
MONDO:0009613,HGNC:18871
MONDO:0009613,HGNC:18871
MONDO:0010135,HGNC:11764
MONDO:0010461,HGNC:12472
MONDO:0010461,HGNC:12472
MONDO:0010911,HGNC:358
MONDO:0010911,HGNC:13733
MONDO:0010911,HGNC:7010
MONDO:0011010,HGNC:30650
MONDO:0011010,HGNC:12787
MONDO:0011010,HGNC:30650
MONDO:0011558,HGNC:17416
MONDO:0011558,HGNC:26257
MONDO:0012398,HGNC:8790
MONDO:0012700,HGNC:11027
MONDO:0012700,HGNC:11027
MONDO:0012758,HGNC:7372
MONDO:0012774,HGNC:1960
MONDO:0012774,HGNC:1960
MONDO:0012774,HGNC:13672
MONDO:0012866,HGNC:21197
MONDO:0012866,HGNC:21197
MONDO:0012929,HGNC:2171
MONDO:0012929,HGNC:2171
MONDO:0012988,HGNC:3686
MONDO:0013065,HGNC:7983
MONDO:0013385,HGNC:20422
MONDO:0013430,HGNC:17151
MONDO:0013567,HGNC:7576
MONDO:0013613,HGNC:6259
MONDO:0014247,HGNC:10583
MONDO:0014247,HGNC:10583
MONDO:0014569,HGNC:8011
MONDO:0014581,HGNC:1961
MONDO:0014585,HGNC:1965
MONDO:0015008,HGNC:14376
MONDO:0015558,HGNC:6342
MONDO:0016216,HGNC:8805
MONDO:0016216,HGNC:903
MONDO:0016216,HGNC:8975
MONDO:0016216,HGNC:3229
MONDO:0016216,HGNC:1509
MONDO:0016216,HGNC:2514
MONDO:0016216,HGNC:12362
MONDO:0016216,HGNC:12363
MONDO:0016216,HGNC:11998
MONDO:0017692,HGNC:4116
MONDO:0018309,HGNC:8007
MONDO:0018309,HGNC:3431
MONDO:0018309,HGNC:3430
MONDO:0018309,HGNC:10725
MONDO:0018309,HGNC:3180
MONDO:0018309,HGNC:869
MONDO:0018309,HGNC:10726
MONDO:0018309,HGNC:3178
MONDO:0018309,HGNC:11289
MONDO:0018309,HGNC:3146
MONDO:0018309,HGNC:11119
MONDO:0018309,HGNC:4232
MONDO:0018309,HGNC:9967
MONDO:0018309,HGNC:61
MONDO:0019769,HGNC:9330
MONDO:0020850,HGNC:18039
MONDO:0024554,HGNC:28358
MONDO:0030714,HGNC:26185
MONDO:0030918,HGNC:19088
MONDO:0032569,HGNC:18666
MONDO:0032573,HGNC:11998
MONDO:0032802,HGNC:2186
MONDO:0033657,HGNC:2158
MONDO:0957572,HGNC:11795
MONDO:0958333,HGNC:4116
MONDO:0004216,HGNC:12313
MONDO:0007982,HGNC:9608
MONDO:0007982,HGNC:9608
MONDO:0008263,HGNC:9008
MONDO:0008788,HGNC:16517
MONDO:0008788,HGNC:16517
MONDO:0008964,HGNC:3018
MONDO:0008964,HGNC:3018
MONDO:0009008,HGNC:28027
MONDO:0009008,HGNC:28027
MONDO:0009155,HGNC:1762
MONDO:0009155,HGNC:1762
MONDO:0009157,HGNC:12775
MONDO:0009216,HGNC:11006
MONDO:0009216,HGNC:11006
MONDO:0009367,HGNC:7108
MONDO:0009367,HGNC:7108
MONDO:0009380,HGNC:53
MONDO:0009380,HGNC:53
MONDO:0009397,HGNC:1514
MONDO:0009397,HGNC:14006
MONDO:0009397,HGNC:1514
MONDO:0009622,HGNC:9891
MONDO:0009622,HGNC:9891
MONDO:0009673,HGNC:7634
MONDO:0009673,HGNC:11117
MONDO:0009673,HGNC:11118
MONDO:0009673,HGNC:11117
MONDO:0009757,HGNC:7897
MONDO:0010210,HGNC:12814
MONDO:0010773,HGNC:7479
MONDO:0011075,HGNC:17348
MONDO:0011615,HGNC:3542
MONDO:0011804,HGNC:1509
MONDO:0011804,HGNC:1509
MONDO:0011866,HGNC:12718
MONDO:0012635,HGNC:18623
MONDO:0012635,HGNC:18623
MONDO:0012729,HGNC:3374
MONDO:0012730,HGNC:130
MONDO:0013173,HGNC:30832
MONDO:0013389,HGNC:15917
MONDO:0013837,HGNC:17759
MONDO:0013837,HGNC:17759
MONDO:0013838,HGNC:23041
MONDO:0013868,HGNC:7529
MONDO:0014108,HGNC:3436
MONDO:0014322,HGNC:20193
MONDO:0014423,HGNC:9413
MONDO:0014423,HGNC:9413
MONDO:0014831,HGNC:3603
MONDO:0014831,HGNC:3603
MONDO:0014986,HGNC:9817
MONDO:0015719,HGNC:3546
MONDO:0015800,HGNC:6697
MONDO:0016461,HGNC:14234
MONDO:0017222,HGNC:9086
MONDO:0017354,HGNC:11056
MONDO:0017354,HGNC:4208
MONDO:0017354,HGNC:4313
MONDO:0017354,HGNC:473
MONDO:0017924,HGNC:6215
MONDO:0018919,HGNC:4392
MONDO:0018919,HGNC:4392
MONDO:0020735,HGNC:4392
MONDO:0021573,HGNC:20773
MONDO:0024506,HGNC:29216
MONDO:0026733,HGNC:29873
MONDO:0030438,HGNC:7102
MONDO:0030936,HGNC:25807
MONDO:0031011,HGNC:27609
MONDO:0032660,HGNC:17208
MONDO:0032751,HGNC:7573
MONDO:0032923,HGNC:26053
MONDO:0044777,HGNC:4224
MONDO:0054665,HGNC:4392
MONDO:0054806,HGNC:1112
MONDO:0054817,HGNC:20609
MONDO:0800306,HGNC:21576
MONDO:0850088,HGNC:3229
MONDO:0850099,HGNC:31527
MONDO:0957495,HGNC:24338
MONDO:0958138,HGNC:23483
MONDO:0958226,HGNC:4982
MONDO:8000012,HGNC:24265
MONDO:8000012,HGNC:24265
MONDO:0007646,HGNC:4912
MONDO:0007646,HGNC:4912
MONDO:0008329,HGNC:7979
MONDO:0008329,HGNC:7979
MONDO:0009485,HGNC:13478
MONDO:0009485,HGNC:13478
MONDO:0009676,HGNC:3097
MONDO:0009676,HGNC:3097
MONDO:0010215,HGNC:3436
MONDO:0010702,HGNC:2567
MONDO:0010702,HGNC:2567
MONDO:0010780,HGNC:25481
MONDO:0010780,HGNC:7479
MONDO:0010848,HGNC:11276
MONDO:0010848,HGNC:11276
MONDO:0011025,HGNC:779
MONDO:0011025,HGNC:779
MONDO:0013390,HGNC:9069
MONDO:0013390,HGNC:9069
MONDO:0013610,HGNC:12605
MONDO:0014104,HGNC:13533
MONDO:0014923,HGNC:8952
MONDO:0015009,HGNC:3395
MONDO:0015353,HGNC:4162
MONDO:0015687,HGNC:8803
MONDO:0015687,HGNC:19124
MONDO:0017598,HGNC:12440
MONDO:0017598,HGNC:7910
MONDO:0018256,HGNC:13013
MONDO:0018256,HGNC:2348
MONDO:0019309,HGNC:2194
MONDO:0019913,HGNC:4564
MONDO:0030689,HGNC:3602
MONDO:0032641,HGNC:8029
MONDO:0035930,HGNC:9577
MONDO:0958116,HGNC:6021
MONDO:0958179,HGNC:4313
