prediction	sources	destinations	score	label
0.874487	HGNC:13666	MONDO:0009279	biolink:causes	1
0.9995437	HGNC:35	MONDO:0007610	biolink:gene_associated_with_condition	1
0.9715356	HGNC:48	MONDO:0010524	biolink:causes	1
0.007023934	HGNC:14639	MONDO:0044224	biolink:causes	1
0.6887761	HGNC:21497	MONDO:0012624	biolink:causes	1
0.9999995	HGNC:23339	MONDO:0968976	biolink:causes	1
0.7783022	HGNC:118	MONDO:0013802	biolink:gene_associated_with_condition	1
0.8699252	HGNC:118	MONDO:0014753	biolink:gene_associated_with_condition	1
0.99961793	HGNC:124	MONDO:0011939	biolink:causes	1
0.92575544	HGNC:124	MONDO:0014343	biolink:causes	1
0.71881276	HGNC:160	MONDO:0032770	biolink:causes	1
0.013562973	HGNC:216	MONDO:0013002	biolink:causes	1
0.9993538	HGNC:218	MONDO:0009161	biolink:causes	1
0.0029919369	HGNC:21285	MONDO:0007748	biolink:contributes_to	1
0.68789804	HGNC:329	MONDO:0020345	biolink:gene_associated_with_condition	1
0.460572	HGNC:329	MONDO:0014052	biolink:causes	1
0.06745911	HGNC:14412	MONDO:0008860	biolink:causes	1
0.88612294	HGNC:8768	MONDO:0010275	biolink:gene_associated_with_condition	1
0.7108596	HGNC:8768	MONDO:0010689	biolink:causes	1
0.87806535	HGNC:8768	MONDO:0014343	biolink:causes	1
0.9816758	HGNC:20091	MONDO:0054731	biolink:causes	1
0.42085758	HGNC:379	MONDO:0012738	biolink:causes	1
0.090733714	HGNC:388	MONDO:0009339	biolink:causes	1
0.090733714	HGNC:388	MONDO:0009339	biolink:gene_associated_with_condition	1
0.81157875	HGNC:391	MONDO:0014048	biolink:causes	1
0.71351886	HGNC:399	MONDO:0014449	biolink:gene_associated_with_condition	1
0.79480696	HGNC:9722	MONDO:0009053	biolink:causes	1
0.79480696	HGNC:9722	MONDO:0009053	biolink:gene_associated_with_condition	1
0.99233454	HGNC:15672	MONDO:0009890	biolink:causes	1
0.95899934	HGNC:17085	MONDO:0032724	biolink:causes	1
0.7876571	HGNC:17944	MONDO:0013853	biolink:causes	1
0.0030883763	HGNC:30578	MONDO:0014014	biolink:causes	1
0.0030883763	HGNC:30578	MONDO:0014014	biolink:gene_associated_with_condition	1
0.8654111	HGNC:3522	MONDO:0011541	biolink:causes	1
0.89200795	HGNC:3527	MONDO:0014343	biolink:causes	1
0.9929594	HGNC:3542	MONDO:0009210	biolink:gene_associated_with_condition	1
0.9244152	HGNC:3542	MONDO:0010947	biolink:gene_associated_with_condition	1
0.96953064	HGNC:21197	MONDO:0012866	biolink:causes	1
0.9842696	HGNC:3584	MONDO:0009213	biolink:causes	1
0.030170508	HGNC:3604	MONDO:0014501	biolink:causes	1
0.99497426	HGNC:3604	MONDO:0008818	biolink:causes	1
0.97733355	HGNC:3619	MONDO:0014313	biolink:causes	1
0.4895289	HGNC:3681	MONDO:0020494	biolink:gene_associated_with_condition	1
0.96508294	HGNC:3681	MONDO:0012541	biolink:causes	1
0.4257753	HGNC:3671	MONDO:0859340	biolink:causes	1
0.4257753	HGNC:3671	MONDO:0859340	biolink:gene_associated_with_condition	1
0.90755373	HGNC:3677	MONDO:0014319	biolink:causes	1
0.56901675	HGNC:3688	MONDO:0007400	biolink:causes	1
0.43094525	HGNC:3690	MONDO:0016681	biolink:gene_associated_with_condition	1
0.94155633	HGNC:3690	MONDO:0014658	biolink:gene_associated_with_condition	1
0.94100827	HGNC:3690	MONDO:0008546	biolink:gene_associated_with_condition	1
0.79075396	HGNC:3690	MONDO:0012833	biolink:causes	1
0.54759735	HGNC:3690	MONDO:0016682	biolink:gene_associated_with_condition	1
0.80438644	HGNC:3700	MONDO:0007888	biolink:gene_associated_with_condition	1
0.9999865	HGNC:16873	MONDO:0008995	biolink:gene_associated_with_condition	1
0.5443538	HGNC:3622	MONDO:0013156	biolink:causes	1
0.66729695	HGNC:27310	MONDO:0008259	biolink:causes	1
0.77100545	HGNC:27310	MONDO:0800445	biolink:causes	1
0.7717483	HGNC:3762	MONDO:0014107	biolink:causes	1
0.99927515	HGNC:20105	MONDO:0009168	biolink:causes	1
0.9922381	HGNC:3801	MONDO:0007922	biolink:gene_associated_with_condition	1
0.9969078	HGNC:3808	MONDO:0012456	biolink:causes	1
0.8077877	HGNC:3811	MONDO:0016833	biolink:gene_associated_with_condition	1
0.917435	HGNC:6106	MONDO:0010580	biolink:causes	1
0.99985814	HGNC:1162	MONDO:0859312	biolink:causes	1
0.9993339	HGNC:19185	MONDO:0054737	biolink:causes	1
0.94137716	HGNC:23399	MONDO:0013774	biolink:causes	1
0.9999558	HGNC:23399	MONDO:0012165	biolink:causes	1
0.86504644	HGNC:23399	MONDO:0019636	biolink:gene_associated_with_condition	1
0.65974534	HGNC:3969	MONDO:0011972	biolink:gene_associated_with_condition	1
0.91249734	HGNC:4013	MONDO:0014763	biolink:causes	1
0.02343788	HGNC:4017	MONDO:0013462	biolink:causes	1
0.99647254	HGNC:4042	MONDO:0007589	biolink:causes	1
0.48646915	HGNC:4507	MONDO:0100460	biolink:contributes_to	1
0.96637136	HGNC:4082	MONDO:0020631	biolink:causes	1
0.9705831	HGNC:24063	MONDO:0030105	biolink:gene_associated_with_condition	1
0.335138	HGNC:4162	MONDO:0011091	biolink:causes	1
0.335138	HGNC:4162	MONDO:0011091	biolink:gene_associated_with_condition	1
0.78323644	HGNC:4162	MONDO:0015353	biolink:causes	1
0.96278524	HGNC:4165	MONDO:0016355	biolink:gene_associated_with_condition	1
0.19221507	HGNC:4170	MONDO:0009902	biolink:gene_associated_with_condition	1
0.13276616	HGNC:4170	MONDO:0019458	biolink:gene_associated_with_condition	1
0.51370555	HGNC:30778	MONDO:0014034	biolink:causes	1
0.9938116	HGNC:4177	MONDO:0011945	biolink:causes	1
0.9688569	HGNC:4177	MONDO:0009266	biolink:gene_associated_with_condition	1
0.87435627	HGNC:4177	MONDO:0009265	biolink:causes	1
0.03751049	HGNC:4180	MONDO:0017697	biolink:gene_associated_with_condition	1
0.81993186	HGNC:4180	MONDO:0009897	biolink:gene_associated_with_condition	1
0.030191794	HGNC:4180	MONDO:0017696	biolink:gene_associated_with_condition	1
0.91358703	HGNC:4198	MONDO:0024570	biolink:causes	1
0.868871	HGNC:15968	MONDO:0011916	biolink:gene_associated_with_condition	1
0.99557143	HGNC:4214	MONDO:0013463	biolink:causes	1
0.0042934865	HGNC:4285	MONDO:0015351	biolink:gene_associated_with_condition	1
0.9292349	HGNC:4298	MONDO:0009260	biolink:causes	1
0.88352716	HGNC:4298	MONDO:0009262	biolink:causes	1
0.88352716	HGNC:4298	MONDO:0009262	biolink:gene_associated_with_condition	1
0.6105984	HGNC:14373	MONDO:0007672	biolink:causes	1
0.5319653	HGNC:4331	MONDO:0032685	biolink:causes	1
0.76444423	HGNC:4392	MONDO:0012912	biolink:causes	1
0.76444423	HGNC:4392	MONDO:0012912	biolink:gene_associated_with_condition	1
0.9180055	HGNC:4392	MONDO:0014343	biolink:causes	1
0.8755358	HGNC:4392	MONDO:0012911	biolink:gene_associated_with_condition	1
0.8666406	HGNC:4392	MONDO:0008153	biolink:causes	1
0.023020329	HGNC:4392	MONDO:0008274	biolink:gene_associated_with_condition	1
0.99826765	HGNC:4454	MONDO:0009779	biolink:gene_associated_with_condition	1
0.009858943	HGNC:20844	MONDO:0957825	biolink:causes	1
0.88992107	HGNC:31371	MONDO:0008377	biolink:causes	1
0.9297232	HGNC:4556	MONDO:0009593	biolink:causes	1
0.48723444	HGNC:25839	MONDO:0008637	biolink:gene_associated_with_condition	1
0.6675171	HGNC:4572	MONDO:0030060	biolink:causes	1
0.9982237	HGNC:4688	MONDO:0013843	biolink:causes	1
0.95187545	HGNC:4707	MONDO:0009414	biolink:causes	1
0.95187545	HGNC:4707	MONDO:0009414	biolink:gene_associated_with_condition	1
0.114393935	HGNC:4798	MONDO:0014682	biolink:contributes_to	1
0.036638957	HGNC:4827	MONDO:0016242	biolink:gene_associated_with_condition	1
0.8458853	HGNC:4827	MONDO:0016672	biolink:gene_associated_with_condition	1
0.91909194	HGNC:13315	MONDO:0014343	biolink:causes	1
0.7534327	HGNC:13315	MONDO:0010665	biolink:gene_associated_with_condition	1
0.9171411	HGNC:4877	MONDO:0014343	biolink:causes	1
0.75213206	HGNC:4877	MONDO:0019828	biolink:gene_associated_with_condition	1
0.76524705	HGNC:4922	MONDO:0008377	biolink:causes	1
0.48107553	HGNC:4922	MONDO:0044320	biolink:causes	1
0.78802043	HGNC:5009	MONDO:0020563	biolink:gene_associated_with_condition	1
0.81905043	HGNC:5004	MONDO:0010485	biolink:causes	1
0.98345065	HGNC:5006	MONDO:0957270	biolink:causes	1
0.5036152	HGNC:5031	MONDO:0012410	biolink:causes	1
0.246917	HGNC:5031	MONDO:0014181	biolink:causes	1
0.6689695	HGNC:5037	MONDO:0012193	biolink:causes	1
0.6689695	HGNC:5037	MONDO:0012193	biolink:gene_associated_with_condition	1
0.36583233	HGNC:5048	MONDO:0033363	biolink:causes	1
0.6711733	HGNC:5136	MONDO:0007222	biolink:causes	1
0.8908128	HGNC:5136	MONDO:0008513	biolink:causes	1
0.05271333	HGNC:5136	MONDO:0017544	biolink:gene_associated_with_condition	1
0.6009904	HGNC:5136	MONDO:0012544	biolink:causes	1
0.6009904	HGNC:5136	MONDO:0012544	biolink:gene_associated_with_condition	1
0.77197725	HGNC:5227	MONDO:0018611	biolink:gene_associated_with_condition	1
0.43106166	HGNC:5261	MONDO:0011532	biolink:causes	1
0.712903	HGNC:4851	MONDO:0054573	biolink:causes	1
0.45686486	HGNC:4851	MONDO:0016621	biolink:gene_associated_with_condition	1
0.99815565	HGNC:24587	MONDO:0012514	biolink:causes	1
0.9165235	HGNC:5385	MONDO:0008377	biolink:causes	1
0.57790786	HGNC:5385	MONDO:0012943	biolink:causes	1
0.05371253	HGNC:5389	MONDO:0016316	biolink:gene_associated_with_condition	1
0.91318554	HGNC:16644	MONDO:0014343	biolink:causes	1
0.009363261	HGNC:5440	MONDO:0013953	biolink:causes	1
0.9927045	HGNC:18365	MONDO:0012292	biolink:contributes_to	1
0.6268371	HGNC:18626	MONDO:0014447	biolink:causes	1
0.88484234	HGNC:29262	MONDO:0013127	biolink:gene_associated_with_condition	1
0.9174466	HGNC:30391	MONDO:0008377	biolink:causes	1
0.79798055	HGNC:5464	MONDO:0012110	biolink:causes	1
0.8973181	HGNC:5948	MONDO:0014343	biolink:causes	1
0.9999788	HGNC:5967	MONDO:0013615	biolink:causes	1
0.00449175	HGNC:6062	MONDO:0044638	biolink:gene_associated_with_condition	1
0.5406773	HGNC:33882	MONDO:0024607	biolink:causes	1
0.91378206	HGNC:24555	MONDO:0032817	biolink:causes	1
0.9649097	HGNC:9853	MONDO:0008818	biolink:causes	1
0.31900343	HGNC:28949	MONDO:0012225	biolink:causes	1
0.660112	HGNC:29350	MONDO:0859338	biolink:causes	1
0.99346465	HGNC:6116	MONDO:0958011	biolink:causes	1
0.0030726122	HGNC:6120	MONDO:0012834	biolink:contributes_to	1
0.5868366	HGNC:6120	MONDO:0016356	biolink:gene_associated_with_condition	1
0.9465315	HGNC:5358	MONDO:0009194	biolink:causes	1
0.94565654	HGNC:5358	MONDO:0013957	biolink:causes	1
0.7868941	HGNC:28660	MONDO:0033282	biolink:gene_associated_with_condition	1
0.6238212	HGNC:4053	MONDO:0014502	biolink:causes	1
0.987405	HGNC:6171	MONDO:0013081	biolink:gene_associated_with_condition	1
0.8183423	HGNC:6174	MONDO:0008306	biolink:gene_associated_with_condition	1
0.9476084	HGNC:6174	MONDO:0007297	biolink:gene_associated_with_condition	1
0.9507134	HGNC:6180	MONDO:0008795	biolink:gene_associated_with_condition	1
0.876696	HGNC:6180	MONDO:0011694	biolink:gene_associated_with_condition	1
0.77515554	HGNC:6182	MONDO:0859311	biolink:causes	1
0.93764013	HGNC:16951	MONDO:0033542	biolink:causes	1
0.9996226	HGNC:6188	MONDO:0016862	biolink:causes	1
0.85556144	HGNC:6188	MONDO:0008542	biolink:gene_associated_with_condition	1
0.4522903	HGNC:6192	MONDO:0009891	biolink:causes	1
0.81801665	HGNC:6192	MONDO:0010947	biolink:gene_associated_with_condition	1
0.7971194	HGNC:6192	MONDO:0013794	biolink:causes	1
0.99680567	HGNC:14686	MONDO:0032938	biolink:causes	1
0.8476644	HGNC:6207	MONDO:0011017	biolink:causes	1
0.8476644	HGNC:6207	MONDO:0011017	biolink:gene_associated_with_condition	1
0.3831675	HGNC:6215	MONDO:0030967	biolink:causes	1
0.033772875	HGNC:6215	MONDO:0013489	biolink:causes	1
0.9990606	HGNC:6263	MONDO:0008222	biolink:gene_associated_with_condition	1
0.9465344	HGNC:6257	MONDO:0012522	biolink:causes	1
0.019981608	HGNC:1337	MONDO:0858999	biolink:gene_associated_with_condition	1
0.58830094	HGNC:29012	MONDO:0032790	biolink:causes	1
0.9981013	HGNC:19960	MONDO:0014688	biolink:causes	1
0.7432312	HGNC:6320	MONDO:0030071	biolink:causes	1
0.33877203	HGNC:6392	MONDO:0007109	biolink:causes	1
0.34273434	HGNC:4510	MONDO:0958354	biolink:gene_associated_with_condition	1
0.8937062	HGNC:4510	MONDO:0008302	biolink:causes	1
0.9982753	HGNC:6365	MONDO:0008772	biolink:causes	1
0.92944014	HGNC:6371	MONDO:0012901	biolink:causes	1
0.92944014	HGNC:6371	MONDO:0012901	biolink:gene_associated_with_condition	1
0.70763904	HGNC:6412	MONDO:0010962	biolink:causes	1
0.011454949	HGNC:6412	MONDO:0957303	biolink:causes	1
0.66714585	HGNC:6412	MONDO:0007808	biolink:gene_associated_with_condition	1
0.3186667	HGNC:6442	MONDO:0030535	biolink:causes	1
0.684029	HGNC:6416	MONDO:0007556	biolink:gene_associated_with_condition	1
0.6615777	HGNC:6416	MONDO:0007445	biolink:causes	1
0.841927	HGNC:6416	MONDO:0007551	biolink:causes	1
0.28004152	HGNC:6463	MONDO:0700343	biolink:causes	1
0.66836697	HGNC:6481	MONDO:0014419	biolink:gene_associated_with_condition	1
0.63302106	HGNC:6481	MONDO:0008377	biolink:causes	1
0.9574694	HGNC:6487	MONDO:0012184	biolink:gene_associated_with_condition	1
0.15612482	HGNC:6541	MONDO:0013587	biolink:gene_associated_with_condition	1
0.014018561	HGNC:6585	MONDO:0019930	biolink:gene_associated_with_condition	1
0.9552473	HGNC:6597	MONDO:0009820	biolink:causes	1
0.7602302	HGNC:19263	MONDO:0029465	biolink:causes	1
0.73475784	HGNC:6636	MONDO:0017403	biolink:gene_associated_with_condition	1
0.03685998	HGNC:6636	MONDO:0007269	biolink:gene_associated_with_condition	1
0.37175182	HGNC:6636	MONDO:0008310	biolink:gene_associated_with_condition	1
0.66383296	HGNC:6636	MONDO:0013178	biolink:causes	1
0.9973803	HGNC:13869	MONDO:0007987	biolink:causes	1
0.99995327	HGNC:13869	MONDO:0007949	biolink:causes	1
0.9116559	HGNC:13869	MONDO:0008490	biolink:causes	1
0.7664766	HGNC:24783	MONDO:0008377	biolink:causes	1
0.80306166	HGNC:15714	MONDO:0009069	biolink:causes	1
0.99922526	HGNC:6717	MONDO:0013170	biolink:causes	1
0.34715813	HGNC:21173	MONDO:0859355	biolink:causes	1
0.9954058	HGNC:21365	MONDO:0014269	biolink:gene_associated_with_condition	1
0.94983625	HGNC:6742	MONDO:0007922	biolink:causes	1
0.8975832	HGNC:6742	MONDO:0014693	biolink:causes	1
0.6747354	HGNC:6742	MONDO:0016682	biolink:gene_associated_with_condition	1
0.89026666	HGNC:6814	MONDO:0100101	biolink:gene_associated_with_condition	1
0.97934955	HGNC:6814	MONDO:0015783	biolink:gene_associated_with_condition	1
0.6588053	HGNC:451	MONDO:0008377	biolink:causes	1
0.006438804	HGNC:17811	MONDO:0971064	biolink:gene_associated_with_condition	1
0.012981104	HGNC:492	MONDO:0008447	biolink:causes	1
0.2680417	HGNC:25240	MONDO:0009885	biolink:causes	1
0.2680417	HGNC:25240	MONDO:0009885	biolink:gene_associated_with_condition	1
0.11329933	HGNC:573	MONDO:0008483	biolink:causes	1
0.97689706	HGNC:573	MONDO:0017241	biolink:gene_associated_with_condition	1
0.3680376	HGNC:601	MONDO:0007750	biolink:contributes_to	1
0.0049424344	HGNC:620	MONDO:0017945	biolink:gene_associated_with_condition	1
0.021001277	HGNC:620	MONDO:0017947	biolink:gene_associated_with_condition	1
0.022820026	HGNC:620	MONDO:0017946	biolink:gene_associated_with_condition	1
0.80220485	HGNC:634	MONDO:0007451	biolink:causes	1
0.6779729	HGNC:638	MONDO:0010849	biolink:gene_associated_with_condition	1
0.75201327	HGNC:14103	MONDO:0011998	biolink:gene_associated_with_condition	1
0.9999248	HGNC:23045	MONDO:0032748	biolink:causes	1
0.9986393	HGNC:20730	MONDO:0033308	biolink:causes	1
0.95116806	HGNC:18060	MONDO:0010317	biolink:causes	1
0.8311744	HGNC:738	MONDO:0020493	biolink:gene_associated_with_condition	1
0.8372977	HGNC:23805	MONDO:0014963	biolink:gene_associated_with_condition	1
0.59807426	HGNC:24007	MONDO:0032933	biolink:gene_associated_with_condition	1
0.9829926	HGNC:779	MONDO:0011025	biolink:causes	1
0.6934986	HGNC:24526	MONDO:0014286	biolink:causes	1
0.7810648	HGNC:800	MONDO:0859204	biolink:causes	1
0.9592855	HGNC:6842	MONDO:0007922	biolink:causes	1
0.77514094	HGNC:6859	MONDO:0008005	biolink:causes	1
0.92761016	HGNC:6871	MONDO:0033669	biolink:causes	1
0.41778567	HGNC:15455	MONDO:0010486	biolink:causes	1
0.92940253	HGNC:15455	MONDO:0014343	biolink:causes	1
0.8299946	HGNC:15455	MONDO:0009804	biolink:gene_associated_with_condition	1
0.99890196	HGNC:40050	MONDO:0032872	biolink:causes	1
0.22035064	HGNC:6949	MONDO:0006065	biolink:causes	1
0.996639	HGNC:13356	MONDO:0009653	biolink:causes	1
0.9972005	HGNC:28870	MONDO:0031043	biolink:causes	1
0.9452467	HGNC:6970	MONDO:0030072	biolink:causes	1
0.9998697	HGNC:29634	MONDO:0013731	biolink:causes	1
0.72803825	HGNC:7001	MONDO:0014822	biolink:gene_associated_with_condition	1
0.87932616	HGNC:16877	MONDO:0010877	biolink:gene_associated_with_condition	1
0.8803202	HGNC:16877	MONDO:0012231	biolink:gene_associated_with_condition	1
0.039798494	HGNC:16877	MONDO:0019549	biolink:gene_associated_with_condition	1
0.9134889	HGNC:16877	MONDO:0011002	biolink:causes	1
0.9757185	HGNC:16205	MONDO:0014039	biolink:causes	1
0.8441577	HGNC:7103	MONDO:0020378	biolink:gene_associated_with_condition	1
0.99999785	HGNC:31582	MONDO:0014747	biolink:causes	1
0.91066164	HGNC:7127	MONDO:0008018	biolink:causes	1
0.8412723	HGNC:7127	MONDO:0012041	biolink:causes	1
0.99903655	HGNC:24525	MONDO:0010184	biolink:causes	1
0.009815479	HGNC:7154	MONDO:0044657	biolink:gene_associated_with_condition	1
0.76903844	HGNC:7154	MONDO:0014866	biolink:causes	1
0.50226504	HGNC:7160	MONDO:0010201	biolink:causes	1
0.7960951	HGNC:14049	MONDO:0032712	biolink:causes	1
0.7704928	HGNC:14048	MONDO:0012510	biolink:causes	1
0.8275352	HGNC:7326	MONDO:0044300	biolink:causes	1
0.8275352	HGNC:7326	MONDO:0044300	biolink:gene_associated_with_condition	1
0.94427836	HGNC:7326	MONDO:0012041	biolink:causes	1
0.3532328	HGNC:7373	MONDO:0010514	biolink:causes	1
0.00056187704	HGNC:27375	MONDO:0013386	biolink:causes	1
0.9820755	HGNC:29678	MONDO:0044714	biolink:causes	1
0.9905794	HGNC:7490	MONDO:0010790	biolink:gene_associated_with_condition	1
0.9424317	HGNC:7450	MONDO:0011066	biolink:gene_associated_with_condition	1
0.8797226	HGNC:26784	MONDO:0014020	biolink:causes	1
0.8797226	HGNC:26784	MONDO:0014020	biolink:gene_associated_with_condition	1
0.7225432	HGNC:7559	MONDO:0958279	biolink:causes	1
0.8961317	HGNC:7569	MONDO:0025708	biolink:causes	1
0.9615842	HGNC:7569	MONDO:0100354	biolink:gene_associated_with_condition	1
0.85751486	HGNC:7569	MONDO:0024559	biolink:gene_associated_with_condition	1
0.8979094	HGNC:7590	MONDO:0013418	biolink:causes	1
0.813292	HGNC:13879	MONDO:0800026	biolink:gene_associated_with_condition	1
0.7867581	HGNC:7623	MONDO:0957477	biolink:gene_associated_with_condition	1
0.9424793	HGNC:7631	MONDO:0012221	biolink:gene_associated_with_condition	1
0.9880256	HGNC:7631	MONDO:0012222	biolink:gene_associated_with_condition	1
0.9999958	HGNC:19082	MONDO:0014556	biolink:gene_associated_with_condition	1
0.48088655	HGNC:28952	MONDO:0054805	biolink:causes	1
0.98135424	HGNC:7662	MONDO:0013507	biolink:causes	1
0.78811103	HGNC:7679	MONDO:0011085	biolink:causes	1
0.78811103	HGNC:7679	MONDO:0011085	biolink:gene_associated_with_condition	1
0.6554911	HGNC:7693	MONDO:0032630	biolink:causes	1
0.96304905	HGNC:9706	MONDO:0009151	biolink:gene_associated_with_condition	1
0.88458997	HGNC:7739	MONDO:0011902	biolink:gene_associated_with_condition	1
1.0	HGNC:29433	MONDO:0010483	biolink:causes	1
0.8644732	HGNC:7818	MONDO:0030684	biolink:causes	1
0.27738294	HGNC:7820	MONDO:0010544	biolink:causes	1
0.55212927	HGNC:7821	MONDO:0017111	biolink:gene_associated_with_condition	1
0.76048946	HGNC:2488	MONDO:0019855	biolink:gene_associated_with_condition	1
0.9646063	HGNC:2488	MONDO:0020745	biolink:causes	1
0.0100583015	HGNC:2488	MONDO:0013752	biolink:causes	1
0.96839696	HGNC:2488	MONDO:0008542	biolink:causes	1
0.9985928	HGNC:951	MONDO:0013228	biolink:causes	1
0.87669814	HGNC:951	MONDO:0014343	biolink:causes	1
0.97850525	HGNC:16400	MONDO:0008633	biolink:gene_associated_with_condition	1
0.85922194	HGNC:16400	MONDO:0007349	biolink:causes	1
0.99807173	HGNC:22938	MONDO:0012724	biolink:gene_associated_with_condition	1
0.29848692	HGNC:7863	MONDO:0013874	biolink:causes	1
0.9999331	HGNC:22448	MONDO:0012689	biolink:causes	1
0.91505367	HGNC:5331	MONDO:0009960	biolink:contributes_to	1
0.24985024	HGNC:14378	MONDO:0957294	biolink:causes	1
0.048814904	HGNC:7881	MONDO:0024523	biolink:causes	1
0.13963686	HGNC:14537	MONDO:0016308	biolink:gene_associated_with_condition	1
0.8956703	HGNC:7945	MONDO:0014343	biolink:causes	1
0.9973744	HGNC:7945	MONDO:0008818	biolink:causes	1
0.991676	HGNC:7975	MONDO:0014320	biolink:causes	1
0.6858217	HGNC:7983	MONDO:0016281	biolink:gene_associated_with_condition	1
0.95413196	HGNC:7983	MONDO:0060489	biolink:causes	1
0.79653203	HGNC:7989	MONDO:0013186	biolink:causes	1
0.81441927	HGNC:13398	MONDO:0010441	biolink:causes	1
0.81441927	HGNC:13398	MONDO:0010441	biolink:gene_associated_with_condition	1
0.9977422	HGNC:7677	MONDO:0014984	biolink:causes	1
0.9717463	HGNC:8028	MONDO:0014630	biolink:gene_associated_with_condition	1
0.96297807	HGNC:8028	MONDO:0012041	biolink:causes	1
0.88728255	HGNC:29914	MONDO:0032692	biolink:causes	1
0.3296933	HGNC:29914	MONDO:0054850	biolink:causes	1
0.25086775	HGNC:21042	MONDO:0030921	biolink:causes	1
0.10968342	HGNC:23448	MONDO:0005006	biolink:gene_associated_with_condition	1
0.27138633	HGNC:8091	MONDO:0009796	biolink:gene_associated_with_condition	1
0.658285	HGNC:8091	MONDO:0008377	biolink:causes	1
0.88101906	HGNC:2567	MONDO:0010702	biolink:gene_associated_with_condition	1
0.99243575	HGNC:8487	MONDO:0009143	biolink:causes	1
0.6018947	HGNC:18124	MONDO:0012354	biolink:causes	1
0.6018947	HGNC:18124	MONDO:0012354	biolink:gene_associated_with_condition	1
0.9732988	HGNC:19317	MONDO:0007740	biolink:causes	1
0.82177293	HGNC:19317	MONDO:0008377	biolink:causes	1
0.19556317	HGNC:8582	MONDO:0017389	biolink:gene_associated_with_condition	1
0.7764509	HGNC:8591	MONDO:0100119	biolink:causes	1
0.9951147	HGNC:30563	MONDO:0032752	biolink:causes	1
0.9971028	HGNC:8617	MONDO:0007862	biolink:causes	1
0.9971028	HGNC:8617	MONDO:0007862	biolink:gene_associated_with_condition	1
0.9243023	HGNC:8617	MONDO:0014343	biolink:causes	1
0.25666252	HGNC:8623	MONDO:0011477	biolink:causes	1
0.7492836	HGNC:8653	MONDO:0011628	biolink:gene_associated_with_condition	1
0.9014079	HGNC:8778	MONDO:0014343	biolink:causes	1
0.94412464	HGNC:8787	MONDO:0008377	biolink:causes	1
0.9305039	HGNC:8804	MONDO:0011150	biolink:gene_associated_with_condition	1
0.7760873	HGNC:8804	MONDO:0014004	biolink:causes	1
0.104194544	HGNC:6107	MONDO:0011667	biolink:causes	1
0.6936592	HGNC:26974	MONDO:0859281	biolink:causes	1
0.99995995	HGNC:40045	MONDO:0033654	biolink:causes	1
0.82965815	HGNC:8858	MONDO:0013948	biolink:causes	1
0.94080204	HGNC:9713	MONDO:0018598	biolink:gene_associated_with_condition	1
0.9768215	HGNC:9713	MONDO:0019174	biolink:gene_associated_with_condition	1
0.0027425548	HGNC:8881	MONDO:0013891	biolink:causes	1
0.76423204	HGNC:25712	MONDO:0018419	biolink:gene_associated_with_condition	1
0.9975229	HGNC:9143	MONDO:0800026	biolink:gene_associated_with_condition	1
0.9573154	HGNC:18858	MONDO:0012465	biolink:gene_associated_with_condition	1
0.99470985	HGNC:14937	MONDO:0029140	biolink:causes	1
0.71500003	HGNC:8979	MONDO:0014453	biolink:causes	1
0.84091616	HGNC:8999	MONDO:0030045	biolink:causes	1
0.16665323	HGNC:9006	MONDO:0012527	biolink:causes	1
0.95162064	HGNC:9052	MONDO:0011136	biolink:gene_associated_with_condition	1
0.07744254	HGNC:9069	MONDO:0014661	biolink:causes	1
0.75269336	HGNC:9069	MONDO:0013390	biolink:gene_associated_with_condition	1
0.43410173	HGNC:29515	MONDO:0014766	biolink:causes	1
0.95823616	HGNC:9081	MONDO:0016002	biolink:causes	1
0.94312	HGNC:9081	MONDO:0007363	biolink:causes	1
0.86052656	HGNC:22954	MONDO:0014977	biolink:causes	1
0.99713755	HGNC:18801	MONDO:0014606	biolink:causes	1
0.79524	HGNC:9175	MONDO:0014157	biolink:gene_associated_with_condition	1
0.56556344	HGNC:9175	MONDO:0012953	biolink:contributes_to	1
0.7780957	HGNC:9175	MONDO:0970994	biolink:causes	1
0.9472141	HGNC:9179	MONDO:0013350	biolink:causes	1
0.7846692	HGNC:9181	MONDO:0010214	biolink:causes	1
0.9027278	HGNC:20422	MONDO:0014343	biolink:causes	1
0.5602643	HGNC:20422	MONDO:0013385	biolink:causes	1
0.35183725	HGNC:30348	MONDO:0019505	biolink:gene_associated_with_condition	1
0.99867827	HGNC:9202	MONDO:0009364	biolink:causes	1
0.98066485	HGNC:9202	MONDO:0018277	biolink:gene_associated_with_condition	1
0.9454586	HGNC:9210	MONDO:0014343	biolink:causes	1
0.4387551	HGNC:9210	MONDO:0008250	biolink:gene_associated_with_condition	1
0.009868005	HGNC:25686	MONDO:0032592	biolink:causes	1
0.87202054	HGNC:9282	MONDO:0014343	biolink:causes	1
0.64227444	HGNC:9302	MONDO:0014605	biolink:causes	1
0.7989202	HGNC:9305	MONDO:0011439	biolink:causes	1
0.7989202	HGNC:9305	MONDO:0011439	biolink:gene_associated_with_condition	1
0.52089953	HGNC:9330	MONDO:0019767	biolink:gene_associated_with_condition	1
0.40907425	HGNC:9330	MONDO:0019769	biolink:gene_associated_with_condition	1
0.75011873	HGNC:9449	MONDO:0011299	biolink:gene_associated_with_condition	1
0.5382422	HGNC:9449	MONDO:0010808	biolink:gene_associated_with_condition	1
0.98960656	HGNC:9456	MONDO:0012868	biolink:causes	1
0.65879726	HGNC:9462	MONDO:0018495	biolink:gene_associated_with_condition	1
0.20115119	HGNC:9462	MONDO:0018464	biolink:gene_associated_with_condition	1
0.38024494	HGNC:9588	MONDO:0021427	biolink:gene_associated_with_condition	1
0.67881274	HGNC:9588	MONDO:0011789	biolink:contributes_to	1
0.0036873275	HGNC:9588	MONDO:0044638	biolink:gene_associated_with_condition	1
0.670196	HGNC:9588	MONDO:0012041	biolink:causes	1
0.88083506	HGNC:23734	MONDO:0014406	biolink:causes	1
0.46327072	HGNC:9701	MONDO:0017811	biolink:gene_associated_with_condition	1
0.9293231	HGNC:15508	MONDO:0024553	biolink:causes	1
0.40963027	HGNC:816	MONDO:0010404	biolink:gene_associated_with_condition	1
0.8537624	HGNC:18305	MONDO:0010319	biolink:gene_associated_with_condition	1
0.8457223	HGNC:854	MONDO:0014646	biolink:causes	1
0.9994863	HGNC:3706	MONDO:0009469	biolink:gene_associated_with_condition	1
0.9240802	HGNC:882	MONDO:0014343	biolink:causes	1
0.48411408	HGNC:7106	MONDO:0017176	biolink:gene_associated_with_condition	1
0.9396783	HGNC:904	MONDO:0012075	biolink:causes	1
0.7788446	HGNC:959	MONDO:0013108	biolink:causes	1
0.98487246	HGNC:966	MONDO:0008854	biolink:causes	1
0.95020163	HGNC:18758	MONDO:0008377	biolink:causes	1
0.97381604	HGNC:26648	MONDO:0008377	biolink:causes	1
0.9091829	HGNC:977	MONDO:0100058	biolink:causes	1
0.8704	HGNC:983	MONDO:0015270	biolink:gene_associated_with_condition	1
0.9675941	HGNC:12703	MONDO:0007931	biolink:gene_associated_with_condition	1
0.93277436	HGNC:1044	MONDO:0014343	biolink:causes	1
0.2059217	HGNC:1044	MONDO:0850095	biolink:gene_associated_with_condition	1
0.9987627	HGNC:1044	MONDO:0007524	biolink:causes	1
0.98473245	HGNC:1044	MONDO:0010515	biolink:causes	1
0.9999447	HGNC:26953	MONDO:0060631	biolink:gene_associated_with_condition	1
0.9685744	HGNC:1069	MONDO:0007216	biolink:causes	1
0.90392727	HGNC:24154	MONDO:0014343	biolink:causes	1
0.9641196	HGNC:1077	MONDO:0007216	biolink:gene_associated_with_condition	1
0.7195342	HGNC:1077	MONDO:0009231	biolink:gene_associated_with_condition	1
0.9760909	HGNC:21701	MONDO:0020841	biolink:causes	1
0.97253823	HGNC:24713	MONDO:0060707	biolink:gene_associated_with_condition	1
0.99503714	HGNC:14263	MONDO:0008710	biolink:causes	1
0.9810476	HGNC:9832	MONDO:0009306	biolink:causes	1
0.9991844	HGNC:9832	MONDO:0011086	biolink:causes	1
0.9372757	HGNC:9832	MONDO:0011338	biolink:causes	1
0.9372757	HGNC:9832	MONDO:0011338	biolink:gene_associated_with_condition	1
0.23713166	HGNC:16854	MONDO:0054847	biolink:causes	1
0.98573875	HGNC:9863	MONDO:0100102	biolink:causes	1
0.98266107	HGNC:18662	MONDO:0012604	biolink:causes	1
0.6051067	HGNC:21863	MONDO:0012794	biolink:gene_associated_with_condition	1
0.31600493	HGNC:9970	MONDO:0008678	biolink:gene_associated_with_condition	1
0.87379396	HGNC:9990	MONDO:0008377	biolink:causes	1
0.9565487	HGNC:9990	MONDO:0013414	biolink:causes	1
0.8477437	HGNC:17282	MONDO:0008377	biolink:causes	1
0.7076219	HGNC:10019	MONDO:0020849	biolink:causes	1
0.7707389	HGNC:10023	MONDO:0007922	biolink:causes	1
0.88754356	HGNC:10023	MONDO:0014343	biolink:causes	1
0.92105937	HGNC:10031	MONDO:0014343	biolink:causes	1
0.8413992	HGNC:10031	MONDO:0011338	biolink:gene_associated_with_condition	1
0.6218185	HGNC:12974	MONDO:0010495	biolink:causes	1
0.99753153	HGNC:13433	MONDO:0020790	biolink:causes	1
0.91757685	HGNC:10258	MONDO:0060745	biolink:causes	1
0.8748237	HGNC:10298	MONDO:0014343	biolink:causes	1
0.001636219	HGNC:10303	MONDO:0018254	biolink:gene_associated_with_condition	1
0.78034246	HGNC:10327	MONDO:0013964	biolink:causes	1
0.012842077	HGNC:10397	MONDO:0012924	biolink:causes	1
0.9998512	HGNC:21054	MONDO:0014657	biolink:causes	1
0.90065473	HGNC:28583	MONDO:0014343	biolink:causes	1
0.8111042	HGNC:14665	MONDO:0016783	biolink:gene_associated_with_condition	1
0.9002824	HGNC:10484	MONDO:0017402	biolink:gene_associated_with_condition	1
0.88888156	HGNC:10524	MONDO:0014343	biolink:causes	1
0.9793483	HGNC:21637	MONDO:0012864	biolink:gene_associated_with_condition	1
0.5414867	HGNC:10542	MONDO:0014117	biolink:gene_associated_with_condition	1
0.9132591	HGNC:1665	MONDO:0009699	biolink:causes	1
0.7714157	HGNC:10589	MONDO:0014156	biolink:causes	1
0.96844983	HGNC:10597	MONDO:0007571	biolink:causes	1
0.96844983	HGNC:10597	MONDO:0007571	biolink:gene_associated_with_condition	1
0.9821293	HGNC:10597	MONDO:0009459	biolink:causes	1
0.0426912	HGNC:10597	MONDO:0017629	biolink:gene_associated_with_condition	1
0.9866779	HGNC:10597	MONDO:0008179	biolink:gene_associated_with_condition	1
0.9830009	HGNC:10603	MONDO:0700250	biolink:causes	1
0.8856553	HGNC:10682	MONDO:0011740	biolink:gene_associated_with_condition	1
0.5827531	HGNC:10702	MONDO:0014802	biolink:causes	1
0.88495415	HGNC:17052	MONDO:0032849	biolink:causes	1
0.9846289	HGNC:10727	MONDO:0007794	biolink:causes	1
0.9307523	HGNC:10802	MONDO:0024465	biolink:causes	1
0.9242241	HGNC:10818	MONDO:0014343	biolink:causes	1
0.0031740644	HGNC:14294	MONDO:0971069	biolink:gene_associated_with_condition	1
0.32961953	HGNC:10848	MONDO:0008572	biolink:gene_associated_with_condition	1
0.9657048	HGNC:26535	MONDO:0018393	biolink:gene_associated_with_condition	1
0.96577305	HGNC:10896	MONDO:0008426	biolink:causes	1
0.39865664	HGNC:10939	MONDO:0009110	biolink:gene_associated_with_condition	1
0.9646032	HGNC:10941	MONDO:0012982	biolink:causes	1
0.9968867	HGNC:11006	MONDO:0009216	biolink:causes	1
0.9991763	HGNC:11030	MONDO:0011422	biolink:causes	1
0.97341025	HGNC:11052	MONDO:0007777	biolink:causes	1
0.31544396	HGNC:11056	MONDO:0017354	biolink:gene_associated_with_condition	1
0.99981946	HGNC:11079	MONDO:0010278	biolink:causes	1
0.9996044	HGNC:23088	MONDO:0012892	biolink:causes	1
0.51885724	HGNC:13818	MONDO:0014718	biolink:causes	1
0.92075676	HGNC:10922	MONDO:0009501	biolink:causes	1
0.7710662	HGNC:10922	MONDO:0012396	biolink:causes	1
0.9142013	HGNC:10922	MONDO:0014490	biolink:causes	1
0.91454697	HGNC:10936	MONDO:0020345	biolink:gene_associated_with_condition	1
0.99529725	HGNC:10969	MONDO:0008919	biolink:causes	1
0.99249953	HGNC:20611	MONDO:0018264	biolink:causes	1
0.7795239	HGNC:8818	MONDO:0010933	biolink:causes	1
0.53378767	HGNC:8818	MONDO:0019855	biolink:gene_associated_with_condition	1
0.99994016	HGNC:23096	MONDO:0011273	biolink:causes	1
0.99994016	HGNC:23096	MONDO:0011273	biolink:gene_associated_with_condition	1
0.9993255	HGNC:25355	MONDO:0013208	biolink:gene_associated_with_condition	1
0.99753654	HGNC:11018	MONDO:0958331	biolink:causes	1
0.77287644	HGNC:11020	MONDO:0009928	biolink:causes	1
0.9188033	HGNC:17129	MONDO:0008713	biolink:gene_associated_with_condition	1
0.99579984	HGNC:20858	MONDO:0014864	biolink:causes	1
0.9974758	HGNC:17939	MONDO:0044322	biolink:causes	1
0.03534172	HGNC:30225	MONDO:0014013	biolink:gene_associated_with_condition	1
0.939654	HGNC:6768	MONDO:0008426	biolink:causes	1
0.84605813	HGNC:6770	MONDO:0007688	biolink:causes	1
0.8599319	HGNC:6770	MONDO:0015278	biolink:causes	1
0.8599319	HGNC:6770	MONDO:0015278	biolink:gene_associated_with_condition	1
0.493789	HGNC:6770	MONDO:0008278	biolink:causes	1
0.9685828	HGNC:6770	MONDO:0014343	biolink:causes	1
0.364793	HGNC:6770	MONDO:0008276	biolink:gene_associated_with_condition	1
0.89526737	HGNC:11098	MONDO:0859139	biolink:gene_associated_with_condition	1
0.005305525	HGNC:44204	MONDO:0044282	biolink:causes	1
0.9173115	HGNC:20323	MONDO:0014343	biolink:causes	1
0.75001156	HGNC:30859	MONDO:0008377	biolink:causes	1
0.99171257	HGNC:1331	MONDO:0012295	biolink:causes	1
0.8920031	HGNC:1373	MONDO:0009818	biolink:causes	1
0.8920031	HGNC:1373	MONDO:0009818	biolink:gene_associated_with_condition	1
0.91978073	HGNC:1395	MONDO:0014875	biolink:causes	1
0.8171449	HGNC:1445	MONDO:0014550	biolink:causes	1
0.27304482	HGNC:1460	MONDO:0054861	biolink:causes	1
0.9973501	HGNC:19721	MONDO:0009629	biolink:causes	1
0.9298549	HGNC:19721	MONDO:0054680	biolink:causes	1
0.9410203	HGNC:1480	MONDO:0029133	biolink:gene_associated_with_condition	1
0.62777704	HGNC:16393	MONDO:0014645	biolink:causes	1
0.25130704	HGNC:16393	MONDO:0011672	biolink:gene_associated_with_condition	1
0.8982941	HGNC:1497	MONDO:0010417	biolink:gene_associated_with_condition	1
0.9750724	HGNC:1515	MONDO:0014574	biolink:causes	1
0.95573246	HGNC:18810	MONDO:0012621	biolink:gene_associated_with_condition	1
0.97910315	HGNC:1529	MONDO:0013686	biolink:causes	1
0.9046152	HGNC:1529	MONDO:0019947	biolink:causes	1
0.9046152	HGNC:1529	MONDO:0019947	biolink:gene_associated_with_condition	1
0.97867626	HGNC:1542	MONDO:0957388	biolink:causes	1
0.057237457	HGNC:19967	MONDO:0009360	biolink:causes	1
0.014224178	HGNC:19967	MONDO:0017117	biolink:gene_associated_with_condition	1
0.98448354	HGNC:29296	MONDO:0971002	biolink:causes	1
0.99528414	HGNC:11167	MONDO:0020745	biolink:causes	1
0.17877103	HGNC:14974	MONDO:0014040	biolink:causes	1
0.9386148	HGNC:14974	MONDO:0014343	biolink:causes	1
0.8936215	HGNC:19383	MONDO:0800130	biolink:causes	1
0.6082372	HGNC:11187	MONDO:0008542	biolink:causes	1
0.5065753	HGNC:11195	MONDO:0008799	biolink:gene_associated_with_condition	1
0.9118954	HGNC:11195	MONDO:0014343	biolink:causes	1
0.7092031	HGNC:14530	MONDO:0031084	biolink:causes	1
0.76191956	HGNC:11254	MONDO:0032942	biolink:causes	1
0.94538987	HGNC:11274	MONDO:0054780	biolink:causes	1
0.5021767	HGNC:11276	MONDO:0014159	biolink:gene_associated_with_condition	1
0.8991682	HGNC:11276	MONDO:0010848	biolink:causes	1
0.8228906	HGNC:11283	MONDO:0014837	biolink:gene_associated_with_condition	1
0.035596106	HGNC:10780	MONDO:0957583	biolink:causes	1
0.9925171	HGNC:28423	MONDO:0009722	biolink:causes	1
0.8928498	HGNC:11362	MONDO:0013427	biolink:gene_associated_with_condition	1
0.8080639	HGNC:10879	MONDO:0012989	biolink:causes	1
0.28790203	HGNC:11389	MONDO:0008280	biolink:causes	1
0.7891503	HGNC:11389	MONDO:0012041	biolink:causes	1
0.8720536	HGNC:17209	MONDO:0030332	biolink:causes	1
0.96851724	HGNC:11444	MONDO:0012812	biolink:gene_associated_with_condition	1
0.60184014	HGNC:11474	MONDO:0014733	biolink:gene_associated_with_condition	1
0.51389706	HGNC:17101	MONDO:0032916	biolink:gene_associated_with_condition	1
0.6623854	HGNC:28852	MONDO:0014844	biolink:causes	1
0.8383818	HGNC:18130	MONDO:0018393	biolink:gene_associated_with_condition	1
0.9194928	HGNC:11510	MONDO:0014468	biolink:causes	1
0.808562	HGNC:11522	MONDO:0016682	biolink:gene_associated_with_condition	1
0.9288492	HGNC:24316	MONDO:0700250	biolink:causes	1
0.46682614	HGNC:11584	MONDO:0014641	biolink:causes	1
0.36711785	HGNC:11584	MONDO:0012521	biolink:gene_associated_with_condition	1
0.9620405	HGNC:11592	MONDO:0008542	biolink:gene_associated_with_condition	1
0.80285853	HGNC:11600	MONDO:0010554	biolink:causes	1
0.9653345	HGNC:11609	MONDO:0009274	biolink:causes	1
0.7075775	HGNC:24519	MONDO:0013896	biolink:causes	1
0.9991604	HGNC:27365	MONDO:0013529	biolink:causes	1
0.9982418	HGNC:28313	MONDO:0032922	biolink:causes	1
0.6472314	HGNC:11741	MONDO:0014943	biolink:causes	1
0.7667069	HGNC:11764	MONDO:0010135	biolink:causes	1
0.1274485	HGNC:11764	MONDO:0011982	biolink:contributes_to	1
0.11602595	HGNC:11766	MONDO:0009061	biolink:contributes_to	1
0.8918039	HGNC:11766	MONDO:0032601	biolink:causes	1
0.92318296	HGNC:11772	MONDO:0008426	biolink:causes	1
0.92399687	HGNC:11772	MONDO:0008818	biolink:causes	1
0.016279003	HGNC:17192	MONDO:0013723	biolink:contributes_to	1
0.0067354892	HGNC:18021	MONDO:0100045	biolink:contributes_to	1
0.99988294	HGNC:26186	MONDO:0859226	biolink:causes	1
0.88652575	HGNC:28396	MONDO:0012539	biolink:causes	1
0.7956719	HGNC:28396	MONDO:0011202	biolink:gene_associated_with_condition	1
0.92762923	HGNC:28396	MONDO:0014343	biolink:causes	1
0.96197647	HGNC:28396	MONDO:0008377	biolink:causes	1
0.91951394	HGNC:28128	MONDO:0033045	biolink:causes	1
0.9981489	HGNC:20185	MONDO:0044321	biolink:gene_associated_with_condition	1
0.52564514	HGNC:11917	MONDO:0017844	biolink:gene_associated_with_condition	1
0.004336103	HGNC:11905	MONDO:0044638	biolink:gene_associated_with_condition	1
0.9888076	HGNC:11908	MONDO:0008275	biolink:gene_associated_with_condition	1
0.95532775	HGNC:11908	MONDO:0014343	biolink:causes	1
0.95468175	HGNC:11908	MONDO:0009394	biolink:gene_associated_with_condition	1
0.9761406	HGNC:11908	MONDO:0012859	biolink:causes	1
0.9761406	HGNC:11908	MONDO:0012859	biolink:gene_associated_with_condition	1
0.8075511	HGNC:11934	MONDO:0012039	biolink:contributes_to	1
0.9984763	HGNC:11948	MONDO:0957284	biolink:causes	1
0.9815531	HGNC:11948	MONDO:0957281	biolink:causes	1
0.451047	HGNC:11992	MONDO:0034991	biolink:gene_associated_with_condition	1
0.53213096	HGNC:11992	MONDO:0020628	biolink:causes	1
0.50962365	HGNC:11992	MONDO:0020845	biolink:causes	1
0.99948347	HGNC:3098	MONDO:0100218	biolink:causes	1
0.019527044	HGNC:12012	MONDO:0018780	biolink:gene_associated_with_condition	1
0.82068557	HGNC:12012	MONDO:0800341	biolink:causes	1
0.9707615	HGNC:24259	MONDO:0033009	biolink:causes	1
0.012857077	HGNC:12252	MONDO:0020512	biolink:gene_associated_with_condition	1
0.60695606	HGNC:12266	MONDO:0012803	biolink:gene_associated_with_condition	1
0.68537897	HGNC:7523	MONDO:0009664	biolink:gene_associated_with_condition	1
0.7913243	HGNC:12310	MONDO:0014896	biolink:causes	1
0.7913243	HGNC:12310	MONDO:0014896	biolink:gene_associated_with_condition	1
0.94805837	HGNC:12305	MONDO:0008701	biolink:gene_associated_with_condition	1
0.9415618	HGNC:18084	MONDO:0014622	biolink:gene_associated_with_condition	1
0.9943175	HGNC:18084	MONDO:0100296	biolink:causes	1
0.9588938	HGNC:12363	MONDO:0007922	biolink:causes	1
0.71812093	HGNC:12373	MONDO:0019855	biolink:gene_associated_with_condition	1
0.9755107	HGNC:12373	MONDO:0012203	biolink:gene_associated_with_condition	1
0.93977517	HGNC:25660	MONDO:0014343	biolink:causes	1
0.9792783	HGNC:26262	MONDO:0014238	biolink:gene_associated_with_condition	1
0.65825397	HGNC:20778	MONDO:0014341	biolink:causes	1
0.16611297	HGNC:20773	MONDO:0021573	biolink:causes	1
0.74997634	HGNC:20773	MONDO:0044626	biolink:gene_associated_with_condition	1
0.8002488	HGNC:12441	MONDO:0031057	biolink:causes	1
0.019459067	HGNC:12442	MONDO:0018136	biolink:gene_associated_with_condition	1
0.8326813	HGNC:12442	MONDO:0011749	biolink:causes	1
0.91308314	HGNC:12449	MONDO:0014343	biolink:causes	1
0.9653815	HGNC:29877	MONDO:0957588	biolink:causes	1
0.6644446	HGNC:12499	MONDO:0859207	biolink:causes	1
0.12527989	HGNC:30791	MONDO:0007374	biolink:gene_associated_with_condition	1
0.60394657	HGNC:12511	MONDO:0044701	biolink:gene_associated_with_condition	1
0.9999471	HGNC:26941	MONDO:0060752	biolink:causes	1
0.75617874	HGNC:25640	MONDO:0060702	biolink:causes	1
0.74265754	HGNC:25640	MONDO:0031052	biolink:causes	1
0.8221135	HGNC:12565	MONDO:0008377	biolink:causes	1
0.39719993	HGNC:12565	MONDO:0957240	biolink:causes	1
0.8707913	HGNC:29594	MONDO:0014065	biolink:causes	1
0.5702756	HGNC:12630	MONDO:0958071	biolink:causes	1
0.25246644	HGNC:13486	MONDO:0010510	biolink:causes	1
0.87728333	HGNC:25507	MONDO:0014343	biolink:causes	1
0.43855095	HGNC:15512	MONDO:0020705	biolink:contributes_to	1
0.863377	HGNC:12651	MONDO:0060621	biolink:causes	1
0.16202793	HGNC:14583	MONDO:0030486	biolink:causes	1
0.79440135	HGNC:2183	MONDO:0008377	biolink:causes	1
0.9298248	HGNC:23595	MONDO:0011811	biolink:gene_associated_with_condition	1
0.76061344	HGNC:24928	MONDO:0013962	biolink:causes	1
0.76061344	HGNC:24928	MONDO:0013962	biolink:gene_associated_with_condition	1
0.8950306	HGNC:17327	MONDO:0017283	biolink:gene_associated_with_condition	1
0.95112234	HGNC:17327	MONDO:0014741	biolink:causes	1
0.34740427	HGNC:30696	MONDO:0012357	biolink:causes	1
0.55418223	HGNC:30914	MONDO:0018417	biolink:gene_associated_with_condition	1
0.616987	HGNC:25928	MONDO:0019374	biolink:gene_associated_with_condition	1
0.33320695	HGNC:12762	MONDO:0009101	biolink:causes	1
0.5443804	HGNC:12762	MONDO:0010963	biolink:causes	1
0.29305094	HGNC:12774	MONDO:0014086	biolink:causes	1
0.99918026	HGNC:12774	MONDO:0012892	biolink:causes	1
0.88040537	HGNC:12774	MONDO:0009804	biolink:gene_associated_with_condition	1
0.9241745	HGNC:12774	MONDO:0019409	biolink:gene_associated_with_condition	1
0.98859787	HGNC:13829	MONDO:0007881	biolink:causes	1
0.9994979	HGNC:13829	MONDO:0009773	biolink:gene_associated_with_condition	1
0.96636605	HGNC:12831	MONDO:0014686	biolink:causes	1
0.9976672	HGNC:15517	MONDO:0012892	biolink:causes	1
0.9324777	HGNC:15517	MONDO:0014343	biolink:causes	1
0.9775922	HGNC:15517	MONDO:0011604	biolink:causes	1
0.95003545	HGNC:30511	MONDO:0030878	biolink:gene_associated_with_condition	1
0.8816693	HGNC:12856	MONDO:0044738	biolink:causes	1
0.8846323	HGNC:16740	MONDO:0032715	biolink:causes	1
0.47349176	HGNC:21143	MONDO:0013553	biolink:causes	1
0.9942069	HGNC:24931	MONDO:0010758	biolink:gene_associated_with_condition	1
0.015790822	HGNC:30939	MONDO:0008340	biolink:gene_associated_with_condition	1
1.0	HGNC:12869	MONDO:0958322	biolink:causes	1
0.89483	HGNC:12872	MONDO:0014705	biolink:causes	1
0.44974828	HGNC:12872	MONDO:0018114	biolink:gene_associated_with_condition	1
0.7021266	HGNC:12872	MONDO:0032892	biolink:causes	1
0.9995295	HGNC:16493	MONDO:0032855	biolink:causes	1
0.00976216	HGNC:34519	MONDO:0975841	biolink:causes	1
0.0021176876	HGNC:15662	MONDO:0030716	biolink:causes	1
0.24997774	HGNC:26993	MONDO:0030787	biolink:causes	1
0.9784176	HGNC:2500	MONDO:0008881	biolink:causes	1
0.7688636	HGNC:2500	MONDO:0016356	biolink:gene_associated_with_condition	1
0.017470833	HGNC:1591	MONDO:0030875	biolink:causes	1
0.98941714	HGNC:1606	MONDO:0004951	biolink:contributes_to	1
0.9672093	HGNC:1633	MONDO:0009413	biolink:causes	1
0.92371595	HGNC:1701	MONDO:0013286	biolink:causes	1
0.5333746	HGNC:16692	MONDO:0013341	biolink:causes	1
0.63091964	HGNC:16783	MONDO:0012004	biolink:causes	1
0.7627984	HGNC:16783	MONDO:0007768	biolink:gene_associated_with_condition	1
0.5564074	HGNC:1774	MONDO:0014596	biolink:causes	1
0.25604415	HGNC:1787	MONDO:0011713	biolink:contributes_to	1
0.79253566	HGNC:1787	MONDO:0015278	biolink:gene_associated_with_condition	1
0.96374	HGNC:1850	MONDO:0007922	biolink:causes	1
0.7412361	HGNC:1857	MONDO:0009477	biolink:causes	1
0.7412361	HGNC:1857	MONDO:0009477	biolink:gene_associated_with_condition	1
0.7837475	HGNC:28209	MONDO:0014309	biolink:gene_associated_with_condition	1
0.043216344	HGNC:1869	MONDO:0007744	biolink:causes	1
0.99786395	HGNC:25631	MONDO:0054724	biolink:causes	1
0.99998295	HGNC:26708	MONDO:0025354	biolink:causes	1
0.94382274	HGNC:2771	MONDO:0013487	biolink:gene_associated_with_condition	1
0.99960834	HGNC:5394	MONDO:0012594	biolink:causes	1
0.99960834	HGNC:5394	MONDO:0012594	biolink:gene_associated_with_condition	1
0.7077354	HGNC:1956	MONDO:0012474	biolink:causes	1
0.68697	HGNC:1965	MONDO:0014585	biolink:causes	1
0.95458525	HGNC:1965	MONDO:0014583	biolink:causes	1
0.4659137	HGNC:14214	MONDO:0030910	biolink:causes	1
0.9998147	HGNC:2021	MONDO:0859187	biolink:causes	1
0.9852142	HGNC:2021	MONDO:0859188	biolink:causes	1
0.9995484	HGNC:2027	MONDO:0011822	biolink:causes	1
0.9704315	HGNC:2027	MONDO:0009904	biolink:gene_associated_with_condition	1
0.03912009	HGNC:33939	MONDO:0030905	biolink:causes	1
0.90045595	HGNC:11968	MONDO:0033369	biolink:causes	1
0.49301553	HGNC:20492	MONDO:0018576	biolink:gene_associated_with_condition	1
0.91866416	HGNC:6546	MONDO:0054559	biolink:causes	1
0.5905124	HGNC:18621	MONDO:0014131	biolink:causes	1
0.9217515	HGNC:2202	MONDO:0100533	biolink:contributes_to	1
0.9486462	HGNC:2202	MONDO:0012726	biolink:gene_associated_with_condition	1
0.008347686	HGNC:2202	MONDO:0018829	biolink:gene_associated_with_condition	1
0.9942268	HGNC:2204	MONDO:0007086	biolink:gene_associated_with_condition	1
0.83296174	HGNC:2211	MONDO:0958353	biolink:gene_associated_with_condition	1
0.9596361	HGNC:2214	MONDO:0019310	biolink:gene_associated_with_condition	1
0.9651914	HGNC:2214	MONDO:0019522	biolink:gene_associated_with_condition	1
0.8864038	HGNC:2214	MONDO:0011398	biolink:gene_associated_with_condition	1
0.9221928	HGNC:2218	MONDO:0014343	biolink:causes	1
0.93590665	HGNC:2187	MONDO:0013795	biolink:causes	1
0.8669656	HGNC:2187	MONDO:0014343	biolink:causes	1
0.9489517	HGNC:2187	MONDO:0007740	biolink:causes	1
0.72145724	HGNC:2194	MONDO:0007381	biolink:gene_associated_with_condition	1
0.98826444	HGNC:2194	MONDO:0030750	biolink:causes	1
0.9686829	HGNC:2194	MONDO:0019307	biolink:gene_associated_with_condition	1
0.96846706	HGNC:2227	MONDO:0007561	biolink:causes	1
0.99917394	HGNC:2227	MONDO:0008322	biolink:causes	1
0.9276929	HGNC:2227	MONDO:0014343	biolink:causes	1
0.7712433	HGNC:2232	MONDO:0859253	biolink:causes	1
0.5908515	HGNC:2244	MONDO:0013840	biolink:gene_associated_with_condition	1
0.95678174	HGNC:2244	MONDO:0014754	biolink:causes	1
0.0026124204	HGNC:2244	MONDO:0958129	biolink:gene_associated_with_condition	1
0.6586617	HGNC:2294	MONDO:0033650	biolink:causes	1
0.99842167	HGNC:2260	MONDO:0700250	biolink:causes	1
0.99196726	HGNC:2260	MONDO:0033635	biolink:causes	1
0.9207759	HGNC:17272	MONDO:0014343	biolink:causes	1
0.9995059	HGNC:2309	MONDO:0008684	biolink:gene_associated_with_condition	1
0.9301179	HGNC:2321	MONDO:0030048	biolink:gene_associated_with_condition	1
0.030308867	HGNC:2342	MONDO:0054764	biolink:causes	1
0.74920386	HGNC:2348	MONDO:0012519	biolink:gene_associated_with_condition	1
0.9628755	HGNC:2348	MONDO:0008393	biolink:causes	1
0.9628755	HGNC:2348	MONDO:0008393	biolink:gene_associated_with_condition	1
0.51509863	HGNC:2348	MONDO:0018256	biolink:gene_associated_with_condition	1
0.46229106	HGNC:2383	MONDO:0013449	biolink:causes	1
0.8775965	HGNC:2389	MONDO:0018611	biolink:gene_associated_with_condition	1
0.5483226	HGNC:2409	MONDO:0018611	biolink:gene_associated_with_condition	1
0.2993159	HGNC:2409	MONDO:0021548	biolink:gene_associated_with_condition	1
0.9764128	HGNC:2417	MONDO:0018611	biolink:gene_associated_with_condition	1
0.26956207	HGNC:2481	MONDO:0011937	biolink:causes	1
0.3579485	HGNC:2501	MONDO:0009058	biolink:gene_associated_with_condition	1
0.6290629	HGNC:2516	MONDO:0007404	biolink:gene_associated_with_condition	1
0.90690243	HGNC:2528	MONDO:0009490	biolink:causes	1
0.78195167	HGNC:6027	MONDO:0030374	biolink:causes	1
0.40851918	HGNC:2570	MONDO:0019597	biolink:gene_associated_with_condition	1
0.74901354	HGNC:20581	MONDO:0014343	biolink:causes	1
0.88731045	HGNC:2666	MONDO:0018280	biolink:gene_associated_with_condition	1
0.70051086	HGNC:2678	MONDO:0014115	biolink:gene_associated_with_condition	1
0.10505186	HGNC:15594	MONDO:0030334	biolink:contributes_to	1
0.999366	HGNC:13681	MONDO:0011070	biolink:causes	1
0.5851889	HGNC:29812	MONDO:0014648	biolink:causes	1
0.0076436093	HGNC:2711	MONDO:0007103	biolink:contributes_to	1
0.7091879	HGNC:2711	MONDO:0008201	biolink:gene_associated_with_condition	1
0.41839263	HGNC:17211	MONDO:0032604	biolink:causes	1
0.46396264	HGNC:17211	MONDO:0008377	biolink:causes	1
0.9198712	HGNC:2877	MONDO:0010350	biolink:causes	1
0.9884024	HGNC:28648	MONDO:0009965	biolink:causes	1
0.9884024	HGNC:28648	MONDO:0009965	biolink:gene_associated_with_condition	1
0.988214	HGNC:2909	MONDO:0020692	biolink:causes	1
0.99993336	HGNC:2917	MONDO:0014772	biolink:causes	1
0.038561072	HGNC:2933	MONDO:0035648	biolink:gene_associated_with_condition	1
0.99747914	HGNC:2940	MONDO:0054615	biolink:causes	1
0.9988412	HGNC:2946	MONDO:0032845	biolink:causes	1
0.65756583	HGNC:14888	MONDO:0021018	biolink:causes	1
0.93977463	HGNC:30718	MONDO:0014909	biolink:causes	1
0.9523368	HGNC:26532	MONDO:0009461	biolink:gene_associated_with_condition	1
0.91926605	HGNC:19189	MONDO:0014343	biolink:causes	1
0.9774719	HGNC:19191	MONDO:0009478	biolink:gene_associated_with_condition	1
0.95423716	HGNC:3007	MONDO:0033556	biolink:causes	1
0.7584478	HGNC:3012	MONDO:0010130	biolink:causes	1
0.28971276	HGNC:3012	MONDO:0017405	biolink:gene_associated_with_condition	1
0.81268954	HGNC:3049	MONDO:0012434	biolink:causes	1
0.34837562	HGNC:1090	MONDO:0014180	biolink:gene_associated_with_condition	1
0.8500783	HGNC:1090	MONDO:0013839	biolink:gene_associated_with_condition	1
0.9339995	HGNC:29043	MONDO:0010046	biolink:causes	1
0.5572961	HGNC:37261	MONDO:0008377	biolink:causes	1
0.87949747	HGNC:3087	MONDO:0014343	biolink:causes	1
0.933203	HGNC:24595	MONDO:0014343	biolink:causes	1
0.009305884	HGNC:3097	MONDO:0016049	biolink:gene_associated_with_condition	1
0.9685554	HGNC:29419	MONDO:0013971	biolink:causes	1
0.027484518	HGNC:3178	MONDO:0013384	biolink:contributes_to	1
0.7997658	HGNC:3178	MONDO:0800026	biolink:gene_associated_with_condition	1
0.659261	HGNC:3188	MONDO:0060510	biolink:causes	1
0.46016887	HGNC:3236	MONDO:0014481	biolink:causes	1
0.7127034	HGNC:3247	MONDO:0014275	biolink:causes	1
0.9607556	HGNC:24921	MONDO:0030036	biolink:causes	1
0.87001556	HGNC:3327	MONDO:0008542	biolink:causes	1
0.6288695	HGNC:18248	MONDO:0014996	biolink:causes	1
0.6801617	HGNC:16912	MONDO:0008879	biolink:causes	1
0.31739596	HGNC:3393	MONDO:0011361	biolink:contributes_to	1
0.99535817	HGNC:3416	MONDO:0007572	biolink:causes	1
0.92381054	HGNC:3434	MONDO:0011125	biolink:causes	1
0.62894696	HGNC:3438	MONDO:0008998	biolink:gene_associated_with_condition	1
0.9686508	HGNC:3438	MONDO:0019570	biolink:causes	1
0.8517403	HGNC:3438	MONDO:0010217	biolink:causes	1
0.8957585	HGNC:3438	MONDO:0019569	biolink:gene_associated_with_condition	1
0.98271346	HGNC:3439	MONDO:0019569	biolink:gene_associated_with_condition	1
0.9211867	HGNC:3444	MONDO:0014343	biolink:causes	1
0.7249249	HGNC:16947	MONDO:0014302	biolink:gene_associated_with_condition	1
0.0388105	HGNC:15743	MONDO:0020621	biolink:causes	1
0.64993024	HGNC:25966	MONDO:0033202	biolink:causes	1
0.613012	HGNC:3481	MONDO:0018332	biolink:gene_associated_with_condition	1
0.728629	HGNC:3481	MONDO:0018333	biolink:gene_associated_with_condition	1
0.9608385	HGNC:3497	MONDO:0008673	biolink:gene_associated_with_condition	1
0.91639835	MONDO:0007080	HGNC:2592	biolink:gene_associated_with_condition	1
0.79625523	MONDO:0007088	HGNC:7876	biolink:contributes_to	1
0.0076436093	MONDO:0007103	HGNC:2711	biolink:contributes_to	1
0.0073185405	MONDO:0007103	HGNC:11179	biolink:causes	1
0.9992459	MONDO:0007158	HGNC:26270	biolink:causes	1
0.9992459	MONDO:0007158	HGNC:26270	biolink:gene_associated_with_condition	1
0.3039018	MONDO:0007163	HGNC:1388	biolink:causes	1
0.3039018	MONDO:0007163	HGNC:1388	biolink:gene_associated_with_condition	1
0.90051025	MONDO:0007167	HGNC:3755	biolink:causes	1
0.18276145	MONDO:0007191	HGNC:18173	biolink:gene_associated_with_condition	1
0.65979457	MONDO:0007191	HGNC:6998	biolink:gene_associated_with_condition	1
0.8157494	MONDO:0007191	HGNC:5439	biolink:gene_associated_with_condition	1
0.6711733	MONDO:0007222	HGNC:5136	biolink:causes	1
0.9319548	MONDO:0007244	HGNC:2197	biolink:gene_associated_with_condition	1
0.9971464	MONDO:0007334	HGNC:6121	biolink:causes	1
0.99163	MONDO:0007340	HGNC:10472	biolink:causes	1
0.49545124	MONDO:0007351	HGNC:4043	biolink:gene_associated_with_condition	1
0.6877614	MONDO:0007376	HGNC:23785	biolink:gene_associated_with_condition	1
0.72145724	MONDO:0007381	HGNC:2194	biolink:gene_associated_with_condition	1
0.9759103	MONDO:0007412	HGNC:3689	biolink:causes	1
0.055934947	MONDO:0007488	HGNC:11138	biolink:causes	1
0.684029	MONDO:0007556	HGNC:6416	biolink:gene_associated_with_condition	1
0.96846706	MONDO:0007561	HGNC:2227	biolink:causes	1
0.6105984	MONDO:0007672	HGNC:14373	biolink:causes	1
0.84605813	MONDO:0007688	HGNC:6770	biolink:causes	1
0.03966871	MONDO:0007723	HGNC:9967	biolink:contributes_to	1
0.95126534	MONDO:0007727	HGNC:11916	biolink:causes	1
0.90268517	MONDO:0007738	HGNC:8546	biolink:causes	1
0.98519	MONDO:0007738	HGNC:9083	biolink:causes	1
0.9936009	MONDO:0007738	HGNC:15808	biolink:causes	1
0.043216344	MONDO:0007744	HGNC:1869	biolink:causes	1
0.0029919369	MONDO:0007748	HGNC:21285	biolink:contributes_to	1
0.21741892	MONDO:0007791	HGNC:1514	biolink:causes	1
0.9814621	MONDO:0007828	HGNC:20152	biolink:causes	1
0.99610364	MONDO:0007841	HGNC:11603	biolink:gene_associated_with_condition	1
0.40629435	MONDO:0007845	HGNC:3581	biolink:contributes_to	1
0.7667232	MONDO:0007854	HGNC:2527	biolink:causes	1
0.9971028	MONDO:0007862	HGNC:8617	biolink:causes	1
0.9971028	MONDO:0007862	HGNC:8617	biolink:gene_associated_with_condition	1
0.92634267	MONDO:0007875	HGNC:15808	biolink:causes	1
0.85963815	MONDO:0007875	HGNC:3755	biolink:gene_associated_with_condition	1
0.7498051	MONDO:0007883	HGNC:12754	biolink:gene_associated_with_condition	1
0.9922381	MONDO:0007922	HGNC:3801	biolink:gene_associated_with_condition	1
0.94983625	MONDO:0007922	HGNC:6742	biolink:causes	1
0.9592855	MONDO:0007922	HGNC:6842	biolink:causes	1
0.7707389	MONDO:0007922	HGNC:10023	biolink:causes	1
0.9588938	MONDO:0007922	HGNC:12363	biolink:causes	1
0.96374	MONDO:0007922	HGNC:1850	biolink:causes	1
0.9315523	MONDO:0007922	HGNC:30497	biolink:causes	1
0.9690822	MONDO:0007922	HGNC:24097	biolink:causes	1
0.9879503	MONDO:0007922	HGNC:8005	biolink:causes	1
0.95064473	MONDO:0007922	HGNC:28993	biolink:causes	1
0.8634694	MONDO:0007922	HGNC:9115	biolink:causes	1
0.98362434	MONDO:0007922	HGNC:9459	biolink:causes	1
0.9883681	MONDO:0007922	HGNC:10447	biolink:causes	1
0.9883096	MONDO:0007922	HGNC:20249	biolink:causes	1
0.98177713	MONDO:0007922	HGNC:219	biolink:causes	1
0.95955056	MONDO:0007922	HGNC:23109	biolink:causes	1
0.90408033	MONDO:0007922	HGNC:4274	biolink:causes	1
0.9599926	MONDO:0007922	HGNC:1097	biolink:causes	1
0.8319175	MONDO:0007922	HGNC:9829	biolink:causes	1
0.9855285	MONDO:0007922	HGNC:9957	biolink:causes	1
0.9678726	MONDO:0007922	HGNC:7765	biolink:causes	1
0.8829927	MONDO:0007922	HGNC:9801	biolink:causes	1
0.96410197	MONDO:0007922	HGNC:10260	biolink:causes	1
0.9205428	MONDO:0007922	HGNC:1541	biolink:causes	1
0.87927574	MONDO:0007922	HGNC:3446	biolink:causes	1
0.99818003	MONDO:0007930	HGNC:4439	biolink:causes	1
0.9994942	MONDO:0007999	HGNC:10889	biolink:causes	1
0.77514094	MONDO:0008005	HGNC:6859	biolink:causes	1
0.9994686	MONDO:0008061	HGNC:6654	biolink:causes	1
0.9994686	MONDO:0008061	HGNC:6654	biolink:gene_associated_with_condition	1
0.61785394	MONDO:0008078	HGNC:7765	biolink:causes	1
0.97709197	MONDO:0008086	HGNC:11277	biolink:causes	1
0.7532415	MONDO:0008133	HGNC:8142	biolink:causes	1
0.9894873	MONDO:0008209	HGNC:11743	biolink:causes	1
0.9999192	MONDO:0008267	HGNC:25360	biolink:gene_associated_with_condition	1
0.9888076	MONDO:0008275	HGNC:11908	biolink:gene_associated_with_condition	1
0.28790203	MONDO:0008280	HGNC:11389	biolink:causes	1
0.99917394	MONDO:0008322	HGNC:2227	biolink:causes	1
0.98555726	MONDO:0008332	HGNC:4439	biolink:gene_associated_with_condition	1
0.015790822	MONDO:0008340	HGNC:30939	biolink:gene_associated_with_condition	1
0.016024403	MONDO:0008340	HGNC:18603	biolink:gene_associated_with_condition	1
0.75546145	MONDO:0008416	HGNC:18398	biolink:causes	1
0.75546145	MONDO:0008416	HGNC:18398	biolink:gene_associated_with_condition	1
0.9793225	MONDO:0008436	HGNC:1839	biolink:causes	1
0.9634434	MONDO:0008479	HGNC:2200	biolink:causes	1
0.11329933	MONDO:0008483	HGNC:573	biolink:causes	1
0.8908128	MONDO:0008513	HGNC:5136	biolink:causes	1
0.9198048	MONDO:0008521	HGNC:7866	biolink:causes	1
0.32961953	MONDO:0008572	HGNC:10848	biolink:gene_associated_with_condition	1
0.36043188	MONDO:0008572	HGNC:13243	biolink:gene_associated_with_condition	1
0.97850525	MONDO:0008633	HGNC:16400	biolink:gene_associated_with_condition	1
0.48723444	MONDO:0008637	HGNC:25839	biolink:gene_associated_with_condition	1
0.48560315	MONDO:0008637	HGNC:12463	biolink:gene_associated_with_condition	1
0.81217015	MONDO:0008700	HGNC:13243	biolink:gene_associated_with_condition	1
0.92037916	MONDO:0008722	HGNC:90	biolink:gene_associated_with_condition	1
0.5332566	MONDO:0008762	HGNC:2206	biolink:causes	1
0.5332566	MONDO:0008762	HGNC:2206	biolink:gene_associated_with_condition	1
0.9958455	MONDO:0008788	HGNC:16517	biolink:gene_associated_with_condition	1
0.65625405	MONDO:0008846	HGNC:11740	biolink:gene_associated_with_condition	1
0.06745911	MONDO:0008860	HGNC:14412	biolink:causes	1
0.6801617	MONDO:0008879	HGNC:16912	biolink:causes	1
0.99529725	MONDO:0008919	HGNC:10969	biolink:causes	1
0.78022575	MONDO:0008954	HGNC:9719	biolink:causes	1
0.9898065	MONDO:0009008	HGNC:28027	biolink:gene_associated_with_condition	1
0.85514283	MONDO:0009025	HGNC:5209	biolink:causes	1
0.65908515	MONDO:0009055	HGNC:24048	biolink:gene_associated_with_condition	1
0.999783	MONDO:0009135	HGNC:1713	biolink:causes	1
0.99243575	MONDO:0009143	HGNC:8487	biolink:causes	1
0.96304905	MONDO:0009151	HGNC:9706	biolink:gene_associated_with_condition	1
0.8534505	MONDO:0009159	HGNC:2198	biolink:gene_associated_with_condition	1
0.9929594	MONDO:0009210	HGNC:3542	biolink:gene_associated_with_condition	1
0.9999987	MONDO:0009223	HGNC:6584	biolink:gene_associated_with_condition	1
0.76724625	MONDO:0009232	HGNC:12786	biolink:causes	1
0.9786558	MONDO:0009281	HGNC:4189	biolink:gene_associated_with_condition	1
0.97517866	MONDO:0009354	HGNC:7473	biolink:gene_associated_with_condition	1
0.3522668	MONDO:0009366	HGNC:26684	biolink:causes	1
0.9963768	MONDO:0009379	HGNC:10961	biolink:gene_associated_with_condition	1
0.9881941	MONDO:0009393	HGNC:10985	biolink:causes	1
0.9715603	MONDO:0009397	HGNC:1514	biolink:causes	1
0.9715603	MONDO:0009397	HGNC:1514	biolink:gene_associated_with_condition	1
0.9672093	MONDO:0009413	HGNC:1633	biolink:causes	1
0.9523368	MONDO:0009461	HGNC:26532	biolink:gene_associated_with_condition	1
0.95288676	MONDO:0009461	HGNC:2941	biolink:gene_associated_with_condition	1
0.96030366	MONDO:0009475	HGNC:6186	biolink:causes	1
0.92075676	MONDO:0009501	HGNC:10922	biolink:causes	1
0.7985271	MONDO:0009505	HGNC:19708	biolink:causes	1
0.6883241	MONDO:0009558	HGNC:20194	biolink:causes	1
0.99989235	MONDO:0009613	HGNC:18871	biolink:gene_associated_with_condition	1
0.70514345	MONDO:0009617	HGNC:6954	biolink:causes	1
0.9983358	MONDO:0009625	HGNC:8657	biolink:causes	1
0.95608974	MONDO:0009636	HGNC:2858	biolink:causes	1
0.95608974	MONDO:0009636	HGNC:2858	biolink:gene_associated_with_condition	1
0.996639	MONDO:0009653	HGNC:13356	biolink:causes	1
0.99857974	MONDO:0009657	HGNC:26527	biolink:causes	1
0.80929095	MONDO:0009683	HGNC:16380	biolink:causes	1
0.9871258	MONDO:0009706	HGNC:29882	biolink:causes	1
0.8874623	MONDO:0009736	HGNC:8923	biolink:gene_associated_with_condition	1
0.9116914	MONDO:0009821	HGNC:22140	biolink:causes	1
0.21779054	MONDO:0009825	HGNC:8149	biolink:causes	1
0.21779054	MONDO:0009825	HGNC:8149	biolink:gene_associated_with_condition	1
0.99783224	MONDO:0009841	HGNC:12309	biolink:causes	1
0.9998086	MONDO:0009845	HGNC:11594	biolink:gene_associated_with_condition	1
0.9641891	MONDO:0009855	HGNC:5213	biolink:gene_associated_with_condition	1
0.8190982	MONDO:0009877	HGNC:4263	biolink:gene_associated_with_condition	1
0.2680417	MONDO:0009885	HGNC:25240	biolink:causes	1
0.2680417	MONDO:0009885	HGNC:25240	biolink:gene_associated_with_condition	1
0.99233454	MONDO:0009890	HGNC:15672	biolink:causes	1
0.19221507	MONDO:0009902	HGNC:4170	biolink:gene_associated_with_condition	1
0.98415345	MONDO:0009910	HGNC:30074	biolink:gene_associated_with_condition	1
0.77287644	MONDO:0009928	HGNC:11020	biolink:causes	1
0.91505367	MONDO:0009960	HGNC:5331	biolink:contributes_to	1
0.8340023	MONDO:0010000	HGNC:17296	biolink:causes	1
0.9844971	MONDO:0010028	HGNC:23657	biolink:gene_associated_with_condition	1
0.9328598	MONDO:0010043	HGNC:15832	biolink:causes	1
0.99842876	MONDO:0010075	HGNC:17978	biolink:gene_associated_with_condition	1
0.9808204	MONDO:0010089	HGNC:11460	biolink:gene_associated_with_condition	1
0.78814095	MONDO:0010133	HGNC:12015	biolink:causes	1
0.9959474	MONDO:0010160	HGNC:11573	biolink:gene_associated_with_condition	1
0.718715	MONDO:0010169	HGNC:12601	biolink:causes	1
0.75229955	MONDO:0010169	HGNC:26257	biolink:contributes_to	1
0.9965546	MONDO:0010183	HGNC:23038	biolink:gene_associated_with_condition	1
0.57796276	MONDO:0010232	HGNC:3754	biolink:causes	1
0.88612294	MONDO:0010275	HGNC:8768	biolink:gene_associated_with_condition	1
0.9921549	MONDO:0010292	HGNC:3702	biolink:causes	1
0.996673	MONDO:0010361	HGNC:8592	biolink:causes	1
0.876275	MONDO:0010415	HGNC:3702	biolink:causes	1
0.81441927	MONDO:0010441	HGNC:13398	biolink:causes	1
0.81441927	MONDO:0010441	HGNC:13398	biolink:gene_associated_with_condition	1
0.9572368	MONDO:0010465	HGNC:12637	biolink:causes	1
0.034032173	MONDO:0010469	HGNC:18308	biolink:contributes_to	1
0.55117947	MONDO:0010473	HGNC:2063	biolink:gene_associated_with_condition	1
0.9504664	MONDO:0010477	HGNC:11957	biolink:causes	1
0.9504664	MONDO:0010477	HGNC:11957	biolink:gene_associated_with_condition	1
0.41778567	MONDO:0010486	HGNC:15455	biolink:causes	1
0.70980024	MONDO:0010490	HGNC:11326	biolink:gene_associated_with_condition	1
0.9850462	MONDO:0010506	HGNC:13429	biolink:causes	1
0.25246644	MONDO:0010510	HGNC:13486	biolink:causes	1
0.3532328	MONDO:0010514	HGNC:7373	biolink:causes	1
0.9974718	MONDO:0010518	HGNC:12731	biolink:gene_associated_with_condition	1
0.98618144	MONDO:0010526	HGNC:4296	biolink:causes	1
0.9999951	MONDO:0010592	HGNC:17652	biolink:causes	1
0.9999951	MONDO:0010592	HGNC:17652	biolink:gene_associated_with_condition	1
0.99921525	MONDO:0010600	HGNC:2578	biolink:causes	1
0.012943504	MONDO:0010606	HGNC:9091	biolink:causes	1
0.42882597	MONDO:0010610	HGNC:30677	biolink:gene_associated_with_condition	1
0.88022023	MONDO:0010645	HGNC:8108	biolink:gene_associated_with_condition	1
0.8054072	MONDO:0010704	HGNC:3754	biolink:causes	1
0.9707783	MONDO:0010752	HGNC:3583	biolink:causes	1
0.80764437	MONDO:0010780	HGNC:25481	biolink:gene_associated_with_condition	1
0.9905794	MONDO:0010790	HGNC:7490	biolink:gene_associated_with_condition	1
0.86412185	MONDO:0010790	HGNC:7461	biolink:gene_associated_with_condition	1
0.99681515	MONDO:0010790	HGNC:7488	biolink:causes	1
0.82278466	MONDO:0010794	HGNC:7414	biolink:causes	1
0.9443575	MONDO:0010799	HGNC:7497	biolink:causes	1
0.9893311	MONDO:0010803	HGNC:9608	biolink:gene_associated_with_condition	1
0.53739136	MONDO:0010823	HGNC:327	biolink:gene_associated_with_condition	1
0.96301675	MONDO:0010839	HGNC:18083	biolink:causes	1
0.96301675	MONDO:0010839	HGNC:18083	biolink:gene_associated_with_condition	1
0.8268505	MONDO:0010873	HGNC:3330	biolink:causes	1
0.87932616	MONDO:0010877	HGNC:16877	biolink:gene_associated_with_condition	1
0.1568492	MONDO:0010911	HGNC:7010	biolink:gene_associated_with_condition	1
0.23616955	MONDO:0010911	HGNC:358	biolink:gene_associated_with_condition	1
0.7795239	MONDO:0010933	HGNC:8818	biolink:causes	1
0.6328465	MONDO:0010933	HGNC:6256	biolink:causes	1
0.70763904	MONDO:0010962	HGNC:6412	biolink:causes	1
0.52556837	MONDO:0011003	HGNC:10593	biolink:causes	1
0.9829926	MONDO:0011025	HGNC:779	biolink:causes	1
0.9424317	MONDO:0011066	HGNC:7450	biolink:gene_associated_with_condition	1
0.999366	MONDO:0011070	HGNC:13681	biolink:causes	1
0.9754362	MONDO:0011107	HGNC:1762	biolink:causes	1
0.6923737	MONDO:0011144	HGNC:2077	biolink:causes	1
0.99374723	MONDO:0011158	HGNC:11936	biolink:causes	1
0.8752839	MONDO:0011178	HGNC:10596	biolink:gene_associated_with_condition	1
0.9998692	MONDO:0011229	HGNC:23287	biolink:causes	1
0.050346643	MONDO:0011237	HGNC:12593	biolink:contributes_to	1
0.96498144	MONDO:0011291	HGNC:23157	biolink:causes	1
0.75011873	MONDO:0011299	HGNC:9449	biolink:gene_associated_with_condition	1
0.9273146	MONDO:0011335	HGNC:6391	biolink:gene_associated_with_condition	1
0.9417148	MONDO:0011339	HGNC:28984	biolink:causes	1
0.6289672	MONDO:0011397	HGNC:2976	biolink:causes	1
0.6289672	MONDO:0011397	HGNC:2976	biolink:gene_associated_with_condition	1
0.9854394	MONDO:0011436	HGNC:5542	biolink:causes	1
0.9926018	MONDO:0011445	HGNC:11226	biolink:causes	1
0.9623444	MONDO:0011475	HGNC:2135	biolink:gene_associated_with_condition	1
0.92316353	MONDO:0011484	HGNC:12261	biolink:causes	1
0.9108343	MONDO:0011496	HGNC:2200	biolink:causes	1
0.9108343	MONDO:0011496	HGNC:2200	biolink:gene_associated_with_condition	1
0.8979866	MONDO:0011518	HGNC:7132	biolink:gene_associated_with_condition	1
0.71305424	MONDO:0011546	HGNC:18292	biolink:causes	1
0.70468074	MONDO:0011603	HGNC:23657	biolink:causes	1
0.84822685	MONDO:0011629	HGNC:24862	biolink:causes	1
0.99386555	MONDO:0011633	HGNC:18083	biolink:gene_associated_with_condition	1
0.25604415	MONDO:0011713	HGNC:1787	biolink:contributes_to	1
0.8856553	MONDO:0011740	HGNC:10682	biolink:gene_associated_with_condition	1
0.92552024	MONDO:0011740	HGNC:10683	biolink:causes	1
0.92552024	MONDO:0011740	HGNC:10683	biolink:gene_associated_with_condition	1
0.8332487	MONDO:0011756	HGNC:19104	biolink:causes	1
0.9453613	MONDO:0011760	HGNC:5391	biolink:causes	1
0.9453613	MONDO:0011760	HGNC:5391	biolink:gene_associated_with_condition	1
0.9923006	MONDO:0011787	HGNC:17997	biolink:gene_associated_with_condition	1
0.9995484	MONDO:0011822	HGNC:2027	biolink:causes	1
0.039134193	MONDO:0011836	HGNC:17194	biolink:contributes_to	1
0.88458997	MONDO:0011902	HGNC:7739	biolink:gene_associated_with_condition	1
0.8707915	MONDO:0011911	HGNC:10701	biolink:causes	1
0.26956207	MONDO:0011937	HGNC:2481	biolink:causes	1
0.9938116	MONDO:0011945	HGNC:4177	biolink:causes	1
0.9428373	MONDO:0011957	HGNC:9454	biolink:causes	1
0.87467647	MONDO:0011974	HGNC:10254	biolink:causes	1
0.9396783	MONDO:0012075	HGNC:904	biolink:causes	1
0.024001244	MONDO:0012091	HGNC:1718	biolink:causes	1
0.2724205	MONDO:0012127	HGNC:12403	biolink:causes	1
0.8600086	MONDO:0012143	HGNC:11005	biolink:gene_associated_with_condition	1
0.9948009	MONDO:0012156	HGNC:1955	biolink:causes	1
0.67379284	MONDO:0012173	HGNC:4801	biolink:gene_associated_with_condition	1
0.6689695	MONDO:0012193	HGNC:5037	biolink:causes	1
0.6689695	MONDO:0012193	HGNC:5037	biolink:gene_associated_with_condition	1
0.6881015	MONDO:0012197	HGNC:19440	biolink:gene_associated_with_condition	1
0.9856235	MONDO:0012197	HGNC:11727	biolink:gene_associated_with_condition	1
0.9867134	MONDO:0012205	HGNC:8794	biolink:causes	1
0.9424793	MONDO:0012221	HGNC:7631	biolink:gene_associated_with_condition	1
0.31900343	MONDO:0012225	HGNC:28949	biolink:causes	1
0.0013572003	MONDO:0012294	HGNC:2621	biolink:causes	1
0.8219783	MONDO:0012368	HGNC:177	biolink:gene_associated_with_condition	1
0.7710662	MONDO:0012396	HGNC:10922	biolink:causes	1
0.99999046	MONDO:0012400	HGNC:13830	biolink:gene_associated_with_condition	1
0.880119	MONDO:0012413	HGNC:8522	biolink:gene_associated_with_condition	1
0.21410355	MONDO:0012421	HGNC:232	biolink:causes	1
0.97755426	MONDO:0012449	HGNC:8820	biolink:gene_associated_with_condition	1
0.9387593	MONDO:0012453	HGNC:25786	biolink:causes	1
0.7077354	MONDO:0012474	HGNC:1956	biolink:causes	1
0.74920386	MONDO:0012519	HGNC:2348	biolink:gene_associated_with_condition	1
0.16665323	MONDO:0012527	HGNC:9006	biolink:causes	1
0.4276317	MONDO:0012531	HGNC:3435	biolink:causes	1
0.88652575	MONDO:0012539	HGNC:28396	biolink:causes	1
0.8493079	MONDO:0012559	HGNC:29796	biolink:causes	1
0.99772817	MONDO:0012563	HGNC:4318	biolink:causes	1
0.70791876	MONDO:0012588	HGNC:28486	biolink:causes	1
0.810834	MONDO:0012596	HGNC:19129	biolink:causes	1
0.810834	MONDO:0012596	HGNC:19129	biolink:gene_associated_with_condition	1
0.98266107	MONDO:0012604	HGNC:18662	biolink:causes	1
0.6887761	MONDO:0012624	HGNC:21497	biolink:causes	1
0.5711144	MONDO:0012648	HGNC:87	biolink:causes	1
0.91540223	MONDO:0012652	HGNC:27337	biolink:causes	1
0.91540223	MONDO:0012652	HGNC:27337	biolink:gene_associated_with_condition	1
0.8364957	MONDO:0012656	HGNC:8996	biolink:causes	1
0.9929671	MONDO:0012677	HGNC:6242	biolink:causes	1
0.9999331	MONDO:0012689	HGNC:22448	biolink:causes	1
0.8675386	MONDO:0012693	HGNC:4706	biolink:causes	1
0.6051067	MONDO:0012794	HGNC:21863	biolink:gene_associated_with_condition	1
0.0030726122	MONDO:0012834	HGNC:6120	biolink:contributes_to	1
0.96953064	MONDO:0012866	HGNC:21197	biolink:causes	1
0.9850252	MONDO:0012906	HGNC:18744	biolink:causes	1
0.99743253	MONDO:0012930	HGNC:24861	biolink:causes	1
0.58374953	MONDO:0012938	HGNC:10301	biolink:causes	1
0.019255873	MONDO:0012946	HGNC:1754	biolink:causes	1
0.9646032	MONDO:0012982	HGNC:10941	biolink:causes	1
0.8463557	MONDO:0012994	HGNC:11257	biolink:causes	1
0.013562973	MONDO:0013002	HGNC:216	biolink:causes	1
0.9788672	MONDO:0013007	HGNC:25896	biolink:causes	1
0.6000666	MONDO:0013011	HGNC:143	biolink:causes	1
0.7333591	MONDO:0013047	HGNC:6535	biolink:gene_associated_with_condition	1
0.47539452	MONDO:0013052	HGNC:15646	biolink:causes	1
0.988813	MONDO:0013056	HGNC:10982	biolink:gene_associated_with_condition	1
0.99779224	MONDO:0013060	HGNC:9039	biolink:causes	1
0.99779224	MONDO:0013060	HGNC:9039	biolink:gene_associated_with_condition	1
0.6550596	MONDO:0013072	HGNC:17084	biolink:causes	1
0.975392	MONDO:0013111	HGNC:25481	biolink:gene_associated_with_condition	1
0.79153895	MONDO:0013119	HGNC:26521	biolink:causes	1
0.88484234	MONDO:0013127	HGNC:29262	biolink:gene_associated_with_condition	1
0.9870013	MONDO:0013157	HGNC:17997	biolink:causes	1
0.9366896	MONDO:0013173	HGNC:30832	biolink:causes	1
0.85095346	MONDO:0013177	HGNC:6143	biolink:gene_associated_with_condition	1
0.83997107	MONDO:0013181	HGNC:26790	biolink:causes	1
0.1413627	MONDO:0013185	HGNC:11847	biolink:contributes_to	1
0.05181184	MONDO:0013189	HGNC:20297	biolink:causes	1
0.06075193	MONDO:0013193	HGNC:39080	biolink:contributes_to	1
0.7269059	MONDO:0013214	HGNC:10906	biolink:causes	1
0.95794636	MONDO:0013218	HGNC:21641	biolink:causes	1
0.9798323	MONDO:0013222	HGNC:27337	biolink:gene_associated_with_condition	1
0.008714333	MONDO:0013235	HGNC:1101	biolink:contributes_to	1
0.989465	MONDO:0013243	HGNC:5248	biolink:causes	1
0.81851953	MONDO:0013288	HGNC:1698	biolink:causes	1
0.95821065	MONDO:0013342	HGNC:22197	biolink:gene_associated_with_condition	1
0.83039105	MONDO:0013351	HGNC:2375	biolink:gene_associated_with_condition	1
0.89672935	MONDO:0013367	HGNC:31088	biolink:contributes_to	1
0.027484518	MONDO:0013384	HGNC:3178	biolink:contributes_to	1
0.9802632	MONDO:0013388	HGNC:10588	biolink:causes	1
0.9328	MONDO:0013400	HGNC:2590	biolink:causes	1
0.8227295	MONDO:0013404	HGNC:343	biolink:causes	1
0.8979094	MONDO:0013418	HGNC:7590	biolink:causes	1
0.93047863	MONDO:0013426	HGNC:6769	biolink:causes	1
0.93047863	MONDO:0013426	HGNC:6769	biolink:gene_associated_with_condition	1
0.6562674	MONDO:0013460	HGNC:17321	biolink:causes	1
0.82886887	MONDO:0013531	HGNC:9577	biolink:causes	1
0.9978689	MONDO:0013551	HGNC:572	biolink:causes	1
0.8528853	MONDO:0013559	HGNC:8549	biolink:gene_associated_with_condition	1
0.78891945	MONDO:0013559	HGNC:17328	biolink:causes	1
0.61084294	MONDO:0013571	HGNC:1516	biolink:gene_associated_with_condition	1
0.3270319	MONDO:0013588	HGNC:2084	biolink:causes	1
0.9001457	MONDO:0013634	HGNC:888	biolink:causes	1
0.86263996	MONDO:0013642	HGNC:17104	biolink:causes	1
0.08068905	MONDO:0013679	HGNC:6696	biolink:causes	1
0.13683605	MONDO:0013696	HGNC:8008	biolink:contributes_to	1
0.018930826	MONDO:0013729	HGNC:543	biolink:contributes_to	1
0.9527058	MONDO:0013766	HGNC:9066	biolink:gene_associated_with_condition	1
0.94137716	MONDO:0013774	HGNC:23399	biolink:causes	1
0.5233471	MONDO:0013782	HGNC:2553	biolink:gene_associated_with_condition	1
0.93590665	MONDO:0013795	HGNC:2187	biolink:causes	1
0.9336719	MONDO:0013836	HGNC:20233	biolink:gene_associated_with_condition	1
0.5908515	MONDO:0013840	HGNC:2244	biolink:gene_associated_with_condition	1
0.7520066	MONDO:0013864	HGNC:9811	biolink:causes	1
0.008834615	MONDO:0013872	HGNC:14198	biolink:contributes_to	1
0.9986285	MONDO:0013892	HGNC:4888	biolink:gene_associated_with_condition	1
0.99995375	MONDO:0013892	HGNC:24668	biolink:causes	1
0.7075775	MONDO:0013896	HGNC:24519	biolink:causes	1
0.9788739	MONDO:0013912	HGNC:11521	biolink:causes	1
0.9995664	MONDO:0013932	HGNC:9717	biolink:causes	1
0.82965815	MONDO:0013948	HGNC:8858	biolink:causes	1
0.78034246	MONDO:0013964	HGNC:10327	biolink:causes	1
0.9878927	MONDO:0013968	HGNC:8905	biolink:gene_associated_with_condition	1
0.527586	MONDO:0013993	HGNC:7102	biolink:gene_associated_with_condition	1
0.0030883763	MONDO:0014014	HGNC:30578	biolink:causes	1
0.0030883763	MONDO:0014014	HGNC:30578	biolink:gene_associated_with_condition	1
0.99501246	MONDO:0014030	HGNC:26560	biolink:causes	1
0.51370555	MONDO:0014034	HGNC:30778	biolink:causes	1
0.18064487	MONDO:0014042	HGNC:21086	biolink:causes	1
0.36174384	MONDO:0014070	HGNC:23405	biolink:causes	1
0.7575572	MONDO:0014074	HGNC:20731	biolink:gene_associated_with_condition	1
0.9987225	MONDO:0014082	HGNC:6006	biolink:gene_associated_with_condition	1
0.29305094	MONDO:0014086	HGNC:12774	biolink:causes	1
0.92410904	MONDO:0014094	HGNC:24592	biolink:causes	1
0.7717483	MONDO:0014107	HGNC:3762	biolink:causes	1
0.70051086	MONDO:0014115	HGNC:2678	biolink:gene_associated_with_condition	1
0.5905124	MONDO:0014131	HGNC:18621	biolink:causes	1
0.5235758	MONDO:0014135	HGNC:1527	biolink:causes	1
0.61010826	MONDO:0014155	HGNC:10586	biolink:causes	1
0.5021767	MONDO:0014159	HGNC:11276	biolink:gene_associated_with_condition	1
0.34641713	MONDO:0014163	HGNC:7551	biolink:causes	1
0.34837562	MONDO:0014180	HGNC:1090	biolink:gene_associated_with_condition	1
0.030444039	MONDO:0014184	HGNC:26230	biolink:contributes_to	1
0.999905	MONDO:0014192	HGNC:19412	biolink:causes	1
0.79200363	MONDO:0014224	HGNC:4868	biolink:causes	1
0.9950665	MONDO:0014240	HGNC:21056	biolink:causes	1
0.9827344	MONDO:0014244	HGNC:10583	biolink:gene_associated_with_condition	1
0.9594356	MONDO:0014261	HGNC:16088	biolink:causes	1
0.9954058	MONDO:0014269	HGNC:21365	biolink:gene_associated_with_condition	1
0.93567336	MONDO:0014305	HGNC:469	biolink:gene_associated_with_condition	1
0.7837475	MONDO:0014309	HGNC:28209	biolink:gene_associated_with_condition	1
0.97733355	MONDO:0014313	HGNC:3619	biolink:causes	1
0.9721676	MONDO:0014321	HGNC:11356	biolink:causes	1
0.65825397	MONDO:0014341	HGNC:20778	biolink:causes	1
0.99112105	MONDO:0014349	HGNC:16999	biolink:gene_associated_with_condition	1
0.9994475	MONDO:0014361	HGNC:14262	biolink:causes	1
0.88844955	MONDO:0014397	HGNC:21642	biolink:gene_associated_with_condition	1
0.9516538	MONDO:0014401	HGNC:7944	biolink:causes	1
0.99472433	MONDO:0014405	HGNC:27962	biolink:causes	1
0.9652357	MONDO:0014409	HGNC:26988	biolink:causes	1
0.0037852398	MONDO:0014425	HGNC:317	biolink:causes	1
0.0037852398	MONDO:0014425	HGNC:317	biolink:gene_associated_with_condition	1
0.9145502	MONDO:0014429	HGNC:5439	biolink:causes	1
0.71351886	MONDO:0014449	HGNC:399	biolink:gene_associated_with_condition	1
0.8747054	MONDO:0014466	HGNC:19129	biolink:causes	1
0.8747054	MONDO:0014466	HGNC:19129	biolink:gene_associated_with_condition	1
0.9721282	MONDO:0014487	HGNC:17341	biolink:gene_associated_with_condition	1
0.97478	MONDO:0014503	HGNC:25613	biolink:causes	1
0.99902976	MONDO:0014507	HGNC:20324	biolink:gene_associated_with_condition	1
0.046760686	MONDO:0014535	HGNC:6081	biolink:causes	1
0.82422537	MONDO:0014539	HGNC:18688	biolink:causes	1
0.6230365	MONDO:0014552	HGNC:19181	biolink:gene_associated_with_condition	1
0.9999958	MONDO:0014556	HGNC:19082	biolink:gene_associated_with_condition	1
0.8298386	MONDO:0014572	HGNC:11071	biolink:causes	1
0.0064827357	MONDO:0014580	HGNC:3010	biolink:causes	1
0.5564074	MONDO:0014596	HGNC:1774	biolink:causes	1
0.7538293	MONDO:0014612	HGNC:8609	biolink:causes	1
0.72443	MONDO:0014620	HGNC:25705	biolink:causes	1
0.99234265	MONDO:0014637	HGNC:2988	biolink:causes	1
0.99234265	MONDO:0014637	HGNC:2988	biolink:gene_associated_with_condition	1
0.46682614	MONDO:0014641	HGNC:11584	biolink:causes	1
0.62777704	MONDO:0014645	HGNC:16393	biolink:causes	1
0.33531868	MONDO:0014649	HGNC:26114	biolink:causes	1
0.9998512	MONDO:0014657	HGNC:21054	biolink:causes	1
0.07744254	MONDO:0014661	HGNC:9069	biolink:causes	1
0.79162693	MONDO:0014665	HGNC:7632	biolink:gene_associated_with_condition	1
0.4991326	MONDO:0014677	HGNC:791	biolink:causes	1
0.7856097	MONDO:0014685	HGNC:6638	biolink:gene_associated_with_condition	1
0.8975832	MONDO:0014693	HGNC:6742	biolink:causes	1
0.89483	MONDO:0014705	HGNC:12872	biolink:causes	1
0.9990982	MONDO:0014717	HGNC:13993	biolink:gene_associated_with_condition	1
0.0847181	MONDO:0014738	HGNC:6343	biolink:causes	1
0.81722707	MONDO:0014742	HGNC:21645	biolink:causes	1
0.95678174	MONDO:0014754	HGNC:2244	biolink:causes	1
0.43410173	MONDO:0014766	HGNC:29515	biolink:causes	1
0.99993336	MONDO:0014772	HGNC:2917	biolink:causes	1
0.98158103	MONDO:0014797	HGNC:28993	biolink:causes	1
0.98158103	MONDO:0014797	HGNC:28993	biolink:gene_associated_with_condition	1
0.72803825	MONDO:0014822	HGNC:7001	biolink:gene_associated_with_condition	1
0.9984439	MONDO:0014830	HGNC:32689	biolink:causes	1
0.9938512	MONDO:0014850	HGNC:17341	biolink:causes	1
0.91978073	MONDO:0014875	HGNC:1395	biolink:causes	1
0.8024193	MONDO:0014883	HGNC:3756	biolink:causes	1
0.9847941	MONDO:0014887	HGNC:27030	biolink:causes	1
0.7913243	MONDO:0014896	HGNC:12310	biolink:causes	1
0.7913243	MONDO:0014896	HGNC:12310	biolink:gene_associated_with_condition	1
0.82545215	MONDO:0014900	HGNC:29456	biolink:gene_associated_with_condition	1
0.7755395	MONDO:0014948	HGNC:649	biolink:gene_associated_with_condition	1
0.86052656	MONDO:0014977	HGNC:22954	biolink:causes	1
0.9842934	MONDO:0014994	HGNC:12933	biolink:causes	1
0.40558454	MONDO:0014998	HGNC:11724	biolink:causes	1
0.56597555	MONDO:0015010	HGNC:4313	biolink:gene_associated_with_condition	1
0.009784319	MONDO:0015054	HGNC:1228	biolink:gene_associated_with_condition	1
0.61742175	MONDO:0015096	HGNC:3662	biolink:gene_associated_with_condition	1
0.7818004	MONDO:0015096	HGNC:3694	biolink:gene_associated_with_condition	1
0.007946147	MONDO:0015268	HGNC:11630	biolink:gene_associated_with_condition	1
0.8599319	MONDO:0015278	HGNC:6770	biolink:causes	1
0.8599319	MONDO:0015278	HGNC:6770	biolink:gene_associated_with_condition	1
0.79253566	MONDO:0015278	HGNC:1787	biolink:gene_associated_with_condition	1
0.75094706	MONDO:0015278	HGNC:11998	biolink:gene_associated_with_condition	1
0.763945	MONDO:0015278	HGNC:6407	biolink:causes	1
0.073959254	MONDO:0015278	HGNC:1101	biolink:gene_associated_with_condition	1
0.98184067	MONDO:0015300	HGNC:2398	biolink:gene_associated_with_condition	1
0.93303865	MONDO:0015300	HGNC:2410	biolink:gene_associated_with_condition	1
0.0042934865	MONDO:0015351	HGNC:4285	biolink:gene_associated_with_condition	1
0.6819037	MONDO:0015519	HGNC:3260	biolink:gene_associated_with_condition	1
0.7031897	MONDO:0015519	HGNC:3259	biolink:gene_associated_with_condition	1
0.6473094	MONDO:0016103	HGNC:27337	biolink:gene_associated_with_condition	1
0.036638957	MONDO:0016242	HGNC:4827	biolink:gene_associated_with_condition	1
0.0070398524	MONDO:0016268	HGNC:3430	biolink:gene_associated_with_condition	1
0.796992	MONDO:0016302	HGNC:18292	biolink:gene_associated_with_condition	1
0.96278524	MONDO:0016355	HGNC:4165	biolink:gene_associated_with_condition	1
0.71349186	MONDO:0016369	HGNC:9949	biolink:causes	1
0.04845147	MONDO:0016476	HGNC:1786	biolink:gene_associated_with_condition	1
0.011970361	MONDO:0016598	HGNC:1093	biolink:gene_associated_with_condition	1
0.8458853	MONDO:0016672	HGNC:4827	biolink:gene_associated_with_condition	1
0.97326434	MONDO:0016672	HGNC:4831	biolink:gene_associated_with_condition	1
0.5887023	MONDO:0016705	HGNC:7545	biolink:gene_associated_with_condition	1
0.011487675	MONDO:0016710	HGNC:16466	biolink:gene_associated_with_condition	1
0.8111042	MONDO:0016783	HGNC:14665	biolink:gene_associated_with_condition	1
0.53542155	MONDO:0016783	HGNC:14575	biolink:gene_associated_with_condition	1
0.9608345	MONDO:0016856	HGNC:14881	biolink:gene_associated_with_condition	1
0.31403396	MONDO:0017049	HGNC:18712	biolink:gene_associated_with_condition	1
0.62992835	MONDO:0017049	HGNC:8011	biolink:gene_associated_with_condition	1
0.8005006	MONDO:0017053	HGNC:987	biolink:gene_associated_with_condition	1
0.2595242	MONDO:0017116	HGNC:7208	biolink:gene_associated_with_condition	1
0.99145305	MONDO:0017173	HGNC:21675	biolink:gene_associated_with_condition	1
0.51468164	MONDO:0017173	HGNC:14468	biolink:gene_associated_with_condition	1
0.4491461	MONDO:0017173	HGNC:13485	biolink:gene_associated_with_condition	1
0.9998739	MONDO:0017173	HGNC:26684	biolink:gene_associated_with_condition	1
0.9928052	MONDO:0017173	HGNC:28506	biolink:gene_associated_with_condition	1
0.7698785	MONDO:0017177	HGNC:8975	biolink:gene_associated_with_condition	1
0.62364	MONDO:0017225	HGNC:9086	biolink:gene_associated_with_condition	1
0.6269419	MONDO:0017376	HGNC:4932	biolink:gene_associated_with_condition	1
0.73475784	MONDO:0017403	HGNC:6636	biolink:gene_associated_with_condition	1
0.83903456	MONDO:0017403	HGNC:11769	biolink:gene_associated_with_condition	1
0.59070194	MONDO:0017407	HGNC:7795	biolink:gene_associated_with_condition	1
0.03751049	MONDO:0017697	HGNC:4180	biolink:gene_associated_with_condition	1
0.0049424344	MONDO:0017945	HGNC:620	biolink:gene_associated_with_condition	1
0.602994	MONDO:0018112	HGNC:450	biolink:gene_associated_with_condition	1
0.019459067	MONDO:0018136	HGNC:12442	biolink:gene_associated_with_condition	1
0.8163135	MONDO:0018144	HGNC:4241	biolink:gene_associated_with_condition	1
0.001636219	MONDO:0018254	HGNC:10303	biolink:gene_associated_with_condition	1
0.88731045	MONDO:0018280	HGNC:2666	biolink:gene_associated_with_condition	1
0.613012	MONDO:0018332	HGNC:3481	biolink:gene_associated_with_condition	1
0.84470856	MONDO:0018332	HGNC:3483	biolink:gene_associated_with_condition	1
0.9186007	MONDO:0018336	HGNC:5466	biolink:gene_associated_with_condition	1
0.76423204	MONDO:0018419	HGNC:25712	biolink:gene_associated_with_condition	1
0.65954614	MONDO:0018656	HGNC:30074	biolink:gene_associated_with_condition	1
0.9964311	MONDO:0018816	HGNC:18141	biolink:gene_associated_with_condition	1
0.8572592	MONDO:0018877	HGNC:9940	biolink:gene_associated_with_condition	1
0.99948335	MONDO:0018931	HGNC:29670	biolink:gene_associated_with_condition	1
0.9596361	MONDO:0019310	HGNC:2214	biolink:gene_associated_with_condition	1
0.0132516585	MONDO:0019333	HGNC:59	biolink:gene_associated_with_condition	1
0.6495428	MONDO:0019428	HGNC:560	biolink:gene_associated_with_condition	1
0.35183725	MONDO:0019505	HGNC:30348	biolink:gene_associated_with_condition	1
0.28841323	MONDO:0019505	HGNC:30074	biolink:gene_associated_with_condition	1
0.40851918	MONDO:0019597	HGNC:2570	biolink:gene_associated_with_condition	1
0.815825	MONDO:0019635	HGNC:4942	biolink:gene_associated_with_condition	1
0.00922305	MONDO:0019644	HGNC:11630	biolink:gene_associated_with_condition	1
0.50479853	MONDO:0019666	HGNC:8604	biolink:gene_associated_with_condition	1
0.52089953	MONDO:0019767	HGNC:9330	biolink:gene_associated_with_condition	1
0.76048946	MONDO:0019855	HGNC:2488	biolink:gene_associated_with_condition	1
0.53378767	MONDO:0019855	HGNC:8818	biolink:gene_associated_with_condition	1
0.71812093	MONDO:0019855	HGNC:12373	biolink:gene_associated_with_condition	1
0.73031694	MONDO:0019896	HGNC:24650	biolink:gene_associated_with_condition	1
0.7395804	MONDO:0020316	HGNC:1539	biolink:gene_associated_with_condition	1
0.74548227	MONDO:0020316	HGNC:3765	biolink:gene_associated_with_condition	1
0.7375397	MONDO:0020320	HGNC:6342	biolink:gene_associated_with_condition	1
0.38848832	MONDO:0020320	HGNC:7910	biolink:gene_associated_with_condition	1
0.68789804	MONDO:0020345	HGNC:329	biolink:gene_associated_with_condition	1
0.91454697	MONDO:0020345	HGNC:10936	biolink:gene_associated_with_condition	1
0.44735777	MONDO:0020345	HGNC:7608	biolink:gene_associated_with_condition	1
0.5602483	MONDO:0020345	HGNC:10979	biolink:gene_associated_with_condition	1
0.8441577	MONDO:0020378	HGNC:7103	biolink:gene_associated_with_condition	1
0.4895289	MONDO:0020494	HGNC:3681	biolink:gene_associated_with_condition	1
0.022535618	MONDO:0020614	HGNC:6722	biolink:causes	1
0.96637136	MONDO:0020631	HGNC:4082	biolink:causes	1
0.988214	MONDO:0020692	HGNC:2909	biolink:causes	1
0.5565447	MONDO:0020715	HGNC:25223	biolink:contributes_to	1
0.9646063	MONDO:0020745	HGNC:2488	biolink:causes	1
0.99528414	MONDO:0020745	HGNC:11167	biolink:causes	1
0.99835914	MONDO:0020745	HGNC:6251	biolink:causes	1
0.8846333	MONDO:0020745	HGNC:6501	biolink:causes	1
0.9871263	MONDO:0020745	HGNC:10446	biolink:causes	1
0.9687543	MONDO:0020745	HGNC:17993	biolink:causes	1
0.9631866	MONDO:0020745	HGNC:493	biolink:causes	1
0.9979074	MONDO:0020745	HGNC:10593	biolink:causes	1
0.8118693	MONDO:0020745	HGNC:1449	biolink:causes	1
0.9828524	MONDO:0020745	HGNC:11949	biolink:causes	1
0.9781919	MONDO:0020745	HGNC:6229	biolink:causes	1
0.9391603	MONDO:0020745	HGNC:494	biolink:causes	1
0.9883257	MONDO:0020745	HGNC:19661	biolink:causes	1
0.97593063	MONDO:0020749	HGNC:17761	biolink:causes	1
0.6108245	MONDO:0020769	HGNC:3373	biolink:causes	1
0.13919018	MONDO:0020788	HGNC:799	biolink:causes	1
0.9889577	MONDO:0021093	HGNC:13556	biolink:causes	1
0.38024494	MONDO:0021427	HGNC:9588	biolink:gene_associated_with_condition	1
0.16611297	MONDO:0021573	HGNC:20773	biolink:causes	1
0.71303624	MONDO:0024457	HGNC:9039	biolink:causes	1
0.71303624	MONDO:0024457	HGNC:9039	biolink:gene_associated_with_condition	1
0.9575416	MONDO:0024541	HGNC:23639	biolink:causes	1
0.9293231	MONDO:0024553	HGNC:15508	biolink:causes	1
0.57933336	MONDO:0024557	HGNC:7230	biolink:causes	1
0.57933336	MONDO:0024557	HGNC:7230	biolink:gene_associated_with_condition	1
0.6848122	MONDO:0025690	HGNC:24877	biolink:causes	1
0.8961317	MONDO:0025708	HGNC:7569	biolink:causes	1
0.5055747	MONDO:0026729	HGNC:28880	biolink:causes	1
0.49025637	MONDO:0026733	HGNC:29873	biolink:causes	1
0.7502113	MONDO:0026777	HGNC:12469	biolink:gene_associated_with_condition	1
0.99470985	MONDO:0029140	HGNC:14937	biolink:causes	1
0.0056048436	MONDO:0029144	HGNC:10719	biolink:causes	1
0.9999883	MONDO:0029148	HGNC:21675	biolink:causes	1
0.9015587	MONDO:0030006	HGNC:21020	biolink:gene_associated_with_condition	1
0.84091616	MONDO:0030045	HGNC:8999	biolink:causes	1
0.88956606	MONDO:0030055	HGNC:11184	biolink:causes	1
0.9452467	MONDO:0030072	HGNC:6970	biolink:causes	1
0.8720536	MONDO:0030332	HGNC:17209	biolink:causes	1
0.00654387	MONDO:0030366	HGNC:14202	biolink:causes	1
0.9969869	MONDO:0030378	HGNC:26799	biolink:causes	1
0.9996877	MONDO:0030457	HGNC:2760	biolink:causes	1
0.93726456	MONDO:0030681	HGNC:6021	biolink:causes	1
0.87789565	MONDO:0030692	HGNC:18873	biolink:causes	1
0.9984471	MONDO:0030729	HGNC:4787	biolink:causes	1
0.65823007	MONDO:0030785	HGNC:16491	biolink:causes	1
0.9565216	MONDO:0030839	HGNC:2883	biolink:causes	1
0.99999344	MONDO:0030890	HGNC:13998	biolink:causes	1
0.03912009	MONDO:0030905	HGNC:33939	biolink:causes	1
0.25086775	MONDO:0030921	HGNC:21042	biolink:causes	1
0.3831675	MONDO:0030967	HGNC:6215	biolink:causes	1
0.97136486	MONDO:0030971	HGNC:12016	biolink:causes	1
0.8002488	MONDO:0031057	HGNC:12441	biolink:causes	1
0.7092031	MONDO:0031084	HGNC:14530	biolink:causes	1
0.49173144	MONDO:0031446	HGNC:11828	biolink:causes	1
0.77344304	MONDO:0031446	HGNC:10905	biolink:gene_associated_with_condition	1
0.9655173	MONDO:0032570	HGNC:694	biolink:causes	1
0.9704339	MONDO:0032578	HGNC:2510	biolink:causes	1
0.41839263	MONDO:0032604	HGNC:17211	biolink:causes	1
0.8429509	MONDO:0032612	HGNC:7717	biolink:causes	1
0.9214773	MONDO:0032624	HGNC:26927	biolink:causes	1
0.8881652	MONDO:0032636	HGNC:7690	biolink:causes	1
0.6143173	MONDO:0032646	HGNC:8001	biolink:causes	1
0.96890455	MONDO:0032650	HGNC:17258	biolink:causes	1
0.0332148	MONDO:0032655	HGNC:6897	biolink:causes	1
0.19824976	MONDO:0032659	HGNC:9955	biolink:causes	1
0.8909323	MONDO:0032684	HGNC:9177	biolink:causes	1
0.88728255	MONDO:0032692	HGNC:29914	biolink:causes	1
0.95899934	MONDO:0032724	HGNC:17085	biolink:causes	1
0.9999248	MONDO:0032748	HGNC:23045	biolink:causes	1
0.9951147	MONDO:0032752	HGNC:30563	biolink:causes	1
0.93680614	MONDO:0032757	HGNC:24846	biolink:causes	1
0.8438569	MONDO:0032783	HGNC:17985	biolink:causes	1
0.7386952	MONDO:0032787	HGNC:7877	biolink:causes	1
0.9819343	MONDO:0032799	HGNC:9180	biolink:causes	1
0.86452776	MONDO:0032815	HGNC:16352	biolink:causes	1
0.97142744	MONDO:0032819	HGNC:12299	biolink:gene_associated_with_condition	1
0.88495415	MONDO:0032849	HGNC:17052	biolink:causes	1
0.93242013	MONDO:0032853	HGNC:164	biolink:causes	1
0.92325234	MONDO:0032874	HGNC:3816	biolink:causes	1
0.7295855	MONDO:0032882	HGNC:2978	biolink:causes	1
0.7295855	MONDO:0032882	HGNC:2978	biolink:gene_associated_with_condition	1
0.9977381	MONDO:0032886	HGNC:6284	biolink:gene_associated_with_condition	1
0.7148121	MONDO:0032894	HGNC:19943	biolink:causes	1
0.99361163	MONDO:0032898	HGNC:26293	biolink:causes	1
0.86743885	MONDO:0032906	HGNC:8756	biolink:causes	1
0.86743885	MONDO:0032906	HGNC:8756	biolink:gene_associated_with_condition	1
0.9982418	MONDO:0032922	HGNC:28313	biolink:causes	1
0.36368883	MONDO:0032936	HGNC:4023	biolink:causes	1
0.89777386	MONDO:0033008	HGNC:16197	biolink:causes	1
0.45518866	MONDO:0033116	HGNC:12828	biolink:causes	1
0.64993024	MONDO:0033202	HGNC:25966	biolink:causes	1
0.9986393	MONDO:0033308	HGNC:20730	biolink:causes	1
0.36583233	MONDO:0033363	HGNC:5048	biolink:causes	1
0.0037962857	MONDO:0033482	HGNC:14957	biolink:gene_associated_with_condition	1
0.60014886	MONDO:0033534	HGNC:14509	biolink:causes	1
0.030188436	MONDO:0033543	HGNC:17283	biolink:causes	1
0.8432578	MONDO:0033547	HGNC:17933	biolink:causes	1
0.95423716	MONDO:0033556	HGNC:3007	biolink:causes	1
0.7987917	MONDO:0033564	HGNC:13862	biolink:causes	1
0.83248246	MONDO:0033620	HGNC:11480	biolink:causes	1
0.92761016	MONDO:0033669	HGNC:6871	biolink:causes	1
0.03938381	MONDO:0033980	HGNC:28449	biolink:gene_associated_with_condition	1
0.03382925	MONDO:0033980	HGNC:9955	biolink:gene_associated_with_condition	1
0.451047	MONDO:0034991	HGNC:11992	biolink:gene_associated_with_condition	1
0.20061314	MONDO:0035320	HGNC:2592	biolink:gene_associated_with_condition	1
0.003033578	MONDO:0035555	HGNC:4173	biolink:gene_associated_with_condition	1
0.038561072	MONDO:0035648	HGNC:2933	biolink:gene_associated_with_condition	1
0.78993434	MONDO:0035940	HGNC:3765	biolink:gene_associated_with_condition	1
0.8320197	MONDO:0036212	HGNC:26222	biolink:causes	1
0.8320197	MONDO:0036212	HGNC:26222	biolink:gene_associated_with_condition	1
0.6385893	MONDO:0042979	HGNC:1397	biolink:causes	1
0.91150284	MONDO:0044204	HGNC:11301	biolink:causes	1
0.37855557	MONDO:0044222	HGNC:18149	biolink:causes	1
0.005305525	MONDO:0044282	HGNC:44204	biolink:causes	1
0.8275352	MONDO:0044300	HGNC:7326	biolink:causes	1
0.8275352	MONDO:0044300	HGNC:7326	biolink:gene_associated_with_condition	1
0.28069365	MONDO:0044313	HGNC:11546	biolink:causes	1
0.8260218	MONDO:0044317	HGNC:7328	biolink:causes	1
0.9981489	MONDO:0044321	HGNC:20185	biolink:gene_associated_with_condition	1
0.95354426	MONDO:0044646	HGNC:11581	biolink:causes	1
0.7303479	MONDO:0044651	HGNC:11582	biolink:gene_associated_with_condition	1
0.009815479	MONDO:0044657	HGNC:7154	biolink:gene_associated_with_condition	1
0.9820755	MONDO:0044714	HGNC:29678	biolink:causes	1
0.9870956	MONDO:0044718	HGNC:16066	biolink:causes	1
0.9870956	MONDO:0044718	HGNC:16066	biolink:gene_associated_with_condition	1
0.84305525	MONDO:0044723	HGNC:14348	biolink:gene_associated_with_condition	1
0.7547634	MONDO:0044792	HGNC:427	biolink:gene_associated_with_condition	1
0.8099817	MONDO:0044792	HGNC:5173	biolink:causes	1
0.91866416	MONDO:0054559	HGNC:6546	biolink:causes	1
0.712903	MONDO:0054573	HGNC:4851	biolink:causes	1
0.88319665	MONDO:0054696	HGNC:9956	biolink:causes	1
0.94538987	MONDO:0054780	HGNC:11274	biolink:causes	1
0.9042393	MONDO:0060556	HGNC:15808	biolink:gene_associated_with_condition	1
0.9999447	MONDO:0060631	HGNC:26953	biolink:gene_associated_with_condition	1
0.0031499597	MONDO:0060663	HGNC:15802	biolink:causes	1
0.75617874	MONDO:0060702	HGNC:25640	biolink:causes	1
0.89026666	MONDO:0100101	HGNC:6814	biolink:gene_associated_with_condition	1
0.31863305	MONDO:0100101	HGNC:19349	biolink:gene_associated_with_condition	1
0.7764509	MONDO:0100119	HGNC:8591	biolink:causes	1
0.15162162	MONDO:0100180	HGNC:8618	biolink:contributes_to	1
0.883104	MONDO:0100186	HGNC:4193	biolink:gene_associated_with_condition	1
0.0013702268	MONDO:0100289	HGNC:7974	biolink:gene_associated_with_condition	1
0.80297214	MONDO:0100340	HGNC:3951	biolink:causes	1
0.9615842	MONDO:0100354	HGNC:7569	biolink:gene_associated_with_condition	1
0.96612054	MONDO:0100354	HGNC:145	biolink:gene_associated_with_condition	1
0.9217515	MONDO:0100533	HGNC:2202	biolink:contributes_to	1
0.011355899	MONDO:0600030	HGNC:11633	biolink:gene_associated_with_condition	1
0.005598102	MONDO:0600030	HGNC:8632	biolink:gene_associated_with_condition	1
0.9830009	MONDO:0700250	HGNC:10603	biolink:causes	1
0.9288492	MONDO:0700250	HGNC:24316	biolink:causes	1
0.99842167	MONDO:0700250	HGNC:2260	biolink:causes	1
0.965023	MONDO:0700250	HGNC:10604	biolink:causes	1
0.005171726	MONDO:0700298	HGNC:25221	biolink:causes	1
0.7687627	MONDO:0800029	HGNC:33	biolink:gene_associated_with_condition	1
0.47625202	MONDO:0800029	HGNC:13552	biolink:gene_associated_with_condition	1
0.9759194	MONDO:0800029	HGNC:10799	biolink:gene_associated_with_condition	1
0.5534534	MONDO:0800029	HGNC:26200	biolink:gene_associated_with_condition	1
0.589864	MONDO:0800029	HGNC:7516	biolink:gene_associated_with_condition	1
0.89084375	MONDO:0800029	HGNC:11730	biolink:causes	1
0.8125554	MONDO:0800046	HGNC:30972	biolink:causes	1
0.8936215	MONDO:0800130	HGNC:19383	biolink:causes	1
0.9947337	MONDO:0800167	HGNC:2195	biolink:causes	1
0.6919153	MONDO:0800452	HGNC:11795	biolink:gene_associated_with_condition	1
0.02366585	MONDO:0850078	HGNC:26219	biolink:gene_associated_with_condition	1
0.66843516	MONDO:0859086	HGNC:3670	biolink:causes	1
0.69954705	MONDO:0859171	HGNC:10061	biolink:causes	1
0.9998147	MONDO:0859187	HGNC:2021	biolink:causes	1
0.9687066	MONDO:0859276	HGNC:9369	biolink:causes	1
0.99998975	MONDO:0859295	HGNC:24270	biolink:causes	1
0.91565067	MONDO:0859304	HGNC:6556	biolink:causes	1
0.99985814	MONDO:0859312	HGNC:1162	biolink:causes	1
0.660112	MONDO:0859338	HGNC:29350	biolink:causes	1
0.9999033	MONDO:0859379	HGNC:17754	biolink:causes	1
0.9902636	MONDO:0859520	HGNC:2261	biolink:causes	1
0.18742518	MONDO:0859568	HGNC:11891	biolink:causes	1
0.99996257	MONDO:0859572	HGNC:17111	biolink:causes	1
0.8928437	MONDO:0957268	HGNC:10993	biolink:causes	1
0.9984763	MONDO:0957284	HGNC:11948	biolink:causes	1
0.011454949	MONDO:0957303	HGNC:6412	biolink:causes	1
0.97867626	MONDO:0957388	HGNC:1542	biolink:causes	1
0.7701772	MONDO:0957577	HGNC:9280	biolink:causes	1
0.8763955	MONDO:0957584	HGNC:14967	biolink:causes	1
0.6367643	MONDO:0957815	HGNC:11273	biolink:causes	1
0.99926513	MONDO:0957922	HGNC:26383	biolink:causes	1
0.5702756	MONDO:0958071	HGNC:12630	biolink:causes	1
0.0026124204	MONDO:0958129	HGNC:2244	biolink:gene_associated_with_condition	1
0.3288219	MONDO:0958176	HGNC:8565	biolink:causes	1
0.706096	MONDO:0958180	HGNC:10004	biolink:causes	1
0.39054415	MONDO:0958189	HGNC:16466	biolink:causes	1
0.96619093	MONDO:0958236	HGNC:2213	biolink:causes	1
0.62187576	MONDO:0958325	HGNC:23657	biolink:causes	1
0.9091467	MONDO:0958334	HGNC:1481	biolink:causes	1
0.34273434	MONDO:0958354	HGNC:4510	biolink:gene_associated_with_condition	1
0.68189096	MONDO:0958354	HGNC:2907	biolink:gene_associated_with_condition	1
0.9140969	MONDO:0971001	HGNC:9538	biolink:causes	1
0.006438804	MONDO:0971064	HGNC:17811	biolink:gene_associated_with_condition	1
1.0	MONDO:0971172	HGNC:10193	biolink:causes	1
1.0	MONDO:0971172	HGNC:10193	biolink:gene_associated_with_condition	1
0.9899333	MONDO:0971176	HGNC:28460	biolink:causes	1
0.95282054	MONDO:0975757	HGNC:4379	biolink:gene_associated_with_condition	1
0.0010136295	MONDO:0975795	HGNC:20759	biolink:causes	1
0.0070820427	MONDO:0975835	HGNC:15939	biolink:causes	1
0.99780756	MONDO:0975843	HGNC:30705	biolink:causes	1
0.0056210062	MONDO:0976128	HGNC:12624	biolink:contributes_to	1
0.026899058	MONDO:0976232	HGNC:2673	biolink:causes	1
0.012198038	MONDO:0976265	HGNC:26933	biolink:causes	1
0.011729512	MONDO:0976269	HGNC:29077	biolink:causes	1
0.98526645	MONDO:1040033	HGNC:17997	biolink:gene_associated_with_condition	1
0.73287356	MONDO:8000011	HGNC:3754	biolink:gene_associated_with_condition	1
0.8116235	MONDO:8000015	HGNC:17210	biolink:gene_associated_with_condition	1
0.37855557	HGNC:18149	MONDO:0044222	biolink:causes	1
0.8854747	HGNC:23	MONDO:0013166	biolink:gene_associated_with_condition	1
0.9236647	HGNC:57	MONDO:0013768	biolink:causes	1
0.98263067	HGNC:57	MONDO:0008333	biolink:causes	1
0.6144438	HGNC:57	MONDO:0008377	biolink:causes	1
0.9985623	HGNC:60	MONDO:0009406	biolink:causes	1
0.9831498	HGNC:13886	MONDO:0020748	biolink:causes	1
0.92037916	HGNC:90	MONDO:0008722	biolink:gene_associated_with_condition	1
0.9870956	HGNC:16066	MONDO:0044718	biolink:causes	1
0.9870956	HGNC:16066	MONDO:0044718	biolink:gene_associated_with_condition	1
0.7238998	HGNC:27288	MONDO:0013661	biolink:gene_associated_with_condition	1
0.8985267	HGNC:132	MONDO:0014343	biolink:causes	1
0.78993344	HGNC:132	MONDO:0011823	biolink:gene_associated_with_condition	1
0.86359805	HGNC:132	MONDO:0975754	biolink:gene_associated_with_condition	1
0.6000666	HGNC:143	MONDO:0013011	biolink:causes	1
0.58591795	HGNC:143	MONDO:0008542	biolink:causes	1
0.93242013	HGNC:164	MONDO:0032853	biolink:causes	1
0.8764951	HGNC:164	MONDO:0012808	biolink:causes	1
0.8219783	HGNC:177	MONDO:0012368	biolink:gene_associated_with_condition	1
1.0	HGNC:186	MONDO:0007064	biolink:gene_associated_with_condition	1
0.91888887	HGNC:13201	MONDO:0014343	biolink:causes	1
0.99996257	HGNC:17111	MONDO:0859572	biolink:causes	1
0.7398648	HGNC:225	MONDO:0007483	biolink:gene_associated_with_condition	1
0.96608067	HGNC:236	MONDO:0800028	biolink:causes	1
0.96608067	HGNC:236	MONDO:0800028	biolink:gene_associated_with_condition	1
0.8474453	HGNC:13839	MONDO:0008377	biolink:causes	1
0.42516935	HGNC:4516	MONDO:0010511	biolink:causes	1
0.9998865	HGNC:13841	MONDO:0014670	biolink:causes	1
0.9111335	HGNC:17416	MONDO:0008377	biolink:causes	1
0.99810934	HGNC:15766	MONDO:0014379	biolink:causes	1
0.23105752	HGNC:285	MONDO:0020786	biolink:causes	1
0.8910011	HGNC:291	MONDO:0007068	biolink:gene_associated_with_condition	1
0.83337337	HGNC:26147	MONDO:0008377	biolink:causes	1
1.0	HGNC:25230	MONDO:0014358	biolink:causes	1
0.6812	HGNC:392	MONDO:0009416	biolink:gene_associated_with_condition	1
0.99566394	HGNC:23159	MONDO:0014543	biolink:causes	1
0.96498144	HGNC:23157	MONDO:0011291	biolink:causes	1
0.001550901	HGNC:437	MONDO:0035370	biolink:gene_associated_with_condition	1
0.93150514	HGNC:3513	MONDO:0014343	biolink:causes	1
0.9738505	HGNC:3535	MONDO:0013361	biolink:gene_associated_with_condition	1
0.6992326	HGNC:3546	MONDO:0015787	biolink:gene_associated_with_condition	1
0.009750224	HGNC:3551	MONDO:0026768	biolink:contributes_to	1
0.8913839	HGNC:3531	MONDO:0008559	biolink:contributes_to	1
0.9116914	HGNC:22140	MONDO:0009821	biolink:causes	1
0.9992473	HGNC:3587	MONDO:0009215	biolink:causes	1
0.8320197	HGNC:26222	MONDO:0036212	biolink:causes	1
0.8320197	HGNC:26222	MONDO:0036212	biolink:gene_associated_with_condition	1
0.89735764	HGNC:26222	MONDO:0014343	biolink:causes	1
0.8432984	HGNC:26222	MONDO:0014510	biolink:causes	1
0.79549414	HGNC:21062	MONDO:0013986	biolink:causes	1
0.79549414	HGNC:21062	MONDO:0013986	biolink:gene_associated_with_condition	1
0.4491028	HGNC:21062	MONDO:0014882	biolink:gene_associated_with_condition	1
0.99374723	HGNC:11936	MONDO:0011158	biolink:causes	1
0.37199473	HGNC:29160	MONDO:0030020	biolink:causes	1
0.9799769	HGNC:3603	MONDO:0008426	biolink:gene_associated_with_condition	1
0.9831486	HGNC:3603	MONDO:0007363	biolink:causes	1
0.6997413	HGNC:3603	MONDO:0008542	biolink:causes	1
0.885116	HGNC:3603	MONDO:0011431	biolink:causes	1
0.99999344	HGNC:13601	MONDO:0014198	biolink:gene_associated_with_condition	1
0.9195696	HGNC:3663	MONDO:0014343	biolink:causes	1
0.66843516	HGNC:3670	MONDO:0859086	biolink:causes	1
0.9921549	HGNC:3702	MONDO:0010292	biolink:causes	1
0.876275	HGNC:3702	MONDO:0010415	biolink:causes	1
0.9425542	HGNC:3702	MONDO:0010401	biolink:causes	1
0.941719	HGNC:3702	MONDO:0010400	biolink:gene_associated_with_condition	1
0.9861666	HGNC:3705	MONDO:0014918	biolink:gene_associated_with_condition	1
0.57796276	HGNC:3754	MONDO:0010232	biolink:causes	1
0.8054072	HGNC:3754	MONDO:0010704	biolink:causes	1
0.73287356	HGNC:3754	MONDO:8000011	biolink:gene_associated_with_condition	1
0.38336983	HGNC:3754	MONDO:0010233	biolink:causes	1
0.9049062	HGNC:3754	MONDO:0024550	biolink:causes	1
0.012151302	HGNC:3754	MONDO:0044617	biolink:gene_associated_with_condition	1
0.822652	HGNC:3814	MONDO:0017218	biolink:gene_associated_with_condition	1
0.92325234	HGNC:3816	MONDO:0032874	biolink:causes	1
0.77880526	HGNC:3816	MONDO:0008542	biolink:causes	1
0.7531286	HGNC:12765	MONDO:0009451	biolink:gene_associated_with_condition	1
1.0	HGNC:12765	MONDO:0011132	biolink:causes	1
0.9214773	HGNC:26927	MONDO:0032624	biolink:causes	1
0.70562947	HGNC:1362	MONDO:0019123	biolink:gene_associated_with_condition	1
0.75949425	HGNC:3960	MONDO:0011935	biolink:causes	1
0.99145305	HGNC:21675	MONDO:0017173	biolink:gene_associated_with_condition	1
0.9999883	HGNC:21675	MONDO:0029148	biolink:causes	1
0.80297214	HGNC:3951	MONDO:0100340	biolink:causes	1
0.9863236	HGNC:4040	MONDO:0008123	biolink:gene_associated_with_condition	1
0.49545124	HGNC:4043	MONDO:0007351	biolink:gene_associated_with_condition	1
0.99743253	HGNC:24861	MONDO:0012930	biolink:causes	1
0.90018976	HGNC:4118	MONDO:0009255	biolink:gene_associated_with_condition	1
0.93680614	HGNC:24846	MONDO:0032757	biolink:causes	1
0.0031499597	HGNC:15802	MONDO:0060663	biolink:causes	1
0.8007433	HGNC:15802	MONDO:0008542	biolink:causes	1
0.8007433	HGNC:15802	MONDO:0008542	biolink:gene_associated_with_condition	1
1.0	HGNC:4175	MONDO:0012996	biolink:gene_associated_with_condition	1
0.98694104	HGNC:18986	MONDO:0013737	biolink:causes	1
0.35613394	HGNC:15805	MONDO:0018393	biolink:gene_associated_with_condition	1
0.033298492	HGNC:4204	MONDO:0044220	biolink:causes	1
0.4242425	HGNC:4204	MONDO:0021548	biolink:gene_associated_with_condition	1
0.6493006	HGNC:4236	MONDO:0013116	biolink:causes	1
0.96445125	HGNC:29682	MONDO:0032726	biolink:causes	1
0.8190982	HGNC:4263	MONDO:0009877	biolink:gene_associated_with_condition	1
0.6956676	HGNC:17494	MONDO:0035472	biolink:gene_associated_with_condition	1
0.9995963	HGNC:17494	MONDO:0012125	biolink:causes	1
0.9335062	HGNC:4319	MONDO:0014343	biolink:causes	1
0.82027864	HGNC:29525	MONDO:0008542	biolink:causes	1
0.8705933	HGNC:4341	MONDO:0012393	biolink:gene_associated_with_condition	1
0.95282054	HGNC:4379	MONDO:0975757	biolink:gene_associated_with_condition	1
0.82079107	HGNC:4379	MONDO:0007792	biolink:causes	1
0.31916225	HGNC:4379	MONDO:0019325	biolink:gene_associated_with_condition	1
0.004805261	HGNC:4379	MONDO:0014146	biolink:causes	1
0.57651347	HGNC:4390	MONDO:0008501	biolink:gene_associated_with_condition	1
0.018801475	HGNC:4393	MONDO:0012497	biolink:causes	1
0.9719782	HGNC:4393	MONDO:0008377	biolink:causes	1
0.76451063	HGNC:19980	MONDO:0014343	biolink:causes	1
0.99948335	HGNC:29670	MONDO:0018931	biolink:gene_associated_with_condition	1
0.9999862	HGNC:29670	MONDO:0009650	biolink:causes	1
0.9999862	HGNC:29670	MONDO:0009650	biolink:gene_associated_with_condition	1
0.99818003	HGNC:4439	MONDO:0007930	biolink:causes	1
0.98555726	HGNC:4439	MONDO:0008332	biolink:gene_associated_with_condition	1
0.42882597	HGNC:30677	MONDO:0010610	biolink:gene_associated_with_condition	1
0.6361504	HGNC:18062	MONDO:0014567	biolink:causes	1
0.8181405	HGNC:2799	MONDO:0014460	biolink:causes	1
0.97312385	HGNC:4576	MONDO:0014530	biolink:gene_associated_with_condition	1
0.9891395	HGNC:4689	MONDO:0008764	biolink:causes	1
0.9839378	HGNC:4689	MONDO:0011143	biolink:causes	1
0.9984471	HGNC:4787	MONDO:0030729	biolink:causes	1
0.89059436	HGNC:4785	MONDO:0030730	biolink:causes	1
0.92427385	HGNC:4713	MONDO:0014343	biolink:causes	1
0.97297794	HGNC:9639	MONDO:0859264	biolink:causes	1
0.67379284	HGNC:4801	MONDO:0012173	biolink:gene_associated_with_condition	1
0.06523424	HGNC:4801	MONDO:0016573	biolink:gene_associated_with_condition	1
0.84930676	HGNC:4807	MONDO:0008542	biolink:causes	1
0.42236757	HGNC:4816	MONDO:0014711	biolink:causes	1
0.85964215	HGNC:18437	MONDO:0019475	biolink:causes	1
0.5006114	HGNC:4824	MONDO:0007716	biolink:gene_associated_with_condition	1
0.55351865	HGNC:4824	MONDO:0013512	biolink:causes	1
0.0009726579	HGNC:4832	MONDO:0017238	biolink:gene_associated_with_condition	1
0.79200363	HGNC:4868	MONDO:0014224	biolink:causes	1
0.00786985	HGNC:4868	MONDO:0044255	biolink:causes	1
0.77953774	HGNC:4886	MONDO:0958085	biolink:gene_associated_with_condition	1
0.99857974	HGNC:26527	MONDO:0009657	biolink:causes	1
0.815825	HGNC:4942	MONDO:0019635	biolink:gene_associated_with_condition	1
0.010759131	HGNC:4948	MONDO:0019082	biolink:gene_associated_with_condition	1
0.5625208	HGNC:4948	MONDO:0018092	biolink:gene_associated_with_condition	1
0.43212697	HGNC:4948	MONDO:0008399	biolink:contributes_to	1
0.8087712	HGNC:4948	MONDO:0021571	biolink:contributes_to	1
0.9742328	HGNC:5005	MONDO:0009520	biolink:causes	1
0.9742328	HGNC:5005	MONDO:0009520	biolink:gene_associated_with_condition	1
0.9509077	HGNC:5008	MONDO:0011614	biolink:causes	1
0.5082693	HGNC:5041	MONDO:0859301	biolink:gene_associated_with_condition	1
0.27737018	HGNC:5154	MONDO:0015466	biolink:gene_associated_with_condition	1
0.71997553	HGNC:5208	MONDO:0013842	biolink:causes	1
0.06690111	HGNC:5246	MONDO:0012080	biolink:causes	1
0.67511874	HGNC:30171	MONDO:0012096	biolink:causes	1
0.9253087	HGNC:29685	MONDO:0014455	biolink:causes	1
0.53966385	HGNC:5382	MONDO:0013941	biolink:gene_associated_with_condition	1
0.7411155	HGNC:5382	MONDO:0019456	biolink:gene_associated_with_condition	1
0.9453613	HGNC:5391	MONDO:0011760	biolink:causes	1
0.9453613	HGNC:5391	MONDO:0011760	biolink:gene_associated_with_condition	1
0.87789565	HGNC:18873	MONDO:0030692	biolink:causes	1
0.8759461	HGNC:18873	MONDO:0014343	biolink:causes	1
0.97894216	HGNC:18873	MONDO:0024535	biolink:causes	1
0.6836461	HGNC:5433	MONDO:0012488	biolink:contributes_to	1
0.5044464	HGNC:21424	MONDO:0014926	biolink:causes	1
0.63084364	HGNC:21424	MONDO:0030462	biolink:causes	1
0.9854394	HGNC:5542	MONDO:0011436	biolink:causes	1
0.93726456	HGNC:6021	MONDO:0030681	biolink:causes	1
0.99162817	HGNC:6024	MONDO:0012163	biolink:causes	1
0.8539516	HGNC:6052	MONDO:0008379	biolink:causes	1
0.046760686	HGNC:6081	MONDO:0014535	biolink:causes	1
0.018709548	HGNC:6081	MONDO:0007454	biolink:causes	1
0.67959243	HGNC:6081	MONDO:0030089	biolink:causes	1
0.91572034	HGNC:6091	MONDO:0009874	biolink:causes	1
0.7923133	HGNC:6091	MONDO:0012381	biolink:gene_associated_with_condition	1
0.8092409	HGNC:6091	MONDO:0012520	biolink:causes	1
0.9988738	HGNC:29239	MONDO:0044328	biolink:causes	1
0.9971464	HGNC:6121	MONDO:0007334	biolink:causes	1
0.9999999	HGNC:14361	MONDO:0012634	biolink:causes	1
0.9999999	HGNC:14361	MONDO:0012634	biolink:gene_associated_with_condition	1
0.9871258	HGNC:29882	MONDO:0009706	biolink:causes	1
0.85095346	HGNC:6143	MONDO:0013177	biolink:gene_associated_with_condition	1
0.96030366	HGNC:6186	MONDO:0009475	biolink:causes	1
0.00654387	HGNC:14202	MONDO:0030366	biolink:causes	1
0.44706497	HGNC:29300	MONDO:0014492	biolink:causes	1
0.15758131	HGNC:29300	MONDO:0033280	biolink:causes	1
0.49616018	HGNC:6217	MONDO:0009760	biolink:gene_associated_with_condition	1
0.8712048	HGNC:29068	MONDO:0014771	biolink:causes	1
0.7797705	HGNC:6222	MONDO:0032656	biolink:causes	1
0.8675304	HGNC:6235	MONDO:0011529	biolink:causes	1
0.99835914	HGNC:6251	MONDO:0020745	biolink:causes	1
0.06075193	HGNC:39080	MONDO:0013193	biolink:contributes_to	1
0.94766605	HGNC:6305	MONDO:0009820	biolink:causes	1
0.90689754	HGNC:11114	MONDO:0010355	biolink:gene_associated_with_condition	1
0.89397144	HGNC:29508	MONDO:0015007	biolink:causes	1
0.9315523	HGNC:30497	MONDO:0007922	biolink:causes	1
0.6854064	HGNC:30497	MONDO:0010176	biolink:gene_associated_with_condition	1
0.83646286	HGNC:30497	MONDO:0011778	biolink:gene_associated_with_condition	1
0.99997807	HGNC:21495	MONDO:0030505	biolink:causes	1
0.0847181	HGNC:6343	MONDO:0014738	biolink:causes	1
0.47539452	HGNC:15646	MONDO:0013052	biolink:causes	1
0.8070558	HGNC:15646	MONDO:0014890	biolink:gene_associated_with_condition	1
0.02233318	HGNC:15646	MONDO:0035823	biolink:gene_associated_with_condition	1
0.013804345	HGNC:18829	MONDO:0014037	biolink:causes	1
0.6984539	HGNC:30372	MONDO:0014138	biolink:causes	1
0.8979866	HGNC:7132	MONDO:0011518	biolink:gene_associated_with_condition	1
0.04599518	HGNC:7132	MONDO:0035941	biolink:gene_associated_with_condition	1
0.99315876	HGNC:7133	MONDO:0035651	biolink:gene_associated_with_condition	1
0.012629289	HGNC:21839	MONDO:0957220	biolink:causes	1
0.17567372	HGNC:6440	MONDO:0032904	biolink:causes	1
0.69347274	HGNC:6423	MONDO:0007758	biolink:gene_associated_with_condition	1
0.15032804	HGNC:6423	MONDO:0014622	biolink:gene_associated_with_condition	1
0.7169042	HGNC:28929	MONDO:0020717	biolink:causes	1
0.8529804	HGNC:6469	MONDO:0014343	biolink:causes	1
0.6840846	HGNC:6470	MONDO:0010569	biolink:causes	1
0.6840846	HGNC:6470	MONDO:0010569	biolink:gene_associated_with_condition	1
0.8901652	HGNC:26058	MONDO:0033006	biolink:causes	1
0.6049357	HGNC:6483	MONDO:0030746	biolink:causes	1
0.9817472	HGNC:6483	MONDO:0009513	biolink:gene_associated_with_condition	1
0.87292814	HGNC:6490	MONDO:0009182	biolink:causes	1
0.8846333	HGNC:6501	MONDO:0020745	biolink:causes	1
0.66232055	HGNC:6501	MONDO:0010281	biolink:causes	1
0.07249093	HGNC:25726	MONDO:0018450	biolink:gene_associated_with_condition	1
0.7871065	HGNC:25726	MONDO:0010665	biolink:gene_associated_with_condition	1
0.116808385	HGNC:31923	MONDO:0011473	biolink:causes	1
0.9595401	HGNC:31923	MONDO:0008377	biolink:causes	1
0.6290499	HGNC:6530	MONDO:0009115	biolink:causes	1
0.9892429	HGNC:3122	MONDO:0008542	biolink:causes	1
0.9813688	HGNC:21244	MONDO:0859147	biolink:gene_associated_with_condition	1
0.86168873	HGNC:6553	MONDO:0013991	biolink:causes	1
0.31403396	HGNC:18712	MONDO:0017049	biolink:gene_associated_with_condition	1
0.33583865	HGNC:21253	MONDO:0012460	biolink:causes	1
0.92501533	HGNC:6595	MONDO:0014343	biolink:causes	1
0.6388153	HGNC:6595	MONDO:0009091	biolink:causes	1
0.9346554	HGNC:23452	MONDO:0013495	biolink:causes	1
0.9994686	HGNC:6654	MONDO:0008061	biolink:causes	1
0.9994686	HGNC:6654	MONDO:0008061	biolink:gene_associated_with_condition	1
0.994961	HGNC:6664	MONDO:0008426	biolink:causes	1
0.99691224	HGNC:6664	MONDO:0007363	biolink:causes	1
0.93491477	HGNC:6694	MONDO:0009104	biolink:gene_associated_with_condition	1
0.6722489	HGNC:6700	MONDO:0012039	biolink:contributes_to	1
0.7322713	HGNC:18608	MONDO:0014080	biolink:causes	1
0.27751598	HGNC:6715	MONDO:0013122	biolink:causes	1
0.080776	HGNC:6408	MONDO:0035337	biolink:gene_associated_with_condition	1
0.78318757	HGNC:6826	MONDO:0017732	biolink:gene_associated_with_condition	1
0.602994	HGNC:450	MONDO:0018112	biolink:gene_associated_with_condition	1
0.79099196	HGNC:450	MONDO:0014343	biolink:causes	1
0.9999615	HGNC:450	MONDO:0013268	biolink:causes	1
0.9999901	HGNC:452	MONDO:0012892	biolink:causes	1
0.99981695	HGNC:26837	MONDO:0010310	biolink:causes	1
0.97019154	HGNC:464	MONDO:0009857	biolink:gene_associated_with_condition	1
0.9699062	HGNC:468	MONDO:0013028	biolink:gene_associated_with_condition	1
0.7319036	HGNC:29186	MONDO:0015679	biolink:gene_associated_with_condition	1
0.90326464	HGNC:6211	MONDO:0007794	biolink:causes	1
0.018930826	HGNC:543	MONDO:0013729	biolink:contributes_to	1
0.8342577	HGNC:559	MONDO:0012251	biolink:causes	1
0.8422104	HGNC:568	MONDO:0014885	biolink:gene_associated_with_condition	1
0.06580099	HGNC:568	MONDO:0021019	biolink:gene_associated_with_condition	1
0.9978689	HGNC:572	MONDO:0013551	biolink:causes	1
0.9657588	HGNC:575	MONDO:0017241	biolink:gene_associated_with_condition	1
0.95821065	HGNC:22197	MONDO:0013342	biolink:gene_associated_with_condition	1
0.8337176	HGNC:600	MONDO:0100189	biolink:gene_associated_with_condition	1
0.2436877	HGNC:600	MONDO:0859238	biolink:causes	1
0.867624	HGNC:15984	MONDO:0011829	biolink:causes	1
0.9690822	HGNC:24097	MONDO:0007922	biolink:causes	1
0.7755395	HGNC:649	MONDO:0014948	biolink:gene_associated_with_condition	1
0.8880123	HGNC:649	MONDO:0014343	biolink:causes	1
0.80257815	HGNC:663	MONDO:0008814	biolink:causes	1
0.9655173	HGNC:694	MONDO:0032570	biolink:causes	1
0.9264085	HGNC:694	MONDO:0032577	biolink:causes	1
0.65908515	HGNC:24048	MONDO:0009055	biolink:gene_associated_with_condition	1
0.8282203	HGNC:710	MONDO:0049221	biolink:causes	1
0.9893085	HGNC:29561	MONDO:0014868	biolink:causes	1
0.8801626	HGNC:735	MONDO:0009218	biolink:gene_associated_with_condition	1
0.9999758	HGNC:19088	MONDO:0030918	biolink:causes	1
0.93390673	HGNC:757	MONDO:0007363	biolink:causes	1
0.9425431	HGNC:757	MONDO:0011106	biolink:gene_associated_with_condition	1
0.51553655	HGNC:589	MONDO:0033115	biolink:causes	1
0.9655338	HGNC:11231	MONDO:0008437	biolink:causes	1
0.13919018	HGNC:799	MONDO:0020788	biolink:causes	1
0.41853398	HGNC:799	MONDO:0054833	biolink:causes	1
0.76838386	HGNC:29536	MONDO:0009728	biolink:gene_associated_with_condition	1
0.47001418	HGNC:29536	MONDO:0014997	biolink:causes	1
0.6566972	HGNC:6893	MONDO:0009839	biolink:causes	1
0.336725	HGNC:6893	MONDO:0016563	biolink:gene_associated_with_condition	1
0.0332148	HGNC:6897	MONDO:0032655	biolink:causes	1
0.9945741	HGNC:6915	MONDO:0859530	biolink:causes	1
0.9998702	HGNC:20444	MONDO:0007974	biolink:causes	1
0.89413214	HGNC:15456	MONDO:0032721	biolink:causes	1
0.53924835	HGNC:18451	MONDO:0013331	biolink:causes	1
0.03446593	HGNC:6944	MONDO:0014853	biolink:causes	1
0.58024836	HGNC:6990	MONDO:0010397	biolink:gene_associated_with_condition	1
0.8474236	HGNC:6990	MONDO:0010235	biolink:gene_associated_with_condition	1
0.53542155	HGNC:14575	MONDO:0016783	biolink:gene_associated_with_condition	1
0.6343646	HGNC:14575	MONDO:0016780	biolink:gene_associated_with_condition	1
0.67035884	HGNC:14575	MONDO:0016782	biolink:gene_associated_with_condition	1
0.7344438	HGNC:28613	MONDO:0032746	biolink:causes	1
0.9040108	HGNC:28569	MONDO:0018393	biolink:gene_associated_with_condition	1
0.1568492	HGNC:7010	MONDO:0010911	biolink:gene_associated_with_condition	1
0.5977229	HGNC:7010	MONDO:0007767	biolink:causes	1
0.34567046	HGNC:7010	MONDO:0007540	biolink:causes	1
0.886149	HGNC:13520	MONDO:0014343	biolink:causes	1
0.019761236	HGNC:18121	MONDO:0012299	biolink:causes	1
0.9998665	HGNC:7060	MONDO:0009495	biolink:causes	1
0.9998665	HGNC:7060	MONDO:0009495	biolink:gene_associated_with_condition	1
0.07079221	HGNC:33914	MONDO:0859374	biolink:causes	1
0.85172135	HGNC:31527	MONDO:0032835	biolink:causes	1
0.99989235	HGNC:18871	MONDO:0009613	biolink:gene_associated_with_condition	1
0.005171726	HGNC:25221	MONDO:0700298	biolink:causes	1
0.98642635	HGNC:25221	MONDO:0010185	biolink:gene_associated_with_condition	1
0.11321443	HGNC:25221	MONDO:0017683	biolink:gene_associated_with_condition	1
0.008503757	HGNC:25221	MONDO:0700297	biolink:causes	1
0.009085505	HGNC:7199	MONDO:0957278	biolink:causes	1
0.99641645	HGNC:29619	MONDO:0030973	biolink:causes	1
0.959803	HGNC:7224	MONDO:0032728	biolink:causes	1
0.9627463	HGNC:7225	MONDO:0011889	biolink:causes	1
0.9968244	HGNC:7225	MONDO:0008392	biolink:causes	1
0.9968244	HGNC:7225	MONDO:0008392	biolink:gene_associated_with_condition	1
0.99772364	HGNC:7225	MONDO:0020765	biolink:causes	1
0.57933336	HGNC:7230	MONDO:0024557	biolink:causes	1
0.57933336	HGNC:7230	MONDO:0024557	biolink:gene_associated_with_condition	1
0.8260218	HGNC:7328	MONDO:0044317	biolink:causes	1
0.9997111	HGNC:7370	MONDO:0026730	biolink:causes	1
0.0028756012	HGNC:7391	MONDO:0012142	biolink:causes	1
0.82278466	HGNC:7414	MONDO:0010794	biolink:causes	1
0.4589877	HGNC:7414	MONDO:0017917	biolink:gene_associated_with_condition	1
0.92281115	HGNC:7456	MONDO:0016814	biolink:gene_associated_with_condition	1
0.86412185	HGNC:7461	MONDO:0010790	biolink:gene_associated_with_condition	1
0.99681515	HGNC:7488	MONDO:0010790	biolink:causes	1
0.8593841	HGNC:7436	MONDO:0009353	biolink:gene_associated_with_condition	1
0.82096	HGNC:26190	MONDO:0008048	biolink:contributes_to	1
0.97517866	HGNC:7473	MONDO:0009354	biolink:gene_associated_with_condition	1
0.98794824	HGNC:7506	MONDO:0030880	biolink:causes	1
0.34641713	HGNC:7551	MONDO:0014163	biolink:causes	1
0.0029856053	HGNC:7572	MONDO:0018206	biolink:gene_associated_with_condition	1
0.977792	HGNC:7577	MONDO:0009708	biolink:causes	1
0.977792	HGNC:7577	MONDO:0009708	biolink:gene_associated_with_condition	1
0.80231357	HGNC:7577	MONDO:0017939	biolink:gene_associated_with_condition	1
0.8234074	HGNC:23212	MONDO:0013711	biolink:causes	1
0.8234074	HGNC:23212	MONDO:0013711	biolink:gene_associated_with_condition	1
0.44735777	HGNC:7608	MONDO:0020345	biolink:gene_associated_with_condition	1
0.9999826	HGNC:1181	MONDO:0032653	biolink:gene_associated_with_condition	1
0.79162693	HGNC:7632	MONDO:0014665	biolink:gene_associated_with_condition	1
0.836488	HGNC:17619	MONDO:0011504	biolink:causes	1
0.836488	HGNC:17619	MONDO:0011504	biolink:gene_associated_with_condition	1
0.51453304	HGNC:7675	MONDO:0020298	biolink:gene_associated_with_condition	1
0.5691764	HGNC:7675	MONDO:0015786	biolink:gene_associated_with_condition	1
0.47846645	HGNC:7678	MONDO:0010269	biolink:gene_associated_with_condition	1
0.7419385	HGNC:7678	MONDO:0006952	biolink:gene_associated_with_condition	1
0.039134193	HGNC:17194	MONDO:0011836	biolink:contributes_to	1
0.9273955	HGNC:7720	MONDO:0030281	biolink:causes	1
0.34453362	HGNC:7744	MONDO:0054750	biolink:contributes_to	1
0.98190355	HGNC:7744	MONDO:0009642	biolink:gene_associated_with_condition	1
0.904703	HGNC:18591	MONDO:0014343	biolink:causes	1
0.38188872	HGNC:12768	MONDO:0008684	biolink:gene_associated_with_condition	1
0.0255117	HGNC:10663	MONDO:0030849	biolink:causes	1
0.84988683	HGNC:7788	MONDO:0013885	biolink:gene_associated_with_condition	1
0.59070194	HGNC:7795	MONDO:0017407	biolink:gene_associated_with_condition	1
0.46791708	HGNC:25737	MONDO:0012650	biolink:gene_associated_with_condition	1
0.49025637	HGNC:29873	MONDO:0026733	biolink:causes	1
0.9198048	HGNC:7866	MONDO:0008521	biolink:causes	1
0.09578474	HGNC:7897	MONDO:0016308	biolink:gene_associated_with_condition	1
0.42658332	HGNC:7897	MONDO:0016309	biolink:gene_associated_with_condition	1
0.044878658	HGNC:7939	MONDO:0012816	biolink:causes	1
0.72121733	HGNC:7981	MONDO:0015566	biolink:gene_associated_with_condition	1
0.6143173	HGNC:8001	MONDO:0032646	biolink:causes	1
0.9879503	HGNC:8005	MONDO:0007922	biolink:causes	1
0.93765944	HGNC:26208	MONDO:0033566	biolink:causes	1
0.011722572	HGNC:8032	MONDO:0850115	biolink:gene_associated_with_condition	1
0.4042787	HGNC:29558	MONDO:0030338	biolink:causes	1
0.017946022	HGNC:8059	MONDO:0012883	biolink:gene_associated_with_condition	1
0.6545268	HGNC:18016	MONDO:0032581	biolink:causes	1
0.4999647	HGNC:8125	MONDO:0018492	biolink:gene_associated_with_condition	1
0.8382802	HGNC:9936	MONDO:0010446	biolink:gene_associated_with_condition	1
0.6940977	HGNC:15021	MONDO:0008377	biolink:causes	1
0.919172	HGNC:17151	MONDO:0014343	biolink:causes	1
0.96019804	HGNC:24281	MONDO:0044319	biolink:causes	1
0.0264499	HGNC:25118	MONDO:0700338	biolink:causes	1
0.880119	HGNC:8522	MONDO:0012413	biolink:gene_associated_with_condition	1
0.9130092	HGNC:8522	MONDO:0014343	biolink:causes	1
0.86399645	HGNC:15804	MONDO:0007378	biolink:causes	1
0.90268517	HGNC:8546	MONDO:0007738	biolink:causes	1
0.54174787	HGNC:8619	MONDO:0957427	biolink:gene_associated_with_condition	1
0.9252139	HGNC:8622	MONDO:0024264	biolink:causes	1
0.70473474	HGNC:8622	MONDO:0019854	biolink:gene_associated_with_condition	1
0.016017081	HGNC:8636	MONDO:0018141	biolink:gene_associated_with_condition	1
0.8460816	HGNC:14674	MONDO:0008377	biolink:causes	1
0.9243152	HGNC:20001	MONDO:0018328	biolink:gene_associated_with_condition	1
0.99147546	HGNC:8786	MONDO:0008377	biolink:causes	1
0.96621776	HGNC:8789	MONDO:0013315	biolink:causes	1
0.757891	HGNC:8850	MONDO:0100229	biolink:gene_associated_with_condition	1
0.9813064	HGNC:8860	MONDO:0008972	biolink:gene_associated_with_condition	1
0.8874623	HGNC:8923	MONDO:0009736	biolink:gene_associated_with_condition	1
0.9950211	HGNC:8940	MONDO:0009958	biolink:causes	1
0.6234775	HGNC:8940	MONDO:0008377	biolink:causes	1
0.50732845	HGNC:15514	MONDO:0020512	biolink:gene_associated_with_condition	1
0.95064473	HGNC:28993	MONDO:0007922	biolink:causes	1
0.98158103	HGNC:28993	MONDO:0014797	biolink:causes	1
0.98158103	HGNC:28993	MONDO:0014797	biolink:gene_associated_with_condition	1
0.94859684	HGNC:28993	MONDO:0008689	biolink:causes	1
0.9992459	HGNC:26270	MONDO:0007158	biolink:causes	1
0.9992459	HGNC:26270	MONDO:0007158	biolink:gene_associated_with_condition	1
0.99579334	HGNC:8959	MONDO:0032822	biolink:causes	1
0.84582704	HGNC:8965	MONDO:0030037	biolink:causes	1
0.99512166	HGNC:15791	MONDO:0032824	biolink:causes	1
0.7698785	HGNC:8975	MONDO:0017177	biolink:gene_associated_with_condition	1
0.658523	HGNC:8975	MONDO:0013125	biolink:causes	1
0.658523	HGNC:8975	MONDO:0013125	biolink:gene_associated_with_condition	1
0.45983842	HGNC:8975	MONDO:0020492	biolink:gene_associated_with_condition	1
0.90405756	HGNC:8975	MONDO:0013038	biolink:gene_associated_with_condition	1
0.5704218	HGNC:9008	MONDO:0010856	biolink:gene_associated_with_condition	1
0.9404832	HGNC:9020	MONDO:0009950	biolink:gene_associated_with_condition	1
0.51504	HGNC:9038	MONDO:0008377	biolink:causes	1
0.7748003	HGNC:9038	MONDO:0009235	biolink:gene_associated_with_condition	1
0.9527058	HGNC:9066	MONDO:0013766	biolink:gene_associated_with_condition	1
0.43952724	HGNC:17158	MONDO:0033481	biolink:gene_associated_with_condition	1
0.98519	HGNC:9083	MONDO:0007738	biolink:causes	1
0.9903852	HGNC:9083	MONDO:0012892	biolink:gene_associated_with_condition	1
0.7858824	HGNC:9107	MONDO:0008542	biolink:causes	1
0.98706645	HGNC:17728	MONDO:0035153	biolink:gene_associated_with_condition	1
0.8634694	HGNC:9115	MONDO:0007922	biolink:causes	1
0.62255806	HGNC:9119	MONDO:0054785	biolink:causes	1
0.9974892	HGNC:7892	MONDO:0013171	biolink:causes	1
0.9819343	HGNC:9180	MONDO:0032799	biolink:causes	1
0.93363136	HGNC:19139	MONDO:0018277	biolink:gene_associated_with_condition	1
0.90725875	HGNC:20330	MONDO:0011169	biolink:gene_associated_with_condition	1
0.85503167	HGNC:30129	MONDO:0014343	biolink:causes	1
0.7701772	HGNC:9280	MONDO:0957577	biolink:causes	1
0.93468803	HGNC:7618	MONDO:0032934	biolink:causes	1
0.99999344	HGNC:13998	MONDO:0030890	biolink:causes	1
0.99969184	HGNC:13998	MONDO:0859229	biolink:causes	1
0.02199866	HGNC:8607	MONDO:0010820	biolink:causes	1
0.9428373	HGNC:9454	MONDO:0011957	biolink:causes	1
0.23857288	HGNC:9454	MONDO:0012983	biolink:causes	1
0.98362434	HGNC:9459	MONDO:0007922	biolink:causes	1
0.5846268	HGNC:15860	MONDO:0008377	biolink:causes	1
0.04567197	HGNC:30500	MONDO:0011593	biolink:causes	1
0.9998087	HGNC:9142	MONDO:0008740	biolink:gene_associated_with_condition	1
0.999741	HGNC:21504	MONDO:0010767	biolink:causes	1
0.6361932	HGNC:9541	MONDO:0054699	biolink:causes	1
0.9140969	HGNC:9538	MONDO:0971001	biolink:causes	1
0.8069441	HGNC:24929	MONDO:0030931	biolink:causes	1
0.009206494	HGNC:21290	MONDO:0975761	biolink:causes	1
0.8949264	HGNC:9587	MONDO:0014343	biolink:causes	1
0.89628315	HGNC:9587	MONDO:0007892	biolink:causes	1
0.9893311	HGNC:9608	MONDO:0010803	biolink:gene_associated_with_condition	1
0.9044554	HGNC:9608	MONDO:0014343	biolink:causes	1
0.8284407	HGNC:9658	MONDO:0011959	biolink:gene_associated_with_condition	1
0.0071062054	HGNC:9658	MONDO:0035236	biolink:gene_associated_with_condition	1
0.17081088	HGNC:30889	MONDO:0032869	biolink:causes	1
0.73590636	HGNC:24113	MONDO:0009935	biolink:causes	1
0.8288086	HGNC:10548	MONDO:0008119	biolink:causes	1
0.2579095	HGNC:10560	MONDO:0016163	biolink:causes	1
0.9994475	HGNC:14262	MONDO:0014361	biolink:causes	1
0.9331981	HGNC:24123	MONDO:0014927	biolink:causes	1
0.9100412	HGNC:14078	MONDO:0032723	biolink:causes	1
0.9667	HGNC:30000	MONDO:0008377	biolink:causes	1
0.022535618	HGNC:6722	MONDO:0020614	biolink:causes	1
0.8005006	HGNC:987	MONDO:0017053	biolink:gene_associated_with_condition	1
0.83882374	HGNC:987	MONDO:0017051	biolink:gene_associated_with_condition	1
0.6995926	HGNC:1001	MONDO:0020324	biolink:gene_associated_with_condition	1
0.96332246	HGNC:13222	MONDO:0014981	biolink:causes	1
0.7276313	HGNC:20893	MONDO:0008377	biolink:causes	1
0.8528853	HGNC:8549	MONDO:0013559	biolink:gene_associated_with_condition	1
0.995635	HGNC:16512	MONDO:0011242	biolink:causes	1
0.7336243	HGNC:9751	MONDO:0014335	biolink:gene_associated_with_condition	1
0.9015587	HGNC:21020	MONDO:0030006	biolink:gene_associated_with_condition	1
0.7520066	HGNC:9811	MONDO:0013864	biolink:causes	1
0.59790796	HGNC:9811	MONDO:0007874	biolink:gene_associated_with_condition	1
0.3695218	HGNC:9871	MONDO:0011556	biolink:causes	1
0.99601895	HGNC:9879	MONDO:0014386	biolink:causes	1
0.96074283	HGNC:9912	MONDO:0010767	biolink:causes	1
0.9942175	HGNC:9922	MONDO:0014060	biolink:gene_associated_with_condition	1
0.91678673	HGNC:9922	MONDO:0014635	biolink:causes	1
0.96226007	HGNC:17975	MONDO:0014282	biolink:gene_associated_with_condition	1
0.9398433	HGNC:13764	MONDO:0032717	biolink:causes	1
0.99991465	HGNC:9965	MONDO:0014857	biolink:gene_associated_with_condition	1
0.03966871	HGNC:9967	MONDO:0007723	biolink:contributes_to	1
0.700414	HGNC:9967	MONDO:0007958	biolink:causes	1
0.90292513	HGNC:9967	MONDO:0008234	biolink:causes	1
0.754235	HGNC:9967	MONDO:0019636	biolink:gene_associated_with_condition	1
0.12441474	HGNC:9986	MONDO:0971016	biolink:causes	1
0.99711657	HGNC:9986	MONDO:0971014	biolink:causes	1
0.9212959	HGNC:10009	MONDO:0019107	biolink:gene_associated_with_condition	1
0.99115753	HGNC:10012	MONDO:0008377	biolink:causes	1
0.9850462	HGNC:13429	MONDO:0010506	biolink:causes	1
0.72451913	HGNC:21176	MONDO:0009300	biolink:gene_associated_with_condition	1
0.4401014	HGNC:21158	MONDO:0013357	biolink:gene_associated_with_condition	1
0.79793835	HGNC:10289	MONDO:0030690	biolink:causes	1
0.9350825	HGNC:10294	MONDO:0008377	biolink:causes	1
0.9550467	HGNC:10294	MONDO:0008765	biolink:causes	1
0.084863834	HGNC:10295	MONDO:0010443	biolink:causes	1
0.45343867	HGNC:10295	MONDO:0010227	biolink:causes	1
0.72755104	HGNC:10411	MONDO:0012529	biolink:causes	1
0.9871263	HGNC:10446	MONDO:0020745	biolink:causes	1
0.9883681	HGNC:10447	MONDO:0007922	biolink:causes	1
0.9350243	HGNC:10447	MONDO:0014343	biolink:causes	1
0.8340023	HGNC:17296	MONDO:0010000	biolink:causes	1
0.9368237	HGNC:17296	MONDO:0012792	biolink:causes	1
0.9997987	HGNC:12371	MONDO:0014202	biolink:causes	1
0.15796246	HGNC:16175	MONDO:0008798	biolink:causes	1
0.99280316	HGNC:10471	MONDO:0100083	biolink:causes	1
0.63312966	HGNC:15925	MONDO:0013739	biolink:causes	1
0.9149382	HGNC:15925	MONDO:0013059	biolink:causes	1
0.822887	HGNC:25403	MONDO:0014623	biolink:causes	1
0.6881015	HGNC:19440	MONDO:0012197	biolink:gene_associated_with_condition	1
0.9995503	HGNC:10547	MONDO:0011816	biolink:causes	1
0.9995503	HGNC:10547	MONDO:0011816	biolink:gene_associated_with_condition	1
0.999997	HGNC:19869	MONDO:0010959	biolink:gene_associated_with_condition	1
0.61010826	HGNC:10586	MONDO:0014155	biolink:causes	1
0.9827344	HGNC:10583	MONDO:0014244	biolink:gene_associated_with_condition	1
0.038025357	HGNC:10583	MONDO:0017629	biolink:gene_associated_with_condition	1
0.93104184	HGNC:33867	MONDO:0100294	biolink:gene_associated_with_condition	1
0.92552024	HGNC:10683	MONDO:0011740	biolink:causes	1
0.92552024	HGNC:10683	MONDO:0011740	biolink:gene_associated_with_condition	1
0.8707915	HGNC:10701	MONDO:0011911	biolink:causes	1
0.69115174	HGNC:18276	MONDO:0958013	biolink:causes	1
0.3323091	HGNC:10736	MONDO:0007404	biolink:gene_associated_with_condition	1
0.97407395	HGNC:9075	MONDO:0009883	biolink:gene_associated_with_condition	1
0.056818217	HGNC:8943	MONDO:0011412	biolink:causes	1
0.97575754	HGNC:29187	MONDO:0033559	biolink:causes	1
0.9594356	HGNC:16088	MONDO:0014261	biolink:causes	1
0.9972308	HGNC:10809	MONDO:0009677	biolink:gene_associated_with_condition	1
0.99604636	HGNC:29605	MONDO:0007572	biolink:causes	1
0.9142896	HGNC:10853	MONDO:0014343	biolink:causes	1
0.007958154	HGNC:25543	MONDO:0030958	biolink:causes	1
0.9675002	HGNC:8157	MONDO:0011585	biolink:gene_associated_with_condition	1
0.59652877	HGNC:8157	MONDO:0013715	biolink:causes	1
0.9575416	HGNC:23639	MONDO:0024541	biolink:causes	1
0.8600086	HGNC:11005	MONDO:0012143	biolink:gene_associated_with_condition	1
0.52969503	HGNC:11005	MONDO:0011724	biolink:causes	1
0.52969503	HGNC:11005	MONDO:0011724	biolink:gene_associated_with_condition	1
0.7763819	HGNC:11005	MONDO:0012805	biolink:causes	1
0.9211594	HGNC:11027	MONDO:0008368	biolink:causes	1
0.9766074	HGNC:11027	MONDO:0012700	biolink:causes	1
0.9766074	HGNC:11027	MONDO:0012700	biolink:gene_associated_with_condition	1
0.0430862	HGNC:11050	MONDO:0008114	biolink:contributes_to	1
0.7269059	HGNC:10906	MONDO:0013214	biolink:causes	1
0.98362017	HGNC:10908	MONDO:0008787	biolink:gene_associated_with_condition	1
0.99089456	HGNC:10914	MONDO:0000902	biolink:causes	1
0.9958902	HGNC:23094	MONDO:0012786	biolink:causes	1
0.96112525	HGNC:10937	MONDO:0957955	biolink:causes	1
0.9261865	HGNC:10994	MONDO:0007740	biolink:causes	1
0.989369	HGNC:10994	MONDO:0009107	biolink:causes	1
0.51468164	HGNC:14468	MONDO:0017173	biolink:gene_associated_with_condition	1
0.92328936	HGNC:10998	MONDO:0012089	biolink:gene_associated_with_condition	1
0.022258233	HGNC:13941	MONDO:0033259	biolink:causes	1
0.9855832	HGNC:16187	MONDO:0100428	biolink:causes	1
0.9221432	HGNC:19046	MONDO:0014343	biolink:causes	1
0.78559524	HGNC:11100	MONDO:0013821	biolink:causes	1
0.92371297	HGNC:11100	MONDO:0014343	biolink:causes	1
0.17149335	HGNC:11100	MONDO:0018761	biolink:gene_associated_with_condition	1
0.4700308	HGNC:11119	MONDO:0011556	biolink:causes	1
0.8989077	HGNC:11153	MONDO:0007301	biolink:gene_associated_with_condition	1
0.95651937	HGNC:14344	MONDO:0011579	biolink:gene_associated_with_condition	1
0.9164234	HGNC:1346	MONDO:0012412	biolink:causes	1
0.99780446	HGNC:29521	MONDO:0009033	biolink:causes	1
0.98882174	HGNC:1371	MONDO:0007747	biolink:gene_associated_with_condition	1
0.3039018	HGNC:1388	MONDO:0007163	biolink:causes	1
0.3039018	HGNC:1388	MONDO:0007163	biolink:gene_associated_with_condition	1
0.0064814743	HGNC:1388	MONDO:0019113	biolink:gene_associated_with_condition	1
0.17448713	HGNC:1390	MONDO:0008542	biolink:causes	1
0.6385893	HGNC:1397	MONDO:0042979	biolink:causes	1
0.24234955	HGNC:1397	MONDO:0008570	biolink:contributes_to	1
0.45583427	HGNC:16709	MONDO:0032907	biolink:causes	1
0.4195184	HGNC:26276	MONDO:0016539	biolink:gene_associated_with_condition	1
0.35179344	HGNC:26276	MONDO:0018245	biolink:gene_associated_with_condition	1
0.21741892	HGNC:1514	MONDO:0007791	biolink:causes	1
0.9715603	HGNC:1514	MONDO:0009397	biolink:causes	1
0.9715603	HGNC:1514	MONDO:0009397	biolink:gene_associated_with_condition	1
0.9641501	HGNC:1514	MONDO:0011013	biolink:causes	1
0.0173241	HGNC:1514	MONDO:0013032	biolink:contributes_to	1
0.61084294	HGNC:1516	MONDO:0013571	biolink:gene_associated_with_condition	1
0.7395804	HGNC:1539	MONDO:0020316	biolink:gene_associated_with_condition	1
0.942202	HGNC:29253	MONDO:0014343	biolink:causes	1
0.93257993	HGNC:26185	MONDO:0030714	biolink:causes	1
0.98009884	HGNC:26185	MONDO:0009820	biolink:causes	1
0.33157736	HGNC:11164	MONDO:0015783	biolink:gene_associated_with_condition	1
0.99967	HGNC:14245	MONDO:0971171	biolink:causes	1
0.22128808	HGNC:27845	MONDO:0020855	biolink:causes	1
0.88956606	HGNC:11184	MONDO:0030055	biolink:causes	1
0.5479274	HGNC:11199	MONDO:0019032	biolink:gene_associated_with_condition	1
0.9782422	HGNC:20423	MONDO:0009549	biolink:gene_associated_with_condition	1
0.60961187	HGNC:29022	MONDO:0010850	biolink:causes	1
0.012198038	HGNC:26933	MONDO:0976265	biolink:causes	1
0.9883096	HGNC:20249	MONDO:0007922	biolink:causes	1
0.9758656	HGNC:20249	MONDO:0012669	biolink:causes	1
0.002381094	HGNC:11272	MONDO:0010053	biolink:causes	1
0.84460497	HGNC:11402	MONDO:0975828	biolink:causes	1
0.7924031	HGNC:11311	MONDO:0016281	biolink:gene_associated_with_condition	1
0.8336932	HGNC:11311	MONDO:0015779	biolink:gene_associated_with_condition	1
0.70980024	HGNC:11326	MONDO:0010490	biolink:gene_associated_with_condition	1
0.9642678	HGNC:10872	MONDO:0018274	biolink:gene_associated_with_condition	1
0.9058611	HGNC:11364	MONDO:0007818	biolink:causes	1
0.91859335	HGNC:11367	MONDO:0014343	biolink:causes	1
0.76957214	HGNC:11367	MONDO:0100219	biolink:causes	1
0.9152702	HGNC:26239	MONDO:0049222	biolink:causes	1
0.33273268	HGNC:11427	MONDO:0014339	biolink:causes	1
0.9808899	HGNC:11449	MONDO:0009504	biolink:causes	1
0.851466	HGNC:16001	MONDO:0009283	biolink:gene_associated_with_condition	1
0.9808204	HGNC:11460	MONDO:0010089	biolink:gene_associated_with_condition	1
0.83248246	HGNC:11480	MONDO:0033620	biolink:causes	1
0.85016	HGNC:11490	MONDO:0009776	biolink:causes	1
0.6550596	HGNC:17084	MONDO:0013072	biolink:causes	1
0.7050835	HGNC:11503	MONDO:0014233	biolink:causes	1
0.0348339	HGNC:11506	MONDO:0010429	biolink:causes	1
0.5204927	HGNC:17075	MONDO:0008542	biolink:causes	1
0.6966714	HGNC:11530	MONDO:0008777	biolink:gene_associated_with_condition	1
0.70737785	HGNC:30740	MONDO:0014398	biolink:causes	1
0.70737785	HGNC:30740	MONDO:0014398	biolink:gene_associated_with_condition	1
0.9299181	HGNC:29183	MONDO:0859148	biolink:causes	1
0.99769574	HGNC:16133	MONDO:0014296	biolink:causes	1
0.95354426	HGNC:11581	MONDO:0044646	biolink:causes	1
0.99999666	HGNC:28261	MONDO:0014823	biolink:causes	1
0.9998086	HGNC:11594	MONDO:0009845	biolink:gene_associated_with_condition	1
0.98086756	HGNC:11598	MONDO:0020434	biolink:gene_associated_with_condition	1
0.9812082	HGNC:11598	MONDO:0008542	biolink:causes	1
0.011355899	HGNC:11633	MONDO:0600030	biolink:gene_associated_with_condition	1
0.1398612	HGNC:11633	MONDO:0957428	biolink:gene_associated_with_condition	1
0.8603505	HGNC:18884	MONDO:0011801	biolink:gene_associated_with_condition	1
0.6673881	HGNC:11714	MONDO:0008377	biolink:causes	1
0.9856235	HGNC:11727	MONDO:0012197	biolink:gene_associated_with_condition	1
0.99999964	HGNC:11727	MONDO:0007485	biolink:causes	1
0.012155761	HGNC:25941	MONDO:0015041	biolink:gene_associated_with_condition	1
0.4101085	HGNC:25941	MONDO:0019157	biolink:gene_associated_with_condition	1
0.9894873	HGNC:11743	MONDO:0008209	biolink:causes	1
0.8432343	HGNC:11743	MONDO:0018758	biolink:gene_associated_with_condition	1
0.5392504	HGNC:11758	MONDO:0014295	biolink:causes	1
0.9977449	HGNC:11762	MONDO:0011417	biolink:causes	1
0.8913843	HGNC:11762	MONDO:0958085	biolink:gene_associated_with_condition	1
0.99835986	HGNC:11768	MONDO:0007363	biolink:causes	1
0.95729834	HGNC:11773	MONDO:0014343	biolink:causes	1
0.68744314	HGNC:11773	MONDO:0017308	biolink:gene_associated_with_condition	1
0.99345523	HGNC:11773	MONDO:0007524	biolink:causes	1
0.9777855	HGNC:11773	MONDO:0007363	biolink:causes	1
0.77196634	HGNC:19073	MONDO:0010496	biolink:gene_associated_with_condition	1
0.6919752	HGNC:23656	MONDO:0044724	biolink:gene_associated_with_condition	1
0.49173144	HGNC:11828	MONDO:0031446	biolink:causes	1
0.9358009	HGNC:24552	MONDO:0032927	biolink:causes	1
0.6722941	HGNC:24552	MONDO:0008922	biolink:gene_associated_with_condition	1
0.7656506	HGNC:28472	MONDO:0011459	biolink:causes	1
0.9999974	HGNC:25186	MONDO:0011833	biolink:causes	1
0.9958455	HGNC:16517	MONDO:0008788	biolink:gene_associated_with_condition	1
0.7060611	HGNC:30739	MONDO:0032887	biolink:causes	1
0.9937285	HGNC:11943	MONDO:0013195	biolink:causes	1
0.6176989	HGNC:11947	MONDO:0013369	biolink:causes	1
0.75094706	HGNC:11998	MONDO:0015278	biolink:gene_associated_with_condition	1
0.38892698	HGNC:11998	MONDO:0016681	biolink:gene_associated_with_condition	1
0.09405909	HGNC:11998	MONDO:0008734	biolink:contributes_to	1
0.6681425	HGNC:11998	MONDO:0009050	biolink:gene_associated_with_condition	1
0.7870447	HGNC:12009	MONDO:0014221	biolink:causes	1
0.9650526	HGNC:12011	MONDO:0007157	biolink:causes	1
0.92018664	HGNC:17861	MONDO:0014343	biolink:causes	1
0.9944629	HGNC:20456	MONDO:0032572	biolink:causes	1
0.7148121	HGNC:19943	MONDO:0032894	biolink:causes	1
0.9513219	HGNC:24284	MONDO:0044696	biolink:gene_associated_with_condition	1
0.025914948	HGNC:12271	MONDO:0020512	biolink:gene_associated_with_condition	1
0.80929095	HGNC:16380	MONDO:0009683	biolink:causes	1
0.9687543	HGNC:17993	MONDO:0020745	biolink:causes	1
0.6281371	HGNC:17993	MONDO:0011474	biolink:causes	1
0.988193	HGNC:20087	MONDO:0008377	biolink:causes	1
0.98667115	HGNC:26006	MONDO:0014063	biolink:causes	1
0.5521144	HGNC:12417	MONDO:0014294	biolink:gene_associated_with_condition	1
0.99999213	HGNC:20670	MONDO:0008693	biolink:causes	1
0.99999213	HGNC:20670	MONDO:0008693	biolink:gene_associated_with_condition	1
0.9999435	HGNC:20670	MONDO:0008853	biolink:gene_associated_with_condition	1
0.96645486	HGNC:20652	MONDO:0030819	biolink:causes	1
0.15000923	HGNC:12440	MONDO:0012682	biolink:causes	1
0.15000923	HGNC:12440	MONDO:0012682	biolink:gene_associated_with_condition	1
0.7502113	HGNC:12469	MONDO:0026777	biolink:gene_associated_with_condition	1
0.96369904	HGNC:12527	MONDO:0032895	biolink:causes	1
0.9278424	HGNC:30594	MONDO:0859164	biolink:causes	1
0.4912778	HGNC:20439	MONDO:0010655	biolink:gene_associated_with_condition	1
0.99571854	HGNC:26444	MONDO:0010167	biolink:gene_associated_with_condition	1
0.92226005	HGNC:12631	MONDO:0009050	biolink:gene_associated_with_condition	1
0.0056210062	HGNC:12624	MONDO:0976128	biolink:contributes_to	1
0.9236031	HGNC:2464	MONDO:0007740	biolink:gene_associated_with_condition	1
0.82873744	HGNC:2464	MONDO:0008490	biolink:causes	1
0.9997098	HGNC:12668	MONDO:0010767	biolink:causes	1
0.2599821	HGNC:23663	MONDO:0011837	biolink:causes	1
0.98271495	HGNC:12713	MONDO:0030312	biolink:causes	1
0.4553628	HGNC:12718	MONDO:0018507	biolink:gene_associated_with_condition	1
0.8715535	HGNC:12718	MONDO:0957876	biolink:causes	1
0.7525478	HGNC:12729	MONDO:0957218	biolink:causes	1
0.9898065	HGNC:28027	MONDO:0009008	biolink:gene_associated_with_condition	1
0.9799559	HGNC:18340	MONDO:0013719	biolink:causes	1
0.9304397	HGNC:18340	MONDO:0008377	biolink:causes	1
0.97395056	HGNC:18340	MONDO:0013718	biolink:causes	1
0.9922092	HGNC:21208	MONDO:0054636	biolink:causes	1
0.9983359	HGNC:29250	MONDO:0013323	biolink:causes	1
0.9670048	HGNC:26600	MONDO:0054794	biolink:causes	1
0.0070820427	HGNC:15939	MONDO:0975835	biolink:causes	1
0.004883304	HGNC:12781	MONDO:0032575	biolink:causes	1
0.9984686	HGNC:12784	MONDO:0024455	biolink:causes	1
0.76724625	HGNC:12786	MONDO:0009232	biolink:causes	1
0.93868613	HGNC:12776	MONDO:0009820	biolink:causes	1
0.94513744	HGNC:12796	MONDO:0007635	biolink:gene_associated_with_condition	1
0.92753375	HGNC:592	MONDO:0024551	biolink:causes	1
0.7818386	HGNC:592	MONDO:0010385	biolink:gene_associated_with_condition	1
0.43411684	HGNC:25489	MONDO:0019448	biolink:gene_associated_with_condition	1
0.68609285	HGNC:18326	MONDO:0008377	biolink:causes	1
0.88898706	HGNC:30935	MONDO:0011243	biolink:gene_associated_with_condition	1
0.9814621	HGNC:20152	MONDO:0007828	biolink:causes	1
0.03938381	HGNC:28449	MONDO:0033980	biolink:gene_associated_with_condition	1
0.99984896	HGNC:23216	MONDO:0024543	biolink:causes	1
0.94835824	HGNC:25843	MONDO:0012446	biolink:gene_associated_with_condition	1
0.99749255	HGNC:10610	MONDO:0004951	biolink:contributes_to	1
0.65710956	HGNC:1607	MONDO:0016356	biolink:gene_associated_with_condition	1
0.019255873	HGNC:1754	MONDO:0012946	biolink:causes	1
0.0017289236	HGNC:13733	MONDO:0054601	biolink:contributes_to	1
0.3176937	HGNC:1773	MONDO:0012183	biolink:contributes_to	1
0.79844534	HGNC:1785	MONDO:0012552	biolink:causes	1
0.86263996	HGNC:17104	MONDO:0013642	biolink:causes	1
0.6922169	HGNC:24576	MONDO:0013431	biolink:causes	1
0.55011064	HGNC:1810	MONDO:0010767	biolink:causes	1
0.8684555	HGNC:1161	MONDO:0009359	biolink:gene_associated_with_condition	1
0.9249466	HGNC:25815	MONDO:0014343	biolink:causes	1
0.14252993	HGNC:28514	MONDO:0033622	biolink:causes	1
0.9712815	HGNC:14253	MONDO:0014545	biolink:gene_associated_with_condition	1
0.99998736	HGNC:25325	MONDO:0032859	biolink:causes	1
0.992949	HGNC:1301	MONDO:0014211	biolink:causes	1
0.71305424	HGNC:18292	MONDO:0011546	biolink:causes	1
0.796992	HGNC:18292	MONDO:0016302	biolink:gene_associated_with_condition	1
0.9999976	HGNC:1884	MONDO:0009061	biolink:causes	1
0.9313983	HGNC:15559	MONDO:0014532	biolink:gene_associated_with_condition	1
0.06281739	HGNC:16171	MONDO:0011547	biolink:causes	1
0.97032946	HGNC:1952	MONDO:0007032	biolink:gene_associated_with_condition	1
0.9099663	HGNC:1971	MONDO:0014343	biolink:causes	1
0.70412946	HGNC:26877	MONDO:0010092	biolink:causes	1
0.70412946	HGNC:26877	MONDO:0010092	biolink:gene_associated_with_condition	1
0.00703595	HGNC:2019	MONDO:0100468	biolink:causes	1
0.97228074	HGNC:2019	MONDO:0009715	biolink:causes	1
0.9990422	HGNC:2022	MONDO:0010250	biolink:causes	1
0.9990422	HGNC:2022	MONDO:0010250	biolink:gene_associated_with_condition	1
0.6923737	HGNC:2077	MONDO:0011144	biolink:causes	1
0.3027179	HGNC:2088	MONDO:0060729	biolink:causes	1
0.9599681	HGNC:105	MONDO:0009007	biolink:causes	1
0.9564129	HGNC:18620	MONDO:0019407	biolink:gene_associated_with_condition	1
0.9319548	HGNC:2197	MONDO:0007244	biolink:gene_associated_with_condition	1
0.9732118	HGNC:2197	MONDO:0008148	biolink:gene_associated_with_condition	1
0.9698944	HGNC:2197	MONDO:0014343	biolink:causes	1
0.9588628	HGNC:2197	MONDO:0020521	biolink:causes	1
0.9634434	HGNC:2200	MONDO:0008479	biolink:causes	1
0.9108343	HGNC:2200	MONDO:0011496	biolink:causes	1
0.9108343	HGNC:2200	MONDO:0011496	biolink:gene_associated_with_condition	1
0.011016589	HGNC:2200	MONDO:0019669	biolink:gene_associated_with_condition	1
0.98370886	HGNC:2200	MONDO:0007895	biolink:gene_associated_with_condition	1
0.99678195	HGNC:2200	MONDO:0007949	biolink:causes	1
0.9594821	HGNC:2200	MONDO:0008476	biolink:causes	1
0.6868154	HGNC:2200	MONDO:0012287	biolink:causes	1
0.024171498	HGNC:2200	MONDO:0016202	biolink:gene_associated_with_condition	1
0.9356227	HGNC:2200	MONDO:0008490	biolink:causes	1
0.9294686	HGNC:2185	MONDO:0014343	biolink:causes	1
0.56422925	HGNC:2188	MONDO:0014654	biolink:causes	1
0.9632399	HGNC:2188	MONDO:0034022	biolink:gene_associated_with_condition	1
0.89255124	HGNC:22986	MONDO:0014343	biolink:causes	1
0.9680484	HGNC:22986	MONDO:0014061	biolink:gene_associated_with_condition	1
0.93564254	HGNC:17213	MONDO:0014343	biolink:causes	1
0.99212015	HGNC:2226	MONDO:0020346	biolink:gene_associated_with_condition	1
0.35237607	HGNC:2230	MONDO:0014629	biolink:gene_associated_with_condition	1
0.35237607	HGNC:2230	MONDO:0014629	biolink:contributes_to	1
0.86658764	HGNC:16812	MONDO:0012784	biolink:gene_associated_with_condition	1
0.96472377	HGNC:2252	MONDO:0014168	biolink:gene_associated_with_condition	1
0.9902636	HGNC:2261	MONDO:0859520	biolink:causes	1
0.99935156	HGNC:20213	MONDO:0859160	biolink:causes	1
0.41032103	HGNC:2326	MONDO:0859250	biolink:causes	1
0.82422537	HGNC:18688	MONDO:0014539	biolink:causes	1
0.0032981415	HGNC:14630	MONDO:0035556	biolink:gene_associated_with_condition	1
0.9465282	HGNC:2379	MONDO:0008148	biolink:gene_associated_with_condition	1
0.9985474	HGNC:2379	MONDO:0012892	biolink:causes	1
0.9395741	HGNC:2379	MONDO:0014343	biolink:causes	1
0.9417591	HGNC:2379	MONDO:0009804	biolink:gene_associated_with_condition	1
0.34746915	HGNC:2395	MONDO:0007283	biolink:causes	1
0.8973252	HGNC:2411	MONDO:0011430	biolink:gene_associated_with_condition	1
0.80163795	HGNC:2411	MONDO:0018611	biolink:gene_associated_with_condition	1
0.58415544	HGNC:2411	MONDO:0020375	biolink:gene_associated_with_condition	1
0.0105908755	HGNC:2418	MONDO:0014603	biolink:causes	1
0.9794176	HGNC:2472	MONDO:0012804	biolink:causes	1
0.67000425	HGNC:2478	MONDO:0032804	biolink:causes	1
0.9519761	HGNC:13723	MONDO:0014213	biolink:causes	1
0.025050974	HGNC:2509	MONDO:0012162	biolink:causes	1
0.5267022	HGNC:2514	MONDO:0018055	biolink:gene_associated_with_condition	1
0.4837789	HGNC:2514	MONDO:0008673	biolink:gene_associated_with_condition	1
0.66534936	HGNC:2514	MONDO:0014035	biolink:causes	1
0.8134884	HGNC:2514	MONDO:0016216	biolink:gene_associated_with_condition	1
0.76776296	HGNC:2514	MONDO:0007564	biolink:causes	1
0.76776296	HGNC:2514	MONDO:0007564	biolink:gene_associated_with_condition	1
0.90821767	HGNC:9251	MONDO:0009737	biolink:causes	1
0.5233471	HGNC:2553	MONDO:0013782	biolink:gene_associated_with_condition	1
0.92557037	HGNC:10664	MONDO:0009598	biolink:gene_associated_with_condition	1
0.5917138	HGNC:10664	MONDO:0008377	biolink:causes	1
0.714549	HGNC:2873	MONDO:0009606	biolink:causes	1
0.99921525	HGNC:2578	MONDO:0010600	biolink:causes	1
0.84803295	HGNC:2578	MONDO:0010389	biolink:causes	1
0.5380946	HGNC:2594	MONDO:0013301	biolink:gene_associated_with_condition	1
0.99580127	HGNC:2731	MONDO:0010077	biolink:gene_associated_with_condition	1
0.73110723	HGNC:18674	MONDO:0014809	biolink:gene_associated_with_condition	1
0.9996877	HGNC:2760	MONDO:0030457	biolink:causes	1
0.93301487	HGNC:2770	MONDO:0008407	biolink:causes	1
0.7937891	HGNC:2876	MONDO:0007424	biolink:causes	1
0.9080103	HGNC:2919	MONDO:0014343	biolink:causes	1
0.58979964	HGNC:2928	MONDO:0016097	biolink:gene_associated_with_condition	1
0.99956995	HGNC:21493	MONDO:0014203	biolink:causes	1
0.6255105	HGNC:5228	MONDO:0014866	biolink:gene_associated_with_condition	1
0.9847941	HGNC:27030	MONDO:0014887	biolink:causes	1
0.93418276	HGNC:2956	MONDO:0013743	biolink:gene_associated_with_condition	1
0.6289672	HGNC:2976	MONDO:0011397	biolink:causes	1
0.6289672	HGNC:2976	MONDO:0011397	biolink:gene_associated_with_condition	1
0.8585017	HGNC:19190	MONDO:0014371	biolink:causes	1
0.94526374	HGNC:2995	MONDO:0011964	biolink:gene_associated_with_condition	1
0.96677923	HGNC:3005	MONDO:0012123	biolink:gene_associated_with_condition	1
0.5644931	HGNC:28769	MONDO:0008377	biolink:causes	1
0.9301894	HGNC:3036	MONDO:0017402	biolink:gene_associated_with_condition	1
0.8215436	HGNC:3048	MONDO:0014218	biolink:causes	1
0.8215436	HGNC:3048	MONDO:0014218	biolink:gene_associated_with_condition	1
0.78891945	HGNC:17328	MONDO:0013559	biolink:causes	1
0.59432906	HGNC:2961	MONDO:0013644	biolink:causes	1
0.78600377	HGNC:3146	MONDO:0013473	biolink:causes	1
0.8095724	HGNC:3218	MONDO:0008377	biolink:causes	1
0.90779966	HGNC:3226	MONDO:0014343	biolink:causes	1
0.73031694	HGNC:24650	MONDO:0019896	biolink:gene_associated_with_condition	1
0.6819037	HGNC:3260	MONDO:0015519	biolink:gene_associated_with_condition	1
0.8268505	HGNC:3330	MONDO:0010873	biolink:causes	1
0.6869235	HGNC:3356	MONDO:0008817	biolink:causes	1
0.7386247	HGNC:3356	MONDO:0009925	biolink:gene_associated_with_condition	1
0.9107895	HGNC:3356	MONDO:0014227	biolink:gene_associated_with_condition	1
0.6108245	HGNC:3373	MONDO:0020769	biolink:causes	1
0.6158278	HGNC:3373	MONDO:0013364	biolink:causes	1
0.83856815	HGNC:3374	MONDO:0016599	biolink:gene_associated_with_condition	1
0.11125384	HGNC:3395	MONDO:0020785	biolink:causes	1
0.5642694	HGNC:3423	MONDO:0043364	biolink:causes	1
0.18276145	HGNC:18173	MONDO:0007191	biolink:gene_associated_with_condition	1
0.6513479	HGNC:3436	MONDO:0019569	biolink:gene_associated_with_condition	1
0.616534	HGNC:3468	MONDO:0032590	biolink:causes	1
0.9998692	HGNC:23287	MONDO:0011229	biolink:causes	1
0.08501421	HGNC:3508	MONDO:0019373	biolink:gene_associated_with_condition	1
0.22035064	MONDO:0006065	HGNC:6949	biolink:causes	1
0.8827069	MONDO:0007042	HGNC:3689	biolink:causes	1
0.8827069	MONDO:0007042	HGNC:3689	biolink:gene_associated_with_condition	1
0.041777793	MONDO:0007077	HGNC:7105	biolink:causes	1
0.041777793	MONDO:0007077	HGNC:7105	biolink:gene_associated_with_condition	1
0.9942268	MONDO:0007086	HGNC:2204	biolink:gene_associated_with_condition	1
0.29163876	MONDO:0007137	HGNC:8117	biolink:gene_associated_with_condition	1
0.9685744	MONDO:0007216	HGNC:1069	biolink:causes	1
0.9641196	MONDO:0007216	HGNC:1077	biolink:gene_associated_with_condition	1
0.990893	MONDO:0007216	HGNC:4220	biolink:causes	1
0.990893	MONDO:0007216	HGNC:4220	biolink:gene_associated_with_condition	1
0.8875219	MONDO:0007232	HGNC:18083	biolink:causes	1
0.8875219	MONDO:0007232	HGNC:18083	biolink:gene_associated_with_condition	1
0.03685998	MONDO:0007269	HGNC:6636	biolink:gene_associated_with_condition	1
0.34746915	MONDO:0007283	HGNC:2395	biolink:causes	1
0.12527989	MONDO:0007374	HGNC:30791	biolink:gene_associated_with_condition	1
0.86399645	MONDO:0007378	HGNC:15804	biolink:causes	1
0.018709548	MONDO:0007454	HGNC:6081	biolink:causes	1
0.9616384	MONDO:0007495	HGNC:4193	biolink:causes	1
0.8772047	MONDO:0007508	HGNC:15979	biolink:causes	1
0.9843822	MONDO:0007537	HGNC:7883	biolink:causes	1
0.96844983	MONDO:0007571	HGNC:10597	biolink:causes	1
0.96844983	MONDO:0007571	HGNC:10597	biolink:gene_associated_with_condition	1
0.9995437	MONDO:0007610	HGNC:35	biolink:gene_associated_with_condition	1
0.8845878	MONDO:0007615	HGNC:13243	biolink:causes	1
0.94513744	MONDO:0007635	HGNC:12796	biolink:gene_associated_with_condition	1
0.5006114	MONDO:0007716	HGNC:4824	biolink:gene_associated_with_condition	1
0.49352562	MONDO:0007716	HGNC:4823	biolink:gene_associated_with_condition	1
0.3680376	MONDO:0007750	HGNC:601	biolink:contributes_to	1
0.69347274	MONDO:0007758	HGNC:6423	biolink:gene_associated_with_condition	1
0.5977229	MONDO:0007767	HGNC:7010	biolink:causes	1
0.66714585	MONDO:0007808	HGNC:6412	biolink:gene_associated_with_condition	1
0.28575522	MONDO:0007813	HGNC:6439	biolink:causes	1
0.28575522	MONDO:0007813	HGNC:6439	biolink:gene_associated_with_condition	1
0.73138845	MONDO:0007856	HGNC:20788	biolink:causes	1
0.73138845	MONDO:0007856	HGNC:20788	biolink:gene_associated_with_condition	1
0.98859787	MONDO:0007881	HGNC:13829	biolink:causes	1
0.14057176	MONDO:0007932	HGNC:34	biolink:contributes_to	1
0.76599056	MONDO:0007944	HGNC:11654	biolink:causes	1
0.9998702	MONDO:0007974	HGNC:20444	biolink:causes	1
0.5296235	MONDO:0007979	HGNC:9644	biolink:causes	1
0.5296235	MONDO:0007979	HGNC:9644	biolink:gene_associated_with_condition	1
0.9973803	MONDO:0007987	HGNC:13869	biolink:causes	1
0.95981055	MONDO:0008019	HGNC:12783	biolink:causes	1
0.95981055	MONDO:0008019	HGNC:12783	biolink:gene_associated_with_condition	1
0.7810619	MONDO:0008097	HGNC:5173	biolink:causes	1
0.7810619	MONDO:0008097	HGNC:5173	biolink:gene_associated_with_condition	1
0.0430862	MONDO:0008114	HGNC:11050	biolink:contributes_to	1
0.8288086	MONDO:0008119	HGNC:10548	biolink:causes	1
0.9863236	MONDO:0008123	HGNC:4040	biolink:gene_associated_with_condition	1
0.9732118	MONDO:0008148	HGNC:2197	biolink:gene_associated_with_condition	1
0.9465282	MONDO:0008148	HGNC:2379	biolink:gene_associated_with_condition	1
0.77501404	MONDO:0008148	HGNC:9255	biolink:gene_associated_with_condition	1
0.37833655	MONDO:0008156	HGNC:2025	biolink:gene_associated_with_condition	1
0.66729695	MONDO:0008259	HGNC:27310	biolink:causes	1
0.493789	MONDO:0008278	HGNC:6770	biolink:causes	1
0.8937062	MONDO:0008302	HGNC:4510	biolink:causes	1
0.8183423	MONDO:0008306	HGNC:6174	biolink:gene_associated_with_condition	1
0.37175182	MONDO:0008310	HGNC:6636	biolink:gene_associated_with_condition	1
0.5862334	MONDO:0008310	HGNC:12877	biolink:gene_associated_with_condition	1
0.9628755	MONDO:0008393	HGNC:2348	biolink:causes	1
0.9628755	MONDO:0008393	HGNC:2348	biolink:gene_associated_with_condition	1
0.48282692	MONDO:0008434	HGNC:29059	biolink:gene_associated_with_condition	1
0.99516255	MONDO:0008477	HGNC:18083	biolink:causes	1
0.5434446	MONDO:0008485	HGNC:6427	biolink:gene_associated_with_condition	1
0.21583281	MONDO:0008558	HGNC:15626	biolink:gene_associated_with_condition	1
0.24234955	MONDO:0008570	HGNC:1397	biolink:contributes_to	1
0.9995059	MONDO:0008684	HGNC:2309	biolink:gene_associated_with_condition	1
0.38188872	MONDO:0008684	HGNC:12768	biolink:gene_associated_with_condition	1
0.41119808	MONDO:0008684	HGNC:25985	biolink:gene_associated_with_condition	1
0.94859684	MONDO:0008689	HGNC:28993	biolink:causes	1
0.99999213	MONDO:0008693	HGNC:20670	biolink:causes	1
0.99999213	MONDO:0008693	HGNC:20670	biolink:gene_associated_with_condition	1
0.99503714	MONDO:0008710	HGNC:14263	biolink:causes	1
0.65947086	MONDO:0008720	HGNC:11596	biolink:causes	1
0.65947086	MONDO:0008720	HGNC:11596	biolink:gene_associated_with_condition	1
0.9998087	MONDO:0008740	HGNC:9142	biolink:gene_associated_with_condition	1
0.9891395	MONDO:0008764	HGNC:4689	biolink:causes	1
0.6966714	MONDO:0008777	HGNC:11530	biolink:gene_associated_with_condition	1
0.5065753	MONDO:0008799	HGNC:11195	biolink:gene_associated_with_condition	1
0.6869235	MONDO:0008817	HGNC:3356	biolink:causes	1
0.9999435	MONDO:0008853	HGNC:20670	biolink:gene_associated_with_condition	1
0.9563854	MONDO:0008858	HGNC:8140	biolink:gene_associated_with_condition	1
0.5866288	MONDO:0008862	HGNC:6937	biolink:causes	1
0.9784176	MONDO:0008881	HGNC:2500	biolink:causes	1
0.98116344	MONDO:0008964	HGNC:3018	biolink:causes	1
0.98116344	MONDO:0008964	HGNC:3018	biolink:gene_associated_with_condition	1
0.62894696	MONDO:0008998	HGNC:3438	biolink:gene_associated_with_condition	1
0.42200944	MONDO:0009002	HGNC:10526	biolink:causes	1
0.20733733	MONDO:0009006	HGNC:1248	biolink:causes	1
0.36805144	MONDO:0009031	HGNC:17321	biolink:gene_associated_with_condition	1
0.79480696	MONDO:0009053	HGNC:9722	biolink:causes	1
0.79480696	MONDO:0009053	HGNC:9722	biolink:gene_associated_with_condition	1
0.11602595	MONDO:0009061	HGNC:11766	biolink:contributes_to	1
0.9999976	MONDO:0009061	HGNC:1884	biolink:causes	1
0.112577274	MONDO:0009061	HGNC:3616	biolink:contributes_to	1
0.141003	MONDO:0009061	HGNC:4635	biolink:gene_associated_with_condition	1
0.2348128	MONDO:0009061	HGNC:8941	biolink:gene_associated_with_condition	1
0.026118618	MONDO:0009061	HGNC:10907	biolink:gene_associated_with_condition	1
0.056915864	MONDO:0009061	HGNC:3179	biolink:gene_associated_with_condition	1
0.0973182	MONDO:0009061	HGNC:7097	biolink:gene_associated_with_condition	1
0.013280729	MONDO:0009061	HGNC:14469	biolink:gene_associated_with_condition	1
0.99369335	MONDO:0009070	HGNC:24247	biolink:causes	1
0.99369335	MONDO:0009070	HGNC:24247	biolink:gene_associated_with_condition	1
0.33320695	MONDO:0009101	HGNC:12762	biolink:causes	1
0.39865664	MONDO:0009110	HGNC:10939	biolink:gene_associated_with_condition	1
0.6290499	MONDO:0009115	HGNC:6530	biolink:causes	1
0.19120413	MONDO:0009157	HGNC:12775	biolink:causes	1
0.9993538	MONDO:0009161	HGNC:218	biolink:causes	1
0.9939336	MONDO:0009212	HGNC:3528	biolink:causes	1
0.9968867	MONDO:0009216	HGNC:11006	biolink:causes	1
0.90018976	MONDO:0009255	HGNC:4118	biolink:gene_associated_with_condition	1
0.9688569	MONDO:0009266	HGNC:4177	biolink:gene_associated_with_condition	1
0.9653345	MONDO:0009274	HGNC:11609	biolink:causes	1
0.874487	MONDO:0009279	HGNC:13666	biolink:causes	1
0.45354083	MONDO:0009279	HGNC:25751	biolink:gene_associated_with_condition	1
0.7784031	MONDO:0009315	HGNC:3530	biolink:causes	1
0.057237457	MONDO:0009360	HGNC:19967	biolink:causes	1
0.99867827	MONDO:0009364	HGNC:9202	biolink:causes	1
0.86647636	MONDO:0009377	HGNC:17996	biolink:causes	1
0.86647636	MONDO:0009377	HGNC:17996	biolink:gene_associated_with_condition	1
0.99994516	MONDO:0009411	HGNC:360	biolink:gene_associated_with_condition	1
0.9913538	MONDO:0009419	HGNC:25784	biolink:causes	1
0.99999416	MONDO:0009431	HGNC:20305	biolink:causes	1
0.7531286	MONDO:0009451	HGNC:12765	biolink:gene_associated_with_condition	1
0.9821293	MONDO:0009459	HGNC:10597	biolink:causes	1
0.91762674	MONDO:0009459	HGNC:10582	biolink:gene_associated_with_condition	1
0.09385264	MONDO:0009472	HGNC:7646	biolink:causes	1
0.7412361	MONDO:0009477	HGNC:1857	biolink:causes	1
0.7412361	MONDO:0009477	HGNC:1857	biolink:gene_associated_with_condition	1
0.90690243	MONDO:0009490	HGNC:2528	biolink:causes	1
0.95113885	MONDO:0009503	HGNC:21350	biolink:gene_associated_with_condition	1
0.9742328	MONDO:0009520	HGNC:5005	biolink:causes	1
0.9742328	MONDO:0009520	HGNC:5005	biolink:gene_associated_with_condition	1
0.99012846	MONDO:0009544	HGNC:21066	biolink:causes	1
0.9297232	MONDO:0009593	HGNC:4556	biolink:causes	1
0.92557037	MONDO:0009598	HGNC:10664	biolink:gene_associated_with_condition	1
0.714549	MONDO:0009606	HGNC:2873	biolink:causes	1
0.97360027	MONDO:0009615	HGNC:16732	biolink:gene_associated_with_condition	1
0.9544448	MONDO:0009623	HGNC:7652	biolink:gene_associated_with_condition	1
0.9973501	MONDO:0009629	HGNC:19721	biolink:causes	1
0.68537897	MONDO:0009664	HGNC:7523	biolink:gene_associated_with_condition	1
0.9972308	MONDO:0009677	HGNC:10809	biolink:gene_associated_with_condition	1
0.977792	MONDO:0009708	HGNC:7577	biolink:causes	1
0.977792	MONDO:0009708	HGNC:7577	biolink:gene_associated_with_condition	1
0.8971357	MONDO:0009714	HGNC:2212	biolink:gene_associated_with_condition	1
0.85016	MONDO:0009776	HGNC:11490	biolink:causes	1
0.27138633	MONDO:0009796	HGNC:8091	biolink:gene_associated_with_condition	1
0.99474216	MONDO:0009823	HGNC:341	biolink:gene_associated_with_condition	1
0.6566972	MONDO:0009839	HGNC:6893	biolink:causes	1
0.90136236	MONDO:0009843	HGNC:10648	biolink:gene_associated_with_condition	1
0.97019154	MONDO:0009857	HGNC:464	biolink:gene_associated_with_condition	1
0.9993198	MONDO:0009871	HGNC:30477	biolink:causes	1
0.76067877	MONDO:0009879	HGNC:4261	biolink:causes	1
0.97407395	MONDO:0009883	HGNC:9075	biolink:gene_associated_with_condition	1
0.17818883	MONDO:0009892	HGNC:12687	biolink:gene_associated_with_condition	1
0.9704315	MONDO:0009904	HGNC:2027	biolink:gene_associated_with_condition	1
0.7386247	MONDO:0009925	HGNC:3356	biolink:gene_associated_with_condition	1
0.9999913	MONDO:0009934	HGNC:3809	biolink:gene_associated_with_condition	1
0.9404832	MONDO:0009950	HGNC:9020	biolink:gene_associated_with_condition	1
0.9950211	MONDO:0009958	HGNC:8940	biolink:causes	1
0.4341804	MONDO:0009994	HGNC:7765	biolink:gene_associated_with_condition	1
0.6211166	MONDO:0009998	HGNC:18683	biolink:causes	1
0.002381094	MONDO:0010053	HGNC:11272	biolink:causes	1
0.99580127	MONDO:0010077	HGNC:2731	biolink:gene_associated_with_condition	1
0.9584829	MONDO:0010099	HGNC:4367	biolink:causes	1
0.9584829	MONDO:0010099	HGNC:4367	biolink:gene_associated_with_condition	1
0.99917126	MONDO:0010122	HGNC:1366	biolink:causes	1
0.99917126	MONDO:0010122	HGNC:1366	biolink:gene_associated_with_condition	1
0.7584478	MONDO:0010130	HGNC:3012	biolink:causes	1
0.7667069	MONDO:0010135	HGNC:11764	biolink:causes	1
0.9329932	MONDO:0010162	HGNC:5147	biolink:causes	1
0.9329932	MONDO:0010162	HGNC:5147	biolink:gene_associated_with_condition	1
0.5710869	MONDO:0010171	HGNC:12597	biolink:causes	1
0.6854064	MONDO:0010176	HGNC:30497	biolink:gene_associated_with_condition	1
0.661707	MONDO:0010176	HGNC:29162	biolink:gene_associated_with_condition	1
0.98642635	MONDO:0010185	HGNC:25221	biolink:gene_associated_with_condition	1
0.7846692	MONDO:0010214	HGNC:9181	biolink:causes	1
0.8896044	MONDO:0010246	HGNC:14270	biolink:gene_associated_with_condition	1
0.9990422	MONDO:0010250	HGNC:2022	biolink:causes	1
0.9990422	MONDO:0010250	HGNC:2022	biolink:gene_associated_with_condition	1
0.47846645	MONDO:0010269	HGNC:7678	biolink:gene_associated_with_condition	1
0.6762519	MONDO:0010277	HGNC:9910	biolink:gene_associated_with_condition	1
0.66232055	MONDO:0010281	HGNC:6501	biolink:causes	1
0.74284905	MONDO:0010286	HGNC:20672	biolink:causes	1
0.8119181	MONDO:0010335	HGNC:1393	biolink:causes	1
0.027574385	MONDO:0010339	HGNC:11494	biolink:causes	1
0.027574385	MONDO:0010339	HGNC:11494	biolink:gene_associated_with_condition	1
0.90689754	MONDO:0010355	HGNC:11114	biolink:gene_associated_with_condition	1
0.699832	MONDO:0010392	HGNC:8896	biolink:gene_associated_with_condition	1
0.58024836	MONDO:0010397	HGNC:6990	biolink:gene_associated_with_condition	1
0.9425542	MONDO:0010401	HGNC:3702	biolink:causes	1
0.8982941	MONDO:0010417	HGNC:1497	biolink:gene_associated_with_condition	1
0.9578302	MONDO:0010421	HGNC:1133	biolink:gene_associated_with_condition	1
0.0348339	MONDO:0010429	HGNC:11506	biolink:causes	1
0.084863834	MONDO:0010443	HGNC:10295	biolink:causes	1
0.96054363	MONDO:0010455	HGNC:28880	biolink:causes	1
0.77196634	MONDO:0010496	HGNC:19073	biolink:gene_associated_with_condition	1
0.9548097	MONDO:0010504	HGNC:868	biolink:causes	1
0.9715356	MONDO:0010524	HGNC:48	biolink:causes	1
0.6840846	MONDO:0010569	HGNC:6470	biolink:causes	1
0.6840846	MONDO:0010569	HGNC:6470	biolink:gene_associated_with_condition	1
0.5876509	MONDO:0010651	HGNC:869	biolink:causes	1
0.78442043	MONDO:0010656	HGNC:29059	biolink:gene_associated_with_condition	1
0.9914376	MONDO:0010664	HGNC:11123	biolink:gene_associated_with_condition	1
0.7108596	MONDO:0010689	HGNC:8768	biolink:causes	1
0.88101906	MONDO:0010702	HGNC:2567	biolink:gene_associated_with_condition	1
0.74766165	MONDO:0010720	HGNC:644	biolink:gene_associated_with_condition	1
0.9942069	MONDO:0010758	HGNC:24931	biolink:gene_associated_with_condition	1
0.999741	MONDO:0010767	HGNC:21504	biolink:causes	1
0.96074283	MONDO:0010767	HGNC:9912	biolink:causes	1
0.9997098	MONDO:0010767	HGNC:12668	biolink:causes	1
0.55011064	MONDO:0010767	HGNC:1810	biolink:causes	1
0.95529515	MONDO:0010792	HGNC:7499	biolink:gene_associated_with_condition	1
0.6779729	MONDO:0010849	HGNC:638	biolink:gene_associated_with_condition	1
0.1273269	MONDO:0010853	HGNC:5439	biolink:contributes_to	1
0.7487758	MONDO:0010952	HGNC:3999	biolink:gene_associated_with_condition	1
0.85824406	MONDO:0010964	HGNC:2219	biolink:causes	1
0.9700504	MONDO:0010985	HGNC:31750	biolink:causes	1
0.9641501	MONDO:0011013	HGNC:1514	biolink:causes	1
0.6267946	MONDO:0011073	HGNC:9046	biolink:contributes_to	1
0.78811103	MONDO:0011085	HGNC:7679	biolink:causes	1
0.78811103	MONDO:0011085	HGNC:7679	biolink:gene_associated_with_condition	1
0.335138	MONDO:0011091	HGNC:4162	biolink:causes	1
0.335138	MONDO:0011091	HGNC:4162	biolink:gene_associated_with_condition	1
0.99994624	MONDO:0011113	HGNC:29427	biolink:gene_associated_with_condition	1
0.8940611	MONDO:0011156	HGNC:42	biolink:causes	1
0.8940611	MONDO:0011156	HGNC:42	biolink:gene_associated_with_condition	1
0.9005954	MONDO:0011185	HGNC:11771	biolink:gene_associated_with_condition	1
0.7956719	MONDO:0011202	HGNC:28396	biolink:gene_associated_with_condition	1
0.5610258	MONDO:0011239	HGNC:2359	biolink:gene_associated_with_condition	1
0.88898706	MONDO:0011243	HGNC:30935	biolink:gene_associated_with_condition	1
0.04722288	MONDO:0011285	HGNC:613	biolink:contributes_to	1
0.18149918	MONDO:0011285	HGNC:4888	biolink:contributes_to	1
0.9999951	MONDO:0011301	HGNC:24872	biolink:causes	1
0.056818217	MONDO:0011412	HGNC:8943	biolink:causes	1
0.9977449	MONDO:0011417	HGNC:11762	biolink:causes	1
0.8973252	MONDO:0011430	HGNC:2411	biolink:gene_associated_with_condition	1
0.90230376	MONDO:0011430	HGNC:2410	biolink:gene_associated_with_condition	1
0.40638444	MONDO:0011430	HGNC:4281	biolink:gene_associated_with_condition	1
0.7989202	MONDO:0011439	HGNC:9305	biolink:causes	1
0.7989202	MONDO:0011439	HGNC:9305	biolink:gene_associated_with_condition	1
0.8161863	MONDO:0011464	HGNC:19141	biolink:causes	1
0.116808385	MONDO:0011473	HGNC:31923	biolink:causes	1
0.26827696	MONDO:0011490	HGNC:21666	biolink:gene_associated_with_condition	1
0.9525044	MONDO:0011528	HGNC:13203	biolink:causes	1
0.43106166	MONDO:0011532	HGNC:5261	biolink:causes	1
0.72043574	MONDO:0011540	HGNC:9402	biolink:causes	1
0.50153124	MONDO:0011570	HGNC:28845	biolink:causes	1
0.95651937	MONDO:0011579	HGNC:14344	biolink:gene_associated_with_condition	1
0.9675002	MONDO:0011585	HGNC:8157	biolink:gene_associated_with_condition	1
0.04567197	MONDO:0011593	HGNC:30500	biolink:causes	1
0.56787163	MONDO:0011631	HGNC:10909	biolink:gene_associated_with_condition	1
0.52969503	MONDO:0011724	HGNC:11005	biolink:causes	1
0.52969503	MONDO:0011724	HGNC:11005	biolink:gene_associated_with_condition	1
0.9575934	MONDO:0011738	HGNC:4512	biolink:causes	1
0.59248835	MONDO:0011784	HGNC:14539	biolink:contributes_to	1
0.67881274	MONDO:0011789	HGNC:9588	biolink:contributes_to	1
0.8603505	MONDO:0011801	HGNC:18884	biolink:gene_associated_with_condition	1
0.867624	MONDO:0011829	HGNC:15984	biolink:causes	1
0.9999974	MONDO:0011833	HGNC:25186	biolink:causes	1
0.9627463	MONDO:0011889	HGNC:7225	biolink:causes	1
0.937815	MONDO:0011904	HGNC:10588	biolink:gene_associated_with_condition	1
0.6759312	MONDO:0011908	HGNC:17073	biolink:causes	1
0.81794965	MONDO:0011929	HGNC:5273	biolink:gene_associated_with_condition	1
0.20445186	MONDO:0011929	HGNC:7171	biolink:gene_associated_with_condition	1
0.75949425	MONDO:0011935	HGNC:3960	biolink:causes	1
0.99961793	MONDO:0011939	HGNC:124	biolink:causes	1
0.8284407	MONDO:0011959	HGNC:9658	biolink:gene_associated_with_condition	1
0.94526374	MONDO:0011964	HGNC:2995	biolink:gene_associated_with_condition	1
0.8712149	MONDO:0011968	HGNC:10805	biolink:causes	1
0.8712149	MONDO:0011968	HGNC:10805	biolink:gene_associated_with_condition	1
0.65974534	MONDO:0011972	HGNC:3969	biolink:gene_associated_with_condition	1
0.63091964	MONDO:0012004	HGNC:16783	biolink:causes	1
0.09719212	MONDO:0012044	HGNC:11771	biolink:causes	1
0.98372436	MONDO:0012085	HGNC:2950	biolink:causes	1
0.92328936	MONDO:0012089	HGNC:10998	biolink:gene_associated_with_condition	1
0.9784087	MONDO:0012124	HGNC:12382	biolink:causes	1
0.025050974	MONDO:0012162	HGNC:2509	biolink:causes	1
0.9772948	MONDO:0012166	HGNC:25358	biolink:causes	1
0.3176937	MONDO:0012183	HGNC:1773	biolink:contributes_to	1
0.9755107	MONDO:0012203	HGNC:12373	biolink:gene_associated_with_condition	1
0.8803202	MONDO:0012231	HGNC:16877	biolink:gene_associated_with_condition	1
0.8342577	MONDO:0012251	HGNC:559	biolink:causes	1
0.9773859	MONDO:0012276	HGNC:6284	biolink:causes	1
0.8126533	MONDO:0012280	HGNC:23419	biolink:causes	1
0.9927045	MONDO:0012292	HGNC:18365	biolink:contributes_to	1
0.79055244	MONDO:0012345	HGNC:11781	biolink:gene_associated_with_condition	1
0.6018947	MONDO:0012354	HGNC:18124	biolink:causes	1
0.6018947	MONDO:0012354	HGNC:18124	biolink:gene_associated_with_condition	1
0.8606297	MONDO:0012382	HGNC:4799	biolink:causes	1
0.8606297	MONDO:0012382	HGNC:4799	biolink:gene_associated_with_condition	1
0.8719559	MONDO:0012398	HGNC:8790	biolink:causes	1
0.9145514	MONDO:0012411	HGNC:24891	biolink:causes	1
0.81064326	MONDO:0012423	HGNC:21474	biolink:causes	1
0.9969078	MONDO:0012456	HGNC:3808	biolink:causes	1
0.33583865	MONDO:0012460	HGNC:21253	biolink:causes	1
0.782077	MONDO:0012472	HGNC:18518	biolink:causes	1
0.6836461	MONDO:0012488	HGNC:5433	biolink:contributes_to	1
0.83541256	MONDO:0012488	HGNC:5965	biolink:contributes_to	1
0.018801475	MONDO:0012497	HGNC:4393	biolink:causes	1
0.36711785	MONDO:0012521	HGNC:11584	biolink:gene_associated_with_condition	1
0.72755104	MONDO:0012529	HGNC:10411	biolink:causes	1
0.96508294	MONDO:0012541	HGNC:3681	biolink:causes	1
0.85781956	MONDO:0012569	HGNC:20908	biolink:causes	1
0.99960834	MONDO:0012594	HGNC:5394	biolink:causes	1
0.99960834	MONDO:0012594	HGNC:5394	biolink:gene_associated_with_condition	1
0.5240466	MONDO:0012626	HGNC:29021	biolink:causes	1
0.9999999	MONDO:0012634	HGNC:14361	biolink:causes	1
0.9999999	MONDO:0012634	HGNC:14361	biolink:gene_associated_with_condition	1
0.46791708	MONDO:0012650	HGNC:25737	biolink:gene_associated_with_condition	1
0.8590109	MONDO:0012679	HGNC:29017	biolink:gene_associated_with_condition	1
0.91561097	MONDO:0012747	HGNC:414	biolink:causes	1
0.9368237	MONDO:0012792	HGNC:17296	biolink:causes	1
0.9794176	MONDO:0012804	HGNC:2472	biolink:causes	1
0.8764951	MONDO:0012808	HGNC:164	biolink:causes	1
0.96851724	MONDO:0012812	HGNC:11444	biolink:gene_associated_with_condition	1
0.9793483	MONDO:0012864	HGNC:21637	biolink:gene_associated_with_condition	1
0.98960656	MONDO:0012868	HGNC:9456	biolink:causes	1
0.9996044	MONDO:0012892	HGNC:23088	biolink:causes	1
0.99918026	MONDO:0012892	HGNC:12774	biolink:causes	1
0.9976672	MONDO:0012892	HGNC:15517	biolink:causes	1
0.9999901	MONDO:0012892	HGNC:452	biolink:causes	1
0.9903852	MONDO:0012892	HGNC:9083	biolink:gene_associated_with_condition	1
0.9985474	MONDO:0012892	HGNC:2379	biolink:causes	1
0.9994301	MONDO:0012892	HGNC:25535	biolink:causes	1
0.9588845	MONDO:0012892	HGNC:9091	biolink:causes	1
0.9966127	MONDO:0012892	HGNC:1067	biolink:causes	1
0.99982435	MONDO:0012892	HGNC:30301	biolink:causes	1
0.9982602	MONDO:0012892	HGNC:28395	biolink:causes	1
0.9986014	MONDO:0012892	HGNC:26887	biolink:causes	1
0.99940085	MONDO:0012892	HGNC:15516	biolink:causes	1
0.9966564	MONDO:0012892	HGNC:2198	biolink:causes	1
0.99300295	MONDO:0012892	HGNC:19880	biolink:causes	1
0.52304554	MONDO:0012904	HGNC:17019	biolink:causes	1
0.76444423	MONDO:0012912	HGNC:4392	biolink:causes	1
0.76444423	MONDO:0012912	HGNC:4392	biolink:gene_associated_with_condition	1
0.012842077	MONDO:0012924	HGNC:10397	biolink:causes	1
0.99793077	MONDO:0012980	HGNC:21219	biolink:causes	1
1.0	MONDO:0012996	HGNC:4175	biolink:gene_associated_with_condition	1
0.98806787	MONDO:0013005	HGNC:6256	biolink:causes	1
0.9699341	MONDO:0013021	HGNC:6000	biolink:gene_associated_with_condition	1
0.34834826	MONDO:0013033	HGNC:19309	biolink:causes	1
0.9552005	MONDO:0013050	HGNC:24678	biolink:gene_associated_with_condition	1
0.91711444	MONDO:0013058	HGNC:21686	biolink:causes	1
0.91711444	MONDO:0013058	HGNC:21686	biolink:gene_associated_with_condition	1
0.79360306	MONDO:0013070	HGNC:17116	biolink:causes	1
0.658523	MONDO:0013125	HGNC:8975	biolink:causes	1
0.658523	MONDO:0013125	HGNC:8975	biolink:gene_associated_with_condition	1
0.9974892	MONDO:0013171	HGNC:7892	biolink:causes	1
0.9937285	MONDO:0013195	HGNC:11943	biolink:causes	1
0.7814657	MONDO:0013212	HGNC:20	biolink:causes	1
0.3085151	MONDO:0013216	HGNC:10383	biolink:causes	1
0.9985928	MONDO:0013228	HGNC:951	biolink:causes	1
0.73314893	MONDO:0013245	HGNC:13890	biolink:causes	1
0.73314893	MONDO:0013245	HGNC:13890	biolink:gene_associated_with_condition	1
0.92371595	MONDO:0013286	HGNC:1701	biolink:causes	1
0.010797898	MONDO:0013312	HGNC:13210	biolink:causes	1
0.19170788	MONDO:0013345	HGNC:5383	biolink:causes	1
0.4401014	MONDO:0013357	HGNC:21158	biolink:gene_associated_with_condition	1
0.9414551	MONDO:0013357	HGNC:7765	biolink:gene_associated_with_condition	1
0.9738505	MONDO:0013361	HGNC:3535	biolink:gene_associated_with_condition	1
0.6176989	MONDO:0013369	HGNC:11947	biolink:causes	1
0.00056187704	MONDO:0013386	HGNC:27375	biolink:causes	1
0.75269336	MONDO:0013390	HGNC:9069	biolink:gene_associated_with_condition	1
0.80851054	MONDO:0013398	HGNC:9508	biolink:causes	1
0.46229106	MONDO:0013449	HGNC:2383	biolink:causes	1
0.81176084	MONDO:0013458	HGNC:17697	biolink:gene_associated_with_condition	1
0.02343788	MONDO:0013462	HGNC:4017	biolink:causes	1
0.8238644	MONDO:0013482	HGNC:25774	biolink:causes	1
0.9991604	MONDO:0013529	HGNC:27365	biolink:causes	1
0.8831397	MONDO:0013533	HGNC:6619	biolink:gene_associated_with_condition	1
0.47349176	MONDO:0013553	HGNC:21143	biolink:causes	1
0.7338387	MONDO:0013561	HGNC:26019	biolink:causes	1
0.5100717	MONDO:0013594	HGNC:15911	biolink:gene_associated_with_condition	1
0.8508776	MONDO:0013607	HGNC:4171	biolink:causes	1
0.9999788	MONDO:0013615	HGNC:5967	biolink:causes	1
0.97029513	MONDO:0013624	HGNC:6823	biolink:causes	1
0.9639381	MONDO:0013640	HGNC:5476	biolink:gene_associated_with_condition	1
0.59432906	MONDO:0013644	HGNC:2961	biolink:causes	1
0.7238998	MONDO:0013661	HGNC:27288	biolink:gene_associated_with_condition	1
0.97910315	MONDO:0013686	HGNC:1529	biolink:causes	1
0.420579	MONDO:0013690	HGNC:8008	biolink:causes	1
0.8234074	MONDO:0013711	HGNC:23212	biolink:causes	1
0.8234074	MONDO:0013711	HGNC:23212	biolink:gene_associated_with_condition	1
0.59652877	MONDO:0013715	HGNC:8157	biolink:causes	1
0.9799559	MONDO:0013719	HGNC:18340	biolink:causes	1
0.016279003	MONDO:0013723	HGNC:17192	biolink:contributes_to	1
0.0100583015	MONDO:0013752	HGNC:2488	biolink:causes	1
0.8970614	MONDO:0013756	HGNC:10955	biolink:causes	1
0.9236647	MONDO:0013768	HGNC:57	biolink:causes	1
0.639815	MONDO:0013797	HGNC:11630	biolink:gene_associated_with_condition	1
0.9841978	MONDO:0013801	HGNC:10596	biolink:causes	1
0.78559524	MONDO:0013821	HGNC:11100	biolink:causes	1
0.71997553	MONDO:0013842	HGNC:5208	biolink:causes	1
0.9956091	MONDO:0013862	HGNC:2336	biolink:causes	1
0.29848692	MONDO:0013874	HGNC:7863	biolink:causes	1
0.99804723	MONDO:0013890	HGNC:14153	biolink:gene_associated_with_condition	1
0.7123027	MONDO:0013926	HGNC:13831	biolink:causes	1
0.99095356	MONDO:0013938	HGNC:22965	biolink:causes	1
0.7702717	MONDO:0013946	HGNC:5201	biolink:contributes_to	1
0.76061344	MONDO:0013962	HGNC:24928	biolink:causes	1
0.76061344	MONDO:0013962	HGNC:24928	biolink:gene_associated_with_condition	1
0.18570794	MONDO:0013978	HGNC:23166	biolink:causes	1
0.86168873	MONDO:0013991	HGNC:6553	biolink:causes	1
0.9255098	MONDO:0013999	HGNC:20917	biolink:causes	1
0.38706446	MONDO:0014012	HGNC:23537	biolink:causes	1
0.8797226	MONDO:0014020	HGNC:26784	biolink:causes	1
0.8797226	MONDO:0014020	HGNC:26784	biolink:gene_associated_with_condition	1
0.17877103	MONDO:0014040	HGNC:14974	biolink:causes	1
0.81157875	MONDO:0014048	HGNC:391	biolink:causes	1
0.460572	MONDO:0014052	HGNC:329	biolink:causes	1
0.9942175	MONDO:0014060	HGNC:9922	biolink:gene_associated_with_condition	1
0.89111215	MONDO:0014072	HGNC:10979	biolink:causes	1
0.7322713	MONDO:0014080	HGNC:18608	biolink:causes	1
0.5414867	MONDO:0014117	HGNC:10542	biolink:gene_associated_with_condition	1
0.8888613	MONDO:0014121	HGNC:17208	biolink:gene_associated_with_condition	1
0.6741299	MONDO:0014125	HGNC:4220	biolink:causes	1
0.9272967	MONDO:0014141	HGNC:22932	biolink:causes	1
0.79524	MONDO:0014157	HGNC:9175	biolink:gene_associated_with_condition	1
0.9461686	MONDO:0014165	HGNC:14938	biolink:gene_associated_with_condition	1
0.99999344	MONDO:0014198	HGNC:13601	biolink:gene_associated_with_condition	1
0.9997987	MONDO:0014202	HGNC:12371	biolink:causes	1
0.6889546	MONDO:0014206	HGNC:6898	biolink:causes	1
0.46350437	MONDO:0014210	HGNC:494	biolink:gene_associated_with_condition	1
0.8215436	MONDO:0014218	HGNC:3048	biolink:causes	1
0.8215436	MONDO:0014218	HGNC:3048	biolink:gene_associated_with_condition	1
0.6520553	MONDO:0014218	HGNC:3052	biolink:gene_associated_with_condition	1
0.9211704	MONDO:0014222	HGNC:8977	biolink:causes	1
0.9150819	MONDO:0014230	HGNC:1343	biolink:causes	1
0.9792783	MONDO:0014238	HGNC:26262	biolink:gene_associated_with_condition	1
0.9985373	MONDO:0014242	HGNC:23109	biolink:causes	1
0.98291206	MONDO:0014258	HGNC:753	biolink:causes	1
0.8562023	MONDO:0014267	HGNC:5960	biolink:causes	1
0.8562023	MONDO:0014267	HGNC:5960	biolink:gene_associated_with_condition	1
0.7127034	MONDO:0014275	HGNC:3247	biolink:causes	1
0.5392504	MONDO:0014295	HGNC:11758	biolink:causes	1
0.8442389	MONDO:0014311	HGNC:28991	biolink:causes	1
0.90755373	MONDO:0014319	HGNC:3677	biolink:causes	1
0.2603399	MONDO:0014327	HGNC:20406	biolink:causes	1
0.2603399	MONDO:0014327	HGNC:20406	biolink:gene_associated_with_condition	1
0.7336243	MONDO:0014335	HGNC:9751	biolink:gene_associated_with_condition	1
0.33273268	MONDO:0014339	HGNC:11427	biolink:causes	1
0.92575544	MONDO:0014343	HGNC:124	biolink:causes	1
0.87806535	MONDO:0014343	HGNC:8768	biolink:causes	1
0.89200795	MONDO:0014343	HGNC:3527	biolink:causes	1
0.9180055	MONDO:0014343	HGNC:4392	biolink:causes	1
0.91909194	MONDO:0014343	HGNC:13315	biolink:causes	1
0.9171411	MONDO:0014343	HGNC:4877	biolink:causes	1
0.91318554	MONDO:0014343	HGNC:16644	biolink:causes	1
0.8973181	MONDO:0014343	HGNC:5948	biolink:causes	1
0.92940253	MONDO:0014343	HGNC:15455	biolink:causes	1
0.87669814	MONDO:0014343	HGNC:951	biolink:causes	1
0.8956703	MONDO:0014343	HGNC:7945	biolink:causes	1
0.9243023	MONDO:0014343	HGNC:8617	biolink:causes	1
0.9014079	MONDO:0014343	HGNC:8778	biolink:causes	1
0.9027278	MONDO:0014343	HGNC:20422	biolink:causes	1
0.9454586	MONDO:0014343	HGNC:9210	biolink:causes	1
0.87202054	MONDO:0014343	HGNC:9282	biolink:causes	1
0.9240802	MONDO:0014343	HGNC:882	biolink:causes	1
0.93277436	MONDO:0014343	HGNC:1044	biolink:causes	1
0.90392727	MONDO:0014343	HGNC:24154	biolink:causes	1
0.88754356	MONDO:0014343	HGNC:10023	biolink:causes	1
0.92105937	MONDO:0014343	HGNC:10031	biolink:causes	1
0.8748237	MONDO:0014343	HGNC:10298	biolink:causes	1
0.90065473	MONDO:0014343	HGNC:28583	biolink:causes	1
0.88888156	MONDO:0014343	HGNC:10524	biolink:causes	1
0.9242241	MONDO:0014343	HGNC:10818	biolink:causes	1
0.9685828	MONDO:0014343	HGNC:6770	biolink:causes	1
0.9173115	MONDO:0014343	HGNC:20323	biolink:causes	1
0.9386148	MONDO:0014343	HGNC:14974	biolink:causes	1
0.9118954	MONDO:0014343	HGNC:11195	biolink:causes	1
0.92762923	MONDO:0014343	HGNC:28396	biolink:causes	1
0.95532775	MONDO:0014343	HGNC:11908	biolink:causes	1
0.93977517	MONDO:0014343	HGNC:25660	biolink:causes	1
0.91308314	MONDO:0014343	HGNC:12449	biolink:causes	1
0.87728333	MONDO:0014343	HGNC:25507	biolink:causes	1
0.9324777	MONDO:0014343	HGNC:15517	biolink:causes	1
0.9221928	MONDO:0014343	HGNC:2218	biolink:causes	1
0.8669656	MONDO:0014343	HGNC:2187	biolink:causes	1
0.9276929	MONDO:0014343	HGNC:2227	biolink:causes	1
0.9207759	MONDO:0014343	HGNC:17272	biolink:causes	1
0.74901354	MONDO:0014343	HGNC:20581	biolink:causes	1
0.91926605	MONDO:0014343	HGNC:19189	biolink:causes	1
0.87949747	MONDO:0014343	HGNC:3087	biolink:causes	1
0.933203	MONDO:0014343	HGNC:24595	biolink:causes	1
0.9211867	MONDO:0014343	HGNC:3444	biolink:causes	1
0.8985267	MONDO:0014343	HGNC:132	biolink:causes	1
0.91888887	MONDO:0014343	HGNC:13201	biolink:causes	1
0.93150514	MONDO:0014343	HGNC:3513	biolink:causes	1
0.89735764	MONDO:0014343	HGNC:26222	biolink:causes	1
0.9195696	MONDO:0014343	HGNC:3663	biolink:causes	1
0.9335062	MONDO:0014343	HGNC:4319	biolink:causes	1
0.76451063	MONDO:0014343	HGNC:19980	biolink:causes	1
0.92427385	MONDO:0014343	HGNC:4713	biolink:causes	1
0.8759461	MONDO:0014343	HGNC:18873	biolink:causes	1
0.8529804	MONDO:0014343	HGNC:6469	biolink:causes	1
0.92501533	MONDO:0014343	HGNC:6595	biolink:causes	1
0.79099196	MONDO:0014343	HGNC:450	biolink:causes	1
0.8880123	MONDO:0014343	HGNC:649	biolink:causes	1
0.886149	MONDO:0014343	HGNC:13520	biolink:causes	1
0.904703	MONDO:0014343	HGNC:18591	biolink:causes	1
0.919172	MONDO:0014343	HGNC:17151	biolink:causes	1
0.9130092	MONDO:0014343	HGNC:8522	biolink:causes	1
0.85503167	MONDO:0014343	HGNC:30129	biolink:causes	1
0.8949264	MONDO:0014343	HGNC:9587	biolink:causes	1
0.9044554	MONDO:0014343	HGNC:9608	biolink:causes	1
0.9350243	MONDO:0014343	HGNC:10447	biolink:causes	1
0.9142896	MONDO:0014343	HGNC:10853	biolink:causes	1
0.9221432	MONDO:0014343	HGNC:19046	biolink:causes	1
0.92371297	MONDO:0014343	HGNC:11100	biolink:causes	1
0.942202	MONDO:0014343	HGNC:29253	biolink:causes	1
0.91859335	MONDO:0014343	HGNC:11367	biolink:causes	1
0.95729834	MONDO:0014343	HGNC:11773	biolink:causes	1
0.92018664	MONDO:0014343	HGNC:17861	biolink:causes	1
0.9249466	MONDO:0014343	HGNC:25815	biolink:causes	1
0.9099663	MONDO:0014343	HGNC:1971	biolink:causes	1
0.9698944	MONDO:0014343	HGNC:2197	biolink:causes	1
0.9294686	MONDO:0014343	HGNC:2185	biolink:causes	1
0.89255124	MONDO:0014343	HGNC:22986	biolink:causes	1
0.93564254	MONDO:0014343	HGNC:17213	biolink:causes	1
0.9395741	MONDO:0014343	HGNC:2379	biolink:causes	1
0.9080103	MONDO:0014343	HGNC:2919	biolink:causes	1
0.90779966	MONDO:0014343	HGNC:3226	biolink:causes	1
0.9414808	MONDO:0014343	HGNC:319	biolink:causes	1
0.92475265	MONDO:0014343	HGNC:327	biolink:causes	1
0.9379364	MONDO:0014343	HGNC:3686	biolink:causes	1
0.8440469	MONDO:0014343	HGNC:5383	biolink:causes	1
0.93986744	MONDO:0014343	HGNC:6080	biolink:causes	1
0.93611634	MONDO:0014343	HGNC:6518	biolink:causes	1
0.9193673	MONDO:0014343	HGNC:21732	biolink:causes	1
0.91730505	MONDO:0014343	HGNC:719	biolink:causes	1
0.8871757	MONDO:0014343	HGNC:29659	biolink:causes	1
0.933407	MONDO:0014343	HGNC:4979	biolink:causes	1
0.9039688	MONDO:0014343	HGNC:29092	biolink:causes	1
0.9065148	MONDO:0014343	HGNC:8604	biolink:causes	1
0.8792378	MONDO:0014343	HGNC:8859	biolink:causes	1
0.9348589	MONDO:0014343	HGNC:9004	biolink:causes	1
0.85285175	MONDO:0014343	HGNC:30595	biolink:causes	1
0.9715837	MONDO:0014343	HGNC:9644	biolink:causes	1
0.92676675	MONDO:0014343	HGNC:35126	biolink:causes	1
0.8382889	MONDO:0014343	HGNC:9721	biolink:causes	1
0.918817	MONDO:0014343	HGNC:2468	biolink:causes	1
0.8589868	MONDO:0014343	HGNC:20324	biolink:causes	1
0.9357031	MONDO:0014343	HGNC:11769	biolink:causes	1
0.87577033	MONDO:0014343	HGNC:15979	biolink:causes	1
0.9372713	MONDO:0014343	HGNC:12428	biolink:causes	1
0.9491088	MONDO:0014343	HGNC:12771	biolink:causes	1
0.95080054	MONDO:0014343	HGNC:2025	biolink:causes	1
0.92871654	MONDO:0014343	HGNC:25801	biolink:causes	1
0.9516935	MONDO:0014343	HGNC:2433	biolink:causes	1
0.85184306	MONDO:0014343	HGNC:18683	biolink:causes	1
0.9346019	MONDO:0014343	HGNC:3755	biolink:causes	1
0.849676	MONDO:0014343	HGNC:4006	biolink:causes	1
0.76081705	MONDO:0014343	HGNC:4796	biolink:causes	1
0.6828439	MONDO:0014343	HGNC:15977	biolink:causes	1
0.9472211	MONDO:0014343	HGNC:5466	biolink:causes	1
0.9344011	MONDO:0014343	HGNC:6000	biolink:causes	1
0.85634905	MONDO:0014343	HGNC:27337	biolink:causes	1
0.9150219	MONDO:0014343	HGNC:6909	biolink:causes	1
0.94430417	MONDO:0014343	HGNC:7176	biolink:causes	1
0.92283326	MONDO:0014343	HGNC:9056	biolink:causes	1
0.9183301	MONDO:0014343	HGNC:9091	biolink:causes	1
0.9006487	MONDO:0014343	HGNC:1144	biolink:causes	1
0.9360966	MONDO:0014343	HGNC:17271	biolink:causes	1
0.8232906	MONDO:0014343	HGNC:10723	biolink:causes	1
0.8664003	MONDO:0014343	HGNC:10771	biolink:causes	1
0.8464448	MONDO:0014343	HGNC:28395	biolink:causes	1
0.9123792	MONDO:0014343	HGNC:11102	biolink:causes	1
0.8975612	MONDO:0014343	HGNC:11109	biolink:causes	1
0.90722746	MONDO:0014343	HGNC:11582	biolink:causes	1
0.9124953	MONDO:0014343	HGNC:11623	biolink:causes	1
0.9032355	MONDO:0014343	HGNC:37234	biolink:causes	1
0.85506165	MONDO:0014343	HGNC:23068	biolink:causes	1
0.8596779	MONDO:0014343	HGNC:2978	biolink:causes	1
0.79305565	MONDO:0014355	HGNC:3052	biolink:causes	1
0.8585017	MONDO:0014371	HGNC:19190	biolink:causes	1
0.99810934	MONDO:0014379	HGNC:15766	biolink:causes	1
0.9656732	MONDO:0014383	HGNC:25896	biolink:causes	1
0.46868718	MONDO:0014399	HGNC:8729	biolink:causes	1
0.46868718	MONDO:0014399	HGNC:8729	biolink:gene_associated_with_condition	1
0.942383	MONDO:0014403	HGNC:4267	biolink:gene_associated_with_condition	1
0.7058906	MONDO:0014407	HGNC:393	biolink:causes	1
0.66836697	MONDO:0014419	HGNC:6481	biolink:gene_associated_with_condition	1
0.6268371	MONDO:0014447	HGNC:18626	biolink:causes	1
0.8181405	MONDO:0014460	HGNC:2799	biolink:causes	1
0.9194928	MONDO:0014468	HGNC:11510	biolink:causes	1
0.46016887	MONDO:0014481	HGNC:3236	biolink:causes	1
0.9745541	MONDO:0014493	HGNC:2505	biolink:gene_associated_with_condition	1
0.030170508	MONDO:0014501	HGNC:3604	biolink:causes	1
0.8171449	MONDO:0014550	HGNC:1445	biolink:causes	1
0.6756874	MONDO:0014566	HGNC:6898	biolink:causes	1
0.7556836	MONDO:0014570	HGNC:237	biolink:causes	1
0.9750724	MONDO:0014574	HGNC:1515	biolink:causes	1
0.84095615	MONDO:0014586	HGNC:1966	biolink:causes	1
0.9087276	MONDO:0014602	HGNC:9312	biolink:gene_associated_with_condition	1
0.99713755	MONDO:0014606	HGNC:18801	biolink:causes	1
0.9415618	MONDO:0014622	HGNC:18084	biolink:gene_associated_with_condition	1
0.15032804	MONDO:0014622	HGNC:6423	biolink:gene_associated_with_condition	1
0.9717463	MONDO:0014630	HGNC:8028	biolink:gene_associated_with_condition	1
0.91678673	MONDO:0014635	HGNC:9922	biolink:causes	1
0.7877889	MONDO:0014647	HGNC:1424	biolink:gene_associated_with_condition	1
0.42236757	MONDO:0014711	HGNC:4816	biolink:causes	1
0.90282583	MONDO:0014719	HGNC:6176	biolink:gene_associated_with_condition	1
0.8471979	MONDO:0014760	HGNC:11763	biolink:gene_associated_with_condition	1
0.59221333	MONDO:0014779	HGNC:9966	biolink:contributes_to	1
0.0058690957	MONDO:0014783	HGNC:30788	biolink:causes	1
0.945963	MONDO:0014803	HGNC:20134	biolink:causes	1
0.945963	MONDO:0014803	HGNC:20134	biolink:gene_associated_with_condition	1
0.9956032	MONDO:0014808	HGNC:11073	biolink:causes	1
0.9942468	MONDO:0014836	HGNC:7737	biolink:causes	1
0.6623854	MONDO:0014844	HGNC:28852	biolink:causes	1
0.8422104	MONDO:0014885	HGNC:568	biolink:gene_associated_with_condition	1
0.8070558	MONDO:0014890	HGNC:15646	biolink:gene_associated_with_condition	1
0.9756502	MONDO:0014914	HGNC:13221	biolink:causes	1
0.9861666	MONDO:0014918	HGNC:3705	biolink:gene_associated_with_condition	1
0.5044464	MONDO:0014926	HGNC:21424	biolink:causes	1
0.897843	MONDO:0014942	HGNC:4081	biolink:causes	1
0.77080786	MONDO:0014946	HGNC:1919	biolink:gene_associated_with_condition	1
0.8372977	MONDO:0014963	HGNC:23805	biolink:gene_associated_with_condition	1
0.9977422	MONDO:0014984	HGNC:7677	biolink:causes	1
0.97870606	MONDO:0014992	HGNC:26899	biolink:causes	1
0.6288695	MONDO:0014996	HGNC:18248	biolink:causes	1
0.8704	MONDO:0015270	HGNC:983	biolink:gene_associated_with_condition	1
0.9852952	MONDO:0015283	HGNC:7489	biolink:gene_associated_with_condition	1
0.7319036	MONDO:0015679	HGNC:29186	biolink:gene_associated_with_condition	1
0.97934955	MONDO:0015783	HGNC:6814	biolink:gene_associated_with_condition	1
0.33157736	MONDO:0015783	HGNC:11164	biolink:gene_associated_with_condition	1
0.6992326	MONDO:0015787	HGNC:3546	biolink:gene_associated_with_condition	1
0.58979964	MONDO:0016097	HGNC:2928	biolink:gene_associated_with_condition	1
0.6858217	MONDO:0016281	HGNC:7983	biolink:gene_associated_with_condition	1
0.7924031	MONDO:0016281	HGNC:11311	biolink:gene_associated_with_condition	1
0.13963686	MONDO:0016308	HGNC:14537	biolink:gene_associated_with_condition	1
0.09578474	MONDO:0016308	HGNC:7897	biolink:gene_associated_with_condition	1
0.05371253	MONDO:0016316	HGNC:5389	biolink:gene_associated_with_condition	1
0.16196088	MONDO:0016395	HGNC:8620	biolink:gene_associated_with_condition	1
0.4195184	MONDO:0016539	HGNC:26276	biolink:gene_associated_with_condition	1
0.0035281142	MONDO:0016606	HGNC:438	biolink:gene_associated_with_condition	1
0.43094525	MONDO:0016681	HGNC:3690	biolink:gene_associated_with_condition	1
0.38892698	MONDO:0016681	HGNC:11998	biolink:gene_associated_with_condition	1
0.33673102	MONDO:0016681	HGNC:9236	biolink:gene_associated_with_condition	1
0.34875727	MONDO:0016681	HGNC:7797	biolink:gene_associated_with_condition	1
0.019340826	MONDO:0016703	HGNC:5383	biolink:gene_associated_with_condition	1
0.92281115	MONDO:0016814	HGNC:7456	biolink:gene_associated_with_condition	1
0.8745969	MONDO:0016825	HGNC:28900	biolink:causes	1
0.7464287	MONDO:0016838	HGNC:21316	biolink:gene_associated_with_condition	1
0.9996226	MONDO:0016862	HGNC:6188	biolink:causes	1
0.83882374	MONDO:0017051	HGNC:987	biolink:gene_associated_with_condition	1
0.822652	MONDO:0017218	HGNC:3814	biolink:gene_associated_with_condition	1
0.8800785	MONDO:0017218	HGNC:9585	biolink:gene_associated_with_condition	1
0.7828232	MONDO:0017218	HGNC:11776	biolink:gene_associated_with_condition	1
0.39746338	MONDO:0017223	HGNC:9086	biolink:gene_associated_with_condition	1
0.97689706	MONDO:0017241	HGNC:573	biolink:gene_associated_with_condition	1
0.9657588	MONDO:0017241	HGNC:575	biolink:gene_associated_with_condition	1
0.68744314	MONDO:0017308	HGNC:11773	biolink:gene_associated_with_condition	1
0.40954906	MONDO:0017353	HGNC:4313	biolink:gene_associated_with_condition	1
0.020791365	MONDO:0017360	HGNC:7526	biolink:gene_associated_with_condition	1
0.6269285	MONDO:0017401	HGNC:15710	biolink:gene_associated_with_condition	1
0.7449171	MONDO:0017401	HGNC:12403	biolink:gene_associated_with_condition	1
0.28971276	MONDO:0017405	HGNC:3012	biolink:gene_associated_with_condition	1
0.05271333	MONDO:0017544	HGNC:5136	biolink:gene_associated_with_condition	1
0.2752187	MONDO:0017598	HGNC:7910	biolink:gene_associated_with_condition	1
0.0426912	MONDO:0017629	HGNC:10597	biolink:gene_associated_with_condition	1
0.038025357	MONDO:0017629	HGNC:10583	biolink:gene_associated_with_condition	1
0.020195426	MONDO:0017629	HGNC:10582	biolink:gene_associated_with_condition	1
0.023405667	MONDO:0017691	HGNC:4116	biolink:gene_associated_with_condition	1
0.55681837	MONDO:0017833	HGNC:19124	biolink:gene_associated_with_condition	1
0.00952828	MONDO:0017839	HGNC:2600	biolink:gene_associated_with_condition	1
0.4589877	MONDO:0017917	HGNC:7414	biolink:gene_associated_with_condition	1
0.18781658	MONDO:0017935	HGNC:11621	biolink:gene_associated_with_condition	1
0.80231357	MONDO:0017939	HGNC:7577	biolink:gene_associated_with_condition	1
0.021001277	MONDO:0017947	HGNC:620	biolink:gene_associated_with_condition	1
0.5883571	MONDO:0018006	HGNC:12666	biolink:gene_associated_with_condition	1
0.5267022	MONDO:0018055	HGNC:2514	biolink:gene_associated_with_condition	1
0.44974828	MONDO:0018114	HGNC:12872	biolink:gene_associated_with_condition	1
0.0029856053	MONDO:0018206	HGNC:7572	biolink:gene_associated_with_condition	1
0.5604394	MONDO:0018229	HGNC:4932	biolink:gene_associated_with_condition	1
0.51509863	MONDO:0018256	HGNC:2348	biolink:gene_associated_with_condition	1
0.99249953	MONDO:0018264	HGNC:20611	biolink:causes	1
0.93762434	MONDO:0018273	HGNC:15516	biolink:gene_associated_with_condition	1
0.88776946	MONDO:0018324	HGNC:2505	biolink:gene_associated_with_condition	1
0.55418223	MONDO:0018417	HGNC:30914	biolink:gene_associated_with_condition	1
0.53484976	MONDO:0018421	HGNC:17168	biolink:gene_associated_with_condition	1
0.11389491	MONDO:0018436	HGNC:14959	biolink:gene_associated_with_condition	1
0.4553628	MONDO:0018507	HGNC:12718	biolink:gene_associated_with_condition	1
0.22365203	MONDO:0018566	HGNC:319	biolink:gene_associated_with_condition	1
0.94080204	MONDO:0018598	HGNC:9713	biolink:gene_associated_with_condition	1
0.9225607	MONDO:0018598	HGNC:9719	biolink:gene_associated_with_condition	1
0.9740713	MONDO:0018598	HGNC:8853	biolink:gene_associated_with_condition	1
0.9716915	MONDO:0018598	HGNC:9717	biolink:gene_associated_with_condition	1
0.9289037	MONDO:0018598	HGNC:8851	biolink:gene_associated_with_condition	1
0.98140746	MONDO:0018598	HGNC:8854	biolink:gene_associated_with_condition	1
0.97516	MONDO:0018598	HGNC:8857	biolink:gene_associated_with_condition	1
0.77197725	MONDO:0018611	HGNC:5227	biolink:gene_associated_with_condition	1
0.8775965	MONDO:0018611	HGNC:2389	biolink:gene_associated_with_condition	1
0.5483226	MONDO:0018611	HGNC:2409	biolink:gene_associated_with_condition	1
0.9764128	MONDO:0018611	HGNC:2417	biolink:gene_associated_with_condition	1
0.80163795	MONDO:0018611	HGNC:2411	biolink:gene_associated_with_condition	1
0.87445444	MONDO:0018611	HGNC:2410	biolink:gene_associated_with_condition	1
0.0032322174	MONDO:0018742	HGNC:819	biolink:gene_associated_with_condition	1
0.7831791	MONDO:0018763	HGNC:20772	biolink:gene_associated_with_condition	1
0.019527044	MONDO:0018780	HGNC:12012	biolink:gene_associated_with_condition	1
0.7273041	MONDO:0018822	HGNC:28957	biolink:gene_associated_with_condition	1
0.010759131	MONDO:0019082	HGNC:4948	biolink:gene_associated_with_condition	1
0.014522655	MONDO:0019082	HGNC:4944	biolink:gene_associated_with_condition	1
0.0064814743	MONDO:0019113	HGNC:1388	biolink:gene_associated_with_condition	1
0.70562947	MONDO:0019123	HGNC:1362	biolink:gene_associated_with_condition	1
0.80868465	MONDO:0019176	HGNC:12340	biolink:gene_associated_with_condition	1
0.08501421	MONDO:0019373	HGNC:3508	biolink:gene_associated_with_condition	1
0.13276616	MONDO:0019458	HGNC:4170	biolink:gene_associated_with_condition	1
0.85964215	MONDO:0019475	HGNC:18437	biolink:causes	1
0.9651914	MONDO:0019522	HGNC:2214	biolink:gene_associated_with_condition	1
0.9686508	MONDO:0019570	HGNC:3438	biolink:causes	1
0.011016589	MONDO:0019669	HGNC:2200	biolink:gene_associated_with_condition	1
0.40907425	MONDO:0019769	HGNC:9330	biolink:gene_associated_with_condition	1
0.75213206	MONDO:0019828	HGNC:4877	biolink:gene_associated_with_condition	1
0.8787459	MONDO:0019828	HGNC:15836	biolink:gene_associated_with_condition	1
0.70826554	MONDO:0019828	HGNC:13831	biolink:gene_associated_with_condition	1
0.6274462	MONDO:0019828	HGNC:21734	biolink:gene_associated_with_condition	1
0.46318707	MONDO:0019848	HGNC:644	biolink:gene_associated_with_condition	1
0.51453304	MONDO:0020298	HGNC:7675	biolink:gene_associated_with_condition	1
0.5928607	MONDO:0020298	HGNC:8101	biolink:gene_associated_with_condition	1
0.06387989	MONDO:0020482	HGNC:10591	biolink:gene_associated_with_condition	1
0.45983842	MONDO:0020492	HGNC:8975	biolink:gene_associated_with_condition	1
0.36642772	MONDO:0020492	HGNC:3942	biolink:gene_associated_with_condition	1
0.8064699	MONDO:0020506	HGNC:3257	biolink:gene_associated_with_condition	1
0.012857077	MONDO:0020512	HGNC:12252	biolink:gene_associated_with_condition	1
0.50732845	MONDO:0020512	HGNC:15514	biolink:gene_associated_with_condition	1
0.025914948	MONDO:0020512	HGNC:12271	biolink:gene_associated_with_condition	1
0.7182227	MONDO:0020512	HGNC:16063	biolink:gene_associated_with_condition	1
0.7936393	MONDO:0020512	HGNC:1014	biolink:gene_associated_with_condition	1
0.74578625	MONDO:0020512	HGNC:5056	biolink:gene_associated_with_condition	1
0.6627794	MONDO:0020512	HGNC:7545	biolink:gene_associated_with_condition	1
0.99994063	MONDO:0020602	HGNC:4452	biolink:causes	1
0.53213096	MONDO:0020628	HGNC:11992	biolink:causes	1
0.8195675	MONDO:0020671	HGNC:7876	biolink:contributes_to	1
0.43855095	MONDO:0020705	HGNC:15512	biolink:contributes_to	1
0.5896787	MONDO:0020705	HGNC:15511	biolink:causes	1
0.7169042	MONDO:0020717	HGNC:28929	biolink:causes	1
0.33215585	MONDO:0020730	HGNC:12405	biolink:causes	1
0.9991517	MONDO:0020762	HGNC:24959	biolink:causes	1
0.23105752	MONDO:0020786	HGNC:285	biolink:causes	1
0.99753153	MONDO:0020790	HGNC:13433	biolink:causes	1
0.9760909	MONDO:0020841	HGNC:21701	biolink:causes	1
0.65756583	MONDO:0021018	HGNC:14888	biolink:causes	1
0.10749584	MONDO:0023662	HGNC:485	biolink:causes	1
0.9984686	MONDO:0024455	HGNC:12784	biolink:causes	1
0.9945496	MONDO:0024455	HGNC:3084	biolink:causes	1
0.048814904	MONDO:0024523	HGNC:7881	biolink:causes	1
0.97894216	MONDO:0024535	HGNC:18873	biolink:causes	1
0.99984896	MONDO:0024543	HGNC:23216	biolink:causes	1
0.92753375	MONDO:0024551	HGNC:592	biolink:causes	1
0.967554	MONDO:0024555	HGNC:17082	biolink:causes	1
0.95622903	MONDO:0024555	HGNC:26361	biolink:causes	1
0.85751486	MONDO:0024559	HGNC:7569	biolink:gene_associated_with_condition	1
0.9999808	MONDO:0025699	HGNC:4332	biolink:causes	1
0.045419723	MONDO:0026404	HGNC:12810	biolink:causes	1
0.009750224	MONDO:0026768	HGNC:3551	biolink:contributes_to	1
0.9410203	MONDO:0029133	HGNC:1480	biolink:gene_associated_with_condition	1
0.9737881	MONDO:0030028	HGNC:18798	biolink:causes	1
0.9607556	MONDO:0030036	HGNC:24921	biolink:causes	1
0.52605027	MONDO:0030057	HGNC:13607	biolink:causes	1
0.9131877	MONDO:0030074	HGNC:9056	biolink:gene_associated_with_condition	1
0.67959243	MONDO:0030089	HGNC:6081	biolink:causes	1
0.5947906	MONDO:0030313	HGNC:32621	biolink:contributes_to	1
0.10505186	MONDO:0030334	HGNC:15594	biolink:contributes_to	1
0.09585088	MONDO:0030361	HGNC:30860	biolink:causes	1
0.99849737	MONDO:0030455	HGNC:1361	biolink:causes	1
0.63084364	MONDO:0030462	HGNC:21424	biolink:causes	1
0.0025978289	MONDO:0030490	HGNC:31704	biolink:causes	1
0.6743555	MONDO:0030518	HGNC:6898	biolink:causes	1
0.3186667	MONDO:0030535	HGNC:6442	biolink:causes	1
0.30979094	MONDO:0030619	HGNC:23302	biolink:causes	1
0.8182826	MONDO:0030673	HGNC:13921	biolink:causes	1
0.0021176876	MONDO:0030716	HGNC:15662	biolink:causes	1
0.95573384	MONDO:0030731	HGNC:25835	biolink:causes	1
0.6049357	MONDO:0030746	HGNC:6483	biolink:causes	1
0.98826444	MONDO:0030750	HGNC:2194	biolink:causes	1
0.6607589	MONDO:0030866	HGNC:10852	biolink:causes	1
0.017470833	MONDO:0030875	HGNC:1591	biolink:causes	1
0.98794824	MONDO:0030880	HGNC:7506	biolink:causes	1
0.99956495	MONDO:0030915	HGNC:23625	biolink:causes	1
0.8670824	MONDO:0030928	HGNC:6637	biolink:causes	1
0.9832329	MONDO:0030969	HGNC:15840	biolink:causes	1
0.99641645	MONDO:0030973	HGNC:29619	biolink:causes	1
0.9981723	MONDO:0031054	HGNC:7853	biolink:causes	1
0.82425445	MONDO:0031061	HGNC:6485	biolink:causes	1
0.9944629	MONDO:0032572	HGNC:20456	biolink:causes	1
0.9999225	MONDO:0032584	HGNC:1268	biolink:gene_associated_with_condition	1
0.9976821	MONDO:0032591	HGNC:14006	biolink:causes	1
0.8918039	MONDO:0032601	HGNC:11766	biolink:causes	1
0.6554911	MONDO:0032630	HGNC:7693	biolink:causes	1
0.9999826	MONDO:0032653	HGNC:1181	biolink:gene_associated_with_condition	1
0.42214236	MONDO:0032665	HGNC:25980	biolink:causes	1
0.9984819	MONDO:0032686	HGNC:25326	biolink:causes	1
0.89413214	MONDO:0032721	HGNC:15456	biolink:causes	1
0.96445125	MONDO:0032726	HGNC:29682	biolink:causes	1
0.7129532	MONDO:0032741	HGNC:12927	biolink:causes	1
0.7344438	MONDO:0032746	HGNC:28613	biolink:causes	1
0.9910603	MONDO:0032781	HGNC:3033	biolink:causes	1
0.91378206	MONDO:0032817	HGNC:24555	biolink:causes	1
0.9931942	MONDO:0032830	HGNC:9216	biolink:gene_associated_with_condition	1
0.9995295	MONDO:0032855	HGNC:16493	biolink:causes	1
0.99998736	MONDO:0032859	HGNC:25325	biolink:causes	1
0.86580956	MONDO:0032864	HGNC:7879	biolink:causes	1
0.37339157	MONDO:0032868	HGNC:6973	biolink:causes	1
0.99890196	MONDO:0032872	HGNC:40050	biolink:causes	1
0.5188727	MONDO:0032884	HGNC:667	biolink:causes	1
0.7580175	MONDO:0032888	HGNC:17210	biolink:causes	1
0.7021266	MONDO:0032892	HGNC:12872	biolink:causes	1
0.69915766	MONDO:0032900	HGNC:12643	biolink:causes	1
0.17567372	MONDO:0032904	HGNC:6440	biolink:causes	1
0.51389706	MONDO:0032916	HGNC:17101	biolink:gene_associated_with_condition	1
0.84005976	MONDO:0032924	HGNC:23700	biolink:causes	1
0.93468803	MONDO:0032934	HGNC:7618	biolink:causes	1
0.99680567	MONDO:0032938	HGNC:14686	biolink:causes	1
0.76191956	MONDO:0032942	HGNC:11254	biolink:causes	1
0.8901652	MONDO:0033006	HGNC:26058	biolink:causes	1
0.69415265	MONDO:0033046	HGNC:6948	biolink:causes	1
0.56776094	MONDO:0033200	HGNC:10256	biolink:causes	1
0.6723805	MONDO:0033365	HGNC:12852	biolink:causes	1
0.90045595	MONDO:0033369	HGNC:11968	biolink:causes	1
0.93765944	MONDO:0033566	HGNC:26208	biolink:causes	1
0.14252993	MONDO:0033622	HGNC:28514	biolink:causes	1
0.6586617	MONDO:0033650	HGNC:2294	biolink:causes	1
0.99995995	MONDO:0033654	HGNC:40045	biolink:causes	1
0.98706645	MONDO:0035153	HGNC:17728	biolink:gene_associated_with_condition	1
0.0071062054	MONDO:0035236	HGNC:9658	biolink:gene_associated_with_condition	1
0.033298492	MONDO:0044220	HGNC:4204	biolink:causes	1
0.007023934	MONDO:0044224	HGNC:14639	biolink:causes	1
0.10223588	MONDO:0044276	HGNC:12450	biolink:causes	1
0.9383627	MONDO:0044306	HGNC:20967	biolink:gene_associated_with_condition	1
0.96019804	MONDO:0044319	HGNC:24281	biolink:causes	1
0.5049307	MONDO:0044323	HGNC:4718	biolink:causes	1
0.74997634	MONDO:0044626	HGNC:20773	biolink:gene_associated_with_condition	1
0.00449175	MONDO:0044638	HGNC:6062	biolink:gene_associated_with_condition	1
0.0036873275	MONDO:0044638	HGNC:9588	biolink:gene_associated_with_condition	1
0.004336103	MONDO:0044638	HGNC:11905	biolink:gene_associated_with_condition	1
0.9262724	MONDO:0044648	HGNC:26576	biolink:gene_associated_with_condition	1
0.8816693	MONDO:0044738	HGNC:12856	biolink:causes	1
0.8282203	MONDO:0049221	HGNC:710	biolink:causes	1
0.9922092	MONDO:0054636	HGNC:21208	biolink:causes	1
0.99786395	MONDO:0054724	HGNC:25631	biolink:causes	1
0.34453362	MONDO:0054750	HGNC:7744	biolink:contributes_to	1
0.4973646	MONDO:0054763	HGNC:15578	biolink:causes	1
0.13174367	MONDO:0054771	HGNC:24071	biolink:causes	1
0.9134879	MONDO:0054844	HGNC:9137	biolink:causes	1
0.27304482	MONDO:0054861	HGNC:1460	biolink:causes	1
0.4653482	MONDO:0060591	HGNC:7782	biolink:causes	1
0.97253823	MONDO:0060707	HGNC:24713	biolink:gene_associated_with_condition	1
0.3027179	MONDO:0060729	HGNC:2088	biolink:causes	1
0.9999471	MONDO:0060752	HGNC:26941	biolink:causes	1
0.7933536	MONDO:0060761	HGNC:21610	biolink:causes	1
0.0067354892	MONDO:0100045	HGNC:18021	biolink:contributes_to	1
0.99948347	MONDO:0100218	HGNC:3098	biolink:causes	1
0.9930736	MONDO:0100252	HGNC:4125	biolink:causes	1
0.9855832	MONDO:0100428	HGNC:16187	biolink:causes	1
0.00703595	MONDO:0100468	HGNC:2019	biolink:causes	1
0.7108571	MONDO:0100531	HGNC:3331	biolink:causes	1
0.01828394	MONDO:0100600	HGNC:30074	biolink:gene_associated_with_condition	1
0.0264499	MONDO:0700338	HGNC:25118	biolink:causes	1
0.28004152	MONDO:0700343	HGNC:6463	biolink:causes	1
0.82068557	MONDO:0800341	HGNC:12012	biolink:causes	1
0.77100545	MONDO:0800445	HGNC:27310	biolink:causes	1
0.2059217	MONDO:0850095	HGNC:1044	biolink:gene_associated_with_condition	1
0.9854757	MONDO:0859083	HGNC:15631	biolink:causes	1
0.93066174	MONDO:0859137	HGNC:2377	biolink:causes	1
0.9299181	MONDO:0859148	HGNC:29183	biolink:causes	1
0.72209287	MONDO:0859173	HGNC:4398	biolink:causes	1
0.89310247	MONDO:0859189	HGNC:4249	biolink:causes	1
0.6644446	MONDO:0859207	HGNC:12499	biolink:causes	1
0.7712433	MONDO:0859253	HGNC:2232	biolink:causes	1
0.5450199	MONDO:0859328	HGNC:19903	biolink:causes	1
0.4257753	MONDO:0859340	HGNC:3671	biolink:causes	1
0.4257753	MONDO:0859340	HGNC:3671	biolink:gene_associated_with_condition	1
0.79910165	MONDO:0859369	HGNC:7776	biolink:causes	1
0.9945741	MONDO:0859530	HGNC:6915	biolink:causes	1
0.8510269	MONDO:0859578	HGNC:3666	biolink:causes	1
0.88040686	MONDO:0957211	HGNC:11016	biolink:causes	1
0.7525478	MONDO:0957218	HGNC:12729	biolink:causes	1
0.0074691046	MONDO:0957231	HGNC:21269	biolink:causes	1
0.873676	MONDO:0957271	HGNC:6735	biolink:causes	1
0.24985024	MONDO:0957294	HGNC:14378	biolink:causes	1
0.1398612	MONDO:0957428	HGNC:11633	biolink:gene_associated_with_condition	1
0.41873074	MONDO:0957561	HGNC:10074	biolink:contributes_to	1
0.42552385	MONDO:0957807	HGNC:11368	biolink:causes	1
0.9994978	MONDO:0957812	HGNC:6254	biolink:causes	1
0.86203796	MONDO:0957820	HGNC:18619	biolink:causes	1
0.009858943	MONDO:0957825	HGNC:20844	biolink:causes	1
0.8715535	MONDO:0957876	HGNC:12718	biolink:causes	1
0.9999869	MONDO:0958005	HGNC:23994	biolink:causes	1
0.96002364	MONDO:0958012	HGNC:3976	biolink:causes	1
0.70017856	MONDO:0958182	HGNC:1241	biolink:causes	1
0.9268322	MONDO:0958226	HGNC:4982	biolink:causes	1
0.8359362	MONDO:0958242	HGNC:21099	biolink:causes	1
0.47816035	MONDO:0958262	HGNC:8773	biolink:gene_associated_with_condition	1
0.09949677	MONDO:0968981	HGNC:20313	biolink:causes	1
0.6943901	MONDO:0968990	HGNC:2907	biolink:gene_associated_with_condition	1
0.93090236	MONDO:0971009	HGNC:6740	biolink:causes	1
0.0031740644	MONDO:0971069	HGNC:14294	biolink:gene_associated_with_condition	1
0.9142553	MONDO:0971178	HGNC:13387	biolink:causes	1
0.014032771	MONDO:0975746	HGNC:18416	biolink:causes	1
0.84460497	MONDO:0975828	HGNC:11402	biolink:causes	1
0.016626919	MONDO:0975837	HGNC:37247	biolink:causes	1
0.00976216	MONDO:0975841	HGNC:34519	biolink:causes	1
0.010031913	MONDO:0976226	HGNC:939	biolink:causes	1
0.023950867	MONDO:0976267	HGNC:29077	biolink:contributes_to	1
0.24861358	MONDO:8000006	HGNC:2561	biolink:gene_associated_with_condition	1
0.7814657	HGNC:20	MONDO:0013212	biolink:causes	1
0.7687627	HGNC:33	MONDO:0800029	biolink:gene_associated_with_condition	1
0.8894082	HGNC:33	MONDO:0009929	biolink:gene_associated_with_condition	1
0.86596525	HGNC:53	MONDO:0009380	biolink:causes	1
0.0132516585	HGNC:59	MONDO:0019333	biolink:gene_associated_with_condition	1
0.78271323	HGNC:59	MONDO:0030088	biolink:causes	1
0.8182826	HGNC:13921	MONDO:0030673	biolink:causes	1
0.9414808	HGNC:319	MONDO:0014343	biolink:causes	1
0.22365203	HGNC:319	MONDO:0018566	biolink:gene_associated_with_condition	1
0.9598859	HGNC:319	MONDO:0012019	biolink:gene_associated_with_condition	1
0.05320593	HGNC:123	MONDO:0008705	biolink:causes	1
0.96612054	HGNC:145	MONDO:0100354	biolink:gene_associated_with_condition	1
0.8930433	HGNC:195	MONDO:0013693	biolink:causes	1
0.98177713	HGNC:219	MONDO:0007922	biolink:causes	1
0.99917126	HGNC:1366	MONDO:0010122	biolink:causes	1
0.99917126	HGNC:1366	MONDO:0010122	biolink:gene_associated_with_condition	1
0.21410355	HGNC:232	MONDO:0012421	biolink:causes	1
0.9575934	HGNC:4512	MONDO:0011738	biolink:causes	1
0.9994925	HGNC:3776	MONDO:0010659	biolink:causes	1
0.95593816	HGNC:28762	MONDO:0859206	biolink:causes	1
0.53739136	HGNC:327	MONDO:0010823	biolink:gene_associated_with_condition	1
0.92475265	HGNC:327	MONDO:0014343	biolink:causes	1
0.9525044	HGNC:13203	MONDO:0011528	biolink:causes	1
0.99994516	HGNC:360	MONDO:0009411	biolink:gene_associated_with_condition	1
0.9554205	HGNC:385	MONDO:0013664	biolink:gene_associated_with_condition	1
0.91561097	HGNC:414	MONDO:0012747	biolink:causes	1
0.9966292	HGNC:19358	MONDO:0011783	biolink:causes	1
0.7547634	HGNC:427	MONDO:0044792	biolink:gene_associated_with_condition	1
0.004105273	HGNC:427	MONDO:0013083	biolink:contributes_to	1
0.99948454	HGNC:449	MONDO:0007636	biolink:causes	1
0.9134879	HGNC:9137	MONDO:0054844	biolink:causes	1
0.9857458	HGNC:3544	MONDO:0009211	biolink:causes	1
0.9857458	HGNC:3544	MONDO:0009211	biolink:gene_associated_with_condition	1
0.7784031	HGNC:3530	MONDO:0009315	biolink:causes	1
0.9593054	HGNC:3530	MONDO:0012526	biolink:gene_associated_with_condition	1
0.661707	HGNC:29162	MONDO:0010176	biolink:gene_associated_with_condition	1
0.07539056	HGNC:25808	MONDO:0011630	biolink:causes	1
0.91043925	HGNC:3586	MONDO:0009215	biolink:causes	1
0.95955056	HGNC:23109	MONDO:0007922	biolink:causes	1
0.9985373	HGNC:23109	MONDO:0014242	biolink:causes	1
0.024424896	HGNC:3600	MONDO:0011984	biolink:causes	1
0.024424896	HGNC:3600	MONDO:0011984	biolink:gene_associated_with_condition	1
0.46584895	HGNC:3600	MONDO:0018443	biolink:gene_associated_with_condition	1
0.52605027	HGNC:13607	MONDO:0030057	biolink:causes	1
0.112577274	HGNC:3616	MONDO:0009061	biolink:contributes_to	1
0.18091622	HGNC:23151	MONDO:0013016	biolink:causes	1
0.18091622	HGNC:23151	MONDO:0013016	biolink:gene_associated_with_condition	1
0.61742175	HGNC:3662	MONDO:0015096	biolink:gene_associated_with_condition	1
0.9379364	HGNC:3686	MONDO:0014343	biolink:causes	1
0.6939399	HGNC:3686	MONDO:0019758	biolink:gene_associated_with_condition	1
0.7818004	HGNC:3694	MONDO:0015096	biolink:gene_associated_with_condition	1
0.9437553	HGNC:18169	MONDO:0009804	biolink:gene_associated_with_condition	1
0.88307065	HGNC:18169	MONDO:0009806	biolink:causes	1
0.8024193	HGNC:3756	MONDO:0014883	biolink:causes	1
0.711962	HGNC:3756	MONDO:0013550	biolink:causes	1
0.711962	HGNC:3756	MONDO:0013550	biolink:gene_associated_with_condition	1
0.69463396	HGNC:3767	MONDO:0008542	biolink:causes	1
0.7169309	HGNC:3767	MONDO:0032913	biolink:causes	1
0.52398014	HGNC:3778	MONDO:0011165	biolink:causes	1
0.49642557	HGNC:3791	MONDO:0013110	biolink:gene_associated_with_condition	1
0.9999913	HGNC:3809	MONDO:0009934	biolink:gene_associated_with_condition	1
0.9998503	HGNC:35123	MONDO:0958194	biolink:causes	1
0.7487758	HGNC:3999	MONDO:0010952	biolink:gene_associated_with_condition	1
0.50784343	HGNC:3999	MONDO:0014274	biolink:causes	1
0.50784343	HGNC:3999	MONDO:0014274	biolink:gene_associated_with_condition	1
0.15432768	HGNC:4014	MONDO:0033552	biolink:causes	1
0.02366585	HGNC:26219	MONDO:0850078	biolink:gene_associated_with_condition	1
0.36368883	HGNC:4023	MONDO:0032936	biolink:causes	1
0.49337766	HGNC:4023	MONDO:0032937	biolink:causes	1
0.0042334525	HGNC:14673	MONDO:0012395	biolink:causes	1
0.012169517	HGNC:4083	MONDO:0012843	biolink:contributes_to	1
0.023405667	HGNC:4116	MONDO:0017691	biolink:gene_associated_with_condition	1
0.9930736	HGNC:4125	MONDO:0100252	biolink:causes	1
0.99910104	HGNC:4135	MONDO:0009258	biolink:causes	1
0.99910104	HGNC:4135	MONDO:0009258	biolink:gene_associated_with_condition	1
0.8508776	HGNC:4171	MONDO:0013607	biolink:causes	1
0.003033578	HGNC:4173	MONDO:0035555	biolink:gene_associated_with_condition	1
0.23027447	HGNC:8849	MONDO:0030007	biolink:causes	1
0.9869791	HGNC:4195	MONDO:0007453	biolink:causes	1
0.7456741	HGNC:4312	MONDO:0012039	biolink:contributes_to	1
0.15885113	HGNC:4217	MONDO:0014217	biolink:causes	1
0.89310247	HGNC:4249	MONDO:0859189	biolink:causes	1
0.76067877	HGNC:4261	MONDO:0009879	biolink:causes	1
0.8746091	HGNC:4261	MONDO:0008250	biolink:gene_associated_with_condition	1
0.90408033	HGNC:4274	MONDO:0007922	biolink:causes	1
0.08260855	HGNC:4286	MONDO:0033012	biolink:causes	1
0.99772817	HGNC:4318	MONDO:0012563	biolink:causes	1
0.945963	HGNC:20134	MONDO:0014803	biolink:causes	1
0.945963	HGNC:20134	MONDO:0014803	biolink:gene_associated_with_condition	1
0.9232101	HGNC:20134	MONDO:0014804	biolink:gene_associated_with_condition	1
0.9272967	HGNC:22932	MONDO:0014141	biolink:causes	1
0.88420856	HGNC:22932	MONDO:0018277	biolink:gene_associated_with_condition	1
0.9999951	HGNC:24872	MONDO:0011301	biolink:causes	1
0.72209287	HGNC:4398	MONDO:0859173	biolink:causes	1
0.9844971	HGNC:23657	MONDO:0010028	biolink:gene_associated_with_condition	1
0.70468074	HGNC:23657	MONDO:0011603	biolink:causes	1
0.62187576	HGNC:23657	MONDO:0958325	biolink:causes	1
0.6527352	HGNC:23657	MONDO:0014518	biolink:gene_associated_with_condition	1
0.51776487	HGNC:4415	MONDO:0011698	biolink:gene_associated_with_condition	1
0.99534386	HGNC:4422	MONDO:0009658	biolink:causes	1
0.7888195	HGNC:4431	MONDO:0013526	biolink:causes	1
0.96251756	HGNC:24945	MONDO:0014412	biolink:causes	1
0.050528396	HGNC:20145	MONDO:0010435	biolink:causes	1
0.98107684	HGNC:20145	MONDO:0021019	biolink:gene_associated_with_condition	1
0.922678	HGNC:2001	MONDO:0012041	biolink:causes	1
0.92896974	HGNC:4584	MONDO:0013907	biolink:gene_associated_with_condition	1
0.9937482	HGNC:4588	MONDO:0014947	biolink:causes	1
0.022586906	HGNC:21270	MONDO:0976266	biolink:causes	1
0.75527877	HGNC:4623	MONDO:0019531	biolink:gene_associated_with_condition	1
0.141003	HGNC:4635	MONDO:0009061	biolink:gene_associated_with_condition	1
0.9991517	HGNC:24959	MONDO:0020762	biolink:causes	1
0.805802	HGNC:4651	MONDO:0014841	biolink:causes	1
0.9525314	HGNC:21157	MONDO:0014619	biolink:causes	1
0.945156	HGNC:4678	MONDO:0008377	biolink:causes	1
0.9936009	HGNC:15808	MONDO:0007738	biolink:causes	1
0.92634267	HGNC:15808	MONDO:0007875	biolink:causes	1
0.9042393	HGNC:15808	MONDO:0060556	biolink:gene_associated_with_condition	1
0.5049307	HGNC:4718	MONDO:0044323	biolink:causes	1
0.8606297	HGNC:4799	MONDO:0012382	biolink:causes	1
0.8606297	HGNC:4799	MONDO:0012382	biolink:gene_associated_with_condition	1
0.88135195	HGNC:4799	MONDO:0017715	biolink:causes	1
0.49352562	HGNC:4823	MONDO:0007716	biolink:gene_associated_with_condition	1
0.8647068	HGNC:4823	MONDO:0018023	biolink:gene_associated_with_condition	1
0.7688448	HGNC:4823	MONDO:0013512	biolink:gene_associated_with_condition	1
0.3666648	HGNC:4823	MONDO:0054802	biolink:causes	1
0.97326434	HGNC:4831	MONDO:0016672	biolink:gene_associated_with_condition	1
0.98329115	HGNC:4831	MONDO:0018749	biolink:gene_associated_with_condition	1
0.9847532	HGNC:4837	MONDO:0024552	biolink:causes	1
0.30979094	HGNC:23302	MONDO:0030619	biolink:causes	1
0.014522655	HGNC:4944	MONDO:0019082	biolink:gene_associated_with_condition	1
0.9268322	HGNC:4982	MONDO:0958226	biolink:causes	1
0.9678344	HGNC:5013	MONDO:0013536	biolink:causes	1
0.007946147	HGNC:11630	MONDO:0015268	biolink:gene_associated_with_condition	1
0.00922305	HGNC:11630	MONDO:0019644	biolink:gene_associated_with_condition	1
0.639815	HGNC:11630	MONDO:0013797	biolink:gene_associated_with_condition	1
0.04037982	HGNC:11630	MONDO:0019981	biolink:gene_associated_with_condition	1
0.60535085	HGNC:5044	MONDO:0018131	biolink:gene_associated_with_condition	1
0.8099817	HGNC:5173	MONDO:0044792	biolink:causes	1
0.7810619	HGNC:5173	MONDO:0008097	biolink:causes	1
0.7810619	HGNC:5173	MONDO:0008097	biolink:gene_associated_with_condition	1
0.65892917	HGNC:5173	MONDO:0017317	biolink:gene_associated_with_condition	1
0.85514283	HGNC:5209	MONDO:0009025	biolink:causes	1
0.9641891	HGNC:5213	MONDO:0009855	biolink:gene_associated_with_condition	1
0.81794965	HGNC:5273	MONDO:0011929	biolink:gene_associated_with_condition	1
0.79403216	HGNC:5273	MONDO:0009140	biolink:gene_associated_with_condition	1
0.84305525	HGNC:14348	MONDO:0044723	biolink:gene_associated_with_condition	1
0.9967524	HGNC:27302	MONDO:0014132	biolink:gene_associated_with_condition	1
0.19170788	HGNC:5383	MONDO:0013345	biolink:causes	1
0.8440469	HGNC:5383	MONDO:0014343	biolink:causes	1
0.019340826	HGNC:5383	MONDO:0016703	biolink:gene_associated_with_condition	1
0.5892517	HGNC:5383	MONDO:0019456	biolink:gene_associated_with_condition	1
0.018218042	HGNC:5383	MONDO:0016689	biolink:gene_associated_with_condition	1
0.9239444	HGNC:5950	MONDO:0007871	biolink:causes	1
0.99965906	HGNC:5956	MONDO:0011907	biolink:causes	1
0.8562023	HGNC:5960	MONDO:0014267	biolink:causes	1
0.8562023	HGNC:5960	MONDO:0014267	biolink:gene_associated_with_condition	1
0.6556075	HGNC:5961	MONDO:0010631	biolink:causes	1
0.9999989	HGNC:6010	MONDO:0010315	biolink:causes	1
0.9999989	HGNC:6010	MONDO:0010315	biolink:gene_associated_with_condition	1
0.83541256	HGNC:5965	MONDO:0012488	biolink:contributes_to	1
0.99878937	HGNC:6005	MONDO:0014338	biolink:causes	1
0.99878937	HGNC:6005	MONDO:0014338	biolink:gene_associated_with_condition	1
0.81064326	HGNC:21474	MONDO:0012423	biolink:causes	1
0.93986744	HGNC:6080	MONDO:0014343	biolink:causes	1
0.48282692	HGNC:29059	MONDO:0008434	biolink:gene_associated_with_condition	1
0.78442043	HGNC:29059	MONDO:0010656	biolink:gene_associated_with_condition	1
0.02631617	HGNC:17020	MONDO:0012607	biolink:contributes_to	1
0.73314893	HGNC:13890	MONDO:0013245	biolink:causes	1
0.73314893	HGNC:13890	MONDO:0013245	biolink:gene_associated_with_condition	1
0.9346224	HGNC:6158	MONDO:0012807	biolink:gene_associated_with_condition	1
0.94844884	HGNC:6189	MONDO:0030456	biolink:causes	1
0.8432578	HGNC:17933	MONDO:0033547	biolink:causes	1
0.9994978	HGNC:6254	MONDO:0957812	biolink:causes	1
0.9977381	HGNC:6284	MONDO:0032886	biolink:gene_associated_with_condition	1
0.9773859	HGNC:6284	MONDO:0012276	biolink:causes	1
0.006234301	HGNC:6285	MONDO:0044273	biolink:contributes_to	1
0.003001117	HGNC:29079	MONDO:0700299	biolink:contributes_to	1
0.17060973	HGNC:6308	MONDO:0020611	biolink:causes	1
0.89776546	HGNC:6315	MONDO:0009252	biolink:causes	1
0.73157054	HGNC:22219	MONDO:0008377	biolink:causes	1
0.8329137	HGNC:22219	MONDO:0016692	biolink:gene_associated_with_condition	1
0.012741169	HGNC:6323	MONDO:0017940	biolink:gene_associated_with_condition	1
0.6230365	HGNC:19181	MONDO:0014552	biolink:gene_associated_with_condition	1
0.31863305	HGNC:19349	MONDO:0100101	biolink:gene_associated_with_condition	1
0.7375397	HGNC:6342	MONDO:0020320	biolink:gene_associated_with_condition	1
0.058210466	HGNC:6342	MONDO:0015555	biolink:gene_associated_with_condition	1
0.109647244	HGNC:6342	MONDO:0015557	biolink:gene_associated_with_condition	1
0.97230124	HGNC:6344	MONDO:0060715	biolink:causes	1
0.8517666	HGNC:20716	MONDO:0012297	biolink:causes	1
0.8517666	HGNC:20716	MONDO:0012297	biolink:gene_associated_with_condition	1
0.63782084	HGNC:13672	MONDO:0012774	biolink:causes	1
0.28575522	HGNC:6439	MONDO:0007813	biolink:causes	1
0.28575522	HGNC:6439	MONDO:0007813	biolink:gene_associated_with_condition	1
0.5434446	HGNC:6427	MONDO:0008485	biolink:gene_associated_with_condition	1
0.82425445	HGNC:6485	MONDO:0031061	biolink:causes	1
0.6451294	HGNC:24912	MONDO:0014031	biolink:causes	1
0.93611634	HGNC:6518	MONDO:0014343	biolink:causes	1
0.8036615	HGNC:6518	MONDO:0013276	biolink:causes	1
0.9003711	HGNC:6518	MONDO:0018663	biolink:gene_associated_with_condition	1
0.6269285	HGNC:15710	MONDO:0017401	biolink:gene_associated_with_condition	1
0.75501263	HGNC:15710	MONDO:0011094	biolink:causes	1
0.7985271	HGNC:19708	MONDO:0009505	biolink:causes	1
0.999951	HGNC:18711	MONDO:0859277	biolink:causes	1
0.8716808	HGNC:6617	MONDO:0019148	biolink:causes	1
0.8716808	HGNC:6617	MONDO:0019148	biolink:gene_associated_with_condition	1
0.36043188	HGNC:13243	MONDO:0008572	biolink:gene_associated_with_condition	1
0.81217015	HGNC:13243	MONDO:0008700	biolink:gene_associated_with_condition	1
0.8845878	HGNC:13243	MONDO:0007615	biolink:causes	1
0.38050455	HGNC:6633	MONDO:0008542	biolink:causes	1
0.8670824	HGNC:6637	MONDO:0030928	biolink:causes	1
0.36174384	HGNC:23405	MONDO:0014070	biolink:causes	1
0.08068905	HGNC:6696	MONDO:0013679	biolink:causes	1
0.7053252	HGNC:6696	MONDO:0008931	biolink:causes	1
0.93090236	HGNC:6740	MONDO:0971009	biolink:causes	1
0.9985031	HGNC:6766	MONDO:0033561	biolink:causes	1
0.9985031	HGNC:6766	MONDO:0033561	biolink:gene_associated_with_condition	1
0.99250835	HGNC:6776	MONDO:0010992	biolink:causes	1
0.81575274	HGNC:16353	MONDO:0010503	biolink:gene_associated_with_condition	1
0.609596	HGNC:6831	MONDO:0009562	biolink:gene_associated_with_condition	1
0.10749584	HGNC:485	MONDO:0023662	biolink:causes	1
0.9631866	HGNC:493	MONDO:0020745	biolink:causes	1
0.87504005	HGNC:23575	MONDO:0859186	biolink:causes	1
0.9193673	HGNC:21732	MONDO:0014343	biolink:causes	1
0.99849737	HGNC:1361	MONDO:0030455	biolink:causes	1
0.18347766	HGNC:18971	MONDO:0015597	biolink:gene_associated_with_condition	1
0.0073375627	HGNC:18971	MONDO:0014494	biolink:contributes_to	1
0.04722288	HGNC:613	MONDO:0011285	biolink:contributes_to	1
0.119371966	HGNC:613	MONDO:0011743	biolink:causes	1
0.74766165	HGNC:644	MONDO:0010720	biolink:gene_associated_with_condition	1
0.46318707	HGNC:644	MONDO:0019848	biolink:gene_associated_with_condition	1
0.007476281	HGNC:714	MONDO:0017172	biolink:gene_associated_with_condition	1
0.91730505	HGNC:719	MONDO:0014343	biolink:causes	1
0.7769082	HGNC:16448	MONDO:0008377	biolink:causes	1
0.9988387	HGNC:29357	MONDO:0014205	biolink:causes	1
0.4991326	HGNC:791	MONDO:0014677	biolink:causes	1
0.9910603	HGNC:3033	MONDO:0032781	biolink:causes	1
0.73226345	HGNC:6903	MONDO:0009607	biolink:causes	1
0.33657646	HGNC:6936	MONDO:0008861	biolink:causes	1
0.3281106	HGNC:25636	MONDO:0008542	biolink:causes	1
0.83039105	HGNC:2375	MONDO:0013351	biolink:gene_associated_with_condition	1
0.50153124	HGNC:28845	MONDO:0011570	biolink:causes	1
0.65979457	HGNC:6998	MONDO:0007191	biolink:gene_associated_with_condition	1
0.8356992	HGNC:6998	MONDO:0018015	biolink:gene_associated_with_condition	1
0.44837072	HGNC:7027	MONDO:0013469	biolink:causes	1
0.8871757	HGNC:29659	MONDO:0014343	biolink:causes	1
0.9652357	HGNC:26988	MONDO:0014409	biolink:causes	1
0.70791876	HGNC:28486	MONDO:0012588	biolink:causes	1
0.18064487	HGNC:21086	MONDO:0014042	biolink:causes	1
0.32136875	HGNC:7096	MONDO:0010489	biolink:causes	1
0.81359494	HGNC:7104	MONDO:0014976	biolink:causes	1
0.81359494	HGNC:7104	MONDO:0014976	biolink:gene_associated_with_condition	1
0.041777793	HGNC:7105	MONDO:0007077	biolink:causes	1
0.041777793	HGNC:7105	MONDO:0007077	biolink:gene_associated_with_condition	1
0.967554	HGNC:17082	MONDO:0024555	biolink:causes	1
0.7182227	HGNC:16063	MONDO:0020512	biolink:gene_associated_with_condition	1
0.20445186	HGNC:7171	MONDO:0011929	biolink:gene_associated_with_condition	1
0.020791365	HGNC:7526	MONDO:0017360	biolink:gene_associated_with_condition	1
0.933407	HGNC:4979	MONDO:0014343	biolink:causes	1
0.84822685	HGNC:24862	MONDO:0011629	biolink:causes	1
0.2595242	HGNC:7208	MONDO:0017116	biolink:gene_associated_with_condition	1
0.86452776	HGNC:16352	MONDO:0032815	biolink:causes	1
0.318767	HGNC:10378	MONDO:0033533	biolink:causes	1
0.75371456	HGNC:16650	MONDO:0014162	biolink:causes	1
0.87550646	HGNC:14508	MONDO:0012718	biolink:causes	1
0.044729132	HGNC:14334	MONDO:0850067	biolink:gene_associated_with_condition	1
0.019716963	HGNC:7372	MONDO:0012758	biolink:contributes_to	1
0.95529515	HGNC:7499	MONDO:0010792	biolink:gene_associated_with_condition	1
0.88830805	HGNC:25532	MONDO:0013354	biolink:gene_associated_with_condition	1
0.5185977	HGNC:7467	MONDO:0008377	biolink:causes	1
0.26827696	HGNC:21666	MONDO:0011490	biolink:gene_associated_with_condition	1
0.2694549	HGNC:7576	MONDO:0013198	biolink:causes	1
0.6064369	HGNC:7599	MONDO:0013589	biolink:causes	1
0.32453376	HGNC:7601	MONDO:0011774	biolink:causes	1
0.86647636	HGNC:17996	MONDO:0009377	biolink:causes	1
0.86647636	HGNC:17996	MONDO:0009377	biolink:gene_associated_with_condition	1
0.9544448	HGNC:7652	MONDO:0009623	biolink:gene_associated_with_condition	1
0.9357269	HGNC:7702	MONDO:0859320	biolink:causes	1
0.9906254	HGNC:20372	MONDO:0024552	biolink:causes	1
0.8429509	HGNC:7717	MONDO:0032612	biolink:causes	1
0.9942468	HGNC:7737	MONDO:0014836	biolink:causes	1
0.9142553	HGNC:13387	MONDO:0971178	biolink:causes	1
0.24523194	HGNC:13387	MONDO:0013444	biolink:causes	1
0.79910165	HGNC:7776	MONDO:0859369	biolink:causes	1
0.4653482	HGNC:7782	MONDO:0060591	biolink:causes	1
0.67646605	HGNC:17043	MONDO:0014294	biolink:gene_associated_with_condition	1
0.9705446	HGNC:28018	MONDO:0012847	biolink:causes	1
0.87566537	HGNC:32940	MONDO:0008542	biolink:causes	1
0.9919011	HGNC:14374	MONDO:0014089	biolink:causes	1
0.98818934	HGNC:14374	MONDO:0060457	biolink:causes	1
0.6354541	HGNC:7865	MONDO:0019758	biolink:gene_associated_with_condition	1
0.79625523	HGNC:7876	MONDO:0007088	biolink:contributes_to	1
0.8195675	HGNC:7876	MONDO:0020671	biolink:contributes_to	1
0.72494143	HGNC:7882	MONDO:0007057	biolink:causes	1
0.8332487	HGNC:19104	MONDO:0011756	biolink:causes	1
0.4148648	HGNC:7978	MONDO:0009050	biolink:gene_associated_with_condition	1
0.99999106	HGNC:7994	MONDO:0859236	biolink:causes	1
0.13683605	HGNC:8008	MONDO:0013696	biolink:contributes_to	1
0.420579	HGNC:8008	MONDO:0013690	biolink:causes	1
0.031052953	HGNC:14234	MONDO:0016461	biolink:gene_associated_with_condition	1
0.9866062	HGNC:14234	MONDO:0019349	biolink:causes	1
0.9866062	HGNC:14234	MONDO:0019349	biolink:gene_associated_with_condition	1
0.82134056	HGNC:25994	MONDO:0012613	biolink:causes	1
0.9597919	HGNC:8029	MONDO:0008002	biolink:causes	1
0.6192959	HGNC:8031	MONDO:0007958	biolink:causes	1
0.40473706	HGNC:29929	MONDO:0032583	biolink:causes	1
0.9039688	HGNC:29092	MONDO:0014343	biolink:causes	1
0.76697147	HGNC:8104	MONDO:0020789	biolink:causes	1
0.88022023	HGNC:8108	MONDO:0010645	biolink:gene_associated_with_condition	1
0.9563854	HGNC:8140	MONDO:0008858	biolink:gene_associated_with_condition	1
0.68039954	HGNC:8140	MONDO:0008377	biolink:causes	1
0.21779054	HGNC:8149	MONDO:0009825	biolink:causes	1
0.21779054	HGNC:8149	MONDO:0009825	biolink:gene_associated_with_condition	1
0.9788672	HGNC:25896	MONDO:0013007	biolink:causes	1
0.9656732	HGNC:25896	MONDO:0014383	biolink:causes	1
0.3288219	HGNC:8565	MONDO:0958176	biolink:causes	1
0.996673	HGNC:8592	MONDO:0010361	biolink:causes	1
0.9907199	HGNC:29679	MONDO:0013223	biolink:causes	1
0.50479853	HGNC:8604	MONDO:0019666	biolink:gene_associated_with_condition	1
0.9065148	HGNC:8604	MONDO:0014343	biolink:causes	1
0.15162162	HGNC:8618	MONDO:0100180	biolink:contributes_to	1
0.005598102	HGNC:8632	MONDO:0600030	biolink:gene_associated_with_condition	1
0.9848919	HGNC:8632	MONDO:0060549	biolink:gene_associated_with_condition	1
0.9983358	HGNC:8657	MONDO:0009625	biolink:causes	1
0.8896044	HGNC:14270	MONDO:0010246	biolink:gene_associated_with_condition	1
0.98052454	HGNC:8717	MONDO:0859252	biolink:causes	1
0.86743885	HGNC:8756	MONDO:0032906	biolink:causes	1
0.86743885	HGNC:8756	MONDO:0032906	biolink:gene_associated_with_condition	1
0.9867134	HGNC:8794	MONDO:0012205	biolink:causes	1
0.9671095	HGNC:8794	MONDO:0958263	biolink:gene_associated_with_condition	1
0.47816035	HGNC:8773	MONDO:0958262	biolink:gene_associated_with_condition	1
0.12210198	HGNC:8846	MONDO:0011442	biolink:causes	1
0.78022575	HGNC:9719	MONDO:0008954	biolink:causes	1
0.9225607	HGNC:9719	MONDO:0018598	biolink:gene_associated_with_condition	1
0.96636736	HGNC:9719	MONDO:0019174	biolink:gene_associated_with_condition	1
0.8792378	HGNC:8859	MONDO:0014343	biolink:causes	1
0.9740713	HGNC:8853	MONDO:0018598	biolink:gene_associated_with_condition	1
0.95781076	HGNC:8853	MONDO:0013967	biolink:causes	1
0.99757415	HGNC:8855	MONDO:0019174	biolink:gene_associated_with_condition	1
0.99095356	HGNC:22965	MONDO:0013938	biolink:causes	1
0.699832	HGNC:8896	MONDO:0010392	biolink:gene_associated_with_condition	1
0.6921162	HGNC:8896	MONDO:0008377	biolink:causes	1
0.99692625	HGNC:8925	MONDO:0010362	biolink:gene_associated_with_condition	1
0.9461686	HGNC:14938	MONDO:0014165	biolink:gene_associated_with_condition	1
0.8292509	HGNC:23213	MONDO:0012465	biolink:gene_associated_with_condition	1
0.95952755	HGNC:23213	MONDO:0014457	biolink:causes	1
0.9211704	HGNC:8977	MONDO:0014222	biolink:causes	1
0.8364957	HGNC:8996	MONDO:0012656	biolink:causes	1
0.9348589	HGNC:9004	MONDO:0014343	biolink:causes	1
0.091245666	HGNC:9004	MONDO:0017382	biolink:gene_associated_with_condition	1
0.09949677	HGNC:20313	MONDO:0968981	biolink:causes	1
0.6267946	HGNC:9046	MONDO:0011073	biolink:contributes_to	1
0.2221951	HGNC:9046	MONDO:0019921	biolink:gene_associated_with_condition	1
0.67245626	HGNC:30260	MONDO:0012407	biolink:gene_associated_with_condition	1
0.9223786	HGNC:9173	MONDO:0010523	biolink:gene_associated_with_condition	1
0.9820225	HGNC:19743	MONDO:0013154	biolink:causes	1
0.7414555	HGNC:19743	MONDO:0013162	biolink:gene_associated_with_condition	1
0.9622485	HGNC:9218	MONDO:0859158	biolink:causes	1
0.33673102	HGNC:9236	MONDO:0016681	biolink:gene_associated_with_condition	1
0.7125355	HGNC:9236	MONDO:0011448	biolink:gene_associated_with_condition	1
0.7406915	HGNC:9236	MONDO:0016682	biolink:gene_associated_with_condition	1
0.77501404	HGNC:9255	MONDO:0008148	biolink:gene_associated_with_condition	1
0.70168597	HGNC:9260	MONDO:0030258	biolink:causes	1
0.85285175	HGNC:30595	MONDO:0014343	biolink:causes	1
0.9087276	HGNC:9312	MONDO:0014602	biolink:gene_associated_with_condition	1
0.9994467	HGNC:13997	MONDO:0014662	biolink:causes	1
0.109997265	HGNC:14000	MONDO:0014152	biolink:causes	1
0.9687066	HGNC:9369	MONDO:0859276	biolink:causes	1
0.8447726	HGNC:9386	MONDO:0009867	biolink:causes	1
0.8447726	HGNC:9386	MONDO:0009867	biolink:gene_associated_with_condition	1
0.72043574	HGNC:9402	MONDO:0011540	biolink:causes	1
0.8787459	HGNC:15836	MONDO:0019828	biolink:gene_associated_with_condition	1
0.9981493	HGNC:15836	MONDO:0007794	biolink:causes	1
0.8410345	HGNC:9460	MONDO:0017993	biolink:gene_associated_with_condition	1
0.8505519	HGNC:9498	MONDO:0017729	biolink:gene_associated_with_condition	1
0.8473896	HGNC:9498	MONDO:0012720	biolink:causes	1
0.8800785	HGNC:9585	MONDO:0017218	biolink:gene_associated_with_condition	1
0.4537101	HGNC:9585	MONDO:0011556	biolink:causes	1
0.9522625	HGNC:9585	MONDO:0012562	biolink:causes	1
0.010064766	HGNC:9607	MONDO:0013244	biolink:causes	1
0.5296235	HGNC:9644	MONDO:0007979	biolink:causes	1
0.5296235	HGNC:9644	MONDO:0007979	biolink:gene_associated_with_condition	1
0.9715837	HGNC:9644	MONDO:0014343	biolink:causes	1
0.7180895	HGNC:9670	MONDO:0014450	biolink:causes	1
0.0037962857	HGNC:14957	MONDO:0033482	biolink:gene_associated_with_condition	1
0.0032322174	HGNC:819	MONDO:0018742	biolink:gene_associated_with_condition	1
0.9548097	HGNC:868	MONDO:0010504	biolink:causes	1
0.8241734	HGNC:851	MONDO:0027451	biolink:causes	1
0.8876131	HGNC:18481	MONDO:0009054	biolink:gene_associated_with_condition	1
0.47625202	HGNC:13552	MONDO:0800029	biolink:gene_associated_with_condition	1
0.005966714	HGNC:13552	MONDO:0030724	biolink:causes	1
0.99468213	HGNC:32925	MONDO:0012116	biolink:gene_associated_with_condition	1
0.9756502	HGNC:13221	MONDO:0014914	biolink:causes	1
0.7936393	HGNC:1014	MONDO:0020512	biolink:gene_associated_with_condition	1
0.92676675	HGNC:35126	MONDO:0014343	biolink:causes	1
0.77627057	HGNC:35126	MONDO:0012271	biolink:causes	1
0.43542707	HGNC:35126	MONDO:0009222	biolink:gene_associated_with_condition	1
0.64795136	HGNC:1062	MONDO:0013595	biolink:causes	1
0.6882132	HGNC:1071	MONDO:0008377	biolink:causes	1
0.26942	HGNC:1076	MONDO:0008276	biolink:gene_associated_with_condition	1
0.85493135	HGNC:1076	MONDO:0012041	biolink:causes	1
0.016626919	HGNC:37247	MONDO:0975837	biolink:causes	1
0.011970361	HGNC:1093	MONDO:0016598	biolink:gene_associated_with_condition	1
0.8802125	HGNC:1093	MONDO:0009113	biolink:causes	1
0.7338387	HGNC:26019	MONDO:0013561	biolink:causes	1
0.9599926	HGNC:1097	MONDO:0007922	biolink:causes	1
0.781335	HGNC:1097	MONDO:0016692	biolink:gene_associated_with_condition	1
1.0	HGNC:1100	MONDO:0011450	biolink:contributes_to	1
0.006216507	HGNC:1100	MONDO:0013685	biolink:contributes_to	1
0.7159375	HGNC:14255	MONDO:0018564	biolink:gene_associated_with_condition	1
0.7031505	HGNC:1122	MONDO:0009665	biolink:causes	1
0.7987917	HGNC:13862	MONDO:0033564	biolink:causes	1
0.70017856	HGNC:1241	MONDO:0958182	biolink:causes	1
0.85830563	HGNC:1241	MONDO:0013743	biolink:gene_associated_with_condition	1
0.9823433	HGNC:26033	MONDO:0032687	biolink:causes	1
0.8382889	HGNC:9721	MONDO:0014343	biolink:causes	1
0.7052192	HGNC:9721	MONDO:0009271	biolink:gene_associated_with_condition	1
0.9054997	HGNC:9721	MONDO:0013051	biolink:causes	1
0.9984819	HGNC:25326	MONDO:0032686	biolink:causes	1
0.53484976	HGNC:17168	MONDO:0018421	biolink:gene_associated_with_condition	1
0.9692638	HGNC:17168	MONDO:0013641	biolink:causes	1
0.4099899	HGNC:18072	MONDO:0032867	biolink:contributes_to	1
0.8319175	HGNC:9829	MONDO:0007922	biolink:causes	1
0.719661	HGNC:9829	MONDO:0016692	biolink:gene_associated_with_condition	1
0.5896716	HGNC:9829	MONDO:0008542	biolink:causes	1
0.83007604	HGNC:9859	MONDO:0958001	biolink:causes	1
0.05397214	HGNC:9864	MONDO:0012883	biolink:causes	1
0.05397214	HGNC:9864	MONDO:0012883	biolink:gene_associated_with_condition	1
0.9872885	HGNC:18286	MONDO:0012483	biolink:causes	1
0.11389491	HGNC:14959	MONDO:0018436	biolink:gene_associated_with_condition	1
0.9678458	HGNC:9921	MONDO:0014093	biolink:causes	1
0.8572592	HGNC:9940	MONDO:0018877	biolink:gene_associated_with_condition	1
0.7064674	HGNC:9940	MONDO:0008377	biolink:causes	1
0.87563455	HGNC:17964	MONDO:0008377	biolink:causes	1
0.71349186	HGNC:9949	MONDO:0016369	biolink:causes	1
0.60477805	HGNC:9949	MONDO:0009039	biolink:gene_associated_with_condition	1
0.55033773	HGNC:9949	MONDO:0009955	biolink:gene_associated_with_condition	1
0.9387593	HGNC:25786	MONDO:0012453	biolink:causes	1
0.88319665	HGNC:9956	MONDO:0054696	biolink:causes	1
0.9855285	HGNC:9957	MONDO:0007922	biolink:causes	1
0.15188476	HGNC:9957	MONDO:0700090	biolink:causes	1
0.59221333	HGNC:9966	MONDO:0014779	biolink:contributes_to	1
0.9848391	HGNC:25964	MONDO:0024309	biolink:causes	1
0.706096	HGNC:10004	MONDO:0958180	biolink:causes	1
0.030188436	HGNC:17283	MONDO:0033543	biolink:causes	1
0.2623007	HGNC:13872	MONDO:0011761	biolink:causes	1
0.9772948	HGNC:25358	MONDO:0012166	biolink:causes	1
0.59248835	HGNC:14539	MONDO:0011784	biolink:contributes_to	1
0.41873074	HGNC:10074	MONDO:0957561	biolink:contributes_to	1
0.9998621	HGNC:19380	MONDO:0859360	biolink:causes	1
0.8438569	HGNC:17985	MONDO:0032783	biolink:causes	1
0.56776094	HGNC:10256	MONDO:0033200	biolink:causes	1
0.86907506	HGNC:10263	MONDO:0008377	biolink:causes	1
0.3085151	HGNC:10383	MONDO:0013216	biolink:causes	1
0.5450199	HGNC:19903	MONDO:0859328	biolink:causes	1
0.46673846	HGNC:19903	MONDO:0019130	biolink:gene_associated_with_condition	1
0.99956495	HGNC:23625	MONDO:0030915	biolink:causes	1
0.020884776	HGNC:15924	MONDO:0016863	biolink:gene_associated_with_condition	1
0.8948805	HGNC:1349	MONDO:0009646	biolink:causes	1
0.9700504	HGNC:31750	MONDO:0010985	biolink:causes	1
0.81176084	HGNC:17697	MONDO:0013458	biolink:gene_associated_with_condition	1
0.8911575	HGNC:19304	MONDO:0957787	biolink:causes	1
0.88665795	HGNC:10590	MONDO:0054776	biolink:causes	1
0.52556837	HGNC:10593	MONDO:0011003	biolink:causes	1
0.9979074	HGNC:10593	MONDO:0020745	biolink:causes	1
0.16611102	HGNC:10593	MONDO:0010086	biolink:contributes_to	1
0.93203294	HGNC:10593	MONDO:0024562	biolink:causes	1
0.91762674	HGNC:10582	MONDO:0009459	biolink:gene_associated_with_condition	1
0.020195426	HGNC:10582	MONDO:0017629	biolink:gene_associated_with_condition	1
0.03115104	HGNC:10600	MONDO:0020607	biolink:causes	1
0.87278146	HGNC:10600	MONDO:0008887	biolink:causes	1
0.965023	HGNC:10604	MONDO:0700250	biolink:causes	1
0.54961735	HGNC:10604	MONDO:0020207	biolink:gene_associated_with_condition	1
0.57296044	HGNC:10606	MONDO:0013391	biolink:causes	1
0.57296044	HGNC:10606	MONDO:0013391	biolink:gene_associated_with_condition	1
0.8038761	HGNC:10680	MONDO:0031006	biolink:causes	1
0.74706274	HGNC:10680	MONDO:0100294	biolink:causes	1
0.8125554	HGNC:30972	MONDO:0800046	biolink:causes	1
0.0056048436	HGNC:10719	MONDO:0029144	biolink:causes	1
0.34466797	HGNC:30605	MONDO:0016589	biolink:gene_associated_with_condition	1
0.2348128	HGNC:8941	MONDO:0009061	biolink:gene_associated_with_condition	1
0.9759194	HGNC:10799	MONDO:0800029	biolink:gene_associated_with_condition	1
0.8712149	HGNC:10805	MONDO:0011968	biolink:causes	1
0.8712149	HGNC:10805	MONDO:0011968	biolink:gene_associated_with_condition	1
0.99994624	HGNC:29427	MONDO:0011113	biolink:gene_associated_with_condition	1
0.87249607	HGNC:25321	MONDO:0968982	biolink:causes	1
0.99676776	HGNC:15454	MONDO:0054637	biolink:causes	1
0.9877894	HGNC:29165	MONDO:0032571	biolink:causes	1
0.78761196	HGNC:10887	MONDO:0011519	biolink:causes	1
0.9125794	HGNC:11065	MONDO:0009109	biolink:causes	1
0.8298386	HGNC:11071	MONDO:0014572	biolink:causes	1
0.77344304	HGNC:10905	MONDO:0031446	biolink:gene_associated_with_condition	1
0.026118618	HGNC:10907	MONDO:0009061	biolink:gene_associated_with_condition	1
0.5602483	HGNC:10979	MONDO:0020345	biolink:gene_associated_with_condition	1
0.89111215	HGNC:10979	MONDO:0014072	biolink:causes	1
0.76797026	HGNC:10979	MONDO:0032596	biolink:causes	1
0.988813	HGNC:10982	MONDO:0013056	biolink:gene_associated_with_condition	1
0.9881941	HGNC:10985	MONDO:0009393	biolink:causes	1
0.99466395	HGNC:26054	MONDO:0008785	biolink:causes	1
0.8928437	HGNC:10993	MONDO:0957268	biolink:causes	1
0.12865543	HGNC:11013	MONDO:0011973	biolink:causes	1
0.88040686	HGNC:11016	MONDO:0957211	biolink:causes	1
0.99999416	HGNC:20305	MONDO:0009431	biolink:causes	1
0.9988912	HGNC:20800	MONDO:0010013	biolink:causes	1
0.56787163	HGNC:10909	MONDO:0011631	biolink:gene_associated_with_condition	1
0.9737881	HGNC:18798	MONDO:0030028	biolink:causes	1
0.9872228	HGNC:30224	MONDO:0013867	biolink:causes	1
0.9984439	HGNC:32689	MONDO:0014830	biolink:causes	1
0.93047863	HGNC:6769	MONDO:0013426	biolink:causes	1
0.93047863	HGNC:6769	MONDO:0013426	biolink:gene_associated_with_condition	1
0.895996	HGNC:6769	MONDO:0007363	biolink:causes	1
0.75546145	HGNC:18398	MONDO:0008416	biolink:causes	1
0.75546145	HGNC:18398	MONDO:0008416	biolink:gene_associated_with_condition	1
0.918817	HGNC:2468	MONDO:0014343	biolink:causes	1
0.89946955	HGNC:11117	MONDO:0010056	biolink:causes	1
0.79385644	HGNC:11094	MONDO:0008244	biolink:gene_associated_with_condition	1
0.20733733	HGNC:1248	MONDO:0009006	biolink:causes	1
0.8119181	HGNC:1393	MONDO:0010335	biolink:causes	1
0.8586912	HGNC:1393	MONDO:0008377	biolink:causes	1
0.7877889	HGNC:1424	MONDO:0014647	biolink:gene_associated_with_condition	1
0.8118693	HGNC:1449	MONDO:0020745	biolink:causes	1
0.78618866	HGNC:1449	MONDO:0032915	biolink:causes	1
0.9843141	HGNC:1461	MONDO:0030920	biolink:causes	1
0.9976132	HGNC:11182	MONDO:0036189	biolink:gene_associated_with_condition	1
0.8804085	HGNC:1509	MONDO:0016216	biolink:gene_associated_with_condition	1
0.5235758	HGNC:1527	MONDO:0014135	biolink:causes	1
0.82439864	HGNC:9688	MONDO:0013225	biolink:causes	1
0.961032	HGNC:1550	MONDO:0008818	biolink:causes	1
0.99804723	HGNC:14153	MONDO:0013890	biolink:gene_associated_with_condition	1
0.9710867	HGNC:26821	MONDO:0007794	biolink:causes	1
0.9969337	HGNC:14977	MONDO:0014601	biolink:causes	1
0.0073185405	HGNC:11179	MONDO:0007103	biolink:causes	1
0.6562674	HGNC:17321	MONDO:0013460	biolink:causes	1
0.36805144	HGNC:17321	MONDO:0009031	biolink:gene_associated_with_condition	1
0.16892442	HGNC:11220	MONDO:0012401	biolink:gene_associated_with_condition	1
0.99780756	HGNC:30705	MONDO:0975843	biolink:causes	1
0.39129636	HGNC:30705	MONDO:0975842	biolink:causes	1
0.9926018	HGNC:11226	MONDO:0011445	biolink:causes	1
0.8463557	HGNC:11257	MONDO:0012994	biolink:causes	1
0.94065374	HGNC:11281	MONDO:0007794	biolink:causes	1
0.91150284	HGNC:11301	MONDO:0044204	biolink:causes	1
0.3504985	HGNC:11301	MONDO:0032899	biolink:causes	1
0.3504985	HGNC:11301	MONDO:0032899	biolink:gene_associated_with_condition	1
0.9721676	HGNC:11356	MONDO:0014321	biolink:causes	1
0.5534534	HGNC:26200	MONDO:0800029	biolink:gene_associated_with_condition	1
0.99985456	HGNC:30650	MONDO:0011010	biolink:causes	1
0.99985456	HGNC:30650	MONDO:0011010	biolink:gene_associated_with_condition	1
0.9801981	HGNC:16035	MONDO:0012621	biolink:causes	1
0.011487675	HGNC:16466	MONDO:0016710	biolink:gene_associated_with_condition	1
0.39054415	HGNC:16466	MONDO:0958189	biolink:causes	1
0.024415951	HGNC:30632	MONDO:0700301	biolink:causes	1
0.027574385	HGNC:11494	MONDO:0010339	biolink:causes	1
0.027574385	HGNC:11494	MONDO:0010339	biolink:gene_associated_with_condition	1
0.9788739	HGNC:11521	MONDO:0013912	biolink:causes	1
0.99957937	HGNC:11521	MONDO:0007794	biolink:causes	1
0.9764287	HGNC:11557	MONDO:0013108	biolink:causes	1
0.54908264	HGNC:11566	MONDO:0971012	biolink:causes	1
0.99012846	HGNC:21066	MONDO:0009544	biolink:causes	1
0.99942124	HGNC:29203	MONDO:0009079	biolink:gene_associated_with_condition	1
0.8325123	HGNC:29203	MONDO:0011506	biolink:causes	1
0.8325123	HGNC:29203	MONDO:0011506	biolink:gene_associated_with_condition	1
0.99610364	HGNC:11603	MONDO:0007841	biolink:gene_associated_with_condition	1
0.65947086	HGNC:11596	MONDO:0008720	biolink:causes	1
0.65947086	HGNC:11596	MONDO:0008720	biolink:gene_associated_with_condition	1
0.32900634	HGNC:11647	MONDO:0009138	biolink:gene_associated_with_condition	1
0.99968946	HGNC:11708	MONDO:0010907	biolink:gene_associated_with_condition	1
0.40558454	HGNC:11724	MONDO:0014998	biolink:causes	1
0.99902976	HGNC:20324	MONDO:0014507	biolink:gene_associated_with_condition	1
0.8589868	HGNC:20324	MONDO:0014343	biolink:causes	1
0.83903456	HGNC:11769	MONDO:0017403	biolink:gene_associated_with_condition	1
0.9357031	HGNC:11769	MONDO:0014343	biolink:causes	1
0.999613	HGNC:11769	MONDO:0007524	biolink:causes	1
0.99807894	HGNC:11769	MONDO:0008818	biolink:causes	1
0.95573384	HGNC:25835	MONDO:0030731	biolink:causes	1
0.98015565	HGNC:11824	MONDO:0009990	biolink:gene_associated_with_condition	1
0.9139386	HGNC:11824	MONDO:0018045	biolink:gene_associated_with_condition	1
0.9990552	HGNC:25295	MONDO:0030440	biolink:causes	1
0.0058690957	HGNC:30788	MONDO:0014783	biolink:causes	1
0.1413627	HGNC:11847	MONDO:0013185	biolink:contributes_to	1
0.74578625	HGNC:5056	MONDO:0020512	biolink:gene_associated_with_condition	1
0.030444039	HGNC:26230	MONDO:0014184	biolink:contributes_to	1
0.018462753	HGNC:16513	MONDO:0011708	biolink:causes	1
0.9893931	HGNC:18188	MONDO:0800436	biolink:gene_associated_with_condition	1
0.9994301	HGNC:25535	MONDO:0012892	biolink:causes	1
0.9507749	HGNC:23787	MONDO:0031019	biolink:causes	1
0.9144801	HGNC:26050	MONDO:0013546	biolink:gene_associated_with_condition	1
0.6188856	HGNC:25382	MONDO:0013069	biolink:gene_associated_with_condition	1
0.05701323	HGNC:25018	MONDO:0975840	biolink:causes	1
0.16470669	HGNC:23018	MONDO:0008678	biolink:gene_associated_with_condition	1
0.034032173	HGNC:18308	MONDO:0010469	biolink:contributes_to	1
0.99970585	HGNC:11909	MONDO:0009394	biolink:causes	1
0.6764203	HGNC:11909	MONDO:0007319	biolink:gene_associated_with_condition	1
0.9828524	HGNC:11949	MONDO:0020745	biolink:causes	1
0.93553007	HGNC:11949	MONDO:0019150	biolink:gene_associated_with_condition	1
0.76346266	HGNC:29190	MONDO:0030995	biolink:causes	1
0.82545215	HGNC:29456	MONDO:0014900	biolink:gene_associated_with_condition	1
0.89777386	HGNC:16197	MONDO:0033008	biolink:causes	1
0.8772047	HGNC:15979	MONDO:0007508	biolink:causes	1
0.87577033	HGNC:15979	MONDO:0014343	biolink:causes	1
0.82129186	HGNC:15979	MONDO:0007072	biolink:causes	1
0.95241886	HGNC:15979	MONDO:0011428	biolink:causes	1
0.08212275	HGNC:15979	MONDO:0029145	biolink:causes	1
0.85686773	HGNC:15979	MONDO:0011334	biolink:gene_associated_with_condition	1
0.97136486	HGNC:12016	MONDO:0030971	biolink:causes	1
0.45354083	HGNC:25751	MONDO:0009279	biolink:gene_associated_with_condition	1
0.87852037	HGNC:12306	MONDO:0030914	biolink:causes	1
0.42214236	HGNC:25980	MONDO:0032665	biolink:causes	1
0.80764437	HGNC:25481	MONDO:0010780	biolink:gene_associated_with_condition	1
0.975392	HGNC:25481	MONDO:0013111	biolink:gene_associated_with_condition	1
0.9721282	HGNC:17341	MONDO:0014487	biolink:gene_associated_with_condition	1
0.9938512	HGNC:17341	MONDO:0014850	biolink:causes	1
0.86380774	HGNC:17341	MONDO:0008377	biolink:causes	1
0.96301675	HGNC:18083	MONDO:0010839	biolink:causes	1
0.96301675	HGNC:18083	MONDO:0010839	biolink:gene_associated_with_condition	1
0.99386555	HGNC:18083	MONDO:0011633	biolink:gene_associated_with_condition	1
0.8875219	HGNC:18083	MONDO:0007232	biolink:causes	1
0.8875219	HGNC:18083	MONDO:0007232	biolink:gene_associated_with_condition	1
0.99516255	HGNC:18083	MONDO:0008477	biolink:causes	1
0.9999225	HGNC:1268	MONDO:0032584	biolink:gene_associated_with_condition	1
0.0010968194	HGNC:1268	MONDO:0013929	biolink:causes	1
0.9784087	HGNC:12382	MONDO:0012124	biolink:causes	1
0.9991854	HGNC:19750	MONDO:0800030	biolink:causes	1
0.99230736	HGNC:12404	MONDO:0010188	biolink:gene_associated_with_condition	1
0.96701485	HGNC:12406	MONDO:0014522	biolink:causes	1
0.13174367	HGNC:24071	MONDO:0054771	biolink:causes	1
0.77496606	HGNC:30829	MONDO:0012399	biolink:gene_associated_with_condition	1
0.37048838	HGNC:18127	MONDO:0009624	biolink:causes	1
0.9372713	HGNC:12428	MONDO:0014343	biolink:causes	1
0.10223588	HGNC:12450	MONDO:0044276	biolink:causes	1
0.8929086	HGNC:12450	MONDO:0008747	biolink:gene_associated_with_condition	1
0.9420771	HGNC:23230	MONDO:0014933	biolink:causes	1
0.99946934	HGNC:13478	MONDO:0009485	biolink:causes	1
0.98898894	HGNC:25792	MONDO:0011405	biolink:causes	1
0.98898894	HGNC:25792	MONDO:0011405	biolink:gene_associated_with_condition	1
0.718715	HGNC:12601	MONDO:0010169	biolink:causes	1
0.93537253	HGNC:12601	MONDO:0008377	biolink:causes	1
0.63518566	HGNC:12632	MONDO:0018821	biolink:gene_associated_with_condition	1
0.69915766	HGNC:12643	MONDO:0032900	biolink:causes	1
0.5896787	HGNC:15511	MONDO:0020705	biolink:causes	1
0.88844955	HGNC:21642	MONDO:0014397	biolink:gene_associated_with_condition	1
0.9784007	HGNC:12726	MONDO:0015631	biolink:gene_associated_with_condition	1
0.9974718	HGNC:12731	MONDO:0010518	biolink:gene_associated_with_condition	1
0.4610632	HGNC:12731	MONDO:0010294	biolink:gene_associated_with_condition	1
0.8340731	HGNC:12731	MONDO:0010743	biolink:causes	1
0.91213673	HGNC:16461	MONDO:0030987	biolink:causes	1
0.7123027	HGNC:13831	MONDO:0013926	biolink:causes	1
0.70826554	HGNC:13831	MONDO:0019828	biolink:gene_associated_with_condition	1
0.95981055	HGNC:12783	MONDO:0008019	biolink:causes	1
0.95981055	HGNC:12783	MONDO:0008019	biolink:gene_associated_with_condition	1
0.90750337	HGNC:12783	MONDO:0012734	biolink:gene_associated_with_condition	1
0.19120413	HGNC:12775	MONDO:0009157	biolink:causes	1
0.29370135	HGNC:12775	MONDO:0014901	biolink:causes	1
0.45518866	HGNC:12828	MONDO:0033116	biolink:causes	1
0.7321901	HGNC:16262	MONDO:0007355	biolink:gene_associated_with_condition	1
0.6848122	HGNC:24877	MONDO:0025690	biolink:causes	1
0.6272545	HGNC:24877	MONDO:0031481	biolink:gene_associated_with_condition	1
0.9608345	HGNC:14881	MONDO:0016856	biolink:gene_associated_with_condition	1
0.7327984	HGNC:16700	MONDO:0014480	biolink:causes	1
0.95789504	HGNC:16700	MONDO:0008542	biolink:causes	1
0.9185556	HGNC:12873	MONDO:0019758	biolink:gene_associated_with_condition	1
0.999905	HGNC:19412	MONDO:0014192	biolink:causes	1
0.7129532	HGNC:12927	MONDO:0032741	biolink:causes	1
0.9842934	HGNC:12933	MONDO:0014994	biolink:causes	1
0.9491088	HGNC:12771	MONDO:0014343	biolink:causes	1
0.99100375	HGNC:1675	MONDO:0014276	biolink:gene_associated_with_condition	1
0.9954755	HGNC:11935	MONDO:0010626	biolink:gene_associated_with_condition	1
0.81851953	HGNC:1698	MONDO:0013288	biolink:causes	1
0.9754362	HGNC:1762	MONDO:0011107	biolink:causes	1
0.9999924	HGNC:1750	MONDO:0008885	biolink:causes	1
0.5892294	HGNC:1777	MONDO:0014484	biolink:causes	1
0.06250805	HGNC:1802	MONDO:0007805	biolink:causes	1
0.17725849	HGNC:1848	MONDO:0012348	biolink:causes	1
0.7821442	HGNC:21638	MONDO:0032677	biolink:gene_associated_with_condition	1
0.5240466	HGNC:29021	MONDO:0012626	biolink:causes	1
0.97909933	HGNC:29021	MONDO:0008377	biolink:causes	1
0.9965359	HGNC:21699	MONDO:0008377	biolink:causes	1
0.9999081	HGNC:28188	MONDO:0054843	biolink:causes	1
0.9500615	HGNC:1037	MONDO:0014255	biolink:causes	1
0.81722707	HGNC:21645	MONDO:0014742	biolink:causes	1
0.77080786	HGNC:1919	MONDO:0014946	biolink:gene_associated_with_condition	1
0.9470551	HGNC:20626	MONDO:0007794	biolink:causes	1
0.8616717	HGNC:20626	MONDO:0008542	biolink:causes	1
0.97225326	HGNC:1938	MONDO:0011246	biolink:causes	1
0.97225326	HGNC:1938	MONDO:0011246	biolink:gene_associated_with_condition	1
0.84875816	HGNC:1940	MONDO:0008377	biolink:causes	1
0.84095615	HGNC:1966	MONDO:0014586	biolink:causes	1
0.8627012	HGNC:1987	MONDO:0008542	biolink:gene_associated_with_condition	1
0.37833655	HGNC:2025	MONDO:0008156	biolink:gene_associated_with_condition	1
0.95080054	HGNC:2025	MONDO:0014343	biolink:causes	1
0.55117947	HGNC:2063	MONDO:0010473	biolink:gene_associated_with_condition	1
0.99112105	HGNC:16999	MONDO:0014349	biolink:gene_associated_with_condition	1
0.86580956	HGNC:7879	MONDO:0032864	biolink:causes	1
0.99999046	HGNC:13830	MONDO:0012400	biolink:gene_associated_with_condition	1
0.0275977	HGNC:13830	MONDO:0012801	biolink:contributes_to	1
0.92167133	HGNC:29932	MONDO:0014290	biolink:gene_associated_with_condition	1
0.86203796	HGNC:18619	MONDO:0957820	biolink:causes	1
0.5332566	HGNC:2206	MONDO:0008762	biolink:causes	1
0.5332566	HGNC:2206	MONDO:0008762	biolink:gene_associated_with_condition	1
0.8971357	HGNC:2212	MONDO:0009714	biolink:gene_associated_with_condition	1
0.85824406	HGNC:2219	MONDO:0010964	biolink:causes	1
0.9817184	HGNC:2219	MONDO:0007740	biolink:causes	1
0.99994946	HGNC:2219	MONDO:0007949	biolink:causes	1
0.9947337	HGNC:2195	MONDO:0800167	biolink:causes	1
0.99279565	HGNC:19012	MONDO:0958241	biolink:causes	1
0.92871654	HGNC:25801	MONDO:0014343	biolink:causes	1
0.9956091	HGNC:2336	MONDO:0013862	biolink:causes	1
0.97694325	HGNC:2343	MONDO:0008246	biolink:causes	1
0.5610258	HGNC:2359	MONDO:0011239	biolink:gene_associated_with_condition	1
0.99534	HGNC:37276	MONDO:0014474	biolink:causes	1
0.98184067	HGNC:2398	MONDO:0015300	biolink:gene_associated_with_condition	1
0.93303865	HGNC:2410	MONDO:0015300	biolink:gene_associated_with_condition	1
0.90230376	HGNC:2410	MONDO:0011430	biolink:gene_associated_with_condition	1
0.87445444	HGNC:2410	MONDO:0018611	biolink:gene_associated_with_condition	1
0.9516935	HGNC:2433	MONDO:0014343	biolink:causes	1
0.9615473	HGNC:2433	MONDO:0032772	biolink:causes	1
0.7498578	HGNC:26193	MONDO:0008377	biolink:causes	1
0.70626134	HGNC:26047	MONDO:0957202	biolink:causes	1
0.6403125	HGNC:26047	MONDO:0018393	biolink:gene_associated_with_condition	1
0.45258623	HGNC:18831	MONDO:0013662	biolink:causes	1
0.9745541	HGNC:2505	MONDO:0014493	biolink:gene_associated_with_condition	1
0.88776946	HGNC:2505	MONDO:0018324	biolink:gene_associated_with_condition	1
0.9704339	HGNC:2510	MONDO:0032578	biolink:causes	1
0.99376386	HGNC:2518	MONDO:0009064	biolink:causes	1
0.9328	HGNC:2590	MONDO:0013400	biolink:causes	1
0.00952828	HGNC:2600	MONDO:0017839	biolink:gene_associated_with_condition	1
0.9818619	HGNC:25536	MONDO:0030054	biolink:causes	1
0.9145514	HGNC:24891	MONDO:0012411	biolink:causes	1
0.9913538	HGNC:25784	MONDO:0009419	biolink:causes	1
0.9964311	HGNC:18141	MONDO:0018816	biolink:gene_associated_with_condition	1
0.016562307	HGNC:18141	MONDO:0012442	biolink:causes	1
0.84441656	HGNC:19714	MONDO:0012256	biolink:gene_associated_with_condition	1
0.9999192	HGNC:25360	MONDO:0008267	biolink:gene_associated_with_condition	1
0.4330999	HGNC:20603	MONDO:0008377	biolink:causes	1
0.59838814	HGNC:2750	MONDO:0975838	biolink:causes	1
0.5570352	HGNC:18018	MONDO:0008377	biolink:causes	1
0.6180741	HGNC:17098	MONDO:0007681	biolink:causes	1
0.68189096	HGNC:2907	MONDO:0958354	biolink:gene_associated_with_condition	1
0.6943901	HGNC:2907	MONDO:0968990	biolink:gene_associated_with_condition	1
0.5499949	HGNC:2907	MONDO:0011975	biolink:gene_associated_with_condition	1
0.9984767	HGNC:28662	MONDO:0859293	biolink:causes	1
0.45422286	HGNC:3004	MONDO:0100217	biolink:causes	1
0.99998975	HGNC:24270	MONDO:0859295	biolink:causes	1
0.6520553	HGNC:3052	MONDO:0014218	biolink:gene_associated_with_condition	1
0.79305565	HGNC:3052	MONDO:0014355	biolink:causes	1
0.018340148	HGNC:3052	MONDO:0013034	biolink:causes	1
0.9945496	HGNC:3084	MONDO:0024455	biolink:causes	1
1.0	HGNC:19087	MONDO:0015021	biolink:causes	1
0.9504344	HGNC:3133	MONDO:0020603	biolink:causes	1
0.9504344	HGNC:3133	MONDO:0020603	biolink:gene_associated_with_condition	1
0.33531868	HGNC:26114	MONDO:0014649	biolink:causes	1
0.056915864	HGNC:3179	MONDO:0009061	biolink:gene_associated_with_condition	1
0.7777317	HGNC:3179	MONDO:0008000	biolink:contributes_to	1
0.7031897	HGNC:3259	MONDO:0015519	biolink:gene_associated_with_condition	1
0.90725344	HGNC:3259	MONDO:0015520	biolink:gene_associated_with_condition	1
0.84609413	HGNC:3259	MONDO:0020507	biolink:gene_associated_with_condition	1
0.6211166	HGNC:18683	MONDO:0009998	biolink:causes	1
0.85184306	HGNC:18683	MONDO:0014343	biolink:causes	1
0.7273041	HGNC:28957	MONDO:0018822	biolink:gene_associated_with_condition	1
0.7108571	HGNC:3331	MONDO:0100531	biolink:causes	1
0.5163404	HGNC:3386	MONDO:0007288	biolink:causes	1
0.46910533	HGNC:3424	MONDO:0033047	biolink:causes	1
0.0070398524	HGNC:3430	MONDO:0016268	biolink:gene_associated_with_condition	1
0.4276317	HGNC:3435	MONDO:0012531	biolink:causes	1
0.9950665	HGNC:21056	MONDO:0014240	biolink:causes	1
0.58750254	HGNC:3467	MONDO:0014148	biolink:causes	1
0.7714297	HGNC:19747	MONDO:0008673	biolink:causes	1
0.7714297	HGNC:19747	MONDO:0008673	biolink:gene_associated_with_condition	1
0.99089456	MONDO:0000902	HGNC:10914	biolink:causes	1
0.8694618	MONDO:0000908	HGNC:2511	biolink:causes	1
0.10968342	MONDO:0005006	HGNC:23448	biolink:gene_associated_with_condition	1
0.6041536	MONDO:0005006	HGNC:11730	biolink:gene_associated_with_condition	1
0.5732924	MONDO:0005006	HGNC:12851	biolink:gene_associated_with_condition	1
1.0	MONDO:0007064	HGNC:186	biolink:gene_associated_with_condition	1
0.8910011	MONDO:0007068	HGNC:291	biolink:gene_associated_with_condition	1
0.82129186	MONDO:0007072	HGNC:15979	biolink:causes	1
0.33877203	MONDO:0007109	HGNC:6392	biolink:causes	1
0.9269638	MONDO:0007215	HGNC:4220	biolink:gene_associated_with_condition	1
0.8945999	MONDO:0007294	HGNC:10483	biolink:gene_associated_with_condition	1
0.9886296	MONDO:0007311	HGNC:9118	biolink:causes	1
0.034237735	MONDO:0007361	HGNC:1228	biolink:causes	1
0.929146	MONDO:0007377	HGNC:11771	biolink:causes	1
0.929146	MONDO:0007377	HGNC:11771	biolink:gene_associated_with_condition	1
0.6615777	MONDO:0007445	HGNC:6416	biolink:causes	1
0.9869791	MONDO:0007453	HGNC:4195	biolink:causes	1
0.99999964	MONDO:0007485	HGNC:11727	biolink:causes	1
0.97034454	MONDO:0007485	HGNC:11730	biolink:causes	1
0.9987627	MONDO:0007524	HGNC:1044	biolink:causes	1
0.99345523	MONDO:0007524	HGNC:11773	biolink:causes	1
0.999613	MONDO:0007524	HGNC:11769	biolink:causes	1
0.99969804	MONDO:0007524	HGNC:14107	biolink:causes	1
0.9995166	MONDO:0007524	HGNC:2201	biolink:causes	1
0.99770606	MONDO:0007524	HGNC:3219	biolink:causes	1
0.34567046	MONDO:0007540	HGNC:7010	biolink:causes	1
0.7934746	MONDO:0007574	HGNC:14415	biolink:causes	1
0.3372308	MONDO:0007648	HGNC:6858	biolink:gene_associated_with_condition	1
0.0052988054	MONDO:0007677	HGNC:18762	biolink:causes	1
0.6180741	MONDO:0007681	HGNC:17098	biolink:causes	1
0.9732988	MONDO:0007740	HGNC:19317	biolink:causes	1
0.9489517	MONDO:0007740	HGNC:2187	biolink:causes	1
0.9261865	MONDO:0007740	HGNC:10994	biolink:causes	1
0.9236031	MONDO:0007740	HGNC:2464	biolink:gene_associated_with_condition	1
0.9817184	MONDO:0007740	HGNC:2219	biolink:causes	1
0.9800101	MONDO:0007740	HGNC:2217	biolink:causes	1
0.82079107	MONDO:0007792	HGNC:4379	biolink:causes	1
0.7223001	MONDO:0007797	HGNC:4172	biolink:causes	1
0.7223001	MONDO:0007797	HGNC:4172	biolink:gene_associated_with_condition	1
0.4728908	MONDO:0007838	HGNC:3749	biolink:gene_associated_with_condition	1
0.9239444	MONDO:0007871	HGNC:5950	biolink:causes	1
0.98370886	MONDO:0007895	HGNC:2200	biolink:gene_associated_with_condition	1
0.9675941	MONDO:0007931	HGNC:12703	biolink:gene_associated_with_condition	1
0.9421303	MONDO:0007943	HGNC:10771	biolink:gene_associated_with_condition	1
0.99995327	MONDO:0007949	HGNC:13869	biolink:causes	1
0.99678195	MONDO:0007949	HGNC:2200	biolink:causes	1
0.99994946	MONDO:0007949	HGNC:2219	biolink:causes	1
0.700414	MONDO:0007958	HGNC:9967	biolink:causes	1
0.6192959	MONDO:0007958	HGNC:8031	biolink:causes	1
0.7777317	MONDO:0008000	HGNC:3179	biolink:contributes_to	1
0.91066164	MONDO:0008018	HGNC:7127	biolink:causes	1
0.82096	MONDO:0008048	HGNC:26190	biolink:contributes_to	1
0.85099477	MONDO:0008087	HGNC:9118	biolink:gene_associated_with_condition	1
0.6858043	MONDO:0008134	HGNC:2973	biolink:gene_associated_with_condition	1
0.7727491	MONDO:0008147	HGNC:19316	biolink:gene_associated_with_condition	1
0.9866779	MONDO:0008179	HGNC:10597	biolink:gene_associated_with_condition	1
0.7091879	MONDO:0008201	HGNC:2711	biolink:gene_associated_with_condition	1
0.88632303	MONDO:0008210	HGNC:9942	biolink:causes	1
0.90292513	MONDO:0008234	HGNC:9967	biolink:causes	1
0.97694325	MONDO:0008246	HGNC:2343	biolink:causes	1
0.4387551	MONDO:0008250	HGNC:9210	biolink:gene_associated_with_condition	1
0.8746091	MONDO:0008250	HGNC:4261	biolink:gene_associated_with_condition	1
0.364793	MONDO:0008276	HGNC:6770	biolink:gene_associated_with_condition	1
0.26942	MONDO:0008276	HGNC:1076	biolink:gene_associated_with_condition	1
0.98263067	MONDO:0008333	HGNC:57	biolink:causes	1
0.88992107	MONDO:0008377	HGNC:31371	biolink:causes	1
0.76524705	MONDO:0008377	HGNC:4922	biolink:causes	1
0.9165235	MONDO:0008377	HGNC:5385	biolink:causes	1
0.9174466	MONDO:0008377	HGNC:30391	biolink:causes	1
0.63302106	MONDO:0008377	HGNC:6481	biolink:causes	1
0.7664766	MONDO:0008377	HGNC:24783	biolink:causes	1
0.6588053	MONDO:0008377	HGNC:451	biolink:causes	1
0.658285	MONDO:0008377	HGNC:8091	biolink:causes	1
0.82177293	MONDO:0008377	HGNC:19317	biolink:causes	1
0.94412464	MONDO:0008377	HGNC:8787	biolink:causes	1
0.95020163	MONDO:0008377	HGNC:18758	biolink:causes	1
0.97381604	MONDO:0008377	HGNC:26648	biolink:causes	1
0.87379396	MONDO:0008377	HGNC:9990	biolink:causes	1
0.8477437	MONDO:0008377	HGNC:17282	biolink:causes	1
0.75001156	MONDO:0008377	HGNC:30859	biolink:causes	1
0.96197647	MONDO:0008377	HGNC:28396	biolink:causes	1
0.8221135	MONDO:0008377	HGNC:12565	biolink:causes	1
0.79440135	MONDO:0008377	HGNC:2183	biolink:causes	1
0.46396264	MONDO:0008377	HGNC:17211	biolink:causes	1
0.5572961	MONDO:0008377	HGNC:37261	biolink:causes	1
0.6144438	MONDO:0008377	HGNC:57	biolink:causes	1
0.8474453	MONDO:0008377	HGNC:13839	biolink:causes	1
0.9111335	MONDO:0008377	HGNC:17416	biolink:causes	1
0.83337337	MONDO:0008377	HGNC:26147	biolink:causes	1
0.9719782	MONDO:0008377	HGNC:4393	biolink:causes	1
0.9595401	MONDO:0008377	HGNC:31923	biolink:causes	1
0.6940977	MONDO:0008377	HGNC:15021	biolink:causes	1
0.8460816	MONDO:0008377	HGNC:14674	biolink:causes	1
0.99147546	MONDO:0008377	HGNC:8786	biolink:causes	1
0.6234775	MONDO:0008377	HGNC:8940	biolink:causes	1
0.51504	MONDO:0008377	HGNC:9038	biolink:causes	1
0.5846268	MONDO:0008377	HGNC:15860	biolink:causes	1
0.9667	MONDO:0008377	HGNC:30000	biolink:causes	1
0.7276313	MONDO:0008377	HGNC:20893	biolink:causes	1
0.99115753	MONDO:0008377	HGNC:10012	biolink:causes	1
0.9350825	MONDO:0008377	HGNC:10294	biolink:causes	1
0.6673881	MONDO:0008377	HGNC:11714	biolink:causes	1
0.988193	MONDO:0008377	HGNC:20087	biolink:causes	1
0.9304397	MONDO:0008377	HGNC:18340	biolink:causes	1
0.68609285	MONDO:0008377	HGNC:18326	biolink:causes	1
0.5917138	MONDO:0008377	HGNC:10664	biolink:causes	1
0.5644931	MONDO:0008377	HGNC:28769	biolink:causes	1
0.8095724	MONDO:0008377	HGNC:3218	biolink:causes	1
0.945156	MONDO:0008377	HGNC:4678	biolink:causes	1
0.73157054	MONDO:0008377	HGNC:22219	biolink:causes	1
0.7769082	MONDO:0008377	HGNC:16448	biolink:causes	1
0.5185977	MONDO:0008377	HGNC:7467	biolink:causes	1
0.68039954	MONDO:0008377	HGNC:8140	biolink:causes	1
0.6921162	MONDO:0008377	HGNC:8896	biolink:causes	1
0.6882132	MONDO:0008377	HGNC:1071	biolink:causes	1
0.7064674	MONDO:0008377	HGNC:9940	biolink:causes	1
0.87563455	MONDO:0008377	HGNC:17964	biolink:causes	1
0.86907506	MONDO:0008377	HGNC:10263	biolink:causes	1
0.8586912	MONDO:0008377	HGNC:1393	biolink:causes	1
0.86380774	MONDO:0008377	HGNC:17341	biolink:causes	1
0.93537253	MONDO:0008377	HGNC:12601	biolink:causes	1
0.97909933	MONDO:0008377	HGNC:29021	biolink:causes	1
0.9965359	MONDO:0008377	HGNC:21699	biolink:causes	1
0.84875816	MONDO:0008377	HGNC:1940	biolink:causes	1
0.7498578	MONDO:0008377	HGNC:26193	biolink:causes	1
0.4330999	MONDO:0008377	HGNC:20603	biolink:causes	1
0.5570352	MONDO:0008377	HGNC:18018	biolink:causes	1
0.79808813	MONDO:0008377	HGNC:315	biolink:causes	1
0.58504456	MONDO:0008377	HGNC:17097	biolink:causes	1
0.7331722	MONDO:0008377	HGNC:4598	biolink:causes	1
0.99198955	MONDO:0008377	HGNC:4679	biolink:causes	1
0.9138672	MONDO:0008377	HGNC:29077	biolink:causes	1
0.86117303	MONDO:0008377	HGNC:6055	biolink:causes	1
0.498505	MONDO:0008377	HGNC:19698	biolink:causes	1
0.7418212	MONDO:0008377	HGNC:6816	biolink:causes	1
0.8111091	MONDO:0008377	HGNC:17146	biolink:causes	1
0.77531606	MONDO:0008377	HGNC:7530	biolink:causes	1
0.93272334	MONDO:0008377	HGNC:7606	biolink:causes	1
0.67198443	MONDO:0008377	HGNC:7745	biolink:causes	1
0.93808717	MONDO:0008377	HGNC:8082	biolink:causes	1
0.80629563	MONDO:0008377	HGNC:8547	biolink:causes	1
0.7136212	MONDO:0008377	HGNC:8620	biolink:causes	1
0.72428036	MONDO:0008377	HGNC:17340	biolink:causes	1
0.9326207	MONDO:0008377	HGNC:26291	biolink:causes	1
0.8880704	MONDO:0008377	HGNC:9768	biolink:causes	1
0.91610366	MONDO:0008377	HGNC:10024	biolink:causes	1
0.986798	MONDO:0008377	HGNC:13436	biolink:causes	1
0.5935683	MONDO:0008377	HGNC:1375	biolink:causes	1
0.48520222	MONDO:0008377	HGNC:25812	biolink:causes	1
0.75949967	MONDO:0008377	HGNC:20080	biolink:causes	1
0.67329955	MONDO:0008377	HGNC:29222	biolink:causes	1
0.7424683	MONDO:0008377	HGNC:2186	biolink:causes	1
0.6848569	MONDO:0008377	HGNC:14418	biolink:causes	1
0.89795655	MONDO:0008377	HGNC:14415	biolink:causes	1
0.9968244	MONDO:0008392	HGNC:7225	biolink:causes	1
0.9968244	MONDO:0008392	HGNC:7225	biolink:gene_associated_with_condition	1
0.9648619	MONDO:0008392	HGNC:9118	biolink:gene_associated_with_condition	1
0.9257643	MONDO:0008397	HGNC:3666	biolink:gene_associated_with_condition	1
0.96577305	MONDO:0008426	HGNC:10896	biolink:causes	1
0.939654	MONDO:0008426	HGNC:6768	biolink:causes	1
0.92318296	MONDO:0008426	HGNC:11772	biolink:causes	1
0.9799769	MONDO:0008426	HGNC:3603	biolink:gene_associated_with_condition	1
0.994961	MONDO:0008426	HGNC:6664	biolink:causes	1
0.9925357	MONDO:0008426	HGNC:2201	biolink:causes	1
0.9655338	MONDO:0008437	HGNC:11231	biolink:causes	1
0.9594821	MONDO:0008476	HGNC:2200	biolink:causes	1
0.96183175	MONDO:0008644	HGNC:2846	biolink:causes	1
0.9608385	MONDO:0008673	HGNC:3497	biolink:gene_associated_with_condition	1
0.4837789	MONDO:0008673	HGNC:2514	biolink:gene_associated_with_condition	1
0.7714297	MONDO:0008673	HGNC:19747	biolink:causes	1
0.7714297	MONDO:0008673	HGNC:19747	biolink:gene_associated_with_condition	1
0.31600493	MONDO:0008678	HGNC:9970	biolink:gene_associated_with_condition	1
0.16470669	MONDO:0008678	HGNC:23018	biolink:gene_associated_with_condition	1
0.999845	MONDO:0008678	HGNC:12744	biolink:causes	1
0.47667643	MONDO:0008678	HGNC:961	biolink:gene_associated_with_condition	1
0.94805837	MONDO:0008701	HGNC:12305	biolink:gene_associated_with_condition	1
0.05320593	MONDO:0008705	HGNC:123	biolink:causes	1
0.9188033	MONDO:0008713	HGNC:17129	biolink:gene_associated_with_condition	1
0.09405909	MONDO:0008734	HGNC:11998	biolink:contributes_to	1
0.9982753	MONDO:0008772	HGNC:6365	biolink:causes	1
0.99466395	MONDO:0008785	HGNC:26054	biolink:causes	1
0.15796246	MONDO:0008798	HGNC:16175	biolink:causes	1
0.98303705	MONDO:0008834	HGNC:11599	biolink:causes	1
0.33657646	MONDO:0008861	HGNC:6936	biolink:causes	1
0.92519367	MONDO:0008872	HGNC:16068	biolink:gene_associated_with_condition	1
0.9999924	MONDO:0008885	HGNC:1750	biolink:causes	1
0.951291	MONDO:0008963	HGNC:1968	biolink:causes	1
0.9813064	MONDO:0008972	HGNC:8860	biolink:gene_associated_with_condition	1
0.60477805	MONDO:0009039	HGNC:9949	biolink:gene_associated_with_condition	1
0.88679075	MONDO:0009052	HGNC:3602	biolink:causes	1
0.99376386	MONDO:0009064	HGNC:2518	biolink:causes	1
0.80306166	MONDO:0009069	HGNC:15714	biolink:causes	1
0.99942124	MONDO:0009079	HGNC:29203	biolink:gene_associated_with_condition	1
0.6388153	MONDO:0009091	HGNC:6595	biolink:causes	1
0.93491477	MONDO:0009104	HGNC:6694	biolink:gene_associated_with_condition	1
0.9125794	MONDO:0009109	HGNC:11065	biolink:causes	1
0.8802125	MONDO:0009113	HGNC:1093	biolink:causes	1
0.79403216	MONDO:0009140	HGNC:5273	biolink:gene_associated_with_condition	1
0.87292814	MONDO:0009182	HGNC:6490	biolink:causes	1
0.9465315	MONDO:0009194	HGNC:5358	biolink:causes	1
0.9857458	MONDO:0009211	HGNC:3544	biolink:causes	1
0.9857458	MONDO:0009211	HGNC:3544	biolink:gene_associated_with_condition	1
0.9992473	MONDO:0009215	HGNC:3587	biolink:causes	1
0.91043925	MONDO:0009215	HGNC:3586	biolink:causes	1
0.9998118	MONDO:0009215	HGNC:3583	biolink:causes	1
0.99972695	MONDO:0009254	HGNC:4006	biolink:causes	1
0.9292349	MONDO:0009260	HGNC:4298	biolink:causes	1
0.87435627	MONDO:0009265	HGNC:4177	biolink:causes	1
0.851466	MONDO:0009283	HGNC:16001	biolink:gene_associated_with_condition	1
0.9810476	MONDO:0009306	HGNC:9832	biolink:causes	1
0.9692654	MONDO:0009306	HGNC:9831	biolink:causes	1
0.99945456	MONDO:0009324	HGNC:27960	biolink:causes	1
0.090733714	MONDO:0009339	HGNC:388	biolink:causes	1
0.090733714	MONDO:0009339	HGNC:388	biolink:gene_associated_with_condition	1
0.8684555	MONDO:0009359	HGNC:1161	biolink:gene_associated_with_condition	1
0.86596525	MONDO:0009380	HGNC:53	biolink:causes	1
0.95468175	MONDO:0009394	HGNC:11908	biolink:gene_associated_with_condition	1
0.99970585	MONDO:0009394	HGNC:11909	biolink:causes	1
0.9985623	MONDO:0009406	HGNC:60	biolink:causes	1
0.95187545	MONDO:0009414	HGNC:4707	biolink:causes	1
0.95187545	MONDO:0009414	HGNC:4707	biolink:gene_associated_with_condition	1
0.99013066	MONDO:0009426	HGNC:11582	biolink:gene_associated_with_condition	1
0.9991704	MONDO:0009458	HGNC:11102	biolink:causes	1
0.99946934	MONDO:0009485	HGNC:13478	biolink:causes	1
0.7554505	MONDO:0009527	HGNC:14154	biolink:causes	1
0.8899065	MONDO:0009609	HGNC:7468	biolink:causes	1
0.8899065	MONDO:0009609	HGNC:7468	biolink:gene_associated_with_condition	1
0.98190355	MONDO:0009642	HGNC:7744	biolink:gene_associated_with_condition	1
0.8948805	MONDO:0009646	HGNC:1349	biolink:causes	1
0.9999862	MONDO:0009650	HGNC:29670	biolink:causes	1
0.9999862	MONDO:0009650	HGNC:29670	biolink:gene_associated_with_condition	1
0.99534386	MONDO:0009658	HGNC:4422	biolink:causes	1
0.21455093	MONDO:0009672	HGNC:7634	biolink:gene_associated_with_condition	1
0.9132591	MONDO:0009699	HGNC:1665	biolink:causes	1
0.9925171	MONDO:0009722	HGNC:28423	biolink:causes	1
0.76838386	MONDO:0009728	HGNC:29536	biolink:gene_associated_with_condition	1
0.25004175	MONDO:0009728	HGNC:13202	biolink:gene_associated_with_condition	1
0.90821767	MONDO:0009737	HGNC:9251	biolink:causes	1
0.040352475	MONDO:0009775	HGNC:10521	biolink:causes	1
0.99826765	MONDO:0009779	HGNC:4454	biolink:gene_associated_with_condition	1
0.8299946	MONDO:0009804	HGNC:15455	biolink:gene_associated_with_condition	1
0.88040537	MONDO:0009804	HGNC:12774	biolink:gene_associated_with_condition	1
0.9417591	MONDO:0009804	HGNC:2379	biolink:gene_associated_with_condition	1
0.9437553	MONDO:0009804	HGNC:18169	biolink:gene_associated_with_condition	1
0.8329086	MONDO:0009804	HGNC:19316	biolink:gene_associated_with_condition	1
0.8920031	MONDO:0009818	HGNC:1373	biolink:causes	1
0.8920031	MONDO:0009818	HGNC:1373	biolink:gene_associated_with_condition	1
0.91572034	MONDO:0009874	HGNC:6091	biolink:causes	1
0.4522903	MONDO:0009891	HGNC:6192	biolink:causes	1
0.9542064	MONDO:0009919	HGNC:119	biolink:gene_associated_with_condition	1
0.8894082	MONDO:0009929	HGNC:33	biolink:gene_associated_with_condition	1
0.98609596	MONDO:0009953	HGNC:20197	biolink:causes	1
0.9884024	MONDO:0009965	HGNC:28648	biolink:causes	1
0.9884024	MONDO:0009965	HGNC:28648	biolink:gene_associated_with_condition	1
0.9988912	MONDO:0010013	HGNC:20800	biolink:causes	1
0.9735947	MONDO:0010044	HGNC:20761	biolink:causes	1
0.89946955	MONDO:0010056	HGNC:11117	biolink:causes	1
0.8258904	MONDO:0010056	HGNC:11118	biolink:gene_associated_with_condition	1
0.16611102	MONDO:0010086	HGNC:10593	biolink:contributes_to	1
0.99903655	MONDO:0010184	HGNC:24525	biolink:causes	1
0.99230736	MONDO:0010188	HGNC:12404	biolink:gene_associated_with_condition	1
0.50226504	MONDO:0010201	HGNC:7160	biolink:causes	1
0.8517403	MONDO:0010217	HGNC:3438	biolink:causes	1
0.9999987	MONDO:0010221	HGNC:8966	biolink:causes	1
0.38336983	MONDO:0010233	HGNC:3754	biolink:causes	1
0.8856505	MONDO:0010258	HGNC:3267	biolink:causes	1
0.4610632	MONDO:0010294	HGNC:12731	biolink:gene_associated_with_condition	1
0.95116806	MONDO:0010317	HGNC:18060	biolink:causes	1
0.9198712	MONDO:0010350	HGNC:2877	biolink:causes	1
0.99692625	MONDO:0010362	HGNC:8925	biolink:gene_associated_with_condition	1
0.941719	MONDO:0010400	HGNC:3702	biolink:gene_associated_with_condition	1
0.40963027	MONDO:0010404	HGNC:816	biolink:gene_associated_with_condition	1
0.9283796	MONDO:0010424	HGNC:2435	biolink:causes	1
0.8382802	MONDO:0010446	HGNC:9936	biolink:gene_associated_with_condition	1
1.0	MONDO:0010483	HGNC:29433	biolink:causes	1
0.6218185	MONDO:0010495	HGNC:12974	biolink:causes	1
0.81575274	MONDO:0010503	HGNC:16353	biolink:gene_associated_with_condition	1
0.42516935	MONDO:0010511	HGNC:4516	biolink:causes	1
0.98473245	MONDO:0010515	HGNC:1044	biolink:causes	1
0.9223786	MONDO:0010523	HGNC:9173	biolink:gene_associated_with_condition	1
0.80285853	MONDO:0010554	HGNC:11600	biolink:causes	1
0.917435	MONDO:0010580	HGNC:6106	biolink:causes	1
0.9954755	MONDO:0010626	HGNC:11935	biolink:gene_associated_with_condition	1
0.6556075	MONDO:0010631	HGNC:5961	biolink:causes	1
0.4912778	MONDO:0010655	HGNC:20439	biolink:gene_associated_with_condition	1
0.9358373	MONDO:0010655	HGNC:11957	biolink:causes	1
0.9994925	MONDO:0010659	HGNC:3776	biolink:causes	1
0.5382422	MONDO:0010808	HGNC:9449	biolink:gene_associated_with_condition	1
0.02199866	MONDO:0010820	HGNC:8607	biolink:causes	1
0.8991682	MONDO:0010848	HGNC:11276	biolink:causes	1
0.5704218	MONDO:0010856	HGNC:9008	biolink:gene_associated_with_condition	1
0.90024954	MONDO:0010870	HGNC:12403	biolink:causes	1
0.90024954	MONDO:0010870	HGNC:12403	biolink:gene_associated_with_condition	1
0.99968946	MONDO:0010907	HGNC:11708	biolink:gene_associated_with_condition	1
0.9244152	MONDO:0010947	HGNC:3542	biolink:gene_associated_with_condition	1
0.81801665	MONDO:0010947	HGNC:6192	biolink:gene_associated_with_condition	1
0.999997	MONDO:0010959	HGNC:19869	biolink:gene_associated_with_condition	1
0.5443804	MONDO:0010963	HGNC:12762	biolink:causes	1
0.99250835	MONDO:0010992	HGNC:6776	biolink:causes	1
0.8476644	MONDO:0011017	HGNC:6207	biolink:causes	1
0.8476644	MONDO:0011017	HGNC:6207	biolink:gene_associated_with_condition	1
0.75501263	MONDO:0011094	HGNC:15710	biolink:causes	1
1.0	MONDO:0011132	HGNC:12765	biolink:causes	1
0.95162064	MONDO:0011136	HGNC:9052	biolink:gene_associated_with_condition	1
0.9305039	MONDO:0011150	HGNC:8804	biolink:gene_associated_with_condition	1
0.91278887	MONDO:0011184	HGNC:13875	biolink:causes	1
0.9788352	MONDO:0011213	HGNC:29529	biolink:causes	1
0.9858366	MONDO:0011217	HGNC:2859	biolink:causes	1
0.013524181	MONDO:0011226	HGNC:9220	biolink:causes	1
0.995635	MONDO:0011242	HGNC:16512	biolink:causes	1
0.97225326	MONDO:0011246	HGNC:1938	biolink:causes	1
0.97225326	MONDO:0011246	HGNC:1938	biolink:gene_associated_with_condition	1
0.9386338	MONDO:0011275	HGNC:7944	biolink:causes	1
0.31739596	MONDO:0011361	HGNC:3393	biolink:contributes_to	1
0.8864038	MONDO:0011398	HGNC:2214	biolink:gene_associated_with_condition	1
0.96365607	MONDO:0011411	HGNC:29501	biolink:causes	1
0.96365607	MONDO:0011411	HGNC:29501	biolink:gene_associated_with_condition	1
0.95241886	MONDO:0011428	HGNC:15979	biolink:causes	1
0.12210198	MONDO:0011442	HGNC:8846	biolink:causes	1
1.0	MONDO:0011450	HGNC:1100	biolink:contributes_to	1
0.7656506	MONDO:0011459	HGNC:28472	biolink:causes	1
0.72540665	MONDO:0011472	HGNC:9023	biolink:causes	1
0.25666252	MONDO:0011477	HGNC:8623	biolink:causes	1
0.64363986	MONDO:0011481	HGNC:7392	biolink:gene_associated_with_condition	1
0.98661625	MONDO:0011489	HGNC:10468	biolink:gene_associated_with_condition	1
0.9849979	MONDO:0011493	HGNC:2186	biolink:gene_associated_with_condition	1
0.8325123	MONDO:0011506	HGNC:29203	biolink:causes	1
0.8325123	MONDO:0011506	HGNC:29203	biolink:gene_associated_with_condition	1
0.929188	MONDO:0011510	HGNC:18318	biolink:causes	1
0.78761196	MONDO:0011519	HGNC:10887	biolink:causes	1
0.008085967	MONDO:0011523	HGNC:7108	biolink:causes	1
0.4267193	MONDO:0011527	HGNC:3239	biolink:gene_associated_with_condition	1
0.06281739	MONDO:0011547	HGNC:16171	biolink:causes	1
0.3695218	MONDO:0011556	HGNC:9871	biolink:causes	1
0.4700308	MONDO:0011556	HGNC:11119	biolink:causes	1
0.4537101	MONDO:0011556	HGNC:9585	biolink:causes	1
0.91891736	MONDO:0011584	HGNC:1101	biolink:causes	1
0.9775922	MONDO:0011604	HGNC:15517	biolink:causes	1
0.9509077	MONDO:0011614	HGNC:5008	biolink:causes	1
0.07539056	MONDO:0011630	HGNC:25808	biolink:causes	1
0.8326813	MONDO:0011749	HGNC:12442	biolink:causes	1
0.2623007	MONDO:0011761	HGNC:13872	biolink:causes	1
0.98441964	MONDO:0011765	HGNC:6909	biolink:causes	1
0.32453376	MONDO:0011774	HGNC:7601	biolink:causes	1
0.83646286	MONDO:0011778	HGNC:30497	biolink:gene_associated_with_condition	1
0.9966292	MONDO:0011783	HGNC:19358	biolink:causes	1
0.9517649	MONDO:0011819	HGNC:6239	biolink:gene_associated_with_condition	1
0.78993344	MONDO:0011823	HGNC:132	biolink:gene_associated_with_condition	1
0.2599821	MONDO:0011837	HGNC:23663	biolink:causes	1
0.95231783	MONDO:0011855	HGNC:11771	biolink:causes	1
0.99965906	MONDO:0011907	HGNC:5956	biolink:causes	1
0.868871	MONDO:0011916	HGNC:15968	biolink:gene_associated_with_condition	1
0.21116032	MONDO:0011932	HGNC:21307	biolink:causes	1
0.8082072	MONDO:0011971	HGNC:12572	biolink:gene_associated_with_condition	1
0.5499949	MONDO:0011975	HGNC:2907	biolink:gene_associated_with_condition	1
0.024424896	MONDO:0011984	HGNC:3600	biolink:causes	1
0.024424896	MONDO:0011984	HGNC:3600	biolink:gene_associated_with_condition	1
0.75201327	MONDO:0011998	HGNC:14103	biolink:gene_associated_with_condition	1
0.8075511	MONDO:0012039	HGNC:11934	biolink:contributes_to	1
0.6722489	MONDO:0012039	HGNC:6700	biolink:contributes_to	1
0.7456741	MONDO:0012039	HGNC:4312	biolink:contributes_to	1
0.94657093	MONDO:0012039	HGNC:6709	biolink:contributes_to	1
0.028425463	MONDO:0012043	HGNC:11771	biolink:causes	1
0.028425463	MONDO:0012043	HGNC:11771	biolink:gene_associated_with_condition	1
0.06690111	MONDO:0012080	HGNC:5246	biolink:causes	1
0.99986875	MONDO:0012084	HGNC:2719	biolink:causes	1
0.9837045	MONDO:0012092	HGNC:7808	biolink:causes	1
0.67511874	MONDO:0012096	HGNC:30171	biolink:causes	1
0.79798055	MONDO:0012110	HGNC:5464	biolink:causes	1
0.96677923	MONDO:0012123	HGNC:3005	biolink:gene_associated_with_condition	1
0.7276484	MONDO:0012161	HGNC:1706	biolink:gene_associated_with_condition	1
0.9999558	MONDO:0012165	HGNC:23399	biolink:causes	1
0.9754588	MONDO:0012190	HGNC:1630	biolink:gene_associated_with_condition	1
0.9880256	MONDO:0012222	HGNC:7631	biolink:gene_associated_with_condition	1
0.77627057	MONDO:0012271	HGNC:35126	biolink:causes	1
0.6868154	MONDO:0012287	HGNC:2200	biolink:causes	1
0.81124157	MONDO:0012291	HGNC:18153	biolink:causes	1
0.99171257	MONDO:0012295	HGNC:1331	biolink:causes	1
0.019761236	MONDO:0012299	HGNC:18121	biolink:causes	1
0.17725849	MONDO:0012348	HGNC:1848	biolink:causes	1
0.34740427	MONDO:0012357	HGNC:30696	biolink:causes	1
0.7923133	MONDO:0012381	HGNC:6091	biolink:gene_associated_with_condition	1
0.8705933	MONDO:0012393	HGNC:4341	biolink:gene_associated_with_condition	1
0.16892442	MONDO:0012401	HGNC:11220	biolink:gene_associated_with_condition	1
0.5036152	MONDO:0012410	HGNC:5031	biolink:causes	1
0.81268954	MONDO:0012434	HGNC:3049	biolink:causes	1
0.016562307	MONDO:0012442	HGNC:18141	biolink:causes	1
0.94835824	MONDO:0012446	HGNC:25843	biolink:gene_associated_with_condition	1
0.9872885	MONDO:0012483	HGNC:18286	biolink:causes	1
0.8092409	MONDO:0012520	HGNC:6091	biolink:causes	1
0.6009904	MONDO:0012544	HGNC:5136	biolink:causes	1
0.6009904	MONDO:0012544	HGNC:5136	biolink:gene_associated_with_condition	1
0.79844534	MONDO:0012552	HGNC:1785	biolink:causes	1
0.82134056	MONDO:0012613	HGNC:25994	biolink:causes	1
0.95573246	MONDO:0012621	HGNC:18810	biolink:gene_associated_with_condition	1
0.9801981	MONDO:0012621	HGNC:16035	biolink:causes	1
0.9758656	MONDO:0012669	HGNC:20249	biolink:causes	1
0.15000923	MONDO:0012682	HGNC:12440	biolink:causes	1
0.15000923	MONDO:0012682	HGNC:12440	biolink:gene_associated_with_condition	1
0.91628146	MONDO:0012714	HGNC:12403	biolink:gene_associated_with_condition	1
0.87550646	MONDO:0012718	HGNC:14508	biolink:causes	1
0.9486462	MONDO:0012726	HGNC:2202	biolink:gene_associated_with_condition	1
0.90750337	MONDO:0012734	HGNC:12783	biolink:gene_associated_with_condition	1
0.42085758	MONDO:0012738	HGNC:379	biolink:causes	1
0.019716963	MONDO:0012758	HGNC:7372	biolink:contributes_to	1
0.63782084	MONDO:0012774	HGNC:13672	biolink:causes	1
0.9958902	MONDO:0012786	HGNC:23094	biolink:causes	1
0.60695606	MONDO:0012803	HGNC:12266	biolink:gene_associated_with_condition	1
0.9346224	MONDO:0012807	HGNC:6158	biolink:gene_associated_with_condition	1
0.044878658	MONDO:0012816	HGNC:7939	biolink:causes	1
0.012169517	MONDO:0012843	HGNC:4083	biolink:contributes_to	1
0.9705446	MONDO:0012847	HGNC:28018	biolink:causes	1
0.9761406	MONDO:0012859	HGNC:11908	biolink:causes	1
0.9761406	MONDO:0012859	HGNC:11908	biolink:gene_associated_with_condition	1
0.017946022	MONDO:0012883	HGNC:8059	biolink:gene_associated_with_condition	1
0.05397214	MONDO:0012883	HGNC:9864	biolink:causes	1
0.05397214	MONDO:0012883	HGNC:9864	biolink:gene_associated_with_condition	1
0.014509128	MONDO:0012883	HGNC:7910	biolink:gene_associated_with_condition	1
0.0407735	MONDO:0012883	HGNC:29529	biolink:gene_associated_with_condition	1
0.8755358	MONDO:0012911	HGNC:4392	biolink:gene_associated_with_condition	1
0.57790786	MONDO:0012943	HGNC:5385	biolink:causes	1
0.99961996	MONDO:0012979	HGNC:21057	biolink:causes	1
0.23857288	MONDO:0012983	HGNC:9454	biolink:causes	1
0.18091622	MONDO:0013016	HGNC:23151	biolink:causes	1
0.18091622	MONDO:0013016	HGNC:23151	biolink:gene_associated_with_condition	1
0.9699062	MONDO:0013028	HGNC:468	biolink:gene_associated_with_condition	1
0.0173241	MONDO:0013032	HGNC:1514	biolink:contributes_to	1
0.6022702	MONDO:0013061	HGNC:939	biolink:causes	1
0.6188856	MONDO:0013069	HGNC:25382	biolink:gene_associated_with_condition	1
0.987405	MONDO:0013081	HGNC:6171	biolink:gene_associated_with_condition	1
0.7788446	MONDO:0013108	HGNC:959	biolink:causes	1
0.9764287	MONDO:0013108	HGNC:11557	biolink:causes	1
0.6493006	MONDO:0013116	HGNC:4236	biolink:causes	1
0.9820225	MONDO:0013154	HGNC:19743	biolink:causes	1
0.7414555	MONDO:0013162	HGNC:19743	biolink:gene_associated_with_condition	1
0.8854747	MONDO:0013166	HGNC:23	biolink:gene_associated_with_condition	1
0.99922526	MONDO:0013170	HGNC:6717	biolink:causes	1
0.66383296	MONDO:0013178	HGNC:6636	biolink:causes	1
0.67638075	MONDO:0013182	HGNC:8574	biolink:gene_associated_with_condition	1
0.79653203	MONDO:0013186	HGNC:7989	biolink:causes	1
0.99709	MONDO:0013190	HGNC:3534	biolink:causes	1
0.2694549	MONDO:0013198	HGNC:7576	biolink:causes	1
0.9907199	MONDO:0013223	HGNC:29679	biolink:causes	1
0.1170673	MONDO:0013236	HGNC:26144	biolink:contributes_to	1
0.010064766	MONDO:0013244	HGNC:9607	biolink:causes	1
0.9920076	MONDO:0013256	HGNC:19353	biolink:causes	1
0.9920076	MONDO:0013256	HGNC:19353	biolink:gene_associated_with_condition	1
0.9999615	MONDO:0013268	HGNC:450	biolink:causes	1
0.8036615	MONDO:0013276	HGNC:6518	biolink:causes	1
0.5380946	MONDO:0013301	HGNC:2594	biolink:gene_associated_with_condition	1
0.96621776	MONDO:0013315	HGNC:8789	biolink:causes	1
0.9983359	MONDO:0013323	HGNC:29250	biolink:causes	1
0.53924835	MONDO:0013331	HGNC:18451	biolink:causes	1
0.9757692	MONDO:0013352	HGNC:3823	biolink:causes	1
0.6158278	MONDO:0013364	HGNC:3373	biolink:causes	1
0.5602643	MONDO:0013385	HGNC:20422	biolink:causes	1
0.9565487	MONDO:0013414	HGNC:9990	biolink:causes	1
0.8928498	MONDO:0013427	HGNC:11362	biolink:gene_associated_with_condition	1
0.6922169	MONDO:0013431	HGNC:24576	biolink:causes	1
0.24523194	MONDO:0013444	HGNC:13387	biolink:causes	1
0.44837072	MONDO:0013469	HGNC:7027	biolink:causes	1
0.78600377	MONDO:0013473	HGNC:3146	biolink:causes	1
0.033772875	MONDO:0013489	HGNC:6215	biolink:causes	1
0.7675108	MONDO:0013501	HGNC:12666	biolink:causes	1
0.9678344	MONDO:0013536	HGNC:5013	biolink:causes	1
0.6064369	MONDO:0013589	HGNC:7599	biolink:causes	1
0.93895435	MONDO:0013610	HGNC:12605	biolink:causes	1
0.9554205	MONDO:0013664	HGNC:385	biolink:gene_associated_with_condition	1
0.94880104	MONDO:0013664	HGNC:387	biolink:gene_associated_with_condition	1
0.006216507	MONDO:0013685	HGNC:1100	biolink:contributes_to	1
0.8930433	MONDO:0013693	HGNC:195	biolink:causes	1
0.97395056	MONDO:0013718	HGNC:18340	biolink:causes	1
0.8160829	MONDO:0013726	HGNC:2973	biolink:causes	1
0.9998697	MONDO:0013731	HGNC:29634	biolink:causes	1
0.63312966	MONDO:0013739	HGNC:15925	biolink:causes	1
0.93418276	MONDO:0013743	HGNC:2956	biolink:gene_associated_with_condition	1
0.85830563	MONDO:0013743	HGNC:1241	biolink:gene_associated_with_condition	1
0.8248353	MONDO:0013743	HGNC:1246	biolink:gene_associated_with_condition	1
0.6129645	MONDO:0013767	HGNC:6407	biolink:causes	1
0.941888	MONDO:0013775	HGNC:11784	biolink:causes	1
0.9919946	MONDO:0013800	HGNC:18625	biolink:causes	1
0.7876571	MONDO:0013853	HGNC:17944	biolink:causes	1
0.89985883	MONDO:0013873	HGNC:1786	biolink:causes	1
0.84988683	MONDO:0013885	HGNC:7788	biolink:gene_associated_with_condition	1
0.9982268	MONDO:0013925	HGNC:68	biolink:causes	1
0.0010968194	MONDO:0013929	HGNC:1268	biolink:causes	1
0.9471411	MONDO:0013937	HGNC:8851	biolink:causes	1
0.53966385	MONDO:0013941	HGNC:5382	biolink:gene_associated_with_condition	1
0.009363261	MONDO:0013953	HGNC:5440	biolink:causes	1
0.94565654	MONDO:0013957	HGNC:5358	biolink:causes	1
0.7699914	MONDO:0013977	HGNC:23166	biolink:causes	1
0.79549414	MONDO:0013986	HGNC:21062	biolink:causes	1
0.79549414	MONDO:0013986	HGNC:21062	biolink:gene_associated_with_condition	1
0.98871523	MONDO:0013990	HGNC:8740	biolink:gene_associated_with_condition	1
0.71800536	MONDO:0014027	HGNC:11161	biolink:causes	1
0.6451294	MONDO:0014031	HGNC:24912	biolink:causes	1
0.66534936	MONDO:0014035	HGNC:2514	biolink:causes	1
0.9757185	MONDO:0014039	HGNC:16205	biolink:causes	1
0.98667115	MONDO:0014063	HGNC:26006	biolink:causes	1
0.7712261	MONDO:0014091	HGNC:823	biolink:causes	1
0.7647273	MONDO:0014112	HGNC:6407	biolink:causes	1
0.9967524	MONDO:0014132	HGNC:27302	biolink:gene_associated_with_condition	1
0.58750254	MONDO:0014148	HGNC:3467	biolink:causes	1
0.109997265	MONDO:0014152	HGNC:14000	biolink:causes	1
0.7714157	MONDO:0014156	HGNC:10589	biolink:causes	1
0.96472377	MONDO:0014168	HGNC:2252	biolink:gene_associated_with_condition	1
0.246917	MONDO:0014181	HGNC:5031	biolink:causes	1
0.9988387	MONDO:0014205	HGNC:29357	biolink:causes	1
0.9519761	MONDO:0014213	HGNC:13723	biolink:causes	1
0.15885113	MONDO:0014217	HGNC:4217	biolink:causes	1
0.7870447	MONDO:0014221	HGNC:12009	biolink:causes	1
0.7951887	MONDO:0014225	HGNC:3976	biolink:causes	1
0.7050835	MONDO:0014233	HGNC:11503	biolink:causes	1
0.50784343	MONDO:0014274	HGNC:3999	biolink:causes	1
0.50784343	MONDO:0014274	HGNC:3999	biolink:gene_associated_with_condition	1
0.96226007	MONDO:0014282	HGNC:17975	biolink:gene_associated_with_condition	1
0.6934986	MONDO:0014286	HGNC:24526	biolink:causes	1
0.92167133	MONDO:0014290	HGNC:29932	biolink:gene_associated_with_condition	1
0.5521144	MONDO:0014294	HGNC:12417	biolink:gene_associated_with_condition	1
0.67646605	MONDO:0014294	HGNC:17043	biolink:gene_associated_with_condition	1
0.7249249	MONDO:0014302	HGNC:16947	biolink:gene_associated_with_condition	1
0.99878937	MONDO:0014338	HGNC:6005	biolink:causes	1
0.99878937	MONDO:0014338	HGNC:6005	biolink:gene_associated_with_condition	1
0.17737389	MONDO:0014346	HGNC:6415	biolink:causes	1
1.0	MONDO:0014358	HGNC:25230	biolink:causes	1
0.99601895	MONDO:0014386	HGNC:9879	biolink:causes	1
0.70737785	MONDO:0014398	HGNC:30740	biolink:causes	1
0.70737785	MONDO:0014398	HGNC:30740	biolink:gene_associated_with_condition	1
0.88083506	MONDO:0014406	HGNC:23734	biolink:causes	1
0.94930786	MONDO:0014434	HGNC:970	biolink:causes	1
0.7180895	MONDO:0014450	HGNC:9670	biolink:causes	1
0.9253087	MONDO:0014455	HGNC:29685	biolink:causes	1
0.7327984	MONDO:0014480	HGNC:16700	biolink:causes	1
0.5892294	MONDO:0014484	HGNC:1777	biolink:causes	1
0.44706497	MONDO:0014492	HGNC:29300	biolink:causes	1
0.9313983	MONDO:0014532	HGNC:15559	biolink:gene_associated_with_condition	1
0.9712815	MONDO:0014545	HGNC:14253	biolink:gene_associated_with_condition	1
0.30433193	MONDO:0014557	HGNC:9154	biolink:causes	1
0.9685712	MONDO:0014573	HGNC:10706	biolink:causes	1
0.68697	MONDO:0014585	HGNC:1965	biolink:causes	1
0.9969337	MONDO:0014601	HGNC:14977	biolink:causes	1
0.64227444	MONDO:0014605	HGNC:9302	biolink:causes	1
0.35237607	MONDO:0014629	HGNC:2230	biolink:gene_associated_with_condition	1
0.35237607	MONDO:0014629	HGNC:2230	biolink:contributes_to	1
0.8457223	MONDO:0014646	HGNC:854	biolink:causes	1
0.56422925	MONDO:0014654	HGNC:2188	biolink:causes	1
0.94155633	MONDO:0014658	HGNC:3690	biolink:gene_associated_with_condition	1
0.9994467	MONDO:0014662	HGNC:13997	biolink:causes	1
0.9998865	MONDO:0014670	HGNC:13841	biolink:causes	1
0.114393935	MONDO:0014682	HGNC:4798	biolink:contributes_to	1
0.96636605	MONDO:0014686	HGNC:12831	biolink:causes	1
0.7875744	MONDO:0014710	HGNC:10260	biolink:gene_associated_with_condition	1
0.51885724	MONDO:0014718	HGNC:13818	biolink:causes	1
0.7163989	MONDO:0014735	HGNC:12666	biolink:causes	1
0.99999785	MONDO:0014747	HGNC:31582	biolink:causes	1
0.91249734	MONDO:0014763	HGNC:4013	biolink:causes	1
0.5827531	MONDO:0014802	HGNC:10702	biolink:causes	1
0.99999666	MONDO:0014823	HGNC:28261	biolink:causes	1
0.99579984	MONDO:0014864	HGNC:20858	biolink:causes	1
0.9893085	MONDO:0014868	HGNC:29561	biolink:causes	1
0.29370135	MONDO:0014901	HGNC:12775	biolink:causes	1
0.93977463	MONDO:0014909	HGNC:30718	biolink:causes	1
0.9420771	MONDO:0014933	HGNC:23230	biolink:causes	1
0.6325859	MONDO:0014945	HGNC:11280	biolink:causes	1
0.09422797	MONDO:0014970	HGNC:19218	biolink:causes	1
0.9588782	MONDO:0014991	HGNC:26513	biolink:causes	1
0.8524005	MONDO:0014995	HGNC:29853	biolink:causes	1
0.93122065	MONDO:0015003	HGNC:19691	biolink:gene_associated_with_condition	1
0.89397144	MONDO:0015007	HGNC:29508	biolink:causes	1
0.012155761	MONDO:0015041	HGNC:25941	biolink:gene_associated_with_condition	1
0.78323644	MONDO:0015353	HGNC:4162	biolink:causes	1
0.90725344	MONDO:0015520	HGNC:3259	biolink:gene_associated_with_condition	1
0.058210466	MONDO:0015555	HGNC:6342	biolink:gene_associated_with_condition	1
0.18347766	MONDO:0015597	HGNC:18971	biolink:gene_associated_with_condition	1
0.020200744	MONDO:0015597	HGNC:15561	biolink:gene_associated_with_condition	1
0.5691764	MONDO:0015786	HGNC:7675	biolink:gene_associated_with_condition	1
0.6648926	MONDO:0015793	HGNC:10483	biolink:gene_associated_with_condition	1
0.8118895	MONDO:0015800	HGNC:6697	biolink:gene_associated_with_condition	1
0.95823616	MONDO:0016002	HGNC:9081	biolink:causes	1
0.2579095	MONDO:0016163	HGNC:10560	biolink:causes	1
0.024171498	MONDO:0016202	HGNC:2200	biolink:gene_associated_with_condition	1
0.8134884	MONDO:0016216	HGNC:2514	biolink:gene_associated_with_condition	1
0.8804085	MONDO:0016216	HGNC:1509	biolink:gene_associated_with_condition	1
0.5868366	MONDO:0016356	HGNC:6120	biolink:gene_associated_with_condition	1
0.7688636	MONDO:0016356	HGNC:2500	biolink:gene_associated_with_condition	1
0.65710956	MONDO:0016356	HGNC:1607	biolink:gene_associated_with_condition	1
0.06523424	MONDO:0016573	HGNC:4801	biolink:gene_associated_with_condition	1
0.52653015	MONDO:0016579	HGNC:11019	biolink:gene_associated_with_condition	1
0.34466797	MONDO:0016589	HGNC:30605	biolink:gene_associated_with_condition	1
0.83856815	MONDO:0016599	HGNC:3374	biolink:gene_associated_with_condition	1
0.04479863	MONDO:0016605	HGNC:438	biolink:gene_associated_with_condition	1
0.45686486	MONDO:0016621	HGNC:4851	biolink:gene_associated_with_condition	1
0.8329137	MONDO:0016692	HGNC:22219	biolink:gene_associated_with_condition	1
0.781335	MONDO:0016692	HGNC:1097	biolink:gene_associated_with_condition	1
0.719661	MONDO:0016692	HGNC:9829	biolink:gene_associated_with_condition	1
0.6343646	MONDO:0016780	HGNC:14575	biolink:gene_associated_with_condition	1
0.8077877	MONDO:0016833	HGNC:3811	biolink:gene_associated_with_condition	1
0.7493282	MONDO:0016995	HGNC:11109	biolink:gene_associated_with_condition	1
0.014224178	MONDO:0017117	HGNC:19967	biolink:gene_associated_with_condition	1
0.8950306	MONDO:0017283	HGNC:17327	biolink:gene_associated_with_condition	1
0.091245666	MONDO:0017382	HGNC:9004	biolink:gene_associated_with_condition	1
0.19556317	MONDO:0017389	HGNC:8582	biolink:gene_associated_with_condition	1
0.8505519	MONDO:0017729	HGNC:9498	biolink:gene_associated_with_condition	1
0.46327072	MONDO:0017811	HGNC:9701	biolink:gene_associated_with_condition	1
0.52564514	MONDO:0017844	HGNC:11917	biolink:gene_associated_with_condition	1
0.0066363737	MONDO:0017901	HGNC:5439	biolink:gene_associated_with_condition	1
0.003288033	MONDO:0017906	HGNC:4462	biolink:gene_associated_with_condition	1
0.022820026	MONDO:0017946	HGNC:620	biolink:gene_associated_with_condition	1
0.005611848	MONDO:0018000	HGNC:11795	biolink:gene_associated_with_condition	1
0.8356992	MONDO:0018015	HGNC:6998	biolink:gene_associated_with_condition	1
0.8647068	MONDO:0018023	HGNC:4823	biolink:gene_associated_with_condition	1
0.5625208	MONDO:0018092	HGNC:4948	biolink:gene_associated_with_condition	1
0.60535085	MONDO:0018131	HGNC:5044	biolink:gene_associated_with_condition	1
0.016017081	MONDO:0018141	HGNC:8636	biolink:gene_associated_with_condition	1
0.98066485	MONDO:0018277	HGNC:9202	biolink:gene_associated_with_condition	1
0.93363136	MONDO:0018277	HGNC:19139	biolink:gene_associated_with_condition	1
0.88420856	MONDO:0018277	HGNC:22932	biolink:gene_associated_with_condition	1
0.9243152	MONDO:0018328	HGNC:20001	biolink:gene_associated_with_condition	1
0.9488383	MONDO:0018328	HGNC:13887	biolink:gene_associated_with_condition	1
0.9327121	MONDO:0018328	HGNC:18640	biolink:gene_associated_with_condition	1
0.728629	MONDO:0018333	HGNC:3481	biolink:gene_associated_with_condition	1
0.4783035	MONDO:0018435	HGNC:10381	biolink:gene_associated_with_condition	1
0.07249093	MONDO:0018450	HGNC:25726	biolink:gene_associated_with_condition	1
0.65879726	MONDO:0018495	HGNC:9462	biolink:gene_associated_with_condition	1
0.7159375	MONDO:0018564	HGNC:14255	biolink:gene_associated_with_condition	1
0.17149335	MONDO:0018761	HGNC:11100	biolink:gene_associated_with_condition	1
0.94308066	MONDO:0018767	HGNC:3771	biolink:causes	1
0.63518566	MONDO:0018821	HGNC:12632	biolink:gene_associated_with_condition	1
0.9212959	MONDO:0019107	HGNC:10009	biolink:gene_associated_with_condition	1
0.8716808	MONDO:0019148	HGNC:6617	biolink:causes	1
0.8716808	MONDO:0019148	HGNC:6617	biolink:gene_associated_with_condition	1
0.9768215	MONDO:0019174	HGNC:9713	biolink:gene_associated_with_condition	1
0.96636736	MONDO:0019174	HGNC:9719	biolink:gene_associated_with_condition	1
0.99757415	MONDO:0019174	HGNC:8855	biolink:gene_associated_with_condition	1
0.99816716	MONDO:0019174	HGNC:8857	biolink:gene_associated_with_condition	1
0.9686829	MONDO:0019307	HGNC:2194	biolink:gene_associated_with_condition	1
0.31916225	MONDO:0019325	HGNC:4379	biolink:gene_associated_with_condition	1
0.9241745	MONDO:0019409	HGNC:12774	biolink:gene_associated_with_condition	1
0.43411684	MONDO:0019448	HGNC:25489	biolink:gene_associated_with_condition	1
0.7411155	MONDO:0019456	HGNC:5382	biolink:gene_associated_with_condition	1
0.5892517	MONDO:0019456	HGNC:5383	biolink:gene_associated_with_condition	1
0.69048375	MONDO:0019456	HGNC:2978	biolink:gene_associated_with_condition	1
0.75527877	MONDO:0019531	HGNC:4623	biolink:gene_associated_with_condition	1
0.039798494	MONDO:0019549	HGNC:16877	biolink:gene_associated_with_condition	1
0.8957585	MONDO:0019569	HGNC:3438	biolink:gene_associated_with_condition	1
0.98271346	MONDO:0019569	HGNC:3439	biolink:gene_associated_with_condition	1
0.6513479	MONDO:0019569	HGNC:3436	biolink:gene_associated_with_condition	1
0.86504644	MONDO:0019636	HGNC:23399	biolink:gene_associated_with_condition	1
0.754235	MONDO:0019636	HGNC:9967	biolink:gene_associated_with_condition	1
0.2221951	MONDO:0019921	HGNC:9046	biolink:gene_associated_with_condition	1
0.014018561	MONDO:0019930	HGNC:6585	biolink:gene_associated_with_condition	1
0.6376511	MONDO:0019943	HGNC:6218	biolink:gene_associated_with_condition	1
0.9046152	MONDO:0019947	HGNC:1529	biolink:causes	1
0.9046152	MONDO:0019947	HGNC:1529	biolink:gene_associated_with_condition	1
0.04037982	MONDO:0019981	HGNC:11630	biolink:gene_associated_with_condition	1
0.54961735	MONDO:0020207	HGNC:10604	biolink:gene_associated_with_condition	1
0.99212015	MONDO:0020346	HGNC:2226	biolink:gene_associated_with_condition	1
0.77579314	MONDO:0020354	HGNC:8620	biolink:gene_associated_with_condition	1
0.0041145436	MONDO:0020382	HGNC:9942	biolink:gene_associated_with_condition	1
0.98086756	MONDO:0020434	HGNC:11598	biolink:gene_associated_with_condition	1
0.9224223	MONDO:0020485	HGNC:10483	biolink:causes	1
0.9588628	MONDO:0020521	HGNC:2197	biolink:causes	1
0.03115104	MONDO:0020607	HGNC:10600	biolink:causes	1
0.17060973	MONDO:0020611	HGNC:6308	biolink:causes	1
0.20433131	MONDO:0020619	HGNC:47	biolink:causes	1
0.9534364	MONDO:0020721	HGNC:397	biolink:causes	1
0.82331884	MONDO:0020737	HGNC:18647	biolink:causes	1
0.99772364	MONDO:0020765	HGNC:7225	biolink:causes	1
0.11125384	MONDO:0020785	HGNC:3395	biolink:causes	1
0.76697147	MONDO:0020789	HGNC:8104	biolink:causes	1
0.50962365	MONDO:0020845	HGNC:11992	biolink:causes	1
0.7076219	MONDO:0020849	HGNC:10019	biolink:causes	1
0.2993159	MONDO:0021548	HGNC:2409	biolink:gene_associated_with_condition	1
0.4242425	MONDO:0021548	HGNC:4204	biolink:gene_associated_with_condition	1
0.9252139	MONDO:0024264	HGNC:8622	biolink:causes	1
0.9307523	MONDO:0024465	HGNC:10802	biolink:causes	1
0.9049062	MONDO:0024550	HGNC:3754	biolink:causes	1
0.93203294	MONDO:0024562	HGNC:10593	biolink:causes	1
0.91358703	MONDO:0024570	HGNC:4198	biolink:causes	1
0.5406773	MONDO:0024607	HGNC:33882	biolink:causes	1
0.99998295	MONDO:0025354	HGNC:26708	biolink:causes	1
0.9997111	MONDO:0026730	HGNC:7370	biolink:causes	1
0.08212275	MONDO:0029145	HGNC:15979	biolink:causes	1
0.7602302	MONDO:0029465	HGNC:19263	biolink:causes	1
0.23027447	MONDO:0030007	HGNC:8849	biolink:causes	1
0.37199473	MONDO:0030020	HGNC:29160	biolink:causes	1
0.6675171	MONDO:0030060	HGNC:4572	biolink:causes	1
0.78271323	MONDO:0030088	HGNC:59	biolink:causes	1
0.98271495	MONDO:0030312	HGNC:12713	biolink:causes	1
0.4042787	MONDO:0030338	HGNC:29558	biolink:causes	1
0.78195167	MONDO:0030374	HGNC:6027	biolink:causes	1
0.9990552	MONDO:0030440	HGNC:25295	biolink:causes	1
0.99997807	MONDO:0030505	HGNC:21495	biolink:causes	1
0.70167005	MONDO:0030534	HGNC:11623	biolink:causes	1
0.8644732	MONDO:0030684	HGNC:7818	biolink:causes	1
0.93257993	MONDO:0030714	HGNC:26185	biolink:causes	1
0.005966714	MONDO:0030724	HGNC:13552	biolink:causes	1
0.89059436	MONDO:0030730	HGNC:4785	biolink:causes	1
0.24997774	MONDO:0030787	HGNC:26993	biolink:causes	1
0.95003545	MONDO:0030878	HGNC:30511	biolink:gene_associated_with_condition	1
0.4659137	MONDO:0030910	HGNC:14214	biolink:causes	1
0.87852037	MONDO:0030914	HGNC:12306	biolink:causes	1
0.9999758	MONDO:0030918	HGNC:19088	biolink:causes	1
0.9998908	MONDO:0030927	HGNC:14304	biolink:causes	1
0.8069441	MONDO:0030931	HGNC:24929	biolink:causes	1
0.007958154	MONDO:0030958	HGNC:25543	biolink:causes	1
0.8038761	MONDO:0031006	HGNC:10680	biolink:causes	1
0.9972005	MONDO:0031043	HGNC:28870	biolink:causes	1
0.74265754	MONDO:0031052	HGNC:25640	biolink:causes	1
0.6272545	MONDO:0031481	HGNC:24877	biolink:gene_associated_with_condition	1
0.99938667	MONDO:0031481	HGNC:18550	biolink:causes	1
0.9877894	MONDO:0032571	HGNC:29165	biolink:causes	1
0.004883304	MONDO:0032575	HGNC:12781	biolink:causes	1
0.40473706	MONDO:0032583	HGNC:29929	biolink:causes	1
0.616534	MONDO:0032590	HGNC:3468	biolink:causes	1
0.76797026	MONDO:0032596	HGNC:10979	biolink:causes	1
0.7797705	MONDO:0032656	HGNC:6222	biolink:causes	1
0.98264515	MONDO:0032673	HGNC:19918	biolink:causes	1
0.5319653	MONDO:0032685	HGNC:4331	biolink:causes	1
0.9994635	MONDO:0032705	HGNC:7437	biolink:causes	1
0.9994635	MONDO:0032705	HGNC:7437	biolink:gene_associated_with_condition	1
0.7960951	MONDO:0032712	HGNC:14049	biolink:causes	1
0.9398433	MONDO:0032717	HGNC:13764	biolink:causes	1
0.96824795	MONDO:0032758	HGNC:6115	biolink:causes	1
0.9615473	MONDO:0032772	HGNC:2433	biolink:causes	1
0.67000425	MONDO:0032804	HGNC:2478	biolink:causes	1
0.99512166	MONDO:0032824	HGNC:15791	biolink:causes	1
0.9988412	MONDO:0032845	HGNC:2946	biolink:causes	1
0.4099899	MONDO:0032867	HGNC:18072	biolink:contributes_to	1
0.95435905	MONDO:0032871	HGNC:29118	biolink:causes	1
0.7060611	MONDO:0032887	HGNC:30739	biolink:causes	1
0.9899775	MONDO:0032891	HGNC:17754	biolink:causes	1
0.96369904	MONDO:0032895	HGNC:12527	biolink:causes	1
0.3504985	MONDO:0032899	HGNC:11301	biolink:causes	1
0.3504985	MONDO:0032899	HGNC:11301	biolink:gene_associated_with_condition	1
0.45583427	MONDO:0032907	HGNC:16709	biolink:causes	1
0.78618866	MONDO:0032915	HGNC:1449	biolink:causes	1
0.9358009	MONDO:0032927	HGNC:24552	biolink:causes	1
0.59807426	MONDO:0032933	HGNC:24007	biolink:gene_associated_with_condition	1
0.49337766	MONDO:0032937	HGNC:4023	biolink:causes	1
0.9707615	MONDO:0033009	HGNC:24259	biolink:causes	1
0.91951394	MONDO:0033045	HGNC:28128	biolink:causes	1
0.022258233	MONDO:0033259	HGNC:13941	biolink:causes	1
0.15758131	MONDO:0033280	HGNC:29300	biolink:causes	1
0.9578011	MONDO:0033479	HGNC:4593	biolink:gene_associated_with_condition	1
0.15432768	MONDO:0033552	HGNC:4014	biolink:causes	1
0.9985031	MONDO:0033561	HGNC:6766	biolink:causes	1
0.9985031	MONDO:0033561	HGNC:6766	biolink:gene_associated_with_condition	1
0.99196726	MONDO:0033635	HGNC:2260	biolink:causes	1
0.9808451	MONDO:0034106	HGNC:10057	biolink:gene_associated_with_condition	1
0.001550901	MONDO:0035370	HGNC:437	biolink:gene_associated_with_condition	1
0.6956676	MONDO:0035472	HGNC:17494	biolink:gene_associated_with_condition	1
0.0032981415	MONDO:0035556	HGNC:14630	biolink:gene_associated_with_condition	1
0.019121796	MONDO:0035694	HGNC:9955	biolink:gene_associated_with_condition	1
0.02233318	MONDO:0035823	HGNC:15646	biolink:gene_associated_with_condition	1
0.04599518	MONDO:0035941	HGNC:7132	biolink:gene_associated_with_condition	1
0.01458837	MONDO:0035945	HGNC:5477	biolink:gene_associated_with_condition	1
0.9976132	MONDO:0036189	HGNC:11182	biolink:gene_associated_with_condition	1
0.5642694	MONDO:0043364	HGNC:3423	biolink:causes	1
0.00786985	MONDO:0044255	HGNC:4868	biolink:causes	1
0.068284504	MONDO:0044255	HGNC:8101	biolink:causes	1
0.9865661	MONDO:0044318	HGNC:9277	biolink:causes	1
0.9974758	MONDO:0044322	HGNC:17939	biolink:causes	1
0.79175895	MONDO:0044660	HGNC:5286	biolink:causes	1
0.60394657	MONDO:0044701	HGNC:12511	biolink:gene_associated_with_condition	1
0.6919752	MONDO:0044724	HGNC:23656	biolink:gene_associated_with_condition	1
0.65533227	MONDO:0054591	HGNC:9557	biolink:causes	1
0.99747914	MONDO:0054615	HGNC:2940	biolink:causes	1
0.9298549	MONDO:0054680	HGNC:19721	biolink:causes	1
0.9983102	MONDO:0054723	HGNC:26684	biolink:causes	1
0.9816758	MONDO:0054731	HGNC:20091	biolink:causes	1
0.9993339	MONDO:0054737	HGNC:19185	biolink:causes	1
0.9670048	MONDO:0054794	HGNC:26600	biolink:causes	1
0.48088655	MONDO:0054805	HGNC:28952	biolink:causes	1
0.9999081	MONDO:0054843	HGNC:28188	biolink:causes	1
0.23713166	MONDO:0054847	HGNC:16854	biolink:causes	1
0.95413196	MONDO:0060489	HGNC:7983	biolink:causes	1
0.9985813	MONDO:0060502	HGNC:9043	biolink:gene_associated_with_condition	1
0.9159984	MONDO:0060704	HGNC:25072	biolink:causes	1
0.91757685	MONDO:0060745	HGNC:10258	biolink:causes	1
0.99280316	MONDO:0100083	HGNC:10471	biolink:causes	1
0.4629354	MONDO:0100092	HGNC:10596	biolink:causes	1
0.98573875	MONDO:0100102	HGNC:9863	biolink:causes	1
0.45422286	MONDO:0100217	HGNC:3004	biolink:causes	1
0.757891	MONDO:0100229	HGNC:8850	biolink:gene_associated_with_condition	1
0.93104184	MONDO:0100294	HGNC:33867	biolink:gene_associated_with_condition	1
0.74706274	MONDO:0100294	HGNC:10680	biolink:causes	1
0.48646915	MONDO:0100460	HGNC:4507	biolink:contributes_to	1
0.003001117	MONDO:0700299	HGNC:29079	biolink:contributes_to	1
0.813292	MONDO:0800026	HGNC:13879	biolink:gene_associated_with_condition	1
0.9975229	MONDO:0800026	HGNC:9143	biolink:gene_associated_with_condition	1
0.7997658	MONDO:0800026	HGNC:3178	biolink:gene_associated_with_condition	1
0.9991854	MONDO:0800030	HGNC:19750	biolink:causes	1
0.8939179	MONDO:0800438	HGNC:3003	biolink:causes	1
0.8939179	MONDO:0800438	HGNC:3003	biolink:gene_associated_with_condition	1
0.044729132	MONDO:0850067	HGNC:14334	biolink:gene_associated_with_condition	1
0.019981608	MONDO:0858999	HGNC:1337	biolink:gene_associated_with_condition	1
0.9813688	MONDO:0859147	HGNC:21244	biolink:gene_associated_with_condition	1
0.99935156	MONDO:0859160	HGNC:20213	biolink:causes	1
0.9278424	MONDO:0859164	HGNC:30594	biolink:causes	1
0.99951124	MONDO:0859180	HGNC:29956	biolink:causes	1
0.9852142	MONDO:0859188	HGNC:2021	biolink:causes	1
0.95593816	MONDO:0859206	HGNC:28762	biolink:causes	1
0.8785906	MONDO:0859214	HGNC:9390	biolink:causes	1
0.99988294	MONDO:0859226	HGNC:26186	biolink:causes	1
0.99999106	MONDO:0859236	HGNC:7994	biolink:causes	1
0.98052454	MONDO:0859252	HGNC:8717	biolink:causes	1
0.999951	MONDO:0859277	HGNC:18711	biolink:causes	1
0.6936592	MONDO:0859281	HGNC:26974	biolink:causes	1
0.5082693	MONDO:0859301	HGNC:5041	biolink:gene_associated_with_condition	1
0.97007656	MONDO:0859335	HGNC:11944	biolink:causes	1
0.34715813	MONDO:0859355	HGNC:21173	biolink:causes	1
0.9998621	MONDO:0859360	HGNC:19380	biolink:causes	1
0.8352153	MONDO:0859517	HGNC:129	biolink:causes	1
0.03228611	MONDO:0859521	HGNC:1723	biolink:causes	1
0.70626134	MONDO:0957202	HGNC:26047	biolink:causes	1
0.9983424	MONDO:0957265	HGNC:10591	biolink:causes	1
0.98345065	MONDO:0957270	HGNC:5006	biolink:causes	1
0.009085505	MONDO:0957278	HGNC:7199	biolink:causes	1
0.9935668	MONDO:0957382	HGNC:4208	biolink:causes	1
0.54174787	MONDO:0957427	HGNC:8619	biolink:gene_associated_with_condition	1
0.7867581	MONDO:0957477	HGNC:7623	biolink:gene_associated_with_condition	1
0.019703534	MONDO:0957530	HGNC:26144	biolink:contributes_to	1
0.13312536	MONDO:0957572	HGNC:11795	biolink:causes	1
0.9653815	MONDO:0957588	HGNC:29877	biolink:causes	1
0.8911575	MONDO:0957787	HGNC:19304	biolink:causes	1
0.9992287	MONDO:0957819	HGNC:16305	biolink:causes	1
0.96112525	MONDO:0957955	HGNC:10937	biolink:causes	1
0.90618145	MONDO:0957993	HGNC:10451	biolink:causes	1
0.83007604	MONDO:0958001	HGNC:9859	biolink:causes	1
0.99346465	MONDO:0958011	HGNC:6116	biolink:causes	1
0.9998503	MONDO:0958194	HGNC:35123	biolink:causes	1
0.4399114	MONDO:0958237	HGNC:18628	biolink:causes	1
0.99279565	MONDO:0958241	HGNC:19012	biolink:causes	1
1.0	MONDO:0958322	HGNC:12869	biolink:causes	1
0.99753654	MONDO:0958331	HGNC:11018	biolink:causes	1
0.9999995	MONDO:0968976	HGNC:23339	biolink:causes	1
0.98448354	MONDO:0971002	HGNC:29296	biolink:causes	1
0.54908264	MONDO:0971012	HGNC:11566	biolink:causes	1
0.12441474	MONDO:0971016	HGNC:9986	biolink:causes	1
0.86359805	MONDO:0975754	HGNC:132	biolink:gene_associated_with_condition	1
0.05701323	MONDO:0975840	HGNC:25018	biolink:causes	1
0.022586906	MONDO:0976266	HGNC:21270	biolink:causes	1
0.81801873	HGNC:21022	MONDO:0013570	biolink:gene_associated_with_condition	1
0.14057176	HGNC:34	MONDO:0007932	biolink:contributes_to	1
0.20433131	HGNC:47	MONDO:0020619	biolink:causes	1
0.91181684	HGNC:47	MONDO:0012204	biolink:causes	1
0.64825934	HGNC:47	MONDO:0020356	biolink:gene_associated_with_condition	1
0.8940611	HGNC:42	MONDO:0011156	biolink:causes	1
0.8940611	HGNC:42	MONDO:0011156	biolink:gene_associated_with_condition	1
0.9982268	HGNC:68	MONDO:0013925	biolink:causes	1
0.9488383	HGNC:13887	MONDO:0018328	biolink:gene_associated_with_condition	1
0.7711924	HGNC:76	MONDO:0008542	biolink:causes	1
0.5711144	HGNC:87	MONDO:0012648	biolink:causes	1
0.9542064	HGNC:119	MONDO:0009919	biolink:gene_associated_with_condition	1
0.88303417	HGNC:126	MONDO:0957594	biolink:causes	1
0.8352153	HGNC:129	MONDO:0859517	biolink:causes	1
0.92032975	HGNC:171	MONDO:0007606	biolink:causes	1
0.9793225	HGNC:1839	MONDO:0008436	biolink:causes	1
0.25004175	HGNC:13202	MONDO:0009728	biolink:gene_associated_with_condition	1
0.9992287	HGNC:16305	MONDO:0957819	biolink:causes	1
0.75947636	HGNC:226	MONDO:0030025	biolink:causes	1
0.7556836	HGNC:237	MONDO:0014570	biolink:causes	1
0.79808813	HGNC:315	MONDO:0008377	biolink:causes	1
0.0037852398	HGNC:317	MONDO:0014425	biolink:causes	1
0.0037852398	HGNC:317	MONDO:0014425	biolink:gene_associated_with_condition	1
0.96890455	HGNC:17258	MONDO:0032650	biolink:causes	1
0.99474216	HGNC:341	MONDO:0009823	biolink:gene_associated_with_condition	1
0.8227295	HGNC:343	MONDO:0013404	biolink:causes	1
0.90136236	HGNC:10648	MONDO:0009843	biolink:gene_associated_with_condition	1
0.23616955	HGNC:358	MONDO:0010911	biolink:gene_associated_with_condition	1
0.84972435	HGNC:358	MONDO:0007052	biolink:causes	1
0.87888634	HGNC:358	MONDO:0009050	biolink:causes	1
0.94880104	HGNC:387	MONDO:0013664	biolink:gene_associated_with_condition	1
0.7058906	HGNC:393	MONDO:0014407	biolink:causes	1
0.9534364	HGNC:397	MONDO:0020721	biolink:causes	1
0.93948984	HGNC:23161	MONDO:0011969	biolink:gene_associated_with_condition	1
0.5173017	HGNC:23161	MONDO:0054743	biolink:causes	1
0.89672935	HGNC:31088	MONDO:0013367	biolink:contributes_to	1
0.9255098	HGNC:20917	MONDO:0013999	biolink:causes	1
0.0035281142	HGNC:438	MONDO:0016606	biolink:gene_associated_with_condition	1
0.04479863	HGNC:438	MONDO:0016605	biolink:gene_associated_with_condition	1
0.58504456	HGNC:17097	MONDO:0008377	biolink:causes	1
0.9939336	HGNC:3528	MONDO:0009212	biolink:causes	1
0.99709	HGNC:3534	MONDO:0013190	biolink:causes	1
0.9707783	HGNC:3583	MONDO:0010752	biolink:causes	1
0.9998118	HGNC:3583	MONDO:0009215	biolink:causes	1
0.88679075	HGNC:3602	MONDO:0009052	biolink:causes	1
0.0072878907	HGNC:3607	MONDO:0859246	biolink:causes	1
0.21583281	HGNC:15626	MONDO:0008558	biolink:gene_associated_with_condition	1
0.8510269	HGNC:3666	MONDO:0859578	biolink:causes	1
0.9257643	HGNC:3666	MONDO:0008397	biolink:gene_associated_with_condition	1
0.96073407	HGNC:3680	MONDO:0008660	biolink:gene_associated_with_condition	1
0.9759103	HGNC:3689	MONDO:0007412	biolink:causes	1
0.8827069	HGNC:3689	MONDO:0007042	biolink:causes	1
0.8827069	HGNC:3689	MONDO:0007042	biolink:gene_associated_with_condition	1
0.81837827	HGNC:3689	MONDO:0007400	biolink:gene_associated_with_condition	1
0.014032771	HGNC:18416	MONDO:0975746	biolink:causes	1
0.55681837	HGNC:19124	MONDO:0017833	biolink:gene_associated_with_condition	1
0.9919946	HGNC:18625	MONDO:0013800	biolink:causes	1
0.9923006	HGNC:17997	MONDO:0011787	biolink:gene_associated_with_condition	1
0.9870013	HGNC:17997	MONDO:0013157	biolink:causes	1
0.98526645	HGNC:17997	MONDO:1040033	biolink:gene_associated_with_condition	1
0.4728908	HGNC:3749	MONDO:0007838	biolink:gene_associated_with_condition	1
0.90051025	HGNC:3755	MONDO:0007167	biolink:causes	1
0.85963815	HGNC:3755	MONDO:0007875	biolink:gene_associated_with_condition	1
0.9346019	HGNC:3755	MONDO:0014343	biolink:causes	1
0.74548227	HGNC:3765	MONDO:0020316	biolink:gene_associated_with_condition	1
0.78993434	HGNC:3765	MONDO:0035940	biolink:gene_associated_with_condition	1
0.8275043	HGNC:3765	MONDO:0015166	biolink:gene_associated_with_condition	1
0.94308066	HGNC:3771	MONDO:0018767	biolink:causes	1
0.9757692	HGNC:3823	MONDO:0013352	biolink:causes	1
0.91278887	HGNC:13875	MONDO:0011184	biolink:causes	1
0.96002364	HGNC:3976	MONDO:0958012	biolink:causes	1
0.7951887	HGNC:3976	MONDO:0014225	biolink:causes	1
0.9552005	HGNC:24678	MONDO:0013050	biolink:gene_associated_with_condition	1
0.849676	HGNC:4006	MONDO:0014343	biolink:causes	1
0.99972695	HGNC:4006	MONDO:0009254	biolink:causes	1
0.897843	HGNC:4081	MONDO:0014942	biolink:causes	1
0.7223001	HGNC:4172	MONDO:0007797	biolink:causes	1
0.7223001	HGNC:4172	MONDO:0007797	biolink:gene_associated_with_condition	1
0.9786558	HGNC:4189	MONDO:0009281	biolink:gene_associated_with_condition	1
0.883104	HGNC:4193	MONDO:0100186	biolink:gene_associated_with_condition	1
0.9616384	HGNC:4193	MONDO:0007495	biolink:causes	1
0.9935668	HGNC:4208	MONDO:0957382	biolink:causes	1
0.990893	HGNC:4220	MONDO:0007216	biolink:causes	1
0.990893	HGNC:4220	MONDO:0007216	biolink:gene_associated_with_condition	1
0.6741299	HGNC:4220	MONDO:0014125	biolink:causes	1
0.9269638	HGNC:4220	MONDO:0007215	biolink:gene_associated_with_condition	1
0.9997043	HGNC:4220	MONDO:0007221	biolink:gene_associated_with_condition	1
0.13169874	HGNC:4237	MONDO:0013139	biolink:causes	1
0.8163135	HGNC:4241	MONDO:0018144	biolink:gene_associated_with_condition	1
0.942383	HGNC:4267	MONDO:0014403	biolink:gene_associated_with_condition	1
0.40638444	HGNC:4281	MONDO:0011430	biolink:gene_associated_with_condition	1
0.07757909	HGNC:4284	MONDO:0015635	biolink:gene_associated_with_condition	1
0.98618144	HGNC:4296	MONDO:0010526	biolink:causes	1
0.56597555	HGNC:4313	MONDO:0015010	biolink:gene_associated_with_condition	1
0.40954906	HGNC:4313	MONDO:0017353	biolink:gene_associated_with_condition	1
0.99369335	HGNC:24247	MONDO:0009070	biolink:causes	1
0.99369335	HGNC:24247	MONDO:0009070	biolink:gene_associated_with_condition	1
0.9584829	HGNC:4367	MONDO:0010099	biolink:causes	1
0.9584829	HGNC:4367	MONDO:0010099	biolink:gene_associated_with_condition	1
0.7575572	HGNC:20731	MONDO:0014074	biolink:gene_associated_with_condition	1
0.99994063	HGNC:4452	MONDO:0020602	biolink:causes	1
0.003288033	HGNC:4462	MONDO:0017906	biolink:gene_associated_with_condition	1
0.96365607	HGNC:29501	MONDO:0011411	biolink:causes	1
0.96365607	HGNC:29501	MONDO:0011411	biolink:gene_associated_with_condition	1
0.9578011	HGNC:4593	MONDO:0033479	biolink:gene_associated_with_condition	1
0.7331722	HGNC:4598	MONDO:0008377	biolink:causes	1
0.99198955	HGNC:4679	MONDO:0008377	biolink:causes	1
0.8675386	HGNC:4706	MONDO:0012693	biolink:causes	1
0.76081705	HGNC:4796	MONDO:0014343	biolink:causes	1
0.5833395	HGNC:4817	MONDO:0009300	biolink:gene_associated_with_condition	1
0.8524005	HGNC:29853	MONDO:0014995	biolink:causes	1
0.95622903	HGNC:26361	MONDO:0024555	biolink:causes	1
0.9993198	HGNC:30477	MONDO:0009871	biolink:causes	1
0.6828439	HGNC:15977	MONDO:0014343	biolink:causes	1
0.99934775	HGNC:18270	MONDO:0010814	biolink:causes	1
0.7557404	HGNC:4887	MONDO:0958085	biolink:gene_associated_with_condition	1
0.6269419	HGNC:4932	MONDO:0017376	biolink:gene_associated_with_condition	1
0.5604394	HGNC:4932	MONDO:0018229	biolink:gene_associated_with_condition	1
0.18781658	HGNC:11621	MONDO:0017935	biolink:gene_associated_with_condition	1
0.9329932	HGNC:5147	MONDO:0010162	biolink:causes	1
0.9329932	HGNC:5147	MONDO:0010162	biolink:gene_associated_with_condition	1
0.9899333	HGNC:28460	MONDO:0971176	biolink:causes	1
0.7702717	HGNC:5201	MONDO:0013946	biolink:contributes_to	1
0.05934163	HGNC:4800	MONDO:0037149	biolink:gene_associated_with_condition	1
0.989465	HGNC:5248	MONDO:0013243	biolink:causes	1
0.79175895	HGNC:5286	MONDO:0044660	biolink:causes	1
0.99938667	HGNC:18550	MONDO:0031481	biolink:causes	1
0.8157494	HGNC:5439	MONDO:0007191	biolink:gene_associated_with_condition	1
0.9145502	HGNC:5439	MONDO:0014429	biolink:causes	1
0.1273269	HGNC:5439	MONDO:0010853	biolink:contributes_to	1
0.0066363737	HGNC:5439	MONDO:0017901	biolink:gene_associated_with_condition	1
0.047314398	HGNC:5439	MONDO:0020530	biolink:gene_associated_with_condition	1
0.42862922	HGNC:5456	MONDO:0011834	biolink:gene_associated_with_condition	1
0.9889577	HGNC:13556	MONDO:0021093	biolink:causes	1
0.011729512	HGNC:29077	MONDO:0976269	biolink:causes	1
0.023950867	HGNC:29077	MONDO:0976267	biolink:contributes_to	1
0.9138672	HGNC:29077	MONDO:0008377	biolink:causes	1
0.9186007	HGNC:5466	MONDO:0018336	biolink:gene_associated_with_condition	1
0.9472211	HGNC:5466	MONDO:0014343	biolink:causes	1
0.9639381	HGNC:5476	MONDO:0013640	biolink:gene_associated_with_condition	1
0.01458837	HGNC:5477	MONDO:0035945	biolink:gene_associated_with_condition	1
0.9699341	HGNC:6000	MONDO:0013021	biolink:gene_associated_with_condition	1
0.9344011	HGNC:6000	MONDO:0014343	biolink:causes	1
0.9826314	HGNC:6009	MONDO:0032782	biolink:causes	1
0.9897821	HGNC:5962	MONDO:0004951	biolink:contributes_to	1
0.9987225	HGNC:6006	MONDO:0014082	biolink:gene_associated_with_condition	1
0.020200744	HGNC:15561	MONDO:0015597	biolink:gene_associated_with_condition	1
0.86117303	HGNC:6055	MONDO:0008377	biolink:causes	1
0.9996977	HGNC:17870	MONDO:0011190	biolink:causes	1
0.96824795	HGNC:6115	MONDO:0032758	biolink:causes	1
0.90282583	HGNC:6176	MONDO:0014719	biolink:gene_associated_with_condition	1
0.34834826	HGNC:19309	MONDO:0013033	biolink:causes	1
0.6376511	HGNC:6218	MONDO:0019943	biolink:gene_associated_with_condition	1
0.9781919	HGNC:6229	MONDO:0020745	biolink:causes	1
0.9517649	HGNC:6239	MONDO:0011819	biolink:gene_associated_with_condition	1
0.9929671	HGNC:6242	MONDO:0012677	biolink:causes	1
0.6328465	HGNC:6256	MONDO:0010933	biolink:causes	1
0.98806787	HGNC:6256	MONDO:0013005	biolink:causes	1
0.498505	HGNC:19698	MONDO:0008377	biolink:causes	1
0.72443	HGNC:25705	MONDO:0014620	biolink:causes	1
0.9572368	HGNC:12637	MONDO:0010465	biolink:causes	1
0.9001457	HGNC:888	MONDO:0013634	biolink:causes	1
0.9273146	HGNC:6391	MONDO:0011335	biolink:gene_associated_with_condition	1
0.8126533	HGNC:23419	MONDO:0012280	biolink:causes	1
0.9832329	HGNC:15840	MONDO:0030969	biolink:causes	1
0.763945	HGNC:6407	MONDO:0015278	biolink:causes	1
0.6129645	HGNC:6407	MONDO:0013767	biolink:causes	1
0.7647273	HGNC:6407	MONDO:0014112	biolink:causes	1
0.56992674	HGNC:6407	MONDO:0008542	biolink:causes	1
0.67997044	HGNC:6407	MONDO:0010854	biolink:causes	1
0.2603399	HGNC:20406	MONDO:0014327	biolink:causes	1
0.2603399	HGNC:20406	MONDO:0014327	biolink:gene_associated_with_condition	1
0.17737389	HGNC:6415	MONDO:0014346	biolink:causes	1
0.9262724	HGNC:26576	MONDO:0044648	biolink:gene_associated_with_condition	1
0.8493079	HGNC:29796	MONDO:0012559	biolink:causes	1
0.19687815	HGNC:6512	MONDO:0024568	biolink:gene_associated_with_condition	1
0.7333591	HGNC:6535	MONDO:0013047	biolink:gene_associated_with_condition	1
0.9327121	HGNC:18640	MONDO:0018328	biolink:gene_associated_with_condition	1
0.8515596	HGNC:6554	MONDO:0013992	biolink:gene_associated_with_condition	1
0.91565067	HGNC:6556	MONDO:0859304	biolink:causes	1
0.053819347	HGNC:6572	MONDO:0700090	biolink:causes	1
0.9999987	HGNC:6584	MONDO:0009223	biolink:gene_associated_with_condition	1
0.6274462	HGNC:21734	MONDO:0019828	biolink:gene_associated_with_condition	1
0.8831397	HGNC:6619	MONDO:0013533	biolink:gene_associated_with_condition	1
0.9965546	HGNC:23038	MONDO:0010183	biolink:gene_associated_with_condition	1
0.7554505	HGNC:14154	MONDO:0009527	biolink:causes	1
0.7856097	HGNC:6638	MONDO:0014685	biolink:gene_associated_with_condition	1
0.7933536	HGNC:21610	MONDO:0060761	biolink:causes	1
0.79153895	HGNC:26521	MONDO:0013119	biolink:causes	1
0.8118895	HGNC:6697	MONDO:0015800	biolink:gene_associated_with_condition	1
0.09585088	HGNC:30860	MONDO:0030361	biolink:causes	1
0.94657093	HGNC:6709	MONDO:0012039	biolink:contributes_to	1
0.9982493	HGNC:6716	MONDO:0007363	biolink:causes	1
0.873676	HGNC:6735	MONDO:0957271	biolink:causes	1
0.951291	HGNC:1968	MONDO:0008963	biolink:causes	1
0.91359895	HGNC:13664	MONDO:0032677	biolink:causes	1
0.5055747	HGNC:28880	MONDO:0026729	biolink:causes	1
0.96054363	HGNC:28880	MONDO:0010455	biolink:causes	1
0.7418212	HGNC:6816	MONDO:0008377	biolink:causes	1
0.97029513	HGNC:6823	MONDO:0013624	biolink:causes	1
0.93567336	HGNC:469	MONDO:0014305	biolink:gene_associated_with_condition	1
0.9391603	HGNC:494	MONDO:0020745	biolink:causes	1
0.46350437	HGNC:494	MONDO:0014210	biolink:gene_associated_with_condition	1
0.25269294	HGNC:15819	MONDO:0008542	biolink:causes	1
0.7464287	HGNC:21316	MONDO:0016838	biolink:gene_associated_with_condition	1
0.91540223	HGNC:27337	MONDO:0012652	biolink:causes	1
0.91540223	HGNC:27337	MONDO:0012652	biolink:gene_associated_with_condition	1
0.9798323	HGNC:27337	MONDO:0013222	biolink:gene_associated_with_condition	1
0.6473094	HGNC:27337	MONDO:0016103	biolink:gene_associated_with_condition	1
0.85634905	HGNC:27337	MONDO:0014343	biolink:causes	1
0.6495428	HGNC:560	MONDO:0019428	biolink:gene_associated_with_condition	1
0.6759312	HGNC:17073	MONDO:0011908	biolink:causes	1
0.8111091	HGNC:17146	MONDO:0008377	biolink:causes	1
0.010797898	HGNC:13210	MONDO:0013312	biolink:causes	1
0.7030615	HGNC:13210	MONDO:0008854	biolink:contributes_to	1
0.8359362	HGNC:21099	MONDO:0958242	biolink:causes	1
0.94961303	HGNC:707	MONDO:0859324	biolink:gene_associated_with_condition	1
0.98291206	HGNC:753	MONDO:0014258	biolink:causes	1
0.0025978289	HGNC:31704	MONDO:0030490	biolink:causes	1
0.929188	HGNC:18318	MONDO:0011510	biolink:causes	1
0.794412	HGNC:16935	MONDO:0030323	biolink:causes	1
0.3372308	HGNC:6858	MONDO:0007648	biolink:gene_associated_with_condition	1
0.6889546	HGNC:6898	MONDO:0014206	biolink:causes	1
0.6756874	HGNC:6898	MONDO:0014566	biolink:causes	1
0.6743555	HGNC:6898	MONDO:0030518	biolink:causes	1
0.9150219	HGNC:6909	MONDO:0014343	biolink:causes	1
0.98441964	HGNC:6909	MONDO:0011765	biolink:causes	1
0.07560513	HGNC:6909	MONDO:0007704	biolink:contributes_to	1
0.5866288	HGNC:6937	MONDO:0008862	biolink:causes	1
0.97360027	HGNC:16732	MONDO:0009615	biolink:gene_associated_with_condition	1
0.69415265	HGNC:6948	MONDO:0033046	biolink:causes	1
0.70514345	HGNC:6954	MONDO:0009617	biolink:causes	1
0.37339157	HGNC:6973	MONDO:0032868	biolink:causes	1
0.93122065	HGNC:19691	MONDO:0015003	biolink:gene_associated_with_condition	1
0.9504664	HGNC:11957	MONDO:0010477	biolink:causes	1
0.9504664	HGNC:11957	MONDO:0010477	biolink:gene_associated_with_condition	1
0.9358373	HGNC:11957	MONDO:0010655	biolink:causes	1
0.98247993	HGNC:11957	MONDO:0012997	biolink:gene_associated_with_condition	1
0.93066174	HGNC:2377	MONDO:0859137	biolink:causes	1
0.0973182	HGNC:7097	MONDO:0009061	biolink:gene_associated_with_condition	1
0.527586	HGNC:7102	MONDO:0013993	biolink:gene_associated_with_condition	1
0.82810056	HGNC:7102	MONDO:0030438	biolink:causes	1
1.0	HGNC:31555	MONDO:0013678	biolink:causes	1
1.0	HGNC:31555	MONDO:0013678	biolink:gene_associated_with_condition	1
0.008085967	HGNC:7108	MONDO:0011523	biolink:causes	1
0.999845	HGNC:12744	MONDO:0008678	biolink:causes	1
0.94430417	HGNC:7176	MONDO:0014343	biolink:causes	1
0.60014886	HGNC:14509	MONDO:0033534	biolink:causes	1
0.64363986	HGNC:7392	MONDO:0011481	biolink:gene_associated_with_condition	1
0.9852952	HGNC:7489	MONDO:0015283	biolink:gene_associated_with_condition	1
0.92674196	HGNC:7493	MONDO:0019016	biolink:gene_associated_with_condition	1
0.9443575	HGNC:7497	MONDO:0010799	biolink:causes	1
0.98418933	HGNC:7413	MONDO:0007205	biolink:gene_associated_with_condition	1
0.9994635	HGNC:7437	MONDO:0032705	biolink:causes	1
0.9994635	HGNC:7437	MONDO:0032705	biolink:gene_associated_with_condition	1
0.36642772	HGNC:3942	MONDO:0020492	biolink:gene_associated_with_condition	1
0.8899065	HGNC:7468	MONDO:0009609	biolink:causes	1
0.8899065	HGNC:7468	MONDO:0009609	biolink:gene_associated_with_condition	1
0.589864	HGNC:7516	MONDO:0800029	biolink:gene_associated_with_condition	1
0.9801788	HGNC:7527	MONDO:0012041	biolink:gene_associated_with_condition	1
0.77531606	HGNC:7530	MONDO:0008377	biolink:causes	1
0.5887023	HGNC:7545	MONDO:0016705	biolink:gene_associated_with_condition	1
0.6627794	HGNC:7545	MONDO:0020512	biolink:gene_associated_with_condition	1
0.93272334	HGNC:7606	MONDO:0008377	biolink:causes	1
0.10625849	HGNC:7610	MONDO:0007664	biolink:causes	1
0.98264515	HGNC:19918	MONDO:0032673	biolink:causes	1
0.9383627	HGNC:20967	MONDO:0044306	biolink:gene_associated_with_condition	1
0.21455093	HGNC:7634	MONDO:0009672	biolink:gene_associated_with_condition	1
0.92945206	HGNC:7643	MONDO:0030837	biolink:causes	1
0.09385264	HGNC:7646	MONDO:0009472	biolink:causes	1
0.8881652	HGNC:7690	MONDO:0032636	biolink:causes	1
0.88545024	HGNC:7708	MONDO:0032611	biolink:causes	1
0.67198443	HGNC:7745	MONDO:0008377	biolink:causes	1
0.9678726	HGNC:7765	MONDO:0007922	biolink:causes	1
0.61785394	HGNC:7765	MONDO:0008078	biolink:causes	1
0.4341804	HGNC:7765	MONDO:0009994	biolink:gene_associated_with_condition	1
0.9414551	HGNC:7765	MONDO:0013357	biolink:gene_associated_with_condition	1
0.6692033	HGNC:7765	MONDO:0008542	biolink:causes	1
0.34875727	HGNC:7797	MONDO:0016681	biolink:gene_associated_with_condition	1
0.9837045	HGNC:7808	MONDO:0012092	biolink:causes	1
0.0074691046	HGNC:21269	MONDO:0957231	biolink:causes	1
0.9981723	HGNC:7853	MONDO:0031054	biolink:causes	1
0.7661648	HGNC:7871	MONDO:0010501	biolink:gene_associated_with_condition	1
0.5100717	HGNC:15911	MONDO:0013594	biolink:gene_associated_with_condition	1
0.9843822	HGNC:7883	MONDO:0007537	biolink:causes	1
0.6413693	HGNC:7883	MONDO:0000914	biolink:gene_associated_with_condition	1
0.1276581	HGNC:7883	MONDO:0014122	biolink:causes	1
0.38848832	HGNC:7910	MONDO:0020320	biolink:gene_associated_with_condition	1
0.2752187	HGNC:7910	MONDO:0017598	biolink:gene_associated_with_condition	1
0.014509128	HGNC:7910	MONDO:0012883	biolink:gene_associated_with_condition	1
0.9516538	HGNC:7944	MONDO:0014401	biolink:causes	1
0.9386338	HGNC:7944	MONDO:0011275	biolink:causes	1
0.9928054	HGNC:7944	MONDO:0008818	biolink:causes	1
0.0177064	HGNC:7944	MONDO:0014551	biolink:causes	1
0.0013702268	HGNC:7974	MONDO:0100289	biolink:gene_associated_with_condition	1
0.9588782	HGNC:26513	MONDO:0014991	biolink:causes	1
0.93808717	HGNC:8082	MONDO:0008377	biolink:causes	1
0.5928607	HGNC:8101	MONDO:0020298	biolink:gene_associated_with_condition	1
0.068284504	HGNC:8101	MONDO:0044255	biolink:causes	1
0.99501246	HGNC:26560	MONDO:0014030	biolink:causes	1
0.7532415	HGNC:8142	MONDO:0008133	biolink:causes	1
0.7727491	HGNC:19316	MONDO:0008147	biolink:gene_associated_with_condition	1
0.8329086	HGNC:19316	MONDO:0009804	biolink:gene_associated_with_condition	1
0.9701919	HGNC:19316	MONDO:0009820	biolink:causes	1
0.80629563	HGNC:8547	MONDO:0008377	biolink:causes	1
0.8765101	HGNC:8548	MONDO:0009820	biolink:causes	1
0.67638075	HGNC:8574	MONDO:0013182	biolink:gene_associated_with_condition	1
0.7397887	HGNC:8574	MONDO:0011830	biolink:gene_associated_with_condition	1
0.1170673	HGNC:26144	MONDO:0013236	biolink:contributes_to	1
0.019703534	HGNC:26144	MONDO:0957530	biolink:contributes_to	1
0.99774134	HGNC:14615	MONDO:0859182	biolink:causes	1
0.7538293	HGNC:8609	MONDO:0014612	biolink:causes	1
0.16196088	HGNC:8620	MONDO:0016395	biolink:gene_associated_with_condition	1
0.7136212	HGNC:8620	MONDO:0008377	biolink:causes	1
0.77579314	HGNC:8620	MONDO:0020354	biolink:gene_associated_with_condition	1
0.45006314	HGNC:8620	MONDO:0008795	biolink:gene_associated_with_condition	1
0.7618781	HGNC:8620	MONDO:0020356	biolink:gene_associated_with_condition	1
0.8059018	HGNC:8654	MONDO:0011628	biolink:gene_associated_with_condition	1
0.46868718	HGNC:8729	MONDO:0014399	biolink:causes	1
0.46868718	HGNC:8729	MONDO:0014399	biolink:gene_associated_with_condition	1
0.92519367	HGNC:16068	MONDO:0008872	biolink:gene_associated_with_condition	1
0.8719559	HGNC:8790	MONDO:0012398	biolink:causes	1
0.95113885	HGNC:21350	MONDO:0009503	biolink:gene_associated_with_condition	1
0.97755426	HGNC:8820	MONDO:0012449	biolink:gene_associated_with_condition	1
0.75229955	HGNC:26257	MONDO:0010169	biolink:contributes_to	1
0.9995664	HGNC:9717	MONDO:0013932	biolink:causes	1
0.9716915	HGNC:9717	MONDO:0018598	biolink:gene_associated_with_condition	1
0.9289037	HGNC:8851	MONDO:0018598	biolink:gene_associated_with_condition	1
0.9471411	HGNC:8851	MONDO:0013937	biolink:causes	1
0.98140746	HGNC:8854	MONDO:0018598	biolink:gene_associated_with_condition	1
0.65142655	HGNC:8854	MONDO:0013927	biolink:causes	1
0.97516	HGNC:8857	MONDO:0018598	biolink:gene_associated_with_condition	1
0.99816716	HGNC:8857	MONDO:0019174	biolink:gene_associated_with_condition	1
0.9878927	HGNC:8905	MONDO:0013968	biolink:gene_associated_with_condition	1
0.74284905	HGNC:20672	MONDO:0010286	biolink:causes	1
0.051863637	HGNC:691	MONDO:0011181	biolink:causes	1
0.65823007	HGNC:16491	MONDO:0030785	biolink:causes	1
0.41119808	HGNC:25985	MONDO:0008684	biolink:gene_associated_with_condition	1
0.9999987	HGNC:8966	MONDO:0010221	biolink:causes	1
0.6877614	HGNC:23785	MONDO:0007376	biolink:gene_associated_with_condition	1
0.72540665	HGNC:9023	MONDO:0011472	biolink:causes	1
0.99779224	HGNC:9039	MONDO:0013060	biolink:causes	1
0.99779224	HGNC:9039	MONDO:0013060	biolink:gene_associated_with_condition	1
0.71303624	HGNC:9039	MONDO:0024457	biolink:causes	1
0.71303624	HGNC:9039	MONDO:0024457	biolink:gene_associated_with_condition	1
0.86940795	HGNC:9039	MONDO:0012444	biolink:causes	1
0.9985813	HGNC:9043	MONDO:0060502	biolink:gene_associated_with_condition	1
0.92283326	HGNC:9056	MONDO:0014343	biolink:causes	1
0.9131877	HGNC:9056	MONDO:0030074	biolink:gene_associated_with_condition	1
0.09422797	HGNC:19218	MONDO:0014970	biolink:causes	1
0.8590109	HGNC:29017	MONDO:0012679	biolink:gene_associated_with_condition	1
0.4668836	HGNC:9080	MONDO:0013475	biolink:causes	1
0.62364	HGNC:9086	MONDO:0017225	biolink:gene_associated_with_condition	1
0.39746338	HGNC:9086	MONDO:0017223	biolink:gene_associated_with_condition	1
0.012943504	HGNC:9091	MONDO:0010606	biolink:causes	1
0.9588845	HGNC:9091	MONDO:0012892	biolink:causes	1
0.9183301	HGNC:9091	MONDO:0014343	biolink:causes	1
0.99969804	HGNC:14107	MONDO:0007524	biolink:causes	1
0.9968894	HGNC:14107	MONDO:0008818	biolink:causes	1
0.9886296	HGNC:9118	MONDO:0007311	biolink:causes	1
0.85099477	HGNC:9118	MONDO:0008087	biolink:gene_associated_with_condition	1
0.9648619	HGNC:9118	MONDO:0008392	biolink:gene_associated_with_condition	1
0.96437097	HGNC:9118	MONDO:0007309	biolink:causes	1
0.30433193	HGNC:9154	MONDO:0014557	biolink:causes	1
0.8745969	HGNC:28900	MONDO:0016825	biolink:causes	1
0.18570794	HGNC:23166	MONDO:0013978	biolink:causes	1
0.7699914	HGNC:23166	MONDO:0013977	biolink:causes	1
0.8909323	HGNC:9177	MONDO:0032684	biolink:causes	1
0.899415	HGNC:9177	MONDO:0012041	biolink:causes	1
0.6883241	HGNC:20194	MONDO:0009558	biolink:causes	1
0.98415345	HGNC:30074	MONDO:0009910	biolink:gene_associated_with_condition	1
0.65954614	HGNC:30074	MONDO:0018656	biolink:gene_associated_with_condition	1
0.28841323	HGNC:30074	MONDO:0019505	biolink:gene_associated_with_condition	1
0.01828394	HGNC:30074	MONDO:0100600	biolink:gene_associated_with_condition	1
0.9999951	HGNC:17652	MONDO:0010592	biolink:causes	1
0.9999951	HGNC:17652	MONDO:0010592	biolink:gene_associated_with_condition	1
0.9931942	HGNC:9216	MONDO:0032830	biolink:gene_associated_with_condition	1
0.013524181	HGNC:9220	MONDO:0011226	biolink:causes	1
0.9865661	HGNC:9277	MONDO:0044318	biolink:causes	1
0.04198021	HGNC:25415	MONDO:0014057	biolink:causes	1
0.9394309	HGNC:25415	MONDO:0017052	biolink:gene_associated_with_condition	1
0.9990982	HGNC:13993	MONDO:0014717	biolink:gene_associated_with_condition	1
0.52304554	HGNC:17019	MONDO:0012904	biolink:causes	1
0.75538135	HGNC:9382	MONDO:0014518	biolink:causes	1
0.8785906	HGNC:9390	MONDO:0859214	biolink:causes	1
0.99607867	HGNC:9451	MONDO:0008316	biolink:causes	1
0.72428036	HGNC:17340	MONDO:0008377	biolink:causes	1
0.34560907	HGNC:17340	MONDO:0010806	biolink:causes	1
0.88632303	HGNC:9942	MONDO:0008210	biolink:causes	1
0.0041145436	HGNC:9942	MONDO:0020382	biolink:gene_associated_with_condition	1
0.810834	HGNC:19129	MONDO:0012596	biolink:causes	1
0.810834	HGNC:19129	MONDO:0012596	biolink:gene_associated_with_condition	1
0.8747054	HGNC:19129	MONDO:0014466	biolink:causes	1
0.8747054	HGNC:19129	MONDO:0014466	biolink:gene_associated_with_condition	1
0.80851054	HGNC:9508	MONDO:0013398	biolink:causes	1
0.65533227	HGNC:9557	MONDO:0054591	biolink:causes	1
0.82886887	HGNC:9577	MONDO:0013531	biolink:causes	1
0.7712261	HGNC:823	MONDO:0014091	biolink:causes	1
0.7554666	HGNC:823	MONDO:0020727	biolink:causes	1
0.5876509	HGNC:869	MONDO:0010651	biolink:causes	1
0.8920815	HGNC:897	MONDO:0010356	biolink:gene_associated_with_condition	1
0.99842876	HGNC:17978	MONDO:0010075	biolink:gene_associated_with_condition	1
0.010031913	HGNC:939	MONDO:0976226	biolink:causes	1
0.6022702	HGNC:939	MONDO:0013061	biolink:causes	1
0.47667643	HGNC:961	MONDO:0008678	biolink:gene_associated_with_condition	1
0.94930786	HGNC:970	MONDO:0014434	biolink:causes	1
0.9326207	HGNC:26291	MONDO:0008377	biolink:causes	1
0.499923	HGNC:1020	MONDO:0009872	biolink:gene_associated_with_condition	1
0.8888613	HGNC:17208	MONDO:0014121	biolink:gene_associated_with_condition	1
0.9999808	HGNC:4332	MONDO:0025699	biolink:causes	1
0.9966127	HGNC:1067	MONDO:0012892	biolink:causes	1
0.40629435	HGNC:3581	MONDO:0007845	biolink:contributes_to	1
0.008714333	HGNC:1101	MONDO:0013235	biolink:contributes_to	1
0.073959254	HGNC:1101	MONDO:0015278	biolink:gene_associated_with_condition	1
0.91891736	HGNC:1101	MONDO:0011584	biolink:causes	1
0.9328598	HGNC:15832	MONDO:0010043	biolink:causes	1
0.9578302	HGNC:1133	MONDO:0010421	biolink:gene_associated_with_condition	1
0.9006487	HGNC:1144	MONDO:0014343	biolink:causes	1
0.9678114	HGNC:1245	MONDO:0958188	biolink:causes	1
0.8880704	HGNC:9768	MONDO:0008377	biolink:causes	1
0.8829927	HGNC:9801	MONDO:0007922	biolink:causes	1
0.9692654	HGNC:9831	MONDO:0009306	biolink:causes	1
0.99559844	HGNC:17770	MONDO:0032921	biolink:causes	1
0.72426105	HGNC:9870	MONDO:0014506	biolink:gene_associated_with_condition	1
0.6762519	HGNC:9910	MONDO:0010277	biolink:gene_associated_with_condition	1
0.37831032	HGNC:9910	MONDO:0010661	biolink:causes	1
0.37831032	HGNC:9910	MONDO:0010661	biolink:gene_associated_with_condition	1
0.0010136295	HGNC:20759	MONDO:0975795	biolink:causes	1
0.19824976	HGNC:9955	MONDO:0032659	biolink:causes	1
0.03382925	HGNC:9955	MONDO:0033980	biolink:gene_associated_with_condition	1
0.019121796	HGNC:9955	MONDO:0035694	biolink:gene_associated_with_condition	1
0.4973646	HGNC:15578	MONDO:0054763	biolink:causes	1
0.73138845	HGNC:20788	MONDO:0007856	biolink:causes	1
0.73138845	HGNC:20788	MONDO:0007856	biolink:gene_associated_with_condition	1
0.5188727	HGNC:667	MONDO:0032884	biolink:causes	1
0.91610366	HGNC:10024	MONDO:0008377	biolink:causes	1
0.94628775	HGNC:10024	MONDO:0011839	biolink:causes	1
0.782077	HGNC:18518	MONDO:0012472	biolink:causes	1
0.91711444	HGNC:21686	MONDO:0013058	biolink:causes	1
0.91711444	HGNC:21686	MONDO:0013058	biolink:gene_associated_with_condition	1
0.69954705	HGNC:10061	MONDO:0859171	biolink:causes	1
0.9808451	HGNC:10057	MONDO:0034106	biolink:gene_associated_with_condition	1
0.77493995	HGNC:26661	MONDO:0012764	biolink:causes	1
1.0	HGNC:10193	MONDO:0971172	biolink:causes	1
1.0	HGNC:10193	MONDO:0971172	biolink:gene_associated_with_condition	1
0.87467647	HGNC:10254	MONDO:0011974	biolink:causes	1
0.96410197	HGNC:10260	MONDO:0007922	biolink:causes	1
0.7875744	HGNC:10260	MONDO:0014710	biolink:gene_associated_with_condition	1
0.986798	HGNC:13436	MONDO:0008377	biolink:causes	1
0.58374953	HGNC:10301	MONDO:0012938	biolink:causes	1
0.026630355	HGNC:10345	MONDO:0012925	biolink:causes	1
0.4783035	HGNC:10381	MONDO:0018435	biolink:gene_associated_with_condition	1
0.6728598	HGNC:10387	MONDO:0007925	biolink:gene_associated_with_condition	1
0.28364012	HGNC:10389	MONDO:0032670	biolink:causes	1
0.9360966	HGNC:17271	MONDO:0014343	biolink:causes	1
0.90618145	HGNC:10451	MONDO:0957993	biolink:causes	1
0.99961996	HGNC:21057	MONDO:0012979	biolink:causes	1
0.98661625	HGNC:10468	MONDO:0011489	biolink:gene_associated_with_condition	1
0.82331884	HGNC:18647	MONDO:0020737	biolink:causes	1
0.8442389	HGNC:28991	MONDO:0014311	biolink:causes	1
0.99163	HGNC:10472	MONDO:0007340	biolink:causes	1
0.8945999	HGNC:10483	MONDO:0007294	biolink:gene_associated_with_condition	1
0.6648926	HGNC:10483	MONDO:0015793	biolink:gene_associated_with_condition	1
0.9224223	HGNC:10483	MONDO:0020485	biolink:causes	1
0.040352475	HGNC:10521	MONDO:0009775	biolink:causes	1
0.42200944	HGNC:10526	MONDO:0009002	biolink:causes	1
0.9623444	HGNC:2135	MONDO:0011475	biolink:gene_associated_with_condition	1
0.7554419	HGNC:21088	MONDO:0033668	biolink:causes	1
0.9802632	HGNC:10588	MONDO:0013388	biolink:causes	1
0.937815	HGNC:10588	MONDO:0011904	biolink:gene_associated_with_condition	1
0.98906356	HGNC:10588	MONDO:0011794	biolink:gene_associated_with_condition	1
0.06387989	HGNC:10591	MONDO:0020482	biolink:gene_associated_with_condition	1
0.9983424	HGNC:10591	MONDO:0957265	biolink:causes	1
0.8752839	HGNC:10596	MONDO:0011178	biolink:gene_associated_with_condition	1
0.9841978	HGNC:10596	MONDO:0013801	biolink:causes	1
0.4629354	HGNC:10596	MONDO:0100092	biolink:causes	1
0.99982435	HGNC:30301	MONDO:0012892	biolink:causes	1
0.9685712	HGNC:10706	MONDO:0014573	biolink:causes	1
0.97370106	HGNC:10706	MONDO:0009820	biolink:causes	1
0.8232906	HGNC:10723	MONDO:0014343	biolink:causes	1
0.009784319	HGNC:1228	MONDO:0015054	biolink:gene_associated_with_condition	1
0.034237735	HGNC:1228	MONDO:0007361	biolink:causes	1
0.011265155	HGNC:18420	MONDO:0035706	biolink:gene_associated_with_condition	1
0.816535	HGNC:445	MONDO:0011223	biolink:gene_associated_with_condition	1
0.8664003	HGNC:10771	MONDO:0014343	biolink:causes	1
0.9421303	HGNC:10771	MONDO:0007943	biolink:gene_associated_with_condition	1
0.9982602	HGNC:28395	MONDO:0012892	biolink:causes	1
0.8464448	HGNC:28395	MONDO:0014343	biolink:causes	1
0.7921274	HGNC:13867	MONDO:0010296	biolink:causes	1
0.6607589	HGNC:10852	MONDO:0030866	biolink:causes	1
0.9920076	HGNC:19353	MONDO:0013256	biolink:causes	1
0.9920076	HGNC:19353	MONDO:0013256	biolink:gene_associated_with_condition	1
0.9994942	HGNC:10889	MONDO:0007999	biolink:causes	1
0.97357327	HGNC:10889	MONDO:0019758	biolink:gene_associated_with_condition	1
0.43650082	HGNC:16438	MONDO:0009019	biolink:causes	1
0.98482287	HGNC:11051	MONDO:0013827	biolink:causes	1
0.99945456	HGNC:27960	MONDO:0009324	biolink:causes	1
0.9956032	HGNC:11073	MONDO:0014808	biolink:causes	1
0.9888775	HGNC:23089	MONDO:0014392	biolink:causes	1
0.8452906	HGNC:14409	MONDO:0011790	biolink:causes	1
0.98116344	HGNC:3018	MONDO:0008964	biolink:causes	1
0.98116344	HGNC:3018	MONDO:0008964	biolink:gene_associated_with_condition	1
0.013280729	HGNC:14469	MONDO:0009061	biolink:gene_associated_with_condition	1
0.9781073	HGNC:1329	MONDO:0044726	biolink:gene_associated_with_condition	1
0.52653015	HGNC:11019	MONDO:0016579	biolink:gene_associated_with_condition	1
0.98609596	HGNC:20197	MONDO:0009953	biolink:causes	1
0.0052988054	HGNC:18762	MONDO:0007677	biolink:causes	1
0.9999987	HGNC:32434	MONDO:0012216	biolink:causes	1
0.99951124	HGNC:29956	MONDO:0859180	biolink:causes	1
0.9963768	HGNC:10961	MONDO:0009379	biolink:gene_associated_with_condition	1
0.8970614	HGNC:10955	MONDO:0013756	biolink:causes	1
0.99897337	HGNC:17814	MONDO:0859575	biolink:causes	1
0.05181184	HGNC:20297	MONDO:0013189	biolink:causes	1
0.9123792	HGNC:11102	MONDO:0014343	biolink:causes	1
0.9991704	HGNC:11102	MONDO:0009458	biolink:causes	1
0.8975612	HGNC:11109	MONDO:0014343	biolink:causes	1
0.7493282	HGNC:11109	MONDO:0016995	biolink:gene_associated_with_condition	1
0.8258904	HGNC:11118	MONDO:0010056	biolink:gene_associated_with_condition	1
0.9914376	HGNC:11123	MONDO:0010664	biolink:gene_associated_with_condition	1
0.055934947	HGNC:11138	MONDO:0007488	biolink:causes	1
0.5947906	HGNC:32621	MONDO:0030313	biolink:contributes_to	1
0.8248353	HGNC:1246	MONDO:0013743	biolink:gene_associated_with_condition	1
0.9969869	HGNC:26799	MONDO:0030378	biolink:causes	1
0.5935683	HGNC:1375	MONDO:0008377	biolink:causes	1
0.9091467	HGNC:1481	MONDO:0958334	biolink:causes	1
0.9993536	HGNC:27089	MONDO:0029134	biolink:causes	1
0.9993536	HGNC:27089	MONDO:0029134	biolink:gene_associated_with_condition	1
0.7604172	HGNC:25062	MONDO:0018393	biolink:gene_associated_with_condition	1
0.79360306	HGNC:17116	MONDO:0013070	biolink:causes	1
0.9205428	HGNC:1541	MONDO:0007922	biolink:causes	1
0.71800536	HGNC:11161	MONDO:0014027	biolink:causes	1
0.8763955	HGNC:14967	MONDO:0957584	biolink:causes	1
0.99361163	HGNC:26293	MONDO:0032898	biolink:causes	1
0.95087266	HGNC:15533	MONDO:0007794	biolink:causes	1
0.6367643	HGNC:11273	MONDO:0957815	biolink:causes	1
0.97709197	HGNC:11277	MONDO:0008086	biolink:causes	1
0.6325859	HGNC:11280	MONDO:0014945	biolink:causes	1
0.49830997	HGNC:11280	MONDO:0008176	biolink:causes	1
0.48520222	HGNC:25812	MONDO:0008377	biolink:causes	1
0.41779843	HGNC:11302	MONDO:0957809	biolink:causes	1
0.71610117	HGNC:11303	MONDO:0013851	biolink:gene_associated_with_condition	1
0.4399114	HGNC:18628	MONDO:0958237	biolink:causes	1
0.42552385	HGNC:11368	MONDO:0957807	biolink:causes	1
0.92410904	HGNC:24592	MONDO:0014094	biolink:causes	1
0.99472433	HGNC:27962	MONDO:0014405	biolink:causes	1
0.97527856	HGNC:17089	MONDO:0032778	biolink:causes	1
0.32051373	HGNC:11535	MONDO:0010747	biolink:causes	1
0.32051373	HGNC:11535	MONDO:0010747	biolink:gene_associated_with_condition	1
0.28069365	HGNC:11546	MONDO:0044313	biolink:causes	1
0.9986014	HGNC:26887	MONDO:0012892	biolink:causes	1
0.9769882	HGNC:26887	MONDO:0009820	biolink:causes	1
0.9988965	HGNC:26887	MONDO:0014821	biolink:causes	1
0.9959474	HGNC:11573	MONDO:0010160	biolink:gene_associated_with_condition	1
0.7303479	HGNC:11582	MONDO:0044651	biolink:gene_associated_with_condition	1
0.90722746	HGNC:11582	MONDO:0014343	biolink:causes	1
0.99013066	HGNC:11582	MONDO:0009426	biolink:gene_associated_with_condition	1
0.40989253	HGNC:11582	MONDO:0014968	biolink:causes	1
0.9788352	HGNC:29529	MONDO:0011213	biolink:causes	1
0.0407735	HGNC:29529	MONDO:0012883	biolink:gene_associated_with_condition	1
0.9979735	HGNC:11602	MONDO:0008411	biolink:gene_associated_with_condition	1
0.98303705	HGNC:11599	MONDO:0008834	biolink:causes	1
0.29706532	HGNC:11608	MONDO:0800447	biolink:contributes_to	1
0.9124953	HGNC:11623	MONDO:0014343	biolink:causes	1
0.70167005	HGNC:11623	MONDO:0030534	biolink:causes	1
0.76599056	HGNC:11654	MONDO:0007944	biolink:causes	1
0.8238644	HGNC:25774	MONDO:0013482	biolink:causes	1
0.17590481	HGNC:11720	MONDO:0011102	biolink:causes	1
0.0005357652	HGNC:11720	MONDO:0011351	biolink:causes	1
0.29163876	HGNC:8117	MONDO:0007137	biolink:gene_associated_with_condition	1
0.89084375	HGNC:11730	MONDO:0800029	biolink:causes	1
0.6041536	HGNC:11730	MONDO:0005006	biolink:gene_associated_with_condition	1
0.97034454	HGNC:11730	MONDO:0007485	biolink:causes	1
0.9011883	HGNC:11730	MONDO:0018045	biolink:gene_associated_with_condition	1
0.8497805	HGNC:11737	MONDO:0018393	biolink:gene_associated_with_condition	1
0.65625405	HGNC:11740	MONDO:0008846	biolink:gene_associated_with_condition	1
0.8471979	HGNC:11763	MONDO:0014760	biolink:gene_associated_with_condition	1
0.9005954	HGNC:11771	MONDO:0011185	biolink:gene_associated_with_condition	1
0.09719212	HGNC:11771	MONDO:0012044	biolink:causes	1
0.929146	HGNC:11771	MONDO:0007377	biolink:causes	1
0.929146	HGNC:11771	MONDO:0007377	biolink:gene_associated_with_condition	1
0.95231783	HGNC:11771	MONDO:0011855	biolink:causes	1
0.028425463	HGNC:11771	MONDO:0012043	biolink:causes	1
0.028425463	HGNC:11771	MONDO:0012043	biolink:gene_associated_with_condition	1
0.95773387	HGNC:11771	MONDO:0007375	biolink:causes	1
0.7396607	HGNC:11771	MONDO:0007380	biolink:causes	1
0.7396607	HGNC:11771	MONDO:0007380	biolink:gene_associated_with_condition	1
0.7828232	HGNC:11776	MONDO:0017218	biolink:gene_associated_with_condition	1
0.79055244	HGNC:11781	MONDO:0012345	biolink:gene_associated_with_condition	1
0.941888	HGNC:11784	MONDO:0013775	biolink:causes	1
0.6919153	HGNC:11795	MONDO:0800452	biolink:gene_associated_with_condition	1
0.005611848	HGNC:11795	MONDO:0018000	biolink:gene_associated_with_condition	1
0.13312536	HGNC:11795	MONDO:0957572	biolink:causes	1
0.9999033	HGNC:17754	MONDO:0859379	biolink:causes	1
0.9899775	HGNC:17754	MONDO:0032891	biolink:causes	1
0.9854757	HGNC:15631	MONDO:0859083	biolink:causes	1
0.95435905	HGNC:29118	MONDO:0032871	biolink:causes	1
0.5533279	HGNC:25913	MONDO:0975887	biolink:gene_associated_with_condition	1
0.31357104	HGNC:26038	MONDO:0018448	biolink:gene_associated_with_condition	1
0.9032355	HGNC:37234	MONDO:0014343	biolink:causes	1
0.97870606	HGNC:26899	MONDO:0014992	biolink:causes	1
0.95126534	HGNC:11916	MONDO:0007727	biolink:causes	1
0.81124157	HGNC:18153	MONDO:0012291	biolink:causes	1
0.97007656	HGNC:11944	MONDO:0859335	biolink:causes	1
0.9883257	HGNC:19661	MONDO:0020745	biolink:causes	1
0.9955438	HGNC:21648	MONDO:0957953	biolink:causes	1
0.78814095	HGNC:12015	MONDO:0010133	biolink:causes	1
0.9150819	HGNC:1343	MONDO:0014230	biolink:causes	1
0.0051425183	HGNC:1343	MONDO:0013554	biolink:contributes_to	1
0.85506165	HGNC:23068	MONDO:0014343	biolink:causes	1
0.9366896	HGNC:30832	MONDO:0013173	biolink:causes	1
0.92316353	HGNC:12261	MONDO:0011484	biolink:causes	1
0.97593063	HGNC:17761	MONDO:0020749	biolink:causes	1
0.97142744	HGNC:12299	MONDO:0032819	biolink:gene_associated_with_condition	1
0.99464285	HGNC:23141	MONDO:0014684	biolink:causes	1
0.80868465	HGNC:12340	MONDO:0019176	biolink:gene_associated_with_condition	1
0.9976821	HGNC:14006	MONDO:0032591	biolink:causes	1
0.5820777	HGNC:12362	MONDO:0008542	biolink:causes	1
0.95794636	HGNC:21641	MONDO:0013218	biolink:causes	1
0.8161863	HGNC:19141	MONDO:0011464	biolink:causes	1
0.84005976	HGNC:23700	MONDO:0032924	biolink:causes	1
0.2724205	HGNC:12403	MONDO:0012127	biolink:causes	1
0.7449171	HGNC:12403	MONDO:0017401	biolink:gene_associated_with_condition	1
0.90024954	HGNC:12403	MONDO:0010870	biolink:causes	1
0.90024954	HGNC:12403	MONDO:0010870	biolink:gene_associated_with_condition	1
0.91628146	HGNC:12403	MONDO:0012714	biolink:gene_associated_with_condition	1
0.33215585	HGNC:12405	MONDO:0020730	biolink:causes	1
0.7831791	HGNC:20772	MONDO:0018763	biolink:gene_associated_with_condition	1
0.4185301	HGNC:16691	MONDO:0009624	biolink:gene_associated_with_condition	1
0.022787342	HGNC:1160	MONDO:0018197	biolink:gene_associated_with_condition	1
0.48560315	HGNC:12463	MONDO:0008637	biolink:gene_associated_with_condition	1
0.34947538	HGNC:12463	MONDO:0007338	biolink:gene_associated_with_condition	1
0.9998908	HGNC:14304	MONDO:0030927	biolink:causes	1
0.8082072	HGNC:12572	MONDO:0011971	biolink:gene_associated_with_condition	1
0.99998367	HGNC:16297	MONDO:0013164	biolink:gene_associated_with_condition	1
0.050346643	HGNC:12593	MONDO:0011237	biolink:contributes_to	1
0.5710869	HGNC:12597	MONDO:0010171	biolink:causes	1
0.4491461	HGNC:13485	MONDO:0017173	biolink:gene_associated_with_condition	1
0.75949967	HGNC:20080	MONDO:0008377	biolink:causes	1
0.33526823	HGNC:18533	MONDO:0859366	biolink:causes	1
0.5883571	HGNC:12666	MONDO:0018006	biolink:gene_associated_with_condition	1
0.7675108	HGNC:12666	MONDO:0013501	biolink:causes	1
0.7163989	HGNC:12666	MONDO:0014735	biolink:causes	1
0.17818883	HGNC:12687	MONDO:0009892	biolink:gene_associated_with_condition	1
0.9013022	HGNC:13488	MONDO:0035819	biolink:causes	1
0.9013022	HGNC:13488	MONDO:0035819	biolink:gene_associated_with_condition	1
0.34518147	HGNC:14579	MONDO:0014118	biolink:causes	1
0.44266772	HGNC:28385	MONDO:0014845	biolink:causes	1
0.9417148	HGNC:28984	MONDO:0011339	biolink:causes	1
0.8985065	HGNC:28984	MONDO:0009073	biolink:causes	1
0.7498051	HGNC:12754	MONDO:0007883	biolink:gene_associated_with_condition	1
0.9159984	HGNC:25072	MONDO:0060704	biolink:causes	1
0.83997107	HGNC:26790	MONDO:0013181	biolink:causes	1
0.99284333	HGNC:14544	MONDO:0013777	biolink:gene_associated_with_condition	1
0.045419723	HGNC:12810	MONDO:0026404	biolink:causes	1
0.99940085	HGNC:15516	MONDO:0012892	biolink:causes	1
0.93762434	HGNC:15516	MONDO:0018273	biolink:gene_associated_with_condition	1
0.5732924	HGNC:12851	MONDO:0005006	biolink:gene_associated_with_condition	1
0.028337732	HGNC:12851	MONDO:0016839	biolink:gene_associated_with_condition	1
0.6723805	HGNC:12852	MONDO:0033365	biolink:causes	1
0.9735947	HGNC:20761	MONDO:0010044	biolink:causes	1
0.5862334	HGNC:12877	MONDO:0008310	biolink:gene_associated_with_condition	1
0.67329955	HGNC:29222	MONDO:0008377	biolink:causes	1
0.99783224	HGNC:12309	MONDO:0009841	biolink:causes	1
0.99997616	HGNC:29316	MONDO:0011359	biolink:causes	1
0.9922472	HGNC:10632	MONDO:0004951	biolink:contributes_to	1
0.7276484	HGNC:1706	MONDO:0012161	biolink:gene_associated_with_condition	1
0.9754588	HGNC:1630	MONDO:0012190	biolink:gene_associated_with_condition	1
0.71313876	HGNC:1641	MONDO:0004951	biolink:contributes_to	1
0.999783	HGNC:1713	MONDO:0009135	biolink:causes	1
0.024001244	HGNC:1718	MONDO:0012091	biolink:causes	1
0.03228611	HGNC:1723	MONDO:0859521	biolink:causes	1
0.04845147	HGNC:1786	MONDO:0016476	biolink:gene_associated_with_condition	1
0.89985883	HGNC:1786	MONDO:0013873	biolink:causes	1
0.3522668	HGNC:26684	MONDO:0009366	biolink:causes	1
0.9998739	HGNC:26684	MONDO:0017173	biolink:gene_associated_with_condition	1
0.9983102	HGNC:26684	MONDO:0054723	biolink:causes	1
0.9928052	HGNC:28506	MONDO:0017173	biolink:gene_associated_with_condition	1
0.9948949	HGNC:27232	MONDO:0044308	biolink:causes	1
0.9986285	HGNC:4888	MONDO:0013892	biolink:gene_associated_with_condition	1
0.18149918	HGNC:4888	MONDO:0011285	biolink:contributes_to	1
0.99995375	HGNC:24668	MONDO:0013892	biolink:causes	1
0.74338675	HGNC:16627	MONDO:0018875	biolink:gene_associated_with_condition	1
0.98871523	HGNC:8740	MONDO:0013990	biolink:gene_associated_with_condition	1
0.9948009	HGNC:1955	MONDO:0012156	biolink:causes	1
0.9963491	HGNC:24229	MONDO:0014098	biolink:causes	1
0.99793077	HGNC:21219	MONDO:0012980	biolink:causes	1
0.18742518	HGNC:11891	MONDO:0859568	biolink:causes	1
0.3270319	HGNC:2084	MONDO:0013588	biolink:causes	1
0.93895435	HGNC:12605	MONDO:0013610	biolink:causes	1
0.86180323	HGNC:103	MONDO:0020787	biolink:causes	1
0.7386952	HGNC:7877	MONDO:0032787	biolink:causes	1
0.62992835	HGNC:8011	MONDO:0017049	biolink:gene_associated_with_condition	1
0.8534505	HGNC:2198	MONDO:0009159	biolink:gene_associated_with_condition	1
0.9966564	HGNC:2198	MONDO:0012892	biolink:causes	1
0.8138997	HGNC:2198	MONDO:0017791	biolink:gene_associated_with_condition	1
0.9995166	HGNC:2201	MONDO:0007524	biolink:causes	1
0.9925357	HGNC:2201	MONDO:0008426	biolink:causes	1
0.96619093	HGNC:2213	MONDO:0958236	biolink:causes	1
0.9461286	HGNC:2213	MONDO:0014627	biolink:causes	1
0.9800101	HGNC:2217	MONDO:0007740	biolink:causes	1
0.7424683	HGNC:2186	MONDO:0008377	biolink:causes	1
0.9849979	HGNC:2186	MONDO:0011493	biolink:gene_associated_with_condition	1
0.99996793	HGNC:2190	MONDO:0014745	biolink:causes	1
0.016024403	HGNC:18603	MONDO:0008340	biolink:gene_associated_with_condition	1
0.048299752	HGNC:2231	MONDO:0859002	biolink:gene_associated_with_condition	1
0.5565447	HGNC:25223	MONDO:0020715	biolink:contributes_to	1
0.9336719	HGNC:20233	MONDO:0013836	biolink:gene_associated_with_condition	1
0.50320405	HGNC:2330	MONDO:0013633	biolink:contributes_to	1
0.9190492	HGNC:11701	MONDO:0008542	biolink:causes	1
0.9283796	HGNC:2435	MONDO:0010424	biolink:causes	1
0.8694618	HGNC:2511	MONDO:0000908	biolink:causes	1
0.7667232	HGNC:2527	MONDO:0007854	biolink:causes	1
0.97478	HGNC:25613	MONDO:0014503	biolink:causes	1
0.24861358	HGNC:2561	MONDO:8000006	biolink:gene_associated_with_condition	1
0.9847439	HGNC:28672	MONDO:0030066	biolink:causes	1
0.0013572003	HGNC:2621	MONDO:0012294	biolink:causes	1
0.91639835	HGNC:2592	MONDO:0007080	biolink:gene_associated_with_condition	1
0.20061314	HGNC:2592	MONDO:0035320	biolink:gene_associated_with_condition	1
0.29264632	HGNC:2592	MONDO:0008751	biolink:causes	1
0.026899058	HGNC:2673	MONDO:0976232	biolink:causes	1
0.99926513	HGNC:26383	MONDO:0957922	biolink:causes	1
0.47836596	HGNC:2714	MONDO:0010239	biolink:causes	1
0.99986875	HGNC:2719	MONDO:0012084	biolink:causes	1
0.96183175	HGNC:2846	MONDO:0008644	biolink:causes	1
0.95608974	HGNC:2858	MONDO:0009636	biolink:causes	1
0.95608974	HGNC:2858	MONDO:0009636	biolink:gene_associated_with_condition	1
0.8669315	HGNC:2858	MONDO:0014899	biolink:causes	1
0.8669315	HGNC:2858	MONDO:0014899	biolink:gene_associated_with_condition	1
0.9858366	HGNC:2859	MONDO:0011217	biolink:causes	1
0.38706446	HGNC:23537	MONDO:0014012	biolink:causes	1
0.80068135	HGNC:23537	MONDO:0008774	biolink:causes	1
0.80068135	HGNC:23537	MONDO:0008774	biolink:gene_associated_with_condition	1
0.8116235	HGNC:17210	MONDO:8000015	biolink:gene_associated_with_condition	1
0.7580175	HGNC:17210	MONDO:0032888	biolink:causes	1
0.9565216	HGNC:2883	MONDO:0030839	biolink:causes	1
0.55422634	HGNC:2898	MONDO:0009529	biolink:gene_associated_with_condition	1
0.8152967	HGNC:2908	MONDO:0019758	biolink:gene_associated_with_condition	1
0.9660054	HGNC:2916	MONDO:0008592	biolink:causes	1
0.98372436	HGNC:2950	MONDO:0012085	biolink:causes	1
0.95288676	HGNC:2941	MONDO:0009461	biolink:gene_associated_with_condition	1
0.9850252	HGNC:18744	MONDO:0012906	biolink:causes	1
0.92859006	HGNC:15469	MONDO:0014231	biolink:causes	1
0.6858043	HGNC:2973	MONDO:0008134	biolink:gene_associated_with_condition	1
0.8160829	HGNC:2973	MONDO:0013726	biolink:causes	1
0.7295855	HGNC:2978	MONDO:0032882	biolink:causes	1
0.7295855	HGNC:2978	MONDO:0032882	biolink:gene_associated_with_condition	1
0.8596779	HGNC:2978	MONDO:0014343	biolink:causes	1
0.69048375	HGNC:2978	MONDO:0019456	biolink:gene_associated_with_condition	1
0.99234265	HGNC:2988	MONDO:0014637	biolink:causes	1
0.99234265	HGNC:2988	MONDO:0014637	biolink:gene_associated_with_condition	1
0.8939179	HGNC:3003	MONDO:0800438	biolink:causes	1
0.8939179	HGNC:3003	MONDO:0800438	biolink:gene_associated_with_condition	1
0.0064827357	HGNC:3010	MONDO:0014580	biolink:causes	1
0.6369955	HGNC:3010	MONDO:0013063	biolink:contributes_to	1
0.21116032	HGNC:21307	MONDO:0011932	biolink:causes	1
0.9916986	HGNC:3054	MONDO:0009820	biolink:causes	1
0.85781956	HGNC:20908	MONDO:0012569	biolink:causes	1
0.5925432	HGNC:20908	MONDO:0008542	biolink:causes	1
0.99770606	HGNC:3219	MONDO:0007524	biolink:causes	1
0.98921484	HGNC:3219	MONDO:0007363	biolink:causes	1
0.4267193	HGNC:3239	MONDO:0011527	biolink:gene_associated_with_condition	1
0.9972313	HGNC:3239	MONDO:0007790	biolink:causes	1
0.9414829	HGNC:3255	MONDO:0009192	biolink:gene_associated_with_condition	1
0.8064699	HGNC:3257	MONDO:0020506	biolink:gene_associated_with_condition	1
0.9688562	HGNC:3257	MONDO:0020507	biolink:causes	1
0.8856505	HGNC:3267	MONDO:0010258	biolink:causes	1
0.008834615	HGNC:14198	MONDO:0013872	biolink:contributes_to	1
0.6848569	HGNC:14418	MONDO:0008377	biolink:causes	1
0.932949	HGNC:14418	MONDO:0032798	biolink:causes	1
0.7934746	HGNC:14415	MONDO:0007574	biolink:causes	1
0.89795655	HGNC:14415	MONDO:0008377	biolink:causes	1
0.99300295	HGNC:19880	MONDO:0012892	biolink:causes	1
0.98924094	HGNC:19880	MONDO:0007363	biolink:causes	1
0.9914643	HGNC:19880	MONDO:0008818	biolink:causes	1
0.9331028	HGNC:11529	MONDO:0012041	biolink:causes	1
0.8910003	HGNC:11529	MONDO:0013184	biolink:causes	1
0.89834565	HGNC:3433	MONDO:0012554	biolink:causes	1
0.87927574	HGNC:3446	MONDO:0007922	biolink:causes	1
0.9999869	HGNC:23994	MONDO:0958005	biolink:causes	1
0.84470856	HGNC:3483	MONDO:0018332	biolink:gene_associated_with_condition	1
0.6413693	MONDO:0000914	HGNC:7883	biolink:gene_associated_with_condition	1
0.98941714	MONDO:0004951	HGNC:1606	biolink:contributes_to	1
0.99749255	MONDO:0004951	HGNC:10610	biolink:contributes_to	1
0.9897821	MONDO:0004951	HGNC:5962	biolink:contributes_to	1
0.9922472	MONDO:0004951	HGNC:10632	biolink:contributes_to	1
0.71313876	MONDO:0004951	HGNC:1641	biolink:contributes_to	1
0.7419385	MONDO:0006952	HGNC:7678	biolink:gene_associated_with_condition	1
0.97032946	MONDO:0007032	HGNC:1952	biolink:gene_associated_with_condition	1
0.84972435	MONDO:0007052	HGNC:358	biolink:causes	1
0.72494143	MONDO:0007057	HGNC:7882	biolink:causes	1
0.9650526	MONDO:0007157	HGNC:12011	biolink:causes	1
0.98418933	MONDO:0007205	HGNC:7413	biolink:gene_associated_with_condition	1
0.9997043	MONDO:0007221	HGNC:4220	biolink:gene_associated_with_condition	1
0.5163404	MONDO:0007288	HGNC:3386	biolink:causes	1
0.9476084	MONDO:0007297	HGNC:6174	biolink:gene_associated_with_condition	1
0.8989077	MONDO:0007301	HGNC:11153	biolink:gene_associated_with_condition	1
0.96437097	MONDO:0007309	HGNC:9118	biolink:causes	1
0.6764203	MONDO:0007319	HGNC:11909	biolink:gene_associated_with_condition	1
0.34947538	MONDO:0007338	HGNC:12463	biolink:gene_associated_with_condition	1
0.85922194	MONDO:0007349	HGNC:16400	biolink:causes	1
0.7321901	MONDO:0007355	HGNC:16262	biolink:gene_associated_with_condition	1
0.94312	MONDO:0007363	HGNC:9081	biolink:causes	1
0.9831486	MONDO:0007363	HGNC:3603	biolink:causes	1
0.99691224	MONDO:0007363	HGNC:6664	biolink:causes	1
0.93390673	MONDO:0007363	HGNC:757	biolink:causes	1
0.99835986	MONDO:0007363	HGNC:11768	biolink:causes	1
0.9777855	MONDO:0007363	HGNC:11773	biolink:causes	1
0.895996	MONDO:0007363	HGNC:6769	biolink:causes	1
0.9982493	MONDO:0007363	HGNC:6716	biolink:causes	1
0.98921484	MONDO:0007363	HGNC:3219	biolink:causes	1
0.98924094	MONDO:0007363	HGNC:19880	biolink:causes	1
0.95773387	MONDO:0007375	HGNC:11771	biolink:causes	1
0.7396607	MONDO:0007380	HGNC:11771	biolink:causes	1
0.7396607	MONDO:0007380	HGNC:11771	biolink:gene_associated_with_condition	1
0.56901675	MONDO:0007400	HGNC:3688	biolink:causes	1
0.81837827	MONDO:0007400	HGNC:3689	biolink:gene_associated_with_condition	1
0.6290629	MONDO:0007404	HGNC:2516	biolink:gene_associated_with_condition	1
0.3323091	MONDO:0007404	HGNC:10736	biolink:gene_associated_with_condition	1
0.7937891	MONDO:0007424	HGNC:2876	biolink:causes	1
0.80220485	MONDO:0007451	HGNC:634	biolink:causes	1
0.7398648	MONDO:0007483	HGNC:225	biolink:gene_associated_with_condition	1
0.841927	MONDO:0007551	HGNC:6416	biolink:causes	1
0.76776296	MONDO:0007564	HGNC:2514	biolink:causes	1
0.76776296	MONDO:0007564	HGNC:2514	biolink:gene_associated_with_condition	1
0.99535817	MONDO:0007572	HGNC:3416	biolink:causes	1
0.99604636	MONDO:0007572	HGNC:29605	biolink:causes	1
0.99647254	MONDO:0007589	HGNC:4042	biolink:causes	1
0.92032975	MONDO:0007606	HGNC:171	biolink:causes	1
0.99948454	MONDO:0007636	HGNC:449	biolink:causes	1
0.10625849	MONDO:0007664	HGNC:7610	biolink:causes	1
0.07560513	MONDO:0007704	HGNC:6909	biolink:contributes_to	1
0.98882174	MONDO:0007747	HGNC:1371	biolink:gene_associated_with_condition	1
0.7627984	MONDO:0007768	HGNC:16783	biolink:gene_associated_with_condition	1
0.97341025	MONDO:0007777	HGNC:11052	biolink:causes	1
0.9972313	MONDO:0007790	HGNC:3239	biolink:causes	1
0.9846289	MONDO:0007794	HGNC:10727	biolink:causes	1
0.90326464	MONDO:0007794	HGNC:6211	biolink:causes	1
0.9981493	MONDO:0007794	HGNC:15836	biolink:causes	1
0.9710867	MONDO:0007794	HGNC:26821	biolink:causes	1
0.94065374	MONDO:0007794	HGNC:11281	biolink:causes	1
0.99957937	MONDO:0007794	HGNC:11521	biolink:causes	1
0.9470551	MONDO:0007794	HGNC:20626	biolink:causes	1
0.95087266	MONDO:0007794	HGNC:15533	biolink:causes	1
0.06250805	MONDO:0007805	HGNC:1802	biolink:causes	1
0.9058611	MONDO:0007818	HGNC:11364	biolink:causes	1
0.59790796	MONDO:0007874	HGNC:9811	biolink:gene_associated_with_condition	1
0.80438644	MONDO:0007888	HGNC:3700	biolink:gene_associated_with_condition	1
0.89628315	MONDO:0007892	HGNC:9587	biolink:causes	1
0.6728598	MONDO:0007925	HGNC:10387	biolink:gene_associated_with_condition	1
0.9597919	MONDO:0008002	HGNC:8029	biolink:causes	1
0.8666406	MONDO:0008153	HGNC:4392	biolink:causes	1
0.49830997	MONDO:0008176	HGNC:11280	biolink:causes	1
0.9990606	MONDO:0008222	HGNC:6263	biolink:gene_associated_with_condition	1
0.79385644	MONDO:0008244	HGNC:11094	biolink:gene_associated_with_condition	1
0.023020329	MONDO:0008274	HGNC:4392	biolink:gene_associated_with_condition	1
0.99607867	MONDO:0008316	HGNC:9451	biolink:causes	1
0.9211594	MONDO:0008368	HGNC:11027	biolink:causes	1
0.8539516	MONDO:0008379	HGNC:6052	biolink:causes	1
0.43212697	MONDO:0008399	HGNC:4948	biolink:contributes_to	1
0.93301487	MONDO:0008407	HGNC:2770	biolink:causes	1
0.9979735	MONDO:0008411	HGNC:11602	biolink:gene_associated_with_condition	1
0.012981104	MONDO:0008447	HGNC:492	biolink:causes	1
0.9116559	MONDO:0008490	HGNC:13869	biolink:causes	1
0.82873744	MONDO:0008490	HGNC:2464	biolink:causes	1
0.9356227	MONDO:0008490	HGNC:2200	biolink:causes	1
0.57651347	MONDO:0008501	HGNC:4390	biolink:gene_associated_with_condition	1
0.85556144	MONDO:0008542	HGNC:6188	biolink:gene_associated_with_condition	1
0.96839696	MONDO:0008542	HGNC:2488	biolink:causes	1
0.6082372	MONDO:0008542	HGNC:11187	biolink:causes	1
0.9620405	MONDO:0008542	HGNC:11592	biolink:gene_associated_with_condition	1
0.87001556	MONDO:0008542	HGNC:3327	biolink:causes	1
0.58591795	MONDO:0008542	HGNC:143	biolink:causes	1
0.6997413	MONDO:0008542	HGNC:3603	biolink:causes	1
0.77880526	MONDO:0008542	HGNC:3816	biolink:causes	1
0.8007433	MONDO:0008542	HGNC:15802	biolink:causes	1
0.8007433	MONDO:0008542	HGNC:15802	biolink:gene_associated_with_condition	1
0.82027864	MONDO:0008542	HGNC:29525	biolink:causes	1
0.84930676	MONDO:0008542	HGNC:4807	biolink:causes	1
0.9892429	MONDO:0008542	HGNC:3122	biolink:causes	1
0.7858824	MONDO:0008542	HGNC:9107	biolink:causes	1
0.17448713	MONDO:0008542	HGNC:1390	biolink:causes	1
0.5204927	MONDO:0008542	HGNC:17075	biolink:causes	1
0.9812082	MONDO:0008542	HGNC:11598	biolink:causes	1
0.69463396	MONDO:0008542	HGNC:3767	biolink:causes	1
0.38050455	MONDO:0008542	HGNC:6633	biolink:causes	1
0.3281106	MONDO:0008542	HGNC:25636	biolink:causes	1
0.87566537	MONDO:0008542	HGNC:32940	biolink:causes	1
0.5896716	MONDO:0008542	HGNC:9829	biolink:causes	1
0.95789504	MONDO:0008542	HGNC:16700	biolink:causes	1
0.8616717	MONDO:0008542	HGNC:20626	biolink:causes	1
0.8627012	MONDO:0008542	HGNC:1987	biolink:gene_associated_with_condition	1
0.7711924	MONDO:0008542	HGNC:76	biolink:causes	1
0.56992674	MONDO:0008542	HGNC:6407	biolink:causes	1
0.25269294	MONDO:0008542	HGNC:15819	biolink:causes	1
0.6692033	MONDO:0008542	HGNC:7765	biolink:causes	1
0.5820777	MONDO:0008542	HGNC:12362	biolink:causes	1
0.9190492	MONDO:0008542	HGNC:11701	biolink:causes	1
0.5925432	MONDO:0008542	HGNC:20908	biolink:causes	1
0.94100827	MONDO:0008546	HGNC:3690	biolink:gene_associated_with_condition	1
0.8913839	MONDO:0008559	HGNC:3531	biolink:contributes_to	1
0.9660054	MONDO:0008592	HGNC:2916	biolink:causes	1
0.96073407	MONDO:0008660	HGNC:3680	biolink:gene_associated_with_condition	1
0.8929086	MONDO:0008747	HGNC:12450	biolink:gene_associated_with_condition	1
0.29264632	MONDO:0008751	HGNC:2592	biolink:causes	1
0.9550467	MONDO:0008765	HGNC:10294	biolink:causes	1
0.80068135	MONDO:0008774	HGNC:23537	biolink:causes	1
0.80068135	MONDO:0008774	HGNC:23537	biolink:gene_associated_with_condition	1
0.98362017	MONDO:0008787	HGNC:10908	biolink:gene_associated_with_condition	1
0.9507134	MONDO:0008795	HGNC:6180	biolink:gene_associated_with_condition	1
0.45006314	MONDO:0008795	HGNC:8620	biolink:gene_associated_with_condition	1
0.80257815	MONDO:0008814	HGNC:663	biolink:causes	1
0.99497426	MONDO:0008818	HGNC:3604	biolink:causes	1
0.9649097	MONDO:0008818	HGNC:9853	biolink:causes	1
0.9973744	MONDO:0008818	HGNC:7945	biolink:causes	1
0.92399687	MONDO:0008818	HGNC:11772	biolink:causes	1
0.961032	MONDO:0008818	HGNC:1550	biolink:causes	1
0.99807894	MONDO:0008818	HGNC:11769	biolink:causes	1
0.9928054	MONDO:0008818	HGNC:7944	biolink:causes	1
0.9968894	MONDO:0008818	HGNC:14107	biolink:causes	1
0.9914643	MONDO:0008818	HGNC:19880	biolink:causes	1
0.98487246	MONDO:0008854	HGNC:966	biolink:causes	1
0.7030615	MONDO:0008854	HGNC:13210	biolink:contributes_to	1
0.87278146	MONDO:0008887	HGNC:10600	biolink:causes	1
0.6722941	MONDO:0008922	HGNC:24552	biolink:gene_associated_with_condition	1
0.7053252	MONDO:0008931	HGNC:6696	biolink:causes	1
0.9999865	MONDO:0008995	HGNC:16873	biolink:gene_associated_with_condition	1
0.9599681	MONDO:0009007	HGNC:105	biolink:causes	1
0.43650082	MONDO:0009019	HGNC:16438	biolink:causes	1
0.99780446	MONDO:0009033	HGNC:29521	biolink:causes	1
0.6681425	MONDO:0009050	HGNC:11998	biolink:gene_associated_with_condition	1
0.92226005	MONDO:0009050	HGNC:12631	biolink:gene_associated_with_condition	1
0.4148648	MONDO:0009050	HGNC:7978	biolink:gene_associated_with_condition	1
0.87888634	MONDO:0009050	HGNC:358	biolink:causes	1
0.8876131	MONDO:0009054	HGNC:18481	biolink:gene_associated_with_condition	1
0.3579485	MONDO:0009058	HGNC:2501	biolink:gene_associated_with_condition	1
0.8985065	MONDO:0009073	HGNC:28984	biolink:causes	1
0.989369	MONDO:0009107	HGNC:10994	biolink:causes	1
0.32900634	MONDO:0009138	HGNC:11647	biolink:gene_associated_with_condition	1
0.99927515	MONDO:0009168	HGNC:20105	biolink:causes	1
0.9414829	MONDO:0009192	HGNC:3255	biolink:gene_associated_with_condition	1
0.9842696	MONDO:0009213	HGNC:3584	biolink:causes	1
0.8801626	MONDO:0009218	HGNC:735	biolink:gene_associated_with_condition	1
0.43542707	MONDO:0009222	HGNC:35126	biolink:gene_associated_with_condition	1
0.7195342	MONDO:0009231	HGNC:1077	biolink:gene_associated_with_condition	1
0.7748003	MONDO:0009235	HGNC:9038	biolink:gene_associated_with_condition	1
0.89776546	MONDO:0009252	HGNC:6315	biolink:causes	1
0.99910104	MONDO:0009258	HGNC:4135	biolink:causes	1
0.99910104	MONDO:0009258	HGNC:4135	biolink:gene_associated_with_condition	1
0.88352716	MONDO:0009262	HGNC:4298	biolink:causes	1
0.88352716	MONDO:0009262	HGNC:4298	biolink:gene_associated_with_condition	1
0.7052192	MONDO:0009271	HGNC:9721	biolink:gene_associated_with_condition	1
0.72451913	MONDO:0009300	HGNC:21176	biolink:gene_associated_with_condition	1
0.5833395	MONDO:0009300	HGNC:4817	biolink:gene_associated_with_condition	1
0.8593841	MONDO:0009353	HGNC:7436	biolink:gene_associated_with_condition	1
0.6812	MONDO:0009416	HGNC:392	biolink:gene_associated_with_condition	1
0.9994863	MONDO:0009469	HGNC:3706	biolink:gene_associated_with_condition	1
0.9774719	MONDO:0009478	HGNC:19191	biolink:gene_associated_with_condition	1
0.9998665	MONDO:0009495	HGNC:7060	biolink:causes	1
0.9998665	MONDO:0009495	HGNC:7060	biolink:gene_associated_with_condition	1
0.9808899	MONDO:0009504	HGNC:11449	biolink:causes	1
0.9817472	MONDO:0009513	HGNC:6483	biolink:gene_associated_with_condition	1
0.55422634	MONDO:0009529	HGNC:2898	biolink:gene_associated_with_condition	1
0.9782422	MONDO:0009549	HGNC:20423	biolink:gene_associated_with_condition	1
0.609596	MONDO:0009562	HGNC:6831	biolink:gene_associated_with_condition	1
0.73226345	MONDO:0009607	HGNC:6903	biolink:causes	1
0.37048838	MONDO:0009624	HGNC:18127	biolink:causes	1
0.4185301	MONDO:0009624	HGNC:16691	biolink:gene_associated_with_condition	1
0.7031505	MONDO:0009665	HGNC:1122	biolink:causes	1
0.97228074	MONDO:0009715	HGNC:2019	biolink:causes	1
0.49616018	MONDO:0009760	HGNC:6217	biolink:gene_associated_with_condition	1
0.9994979	MONDO:0009773	HGNC:13829	biolink:gene_associated_with_condition	1
0.88307065	MONDO:0009806	HGNC:18169	biolink:causes	1
0.9552473	MONDO:0009820	HGNC:6597	biolink:causes	1
0.94766605	MONDO:0009820	HGNC:6305	biolink:causes	1
0.98009884	MONDO:0009820	HGNC:26185	biolink:causes	1
0.93868613	MONDO:0009820	HGNC:12776	biolink:causes	1
0.9701919	MONDO:0009820	HGNC:19316	biolink:causes	1
0.8765101	MONDO:0009820	HGNC:8548	biolink:causes	1
0.97370106	MONDO:0009820	HGNC:10706	biolink:causes	1
0.9769882	MONDO:0009820	HGNC:26887	biolink:causes	1
0.9916986	MONDO:0009820	HGNC:3054	biolink:causes	1
0.8447726	MONDO:0009867	HGNC:9386	biolink:causes	1
0.8447726	MONDO:0009867	HGNC:9386	biolink:gene_associated_with_condition	1
0.499923	MONDO:0009872	HGNC:1020	biolink:gene_associated_with_condition	1
0.81993186	MONDO:0009897	HGNC:4180	biolink:gene_associated_with_condition	1
0.73590636	MONDO:0009935	HGNC:24113	biolink:causes	1
0.55033773	MONDO:0009955	HGNC:9949	biolink:gene_associated_with_condition	1
0.98015565	MONDO:0009990	HGNC:11824	biolink:gene_associated_with_condition	1
0.9339995	MONDO:0010046	HGNC:29043	biolink:causes	1
0.70412946	MONDO:0010092	HGNC:26877	biolink:causes	1
0.70412946	MONDO:0010092	HGNC:26877	biolink:gene_associated_with_condition	1
0.99571854	MONDO:0010167	HGNC:26444	biolink:gene_associated_with_condition	1
0.45343867	MONDO:0010227	HGNC:10295	biolink:causes	1
0.8474236	MONDO:0010235	HGNC:6990	biolink:gene_associated_with_condition	1
0.47836596	MONDO:0010239	HGNC:2714	biolink:causes	1
0.99981946	MONDO:0010278	HGNC:11079	biolink:causes	1
0.7921274	MONDO:0010296	HGNC:13867	biolink:causes	1
0.99981695	MONDO:0010310	HGNC:26837	biolink:causes	1
0.9999989	MONDO:0010315	HGNC:6010	biolink:causes	1
0.9999989	MONDO:0010315	HGNC:6010	biolink:gene_associated_with_condition	1
0.8537624	MONDO:0010319	HGNC:18305	biolink:gene_associated_with_condition	1
0.8920815	MONDO:0010356	HGNC:897	biolink:gene_associated_with_condition	1
0.7818386	MONDO:0010385	HGNC:592	biolink:gene_associated_with_condition	1
0.84803295	MONDO:0010389	HGNC:2578	biolink:causes	1
0.050528396	MONDO:0010435	HGNC:20145	biolink:causes	1
0.81905043	MONDO:0010485	HGNC:5004	biolink:causes	1
0.32136875	MONDO:0010489	HGNC:7096	biolink:causes	1
0.7661648	MONDO:0010501	HGNC:7871	biolink:gene_associated_with_condition	1
0.27738294	MONDO:0010544	HGNC:7820	biolink:causes	1
0.37831032	MONDO:0010661	HGNC:9910	biolink:causes	1
0.37831032	MONDO:0010661	HGNC:9910	biolink:gene_associated_with_condition	1
0.7534327	MONDO:0010665	HGNC:13315	biolink:gene_associated_with_condition	1
0.7871065	MONDO:0010665	HGNC:25726	biolink:gene_associated_with_condition	1
0.8340731	MONDO:0010743	HGNC:12731	biolink:causes	1
0.32051373	MONDO:0010747	HGNC:11535	biolink:causes	1
0.32051373	MONDO:0010747	HGNC:11535	biolink:gene_associated_with_condition	1
0.34560907	MONDO:0010806	HGNC:17340	biolink:causes	1
0.99934775	MONDO:0010814	HGNC:18270	biolink:causes	1
0.60961187	MONDO:0010850	HGNC:29022	biolink:causes	1
0.67997044	MONDO:0010854	HGNC:6407	biolink:causes	1
0.9134889	MONDO:0011002	HGNC:16877	biolink:causes	1
0.99985456	MONDO:0011010	HGNC:30650	biolink:causes	1
0.99985456	MONDO:0011010	HGNC:30650	biolink:gene_associated_with_condition	1
0.9991844	MONDO:0011086	HGNC:9832	biolink:causes	1
0.17590481	MONDO:0011102	HGNC:11720	biolink:causes	1
0.9425431	MONDO:0011106	HGNC:757	biolink:gene_associated_with_condition	1
0.92381054	MONDO:0011125	HGNC:3434	biolink:causes	1
0.9839378	MONDO:0011143	HGNC:4689	biolink:causes	1
0.52398014	MONDO:0011165	HGNC:3778	biolink:causes	1
0.90725875	MONDO:0011169	HGNC:20330	biolink:gene_associated_with_condition	1
0.051863637	MONDO:0011181	HGNC:691	biolink:causes	1
0.9996977	MONDO:0011190	HGNC:17870	biolink:causes	1
0.816535	MONDO:0011223	HGNC:445	biolink:gene_associated_with_condition	1
0.99994016	MONDO:0011273	HGNC:23096	biolink:causes	1
0.99994016	MONDO:0011273	HGNC:23096	biolink:gene_associated_with_condition	1
0.85686773	MONDO:0011334	HGNC:15979	biolink:gene_associated_with_condition	1
0.9372757	MONDO:0011338	HGNC:9832	biolink:causes	1
0.9372757	MONDO:0011338	HGNC:9832	biolink:gene_associated_with_condition	1
0.8413992	MONDO:0011338	HGNC:10031	biolink:gene_associated_with_condition	1
0.0005357652	MONDO:0011351	HGNC:11720	biolink:causes	1
0.99997616	MONDO:0011359	HGNC:29316	biolink:causes	1
0.98898894	MONDO:0011405	HGNC:25792	biolink:causes	1
0.98898894	MONDO:0011405	HGNC:25792	biolink:gene_associated_with_condition	1
0.9991763	MONDO:0011422	HGNC:11030	biolink:causes	1
0.885116	MONDO:0011431	HGNC:3603	biolink:causes	1
0.7125355	MONDO:0011448	HGNC:9236	biolink:gene_associated_with_condition	1
0.6281371	MONDO:0011474	HGNC:17993	biolink:causes	1
0.836488	MONDO:0011504	HGNC:17619	biolink:causes	1
0.836488	MONDO:0011504	HGNC:17619	biolink:gene_associated_with_condition	1
0.8675304	MONDO:0011529	HGNC:6235	biolink:causes	1
0.8654111	MONDO:0011541	HGNC:3522	biolink:causes	1
0.7492836	MONDO:0011628	HGNC:8653	biolink:gene_associated_with_condition	1
0.8059018	MONDO:0011628	HGNC:8654	biolink:gene_associated_with_condition	1
0.104194544	MONDO:0011667	HGNC:6107	biolink:causes	1
0.25130704	MONDO:0011672	HGNC:16393	biolink:gene_associated_with_condition	1
0.876696	MONDO:0011694	HGNC:6180	biolink:gene_associated_with_condition	1
0.51776487	MONDO:0011698	HGNC:4415	biolink:gene_associated_with_condition	1
0.018462753	MONDO:0011708	HGNC:16513	biolink:causes	1
0.119371966	MONDO:0011743	HGNC:613	biolink:causes	1
0.8452906	MONDO:0011790	HGNC:14409	biolink:causes	1
0.98906356	MONDO:0011794	HGNC:10588	biolink:gene_associated_with_condition	1
0.9298248	MONDO:0011811	HGNC:23595	biolink:gene_associated_with_condition	1
0.9995503	MONDO:0011816	HGNC:10547	biolink:causes	1
0.9995503	MONDO:0011816	HGNC:10547	biolink:gene_associated_with_condition	1
0.7397887	MONDO:0011830	HGNC:8574	biolink:gene_associated_with_condition	1
0.42862922	MONDO:0011834	HGNC:5456	biolink:gene_associated_with_condition	1
0.94628775	MONDO:0011839	HGNC:10024	biolink:causes	1
0.93948984	MONDO:0011969	HGNC:23161	biolink:gene_associated_with_condition	1
0.12865543	MONDO:0011973	HGNC:11013	biolink:causes	1
0.1274485	MONDO:0011982	HGNC:11764	biolink:contributes_to	1
0.9598859	MONDO:0012019	HGNC:319	biolink:gene_associated_with_condition	1
0.8412723	MONDO:0012041	HGNC:7127	biolink:causes	1
0.94427836	MONDO:0012041	HGNC:7326	biolink:causes	1
0.96297807	MONDO:0012041	HGNC:8028	biolink:causes	1
0.670196	MONDO:0012041	HGNC:9588	biolink:causes	1
0.7891503	MONDO:0012041	HGNC:11389	biolink:causes	1
0.922678	MONDO:0012041	HGNC:2001	biolink:causes	1
0.85493135	MONDO:0012041	HGNC:1076	biolink:causes	1
0.9801788	MONDO:0012041	HGNC:7527	biolink:gene_associated_with_condition	1
0.899415	MONDO:0012041	HGNC:9177	biolink:causes	1
0.9331028	MONDO:0012041	HGNC:11529	biolink:causes	1
0.99468213	MONDO:0012116	HGNC:32925	biolink:gene_associated_with_condition	1
0.9995963	MONDO:0012125	HGNC:17494	biolink:causes	1
0.0028756012	MONDO:0012142	HGNC:7391	biolink:causes	1
0.99162817	MONDO:0012163	HGNC:6024	biolink:causes	1
0.9574694	MONDO:0012184	HGNC:6487	biolink:gene_associated_with_condition	1
0.91181684	MONDO:0012204	HGNC:47	biolink:causes	1
0.9999987	MONDO:0012216	HGNC:32434	biolink:causes	1
0.84441656	MONDO:0012256	HGNC:19714	biolink:gene_associated_with_condition	1
0.8517666	MONDO:0012297	HGNC:20716	biolink:causes	1
0.8517666	MONDO:0012297	HGNC:20716	biolink:gene_associated_with_condition	1
0.0042334525	MONDO:0012395	HGNC:14673	biolink:causes	1
0.77496606	MONDO:0012399	HGNC:30829	biolink:gene_associated_with_condition	1
0.67245626	MONDO:0012407	HGNC:30260	biolink:gene_associated_with_condition	1
0.9164234	MONDO:0012412	HGNC:1346	biolink:causes	1
0.86940795	MONDO:0012444	HGNC:9039	biolink:causes	1
0.9573154	MONDO:0012465	HGNC:18858	biolink:gene_associated_with_condition	1
0.8292509	MONDO:0012465	HGNC:23213	biolink:gene_associated_with_condition	1
0.7704928	MONDO:0012510	HGNC:14048	biolink:causes	1
0.99815565	MONDO:0012514	HGNC:24587	biolink:causes	1
0.9465344	MONDO:0012522	HGNC:6257	biolink:causes	1
0.9593054	MONDO:0012526	HGNC:3530	biolink:gene_associated_with_condition	1
0.89834565	MONDO:0012554	HGNC:3433	biolink:causes	1
0.9522625	MONDO:0012562	HGNC:9585	biolink:causes	1
0.02631617	MONDO:0012607	HGNC:17020	biolink:contributes_to	1
0.9766074	MONDO:0012700	HGNC:11027	biolink:causes	1
0.9766074	MONDO:0012700	HGNC:11027	biolink:gene_associated_with_condition	1
0.8473896	MONDO:0012720	HGNC:9498	biolink:causes	1
0.99807173	MONDO:0012724	HGNC:22938	biolink:gene_associated_with_condition	1
0.77493995	MONDO:0012764	HGNC:26661	biolink:causes	1
0.86658764	MONDO:0012784	HGNC:16812	biolink:gene_associated_with_condition	1
0.0275977	MONDO:0012801	HGNC:13830	biolink:contributes_to	1
0.7763819	MONDO:0012805	HGNC:11005	biolink:causes	1
0.79075396	MONDO:0012833	HGNC:3690	biolink:causes	1
0.92944014	MONDO:0012901	HGNC:6371	biolink:causes	1
0.92944014	MONDO:0012901	HGNC:6371	biolink:gene_associated_with_condition	1
0.026630355	MONDO:0012925	HGNC:10345	biolink:causes	1
0.56556344	MONDO:0012953	HGNC:9175	biolink:contributes_to	1
0.8080639	MONDO:0012989	HGNC:10879	biolink:causes	1
0.98247993	MONDO:0012997	HGNC:11957	biolink:gene_associated_with_condition	1
0.018340148	MONDO:0013034	HGNC:3052	biolink:causes	1
0.90405756	MONDO:0013038	HGNC:8975	biolink:gene_associated_with_condition	1
0.9054997	MONDO:0013051	HGNC:9721	biolink:causes	1
0.9149382	MONDO:0013059	HGNC:15925	biolink:causes	1
0.6369955	MONDO:0013063	HGNC:3010	biolink:contributes_to	1
0.004105273	MONDO:0013083	HGNC:427	biolink:contributes_to	1
0.49642557	MONDO:0013110	HGNC:3791	biolink:gene_associated_with_condition	1
0.27751598	MONDO:0013122	HGNC:6715	biolink:causes	1
0.13169874	MONDO:0013139	HGNC:4237	biolink:causes	1
0.5443538	MONDO:0013156	HGNC:3622	biolink:causes	1
0.99998367	MONDO:0013164	HGNC:16297	biolink:gene_associated_with_condition	1
0.8910003	MONDO:0013184	HGNC:11529	biolink:causes	1
0.9993255	MONDO:0013208	HGNC:25355	biolink:gene_associated_with_condition	1
0.82439864	MONDO:0013225	HGNC:9688	biolink:causes	1
0.5333746	MONDO:0013341	HGNC:16692	biolink:causes	1
0.9472141	MONDO:0013350	HGNC:9179	biolink:causes	1
0.88830805	MONDO:0013354	HGNC:25532	biolink:gene_associated_with_condition	1
0.57296044	MONDO:0013391	HGNC:10606	biolink:causes	1
0.57296044	MONDO:0013391	HGNC:10606	biolink:gene_associated_with_condition	1
0.99557143	MONDO:0013463	HGNC:4214	biolink:causes	1
0.4668836	MONDO:0013475	HGNC:9080	biolink:causes	1
0.94382274	MONDO:0013487	HGNC:2771	biolink:gene_associated_with_condition	1
0.9346554	MONDO:0013495	HGNC:23452	biolink:causes	1
0.98135424	MONDO:0013507	HGNC:7662	biolink:causes	1
0.55351865	MONDO:0013512	HGNC:4824	biolink:causes	1
0.7688448	MONDO:0013512	HGNC:4823	biolink:gene_associated_with_condition	1
0.7888195	MONDO:0013526	HGNC:4431	biolink:causes	1
0.9144801	MONDO:0013546	HGNC:26050	biolink:gene_associated_with_condition	1
0.711962	MONDO:0013550	HGNC:3756	biolink:causes	1
0.711962	MONDO:0013550	HGNC:3756	biolink:gene_associated_with_condition	1
0.0051425183	MONDO:0013554	HGNC:1343	biolink:contributes_to	1
0.81801873	MONDO:0013570	HGNC:21022	biolink:gene_associated_with_condition	1
0.15612482	MONDO:0013587	HGNC:6541	biolink:gene_associated_with_condition	1
0.64795136	MONDO:0013595	HGNC:1062	biolink:causes	1
0.50320405	MONDO:0013633	HGNC:2330	biolink:contributes_to	1
0.9692638	MONDO:0013641	HGNC:17168	biolink:causes	1
0.45258623	MONDO:0013662	HGNC:18831	biolink:causes	1
1.0	MONDO:0013678	HGNC:31555	biolink:causes	1
1.0	MONDO:0013678	HGNC:31555	biolink:gene_associated_with_condition	1
0.98694104	MONDO:0013737	HGNC:18986	biolink:causes	1
0.99284333	MONDO:0013777	HGNC:14544	biolink:gene_associated_with_condition	1
0.7971194	MONDO:0013794	HGNC:6192	biolink:causes	1
0.7783022	MONDO:0013802	HGNC:118	biolink:gene_associated_with_condition	1
0.98482287	MONDO:0013827	HGNC:11051	biolink:causes	1
0.8500783	MONDO:0013839	HGNC:1090	biolink:gene_associated_with_condition	1
0.9982237	MONDO:0013843	HGNC:4688	biolink:causes	1
0.71610117	MONDO:0013851	HGNC:11303	biolink:gene_associated_with_condition	1
0.9872228	MONDO:0013867	HGNC:30224	biolink:causes	1
0.0027425548	MONDO:0013891	HGNC:8881	biolink:causes	1
0.92896974	MONDO:0013907	HGNC:4584	biolink:gene_associated_with_condition	1
0.65142655	MONDO:0013927	HGNC:8854	biolink:causes	1
0.95781076	MONDO:0013967	HGNC:8853	biolink:causes	1
0.9685554	MONDO:0013971	HGNC:29419	biolink:causes	1
0.8515596	MONDO:0013992	HGNC:6554	biolink:gene_associated_with_condition	1
0.7760873	MONDO:0014004	HGNC:8804	biolink:causes	1
0.03534172	MONDO:0014013	HGNC:30225	biolink:gene_associated_with_condition	1
0.013804345	MONDO:0014037	HGNC:18829	biolink:causes	1
0.04198021	MONDO:0014057	HGNC:25415	biolink:causes	1
0.9680484	MONDO:0014061	HGNC:22986	biolink:gene_associated_with_condition	1
0.8707913	MONDO:0014065	HGNC:29594	biolink:causes	1
0.9919011	MONDO:0014089	HGNC:14374	biolink:causes	1
0.9678458	MONDO:0014093	HGNC:9921	biolink:causes	1
0.9963491	MONDO:0014098	HGNC:24229	biolink:causes	1
0.34518147	MONDO:0014118	HGNC:14579	biolink:causes	1
0.1276581	MONDO:0014122	HGNC:7883	biolink:causes	1
0.6984539	MONDO:0014138	HGNC:30372	biolink:causes	1
0.004805261	MONDO:0014146	HGNC:4379	biolink:causes	1
0.75371456	MONDO:0014162	HGNC:16650	biolink:causes	1
0.99956995	MONDO:0014203	HGNC:21493	biolink:causes	1
0.992949	MONDO:0014211	HGNC:1301	biolink:causes	1
0.9107895	MONDO:0014227	HGNC:3356	biolink:gene_associated_with_condition	1
0.92859006	MONDO:0014231	HGNC:15469	biolink:causes	1
0.9500615	MONDO:0014255	HGNC:1037	biolink:causes	1
0.99100375	MONDO:0014276	HGNC:1675	biolink:gene_associated_with_condition	1
0.99769574	MONDO:0014296	HGNC:16133	biolink:causes	1
0.991676	MONDO:0014320	HGNC:7975	biolink:causes	1
0.9888775	MONDO:0014392	HGNC:23089	biolink:causes	1
0.96251756	MONDO:0014412	HGNC:24945	biolink:causes	1
0.71500003	MONDO:0014453	HGNC:8979	biolink:causes	1
0.95952755	MONDO:0014457	HGNC:23213	biolink:causes	1
0.99534	MONDO:0014474	HGNC:37276	biolink:causes	1
0.9142013	MONDO:0014490	HGNC:10922	biolink:causes	1
0.0073375627	MONDO:0014494	HGNC:18971	biolink:contributes_to	1
0.6238212	MONDO:0014502	HGNC:4053	biolink:causes	1
0.72426105	MONDO:0014506	HGNC:9870	biolink:gene_associated_with_condition	1
0.8432984	MONDO:0014510	HGNC:26222	biolink:causes	1
0.6527352	MONDO:0014518	HGNC:23657	biolink:gene_associated_with_condition	1
0.75538135	MONDO:0014518	HGNC:9382	biolink:causes	1
0.96701485	MONDO:0014522	HGNC:12406	biolink:causes	1
0.97312385	MONDO:0014530	HGNC:4576	biolink:gene_associated_with_condition	1
0.99566394	MONDO:0014543	HGNC:23159	biolink:causes	1
0.0177064	MONDO:0014551	HGNC:7944	biolink:causes	1
0.6361504	MONDO:0014567	HGNC:18062	biolink:causes	1
0.95458525	MONDO:0014583	HGNC:1965	biolink:causes	1
0.0105908755	MONDO:0014603	HGNC:2418	biolink:causes	1
0.9525314	MONDO:0014619	HGNC:21157	biolink:causes	1
0.822887	MONDO:0014623	HGNC:25403	biolink:causes	1
0.9461286	MONDO:0014627	HGNC:2213	biolink:causes	1
0.5851889	MONDO:0014648	HGNC:29812	biolink:causes	1
0.99464285	MONDO:0014684	HGNC:23141	biolink:causes	1
0.9981013	MONDO:0014688	HGNC:19960	biolink:causes	1
0.60184014	MONDO:0014733	HGNC:11474	biolink:gene_associated_with_condition	1
0.95112234	MONDO:0014741	HGNC:17327	biolink:causes	1
0.99996793	MONDO:0014745	HGNC:2190	biolink:causes	1
0.8699252	MONDO:0014753	HGNC:118	biolink:gene_associated_with_condition	1
0.8712048	MONDO:0014771	HGNC:29068	biolink:causes	1
0.9232101	MONDO:0014804	HGNC:20134	biolink:gene_associated_with_condition	1
0.73110723	MONDO:0014809	HGNC:18674	biolink:gene_associated_with_condition	1
0.9988965	MONDO:0014821	HGNC:26887	biolink:causes	1
0.8228906	MONDO:0014837	HGNC:11283	biolink:gene_associated_with_condition	1
0.805802	MONDO:0014841	HGNC:4651	biolink:causes	1
0.44266772	MONDO:0014845	HGNC:28385	biolink:causes	1
0.03446593	MONDO:0014853	HGNC:6944	biolink:causes	1
0.99991465	MONDO:0014857	HGNC:9965	biolink:gene_associated_with_condition	1
0.76903844	MONDO:0014866	HGNC:7154	biolink:causes	1
0.6255105	MONDO:0014866	HGNC:5228	biolink:gene_associated_with_condition	1
0.4491028	MONDO:0014882	HGNC:21062	biolink:gene_associated_with_condition	1
0.8669315	MONDO:0014899	HGNC:2858	biolink:causes	1
0.8669315	MONDO:0014899	HGNC:2858	biolink:gene_associated_with_condition	1
0.9331981	MONDO:0014927	HGNC:24123	biolink:causes	1
0.6472314	MONDO:0014943	HGNC:11741	biolink:causes	1
0.9937482	MONDO:0014947	HGNC:4588	biolink:causes	1
0.40989253	MONDO:0014968	HGNC:11582	biolink:causes	1
0.81359494	MONDO:0014976	HGNC:7104	biolink:causes	1
0.81359494	MONDO:0014976	HGNC:7104	biolink:gene_associated_with_condition	1
0.96332246	MONDO:0014981	HGNC:13222	biolink:causes	1
0.47001418	MONDO:0014997	HGNC:29536	biolink:causes	1
1.0	MONDO:0015021	HGNC:19087	biolink:causes	1
0.8275043	MONDO:0015166	HGNC:3765	biolink:gene_associated_with_condition	1
0.27737018	MONDO:0015466	HGNC:5154	biolink:gene_associated_with_condition	1
0.109647244	MONDO:0015557	HGNC:6342	biolink:gene_associated_with_condition	1
0.72121733	MONDO:0015566	HGNC:7981	biolink:gene_associated_with_condition	1
0.9784007	MONDO:0015631	HGNC:12726	biolink:gene_associated_with_condition	1
0.07757909	MONDO:0015635	HGNC:4284	biolink:gene_associated_with_condition	1
0.8336932	MONDO:0015779	HGNC:11311	biolink:gene_associated_with_condition	1
0.009305884	MONDO:0016049	HGNC:3097	biolink:gene_associated_with_condition	1
0.42658332	MONDO:0016309	HGNC:7897	biolink:gene_associated_with_condition	1
0.031052953	MONDO:0016461	HGNC:14234	biolink:gene_associated_with_condition	1
0.336725	MONDO:0016563	HGNC:6893	biolink:gene_associated_with_condition	1
0.54759735	MONDO:0016682	HGNC:3690	biolink:gene_associated_with_condition	1
0.6747354	MONDO:0016682	HGNC:6742	biolink:gene_associated_with_condition	1
0.808562	MONDO:0016682	HGNC:11522	biolink:gene_associated_with_condition	1
0.7406915	MONDO:0016682	HGNC:9236	biolink:gene_associated_with_condition	1
0.018218042	MONDO:0016689	HGNC:5383	biolink:gene_associated_with_condition	1
0.67035884	MONDO:0016782	HGNC:14575	biolink:gene_associated_with_condition	1
0.028337732	MONDO:0016839	HGNC:12851	biolink:gene_associated_with_condition	1
0.020884776	MONDO:0016863	HGNC:15924	biolink:gene_associated_with_condition	1
0.9394309	MONDO:0017052	HGNC:25415	biolink:gene_associated_with_condition	1
0.55212927	MONDO:0017111	HGNC:7821	biolink:gene_associated_with_condition	1
0.007476281	MONDO:0017172	HGNC:714	biolink:gene_associated_with_condition	1
0.48411408	MONDO:0017176	HGNC:7106	biolink:gene_associated_with_condition	1
0.0009726579	MONDO:0017238	HGNC:4832	biolink:gene_associated_with_condition	1
0.65892917	MONDO:0017317	HGNC:5173	biolink:gene_associated_with_condition	1
0.31544396	MONDO:0017354	HGNC:11056	biolink:gene_associated_with_condition	1
0.9002824	MONDO:0017402	HGNC:10484	biolink:gene_associated_with_condition	1
0.9301894	MONDO:0017402	HGNC:3036	biolink:gene_associated_with_condition	1
0.11321443	MONDO:0017683	HGNC:25221	biolink:gene_associated_with_condition	1
0.030191794	MONDO:0017696	HGNC:4180	biolink:gene_associated_with_condition	1
0.88135195	MONDO:0017715	HGNC:4799	biolink:causes	1
0.78318757	MONDO:0017732	HGNC:6826	biolink:gene_associated_with_condition	1
0.8138997	MONDO:0017791	HGNC:2198	biolink:gene_associated_with_condition	1
0.012741169	MONDO:0017940	HGNC:6323	biolink:gene_associated_with_condition	1
0.8410345	MONDO:0017993	HGNC:9460	biolink:gene_associated_with_condition	1
0.9139386	MONDO:0018045	HGNC:11824	biolink:gene_associated_with_condition	1
0.9011883	MONDO:0018045	HGNC:11730	biolink:gene_associated_with_condition	1
0.022787342	MONDO:0018197	HGNC:1160	biolink:gene_associated_with_condition	1
0.35179344	MONDO:0018245	HGNC:26276	biolink:gene_associated_with_condition	1
0.9642678	MONDO:0018274	HGNC:10872	biolink:gene_associated_with_condition	1
0.9657048	MONDO:0018393	HGNC:26535	biolink:gene_associated_with_condition	1
0.8383818	MONDO:0018393	HGNC:18130	biolink:gene_associated_with_condition	1
0.35613394	MONDO:0018393	HGNC:15805	biolink:gene_associated_with_condition	1
0.9040108	MONDO:0018393	HGNC:28569	biolink:gene_associated_with_condition	1
0.6403125	MONDO:0018393	HGNC:26047	biolink:gene_associated_with_condition	1
0.7604172	MONDO:0018393	HGNC:25062	biolink:gene_associated_with_condition	1
0.8497805	MONDO:0018393	HGNC:11737	biolink:gene_associated_with_condition	1
0.46584895	MONDO:0018443	HGNC:3600	biolink:gene_associated_with_condition	1
0.31357104	MONDO:0018448	HGNC:26038	biolink:gene_associated_with_condition	1
0.20115119	MONDO:0018464	HGNC:9462	biolink:gene_associated_with_condition	1
0.4999647	MONDO:0018492	HGNC:8125	biolink:gene_associated_with_condition	1
0.49301553	MONDO:0018576	HGNC:20492	biolink:gene_associated_with_condition	1
0.9003711	MONDO:0018663	HGNC:6518	biolink:gene_associated_with_condition	1
0.98329115	MONDO:0018749	HGNC:4831	biolink:gene_associated_with_condition	1
0.8432343	MONDO:0018758	HGNC:11743	biolink:gene_associated_with_condition	1
0.008347686	MONDO:0018829	HGNC:2202	biolink:gene_associated_with_condition	1
0.74338675	MONDO:0018875	HGNC:16627	biolink:gene_associated_with_condition	1
0.92674196	MONDO:0019016	HGNC:7493	biolink:gene_associated_with_condition	1
0.5479274	MONDO:0019032	HGNC:11199	biolink:gene_associated_with_condition	1
0.46673846	MONDO:0019130	HGNC:19903	biolink:gene_associated_with_condition	1
0.93553007	MONDO:0019150	HGNC:11949	biolink:gene_associated_with_condition	1
0.4101085	MONDO:0019157	HGNC:25941	biolink:gene_associated_with_condition	1
0.9866062	MONDO:0019349	HGNC:14234	biolink:causes	1
0.9866062	MONDO:0019349	HGNC:14234	biolink:gene_associated_with_condition	1
0.616987	MONDO:0019374	HGNC:25928	biolink:gene_associated_with_condition	1
0.9564129	MONDO:0019407	HGNC:18620	biolink:gene_associated_with_condition	1
0.6939399	MONDO:0019758	HGNC:3686	biolink:gene_associated_with_condition	1
0.6354541	MONDO:0019758	HGNC:7865	biolink:gene_associated_with_condition	1
0.9185556	MONDO:0019758	HGNC:12873	biolink:gene_associated_with_condition	1
0.97357327	MONDO:0019758	HGNC:10889	biolink:gene_associated_with_condition	1
0.8152967	MONDO:0019758	HGNC:2908	biolink:gene_associated_with_condition	1
0.70473474	MONDO:0019854	HGNC:8622	biolink:gene_associated_with_condition	1
0.6995926	MONDO:0020324	HGNC:1001	biolink:gene_associated_with_condition	1
0.64825934	MONDO:0020356	HGNC:47	biolink:gene_associated_with_condition	1
0.7618781	MONDO:0020356	HGNC:8620	biolink:gene_associated_with_condition	1
0.58415544	MONDO:0020375	HGNC:2411	biolink:gene_associated_with_condition	1
0.8311744	MONDO:0020493	HGNC:738	biolink:gene_associated_with_condition	1
0.84609413	MONDO:0020507	HGNC:3259	biolink:gene_associated_with_condition	1
0.9688562	MONDO:0020507	HGNC:3257	biolink:causes	1
0.047314398	MONDO:0020530	HGNC:5439	biolink:gene_associated_with_condition	1
0.78802043	MONDO:0020563	HGNC:5009	biolink:gene_associated_with_condition	1
0.9504344	MONDO:0020603	HGNC:3133	biolink:causes	1
0.9504344	MONDO:0020603	HGNC:3133	biolink:gene_associated_with_condition	1
0.0388105	MONDO:0020621	HGNC:15743	biolink:causes	1
0.7554666	MONDO:0020727	HGNC:823	biolink:causes	1
0.9831498	MONDO:0020748	HGNC:13886	biolink:causes	1
0.86180323	MONDO:0020787	HGNC:103	biolink:causes	1
0.22128808	MONDO:0020855	HGNC:27845	biolink:causes	1
0.06580099	MONDO:0021019	HGNC:568	biolink:gene_associated_with_condition	1
0.98107684	MONDO:0021019	HGNC:20145	biolink:gene_associated_with_condition	1
0.8087712	MONDO:0021571	HGNC:4948	biolink:contributes_to	1
0.9848391	MONDO:0024309	HGNC:25964	biolink:causes	1
0.9847532	MONDO:0024552	HGNC:4837	biolink:causes	1
0.9906254	MONDO:0024552	HGNC:20372	biolink:causes	1
0.19687815	MONDO:0024568	HGNC:6512	biolink:gene_associated_with_condition	1
0.8241734	MONDO:0027451	HGNC:851	biolink:causes	1
0.9993536	MONDO:0029134	HGNC:27089	biolink:causes	1
0.9993536	MONDO:0029134	HGNC:27089	biolink:gene_associated_with_condition	1
0.75947636	MONDO:0030025	HGNC:226	biolink:causes	1
0.84582704	MONDO:0030037	HGNC:8965	biolink:causes	1
0.9301179	MONDO:0030048	HGNC:2321	biolink:gene_associated_with_condition	1
0.9818619	MONDO:0030054	HGNC:25536	biolink:causes	1
0.9847439	MONDO:0030066	HGNC:28672	biolink:causes	1
0.7432312	MONDO:0030071	HGNC:6320	biolink:causes	1
0.9705831	MONDO:0030105	HGNC:24063	biolink:gene_associated_with_condition	1
0.70168597	MONDO:0030258	HGNC:9260	biolink:causes	1
0.9273955	MONDO:0030281	HGNC:7720	biolink:causes	1
0.794412	MONDO:0030323	HGNC:16935	biolink:causes	1
0.82810056	MONDO:0030438	HGNC:7102	biolink:causes	1
0.94844884	MONDO:0030456	HGNC:6189	biolink:causes	1
0.16202793	MONDO:0030486	HGNC:14583	biolink:causes	1
0.79793835	MONDO:0030690	HGNC:10289	biolink:causes	1
0.96645486	MONDO:0030819	HGNC:20652	biolink:causes	1
0.92945206	MONDO:0030837	HGNC:7643	biolink:causes	1
0.0255117	MONDO:0030849	HGNC:10663	biolink:causes	1
0.9843141	MONDO:0030920	HGNC:1461	biolink:causes	1
0.91213673	MONDO:0030987	HGNC:16461	biolink:causes	1
0.76346266	MONDO:0030995	HGNC:29190	biolink:causes	1
0.9507749	MONDO:0031019	HGNC:23787	biolink:causes	1
0.9264085	MONDO:0032577	HGNC:694	biolink:causes	1
0.6545268	MONDO:0032581	HGNC:18016	biolink:causes	1
0.009868005	MONDO:0032592	HGNC:25686	biolink:causes	1
0.88545024	MONDO:0032611	HGNC:7708	biolink:causes	1
0.28364012	MONDO:0032670	HGNC:10389	biolink:causes	1
0.7821442	MONDO:0032677	HGNC:21638	biolink:gene_associated_with_condition	1
0.91359895	MONDO:0032677	HGNC:13664	biolink:causes	1
0.9823433	MONDO:0032687	HGNC:26033	biolink:causes	1
0.8846323	MONDO:0032715	HGNC:16740	biolink:causes	1
0.9100412	MONDO:0032723	HGNC:14078	biolink:causes	1
0.959803	MONDO:0032728	HGNC:7224	biolink:causes	1
0.71881276	MONDO:0032770	HGNC:160	biolink:causes	1
0.97527856	MONDO:0032778	HGNC:17089	biolink:causes	1
0.9826314	MONDO:0032782	HGNC:6009	biolink:causes	1
0.58830094	MONDO:0032790	HGNC:29012	biolink:causes	1
0.932949	MONDO:0032798	HGNC:14418	biolink:causes	1
0.99579334	MONDO:0032822	HGNC:8959	biolink:causes	1
0.85172135	MONDO:0032835	HGNC:31527	biolink:causes	1
0.17081088	MONDO:0032869	HGNC:30889	biolink:causes	1
0.7169309	MONDO:0032913	HGNC:3767	biolink:causes	1
0.99559844	MONDO:0032921	HGNC:17770	biolink:causes	1
0.08260855	MONDO:0033012	HGNC:4286	biolink:causes	1
0.46910533	MONDO:0033047	HGNC:3424	biolink:causes	1
0.51553655	MONDO:0033115	HGNC:589	biolink:causes	1
0.7868941	MONDO:0033282	HGNC:28660	biolink:gene_associated_with_condition	1
0.43952724	MONDO:0033481	HGNC:17158	biolink:gene_associated_with_condition	1
0.318767	MONDO:0033533	HGNC:10378	biolink:causes	1
0.93764013	MONDO:0033542	HGNC:16951	biolink:causes	1
0.97575754	MONDO:0033559	HGNC:29187	biolink:causes	1
0.7554419	MONDO:0033668	HGNC:21088	biolink:causes	1
0.9632399	MONDO:0034022	HGNC:2188	biolink:gene_associated_with_condition	1
0.080776	MONDO:0035337	HGNC:6408	biolink:gene_associated_with_condition	1
0.99315876	MONDO:0035651	HGNC:7133	biolink:gene_associated_with_condition	1
0.011265155	MONDO:0035706	HGNC:18420	biolink:gene_associated_with_condition	1
0.9013022	MONDO:0035819	HGNC:13488	biolink:causes	1
0.9013022	MONDO:0035819	HGNC:13488	biolink:gene_associated_with_condition	1
0.05934163	MONDO:0037149	HGNC:4800	biolink:gene_associated_with_condition	1
0.006234301	MONDO:0044273	HGNC:6285	biolink:contributes_to	1
0.9948949	MONDO:0044308	HGNC:27232	biolink:causes	1
0.48107553	MONDO:0044320	HGNC:4922	biolink:causes	1
0.9988738	MONDO:0044328	HGNC:29239	biolink:causes	1
0.012151302	MONDO:0044617	HGNC:3754	biolink:gene_associated_with_condition	1
0.9513219	MONDO:0044696	HGNC:24284	biolink:gene_associated_with_condition	1
0.9781073	MONDO:0044726	HGNC:1329	biolink:gene_associated_with_condition	1
0.9152702	MONDO:0049222	HGNC:26239	biolink:causes	1
0.0017289236	MONDO:0054601	HGNC:13733	biolink:contributes_to	1
0.99676776	MONDO:0054637	HGNC:15454	biolink:causes	1
0.6361932	MONDO:0054699	HGNC:9541	biolink:causes	1
0.5173017	MONDO:0054743	HGNC:23161	biolink:causes	1
0.030308867	MONDO:0054764	HGNC:2342	biolink:causes	1
0.88665795	MONDO:0054776	HGNC:10590	biolink:causes	1
0.62255806	MONDO:0054785	HGNC:9119	biolink:causes	1
0.3666648	MONDO:0054802	HGNC:4823	biolink:causes	1
0.41853398	MONDO:0054833	HGNC:799	biolink:causes	1
0.3296933	MONDO:0054850	HGNC:29914	biolink:causes	1
0.98818934	MONDO:0060457	HGNC:14374	biolink:causes	1
0.659261	MONDO:0060510	HGNC:3188	biolink:causes	1
0.9848919	MONDO:0060549	HGNC:8632	biolink:gene_associated_with_condition	1
0.863377	MONDO:0060621	HGNC:12651	biolink:causes	1
0.97230124	MONDO:0060715	HGNC:6344	biolink:causes	1
0.9091829	MONDO:0100058	HGNC:977	biolink:causes	1
0.8337176	MONDO:0100189	HGNC:600	biolink:gene_associated_with_condition	1
0.76957214	MONDO:0100219	HGNC:11367	biolink:causes	1
0.9943175	MONDO:0100296	HGNC:18084	biolink:causes	1
0.15188476	MONDO:0700090	HGNC:9957	biolink:causes	1
0.053819347	MONDO:0700090	HGNC:6572	biolink:causes	1
0.008503757	MONDO:0700297	HGNC:25221	biolink:causes	1
0.024415951	MONDO:0700301	HGNC:30632	biolink:causes	1
0.96608067	MONDO:0800028	HGNC:236	biolink:causes	1
0.96608067	MONDO:0800028	HGNC:236	biolink:gene_associated_with_condition	1
0.9893931	MONDO:0800436	HGNC:18188	biolink:gene_associated_with_condition	1
0.29706532	MONDO:0800447	HGNC:11608	biolink:contributes_to	1
0.011722572	MONDO:0850115	HGNC:8032	biolink:gene_associated_with_condition	1
0.048299752	MONDO:0859002	HGNC:2231	biolink:gene_associated_with_condition	1
0.89526737	MONDO:0859139	HGNC:11098	biolink:gene_associated_with_condition	1
0.9622485	MONDO:0859158	HGNC:9218	biolink:causes	1
0.99774134	MONDO:0859182	HGNC:14615	biolink:causes	1
0.87504005	MONDO:0859186	HGNC:23575	biolink:causes	1
0.7810648	MONDO:0859204	HGNC:800	biolink:causes	1
0.99969184	MONDO:0859229	HGNC:13998	biolink:causes	1
0.2436877	MONDO:0859238	HGNC:600	biolink:causes	1
0.0072878907	MONDO:0859246	HGNC:3607	biolink:causes	1
0.41032103	MONDO:0859250	HGNC:2326	biolink:causes	1
0.97297794	MONDO:0859264	HGNC:9639	biolink:causes	1
0.9984767	MONDO:0859293	HGNC:28662	biolink:causes	1
0.77515554	MONDO:0859311	HGNC:6182	biolink:causes	1
0.9357269	MONDO:0859320	HGNC:7702	biolink:causes	1
0.94961303	MONDO:0859324	HGNC:707	biolink:gene_associated_with_condition	1
0.33526823	MONDO:0859366	HGNC:18533	biolink:causes	1
0.07079221	MONDO:0859374	HGNC:33914	biolink:causes	1
0.99897337	MONDO:0859575	HGNC:17814	biolink:causes	1
0.012629289	MONDO:0957220	HGNC:21839	biolink:causes	1
0.39719993	MONDO:0957240	HGNC:12565	biolink:causes	1
0.9815531	MONDO:0957281	HGNC:11948	biolink:causes	1
0.035596106	MONDO:0957583	HGNC:10780	biolink:causes	1
0.88303417	MONDO:0957594	HGNC:126	biolink:causes	1
0.41779843	MONDO:0957809	HGNC:11302	biolink:causes	1
0.9955438	MONDO:0957953	HGNC:21648	biolink:causes	1
0.69115174	MONDO:0958013	HGNC:18276	biolink:causes	1
0.77953774	MONDO:0958085	HGNC:4886	biolink:gene_associated_with_condition	1
0.8913843	MONDO:0958085	HGNC:11762	biolink:gene_associated_with_condition	1
0.7557404	MONDO:0958085	HGNC:4887	biolink:gene_associated_with_condition	1
0.9678114	MONDO:0958188	HGNC:1245	biolink:causes	1
0.9671095	MONDO:0958263	HGNC:8794	biolink:gene_associated_with_condition	1
0.7225432	MONDO:0958279	HGNC:7559	biolink:causes	1
0.83296174	MONDO:0958353	HGNC:2211	biolink:gene_associated_with_condition	1
0.87249607	MONDO:0968982	HGNC:25321	biolink:causes	1
0.7780957	MONDO:0970994	HGNC:9175	biolink:causes	1
0.99711657	MONDO:0971014	HGNC:9986	biolink:causes	1
0.99967	MONDO:0971171	HGNC:14245	biolink:causes	1
0.009206494	MONDO:0975761	HGNC:21290	biolink:causes	1
0.59838814	MONDO:0975838	HGNC:2750	biolink:causes	1
0.39129636	MONDO:0975842	HGNC:30705	biolink:causes	1
0.5533279	MONDO:0975887	HGNC:25913	biolink:gene_associated_with_condition	1
0.18239295	HGNC:48	MONDO:0008542	biolink:causes	0
0.092286915	HGNC:14639	MONDO:0012980	biolink:causes	0
0.045919627	HGNC:14639	MONDO:0014012	biolink:causes	0
0.11355909	HGNC:21497	MONDO:0007137	biolink:causes	0
0.2151189	HGNC:23339	MONDO:0012127	biolink:causes	0
0.61282	HGNC:23339	MONDO:0013640	biolink:causes	0
0.24845718	HGNC:118	MONDO:0012163	biolink:gene_associated_with_condition	0
0.53127027	HGNC:124	MONDO:0012621	biolink:causes	0
0.5460448	HGNC:216	MONDO:0014349	biolink:causes	0
0.64634687	HGNC:218	MONDO:0018144	biolink:causes	0
0.35855585	HGNC:21285	MONDO:0014836	biolink:contributes_to	0
0.017921742	HGNC:329	MONDO:0010606	biolink:causes	0
0.49461564	HGNC:329	MONDO:0013414	biolink:gene_associated_with_condition	0
0.40849918	HGNC:329	MONDO:0007925	biolink:causes	0
0.658597	HGNC:8768	MONDO:0054776	biolink:causes	0
0.183768	HGNC:20091	MONDO:0007740	biolink:causes	0
0.6823339	HGNC:379	MONDO:0008134	biolink:causes	0
0.14278552	HGNC:388	MONDO:0030619	biolink:gene_associated_with_condition	0
0.026918093	HGNC:388	MONDO:0800030	biolink:causes	0
0.02107518	HGNC:388	MONDO:0049222	biolink:gene_associated_with_condition	0
0.46763563	HGNC:9722	MONDO:0008678	biolink:gene_associated_with_condition	0
0.62643033	HGNC:9722	MONDO:0007052	biolink:causes	0
0.6602488	HGNC:9722	MONDO:0009416	biolink:gene_associated_with_condition	0
0.252124	HGNC:9722	MONDO:0015466	biolink:gene_associated_with_condition	0
0.6842556	HGNC:9722	MONDO:0030071	biolink:gene_associated_with_condition	0
0.23231223	HGNC:15672	MONDO:0007080	biolink:causes	0
0.6359894	HGNC:17085	MONDO:0000902	biolink:causes	0
0.5285881	HGNC:17944	MONDO:0008426	biolink:causes	0
0.7164224	HGNC:3522	MONDO:0009413	biolink:causes	0
0.38916916	HGNC:3542	MONDO:0009636	biolink:gene_associated_with_condition	0
0.41502446	HGNC:3542	MONDO:0014996	biolink:gene_associated_with_condition	0
0.30507553	HGNC:3542	MONDO:0009665	biolink:gene_associated_with_condition	0
0.25548476	HGNC:21197	MONDO:0018435	biolink:causes	0
0.84847033	HGNC:3584	MONDO:0014343	biolink:causes	0
0.8582683	HGNC:3604	MONDO:0014034	biolink:causes	0
0.37573087	HGNC:3604	MONDO:0008862	biolink:causes	0
0.5985463	HGNC:3604	MONDO:0011528	biolink:causes	0
0.75649685	HGNC:3671	MONDO:0009657	biolink:gene_associated_with_condition	0
0.79423076	HGNC:3671	MONDO:0015519	biolink:gene_associated_with_condition	0
0.7405781	HGNC:3671	MONDO:0010767	biolink:gene_associated_with_condition	0
0.07005564	HGNC:3677	MONDO:0009469	biolink:causes	0
0.6956735	HGNC:3690	MONDO:0014896	biolink:gene_associated_with_condition	0
0.8225364	HGNC:3690	MONDO:0859312	biolink:gene_associated_with_condition	0
0.0022524495	HGNC:3690	MONDO:0011708	biolink:causes	0
0.685597	HGNC:3690	MONDO:0020787	biolink:gene_associated_with_condition	0
0.8488552	HGNC:16873	MONDO:0013357	biolink:gene_associated_with_condition	0
0.5502425	HGNC:16873	MONDO:0009306	biolink:gene_associated_with_condition	0
0.63131976	HGNC:3622	MONDO:0032572	biolink:causes	0
0.82483065	HGNC:3622	MONDO:0009820	biolink:causes	0
0.7202456	HGNC:27310	MONDO:0013245	biolink:causes	0
0.6650723	HGNC:27310	MONDO:0024562	biolink:causes	0
0.49938765	HGNC:27310	MONDO:0008542	biolink:causes	0
0.82001793	HGNC:27310	MONDO:0014837	biolink:causes	0
0.42870304	HGNC:20105	MONDO:0009477	biolink:causes	0
0.45024624	HGNC:20105	MONDO:0054737	biolink:causes	0
0.1305871	HGNC:3801	MONDO:0013587	biolink:gene_associated_with_condition	0
0.6755872	HGNC:3811	MONDO:0009490	biolink:gene_associated_with_condition	0
0.7181433	HGNC:3811	MONDO:0010046	biolink:gene_associated_with_condition	0
0.3944704	HGNC:1162	MONDO:0014222	biolink:causes	0
0.24140024	HGNC:1162	MONDO:0008179	biolink:causes	0
0.50207996	HGNC:1162	MONDO:0008546	biolink:causes	0
0.07731998	HGNC:19185	MONDO:0021573	biolink:causes	0
0.88003945	HGNC:19185	MONDO:0007086	biolink:causes	0
0.7041027	HGNC:19185	MONDO:0033200	biolink:causes	0
0.8381526	HGNC:19185	MONDO:0009168	biolink:causes	0
0.6866291	HGNC:23399	MONDO:0008153	biolink:causes	0
0.42746347	HGNC:4017	MONDO:0032927	biolink:causes	0
0.17067303	HGNC:4042	MONDO:0024457	biolink:causes	0
0.6806004	HGNC:4042	MONDO:0012276	biolink:causes	0
0.6054682	HGNC:4042	MONDO:0009414	biolink:causes	0
0.28078416	HGNC:4507	MONDO:0019374	biolink:contributes_to	0
0.07492991	HGNC:4082	MONDO:0009411	biolink:causes	0
0.30642062	HGNC:4162	MONDO:0009683	biolink:gene_associated_with_condition	0
0.5348814	HGNC:4162	MONDO:0100186	biolink:causes	0
0.8102518	HGNC:4162	MONDO:0014343	biolink:gene_associated_with_condition	0
0.73526	HGNC:4162	MONDO:0008377	biolink:causes	0
0.00270382	HGNC:4162	MONDO:0011226	biolink:gene_associated_with_condition	0
0.49791458	HGNC:4162	MONDO:0008818	biolink:causes	0
0.78306216	HGNC:4165	MONDO:8000011	biolink:gene_associated_with_condition	0
0.60858715	HGNC:4170	MONDO:0017403	biolink:gene_associated_with_condition	0
0.8094818	HGNC:4170	MONDO:0012041	biolink:gene_associated_with_condition	0
0.58086026	HGNC:30778	MONDO:0008818	biolink:causes	0
0.73036826	HGNC:4177	MONDO:0007495	biolink:gene_associated_with_condition	0
0.8174424	HGNC:4177	MONDO:0014343	biolink:causes	0
0.51370084	HGNC:4177	MONDO:0013431	biolink:causes	0
0.7076363	HGNC:4177	MONDO:0032712	biolink:gene_associated_with_condition	0
0.30569744	HGNC:4180	MONDO:0009877	biolink:gene_associated_with_condition	0
0.2271094	HGNC:4180	MONDO:0010133	biolink:gene_associated_with_condition	0
0.70913464	HGNC:4180	MONDO:0859226	biolink:gene_associated_with_condition	0
0.54114676	HGNC:4198	MONDO:0007648	biolink:causes	0
0.7259062	HGNC:4298	MONDO:0007922	biolink:gene_associated_with_condition	0
0.62789094	HGNC:4298	MONDO:0044306	biolink:causes	0
0.65638757	HGNC:4331	MONDO:0017403	biolink:causes	0
0.7082185	HGNC:4392	MONDO:0009925	biolink:gene_associated_with_condition	0
0.7585524	HGNC:4392	MONDO:0010246	biolink:gene_associated_with_condition	0
0.3153376	HGNC:4392	MONDO:0011464	biolink:gene_associated_with_condition	0
0.553326	HGNC:4392	MONDO:0011473	biolink:causes	0
0.640695	HGNC:4392	MONDO:0012165	biolink:causes	0
0.75611115	HGNC:4392	MONDO:0032933	biolink:gene_associated_with_condition	0
0.43988603	HGNC:4454	MONDO:0014830	biolink:gene_associated_with_condition	0
0.2978298	HGNC:4454	MONDO:0957584	biolink:gene_associated_with_condition	0
0.30872908	HGNC:4556	MONDO:0014968	biolink:causes	0
0.1869054	HGNC:25839	MONDO:0026777	biolink:gene_associated_with_condition	0
0.26011384	HGNC:25839	MONDO:0009079	biolink:gene_associated_with_condition	0
0.16870894	HGNC:25839	MONDO:0013743	biolink:gene_associated_with_condition	0
0.27614963	HGNC:4572	MONDO:0010947	biolink:causes	0
0.3586121	HGNC:4572	MONDO:0009495	biolink:causes	0
0.17377573	HGNC:4688	MONDO:0015783	biolink:causes	0
0.11181434	HGNC:4688	MONDO:0032835	biolink:causes	0
0.32470828	HGNC:4707	MONDO:0013178	biolink:gene_associated_with_condition	0
0.1985966	HGNC:4707	MONDO:0007589	biolink:causes	0
0.23264177	HGNC:4707	MONDO:0054802	biolink:gene_associated_with_condition	0
0.27771845	HGNC:4798	MONDO:0030007	biolink:contributes_to	0
0.0064045796	HGNC:4827	MONDO:0100600	biolink:gene_associated_with_condition	0
0.65782344	HGNC:13315	MONDO:0032855	biolink:gene_associated_with_condition	0
0.8303927	HGNC:4877	MONDO:0009929	biolink:gene_associated_with_condition	0
0.8209668	HGNC:4877	MONDO:0027451	biolink:gene_associated_with_condition	0
0.8697229	HGNC:4877	MONDO:0060457	biolink:gene_associated_with_condition	0
0.56850094	HGNC:4922	MONDO:0020512	biolink:causes	0
0.2950318	HGNC:4922	MONDO:0008963	biolink:causes	0
0.025034389	HGNC:4922	MONDO:0017901	biolink:causes	0
0.7698549	HGNC:5009	MONDO:0010501	biolink:gene_associated_with_condition	0
0.47412583	HGNC:5004	MONDO:0100219	biolink:causes	0
0.85739934	HGNC:5006	MONDO:0008377	biolink:causes	0
0.30593497	HGNC:5006	MONDO:0008542	biolink:causes	0
0.5354658	HGNC:5006	MONDO:0019758	biolink:causes	0
0.5059774	HGNC:5031	MONDO:0007794	biolink:causes	0
0.4835462	HGNC:5048	MONDO:0008542	biolink:causes	0
0.6472394	HGNC:5136	MONDO:0700250	biolink:gene_associated_with_condition	0
0.35771623	HGNC:5136	MONDO:0054724	biolink:causes	0
0.0356303	HGNC:5136	MONDO:0957583	biolink:gene_associated_with_condition	0
0.02223756	HGNC:4851	MONDO:0044617	biolink:gene_associated_with_condition	0
0.81302685	HGNC:24587	MONDO:0014343	biolink:causes	0
0.69625694	HGNC:24587	MONDO:0014779	biolink:causes	0
0.7889793	HGNC:5385	MONDO:0014343	biolink:causes	0
0.3520341	HGNC:5385	MONDO:0010963	biolink:causes	0
0.63331425	HGNC:5385	MONDO:0017729	biolink:causes	0
0.45620966	HGNC:5385	MONDO:0007363	biolink:causes	0
0.8370118	HGNC:5389	MONDO:0007922	biolink:gene_associated_with_condition	0
0.67563343	HGNC:16644	MONDO:0011540	biolink:causes	0
0.13177009	HGNC:18626	MONDO:0013171	biolink:causes	0
0.7571816	HGNC:33882	MONDO:0011411	biolink:causes	0
0.03012075	HGNC:24555	MONDO:0009796	biolink:causes	0
0.4491562	HGNC:24555	MONDO:0020434	biolink:causes	0
0.86609447	HGNC:9853	MONDO:0014343	biolink:causes	0
0.9152269	HGNC:9853	MONDO:0007404	biolink:causes	0
0.04240946	HGNC:28949	MONDO:0012043	biolink:causes	0
0.80886596	HGNC:29350	MONDO:0012039	biolink:causes	0
0.037541687	HGNC:29350	MONDO:0016461	biolink:causes	0
0.4007569	HGNC:6120	MONDO:0032677	biolink:gene_associated_with_condition	0
0.4338374	HGNC:5358	MONDO:0008542	biolink:causes	0
0.7993953	HGNC:5358	MONDO:0016682	biolink:causes	0
0.83911943	HGNC:28660	MONDO:0017052	biolink:gene_associated_with_condition	0
0.0020559398	HGNC:6174	MONDO:0017389	biolink:gene_associated_with_condition	0
0.03314424	HGNC:6174	MONDO:0012925	biolink:gene_associated_with_condition	0
0.76912576	HGNC:6180	MONDO:0014261	biolink:gene_associated_with_condition	0
0.67222863	HGNC:6182	MONDO:0033006	biolink:causes	0
0.514695	HGNC:6182	MONDO:0008542	biolink:causes	0
0.4904436	HGNC:16951	MONDO:0014131	biolink:causes	0
0.81589967	HGNC:16951	MONDO:0015278	biolink:causes	0
0.7745691	HGNC:6188	MONDO:0030931	biolink:gene_associated_with_condition	0
0.07662579	HGNC:6192	MONDO:0011937	biolink:causes	0
0.64148283	HGNC:6192	MONDO:0014948	biolink:causes	0
0.25139135	HGNC:6192	MONDO:0030060	biolink:gene_associated_with_condition	0
0.7554332	HGNC:6207	MONDO:0009461	biolink:causes	0
0.56734025	HGNC:6207	MONDO:0011085	biolink:gene_associated_with_condition	0
0.6843578	HGNC:6207	MONDO:0010217	biolink:causes	0
0.54294384	HGNC:6207	MONDO:0011136	biolink:gene_associated_with_condition	0
0.012095302	HGNC:6207	MONDO:0012786	biolink:gene_associated_with_condition	0
0.022113346	HGNC:6207	MONDO:0020611	biolink:gene_associated_with_condition	0
0.6331227	HGNC:6207	MONDO:0008818	biolink:gene_associated_with_condition	0
0.0019078845	HGNC:6215	MONDO:0014425	biolink:causes	0
0.6726206	HGNC:6263	MONDO:0032712	biolink:gene_associated_with_condition	0
0.5751007	HGNC:6257	MONDO:0026733	biolink:causes	0
0.63432336	HGNC:6257	MONDO:0032906	biolink:causes	0
0.6556422	HGNC:1337	MONDO:0044718	biolink:gene_associated_with_condition	0
0.44907394	HGNC:1337	MONDO:0014532	biolink:gene_associated_with_condition	0
0.40029094	HGNC:6320	MONDO:0009053	biolink:causes	0
0.25408494	HGNC:6365	MONDO:0014583	biolink:causes	0
0.63664824	HGNC:6412	MONDO:0004951	biolink:gene_associated_with_condition	0
0.7449122	HGNC:6416	MONDO:0036212	biolink:causes	0
0.35844585	HGNC:6416	MONDO:0008964	biolink:gene_associated_with_condition	0
0.3214016	HGNC:6463	MONDO:0007862	biolink:causes	0
0.34511513	HGNC:6481	MONDO:0011066	biolink:causes	0
0.4147311	HGNC:6481	MONDO:0015096	biolink:causes	0
0.049105767	HGNC:6481	MONDO:0035823	biolink:gene_associated_with_condition	0
0.5249735	HGNC:6481	MONDO:0859335	biolink:gene_associated_with_condition	0
0.0026065698	HGNC:6487	MONDO:0013083	biolink:gene_associated_with_condition	0
0.70950586	HGNC:6487	MONDO:0014981	biolink:gene_associated_with_condition	0
0.6678337	HGNC:6541	MONDO:0007922	biolink:gene_associated_with_condition	0
0.68284726	HGNC:6541	MONDO:0859295	biolink:gene_associated_with_condition	0
0.083193034	HGNC:6541	MONDO:0007137	biolink:gene_associated_with_condition	0
0.6182398	HGNC:6541	MONDO:0009279	biolink:gene_associated_with_condition	0
0.8156688	HGNC:6541	MONDO:0014343	biolink:gene_associated_with_condition	0
0.7066322	HGNC:6585	MONDO:0008684	biolink:gene_associated_with_condition	0
0.05033551	HGNC:19263	MONDO:0008705	biolink:causes	0
0.8206978	HGNC:6636	MONDO:0018336	biolink:gene_associated_with_condition	0
0.03833185	HGNC:6636	MONDO:0019458	biolink:gene_associated_with_condition	0
0.73001844	HGNC:6636	MONDO:0044626	biolink:gene_associated_with_condition	0
0.79912764	HGNC:6636	MONDO:0009414	biolink:causes	0
0.80145866	HGNC:6636	MONDO:0009820	biolink:causes	0
0.72154623	HGNC:13869	MONDO:0007922	biolink:causes	0
0.74737674	HGNC:13869	MONDO:0014060	biolink:causes	0
0.097455226	HGNC:13869	MONDO:0011630	biolink:causes	0
0.68566495	HGNC:13869	MONDO:0019758	biolink:causes	0
0.15432133	HGNC:15714	MONDO:0008817	biolink:causes	0
0.05665028	HGNC:6717	MONDO:0017947	biolink:causes	0
0.43805525	HGNC:21173	MONDO:0971178	biolink:causes	0
0.18425293	HGNC:6742	MONDO:0009527	biolink:causes	0
0.68429834	HGNC:6742	MONDO:0012222	biolink:causes	0
0.5119171	HGNC:6742	MONDO:0008501	biolink:causes	0
0.7674434	HGNC:6814	MONDO:0957584	biolink:gene_associated_with_condition	0
0.3652983	HGNC:6814	MONDO:0009031	biolink:gene_associated_with_condition	0
0.819721	HGNC:6814	MONDO:0044306	biolink:gene_associated_with_condition	0
0.85867316	HGNC:6814	MONDO:0014132	biolink:gene_associated_with_condition	0
0.81467223	HGNC:6814	MONDO:0009820	biolink:gene_associated_with_condition	0
0.1787663	HGNC:6814	MONDO:0013843	biolink:gene_associated_with_condition	0
0.09890739	HGNC:17811	MONDO:0011237	biolink:gene_associated_with_condition	0
0.09853091	HGNC:17811	MONDO:0020482	biolink:gene_associated_with_condition	0
0.85838395	HGNC:25240	MONDO:0014343	biolink:causes	0
0.58144456	HGNC:25240	MONDO:0054763	biolink:gene_associated_with_condition	0
0.7930694	HGNC:25240	MONDO:0010356	biolink:causes	0
0.014776346	HGNC:573	MONDO:0008762	biolink:gene_associated_with_condition	0
0.3014844	HGNC:573	MONDO:0011156	biolink:causes	0
0.68841094	HGNC:573	MONDO:0014343	biolink:causes	0
0.33682615	HGNC:573	MONDO:0010013	biolink:gene_associated_with_condition	0
0.030424852	HGNC:573	MONDO:0015041	biolink:gene_associated_with_condition	0
0.54132426	HGNC:620	MONDO:0013896	biolink:gene_associated_with_condition	0
0.9203134	HGNC:620	MONDO:0014343	biolink:gene_associated_with_condition	0
0.7061291	HGNC:620	MONDO:0013170	biolink:gene_associated_with_condition	0
0.124461	HGNC:620	MONDO:0000914	biolink:gene_associated_with_condition	0
0.6365889	HGNC:620	MONDO:0020507	biolink:gene_associated_with_condition	0
0.014618301	HGNC:620	MONDO:0032592	biolink:gene_associated_with_condition	0
0.7348634	HGNC:634	MONDO:0019828	biolink:causes	0
0.82257956	HGNC:14103	MONDO:0014343	biolink:gene_associated_with_condition	0
0.56420106	HGNC:23045	MONDO:0008377	biolink:causes	0
0.012944797	HGNC:18060	MONDO:0011102	biolink:causes	0
0.19696565	HGNC:738	MONDO:0024541	biolink:gene_associated_with_condition	0
0.7658253	HGNC:23805	MONDO:0007922	biolink:gene_associated_with_condition	0
0.43301088	HGNC:23805	MONDO:0015519	biolink:gene_associated_with_condition	0
0.010626791	HGNC:24007	MONDO:0008274	biolink:gene_associated_with_condition	0
0.32632616	HGNC:779	MONDO:0018611	biolink:causes	0
0.40529218	HGNC:800	MONDO:0014338	biolink:causes	0
0.43453786	HGNC:6842	MONDO:0031084	biolink:causes	0
0.760431	HGNC:6842	MONDO:0032728	biolink:causes	0
0.5512324	HGNC:6859	MONDO:0013418	biolink:causes	0
0.0029864984	HGNC:6859	MONDO:0019669	biolink:causes	0
0.74469525	HGNC:6859	MONDO:0014518	biolink:causes	0
0.043282546	HGNC:15455	MONDO:0007163	biolink:gene_associated_with_condition	0
0.86534077	HGNC:15455	MONDO:0020602	biolink:causes	0
0.76236886	HGNC:15455	MONDO:0015520	biolink:causes	0
0.025485769	HGNC:15455	MONDO:0037149	biolink:gene_associated_with_condition	0
0.28100806	HGNC:40050	MONDO:0044651	biolink:causes	0
0.6836852	HGNC:13356	MONDO:0024541	biolink:causes	0
0.8153542	HGNC:13356	MONDO:0014343	biolink:causes	0
0.6858709	HGNC:13356	MONDO:0030910	biolink:causes	0
0.37792623	HGNC:28870	MONDO:0009871	biolink:causes	0
0.76509	HGNC:6970	MONDO:0014343	biolink:causes	0
0.76209754	HGNC:6970	MONDO:0009609	biolink:causes	0
0.28644454	HGNC:6970	MONDO:0014480	biolink:causes	0
0.5135572	HGNC:7001	MONDO:0100119	biolink:gene_associated_with_condition	0
0.35065487	HGNC:7001	MONDO:0013110	biolink:gene_associated_with_condition	0
0.7099189	HGNC:16205	MONDO:0010477	biolink:causes	0
0.82393163	HGNC:16205	MONDO:0032726	biolink:causes	0
0.46280593	HGNC:7103	MONDO:0012382	biolink:gene_associated_with_condition	0
0.5330062	HGNC:7103	MONDO:0014230	biolink:gene_associated_with_condition	0
0.29011154	HGNC:7103	MONDO:0018114	biolink:gene_associated_with_condition	0
0.5553541	HGNC:7103	MONDO:0011819	biolink:gene_associated_with_condition	0
0.6754779	HGNC:31582	MONDO:0009354	biolink:causes	0
0.6702901	HGNC:7127	MONDO:0011361	biolink:causes	0
0.51766604	HGNC:7127	MONDO:0060621	biolink:causes	0
0.45480978	HGNC:24525	MONDO:0014686	biolink:causes	0
0.7767831	HGNC:7154	MONDO:0007068	biolink:causes	0
0.6314816	HGNC:7154	MONDO:0010659	biolink:causes	0
0.71813077	HGNC:7154	MONDO:0030440	biolink:causes	0
0.5813969	HGNC:7154	MONDO:0018393	biolink:gene_associated_with_condition	0
0.39118153	HGNC:14049	MONDO:0009266	biolink:causes	0
0.3855789	HGNC:14049	MONDO:0008222	biolink:causes	0
0.26503232	HGNC:14049	MONDO:0008542	biolink:causes	0
0.39940807	HGNC:7326	MONDO:0008542	biolink:causes	0
0.016723543	HGNC:29678	MONDO:0012091	biolink:causes	0
0.19173263	HGNC:29678	MONDO:0018436	biolink:causes	0
0.38603538	HGNC:7490	MONDO:0975754	biolink:gene_associated_with_condition	0
0.7311912	HGNC:7450	MONDO:0008377	biolink:gene_associated_with_condition	0
0.60554165	HGNC:7450	MONDO:0014027	biolink:gene_associated_with_condition	0
0.5123744	HGNC:26784	MONDO:0010631	biolink:causes	0
0.57385296	HGNC:26784	MONDO:0009513	biolink:gene_associated_with_condition	0
0.5734021	HGNC:26784	MONDO:0014648	biolink:gene_associated_with_condition	0
0.77276057	HGNC:7569	MONDO:0010803	biolink:causes	0
0.74958974	HGNC:7569	MONDO:0971172	biolink:gene_associated_with_condition	0
0.81393194	HGNC:7569	MONDO:0012039	biolink:gene_associated_with_condition	0
0.40490007	HGNC:7590	MONDO:0008005	biolink:causes	0
0.59970206	HGNC:7623	MONDO:0013212	biolink:gene_associated_with_condition	0
0.9258959	HGNC:7631	MONDO:0007922	biolink:gene_associated_with_condition	0
0.6155211	HGNC:7631	MONDO:0032584	biolink:gene_associated_with_condition	0
0.042817835	HGNC:7631	MONDO:0011743	biolink:gene_associated_with_condition	0
0.6382514	HGNC:7631	MONDO:0035819	biolink:gene_associated_with_condition	0
0.8878994	HGNC:19082	MONDO:0012718	biolink:gene_associated_with_condition	0
0.0678284	HGNC:28952	MONDO:0016710	biolink:causes	0
0.79150134	HGNC:7662	MONDO:0007922	biolink:causes	0
0.2905988	HGNC:7662	MONDO:0030915	biolink:causes	0
0.75513965	HGNC:7679	MONDO:0011017	biolink:gene_associated_with_condition	0
0.46157217	HGNC:7693	MONDO:0008673	biolink:causes	0
0.4826455	HGNC:7693	MONDO:0011125	biolink:causes	0
0.3699343	HGNC:9706	MONDO:0018092	biolink:gene_associated_with_condition	0
0.01576265	HGNC:9706	MONDO:0044617	biolink:gene_associated_with_condition	0
0.6679377	HGNC:7739	MONDO:0014717	biolink:gene_associated_with_condition	0
0.5520085	HGNC:7739	MONDO:0030910	biolink:gene_associated_with_condition	0
0.43708873	HGNC:29433	MONDO:0013111	biolink:causes	0
0.3554223	HGNC:7821	MONDO:0011740	biolink:gene_associated_with_condition	0
0.54205614	HGNC:7821	MONDO:0008684	biolink:gene_associated_with_condition	0
0.7965162	HGNC:7821	MONDO:0014343	biolink:gene_associated_with_condition	0
0.46489057	HGNC:7821	MONDO:0044306	biolink:gene_associated_with_condition	0
0.34097105	HGNC:7821	MONDO:0011790	biolink:gene_associated_with_condition	0
0.038936302	HGNC:2488	MONDO:0014184	biolink:causes	0
0.6360888	HGNC:2488	MONDO:0030055	biolink:causes	0
0.012024519	HGNC:2488	MONDO:0600030	biolink:causes	0
0.7990596	HGNC:2488	MONDO:0013482	biolink:causes	0
0.43320796	HGNC:951	MONDO:0014942	biolink:causes	0
0.18704371	HGNC:951	MONDO:0007931	biolink:causes	0
0.68458885	HGNC:951	MONDO:0032915	biolink:causes	0
0.15729101	HGNC:951	MONDO:0013487	biolink:causes	0
0.20123538	HGNC:16400	MONDO:0021573	biolink:causes	0
0.6936901	HGNC:16400	MONDO:0014121	biolink:gene_associated_with_condition	0
0.3195014	HGNC:16400	MONDO:0010848	biolink:gene_associated_with_condition	0
0.41341123	HGNC:22938	MONDO:0011397	biolink:gene_associated_with_condition	0
0.5834434	HGNC:22448	MONDO:0033008	biolink:causes	0
0.6552377	HGNC:22448	MONDO:0008377	biolink:causes	0
0.004085289	HGNC:5331	MONDO:0011226	biolink:contributes_to	0
0.42203265	HGNC:5331	MONDO:0044701	biolink:contributes_to	0
0.5255597	HGNC:14378	MONDO:0024264	biolink:causes	0
0.7181378	HGNC:7881	MONDO:0032728	biolink:causes	0
0.54159594	HGNC:14537	MONDO:0014397	biolink:gene_associated_with_condition	0
0.35829073	HGNC:14537	MONDO:0011908	biolink:gene_associated_with_condition	0
0.8062803	HGNC:7945	MONDO:0008332	biolink:causes	0
0.737192	HGNC:7945	MONDO:0011017	biolink:causes	0
0.8257474	HGNC:7945	MONDO:0013431	biolink:causes	0
0.7775792	HGNC:7983	MONDO:0014343	biolink:causes	0
0.7835253	HGNC:13398	MONDO:0032853	biolink:causes	0
0.020840622	HGNC:13398	MONDO:0033980	biolink:causes	0
0.47087944	HGNC:13398	MONDO:0012041	biolink:causes	0
0.5016897	HGNC:7677	MONDO:0009279	biolink:causes	0
0.009747614	HGNC:7677	MONDO:0030875	biolink:causes	0
0.3995832	HGNC:7677	MONDO:0010907	biolink:causes	0
0.38957536	HGNC:8028	MONDO:0010441	biolink:causes	0
0.254037	HGNC:8028	MONDO:0018280	biolink:gene_associated_with_condition	0
0.34215	HGNC:8028	MONDO:0013357	biolink:causes	0
0.30839032	HGNC:8028	MONDO:0012734	biolink:causes	0
0.508126	HGNC:8028	MONDO:0013473	biolink:gene_associated_with_condition	0
0.5865223	HGNC:8091	MONDO:0032817	biolink:gene_associated_with_condition	0
0.58685356	HGNC:8091	MONDO:0014573	biolink:gene_associated_with_condition	0
0.4214817	HGNC:8487	MONDO:0011489	biolink:causes	0
0.36518246	HGNC:18124	MONDO:0032937	biolink:causes	0
0.57723016	HGNC:19317	MONDO:0957807	biolink:causes	0
0.6072321	HGNC:19317	MONDO:0014132	biolink:causes	0
0.038092308	HGNC:19317	MONDO:0013034	biolink:causes	0
0.08530922	HGNC:8582	MONDO:0008306	biolink:gene_associated_with_condition	0
0.029375562	HGNC:8582	MONDO:0011971	biolink:gene_associated_with_condition	0
0.6279638	HGNC:8591	MONDO:0014822	biolink:causes	0
0.46092135	HGNC:8591	MONDO:0008881	biolink:causes	0
0.562577	HGNC:8591	MONDO:0032653	biolink:causes	0
0.14718562	HGNC:30563	MONDO:0011822	biolink:causes	0
0.43322363	HGNC:8617	MONDO:0700343	biolink:causes	0
0.6988288	HGNC:8617	MONDO:0008377	biolink:causes	0
0.8027362	HGNC:8778	MONDO:0010183	biolink:causes	0
0.71294516	HGNC:8778	MONDO:0010870	biolink:causes	0
0.76297534	HGNC:8778	MONDO:0012039	biolink:causes	0
0.7225274	HGNC:8778	MONDO:0014627	biolink:causes	0
0.6394735	HGNC:8787	MONDO:0017833	biolink:causes	0
0.68751585	HGNC:8787	MONDO:0009050	biolink:causes	0
0.76893723	HGNC:8804	MONDO:0009079	biolink:causes	0
0.6371837	HGNC:8804	MONDO:0032822	biolink:causes	0
0.6120444	HGNC:6107	MONDO:0014550	biolink:causes	0
0.14392357	HGNC:8858	MONDO:0100180	biolink:causes	0
0.70199966	HGNC:8858	MONDO:0008818	biolink:causes	0
0.2997087	HGNC:9713	MONDO:0010135	biolink:gene_associated_with_condition	0
0.023228392	HGNC:8881	MONDO:0019644	biolink:causes	0
0.57055557	HGNC:25712	MONDO:0032937	biolink:gene_associated_with_condition	0
0.25717035	HGNC:9143	MONDO:0007340	biolink:gene_associated_with_condition	0
0.0885876	HGNC:9143	MONDO:0014900	biolink:gene_associated_with_condition	0
0.08326247	HGNC:9143	MONDO:0009998	biolink:gene_associated_with_condition	0
0.6069582	HGNC:14937	MONDO:0014490	biolink:causes	0
0.70001614	HGNC:8979	MONDO:0015679	biolink:causes	0
0.7822235	HGNC:8999	MONDO:0012859	biolink:causes	0
0.64494735	HGNC:9052	MONDO:0011017	biolink:gene_associated_with_condition	0
0.6574789	HGNC:9069	MONDO:0011570	biolink:gene_associated_with_condition	0
0.69455147	HGNC:9069	MONDO:0014718	biolink:gene_associated_with_condition	0
0.3429869	HGNC:9069	MONDO:0010315	biolink:causes	0
0.65757364	HGNC:9081	MONDO:0011335	biolink:causes	0
0.6984036	HGNC:9081	MONDO:0020512	biolink:causes	0
0.0069980137	HGNC:22954	MONDO:0012395	biolink:causes	0
0.6979659	HGNC:9175	MONDO:0014455	biolink:causes	0
0.40373355	HGNC:9179	MONDO:0013678	biolink:causes	0
0.034776706	HGNC:9181	MONDO:0015597	biolink:causes	0
0.15996316	HGNC:30348	MONDO:0011450	biolink:gene_associated_with_condition	0
0.7084845	HGNC:9202	MONDO:0032687	biolink:gene_associated_with_condition	0
0.57087475	HGNC:9210	MONDO:0008720	biolink:causes	0
0.021367561	HGNC:25686	MONDO:0017947	biolink:causes	0
0.7063088	HGNC:25686	MONDO:0008377	biolink:causes	0
0.20711693	HGNC:25686	MONDO:0014296	biolink:causes	0
0.82517934	HGNC:9282	MONDO:0012197	biolink:causes	0
0.7617035	HGNC:9282	MONDO:0060556	biolink:causes	0
0.6562446	HGNC:9282	MONDO:0012295	biolink:causes	0
0.2190266	HGNC:9330	MONDO:0009359	biolink:gene_associated_with_condition	0
0.040780794	HGNC:9330	MONDO:0014853	biolink:gene_associated_with_condition	0
0.13412844	HGNC:9456	MONDO:0010169	biolink:causes	0
0.8351018	HGNC:9456	MONDO:0018324	biolink:causes	0
0.67075247	HGNC:9462	MONDO:0032799	biolink:gene_associated_with_condition	0
0.70037246	HGNC:9588	MONDO:0032906	biolink:contributes_to	0
0.0025901857	HGNC:9588	MONDO:0975746	biolink:gene_associated_with_condition	0
0.58927214	HGNC:23734	MONDO:0007205	biolink:causes	0
0.34894475	HGNC:9701	MONDO:0054763	biolink:gene_associated_with_condition	0
0.14914374	HGNC:9701	MONDO:0010227	biolink:gene_associated_with_condition	0
0.007717829	HGNC:15508	MONDO:0044617	biolink:causes	0
0.633008	HGNC:816	MONDO:0032636	biolink:gene_associated_with_condition	0
0.7846226	HGNC:18305	MONDO:0030878	biolink:gene_associated_with_condition	0
0.73654246	HGNC:854	MONDO:0032705	biolink:causes	0
0.5496374	HGNC:3706	MONDO:0014319	biolink:gene_associated_with_condition	0
0.49597138	HGNC:7106	MONDO:0009714	biolink:gene_associated_with_condition	0
0.665896	HGNC:7106	MONDO:0012669	biolink:gene_associated_with_condition	0
0.3315664	HGNC:904	MONDO:0014093	biolink:causes	0
0.39119387	HGNC:966	MONDO:0009839	biolink:causes	0
0.8585724	HGNC:983	MONDO:0008377	biolink:gene_associated_with_condition	0
0.53638536	HGNC:12703	MONDO:0014343	biolink:gene_associated_with_condition	0
0.17976636	HGNC:1044	MONDO:0009885	biolink:causes	0
0.07992395	HGNC:1044	MONDO:0958180	biolink:causes	0
0.7771103	HGNC:1044	MONDO:0007574	biolink:gene_associated_with_condition	0
0.51767695	HGNC:1044	MONDO:0009215	biolink:causes	0
0.8702897	HGNC:1044	MONDO:0011783	biolink:gene_associated_with_condition	0
0.8661768	HGNC:1044	MONDO:0013323	biolink:causes	0
0.8056403	HGNC:21701	MONDO:0012559	biolink:causes	0
0.87361	HGNC:24713	MONDO:0971172	biolink:gene_associated_with_condition	0
0.7389367	HGNC:24713	MONDO:0014864	biolink:gene_associated_with_condition	0
0.06540204	HGNC:9832	MONDO:0030361	biolink:causes	0
0.052214574	HGNC:9832	MONDO:0032686	biolink:causes	0
0.1603098	HGNC:9832	MONDO:0100294	biolink:causes	0
0.28018996	HGNC:9832	MONDO:0008995	biolink:causes	0
0.28750783	HGNC:9832	MONDO:0009300	biolink:causes	0
0.32284874	HGNC:9970	MONDO:0013193	biolink:gene_associated_with_condition	0
0.44752303	HGNC:9970	MONDO:0009053	biolink:gene_associated_with_condition	0
0.55082595	HGNC:9970	MONDO:0008377	biolink:gene_associated_with_condition	0
0.48638195	HGNC:9990	MONDO:0018656	biolink:causes	0
0.49523813	HGNC:9990	MONDO:0020345	biolink:causes	0
0.30386698	HGNC:9990	MONDO:0014586	biolink:causes	0
0.42177224	HGNC:9990	MONDO:0019947	biolink:causes	0
0.4788969	HGNC:10019	MONDO:0007681	biolink:causes	0
0.3494445	HGNC:10019	MONDO:0014093	biolink:causes	0
0.18627821	HGNC:10023	MONDO:0012421	biolink:causes	0
0.52248114	HGNC:10023	MONDO:0009109	biolink:causes	0
0.8658164	HGNC:10031	MONDO:0009216	biolink:gene_associated_with_condition	0
0.7565029	HGNC:10031	MONDO:0010277	biolink:gene_associated_with_condition	0
0.60542387	HGNC:10258	MONDO:0007740	biolink:causes	0
0.38455805	HGNC:10298	MONDO:0008740	biolink:causes	0
0.6039332	HGNC:10298	MONDO:0008377	biolink:causes	0
0.4727875	HGNC:10298	MONDO:0013208	biolink:causes	0
0.7772809	HGNC:10303	MONDO:0000908	biolink:gene_associated_with_condition	0
0.18714689	HGNC:10327	MONDO:0013216	biolink:causes	0
0.55027294	HGNC:21054	MONDO:0033556	biolink:causes	0
0.816331	HGNC:28583	MONDO:0010655	biolink:causes	0
0.629957	HGNC:10484	MONDO:0007949	biolink:gene_associated_with_condition	0
0.69325286	HGNC:21637	MONDO:0958071	biolink:gene_associated_with_condition	0
0.7031764	HGNC:10542	MONDO:0007875	biolink:gene_associated_with_condition	0
0.7474232	HGNC:10597	MONDO:0859312	biolink:gene_associated_with_condition	0
0.7328374	HGNC:10597	MONDO:0010856	biolink:gene_associated_with_condition	0
0.41522154	HGNC:10597	MONDO:0032899	biolink:gene_associated_with_condition	0
0.6622738	HGNC:17052	MONDO:0032624	biolink:causes	0
0.79548436	HGNC:17052	MONDO:0032741	biolink:causes	0
0.018108834	HGNC:10727	MONDO:0850078	biolink:causes	0
0.7362868	HGNC:10818	MONDO:0014341	biolink:causes	0
0.6502666	HGNC:10818	MONDO:0009213	biolink:causes	0
0.33001974	HGNC:14294	MONDO:0009379	biolink:gene_associated_with_condition	0
0.052110165	HGNC:26535	MONDO:0044313	biolink:gene_associated_with_condition	0
0.51735884	HGNC:10896	MONDO:0009215	biolink:causes	0
0.7843178	HGNC:10939	MONDO:0014343	biolink:gene_associated_with_condition	0
0.78257257	HGNC:10941	MONDO:0014267	biolink:causes	0
0.5393699	HGNC:11006	MONDO:0011338	biolink:causes	0
0.37157884	HGNC:11030	MONDO:0014620	biolink:causes	0
0.24020147	HGNC:11052	MONDO:0054802	biolink:causes	0
0.31582928	HGNC:11056	MONDO:0035651	biolink:gene_associated_with_condition	0
0.66725534	HGNC:11079	MONDO:0011106	biolink:causes	0
0.14644031	HGNC:23088	MONDO:0009061	biolink:causes	0
0.79865795	HGNC:23088	MONDO:0014227	biolink:causes	0
0.9146895	HGNC:23088	MONDO:0800436	biolink:causes	0
0.15140061	HGNC:13818	MONDO:0013390	biolink:causes	0
0.3680381	HGNC:10922	MONDO:0029140	biolink:causes	0
0.57810795	HGNC:10922	MONDO:0014206	biolink:causes	0
0.07363942	HGNC:8818	MONDO:0017360	biolink:gene_associated_with_condition	0
0.29762387	HGNC:8818	MONDO:0032778	biolink:causes	0
0.6184128	HGNC:23096	MONDO:0009857	biolink:causes	0
0.6252835	HGNC:23096	MONDO:0014392	biolink:causes	0
0.49681035	HGNC:25355	MONDO:0012559	biolink:gene_associated_with_condition	0
0.47711372	HGNC:25355	MONDO:0014343	biolink:gene_associated_with_condition	0
0.2810052	HGNC:25355	MONDO:0009104	biolink:gene_associated_with_condition	0
0.36790273	HGNC:11018	MONDO:0013243	biolink:causes	0
0.6657222	HGNC:11020	MONDO:0010232	biolink:causes	0
0.085589744	HGNC:11020	MONDO:0034991	biolink:causes	0
0.77393293	HGNC:11020	MONDO:0018417	biolink:causes	0
0.27088037	HGNC:11020	MONDO:0012041	biolink:causes	0
0.7794311	HGNC:17129	MONDO:0014072	biolink:gene_associated_with_condition	0
0.71729505	HGNC:20858	MONDO:0060707	biolink:causes	0
0.2897868	HGNC:30225	MONDO:0014883	biolink:gene_associated_with_condition	0
0.65889114	HGNC:6768	MONDO:0013853	biolink:causes	0
0.4876724	HGNC:6770	MONDO:0015096	biolink:causes	0
0.05109447	HGNC:6770	MONDO:0012085	biolink:causes	0
0.8226731	HGNC:6770	MONDO:0017218	biolink:causes	0
0.86133766	HGNC:6770	MONDO:0012520	biolink:causes	0
0.5619056	HGNC:6770	MONDO:0019921	biolink:causes	0
0.76967263	HGNC:6770	MONDO:0032871	biolink:gene_associated_with_condition	0
0.7981109	HGNC:6770	MONDO:0008542	biolink:causes	0
0.7098068	HGNC:44204	MONDO:0033556	biolink:causes	0
0.78102964	HGNC:20323	MONDO:0008377	biolink:causes	0
0.55918914	HGNC:20323	MONDO:0007380	biolink:causes	0
0.6763241	HGNC:30859	MONDO:0014238	biolink:causes	0
0.6719335	HGNC:30859	MONDO:0019150	biolink:causes	0
0.7914214	HGNC:1331	MONDO:0014343	biolink:causes	0
0.34315747	HGNC:1331	MONDO:0025354	biolink:causes	0
0.45644987	HGNC:1373	MONDO:0010281	biolink:gene_associated_with_condition	0
0.36198816	HGNC:1445	MONDO:0025354	biolink:causes	0
0.04267696	HGNC:1445	MONDO:0011667	biolink:causes	0
0.24164131	HGNC:1460	MONDO:0010963	biolink:causes	0
0.006848832	HGNC:16393	MONDO:0011285	biolink:gene_associated_with_condition	0
0.5630314	HGNC:16393	MONDO:0014481	biolink:causes	0
0.52784634	HGNC:16393	MONDO:0032942	biolink:gene_associated_with_condition	0
0.04917924	HGNC:16393	MONDO:0100045	biolink:causes	0
0.23806377	HGNC:1515	MONDO:0007232	biolink:causes	0
0.5623768	HGNC:18810	MONDO:0011939	biolink:gene_associated_with_condition	0
0.017167196	HGNC:18810	MONDO:0030490	biolink:gene_associated_with_condition	0
0.5791337	HGNC:1529	MONDO:0007561	biolink:gene_associated_with_condition	0
0.7099849	HGNC:1529	MONDO:0012594	biolink:causes	0
0.8315326	HGNC:1529	MONDO:0014343	biolink:causes	0
0.8578733	HGNC:1529	MONDO:0008377	biolink:causes	0
0.58472836	HGNC:1529	MONDO:0015786	biolink:gene_associated_with_condition	0
0.8227043	HGNC:1529	MONDO:0859335	biolink:gene_associated_with_condition	0
0.88326406	HGNC:1542	MONDO:0014343	biolink:causes	0
0.41363332	HGNC:19967	MONDO:0008542	biolink:gene_associated_with_condition	0
0.4883875	HGNC:19967	MONDO:0011504	biolink:causes	0
0.34916216	HGNC:19967	MONDO:0033047	biolink:causes	0
0.64639014	HGNC:29296	MONDO:0007922	biolink:causes	0
0.748382	HGNC:11167	MONDO:0014343	biolink:causes	0
0.67247057	HGNC:11167	MONDO:0024455	biolink:causes	0
0.86022913	HGNC:11167	MONDO:0800341	biolink:causes	0
0.7401296	HGNC:14974	MONDO:0033009	biolink:causes	0
0.039426383	HGNC:14974	MONDO:0009235	biolink:causes	0
0.75759083	HGNC:14974	MONDO:0010356	biolink:causes	0
0.34341973	HGNC:14974	MONDO:0017052	biolink:causes	0
0.10580138	HGNC:14974	MONDO:0957583	biolink:causes	0
0.56618947	HGNC:11187	MONDO:0014717	biolink:causes	0
0.92846036	HGNC:11187	MONDO:0015278	biolink:causes	0
0.8399079	HGNC:11187	MONDO:0020745	biolink:causes	0
0.76496977	HGNC:11195	MONDO:0008377	biolink:gene_associated_with_condition	0
0.52876735	HGNC:14530	MONDO:0007922	biolink:causes	0
0.038154434	HGNC:14530	MONDO:0700298	biolink:causes	0
0.007917401	HGNC:14530	MONDO:0016573	biolink:causes	0
0.084993705	HGNC:14530	MONDO:0020785	biolink:causes	0
0.4048682	HGNC:14530	MONDO:0049222	biolink:causes	0
0.12112373	HGNC:11254	MONDO:0011672	biolink:causes	0
0.537107	HGNC:11274	MONDO:0033115	biolink:causes	0
0.74624187	HGNC:11276	MONDO:0008436	biolink:gene_associated_with_condition	0
0.66899765	HGNC:11276	MONDO:0008633	biolink:causes	0
0.59247273	HGNC:11276	MONDO:0033200	biolink:gene_associated_with_condition	0
0.6959368	HGNC:11283	MONDO:0008259	biolink:gene_associated_with_condition	0
0.7752726	HGNC:10780	MONDO:0014343	biolink:causes	0
0.14090234	HGNC:10780	MONDO:0017544	biolink:causes	0
0.45551607	HGNC:28423	MONDO:0013690	biolink:causes	0
0.665442	HGNC:11389	MONDO:0009928	biolink:causes	0
0.56002647	HGNC:11389	MONDO:0012276	biolink:causes	0
0.04455982	HGNC:11389	MONDO:0019458	biolink:causes	0
0.32808143	HGNC:28852	MONDO:0011765	biolink:causes	0
0.0037570412	HGNC:18130	MONDO:0044657	biolink:gene_associated_with_condition	0
0.77328485	HGNC:11522	MONDO:0010496	biolink:gene_associated_with_condition	0
0.519096	HGNC:11522	MONDO:0009194	biolink:gene_associated_with_condition	0
0.76516175	HGNC:24316	MONDO:0014343	biolink:causes	0
0.052586917	HGNC:11584	MONDO:0008340	biolink:causes	0
0.28851408	HGNC:11584	MONDO:0014998	biolink:gene_associated_with_condition	0
0.48237455	HGNC:11600	MONDO:0014343	biolink:causes	0
0.43330997	HGNC:11609	MONDO:0011787	biolink:causes	0
0.12802169	HGNC:11609	MONDO:0060663	biolink:causes	0
0.02691896	HGNC:24519	MONDO:0017947	biolink:causes	0
0.5635802	HGNC:27365	MONDO:0013553	biolink:causes	0
0.43270656	HGNC:27365	MONDO:0018875	biolink:causes	0
0.70955986	HGNC:11764	MONDO:0019174	biolink:causes	0
0.84211755	HGNC:11766	MONDO:0020745	biolink:contributes_to	0
0.19998303	HGNC:11766	MONDO:0014803	biolink:causes	0
0.23757225	HGNC:11772	MONDO:0009315	biolink:causes	0
0.6782282	HGNC:11772	MONDO:0016281	biolink:causes	0
0.90465015	HGNC:11772	MONDO:0958322	biolink:causes	0
0.187673	HGNC:18021	MONDO:0014645	biolink:contributes_to	0
0.29034552	HGNC:18021	MONDO:0035651	biolink:contributes_to	0
0.029645063	HGNC:26186	MONDO:0017697	biolink:causes	0
0.05923307	HGNC:28396	MONDO:0013181	biolink:causes	0
0.780292	HGNC:28396	MONDO:0013768	biolink:causes	0
0.8813699	HGNC:28396	MONDO:0971178	biolink:gene_associated_with_condition	0
0.6356403	HGNC:28396	MONDO:0008542	biolink:causes	0
0.46899554	HGNC:28128	MONDO:0032819	biolink:causes	0
0.8335219	HGNC:28128	MONDO:0014343	biolink:causes	0
0.0050473297	HGNC:11917	MONDO:0044255	biolink:gene_associated_with_condition	0
0.02500922	HGNC:11917	MONDO:0957594	biolink:gene_associated_with_condition	0
0.5117444	HGNC:11905	MONDO:0008722	biolink:gene_associated_with_condition	0
0.23451917	HGNC:11905	MONDO:0032898	biolink:gene_associated_with_condition	0
0.75173485	HGNC:11908	MONDO:0012143	biolink:causes	0
0.8182611	HGNC:11908	MONDO:0012563	biolink:causes	0
0.18277062	HGNC:11908	MONDO:0015519	biolink:causes	0
0.703358	HGNC:11908	MONDO:0030045	biolink:causes	0
0.77213997	HGNC:11908	MONDO:0030072	biolink:causes	0
0.9064481	HGNC:11908	MONDO:0007874	biolink:causes	0
0.27452636	HGNC:11934	MONDO:0958354	biolink:contributes_to	0
0.057370745	HGNC:11934	MONDO:0011774	biolink:contributes_to	0
0.7925686	HGNC:11948	MONDO:0012892	biolink:causes	0
0.6933859	HGNC:11948	MONDO:0007380	biolink:causes	0
0.56308156	HGNC:11992	MONDO:0009928	biolink:gene_associated_with_condition	0
0.6352693	HGNC:11992	MONDO:0016539	biolink:causes	0
0.09949003	HGNC:3098	MONDO:0011285	biolink:causes	0
0.6992316	HGNC:3098	MONDO:0010631	biolink:causes	0
0.7322975	HGNC:3098	MONDO:0011184	biolink:causes	0
0.87508833	HGNC:12012	MONDO:0020745	biolink:causes	0
0.4389284	HGNC:12012	MONDO:0012166	biolink:gene_associated_with_condition	0
0.6577865	HGNC:12012	MONDO:0024535	biolink:causes	0
0.009440257	HGNC:24259	MONDO:0014040	biolink:causes	0
0.08308205	HGNC:12266	MONDO:0013388	biolink:gene_associated_with_condition	0
0.07867139	HGNC:12266	MONDO:0009419	biolink:gene_associated_with_condition	0
0.787004	HGNC:7523	MONDO:0859182	biolink:gene_associated_with_condition	0
0.50696623	HGNC:12310	MONDO:0008546	biolink:causes	0
0.11771414	HGNC:12305	MONDO:0019373	biolink:gene_associated_with_condition	0
0.6766919	HGNC:18084	MONDO:0009544	biolink:gene_associated_with_condition	0
0.4697347	HGNC:18084	MONDO:0015003	biolink:causes	0
0.08313952	HGNC:12373	MONDO:0009061	biolink:gene_associated_with_condition	0
0.62580556	HGNC:12373	MONDO:0859207	biolink:gene_associated_with_condition	0
0.8422593	HGNC:12373	MONDO:0008377	biolink:gene_associated_with_condition	0
0.08079319	HGNC:12373	MONDO:0014152	biolink:gene_associated_with_condition	0
0.7290273	HGNC:12373	MONDO:0008002	biolink:gene_associated_with_condition	0
0.71409506	HGNC:12373	MONDO:0014857	biolink:gene_associated_with_condition	0
0.6940228	HGNC:26262	MONDO:0008377	biolink:gene_associated_with_condition	0
0.90945005	HGNC:20778	MONDO:0014343	biolink:causes	0
0.7722782	HGNC:20773	MONDO:0017403	biolink:gene_associated_with_condition	0
0.6945375	HGNC:20773	MONDO:0025699	biolink:gene_associated_with_condition	0
0.42750114	HGNC:20773	MONDO:0054737	biolink:causes	0
0.52509797	HGNC:20773	MONDO:0007349	biolink:causes	0
0.5141309	HGNC:12441	MONDO:0010661	biolink:causes	0
0.50285864	HGNC:12499	MONDO:0012203	biolink:causes	0
0.38743395	HGNC:12499	MONDO:0054763	biolink:causes	0
0.005728538	HGNC:12499	MONDO:0100600	biolink:causes	0
0.3341534	HGNC:12511	MONDO:0009960	biolink:gene_associated_with_condition	0
0.06908402	HGNC:12511	MONDO:0012474	biolink:gene_associated_with_condition	0
0.61263824	HGNC:12511	MONDO:0014995	biolink:gene_associated_with_condition	0
0.9573418	HGNC:26941	MONDO:0030918	biolink:causes	0
0.7741328	HGNC:25640	MONDO:0009451	biolink:causes	0
0.73566717	HGNC:12565	MONDO:0012621	biolink:causes	0
0.34700143	HGNC:12565	MONDO:0033533	biolink:causes	0
0.71586907	HGNC:29594	MONDO:0008377	biolink:causes	0
0.48976862	HGNC:12630	MONDO:0012864	biolink:causes	0
0.57119733	HGNC:12630	MONDO:0008246	biolink:causes	0
0.2074457	HGNC:13486	MONDO:0009159	biolink:causes	0
0.33100504	HGNC:13486	MONDO:0030971	biolink:causes	0
0.50275236	HGNC:12651	MONDO:0010792	biolink:causes	0
0.52592033	HGNC:12651	MONDO:0008018	biolink:causes	0
0.4607584	HGNC:2183	MONDO:0008799	biolink:causes	0
0.78677243	HGNC:23595	MONDO:0008377	biolink:gene_associated_with_condition	0
0.09765025	HGNC:24928	MONDO:0009657	biolink:causes	0
0.29596493	HGNC:24928	MONDO:0017173	biolink:gene_associated_with_condition	0
0.114890404	HGNC:24928	MONDO:0013941	biolink:gene_associated_with_condition	0
0.07511807	HGNC:17327	MONDO:0013033	biolink:gene_associated_with_condition	0
0.43212882	HGNC:17327	MONDO:0012348	biolink:causes	0
0.57764375	HGNC:17327	MONDO:0030438	biolink:gene_associated_with_condition	0
0.4967087	HGNC:30914	MONDO:0009928	biolink:gene_associated_with_condition	0
0.49300992	HGNC:30914	MONDO:0008176	biolink:gene_associated_with_condition	0
0.77345526	HGNC:25928	MONDO:0014343	biolink:gene_associated_with_condition	0
0.6065755	HGNC:25928	MONDO:0032804	biolink:gene_associated_with_condition	0
0.07405334	HGNC:25928	MONDO:0100460	biolink:gene_associated_with_condition	0
0.5616753	HGNC:12762	MONDO:0021093	biolink:causes	0
0.17000864	HGNC:12762	MONDO:0054861	biolink:causes	0
0.013533453	HGNC:12762	MONDO:0012883	biolink:causes	0
0.74028975	HGNC:12774	MONDO:0008377	biolink:gene_associated_with_condition	0
0.6408847	HGNC:13829	MONDO:0010361	biolink:gene_associated_with_condition	0
0.61756533	HGNC:13829	MONDO:0013060	biolink:causes	0
0.76165634	HGNC:13829	MONDO:0007818	biolink:gene_associated_with_condition	0
0.80376476	HGNC:12831	MONDO:0032819	biolink:causes	0
0.78287536	HGNC:12831	MONDO:0010184	biolink:causes	0
0.7427058	HGNC:12831	MONDO:0036189	biolink:causes	0
0.89443415	HGNC:15517	MONDO:0009677	biolink:causes	0
0.62965953	HGNC:15517	MONDO:0008542	biolink:causes	0
0.6814742	HGNC:30511	MONDO:0010319	biolink:gene_associated_with_condition	0
0.10968475	HGNC:21143	MONDO:0009904	biolink:causes	0
0.6844383	HGNC:21143	MONDO:0013529	biolink:causes	0
0.038893923	HGNC:24931	MONDO:0060663	biolink:gene_associated_with_condition	0
0.6809123	HGNC:24931	MONDO:0033006	biolink:gene_associated_with_condition	0
0.83418643	HGNC:24931	MONDO:0008377	biolink:gene_associated_with_condition	0
0.803686	HGNC:24931	MONDO:0800028	biolink:gene_associated_with_condition	0
0.24800144	HGNC:30939	MONDO:0014641	biolink:gene_associated_with_condition	0
0.8820823	HGNC:12869	MONDO:0008818	biolink:causes	0
0.6306555	HGNC:12872	MONDO:0020378	biolink:gene_associated_with_condition	0
0.6400416	HGNC:12872	MONDO:0030927	biolink:causes	0
0.6682525	HGNC:16493	MONDO:0013873	biolink:causes	0
0.5326354	HGNC:16493	MONDO:0010665	biolink:causes	0
0.16730255	HGNC:34519	MONDO:0009104	biolink:causes	0
0.63051695	HGNC:26993	MONDO:0044792	biolink:causes	0
0.27373922	HGNC:2500	MONDO:0018144	biolink:gene_associated_with_condition	0
0.576786	HGNC:2500	MONDO:0100119	biolink:causes	0
0.5399023	HGNC:1591	MONDO:0014984	biolink:causes	0
0.21874976	HGNC:1591	MONDO:0029134	biolink:causes	0
0.8485068	HGNC:1606	MONDO:0009211	biolink:contributes_to	0
0.616455	HGNC:1606	MONDO:0014290	biolink:contributes_to	0
0.7753861	HGNC:1633	MONDO:0011541	biolink:causes	0
0.724555	HGNC:16783	MONDO:0008377	biolink:gene_associated_with_condition	0
0.1849516	HGNC:16783	MONDO:0008963	biolink:causes	0
0.64063597	HGNC:16783	MONDO:0009485	biolink:causes	0
0.5691767	HGNC:16783	MONDO:0011246	biolink:causes	0
0.34913582	HGNC:16783	MONDO:0032899	biolink:gene_associated_with_condition	0
0.17458627	HGNC:16783	MONDO:0012204	biolink:gene_associated_with_condition	0
0.52127975	HGNC:16783	MONDO:0013110	biolink:gene_associated_with_condition	0
0.5348689	HGNC:16783	MONDO:0013550	biolink:causes	0
0.40514266	HGNC:1787	MONDO:0017049	biolink:contributes_to	0
0.011857159	HGNC:1787	MONDO:0600030	biolink:gene_associated_with_condition	0
0.55630493	HGNC:1787	MONDO:0014868	biolink:contributes_to	0
0.37533942	HGNC:1787	MONDO:0010747	biolink:contributes_to	0
0.7958797	HGNC:1857	MONDO:0015278	biolink:gene_associated_with_condition	0
0.56351	HGNC:1857	MONDO:0009168	biolink:causes	0
0.12542383	HGNC:28209	MONDO:0007080	biolink:gene_associated_with_condition	0
0.21252695	HGNC:1869	MONDO:0012125	biolink:causes	0
0.24228841	HGNC:25631	MONDO:0007222	biolink:causes	0
0.5831097	HGNC:26708	MONDO:0031446	biolink:causes	0
0.7103999	HGNC:26708	MONDO:0014311	biolink:causes	0
0.7157494	HGNC:26708	MONDO:0014343	biolink:causes	0
0.5578365	HGNC:26708	MONDO:0014550	biolink:causes	0
0.56512624	HGNC:26708	MONDO:0012295	biolink:causes	0
0.5863546	HGNC:2771	MONDO:0014343	biolink:gene_associated_with_condition	0
0.11507092	HGNC:2771	MONDO:0008747	biolink:gene_associated_with_condition	0
0.4224959	HGNC:5394	MONDO:0013551	biolink:causes	0
0.4119975	HGNC:5394	MONDO:0019947	biolink:gene_associated_with_condition	0
0.04652336	HGNC:5394	MONDO:0850067	biolink:causes	0
0.4815749	HGNC:5394	MONDO:0020507	biolink:causes	0
0.067667134	HGNC:1956	MONDO:0044701	biolink:causes	0
0.63534766	HGNC:1965	MONDO:0008772	biolink:causes	0
0.6693168	HGNC:1965	MONDO:0032590	biolink:causes	0
0.37473035	HGNC:14214	MONDO:0009653	biolink:causes	0
0.6611888	HGNC:14214	MONDO:0011902	biolink:causes	0
0.8304029	HGNC:2021	MONDO:0014343	biolink:causes	0
0.8097658	HGNC:2021	MONDO:0009728	biolink:causes	0
0.6151985	HGNC:2021	MONDO:0007400	biolink:causes	0
0.35341838	HGNC:2027	MONDO:0010465	biolink:gene_associated_with_condition	0
0.4149454	HGNC:2027	MONDO:0032752	biolink:causes	0
0.32930478	HGNC:2027	MONDO:0013553	biolink:gene_associated_with_condition	0
0.48427182	HGNC:33939	MONDO:0014649	biolink:causes	0
0.4569808	HGNC:33939	MONDO:0014274	biolink:causes	0
0.48572254	HGNC:20492	MONDO:0014398	biolink:gene_associated_with_condition	0
0.6529575	HGNC:18621	MONDO:0032886	biolink:causes	0
0.7043952	HGNC:18621	MONDO:0975754	biolink:causes	0
0.60177606	HGNC:18621	MONDO:0033542	biolink:causes	0
0.59993833	HGNC:2202	MONDO:0014338	biolink:gene_associated_with_condition	0
0.012142959	HGNC:2202	MONDO:0017901	biolink:contributes_to	0
0.27244183	HGNC:2202	MONDO:0007483	biolink:contributes_to	0
0.74993104	HGNC:2204	MONDO:0054737	biolink:gene_associated_with_condition	0
0.6139272	HGNC:2211	MONDO:0016780	biolink:gene_associated_with_condition	0
0.70815223	HGNC:2214	MONDO:0007738	biolink:gene_associated_with_condition	0
0.7626747	HGNC:2214	MONDO:0014620	biolink:gene_associated_with_condition	0
0.5413358	HGNC:2214	MONDO:0010277	biolink:gene_associated_with_condition	0
0.7269832	HGNC:2214	MONDO:0010400	biolink:gene_associated_with_condition	0
0.6193678	HGNC:2214	MONDO:0012554	biolink:gene_associated_with_condition	0
0.83643097	HGNC:2218	MONDO:0010752	biolink:causes	0
0.14820138	HGNC:2187	MONDO:0009776	biolink:causes	0
0.43661642	HGNC:2187	MONDO:0014926	biolink:causes	0
0.8784611	HGNC:2187	MONDO:0014386	biolink:causes	0
0.79479873	HGNC:2194	MONDO:0007363	biolink:gene_associated_with_condition	0
0.5172778	HGNC:2194	MONDO:0032611	biolink:gene_associated_with_condition	0
0.8187015	HGNC:2227	MONDO:0016783	biolink:causes	0
0.71946204	HGNC:2227	MONDO:0019947	biolink:causes	0
0.34227037	HGNC:2227	MONDO:0009562	biolink:causes	0
0.63126546	HGNC:2232	MONDO:0010792	biolink:causes	0
0.6391735	HGNC:2232	MONDO:0008931	biolink:causes	0
0.00027065666	HGNC:2244	MONDO:0014425	biolink:causes	0
0.8624498	HGNC:2244	MONDO:0014221	biolink:causes	0
0.032954667	HGNC:2260	MONDO:0017544	biolink:causes	0
0.08632149	HGNC:2260	MONDO:0012043	biolink:causes	0
0.60883474	HGNC:17272	MONDO:0009653	biolink:causes	0
0.47959226	HGNC:17272	MONDO:0100340	biolink:causes	0
0.09034964	HGNC:2309	MONDO:0020786	biolink:gene_associated_with_condition	0
0.4765679	HGNC:2309	MONDO:0017111	biolink:gene_associated_with_condition	0
0.39382878	HGNC:2342	MONDO:0971001	biolink:causes	0
0.6355988	HGNC:2348	MONDO:0009625	biolink:causes	0
0.33218998	HGNC:2348	MONDO:0100217	biolink:gene_associated_with_condition	0
0.1334257	HGNC:2348	MONDO:0011839	biolink:gene_associated_with_condition	0
0.5629157	HGNC:2383	MONDO:0957787	biolink:causes	0
0.5870944	HGNC:2389	MONDO:0012096	biolink:gene_associated_with_condition	0
0.055865392	HGNC:2409	MONDO:0011025	biolink:gene_associated_with_condition	0
0.043382477	HGNC:2409	MONDO:0017238	biolink:gene_associated_with_condition	0
0.690842	HGNC:2417	MONDO:0032604	biolink:gene_associated_with_condition	0
0.3508712	HGNC:2481	MONDO:0013794	biolink:causes	0
0.6638398	HGNC:2516	MONDO:0014620	biolink:gene_associated_with_condition	0
0.72122085	HGNC:2528	MONDO:0008437	biolink:causes	0
0.5932177	HGNC:2528	MONDO:0016833	biolink:causes	0
0.44149807	HGNC:2570	MONDO:0013864	biolink:gene_associated_with_condition	0
0.39787167	HGNC:2666	MONDO:0014630	biolink:gene_associated_with_condition	0
0.70551944	HGNC:2678	MONDO:0020745	biolink:gene_associated_with_condition	0
0.6043738	HGNC:13681	MONDO:0012276	biolink:causes	0
0.65618867	HGNC:29812	MONDO:0014020	biolink:causes	0
0.6331258	HGNC:2711	MONDO:0030006	biolink:gene_associated_with_condition	0
0.32526472	HGNC:2711	MONDO:0011765	biolink:contributes_to	0
0.4780556	HGNC:17211	MONDO:0018611	biolink:causes	0
0.13874513	HGNC:17211	MONDO:0009867	biolink:causes	0
0.69829583	HGNC:2877	MONDO:0010477	biolink:causes	0
0.6232775	HGNC:28648	MONDO:0030729	biolink:gene_associated_with_condition	0
0.08443781	HGNC:28648	MONDO:0011935	biolink:causes	0
0.5494174	HGNC:28648	MONDO:0014460	biolink:gene_associated_with_condition	0
0.15204097	HGNC:28648	MONDO:0011450	biolink:gene_associated_with_condition	0
0.041259084	HGNC:2909	MONDO:0012043	biolink:causes	0
0.16311203	HGNC:2940	MONDO:0007738	biolink:causes	0
0.21351708	HGNC:2940	MONDO:0012345	biolink:causes	0
0.007959442	HGNC:2946	MONDO:0014622	biolink:causes	0
0.42538288	HGNC:26532	MONDO:0013119	biolink:gene_associated_with_condition	0
0.4320384	HGNC:26532	MONDO:0011017	biolink:gene_associated_with_condition	0
0.22188966	HGNC:19189	MONDO:0009265	biolink:causes	0
0.74291444	HGNC:19191	MONDO:0015793	biolink:gene_associated_with_condition	0
0.43214154	HGNC:3007	MONDO:0014657	biolink:causes	0
0.0056461715	HGNC:3007	MONDO:0044282	biolink:causes	0
0.8179234	HGNC:3007	MONDO:0033115	biolink:causes	0
0.24194242	HGNC:3012	MONDO:0013125	biolink:causes	0
0.017787287	HGNC:3012	MONDO:0017683	biolink:causes	0
0.6696436	HGNC:3049	MONDO:0007524	biolink:causes	0
0.011800319	HGNC:1090	MONDO:0029144	biolink:gene_associated_with_condition	0
0.5773539	HGNC:1090	MONDO:0044792	biolink:gene_associated_with_condition	0
0.15913767	HGNC:1090	MONDO:0011698	biolink:gene_associated_with_condition	0
0.52790457	HGNC:29043	MONDO:0016833	biolink:causes	0
0.0040003466	HGNC:3087	MONDO:0017945	biolink:causes	0
0.70915365	HGNC:3087	MONDO:0012520	biolink:causes	0
0.7958115	HGNC:24595	MONDO:0020745	biolink:causes	0
0.17180853	HGNC:24595	MONDO:0100180	biolink:causes	0
0.44193414	HGNC:3178	MONDO:0008954	biolink:gene_associated_with_condition	0
0.77220184	HGNC:3178	MONDO:0008542	biolink:contributes_to	0
0.87872064	HGNC:3178	MONDO:0017993	biolink:gene_associated_with_condition	0
0.43453842	HGNC:3188	MONDO:0020324	biolink:causes	0
0.124718316	HGNC:3236	MONDO:0014645	biolink:causes	0
0.22351843	HGNC:3236	MONDO:0012204	biolink:causes	0
0.56647706	HGNC:24921	MONDO:0020721	biolink:causes	0
0.9918439	HGNC:3327	MONDO:0008426	biolink:causes	0
0.3272976	HGNC:18248	MONDO:0009210	biolink:causes	0
0.15230705	HGNC:18248	MONDO:0010911	biolink:causes	0
0.73021924	HGNC:3393	MONDO:0008018	biolink:contributes_to	0
0.046658143	HGNC:3416	MONDO:0013032	biolink:causes	0
0.39997253	HGNC:3434	MONDO:0009994	biolink:causes	0
0.3632459	HGNC:3434	MONDO:0032630	biolink:causes	0
0.58130705	HGNC:3438	MONDO:0017051	biolink:gene_associated_with_condition	0
0.5660695	HGNC:3438	MONDO:0011017	biolink:causes	0
0.0062322486	HGNC:3438	MONDO:0030958	biolink:gene_associated_with_condition	0
0.7930165	HGNC:16947	MONDO:0014343	biolink:gene_associated_with_condition	0
0.684475	HGNC:3481	MONDO:0018816	biolink:gene_associated_with_condition	0
0.7032289	HGNC:3481	MONDO:0018598	biolink:gene_associated_with_condition	0
0.5421023	HGNC:3481	MONDO:0029134	biolink:gene_associated_with_condition	0
0.08773375	HGNC:3497	MONDO:0009061	biolink:gene_associated_with_condition	0
0.23231223	MONDO:0007080	HGNC:15672	biolink:causes	0
0.12542383	MONDO:0007080	HGNC:28209	biolink:gene_associated_with_condition	0
0.035524867	MONDO:0007103	HGNC:4393	biolink:causes	0
0.010526627	MONDO:0007103	HGNC:4367	biolink:gene_associated_with_condition	0
0.040741723	MONDO:0007103	HGNC:6909	biolink:causes	0
0.48347208	MONDO:0007158	HGNC:17328	biolink:causes	0
0.64840156	MONDO:0007158	HGNC:19903	biolink:causes	0
0.39593297	MONDO:0007158	HGNC:9039	biolink:causes	0
0.74724525	MONDO:0007158	HGNC:11303	biolink:gene_associated_with_condition	0
0.5942627	MONDO:0007158	HGNC:17210	biolink:causes	0
0.043282546	MONDO:0007163	HGNC:15455	biolink:gene_associated_with_condition	0
0.01315515	MONDO:0007163	HGNC:15802	biolink:causes	0
0.051465873	MONDO:0007163	HGNC:15808	biolink:gene_associated_with_condition	0
0.7116422	MONDO:0007167	HGNC:3823	biolink:causes	0
0.5930222	MONDO:0007167	HGNC:9717	biolink:gene_associated_with_condition	0
0.46341568	MONDO:0007191	HGNC:28993	biolink:causes	0
0.043571003	MONDO:0007191	HGNC:28449	biolink:gene_associated_with_condition	0
0.24228841	MONDO:0007222	HGNC:25631	biolink:causes	0
0.035848882	MONDO:0007244	HGNC:31704	biolink:causes	0
0.48333874	MONDO:0007244	HGNC:4332	biolink:causes	0
0.25717035	MONDO:0007340	HGNC:9143	biolink:gene_associated_with_condition	0
0.5078216	MONDO:0007376	HGNC:18121	biolink:causes	0
0.43491593	MONDO:0007376	HGNC:35123	biolink:causes	0
0.5552932	MONDO:0007381	HGNC:757	biolink:causes	0
0.37613693	MONDO:0007381	HGNC:7708	biolink:causes	0
0.762221	MONDO:0007412	HGNC:5960	biolink:causes	0
0.2450603	MONDO:0007488	HGNC:7499	biolink:gene_associated_with_condition	0
0.3396546	MONDO:0007556	HGNC:3018	biolink:gene_associated_with_condition	0
0.5791337	MONDO:0007561	HGNC:1529	biolink:gene_associated_with_condition	0
0.5901755	MONDO:0007561	HGNC:14575	biolink:gene_associated_with_condition	0
0.004953074	MONDO:0007723	HGNC:17104	biolink:causes	0
0.049439788	MONDO:0007723	HGNC:9831	biolink:causes	0
0.70815223	MONDO:0007738	HGNC:2214	biolink:gene_associated_with_condition	0
0.16311203	MONDO:0007738	HGNC:2940	biolink:causes	0
0.31753355	MONDO:0007738	HGNC:8609	biolink:causes	0
0.44048747	MONDO:0007738	HGNC:10260	biolink:gene_associated_with_condition	0
0.080592066	MONDO:0007744	HGNC:17494	biolink:causes	0
0.0021401637	MONDO:0007748	HGNC:7737	biolink:causes	0
0.0059226635	MONDO:0007791	HGNC:26927	biolink:causes	0
0.02484918	MONDO:0007828	HGNC:16709	biolink:causes	0
0.2883097	MONDO:0007841	HGNC:12309	biolink:causes	0
0.28026927	MONDO:0007845	HGNC:1346	biolink:causes	0
0.37829274	MONDO:0007854	HGNC:11598	biolink:causes	0
0.38396296	MONDO:0007854	HGNC:4367	biolink:causes	0
0.3214016	MONDO:0007862	HGNC:6463	biolink:causes	0
0.7031764	MONDO:0007875	HGNC:10542	biolink:gene_associated_with_condition	0
0.59092355	MONDO:0007875	HGNC:16700	biolink:causes	0
0.61208373	MONDO:0007875	HGNC:11535	biolink:causes	0
0.7259062	MONDO:0007922	HGNC:4298	biolink:gene_associated_with_condition	0
0.8370118	MONDO:0007922	HGNC:5389	biolink:gene_associated_with_condition	0
0.6678337	MONDO:0007922	HGNC:6541	biolink:gene_associated_with_condition	0
0.72154623	MONDO:0007922	HGNC:13869	biolink:causes	0
0.7658253	MONDO:0007922	HGNC:23805	biolink:gene_associated_with_condition	0
0.9258959	MONDO:0007922	HGNC:7631	biolink:gene_associated_with_condition	0
0.79150134	MONDO:0007922	HGNC:7662	biolink:causes	0
0.64639014	MONDO:0007922	HGNC:29296	biolink:causes	0
0.52876735	MONDO:0007922	HGNC:14530	biolink:causes	0
0.84268373	MONDO:0007922	HGNC:799	biolink:causes	0
0.7800632	MONDO:0007922	HGNC:7224	biolink:causes	0
0.9033091	MONDO:0007922	HGNC:1181	biolink:gene_associated_with_condition	0
0.7251299	MONDO:0007922	HGNC:17151	biolink:causes	0
0.712174	MONDO:0007922	HGNC:11027	biolink:causes	0
0.6914135	MONDO:0007922	HGNC:12729	biolink:causes	0
0.65270317	MONDO:0007922	HGNC:2022	biolink:gene_associated_with_condition	0
0.66976345	MONDO:0007922	HGNC:232	biolink:causes	0
0.85878855	MONDO:0007922	HGNC:3600	biolink:gene_associated_with_condition	0
0.7890562	MONDO:0007922	HGNC:4173	biolink:gene_associated_with_condition	0
0.8066852	MONDO:0007922	HGNC:6284	biolink:causes	0
0.8516394	MONDO:0007922	HGNC:19903	biolink:causes	0
0.1293215	MONDO:0007922	HGNC:11065	biolink:causes	0
0.77938384	MONDO:0007922	HGNC:19750	biolink:causes	0
0.8973513	MONDO:0007922	HGNC:12726	biolink:gene_associated_with_condition	0
0.061877947	MONDO:0007922	HGNC:2410	biolink:gene_associated_with_condition	0
0.6166582	MONDO:0007922	HGNC:18018	biolink:causes	0
0.7577141	MONDO:0007922	HGNC:6535	biolink:gene_associated_with_condition	0
0.88021094	MONDO:0007922	HGNC:6716	biolink:causes	0
0.6722005	MONDO:0007922	HGNC:17652	biolink:causes	0
0.6753669	MONDO:0007922	HGNC:10345	biolink:causes	0
0.6122703	MONDO:0007922	HGNC:26038	biolink:gene_associated_with_condition	0
0.75056374	MONDO:0007922	HGNC:14006	biolink:causes	0
0.40490007	MONDO:0008005	HGNC:7590	biolink:causes	0
0.8266818	MONDO:0008005	HGNC:2200	biolink:gene_associated_with_condition	0
0.35192186	MONDO:0008005	HGNC:9382	biolink:causes	0
0.88615096	MONDO:0008061	HGNC:2197	biolink:causes	0
0.6553992	MONDO:0008061	HGNC:3356	biolink:gene_associated_with_condition	0
0.45860976	MONDO:0008061	HGNC:8941	biolink:gene_associated_with_condition	0
0.8062803	MONDO:0008332	HGNC:7945	biolink:causes	0
0.052586917	MONDO:0008340	HGNC:11584	biolink:causes	0
0.10100121	MONDO:0008340	HGNC:3257	biolink:causes	0
0.74624187	MONDO:0008436	HGNC:11276	biolink:gene_associated_with_condition	0
0.5295655	MONDO:0008436	HGNC:10451	biolink:causes	0
0.27747485	MONDO:0008479	HGNC:7795	biolink:gene_associated_with_condition	0
0.067756146	MONDO:0008483	HGNC:42	biolink:causes	0
0.17015257	MONDO:0008483	HGNC:11109	biolink:causes	0
0.66899765	MONDO:0008633	HGNC:11276	biolink:causes	0
0.5000733	MONDO:0008633	HGNC:17208	biolink:gene_associated_with_condition	0
0.60417706	MONDO:0008637	HGNC:132	biolink:gene_associated_with_condition	0
0.47656205	MONDO:0008637	HGNC:12469	biolink:gene_associated_with_condition	0
0.5599433	MONDO:0008637	HGNC:29203	biolink:gene_associated_with_condition	0
0.7228387	MONDO:0008637	HGNC:4887	biolink:gene_associated_with_condition	0
0.69619054	MONDO:0008637	HGNC:1246	biolink:gene_associated_with_condition	0
0.19263348	MONDO:0008700	HGNC:29525	biolink:causes	0
0.5117444	MONDO:0008722	HGNC:11905	biolink:gene_associated_with_condition	0
0.045661572	MONDO:0008722	HGNC:23094	biolink:causes	0
0.5288897	MONDO:0008722	HGNC:12643	biolink:causes	0
0.014776346	MONDO:0008762	HGNC:573	biolink:gene_associated_with_condition	0
0.01389001	MONDO:0008762	HGNC:11521	biolink:causes	0
0.44193414	MONDO:0008954	HGNC:3178	biolink:gene_associated_with_condition	0
0.6127362	MONDO:0009008	HGNC:14255	biolink:gene_associated_with_condition	0
0.34113976	MONDO:0009008	HGNC:21022	biolink:gene_associated_with_condition	0
0.3362435	MONDO:0009143	HGNC:10468	biolink:gene_associated_with_condition	0
0.555792	MONDO:0009151	HGNC:3754	biolink:gene_associated_with_condition	0
0.38885003	MONDO:0009151	HGNC:4948	biolink:gene_associated_with_condition	0
0.2074457	MONDO:0009159	HGNC:13486	biolink:causes	0
0.1876379	MONDO:0009159	HGNC:15802	biolink:gene_associated_with_condition	0
0.3272976	MONDO:0009210	HGNC:18248	biolink:causes	0
0.69127816	MONDO:0009210	HGNC:1122	biolink:causes	0
0.6557706	MONDO:0009210	HGNC:2858	biolink:causes	0
0.28994992	MONDO:0009232	HGNC:20908	biolink:causes	0
0.47983128	MONDO:0009281	HGNC:6595	biolink:causes	0
0.6754779	MONDO:0009354	HGNC:31582	biolink:causes	0
0.27717203	MONDO:0009354	HGNC:10471	biolink:causes	0
0.470788	MONDO:0009354	HGNC:20759	biolink:causes	0
0.33001974	MONDO:0009379	HGNC:14294	biolink:gene_associated_with_condition	0
0.14506564	MONDO:0009379	HGNC:1509	biolink:gene_associated_with_condition	0
0.89132935	MONDO:0009397	HGNC:9879	biolink:causes	0
0.7164224	MONDO:0009413	HGNC:3522	biolink:causes	0
0.7554332	MONDO:0009461	HGNC:6207	biolink:causes	0
0.62247413	MONDO:0009461	HGNC:26521	biolink:causes	0
0.79707366	MONDO:0009475	HGNC:17296	biolink:causes	0
0.31848195	MONDO:0009475	HGNC:10723	biolink:causes	0
0.34000877	MONDO:0009505	HGNC:18083	biolink:causes	0
0.44611308	MONDO:0009505	HGNC:6391	biolink:gene_associated_with_condition	0
0.5964071	MONDO:0009617	HGNC:23212	biolink:causes	0
0.6355988	MONDO:0009625	HGNC:2348	biolink:causes	0
0.027675088	MONDO:0009625	HGNC:23094	biolink:causes	0
0.6735473	MONDO:0009625	HGNC:9118	biolink:gene_associated_with_condition	0
0.38916916	MONDO:0009636	HGNC:3542	biolink:gene_associated_with_condition	0
0.37473035	MONDO:0009653	HGNC:14214	biolink:causes	0
0.60883474	MONDO:0009653	HGNC:17272	biolink:causes	0
0.21651602	MONDO:0009653	HGNC:23639	biolink:causes	0
0.75649685	MONDO:0009657	HGNC:3671	biolink:gene_associated_with_condition	0
0.09765025	MONDO:0009657	HGNC:24928	biolink:causes	0
0.85550517	MONDO:0009657	HGNC:1630	biolink:gene_associated_with_condition	0
0.30642062	MONDO:0009683	HGNC:4162	biolink:gene_associated_with_condition	0
0.64964956	MONDO:0009683	HGNC:6735	biolink:causes	0
0.0057112337	MONDO:0009825	HGNC:21066	biolink:causes	0
0.51540536	MONDO:0009841	HGNC:11603	biolink:gene_associated_with_condition	0
0.529667	MONDO:0009841	HGNC:3259	biolink:gene_associated_with_condition	0
0.7757551	MONDO:0009855	HGNC:12261	biolink:causes	0
0.6906658	MONDO:0009855	HGNC:12405	biolink:causes	0
0.30569744	MONDO:0009877	HGNC:4180	biolink:gene_associated_with_condition	0
0.34880286	MONDO:0009877	HGNC:9922	biolink:causes	0
0.17976636	MONDO:0009885	HGNC:1044	biolink:causes	0
0.21892945	MONDO:0009885	HGNC:897	biolink:gene_associated_with_condition	0
0.12598906	MONDO:0009885	HGNC:15578	biolink:causes	0
0.510389	MONDO:0009890	HGNC:2592	biolink:gene_associated_with_condition	0
0.665442	MONDO:0009928	HGNC:11389	biolink:causes	0
0.56308156	MONDO:0009928	HGNC:11992	biolink:gene_associated_with_condition	0
0.4967087	MONDO:0009928	HGNC:30914	biolink:gene_associated_with_condition	0
0.7249539	MONDO:0009928	HGNC:3754	biolink:causes	0
0.3341534	MONDO:0009960	HGNC:12511	biolink:gene_associated_with_condition	0
0.07699899	MONDO:0009960	HGNC:9220	biolink:causes	0
0.7390346	MONDO:0010000	HGNC:9608	biolink:causes	0
0.5269205	MONDO:0010000	HGNC:19309	biolink:causes	0
0.49563462	MONDO:0010028	HGNC:10632	biolink:contributes_to	0
0.59314555	MONDO:0010075	HGNC:3373	biolink:causes	0
0.076033115	MONDO:0010075	HGNC:26821	biolink:causes	0
0.2271094	MONDO:0010133	HGNC:4180	biolink:gene_associated_with_condition	0
0.05164215	MONDO:0010160	HGNC:15984	biolink:causes	0
0.13412844	MONDO:0010169	HGNC:9456	biolink:causes	0
0.62291026	MONDO:0010169	HGNC:4393	biolink:causes	0
0.062123634	MONDO:0010169	HGNC:3257	biolink:gene_associated_with_condition	0
0.8027362	MONDO:0010183	HGNC:8778	biolink:causes	0
0.6657222	MONDO:0010232	HGNC:11020	biolink:causes	0
0.520219	MONDO:0010232	HGNC:7981	biolink:gene_associated_with_condition	0
0.6408847	MONDO:0010361	HGNC:13829	biolink:gene_associated_with_condition	0
0.7628017	MONDO:0010415	HGNC:26222	biolink:causes	0
0.38957536	MONDO:0010441	HGNC:8028	biolink:causes	0
0.5958912	MONDO:0010441	HGNC:164	biolink:causes	0
0.27063236	MONDO:0010441	HGNC:28449	biolink:gene_associated_with_condition	0
0.35341838	MONDO:0010465	HGNC:2027	biolink:gene_associated_with_condition	0
0.53839767	MONDO:0010465	HGNC:30500	biolink:causes	0
0.8120233	MONDO:0010465	HGNC:3767	biolink:causes	0
0.5845205	MONDO:0010465	HGNC:18127	biolink:causes	0
0.7099189	MONDO:0010477	HGNC:16205	biolink:causes	0
0.69829583	MONDO:0010477	HGNC:2877	biolink:causes	0
0.67723775	MONDO:0010477	HGNC:1777	biolink:causes	0
0.14720751	MONDO:0010486	HGNC:4452	biolink:causes	0
0.44520298	MONDO:0010506	HGNC:494	biolink:causes	0
0.25360197	MONDO:0010510	HGNC:12016	biolink:causes	0
0.19954856	MONDO:0010510	HGNC:2198	biolink:gene_associated_with_condition	0
0.26530978	MONDO:0010592	HGNC:29456	biolink:gene_associated_with_condition	0
0.40159774	MONDO:0010592	HGNC:7765	biolink:causes	0
0.7865853	MONDO:0010600	HGNC:3179	biolink:contributes_to	0
0.017921742	MONDO:0010606	HGNC:329	biolink:causes	0
0.04639324	MONDO:0010606	HGNC:12828	biolink:causes	0
0.03544763	MONDO:0010606	HGNC:3680	biolink:gene_associated_with_condition	0
0.6540778	MONDO:0010645	HGNC:7577	biolink:causes	0
0.8424411	MONDO:0010645	HGNC:714	biolink:gene_associated_with_condition	0
0.48685494	MONDO:0010645	HGNC:10771	biolink:gene_associated_with_condition	0
0.83643097	MONDO:0010752	HGNC:2218	biolink:causes	0
0.53561294	MONDO:0010790	HGNC:132	biolink:gene_associated_with_condition	0
0.5834994	MONDO:0010790	HGNC:11769	biolink:causes	0
0.34546706	MONDO:0010790	HGNC:19218	biolink:causes	0
0.74576795	MONDO:0010794	HGNC:493	biolink:causes	0
0.77276057	MONDO:0010803	HGNC:7569	biolink:causes	0
0.89305085	MONDO:0010803	HGNC:17213	biolink:causes	0
0.62493867	MONDO:0010839	HGNC:12877	biolink:gene_associated_with_condition	0
0.15230705	MONDO:0010911	HGNC:18248	biolink:causes	0
0.23812626	MONDO:0010911	HGNC:16461	biolink:causes	0
0.5564151	MONDO:0010933	HGNC:17089	biolink:causes	0
0.14854184	MONDO:0010933	HGNC:3010	biolink:causes	0
0.0050230324	MONDO:0011003	HGNC:25737	biolink:gene_associated_with_condition	0
0.3675163	MONDO:0011003	HGNC:1393	biolink:causes	0
0.055865392	MONDO:0011025	HGNC:2409	biolink:gene_associated_with_condition	0
0.34511513	MONDO:0011066	HGNC:6481	biolink:causes	0
0.08650261	MONDO:0011066	HGNC:11161	biolink:causes	0
0.7541671	MONDO:0011070	HGNC:6284	biolink:causes	0
0.81023616	MONDO:0011107	HGNC:7576	biolink:causes	0
0.5032274	MONDO:0011158	HGNC:11100	biolink:causes	0
0.47937346	MONDO:0011229	HGNC:2858	biolink:causes	0
0.09890739	MONDO:0011237	HGNC:17811	biolink:gene_associated_with_condition	0
0.15755773	MONDO:0011237	HGNC:8574	biolink:gene_associated_with_condition	0
0.65757364	MONDO:0011335	HGNC:9081	biolink:causes	0
0.09471122	MONDO:0011335	HGNC:19708	biolink:causes	0
0.22473252	MONDO:0011335	HGNC:3435	biolink:causes	0
0.41341123	MONDO:0011397	HGNC:22938	biolink:gene_associated_with_condition	0
0.7814281	MONDO:0011397	HGNC:30074	biolink:gene_associated_with_condition	0
0.5278297	MONDO:0011397	HGNC:20197	biolink:causes	0
0.34669992	MONDO:0011445	HGNC:9046	biolink:contributes_to	0
0.77146727	MONDO:0011445	HGNC:13830	biolink:gene_associated_with_condition	0
0.3964874	MONDO:0011484	HGNC:6235	biolink:causes	0
0.13703136	MONDO:0011484	HGNC:5213	biolink:gene_associated_with_condition	0
0.07359876	MONDO:0011484	HGNC:9039	biolink:gene_associated_with_condition	0
0.080840476	MONDO:0011484	HGNC:1228	biolink:causes	0
0.64368653	MONDO:0011496	HGNC:29605	biolink:causes	0
0.2888513	MONDO:0011496	HGNC:6937	biolink:causes	0
0.24191445	MONDO:0011546	HGNC:9039	biolink:causes	0
0.38579446	MONDO:0011603	HGNC:5005	biolink:gene_associated_with_condition	0
0.6245761	MONDO:0011603	HGNC:7883	biolink:causes	0
0.3501821	MONDO:0011603	HGNC:14409	biolink:causes	0
0.71541816	MONDO:0011633	HGNC:1698	biolink:causes	0
0.13712165	MONDO:0011713	HGNC:29561	biolink:causes	0
0.45017236	MONDO:0011713	HGNC:11535	biolink:gene_associated_with_condition	0
0.2726222	MONDO:0011713	HGNC:8011	biolink:gene_associated_with_condition	0
0.3554223	MONDO:0011740	HGNC:7821	biolink:gene_associated_with_condition	0
0.66924787	MONDO:0011756	HGNC:5273	biolink:gene_associated_with_condition	0
0.49203718	MONDO:0011760	HGNC:6211	biolink:causes	0
0.43330997	MONDO:0011787	HGNC:11609	biolink:causes	0
0.14718562	MONDO:0011822	HGNC:30563	biolink:causes	0
0.05207619	MONDO:0011836	HGNC:29427	biolink:gene_associated_with_condition	0
0.6611888	MONDO:0011902	HGNC:14214	biolink:causes	0
0.5333323	MONDO:0011902	HGNC:13993	biolink:gene_associated_with_condition	0
0.3715886	MONDO:0011911	HGNC:53	biolink:causes	0
0.18354774	MONDO:0011911	HGNC:20406	biolink:gene_associated_with_condition	0
0.07662579	MONDO:0011937	HGNC:6192	biolink:causes	0
0.16031776	MONDO:0011974	HGNC:25941	biolink:gene_associated_with_condition	0
0.3533493	MONDO:0012075	HGNC:9921	biolink:causes	0
0.016723543	MONDO:0012091	HGNC:29678	biolink:causes	0
0.2151189	MONDO:0012127	HGNC:23339	biolink:causes	0
0.75173485	MONDO:0012143	HGNC:11908	biolink:causes	0
0.22234012	MONDO:0012143	HGNC:21057	biolink:causes	0
0.7509489	MONDO:0012173	HGNC:5382	biolink:gene_associated_with_condition	0
0.82517934	MONDO:0012197	HGNC:9282	biolink:causes	0
0.7256953	MONDO:0012205	HGNC:27089	biolink:gene_associated_with_condition	0
0.7739977	MONDO:0012221	HGNC:613	biolink:causes	0
0.2006088	MONDO:0012221	HGNC:1268	biolink:gene_associated_with_condition	0
0.5421257	MONDO:0012221	HGNC:13488	biolink:causes	0
0.32005748	MONDO:0012225	HGNC:11771	biolink:gene_associated_with_condition	0
0.1425309	MONDO:0012294	HGNC:6769	biolink:causes	0
0.6258452	MONDO:0012368	HGNC:6091	biolink:causes	0
0.68701476	MONDO:0012368	HGNC:18608	biolink:causes	0
0.37305596	MONDO:0012368	HGNC:1966	biolink:causes	0
0.522211	MONDO:0012368	HGNC:3765	biolink:gene_associated_with_condition	0
0.7547103	MONDO:0012400	HGNC:11226	biolink:causes	0
0.18627821	MONDO:0012421	HGNC:10023	biolink:causes	0
0.26806438	MONDO:0012421	HGNC:28993	biolink:causes	0
0.35258028	MONDO:0012453	HGNC:4689	biolink:causes	0
0.37323287	MONDO:0012453	HGNC:8965	biolink:causes	0
0.06908402	MONDO:0012474	HGNC:12511	biolink:gene_associated_with_condition	0
0.15236747	MONDO:0012531	HGNC:28460	biolink:causes	0
0.36369506	MONDO:0012531	HGNC:6391	biolink:gene_associated_with_condition	0
0.27690855	MONDO:0012539	HGNC:57	biolink:causes	0
0.8056403	MONDO:0012559	HGNC:21701	biolink:causes	0
0.49681035	MONDO:0012559	HGNC:25355	biolink:gene_associated_with_condition	0
0.9331515	MONDO:0012559	HGNC:19903	biolink:causes	0
0.8182611	MONDO:0012563	HGNC:11908	biolink:causes	0
0.7821168	MONDO:0012596	HGNC:21022	biolink:gene_associated_with_condition	0
0.66345286	MONDO:0012596	HGNC:27337	biolink:causes	0
0.6660077	MONDO:0012596	HGNC:23166	biolink:causes	0
0.20213062	MONDO:0012624	HGNC:8117	biolink:gene_associated_with_condition	0
0.38984695	MONDO:0012652	HGNC:3531	biolink:contributes_to	0
0.84806156	MONDO:0012652	HGNC:2200	biolink:causes	0
0.7099556	MONDO:0012656	HGNC:4313	biolink:gene_associated_with_condition	0
0.539463	MONDO:0012656	HGNC:2846	biolink:causes	0
0.7756795	MONDO:0012689	HGNC:16197	biolink:causes	0
0.6051117	MONDO:0012689	HGNC:20080	biolink:causes	0
0.455669	MONDO:0012693	HGNC:1361	biolink:causes	0
0.39980444	MONDO:0012693	HGNC:3267	biolink:causes	0
0.64342576	MONDO:0012866	HGNC:10381	biolink:gene_associated_with_condition	0
0.35774598	MONDO:0012930	HGNC:14202	biolink:causes	0
0.61913574	MONDO:0012930	HGNC:27030	biolink:causes	0
0.010717625	MONDO:0012946	HGNC:2219	biolink:causes	0
0.78176314	MONDO:0012982	HGNC:5960	biolink:gene_associated_with_condition	0
0.6159433	MONDO:0012994	HGNC:18169	biolink:gene_associated_with_condition	0
0.0024449527	MONDO:0013002	HGNC:16999	biolink:gene_associated_with_condition	0
0.57131666	MONDO:0013011	HGNC:11119	biolink:causes	0
0.7439683	MONDO:0013047	HGNC:28993	biolink:causes	0
0.63100857	MONDO:0013052	HGNC:17296	biolink:causes	0
0.5402328	MONDO:0013052	HGNC:3530	biolink:gene_associated_with_condition	0
0.5560252	MONDO:0013052	HGNC:3778	biolink:causes	0
0.58830625	MONDO:0013052	HGNC:10604	biolink:causes	0
0.61756533	MONDO:0013060	HGNC:13829	biolink:causes	0
0.7589466	MONDO:0013060	HGNC:18292	biolink:causes	0
0.2969254	MONDO:0013060	HGNC:8008	biolink:causes	0
0.7042952	MONDO:0013060	HGNC:12261	biolink:causes	0
0.43708873	MONDO:0013111	HGNC:29433	biolink:causes	0
0.42538288	MONDO:0013119	HGNC:26532	biolink:gene_associated_with_condition	0
0.05923307	MONDO:0013181	HGNC:28396	biolink:causes	0
0.0081564495	MONDO:0013181	HGNC:4868	biolink:causes	0
0.029826289	MONDO:0013189	HGNC:8850	biolink:gene_associated_with_condition	0
0.32284874	MONDO:0013193	HGNC:9970	biolink:gene_associated_with_condition	0
0.38585734	MONDO:0013214	HGNC:4512	biolink:causes	0
0.7119186	MONDO:0013218	HGNC:7883	biolink:causes	0
0.3558526	MONDO:0013222	HGNC:17073	biolink:causes	0
0.3839948	MONDO:0013222	HGNC:1343	biolink:causes	0
0.0016464737	MONDO:0013235	HGNC:29536	biolink:causes	0
0.36790273	MONDO:0013243	HGNC:11018	biolink:causes	0
0.5660136	MONDO:0013243	HGNC:20893	biolink:causes	0
0.852405	MONDO:0013288	HGNC:18083	biolink:gene_associated_with_condition	0
0.26602778	MONDO:0013342	HGNC:13993	biolink:gene_associated_with_condition	0
0.447115	MONDO:0013342	HGNC:21307	biolink:causes	0
0.7172453	MONDO:0013351	HGNC:6595	biolink:causes	0
0.4847582	MONDO:0013367	HGNC:11427	biolink:causes	0
0.0249991	MONDO:0013384	HGNC:11701	biolink:causes	0
0.08308205	MONDO:0013388	HGNC:12266	biolink:gene_associated_with_condition	0
0.6680433	MONDO:0013400	HGNC:4823	biolink:gene_associated_with_condition	0
0.5512324	MONDO:0013418	HGNC:6859	biolink:causes	0
0.8257801	MONDO:0013426	HGNC:7883	biolink:causes	0
0.4723769	MONDO:0013460	HGNC:4942	biolink:gene_associated_with_condition	0
0.52228767	MONDO:0013531	HGNC:385	biolink:gene_associated_with_condition	0
0.4983816	MONDO:0013531	HGNC:6898	biolink:causes	0
0.34422496	MONDO:0013531	HGNC:11019	biolink:gene_associated_with_condition	0
0.4224959	MONDO:0013551	HGNC:5394	biolink:causes	0
0.5976377	MONDO:0013551	HGNC:4887	biolink:gene_associated_with_condition	0
0.7873439	MONDO:0013559	HGNC:26270	biolink:causes	0
0.6736295	MONDO:0013634	HGNC:1750	biolink:causes	0
0.7984616	MONDO:0013634	HGNC:2212	biolink:gene_associated_with_condition	0
0.68044174	MONDO:0013634	HGNC:7690	biolink:causes	0
0.35662732	MONDO:0013634	HGNC:21686	biolink:causes	0
0.18976925	MONDO:0013642	HGNC:9967	biolink:contributes_to	0
0.083959155	MONDO:0013679	HGNC:29165	biolink:causes	0
0.64795965	MONDO:0013766	HGNC:7974	biolink:gene_associated_with_condition	0
0.52023625	MONDO:0013766	HGNC:25415	biolink:causes	0
0.6036852	MONDO:0013795	HGNC:21424	biolink:causes	0
0.70872813	MONDO:0013836	HGNC:4125	biolink:causes	0
0.44149807	MONDO:0013864	HGNC:2570	biolink:gene_associated_with_condition	0
0.011244216	MONDO:0013872	HGNC:2908	biolink:gene_associated_with_condition	0
0.38622525	MONDO:0013892	HGNC:29659	biolink:causes	0
0.54132426	MONDO:0013896	HGNC:620	biolink:gene_associated_with_condition	0
0.7686514	MONDO:0013896	HGNC:7176	biolink:causes	0
0.65622497	MONDO:0013912	HGNC:2206	biolink:causes	0
0.45946354	MONDO:0013912	HGNC:18640	biolink:gene_associated_with_condition	0
0.6657802	MONDO:0013932	HGNC:20249	biolink:causes	0
0.65255064	MONDO:0013948	HGNC:8618	biolink:contributes_to	0
0.80210507	MONDO:0013948	HGNC:7944	biolink:causes	0
0.68523455	MONDO:0013964	HGNC:10383	biolink:causes	0
0.8582683	MONDO:0014034	HGNC:3604	biolink:causes	0
0.32905948	MONDO:0014042	HGNC:18550	biolink:causes	0
0.73381865	MONDO:0014094	HGNC:10979	biolink:causes	0
0.51147366	MONDO:0014094	HGNC:29853	biolink:causes	0
0.6615287	MONDO:0014094	HGNC:5439	biolink:causes	0
0.5593109	MONDO:0014094	HGNC:29529	biolink:gene_associated_with_condition	0
0.6047413	MONDO:0014115	HGNC:494	biolink:causes	0
0.4904436	MONDO:0014131	HGNC:16951	biolink:causes	0
0.5566164	MONDO:0014131	HGNC:132	biolink:gene_associated_with_condition	0
0.5650438	MONDO:0014131	HGNC:6284	biolink:gene_associated_with_condition	0
0.33473715	MONDO:0014135	HGNC:10387	biolink:gene_associated_with_condition	0
0.40076932	MONDO:0014159	HGNC:10256	biolink:causes	0
0.6550033	MONDO:0014159	HGNC:1839	biolink:causes	0
0.1992355	MONDO:0014180	HGNC:4415	biolink:gene_associated_with_condition	0
0.29206645	MONDO:0014180	HGNC:5173	biolink:causes	0
0.038936302	MONDO:0014184	HGNC:2488	biolink:causes	0
0.08497011	MONDO:0014184	HGNC:3603	biolink:causes	0
0.71830124	MONDO:0014224	HGNC:7576	biolink:causes	0
0.83125365	MONDO:0014224	HGNC:1550	biolink:causes	0
0.46423668	MONDO:0014244	HGNC:25980	biolink:causes	0
0.76912576	MONDO:0014261	HGNC:6180	biolink:gene_associated_with_condition	0
0.7862778	MONDO:0014305	HGNC:18647	biolink:causes	0
0.52362305	MONDO:0014309	HGNC:2592	biolink:gene_associated_with_condition	0
0.6288398	MONDO:0014321	HGNC:4785	biolink:causes	0
0.6057416	MONDO:0014321	HGNC:9986	biolink:causes	0
0.7362868	MONDO:0014341	HGNC:10818	biolink:causes	0
0.5460448	MONDO:0014349	HGNC:216	biolink:causes	0
0.42176288	MONDO:0014361	HGNC:17996	biolink:causes	0
0.54159594	MONDO:0014397	HGNC:14537	biolink:gene_associated_with_condition	0
0.39723873	MONDO:0014401	HGNC:4948	biolink:contributes_to	0
0.31222558	MONDO:0014401	HGNC:29853	biolink:causes	0
0.0019078845	MONDO:0014425	HGNC:6215	biolink:causes	0
0.00027065666	MONDO:0014425	HGNC:2244	biolink:causes	0
0.00012713345	MONDO:0014425	HGNC:11949	biolink:gene_associated_with_condition	0
0.00595145	MONDO:0014425	HGNC:18083	biolink:causes	0
0.8396034	MONDO:0014429	HGNC:24592	biolink:causes	0
0.674068	MONDO:0014429	HGNC:25072	biolink:causes	0
0.1340595	MONDO:0014466	HGNC:15802	biolink:gene_associated_with_condition	0
0.42327842	MONDO:0014466	HGNC:21158	biolink:gene_associated_with_condition	0
0.7354426	MONDO:0014487	HGNC:15456	biolink:causes	0
0.5250879	MONDO:0014487	HGNC:7230	biolink:causes	0
0.45502135	MONDO:0014487	HGNC:24281	biolink:causes	0
0.40735164	MONDO:0014487	HGNC:9864	biolink:causes	0
0.76428616	MONDO:0014507	HGNC:9056	biolink:causes	0
0.15207928	MONDO:0014539	HGNC:17210	biolink:gene_associated_with_condition	0
0.54558283	MONDO:0014556	HGNC:14508	biolink:causes	0
0.75488997	MONDO:0014572	HGNC:4422	biolink:causes	0
0.7758896	MONDO:0014572	HGNC:9644	biolink:causes	0
0.015622545	MONDO:0014580	HGNC:6256	biolink:causes	0
0.6438435	MONDO:0014612	HGNC:4948	biolink:gene_associated_with_condition	0
0.6117348	MONDO:0014612	HGNC:9083	biolink:causes	0
0.37157884	MONDO:0014620	HGNC:11030	biolink:causes	0
0.7626747	MONDO:0014620	HGNC:2214	biolink:gene_associated_with_condition	0
0.6638398	MONDO:0014620	HGNC:2516	biolink:gene_associated_with_condition	0
0.5563603	MONDO:0014620	HGNC:29190	biolink:causes	0
0.2505661	MONDO:0014637	HGNC:12601	biolink:causes	0
0.357588	MONDO:0014637	HGNC:2359	biolink:gene_associated_with_condition	0
0.24800144	MONDO:0014641	HGNC:30939	biolink:gene_associated_with_condition	0
0.187673	MONDO:0014645	HGNC:18021	biolink:contributes_to	0
0.124718316	MONDO:0014645	HGNC:3236	biolink:causes	0
0.48427182	MONDO:0014649	HGNC:33939	biolink:causes	0
0.43214154	MONDO:0014657	HGNC:3007	biolink:causes	0
0.11648445	MONDO:0014661	HGNC:6010	biolink:causes	0
0.43649614	MONDO:0014665	HGNC:10771	biolink:causes	0
0.39307615	MONDO:0014693	HGNC:4390	biolink:gene_associated_with_condition	0
0.22695458	MONDO:0014693	HGNC:14154	biolink:causes	0
0.6402693	MONDO:0014693	HGNC:37234	biolink:causes	0
0.6679377	MONDO:0014717	HGNC:7739	biolink:gene_associated_with_condition	0
0.56618947	MONDO:0014717	HGNC:11187	biolink:causes	0
0.576275	MONDO:0014717	HGNC:22197	biolink:gene_associated_with_condition	0
0.10545488	MONDO:0014738	HGNC:18340	biolink:causes	0
0.81633043	MONDO:0014754	HGNC:12009	biolink:causes	0
0.7111398	MONDO:0014754	HGNC:317	biolink:gene_associated_with_condition	0
0.6279638	MONDO:0014822	HGNC:8591	biolink:causes	0
0.6258081	MONDO:0014822	HGNC:3791	biolink:gene_associated_with_condition	0
0.43988603	MONDO:0014830	HGNC:4454	biolink:gene_associated_with_condition	0
0.4900946	MONDO:0014850	HGNC:29929	biolink:causes	0
0.2897868	MONDO:0014883	HGNC:30225	biolink:gene_associated_with_condition	0
0.4573021	MONDO:0014883	HGNC:20439	biolink:gene_associated_with_condition	0
0.4808896	MONDO:0014887	HGNC:24861	biolink:causes	0
0.6956735	MONDO:0014896	HGNC:3690	biolink:gene_associated_with_condition	0
0.0885876	MONDO:0014900	HGNC:9143	biolink:gene_associated_with_condition	0
0.55182934	MONDO:0014900	HGNC:17652	biolink:causes	0
0.64148283	MONDO:0014948	HGNC:6192	biolink:causes	0
0.6206309	MONDO:0014977	HGNC:14673	biolink:causes	0
0.28851408	MONDO:0014998	HGNC:11584	biolink:gene_associated_with_condition	0
0.33866617	MONDO:0014998	HGNC:2858	biolink:gene_associated_with_condition	0
0.62539655	MONDO:0015010	HGNC:5383	biolink:causes	0
0.34627938	MONDO:0015010	HGNC:8996	biolink:causes	0
0.4147311	MONDO:0015096	HGNC:6481	biolink:causes	0
0.4876724	MONDO:0015096	HGNC:6770	biolink:causes	0
0.5377171	MONDO:0015096	HGNC:17341	biolink:causes	0
0.81589967	MONDO:0015278	HGNC:16951	biolink:causes	0
0.92846036	MONDO:0015278	HGNC:11187	biolink:causes	0
0.7958797	MONDO:0015278	HGNC:1857	biolink:gene_associated_with_condition	0
0.33763245	MONDO:0015278	HGNC:17111	biolink:causes	0
0.7717451	MONDO:0015278	HGNC:11633	biolink:gene_associated_with_condition	0
0.8034953	MONDO:0015278	HGNC:29118	biolink:causes	0
0.89257926	MONDO:0015278	HGNC:12362	biolink:causes	0
0.8693523	MONDO:0015278	HGNC:21219	biolink:causes	0
0.5262435	MONDO:0015300	HGNC:8005	biolink:causes	0
0.79423076	MONDO:0015519	HGNC:3671	biolink:gene_associated_with_condition	0
0.43301088	MONDO:0015519	HGNC:23805	biolink:gene_associated_with_condition	0
0.18277062	MONDO:0015519	HGNC:11908	biolink:causes	0
0.47098896	MONDO:0015519	HGNC:2518	biolink:causes	0
0.5283054	MONDO:0015519	HGNC:12877	biolink:gene_associated_with_condition	0
0.834057	MONDO:0016103	HGNC:8008	biolink:causes	0
0.76326245	MONDO:0016103	HGNC:19661	biolink:causes	0
0.8144167	MONDO:0016355	HGNC:3754	biolink:gene_associated_with_condition	0
0.05586957	MONDO:0016476	HGNC:18550	biolink:causes	0
0.029859573	MONDO:0016476	HGNC:3257	biolink:gene_associated_with_condition	0
0.029192243	MONDO:0016598	HGNC:11771	biolink:gene_associated_with_condition	0
0.03343879	MONDO:0016598	HGNC:11795	biolink:gene_associated_with_condition	0
0.5406955	MONDO:0016672	HGNC:30074	biolink:gene_associated_with_condition	0
0.7812513	MONDO:0016705	HGNC:31923	biolink:causes	0
0.0678284	MONDO:0016710	HGNC:28952	biolink:causes	0
0.025802335	MONDO:0016710	HGNC:10582	biolink:gene_associated_with_condition	0
0.8187015	MONDO:0016783	HGNC:2227	biolink:causes	0
0.40514266	MONDO:0017049	HGNC:1787	biolink:contributes_to	0
0.49813953	MONDO:0017049	HGNC:4319	biolink:causes	0
0.72319454	MONDO:0017049	HGNC:6251	biolink:causes	0
0.2864197	MONDO:0017116	HGNC:6572	biolink:causes	0
0.29596493	MONDO:0017173	HGNC:24928	biolink:gene_associated_with_condition	0
0.5428726	MONDO:0017173	HGNC:2514	biolink:gene_associated_with_condition	0
0.49923122	MONDO:0017173	HGNC:21270	biolink:causes	0
0.6620035	MONDO:0017173	HGNC:25536	biolink:causes	0
0.6430218	MONDO:0017225	HGNC:18340	biolink:causes	0
0.50168025	MONDO:0017225	HGNC:7096	biolink:causes	0
0.56502044	MONDO:0017225	HGNC:8620	biolink:gene_associated_with_condition	0
0.60858715	MONDO:0017403	HGNC:4170	biolink:gene_associated_with_condition	0
0.65638757	MONDO:0017403	HGNC:4331	biolink:causes	0
0.7722782	MONDO:0017403	HGNC:20773	biolink:gene_associated_with_condition	0
0.8392779	MONDO:0017407	HGNC:2200	biolink:causes	0
0.029645063	MONDO:0017697	HGNC:26186	biolink:causes	0
0.0040003466	MONDO:0017945	HGNC:3087	biolink:causes	0
0.001809266	MONDO:0017945	HGNC:7883	biolink:gene_associated_with_condition	0
0.50626683	MONDO:0018112	HGNC:9236	biolink:gene_associated_with_condition	0
0.64634687	MONDO:0018144	HGNC:218	biolink:causes	0
0.27373922	MONDO:0018144	HGNC:2500	biolink:gene_associated_with_condition	0
0.006367796	MONDO:0018254	HGNC:2511	biolink:causes	0
0.254037	MONDO:0018280	HGNC:8028	biolink:gene_associated_with_condition	0
0.1685596	MONDO:0018332	HGNC:18141	biolink:gene_associated_with_condition	0
0.5081412	MONDO:0018332	HGNC:27089	biolink:causes	0
0.8206978	MONDO:0018336	HGNC:6636	biolink:gene_associated_with_condition	0
0.7738704	MONDO:0018336	HGNC:613	biolink:contributes_to	0
0.6846514	MONDO:0018336	HGNC:11073	biolink:causes	0
0.65535647	MONDO:0018419	HGNC:4023	biolink:causes	0
0.48638195	MONDO:0018656	HGNC:9990	biolink:causes	0
0.5448427	MONDO:0018656	HGNC:1509	biolink:gene_associated_with_condition	0
0.684475	MONDO:0018816	HGNC:3481	biolink:gene_associated_with_condition	0
0.51211435	MONDO:0018877	HGNC:7744	biolink:contributes_to	0
0.44783002	MONDO:0018877	HGNC:16068	biolink:gene_associated_with_condition	0
0.57699805	MONDO:0018931	HGNC:20893	biolink:causes	0
0.75126314	MONDO:0019310	HGNC:15808	biolink:causes	0
0.523227	MONDO:0019310	HGNC:3433	biolink:causes	0
0.3922467	MONDO:0019428	HGNC:19073	biolink:gene_associated_with_condition	0
0.34822842	MONDO:0019505	HGNC:2976	biolink:causes	0
0.30078635	MONDO:0019505	HGNC:4799	biolink:causes	0
0.14705	MONDO:0019505	HGNC:1100	biolink:contributes_to	0
0.3546208	MONDO:0019597	HGNC:9811	biolink:causes	0
0.6838951	MONDO:0019635	HGNC:17321	biolink:causes	0
0.023228392	MONDO:0019644	HGNC:8881	biolink:causes	0
0.14554195	MONDO:0019666	HGNC:9046	biolink:contributes_to	0
0.5807613	MONDO:0019767	HGNC:6944	biolink:causes	0
0.63161224	MONDO:0019767	HGNC:1161	biolink:gene_associated_with_condition	0
0.80708134	MONDO:0019855	HGNC:9965	biolink:gene_associated_with_condition	0
0.62516195	MONDO:0019855	HGNC:10664	biolink:causes	0
0.67522836	MONDO:0019855	HGNC:3616	biolink:contributes_to	0
0.63573176	MONDO:0019855	HGNC:7526	biolink:gene_associated_with_condition	0
0.7858605	MONDO:0019855	HGNC:14000	biolink:causes	0
0.06281542	MONDO:0019896	HGNC:10907	biolink:gene_associated_with_condition	0
0.70450294	MONDO:0020316	HGNC:29558	biolink:causes	0
0.41539648	MONDO:0020316	HGNC:8940	biolink:causes	0
0.74564236	MONDO:0020316	HGNC:2336	biolink:causes	0
0.46398416	MONDO:0020320	HGNC:23625	biolink:causes	0
0.49523813	MONDO:0020345	HGNC:9990	biolink:causes	0
0.39137104	MONDO:0020345	HGNC:15578	biolink:causes	0
0.6306555	MONDO:0020378	HGNC:12872	biolink:gene_associated_with_condition	0
0.33041164	MONDO:0020378	HGNC:4799	biolink:gene_associated_with_condition	0
0.66822094	MONDO:0020378	HGNC:6239	biolink:gene_associated_with_condition	0
0.4173785	MONDO:0020378	HGNC:1343	biolink:causes	0
0.5408025	MONDO:0020631	HGNC:360	biolink:gene_associated_with_condition	0
0.603646	MONDO:0020692	HGNC:11771	biolink:causes	0
0.44094554	MONDO:0020715	HGNC:2359	biolink:gene_associated_with_condition	0
0.8399079	MONDO:0020745	HGNC:11187	biolink:causes	0
0.84211755	MONDO:0020745	HGNC:11766	biolink:contributes_to	0
0.87508833	MONDO:0020745	HGNC:12012	biolink:causes	0
0.70551944	MONDO:0020745	HGNC:2678	biolink:gene_associated_with_condition	0
0.7958115	MONDO:0020745	HGNC:24595	biolink:causes	0
0.8264382	MONDO:0020745	HGNC:18712	biolink:gene_associated_with_condition	0
0.8341998	MONDO:0020745	HGNC:11231	biolink:causes	0
0.6590523	MONDO:0020745	HGNC:7414	biolink:causes	0
0.79332656	MONDO:0020745	HGNC:13429	biolink:causes	0
0.9203536	MONDO:0020745	HGNC:2928	biolink:gene_associated_with_condition	0
0.23375055	MONDO:0020745	HGNC:11065	biolink:causes	0
0.8842236	MONDO:0020745	HGNC:26230	biolink:contributes_to	0
0.84147865	MONDO:0020745	HGNC:3084	biolink:causes	0
0.78175545	MONDO:0020745	HGNC:4193	biolink:gene_associated_with_condition	0
0.83589673	MONDO:0020745	HGNC:27337	biolink:gene_associated_with_condition	0
0.81935024	MONDO:0020745	HGNC:25774	biolink:causes	0
0.6291203	MONDO:0020749	HGNC:494	biolink:gene_associated_with_condition	0
0.7425257	MONDO:0020769	HGNC:23109	biolink:causes	0
0.913832	MONDO:0020769	HGNC:17978	biolink:gene_associated_with_condition	0
0.05003578	MONDO:0020788	HGNC:9459	biolink:causes	0
0.21932176	MONDO:0020788	HGNC:14348	biolink:gene_associated_with_condition	0
0.5616753	MONDO:0021093	HGNC:12762	biolink:causes	0
0.6780774	MONDO:0021093	HGNC:7883	biolink:causes	0
0.07731998	MONDO:0021573	HGNC:19185	biolink:causes	0
0.20123538	MONDO:0021573	HGNC:16400	biolink:causes	0
0.17067303	MONDO:0024457	HGNC:4042	biolink:causes	0
0.78323585	MONDO:0024457	HGNC:26270	biolink:gene_associated_with_condition	0
0.19696565	MONDO:0024541	HGNC:738	biolink:gene_associated_with_condition	0
0.6836852	MONDO:0024541	HGNC:13356	biolink:causes	0
0.3771525	MONDO:0024541	HGNC:4173	biolink:gene_associated_with_condition	0
0.66392636	MONDO:0024541	HGNC:8857	biolink:gene_associated_with_condition	0
0.6428328	MONDO:0024553	HGNC:3754	biolink:gene_associated_with_condition	0
0.8542825	MONDO:0024557	HGNC:17341	biolink:gene_associated_with_condition	0
0.6881715	MONDO:0025708	HGNC:9608	biolink:gene_associated_with_condition	0
0.5751007	MONDO:0026733	HGNC:6257	biolink:causes	0
0.33820775	MONDO:0026733	HGNC:13203	biolink:causes	0
0.63444865	MONDO:0026733	HGNC:19747	biolink:gene_associated_with_condition	0
0.1869054	MONDO:0026777	HGNC:25839	biolink:gene_associated_with_condition	0
0.7662261	MONDO:0026777	HGNC:3255	biolink:gene_associated_with_condition	0
0.3680381	MONDO:0029140	HGNC:10922	biolink:causes	0
0.011800319	MONDO:0029144	HGNC:1090	biolink:gene_associated_with_condition	0
0.6995888	MONDO:0029148	HGNC:9173	biolink:gene_associated_with_condition	0
0.6331258	MONDO:0030006	HGNC:2711	biolink:gene_associated_with_condition	0
0.703358	MONDO:0030045	HGNC:11908	biolink:causes	0
0.6360888	MONDO:0030055	HGNC:2488	biolink:causes	0
0.7818784	MONDO:0030055	HGNC:4816	biolink:causes	0
0.7860946	MONDO:0030055	HGNC:1160	biolink:gene_associated_with_condition	0
0.77213997	MONDO:0030072	HGNC:11908	biolink:causes	0
0.64704794	MONDO:0030072	HGNC:16700	biolink:causes	0
0.71951705	MONDO:0030072	HGNC:7468	biolink:gene_associated_with_condition	0
0.00630386	MONDO:0030366	HGNC:24861	biolink:causes	0
0.057088822	MONDO:0030366	HGNC:10009	biolink:gene_associated_with_condition	0
0.009723341	MONDO:0030366	HGNC:2505	biolink:gene_associated_with_condition	0
0.5557169	MONDO:0030457	HGNC:14508	biolink:causes	0
0.48206425	MONDO:0030457	HGNC:14539	biolink:contributes_to	0
0.6852539	MONDO:0030457	HGNC:4220	biolink:gene_associated_with_condition	0
0.6232775	MONDO:0030729	HGNC:28648	biolink:gene_associated_with_condition	0
0.0020858054	MONDO:0030905	HGNC:3999	biolink:gene_associated_with_condition	0
0.00504822	MONDO:0030905	HGNC:26114	biolink:causes	0
0.23684402	MONDO:0030967	HGNC:317	biolink:causes	0
0.33100504	MONDO:0030971	HGNC:13486	biolink:causes	0
0.6146467	MONDO:0031057	HGNC:9910	biolink:gene_associated_with_condition	0
0.43453786	MONDO:0031084	HGNC:6842	biolink:causes	0
0.47631353	MONDO:0031084	HGNC:4801	biolink:gene_associated_with_condition	0
0.39413467	MONDO:0031084	HGNC:25221	biolink:causes	0
0.2547559	MONDO:0031084	HGNC:26239	biolink:causes	0
0.43628895	MONDO:0031084	HGNC:3395	biolink:causes	0
0.5831097	MONDO:0031446	HGNC:26708	biolink:causes	0
0.45928857	MONDO:0031446	HGNC:12851	biolink:gene_associated_with_condition	0
0.690842	MONDO:0032604	HGNC:2417	biolink:gene_associated_with_condition	0
0.7983453	MONDO:0032604	HGNC:28769	biolink:causes	0
0.7466281	MONDO:0032612	HGNC:28672	biolink:causes	0
0.6622738	MONDO:0032624	HGNC:17052	biolink:causes	0
0.7753349	MONDO:0032624	HGNC:1514	biolink:causes	0
0.633008	MONDO:0032636	HGNC:816	biolink:gene_associated_with_condition	0
0.5525027	MONDO:0032636	HGNC:28460	biolink:causes	0
0.75471014	MONDO:0032636	HGNC:888	biolink:causes	0
0.7251488	MONDO:0032636	HGNC:12403	biolink:gene_associated_with_condition	0
0.63996184	MONDO:0032646	HGNC:10451	biolink:causes	0
0.6950095	MONDO:0032650	HGNC:27288	biolink:gene_associated_with_condition	0
0.42372048	MONDO:0032650	HGNC:970	biolink:causes	0
0.8405807	MONDO:0032724	HGNC:10914	biolink:causes	0
0.74492913	MONDO:0032748	HGNC:10263	biolink:causes	0
0.4149454	MONDO:0032752	HGNC:2027	biolink:causes	0
0.7121542	MONDO:0032787	HGNC:613	biolink:contributes_to	0
0.67075247	MONDO:0032799	HGNC:9462	biolink:gene_associated_with_condition	0
0.62842625	MONDO:0032815	HGNC:4979	biolink:causes	0
0.46899554	MONDO:0032819	HGNC:28128	biolink:causes	0
0.80376476	MONDO:0032819	HGNC:12831	biolink:causes	0
0.60541075	MONDO:0032849	HGNC:26927	biolink:causes	0
0.49359566	MONDO:0032849	HGNC:12927	biolink:causes	0
0.7835253	MONDO:0032853	HGNC:13398	biolink:causes	0
0.71339864	MONDO:0032853	HGNC:5273	biolink:gene_associated_with_condition	0
0.21297725	MONDO:0032874	HGNC:10471	biolink:causes	0
0.423805	MONDO:0032874	HGNC:3602	biolink:causes	0
0.62779415	MONDO:0032882	HGNC:14374	biolink:causes	0
0.6529575	MONDO:0032886	HGNC:18621	biolink:causes	0
0.23451917	MONDO:0032898	HGNC:11905	biolink:gene_associated_with_condition	0
0.63432336	MONDO:0032906	HGNC:6257	biolink:causes	0
0.70037246	MONDO:0032906	HGNC:9588	biolink:contributes_to	0
0.5834434	MONDO:0033008	HGNC:22448	biolink:causes	0
0.7489494	MONDO:0033116	HGNC:9091	biolink:causes	0
0.58818716	MONDO:0033363	HGNC:7765	biolink:causes	0
0.025234032	MONDO:0033482	HGNC:9658	biolink:gene_associated_with_condition	0
0.0057731997	MONDO:0033482	HGNC:28880	biolink:causes	0
0.013255613	MONDO:0033543	HGNC:757	biolink:causes	0
0.55027294	MONDO:0033556	HGNC:21054	biolink:causes	0
0.7098068	MONDO:0033556	HGNC:44204	biolink:causes	0
0.6977872	MONDO:0033556	HGNC:589	biolink:causes	0
0.41207027	MONDO:0033620	HGNC:11019	biolink:gene_associated_with_condition	0
0.020840622	MONDO:0033980	HGNC:13398	biolink:causes	0
0.02835232	MONDO:0033980	HGNC:6998	biolink:gene_associated_with_condition	0
0.085589744	MONDO:0034991	HGNC:11020	biolink:causes	0
0.010372467	MONDO:0035555	HGNC:23639	biolink:causes	0
0.0035338036	MONDO:0035555	HGNC:7765	biolink:causes	0
0.73581904	MONDO:0035940	HGNC:177	biolink:gene_associated_with_condition	0
0.7449122	MONDO:0036212	HGNC:6416	biolink:causes	0
0.8086299	MONDO:0036212	HGNC:3702	biolink:causes	0
0.20864618	MONDO:0042979	HGNC:16700	biolink:causes	0
0.25855193	MONDO:0044222	HGNC:6415	biolink:causes	0
0.0056461715	MONDO:0044282	HGNC:3007	biolink:causes	0
0.052110165	MONDO:0044313	HGNC:26535	biolink:gene_associated_with_condition	0
0.28100806	MONDO:0044651	HGNC:40050	biolink:causes	0
0.50263107	MONDO:0044651	HGNC:3179	biolink:gene_associated_with_condition	0
0.0037570412	MONDO:0044657	HGNC:18130	biolink:gene_associated_with_condition	0
0.26863676	MONDO:0044714	HGNC:14959	biolink:gene_associated_with_condition	0
0.32213685	MONDO:0044714	HGNC:1718	biolink:causes	0
0.6556422	MONDO:0044718	HGNC:1337	biolink:gene_associated_with_condition	0
0.628729	MONDO:0044723	HGNC:799	biolink:causes	0
0.63051695	MONDO:0044792	HGNC:26993	biolink:causes	0
0.5773539	MONDO:0044792	HGNC:1090	biolink:gene_associated_with_condition	0
0.40030032	MONDO:0054780	HGNC:589	biolink:causes	0
0.7617035	MONDO:0060556	HGNC:9282	biolink:causes	0
0.63867456	MONDO:0060556	HGNC:1388	biolink:causes	0
0.5658064	MONDO:0060556	HGNC:3436	biolink:gene_associated_with_condition	0
0.12802169	MONDO:0060663	HGNC:11609	biolink:causes	0
0.038893923	MONDO:0060663	HGNC:24931	biolink:gene_associated_with_condition	0
0.023194477	MONDO:0060663	HGNC:1388	biolink:gene_associated_with_condition	0
0.24114935	MONDO:0060702	HGNC:12765	biolink:gene_associated_with_condition	0
0.61354417	MONDO:0100101	HGNC:8548	biolink:causes	0
0.31802505	MONDO:0100101	HGNC:14544	biolink:gene_associated_with_condition	0
0.5135572	MONDO:0100119	HGNC:7001	biolink:gene_associated_with_condition	0
0.576786	MONDO:0100119	HGNC:2500	biolink:causes	0
0.744373	MONDO:0100119	HGNC:1181	biolink:gene_associated_with_condition	0
0.14392357	MONDO:0100180	HGNC:8858	biolink:causes	0
0.17180853	MONDO:0100180	HGNC:24595	biolink:causes	0
0.5348814	MONDO:0100186	HGNC:4162	biolink:causes	0
0.5359085	MONDO:0100186	HGNC:494	biolink:causes	0
0.021000115	MONDO:0100289	HGNC:4204	biolink:causes	0
0.0030252696	MONDO:0100289	HGNC:9066	biolink:gene_associated_with_condition	0
0.0059491484	MONDO:0100289	HGNC:11005	biolink:causes	0
0.47959226	MONDO:0100340	HGNC:17272	biolink:causes	0
0.8552457	MONDO:0100354	HGNC:10193	biolink:gene_associated_with_condition	0
0.13064307	MONDO:0100533	HGNC:225	biolink:gene_associated_with_condition	0
0.5506519	MONDO:0100533	HGNC:5439	biolink:gene_associated_with_condition	0
0.012024519	MONDO:0600030	HGNC:2488	biolink:causes	0
0.011857159	MONDO:0600030	HGNC:1787	biolink:gene_associated_with_condition	0
0.011610269	MONDO:0600030	HGNC:644	biolink:gene_associated_with_condition	0
0.6472394	MONDO:0700250	HGNC:5136	biolink:gene_associated_with_condition	0
0.5247452	MONDO:0700250	HGNC:15646	biolink:causes	0
0.6115204	MONDO:0700250	HGNC:18591	biolink:causes	0
0.46018815	MONDO:0700250	HGNC:11771	biolink:causes	0
0.038154434	MONDO:0700298	HGNC:14530	biolink:causes	0
0.0060701584	MONDO:0700298	HGNC:11762	biolink:causes	0
0.46786958	MONDO:0800029	HGNC:9251	biolink:causes	0
0.67824185	MONDO:0800029	HGNC:14938	biolink:gene_associated_with_condition	0
0.6131619	MONDO:0800029	HGNC:8620	biolink:gene_associated_with_condition	0
0.7146377	MONDO:0800029	HGNC:8851	biolink:gene_associated_with_condition	0
0.67729497	MONDO:0800167	HGNC:10256	biolink:causes	0
0.47891736	MONDO:0800167	HGNC:13210	biolink:contributes_to	0
0.106053434	MONDO:0800452	HGNC:7788	biolink:gene_associated_with_condition	0
0.17765895	MONDO:0800452	HGNC:3689	biolink:causes	0
0.087881446	MONDO:0800452	HGNC:12687	biolink:gene_associated_with_condition	0
0.018108834	MONDO:0850078	HGNC:10727	biolink:causes	0
0.015196896	MONDO:0850078	HGNC:5273	biolink:gene_associated_with_condition	0
0.5529514	MONDO:0859187	HGNC:29536	biolink:gene_associated_with_condition	0
0.6920682	MONDO:0859187	HGNC:8604	biolink:causes	0
0.68284726	MONDO:0859295	HGNC:6541	biolink:gene_associated_with_condition	0
0.7527185	MONDO:0859295	HGNC:20372	biolink:causes	0
0.8225364	MONDO:0859312	HGNC:3690	biolink:gene_associated_with_condition	0
0.7474232	MONDO:0859312	HGNC:10597	biolink:gene_associated_with_condition	0
0.7002236	MONDO:0859312	HGNC:8977	biolink:causes	0
0.22846586	MONDO:0859338	HGNC:4312	biolink:contributes_to	0
0.3347933	MONDO:0859338	HGNC:14234	biolink:gene_associated_with_condition	0
0.7593272	MONDO:0859379	HGNC:4431	biolink:causes	0
0.5176013	MONDO:0859572	HGNC:11998	biolink:gene_associated_with_condition	0
0.06358682	MONDO:0957268	HGNC:9508	biolink:causes	0
0.8828607	MONDO:0957284	HGNC:1067	biolink:causes	0
0.5439076	MONDO:0957388	HGNC:18683	biolink:causes	0
0.17494752	MONDO:0957577	HGNC:20145	biolink:gene_associated_with_condition	0
0.24265765	MONDO:0957577	HGNC:12783	biolink:gene_associated_with_condition	0
0.2978298	MONDO:0957584	HGNC:4454	biolink:gene_associated_with_condition	0
0.7674434	MONDO:0957584	HGNC:6814	biolink:gene_associated_with_condition	0
0.59179443	MONDO:0957922	HGNC:9967	biolink:causes	0
0.69325286	MONDO:0958071	HGNC:21637	biolink:gene_associated_with_condition	0
0.3603233	MONDO:0958071	HGNC:2343	biolink:causes	0
0.16090101	MONDO:0958176	HGNC:735	biolink:gene_associated_with_condition	0
0.19320334	MONDO:0958176	HGNC:28018	biolink:causes	0
0.07992395	MONDO:0958180	HGNC:1044	biolink:causes	0
0.125473	MONDO:0958180	HGNC:4379	biolink:causes	0
0.3704486	MONDO:0958189	HGNC:2916	biolink:causes	0
0.27452636	MONDO:0958354	HGNC:11934	biolink:contributes_to	0
0.6717883	MONDO:0958354	HGNC:5228	biolink:gene_associated_with_condition	0
0.39382878	MONDO:0971001	HGNC:2342	biolink:causes	0
0.008036042	MONDO:0971064	HGNC:10591	biolink:gene_associated_with_condition	0
0.011352436	MONDO:0971064	HGNC:12593	biolink:contributes_to	0
0.74958974	MONDO:0971172	HGNC:7569	biolink:gene_associated_with_condition	0
0.87361	MONDO:0971172	HGNC:24713	biolink:gene_associated_with_condition	0
0.6196126	MONDO:0971176	HGNC:3435	biolink:causes	0
0.5255446	MONDO:0971176	HGNC:7690	biolink:causes	0
0.3871391	MONDO:0975757	HGNC:20372	biolink:causes	0
0.20013604	MONDO:0975757	HGNC:3424	biolink:causes	0
0.7152595	MONDO:0975757	HGNC:3689	biolink:gene_associated_with_condition	0
0.7332862	MONDO:0975757	HGNC:11599	biolink:causes	0
0.00440743	MONDO:0975795	HGNC:7473	biolink:gene_associated_with_condition	0
0.0037621437	MONDO:0975795	HGNC:24678	biolink:gene_associated_with_condition	0
0.0054936213	MONDO:0975795	HGNC:8620	biolink:gene_associated_with_condition	0
0.78306216	MONDO:8000011	HGNC:4165	biolink:gene_associated_with_condition	0
0.66654015	MONDO:8000011	HGNC:10648	biolink:gene_associated_with_condition	0
0.80867445	MONDO:8000015	HGNC:18688	biolink:causes	0
0.08029984	HGNC:18149	MONDO:0014346	biolink:causes	0
0.27690855	HGNC:57	MONDO:0012539	biolink:causes	0
0.5235994	HGNC:57	MONDO:0010659	biolink:causes	0
0.92218935	HGNC:60	MONDO:0010122	biolink:causes	0
0.85415775	HGNC:60	MONDO:0010631	biolink:causes	0
0.4300482	HGNC:13886	MONDO:0009211	biolink:causes	0
0.49962476	HGNC:13886	MONDO:0036189	biolink:causes	0
0.6882145	HGNC:90	MONDO:0032900	biolink:gene_associated_with_condition	0
0.020550432	HGNC:90	MONDO:0044638	biolink:gene_associated_with_condition	0
0.09155177	HGNC:90	MONDO:0012786	biolink:gene_associated_with_condition	0
0.0041606454	HGNC:16066	MONDO:0858999	biolink:gene_associated_with_condition	0
0.6950095	HGNC:27288	MONDO:0032650	biolink:gene_associated_with_condition	0
0.60417706	HGNC:132	MONDO:0008637	biolink:gene_associated_with_condition	0
0.53561294	HGNC:132	MONDO:0010790	biolink:gene_associated_with_condition	0
0.5566164	HGNC:132	MONDO:0014131	biolink:gene_associated_with_condition	0
0.9202564	HGNC:132	MONDO:0014343	biolink:gene_associated_with_condition	0
0.76242757	HGNC:132	MONDO:0017401	biolink:causes	0
0.09917109	HGNC:132	MONDO:0000914	biolink:causes	0
0.6713353	HGNC:132	MONDO:0020603	biolink:causes	0
0.38544914	HGNC:143	MONDO:0011556	biolink:causes	0
0.5958912	HGNC:164	MONDO:0010441	biolink:causes	0
0.27608648	HGNC:164	MONDO:0009140	biolink:causes	0
0.73581904	HGNC:177	MONDO:0035940	biolink:gene_associated_with_condition	0
0.28259584	HGNC:177	MONDO:0014080	biolink:gene_associated_with_condition	0
0.35364744	HGNC:177	MONDO:0014586	biolink:gene_associated_with_condition	0
0.4841284	HGNC:177	MONDO:0009874	biolink:gene_associated_with_condition	0
0.33763245	HGNC:17111	MONDO:0015278	biolink:causes	0
0.13064307	HGNC:225	MONDO:0100533	biolink:gene_associated_with_condition	0
0.6723172	HGNC:236	MONDO:0010758	biolink:causes	0
0.8205313	HGNC:236	MONDO:0008377	biolink:causes	0
0.040445864	HGNC:236	MONDO:0020607	biolink:causes	0
0.78359646	HGNC:4516	MONDO:0008377	biolink:causes	0
0.35776603	HGNC:4516	MONDO:0014841	biolink:causes	0
0.43435907	HGNC:13841	MONDO:0007813	biolink:causes	0
0.2367884	HGNC:13841	MONDO:0044660	biolink:causes	0
0.23966567	HGNC:285	MONDO:0008684	biolink:causes	0
0.3537673	HGNC:291	MONDO:0013664	biolink:gene_associated_with_condition	0
0.75019073	HGNC:291	MONDO:0014866	biolink:gene_associated_with_condition	0
0.0078050396	HGNC:25230	MONDO:0044255	biolink:causes	0
0.6129572	HGNC:392	MONDO:0009053	biolink:gene_associated_with_condition	0
0.7820282	HGNC:3513	MONDO:0010397	biolink:causes	0
0.8509862	HGNC:3513	MONDO:0014735	biolink:causes	0
0.38984695	HGNC:3531	MONDO:0012652	biolink:contributes_to	0
0.36194995	HGNC:3531	MONDO:0019921	biolink:contributes_to	0
0.21294667	HGNC:3531	MONDO:0009872	biolink:contributes_to	0
0.51576746	HGNC:3587	MONDO:0008542	biolink:causes	0
0.7628017	HGNC:26222	MONDO:0010415	biolink:causes	0
0.16816399	HGNC:26222	MONDO:0009110	biolink:causes	0
0.37889335	HGNC:26222	MONDO:0007445	biolink:causes	0
0.52687734	HGNC:11936	MONDO:0013821	biolink:causes	0
0.08497011	HGNC:3603	MONDO:0014184	biolink:causes	0
0.8242883	HGNC:3603	MONDO:0008777	biolink:gene_associated_with_condition	0
0.5930379	HGNC:3603	MONDO:0012943	biolink:causes	0
0.13554037	HGNC:13601	MONDO:0007137	biolink:gene_associated_with_condition	0
0.66180325	HGNC:13601	MONDO:0030037	biolink:gene_associated_with_condition	0
0.6418963	HGNC:3663	MONDO:0010281	biolink:causes	0
0.8630124	HGNC:3663	MONDO:0012514	biolink:causes	0
0.8086299	HGNC:3702	MONDO:0036212	biolink:causes	0
0.8218992	HGNC:3702	MONDO:0010767	biolink:gene_associated_with_condition	0
0.8848498	HGNC:3702	MONDO:0014343	biolink:causes	0
0.044571254	HGNC:3702	MONDO:0010086	biolink:causes	0
0.3346967	HGNC:3702	MONDO:0011398	biolink:gene_associated_with_condition	0
0.7566522	HGNC:3705	MONDO:0035819	biolink:gene_associated_with_condition	0
0.555792	HGNC:3754	MONDO:0009151	biolink:gene_associated_with_condition	0
0.7249539	HGNC:3754	MONDO:0009928	biolink:causes	0
0.8144167	HGNC:3754	MONDO:0016355	biolink:gene_associated_with_condition	0
0.6428328	HGNC:3754	MONDO:0024553	biolink:gene_associated_with_condition	0
0.81769055	HGNC:3754	MONDO:0009843	biolink:gene_associated_with_condition	0
0.38608813	HGNC:3754	MONDO:0009998	biolink:gene_associated_with_condition	0
0.7648956	HGNC:3754	MONDO:0008377	biolink:causes	0
0.58653986	HGNC:3754	MONDO:0016621	biolink:gene_associated_with_condition	0
0.3584802	HGNC:3754	MONDO:0010092	biolink:causes	0
0.67487454	HGNC:3754	MONDO:0014927	biolink:causes	0
0.7662339	HGNC:3754	MONDO:0015566	biolink:causes	0
0.71562773	HGNC:3816	MONDO:0014343	biolink:causes	0
0.42123392	HGNC:3816	MONDO:0008644	biolink:causes	0
0.46377376	HGNC:3816	MONDO:0009052	biolink:causes	0
0.30612785	HGNC:3816	MONDO:0100083	biolink:causes	0
0.6460672	HGNC:3816	MONDO:0957270	biolink:causes	0
0.24114935	HGNC:12765	MONDO:0060702	biolink:gene_associated_with_condition	0
0.0059226635	HGNC:26927	MONDO:0007791	biolink:causes	0
0.60541075	HGNC:26927	MONDO:0032849	biolink:causes	0
0.528314	HGNC:1362	MONDO:0030927	biolink:gene_associated_with_condition	0
0.20751792	HGNC:1362	MONDO:0032899	biolink:gene_associated_with_condition	0
0.69135636	HGNC:3960	MONDO:0957820	biolink:causes	0
0.54630697	HGNC:3960	MONDO:0009965	biolink:causes	0
0.6593523	HGNC:21675	MONDO:0010523	biolink:causes	0
0.68968385	HGNC:3951	MONDO:0014343	biolink:causes	0
0.4808896	HGNC:24861	MONDO:0014887	biolink:causes	0
0.00630386	HGNC:24861	MONDO:0030366	biolink:causes	0
0.01315515	HGNC:15802	MONDO:0007163	biolink:causes	0
0.1876379	HGNC:15802	MONDO:0009159	biolink:gene_associated_with_condition	0
0.1340595	HGNC:15802	MONDO:0014466	biolink:gene_associated_with_condition	0
0.19947775	HGNC:15802	MONDO:0009274	biolink:causes	0
0.10310137	HGNC:15802	MONDO:0010758	biolink:causes	0
0.00066193304	HGNC:15802	MONDO:0017117	biolink:gene_associated_with_condition	0
0.12251887	HGNC:15802	MONDO:0007564	biolink:causes	0
0.20987412	HGNC:4175	MONDO:0007925	biolink:gene_associated_with_condition	0
0.014613555	HGNC:15805	MONDO:0957876	biolink:gene_associated_with_condition	0
0.021000115	HGNC:4204	MONDO:0100289	biolink:causes	0
0.30190325	HGNC:4204	MONDO:0010315	biolink:causes	0
0.52454674	HGNC:4236	MONDO:0009377	biolink:causes	0
0.5969165	HGNC:29682	MONDO:0008377	biolink:causes	0
0.58347297	HGNC:29682	MONDO:0014039	biolink:causes	0
0.71497	HGNC:4263	MONDO:0014635	biolink:gene_associated_with_condition	0
0.020001825	HGNC:4263	MONDO:0017696	biolink:gene_associated_with_condition	0
0.080592066	HGNC:17494	MONDO:0007744	biolink:causes	0
0.8435922	HGNC:17494	MONDO:0032705	biolink:gene_associated_with_condition	0
0.49813953	HGNC:4319	MONDO:0017049	biolink:causes	0
0.15672486	HGNC:4319	MONDO:0030619	biolink:causes	0
0.19263348	HGNC:29525	MONDO:0008700	biolink:causes	0
0.29839915	HGNC:29525	MONDO:0013162	biolink:causes	0
0.037359	HGNC:29525	MONDO:0007664	biolink:causes	0
0.125473	HGNC:4379	MONDO:0958180	biolink:causes	0
0.22832356	HGNC:4379	MONDO:0007042	biolink:gene_associated_with_condition	0
0.384765	HGNC:4379	MONDO:0014602	biolink:causes	0
0.8763474	HGNC:4379	MONDO:0008834	biolink:gene_associated_with_condition	0
0.38053486	HGNC:4379	MONDO:0024552	biolink:gene_associated_with_condition	0
0.18008131	HGNC:4379	MONDO:0033047	biolink:gene_associated_with_condition	0
0.39307615	HGNC:4390	MONDO:0014693	biolink:gene_associated_with_condition	0
0.035524867	HGNC:4393	MONDO:0007103	biolink:causes	0
0.62291026	HGNC:4393	MONDO:0010169	biolink:causes	0
0.12611674	HGNC:4393	MONDO:0010511	biolink:causes	0
0.50117517	HGNC:19980	MONDO:0957271	biolink:causes	0
0.8481194	HGNC:29670	MONDO:0008377	biolink:gene_associated_with_condition	0
0.6112321	HGNC:4439	MONDO:0008818	biolink:gene_associated_with_condition	0
0.29932216	HGNC:2799	MONDO:0009965	biolink:causes	0
0.35258028	HGNC:4689	MONDO:0012453	biolink:causes	0
0.376133	HGNC:4689	MONDO:0007537	biolink:causes	0
0.32501346	HGNC:4689	MONDO:0008885	biolink:causes	0
0.73845935	HGNC:4787	MONDO:0009965	biolink:causes	0
0.6288398	HGNC:4785	MONDO:0014321	biolink:causes	0
0.7842593	HGNC:4713	MONDO:0014203	biolink:causes	0
0.47631353	HGNC:4801	MONDO:0031084	biolink:gene_associated_with_condition	0
0.7631698	HGNC:4801	MONDO:0019456	biolink:gene_associated_with_condition	0
0.7434047	HGNC:4801	MONDO:0017715	biolink:gene_associated_with_condition	0
0.7818784	HGNC:4816	MONDO:0030055	biolink:causes	0
0.5661648	HGNC:18437	MONDO:0957812	biolink:causes	0
0.7062329	HGNC:4824	MONDO:0014343	biolink:causes	0
0.4371318	HGNC:4824	MONDO:0017939	biolink:gene_associated_with_condition	0
0.33436304	HGNC:4832	MONDO:0011430	biolink:gene_associated_with_condition	0
0.5331444	HGNC:4832	MONDO:0018611	biolink:gene_associated_with_condition	0
0.0081564495	HGNC:4868	MONDO:0013181	biolink:causes	0
0.076051705	HGNC:4868	MONDO:0013198	biolink:causes	0
0.111676596	HGNC:4868	MONDO:0013236	biolink:causes	0
0.8181316	HGNC:4868	MONDO:0014358	biolink:causes	0
0.6452669	HGNC:4868	MONDO:0008818	biolink:causes	0
0.8766339	HGNC:4886	MONDO:0013756	biolink:gene_associated_with_condition	0
0.4857455	HGNC:26527	MONDO:0013962	biolink:causes	0
0.1906497	HGNC:26527	MONDO:0859340	biolink:causes	0
0.7533381	HGNC:26527	MONDO:0012190	biolink:causes	0
0.4723769	HGNC:4942	MONDO:0013460	biolink:gene_associated_with_condition	0
0.38885003	HGNC:4948	MONDO:0009151	biolink:gene_associated_with_condition	0
0.39723873	HGNC:4948	MONDO:0014401	biolink:contributes_to	0
0.6438435	HGNC:4948	MONDO:0014612	biolink:gene_associated_with_condition	0
0.41215447	HGNC:4948	MONDO:0008740	biolink:gene_associated_with_condition	0
0.49894822	HGNC:4948	MONDO:0009839	biolink:contributes_to	0
0.7044854	HGNC:4948	MONDO:0032741	biolink:contributes_to	0
0.5816893	HGNC:4948	MONDO:0013301	biolink:contributes_to	0
0.38579446	HGNC:5005	MONDO:0011603	biolink:gene_associated_with_condition	0
0.60366374	HGNC:5005	MONDO:0030455	biolink:causes	0
0.7801797	HGNC:5154	MONDO:0009053	biolink:gene_associated_with_condition	0
0.31458282	HGNC:5154	MONDO:0011556	biolink:gene_associated_with_condition	0
0.056220997	HGNC:5208	MONDO:0009061	biolink:causes	0
0.25036892	HGNC:5208	MONDO:0010335	biolink:causes	0
0.4403689	HGNC:5208	MONDO:0014343	biolink:causes	0
0.011756865	HGNC:5246	MONDO:0007677	biolink:causes	0
0.6661246	HGNC:30171	MONDO:0018611	biolink:causes	0
0.43879834	HGNC:30171	MONDO:0015007	biolink:causes	0
0.1477555	HGNC:30171	MONDO:0013391	biolink:causes	0
0.59762245	HGNC:29685	MONDO:0009677	biolink:causes	0
0.65023434	HGNC:29685	MONDO:0970994	biolink:causes	0
0.7509489	HGNC:5382	MONDO:0012173	biolink:gene_associated_with_condition	0
0.59406275	HGNC:5382	MONDO:0013962	biolink:gene_associated_with_condition	0
0.9262323	HGNC:5382	MONDO:0014343	biolink:gene_associated_with_condition	0
0.90474683	HGNC:5391	MONDO:0007794	biolink:causes	0
0.60486263	HGNC:18873	MONDO:0800341	biolink:causes	0
0.75268686	HGNC:18873	MONDO:0008818	biolink:causes	0
0.6036852	HGNC:21424	MONDO:0013795	biolink:causes	0
0.1215795	HGNC:6024	MONDO:0010227	biolink:causes	0
0.6559427	HGNC:6024	MONDO:0014753	biolink:causes	0
0.6080559	HGNC:6081	MONDO:0012488	biolink:causes	0
0.63096243	HGNC:6081	MONDO:0013690	biolink:causes	0
0.83810633	HGNC:6081	MONDO:0008377	biolink:causes	0
0.67359334	HGNC:6081	MONDO:0011184	biolink:causes	0
0.6258452	HGNC:6091	MONDO:0012368	biolink:causes	0
0.24799109	HGNC:6091	MONDO:0008278	biolink:causes	0
0.010643574	HGNC:6091	MONDO:0012044	biolink:causes	0
0.940952	HGNC:6091	MONDO:0014343	biolink:causes	0
0.940952	HGNC:6091	MONDO:0014343	biolink:gene_associated_with_condition	0
0.7654842	HGNC:14361	MONDO:0030915	biolink:causes	0
0.63728136	HGNC:6186	MONDO:0012792	biolink:causes	0
0.5745939	HGNC:6186	MONDO:0014343	biolink:causes	0
0.35774598	HGNC:14202	MONDO:0012930	biolink:causes	0
0.7106243	HGNC:14202	MONDO:0018324	biolink:causes	0
0.5320706	HGNC:14202	MONDO:0019107	biolink:causes	0
0.49067482	HGNC:6217	MONDO:0014282	biolink:gene_associated_with_condition	0
0.23743884	HGNC:29068	MONDO:0007636	biolink:causes	0
0.36110923	HGNC:29068	MONDO:0009495	biolink:causes	0
0.45424944	HGNC:6222	MONDO:0035651	biolink:causes	0
0.3964874	HGNC:6235	MONDO:0011484	biolink:causes	0
0.42677933	HGNC:6235	MONDO:0009642	biolink:causes	0
0.8255338	HGNC:6235	MONDO:0032915	biolink:causes	0
0.013471861	HGNC:6235	MONDO:0033259	biolink:causes	0
0.72319454	HGNC:6251	MONDO:0017049	biolink:causes	0
0.090831935	HGNC:39080	MONDO:0008678	biolink:contributes_to	0
0.7594936	HGNC:6305	MONDO:0013178	biolink:causes	0
0.6162511	HGNC:29508	MONDO:0012096	biolink:causes	0
0.79561734	HGNC:29508	MONDO:0014823	biolink:causes	0
0.8778454	HGNC:30497	MONDO:0013256	biolink:gene_associated_with_condition	0
0.57046163	HGNC:30497	MONDO:0018448	biolink:causes	0
0.76153684	HGNC:6343	MONDO:0013718	biolink:causes	0
0.5247452	HGNC:15646	MONDO:0700250	biolink:causes	0
0.41086674	HGNC:15646	MONDO:0012792	biolink:causes	0
0.6927013	HGNC:15646	MONDO:0014419	biolink:gene_associated_with_condition	0
0.3081773	HGNC:15646	MONDO:0011165	biolink:causes	0
0.42569575	HGNC:15646	MONDO:0012526	biolink:causes	0
0.28307182	HGNC:18829	MONDO:0008854	biolink:causes	0
0.6552283	HGNC:7132	MONDO:0010392	biolink:gene_associated_with_condition	0
0.9279675	HGNC:7132	MONDO:0014343	biolink:gene_associated_with_condition	0
0.71257526	HGNC:7132	MONDO:0007157	biolink:gene_associated_with_condition	0
0.49361658	HGNC:7133	MONDO:0012569	biolink:gene_associated_with_condition	0
0.023508772	HGNC:7133	MONDO:0100045	biolink:gene_associated_with_condition	0
0.45858642	HGNC:7133	MONDO:0032656	biolink:gene_associated_with_condition	0
0.4338825	HGNC:7133	MONDO:0017354	biolink:gene_associated_with_condition	0
0.11373456	HGNC:21839	MONDO:0008684	biolink:causes	0
0.27660617	HGNC:6440	MONDO:0011448	biolink:causes	0
0.17196025	HGNC:6423	MONDO:0017382	biolink:gene_associated_with_condition	0
0.48976701	HGNC:6423	MONDO:0032845	biolink:gene_associated_with_condition	0
0.7649954	HGNC:26058	MONDO:0010758	biolink:causes	0
0.7895434	HGNC:26058	MONDO:0859311	biolink:causes	0
0.50868714	HGNC:6483	MONDO:0013216	biolink:gene_associated_with_condition	0
0.72346956	HGNC:6483	MONDO:0014020	biolink:gene_associated_with_condition	0
0.7671234	HGNC:6483	MONDO:0007363	biolink:gene_associated_with_condition	0
0.8983005	HGNC:6501	MONDO:0014343	biolink:causes	0
0.6347293	HGNC:6501	MONDO:0009818	biolink:causes	0
0.7812513	HGNC:31923	MONDO:0016705	biolink:causes	0
0.6577175	HGNC:31923	MONDO:0008153	biolink:causes	0
0.03641589	HGNC:31923	MONDO:0012607	biolink:causes	0
0.40838984	HGNC:6530	MONDO:0012700	biolink:causes	0
0.66412383	HGNC:3122	MONDO:0018758	biolink:causes	0
0.6731612	HGNC:21244	MONDO:0014981	biolink:gene_associated_with_condition	0
0.16527516	HGNC:6553	MONDO:0007747	biolink:causes	0
0.8264382	HGNC:18712	MONDO:0020745	biolink:gene_associated_with_condition	0
0.6220355	HGNC:18712	MONDO:0014343	biolink:gene_associated_with_condition	0
0.47983128	HGNC:6595	MONDO:0009281	biolink:causes	0
0.7172453	HGNC:6595	MONDO:0013351	biolink:causes	0
0.6657573	HGNC:6595	MONDO:0044323	biolink:causes	0
0.36430794	HGNC:6595	MONDO:0024309	biolink:causes	0
0.09316184	HGNC:6654	MONDO:0009061	biolink:causes	0
0.6193313	HGNC:6654	MONDO:0014227	biolink:gene_associated_with_condition	0
0.73341745	HGNC:6664	MONDO:0017715	biolink:causes	0
0.0039507924	HGNC:6694	MONDO:0975841	biolink:gene_associated_with_condition	0
0.6290041	HGNC:6694	MONDO:0013208	biolink:gene_associated_with_condition	0
0.68701476	HGNC:18608	MONDO:0012368	biolink:causes	0
0.8401073	HGNC:450	MONDO:0011448	biolink:gene_associated_with_condition	0
0.5094321	HGNC:26837	MONDO:0033566	biolink:causes	0
0.9336773	HGNC:26837	MONDO:0011907	biolink:causes	0
0.6552911	HGNC:464	MONDO:0011273	biolink:gene_associated_with_condition	0
0.37785637	HGNC:468	MONDO:0019157	biolink:gene_associated_with_condition	0
0.58703285	HGNC:29186	MONDO:0014453	biolink:gene_associated_with_condition	0
0.49203718	HGNC:6211	MONDO:0011760	biolink:causes	0
0.15823548	HGNC:6211	MONDO:0976267	biolink:causes	0
0.6603293	HGNC:572	MONDO:0012594	biolink:causes	0
0.50004536	HGNC:572	MONDO:0958085	biolink:causes	0
0.576275	HGNC:22197	MONDO:0014717	biolink:gene_associated_with_condition	0
0.033737123	HGNC:22197	MONDO:0011932	biolink:gene_associated_with_condition	0
0.06328511	HGNC:600	MONDO:0012925	biolink:causes	0
0.05164215	HGNC:15984	MONDO:0010160	biolink:causes	0
0.6163711	HGNC:15984	MONDO:0018598	biolink:causes	0
0.6959553	HGNC:24097	MONDO:0971002	biolink:causes	0
0.5100898	HGNC:24097	MONDO:0009262	biolink:causes	0
0.18487093	HGNC:24097	MONDO:0015631	biolink:causes	0
0.5751444	HGNC:649	MONDO:0013686	biolink:causes	0
0.63950086	HGNC:649	MONDO:0009737	biolink:causes	0
0.009587947	HGNC:649	MONDO:0009891	biolink:gene_associated_with_condition	0
0.43117127	HGNC:694	MONDO:0007944	biolink:causes	0
0.5154484	HGNC:694	MONDO:0012041	biolink:causes	0
0.24855094	HGNC:710	MONDO:0019456	biolink:causes	0
0.13712165	HGNC:29561	MONDO:0011713	biolink:causes	0
0.6172738	HGNC:29561	MONDO:0013711	biolink:causes	0
0.16090101	HGNC:735	MONDO:0958176	biolink:gene_associated_with_condition	0
0.98543197	HGNC:19088	MONDO:0060752	biolink:causes	0
0.8024454	HGNC:19088	MONDO:0009737	biolink:causes	0
0.81602293	HGNC:19088	MONDO:0013927	biolink:causes	0
0.5552932	HGNC:757	MONDO:0007381	biolink:causes	0
0.013255613	HGNC:757	MONDO:0033543	biolink:causes	0
0.8680081	HGNC:757	MONDO:0008377	biolink:gene_associated_with_condition	0
0.798397	HGNC:757	MONDO:0012039	biolink:gene_associated_with_condition	0
0.8342313	HGNC:757	MONDO:0010278	biolink:gene_associated_with_condition	0
0.64554447	HGNC:757	MONDO:0011165	biolink:gene_associated_with_condition	0
0.6977872	HGNC:589	MONDO:0033556	biolink:causes	0
0.40030032	HGNC:589	MONDO:0054780	biolink:causes	0
0.8341998	HGNC:11231	MONDO:0020745	biolink:causes	0
0.6959254	HGNC:11231	MONDO:0009490	biolink:causes	0
0.84268373	HGNC:799	MONDO:0007922	biolink:causes	0
0.628729	HGNC:799	MONDO:0044723	biolink:causes	0
0.0016464737	HGNC:29536	MONDO:0013235	biolink:causes	0
0.5529514	HGNC:29536	MONDO:0859187	biolink:gene_associated_with_condition	0
0.13174501	HGNC:29536	MONDO:0008817	biolink:causes	0
0.38441277	HGNC:29536	MONDO:0009804	biolink:causes	0
0.6208191	HGNC:29536	MONDO:0030440	biolink:causes	0
0.6588385	HGNC:6893	MONDO:0008377	biolink:gene_associated_with_condition	0
0.04351002	HGNC:6893	MONDO:0011932	biolink:gene_associated_with_condition	0
0.7088093	HGNC:6893	MONDO:0008399	biolink:causes	0
0.29228193	HGNC:6893	MONDO:0008854	biolink:causes	0
0.5635218	HGNC:6893	MONDO:0011830	biolink:gene_associated_with_condition	0
0.7354426	HGNC:15456	MONDO:0014487	biolink:causes	0
0.5807613	HGNC:6944	MONDO:0019767	biolink:causes	0
0.53171366	HGNC:6944	MONDO:0010870	biolink:causes	0
0.65051347	HGNC:6944	MONDO:0010850	biolink:causes	0
0.43661517	HGNC:6944	MONDO:0030054	biolink:causes	0
0.8589069	HGNC:6990	MONDO:0014343	biolink:gene_associated_with_condition	0
0.6747668	HGNC:6990	MONDO:0032653	biolink:gene_associated_with_condition	0
0.7228596	HGNC:6990	MONDO:0009609	biolink:gene_associated_with_condition	0
0.5901755	HGNC:14575	MONDO:0007561	biolink:gene_associated_with_condition	0
0.82770663	HGNC:14575	MONDO:0014343	biolink:gene_associated_with_condition	0
0.55978376	HGNC:14575	MONDO:0958353	biolink:gene_associated_with_condition	0
0.80065256	HGNC:14575	MONDO:0971014	biolink:gene_associated_with_condition	0
0.08741975	HGNC:28613	MONDO:0009419	biolink:causes	0
0.5788819	HGNC:7010	MONDO:0014996	biolink:gene_associated_with_condition	0
0.5809852	HGNC:7010	MONDO:0030987	biolink:gene_associated_with_condition	0
0.7449628	HGNC:13520	MONDO:0014392	biolink:causes	0
0.5078216	HGNC:18121	MONDO:0007376	biolink:causes	0
0.7789008	HGNC:7060	MONDO:0017218	biolink:causes	0
0.5613139	HGNC:7060	MONDO:0030060	biolink:gene_associated_with_condition	0
0.22859524	HGNC:7060	MONDO:0008751	biolink:gene_associated_with_condition	0
0.68836	HGNC:7060	MONDO:0014771	biolink:causes	0
0.004188198	HGNC:33914	MONDO:0013640	biolink:causes	0
0.22292836	HGNC:31527	MONDO:0013843	biolink:causes	0
0.39413467	HGNC:25221	MONDO:0031084	biolink:causes	0
0.6442803	HGNC:25221	MONDO:0010130	biolink:gene_associated_with_condition	0
0.15009503	HGNC:25221	MONDO:0011417	biolink:causes	0
0.254028	HGNC:25221	MONDO:0011464	biolink:causes	0
0.41468474	HGNC:25221	MONDO:0014586	biolink:gene_associated_with_condition	0
0.16279076	HGNC:25221	MONDO:0054750	biolink:gene_associated_with_condition	0
0.61462665	HGNC:25221	MONDO:0012483	biolink:gene_associated_with_condition	0
0.43373072	HGNC:25221	MONDO:0014518	biolink:gene_associated_with_condition	0
0.7800632	HGNC:7224	MONDO:0007922	biolink:causes	0
0.028252115	HGNC:7224	MONDO:0024523	biolink:causes	0
0.5250879	HGNC:7230	MONDO:0014487	biolink:causes	0
0.36795208	HGNC:7370	MONDO:0011275	biolink:causes	0
0.6590523	HGNC:7414	MONDO:0020745	biolink:causes	0
0.013294638	HGNC:7461	MONDO:0014970	biolink:gene_associated_with_condition	0
0.45568904	HGNC:7488	MONDO:0014343	biolink:causes	0
0.6167404	HGNC:7436	MONDO:0014927	biolink:gene_associated_with_condition	0
0.28052264	HGNC:26190	MONDO:0008542	biolink:contributes_to	0
0.00440743	HGNC:7473	MONDO:0975795	biolink:gene_associated_with_condition	0
0.5758138	HGNC:7473	MONDO:0014747	biolink:gene_associated_with_condition	0
0.32636005	HGNC:7473	MONDO:0100083	biolink:gene_associated_with_condition	0
0.7788945	HGNC:7572	MONDO:0033668	biolink:gene_associated_with_condition	0
0.6540778	HGNC:7577	MONDO:0010645	biolink:causes	0
0.63262683	HGNC:7577	MONDO:0007716	biolink:gene_associated_with_condition	0
0.5964071	HGNC:23212	MONDO:0009617	biolink:causes	0
0.7023861	HGNC:23212	MONDO:0014868	biolink:gene_associated_with_condition	0
0.47438946	HGNC:7608	MONDO:0054763	biolink:gene_associated_with_condition	0
0.9033091	HGNC:1181	MONDO:0007922	biolink:gene_associated_with_condition	0
0.744373	HGNC:1181	MONDO:0100119	biolink:gene_associated_with_condition	0
0.6308746	HGNC:1181	MONDO:0010397	biolink:gene_associated_with_condition	0
0.8856079	HGNC:1181	MONDO:0013256	biolink:gene_associated_with_condition	0
0.92847806	HGNC:7632	MONDO:0014343	biolink:gene_associated_with_condition	0
0.027918795	HGNC:17619	MONDO:0009360	biolink:causes	0
0.54549235	HGNC:7675	MONDO:0012039	biolink:gene_associated_with_condition	0
0.29459217	HGNC:7675	MONDO:0019947	biolink:gene_associated_with_condition	0
0.8006773	HGNC:7678	MONDO:0018328	biolink:gene_associated_with_condition	0
0.7765389	HGNC:17194	MONDO:0011113	biolink:contributes_to	0
0.008450871	HGNC:7720	MONDO:0012883	biolink:causes	0
0.70163053	HGNC:7720	MONDO:0013937	biolink:causes	0
0.51211435	HGNC:7744	MONDO:0018877	biolink:contributes_to	0
0.70429814	HGNC:7744	MONDO:0010185	biolink:contributes_to	0
0.86115545	HGNC:7744	MONDO:0008377	biolink:contributes_to	0
0.088616796	HGNC:7744	MONDO:0011837	biolink:gene_associated_with_condition	0
0.6722238	HGNC:7744	MONDO:0011529	biolink:gene_associated_with_condition	0
0.6115204	HGNC:18591	MONDO:0700250	biolink:causes	0
0.79986763	HGNC:18591	MONDO:0008377	biolink:causes	0
0.5067001	HGNC:18591	MONDO:0009658	biolink:causes	0
0.6474748	HGNC:18591	MONDO:0033045	biolink:causes	0
0.018124586	HGNC:12768	MONDO:0019930	biolink:gene_associated_with_condition	0
0.106053434	HGNC:7788	MONDO:0800452	biolink:gene_associated_with_condition	0
0.27747485	HGNC:7795	MONDO:0008479	biolink:gene_associated_with_condition	0
0.0050230324	HGNC:25737	MONDO:0011003	biolink:gene_associated_with_condition	0
0.5940885	HGNC:29873	MONDO:0011528	biolink:causes	0
0.34678698	HGNC:29873	MONDO:0008673	biolink:causes	0
0.40830106	HGNC:29873	MONDO:0012522	biolink:causes	0
0.8472324	HGNC:7897	MONDO:0000908	biolink:gene_associated_with_condition	0
0.520219	HGNC:7981	MONDO:0010232	biolink:gene_associated_with_condition	0
0.36683992	HGNC:7981	MONDO:0030312	biolink:gene_associated_with_condition	0
0.59507483	HGNC:8001	MONDO:0957993	biolink:causes	0
0.5262435	HGNC:8005	MONDO:0015300	biolink:causes	0
0.6762269	HGNC:8005	MONDO:0012276	biolink:causes	0
0.7868959	HGNC:8005	MONDO:0800030	biolink:causes	0
0.006593456	HGNC:26208	MONDO:0011523	biolink:causes	0
0.5022329	HGNC:26208	MONDO:0010310	biolink:causes	0
0.70450294	HGNC:29558	MONDO:0020316	biolink:causes	0
0.45748228	HGNC:29558	MONDO:0018564	biolink:causes	0
0.43908948	HGNC:8059	MONDO:0007495	biolink:gene_associated_with_condition	0
0.6849703	HGNC:18016	MONDO:0007564	biolink:causes	0
0.2380745	HGNC:9936	MONDO:0014343	biolink:gene_associated_with_condition	0
0.1546357	HGNC:9936	MONDO:0009050	biolink:gene_associated_with_condition	0
0.2232411	HGNC:15021	MONDO:0008678	biolink:causes	0
0.16038771	HGNC:15021	MONDO:0010233	biolink:causes	0
0.7251299	HGNC:17151	MONDO:0007922	biolink:causes	0
0.08534495	HGNC:17151	MONDO:0013236	biolink:causes	0
0.45502135	HGNC:24281	MONDO:0014487	biolink:causes	0
0.456885	HGNC:8546	MONDO:0014710	biolink:causes	0
0.14532045	HGNC:8622	MONDO:0957294	biolink:causes	0
0.43691567	HGNC:14674	MONDO:0007768	biolink:causes	0
0.044822663	HGNC:8786	MONDO:0008490	biolink:causes	0
0.6018622	HGNC:8789	MONDO:0032758	biolink:causes	0
0.029826289	HGNC:8850	MONDO:0013189	biolink:gene_associated_with_condition	0
0.41539648	HGNC:8940	MONDO:0020316	biolink:causes	0
0.58121175	HGNC:8940	MONDO:0015003	biolink:causes	0
0.46341568	HGNC:28993	MONDO:0007191	biolink:causes	0
0.26806438	HGNC:28993	MONDO:0012421	biolink:causes	0
0.7439683	HGNC:28993	MONDO:0013047	biolink:causes	0
0.47985333	HGNC:28993	MONDO:0011430	biolink:causes	0
0.43868178	HGNC:28993	MONDO:0011908	biolink:causes	0
0.8460575	HGNC:28993	MONDO:0008377	biolink:causes	0
0.7873439	HGNC:26270	MONDO:0013559	biolink:causes	0
0.78323585	HGNC:26270	MONDO:0024457	biolink:gene_associated_with_condition	0
0.89499575	HGNC:26270	MONDO:0032888	biolink:causes	0
0.4518168	HGNC:26270	MONDO:0859328	biolink:causes	0
0.6697673	HGNC:26270	MONDO:0013851	biolink:gene_associated_with_condition	0
0.29642135	HGNC:8959	MONDO:0009624	biolink:causes	0
0.2975685	HGNC:8959	MONDO:0014004	biolink:causes	0
0.37323287	HGNC:8965	MONDO:0012453	biolink:causes	0
0.31463292	HGNC:8965	MONDO:0014198	biolink:causes	0
0.7203006	HGNC:15791	MONDO:0008931	biolink:causes	0
0.49808547	HGNC:8975	MONDO:0010130	biolink:causes	0
0.7262198	HGNC:8975	MONDO:0017218	biolink:causes	0
0.27322897	HGNC:9008	MONDO:0060591	biolink:gene_associated_with_condition	0
0.49682465	HGNC:9008	MONDO:0008179	biolink:gene_associated_with_condition	0
0.008546294	HGNC:9038	MONDO:0014040	biolink:gene_associated_with_condition	0
0.0030252696	HGNC:9066	MONDO:0100289	biolink:gene_associated_with_condition	0
0.009527492	HGNC:9066	MONDO:0014057	biolink:gene_associated_with_condition	0
0.6117348	HGNC:9083	MONDO:0014612	biolink:causes	0
0.32556683	HGNC:9107	MONDO:0012041	biolink:causes	0
0.28792486	HGNC:9115	MONDO:0859328	biolink:causes	0
0.011512007	HGNC:9119	MONDO:0017691	biolink:causes	0
0.6784985	HGNC:7892	MONDO:0009879	biolink:causes	0
0.59768736	HGNC:7892	MONDO:0014447	biolink:causes	0
0.7469598	HGNC:9180	MONDO:0018495	biolink:causes	0
0.023291072	HGNC:30129	MONDO:0010446	biolink:causes	0
0.49827257	HGNC:9280	MONDO:0012734	biolink:causes	0
0.12795065	HGNC:9280	MONDO:0021019	biolink:causes	0
0.05003578	HGNC:9459	MONDO:0020788	biolink:causes	0
0.3639358	HGNC:15860	MONDO:0800028	biolink:causes	0
0.53839767	HGNC:30500	MONDO:0010465	biolink:causes	0
0.30186763	HGNC:30500	MONDO:0032572	biolink:causes	0
0.67598605	HGNC:9142	MONDO:0014343	biolink:gene_associated_with_condition	0
0.007345816	HGNC:9142	MONDO:0019082	biolink:gene_associated_with_condition	0
0.14847325	HGNC:21504	MONDO:0859340	biolink:causes	0
0.029161677	HGNC:9538	MONDO:0054764	biolink:causes	0
0.21921758	HGNC:24929	MONDO:0008542	biolink:causes	0
0.035035916	HGNC:21290	MONDO:0009061	biolink:causes	0
0.78718555	HGNC:9587	MONDO:0024550	biolink:causes	0
0.6502807	HGNC:9587	MONDO:0019150	biolink:causes	0
0.7390346	HGNC:9608	MONDO:0010000	biolink:causes	0
0.6881715	HGNC:9608	MONDO:0025708	biolink:gene_associated_with_condition	0
0.94716644	HGNC:9608	MONDO:0014343	biolink:gene_associated_with_condition	0
0.7973701	HGNC:9608	MONDO:0014302	biolink:causes	0
0.025234032	HGNC:9658	MONDO:0033482	biolink:gene_associated_with_condition	0
0.5792749	HGNC:9658	MONDO:0014947	biolink:gene_associated_with_condition	0
0.7095943	HGNC:30889	MONDO:0008377	biolink:causes	0
0.7487274	HGNC:24113	MONDO:0014518	biolink:causes	0
0.81393325	HGNC:10560	MONDO:0014343	biolink:causes	0
0.5154745	HGNC:14262	MONDO:0009377	biolink:causes	0
0.6138723	HGNC:24123	MONDO:0024550	biolink:causes	0
0.63538265	HGNC:24123	MONDO:0009353	biolink:causes	0
0.21910653	HGNC:14078	MONDO:0012423	biolink:causes	0
0.72735614	HGNC:30000	MONDO:0013533	biolink:causes	0
0.6123491	HGNC:30000	MONDO:0800028	biolink:causes	0
0.2026474	HGNC:987	MONDO:0008087	biolink:gene_associated_with_condition	0
0.51700824	HGNC:987	MONDO:0019569	biolink:gene_associated_with_condition	0
0.7102221	HGNC:1001	MONDO:0012123	biolink:gene_associated_with_condition	0
0.5539091	HGNC:1001	MONDO:0060510	biolink:gene_associated_with_condition	0
0.6967571	HGNC:13222	MONDO:0008377	biolink:causes	0
0.75417185	HGNC:13222	MONDO:0859147	biolink:causes	0
0.23994122	HGNC:13222	MONDO:0012184	biolink:causes	0
0.5660136	HGNC:20893	MONDO:0013243	biolink:causes	0
0.57699805	HGNC:20893	MONDO:0018931	biolink:causes	0
0.2866013	HGNC:20893	MONDO:0011811	biolink:causes	0
0.6793298	HGNC:16512	MONDO:0014809	biolink:causes	0
0.54200494	HGNC:21020	MONDO:0008201	biolink:gene_associated_with_condition	0
0.3546208	HGNC:9811	MONDO:0019597	biolink:causes	0
0.7602714	HGNC:9811	MONDO:0012859	biolink:gene_associated_with_condition	0
0.08543414	HGNC:9871	MONDO:0009061	biolink:causes	0
0.67344624	HGNC:9871	MONDO:0011784	biolink:causes	0
0.89132935	HGNC:9879	MONDO:0009397	biolink:causes	0
0.6029601	HGNC:9879	MONDO:0009279	biolink:causes	0
0.71207434	HGNC:9879	MONDO:0007740	biolink:causes	0
0.7007557	HGNC:9879	MONDO:0008377	biolink:causes	0
0.11376532	HGNC:9879	MONDO:0014346	biolink:causes	0
0.31281632	HGNC:9879	MONDO:0014118	biolink:causes	0
0.34880286	HGNC:9922	MONDO:0009877	biolink:causes	0
0.80567163	HGNC:9922	MONDO:0014343	biolink:gene_associated_with_condition	0
0.69953823	HGNC:9922	MONDO:0007949	biolink:gene_associated_with_condition	0
0.11718758	HGNC:17975	MONDO:0008542	biolink:gene_associated_with_condition	0
0.47559607	HGNC:17975	MONDO:0009760	biolink:gene_associated_with_condition	0
0.80708134	HGNC:9965	MONDO:0019855	biolink:gene_associated_with_condition	0
0.6115668	HGNC:9965	MONDO:0014327	biolink:gene_associated_with_condition	0
0.8111186	HGNC:9965	MONDO:0018393	biolink:gene_associated_with_condition	0
0.18976925	HGNC:9967	MONDO:0013642	biolink:contributes_to	0
0.59179443	HGNC:9967	MONDO:0957922	biolink:causes	0
0.67396027	HGNC:9967	MONDO:0009306	biolink:contributes_to	0
0.49239108	HGNC:9967	MONDO:0014450	biolink:causes	0
0.09458927	HGNC:9967	MONDO:0020619	biolink:causes	0
0.03680756	HGNC:9967	MONDO:0957572	biolink:causes	0
0.6057416	HGNC:9986	MONDO:0014321	biolink:causes	0
0.049660806	HGNC:9986	MONDO:0015555	biolink:causes	0
0.6101565	HGNC:9986	MONDO:0031481	biolink:causes	0
0.6103549	HGNC:9986	MONDO:0016782	biolink:causes	0
0.057088822	HGNC:10009	MONDO:0030366	biolink:gene_associated_with_condition	0
0.79332656	HGNC:13429	MONDO:0020745	biolink:causes	0
0.42327842	HGNC:21158	MONDO:0014466	biolink:gene_associated_with_condition	0
0.0016294485	HGNC:21158	MONDO:0011351	biolink:gene_associated_with_condition	0
0.4712458	HGNC:21158	MONDO:0012041	biolink:gene_associated_with_condition	0
0.66511303	HGNC:10289	MONDO:0013607	biolink:causes	0
0.018111957	HGNC:10294	MONDO:0019113	biolink:causes	0
0.5362789	HGNC:10295	MONDO:0017811	biolink:causes	0
0.087960444	HGNC:10295	MONDO:0012163	biolink:causes	0
0.17851411	HGNC:10446	MONDO:0008542	biolink:causes	0
0.5429641	HGNC:10447	MONDO:0957218	biolink:causes	0
0.4246996	HGNC:10447	MONDO:0032804	biolink:causes	0
0.120783694	HGNC:10447	MONDO:0012925	biolink:causes	0
0.79707366	HGNC:17296	MONDO:0009475	biolink:causes	0
0.63100857	HGNC:17296	MONDO:0013052	biolink:causes	0
0.18264474	HGNC:17296	MONDO:0013033	biolink:causes	0
0.775662	HGNC:17296	MONDO:0014343	biolink:causes	0
0.3708871	HGNC:12371	MONDO:0012297	biolink:causes	0
0.27717203	HGNC:10471	MONDO:0009354	biolink:causes	0
0.21297725	HGNC:10471	MONDO:0032874	biolink:causes	0
0.9131917	HGNC:19440	MONDO:0014343	biolink:gene_associated_with_condition	0
0.69722354	HGNC:19869	MONDO:0010099	biolink:gene_associated_with_condition	0
0.26250714	HGNC:10583	MONDO:0032665	biolink:gene_associated_with_condition	0
0.34930533	HGNC:10683	MONDO:0017111	biolink:causes	0
0.5789734	HGNC:10701	MONDO:0014327	biolink:causes	0
0.15188447	HGNC:10701	MONDO:0009380	biolink:causes	0
0.012406217	HGNC:10736	MONDO:0019373	biolink:gene_associated_with_condition	0
0.005639707	HGNC:10736	MONDO:0859521	biolink:gene_associated_with_condition	0
0.41137475	HGNC:10736	MONDO:0008818	biolink:gene_associated_with_condition	0
0.49512163	HGNC:29187	MONDO:0008377	biolink:causes	0
0.72197074	HGNC:16088	MONDO:0011694	biolink:causes	0
0.59687084	HGNC:10809	MONDO:0007216	biolink:gene_associated_with_condition	0
0.6625451	HGNC:10809	MONDO:0014343	biolink:gene_associated_with_condition	0
0.6208603	HGNC:10809	MONDO:0014455	biolink:gene_associated_with_condition	0
0.64368653	HGNC:29605	MONDO:0011496	biolink:causes	0
0.7372447	HGNC:10853	MONDO:0010554	biolink:causes	0
0.40803683	HGNC:25543	MONDO:0008998	biolink:causes	0
0.21651602	HGNC:23639	MONDO:0009653	biolink:causes	0
0.010372467	HGNC:23639	MONDO:0035555	biolink:causes	0
0.57304317	HGNC:23639	MONDO:0018598	biolink:causes	0
0.55903786	HGNC:23639	MONDO:0020493	biolink:causes	0
0.0059491484	HGNC:11005	MONDO:0100289	biolink:causes	0
0.039941017	HGNC:11005	MONDO:0026404	biolink:causes	0
0.7578146	HGNC:11005	MONDO:0012859	biolink:gene_associated_with_condition	0
0.54861355	HGNC:11005	MONDO:0012979	biolink:gene_associated_with_condition	0
0.712174	HGNC:11027	MONDO:0007922	biolink:causes	0
0.30384496	HGNC:11027	MONDO:0009115	biolink:causes	0
0.51676196	HGNC:10906	MONDO:0011738	biolink:causes	0
0.8405807	HGNC:10914	MONDO:0032724	biolink:causes	0
0.045661572	HGNC:23094	MONDO:0008722	biolink:causes	0
0.027675088	HGNC:23094	MONDO:0009625	biolink:causes	0
0.020425862	HGNC:23094	MONDO:0008678	biolink:causes	0
0.036154322	HGNC:23094	MONDO:0011017	biolink:causes	0
0.79471684	HGNC:10994	MONDO:0060745	biolink:causes	0
0.13178578	HGNC:10998	MONDO:0007221	biolink:gene_associated_with_condition	0
0.317776	HGNC:13941	MONDO:0011529	biolink:causes	0
0.6292395	HGNC:19046	MONDO:0010401	biolink:causes	0
0.93435913	HGNC:19046	MONDO:0044724	biolink:causes	0
0.75441253	HGNC:19046	MONDO:0007794	biolink:causes	0
0.5032274	HGNC:11100	MONDO:0011158	biolink:causes	0
0.6681189	HGNC:11100	MONDO:0014383	biolink:causes	0
0.5831699	HGNC:11100	MONDO:0007797	biolink:causes	0
0.1708555	HGNC:11100	MONDO:0008734	biolink:gene_associated_with_condition	0
0.57131666	HGNC:11119	MONDO:0013011	biolink:causes	0
0.28026927	HGNC:1346	MONDO:0007845	biolink:causes	0
0.37219617	HGNC:1371	MONDO:0013991	biolink:gene_associated_with_condition	0
0.63867456	HGNC:1388	MONDO:0060556	biolink:causes	0
0.023194477	HGNC:1388	MONDO:0060663	biolink:gene_associated_with_condition	0
0.5429057	HGNC:1388	MONDO:0009804	biolink:causes	0
0.6564181	HGNC:1388	MONDO:0008765	biolink:gene_associated_with_condition	0
0.26280695	HGNC:1397	MONDO:0014480	biolink:causes	0
0.02484918	HGNC:16709	MONDO:0007828	biolink:causes	0
0.021598795	HGNC:16709	MONDO:0008705	biolink:causes	0
0.12503298	HGNC:26276	MONDO:0020628	biolink:gene_associated_with_condition	0
0.7753349	HGNC:1514	MONDO:0032624	biolink:causes	0
0.0049625956	HGNC:1514	MONDO:0016703	biolink:causes	0
0.4366165	HGNC:1514	MONDO:0010188	biolink:contributes_to	0
0.21054319	HGNC:1514	MONDO:0013929	biolink:contributes_to	0
0.90844995	HGNC:1514	MONDO:0014386	biolink:causes	0
0.78679043	HGNC:1514	MONDO:0007572	biolink:contributes_to	0
0.7549806	HGNC:1539	MONDO:0008377	biolink:gene_associated_with_condition	0
0.44402382	HGNC:1539	MONDO:0030338	biolink:gene_associated_with_condition	0
0.66962945	HGNC:27845	MONDO:0011190	biolink:causes	0
0.3999756	HGNC:11184	MONDO:0014711	biolink:causes	0
0.19183862	HGNC:11184	MONDO:0008542	biolink:causes	0
0.027199397	HGNC:11184	MONDO:0018197	biolink:causes	0
0.04256029	HGNC:29022	MONDO:0014853	biolink:causes	0
0.6657802	HGNC:20249	MONDO:0013932	biolink:causes	0
0.60452116	HGNC:20249	MONDO:0017176	biolink:causes	0
0.6274693	HGNC:11311	MONDO:0008426	biolink:gene_associated_with_condition	0
0.04040891	HGNC:11311	MONDO:0975887	biolink:gene_associated_with_condition	0
0.19570115	HGNC:10872	MONDO:0020512	biolink:gene_associated_with_condition	0
0.79928166	HGNC:11364	MONDO:0009773	biolink:causes	0
0.86796415	HGNC:11367	MONDO:0010485	biolink:causes	0
0.4195954	HGNC:11367	MONDO:0054802	biolink:causes	0
0.2547559	HGNC:26239	MONDO:0031084	biolink:causes	0
0.3386885	HGNC:26239	MONDO:0009339	biolink:causes	0
0.59097576	HGNC:26239	MONDO:0013767	biolink:causes	0
0.4847582	HGNC:11427	MONDO:0013367	biolink:causes	0
0.107501715	HGNC:11427	MONDO:0013033	biolink:causes	0
0.64063597	HGNC:11427	MONDO:0020507	biolink:causes	0
0.6609892	HGNC:11449	MONDO:0007355	biolink:causes	0
0.7845765	HGNC:11480	MONDO:0016579	biolink:causes	0
0.4671059	HGNC:11490	MONDO:0014343	biolink:causes	0
0.059905346	HGNC:11490	MONDO:0012607	biolink:causes	0
0.7574952	HGNC:11530	MONDO:0008426	biolink:gene_associated_with_condition	0
0.55699545	HGNC:30740	MONDO:0018576	biolink:gene_associated_with_condition	0
0.005500688	HGNC:16133	MONDO:0032592	biolink:causes	0
0.8095724	HGNC:28261	MONDO:0008377	biolink:causes	0
0.831367	HGNC:28261	MONDO:0015007	biolink:causes	0
0.37829274	HGNC:11598	MONDO:0007854	biolink:causes	0
0.4573211	HGNC:11598	MONDO:0013690	biolink:causes	0
0.011705723	HGNC:11598	MONDO:0017629	biolink:gene_associated_with_condition	0
0.60514116	HGNC:11598	MONDO:0032817	biolink:gene_associated_with_condition	0
0.7717451	HGNC:11633	MONDO:0015278	biolink:gene_associated_with_condition	0
0.70429367	HGNC:11633	MONDO:0010720	biolink:gene_associated_with_condition	0
0.035400193	HGNC:18884	MONDO:0014217	biolink:gene_associated_with_condition	0
0.123039834	HGNC:11714	MONDO:0009892	biolink:causes	0
0.5894657	HGNC:11714	MONDO:0014065	biolink:causes	0
0.16031776	HGNC:25941	MONDO:0011974	biolink:gene_associated_with_condition	0
0.45318663	HGNC:25941	MONDO:0007042	biolink:gene_associated_with_condition	0
0.8153261	HGNC:25941	MONDO:0017241	biolink:gene_associated_with_condition	0
0.58784133	HGNC:25941	MONDO:0013028	biolink:gene_associated_with_condition	0
0.5024632	HGNC:11743	MONDO:0010250	biolink:gene_associated_with_condition	0
0.8634674	HGNC:11743	MONDO:0008542	biolink:gene_associated_with_condition	0
0.0060701584	HGNC:11762	MONDO:0700298	biolink:causes	0
0.84917176	HGNC:11762	MONDO:0011784	biolink:gene_associated_with_condition	0
0.46502188	HGNC:11762	MONDO:0013195	biolink:causes	0
0.59826785	HGNC:11762	MONDO:0008931	biolink:causes	0
0.39828387	HGNC:11768	MONDO:0010162	biolink:causes	0
0.26291218	HGNC:11773	MONDO:0012682	biolink:gene_associated_with_condition	0
0.87973994	HGNC:11773	MONDO:0009820	biolink:causes	0
0.3922467	HGNC:19073	MONDO:0019428	biolink:gene_associated_with_condition	0
0.8313911	HGNC:19073	MONDO:0016682	biolink:gene_associated_with_condition	0
0.8177738	HGNC:23656	MONDO:0014343	biolink:gene_associated_with_condition	0
0.6157825	HGNC:23656	MONDO:0017715	biolink:gene_associated_with_condition	0
0.397386	HGNC:11828	MONDO:0025354	biolink:causes	0
0.041327883	HGNC:11828	MONDO:0016839	biolink:causes	0
0.018392546	HGNC:24552	MONDO:0013462	biolink:causes	0
0.41133067	HGNC:24552	MONDO:0009215	biolink:gene_associated_with_condition	0
0.7236965	HGNC:24552	MONDO:0030995	biolink:causes	0
0.23220931	HGNC:11943	MONDO:0011417	biolink:causes	0
0.5176013	HGNC:11998	MONDO:0859572	biolink:gene_associated_with_condition	0
0.61572707	HGNC:11998	MONDO:0009477	biolink:gene_associated_with_condition	0
0.13706905	HGNC:11998	MONDO:0007377	biolink:gene_associated_with_condition	0
0.8520009	HGNC:11998	MONDO:0008377	biolink:gene_associated_with_condition	0
0.18268055	HGNC:11998	MONDO:0018761	biolink:contributes_to	0
0.05628995	HGNC:11998	MONDO:0007805	biolink:gene_associated_with_condition	0
0.5242268	HGNC:11998	MONDO:0008542	biolink:gene_associated_with_condition	0
0.81633043	HGNC:12009	MONDO:0014754	biolink:causes	0
0.7366828	HGNC:12011	MONDO:0024543	biolink:causes	0
0.76064515	HGNC:12011	MONDO:0010655	biolink:causes	0
0.05678861	HGNC:12011	MONDO:0035941	biolink:causes	0
0.003509345	HGNC:20456	MONDO:0011593	biolink:causes	0
0.8681783	HGNC:20456	MONDO:0014343	biolink:causes	0
0.66256446	HGNC:20456	MONDO:0030927	biolink:causes	0
0.39299378	HGNC:20456	MONDO:0013156	biolink:causes	0
0.03920923	HGNC:12271	MONDO:0010626	biolink:gene_associated_with_condition	0
0.097174786	HGNC:12271	MONDO:0044320	biolink:gene_associated_with_condition	0
0.09773974	HGNC:16380	MONDO:0011091	biolink:causes	0
0.68644816	HGNC:16380	MONDO:0957271	biolink:causes	0
0.1097353	HGNC:17993	MONDO:0009061	biolink:causes	0
0.7888371	HGNC:17993	MONDO:0008437	biolink:causes	0
0.61569756	HGNC:20087	MONDO:0014343	biolink:causes	0
0.3307592	HGNC:20087	MONDO:0012465	biolink:causes	0
0.4463922	HGNC:20670	MONDO:0007495	biolink:causes	0
0.7215954	HGNC:20670	MONDO:0035819	biolink:gene_associated_with_condition	0
0.61422116	HGNC:12440	MONDO:0017308	biolink:causes	0
0.7143471	HGNC:12440	MONDO:0012297	biolink:causes	0
0.47656205	HGNC:12469	MONDO:0008637	biolink:gene_associated_with_condition	0
0.50706047	HGNC:12469	MONDO:0009192	biolink:gene_associated_with_condition	0
0.69462967	HGNC:30594	MONDO:0008148	biolink:causes	0
0.4573021	HGNC:20439	MONDO:0014883	biolink:gene_associated_with_condition	0
0.68458587	HGNC:20439	MONDO:0014343	biolink:gene_associated_with_condition	0
0.3887055	HGNC:20439	MONDO:0007157	biolink:gene_associated_with_condition	0
0.04854625	HGNC:12631	MONDO:0010446	biolink:gene_associated_with_condition	0
0.7786991	HGNC:2464	MONDO:0009823	biolink:causes	0
0.1820177	HGNC:2464	MONDO:0054731	biolink:gene_associated_with_condition	0
0.47890964	HGNC:12668	MONDO:0010400	biolink:causes	0
0.57820106	HGNC:23663	MONDO:0009642	biolink:causes	0
0.6235282	HGNC:12713	MONDO:0014899	biolink:causes	0
0.533581	HGNC:12713	MONDO:0015566	biolink:causes	0
0.46784842	HGNC:12718	MONDO:0014821	biolink:causes	0
0.7531194	HGNC:12718	MONDO:0018393	biolink:causes	0
0.6914135	HGNC:12729	MONDO:0007922	biolink:causes	0
0.54847366	HGNC:28027	MONDO:0018564	biolink:gene_associated_with_condition	0
0.39152485	HGNC:28027	MONDO:0013570	biolink:gene_associated_with_condition	0
0.10545488	HGNC:18340	MONDO:0014738	biolink:causes	0
0.6430218	HGNC:18340	MONDO:0017225	biolink:causes	0
0.8311685	HGNC:18340	MONDO:0008887	biolink:causes	0
0.17351875	HGNC:21208	MONDO:0008817	biolink:causes	0
0.7207053	HGNC:29250	MONDO:0007524	biolink:causes	0
0.6892531	HGNC:29250	MONDO:0007380	biolink:causes	0
0.1270965	HGNC:26600	MONDO:0014122	biolink:causes	0
0.8355264	HGNC:12781	MONDO:0014343	biolink:causes	0
0.4934375	HGNC:12786	MONDO:0012569	biolink:causes	0
0.047745366	HGNC:592	MONDO:0968981	biolink:causes	0
0.33074537	HGNC:25489	MONDO:0032596	biolink:gene_associated_with_condition	0
0.52215433	HGNC:18326	MONDO:0015270	biolink:causes	0
0.3139824	HGNC:30935	MONDO:0033046	biolink:gene_associated_with_condition	0
0.37739772	HGNC:20152	MONDO:0032907	biolink:causes	0
0.043571003	HGNC:28449	MONDO:0007191	biolink:gene_associated_with_condition	0
0.27063236	HGNC:28449	MONDO:0010441	biolink:gene_associated_with_condition	0
0.7445372	HGNC:23216	MONDO:0007157	biolink:causes	0
0.5926376	HGNC:1754	MONDO:0007740	biolink:causes	0
0.6561985	HGNC:1785	MONDO:0010389	biolink:causes	0
0.004953074	HGNC:17104	MONDO:0007723	biolink:causes	0
0.06870447	HGNC:24576	MONDO:0009265	biolink:causes	0
0.042093877	HGNC:1810	MONDO:0007042	biolink:causes	0
0.030155392	HGNC:1810	MONDO:0008244	biolink:causes	0
0.63161224	HGNC:1161	MONDO:0019767	biolink:gene_associated_with_condition	0
0.090295486	HGNC:1161	MONDO:0010853	biolink:gene_associated_with_condition	0
0.6726465	HGNC:25815	MONDO:0012892	biolink:causes	0
0.6282833	HGNC:14253	MONDO:0032673	biolink:gene_associated_with_condition	0
0.5774144	HGNC:14253	MONDO:0014474	biolink:gene_associated_with_condition	0
0.53080416	HGNC:1301	MONDO:0060591	biolink:causes	0
0.65259737	HGNC:1301	MONDO:0007895	biolink:causes	0
0.7589466	HGNC:18292	MONDO:0013060	biolink:causes	0
0.05600373	HGNC:1884	MONDO:0013842	biolink:causes	0
0.19114326	HGNC:1884	MONDO:0011556	biolink:causes	0
0.01412926	HGNC:15559	MONDO:0858999	biolink:gene_associated_with_condition	0
0.0567326	HGNC:16171	MONDO:0008210	biolink:causes	0
0.69146633	HGNC:16171	MONDO:0009820	biolink:causes	0
0.64767635	HGNC:1952	MONDO:0014343	biolink:gene_associated_with_condition	0
0.6994304	HGNC:26877	MONDO:0024550	biolink:gene_associated_with_condition	0
0.3679722	HGNC:2019	MONDO:0009073	biolink:causes	0
0.65270317	HGNC:2022	MONDO:0007922	biolink:gene_associated_with_condition	0
0.08094728	HGNC:2022	MONDO:0012161	biolink:gene_associated_with_condition	0
0.47033188	HGNC:2022	MONDO:0018758	biolink:causes	0
0.5605965	HGNC:2088	MONDO:0012892	biolink:causes	0
0.8258966	HGNC:18620	MONDO:0030866	biolink:gene_associated_with_condition	0
0.88615096	HGNC:2197	MONDO:0008061	biolink:causes	0
0.8758866	HGNC:2197	MONDO:0014493	biolink:causes	0
0.8621079	HGNC:2197	MONDO:0025699	biolink:gene_associated_with_condition	0
0.030694764	HGNC:2197	MONDO:0030490	biolink:gene_associated_with_condition	0
0.69314647	HGNC:2197	MONDO:0859164	biolink:gene_associated_with_condition	0
0.85077643	HGNC:2197	MONDO:0013992	biolink:causes	0
0.84142935	HGNC:2197	MONDO:0032921	biolink:causes	0
0.8266818	HGNC:2200	MONDO:0008005	biolink:gene_associated_with_condition	0
0.84806156	HGNC:2200	MONDO:0012652	biolink:causes	0
0.8392779	HGNC:2200	MONDO:0017407	biolink:causes	0
0.47165805	HGNC:2200	MONDO:0008862	biolink:gene_associated_with_condition	0
0.5208916	HGNC:2200	MONDO:0009994	biolink:causes	0
0.80152595	HGNC:2200	MONDO:0012411	biolink:causes	0
0.7064459	HGNC:2200	MONDO:0968990	biolink:causes	0
0.13068943	HGNC:2200	MONDO:0013236	biolink:causes	0
0.81687844	HGNC:2200	MONDO:0007572	biolink:causes	0
0.74939674	HGNC:2200	MONDO:0014211	biolink:gene_associated_with_condition	0
0.18709701	HGNC:2200	MONDO:0015557	biolink:causes	0
0.8316903	HGNC:2200	MONDO:0032677	biolink:causes	0
0.46227786	HGNC:2185	MONDO:0011091	biolink:causes	0
0.89305085	HGNC:17213	MONDO:0010803	biolink:causes	0
0.389437	HGNC:20213	MONDO:0012554	biolink:causes	0
0.80867445	HGNC:18688	MONDO:8000015	biolink:causes	0
0.79592437	HGNC:2379	MONDO:0008097	biolink:gene_associated_with_condition	0
0.386893	HGNC:2379	MONDO:0018611	biolink:gene_associated_with_condition	0
0.5841032	HGNC:2379	MONDO:0008377	biolink:causes	0
0.74588114	HGNC:2379	MONDO:0009192	biolink:causes	0
0.036967274	HGNC:2411	MONDO:0013244	biolink:gene_associated_with_condition	0
0.6527938	HGNC:2418	MONDO:0013070	biolink:causes	0
0.71492064	HGNC:2472	MONDO:0013050	biolink:causes	0
0.8624842	HGNC:2478	MONDO:0014343	biolink:causes	0
0.54552644	HGNC:2478	MONDO:0019374	biolink:causes	0
0.5428726	HGNC:2514	MONDO:0017173	biolink:gene_associated_with_condition	0
0.7631976	HGNC:2514	MONDO:0007485	biolink:gene_associated_with_condition	0
0.7100752	HGNC:2514	MONDO:0033479	biolink:gene_associated_with_condition	0
0.66249865	HGNC:2514	MONDO:0008542	biolink:causes	0
0.7327073	HGNC:2514	MONDO:0032581	biolink:causes	0
0.46786958	HGNC:9251	MONDO:0800029	biolink:causes	0
0.69415754	HGNC:9251	MONDO:0030918	biolink:causes	0
0.62516195	HGNC:10664	MONDO:0019855	biolink:causes	0
0.08765673	HGNC:10664	MONDO:0012398	biolink:gene_associated_with_condition	0
0.76541024	HGNC:2578	MONDO:0008000	biolink:causes	0
0.705598	HGNC:2578	MONDO:0012552	biolink:causes	0
0.29024178	HGNC:2594	MONDO:0060502	biolink:gene_associated_with_condition	0
0.53275687	HGNC:2594	MONDO:0008399	biolink:gene_associated_with_condition	0
0.24294688	HGNC:2594	MONDO:0012256	biolink:gene_associated_with_condition	0
0.828217	HGNC:2731	MONDO:0011359	biolink:gene_associated_with_condition	0
0.06417954	HGNC:18674	MONDO:0011242	biolink:gene_associated_with_condition	0
0.80986893	HGNC:2760	MONDO:0011784	biolink:causes	0
0.761717	HGNC:2760	MONDO:0012718	biolink:causes	0
0.10177545	HGNC:2760	MONDO:0007221	biolink:causes	0
0.5565532	HGNC:2770	MONDO:0019848	biolink:causes	0
0.77237666	HGNC:2919	MONDO:0060489	biolink:causes	0
0.9203536	HGNC:2928	MONDO:0020745	biolink:gene_associated_with_condition	0
0.8438607	HGNC:2928	MONDO:0009820	biolink:gene_associated_with_condition	0
0.44912001	HGNC:21493	MONDO:0014343	biolink:causes	0
0.6717883	HGNC:5228	MONDO:0958354	biolink:gene_associated_with_condition	0
0.61913574	HGNC:27030	MONDO:0012930	biolink:causes	0
0.34822842	HGNC:2976	MONDO:0019505	biolink:causes	0
0.54779047	HGNC:2976	MONDO:0009953	biolink:gene_associated_with_condition	0
0.421446	HGNC:2976	MONDO:0012724	biolink:causes	0
0.9571869	HGNC:3005	MONDO:0014343	biolink:gene_associated_with_condition	0
0.6035152	HGNC:3005	MONDO:0008673	biolink:gene_associated_with_condition	0
0.4833953	HGNC:3005	MONDO:0020324	biolink:gene_associated_with_condition	0
0.7983453	HGNC:28769	MONDO:0032604	biolink:causes	0
0.68402195	HGNC:3036	MONDO:0007363	biolink:gene_associated_with_condition	0
0.48347208	HGNC:17328	MONDO:0007158	biolink:causes	0
0.23592252	HGNC:3146	MONDO:0014630	biolink:causes	0
0.10472908	HGNC:3146	MONDO:0009380	biolink:causes	0
0.8136983	HGNC:3218	MONDO:0957270	biolink:causes	0
0.036136024	HGNC:24650	MONDO:0009061	biolink:gene_associated_with_condition	0
0.25085652	HGNC:3260	MONDO:0008310	biolink:gene_associated_with_condition	0
0.6043598	HGNC:3260	MONDO:0014963	biolink:gene_associated_with_condition	0
0.20901605	HGNC:3260	MONDO:0859340	biolink:gene_associated_with_condition	0
0.6553992	HGNC:3356	MONDO:0008061	biolink:gene_associated_with_condition	0
0.700896	HGNC:3356	MONDO:0012892	biolink:gene_associated_with_condition	0
0.5946014	HGNC:3356	MONDO:0020506	biolink:gene_associated_with_condition	0
0.7614697	HGNC:3356	MONDO:0054636	biolink:causes	0
0.75305027	HGNC:3356	MONDO:0009069	biolink:causes	0
0.68545705	HGNC:3356	MONDO:0012911	biolink:gene_associated_with_condition	0
0.47835138	HGNC:3356	MONDO:0014997	biolink:causes	0
0.59314555	HGNC:3373	MONDO:0010075	biolink:causes	0
0.4551119	HGNC:3373	MONDO:0007042	biolink:causes	0
0.7159711	HGNC:3373	MONDO:0014242	biolink:causes	0
0.43628895	HGNC:3395	MONDO:0031084	biolink:causes	0
0.6371406	HGNC:3395	MONDO:0019349	biolink:causes	0
0.02060408	HGNC:3423	MONDO:0976266	biolink:causes	0
0.5658064	HGNC:3436	MONDO:0060556	biolink:gene_associated_with_condition	0
0.2036234	HGNC:3436	MONDO:0018229	biolink:gene_associated_with_condition	0
0.22880875	HGNC:3436	MONDO:0009646	biolink:gene_associated_with_condition	0
0.6515305	HGNC:3468	MONDO:0014585	biolink:causes	0
0.77906436	HGNC:23287	MONDO:0014899	biolink:causes	0
0.5702346	HGNC:3508	MONDO:0008701	biolink:gene_associated_with_condition	0
0.3767357	HGNC:3508	MONDO:0859180	biolink:gene_associated_with_condition	0
0.61068356	HGNC:3508	MONDO:0007404	biolink:gene_associated_with_condition	0
0.22832356	MONDO:0007042	HGNC:4379	biolink:gene_associated_with_condition	0
0.45318663	MONDO:0007042	HGNC:25941	biolink:gene_associated_with_condition	0
0.042093877	MONDO:0007042	HGNC:1810	biolink:causes	0
0.4551119	MONDO:0007042	HGNC:3373	biolink:causes	0
0.19483854	MONDO:0007042	HGNC:7104	biolink:causes	0
0.38216257	MONDO:0007042	HGNC:24678	biolink:gene_associated_with_condition	0
0.74188715	MONDO:0007042	HGNC:11795	biolink:gene_associated_with_condition	0
0.88003945	MONDO:0007086	HGNC:19185	biolink:causes	0
0.11355909	MONDO:0007137	HGNC:21497	biolink:causes	0
0.083193034	MONDO:0007137	HGNC:6541	biolink:gene_associated_with_condition	0
0.13554037	MONDO:0007137	HGNC:13601	biolink:gene_associated_with_condition	0
0.072258316	MONDO:0007137	HGNC:2468	biolink:causes	0
0.18530494	MONDO:0007137	HGNC:17116	biolink:causes	0
0.59687084	MONDO:0007216	HGNC:10809	biolink:gene_associated_with_condition	0
0.23806377	MONDO:0007232	HGNC:1515	biolink:causes	0
0.12474914	MONDO:0007232	HGNC:19708	biolink:causes	0
0.47210792	MONDO:0007232	HGNC:317	biolink:gene_associated_with_condition	0
0.012566937	MONDO:0007454	HGNC:8008	biolink:causes	0
0.029951	MONDO:0007454	HGNC:13875	biolink:causes	0
0.017860403	MONDO:0007454	HGNC:7606	biolink:causes	0
0.73036826	MONDO:0007495	HGNC:4177	biolink:gene_associated_with_condition	0
0.43908948	MONDO:0007495	HGNC:8059	biolink:gene_associated_with_condition	0
0.4463922	MONDO:0007495	HGNC:20670	biolink:causes	0
0.376133	MONDO:0007537	HGNC:4689	biolink:causes	0
0.8257519	MONDO:0007537	HGNC:23657	biolink:causes	0
0.75910354	MONDO:0007537	HGNC:6769	biolink:gene_associated_with_condition	0
0.85956573	MONDO:0007537	HGNC:13556	biolink:causes	0
0.41858575	MONDO:0007537	HGNC:10387	biolink:gene_associated_with_condition	0
0.5622081	MONDO:0007537	HGNC:21641	biolink:causes	0
0.5801508	MONDO:0007615	HGNC:3602	biolink:causes	0
0.6434619	MONDO:0007615	HGNC:14304	biolink:causes	0
0.63262683	MONDO:0007716	HGNC:7577	biolink:gene_associated_with_condition	0
0.22206753	MONDO:0007808	HGNC:5962	biolink:contributes_to	0
0.43435907	MONDO:0007813	HGNC:13841	biolink:causes	0
0.5703755	MONDO:0007856	HGNC:8101	biolink:gene_associated_with_condition	0
0.43734902	MONDO:0007881	HGNC:9039	biolink:gene_associated_with_condition	0
0.43117127	MONDO:0007944	HGNC:694	biolink:causes	0
0.6210212	MONDO:0007944	HGNC:9177	biolink:causes	0
0.31487712	MONDO:0008019	HGNC:12927	biolink:causes	0
0.79592437	MONDO:0008097	HGNC:2379	biolink:gene_associated_with_condition	0
0.65818334	MONDO:0008097	HGNC:485	biolink:causes	0
0.69462967	MONDO:0008148	HGNC:30594	biolink:causes	0
0.6959368	MONDO:0008259	HGNC:11283	biolink:gene_associated_with_condition	0
0.24799109	MONDO:0008278	HGNC:6091	biolink:causes	0
0.2004038	MONDO:0008278	HGNC:11776	biolink:gene_associated_with_condition	0
0.08530922	MONDO:0008306	HGNC:8582	biolink:gene_associated_with_condition	0
0.28470722	MONDO:0008306	HGNC:10345	biolink:causes	0
0.25085652	MONDO:0008310	HGNC:3260	biolink:gene_associated_with_condition	0
0.71152586	MONDO:0008310	HGNC:18083	biolink:gene_associated_with_condition	0
0.6810892	MONDO:0008310	HGNC:5466	biolink:gene_associated_with_condition	0
0.30015478	MONDO:0008310	HGNC:17340	biolink:causes	0
0.52409524	MONDO:0008393	HGNC:8657	biolink:causes	0
0.36209503	MONDO:0008393	HGNC:3004	biolink:causes	0
0.26569343	MONDO:0008485	HGNC:103	biolink:causes	0
0.7066322	MONDO:0008684	HGNC:6585	biolink:gene_associated_with_condition	0
0.54205614	MONDO:0008684	HGNC:7821	biolink:gene_associated_with_condition	0
0.23966567	MONDO:0008684	HGNC:285	biolink:causes	0
0.11373456	MONDO:0008684	HGNC:21839	biolink:causes	0
0.8542609	MONDO:0008684	HGNC:25535	biolink:causes	0
0.5038957	MONDO:0008689	HGNC:5439	biolink:gene_associated_with_condition	0
0.4911562	MONDO:0008689	HGNC:17073	biolink:causes	0
0.63552296	MONDO:0008693	HGNC:4193	biolink:causes	0
0.41059044	MONDO:0008693	HGNC:13488	biolink:gene_associated_with_condition	0
0.57087475	MONDO:0008720	HGNC:9210	biolink:causes	0
0.2735407	MONDO:0008720	HGNC:4584	biolink:gene_associated_with_condition	0
0.38455805	MONDO:0008740	HGNC:10298	biolink:causes	0
0.41215447	MONDO:0008740	HGNC:4948	biolink:gene_associated_with_condition	0
0.4319617	MONDO:0008764	HGNC:25786	biolink:causes	0
0.8242883	MONDO:0008777	HGNC:3603	biolink:gene_associated_with_condition	0
0.4607584	MONDO:0008799	HGNC:2183	biolink:causes	0
0.15432133	MONDO:0008817	HGNC:15714	biolink:causes	0
0.13174501	MONDO:0008817	HGNC:29536	biolink:causes	0
0.17351875	MONDO:0008817	HGNC:21208	biolink:causes	0
0.6221465	MONDO:0008858	HGNC:9910	biolink:gene_associated_with_condition	0
0.37573087	MONDO:0008862	HGNC:3604	biolink:causes	0
0.47165805	MONDO:0008862	HGNC:2200	biolink:gene_associated_with_condition	0
0.46092135	MONDO:0008881	HGNC:8591	biolink:causes	0
0.35844585	MONDO:0008964	HGNC:6416	biolink:gene_associated_with_condition	0
0.40803683	MONDO:0008998	HGNC:25543	biolink:causes	0
0.3652983	MONDO:0009031	HGNC:6814	biolink:gene_associated_with_condition	0
0.3235579	MONDO:0009031	HGNC:23994	biolink:causes	0
0.40029094	MONDO:0009053	HGNC:6320	biolink:causes	0
0.44752303	MONDO:0009053	HGNC:9970	biolink:gene_associated_with_condition	0
0.6129572	MONDO:0009053	HGNC:392	biolink:gene_associated_with_condition	0
0.7801797	MONDO:0009053	HGNC:5154	biolink:gene_associated_with_condition	0
0.61376506	MONDO:0009053	HGNC:358	biolink:causes	0
0.14644031	MONDO:0009061	HGNC:23088	biolink:causes	0
0.08313952	MONDO:0009061	HGNC:12373	biolink:gene_associated_with_condition	0
0.08773375	MONDO:0009061	HGNC:3497	biolink:gene_associated_with_condition	0
0.056220997	MONDO:0009061	HGNC:5208	biolink:causes	0
0.09316184	MONDO:0009061	HGNC:6654	biolink:causes	0
0.035035916	MONDO:0009061	HGNC:21290	biolink:causes	0
0.08543414	MONDO:0009061	HGNC:9871	biolink:causes	0
0.1097353	MONDO:0009061	HGNC:17993	biolink:causes	0
0.036136024	MONDO:0009061	HGNC:24650	biolink:gene_associated_with_condition	0
0.06731098	MONDO:0009061	HGNC:6816	biolink:causes	0
0.10529325	MONDO:0009061	HGNC:11118	biolink:gene_associated_with_condition	0
0.13356951	MONDO:0009061	HGNC:11582	biolink:gene_associated_with_condition	0
0.16816399	MONDO:0009110	HGNC:26222	biolink:causes	0
0.30384496	MONDO:0009115	HGNC:11027	biolink:causes	0
0.38862467	MONDO:0009161	HGNC:4241	biolink:gene_associated_with_condition	0
0.8658164	MONDO:0009216	HGNC:10031	biolink:gene_associated_with_condition	0
0.39118153	MONDO:0009266	HGNC:14049	biolink:causes	0
0.5222473	MONDO:0009266	HGNC:4193	biolink:causes	0
0.19947775	MONDO:0009274	HGNC:15802	biolink:causes	0
0.75283366	MONDO:0009274	HGNC:17997	biolink:gene_associated_with_condition	0
0.6182398	MONDO:0009279	HGNC:6541	biolink:gene_associated_with_condition	0
0.5016897	MONDO:0009279	HGNC:7677	biolink:causes	0
0.6029601	MONDO:0009279	HGNC:9879	biolink:causes	0
0.23757225	MONDO:0009315	HGNC:11772	biolink:causes	0
0.027918795	MONDO:0009360	HGNC:17619	biolink:causes	0
0.035976738	MONDO:0009360	HGNC:3424	biolink:causes	0
0.52454674	MONDO:0009377	HGNC:4236	biolink:causes	0
0.5154745	MONDO:0009377	HGNC:14262	biolink:causes	0
0.07492991	MONDO:0009411	HGNC:4082	biolink:causes	0
0.52836674	MONDO:0009411	HGNC:5383	biolink:gene_associated_with_condition	0
0.07867139	MONDO:0009419	HGNC:12266	biolink:gene_associated_with_condition	0
0.08741975	MONDO:0009419	HGNC:28613	biolink:causes	0
0.7741328	MONDO:0009451	HGNC:25640	biolink:causes	0
0.36803898	MONDO:0009459	HGNC:16466	biolink:gene_associated_with_condition	0
0.42870304	MONDO:0009477	HGNC:20105	biolink:causes	0
0.61572707	MONDO:0009477	HGNC:11998	biolink:gene_associated_with_condition	0
0.6755872	MONDO:0009490	HGNC:3811	biolink:gene_associated_with_condition	0
0.6959254	MONDO:0009490	HGNC:11231	biolink:causes	0
0.5182854	MONDO:0009520	HGNC:23657	biolink:causes	0
0.30772611	MONDO:0009520	HGNC:1361	biolink:causes	0
0.6766919	MONDO:0009544	HGNC:18084	biolink:gene_associated_with_condition	0
0.23542376	MONDO:0009544	HGNC:8149	biolink:causes	0
0.685169	MONDO:0009593	HGNC:11582	biolink:causes	0
0.66248596	MONDO:0009598	HGNC:8790	biolink:causes	0
0.50486445	MONDO:0009623	HGNC:10378	biolink:causes	0
0.9462934	MONDO:0009664	HGNC:14615	biolink:causes	0
0.89443415	MONDO:0009677	HGNC:15517	biolink:causes	0
0.59762245	MONDO:0009677	HGNC:29685	biolink:causes	0
0.77466744	MONDO:0009677	HGNC:4220	biolink:gene_associated_with_condition	0
0.8031884	MONDO:0009708	HGNC:8108	biolink:gene_associated_with_condition	0
0.49597138	MONDO:0009714	HGNC:7106	biolink:gene_associated_with_condition	0
0.6793194	MONDO:0009714	HGNC:888	biolink:causes	0
0.14820138	MONDO:0009776	HGNC:2187	biolink:causes	0
0.27464086	MONDO:0009776	HGNC:17020	biolink:contributes_to	0
0.03012075	MONDO:0009796	HGNC:24555	biolink:causes	0
0.12847584	MONDO:0009796	HGNC:10706	biolink:causes	0
0.7786991	MONDO:0009823	HGNC:2464	biolink:causes	0
0.39119387	MONDO:0009839	HGNC:966	biolink:causes	0
0.49894822	MONDO:0009839	HGNC:4948	biolink:contributes_to	0
0.81769055	MONDO:0009843	HGNC:3754	biolink:gene_associated_with_condition	0
0.6184128	MONDO:0009857	HGNC:23096	biolink:causes	0
0.37792623	MONDO:0009871	HGNC:28870	biolink:causes	0
0.6645348	MONDO:0009871	HGNC:11909	biolink:gene_associated_with_condition	0
0.6784985	MONDO:0009879	HGNC:7892	biolink:causes	0
0.123039834	MONDO:0009892	HGNC:11714	biolink:causes	0
0.47352302	MONDO:0009892	HGNC:11795	biolink:gene_associated_with_condition	0
0.10968475	MONDO:0009904	HGNC:21143	biolink:causes	0
0.16992755	MONDO:0009904	HGNC:12637	biolink:causes	0
0.7082185	MONDO:0009925	HGNC:4392	biolink:gene_associated_with_condition	0
0.41949436	MONDO:0009925	HGNC:3257	biolink:gene_associated_with_condition	0
0.39997253	MONDO:0009994	HGNC:3434	biolink:causes	0
0.5208916	MONDO:0009994	HGNC:2200	biolink:causes	0
0.08326247	MONDO:0009998	HGNC:9143	biolink:gene_associated_with_condition	0
0.38608813	MONDO:0009998	HGNC:3754	biolink:gene_associated_with_condition	0
0.93370944	MONDO:0010077	HGNC:29316	biolink:causes	0
0.69722354	MONDO:0010099	HGNC:19869	biolink:gene_associated_with_condition	0
0.08446301	MONDO:0010099	HGNC:35123	biolink:causes	0
0.3217564	MONDO:0010099	HGNC:19304	biolink:causes	0
0.63754475	MONDO:0010099	HGNC:11179	biolink:causes	0
0.6297256	MONDO:0010099	HGNC:2527	biolink:causes	0
0.92218935	MONDO:0010122	HGNC:60	biolink:causes	0
0.56347036	MONDO:0010122	HGNC:11535	biolink:causes	0
0.6442803	MONDO:0010130	HGNC:25221	biolink:gene_associated_with_condition	0
0.49808547	MONDO:0010130	HGNC:8975	biolink:causes	0
0.2997087	MONDO:0010135	HGNC:9713	biolink:gene_associated_with_condition	0
0.39828387	MONDO:0010162	HGNC:11768	biolink:causes	0
0.0030513913	MONDO:0010171	HGNC:21732	biolink:causes	0
0.47696865	MONDO:0010176	HGNC:19353	biolink:gene_associated_with_condition	0
0.70429814	MONDO:0010185	HGNC:7744	biolink:contributes_to	0
0.8122145	MONDO:0010185	HGNC:9382	biolink:causes	0
0.15736042	MONDO:0010214	HGNC:15561	biolink:gene_associated_with_condition	0
0.7585524	MONDO:0010246	HGNC:4392	biolink:gene_associated_with_condition	0
0.5024632	MONDO:0010250	HGNC:11743	biolink:gene_associated_with_condition	0
0.429255	MONDO:0010250	HGNC:9957	biolink:causes	0
0.45521083	MONDO:0010250	HGNC:1706	biolink:gene_associated_with_condition	0
0.7565029	MONDO:0010277	HGNC:10031	biolink:gene_associated_with_condition	0
0.5413358	MONDO:0010277	HGNC:2214	biolink:gene_associated_with_condition	0
0.45644987	MONDO:0010281	HGNC:1373	biolink:gene_associated_with_condition	0
0.6418963	MONDO:0010281	HGNC:3663	biolink:causes	0
0.42425042	MONDO:0010286	HGNC:4887	biolink:gene_associated_with_condition	0
0.25036892	MONDO:0010335	HGNC:5208	biolink:causes	0
0.015201408	MONDO:0010339	HGNC:2186	biolink:gene_associated_with_condition	0
0.6552283	MONDO:0010392	HGNC:7132	biolink:gene_associated_with_condition	0
0.51274425	MONDO:0010392	HGNC:3003	biolink:gene_associated_with_condition	0
0.7820282	MONDO:0010397	HGNC:3513	biolink:causes	0
0.6308746	MONDO:0010397	HGNC:1181	biolink:gene_associated_with_condition	0
0.5633543	MONDO:0010397	HGNC:7468	biolink:causes	0
0.6292395	MONDO:0010401	HGNC:19046	biolink:causes	0
0.45634398	MONDO:0010401	HGNC:10593	biolink:contributes_to	0
0.73136514	MONDO:0010455	HGNC:14957	biolink:gene_associated_with_condition	0
0.77328485	MONDO:0010496	HGNC:11522	biolink:gene_associated_with_condition	0
0.77090484	MONDO:0010496	HGNC:560	biolink:gene_associated_with_condition	0
0.16306566	MONDO:0010524	HGNC:32940	biolink:causes	0
0.33825737	MONDO:0010651	HGNC:6000	biolink:gene_associated_with_condition	0
0.70429367	MONDO:0010720	HGNC:11633	biolink:gene_associated_with_condition	0
0.6723172	MONDO:0010758	HGNC:236	biolink:causes	0
0.10310137	MONDO:0010758	HGNC:15802	biolink:causes	0
0.7649954	MONDO:0010758	HGNC:26058	biolink:causes	0
0.7316732	MONDO:0010758	HGNC:21699	biolink:causes	0
0.7405781	MONDO:0010767	HGNC:3671	biolink:gene_associated_with_condition	0
0.8218992	MONDO:0010767	HGNC:3702	biolink:gene_associated_with_condition	0
0.81980187	MONDO:0010767	HGNC:11094	biolink:gene_associated_with_condition	0
0.60558254	MONDO:0010767	HGNC:3689	biolink:gene_associated_with_condition	0
0.50275236	MONDO:0010792	HGNC:12651	biolink:causes	0
0.63126546	MONDO:0010792	HGNC:2232	biolink:causes	0
0.4044032	MONDO:0010792	HGNC:11138	biolink:causes	0
0.090295486	MONDO:0010853	HGNC:1161	biolink:gene_associated_with_condition	0
0.3689891	MONDO:0010964	HGNC:6619	biolink:gene_associated_with_condition	0
0.61523324	MONDO:0011013	HGNC:5383	biolink:gene_associated_with_condition	0
0.6215952	MONDO:0011073	HGNC:8604	biolink:gene_associated_with_condition	0
0.73738426	MONDO:0011073	HGNC:11226	biolink:causes	0
0.6744037	MONDO:0011073	HGNC:8101	biolink:causes	0
0.56734025	MONDO:0011085	HGNC:6207	biolink:gene_associated_with_condition	0
0.09773974	MONDO:0011091	HGNC:16380	biolink:causes	0
0.46227786	MONDO:0011091	HGNC:2185	biolink:causes	0
0.08549549	MONDO:0011091	HGNC:4193	biolink:gene_associated_with_condition	0
0.07887595	MONDO:0011091	HGNC:9220	biolink:causes	0
0.7765389	MONDO:0011113	HGNC:17194	biolink:contributes_to	0
0.3014844	MONDO:0011156	HGNC:573	biolink:causes	0
0.18295275	MONDO:0011156	HGNC:13488	biolink:causes	0
0.5614835	MONDO:0011202	HGNC:13387	biolink:causes	0
0.39837477	MONDO:0011239	HGNC:13210	biolink:contributes_to	0
0.4428817	MONDO:0011239	HGNC:27089	biolink:gene_associated_with_condition	0
0.44294405	MONDO:0011239	HGNC:25223	biolink:contributes_to	0
0.48766655	MONDO:0011239	HGNC:2988	biolink:gene_associated_with_condition	0
0.631933	MONDO:0011243	HGNC:6948	biolink:causes	0
0.006848832	MONDO:0011285	HGNC:16393	biolink:gene_associated_with_condition	0
0.09949003	MONDO:0011285	HGNC:3098	biolink:causes	0
0.09178204	MONDO:0011285	HGNC:1093	biolink:causes	0
0.051090907	MONDO:0011285	HGNC:26047	biolink:causes	0
0.07090527	MONDO:0011285	HGNC:5466	biolink:gene_associated_with_condition	0
0.02105648	MONDO:0011285	HGNC:7877	biolink:causes	0
0.15009503	MONDO:0011417	HGNC:25221	biolink:causes	0
0.23220931	MONDO:0011417	HGNC:11943	biolink:causes	0
0.27008086	MONDO:0011417	HGNC:6696	biolink:causes	0
0.33436304	MONDO:0011430	HGNC:4832	biolink:gene_associated_with_condition	0
0.47985333	MONDO:0011430	HGNC:28993	biolink:causes	0
0.39749244	MONDO:0011430	HGNC:9607	biolink:causes	0
0.3153376	MONDO:0011464	HGNC:4392	biolink:gene_associated_with_condition	0
0.254028	MONDO:0011464	HGNC:25221	biolink:causes	0
0.553326	MONDO:0011473	HGNC:4392	biolink:causes	0
0.0553612	MONDO:0011473	HGNC:17020	biolink:contributes_to	0
0.013830388	MONDO:0011490	HGNC:18798	biolink:causes	0
0.013886248	MONDO:0011490	HGNC:25535	biolink:causes	0
0.5985463	MONDO:0011528	HGNC:3604	biolink:causes	0
0.5940885	MONDO:0011528	HGNC:29873	biolink:causes	0
0.67563343	MONDO:0011540	HGNC:16644	biolink:causes	0
0.6574789	MONDO:0011570	HGNC:9069	biolink:gene_associated_with_condition	0
0.003509345	MONDO:0011593	HGNC:20456	biolink:causes	0
0.0052917954	MONDO:0011593	HGNC:12637	biolink:causes	0
0.24981292	MONDO:0011724	HGNC:12810	biolink:causes	0
0.51676196	MONDO:0011738	HGNC:10906	biolink:causes	0
0.67344624	MONDO:0011784	HGNC:9871	biolink:causes	0
0.84917176	MONDO:0011784	HGNC:11762	biolink:gene_associated_with_condition	0
0.80986893	MONDO:0011784	HGNC:2760	biolink:causes	0
0.46845722	MONDO:0011789	HGNC:8756	biolink:causes	0
0.023633396	MONDO:0011801	HGNC:4217	biolink:causes	0
0.42064524	MONDO:0011829	HGNC:8853	biolink:gene_associated_with_condition	0
0.3490358	MONDO:0011829	HGNC:11573	biolink:gene_associated_with_condition	0
0.35829073	MONDO:0011908	HGNC:14537	biolink:gene_associated_with_condition	0
0.43868178	MONDO:0011908	HGNC:28993	biolink:causes	0
0.47121325	MONDO:0011908	HGNC:27337	biolink:gene_associated_with_condition	0
0.08443781	MONDO:0011935	HGNC:28648	biolink:causes	0
0.18579704	MONDO:0011935	HGNC:18619	biolink:causes	0
0.5623768	MONDO:0011939	HGNC:18810	biolink:gene_associated_with_condition	0
0.37688842	MONDO:0011959	HGNC:4588	biolink:causes	0
0.4992039	MONDO:0011959	HGNC:14957	biolink:gene_associated_with_condition	0
0.5882009	MONDO:0012004	HGNC:3756	biolink:causes	0
0.43455365	MONDO:0012004	HGNC:13478	biolink:causes	0
0.3417266	MONDO:0012004	HGNC:1938	biolink:causes	0
0.43634987	MONDO:0012004	HGNC:1968	biolink:causes	0
0.010643574	MONDO:0012044	HGNC:6091	biolink:causes	0
0.05109447	MONDO:0012085	HGNC:6770	biolink:causes	0
0.7335893	MONDO:0012089	HGNC:4220	biolink:gene_associated_with_condition	0
0.4389284	MONDO:0012166	HGNC:12012	biolink:gene_associated_with_condition	0
0.4411226	MONDO:0012166	HGNC:14304	biolink:causes	0
0.50285864	MONDO:0012203	HGNC:12499	biolink:causes	0
0.732641	MONDO:0012203	HGNC:8029	biolink:causes	0
0.6806004	MONDO:0012276	HGNC:4042	biolink:causes	0
0.56002647	MONDO:0012276	HGNC:11389	biolink:causes	0
0.6043738	MONDO:0012276	HGNC:13681	biolink:causes	0
0.6762269	MONDO:0012276	HGNC:8005	biolink:causes	0
0.21351708	MONDO:0012345	HGNC:2940	biolink:causes	0
0.024665538	MONDO:0012354	HGNC:4023	biolink:causes	0
0.46280593	MONDO:0012382	HGNC:7103	biolink:gene_associated_with_condition	0
0.40609372	MONDO:0012382	HGNC:10771	biolink:gene_associated_with_condition	0
0.08765673	MONDO:0012398	HGNC:10664	biolink:gene_associated_with_condition	0
0.80152595	MONDO:0012411	HGNC:2200	biolink:causes	0
0.21910653	MONDO:0012423	HGNC:14078	biolink:causes	0
0.6080559	MONDO:0012488	HGNC:6081	biolink:causes	0
0.38535988	MONDO:0012521	HGNC:11724	biolink:causes	0
0.49361658	MONDO:0012569	HGNC:7133	biolink:gene_associated_with_condition	0
0.4934375	MONDO:0012569	HGNC:12786	biolink:causes	0
0.7099849	MONDO:0012594	HGNC:1529	biolink:causes	0
0.6603293	MONDO:0012594	HGNC:572	biolink:causes	0
0.26784897	MONDO:0012594	HGNC:14334	biolink:gene_associated_with_condition	0
0.57502306	MONDO:0012594	HGNC:3259	biolink:gene_associated_with_condition	0
0.5229807	MONDO:0012634	HGNC:23625	biolink:causes	0
0.05890509	MONDO:0012650	HGNC:10593	biolink:causes	0
0.61968976	MONDO:0012679	HGNC:9719	biolink:gene_associated_with_condition	0
0.63728136	MONDO:0012792	HGNC:6186	biolink:causes	0
0.41086674	MONDO:0012792	HGNC:15646	biolink:causes	0
0.5243051	MONDO:0012804	HGNC:24678	biolink:gene_associated_with_condition	0
0.48976862	MONDO:0012864	HGNC:12630	biolink:causes	0
0.3587781	MONDO:0012868	HGNC:2505	biolink:gene_associated_with_condition	0
0.13217509	MONDO:0012868	HGNC:26257	biolink:contributes_to	0
0.7925686	MONDO:0012892	HGNC:11948	biolink:causes	0
0.6726465	MONDO:0012892	HGNC:25815	biolink:causes	0
0.5605965	MONDO:0012892	HGNC:2088	biolink:causes	0
0.700896	MONDO:0012892	HGNC:3356	biolink:gene_associated_with_condition	0
0.5793379	MONDO:0012892	HGNC:4635	biolink:gene_associated_with_condition	0
0.4914595	MONDO:0012892	HGNC:21666	biolink:gene_associated_with_condition	0
0.6805634	MONDO:0012892	HGNC:18188	biolink:gene_associated_with_condition	0
0.74695086	MONDO:0012892	HGNC:6407	biolink:causes	0
0.7390404	MONDO:0012892	HGNC:25985	biolink:gene_associated_with_condition	0
0.6348739	MONDO:0012892	HGNC:10451	biolink:causes	0
0.8134858	MONDO:0012892	HGNC:3255	biolink:gene_associated_with_condition	0
0.15613584	MONDO:0012904	HGNC:28662	biolink:causes	0
0.16556896	MONDO:0012904	HGNC:11730	biolink:causes	0
0.35114622	MONDO:0012912	HGNC:14270	biolink:gene_associated_with_condition	0
0.092286915	MONDO:0012980	HGNC:14639	biolink:causes	0
0.04126784	MONDO:0012980	HGNC:1101	biolink:gene_associated_with_condition	0
0.29836673	MONDO:0012996	HGNC:10387	biolink:gene_associated_with_condition	0
0.64370817	MONDO:0013021	HGNC:869	biolink:causes	0
0.07511807	MONDO:0013033	HGNC:17327	biolink:gene_associated_with_condition	0
0.18264474	MONDO:0013033	HGNC:17296	biolink:causes	0
0.107501715	MONDO:0013033	HGNC:11427	biolink:causes	0
0.12674993	MONDO:0013033	HGNC:9955	biolink:gene_associated_with_condition	0
0.71492064	MONDO:0013050	HGNC:2472	biolink:causes	0
0.87738043	MONDO:0013050	HGNC:3689	biolink:gene_associated_with_condition	0
0.65506566	MONDO:0013050	HGNC:20759	biolink:causes	0
0.24834447	MONDO:0013058	HGNC:888	biolink:causes	0
0.6527938	MONDO:0013070	HGNC:2418	biolink:causes	0
0.39560726	MONDO:0013070	HGNC:8117	biolink:gene_associated_with_condition	0
0.24194242	MONDO:0013125	HGNC:3012	biolink:causes	0
0.35198134	MONDO:0013125	HGNC:11776	biolink:gene_associated_with_condition	0
0.13177009	MONDO:0013171	HGNC:18626	biolink:causes	0
0.7913434	MONDO:0013171	HGNC:4261	biolink:causes	0
0.46502188	MONDO:0013195	HGNC:11762	biolink:causes	0
0.59970206	MONDO:0013212	HGNC:7623	biolink:gene_associated_with_condition	0
0.19644539	MONDO:0013212	HGNC:26684	biolink:causes	0
0.18714689	MONDO:0013216	HGNC:10327	biolink:causes	0
0.50868714	MONDO:0013216	HGNC:6483	biolink:gene_associated_with_condition	0
0.073617436	MONDO:0013228	HGNC:4081	biolink:causes	0
0.7202456	MONDO:0013245	HGNC:27310	biolink:causes	0
0.4450516	MONDO:0013245	HGNC:9386	biolink:causes	0
0.8488552	MONDO:0013357	HGNC:16873	biolink:gene_associated_with_condition	0
0.34215	MONDO:0013357	HGNC:8028	biolink:causes	0
0.68248874	MONDO:0013357	HGNC:19129	biolink:gene_associated_with_condition	0
0.20365347	MONDO:0013357	HGNC:11720	biolink:causes	0
0.15140061	MONDO:0013390	HGNC:13818	biolink:causes	0
0.33672214	MONDO:0013390	HGNC:28845	biolink:causes	0
0.19028036	MONDO:0013398	HGNC:10993	biolink:causes	0
0.02276858	MONDO:0013449	HGNC:19304	biolink:causes	0
0.018392546	MONDO:0013462	HGNC:24552	biolink:causes	0
0.7990596	MONDO:0013482	HGNC:2488	biolink:causes	0
0.5332405	MONDO:0013482	HGNC:6973	biolink:causes	0
0.71366936	MONDO:0013482	HGNC:20197	biolink:causes	0
0.6844383	MONDO:0013529	HGNC:21143	biolink:causes	0
0.42356572	MONDO:0013529	HGNC:16627	biolink:gene_associated_with_condition	0
0.72735614	MONDO:0013533	HGNC:30000	biolink:causes	0
0.7496238	MONDO:0013533	HGNC:2219	biolink:causes	0
0.5635802	MONDO:0013553	HGNC:27365	biolink:causes	0
0.32930478	MONDO:0013553	HGNC:2027	biolink:gene_associated_with_condition	0
0.16876957	MONDO:0013561	HGNC:226	biolink:causes	0
0.66511303	MONDO:0013607	HGNC:10289	biolink:causes	0
0.71013033	MONDO:0013607	HGNC:6407	biolink:causes	0
0.5445315	MONDO:0013624	HGNC:12406	biolink:causes	0
0.61282	MONDO:0013640	HGNC:23339	biolink:causes	0
0.004188198	MONDO:0013640	HGNC:33914	biolink:causes	0
0.2913045	MONDO:0013661	HGNC:17258	biolink:causes	0
0.5751444	MONDO:0013686	HGNC:649	biolink:causes	0
0.45551607	MONDO:0013690	HGNC:28423	biolink:causes	0
0.63096243	MONDO:0013690	HGNC:6081	biolink:causes	0
0.4573211	MONDO:0013690	HGNC:11598	biolink:causes	0
0.59561974	MONDO:0013690	HGNC:27337	biolink:gene_associated_with_condition	0
0.6903973	MONDO:0013690	HGNC:19316	biolink:causes	0
0.5906138	MONDO:0013690	HGNC:9039	biolink:causes	0
0.82657117	MONDO:0013690	HGNC:9277	biolink:causes	0
0.6172738	MONDO:0013711	HGNC:29561	biolink:causes	0
0.45729566	MONDO:0013711	HGNC:6954	biolink:causes	0
0.6140487	MONDO:0013719	HGNC:9086	biolink:gene_associated_with_condition	0
0.8766339	MONDO:0013756	HGNC:4886	biolink:gene_associated_with_condition	0
0.780292	MONDO:0013768	HGNC:28396	biolink:causes	0
0.14257321	MONDO:0013768	HGNC:3776	biolink:causes	0
0.58227026	MONDO:0013797	HGNC:23537	biolink:causes	0
0.52687734	MONDO:0013821	HGNC:11936	biolink:causes	0
0.6554658	MONDO:0013821	HGNC:25896	biolink:causes	0
0.69951236	MONDO:0013821	HGNC:4172	biolink:causes	0
0.05600373	MONDO:0013842	HGNC:1884	biolink:causes	0
0.049338687	MONDO:0013842	HGNC:9721	biolink:causes	0
0.036032736	MONDO:0013842	HGNC:1393	biolink:causes	0
0.4981555	MONDO:0013862	HGNC:3765	biolink:gene_associated_with_condition	0
0.4857455	MONDO:0013962	HGNC:26527	biolink:causes	0
0.59406275	MONDO:0013962	HGNC:5382	biolink:gene_associated_with_condition	0
0.40774778	MONDO:0013962	HGNC:28506	biolink:gene_associated_with_condition	0
0.37219617	MONDO:0013991	HGNC:1371	biolink:gene_associated_with_condition	0
0.21096456	MONDO:0013999	HGNC:10593	biolink:contributes_to	0
0.045919627	MONDO:0014012	HGNC:14639	biolink:causes	0
0.10669248	MONDO:0014012	HGNC:11630	biolink:gene_associated_with_condition	0
0.65618867	MONDO:0014020	HGNC:29812	biolink:causes	0
0.72346956	MONDO:0014020	HGNC:6483	biolink:gene_associated_with_condition	0
0.7457129	MONDO:0014020	HGNC:5961	biolink:causes	0
0.009440257	MONDO:0014040	HGNC:24259	biolink:causes	0
0.008546294	MONDO:0014040	HGNC:9038	biolink:gene_associated_with_condition	0
0.038186148	MONDO:0014040	HGNC:15979	biolink:causes	0
0.022953542	MONDO:0014040	HGNC:897	biolink:gene_associated_with_condition	0
0.56618667	MONDO:0014052	HGNC:9091	biolink:causes	0
0.24260266	MONDO:0014052	HGNC:10387	biolink:gene_associated_with_condition	0
0.74737674	MONDO:0014060	HGNC:13869	biolink:causes	0
0.5895524	MONDO:0014060	HGNC:9091	biolink:causes	0
0.7794311	MONDO:0014072	HGNC:17129	biolink:gene_associated_with_condition	0
0.8131985	MONDO:0014072	HGNC:24592	biolink:causes	0
0.28259584	MONDO:0014080	HGNC:177	biolink:gene_associated_with_condition	0
0.54254955	MONDO:0014117	HGNC:3755	biolink:gene_associated_with_condition	0
0.6936901	MONDO:0014121	HGNC:16400	biolink:gene_associated_with_condition	0
0.40470123	MONDO:0014125	HGNC:319	biolink:gene_associated_with_condition	0
0.34628505	MONDO:0014125	HGNC:30650	biolink:gene_associated_with_condition	0
0.6977328	MONDO:0014141	HGNC:13867	biolink:causes	0
0.5886676	MONDO:0014165	HGNC:7516	biolink:gene_associated_with_condition	0
0.31463292	MONDO:0014198	HGNC:8965	biolink:causes	0
0.08810442	MONDO:0014198	HGNC:8117	biolink:gene_associated_with_condition	0
0.633021	MONDO:0014202	HGNC:20716	biolink:gene_associated_with_condition	0
0.57810795	MONDO:0014206	HGNC:10922	biolink:causes	0
0.26432267	MONDO:0014210	HGNC:17761	biolink:causes	0
0.5662429	MONDO:0014218	HGNC:358	biolink:causes	0
0.3944704	MONDO:0014222	HGNC:1162	biolink:causes	0
0.2857853	MONDO:0014222	HGNC:3267	biolink:causes	0
0.5330062	MONDO:0014230	HGNC:7103	biolink:gene_associated_with_condition	0
0.5131368	MONDO:0014230	HGNC:27337	biolink:gene_associated_with_condition	0
0.6763241	MONDO:0014238	HGNC:30859	biolink:causes	0
0.7159711	MONDO:0014242	HGNC:3373	biolink:causes	0
0.78257257	MONDO:0014267	HGNC:10941	biolink:causes	0
0.8527385	MONDO:0014267	HGNC:3689	biolink:causes	0
0.7103999	MONDO:0014311	HGNC:26708	biolink:causes	0
0.7397975	MONDO:0014311	HGNC:4023	biolink:causes	0
0.5496374	MONDO:0014319	HGNC:3706	biolink:gene_associated_with_condition	0
0.6115668	MONDO:0014327	HGNC:9965	biolink:gene_associated_with_condition	0
0.5789734	MONDO:0014327	HGNC:10701	biolink:causes	0
0.19919312	MONDO:0014327	HGNC:6315	biolink:causes	0
0.46518517	MONDO:0014327	HGNC:6831	biolink:gene_associated_with_condition	0
0.5558936	MONDO:0014339	HGNC:31088	biolink:contributes_to	0
0.41781014	MONDO:0014339	HGNC:19309	biolink:causes	0
0.5783854	MONDO:0014339	HGNC:3257	biolink:causes	0
0.84847033	MONDO:0014343	HGNC:3584	biolink:causes	0
0.8102518	MONDO:0014343	HGNC:4162	biolink:gene_associated_with_condition	0
0.8174424	MONDO:0014343	HGNC:4177	biolink:causes	0
0.81302685	MONDO:0014343	HGNC:24587	biolink:causes	0
0.7889793	MONDO:0014343	HGNC:5385	biolink:causes	0
0.86609447	MONDO:0014343	HGNC:9853	biolink:causes	0
0.8156688	MONDO:0014343	HGNC:6541	biolink:gene_associated_with_condition	0
0.85838395	MONDO:0014343	HGNC:25240	biolink:causes	0
0.68841094	MONDO:0014343	HGNC:573	biolink:causes	0
0.9203134	MONDO:0014343	HGNC:620	biolink:gene_associated_with_condition	0
0.82257956	MONDO:0014343	HGNC:14103	biolink:gene_associated_with_condition	0
0.8153542	MONDO:0014343	HGNC:13356	biolink:causes	0
0.76509	MONDO:0014343	HGNC:6970	biolink:causes	0
0.7965162	MONDO:0014343	HGNC:7821	biolink:gene_associated_with_condition	0
0.7775792	MONDO:0014343	HGNC:7983	biolink:causes	0
0.53638536	MONDO:0014343	HGNC:12703	biolink:gene_associated_with_condition	0
0.7843178	MONDO:0014343	HGNC:10939	biolink:gene_associated_with_condition	0
0.47711372	MONDO:0014343	HGNC:25355	biolink:gene_associated_with_condition	0
0.7914214	MONDO:0014343	HGNC:1331	biolink:causes	0
0.8315326	MONDO:0014343	HGNC:1529	biolink:causes	0
0.88326406	MONDO:0014343	HGNC:1542	biolink:causes	0
0.748382	MONDO:0014343	HGNC:11167	biolink:causes	0
0.7752726	MONDO:0014343	HGNC:10780	biolink:causes	0
0.76516175	MONDO:0014343	HGNC:24316	biolink:causes	0
0.48237455	MONDO:0014343	HGNC:11600	biolink:causes	0
0.8335219	MONDO:0014343	HGNC:28128	biolink:causes	0
0.90945005	MONDO:0014343	HGNC:20778	biolink:causes	0
0.77345526	MONDO:0014343	HGNC:25928	biolink:gene_associated_with_condition	0
0.7157494	MONDO:0014343	HGNC:26708	biolink:causes	0
0.5863546	MONDO:0014343	HGNC:2771	biolink:gene_associated_with_condition	0
0.8304029	MONDO:0014343	HGNC:2021	biolink:causes	0
0.7930165	MONDO:0014343	HGNC:16947	biolink:gene_associated_with_condition	0
0.9202564	MONDO:0014343	HGNC:132	biolink:gene_associated_with_condition	0
0.8848498	MONDO:0014343	HGNC:3702	biolink:causes	0
0.71562773	MONDO:0014343	HGNC:3816	biolink:causes	0
0.68968385	MONDO:0014343	HGNC:3951	biolink:causes	0
0.7062329	MONDO:0014343	HGNC:4824	biolink:causes	0
0.4403689	MONDO:0014343	HGNC:5208	biolink:causes	0
0.9262323	MONDO:0014343	HGNC:5382	biolink:gene_associated_with_condition	0
0.940952	MONDO:0014343	HGNC:6091	biolink:causes	0
0.940952	MONDO:0014343	HGNC:6091	biolink:gene_associated_with_condition	0
0.5745939	MONDO:0014343	HGNC:6186	biolink:causes	0
0.9279675	MONDO:0014343	HGNC:7132	biolink:gene_associated_with_condition	0
0.8983005	MONDO:0014343	HGNC:6501	biolink:causes	0
0.6220355	MONDO:0014343	HGNC:18712	biolink:gene_associated_with_condition	0
0.8589069	MONDO:0014343	HGNC:6990	biolink:gene_associated_with_condition	0
0.82770663	MONDO:0014343	HGNC:14575	biolink:gene_associated_with_condition	0
0.45568904	MONDO:0014343	HGNC:7488	biolink:causes	0
0.92847806	MONDO:0014343	HGNC:7632	biolink:gene_associated_with_condition	0
0.2380745	MONDO:0014343	HGNC:9936	biolink:gene_associated_with_condition	0
0.67598605	MONDO:0014343	HGNC:9142	biolink:gene_associated_with_condition	0
0.94716644	MONDO:0014343	HGNC:9608	biolink:gene_associated_with_condition	0
0.81393325	MONDO:0014343	HGNC:10560	biolink:causes	0
0.80567163	MONDO:0014343	HGNC:9922	biolink:gene_associated_with_condition	0
0.775662	MONDO:0014343	HGNC:17296	biolink:causes	0
0.9131917	MONDO:0014343	HGNC:19440	biolink:gene_associated_with_condition	0
0.6625451	MONDO:0014343	HGNC:10809	biolink:gene_associated_with_condition	0
0.4671059	MONDO:0014343	HGNC:11490	biolink:causes	0
0.8177738	MONDO:0014343	HGNC:23656	biolink:gene_associated_with_condition	0
0.8681783	MONDO:0014343	HGNC:20456	biolink:causes	0
0.61569756	MONDO:0014343	HGNC:20087	biolink:causes	0
0.68458587	MONDO:0014343	HGNC:20439	biolink:gene_associated_with_condition	0
0.8355264	MONDO:0014343	HGNC:12781	biolink:causes	0
0.64767635	MONDO:0014343	HGNC:1952	biolink:gene_associated_with_condition	0
0.8624842	MONDO:0014343	HGNC:2478	biolink:causes	0
0.44912001	MONDO:0014343	HGNC:21493	biolink:causes	0
0.9571869	MONDO:0014343	HGNC:3005	biolink:gene_associated_with_condition	0
0.85082465	MONDO:0014343	HGNC:3694	biolink:gene_associated_with_condition	0
0.87076783	MONDO:0014343	HGNC:4431	biolink:causes	0
0.8952385	MONDO:0014343	HGNC:15808	biolink:gene_associated_with_condition	0
0.82045305	MONDO:0014343	HGNC:4718	biolink:causes	0
0.79272187	MONDO:0014343	HGNC:4823	biolink:causes	0
0.33988753	MONDO:0014343	HGNC:23302	biolink:causes	0
0.38583454	MONDO:0014343	HGNC:6315	biolink:causes	0
0.79922223	MONDO:0014343	HGNC:22219	biolink:causes	0
0.914788	MONDO:0014343	HGNC:6831	biolink:gene_associated_with_condition	0
0.72490185	MONDO:0014343	HGNC:2375	biolink:gene_associated_with_condition	0
0.70464116	MONDO:0014343	HGNC:16352	biolink:causes	0
0.6643124	MONDO:0014343	HGNC:8618	biolink:contributes_to	0
0.6076699	MONDO:0014343	HGNC:9046	biolink:gene_associated_with_condition	0
0.94215053	MONDO:0014343	HGNC:9236	biolink:gene_associated_with_condition	0
0.8418191	MONDO:0014343	HGNC:9402	biolink:causes	0
0.8292052	MONDO:0014343	HGNC:17964	biolink:causes	0
0.6956299	MONDO:0014343	HGNC:25964	biolink:causes	0
0.6956907	MONDO:0014343	HGNC:10590	biolink:causes	0
0.88052696	MONDO:0014343	HGNC:11071	biolink:causes	0
0.87043244	MONDO:0014343	HGNC:1449	biolink:causes	0
0.31032044	MONDO:0014343	HGNC:11596	biolink:causes	0
0.8788774	MONDO:0014343	HGNC:20324	biolink:gene_associated_with_condition	0
0.4662387	MONDO:0014343	HGNC:11949	biolink:gene_associated_with_condition	0
0.8794591	MONDO:0014343	HGNC:2505	biolink:gene_associated_with_condition	0
0.58204234	MONDO:0014343	HGNC:20603	biolink:causes	0
0.94641894	MONDO:0014343	HGNC:3133	biolink:gene_associated_with_condition	0
0.76376045	MONDO:0014343	HGNC:3259	biolink:gene_associated_with_condition	0
0.9159391	MONDO:0014343	HGNC:28957	biolink:gene_associated_with_condition	0
0.7342309	MONDO:0014343	HGNC:68	biolink:causes	0
0.72850424	MONDO:0014343	HGNC:17097	biolink:causes	0
0.5725325	MONDO:0014343	HGNC:3583	biolink:causes	0
0.84468883	MONDO:0014343	HGNC:4313	biolink:gene_associated_with_condition	0
0.85583246	MONDO:0014343	HGNC:6554	biolink:gene_associated_with_condition	0
0.70775354	MONDO:0014343	HGNC:23038	biolink:gene_associated_with_condition	0
0.70583653	MONDO:0014343	HGNC:6709	biolink:contributes_to	0
0.92090505	MONDO:0014343	HGNC:6735	biolink:causes	0
0.90707475	MONDO:0014343	HGNC:7883	biolink:gene_associated_with_condition	0
0.81132483	MONDO:0014343	HGNC:8547	biolink:causes	0
0.7477365	MONDO:0014343	HGNC:26144	biolink:contributes_to	0
0.13303176	MONDO:0014343	HGNC:9220	biolink:causes	0
0.55747217	MONDO:0014343	HGNC:25415	biolink:gene_associated_with_condition	0
0.90443605	MONDO:0014343	HGNC:19129	biolink:gene_associated_with_condition	0
0.85238093	MONDO:0014343	HGNC:961	biolink:gene_associated_with_condition	0
0.6169976	MONDO:0014343	HGNC:23089	biolink:causes	0
0.72958875	MONDO:0014343	HGNC:18628	biolink:causes	0
0.58034205	MONDO:0014343	HGNC:8117	biolink:gene_associated_with_condition	0
0.6148377	MONDO:0014343	HGNC:11771	biolink:causes	0
0.5535473	MONDO:0014343	HGNC:23700	biolink:causes	0
0.8579602	MONDO:0014343	HGNC:12403	biolink:gene_associated_with_condition	0
0.5374972	MONDO:0014343	HGNC:12597	biolink:causes	0
0.88390505	MONDO:0014343	HGNC:12666	biolink:causes	0
0.37489232	MONDO:0014343	HGNC:26790	biolink:causes	0
0.24740845	MONDO:0014343	HGNC:4888	biolink:gene_associated_with_condition	0
0.8270896	MONDO:0014343	HGNC:2213	biolink:causes	0
0.77309686	MONDO:0014343	HGNC:2858	biolink:causes	0
0.35362992	MONDO:0014343	HGNC:2950	biolink:causes	0
0.8416125	MONDO:0014343	HGNC:3239	biolink:causes	0
0.6681189	MONDO:0014383	HGNC:11100	biolink:causes	0
0.6927013	MONDO:0014419	HGNC:15646	biolink:gene_associated_with_condition	0
0.8351815	MONDO:0014419	HGNC:11944	biolink:causes	0
0.59768736	MONDO:0014447	HGNC:7892	biolink:causes	0
0.5494174	MONDO:0014460	HGNC:28648	biolink:gene_associated_with_condition	0
0.5630314	MONDO:0014481	HGNC:16393	biolink:causes	0
0.8239509	MONDO:0014481	HGNC:47	biolink:causes	0
0.8758866	MONDO:0014493	HGNC:2197	biolink:causes	0
0.6120444	MONDO:0014550	HGNC:6107	biolink:causes	0
0.5578365	MONDO:0014550	HGNC:26708	biolink:causes	0
0.84255284	MONDO:0014574	HGNC:18083	biolink:gene_associated_with_condition	0
0.30386698	MONDO:0014586	HGNC:9990	biolink:causes	0
0.35364744	MONDO:0014586	HGNC:177	biolink:gene_associated_with_condition	0
0.41468474	MONDO:0014586	HGNC:25221	biolink:gene_associated_with_condition	0
0.73005986	MONDO:0014586	HGNC:6518	biolink:causes	0
0.384765	MONDO:0014602	HGNC:4379	biolink:causes	0
0.007959442	MONDO:0014622	HGNC:2946	biolink:causes	0
0.17032482	MONDO:0014622	HGNC:9004	biolink:gene_associated_with_condition	0
0.15946117	MONDO:0014622	HGNC:21066	biolink:causes	0
0.39787167	MONDO:0014630	HGNC:2666	biolink:gene_associated_with_condition	0
0.23592252	MONDO:0014630	HGNC:3146	biolink:causes	0
0.71497	MONDO:0014635	HGNC:4263	biolink:gene_associated_with_condition	0
0.3999756	MONDO:0014711	HGNC:11184	biolink:causes	0
0.69625694	MONDO:0014779	HGNC:24587	biolink:causes	0
0.009721211	MONDO:0014783	HGNC:29932	biolink:gene_associated_with_condition	0
0.19998303	MONDO:0014803	HGNC:11766	biolink:causes	0
0.14347349	MONDO:0014803	HGNC:6998	biolink:gene_associated_with_condition	0
0.20069131	MONDO:0014808	HGNC:5466	biolink:gene_associated_with_condition	0
0.35855585	MONDO:0014836	HGNC:21285	biolink:contributes_to	0
0.623452	MONDO:0014836	HGNC:17814	biolink:causes	0
0.2559479	MONDO:0014844	HGNC:6909	biolink:causes	0
0.48385853	MONDO:0014918	HGNC:13488	biolink:gene_associated_with_condition	0
0.43661642	MONDO:0014926	HGNC:2187	biolink:causes	0
0.43320796	MONDO:0014942	HGNC:951	biolink:causes	0
0.5354155	MONDO:0014946	HGNC:6973	biolink:causes	0
0.6043598	MONDO:0014963	HGNC:3260	biolink:gene_associated_with_condition	0
0.8694979	MONDO:0014963	HGNC:219	biolink:causes	0
0.5399023	MONDO:0014984	HGNC:1591	biolink:causes	0
0.55555695	MONDO:0014984	HGNC:11708	biolink:gene_associated_with_condition	0
0.6008539	MONDO:0014984	HGNC:25751	biolink:gene_associated_with_condition	0
0.41502446	MONDO:0014996	HGNC:3542	biolink:gene_associated_with_condition	0
0.5788819	MONDO:0014996	HGNC:7010	biolink:gene_associated_with_condition	0
0.52215433	MONDO:0015270	HGNC:18326	biolink:causes	0
0.7664811	MONDO:0015283	HGNC:5383	biolink:gene_associated_with_condition	0
0.70001614	MONDO:0015679	HGNC:8979	biolink:causes	0
0.17377573	MONDO:0015783	HGNC:4688	biolink:causes	0
0.52141774	MONDO:0015783	HGNC:27302	biolink:gene_associated_with_condition	0
0.6544591	MONDO:0015783	HGNC:17321	biolink:gene_associated_with_condition	0
0.28589264	MONDO:0015783	HGNC:20967	biolink:gene_associated_with_condition	0
0.46825173	MONDO:0015783	HGNC:14967	biolink:causes	0
0.58712196	MONDO:0016097	HGNC:1449	biolink:causes	0
0.7115468	MONDO:0016097	HGNC:19316	biolink:causes	0
0.6782282	MONDO:0016281	HGNC:11772	biolink:causes	0
0.09618182	MONDO:0016281	HGNC:25913	biolink:gene_associated_with_condition	0
0.012224997	MONDO:0016308	HGNC:21642	biolink:gene_associated_with_condition	0
0.22684306	MONDO:0016308	HGNC:17073	biolink:causes	0
0.06663921	MONDO:0016316	HGNC:9829	biolink:causes	0
0.17497997	MONDO:0016395	HGNC:26200	biolink:gene_associated_with_condition	0
0.6352693	MONDO:0016539	HGNC:11992	biolink:causes	0
0.0063828966	MONDO:0016606	HGNC:18625	biolink:causes	0
0.008629426	MONDO:0016606	HGNC:4887	biolink:gene_associated_with_condition	0
0.50068563	MONDO:0016681	HGNC:9091	biolink:causes	0
0.37317064	MONDO:0016681	HGNC:11771	biolink:gene_associated_with_condition	0
0.0049625956	MONDO:0016703	HGNC:1514	biolink:causes	0
0.030391252	MONDO:0016703	HGNC:24071	biolink:causes	0
0.24027137	MONDO:0016838	HGNC:30632	biolink:causes	0
0.58130705	MONDO:0017051	HGNC:3438	biolink:gene_associated_with_condition	0
0.44670495	MONDO:0017051	HGNC:9118	biolink:gene_associated_with_condition	0
0.8226731	MONDO:0017218	HGNC:6770	biolink:causes	0
0.7789008	MONDO:0017218	HGNC:7060	biolink:causes	0
0.7262198	MONDO:0017218	HGNC:8975	biolink:causes	0
0.7421046	MONDO:0017218	HGNC:17340	biolink:causes	0
0.8153261	MONDO:0017241	HGNC:25941	biolink:gene_associated_with_condition	0
0.7739643	MONDO:0017241	HGNC:20800	biolink:causes	0
0.65845734	MONDO:0017241	HGNC:2206	biolink:causes	0
0.61422116	MONDO:0017308	HGNC:12440	biolink:causes	0
0.07363942	MONDO:0017360	HGNC:8818	biolink:gene_associated_with_condition	0
0.002367277	MONDO:0017360	HGNC:17020	biolink:contributes_to	0
0.026715785	MONDO:0017360	HGNC:28385	biolink:causes	0
0.76242757	MONDO:0017401	HGNC:132	biolink:causes	0
0.14090234	MONDO:0017544	HGNC:10780	biolink:causes	0
0.032954667	MONDO:0017544	HGNC:2260	biolink:causes	0
0.011705723	MONDO:0017629	HGNC:11598	biolink:gene_associated_with_condition	0
0.011512007	MONDO:0017691	HGNC:9119	biolink:causes	0
0.6394735	MONDO:0017833	HGNC:8787	biolink:causes	0
0.6351632	MONDO:0017935	HGNC:10590	biolink:causes	0
0.4371318	MONDO:0017939	HGNC:4824	biolink:gene_associated_with_condition	0
0.05665028	MONDO:0017947	HGNC:6717	biolink:causes	0
0.021367561	MONDO:0017947	HGNC:25686	biolink:causes	0
0.02691896	MONDO:0017947	HGNC:24519	biolink:causes	0
0.040988173	MONDO:0017947	HGNC:3259	biolink:gene_associated_with_condition	0
0.10702802	MONDO:0018006	HGNC:9220	biolink:causes	0
0.41973987	MONDO:0018055	HGNC:11730	biolink:causes	0
0.29011154	MONDO:0018114	HGNC:7103	biolink:gene_associated_with_condition	0
0.036712512	MONDO:0018206	HGNC:21088	biolink:causes	0
0.2036234	MONDO:0018229	HGNC:3436	biolink:gene_associated_with_condition	0
0.31322145	MONDO:0018256	HGNC:10024	biolink:causes	0
0.21466556	MONDO:0018273	HGNC:7467	biolink:causes	0
0.7360919	MONDO:0018273	HGNC:29203	biolink:gene_associated_with_condition	0
0.8351018	MONDO:0018324	HGNC:9456	biolink:causes	0
0.7106243	MONDO:0018324	HGNC:14202	biolink:causes	0
0.77393293	MONDO:0018417	HGNC:11020	biolink:causes	0
0.76584846	MONDO:0018417	HGNC:11280	biolink:causes	0
0.19173263	MONDO:0018436	HGNC:29678	biolink:causes	0
0.7032289	MONDO:0018598	HGNC:3481	biolink:gene_associated_with_condition	0
0.6163711	MONDO:0018598	HGNC:15984	biolink:causes	0
0.57304317	MONDO:0018598	HGNC:23639	biolink:causes	0
0.5156994	MONDO:0018598	HGNC:26200	biolink:gene_associated_with_condition	0
0.6451248	MONDO:0018598	HGNC:25792	biolink:gene_associated_with_condition	0
0.65166634	MONDO:0018598	HGNC:21638	biolink:gene_associated_with_condition	0
0.77038175	MONDO:0018598	HGNC:3755	biolink:causes	0
0.72534597	MONDO:0018598	HGNC:29017	biolink:gene_associated_with_condition	0
0.32632616	MONDO:0018611	HGNC:779	biolink:causes	0
0.4780556	MONDO:0018611	HGNC:17211	biolink:causes	0
0.5331444	MONDO:0018611	HGNC:4832	biolink:gene_associated_with_condition	0
0.6661246	MONDO:0018611	HGNC:30171	biolink:causes	0
0.386893	MONDO:0018611	HGNC:2379	biolink:gene_associated_with_condition	0
0.0065256027	MONDO:0018742	HGNC:14977	biolink:causes	0
0.7951673	MONDO:0018763	HGNC:8574	biolink:gene_associated_with_condition	0
0.02158565	MONDO:0018780	HGNC:25358	biolink:causes	0
0.7802473	MONDO:0018822	HGNC:6518	biolink:causes	0
0.007345816	MONDO:0019082	HGNC:9142	biolink:gene_associated_with_condition	0
0.009079132	MONDO:0019082	HGNC:8609	biolink:causes	0
0.018111957	MONDO:0019113	HGNC:10294	biolink:causes	0
0.6180997	MONDO:0019123	HGNC:11301	biolink:gene_associated_with_condition	0
0.6602429	MONDO:0019123	HGNC:14304	biolink:causes	0
0.11771414	MONDO:0019373	HGNC:12305	biolink:gene_associated_with_condition	0
0.012406217	MONDO:0019373	HGNC:10736	biolink:gene_associated_with_condition	0
0.33474657	MONDO:0019373	HGNC:29956	biolink:causes	0
0.03833185	MONDO:0019458	HGNC:6636	biolink:gene_associated_with_condition	0
0.04455982	MONDO:0019458	HGNC:11389	biolink:causes	0
0.37240222	MONDO:0019475	HGNC:6254	biolink:causes	0
0.5812926	MONDO:0019522	HGNC:25705	biolink:causes	0
0.5841149	MONDO:0019522	HGNC:9910	biolink:gene_associated_with_condition	0
0.0029864984	MONDO:0019669	HGNC:6859	biolink:causes	0
0.7348634	MONDO:0019828	HGNC:634	biolink:causes	0
0.69644433	MONDO:0019828	HGNC:33	biolink:gene_associated_with_condition	0
0.7420578	MONDO:0019828	HGNC:14374	biolink:causes	0
0.5402506	MONDO:0019828	HGNC:851	biolink:causes	0
0.5565532	MONDO:0019848	HGNC:2770	biolink:causes	0
0.6108298	MONDO:0020298	HGNC:4312	biolink:contributes_to	0
0.6163823	MONDO:0020298	HGNC:20788	biolink:gene_associated_with_condition	0
0.09853091	MONDO:0020482	HGNC:17811	biolink:gene_associated_with_condition	0
0.5946014	MONDO:0020506	HGNC:3356	biolink:gene_associated_with_condition	0
0.30754372	MONDO:0020506	HGNC:12601	biolink:causes	0
0.44973063	MONDO:0020506	HGNC:1786	biolink:gene_associated_with_condition	0
0.56850094	MONDO:0020512	HGNC:4922	biolink:causes	0
0.6984036	MONDO:0020512	HGNC:9081	biolink:causes	0
0.19570115	MONDO:0020512	HGNC:10872	biolink:gene_associated_with_condition	0
0.5162925	MONDO:0020512	HGNC:8855	biolink:gene_associated_with_condition	0
0.44377056	MONDO:0020512	HGNC:11935	biolink:gene_associated_with_condition	0
0.86534077	MONDO:0020602	HGNC:15455	biolink:causes	0
0.12503298	MONDO:0020628	HGNC:26276	biolink:gene_associated_with_condition	0
0.49835315	MONDO:0020705	HGNC:8632	biolink:gene_associated_with_condition	0
0.03334955	MONDO:0020730	HGNC:5213	biolink:gene_associated_with_condition	0
0.09034964	MONDO:0020786	HGNC:2309	biolink:gene_associated_with_condition	0
0.59165365	MONDO:0020841	HGNC:29796	biolink:causes	0
0.056111984	MONDO:0023662	HGNC:5173	biolink:causes	0
0.67247057	MONDO:0024455	HGNC:11167	biolink:causes	0
0.028252115	MONDO:0024523	HGNC:7224	biolink:causes	0
0.6577865	MONDO:0024535	HGNC:12012	biolink:causes	0
0.7366828	MONDO:0024543	HGNC:12011	biolink:causes	0
0.17663439	MONDO:0024551	HGNC:20313	biolink:causes	0
0.35716206	MONDO:0024559	HGNC:6709	biolink:contributes_to	0
0.6945375	MONDO:0025699	HGNC:20773	biolink:gene_associated_with_condition	0
0.8621079	MONDO:0025699	HGNC:2197	biolink:gene_associated_with_condition	0
0.039941017	MONDO:0026404	HGNC:11005	biolink:causes	0
0.28775167	MONDO:0030028	HGNC:21666	biolink:gene_associated_with_condition	0
0.49871668	MONDO:0030036	HGNC:397	biolink:causes	0
0.42962468	MONDO:0030089	HGNC:5965	biolink:contributes_to	0
0.06540204	MONDO:0030361	HGNC:9832	biolink:causes	0
0.60366374	MONDO:0030455	HGNC:5005	biolink:causes	0
0.60729843	MONDO:0030455	HGNC:4706	biolink:causes	0
0.017167196	MONDO:0030490	HGNC:18810	biolink:gene_associated_with_condition	0
0.030694764	MONDO:0030490	HGNC:2197	biolink:gene_associated_with_condition	0
0.7568924	MONDO:0030518	HGNC:9577	biolink:causes	0
0.14278552	MONDO:0030619	HGNC:388	biolink:gene_associated_with_condition	0
0.15672486	MONDO:0030619	HGNC:4319	biolink:causes	0
0.121204555	MONDO:0030619	HGNC:10593	biolink:contributes_to	0
0.7929529	MONDO:0030731	HGNC:7808	biolink:causes	0
0.8258966	MONDO:0030866	HGNC:18620	biolink:gene_associated_with_condition	0
0.009747614	MONDO:0030875	HGNC:7677	biolink:causes	0
0.025442986	MONDO:0030875	HGNC:27089	biolink:gene_associated_with_condition	0
0.2905988	MONDO:0030915	HGNC:7662	biolink:causes	0
0.7654842	MONDO:0030915	HGNC:14361	biolink:causes	0
0.4152333	MONDO:0030915	HGNC:7910	biolink:gene_associated_with_condition	0
0.63131976	MONDO:0032572	HGNC:3622	biolink:causes	0
0.30186763	MONDO:0032572	HGNC:30500	biolink:causes	0
0.5883282	MONDO:0032572	HGNC:8604	biolink:causes	0
0.45546523	MONDO:0032572	HGNC:14304	biolink:causes	0
0.6155211	MONDO:0032584	HGNC:7631	biolink:gene_associated_with_condition	0
0.8199726	MONDO:0032591	HGNC:1097	biolink:causes	0
0.48111767	MONDO:0032601	HGNC:20134	biolink:gene_associated_with_condition	0
0.3632459	MONDO:0032630	HGNC:3434	biolink:causes	0
0.68117505	MONDO:0032630	HGNC:19747	biolink:gene_associated_with_condition	0
0.562577	MONDO:0032653	HGNC:8591	biolink:causes	0
0.6747668	MONDO:0032653	HGNC:6990	biolink:gene_associated_with_condition	0
0.75941163	MONDO:0032653	HGNC:10260	biolink:causes	0
0.5429333	MONDO:0032653	HGNC:19353	biolink:gene_associated_with_condition	0
0.26250714	MONDO:0032665	HGNC:10583	biolink:gene_associated_with_condition	0
0.052214574	MONDO:0032686	HGNC:9832	biolink:causes	0
0.566008	MONDO:0032721	HGNC:17341	biolink:gene_associated_with_condition	0
0.82393163	MONDO:0032726	HGNC:16205	biolink:causes	0
0.7168602	MONDO:0032726	HGNC:14418	biolink:causes	0
0.79548436	MONDO:0032741	HGNC:17052	biolink:causes	0
0.7044854	MONDO:0032741	HGNC:4948	biolink:contributes_to	0
0.6642533	MONDO:0032741	HGNC:12783	biolink:causes	0
0.50344646	MONDO:0032746	HGNC:25784	biolink:causes	0
0.41717342	MONDO:0032781	HGNC:7634	biolink:gene_associated_with_condition	0
0.5865223	MONDO:0032817	HGNC:8091	biolink:gene_associated_with_condition	0
0.60514116	MONDO:0032817	HGNC:11598	biolink:gene_associated_with_condition	0
0.65782344	MONDO:0032855	HGNC:13315	biolink:gene_associated_with_condition	0
0.730896	MONDO:0032855	HGNC:1786	biolink:causes	0
0.84206885	MONDO:0032868	HGNC:11769	biolink:causes	0
0.43002793	MONDO:0032868	HGNC:1919	biolink:gene_associated_with_condition	0
0.5312625	MONDO:0032868	HGNC:18141	biolink:causes	0
0.67379165	MONDO:0032868	HGNC:25774	biolink:causes	0
0.5011857	MONDO:0032872	HGNC:11582	biolink:gene_associated_with_condition	0
0.89499575	MONDO:0032888	HGNC:26270	biolink:causes	0
0.26631114	MONDO:0032892	HGNC:14304	biolink:causes	0
0.6882145	MONDO:0032900	HGNC:90	biolink:gene_associated_with_condition	0
0.25906128	MONDO:0032904	HGNC:9236	biolink:gene_associated_with_condition	0
0.18917325	MONDO:0032924	HGNC:719	biolink:causes	0
0.52784634	MONDO:0032942	HGNC:16393	biolink:gene_associated_with_condition	0
0.67222863	MONDO:0033006	HGNC:6182	biolink:causes	0
0.6809123	MONDO:0033006	HGNC:24931	biolink:gene_associated_with_condition	0
0.3139824	MONDO:0033046	HGNC:30935	biolink:gene_associated_with_condition	0
0.7041027	MONDO:0033200	HGNC:19185	biolink:causes	0
0.59247273	MONDO:0033200	HGNC:11276	biolink:gene_associated_with_condition	0
0.3221064	MONDO:0033200	HGNC:1093	biolink:causes	0
0.55050594	MONDO:0033200	HGNC:2195	biolink:causes	0
0.5183051	MONDO:0033365	HGNC:2190	biolink:causes	0
0.5094321	MONDO:0033566	HGNC:26837	biolink:causes	0
0.5767585	MONDO:0033566	HGNC:7108	biolink:causes	0
0.011666045	MONDO:0044220	HGNC:6010	biolink:causes	0
0.042431545	MONDO:0044220	HGNC:7974	biolink:gene_associated_with_condition	0
0.012222206	MONDO:0044224	HGNC:21219	biolink:causes	0
0.018781701	MONDO:0044224	HGNC:23537	biolink:causes	0
0.62789094	MONDO:0044306	HGNC:4298	biolink:causes	0
0.819721	MONDO:0044306	HGNC:6814	biolink:gene_associated_with_condition	0
0.46489057	MONDO:0044306	HGNC:7821	biolink:gene_associated_with_condition	0
0.62877846	MONDO:0044319	HGNC:17341	biolink:gene_associated_with_condition	0
0.6657573	MONDO:0044323	HGNC:6595	biolink:causes	0
0.73001844	MONDO:0044626	HGNC:6636	biolink:gene_associated_with_condition	0
0.7718757	MONDO:0044626	HGNC:4332	biolink:causes	0
0.020550432	MONDO:0044638	HGNC:90	biolink:gene_associated_with_condition	0
0.0074713007	MONDO:0044638	HGNC:18416	biolink:causes	0
0.013111519	MONDO:0044638	HGNC:26293	biolink:causes	0
0.5544422	MONDO:0049221	HGNC:5383	biolink:gene_associated_with_condition	0
0.7614697	MONDO:0054636	HGNC:3356	biolink:causes	0
0.35771623	MONDO:0054724	HGNC:5136	biolink:causes	0
0.16279076	MONDO:0054750	HGNC:25221	biolink:gene_associated_with_condition	0
0.15591484	MONDO:0054750	HGNC:9940	biolink:gene_associated_with_condition	0
0.1311081	MONDO:0054750	HGNC:17340	biolink:causes	0
0.58144456	MONDO:0054763	HGNC:25240	biolink:gene_associated_with_condition	0
0.34894475	MONDO:0054763	HGNC:9701	biolink:gene_associated_with_condition	0
0.38743395	MONDO:0054763	HGNC:12499	biolink:causes	0
0.47438946	MONDO:0054763	HGNC:7608	biolink:gene_associated_with_condition	0
0.23291014	MONDO:0054771	HGNC:5383	biolink:gene_associated_with_condition	0
0.23630297	MONDO:0054771	HGNC:18971	biolink:contributes_to	0
0.17000864	MONDO:0054861	HGNC:12762	biolink:causes	0
0.27322897	MONDO:0060591	HGNC:9008	biolink:gene_associated_with_condition	0
0.53080416	MONDO:0060591	HGNC:1301	biolink:causes	0
0.71729505	MONDO:0060707	HGNC:20858	biolink:causes	0
0.98126924	MONDO:0060707	HGNC:10193	biolink:causes	0
0.45967576	MONDO:0060729	HGNC:15516	biolink:causes	0
0.98543197	MONDO:0060752	HGNC:19088	biolink:causes	0
0.04917924	MONDO:0100045	HGNC:16393	biolink:causes	0
0.023508772	MONDO:0100045	HGNC:7133	biolink:gene_associated_with_condition	0
0.68141687	MONDO:0100218	HGNC:5961	biolink:causes	0
0.6822892	MONDO:0100218	HGNC:613	biolink:contributes_to	0
0.64943916	MONDO:0100218	HGNC:13875	biolink:causes	0
0.48620588	MONDO:0100252	HGNC:20233	biolink:gene_associated_with_condition	0
0.013729653	MONDO:0100468	HGNC:28984	biolink:causes	0
0.0064045796	MONDO:0100600	HGNC:4827	biolink:gene_associated_with_condition	0
0.005728538	MONDO:0100600	HGNC:12499	biolink:causes	0
0.43322363	MONDO:0700343	HGNC:8617	biolink:causes	0
0.86022913	MONDO:0800341	HGNC:11167	biolink:causes	0
0.60486263	MONDO:0800341	HGNC:18873	biolink:causes	0
0.34061486	MONDO:0800445	HGNC:13890	biolink:gene_associated_with_condition	0
0.20541215	MONDO:0800445	HGNC:10593	biolink:causes	0
0.12924616	MONDO:0800445	HGNC:15819	biolink:causes	0
0.37957248	MONDO:0850095	HGNC:19358	biolink:causes	0
0.3879608	MONDO:0850095	HGNC:14415	biolink:causes	0
0.62580556	MONDO:0859207	HGNC:12373	biolink:gene_associated_with_condition	0
0.71115255	MONDO:0859207	HGNC:30074	biolink:gene_associated_with_condition	0
0.5373055	MONDO:0859207	HGNC:15578	biolink:causes	0
0.7291112	MONDO:0859253	HGNC:6696	biolink:causes	0
0.6685761	MONDO:0859253	HGNC:7499	biolink:gene_associated_with_condition	0
0.4518168	MONDO:0859328	HGNC:26270	biolink:causes	0
0.28792486	MONDO:0859328	HGNC:9115	biolink:causes	0
0.42290413	MONDO:0859328	HGNC:29796	biolink:causes	0
0.1906497	MONDO:0859340	HGNC:26527	biolink:causes	0
0.14847325	MONDO:0859340	HGNC:21504	biolink:causes	0
0.20901605	MONDO:0859340	HGNC:3260	biolink:gene_associated_with_condition	0
0.7047041	MONDO:0859369	HGNC:3823	biolink:causes	0
0.5429641	MONDO:0957218	HGNC:10447	biolink:causes	0
0.50117517	MONDO:0957271	HGNC:19980	biolink:causes	0
0.68644816	MONDO:0957271	HGNC:16380	biolink:causes	0
0.14532045	MONDO:0957294	HGNC:8622	biolink:causes	0
0.57723016	MONDO:0957807	HGNC:19317	biolink:causes	0
0.5661648	MONDO:0957812	HGNC:18437	biolink:causes	0
0.69135636	MONDO:0957820	HGNC:3960	biolink:causes	0
0.014613555	MONDO:0957876	HGNC:15805	biolink:gene_associated_with_condition	0
0.8544891	MONDO:0957876	HGNC:26887	biolink:causes	0
0.8387375	MONDO:0958005	HGNC:17321	biolink:gene_associated_with_condition	0
0.64912194	MONDO:0958012	HGNC:14673	biolink:causes	0
0.7940616	MONDO:0958242	HGNC:20761	biolink:causes	0
0.047745366	MONDO:0968981	HGNC:592	biolink:causes	0
0.7064459	MONDO:0968990	HGNC:2200	biolink:causes	0
0.005638854	MONDO:0971069	HGNC:10961	biolink:gene_associated_with_condition	0
0.43805525	MONDO:0971178	HGNC:21173	biolink:causes	0
0.8813699	MONDO:0971178	HGNC:28396	biolink:gene_associated_with_condition	0
0.0025901857	MONDO:0975746	HGNC:9588	biolink:gene_associated_with_condition	0
0.0039507924	MONDO:0975841	HGNC:6694	biolink:gene_associated_with_condition	0
0.012928667	MONDO:0976226	HGNC:13202	biolink:gene_associated_with_condition	0
0.15823548	MONDO:0976267	HGNC:6211	biolink:causes	0
0.075222336	MONDO:0976267	HGNC:7745	biolink:causes	0
0.03502971	HGNC:20	MONDO:0054723	biolink:causes	0
0.5707891	HGNC:20	MONDO:0957477	biolink:causes	0
0.69644433	HGNC:33	MONDO:0019828	biolink:gene_associated_with_condition	0
0.3715886	HGNC:53	MONDO:0011911	biolink:causes	0
0.5491775	HGNC:53	MONDO:0013473	biolink:causes	0
0.40470123	HGNC:319	MONDO:0014125	biolink:gene_associated_with_condition	0
0.7022414	HGNC:319	MONDO:0014899	biolink:causes	0
0.4101406	HGNC:123	MONDO:0029465	biolink:causes	0
0.35742313	HGNC:123	MONDO:0032907	biolink:causes	0
0.072606795	HGNC:123	MONDO:0008542	biolink:causes	0
0.8694979	HGNC:219	MONDO:0014963	biolink:causes	0
0.527309	HGNC:1366	MONDO:0009406	biolink:causes	0
0.7212469	HGNC:1366	MONDO:0010747	biolink:gene_associated_with_condition	0
0.66976345	HGNC:232	MONDO:0007922	biolink:causes	0
0.38585734	HGNC:4512	MONDO:0013214	biolink:causes	0
0.14257321	HGNC:3776	MONDO:0013768	biolink:causes	0
0.34669247	HGNC:3776	MONDO:0014866	biolink:causes	0
0.33820775	HGNC:13203	MONDO:0026733	biolink:causes	0
0.4123629	HGNC:13203	MONDO:0008818	biolink:causes	0
0.5408025	HGNC:360	MONDO:0020631	biolink:gene_associated_with_condition	0
0.029190058	HGNC:360	MONDO:0016689	biolink:gene_associated_with_condition	0
0.52228767	HGNC:385	MONDO:0013531	biolink:gene_associated_with_condition	0
0.37957248	HGNC:19358	MONDO:0850095	biolink:causes	0
0.23487425	HGNC:19358	MONDO:0014217	biolink:causes	0
0.17524508	HGNC:427	MONDO:0030787	biolink:gene_associated_with_condition	0
0.6520775	HGNC:427	MONDO:0957382	biolink:contributes_to	0
0.4310684	HGNC:427	MONDO:0012184	biolink:contributes_to	0
0.74098766	HGNC:449	MONDO:0014771	biolink:causes	0
0.9095536	HGNC:3544	MONDO:0004951	biolink:gene_associated_with_condition	0
0.73254895	HGNC:3544	MONDO:0020748	biolink:gene_associated_with_condition	0
0.5402328	HGNC:3530	MONDO:0013052	biolink:gene_associated_with_condition	0
0.58736944	HGNC:3530	MONDO:0008818	biolink:causes	0
0.48239368	HGNC:25808	MONDO:0007949	biolink:causes	0
0.73435515	HGNC:3586	MONDO:0008922	biolink:causes	0
0.7425257	HGNC:23109	MONDO:0020769	biolink:causes	0
0.85878855	HGNC:3600	MONDO:0007922	biolink:gene_associated_with_condition	0
0.7653866	HGNC:3600	MONDO:0007740	biolink:gene_associated_with_condition	0
0.67522836	HGNC:3616	MONDO:0019855	biolink:contributes_to	0
0.83500916	HGNC:3662	MONDO:0008377	biolink:gene_associated_with_condition	0
0.62256736	HGNC:3686	MONDO:0012381	biolink:causes	0
0.85082465	HGNC:3694	MONDO:0014343	biolink:gene_associated_with_condition	0
0.79875857	HGNC:3694	MONDO:0008377	biolink:gene_associated_with_condition	0
0.6159433	HGNC:18169	MONDO:0012994	biolink:gene_associated_with_condition	0
0.5375646	HGNC:18169	MONDO:0014997	biolink:gene_associated_with_condition	0
0.5882009	HGNC:3756	MONDO:0012004	biolink:causes	0
0.7592798	HGNC:3756	MONDO:0010655	biolink:causes	0
0.07150254	HGNC:3756	MONDO:0014013	biolink:causes	0
0.8120233	HGNC:3767	MONDO:0010465	biolink:causes	0
0.7580127	HGNC:3767	MONDO:0014282	biolink:causes	0
0.4516227	HGNC:3767	MONDO:0013063	biolink:causes	0
0.5560252	HGNC:3778	MONDO:0013052	biolink:causes	0
0.673124	HGNC:3778	MONDO:0011106	biolink:causes	0
0.6258081	HGNC:3791	MONDO:0014822	biolink:gene_associated_with_condition	0
0.6007904	HGNC:3791	MONDO:0007768	biolink:gene_associated_with_condition	0
0.43491593	HGNC:35123	MONDO:0007376	biolink:causes	0
0.08446301	HGNC:35123	MONDO:0010099	biolink:causes	0
0.0020858054	HGNC:3999	MONDO:0030905	biolink:gene_associated_with_condition	0
0.23966315	HGNC:26219	MONDO:0009140	biolink:gene_associated_with_condition	0
0.7645908	HGNC:26219	MONDO:0007794	biolink:gene_associated_with_condition	0
0.65535647	HGNC:4023	MONDO:0018419	biolink:causes	0
0.024665538	HGNC:4023	MONDO:0012354	biolink:causes	0
0.7397975	HGNC:4023	MONDO:0014311	biolink:causes	0
0.6206309	HGNC:14673	MONDO:0014977	biolink:causes	0
0.64912194	HGNC:14673	MONDO:0958012	biolink:causes	0
0.5272984	HGNC:14673	MONDO:0009192	biolink:causes	0
0.39746964	HGNC:4116	MONDO:0054785	biolink:gene_associated_with_condition	0
0.70872813	HGNC:4125	MONDO:0013836	biolink:causes	0
0.8427551	HGNC:4171	MONDO:0008542	biolink:causes	0
0.76802284	HGNC:4171	MONDO:0030690	biolink:causes	0
0.7890562	HGNC:4173	MONDO:0007922	biolink:gene_associated_with_condition	0
0.3771525	HGNC:4173	MONDO:0024541	biolink:gene_associated_with_condition	0
0.06683287	HGNC:8849	MONDO:0014682	biolink:causes	0
0.22846586	HGNC:4312	MONDO:0859338	biolink:contributes_to	0
0.6108298	HGNC:4312	MONDO:0020298	biolink:contributes_to	0
0.023633396	HGNC:4217	MONDO:0011801	biolink:causes	0
0.17645565	HGNC:4217	MONDO:0011783	biolink:causes	0
0.7913434	HGNC:4261	MONDO:0013171	biolink:causes	0
0.71413934	HGNC:4274	MONDO:0007363	biolink:causes	0
0.888399	HGNC:4318	MONDO:0012859	biolink:causes	0
0.48111767	HGNC:20134	MONDO:0032601	biolink:gene_associated_with_condition	0
0.5238629	HGNC:20134	MONDO:0018015	biolink:causes	0
0.7921876	HGNC:22932	MONDO:0010296	biolink:causes	0
0.8257519	HGNC:23657	MONDO:0007537	biolink:causes	0
0.5182854	HGNC:23657	MONDO:0009520	biolink:causes	0
0.5982252	HGNC:23657	MONDO:0004951	biolink:gene_associated_with_condition	0
0.5949658	HGNC:23657	MONDO:0009935	biolink:gene_associated_with_condition	0
0.5055309	HGNC:23657	MONDO:0011790	biolink:causes	0
0.1992355	HGNC:4415	MONDO:0014180	biolink:gene_associated_with_condition	0
0.75488997	HGNC:4422	MONDO:0014572	biolink:causes	0
0.7593272	HGNC:4431	MONDO:0859379	biolink:causes	0
0.87076783	HGNC:4431	MONDO:0014343	biolink:causes	0
0.015795128	HGNC:4431	MONDO:0017906	biolink:causes	0
0.17494752	HGNC:20145	MONDO:0957577	biolink:gene_associated_with_condition	0
0.37973726	HGNC:20145	MONDO:0009458	biolink:gene_associated_with_condition	0
0.05609915	HGNC:2001	MONDO:0007377	biolink:causes	0
0.2735407	HGNC:4584	MONDO:0008720	biolink:gene_associated_with_condition	0
0.37688842	HGNC:4588	MONDO:0011959	biolink:causes	0
0.49923122	HGNC:21270	MONDO:0017173	biolink:causes	0
0.13297994	HGNC:21270	MONDO:0043364	biolink:causes	0
0.5793379	HGNC:4635	MONDO:0012892	biolink:gene_associated_with_condition	0
0.4175124	HGNC:4651	MONDO:0010511	biolink:causes	0
0.335972	HGNC:21157	MONDO:0011765	biolink:causes	0
0.4022273	HGNC:4678	MONDO:0033559	biolink:causes	0
0.051465873	HGNC:15808	MONDO:0007163	biolink:gene_associated_with_condition	0
0.75126314	HGNC:15808	MONDO:0019310	biolink:causes	0
0.8952385	HGNC:15808	MONDO:0014343	biolink:gene_associated_with_condition	0
0.86853015	HGNC:15808	MONDO:0019569	biolink:gene_associated_with_condition	0
0.66153383	HGNC:15808	MONDO:0054615	biolink:causes	0
0.61484325	HGNC:15808	MONDO:0010747	biolink:causes	0
0.82045305	HGNC:4718	MONDO:0014343	biolink:causes	0
0.30078635	HGNC:4799	MONDO:0019505	biolink:causes	0
0.33041164	HGNC:4799	MONDO:0020378	biolink:gene_associated_with_condition	0
0.46118677	HGNC:4799	MONDO:0007943	biolink:causes	0
0.045401473	HGNC:4799	MONDO:0016573	biolink:causes	0
0.75939995	HGNC:4799	MONDO:0044724	biolink:causes	0
0.49447978	HGNC:4799	MONDO:0007363	biolink:causes	0
0.6680433	HGNC:4823	MONDO:0013400	biolink:gene_associated_with_condition	0
0.79272187	HGNC:4823	MONDO:0014343	biolink:causes	0
0.67396	HGNC:4823	MONDO:0009414	biolink:causes	0
0.5812256	HGNC:4823	MONDO:0007777	biolink:causes	0
0.33988753	HGNC:23302	MONDO:0014343	biolink:causes	0
0.35424358	HGNC:23302	MONDO:0009339	biolink:causes	0
0.026557434	HGNC:23302	MONDO:0010086	biolink:causes	0
0.7363671	HGNC:5013	MONDO:0009820	biolink:causes	0
0.10669248	HGNC:11630	MONDO:0014012	biolink:gene_associated_with_condition	0
0.0044793664	HGNC:11630	MONDO:0013891	biolink:gene_associated_with_condition	0
0.2591394	HGNC:5044	MONDO:0015557	biolink:gene_associated_with_condition	0
0.29206645	HGNC:5173	MONDO:0014180	biolink:causes	0
0.056111984	HGNC:5173	MONDO:0023662	biolink:causes	0
0.47060385	HGNC:5173	MONDO:0009804	biolink:causes	0
0.63985157	HGNC:5173	MONDO:0013992	biolink:gene_associated_with_condition	0
0.13703136	HGNC:5213	MONDO:0011484	biolink:gene_associated_with_condition	0
0.03334955	HGNC:5213	MONDO:0020730	biolink:gene_associated_with_condition	0
0.66924787	HGNC:5273	MONDO:0011756	biolink:gene_associated_with_condition	0
0.71339864	HGNC:5273	MONDO:0032853	biolink:gene_associated_with_condition	0
0.015196896	HGNC:5273	MONDO:0850078	biolink:gene_associated_with_condition	0
0.21932176	HGNC:14348	MONDO:0020788	biolink:gene_associated_with_condition	0
0.52141774	HGNC:27302	MONDO:0015783	biolink:gene_associated_with_condition	0
0.2331937	HGNC:27302	MONDO:0007740	biolink:gene_associated_with_condition	0
0.62539655	HGNC:5383	MONDO:0015010	biolink:causes	0
0.52836674	HGNC:5383	MONDO:0009411	biolink:gene_associated_with_condition	0
0.61523324	HGNC:5383	MONDO:0011013	biolink:gene_associated_with_condition	0
0.7664811	HGNC:5383	MONDO:0015283	biolink:gene_associated_with_condition	0
0.5544422	HGNC:5383	MONDO:0049221	biolink:gene_associated_with_condition	0
0.23291014	HGNC:5383	MONDO:0054771	biolink:gene_associated_with_condition	0
0.4309567	HGNC:5383	MONDO:0017111	biolink:causes	0
0.9211733	HGNC:5956	MONDO:0010310	biolink:causes	0
0.762221	HGNC:5960	MONDO:0007412	biolink:causes	0
0.78176314	HGNC:5960	MONDO:0012982	biolink:gene_associated_with_condition	0
0.7457129	HGNC:5961	MONDO:0014020	biolink:causes	0
0.68141687	HGNC:5961	MONDO:0100218	biolink:causes	0
0.43271643	HGNC:5961	MONDO:0009406	biolink:causes	0
0.11648445	HGNC:6010	MONDO:0014661	biolink:causes	0
0.011666045	HGNC:6010	MONDO:0044220	biolink:causes	0
0.130109	HGNC:6010	MONDO:0014551	biolink:causes	0
0.42962468	HGNC:5965	MONDO:0030089	biolink:contributes_to	0
0.21979876	HGNC:6005	MONDO:0012726	biolink:gene_associated_with_condition	0
0.16359186	HGNC:6005	MONDO:0859204	biolink:gene_associated_with_condition	0
0.68595666	HGNC:21474	MONDO:0032723	biolink:causes	0
0.852802	HGNC:6080	MONDO:0007032	biolink:causes	0
0.27464086	HGNC:17020	MONDO:0009776	biolink:contributes_to	0
0.0553612	HGNC:17020	MONDO:0011473	biolink:contributes_to	0
0.002367277	HGNC:17020	MONDO:0017360	biolink:contributes_to	0
0.34061486	HGNC:13890	MONDO:0800445	biolink:gene_associated_with_condition	0
0.103166446	HGNC:13890	MONDO:0009867	biolink:causes	0
0.104793794	HGNC:6189	MONDO:0011743	biolink:causes	0
0.37240222	HGNC:6254	MONDO:0019475	biolink:causes	0
0.8066852	HGNC:6284	MONDO:0007922	biolink:causes	0
0.7541671	HGNC:6284	MONDO:0011070	biolink:causes	0
0.5650438	HGNC:6284	MONDO:0014131	biolink:gene_associated_with_condition	0
0.51879287	HGNC:6284	MONDO:0007589	biolink:causes	0
0.32814524	HGNC:6284	MONDO:0012041	biolink:causes	0
0.2699304	HGNC:6308	MONDO:0011017	biolink:causes	0
0.19919312	HGNC:6315	MONDO:0014327	biolink:causes	0
0.38583454	HGNC:6315	MONDO:0014343	biolink:causes	0
0.79922223	HGNC:22219	MONDO:0014343	biolink:causes	0
0.5922179	HGNC:19349	MONDO:0013777	biolink:gene_associated_with_condition	0
0.47830555	HGNC:6342	MONDO:0008476	biolink:gene_associated_with_condition	0
0.7380393	HGNC:6342	MONDO:0018131	biolink:gene_associated_with_condition	0
0.055050712	HGNC:6342	MONDO:0971016	biolink:gene_associated_with_condition	0
0.633021	HGNC:20716	MONDO:0014202	biolink:gene_associated_with_condition	0
0.013059447	HGNC:20716	MONDO:0012682	biolink:causes	0
0.65527636	HGNC:6439	MONDO:0014670	biolink:gene_associated_with_condition	0
0.60423255	HGNC:6427	MONDO:0020787	biolink:gene_associated_with_condition	0
0.73005986	HGNC:6518	MONDO:0014586	biolink:causes	0
0.7802473	HGNC:6518	MONDO:0018822	biolink:causes	0
0.70395505	HGNC:6518	MONDO:0013526	biolink:causes	0
0.09471122	HGNC:19708	MONDO:0011335	biolink:causes	0
0.12474914	HGNC:19708	MONDO:0007232	biolink:causes	0
0.76064116	HGNC:13243	MONDO:0009052	biolink:causes	0
0.673726	HGNC:13243	MONDO:0030927	biolink:causes	0
0.49689788	HGNC:13243	MONDO:0008542	biolink:gene_associated_with_condition	0
0.49741173	HGNC:6633	MONDO:0008048	biolink:causes	0
0.27008086	HGNC:6696	MONDO:0011417	biolink:causes	0
0.7291112	HGNC:6696	MONDO:0859253	biolink:causes	0
0.70922524	HGNC:6696	MONDO:0032571	biolink:causes	0
0.6314798	HGNC:6696	MONDO:0032824	biolink:causes	0
0.8505927	HGNC:6696	MONDO:0013777	biolink:causes	0
0.38956276	HGNC:16353	MONDO:0032673	biolink:gene_associated_with_condition	0
0.46518517	HGNC:6831	MONDO:0014327	biolink:gene_associated_with_condition	0
0.914788	HGNC:6831	MONDO:0014343	biolink:gene_associated_with_condition	0
0.65818334	HGNC:485	MONDO:0008097	biolink:causes	0
0.74576795	HGNC:493	MONDO:0010794	biolink:causes	0
0.0030513913	HGNC:21732	MONDO:0010171	biolink:causes	0
0.455669	HGNC:1361	MONDO:0012693	biolink:causes	0
0.30772611	HGNC:1361	MONDO:0009520	biolink:causes	0
0.23630297	HGNC:18971	MONDO:0054771	biolink:contributes_to	0
0.7739977	HGNC:613	MONDO:0012221	biolink:causes	0
0.7738704	HGNC:613	MONDO:0018336	biolink:contributes_to	0
0.7121542	HGNC:613	MONDO:0032787	biolink:contributes_to	0
0.6822892	HGNC:613	MONDO:0100218	biolink:contributes_to	0
0.38304818	HGNC:613	MONDO:0009113	biolink:contributes_to	0
0.30541524	HGNC:613	MONDO:0011672	biolink:contributes_to	0
0.50170946	HGNC:613	MONDO:0030456	biolink:causes	0
0.011610269	HGNC:644	MONDO:0600030	biolink:gene_associated_with_condition	0
0.4681276	HGNC:644	MONDO:0008407	biolink:gene_associated_with_condition	0
0.8424411	HGNC:714	MONDO:0010645	biolink:gene_associated_with_condition	0
0.18917325	HGNC:719	MONDO:0032924	biolink:causes	0
0.37980172	HGNC:16448	MONDO:0019758	biolink:causes	0
0.47524095	HGNC:3033	MONDO:0009672	biolink:causes	0
0.43792835	HGNC:25636	MONDO:0859311	biolink:causes	0
0.72490185	HGNC:2375	MONDO:0014343	biolink:gene_associated_with_condition	0
0.33672214	HGNC:28845	MONDO:0013390	biolink:causes	0
0.02835232	HGNC:6998	MONDO:0033980	biolink:gene_associated_with_condition	0
0.14347349	HGNC:6998	MONDO:0014803	biolink:gene_associated_with_condition	0
0.3320074	HGNC:7027	MONDO:0011628	biolink:causes	0
0.38622525	HGNC:29659	MONDO:0013892	biolink:causes	0
0.6973218	HGNC:21086	MONDO:0031481	biolink:causes	0
0.50168025	HGNC:7096	MONDO:0017225	biolink:causes	0
0.19483854	HGNC:7104	MONDO:0007042	biolink:causes	0
0.50553304	HGNC:16063	MONDO:0018274	biolink:gene_associated_with_condition	0
0.63573176	HGNC:7526	MONDO:0019855	biolink:gene_associated_with_condition	0
0.014372328	HGNC:7526	MONDO:0012607	biolink:gene_associated_with_condition	0
0.3526436	HGNC:7526	MONDO:0014845	biolink:gene_associated_with_condition	0
0.62842625	HGNC:4979	MONDO:0032815	biolink:causes	0
0.04958228	HGNC:7208	MONDO:0700090	biolink:gene_associated_with_condition	0
0.70464116	HGNC:16352	MONDO:0014343	biolink:causes	0
0.50486445	HGNC:10378	MONDO:0009623	biolink:causes	0
0.6215058	HGNC:10378	MONDO:0008377	biolink:causes	0
0.54558283	HGNC:14508	MONDO:0014556	biolink:causes	0
0.5557169	HGNC:14508	MONDO:0030457	biolink:causes	0
0.26784897	HGNC:14334	MONDO:0012594	biolink:gene_associated_with_condition	0
0.2450603	HGNC:7499	MONDO:0007488	biolink:gene_associated_with_condition	0
0.6685761	HGNC:7499	MONDO:0859253	biolink:gene_associated_with_condition	0
0.62738866	HGNC:7499	MONDO:0060621	biolink:gene_associated_with_condition	0
0.21466556	HGNC:7467	MONDO:0018273	biolink:causes	0
0.4914595	HGNC:21666	MONDO:0012892	biolink:gene_associated_with_condition	0
0.28775167	HGNC:21666	MONDO:0030028	biolink:gene_associated_with_condition	0
0.81023616	HGNC:7576	MONDO:0011107	biolink:causes	0
0.71830124	HGNC:7576	MONDO:0014224	biolink:causes	0
0.31857592	HGNC:7601	MONDO:0012039	biolink:causes	0
0.42176288	HGNC:17996	MONDO:0014361	biolink:causes	0
0.60637295	HGNC:17996	MONDO:0013116	biolink:gene_associated_with_condition	0
0.26876247	HGNC:7652	MONDO:0033533	biolink:gene_associated_with_condition	0
0.4793392	HGNC:7702	MONDO:0008818	biolink:causes	0
0.7527185	HGNC:20372	MONDO:0859295	biolink:causes	0
0.3871391	HGNC:20372	MONDO:0975757	biolink:causes	0
0.5708133	HGNC:7717	MONDO:0030066	biolink:causes	0
0.0021401637	HGNC:7737	MONDO:0007748	biolink:causes	0
0.47417825	HGNC:7737	MONDO:0859575	biolink:causes	0
0.5614835	HGNC:13387	MONDO:0011202	biolink:causes	0
0.546727	HGNC:13387	MONDO:0859355	biolink:causes	0
0.6592669	HGNC:7776	MONDO:0013352	biolink:causes	0
0.5927241	HGNC:7782	MONDO:0010856	biolink:causes	0
0.538733	HGNC:7782	MONDO:0014211	biolink:causes	0
0.19320334	HGNC:28018	MONDO:0958176	biolink:causes	0
0.16306566	HGNC:32940	MONDO:0010524	biolink:causes	0
0.62779415	HGNC:14374	MONDO:0032882	biolink:causes	0
0.7420578	HGNC:14374	MONDO:0019828	biolink:causes	0
0.6407899	HGNC:7882	MONDO:0012041	biolink:causes	0
0.077616595	HGNC:19104	MONDO:0009140	biolink:causes	0
0.2969254	HGNC:8008	MONDO:0013060	biolink:causes	0
0.834057	HGNC:8008	MONDO:0016103	biolink:causes	0
0.012566937	HGNC:8008	MONDO:0007454	biolink:causes	0
0.46036014	HGNC:8008	MONDO:0009722	biolink:causes	0
0.37997022	HGNC:8008	MONDO:0044318	biolink:causes	0
0.18284461	HGNC:8008	MONDO:0008542	biolink:causes	0
0.35555768	HGNC:8008	MONDO:0009820	biolink:causes	0
0.3347933	HGNC:14234	MONDO:0859338	biolink:gene_associated_with_condition	0
0.04581671	HGNC:14234	MONDO:0020785	biolink:gene_associated_with_condition	0
0.732641	HGNC:8029	MONDO:0012203	biolink:causes	0
0.6589352	HGNC:8029	MONDO:0008377	biolink:causes	0
0.4900946	HGNC:29929	MONDO:0014850	biolink:causes	0
0.8031884	HGNC:8108	MONDO:0009708	biolink:gene_associated_with_condition	0
0.5352842	HGNC:8108	MONDO:0007943	biolink:gene_associated_with_condition	0
0.005168256	HGNC:8108	MONDO:0017172	biolink:gene_associated_with_condition	0
0.6300484	HGNC:8140	MONDO:0010661	biolink:gene_associated_with_condition	0
0.23542376	HGNC:8149	MONDO:0009544	biolink:causes	0
0.6554658	HGNC:25896	MONDO:0013821	biolink:causes	0
0.3712257	HGNC:8565	MONDO:0012847	biolink:causes	0
0.42427197	HGNC:8565	MONDO:0009218	biolink:causes	0
0.75065506	HGNC:8592	MONDO:0009773	biolink:causes	0
0.6920682	HGNC:8604	MONDO:0859187	biolink:causes	0
0.6215952	HGNC:8604	MONDO:0011073	biolink:gene_associated_with_condition	0
0.5883282	HGNC:8604	MONDO:0032572	biolink:causes	0
0.65255064	HGNC:8618	MONDO:0013948	biolink:contributes_to	0
0.6643124	HGNC:8618	MONDO:0014343	biolink:contributes_to	0
0.49835315	HGNC:8632	MONDO:0020705	biolink:gene_associated_with_condition	0
0.8964234	HGNC:8632	MONDO:0008542	biolink:gene_associated_with_condition	0
0.52409524	HGNC:8657	MONDO:0008393	biolink:causes	0
0.34757686	HGNC:8657	MONDO:0008087	biolink:causes	0
0.045353737	HGNC:8657	MONDO:0012786	biolink:causes	0
0.35114622	HGNC:14270	MONDO:0012912	biolink:gene_associated_with_condition	0
0.46845722	HGNC:8756	MONDO:0011789	biolink:causes	0
0.57144177	HGNC:8756	MONDO:0012522	biolink:causes	0
0.14851637	HGNC:8794	MONDO:0029134	biolink:causes	0
0.61968976	HGNC:9719	MONDO:0012679	biolink:gene_associated_with_condition	0
0.81691	HGNC:9719	MONDO:0018333	biolink:gene_associated_with_condition	0
0.3939706	HGNC:9719	MONDO:0800026	biolink:causes	0
0.085713916	HGNC:8859	MONDO:0035941	biolink:causes	0
0.42064524	HGNC:8853	MONDO:0011829	biolink:gene_associated_with_condition	0
0.5162925	HGNC:8855	MONDO:0020512	biolink:gene_associated_with_condition	0
0.22639073	HGNC:8896	MONDO:0019409	biolink:causes	0
0.07465352	HGNC:8896	MONDO:0035941	biolink:gene_associated_with_condition	0
0.5522557	HGNC:8896	MONDO:0800438	biolink:gene_associated_with_condition	0
0.67824185	HGNC:14938	MONDO:0800029	biolink:gene_associated_with_condition	0
0.73044294	HGNC:23213	MONDO:0008377	biolink:gene_associated_with_condition	0
0.7002236	HGNC:8977	MONDO:0859312	biolink:causes	0
0.74295515	HGNC:8977	MONDO:0010258	biolink:causes	0
0.34627938	HGNC:8996	MONDO:0015010	biolink:causes	0
0.086536124	HGNC:8996	MONDO:0008644	biolink:causes	0
0.17032482	HGNC:9004	MONDO:0014622	biolink:gene_associated_with_condition	0
0.77317554	HGNC:9004	MONDO:0012943	biolink:causes	0
0.17663439	HGNC:20313	MONDO:0024551	biolink:causes	0
0.34669992	HGNC:9046	MONDO:0011445	biolink:contributes_to	0
0.14554195	HGNC:9046	MONDO:0019666	biolink:contributes_to	0
0.6076699	HGNC:9046	MONDO:0014343	biolink:gene_associated_with_condition	0
0.007248438	HGNC:9046	MONDO:0044255	biolink:contributes_to	0
0.37343267	HGNC:9046	MONDO:0008559	biolink:gene_associated_with_condition	0
0.6995888	HGNC:9173	MONDO:0029148	biolink:gene_associated_with_condition	0
0.30566335	HGNC:19743	MONDO:0008542	biolink:gene_associated_with_condition	0
0.50626683	HGNC:9236	MONDO:0018112	biolink:gene_associated_with_condition	0
0.94215053	HGNC:9236	MONDO:0014343	biolink:gene_associated_with_condition	0
0.25906128	HGNC:9236	MONDO:0032904	biolink:gene_associated_with_condition	0
0.44569835	HGNC:9312	MONDO:0007792	biolink:gene_associated_with_condition	0
0.7858605	HGNC:14000	MONDO:0019855	biolink:causes	0
0.4450516	HGNC:9386	MONDO:0013245	biolink:causes	0
0.63865936	HGNC:9386	MONDO:0008377	biolink:gene_associated_with_condition	0
0.30233464	HGNC:9386	MONDO:0018821	biolink:causes	0
0.030984273	HGNC:9386	MONDO:0044255	biolink:causes	0
0.7875796	HGNC:9386	MONDO:0035819	biolink:gene_associated_with_condition	0
0.8418191	HGNC:9402	MONDO:0014343	biolink:causes	0
0.45809093	HGNC:9460	MONDO:0800026	biolink:gene_associated_with_condition	0
0.724722	HGNC:9498	MONDO:0012943	biolink:gene_associated_with_condition	0
0.7677372	HGNC:9585	MONDO:0009495	biolink:gene_associated_with_condition	0
0.14242703	HGNC:9585	MONDO:0015466	biolink:causes	0
0.39749244	HGNC:9607	MONDO:0011430	biolink:causes	0
0.7758896	HGNC:9644	MONDO:0014572	biolink:causes	0
0.80533904	HGNC:9670	MONDO:0008234	biolink:causes	0
0.73136514	HGNC:14957	MONDO:0010455	biolink:gene_associated_with_condition	0
0.4992039	HGNC:14957	MONDO:0011959	biolink:gene_associated_with_condition	0
0.8473785	HGNC:819	MONDO:0014601	biolink:gene_associated_with_condition	0
0.5402506	HGNC:851	MONDO:0019828	biolink:causes	0
0.09178204	HGNC:1093	MONDO:0011285	biolink:causes	0
0.3221064	HGNC:1093	MONDO:0033200	biolink:causes	0
0.036781143	HGNC:1093	MONDO:0012043	biolink:gene_associated_with_condition	0
0.014391612	HGNC:1093	MONDO:0018000	biolink:gene_associated_with_condition	0
0.7615459	HGNC:26019	MONDO:0030025	biolink:causes	0
0.8199726	HGNC:1097	MONDO:0032591	biolink:causes	0
0.7708345	HGNC:1097	MONDO:0012700	biolink:causes	0
0.82375544	HGNC:1097	MONDO:0013507	biolink:causes	0
0.14705	HGNC:1100	MONDO:0019505	biolink:contributes_to	0
0.3926106	HGNC:1100	MONDO:0009965	biolink:contributes_to	0
0.15781355	HGNC:1100	MONDO:0011481	biolink:contributes_to	0
0.6127362	HGNC:14255	MONDO:0009008	biolink:gene_associated_with_condition	0
0.5331649	HGNC:14255	MONDO:0014945	biolink:gene_associated_with_condition	0
0.18798211	HGNC:14255	MONDO:0030338	biolink:gene_associated_with_condition	0
0.69127816	HGNC:1122	MONDO:0009210	biolink:causes	0
0.55191	HGNC:26033	MONDO:0018277	biolink:causes	0
0.049338687	HGNC:9721	MONDO:0013842	biolink:causes	0
0.33879238	HGNC:25326	MONDO:0009306	biolink:causes	0
0.06663921	HGNC:9829	MONDO:0016316	biolink:causes	0
0.40735164	HGNC:9864	MONDO:0014487	biolink:causes	0
0.6237609	HGNC:9864	MONDO:0008377	biolink:gene_associated_with_condition	0
0.1005689	HGNC:9864	MONDO:0010963	biolink:causes	0
0.06518645	HGNC:18286	MONDO:0017683	biolink:causes	0
0.26863676	HGNC:14959	MONDO:0044714	biolink:gene_associated_with_condition	0
0.3533493	HGNC:9921	MONDO:0012075	biolink:causes	0
0.34705287	HGNC:9921	MONDO:0020849	biolink:causes	0
0.55324256	HGNC:9921	MONDO:0032677	biolink:causes	0
0.15591484	HGNC:9940	MONDO:0054750	biolink:gene_associated_with_condition	0
0.3565494	HGNC:9940	MONDO:0008872	biolink:gene_associated_with_condition	0
0.8292052	HGNC:17964	MONDO:0014343	biolink:causes	0
0.4319617	HGNC:25786	MONDO:0008764	biolink:causes	0
0.43587932	HGNC:25786	MONDO:0030037	biolink:causes	0
0.429255	HGNC:9957	MONDO:0010250	biolink:causes	0
0.26303998	HGNC:9966	MONDO:0012514	biolink:contributes_to	0
0.6956299	HGNC:25964	MONDO:0014343	biolink:causes	0
0.55514	HGNC:10004	MONDO:0007524	biolink:causes	0
0.0020462808	HGNC:10004	MONDO:0014146	biolink:causes	0
0.13631777	HGNC:17283	MONDO:0007363	biolink:causes	0
0.02158565	HGNC:25358	MONDO:0018780	biolink:causes	0
0.4668037	HGNC:25358	MONDO:0030927	biolink:causes	0
0.48206425	HGNC:14539	MONDO:0030457	biolink:contributes_to	0
0.32361665	HGNC:14539	MONDO:0011556	biolink:contributes_to	0
0.3279078	HGNC:14539	MONDO:0958085	biolink:contributes_to	0
0.40076932	HGNC:10256	MONDO:0014159	biolink:causes	0
0.67729497	HGNC:10256	MONDO:0800167	biolink:causes	0
0.24195541	HGNC:10256	MONDO:0009113	biolink:causes	0
0.5719622	HGNC:10256	MONDO:0054737	biolink:causes	0
0.74492913	HGNC:10263	MONDO:0032748	biolink:causes	0
0.68523455	HGNC:10383	MONDO:0013964	biolink:causes	0
0.48403698	HGNC:10383	MONDO:0009513	biolink:causes	0
0.64840156	HGNC:19903	MONDO:0007158	biolink:causes	0
0.8516394	HGNC:19903	MONDO:0007922	biolink:causes	0
0.9331515	HGNC:19903	MONDO:0012559	biolink:causes	0
0.46398416	HGNC:23625	MONDO:0020320	biolink:causes	0
0.5229807	HGNC:23625	MONDO:0012634	biolink:causes	0
0.71333283	HGNC:23625	MONDO:0013507	biolink:causes	0
0.3561821	HGNC:15924	MONDO:0011628	biolink:gene_associated_with_condition	0
0.30347618	HGNC:15924	MONDO:0011794	biolink:gene_associated_with_condition	0
0.8044351	HGNC:1349	MONDO:0019569	biolink:causes	0
0.3217564	HGNC:19304	MONDO:0010099	biolink:causes	0
0.02276858	HGNC:19304	MONDO:0013449	biolink:causes	0
0.6956907	HGNC:10590	MONDO:0014343	biolink:causes	0
0.6351632	HGNC:10590	MONDO:0017935	biolink:causes	0
0.45634398	HGNC:10593	MONDO:0010401	biolink:contributes_to	0
0.05890509	HGNC:10593	MONDO:0012650	biolink:causes	0
0.21096456	HGNC:10593	MONDO:0013999	biolink:contributes_to	0
0.121204555	HGNC:10593	MONDO:0030619	biolink:contributes_to	0
0.20541215	HGNC:10593	MONDO:0800445	biolink:causes	0
0.60323256	HGNC:10593	MONDO:0008377	biolink:causes	0
0.35973254	HGNC:10593	MONDO:0009109	biolink:causes	0
0.3166952	HGNC:10593	MONDO:0014225	biolink:causes	0
0.025802335	HGNC:10582	MONDO:0016710	biolink:gene_associated_with_condition	0
0.527592	HGNC:10582	MONDO:0020434	biolink:gene_associated_with_condition	0
0.6322084	HGNC:10600	MONDO:0013718	biolink:causes	0
0.6082845	HGNC:10600	MONDO:0800028	biolink:causes	0
0.58830625	HGNC:10604	MONDO:0013052	biolink:causes	0
0.68317866	HGNC:10606	MONDO:0012096	biolink:gene_associated_with_condition	0
0.589186	HGNC:10606	MONDO:0010239	biolink:gene_associated_with_condition	0
0.6055987	HGNC:10680	MONDO:0008818	biolink:causes	0
0.7661734	HGNC:10680	MONDO:0011338	biolink:causes	0
0.32454872	HGNC:10719	MONDO:0013839	biolink:causes	0
0.5859791	HGNC:30605	MONDO:0009820	biolink:gene_associated_with_condition	0
0.45860976	HGNC:8941	MONDO:0008061	biolink:gene_associated_with_condition	0
0.5176916	HGNC:8941	MONDO:0008377	biolink:gene_associated_with_condition	0
0.05207619	HGNC:29427	MONDO:0011836	biolink:gene_associated_with_condition	0
0.083959155	HGNC:29165	MONDO:0013679	biolink:causes	0
0.1293215	HGNC:11065	MONDO:0007922	biolink:causes	0
0.23375055	HGNC:11065	MONDO:0020745	biolink:causes	0
0.88052696	HGNC:11071	MONDO:0014343	biolink:causes	0
0.6138483	HGNC:11071	MONDO:0009658	biolink:causes	0
0.06281542	HGNC:10907	MONDO:0019896	biolink:gene_associated_with_condition	0
0.73381865	HGNC:10979	MONDO:0014094	biolink:causes	0
0.6770497	HGNC:10979	MONDO:0008713	biolink:causes	0
0.7446319	HGNC:10979	MONDO:0019448	biolink:causes	0
0.19028036	HGNC:10993	MONDO:0013398	biolink:causes	0
0.7739643	HGNC:20800	MONDO:0017241	biolink:causes	0
0.013830388	HGNC:18798	MONDO:0011490	biolink:causes	0
0.09991647	HGNC:32689	MONDO:0009779	biolink:causes	0
0.1425309	HGNC:6769	MONDO:0012294	biolink:causes	0
0.75910354	HGNC:6769	MONDO:0007537	biolink:gene_associated_with_condition	0
0.7879793	HGNC:6769	MONDO:0009513	biolink:causes	0
0.8547731	HGNC:6769	MONDO:0017402	biolink:causes	0
0.072258316	HGNC:2468	MONDO:0007137	biolink:causes	0
0.114021234	HGNC:2468	MONDO:0958237	biolink:causes	0
0.81980187	HGNC:11094	MONDO:0010767	biolink:gene_associated_with_condition	0
0.3675163	HGNC:1393	MONDO:0011003	biolink:causes	0
0.036032736	HGNC:1393	MONDO:0013842	biolink:causes	0
0.87043244	HGNC:1449	MONDO:0014343	biolink:causes	0
0.58712196	HGNC:1449	MONDO:0016097	biolink:causes	0
0.75458884	HGNC:1449	MONDO:0011529	biolink:causes	0
0.44532478	HGNC:11182	MONDO:0014686	biolink:gene_associated_with_condition	0
0.6882154	HGNC:11182	MONDO:0020748	biolink:gene_associated_with_condition	0
0.14506564	HGNC:1509	MONDO:0009379	biolink:gene_associated_with_condition	0
0.5448427	HGNC:1509	MONDO:0018656	biolink:gene_associated_with_condition	0
0.5277845	HGNC:1527	MONDO:0007925	biolink:causes	0
0.83125365	HGNC:1550	MONDO:0014224	biolink:causes	0
0.83451647	HGNC:1550	MONDO:0031006	biolink:causes	0
0.076033115	HGNC:26821	MONDO:0010075	biolink:causes	0
0.29606628	HGNC:26821	MONDO:0012410	biolink:causes	0
0.0065256027	HGNC:14977	MONDO:0018742	biolink:causes	0
0.63754475	HGNC:11179	MONDO:0010099	biolink:causes	0
0.79112065	HGNC:11179	MONDO:0008377	biolink:causes	0
0.6838951	HGNC:17321	MONDO:0019635	biolink:causes	0
0.6544591	HGNC:17321	MONDO:0015783	biolink:gene_associated_with_condition	0
0.8387375	HGNC:17321	MONDO:0958005	biolink:gene_associated_with_condition	0
0.7547103	HGNC:11226	MONDO:0012400	biolink:causes	0
0.73738426	HGNC:11226	MONDO:0011073	biolink:causes	0
0.5107364	HGNC:11257	MONDO:0009804	biolink:causes	0
0.6180997	HGNC:11301	MONDO:0019123	biolink:gene_associated_with_condition	0
0.26156995	HGNC:11301	MONDO:0008179	biolink:causes	0
0.54064035	HGNC:11301	MONDO:0008377	biolink:gene_associated_with_condition	0
0.6062937	HGNC:11301	MONDO:0007768	biolink:causes	0
0.50018084	HGNC:11356	MONDO:0030730	biolink:causes	0
0.14155939	HGNC:11356	MONDO:0971016	biolink:causes	0
0.17497997	HGNC:26200	MONDO:0016395	biolink:gene_associated_with_condition	0
0.5156994	HGNC:26200	MONDO:0018598	biolink:gene_associated_with_condition	0
0.34628505	HGNC:30650	MONDO:0014125	biolink:gene_associated_with_condition	0
0.90968406	HGNC:16035	MONDO:0008377	biolink:causes	0
0.36803898	HGNC:16466	MONDO:0009459	biolink:gene_associated_with_condition	0
0.37557027	HGNC:16466	MONDO:0054805	biolink:gene_associated_with_condition	0
0.49289978	HGNC:16466	MONDO:0008592	biolink:causes	0
0.24027137	HGNC:30632	MONDO:0016838	biolink:causes	0
0.28321922	HGNC:11494	MONDO:0011493	biolink:gene_associated_with_condition	0
0.01389001	HGNC:11521	MONDO:0008762	biolink:causes	0
0.773384	HGNC:11521	MONDO:0018328	biolink:causes	0
0.5988414	HGNC:11521	MONDO:0007380	biolink:causes	0
0.0057112337	HGNC:21066	MONDO:0009825	biolink:causes	0
0.15946117	HGNC:21066	MONDO:0014622	biolink:causes	0
0.5599433	HGNC:29203	MONDO:0008637	biolink:gene_associated_with_condition	0
0.7360919	HGNC:29203	MONDO:0018273	biolink:gene_associated_with_condition	0
0.6111105	HGNC:29203	MONDO:0014004	biolink:gene_associated_with_condition	0
0.51540536	HGNC:11603	MONDO:0009841	biolink:gene_associated_with_condition	0
0.31032044	HGNC:11596	MONDO:0014343	biolink:causes	0
0.18148102	HGNC:11596	MONDO:0013907	biolink:gene_associated_with_condition	0
0.55555695	HGNC:11708	MONDO:0014984	biolink:gene_associated_with_condition	0
0.38535988	HGNC:11724	MONDO:0012521	biolink:causes	0
0.52700996	HGNC:11724	MONDO:0014899	biolink:causes	0
0.8788774	HGNC:20324	MONDO:0014343	biolink:gene_associated_with_condition	0
0.5834994	HGNC:11769	MONDO:0010790	biolink:causes	0
0.84206885	HGNC:11769	MONDO:0032868	biolink:causes	0
0.004351539	HGNC:11769	MONDO:0011226	biolink:causes	0
0.8734279	HGNC:11769	MONDO:0032685	biolink:gene_associated_with_condition	0
0.86596215	HGNC:25835	MONDO:0012092	biolink:causes	0
0.5899168	HGNC:25295	MONDO:0014866	biolink:causes	0
0.2878963	HGNC:25295	MONDO:0014997	biolink:causes	0
0.039263085	HGNC:30788	MONDO:0014290	biolink:causes	0
0.63138	HGNC:5056	MONDO:0010626	biolink:gene_associated_with_condition	0
0.47903654	HGNC:5056	MONDO:0019174	biolink:gene_associated_with_condition	0
0.8842236	HGNC:26230	MONDO:0020745	biolink:contributes_to	0
0.21031995	HGNC:26230	MONDO:0011431	biolink:contributes_to	0
0.5147023	HGNC:16513	MONDO:0012833	biolink:causes	0
0.6805634	HGNC:18188	MONDO:0012892	biolink:gene_associated_with_condition	0
0.8542609	HGNC:25535	MONDO:0008684	biolink:causes	0
0.013886248	HGNC:25535	MONDO:0011490	biolink:causes	0
0.6645348	HGNC:11909	MONDO:0009871	biolink:gene_associated_with_condition	0
0.00012713345	HGNC:11949	MONDO:0014425	biolink:gene_associated_with_condition	0
0.4662387	HGNC:11949	MONDO:0014343	biolink:gene_associated_with_condition	0
0.5672629	HGNC:11949	MONDO:0008377	biolink:gene_associated_with_condition	0
0.5563603	HGNC:29190	MONDO:0014620	biolink:causes	0
0.73233175	HGNC:29190	MONDO:0032927	biolink:causes	0
0.26530978	HGNC:29456	MONDO:0010592	biolink:gene_associated_with_condition	0
0.41631854	HGNC:29456	MONDO:0800026	biolink:gene_associated_with_condition	0
0.7756795	HGNC:16197	MONDO:0012689	biolink:causes	0
0.038186148	HGNC:15979	MONDO:0014040	biolink:causes	0
0.59440684	HGNC:15979	MONDO:0011765	biolink:causes	0
0.012536583	HGNC:15979	MONDO:0032575	biolink:causes	0
0.25360197	HGNC:12016	MONDO:0010510	biolink:causes	0
0.6008539	HGNC:25751	MONDO:0014984	biolink:gene_associated_with_condition	0
0.42058402	HGNC:25751	MONDO:0014386	biolink:gene_associated_with_condition	0
0.20159015	HGNC:25751	MONDO:0013587	biolink:gene_associated_with_condition	0
0.46423668	HGNC:25980	MONDO:0014244	biolink:causes	0
0.59411085	HGNC:25481	MONDO:0010483	biolink:gene_associated_with_condition	0
0.5377171	HGNC:17341	MONDO:0015096	biolink:causes	0
0.8542825	HGNC:17341	MONDO:0024557	biolink:gene_associated_with_condition	0
0.566008	HGNC:17341	MONDO:0032721	biolink:gene_associated_with_condition	0
0.62877846	HGNC:17341	MONDO:0044319	biolink:gene_associated_with_condition	0
0.01833198	HGNC:17341	MONDO:0012883	biolink:gene_associated_with_condition	0
0.7009913	HGNC:17341	MONDO:0032583	biolink:causes	0
0.017158542	HGNC:17341	MONDO:0014057	biolink:causes	0
0.34000877	HGNC:18083	MONDO:0009505	biolink:causes	0
0.852405	HGNC:18083	MONDO:0013288	biolink:gene_associated_with_condition	0
0.00595145	HGNC:18083	MONDO:0014425	biolink:causes	0
0.71152586	HGNC:18083	MONDO:0008310	biolink:gene_associated_with_condition	0
0.84255284	HGNC:18083	MONDO:0014574	biolink:gene_associated_with_condition	0
0.2006088	HGNC:1268	MONDO:0012221	biolink:gene_associated_with_condition	0
0.14645696	HGNC:1268	MONDO:0009215	biolink:causes	0
0.0077500273	HGNC:1268	MONDO:0013032	biolink:causes	0
0.77938384	HGNC:19750	MONDO:0007922	biolink:causes	0
0.40612307	HGNC:19750	MONDO:0009339	biolink:causes	0
0.04080529	HGNC:12404	MONDO:0013032	biolink:gene_associated_with_condition	0
0.5445315	HGNC:12406	MONDO:0013624	biolink:causes	0
0.030391252	HGNC:24071	MONDO:0016703	biolink:causes	0
0.007881306	HGNC:24071	MONDO:0014494	biolink:causes	0
0.5845205	HGNC:18127	MONDO:0010465	biolink:causes	0
0.48753804	HGNC:18127	MONDO:0032822	biolink:causes	0
0.1361145	HGNC:12450	MONDO:0013487	biolink:gene_associated_with_condition	0
0.43455365	HGNC:13478	MONDO:0012004	biolink:causes	0
0.6451248	HGNC:25792	MONDO:0018598	biolink:gene_associated_with_condition	0
0.2505661	HGNC:12601	MONDO:0014637	biolink:causes	0
0.30754372	HGNC:12601	MONDO:0020506	biolink:causes	0
0.29069605	HGNC:12601	MONDO:0007380	biolink:causes	0
0.25186497	HGNC:12632	MONDO:0009867	biolink:gene_associated_with_condition	0
0.5288897	HGNC:12643	MONDO:0008722	biolink:causes	0
0.69975555	HGNC:15511	MONDO:0060549	biolink:causes	0
0.012224997	HGNC:21642	MONDO:0016308	biolink:gene_associated_with_condition	0
0.8973513	HGNC:12726	MONDO:0007922	biolink:gene_associated_with_condition	0
0.23812626	HGNC:16461	MONDO:0010911	biolink:causes	0
0.6857453	HGNC:16461	MONDO:0013352	biolink:causes	0
0.8794115	HGNC:13831	MONDO:0007451	biolink:gene_associated_with_condition	0
0.24265765	HGNC:12783	MONDO:0957577	biolink:gene_associated_with_condition	0
0.6642533	HGNC:12783	MONDO:0032741	biolink:causes	0
0.7371031	HGNC:12783	MONDO:0012041	biolink:gene_associated_with_condition	0
0.04639324	HGNC:12828	MONDO:0010606	biolink:causes	0
0.66591054	HGNC:16262	MONDO:0009504	biolink:gene_associated_with_condition	0
0.03774507	HGNC:24877	MONDO:0971016	biolink:gene_associated_with_condition	0
0.59092355	HGNC:16700	MONDO:0007875	biolink:causes	0
0.64704794	HGNC:16700	MONDO:0030072	biolink:causes	0
0.20864618	HGNC:16700	MONDO:0042979	biolink:causes	0
0.028133338	HGNC:16700	MONDO:0008705	biolink:causes	0
0.42937335	HGNC:16700	MONDO:0014392	biolink:causes	0
0.59932184	HGNC:12873	MONDO:0008377	biolink:gene_associated_with_condition	0
0.50504494	HGNC:12873	MONDO:0957270	biolink:gene_associated_with_condition	0
0.49359566	HGNC:12927	MONDO:0032849	biolink:causes	0
0.31487712	HGNC:12927	MONDO:0008019	biolink:causes	0
0.46121347	HGNC:12927	MONDO:0008399	biolink:causes	0
0.13551725	HGNC:12771	MONDO:0016163	biolink:causes	0
0.44377056	HGNC:11935	MONDO:0020512	biolink:gene_associated_with_condition	0
0.71541816	HGNC:1698	MONDO:0011633	biolink:causes	0
0.039203305	HGNC:1762	MONDO:0013198	biolink:causes	0
0.6736295	HGNC:1750	MONDO:0013634	biolink:causes	0
0.60082597	HGNC:1750	MONDO:0011143	biolink:causes	0
0.67723775	HGNC:1777	MONDO:0010477	biolink:causes	0
0.58551776	HGNC:1802	MONDO:0034106	biolink:causes	0
0.61593115	HGNC:1802	MONDO:0009050	biolink:causes	0
0.100497566	HGNC:1848	MONDO:0014741	biolink:causes	0
0.65166634	HGNC:21638	MONDO:0018598	biolink:gene_associated_with_condition	0
0.7897404	HGNC:21638	MONDO:0016356	biolink:gene_associated_with_condition	0
0.5682186	HGNC:21638	MONDO:0014093	biolink:gene_associated_with_condition	0
0.7316732	HGNC:21699	MONDO:0010758	biolink:causes	0
0.43002793	HGNC:1919	MONDO:0032868	biolink:gene_associated_with_condition	0
0.7530075	HGNC:20626	MONDO:0008818	biolink:causes	0
0.3417266	HGNC:1938	MONDO:0012004	biolink:causes	0
0.7271563	HGNC:1940	MONDO:0015353	biolink:causes	0
0.37305596	HGNC:1966	MONDO:0012368	biolink:causes	0
0.6910962	HGNC:1966	MONDO:0008377	biolink:causes	0
0.60747355	HGNC:1966	MONDO:0013276	biolink:causes	0
0.04539672	HGNC:1966	MONDO:0017683	biolink:causes	0
0.0024449527	HGNC:16999	MONDO:0013002	biolink:gene_associated_with_condition	0
0.77146727	HGNC:13830	MONDO:0011445	biolink:gene_associated_with_condition	0
0.009721211	HGNC:29932	MONDO:0014783	biolink:gene_associated_with_condition	0
0.59758437	HGNC:29932	MONDO:0004951	biolink:gene_associated_with_condition	0
0.28791553	HGNC:29932	MONDO:0007288	biolink:gene_associated_with_condition	0
0.18579704	HGNC:18619	MONDO:0011935	biolink:causes	0
0.65622497	HGNC:2206	MONDO:0013912	biolink:causes	0
0.65845734	HGNC:2206	MONDO:0017241	biolink:causes	0
0.7984616	HGNC:2212	MONDO:0013634	biolink:gene_associated_with_condition	0
0.70369637	HGNC:2212	MONDO:0017176	biolink:gene_associated_with_condition	0
0.010717625	HGNC:2219	MONDO:0012946	biolink:causes	0
0.7496238	HGNC:2219	MONDO:0013533	biolink:causes	0
0.8881396	HGNC:2219	MONDO:0031481	biolink:causes	0
0.7737353	HGNC:2219	MONDO:0017402	biolink:causes	0
0.8358983	HGNC:2219	MONDO:0018443	biolink:causes	0
0.55050594	HGNC:2195	MONDO:0033200	biolink:causes	0
0.49371222	HGNC:2195	MONDO:0008854	biolink:causes	0
0.74564236	HGNC:2336	MONDO:0020316	biolink:causes	0
0.3603233	HGNC:2343	MONDO:0958071	biolink:causes	0
0.357588	HGNC:2359	MONDO:0014637	biolink:gene_associated_with_condition	0
0.44094554	HGNC:2359	MONDO:0020715	biolink:gene_associated_with_condition	0
0.174221	HGNC:2359	MONDO:0008854	biolink:gene_associated_with_condition	0
0.3442102	HGNC:2359	MONDO:0029134	biolink:gene_associated_with_condition	0
0.5685895	HGNC:37276	MONDO:0014545	biolink:causes	0
0.061877947	HGNC:2410	MONDO:0007922	biolink:gene_associated_with_condition	0
0.0752887	HGNC:2410	MONDO:0009804	biolink:gene_associated_with_condition	0
0.52209693	HGNC:2433	MONDO:0011998	biolink:causes	0
0.59335524	HGNC:26193	MONDO:0013800	biolink:causes	0
0.051090907	HGNC:26047	MONDO:0011285	biolink:causes	0
0.40301234	HGNC:26047	MONDO:0013570	biolink:gene_associated_with_condition	0
0.009723341	HGNC:2505	MONDO:0030366	biolink:gene_associated_with_condition	0
0.3587781	HGNC:2505	MONDO:0012868	biolink:gene_associated_with_condition	0
0.8794591	HGNC:2505	MONDO:0014343	biolink:gene_associated_with_condition	0
0.47098896	HGNC:2518	MONDO:0015519	biolink:causes	0
0.63336074	HGNC:2590	MONDO:0018023	biolink:causes	0
0.6620035	HGNC:25536	MONDO:0017173	biolink:causes	0
0.08484023	HGNC:25536	MONDO:0014853	biolink:causes	0
0.29173157	HGNC:24891	MONDO:0012287	biolink:causes	0
0.50344646	HGNC:25784	MONDO:0032746	biolink:causes	0
0.009198308	HGNC:25784	MONDO:0012803	biolink:causes	0
0.1685596	HGNC:18141	MONDO:0018332	biolink:gene_associated_with_condition	0
0.5312625	HGNC:18141	MONDO:0032868	biolink:causes	0
0.24966304	HGNC:19714	MONDO:0013301	biolink:gene_associated_with_condition	0
0.58204234	HGNC:20603	MONDO:0014343	biolink:causes	0
0.6166582	HGNC:18018	MONDO:0007922	biolink:causes	0
0.3409931	HGNC:17098	MONDO:0020849	biolink:causes	0
0.8306376	HGNC:2907	MONDO:0012039	biolink:gene_associated_with_condition	0
0.43791804	HGNC:2907	MONDO:0012287	biolink:gene_associated_with_condition	0
0.7540257	HGNC:2907	MONDO:0014866	biolink:gene_associated_with_condition	0
0.15613584	HGNC:28662	MONDO:0012904	biolink:causes	0
0.36209503	HGNC:3004	MONDO:0008393	biolink:causes	0
0.12606446	HGNC:24270	MONDO:0013587	biolink:causes	0
0.70697576	HGNC:24270	MONDO:0024552	biolink:causes	0
0.40993637	HGNC:3052	MONDO:0007740	biolink:causes	0
0.7392876	HGNC:3052	MONDO:0060704	biolink:causes	0
0.7244262	HGNC:3052	MONDO:0007052	biolink:gene_associated_with_condition	0
0.84147865	HGNC:3084	MONDO:0020745	biolink:causes	0
0.94641894	HGNC:3133	MONDO:0014343	biolink:gene_associated_with_condition	0
0.6813301	HGNC:3133	MONDO:0007943	biolink:gene_associated_with_condition	0
0.00504822	HGNC:26114	MONDO:0030905	biolink:causes	0
0.7865853	HGNC:3179	MONDO:0010600	biolink:contributes_to	0
0.50263107	HGNC:3179	MONDO:0044651	biolink:gene_associated_with_condition	0
0.529667	HGNC:3259	MONDO:0009841	biolink:gene_associated_with_condition	0
0.57502306	HGNC:3259	MONDO:0012594	biolink:gene_associated_with_condition	0
0.76376045	HGNC:3259	MONDO:0014343	biolink:gene_associated_with_condition	0
0.040988173	HGNC:3259	MONDO:0017947	biolink:gene_associated_with_condition	0
0.30570835	HGNC:3259	MONDO:0009064	biolink:gene_associated_with_condition	0
0.7211388	HGNC:3259	MONDO:0012859	biolink:gene_associated_with_condition	0
0.5439076	HGNC:18683	MONDO:0957388	biolink:causes	0
0.21622251	HGNC:18683	MONDO:0800026	biolink:causes	0
0.016523233	HGNC:18683	MONDO:0044617	biolink:causes	0
0.9159391	HGNC:28957	MONDO:0014343	biolink:gene_associated_with_condition	0
0.71238947	HGNC:3386	MONDO:0014290	biolink:causes	0
0.6472153	HGNC:3386	MONDO:0007338	biolink:causes	0
0.20013604	HGNC:3424	MONDO:0975757	biolink:causes	0
0.035976738	HGNC:3424	MONDO:0009360	biolink:causes	0
0.22473252	HGNC:3435	MONDO:0011335	biolink:causes	0
0.6196126	HGNC:3435	MONDO:0971176	biolink:causes	0
0.63444865	HGNC:19747	MONDO:0026733	biolink:gene_associated_with_condition	0
0.68117505	HGNC:19747	MONDO:0032630	biolink:gene_associated_with_condition	0
0.8573194	HGNC:19747	MONDO:0012123	biolink:gene_associated_with_condition	0
0.6359894	MONDO:0000902	HGNC:17085	biolink:causes	0
0.7772809	MONDO:0000908	HGNC:10303	biolink:gene_associated_with_condition	0
0.8472324	MONDO:0000908	HGNC:7897	biolink:gene_associated_with_condition	0
0.7767831	MONDO:0007068	HGNC:7154	biolink:causes	0
0.030386588	MONDO:0007068	HGNC:387	biolink:gene_associated_with_condition	0
0.58571154	MONDO:0007311	HGNC:68	biolink:causes	0
0.02620169	MONDO:0007361	HGNC:8101	biolink:causes	0
0.011121514	MONDO:0007361	HGNC:12261	biolink:causes	0
0.13706905	MONDO:0007377	HGNC:11998	biolink:gene_associated_with_condition	0
0.05609915	MONDO:0007377	HGNC:2001	biolink:causes	0
0.37889335	MONDO:0007445	HGNC:26222	biolink:causes	0
0.7631976	MONDO:0007485	HGNC:2514	biolink:gene_associated_with_condition	0
0.3767467	MONDO:0007485	HGNC:17019	biolink:causes	0
0.6696436	MONDO:0007524	HGNC:3049	biolink:causes	0
0.7207053	MONDO:0007524	HGNC:29250	biolink:causes	0
0.55514	MONDO:0007524	HGNC:10004	biolink:causes	0
0.30954072	MONDO:0007524	HGNC:3583	biolink:causes	0
0.55210257	MONDO:0007524	HGNC:6973	biolink:causes	0
0.7771103	MONDO:0007574	HGNC:1044	biolink:gene_associated_with_condition	0
0.54114676	MONDO:0007648	HGNC:4198	biolink:causes	0
0.011756865	MONDO:0007677	HGNC:5246	biolink:causes	0
0.4788969	MONDO:0007681	HGNC:10019	biolink:causes	0
0.183768	MONDO:0007740	HGNC:20091	biolink:causes	0
0.60542387	MONDO:0007740	HGNC:10258	biolink:causes	0
0.71207434	MONDO:0007740	HGNC:9879	biolink:causes	0
0.5926376	MONDO:0007740	HGNC:1754	biolink:causes	0
0.7653866	MONDO:0007740	HGNC:3600	biolink:gene_associated_with_condition	0
0.2331937	MONDO:0007740	HGNC:27302	biolink:gene_associated_with_condition	0
0.40993637	MONDO:0007740	HGNC:3052	biolink:causes	0
0.44569835	MONDO:0007792	HGNC:9312	biolink:gene_associated_with_condition	0
0.5831699	MONDO:0007797	HGNC:11100	biolink:causes	0
0.602146	MONDO:0007797	HGNC:10345	biolink:causes	0
0.20679662	MONDO:0007838	HGNC:26684	biolink:causes	0
0.65259737	MONDO:0007895	HGNC:1301	biolink:causes	0
0.18704371	MONDO:0007931	HGNC:951	biolink:causes	0
0.46118677	MONDO:0007943	HGNC:4799	biolink:causes	0
0.5352842	MONDO:0007943	HGNC:8108	biolink:gene_associated_with_condition	0
0.6813301	MONDO:0007943	HGNC:3133	biolink:gene_associated_with_condition	0
0.629957	MONDO:0007949	HGNC:10484	biolink:gene_associated_with_condition	0
0.69953823	MONDO:0007949	HGNC:9922	biolink:gene_associated_with_condition	0
0.48239368	MONDO:0007949	HGNC:25808	biolink:causes	0
0.7895228	MONDO:0007949	HGNC:18550	biolink:causes	0
0.39834088	MONDO:0007949	HGNC:26144	biolink:contributes_to	0
0.5932065	MONDO:0007949	HGNC:10889	biolink:gene_associated_with_condition	0
0.81455183	MONDO:0007958	HGNC:11795	biolink:causes	0
0.76541024	MONDO:0008000	HGNC:2578	biolink:causes	0
0.52592033	MONDO:0008018	HGNC:12651	biolink:causes	0
0.73021924	MONDO:0008018	HGNC:3393	biolink:contributes_to	0
0.49741173	MONDO:0008048	HGNC:6633	biolink:causes	0
0.2026474	MONDO:0008087	HGNC:987	biolink:gene_associated_with_condition	0
0.34757686	MONDO:0008087	HGNC:8657	biolink:causes	0
0.6823339	MONDO:0008134	HGNC:379	biolink:causes	0
0.24140024	MONDO:0008179	HGNC:1162	biolink:causes	0
0.49682465	MONDO:0008179	HGNC:9008	biolink:gene_associated_with_condition	0
0.26156995	MONDO:0008179	HGNC:11301	biolink:causes	0
0.54200494	MONDO:0008201	HGNC:21020	biolink:gene_associated_with_condition	0
0.0567326	MONDO:0008210	HGNC:16171	biolink:causes	0
0.80533904	MONDO:0008234	HGNC:9670	biolink:causes	0
0.75980866	MONDO:0008234	HGNC:47	biolink:causes	0
0.13739985	MONDO:0008234	HGNC:26383	biolink:causes	0
0.57119733	MONDO:0008246	HGNC:12630	biolink:causes	0
0.73526	MONDO:0008377	HGNC:4162	biolink:causes	0
0.85739934	MONDO:0008377	HGNC:5006	biolink:causes	0
0.56420106	MONDO:0008377	HGNC:23045	biolink:causes	0
0.7311912	MONDO:0008377	HGNC:7450	biolink:gene_associated_with_condition	0
0.6552377	MONDO:0008377	HGNC:22448	biolink:causes	0
0.6988288	MONDO:0008377	HGNC:8617	biolink:causes	0
0.7063088	MONDO:0008377	HGNC:25686	biolink:causes	0
0.8585724	MONDO:0008377	HGNC:983	biolink:gene_associated_with_condition	0
0.55082595	MONDO:0008377	HGNC:9970	biolink:gene_associated_with_condition	0
0.6039332	MONDO:0008377	HGNC:10298	biolink:causes	0
0.78102964	MONDO:0008377	HGNC:20323	biolink:causes	0
0.8578733	MONDO:0008377	HGNC:1529	biolink:causes	0
0.76496977	MONDO:0008377	HGNC:11195	biolink:gene_associated_with_condition	0
0.8422593	MONDO:0008377	HGNC:12373	biolink:gene_associated_with_condition	0
0.6940228	MONDO:0008377	HGNC:26262	biolink:gene_associated_with_condition	0
0.71586907	MONDO:0008377	HGNC:29594	biolink:causes	0
0.78677243	MONDO:0008377	HGNC:23595	biolink:gene_associated_with_condition	0
0.74028975	MONDO:0008377	HGNC:12774	biolink:gene_associated_with_condition	0
0.83418643	MONDO:0008377	HGNC:24931	biolink:gene_associated_with_condition	0
0.724555	MONDO:0008377	HGNC:16783	biolink:gene_associated_with_condition	0
0.8205313	MONDO:0008377	HGNC:236	biolink:causes	0
0.78359646	MONDO:0008377	HGNC:4516	biolink:causes	0
0.7648956	MONDO:0008377	HGNC:3754	biolink:causes	0
0.5969165	MONDO:0008377	HGNC:29682	biolink:causes	0
0.8481194	MONDO:0008377	HGNC:29670	biolink:gene_associated_with_condition	0
0.83810633	MONDO:0008377	HGNC:6081	biolink:causes	0
0.8680081	MONDO:0008377	HGNC:757	biolink:gene_associated_with_condition	0
0.6588385	MONDO:0008377	HGNC:6893	biolink:gene_associated_with_condition	0
0.86115545	MONDO:0008377	HGNC:7744	biolink:contributes_to	0
0.79986763	MONDO:0008377	HGNC:18591	biolink:causes	0
0.8460575	MONDO:0008377	HGNC:28993	biolink:causes	0
0.7095943	MONDO:0008377	HGNC:30889	biolink:causes	0
0.6967571	MONDO:0008377	HGNC:13222	biolink:causes	0
0.7007557	MONDO:0008377	HGNC:9879	biolink:causes	0
0.49512163	MONDO:0008377	HGNC:29187	biolink:causes	0
0.7549806	MONDO:0008377	HGNC:1539	biolink:gene_associated_with_condition	0
0.8095724	MONDO:0008377	HGNC:28261	biolink:causes	0
0.8520009	MONDO:0008377	HGNC:11998	biolink:gene_associated_with_condition	0
0.5841032	MONDO:0008377	HGNC:2379	biolink:causes	0
0.83500916	MONDO:0008377	HGNC:3662	biolink:gene_associated_with_condition	0
0.79875857	MONDO:0008377	HGNC:3694	biolink:gene_associated_with_condition	0
0.6215058	MONDO:0008377	HGNC:10378	biolink:causes	0
0.6589352	MONDO:0008377	HGNC:8029	biolink:causes	0
0.73044294	MONDO:0008377	HGNC:23213	biolink:gene_associated_with_condition	0
0.63865936	MONDO:0008377	HGNC:9386	biolink:gene_associated_with_condition	0
0.6237609	MONDO:0008377	HGNC:9864	biolink:gene_associated_with_condition	0
0.60323256	MONDO:0008377	HGNC:10593	biolink:causes	0
0.5176916	MONDO:0008377	HGNC:8941	biolink:gene_associated_with_condition	0
0.79112065	MONDO:0008377	HGNC:11179	biolink:causes	0
0.54064035	MONDO:0008377	HGNC:11301	biolink:gene_associated_with_condition	0
0.90968406	MONDO:0008377	HGNC:16035	biolink:causes	0
0.5672629	MONDO:0008377	HGNC:11949	biolink:gene_associated_with_condition	0
0.59932184	MONDO:0008377	HGNC:12873	biolink:gene_associated_with_condition	0
0.6910962	MONDO:0008377	HGNC:1966	biolink:causes	0
0.5591325	MONDO:0008377	HGNC:19124	biolink:gene_associated_with_condition	0
0.80813414	MONDO:0008377	HGNC:18625	biolink:causes	0
0.59146184	MONDO:0008377	HGNC:4887	biolink:gene_associated_with_condition	0
0.7855309	MONDO:0008377	HGNC:5248	biolink:causes	0
0.5304158	MONDO:0008377	HGNC:5439	biolink:gene_associated_with_condition	0
0.959164	MONDO:0008377	HGNC:29077	biolink:contributes_to	0
0.4000629	MONDO:0008377	HGNC:6619	biolink:gene_associated_with_condition	0
0.7206433	MONDO:0008377	HGNC:1968	biolink:causes	0
0.58900154	MONDO:0008377	HGNC:19691	biolink:gene_associated_with_condition	0
0.72652984	MONDO:0008377	HGNC:7176	biolink:causes	0
0.5756933	MONDO:0008377	HGNC:7545	biolink:gene_associated_with_condition	0
0.96674705	MONDO:0008377	HGNC:26257	biolink:contributes_to	0
0.71541214	MONDO:0008377	HGNC:25415	biolink:causes	0
0.44334692	MONDO:0008377	HGNC:11019	biolink:gene_associated_with_condition	0
0.65745467	MONDO:0008377	HGNC:11368	biolink:causes	0
0.68844527	MONDO:0008377	HGNC:11720	biolink:causes	0
0.5548981	MONDO:0008377	HGNC:11771	biolink:causes	0
0.6737156	MONDO:0008377	HGNC:11776	biolink:gene_associated_with_condition	0
0.8360487	MONDO:0008377	HGNC:12687	biolink:gene_associated_with_condition	0
0.71540827	MONDO:0008377	HGNC:15516	biolink:gene_associated_with_condition	0
0.8194582	MONDO:0008377	HGNC:12877	biolink:gene_associated_with_condition	0
0.78216964	MONDO:0008377	HGNC:2988	biolink:gene_associated_with_condition	0
0.5285881	MONDO:0008426	HGNC:17944	biolink:causes	0
0.9918439	MONDO:0008426	HGNC:3327	biolink:causes	0
0.6274693	MONDO:0008426	HGNC:11311	biolink:gene_associated_with_condition	0
0.7574952	MONDO:0008426	HGNC:11530	biolink:gene_associated_with_condition	0
0.55547523	MONDO:0008426	HGNC:3583	biolink:causes	0
0.64816856	MONDO:0008426	HGNC:823	biolink:causes	0
0.72122085	MONDO:0008437	HGNC:2528	biolink:causes	0
0.7888371	MONDO:0008437	HGNC:17993	biolink:causes	0
0.47830555	MONDO:0008476	HGNC:6342	biolink:gene_associated_with_condition	0
0.42123392	MONDO:0008644	HGNC:3816	biolink:causes	0
0.086536124	MONDO:0008644	HGNC:8996	biolink:causes	0
0.46157217	MONDO:0008673	HGNC:7693	biolink:causes	0
0.34678698	MONDO:0008673	HGNC:29873	biolink:causes	0
0.6035152	MONDO:0008673	HGNC:3005	biolink:gene_associated_with_condition	0
0.5932425	MONDO:0008673	HGNC:4593	biolink:gene_associated_with_condition	0
0.031751152	MONDO:0008673	HGNC:14469	biolink:gene_associated_with_condition	0
0.46763563	MONDO:0008678	HGNC:9722	biolink:gene_associated_with_condition	0
0.090831935	MONDO:0008678	HGNC:39080	biolink:contributes_to	0
0.2232411	MONDO:0008678	HGNC:15021	biolink:causes	0
0.020425862	MONDO:0008678	HGNC:23094	biolink:causes	0
0.77564627	MONDO:0008678	HGNC:9091	biolink:causes	0
0.5702346	MONDO:0008701	HGNC:3508	biolink:gene_associated_with_condition	0
0.05033551	MONDO:0008705	HGNC:19263	biolink:causes	0
0.021598795	MONDO:0008705	HGNC:16709	biolink:causes	0
0.028133338	MONDO:0008705	HGNC:16700	biolink:causes	0
0.6770497	MONDO:0008713	HGNC:10979	biolink:causes	0
0.1708555	MONDO:0008734	HGNC:11100	biolink:gene_associated_with_condition	0
0.63534766	MONDO:0008772	HGNC:1965	biolink:causes	0
0.8763474	MONDO:0008834	HGNC:4379	biolink:gene_associated_with_condition	0
0.3565494	MONDO:0008872	HGNC:9940	biolink:gene_associated_with_condition	0
0.32501346	MONDO:0008885	HGNC:4689	biolink:causes	0
0.6929577	MONDO:0008885	HGNC:888	biolink:causes	0
0.2950318	MONDO:0008963	HGNC:4922	biolink:causes	0
0.1849516	MONDO:0008963	HGNC:16783	biolink:causes	0
0.46377376	MONDO:0009052	HGNC:3816	biolink:causes	0
0.76064116	MONDO:0009052	HGNC:13243	biolink:causes	0
0.30570835	MONDO:0009064	HGNC:3259	biolink:gene_associated_with_condition	0
0.75305027	MONDO:0009069	HGNC:3356	biolink:causes	0
0.26011384	MONDO:0009079	HGNC:25839	biolink:gene_associated_with_condition	0
0.76893723	MONDO:0009079	HGNC:8804	biolink:causes	0
0.9234242	MONDO:0009079	HGNC:15516	biolink:gene_associated_with_condition	0
0.41026145	MONDO:0009091	HGNC:4189	biolink:gene_associated_with_condition	0
0.2810052	MONDO:0009104	HGNC:25355	biolink:gene_associated_with_condition	0
0.16730255	MONDO:0009104	HGNC:34519	biolink:causes	0
0.52248114	MONDO:0009109	HGNC:10023	biolink:causes	0
0.35973254	MONDO:0009109	HGNC:10593	biolink:causes	0
0.38304818	MONDO:0009113	HGNC:613	biolink:contributes_to	0
0.24195541	MONDO:0009113	HGNC:10256	biolink:causes	0
0.27608648	MONDO:0009140	HGNC:164	biolink:causes	0
0.23966315	MONDO:0009140	HGNC:26219	biolink:gene_associated_with_condition	0
0.077616595	MONDO:0009140	HGNC:19104	biolink:causes	0
0.519096	MONDO:0009194	HGNC:11522	biolink:gene_associated_with_condition	0
0.8485068	MONDO:0009211	HGNC:1606	biolink:contributes_to	0
0.4300482	MONDO:0009211	HGNC:13886	biolink:causes	0
0.51767695	MONDO:0009215	HGNC:1044	biolink:causes	0
0.51735884	MONDO:0009215	HGNC:10896	biolink:causes	0
0.41133067	MONDO:0009215	HGNC:24552	biolink:gene_associated_with_condition	0
0.14645696	MONDO:0009215	HGNC:1268	biolink:causes	0
0.56054175	MONDO:0009215	HGNC:20908	biolink:causes	0
0.22188966	MONDO:0009265	HGNC:19189	biolink:causes	0
0.06870447	MONDO:0009265	HGNC:24576	biolink:causes	0
0.5502425	MONDO:0009306	HGNC:16873	biolink:gene_associated_with_condition	0
0.67396027	MONDO:0009306	HGNC:9967	biolink:contributes_to	0
0.33879238	MONDO:0009306	HGNC:25326	biolink:causes	0
0.3988304	MONDO:0009306	HGNC:30860	biolink:causes	0
0.3386885	MONDO:0009339	HGNC:26239	biolink:causes	0
0.35424358	MONDO:0009339	HGNC:23302	biolink:causes	0
0.40612307	MONDO:0009339	HGNC:19750	biolink:causes	0
0.2190266	MONDO:0009359	HGNC:9330	biolink:gene_associated_with_condition	0
0.5322906	MONDO:0009359	HGNC:5439	biolink:contributes_to	0
0.15188447	MONDO:0009380	HGNC:10701	biolink:causes	0
0.10472908	MONDO:0009380	HGNC:3146	biolink:causes	0
0.527309	MONDO:0009406	HGNC:1366	biolink:causes	0
0.43271643	MONDO:0009406	HGNC:5961	biolink:causes	0
0.6054682	MONDO:0009414	HGNC:4042	biolink:causes	0
0.79912764	MONDO:0009414	HGNC:6636	biolink:causes	0
0.67396	MONDO:0009414	HGNC:4823	biolink:causes	0
0.37973726	MONDO:0009458	HGNC:20145	biolink:gene_associated_with_condition	0
0.64063597	MONDO:0009485	HGNC:16783	biolink:causes	0
0.18425293	MONDO:0009527	HGNC:6742	biolink:causes	0
0.76209754	MONDO:0009609	HGNC:6970	biolink:causes	0
0.7228596	MONDO:0009609	HGNC:6990	biolink:gene_associated_with_condition	0
0.42677933	MONDO:0009642	HGNC:6235	biolink:causes	0
0.57820106	MONDO:0009642	HGNC:23663	biolink:causes	0
0.22880875	MONDO:0009646	HGNC:3436	biolink:gene_associated_with_condition	0
0.5067001	MONDO:0009658	HGNC:18591	biolink:causes	0
0.6138483	MONDO:0009658	HGNC:11071	biolink:causes	0
0.47524095	MONDO:0009672	HGNC:3033	biolink:causes	0
0.46036014	MONDO:0009722	HGNC:8008	biolink:causes	0
0.8097658	MONDO:0009728	HGNC:2021	biolink:causes	0
0.79635024	MONDO:0009728	HGNC:939	biolink:causes	0
0.63950086	MONDO:0009737	HGNC:649	biolink:causes	0
0.8024454	MONDO:0009737	HGNC:19088	biolink:causes	0
0.8850352	MONDO:0009737	HGNC:7516	biolink:gene_associated_with_condition	0
0.09991647	MONDO:0009779	HGNC:32689	biolink:causes	0
0.6928391	MONDO:0009779	HGNC:14967	biolink:causes	0
0.38441277	MONDO:0009804	HGNC:29536	biolink:causes	0
0.5429057	MONDO:0009804	HGNC:1388	biolink:causes	0
0.47060385	MONDO:0009804	HGNC:5173	biolink:causes	0
0.5107364	MONDO:0009804	HGNC:11257	biolink:causes	0
0.0752887	MONDO:0009804	HGNC:2410	biolink:gene_associated_with_condition	0
0.10790503	MONDO:0009804	HGNC:4800	biolink:gene_associated_with_condition	0
0.6347293	MONDO:0009818	HGNC:6501	biolink:causes	0
0.4841284	MONDO:0009874	HGNC:177	biolink:gene_associated_with_condition	0
0.009587947	MONDO:0009891	HGNC:649	biolink:gene_associated_with_condition	0
0.8303927	MONDO:0009929	HGNC:4877	biolink:gene_associated_with_condition	0
0.54779047	MONDO:0009953	HGNC:2976	biolink:gene_associated_with_condition	0
0.6734639	MONDO:0009953	HGNC:25774	biolink:causes	0
0.54630697	MONDO:0009965	HGNC:3960	biolink:causes	0
0.29932216	MONDO:0009965	HGNC:2799	biolink:causes	0
0.73845935	MONDO:0009965	HGNC:4787	biolink:causes	0
0.3926106	MONDO:0009965	HGNC:1100	biolink:contributes_to	0
0.33682615	MONDO:0010013	HGNC:573	biolink:gene_associated_with_condition	0
0.4495534	MONDO:0010044	HGNC:13210	biolink:contributes_to	0
0.61100173	MONDO:0010044	HGNC:21099	biolink:causes	0
0.08603744	MONDO:0010056	HGNC:14469	biolink:gene_associated_with_condition	0
0.044571254	MONDO:0010086	HGNC:3702	biolink:causes	0
0.026557434	MONDO:0010086	HGNC:23302	biolink:causes	0
0.021319553	MONDO:0010086	HGNC:20917	biolink:causes	0
0.78287536	MONDO:0010184	HGNC:12831	biolink:causes	0
0.4366165	MONDO:0010188	HGNC:1514	biolink:contributes_to	0
0.6843578	MONDO:0010217	HGNC:6207	biolink:causes	0
0.16038771	MONDO:0010233	HGNC:15021	biolink:causes	0
0.74295515	MONDO:0010258	HGNC:8977	biolink:causes	0
0.64756024	MONDO:0010258	HGNC:4706	biolink:causes	0
0.38470894	MONDO:0010317	HGNC:11720	biolink:causes	0
0.78645456	MONDO:0010350	HGNC:11957	biolink:causes	0
0.7269832	MONDO:0010400	HGNC:2214	biolink:gene_associated_with_condition	0
0.47890964	MONDO:0010400	HGNC:12668	biolink:causes	0
0.41637075	MONDO:0010404	HGNC:7690	biolink:causes	0
0.023291072	MONDO:0010446	HGNC:30129	biolink:causes	0
0.04854625	MONDO:0010446	HGNC:12631	biolink:gene_associated_with_condition	0
0.59411085	MONDO:0010483	HGNC:25481	biolink:gene_associated_with_condition	0
0.7231477	MONDO:0010503	HGNC:19918	biolink:causes	0
0.12611674	MONDO:0010511	HGNC:4393	biolink:causes	0
0.4175124	MONDO:0010511	HGNC:4651	biolink:causes	0
0.6593523	MONDO:0010523	HGNC:21675	biolink:causes	0
0.7372447	MONDO:0010554	HGNC:10853	biolink:causes	0
0.03920923	MONDO:0010626	HGNC:12271	biolink:gene_associated_with_condition	0
0.63138	MONDO:0010626	HGNC:5056	biolink:gene_associated_with_condition	0
0.5123744	MONDO:0010631	HGNC:26784	biolink:causes	0
0.6992316	MONDO:0010631	HGNC:3098	biolink:causes	0
0.85415775	MONDO:0010631	HGNC:60	biolink:causes	0
0.816331	MONDO:0010655	HGNC:28583	biolink:causes	0
0.76064515	MONDO:0010655	HGNC:12011	biolink:causes	0
0.7592798	MONDO:0010655	HGNC:3756	biolink:causes	0
0.6314816	MONDO:0010659	HGNC:7154	biolink:causes	0
0.5235994	MONDO:0010659	HGNC:57	biolink:causes	0
0.3195014	MONDO:0010848	HGNC:16400	biolink:gene_associated_with_condition	0
0.7328374	MONDO:0010856	HGNC:10597	biolink:gene_associated_with_condition	0
0.5927241	MONDO:0010856	HGNC:7782	biolink:causes	0
0.71294516	MONDO:0010870	HGNC:8778	biolink:causes	0
0.53171366	MONDO:0010870	HGNC:6944	biolink:causes	0
0.6216181	MONDO:0010870	HGNC:7690	biolink:causes	0
0.3995832	MONDO:0010907	HGNC:7677	biolink:causes	0
0.27614963	MONDO:0010947	HGNC:4572	biolink:causes	0
0.4871707	MONDO:0010959	HGNC:4367	biolink:gene_associated_with_condition	0
0.3520341	MONDO:0010963	HGNC:5385	biolink:causes	0
0.24164131	MONDO:0010963	HGNC:1460	biolink:causes	0
0.1005689	MONDO:0010963	HGNC:9864	biolink:causes	0
0.2302439	MONDO:0010963	HGNC:13556	biolink:causes	0
0.75513965	MONDO:0011017	HGNC:7679	biolink:gene_associated_with_condition	0
0.737192	MONDO:0011017	HGNC:7945	biolink:causes	0
0.64494735	MONDO:0011017	HGNC:9052	biolink:gene_associated_with_condition	0
0.4320384	MONDO:0011017	HGNC:26532	biolink:gene_associated_with_condition	0
0.5660695	MONDO:0011017	HGNC:3438	biolink:causes	0
0.036154322	MONDO:0011017	HGNC:23094	biolink:causes	0
0.2699304	MONDO:0011017	HGNC:6308	biolink:causes	0
0.54294384	MONDO:0011136	HGNC:6207	biolink:gene_associated_with_condition	0
0.7322975	MONDO:0011184	HGNC:3098	biolink:causes	0
0.67359334	MONDO:0011184	HGNC:6081	biolink:causes	0
0.57987374	MONDO:0011184	HGNC:13867	biolink:causes	0
0.00270382	MONDO:0011226	HGNC:4162	biolink:gene_associated_with_condition	0
0.004085289	MONDO:0011226	HGNC:5331	biolink:contributes_to	0
0.004351539	MONDO:0011226	HGNC:11769	biolink:causes	0
0.01395533	MONDO:0011226	HGNC:15819	biolink:causes	0
0.002010638	MONDO:0011226	HGNC:12666	biolink:gene_associated_with_condition	0
0.06417954	MONDO:0011242	HGNC:18674	biolink:gene_associated_with_condition	0
0.5691767	MONDO:0011246	HGNC:16783	biolink:causes	0
0.36795208	MONDO:0011275	HGNC:7370	biolink:causes	0
0.6702901	MONDO:0011361	HGNC:7127	biolink:causes	0
0.3346967	MONDO:0011398	HGNC:3702	biolink:gene_associated_with_condition	0
0.7571816	MONDO:0011411	HGNC:33882	biolink:causes	0
0.86322737	MONDO:0011428	HGNC:6909	biolink:causes	0
0.15996316	MONDO:0011450	HGNC:30348	biolink:gene_associated_with_condition	0
0.15204097	MONDO:0011450	HGNC:28648	biolink:gene_associated_with_condition	0
0.15781355	MONDO:0011481	HGNC:1100	biolink:contributes_to	0
0.4214817	MONDO:0011489	HGNC:8487	biolink:causes	0
0.28321922	MONDO:0011493	HGNC:11494	biolink:gene_associated_with_condition	0
0.006593456	MONDO:0011523	HGNC:26208	biolink:causes	0
0.015367636	MONDO:0011547	HGNC:19316	biolink:causes	0
0.0067347363	MONDO:0011547	HGNC:9942	biolink:causes	0
0.38544914	MONDO:0011556	HGNC:143	biolink:causes	0
0.31458282	MONDO:0011556	HGNC:5154	biolink:gene_associated_with_condition	0
0.19114326	MONDO:0011556	HGNC:1884	biolink:causes	0
0.32361665	MONDO:0011556	HGNC:14539	biolink:contributes_to	0
0.097455226	MONDO:0011630	HGNC:13869	biolink:causes	0
0.32808143	MONDO:0011765	HGNC:28852	biolink:causes	0
0.32526472	MONDO:0011765	HGNC:2711	biolink:contributes_to	0
0.335972	MONDO:0011765	HGNC:21157	biolink:causes	0
0.59440684	MONDO:0011765	HGNC:15979	biolink:causes	0
0.057370745	MONDO:0011774	HGNC:11934	biolink:contributes_to	0
0.8702897	MONDO:0011783	HGNC:1044	biolink:gene_associated_with_condition	0
0.17645565	MONDO:0011783	HGNC:4217	biolink:causes	0
0.5553541	MONDO:0011819	HGNC:7103	biolink:gene_associated_with_condition	0
0.75158185	MONDO:0011823	HGNC:12463	biolink:gene_associated_with_condition	0
0.088616796	MONDO:0011837	HGNC:7744	biolink:gene_associated_with_condition	0
0.9336773	MONDO:0011907	HGNC:26837	biolink:causes	0
0.033737123	MONDO:0011932	HGNC:22197	biolink:gene_associated_with_condition	0
0.04351002	MONDO:0011932	HGNC:6893	biolink:gene_associated_with_condition	0
0.029375562	MONDO:0011971	HGNC:8582	biolink:gene_associated_with_condition	0
0.057519887	MONDO:0011984	HGNC:1541	biolink:causes	0
0.52209693	MONDO:0011998	HGNC:2433	biolink:causes	0
0.80886596	MONDO:0012039	HGNC:29350	biolink:causes	0
0.81393194	MONDO:0012039	HGNC:7569	biolink:gene_associated_with_condition	0
0.76297534	MONDO:0012039	HGNC:8778	biolink:causes	0
0.798397	MONDO:0012039	HGNC:757	biolink:gene_associated_with_condition	0
0.54549235	MONDO:0012039	HGNC:7675	biolink:gene_associated_with_condition	0
0.31857592	MONDO:0012039	HGNC:7601	biolink:causes	0
0.8306376	MONDO:0012039	HGNC:2907	biolink:gene_associated_with_condition	0
0.04240946	MONDO:0012043	HGNC:28949	biolink:causes	0
0.08632149	MONDO:0012043	HGNC:2260	biolink:causes	0
0.041259084	MONDO:0012043	HGNC:2909	biolink:causes	0
0.036781143	MONDO:0012043	HGNC:1093	biolink:gene_associated_with_condition	0
0.03100444	MONDO:0012080	HGNC:18762	biolink:causes	0
0.86596215	MONDO:0012092	HGNC:25835	biolink:causes	0
0.026524995	MONDO:0012092	HGNC:126	biolink:causes	0
0.5870944	MONDO:0012096	HGNC:2389	biolink:gene_associated_with_condition	0
0.6162511	MONDO:0012096	HGNC:29508	biolink:causes	0
0.68317866	MONDO:0012096	HGNC:10606	biolink:gene_associated_with_condition	0
0.7102221	MONDO:0012123	HGNC:1001	biolink:gene_associated_with_condition	0
0.8573194	MONDO:0012123	HGNC:19747	biolink:gene_associated_with_condition	0
0.6756504	MONDO:0012123	HGNC:11102	biolink:causes	0
0.08094728	MONDO:0012161	HGNC:2022	biolink:gene_associated_with_condition	0
0.640695	MONDO:0012165	HGNC:4392	biolink:causes	0
0.7533381	MONDO:0012190	HGNC:26527	biolink:causes	0
0.68429834	MONDO:0012222	HGNC:6742	biolink:causes	0
0.29173157	MONDO:0012287	HGNC:24891	biolink:causes	0
0.43791804	MONDO:0012287	HGNC:2907	biolink:gene_associated_with_condition	0
0.27664173	MONDO:0012287	HGNC:13664	biolink:causes	0
0.6562446	MONDO:0012295	HGNC:9282	biolink:causes	0
0.56512624	MONDO:0012295	HGNC:26708	biolink:causes	0
0.013805891	MONDO:0012299	HGNC:23785	biolink:gene_associated_with_condition	0
0.43212882	MONDO:0012348	HGNC:17327	biolink:causes	0
0.62256736	MONDO:0012381	HGNC:3686	biolink:causes	0
0.29606628	MONDO:0012410	HGNC:26821	biolink:causes	0
0.77463704	MONDO:0012434	HGNC:3219	biolink:causes	0
0.013363997	MONDO:0012442	HGNC:6973	biolink:causes	0
0.61462665	MONDO:0012483	HGNC:25221	biolink:gene_associated_with_condition	0
0.86133766	MONDO:0012520	HGNC:6770	biolink:causes	0
0.70915365	MONDO:0012520	HGNC:3087	biolink:causes	0
0.45354152	MONDO:0012520	HGNC:11771	biolink:causes	0
0.705598	MONDO:0012552	HGNC:2578	biolink:causes	0
0.53127027	MONDO:0012621	HGNC:124	biolink:causes	0
0.73566717	MONDO:0012621	HGNC:12565	biolink:causes	0
0.20216693	MONDO:0012621	HGNC:31704	biolink:causes	0
0.665896	MONDO:0012669	HGNC:7106	biolink:gene_associated_with_condition	0
0.71198106	MONDO:0012669	HGNC:9717	biolink:causes	0
0.26291218	MONDO:0012682	HGNC:11773	biolink:gene_associated_with_condition	0
0.013059447	MONDO:0012682	HGNC:20716	biolink:causes	0
0.8878994	MONDO:0012718	HGNC:19082	biolink:gene_associated_with_condition	0
0.761717	MONDO:0012718	HGNC:2760	biolink:causes	0
0.21979876	MONDO:0012726	HGNC:6005	biolink:gene_associated_with_condition	0
0.30839032	MONDO:0012734	HGNC:8028	biolink:causes	0
0.49827257	MONDO:0012734	HGNC:9280	biolink:causes	0
0.34849644	MONDO:0012738	HGNC:2973	biolink:gene_associated_with_condition	0
0.012095302	MONDO:0012786	HGNC:6207	biolink:gene_associated_with_condition	0
0.09155177	MONDO:0012786	HGNC:90	biolink:gene_associated_with_condition	0
0.045353737	MONDO:0012786	HGNC:8657	biolink:causes	0
0.02373757	MONDO:0012786	HGNC:12744	biolink:causes	0
0.009198308	MONDO:0012803	HGNC:25784	biolink:causes	0
0.0056038923	MONDO:0012803	HGNC:10588	biolink:causes	0
0.3712257	MONDO:0012847	HGNC:8565	biolink:causes	0
0.7822235	MONDO:0012859	HGNC:8999	biolink:causes	0
0.7602714	MONDO:0012859	HGNC:9811	biolink:gene_associated_with_condition	0
0.7578146	MONDO:0012859	HGNC:11005	biolink:gene_associated_with_condition	0
0.888399	MONDO:0012859	HGNC:4318	biolink:causes	0
0.7211388	MONDO:0012859	HGNC:3259	biolink:gene_associated_with_condition	0
0.013533453	MONDO:0012883	HGNC:12762	biolink:causes	0
0.008450871	MONDO:0012883	HGNC:7720	biolink:causes	0
0.01833198	MONDO:0012883	HGNC:17341	biolink:gene_associated_with_condition	0
0.04239748	MONDO:0012883	HGNC:4193	biolink:causes	0
0.045989845	MONDO:0012883	HGNC:7606	biolink:causes	0
0.05361198	MONDO:0012883	HGNC:24592	biolink:causes	0
0.68545705	MONDO:0012911	HGNC:3356	biolink:gene_associated_with_condition	0
0.037267026	MONDO:0012911	HGNC:19141	biolink:causes	0
0.5930379	MONDO:0012943	HGNC:3603	biolink:causes	0
0.77317554	MONDO:0012943	HGNC:9004	biolink:causes	0
0.724722	MONDO:0012943	HGNC:9498	biolink:gene_associated_with_condition	0
0.54861355	MONDO:0012979	HGNC:11005	biolink:gene_associated_with_condition	0
0.58784133	MONDO:0013028	HGNC:25941	biolink:gene_associated_with_condition	0
0.046658143	MONDO:0013032	HGNC:3416	biolink:causes	0
0.0077500273	MONDO:0013032	HGNC:1268	biolink:causes	0
0.04080529	MONDO:0013032	HGNC:12404	biolink:gene_associated_with_condition	0
0.60637295	MONDO:0013116	HGNC:17996	biolink:gene_associated_with_condition	0
0.29839915	MONDO:0013162	HGNC:29525	biolink:causes	0
0.67470634	MONDO:0013162	HGNC:11701	biolink:causes	0
0.7061291	MONDO:0013170	HGNC:620	biolink:gene_associated_with_condition	0
0.32470828	MONDO:0013178	HGNC:4707	biolink:gene_associated_with_condition	0
0.7594936	MONDO:0013178	HGNC:6305	biolink:causes	0
0.076051705	MONDO:0013198	HGNC:4868	biolink:causes	0
0.039203305	MONDO:0013198	HGNC:1762	biolink:causes	0
0.111676596	MONDO:0013236	HGNC:4868	biolink:causes	0
0.08534495	MONDO:0013236	HGNC:17151	biolink:causes	0
0.13068943	MONDO:0013236	HGNC:2200	biolink:causes	0
0.036967274	MONDO:0013244	HGNC:2411	biolink:gene_associated_with_condition	0
0.8778454	MONDO:0013256	HGNC:30497	biolink:gene_associated_with_condition	0
0.8856079	MONDO:0013256	HGNC:1181	biolink:gene_associated_with_condition	0
0.60747355	MONDO:0013276	HGNC:1966	biolink:causes	0
0.5816893	MONDO:0013301	HGNC:4948	biolink:contributes_to	0
0.24966304	MONDO:0013301	HGNC:19714	biolink:gene_associated_with_condition	0
0.3074905	MONDO:0013301	HGNC:9043	biolink:gene_associated_with_condition	0
0.6736344	MONDO:0013315	HGNC:6115	biolink:causes	0
0.8661768	MONDO:0013323	HGNC:1044	biolink:causes	0
0.57395476	MONDO:0013323	HGNC:11771	biolink:gene_associated_with_condition	0
0.6592669	MONDO:0013352	HGNC:7776	biolink:causes	0
0.6857453	MONDO:0013352	HGNC:16461	biolink:causes	0
0.8259029	MONDO:0013352	HGNC:3755	biolink:causes	0
0.9150886	MONDO:0013364	HGNC:3689	biolink:causes	0
0.49461564	MONDO:0013414	HGNC:329	biolink:gene_associated_with_condition	0
0.3692284	MONDO:0013414	HGNC:30074	biolink:gene_associated_with_condition	0
0.51370084	MONDO:0013431	HGNC:4177	biolink:causes	0
0.8257474	MONDO:0013431	HGNC:7945	biolink:causes	0
0.4248144	MONDO:0013469	HGNC:8654	biolink:gene_associated_with_condition	0
0.508126	MONDO:0013473	HGNC:8028	biolink:gene_associated_with_condition	0
0.5491775	MONDO:0013473	HGNC:53	biolink:causes	0
0.7227288	MONDO:0013536	HGNC:19316	biolink:causes	0
0.3537673	MONDO:0013664	HGNC:291	biolink:gene_associated_with_condition	0
0.5778588	MONDO:0013664	HGNC:9577	biolink:causes	0
0.0054634577	MONDO:0013685	HGNC:7392	biolink:gene_associated_with_condition	0
0.76153684	MONDO:0013718	HGNC:6343	biolink:causes	0
0.6322084	MONDO:0013718	HGNC:10600	biolink:causes	0
0.16870894	MONDO:0013743	HGNC:25839	biolink:gene_associated_with_condition	0
0.59097576	MONDO:0013767	HGNC:26239	biolink:causes	0
0.59335524	MONDO:0013800	HGNC:26193	biolink:causes	0
0.9562206	MONDO:0013800	HGNC:438	biolink:gene_associated_with_condition	0
0.65889114	MONDO:0013853	HGNC:6768	biolink:causes	0
0.6682525	MONDO:0013873	HGNC:16493	biolink:causes	0
0.68969905	MONDO:0013885	HGNC:11795	biolink:gene_associated_with_condition	0
0.77713346	MONDO:0013925	HGNC:7176	biolink:causes	0
0.63130814	MONDO:0013925	HGNC:9118	biolink:causes	0
0.21054319	MONDO:0013929	HGNC:1514	biolink:contributes_to	0
0.0034506675	MONDO:0013929	HGNC:3583	biolink:causes	0
0.70163053	MONDO:0013937	HGNC:7720	biolink:causes	0
0.114890404	MONDO:0013941	HGNC:24928	biolink:gene_associated_with_condition	0
0.7199884	MONDO:0013957	HGNC:6407	biolink:causes	0
0.6233904	MONDO:0013977	HGNC:19129	biolink:gene_associated_with_condition	0
0.60554165	MONDO:0014027	HGNC:7450	biolink:gene_associated_with_condition	0
0.58347297	MONDO:0014039	HGNC:29682	biolink:causes	0
0.554328	MONDO:0014039	HGNC:11957	biolink:gene_associated_with_condition	0
0.85867316	MONDO:0014132	HGNC:6814	biolink:gene_associated_with_condition	0
0.6072321	MONDO:0014132	HGNC:19317	biolink:causes	0
0.08079319	MONDO:0014152	HGNC:12373	biolink:gene_associated_with_condition	0
0.035400193	MONDO:0014217	HGNC:18884	biolink:gene_associated_with_condition	0
0.23487425	MONDO:0014217	HGNC:19358	biolink:causes	0
0.8624498	MONDO:0014221	HGNC:2244	biolink:causes	0
0.3166952	MONDO:0014225	HGNC:10593	biolink:causes	0
0.4569808	MONDO:0014274	HGNC:33939	biolink:causes	0
0.49067482	MONDO:0014282	HGNC:6217	biolink:gene_associated_with_condition	0
0.7580127	MONDO:0014282	HGNC:3767	biolink:causes	0
0.616455	MONDO:0014290	HGNC:1606	biolink:contributes_to	0
0.039263085	MONDO:0014290	HGNC:30788	biolink:causes	0
0.71238947	MONDO:0014290	HGNC:3386	biolink:causes	0
0.7973701	MONDO:0014302	HGNC:9608	biolink:causes	0
0.40529218	MONDO:0014338	HGNC:800	biolink:causes	0
0.59993833	MONDO:0014338	HGNC:2202	biolink:gene_associated_with_condition	0
0.08029984	MONDO:0014346	HGNC:18149	biolink:causes	0
0.11376532	MONDO:0014346	HGNC:9879	biolink:causes	0
0.8181316	MONDO:0014358	HGNC:4868	biolink:causes	0
0.8784611	MONDO:0014386	HGNC:2187	biolink:causes	0
0.90844995	MONDO:0014386	HGNC:1514	biolink:causes	0
0.42058402	MONDO:0014386	HGNC:25751	biolink:gene_associated_with_condition	0
0.29517797	MONDO:0014386	HGNC:17097	biolink:causes	0
0.42611304	MONDO:0014386	HGNC:6415	biolink:causes	0
0.6292836	MONDO:0014386	HGNC:14579	biolink:causes	0
0.48572254	MONDO:0014398	HGNC:20492	biolink:gene_associated_with_condition	0
0.5926455	MONDO:0014406	HGNC:7413	biolink:gene_associated_with_condition	0
0.51206845	MONDO:0014434	HGNC:17258	biolink:causes	0
0.49239108	MONDO:0014450	HGNC:9967	biolink:causes	0
0.6979659	MONDO:0014455	HGNC:9175	biolink:causes	0
0.6208603	MONDO:0014455	HGNC:10809	biolink:gene_associated_with_condition	0
0.28644454	MONDO:0014480	HGNC:6970	biolink:causes	0
0.26280695	MONDO:0014480	HGNC:1397	biolink:causes	0
0.4416784	MONDO:0014480	HGNC:3755	biolink:gene_associated_with_condition	0
0.29965863	MONDO:0014480	HGNC:23089	biolink:causes	0
0.6167469	MONDO:0014484	HGNC:11957	biolink:gene_associated_with_condition	0
0.44907394	MONDO:0014532	HGNC:1337	biolink:gene_associated_with_condition	0
0.5685895	MONDO:0014545	HGNC:37276	biolink:causes	0
0.50223875	MONDO:0014545	HGNC:19918	biolink:causes	0
0.58685356	MONDO:0014573	HGNC:8091	biolink:gene_associated_with_condition	0
0.6515305	MONDO:0014585	HGNC:3468	biolink:causes	0
0.8473785	MONDO:0014601	HGNC:819	biolink:gene_associated_with_condition	0
0.7453829	MONDO:0014646	HGNC:7437	biolink:gene_associated_with_condition	0
0.65527636	MONDO:0014670	HGNC:6439	biolink:gene_associated_with_condition	0
0.38481843	MONDO:0014670	HGNC:5286	biolink:causes	0
0.06683287	MONDO:0014682	HGNC:8849	biolink:causes	0
0.45480978	MONDO:0014686	HGNC:24525	biolink:causes	0
0.44532478	MONDO:0014686	HGNC:11182	biolink:gene_associated_with_condition	0
0.7051898	MONDO:0014686	HGNC:12299	biolink:gene_associated_with_condition	0
0.456885	MONDO:0014710	HGNC:8546	biolink:causes	0
0.69455147	MONDO:0014718	HGNC:9069	biolink:gene_associated_with_condition	0
0.8509862	MONDO:0014735	HGNC:3513	biolink:causes	0
0.5758138	MONDO:0014747	HGNC:7473	biolink:gene_associated_with_condition	0
0.79561734	MONDO:0014823	HGNC:29508	biolink:causes	0
0.5879264	MONDO:0014823	HGNC:6055	biolink:causes	0
0.7389367	MONDO:0014864	HGNC:24713	biolink:gene_associated_with_condition	0
0.55630493	MONDO:0014868	HGNC:1787	biolink:contributes_to	0
0.7023861	MONDO:0014868	HGNC:23212	biolink:gene_associated_with_condition	0
0.5331649	MONDO:0014945	HGNC:14255	biolink:gene_associated_with_condition	0
0.013294638	MONDO:0014970	HGNC:7461	biolink:gene_associated_with_condition	0
0.61263824	MONDO:0014995	HGNC:12511	biolink:gene_associated_with_condition	0
0.9148072	MONDO:0014995	HGNC:7944	biolink:causes	0
0.74966896	MONDO:0014995	HGNC:24592	biolink:causes	0
0.4697347	MONDO:0015003	HGNC:18084	biolink:causes	0
0.58121175	MONDO:0015003	HGNC:8940	biolink:causes	0
0.43879834	MONDO:0015007	HGNC:30171	biolink:causes	0
0.831367	MONDO:0015007	HGNC:28261	biolink:causes	0
0.030424852	MONDO:0015041	HGNC:573	biolink:gene_associated_with_condition	0
0.0303961	MONDO:0015041	HGNC:3689	biolink:gene_associated_with_condition	0
0.7271563	MONDO:0015353	HGNC:1940	biolink:causes	0
0.8942139	MONDO:0015353	HGNC:14107	biolink:causes	0
0.76236886	MONDO:0015520	HGNC:15455	biolink:causes	0
0.049660806	MONDO:0015555	HGNC:9986	biolink:causes	0
0.034776706	MONDO:0015597	HGNC:9181	biolink:causes	0
0.58472836	MONDO:0015786	HGNC:1529	biolink:gene_associated_with_condition	0
0.74291444	MONDO:0015793	HGNC:19191	biolink:gene_associated_with_condition	0
0.7508228	MONDO:0016002	HGNC:6391	biolink:gene_associated_with_condition	0
0.13551725	MONDO:0016163	HGNC:12771	biolink:causes	0
0.7624761	MONDO:0016216	HGNC:30074	biolink:gene_associated_with_condition	0
0.23513773	MONDO:0016216	HGNC:10961	biolink:gene_associated_with_condition	0
0.20772925	MONDO:0016216	HGNC:28506	biolink:gene_associated_with_condition	0
0.7897404	MONDO:0016356	HGNC:21638	biolink:gene_associated_with_condition	0
0.73364943	MONDO:0016356	HGNC:4241	biolink:gene_associated_with_condition	0
0.007917401	MONDO:0016573	HGNC:14530	biolink:causes	0
0.045401473	MONDO:0016573	HGNC:4799	biolink:causes	0
0.7845765	MONDO:0016579	HGNC:11480	biolink:causes	0
0.7737329	MONDO:0016579	HGNC:9577	biolink:causes	0
0.7227602	MONDO:0016579	HGNC:14415	biolink:causes	0
0.56909823	MONDO:0016589	HGNC:8548	biolink:causes	0
0.58653986	MONDO:0016621	HGNC:3754	biolink:gene_associated_with_condition	0
0.6139272	MONDO:0016780	HGNC:2211	biolink:gene_associated_with_condition	0
0.5932177	MONDO:0016833	HGNC:2528	biolink:causes	0
0.52790457	MONDO:0016833	HGNC:29043	biolink:causes	0
0.00066193304	MONDO:0017117	HGNC:15802	biolink:gene_associated_with_condition	0
0.61971617	MONDO:0017283	HGNC:19309	biolink:causes	0
0.3402628	MONDO:0017283	HGNC:7102	biolink:causes	0
0.17196025	MONDO:0017382	HGNC:6423	biolink:gene_associated_with_condition	0
0.0020559398	MONDO:0017389	HGNC:6174	biolink:gene_associated_with_condition	0
0.017902786	MONDO:0017389	HGNC:12572	biolink:gene_associated_with_condition	0
0.63331425	MONDO:0017729	HGNC:5385	biolink:causes	0
0.5362789	MONDO:0017811	HGNC:10295	biolink:causes	0
0.4950973	MONDO:0017811	HGNC:15578	biolink:causes	0
0.22812371	MONDO:0017844	HGNC:126	biolink:causes	0
0.45732173	MONDO:0017844	HGNC:8101	biolink:causes	0
0.025034389	MONDO:0017901	HGNC:4922	biolink:causes	0
0.012142959	MONDO:0017901	HGNC:2202	biolink:contributes_to	0
0.015795128	MONDO:0017906	HGNC:4431	biolink:causes	0
0.014391612	MONDO:0018000	HGNC:1093	biolink:gene_associated_with_condition	0
0.005631018	MONDO:0018000	HGNC:11535	biolink:gene_associated_with_condition	0
0.5238629	MONDO:0018015	HGNC:20134	biolink:causes	0
0.63336074	MONDO:0018023	HGNC:2590	biolink:causes	0
0.3699343	MONDO:0018092	HGNC:9706	biolink:gene_associated_with_condition	0
0.7380393	MONDO:0018131	HGNC:6342	biolink:gene_associated_with_condition	0
0.55191	MONDO:0018277	HGNC:26033	biolink:causes	0
0.8006773	MONDO:0018328	HGNC:7678	biolink:gene_associated_with_condition	0
0.773384	MONDO:0018328	HGNC:11521	biolink:causes	0
0.81691	MONDO:0018333	HGNC:9719	biolink:gene_associated_with_condition	0
0.25548476	MONDO:0018435	HGNC:21197	biolink:causes	0
0.7469598	MONDO:0018495	HGNC:9180	biolink:causes	0
0.45748228	MONDO:0018564	HGNC:29558	biolink:causes	0
0.54847366	MONDO:0018564	HGNC:28027	biolink:gene_associated_with_condition	0
0.7069194	MONDO:0018564	HGNC:11280	biolink:causes	0
0.18268055	MONDO:0018761	HGNC:11998	biolink:contributes_to	0
0.30233464	MONDO:0018821	HGNC:9386	biolink:causes	0
0.5320706	MONDO:0019107	HGNC:14202	biolink:causes	0
0.70955986	MONDO:0019174	HGNC:11764	biolink:causes	0
0.47903654	MONDO:0019174	HGNC:5056	biolink:gene_associated_with_condition	0
0.25123316	MONDO:0019174	HGNC:4593	biolink:gene_associated_with_condition	0
0.22639073	MONDO:0019409	HGNC:8896	biolink:causes	0
0.7446319	MONDO:0019448	HGNC:10979	biolink:causes	0
0.7631698	MONDO:0019456	HGNC:4801	biolink:gene_associated_with_condition	0
0.24855094	MONDO:0019456	HGNC:710	biolink:causes	0
0.38466385	MONDO:0019456	HGNC:9056	biolink:causes	0
0.51700824	MONDO:0019569	HGNC:987	biolink:gene_associated_with_condition	0
0.86853015	MONDO:0019569	HGNC:15808	biolink:gene_associated_with_condition	0
0.8044351	MONDO:0019569	HGNC:1349	biolink:causes	0
0.5297228	MONDO:0019569	HGNC:4932	biolink:gene_associated_with_condition	0
0.5619056	MONDO:0019921	HGNC:6770	biolink:causes	0
0.36194995	MONDO:0019921	HGNC:3531	biolink:contributes_to	0
0.018124586	MONDO:0019930	HGNC:12768	biolink:gene_associated_with_condition	0
0.42177224	MONDO:0019947	HGNC:9990	biolink:causes	0
0.4119975	MONDO:0019947	HGNC:5394	biolink:gene_associated_with_condition	0
0.71946204	MONDO:0019947	HGNC:2227	biolink:causes	0
0.29459217	MONDO:0019947	HGNC:7675	biolink:gene_associated_with_condition	0
0.60240275	MONDO:0019947	HGNC:11944	biolink:causes	0
0.7972297	MONDO:0020354	HGNC:20759	biolink:causes	0
0.4491562	MONDO:0020434	HGNC:24555	biolink:causes	0
0.527592	MONDO:0020434	HGNC:10582	biolink:gene_associated_with_condition	0
0.62086904	MONDO:0020521	HGNC:17770	biolink:causes	0
0.040445864	MONDO:0020607	HGNC:236	biolink:causes	0
0.022113346	MONDO:0020611	HGNC:6207	biolink:gene_associated_with_condition	0
0.09458927	MONDO:0020619	HGNC:9967	biolink:causes	0
0.56647706	MONDO:0020721	HGNC:24921	biolink:causes	0
0.49450436	MONDO:0020737	HGNC:469	biolink:gene_associated_with_condition	0
0.084993705	MONDO:0020785	HGNC:14530	biolink:causes	0
0.04581671	MONDO:0020785	HGNC:14234	biolink:gene_associated_with_condition	0
0.34705287	MONDO:0020849	HGNC:9921	biolink:causes	0
0.3409931	MONDO:0020849	HGNC:17098	biolink:causes	0
0.5255597	MONDO:0024264	HGNC:14378	biolink:causes	0
0.78718555	MONDO:0024550	HGNC:9587	biolink:causes	0
0.6138723	MONDO:0024550	HGNC:24123	biolink:causes	0
0.6994304	MONDO:0024550	HGNC:26877	biolink:gene_associated_with_condition	0
0.6650723	MONDO:0024562	HGNC:27310	biolink:causes	0
0.5500607	MONDO:0024562	HGNC:3976	biolink:causes	0
0.5659688	MONDO:0024570	HGNC:6858	biolink:gene_associated_with_condition	0
0.28944147	MONDO:0024607	HGNC:29501	biolink:gene_associated_with_condition	0
0.34315747	MONDO:0025354	HGNC:1331	biolink:causes	0
0.36198816	MONDO:0025354	HGNC:1445	biolink:causes	0
0.397386	MONDO:0025354	HGNC:11828	biolink:causes	0
0.28921428	MONDO:0025354	HGNC:27337	biolink:causes	0
0.49822816	MONDO:0025354	HGNC:28991	biolink:causes	0
0.95952094	MONDO:0026730	HGNC:7944	biolink:causes	0
0.4101406	MONDO:0029465	HGNC:123	biolink:causes	0
0.27771845	MONDO:0030007	HGNC:4798	biolink:contributes_to	0
0.25139135	MONDO:0030060	HGNC:6192	biolink:gene_associated_with_condition	0
0.5613139	MONDO:0030060	HGNC:7060	biolink:gene_associated_with_condition	0
0.36683992	MONDO:0030312	HGNC:7981	biolink:gene_associated_with_condition	0
0.81023896	MONDO:0030312	HGNC:2858	biolink:gene_associated_with_condition	0
0.44402382	MONDO:0030338	HGNC:1539	biolink:gene_associated_with_condition	0
0.18798211	MONDO:0030338	HGNC:14255	biolink:gene_associated_with_condition	0
0.71813077	MONDO:0030440	HGNC:7154	biolink:causes	0
0.6208191	MONDO:0030440	HGNC:29536	biolink:causes	0
0.50018084	MONDO:0030730	HGNC:11356	biolink:causes	0
0.17524508	MONDO:0030787	HGNC:427	biolink:gene_associated_with_condition	0
0.7846226	MONDO:0030878	HGNC:18305	biolink:gene_associated_with_condition	0
0.6858709	MONDO:0030910	HGNC:13356	biolink:causes	0
0.5520085	MONDO:0030910	HGNC:7739	biolink:gene_associated_with_condition	0
0.9573418	MONDO:0030918	HGNC:26941	biolink:causes	0
0.69415754	MONDO:0030918	HGNC:9251	biolink:causes	0
0.4431018	MONDO:0030918	HGNC:8854	biolink:causes	0
0.6400416	MONDO:0030927	HGNC:12872	biolink:causes	0
0.528314	MONDO:0030927	HGNC:1362	biolink:gene_associated_with_condition	0
0.66256446	MONDO:0030927	HGNC:20456	biolink:causes	0
0.673726	MONDO:0030927	HGNC:13243	biolink:causes	0
0.4668037	MONDO:0030927	HGNC:25358	biolink:causes	0
0.7745691	MONDO:0030931	HGNC:6188	biolink:gene_associated_with_condition	0
0.0062322486	MONDO:0030958	HGNC:3438	biolink:gene_associated_with_condition	0
0.83451647	MONDO:0031006	HGNC:1550	biolink:causes	0
0.6307554	MONDO:0031043	HGNC:30477	biolink:causes	0
0.6101565	MONDO:0031481	HGNC:9986	biolink:causes	0
0.6973218	MONDO:0031481	HGNC:21086	biolink:causes	0
0.8881396	MONDO:0031481	HGNC:2219	biolink:causes	0
0.82461786	MONDO:0031481	HGNC:1786	biolink:gene_associated_with_condition	0
0.70922524	MONDO:0032571	HGNC:6696	biolink:causes	0
0.012536583	MONDO:0032575	HGNC:15979	biolink:causes	0
0.7009913	MONDO:0032583	HGNC:17341	biolink:causes	0
0.6693168	MONDO:0032590	HGNC:1965	biolink:causes	0
0.33074537	MONDO:0032596	HGNC:25489	biolink:gene_associated_with_condition	0
0.45858642	MONDO:0032656	HGNC:7133	biolink:gene_associated_with_condition	0
0.6282833	MONDO:0032673	HGNC:14253	biolink:gene_associated_with_condition	0
0.38956276	MONDO:0032673	HGNC:16353	biolink:gene_associated_with_condition	0
0.8734279	MONDO:0032685	HGNC:11769	biolink:gene_associated_with_condition	0
0.73654246	MONDO:0032705	HGNC:854	biolink:causes	0
0.8435922	MONDO:0032705	HGNC:17494	biolink:gene_associated_with_condition	0
0.7076363	MONDO:0032712	HGNC:4177	biolink:gene_associated_with_condition	0
0.6726206	MONDO:0032712	HGNC:6263	biolink:gene_associated_with_condition	0
0.6458655	MONDO:0032712	HGNC:12362	biolink:causes	0
0.6018622	MONDO:0032758	HGNC:8789	biolink:causes	0
0.6065755	MONDO:0032804	HGNC:25928	biolink:gene_associated_with_condition	0
0.4246996	MONDO:0032804	HGNC:10447	biolink:causes	0
0.6314798	MONDO:0032824	HGNC:6696	biolink:causes	0
0.48976701	MONDO:0032845	HGNC:6423	biolink:gene_associated_with_condition	0
0.76967263	MONDO:0032871	HGNC:6770	biolink:gene_associated_with_condition	0
0.08099646	MONDO:0032891	HGNC:4208	biolink:causes	0
0.41522154	MONDO:0032899	HGNC:10597	biolink:gene_associated_with_condition	0
0.34913582	MONDO:0032899	HGNC:16783	biolink:gene_associated_with_condition	0
0.20751792	MONDO:0032899	HGNC:1362	biolink:gene_associated_with_condition	0
0.41314062	MONDO:0032899	HGNC:17146	biolink:causes	0
0.37739772	MONDO:0032907	HGNC:20152	biolink:causes	0
0.35742313	MONDO:0032907	HGNC:123	biolink:causes	0
0.68458885	MONDO:0032915	HGNC:951	biolink:causes	0
0.8255338	MONDO:0032915	HGNC:6235	biolink:causes	0
0.42746347	MONDO:0032927	HGNC:4017	biolink:causes	0
0.73233175	MONDO:0032927	HGNC:29190	biolink:causes	0
0.75611115	MONDO:0032933	HGNC:4392	biolink:gene_associated_with_condition	0
0.36518246	MONDO:0032937	HGNC:18124	biolink:causes	0
0.57055557	MONDO:0032937	HGNC:25712	biolink:gene_associated_with_condition	0
0.28740332	MONDO:0032937	HGNC:28991	biolink:causes	0
0.7401296	MONDO:0033009	HGNC:14974	biolink:causes	0
0.6474748	MONDO:0033045	HGNC:18591	biolink:causes	0
0.59108394	MONDO:0033045	HGNC:12299	biolink:gene_associated_with_condition	0
0.013471861	MONDO:0033259	HGNC:6235	biolink:causes	0
0.7100752	MONDO:0033479	HGNC:2514	biolink:gene_associated_with_condition	0
0.8655277	MONDO:0033479	HGNC:8857	biolink:gene_associated_with_condition	0
0.58551776	MONDO:0034106	HGNC:1802	biolink:causes	0
0.31530818	MONDO:0035472	HGNC:7437	biolink:causes	0
0.01954727	MONDO:0035694	HGNC:19309	biolink:causes	0
0.049105767	MONDO:0035823	HGNC:6481	biolink:gene_associated_with_condition	0
0.05678861	MONDO:0035941	HGNC:12011	biolink:causes	0
0.085713916	MONDO:0035941	HGNC:8859	biolink:causes	0
0.07465352	MONDO:0035941	HGNC:8896	biolink:gene_associated_with_condition	0
0.7427058	MONDO:0036189	HGNC:12831	biolink:causes	0
0.49962476	MONDO:0036189	HGNC:13886	biolink:causes	0
0.13297994	MONDO:0043364	HGNC:21270	biolink:causes	0
0.0050473297	MONDO:0044255	HGNC:11917	biolink:gene_associated_with_condition	0
0.0078050396	MONDO:0044255	HGNC:25230	biolink:causes	0
0.007248438	MONDO:0044255	HGNC:9046	biolink:contributes_to	0
0.030984273	MONDO:0044255	HGNC:9386	biolink:causes	0
0.011031967	MONDO:0044255	HGNC:26144	biolink:contributes_to	0
0.0028034823	MONDO:0044255	HGNC:1228	biolink:causes	0
0.0039804853	MONDO:0044255	HGNC:26790	biolink:causes	0
0.37997022	MONDO:0044318	HGNC:8008	biolink:causes	0
0.2367884	MONDO:0044660	HGNC:13841	biolink:causes	0
0.22503853	MONDO:0044660	HGNC:6554	biolink:gene_associated_with_condition	0
0.42203265	MONDO:0044701	HGNC:5331	biolink:contributes_to	0
0.067667134	MONDO:0044701	HGNC:1956	biolink:causes	0
0.66803145	MONDO:0044701	HGNC:29853	biolink:causes	0
0.93435913	MONDO:0044724	HGNC:19046	biolink:causes	0
0.75939995	MONDO:0044724	HGNC:4799	biolink:causes	0
0.66153383	MONDO:0054615	HGNC:15808	biolink:causes	0
0.44684315	MONDO:0054615	HGNC:11781	biolink:gene_associated_with_condition	0
0.03502971	MONDO:0054723	HGNC:20	biolink:causes	0
0.041652843	MONDO:0054723	HGNC:3749	biolink:gene_associated_with_condition	0
0.1820177	MONDO:0054731	HGNC:2464	biolink:gene_associated_with_condition	0
0.45024624	MONDO:0054737	HGNC:20105	biolink:causes	0
0.42750114	MONDO:0054737	HGNC:20773	biolink:causes	0
0.74993104	MONDO:0054737	HGNC:2204	biolink:gene_associated_with_condition	0
0.5719622	MONDO:0054737	HGNC:10256	biolink:causes	0
0.8085217	MONDO:0054794	HGNC:7883	biolink:causes	0
0.37557027	MONDO:0054805	HGNC:16466	biolink:gene_associated_with_condition	0
0.77237666	MONDO:0060489	HGNC:2919	biolink:causes	0
0.29024178	MONDO:0060502	HGNC:2594	biolink:gene_associated_with_condition	0
0.7392876	MONDO:0060704	HGNC:3052	biolink:causes	0
0.6082866	MONDO:0060704	HGNC:5439	biolink:causes	0
0.79471684	MONDO:0060745	HGNC:10994	biolink:causes	0
0.30612785	MONDO:0100083	HGNC:3816	biolink:causes	0
0.32636005	MONDO:0100083	HGNC:7473	biolink:gene_associated_with_condition	0
0.33218998	MONDO:0100217	HGNC:2348	biolink:gene_associated_with_condition	0
0.08615378	MONDO:0100229	HGNC:20297	biolink:causes	0
0.1603098	MONDO:0100294	HGNC:9832	biolink:causes	0
0.07405334	MONDO:0100460	HGNC:25928	biolink:gene_associated_with_condition	0
0.3939706	MONDO:0800026	HGNC:9719	biolink:causes	0
0.45809093	MONDO:0800026	HGNC:9460	biolink:gene_associated_with_condition	0
0.41631854	MONDO:0800026	HGNC:29456	biolink:gene_associated_with_condition	0
0.21622251	MONDO:0800026	HGNC:18683	biolink:causes	0
0.71180063	MONDO:0800026	HGNC:10472	biolink:causes	0
0.026918093	MONDO:0800030	HGNC:388	biolink:causes	0
0.7868959	MONDO:0800030	HGNC:8005	biolink:causes	0
0.5522557	MONDO:0800438	HGNC:8896	biolink:gene_associated_with_condition	0
0.04652336	MONDO:0850067	HGNC:5394	biolink:causes	0
0.0041606454	MONDO:0858999	HGNC:16066	biolink:gene_associated_with_condition	0
0.01412926	MONDO:0858999	HGNC:15559	biolink:gene_associated_with_condition	0
0.75417185	MONDO:0859147	HGNC:13222	biolink:causes	0
0.6484207	MONDO:0859160	HGNC:3433	biolink:causes	0
0.69314647	MONDO:0859164	HGNC:2197	biolink:gene_associated_with_condition	0
0.3767357	MONDO:0859180	HGNC:3508	biolink:gene_associated_with_condition	0
0.7813716	MONDO:0859188	HGNC:3689	biolink:gene_associated_with_condition	0
0.70913464	MONDO:0859226	HGNC:4180	biolink:gene_associated_with_condition	0
0.5249735	MONDO:0859335	HGNC:6481	biolink:gene_associated_with_condition	0
0.8227043	MONDO:0859335	HGNC:1529	biolink:gene_associated_with_condition	0
0.546727	MONDO:0859355	HGNC:13387	biolink:causes	0
0.005639707	MONDO:0859521	HGNC:10736	biolink:gene_associated_with_condition	0
0.0068877004	MONDO:0957202	HGNC:4888	biolink:contributes_to	0
0.6460672	MONDO:0957270	HGNC:3816	biolink:causes	0
0.8136983	MONDO:0957270	HGNC:3218	biolink:causes	0
0.50504494	MONDO:0957270	HGNC:12873	biolink:gene_associated_with_condition	0
0.6520775	MONDO:0957382	HGNC:427	biolink:contributes_to	0
0.43354076	MONDO:0957382	HGNC:17754	biolink:causes	0
0.5707891	MONDO:0957477	HGNC:20	biolink:causes	0
0.03680756	MONDO:0957572	HGNC:9967	biolink:causes	0
0.5629157	MONDO:0957787	HGNC:2383	biolink:causes	0
0.4824597	MONDO:0957787	HGNC:4367	biolink:gene_associated_with_condition	0
0.59507483	MONDO:0957993	HGNC:8001	biolink:causes	0
0.7765656	MONDO:0957993	HGNC:1839	biolink:causes	0
0.76582205	MONDO:0957993	HGNC:2198	biolink:causes	0
0.38412097	MONDO:0958194	HGNC:4367	biolink:causes	0
0.3218716	MONDO:0958194	HGNC:23785	biolink:gene_associated_with_condition	0
0.114021234	MONDO:0958237	HGNC:2468	biolink:causes	0
0.90465015	MONDO:0958322	HGNC:11772	biolink:causes	0
0.48155814	MONDO:0958331	HGNC:5248	biolink:causes	0
0.5304648	MONDO:0968976	HGNC:5476	biolink:gene_associated_with_condition	0
0.7030871	MONDO:0968976	HGNC:12403	biolink:causes	0
0.6959553	MONDO:0971002	HGNC:24097	biolink:causes	0
0.055050712	MONDO:0971016	HGNC:6342	biolink:gene_associated_with_condition	0
0.14155939	MONDO:0971016	HGNC:11356	biolink:causes	0
0.03774507	MONDO:0971016	HGNC:24877	biolink:gene_associated_with_condition	0
0.38603538	MONDO:0975754	HGNC:7490	biolink:gene_associated_with_condition	0
0.7043952	MONDO:0975754	HGNC:18621	biolink:causes	0
0.86055523	MONDO:0975754	HGNC:5466	biolink:causes	0
0.02060408	MONDO:0976266	HGNC:3423	biolink:causes	0
0.057301607	MONDO:0976266	HGNC:28506	biolink:gene_associated_with_condition	0
0.34113976	HGNC:21022	MONDO:0009008	biolink:gene_associated_with_condition	0
0.7821168	HGNC:21022	MONDO:0012596	biolink:gene_associated_with_condition	0
0.7011613	HGNC:21022	MONDO:0018393	biolink:gene_associated_with_condition	0
0.8239509	HGNC:47	MONDO:0014481	biolink:causes	0
0.75980866	HGNC:47	MONDO:0008234	biolink:causes	0
0.69007367	HGNC:47	MONDO:0007768	biolink:causes	0
0.067756146	HGNC:42	MONDO:0008483	biolink:causes	0
0.417852	HGNC:42	MONDO:0035819	biolink:causes	0
0.7342309	HGNC:68	MONDO:0014343	biolink:causes	0
0.58571154	HGNC:68	MONDO:0007311	biolink:causes	0
0.026524995	HGNC:126	MONDO:0012092	biolink:causes	0
0.22812371	HGNC:126	MONDO:0017844	biolink:causes	0
0.6550033	HGNC:1839	MONDO:0014159	biolink:causes	0
0.7765656	HGNC:1839	MONDO:0957993	biolink:causes	0
0.012928667	HGNC:13202	MONDO:0976226	biolink:gene_associated_with_condition	0
0.16876957	HGNC:226	MONDO:0013561	biolink:causes	0
0.3954006	HGNC:315	MONDO:0958085	biolink:causes	0
0.7111398	HGNC:317	MONDO:0014754	biolink:gene_associated_with_condition	0
0.23684402	HGNC:317	MONDO:0030967	biolink:causes	0
0.47210792	HGNC:317	MONDO:0007232	biolink:gene_associated_with_condition	0
0.6483711	HGNC:317	MONDO:0019150	biolink:gene_associated_with_condition	0
0.2913045	HGNC:17258	MONDO:0013661	biolink:causes	0
0.51206845	HGNC:17258	MONDO:0014434	biolink:causes	0
0.05744449	HGNC:341	MONDO:0008490	biolink:gene_associated_with_condition	0
0.66654015	HGNC:10648	MONDO:8000011	biolink:gene_associated_with_condition	0
0.61376506	HGNC:358	MONDO:0009053	biolink:causes	0
0.5662429	HGNC:358	MONDO:0014218	biolink:causes	0
0.030386588	HGNC:387	MONDO:0007068	biolink:gene_associated_with_condition	0
0.49871668	HGNC:397	MONDO:0030036	biolink:causes	0
0.5558936	HGNC:31088	MONDO:0014339	biolink:contributes_to	0
0.021319553	HGNC:20917	MONDO:0010086	biolink:causes	0
0.9562206	HGNC:438	MONDO:0013800	biolink:gene_associated_with_condition	0
0.32935223	HGNC:438	MONDO:0958085	biolink:gene_associated_with_condition	0
0.72850424	HGNC:17097	MONDO:0014343	biolink:causes	0
0.29517797	HGNC:17097	MONDO:0014386	biolink:causes	0
0.5725325	HGNC:3583	MONDO:0014343	biolink:causes	0
0.30954072	HGNC:3583	MONDO:0007524	biolink:causes	0
0.55547523	HGNC:3583	MONDO:0008426	biolink:causes	0
0.0034506675	HGNC:3583	MONDO:0013929	biolink:causes	0
0.423805	HGNC:3602	MONDO:0032874	biolink:causes	0
0.5801508	HGNC:3602	MONDO:0007615	biolink:causes	0
0.03544763	HGNC:3680	MONDO:0010606	biolink:gene_associated_with_condition	0
0.17765895	HGNC:3689	MONDO:0800452	biolink:causes	0
0.7152595	HGNC:3689	MONDO:0975757	biolink:gene_associated_with_condition	0
0.60558254	HGNC:3689	MONDO:0010767	biolink:gene_associated_with_condition	0
0.87738043	HGNC:3689	MONDO:0013050	biolink:gene_associated_with_condition	0
0.8527385	HGNC:3689	MONDO:0014267	biolink:causes	0
0.9150886	HGNC:3689	MONDO:0013364	biolink:causes	0
0.0303961	HGNC:3689	MONDO:0015041	biolink:gene_associated_with_condition	0
0.7813716	HGNC:3689	MONDO:0859188	biolink:gene_associated_with_condition	0
0.8527209	HGNC:3689	MONDO:0014976	biolink:gene_associated_with_condition	0
0.0074713007	HGNC:18416	MONDO:0044638	biolink:causes	0
0.5591325	HGNC:19124	MONDO:0008377	biolink:gene_associated_with_condition	0
0.0063828966	HGNC:18625	MONDO:0016606	biolink:causes	0
0.80813414	HGNC:18625	MONDO:0008377	biolink:causes	0
0.75283366	HGNC:17997	MONDO:0009274	biolink:gene_associated_with_condition	0
0.041652843	HGNC:3749	MONDO:0054723	biolink:gene_associated_with_condition	0
0.54254955	HGNC:3755	MONDO:0014117	biolink:gene_associated_with_condition	0
0.77038175	HGNC:3755	MONDO:0018598	biolink:causes	0
0.8259029	HGNC:3755	MONDO:0013352	biolink:causes	0
0.4416784	HGNC:3755	MONDO:0014480	biolink:gene_associated_with_condition	0
0.522211	HGNC:3765	MONDO:0012368	biolink:gene_associated_with_condition	0
0.4981555	HGNC:3765	MONDO:0013862	biolink:gene_associated_with_condition	0
0.7116422	HGNC:3823	MONDO:0007167	biolink:causes	0
0.7047041	HGNC:3823	MONDO:0859369	biolink:causes	0
0.7143239	HGNC:3823	MONDO:0030987	biolink:causes	0
0.029951	HGNC:13875	MONDO:0007454	biolink:causes	0
0.64943916	HGNC:13875	MONDO:0100218	biolink:causes	0
0.8249458	HGNC:13875	MONDO:0010296	biolink:causes	0
0.5500607	HGNC:3976	MONDO:0024562	biolink:causes	0
0.0044756234	HGNC:3976	MONDO:0012395	biolink:causes	0
0.0037621437	HGNC:24678	MONDO:0975795	biolink:gene_associated_with_condition	0
0.38216257	HGNC:24678	MONDO:0007042	biolink:gene_associated_with_condition	0
0.5243051	HGNC:24678	MONDO:0012804	biolink:gene_associated_with_condition	0
0.073617436	HGNC:4081	MONDO:0013228	biolink:causes	0
0.69951236	HGNC:4172	MONDO:0013821	biolink:causes	0
0.15799837	HGNC:4172	MONDO:0012925	biolink:causes	0
0.41026145	HGNC:4189	MONDO:0009091	biolink:gene_associated_with_condition	0
0.78175545	HGNC:4193	MONDO:0020745	biolink:gene_associated_with_condition	0
0.63552296	HGNC:4193	MONDO:0008693	biolink:causes	0
0.5222473	HGNC:4193	MONDO:0009266	biolink:causes	0
0.08549549	HGNC:4193	MONDO:0011091	biolink:gene_associated_with_condition	0
0.04239748	HGNC:4193	MONDO:0012883	biolink:causes	0
0.08099646	HGNC:4208	MONDO:0032891	biolink:causes	0
0.0017804047	HGNC:4208	MONDO:0013083	biolink:causes	0
0.6852539	HGNC:4220	MONDO:0030457	biolink:gene_associated_with_condition	0
0.77466744	HGNC:4220	MONDO:0009677	biolink:gene_associated_with_condition	0
0.7335893	HGNC:4220	MONDO:0012089	biolink:gene_associated_with_condition	0
0.82383835	HGNC:4220	MONDO:0011010	biolink:causes	0
0.85647565	HGNC:4220	MONDO:0012019	biolink:causes	0
0.38862467	HGNC:4241	MONDO:0009161	biolink:gene_associated_with_condition	0
0.73364943	HGNC:4241	MONDO:0016356	biolink:gene_associated_with_condition	0
0.005305915	HGNC:4281	MONDO:0017238	biolink:gene_associated_with_condition	0
0.87092656	HGNC:4284	MONDO:0007363	biolink:gene_associated_with_condition	0
0.7099556	HGNC:4313	MONDO:0012656	biolink:gene_associated_with_condition	0
0.84468883	HGNC:4313	MONDO:0014343	biolink:gene_associated_with_condition	0
0.010526627	HGNC:4367	MONDO:0007103	biolink:gene_associated_with_condition	0
0.38396296	HGNC:4367	MONDO:0007854	biolink:causes	0
0.4871707	HGNC:4367	MONDO:0010959	biolink:gene_associated_with_condition	0
0.4824597	HGNC:4367	MONDO:0957787	biolink:gene_associated_with_condition	0
0.38412097	HGNC:4367	MONDO:0958194	biolink:causes	0
0.14720751	HGNC:4452	MONDO:0010486	biolink:causes	0
0.6501299	HGNC:4462	MONDO:0013526	biolink:gene_associated_with_condition	0
0.28944147	HGNC:29501	MONDO:0024607	biolink:gene_associated_with_condition	0
0.5932425	HGNC:4593	MONDO:0008673	biolink:gene_associated_with_condition	0
0.25123316	HGNC:4593	MONDO:0019174	biolink:gene_associated_with_condition	0
0.60729843	HGNC:4706	MONDO:0030455	biolink:causes	0
0.64756024	HGNC:4706	MONDO:0010258	biolink:causes	0
0.7230858	HGNC:4817	MONDO:0011338	biolink:gene_associated_with_condition	0
0.51147366	HGNC:29853	MONDO:0014094	biolink:causes	0
0.31222558	HGNC:29853	MONDO:0014401	biolink:causes	0
0.66803145	HGNC:29853	MONDO:0044701	biolink:causes	0
0.6307554	HGNC:30477	MONDO:0031043	biolink:causes	0
0.7642062	HGNC:30477	MONDO:0007319	biolink:causes	0
0.7228387	HGNC:4887	MONDO:0008637	biolink:gene_associated_with_condition	0
0.5976377	HGNC:4887	MONDO:0013551	biolink:gene_associated_with_condition	0
0.42425042	HGNC:4887	MONDO:0010286	biolink:gene_associated_with_condition	0
0.008629426	HGNC:4887	MONDO:0016606	biolink:gene_associated_with_condition	0
0.59146184	HGNC:4887	MONDO:0008377	biolink:gene_associated_with_condition	0
0.5297228	HGNC:4932	MONDO:0019569	biolink:gene_associated_with_condition	0
0.2939547	HGNC:11621	MONDO:0054776	biolink:gene_associated_with_condition	0
0.25381663	HGNC:5147	MONDO:0007363	biolink:gene_associated_with_condition	0
0.15236747	HGNC:28460	MONDO:0012531	biolink:causes	0
0.5525027	HGNC:28460	MONDO:0032636	biolink:causes	0
0.10790503	HGNC:4800	MONDO:0009804	biolink:gene_associated_with_condition	0
0.7855309	HGNC:5248	MONDO:0008377	biolink:causes	0
0.48155814	HGNC:5248	MONDO:0958331	biolink:causes	0
0.38481843	HGNC:5286	MONDO:0014670	biolink:causes	0
0.55276173	HGNC:5286	MONDO:0013992	biolink:causes	0
0.32905948	HGNC:18550	MONDO:0014042	biolink:causes	0
0.05586957	HGNC:18550	MONDO:0016476	biolink:causes	0
0.7895228	HGNC:18550	MONDO:0007949	biolink:causes	0
0.6615287	HGNC:5439	MONDO:0014094	biolink:causes	0
0.5506519	HGNC:5439	MONDO:0100533	biolink:gene_associated_with_condition	0
0.5038957	HGNC:5439	MONDO:0008689	biolink:gene_associated_with_condition	0
0.5304158	HGNC:5439	MONDO:0008377	biolink:gene_associated_with_condition	0
0.5322906	HGNC:5439	MONDO:0009359	biolink:contributes_to	0
0.6082866	HGNC:5439	MONDO:0060704	biolink:causes	0
0.85956573	HGNC:13556	MONDO:0007537	biolink:causes	0
0.2302439	HGNC:13556	MONDO:0010963	biolink:causes	0
0.959164	HGNC:29077	MONDO:0008377	biolink:contributes_to	0
0.76681346	HGNC:29077	MONDO:0007794	biolink:contributes_to	0
0.85790247	HGNC:29077	MONDO:0044320	biolink:causes	0
0.6810892	HGNC:5466	MONDO:0008310	biolink:gene_associated_with_condition	0
0.07090527	HGNC:5466	MONDO:0011285	biolink:gene_associated_with_condition	0
0.20069131	HGNC:5466	MONDO:0014808	biolink:gene_associated_with_condition	0
0.86055523	HGNC:5466	MONDO:0975754	biolink:causes	0
0.5304648	HGNC:5476	MONDO:0968976	biolink:gene_associated_with_condition	0
0.019851394	HGNC:5476	MONDO:0859374	biolink:gene_associated_with_condition	0
0.33825737	HGNC:6000	MONDO:0010651	biolink:gene_associated_with_condition	0
0.22206753	HGNC:5962	MONDO:0007808	biolink:contributes_to	0
0.41634232	HGNC:5962	MONDO:0008592	biolink:contributes_to	0
0.15736042	HGNC:15561	MONDO:0010214	biolink:gene_associated_with_condition	0
0.5879264	HGNC:6055	MONDO:0014823	biolink:causes	0
0.37416765	HGNC:17870	MONDO:0020855	biolink:causes	0
0.6736344	HGNC:6115	MONDO:0013315	biolink:causes	0
0.5269205	HGNC:19309	MONDO:0010000	biolink:causes	0
0.41781014	HGNC:19309	MONDO:0014339	biolink:causes	0
0.61971617	HGNC:19309	MONDO:0017283	biolink:causes	0
0.01954727	HGNC:19309	MONDO:0035694	biolink:causes	0
0.66822094	HGNC:6239	MONDO:0020378	biolink:gene_associated_with_condition	0
0.015622545	HGNC:6256	MONDO:0014580	biolink:causes	0
0.5812926	HGNC:25705	MONDO:0019522	biolink:causes	0
0.46555662	HGNC:25705	MONDO:0007404	biolink:causes	0
0.5094886	HGNC:25705	MONDO:0011422	biolink:causes	0
0.5592818	HGNC:25705	MONDO:0030995	biolink:causes	0
0.16992755	HGNC:12637	MONDO:0009904	biolink:causes	0
0.0052917954	HGNC:12637	MONDO:0011593	biolink:causes	0
0.81111795	HGNC:12637	MONDO:0008542	biolink:causes	0
0.6089459	HGNC:12637	MONDO:0009624	biolink:causes	0
0.75471014	HGNC:888	MONDO:0032636	biolink:causes	0
0.6793194	HGNC:888	MONDO:0009714	biolink:causes	0
0.24834447	HGNC:888	MONDO:0013058	biolink:causes	0
0.6929577	HGNC:888	MONDO:0008885	biolink:causes	0
0.44611308	HGNC:6391	MONDO:0009505	biolink:gene_associated_with_condition	0
0.36369506	HGNC:6391	MONDO:0012531	biolink:gene_associated_with_condition	0
0.7508228	HGNC:6391	MONDO:0016002	biolink:gene_associated_with_condition	0
0.74695086	HGNC:6407	MONDO:0012892	biolink:causes	0
0.71013033	HGNC:6407	MONDO:0013607	biolink:causes	0
0.7199884	HGNC:6407	MONDO:0013957	biolink:causes	0
0.71329045	HGNC:6407	MONDO:0033542	biolink:causes	0
0.71896666	HGNC:6407	MONDO:0049222	biolink:causes	0
0.18354774	HGNC:20406	MONDO:0011911	biolink:gene_associated_with_condition	0
0.077511385	HGNC:20406	MONDO:0009252	biolink:gene_associated_with_condition	0
0.11777432	HGNC:20406	MONDO:0009562	biolink:causes	0
0.48439348	HGNC:20406	MONDO:0014857	biolink:gene_associated_with_condition	0
0.25855193	HGNC:6415	MONDO:0044222	biolink:causes	0
0.42611304	HGNC:6415	MONDO:0014386	biolink:causes	0
0.59165365	HGNC:29796	MONDO:0020841	biolink:causes	0
0.42290413	HGNC:29796	MONDO:0859328	biolink:causes	0
0.5487349	HGNC:29796	MONDO:0013208	biolink:causes	0
0.7577141	HGNC:6535	MONDO:0007922	biolink:gene_associated_with_condition	0
0.45946354	HGNC:18640	MONDO:0013912	biolink:gene_associated_with_condition	0
0.41225052	HGNC:18640	MONDO:0006952	biolink:gene_associated_with_condition	0
0.85583246	HGNC:6554	MONDO:0014343	biolink:gene_associated_with_condition	0
0.22503853	HGNC:6554	MONDO:0044660	biolink:gene_associated_with_condition	0
0.6217133	HGNC:6554	MONDO:0017317	biolink:gene_associated_with_condition	0
0.2864197	HGNC:6572	MONDO:0017116	biolink:causes	0
0.3689891	HGNC:6619	MONDO:0010964	biolink:gene_associated_with_condition	0
0.4000629	HGNC:6619	MONDO:0008377	biolink:gene_associated_with_condition	0
0.70775354	HGNC:23038	MONDO:0014343	biolink:gene_associated_with_condition	0
0.22695458	HGNC:14154	MONDO:0014693	biolink:causes	0
0.62247413	HGNC:26521	MONDO:0009461	biolink:causes	0
0.3988304	HGNC:30860	MONDO:0009306	biolink:causes	0
0.70583653	HGNC:6709	MONDO:0014343	biolink:contributes_to	0
0.35716206	HGNC:6709	MONDO:0024559	biolink:contributes_to	0
0.573981	HGNC:6709	MONDO:0011106	biolink:contributes_to	0
0.88021094	HGNC:6716	MONDO:0007922	biolink:causes	0
0.64964956	HGNC:6735	MONDO:0009683	biolink:causes	0
0.92090505	HGNC:6735	MONDO:0014343	biolink:causes	0
0.43634987	HGNC:1968	MONDO:0012004	biolink:causes	0
0.7206433	HGNC:1968	MONDO:0008377	biolink:causes	0
0.27664173	HGNC:13664	MONDO:0012287	biolink:causes	0
0.0057731997	HGNC:28880	MONDO:0033482	biolink:causes	0
0.06731098	HGNC:6816	MONDO:0009061	biolink:causes	0
0.43514836	HGNC:6823	MONDO:0014522	biolink:causes	0
0.49450436	HGNC:469	MONDO:0020737	biolink:gene_associated_with_condition	0
0.44520298	HGNC:494	MONDO:0010506	biolink:causes	0
0.6047413	HGNC:494	MONDO:0014115	biolink:causes	0
0.6291203	HGNC:494	MONDO:0020749	biolink:gene_associated_with_condition	0
0.5359085	HGNC:494	MONDO:0100186	biolink:causes	0
0.12924616	HGNC:15819	MONDO:0800445	biolink:causes	0
0.01395533	HGNC:15819	MONDO:0011226	biolink:causes	0
0.10423473	HGNC:21316	MONDO:0700301	biolink:gene_associated_with_condition	0
0.66345286	HGNC:27337	MONDO:0012596	biolink:causes	0
0.83589673	HGNC:27337	MONDO:0020745	biolink:gene_associated_with_condition	0
0.47121325	HGNC:27337	MONDO:0011908	biolink:gene_associated_with_condition	0
0.59561974	HGNC:27337	MONDO:0013690	biolink:gene_associated_with_condition	0
0.5131368	HGNC:27337	MONDO:0014230	biolink:gene_associated_with_condition	0
0.28921428	HGNC:27337	MONDO:0025354	biolink:causes	0
0.76209676	HGNC:27337	MONDO:0008490	biolink:gene_associated_with_condition	0
0.66425526	HGNC:27337	MONDO:0008559	biolink:causes	0
0.77090484	HGNC:560	MONDO:0010496	biolink:gene_associated_with_condition	0
0.3558526	HGNC:17073	MONDO:0013222	biolink:causes	0
0.4911562	HGNC:17073	MONDO:0008689	biolink:causes	0
0.22684306	HGNC:17073	MONDO:0016308	biolink:causes	0
0.41314062	HGNC:17146	MONDO:0032899	biolink:causes	0
0.47891736	HGNC:13210	MONDO:0800167	biolink:contributes_to	0
0.39837477	HGNC:13210	MONDO:0011239	biolink:contributes_to	0
0.4495534	HGNC:13210	MONDO:0010044	biolink:contributes_to	0
0.013608937	HGNC:13210	MONDO:0014037	biolink:contributes_to	0
0.61100173	HGNC:21099	MONDO:0010044	biolink:causes	0
0.035848882	HGNC:31704	MONDO:0007244	biolink:causes	0
0.20216693	HGNC:31704	MONDO:0012621	biolink:causes	0
0.5659688	HGNC:6858	MONDO:0024570	biolink:gene_associated_with_condition	0
0.4983816	HGNC:6898	MONDO:0013531	biolink:causes	0
0.4956491	HGNC:6898	MONDO:0014490	biolink:causes	0
0.040741723	HGNC:6909	MONDO:0007103	biolink:causes	0
0.2559479	HGNC:6909	MONDO:0014844	biolink:causes	0
0.86322737	HGNC:6909	MONDO:0011428	biolink:causes	0
0.7277928	HGNC:6909	MONDO:0014619	biolink:causes	0
0.2888513	HGNC:6937	MONDO:0011496	biolink:causes	0
0.59243333	HGNC:6937	MONDO:0008818	biolink:causes	0
0.631933	HGNC:6948	MONDO:0011243	biolink:causes	0
0.45729566	HGNC:6954	MONDO:0013711	biolink:causes	0
0.5332405	HGNC:6973	MONDO:0013482	biolink:causes	0
0.5354155	HGNC:6973	MONDO:0014946	biolink:causes	0
0.55210257	HGNC:6973	MONDO:0007524	biolink:causes	0
0.013363997	HGNC:6973	MONDO:0012442	biolink:causes	0
0.58900154	HGNC:19691	MONDO:0008377	biolink:gene_associated_with_condition	0
0.34859204	HGNC:19691	MONDO:0100296	biolink:gene_associated_with_condition	0
0.78645456	HGNC:11957	MONDO:0010350	biolink:causes	0
0.554328	HGNC:11957	MONDO:0014039	biolink:gene_associated_with_condition	0
0.6167469	HGNC:11957	MONDO:0014484	biolink:gene_associated_with_condition	0
0.005741815	HGNC:7097	MONDO:0975761	biolink:gene_associated_with_condition	0
0.3402628	HGNC:7102	MONDO:0017283	biolink:causes	0
0.41099265	HGNC:31555	MONDO:0013350	biolink:causes	0
0.5767585	HGNC:7108	MONDO:0033566	biolink:causes	0
0.02373757	HGNC:12744	MONDO:0012786	biolink:causes	0
0.7686514	HGNC:7176	MONDO:0013896	biolink:causes	0
0.72652984	HGNC:7176	MONDO:0008377	biolink:causes	0
0.77713346	HGNC:7176	MONDO:0013925	biolink:causes	0
0.7580637	HGNC:7176	MONDO:0958279	biolink:causes	0
0.0054634577	HGNC:7392	MONDO:0013685	biolink:gene_associated_with_condition	0
0.03332391	HGNC:7489	MONDO:0016689	biolink:gene_associated_with_condition	0
0.5926455	HGNC:7413	MONDO:0014406	biolink:gene_associated_with_condition	0
0.7453829	HGNC:7437	MONDO:0014646	biolink:gene_associated_with_condition	0
0.31530818	HGNC:7437	MONDO:0035472	biolink:causes	0
0.71951705	HGNC:7468	MONDO:0030072	biolink:gene_associated_with_condition	0
0.5633543	HGNC:7468	MONDO:0010397	biolink:causes	0
0.5886676	HGNC:7516	MONDO:0014165	biolink:gene_associated_with_condition	0
0.8850352	HGNC:7516	MONDO:0009737	biolink:gene_associated_with_condition	0
0.5756933	HGNC:7545	MONDO:0008377	biolink:gene_associated_with_condition	0
0.47272995	HGNC:7545	MONDO:0007363	biolink:gene_associated_with_condition	0
0.017860403	HGNC:7606	MONDO:0007454	biolink:causes	0
0.045989845	HGNC:7606	MONDO:0012883	biolink:causes	0
0.6304837	HGNC:7606	MONDO:0014981	biolink:causes	0
0.49184886	HGNC:7610	MONDO:0008542	biolink:causes	0
0.7231477	HGNC:19918	MONDO:0010503	biolink:causes	0
0.50223875	HGNC:19918	MONDO:0014545	biolink:causes	0
0.28589264	HGNC:20967	MONDO:0015783	biolink:gene_associated_with_condition	0
0.41324645	HGNC:20967	MONDO:0009262	biolink:gene_associated_with_condition	0
0.5644228	HGNC:20967	MONDO:0017111	biolink:gene_associated_with_condition	0
0.41717342	HGNC:7634	MONDO:0032781	biolink:gene_associated_with_condition	0
0.68044174	HGNC:7690	MONDO:0013634	biolink:causes	0
0.5255446	HGNC:7690	MONDO:0971176	biolink:causes	0
0.41637075	HGNC:7690	MONDO:0010404	biolink:causes	0
0.6216181	HGNC:7690	MONDO:0010870	biolink:causes	0
0.37613693	HGNC:7708	MONDO:0007381	biolink:causes	0
0.075222336	HGNC:7745	MONDO:0976267	biolink:causes	0
0.40159774	HGNC:7765	MONDO:0010592	biolink:causes	0
0.58818716	HGNC:7765	MONDO:0033363	biolink:causes	0
0.0035338036	HGNC:7765	MONDO:0035555	biolink:causes	0
0.37621248	HGNC:7765	MONDO:0008490	biolink:gene_associated_with_condition	0
0.5690816	HGNC:7765	MONDO:0008995	biolink:gene_associated_with_condition	0
0.5581317	HGNC:7765	MONDO:0011125	biolink:gene_associated_with_condition	0
0.7929529	HGNC:7808	MONDO:0030731	biolink:causes	0
0.040014695	HGNC:7808	MONDO:0957594	biolink:causes	0
0.724043	HGNC:7871	MONDO:0020563	biolink:gene_associated_with_condition	0
0.6245761	HGNC:7883	MONDO:0011603	biolink:causes	0
0.7119186	HGNC:7883	MONDO:0013218	biolink:causes	0
0.8257801	HGNC:7883	MONDO:0013426	biolink:causes	0
0.001809266	HGNC:7883	MONDO:0017945	biolink:gene_associated_with_condition	0
0.6780774	HGNC:7883	MONDO:0021093	biolink:causes	0
0.90707475	HGNC:7883	MONDO:0014343	biolink:gene_associated_with_condition	0
0.8085217	HGNC:7883	MONDO:0054794	biolink:causes	0
0.59417176	HGNC:7883	MONDO:0007925	biolink:causes	0
0.63963145	HGNC:7883	MONDO:0011143	biolink:causes	0
0.4152333	HGNC:7910	MONDO:0030915	biolink:gene_associated_with_condition	0
0.596268	HGNC:7910	MONDO:0030281	biolink:gene_associated_with_condition	0
0.80210507	HGNC:7944	MONDO:0013948	biolink:causes	0
0.9148072	HGNC:7944	MONDO:0014995	biolink:causes	0
0.95952094	HGNC:7944	MONDO:0026730	biolink:causes	0
0.8572092	HGNC:7944	MONDO:0007794	biolink:causes	0
0.7099766	HGNC:7944	MONDO:0010315	biolink:causes	0
0.7655049	HGNC:7944	MONDO:0021571	biolink:causes	0
0.8201271	HGNC:7944	MONDO:0859320	biolink:causes	0
0.64795965	HGNC:7974	MONDO:0013766	biolink:gene_associated_with_condition	0
0.042431545	HGNC:7974	MONDO:0044220	biolink:gene_associated_with_condition	0
0.55361265	HGNC:7974	MONDO:0012805	biolink:gene_associated_with_condition	0
0.5703755	HGNC:8101	MONDO:0007856	biolink:gene_associated_with_condition	0
0.6744037	HGNC:8101	MONDO:0011073	biolink:causes	0
0.02620169	HGNC:8101	MONDO:0007361	biolink:causes	0
0.45732173	HGNC:8101	MONDO:0017844	biolink:causes	0
0.31899282	HGNC:8101	MONDO:0009867	biolink:causes	0
0.6903973	HGNC:19316	MONDO:0013690	biolink:causes	0
0.7115468	HGNC:19316	MONDO:0016097	biolink:causes	0
0.015367636	HGNC:19316	MONDO:0011547	biolink:causes	0
0.7227288	HGNC:19316	MONDO:0013536	biolink:causes	0
0.81132483	HGNC:8547	MONDO:0014343	biolink:causes	0
0.61354417	HGNC:8548	MONDO:0100101	biolink:causes	0
0.56909823	HGNC:8548	MONDO:0016589	biolink:causes	0
0.36173773	HGNC:8548	MONDO:0013156	biolink:causes	0
0.15755773	HGNC:8574	MONDO:0011237	biolink:gene_associated_with_condition	0
0.7951673	HGNC:8574	MONDO:0018763	biolink:gene_associated_with_condition	0
0.40673193	HGNC:8574	MONDO:0016563	biolink:gene_associated_with_condition	0
0.7477365	HGNC:26144	MONDO:0014343	biolink:contributes_to	0
0.39834088	HGNC:26144	MONDO:0007949	biolink:contributes_to	0
0.011031967	HGNC:26144	MONDO:0044255	biolink:contributes_to	0
0.9462934	HGNC:14615	MONDO:0009664	biolink:causes	0
0.31753355	HGNC:8609	MONDO:0007738	biolink:causes	0
0.009079132	HGNC:8609	MONDO:0019082	biolink:causes	0
0.56502044	HGNC:8620	MONDO:0017225	biolink:gene_associated_with_condition	0
0.6131619	HGNC:8620	MONDO:0800029	biolink:gene_associated_with_condition	0
0.0054936213	HGNC:8620	MONDO:0975795	biolink:gene_associated_with_condition	0
0.4248144	HGNC:8654	MONDO:0013469	biolink:gene_associated_with_condition	0
0.0063163578	HGNC:8654	MONDO:0016863	biolink:gene_associated_with_condition	0
0.44783002	HGNC:16068	MONDO:0018877	biolink:gene_associated_with_condition	0
0.66248596	HGNC:8790	MONDO:0009598	biolink:causes	0
0.13217509	HGNC:26257	MONDO:0012868	biolink:contributes_to	0
0.96674705	HGNC:26257	MONDO:0008377	biolink:contributes_to	0
0.5930222	HGNC:9717	MONDO:0007167	biolink:gene_associated_with_condition	0
0.71198106	HGNC:9717	MONDO:0012669	biolink:causes	0
0.7146377	HGNC:8851	MONDO:0800029	biolink:gene_associated_with_condition	0
0.21165895	HGNC:8851	MONDO:0011405	biolink:gene_associated_with_condition	0
0.5862929	HGNC:8851	MONDO:0030281	biolink:causes	0
0.4431018	HGNC:8854	MONDO:0030918	biolink:causes	0
0.66392636	HGNC:8857	MONDO:0024541	biolink:gene_associated_with_condition	0
0.8655277	HGNC:8857	MONDO:0033479	biolink:gene_associated_with_condition	0
0.65697235	HGNC:8857	MONDO:0032677	biolink:gene_associated_with_condition	0
0.2664076	HGNC:20672	MONDO:0958085	biolink:causes	0
0.7390404	HGNC:25985	MONDO:0012892	biolink:gene_associated_with_condition	0
0.022421783	HGNC:25985	MONDO:0957220	biolink:gene_associated_with_condition	0
0.013805891	HGNC:23785	MONDO:0012299	biolink:gene_associated_with_condition	0
0.3218716	HGNC:23785	MONDO:0958194	biolink:gene_associated_with_condition	0
0.39593297	HGNC:9039	MONDO:0007158	biolink:causes	0
0.07359876	HGNC:9039	MONDO:0011484	biolink:gene_associated_with_condition	0
0.24191445	HGNC:9039	MONDO:0011546	biolink:causes	0
0.43734902	HGNC:9039	MONDO:0007881	biolink:gene_associated_with_condition	0
0.5906138	HGNC:9039	MONDO:0013690	biolink:causes	0
0.3178626	HGNC:9039	MONDO:0007589	biolink:gene_associated_with_condition	0
0.3074905	HGNC:9043	MONDO:0013301	biolink:gene_associated_with_condition	0
0.76428616	HGNC:9056	MONDO:0014507	biolink:causes	0
0.38466385	HGNC:9056	MONDO:0019456	biolink:causes	0
0.34546706	HGNC:19218	MONDO:0010790	biolink:causes	0
0.72534597	HGNC:29017	MONDO:0018598	biolink:gene_associated_with_condition	0
0.6140487	HGNC:9086	MONDO:0013719	biolink:gene_associated_with_condition	0
0.75693864	HGNC:9086	MONDO:0008795	biolink:gene_associated_with_condition	0
0.62445897	HGNC:9086	MONDO:0010489	biolink:gene_associated_with_condition	0
0.7489494	HGNC:9091	MONDO:0033116	biolink:causes	0
0.56618667	HGNC:9091	MONDO:0014052	biolink:causes	0
0.5895524	HGNC:9091	MONDO:0014060	biolink:causes	0
0.50068563	HGNC:9091	MONDO:0016681	biolink:causes	0
0.77564627	HGNC:9091	MONDO:0008678	biolink:causes	0
0.34425795	HGNC:9091	MONDO:0008660	biolink:causes	0
0.8942139	HGNC:14107	MONDO:0015353	biolink:causes	0
0.6735473	HGNC:9118	MONDO:0009625	biolink:gene_associated_with_condition	0
0.44670495	HGNC:9118	MONDO:0017051	biolink:gene_associated_with_condition	0
0.63130814	HGNC:9118	MONDO:0013925	biolink:causes	0
0.6660077	HGNC:23166	MONDO:0012596	biolink:causes	0
0.6210212	HGNC:9177	MONDO:0007944	biolink:causes	0
0.5500693	HGNC:9177	MONDO:0032577	biolink:causes	0
0.7814281	HGNC:30074	MONDO:0011397	biolink:gene_associated_with_condition	0
0.5406955	HGNC:30074	MONDO:0016672	biolink:gene_associated_with_condition	0
0.71115255	HGNC:30074	MONDO:0859207	biolink:gene_associated_with_condition	0
0.3692284	HGNC:30074	MONDO:0013414	biolink:gene_associated_with_condition	0
0.7624761	HGNC:30074	MONDO:0016216	biolink:gene_associated_with_condition	0
0.61217374	HGNC:30074	MONDO:0017715	biolink:gene_associated_with_condition	0
0.6722005	HGNC:17652	MONDO:0007922	biolink:causes	0
0.55182934	HGNC:17652	MONDO:0014900	biolink:causes	0
0.07699899	HGNC:9220	MONDO:0009960	biolink:causes	0
0.07887595	HGNC:9220	MONDO:0011091	biolink:causes	0
0.13303176	HGNC:9220	MONDO:0014343	biolink:causes	0
0.10702802	HGNC:9220	MONDO:0018006	biolink:causes	0
0.556961	HGNC:9220	MONDO:0008542	biolink:causes	0
0.82657117	HGNC:9277	MONDO:0013690	biolink:causes	0
0.52023625	HGNC:25415	MONDO:0013766	biolink:causes	0
0.55747217	HGNC:25415	MONDO:0014343	biolink:gene_associated_with_condition	0
0.71541214	HGNC:25415	MONDO:0008377	biolink:causes	0
0.47968596	HGNC:25415	MONDO:0033282	biolink:gene_associated_with_condition	0
0.5333323	HGNC:13993	MONDO:0011902	biolink:gene_associated_with_condition	0
0.26602778	HGNC:13993	MONDO:0013342	biolink:gene_associated_with_condition	0
0.3059843	HGNC:13993	MONDO:0008542	biolink:gene_associated_with_condition	0
0.3767467	HGNC:17019	MONDO:0007485	biolink:causes	0
0.44835326	HGNC:17019	MONDO:0859293	biolink:causes	0
0.35192186	HGNC:9382	MONDO:0008005	biolink:causes	0
0.8122145	HGNC:9382	MONDO:0010185	biolink:causes	0
0.30015478	HGNC:17340	MONDO:0008310	biolink:causes	0
0.7421046	HGNC:17340	MONDO:0017218	biolink:causes	0
0.1311081	HGNC:17340	MONDO:0054750	biolink:causes	0
0.0067347363	HGNC:9942	MONDO:0011547	biolink:causes	0
0.68248874	HGNC:19129	MONDO:0013357	biolink:gene_associated_with_condition	0
0.90443605	HGNC:19129	MONDO:0014343	biolink:gene_associated_with_condition	0
0.6233904	HGNC:19129	MONDO:0013977	biolink:gene_associated_with_condition	0
0.1288437	HGNC:19129	MONDO:0008542	biolink:causes	0
0.70247126	HGNC:19129	MONDO:0013570	biolink:causes	0
0.06358682	HGNC:9508	MONDO:0957268	biolink:causes	0
0.7568924	HGNC:9577	MONDO:0030518	biolink:causes	0
0.5778588	HGNC:9577	MONDO:0013664	biolink:causes	0
0.7737329	HGNC:9577	MONDO:0016579	biolink:causes	0
0.64816856	HGNC:823	MONDO:0008426	biolink:causes	0
0.64370817	HGNC:869	MONDO:0013021	biolink:causes	0
0.21892945	HGNC:897	MONDO:0009885	biolink:gene_associated_with_condition	0
0.022953542	HGNC:897	MONDO:0014040	biolink:gene_associated_with_condition	0
0.913832	HGNC:17978	MONDO:0020769	biolink:gene_associated_with_condition	0
0.86900526	HGNC:17978	MONDO:0007794	biolink:gene_associated_with_condition	0
0.79635024	HGNC:939	MONDO:0009728	biolink:causes	0
0.85238093	HGNC:961	MONDO:0014343	biolink:gene_associated_with_condition	0
0.42372048	HGNC:970	MONDO:0032650	biolink:causes	0
0.34569445	HGNC:1020	MONDO:0008559	biolink:gene_associated_with_condition	0
0.5000733	HGNC:17208	MONDO:0008633	biolink:gene_associated_with_condition	0
0.48333874	HGNC:4332	MONDO:0007244	biolink:causes	0
0.7718757	HGNC:4332	MONDO:0044626	biolink:causes	0
0.8828607	HGNC:1067	MONDO:0957284	biolink:causes	0
0.2607554	HGNC:3581	MONDO:0012412	biolink:contributes_to	0
0.04126784	HGNC:1101	MONDO:0012980	biolink:gene_associated_with_condition	0
0.018218473	HGNC:1101	MONDO:0014997	biolink:contributes_to	0
0.5007548	HGNC:1144	MONDO:0007363	biolink:causes	0
0.049439788	HGNC:9831	MONDO:0007723	biolink:causes	0
0.62086904	HGNC:17770	MONDO:0020521	biolink:causes	0
0.6146467	HGNC:9910	MONDO:0031057	biolink:gene_associated_with_condition	0
0.6221465	HGNC:9910	MONDO:0008858	biolink:gene_associated_with_condition	0
0.5841149	HGNC:9910	MONDO:0019522	biolink:gene_associated_with_condition	0
0.7605173	HGNC:9910	MONDO:0011338	biolink:gene_associated_with_condition	0
0.470788	HGNC:20759	MONDO:0009354	biolink:causes	0
0.65506566	HGNC:20759	MONDO:0013050	biolink:causes	0
0.7972297	HGNC:20759	MONDO:0020354	biolink:causes	0
0.12674993	HGNC:9955	MONDO:0013033	biolink:gene_associated_with_condition	0
0.12598906	HGNC:15578	MONDO:0009885	biolink:causes	0
0.39137104	HGNC:15578	MONDO:0020345	biolink:causes	0
0.5373055	HGNC:15578	MONDO:0859207	biolink:causes	0
0.4950973	HGNC:15578	MONDO:0017811	biolink:causes	0
0.6163823	HGNC:20788	MONDO:0020298	biolink:gene_associated_with_condition	0
0.31322145	HGNC:10024	MONDO:0018256	biolink:causes	0
0.2575109	HGNC:10024	MONDO:0008002	biolink:causes	0
0.35662732	HGNC:21686	MONDO:0013634	biolink:causes	0
0.04776061	HGNC:10057	MONDO:0007805	biolink:gene_associated_with_condition	0
0.8552457	HGNC:10193	MONDO:0100354	biolink:gene_associated_with_condition	0
0.98126924	HGNC:10193	MONDO:0060707	biolink:causes	0
0.1410814	HGNC:10254	MONDO:0019157	biolink:causes	0
0.44048747	HGNC:10260	MONDO:0007738	biolink:gene_associated_with_condition	0
0.75941163	HGNC:10260	MONDO:0032653	biolink:causes	0
0.6753669	HGNC:10345	MONDO:0007922	biolink:causes	0
0.28470722	HGNC:10345	MONDO:0008306	biolink:causes	0
0.602146	HGNC:10345	MONDO:0007797	biolink:causes	0
0.23188947	HGNC:10345	MONDO:0859238	biolink:causes	0
0.64342576	HGNC:10381	MONDO:0012866	biolink:gene_associated_with_condition	0
0.33473715	HGNC:10387	MONDO:0014135	biolink:gene_associated_with_condition	0
0.41858575	HGNC:10387	MONDO:0007537	biolink:gene_associated_with_condition	0
0.29836673	HGNC:10387	MONDO:0012996	biolink:gene_associated_with_condition	0
0.24260266	HGNC:10387	MONDO:0014052	biolink:gene_associated_with_condition	0
0.02811895	HGNC:10387	MONDO:0013554	biolink:gene_associated_with_condition	0
0.5295655	HGNC:10451	MONDO:0008436	biolink:causes	0
0.63996184	HGNC:10451	MONDO:0032646	biolink:causes	0
0.6348739	HGNC:10451	MONDO:0012892	biolink:causes	0
0.22234012	HGNC:21057	MONDO:0012143	biolink:causes	0
0.3362435	HGNC:10468	MONDO:0009143	biolink:gene_associated_with_condition	0
0.7862778	HGNC:18647	MONDO:0014305	biolink:causes	0
0.49822816	HGNC:28991	MONDO:0025354	biolink:causes	0
0.28740332	HGNC:28991	MONDO:0032937	biolink:causes	0
0.71180063	HGNC:10472	MONDO:0800026	biolink:causes	0
0.6236256	HGNC:10483	MONDO:0009478	biolink:gene_associated_with_condition	0
0.036712512	HGNC:21088	MONDO:0018206	biolink:causes	0
0.0056038923	HGNC:10588	MONDO:0012803	biolink:causes	0
0.032037564	HGNC:10588	MONDO:0016863	biolink:gene_associated_with_condition	0
0.008036042	HGNC:10591	MONDO:0971064	biolink:gene_associated_with_condition	0
0.12847584	HGNC:10706	MONDO:0009796	biolink:causes	0
0.31848195	HGNC:10723	MONDO:0009475	biolink:causes	0
0.28343853	HGNC:10723	MONDO:0013512	biolink:causes	0
0.080840476	HGNC:1228	MONDO:0011484	biolink:causes	0
0.0028034823	HGNC:1228	MONDO:0044255	biolink:causes	0
0.48685494	HGNC:10771	MONDO:0010645	biolink:gene_associated_with_condition	0
0.43649614	HGNC:10771	MONDO:0014665	biolink:causes	0
0.40609372	HGNC:10771	MONDO:0012382	biolink:gene_associated_with_condition	0
0.6285063	HGNC:10771	MONDO:0020603	biolink:gene_associated_with_condition	0
0.6977328	HGNC:13867	MONDO:0014141	biolink:causes	0
0.57987374	HGNC:13867	MONDO:0011184	biolink:causes	0
0.6840089	HGNC:10852	MONDO:0019407	biolink:causes	0
0.47696865	HGNC:19353	MONDO:0010176	biolink:gene_associated_with_condition	0
0.5429333	HGNC:19353	MONDO:0032653	biolink:gene_associated_with_condition	0
0.5932065	HGNC:10889	MONDO:0007949	biolink:gene_associated_with_condition	0
0.6846514	HGNC:11073	MONDO:0018336	biolink:causes	0
0.6169976	HGNC:23089	MONDO:0014343	biolink:causes	0
0.29965863	HGNC:23089	MONDO:0014480	biolink:causes	0
0.5141797	HGNC:23089	MONDO:0011273	biolink:causes	0
0.3501821	HGNC:14409	MONDO:0011603	biolink:causes	0
0.5058054	HGNC:14409	MONDO:0017111	biolink:causes	0
0.3396546	HGNC:3018	MONDO:0007556	biolink:gene_associated_with_condition	0
0.031751152	HGNC:14469	MONDO:0008673	biolink:gene_associated_with_condition	0
0.08603744	HGNC:14469	MONDO:0010056	biolink:gene_associated_with_condition	0
0.34422496	HGNC:11019	MONDO:0013531	biolink:gene_associated_with_condition	0
0.41207027	HGNC:11019	MONDO:0033620	biolink:gene_associated_with_condition	0
0.44334692	HGNC:11019	MONDO:0008377	biolink:gene_associated_with_condition	0
0.5278297	HGNC:20197	MONDO:0011397	biolink:causes	0
0.71366936	HGNC:20197	MONDO:0013482	biolink:causes	0
0.03100444	HGNC:18762	MONDO:0012080	biolink:causes	0
0.33474657	HGNC:29956	MONDO:0019373	biolink:causes	0
0.005638854	HGNC:10961	MONDO:0971069	biolink:gene_associated_with_condition	0
0.23513773	HGNC:10961	MONDO:0016216	biolink:gene_associated_with_condition	0
0.75520605	HGNC:10955	MONDO:0958085	biolink:causes	0
0.623452	HGNC:17814	MONDO:0014836	biolink:causes	0
0.08615378	HGNC:20297	MONDO:0100229	biolink:causes	0
0.6756504	HGNC:11102	MONDO:0012123	biolink:causes	0
0.59430027	HGNC:11102	MONDO:0016782	biolink:causes	0
0.10465653	HGNC:11102	MONDO:0021019	biolink:causes	0
0.17015257	HGNC:11109	MONDO:0008483	biolink:causes	0
0.10529325	HGNC:11118	MONDO:0009061	biolink:gene_associated_with_condition	0
0.4044032	HGNC:11138	MONDO:0010792	biolink:causes	0
0.69619054	HGNC:1246	MONDO:0008637	biolink:gene_associated_with_condition	0
0.006624857	HGNC:1375	MONDO:0032592	biolink:causes	0
0.11185906	HGNC:1375	MONDO:0032869	biolink:causes	0
0.7256953	HGNC:27089	MONDO:0012205	biolink:gene_associated_with_condition	0
0.5081412	HGNC:27089	MONDO:0018332	biolink:causes	0
0.4428817	HGNC:27089	MONDO:0011239	biolink:gene_associated_with_condition	0
0.025442986	HGNC:27089	MONDO:0030875	biolink:gene_associated_with_condition	0
0.18530494	HGNC:17116	MONDO:0007137	biolink:causes	0
0.01950204	HGNC:17116	MONDO:0014603	biolink:causes	0
0.057519887	HGNC:1541	MONDO:0011984	biolink:causes	0
0.08650261	HGNC:11161	MONDO:0011066	biolink:causes	0
0.46825173	HGNC:14967	MONDO:0015783	biolink:causes	0
0.6928391	HGNC:14967	MONDO:0009779	biolink:causes	0
0.013111519	HGNC:26293	MONDO:0044638	biolink:causes	0
0.76584846	HGNC:11280	MONDO:0018417	biolink:causes	0
0.7069194	HGNC:11280	MONDO:0018564	biolink:causes	0
0.74724525	HGNC:11303	MONDO:0007158	biolink:gene_associated_with_condition	0
0.72958875	HGNC:18628	MONDO:0014343	biolink:causes	0
0.65745467	HGNC:11368	MONDO:0008377	biolink:causes	0
0.8396034	HGNC:24592	MONDO:0014429	biolink:causes	0
0.8131985	HGNC:24592	MONDO:0014072	biolink:causes	0
0.05361198	HGNC:24592	MONDO:0012883	biolink:causes	0
0.74966896	HGNC:24592	MONDO:0014995	biolink:causes	0
0.5564151	HGNC:17089	MONDO:0010933	biolink:causes	0
0.61208373	HGNC:11535	MONDO:0007875	biolink:causes	0
0.45017236	HGNC:11535	MONDO:0011713	biolink:gene_associated_with_condition	0
0.56347036	HGNC:11535	MONDO:0010122	biolink:causes	0
0.005631018	HGNC:11535	MONDO:0018000	biolink:gene_associated_with_condition	0
0.6762063	HGNC:11546	MONDO:0018393	biolink:causes	0
0.8544891	HGNC:26887	MONDO:0957876	biolink:causes	0
0.3490358	HGNC:11573	MONDO:0011829	biolink:gene_associated_with_condition	0
0.13356951	HGNC:11582	MONDO:0009061	biolink:gene_associated_with_condition	0
0.685169	HGNC:11582	MONDO:0009593	biolink:causes	0
0.5011857	HGNC:11582	MONDO:0032872	biolink:gene_associated_with_condition	0
0.5593109	HGNC:29529	MONDO:0014094	biolink:gene_associated_with_condition	0
0.7332862	HGNC:11599	MONDO:0975757	biolink:causes	0
0.13563195	HGNC:11623	MONDO:0013587	biolink:causes	0
0.62327045	HGNC:11654	MONDO:0012041	biolink:causes	0
0.43438601	HGNC:11654	MONDO:0032577	biolink:causes	0
0.81935024	HGNC:25774	MONDO:0020745	biolink:causes	0
0.67379165	HGNC:25774	MONDO:0032868	biolink:causes	0
0.6734639	HGNC:25774	MONDO:0009953	biolink:causes	0
0.20365347	HGNC:11720	MONDO:0013357	biolink:causes	0
0.68844527	HGNC:11720	MONDO:0008377	biolink:causes	0
0.38470894	HGNC:11720	MONDO:0010317	biolink:causes	0
0.20213062	HGNC:8117	MONDO:0012624	biolink:gene_associated_with_condition	0
0.39560726	HGNC:8117	MONDO:0013070	biolink:gene_associated_with_condition	0
0.08810442	HGNC:8117	MONDO:0014198	biolink:gene_associated_with_condition	0
0.58034205	HGNC:8117	MONDO:0014343	biolink:gene_associated_with_condition	0
0.19540493	HGNC:8117	MONDO:0013587	biolink:gene_associated_with_condition	0
0.16556896	HGNC:11730	MONDO:0012904	biolink:causes	0
0.41973987	HGNC:11730	MONDO:0018055	biolink:causes	0
0.7055972	HGNC:11737	MONDO:0014857	biolink:gene_associated_with_condition	0
0.32005748	HGNC:11771	MONDO:0012225	biolink:gene_associated_with_condition	0
0.029192243	HGNC:11771	MONDO:0016598	biolink:gene_associated_with_condition	0
0.603646	HGNC:11771	MONDO:0020692	biolink:causes	0
0.46018815	HGNC:11771	MONDO:0700250	biolink:causes	0
0.6148377	HGNC:11771	MONDO:0014343	biolink:causes	0
0.37317064	HGNC:11771	MONDO:0016681	biolink:gene_associated_with_condition	0
0.5548981	HGNC:11771	MONDO:0008377	biolink:causes	0
0.45354152	HGNC:11771	MONDO:0012520	biolink:causes	0
0.57395476	HGNC:11771	MONDO:0013323	biolink:gene_associated_with_condition	0
0.49247336	HGNC:11771	MONDO:0007794	biolink:gene_associated_with_condition	0
0.41540644	HGNC:11771	MONDO:0012041	biolink:gene_associated_with_condition	0
0.55326796	HGNC:11771	MONDO:0957281	biolink:causes	0
0.2004038	HGNC:11776	MONDO:0008278	biolink:gene_associated_with_condition	0
0.35198134	HGNC:11776	MONDO:0013125	biolink:gene_associated_with_condition	0
0.6737156	HGNC:11776	MONDO:0008377	biolink:gene_associated_with_condition	0
0.44684315	HGNC:11781	MONDO:0054615	biolink:gene_associated_with_condition	0
0.03343879	HGNC:11795	MONDO:0016598	biolink:gene_associated_with_condition	0
0.74188715	HGNC:11795	MONDO:0007042	biolink:gene_associated_with_condition	0
0.47352302	HGNC:11795	MONDO:0009892	biolink:gene_associated_with_condition	0
0.81455183	HGNC:11795	MONDO:0007958	biolink:causes	0
0.68969905	HGNC:11795	MONDO:0013885	biolink:gene_associated_with_condition	0
0.7621216	HGNC:11795	MONDO:0010747	biolink:gene_associated_with_condition	0
0.43354076	HGNC:17754	MONDO:0957382	biolink:causes	0
0.69136834	HGNC:17754	MONDO:0013526	biolink:causes	0
0.8034953	HGNC:29118	MONDO:0015278	biolink:causes	0
0.09618182	HGNC:25913	MONDO:0016281	biolink:gene_associated_with_condition	0
0.6122703	HGNC:26038	MONDO:0007922	biolink:gene_associated_with_condition	0
0.6402693	HGNC:37234	MONDO:0014693	biolink:causes	0
0.8364102	HGNC:37234	MONDO:0007032	biolink:causes	0
0.8351815	HGNC:11944	MONDO:0014419	biolink:causes	0
0.60240275	HGNC:11944	MONDO:0019947	biolink:causes	0
0.76326245	HGNC:19661	MONDO:0016103	biolink:causes	0
0.009825156	HGNC:12015	MONDO:0017696	biolink:causes	0
0.3839948	HGNC:1343	MONDO:0013222	biolink:causes	0
0.4173785	HGNC:1343	MONDO:0020378	biolink:causes	0
0.26910725	HGNC:1343	MONDO:0007925	biolink:contributes_to	0
0.55690116	HGNC:23068	MONDO:0007790	biolink:causes	0
0.7757551	HGNC:12261	MONDO:0009855	biolink:causes	0
0.7042952	HGNC:12261	MONDO:0013060	biolink:causes	0
0.011121514	HGNC:12261	MONDO:0007361	biolink:causes	0
0.7489482	HGNC:12261	MONDO:0011529	biolink:causes	0
0.26432267	HGNC:17761	MONDO:0014210	biolink:causes	0
0.7051898	HGNC:12299	MONDO:0014686	biolink:gene_associated_with_condition	0
0.59108394	HGNC:12299	MONDO:0033045	biolink:gene_associated_with_condition	0
0.75056374	HGNC:14006	MONDO:0007922	biolink:causes	0
0.89257926	HGNC:12362	MONDO:0015278	biolink:causes	0
0.6458655	HGNC:12362	MONDO:0032712	biolink:causes	0
0.5622081	HGNC:21641	MONDO:0007537	biolink:causes	0
0.037267026	HGNC:19141	MONDO:0012911	biolink:causes	0
0.014243848	HGNC:19141	MONDO:0700297	biolink:causes	0
0.5535473	HGNC:23700	MONDO:0014343	biolink:causes	0
0.7251488	HGNC:12403	MONDO:0032636	biolink:gene_associated_with_condition	0
0.8579602	HGNC:12403	MONDO:0014343	biolink:gene_associated_with_condition	0
0.7030871	HGNC:12403	MONDO:0968976	biolink:causes	0
0.092815995	HGNC:12403	MONDO:0014853	biolink:gene_associated_with_condition	0
0.6906658	HGNC:12405	MONDO:0009855	biolink:causes	0
0.72126067	HGNC:20772	MONDO:0011830	biolink:gene_associated_with_condition	0
0.7860946	HGNC:1160	MONDO:0030055	biolink:gene_associated_with_condition	0
0.75158185	HGNC:12463	MONDO:0011823	biolink:gene_associated_with_condition	0
0.30828524	HGNC:12463	MONDO:0007288	biolink:gene_associated_with_condition	0
0.20206818	HGNC:12463	MONDO:0958085	biolink:gene_associated_with_condition	0
0.6434619	HGNC:14304	MONDO:0007615	biolink:causes	0
0.4411226	HGNC:14304	MONDO:0012166	biolink:causes	0
0.6602429	HGNC:14304	MONDO:0019123	biolink:causes	0
0.45546523	HGNC:14304	MONDO:0032572	biolink:causes	0
0.26631114	HGNC:14304	MONDO:0032892	biolink:causes	0
0.017902786	HGNC:12572	MONDO:0017389	biolink:gene_associated_with_condition	0
0.011352436	HGNC:12593	MONDO:0971064	biolink:contributes_to	0
0.5424012	HGNC:12593	MONDO:0011830	biolink:contributes_to	0
0.5374972	HGNC:12597	MONDO:0014343	biolink:causes	0
0.6051117	HGNC:20080	MONDO:0012689	biolink:causes	0
0.88390505	HGNC:12666	MONDO:0014343	biolink:causes	0
0.002010638	HGNC:12666	MONDO:0011226	biolink:gene_associated_with_condition	0
0.087881446	HGNC:12687	MONDO:0800452	biolink:gene_associated_with_condition	0
0.8360487	HGNC:12687	MONDO:0008377	biolink:gene_associated_with_condition	0
0.5421257	HGNC:13488	MONDO:0012221	biolink:causes	0
0.41059044	HGNC:13488	MONDO:0008693	biolink:gene_associated_with_condition	0
0.18295275	HGNC:13488	MONDO:0011156	biolink:causes	0
0.48385853	HGNC:13488	MONDO:0014918	biolink:gene_associated_with_condition	0
0.3383027	HGNC:13488	MONDO:0009867	biolink:causes	0
0.6292836	HGNC:14579	MONDO:0014386	biolink:causes	0
0.45022044	HGNC:14579	MONDO:0009529	biolink:causes	0
0.026715785	HGNC:28385	MONDO:0017360	biolink:causes	0
0.013729653	HGNC:28984	MONDO:0100468	biolink:causes	0
0.674068	HGNC:25072	MONDO:0014429	biolink:causes	0
0.05183061	HGNC:25072	MONDO:0013034	biolink:causes	0
0.37489232	HGNC:26790	MONDO:0014343	biolink:causes	0
0.0039804853	HGNC:26790	MONDO:0044255	biolink:causes	0
0.31802505	HGNC:14544	MONDO:0100101	biolink:gene_associated_with_condition	0
0.42671075	HGNC:14544	MONDO:0008931	biolink:gene_associated_with_condition	0
0.24981292	HGNC:12810	MONDO:0011724	biolink:causes	0
0.45967576	HGNC:15516	MONDO:0060729	biolink:causes	0
0.71540827	HGNC:15516	MONDO:0008377	biolink:gene_associated_with_condition	0
0.9234242	HGNC:15516	MONDO:0009079	biolink:gene_associated_with_condition	0
0.45928857	HGNC:12851	MONDO:0031446	biolink:gene_associated_with_condition	0
0.25724292	HGNC:12852	MONDO:0014745	biolink:causes	0
0.7940616	HGNC:20761	MONDO:0958242	biolink:causes	0
0.5858965	HGNC:20761	MONDO:0008854	biolink:causes	0
0.62493867	HGNC:12877	MONDO:0010839	biolink:gene_associated_with_condition	0
0.5283054	HGNC:12877	MONDO:0015519	biolink:gene_associated_with_condition	0
0.8194582	HGNC:12877	MONDO:0008377	biolink:gene_associated_with_condition	0
0.2883097	HGNC:12309	MONDO:0007841	biolink:causes	0
0.37105533	HGNC:12309	MONDO:0020507	biolink:causes	0
0.93370944	HGNC:29316	MONDO:0010077	biolink:causes	0
0.49563462	HGNC:10632	MONDO:0010028	biolink:contributes_to	0
0.45521083	HGNC:1706	MONDO:0010250	biolink:gene_associated_with_condition	0
0.85550517	HGNC:1630	MONDO:0009657	biolink:gene_associated_with_condition	0
0.32213685	HGNC:1718	MONDO:0044714	biolink:causes	0
0.5632223	HGNC:1723	MONDO:0007404	biolink:causes	0
0.44973063	HGNC:1786	MONDO:0020506	biolink:gene_associated_with_condition	0
0.730896	HGNC:1786	MONDO:0032855	biolink:causes	0
0.82461786	HGNC:1786	MONDO:0031481	biolink:gene_associated_with_condition	0
0.19644539	HGNC:26684	MONDO:0013212	biolink:causes	0
0.20679662	HGNC:26684	MONDO:0007838	biolink:causes	0
0.26343587	HGNC:26684	MONDO:0030054	biolink:gene_associated_with_condition	0
0.40774778	HGNC:28506	MONDO:0013962	biolink:gene_associated_with_condition	0
0.20772925	HGNC:28506	MONDO:0016216	biolink:gene_associated_with_condition	0
0.057301607	HGNC:28506	MONDO:0976266	biolink:gene_associated_with_condition	0
0.24740845	HGNC:4888	MONDO:0014343	biolink:gene_associated_with_condition	0
0.0068877004	HGNC:4888	MONDO:0957202	biolink:contributes_to	0
0.42356572	HGNC:16627	MONDO:0013529	biolink:gene_associated_with_condition	0
0.8693523	HGNC:21219	MONDO:0015278	biolink:causes	0
0.012222206	HGNC:21219	MONDO:0044224	biolink:causes	0
0.26569343	HGNC:103	MONDO:0008485	biolink:causes	0
0.3907194	HGNC:103	MONDO:0008546	biolink:causes	0
0.02105648	HGNC:7877	MONDO:0011285	biolink:causes	0
0.2726222	HGNC:8011	MONDO:0011713	biolink:gene_associated_with_condition	0
0.19954856	HGNC:2198	MONDO:0010510	biolink:gene_associated_with_condition	0
0.76582205	HGNC:2198	MONDO:0957993	biolink:causes	0
0.70886594	HGNC:2198	MONDO:0008542	biolink:gene_associated_with_condition	0
0.57260656	HGNC:2201	MONDO:0020727	biolink:causes	0
0.8270896	HGNC:2213	MONDO:0014343	biolink:causes	0
0.015201408	HGNC:2186	MONDO:0010339	biolink:gene_associated_with_condition	0
0.006602079	HGNC:2186	MONDO:0011351	biolink:causes	0
0.5183051	HGNC:2190	MONDO:0033365	biolink:causes	0
0.4223746	HGNC:18603	MONDO:0020507	biolink:gene_associated_with_condition	0
0.44294405	HGNC:25223	MONDO:0011239	biolink:contributes_to	0
0.48620588	HGNC:20233	MONDO:0100252	biolink:gene_associated_with_condition	0
0.0249991	HGNC:11701	MONDO:0013384	biolink:causes	0
0.67470634	HGNC:11701	MONDO:0013162	biolink:causes	0
0.006367796	HGNC:2511	MONDO:0018254	biolink:causes	0
0.37282112	HGNC:2511	MONDO:0016309	biolink:causes	0
0.6297256	HGNC:2527	MONDO:0010099	biolink:causes	0
0.4463339	HGNC:2527	MONDO:0008542	biolink:causes	0
0.7466281	HGNC:28672	MONDO:0032612	biolink:causes	0
0.042210676	HGNC:2621	MONDO:0007363	biolink:causes	0
0.510389	HGNC:2592	MONDO:0009890	biolink:gene_associated_with_condition	0
0.52362305	HGNC:2592	MONDO:0014309	biolink:gene_associated_with_condition	0
0.34289387	HGNC:2592	MONDO:0009495	biolink:causes	0
0.13739985	HGNC:26383	MONDO:0008234	biolink:causes	0
0.14937404	HGNC:2714	MONDO:0013391	biolink:causes	0
0.539463	HGNC:2846	MONDO:0012656	biolink:causes	0
0.42455435	HGNC:2846	MONDO:0008542	biolink:causes	0
0.6557706	HGNC:2858	MONDO:0009210	biolink:causes	0
0.47937346	HGNC:2858	MONDO:0011229	biolink:causes	0
0.33866617	HGNC:2858	MONDO:0014998	biolink:gene_associated_with_condition	0
0.77309686	HGNC:2858	MONDO:0014343	biolink:causes	0
0.81023896	HGNC:2858	MONDO:0030312	biolink:gene_associated_with_condition	0
0.58227026	HGNC:23537	MONDO:0013797	biolink:causes	0
0.018781701	HGNC:23537	MONDO:0044224	biolink:causes	0
0.5942627	HGNC:17210	MONDO:0007158	biolink:causes	0
0.15207928	HGNC:17210	MONDO:0014539	biolink:gene_associated_with_condition	0
0.29694933	HGNC:2898	MONDO:0014118	biolink:gene_associated_with_condition	0
0.011244216	HGNC:2908	MONDO:0013872	biolink:gene_associated_with_condition	0
0.3704486	HGNC:2916	MONDO:0958189	biolink:causes	0
0.41924232	HGNC:2916	MONDO:0004951	biolink:causes	0
0.35362992	HGNC:2950	MONDO:0014343	biolink:causes	0
0.34849644	HGNC:2973	MONDO:0012738	biolink:gene_associated_with_condition	0
0.15578681	HGNC:2978	MONDO:0009252	biolink:causes	0
0.7612827	HGNC:2978	MONDO:0014089	biolink:causes	0
0.75402683	HGNC:2978	MONDO:0019374	biolink:causes	0
0.48766655	HGNC:2988	MONDO:0011239	biolink:gene_associated_with_condition	0
0.78216964	HGNC:2988	MONDO:0008377	biolink:gene_associated_with_condition	0
0.51274425	HGNC:3003	MONDO:0010392	biolink:gene_associated_with_condition	0
0.14854184	HGNC:3010	MONDO:0010933	biolink:causes	0
0.11328616	HGNC:3010	MONDO:0008542	biolink:contributes_to	0
0.447115	HGNC:21307	MONDO:0013342	biolink:causes	0
0.4397694	HGNC:21307	MONDO:0016563	biolink:causes	0
0.28994992	HGNC:20908	MONDO:0009232	biolink:causes	0
0.56054175	HGNC:20908	MONDO:0009215	biolink:causes	0
0.47109434	HGNC:20908	MONDO:0035651	biolink:causes	0
0.77463704	HGNC:3219	MONDO:0012434	biolink:causes	0
0.008507111	HGNC:3219	MONDO:0015635	biolink:causes	0
0.8416125	HGNC:3239	MONDO:0014343	biolink:causes	0
0.7662261	HGNC:3255	MONDO:0026777	biolink:gene_associated_with_condition	0
0.8134858	HGNC:3255	MONDO:0012892	biolink:gene_associated_with_condition	0
0.005278642	HGNC:3255	MONDO:0012395	biolink:gene_associated_with_condition	0
0.10100121	HGNC:3257	MONDO:0008340	biolink:causes	0
0.062123634	HGNC:3257	MONDO:0010169	biolink:gene_associated_with_condition	0
0.029859573	HGNC:3257	MONDO:0016476	biolink:gene_associated_with_condition	0
0.41949436	HGNC:3257	MONDO:0009925	biolink:gene_associated_with_condition	0
0.5783854	HGNC:3257	MONDO:0014339	biolink:causes	0
0.39980444	HGNC:3267	MONDO:0012693	biolink:causes	0
0.2857853	HGNC:3267	MONDO:0014222	biolink:causes	0
0.4623627	HGNC:14198	MONDO:0019758	biolink:contributes_to	0
0.7168602	HGNC:14418	MONDO:0032726	biolink:causes	0
0.41689533	HGNC:14418	MONDO:0011106	biolink:causes	0
0.3879608	HGNC:14415	MONDO:0850095	biolink:causes	0
0.7227602	HGNC:14415	MONDO:0016579	biolink:causes	0
0.46385214	HGNC:14415	MONDO:0016563	biolink:causes	0
0.389244	HGNC:11529	MONDO:0007057	biolink:causes	0
0.523227	HGNC:3433	MONDO:0019310	biolink:causes	0
0.6484207	HGNC:3433	MONDO:0859160	biolink:causes	0
0.14006408	HGNC:3446	MONDO:0008490	biolink:causes	0
0.3235579	HGNC:23994	MONDO:0009031	biolink:causes	0
0.124461	MONDO:0000914	HGNC:620	biolink:gene_associated_with_condition	0
0.09917109	MONDO:0000914	HGNC:132	biolink:causes	0
0.63664824	MONDO:0004951	HGNC:6412	biolink:gene_associated_with_condition	0
0.9095536	MONDO:0004951	HGNC:3544	biolink:gene_associated_with_condition	0
0.5982252	MONDO:0004951	HGNC:23657	biolink:gene_associated_with_condition	0
0.59758437	MONDO:0004951	HGNC:29932	biolink:gene_associated_with_condition	0
0.41924232	MONDO:0004951	HGNC:2916	biolink:causes	0
0.41225052	MONDO:0006952	HGNC:18640	biolink:gene_associated_with_condition	0
0.852802	MONDO:0007032	HGNC:6080	biolink:causes	0
0.8364102	MONDO:0007032	HGNC:37234	biolink:causes	0
0.62643033	MONDO:0007052	HGNC:9722	biolink:causes	0
0.7244262	MONDO:0007052	HGNC:3052	biolink:gene_associated_with_condition	0
0.389244	MONDO:0007057	HGNC:11529	biolink:causes	0
0.71257526	MONDO:0007157	HGNC:7132	biolink:gene_associated_with_condition	0
0.3887055	MONDO:0007157	HGNC:20439	biolink:gene_associated_with_condition	0
0.7445372	MONDO:0007157	HGNC:23216	biolink:causes	0
0.58927214	MONDO:0007205	HGNC:23734	biolink:causes	0
0.13178578	MONDO:0007221	HGNC:10998	biolink:gene_associated_with_condition	0
0.10177545	MONDO:0007221	HGNC:2760	biolink:causes	0
0.28791553	MONDO:0007288	HGNC:29932	biolink:gene_associated_with_condition	0
0.30828524	MONDO:0007288	HGNC:12463	biolink:gene_associated_with_condition	0
0.7642062	MONDO:0007319	HGNC:30477	biolink:causes	0
0.6472153	MONDO:0007338	HGNC:3386	biolink:causes	0
0.52509797	MONDO:0007349	HGNC:20773	biolink:causes	0
0.6609892	MONDO:0007355	HGNC:11449	biolink:causes	0
0.45620966	MONDO:0007363	HGNC:5385	biolink:causes	0
0.79479873	MONDO:0007363	HGNC:2194	biolink:gene_associated_with_condition	0
0.7671234	MONDO:0007363	HGNC:6483	biolink:gene_associated_with_condition	0
0.68402195	MONDO:0007363	HGNC:3036	biolink:gene_associated_with_condition	0
0.71413934	MONDO:0007363	HGNC:4274	biolink:causes	0
0.49447978	MONDO:0007363	HGNC:4799	biolink:causes	0
0.13631777	MONDO:0007363	HGNC:17283	biolink:causes	0
0.87092656	MONDO:0007363	HGNC:4284	biolink:gene_associated_with_condition	0
0.25381663	MONDO:0007363	HGNC:5147	biolink:gene_associated_with_condition	0
0.47272995	MONDO:0007363	HGNC:7545	biolink:gene_associated_with_condition	0
0.5007548	MONDO:0007363	HGNC:1144	biolink:causes	0
0.042210676	MONDO:0007363	HGNC:2621	biolink:causes	0
0.55918914	MONDO:0007380	HGNC:20323	biolink:causes	0
0.6933859	MONDO:0007380	HGNC:11948	biolink:causes	0
0.6892531	MONDO:0007380	HGNC:29250	biolink:causes	0
0.5988414	MONDO:0007380	HGNC:11521	biolink:causes	0
0.29069605	MONDO:0007380	HGNC:12601	biolink:causes	0
0.6151985	MONDO:0007400	HGNC:2021	biolink:causes	0
0.9152269	MONDO:0007404	HGNC:9853	biolink:causes	0
0.61068356	MONDO:0007404	HGNC:3508	biolink:gene_associated_with_condition	0
0.46555662	MONDO:0007404	HGNC:25705	biolink:causes	0
0.5632223	MONDO:0007404	HGNC:1723	biolink:causes	0
0.8794115	MONDO:0007451	HGNC:13831	biolink:gene_associated_with_condition	0
0.27244183	MONDO:0007483	HGNC:2202	biolink:contributes_to	0
0.12251887	MONDO:0007564	HGNC:15802	biolink:causes	0
0.6849703	MONDO:0007564	HGNC:18016	biolink:causes	0
0.78679043	MONDO:0007572	HGNC:1514	biolink:contributes_to	0
0.81687844	MONDO:0007572	HGNC:2200	biolink:causes	0
0.1985966	MONDO:0007589	HGNC:4707	biolink:causes	0
0.51879287	MONDO:0007589	HGNC:6284	biolink:causes	0
0.3178626	MONDO:0007589	HGNC:9039	biolink:gene_associated_with_condition	0
0.23743884	MONDO:0007636	HGNC:29068	biolink:causes	0
0.037359	MONDO:0007664	HGNC:29525	biolink:causes	0
0.16527516	MONDO:0007747	HGNC:6553	biolink:causes	0
0.43691567	MONDO:0007768	HGNC:14674	biolink:causes	0
0.6007904	MONDO:0007768	HGNC:3791	biolink:gene_associated_with_condition	0
0.6062937	MONDO:0007768	HGNC:11301	biolink:causes	0
0.69007367	MONDO:0007768	HGNC:47	biolink:causes	0
0.5812256	MONDO:0007777	HGNC:4823	biolink:causes	0
0.55690116	MONDO:0007790	HGNC:23068	biolink:causes	0
0.5059774	MONDO:0007794	HGNC:5031	biolink:causes	0
0.90474683	MONDO:0007794	HGNC:5391	biolink:causes	0
0.75441253	MONDO:0007794	HGNC:19046	biolink:causes	0
0.7645908	MONDO:0007794	HGNC:26219	biolink:gene_associated_with_condition	0
0.76681346	MONDO:0007794	HGNC:29077	biolink:contributes_to	0
0.8572092	MONDO:0007794	HGNC:7944	biolink:causes	0
0.86900526	MONDO:0007794	HGNC:17978	biolink:gene_associated_with_condition	0
0.49247336	MONDO:0007794	HGNC:11771	biolink:gene_associated_with_condition	0
0.05628995	MONDO:0007805	HGNC:11998	biolink:gene_associated_with_condition	0
0.04776061	MONDO:0007805	HGNC:10057	biolink:gene_associated_with_condition	0
0.76165634	MONDO:0007818	HGNC:13829	biolink:gene_associated_with_condition	0
0.9064481	MONDO:0007874	HGNC:11908	biolink:causes	0
0.40849918	MONDO:0007925	HGNC:329	biolink:causes	0
0.20987412	MONDO:0007925	HGNC:4175	biolink:gene_associated_with_condition	0
0.5277845	MONDO:0007925	HGNC:1527	biolink:causes	0
0.59417176	MONDO:0007925	HGNC:7883	biolink:causes	0
0.26910725	MONDO:0007925	HGNC:1343	biolink:contributes_to	0
0.7290273	MONDO:0008002	HGNC:12373	biolink:gene_associated_with_condition	0
0.2575109	MONDO:0008002	HGNC:10024	biolink:causes	0
0.6866291	MONDO:0008153	HGNC:23399	biolink:causes	0
0.6577175	MONDO:0008153	HGNC:31923	biolink:causes	0
0.49300992	MONDO:0008176	HGNC:30914	biolink:gene_associated_with_condition	0
0.3855789	MONDO:0008222	HGNC:14049	biolink:causes	0
0.030155392	MONDO:0008244	HGNC:1810	biolink:causes	0
0.010626791	MONDO:0008274	HGNC:24007	biolink:gene_associated_with_condition	0
0.7088093	MONDO:0008399	HGNC:6893	biolink:causes	0
0.53275687	MONDO:0008399	HGNC:2594	biolink:gene_associated_with_condition	0
0.46121347	MONDO:0008399	HGNC:12927	biolink:causes	0
0.4681276	MONDO:0008407	HGNC:644	biolink:gene_associated_with_condition	0
0.044822663	MONDO:0008490	HGNC:8786	biolink:causes	0
0.05744449	MONDO:0008490	HGNC:341	biolink:gene_associated_with_condition	0
0.76209676	MONDO:0008490	HGNC:27337	biolink:gene_associated_with_condition	0
0.37621248	MONDO:0008490	HGNC:7765	biolink:gene_associated_with_condition	0
0.14006408	MONDO:0008490	HGNC:3446	biolink:causes	0
0.5119171	MONDO:0008501	HGNC:6742	biolink:causes	0
0.18239295	MONDO:0008542	HGNC:48	biolink:causes	0
0.49938765	MONDO:0008542	HGNC:27310	biolink:causes	0
0.30593497	MONDO:0008542	HGNC:5006	biolink:causes	0
0.4835462	MONDO:0008542	HGNC:5048	biolink:causes	0
0.4338374	MONDO:0008542	HGNC:5358	biolink:causes	0
0.514695	MONDO:0008542	HGNC:6182	biolink:causes	0
0.26503232	MONDO:0008542	HGNC:14049	biolink:causes	0
0.39940807	MONDO:0008542	HGNC:7326	biolink:causes	0
0.7981109	MONDO:0008542	HGNC:6770	biolink:causes	0
0.41363332	MONDO:0008542	HGNC:19967	biolink:gene_associated_with_condition	0
0.6356403	MONDO:0008542	HGNC:28396	biolink:causes	0
0.62965953	MONDO:0008542	HGNC:15517	biolink:causes	0
0.77220184	MONDO:0008542	HGNC:3178	biolink:contributes_to	0
0.51576746	MONDO:0008542	HGNC:3587	biolink:causes	0
0.28052264	MONDO:0008542	HGNC:26190	biolink:contributes_to	0
0.21921758	MONDO:0008542	HGNC:24929	biolink:causes	0
0.11718758	MONDO:0008542	HGNC:17975	biolink:gene_associated_with_condition	0
0.17851411	MONDO:0008542	HGNC:10446	biolink:causes	0
0.19183862	MONDO:0008542	HGNC:11184	biolink:causes	0
0.8634674	MONDO:0008542	HGNC:11743	biolink:gene_associated_with_condition	0
0.5242268	MONDO:0008542	HGNC:11998	biolink:gene_associated_with_condition	0
0.66249865	MONDO:0008542	HGNC:2514	biolink:causes	0
0.072606795	MONDO:0008542	HGNC:123	biolink:causes	0
0.8427551	MONDO:0008542	HGNC:4171	biolink:causes	0
0.49689788	MONDO:0008542	HGNC:13243	biolink:gene_associated_with_condition	0
0.18284461	MONDO:0008542	HGNC:8008	biolink:causes	0
0.8964234	MONDO:0008542	HGNC:8632	biolink:gene_associated_with_condition	0
0.30566335	MONDO:0008542	HGNC:19743	biolink:gene_associated_with_condition	0
0.81111795	MONDO:0008542	HGNC:12637	biolink:causes	0
0.49184886	MONDO:0008542	HGNC:7610	biolink:causes	0
0.556961	MONDO:0008542	HGNC:9220	biolink:causes	0
0.3059843	MONDO:0008542	HGNC:13993	biolink:gene_associated_with_condition	0
0.1288437	MONDO:0008542	HGNC:19129	biolink:causes	0
0.70886594	MONDO:0008542	HGNC:2198	biolink:gene_associated_with_condition	0
0.4463339	MONDO:0008542	HGNC:2527	biolink:causes	0
0.42455435	MONDO:0008542	HGNC:2846	biolink:causes	0
0.11328616	MONDO:0008542	HGNC:3010	biolink:contributes_to	0
0.50207996	MONDO:0008546	HGNC:1162	biolink:causes	0
0.50696623	MONDO:0008546	HGNC:12310	biolink:causes	0
0.3907194	MONDO:0008546	HGNC:103	biolink:causes	0
0.37343267	MONDO:0008559	HGNC:9046	biolink:gene_associated_with_condition	0
0.66425526	MONDO:0008559	HGNC:27337	biolink:causes	0
0.34569445	MONDO:0008559	HGNC:1020	biolink:gene_associated_with_condition	0
0.49289978	MONDO:0008592	HGNC:16466	biolink:causes	0
0.41634232	MONDO:0008592	HGNC:5962	biolink:contributes_to	0
0.34425795	MONDO:0008660	HGNC:9091	biolink:causes	0
0.11507092	MONDO:0008747	HGNC:2771	biolink:gene_associated_with_condition	0
0.22859524	MONDO:0008751	HGNC:7060	biolink:gene_associated_with_condition	0
0.6564181	MONDO:0008765	HGNC:1388	biolink:gene_associated_with_condition	0
0.75693864	MONDO:0008795	HGNC:9086	biolink:gene_associated_with_condition	0
0.49791458	MONDO:0008818	HGNC:4162	biolink:causes	0
0.58086026	MONDO:0008818	HGNC:30778	biolink:causes	0
0.6331227	MONDO:0008818	HGNC:6207	biolink:gene_associated_with_condition	0
0.70199966	MONDO:0008818	HGNC:8858	biolink:causes	0
0.8820823	MONDO:0008818	HGNC:12869	biolink:causes	0
0.6112321	MONDO:0008818	HGNC:4439	biolink:gene_associated_with_condition	0
0.6452669	MONDO:0008818	HGNC:4868	biolink:causes	0
0.75268686	MONDO:0008818	HGNC:18873	biolink:causes	0
0.41137475	MONDO:0008818	HGNC:10736	biolink:gene_associated_with_condition	0
0.4123629	MONDO:0008818	HGNC:13203	biolink:causes	0
0.58736944	MONDO:0008818	HGNC:3530	biolink:causes	0
0.4793392	MONDO:0008818	HGNC:7702	biolink:causes	0
0.6055987	MONDO:0008818	HGNC:10680	biolink:causes	0
0.7530075	MONDO:0008818	HGNC:20626	biolink:causes	0
0.59243333	MONDO:0008818	HGNC:6937	biolink:causes	0
0.28307182	MONDO:0008854	HGNC:18829	biolink:causes	0
0.29228193	MONDO:0008854	HGNC:6893	biolink:causes	0
0.49371222	MONDO:0008854	HGNC:2195	biolink:causes	0
0.174221	MONDO:0008854	HGNC:2359	biolink:gene_associated_with_condition	0
0.5858965	MONDO:0008854	HGNC:20761	biolink:causes	0
0.8311685	MONDO:0008887	HGNC:18340	biolink:causes	0
0.73435515	MONDO:0008922	HGNC:3586	biolink:causes	0
0.6391735	MONDO:0008931	HGNC:2232	biolink:causes	0
0.7203006	MONDO:0008931	HGNC:15791	biolink:causes	0
0.59826785	MONDO:0008931	HGNC:11762	biolink:causes	0
0.42671075	MONDO:0008931	HGNC:14544	biolink:gene_associated_with_condition	0
0.28018996	MONDO:0008995	HGNC:9832	biolink:causes	0
0.5690816	MONDO:0008995	HGNC:7765	biolink:gene_associated_with_condition	0
0.68751585	MONDO:0009050	HGNC:8787	biolink:causes	0
0.1546357	MONDO:0009050	HGNC:9936	biolink:gene_associated_with_condition	0
0.61593115	MONDO:0009050	HGNC:1802	biolink:causes	0
0.3679722	MONDO:0009073	HGNC:2019	biolink:causes	0
0.8381526	MONDO:0009168	HGNC:19185	biolink:causes	0
0.56351	MONDO:0009168	HGNC:1857	biolink:causes	0
0.50706047	MONDO:0009192	HGNC:12469	biolink:gene_associated_with_condition	0
0.74588114	MONDO:0009192	HGNC:2379	biolink:causes	0
0.5272984	MONDO:0009192	HGNC:14673	biolink:causes	0
0.6502666	MONDO:0009213	HGNC:10818	biolink:causes	0
0.42427197	MONDO:0009218	HGNC:8565	biolink:causes	0
0.039426383	MONDO:0009235	HGNC:14974	biolink:causes	0
0.077511385	MONDO:0009252	HGNC:20406	biolink:gene_associated_with_condition	0
0.15578681	MONDO:0009252	HGNC:2978	biolink:causes	0
0.5100898	MONDO:0009262	HGNC:24097	biolink:causes	0
0.41324645	MONDO:0009262	HGNC:20967	biolink:gene_associated_with_condition	0
0.28750783	MONDO:0009300	HGNC:9832	biolink:causes	0
0.63538265	MONDO:0009353	HGNC:24123	biolink:causes	0
0.6602488	MONDO:0009416	HGNC:9722	biolink:gene_associated_with_condition	0
0.07005564	MONDO:0009469	HGNC:3677	biolink:causes	0
0.6236256	MONDO:0009478	HGNC:10483	biolink:gene_associated_with_condition	0
0.3586121	MONDO:0009495	HGNC:4572	biolink:causes	0
0.36110923	MONDO:0009495	HGNC:29068	biolink:causes	0
0.7677372	MONDO:0009495	HGNC:9585	biolink:gene_associated_with_condition	0
0.34289387	MONDO:0009495	HGNC:2592	biolink:causes	0
0.66591054	MONDO:0009504	HGNC:16262	biolink:gene_associated_with_condition	0
0.57385296	MONDO:0009513	HGNC:26784	biolink:gene_associated_with_condition	0
0.48403698	MONDO:0009513	HGNC:10383	biolink:causes	0
0.7879793	MONDO:0009513	HGNC:6769	biolink:causes	0
0.45022044	MONDO:0009529	HGNC:14579	biolink:causes	0
0.34227037	MONDO:0009562	HGNC:2227	biolink:causes	0
0.11777432	MONDO:0009562	HGNC:20406	biolink:causes	0
0.29642135	MONDO:0009624	HGNC:8959	biolink:causes	0
0.6089459	MONDO:0009624	HGNC:12637	biolink:causes	0
0.30507553	MONDO:0009665	HGNC:3542	biolink:gene_associated_with_condition	0
0.47559607	MONDO:0009760	HGNC:17975	biolink:gene_associated_with_condition	0
0.79928166	MONDO:0009773	HGNC:11364	biolink:causes	0
0.75065506	MONDO:0009773	HGNC:8592	biolink:causes	0
0.82483065	MONDO:0009820	HGNC:3622	biolink:causes	0
0.80145866	MONDO:0009820	HGNC:6636	biolink:causes	0
0.81467223	MONDO:0009820	HGNC:6814	biolink:gene_associated_with_condition	0
0.87973994	MONDO:0009820	HGNC:11773	biolink:causes	0
0.69146633	MONDO:0009820	HGNC:16171	biolink:causes	0
0.8438607	MONDO:0009820	HGNC:2928	biolink:gene_associated_with_condition	0
0.7363671	MONDO:0009820	HGNC:5013	biolink:causes	0
0.35555768	MONDO:0009820	HGNC:8008	biolink:causes	0
0.5859791	MONDO:0009820	HGNC:30605	biolink:gene_associated_with_condition	0
0.13874513	MONDO:0009867	HGNC:17211	biolink:causes	0
0.103166446	MONDO:0009867	HGNC:13890	biolink:causes	0
0.25186497	MONDO:0009867	HGNC:12632	biolink:gene_associated_with_condition	0
0.31899282	MONDO:0009867	HGNC:8101	biolink:causes	0
0.3383027	MONDO:0009867	HGNC:13488	biolink:causes	0
0.21294667	MONDO:0009872	HGNC:3531	biolink:contributes_to	0
0.5949658	MONDO:0009935	HGNC:23657	biolink:gene_associated_with_condition	0
0.7181433	MONDO:0010046	HGNC:3811	biolink:gene_associated_with_condition	0
0.3584802	MONDO:0010092	HGNC:3754	biolink:causes	0
0.14914374	MONDO:0010227	HGNC:9701	biolink:gene_associated_with_condition	0
0.1215795	MONDO:0010227	HGNC:6024	biolink:causes	0
0.589186	MONDO:0010239	HGNC:10606	biolink:gene_associated_with_condition	0
0.8342313	MONDO:0010278	HGNC:757	biolink:gene_associated_with_condition	0
0.7921876	MONDO:0010296	HGNC:22932	biolink:causes	0
0.8249458	MONDO:0010296	HGNC:13875	biolink:causes	0
0.5022329	MONDO:0010310	HGNC:26208	biolink:causes	0
0.9211733	MONDO:0010310	HGNC:5956	biolink:causes	0
0.3429869	MONDO:0010315	HGNC:9069	biolink:causes	0
0.30190325	MONDO:0010315	HGNC:4204	biolink:causes	0
0.7099766	MONDO:0010315	HGNC:7944	biolink:causes	0
0.6814742	MONDO:0010319	HGNC:30511	biolink:gene_associated_with_condition	0
0.7930694	MONDO:0010356	HGNC:25240	biolink:causes	0
0.75759083	MONDO:0010356	HGNC:14974	biolink:causes	0
0.6561985	MONDO:0010389	HGNC:1785	biolink:causes	0
0.86796415	MONDO:0010485	HGNC:11367	biolink:causes	0
0.62445897	MONDO:0010489	HGNC:9086	biolink:gene_associated_with_condition	0
0.7698549	MONDO:0010501	HGNC:5009	biolink:gene_associated_with_condition	0
0.5141309	MONDO:0010661	HGNC:12441	biolink:causes	0
0.6300484	MONDO:0010661	HGNC:8140	biolink:gene_associated_with_condition	0
0.5326354	MONDO:0010665	HGNC:16493	biolink:causes	0
0.37533942	MONDO:0010747	HGNC:1787	biolink:contributes_to	0
0.7212469	MONDO:0010747	HGNC:1366	biolink:gene_associated_with_condition	0
0.61484325	MONDO:0010747	HGNC:15808	biolink:causes	0
0.7621216	MONDO:0010747	HGNC:11795	biolink:gene_associated_with_condition	0
0.65051347	MONDO:0010850	HGNC:6944	biolink:causes	0
0.82383835	MONDO:0011010	HGNC:4220	biolink:causes	0
0.012944797	MONDO:0011102	HGNC:18060	biolink:causes	0
0.66725534	MONDO:0011106	HGNC:11079	biolink:causes	0
0.673124	MONDO:0011106	HGNC:3778	biolink:causes	0
0.573981	MONDO:0011106	HGNC:6709	biolink:contributes_to	0
0.41689533	MONDO:0011106	HGNC:14418	biolink:causes	0
0.4826455	MONDO:0011125	HGNC:7693	biolink:causes	0
0.5581317	MONDO:0011125	HGNC:7765	biolink:gene_associated_with_condition	0
0.60082597	MONDO:0011143	HGNC:1750	biolink:causes	0
0.63963145	MONDO:0011143	HGNC:7883	biolink:causes	0
0.3081773	MONDO:0011165	HGNC:15646	biolink:causes	0
0.64554447	MONDO:0011165	HGNC:757	biolink:gene_associated_with_condition	0
0.66962945	MONDO:0011190	HGNC:27845	biolink:causes	0
0.6552911	MONDO:0011273	HGNC:464	biolink:gene_associated_with_condition	0
0.5141797	MONDO:0011273	HGNC:23089	biolink:causes	0
0.5393699	MONDO:0011338	HGNC:11006	biolink:causes	0
0.7661734	MONDO:0011338	HGNC:10680	biolink:causes	0
0.7230858	MONDO:0011338	HGNC:4817	biolink:gene_associated_with_condition	0
0.7605173	MONDO:0011338	HGNC:9910	biolink:gene_associated_with_condition	0
0.0016294485	MONDO:0011351	HGNC:21158	biolink:gene_associated_with_condition	0
0.006602079	MONDO:0011351	HGNC:2186	biolink:causes	0
0.828217	MONDO:0011359	HGNC:2731	biolink:gene_associated_with_condition	0
0.21165895	MONDO:0011405	HGNC:8851	biolink:gene_associated_with_condition	0
0.5094886	MONDO:0011422	HGNC:25705	biolink:causes	0
0.21031995	MONDO:0011431	HGNC:26230	biolink:contributes_to	0
0.27660617	MONDO:0011448	HGNC:6440	biolink:causes	0
0.8401073	MONDO:0011448	HGNC:450	biolink:gene_associated_with_condition	0
0.4883875	MONDO:0011504	HGNC:19967	biolink:causes	0
0.6722238	MONDO:0011529	HGNC:7744	biolink:gene_associated_with_condition	0
0.317776	MONDO:0011529	HGNC:13941	biolink:causes	0
0.75458884	MONDO:0011529	HGNC:1449	biolink:causes	0
0.7489482	MONDO:0011529	HGNC:12261	biolink:causes	0
0.7753861	MONDO:0011541	HGNC:1633	biolink:causes	0
0.3320074	MONDO:0011628	HGNC:7027	biolink:causes	0
0.3561821	MONDO:0011628	HGNC:15924	biolink:gene_associated_with_condition	0
0.04267696	MONDO:0011667	HGNC:1445	biolink:causes	0
0.12112373	MONDO:0011672	HGNC:11254	biolink:causes	0
0.30541524	MONDO:0011672	HGNC:613	biolink:contributes_to	0
0.72197074	MONDO:0011694	HGNC:16088	biolink:causes	0
0.15913767	MONDO:0011698	HGNC:1090	biolink:gene_associated_with_condition	0
0.0022524495	MONDO:0011708	HGNC:3690	biolink:causes	0
0.042817835	MONDO:0011743	HGNC:7631	biolink:gene_associated_with_condition	0
0.104793794	MONDO:0011743	HGNC:6189	biolink:causes	0
0.34097105	MONDO:0011790	HGNC:7821	biolink:gene_associated_with_condition	0
0.5055309	MONDO:0011790	HGNC:23657	biolink:causes	0
0.30347618	MONDO:0011794	HGNC:15924	biolink:gene_associated_with_condition	0
0.2866013	MONDO:0011811	HGNC:20893	biolink:causes	0
0.5635218	MONDO:0011830	HGNC:6893	biolink:gene_associated_with_condition	0
0.72126067	MONDO:0011830	HGNC:20772	biolink:gene_associated_with_condition	0
0.5424012	MONDO:0011830	HGNC:12593	biolink:contributes_to	0
0.1334257	MONDO:0011839	HGNC:2348	biolink:gene_associated_with_condition	0
0.85647565	MONDO:0012019	HGNC:4220	biolink:causes	0
0.8094818	MONDO:0012041	HGNC:4170	biolink:gene_associated_with_condition	0
0.47087944	MONDO:0012041	HGNC:13398	biolink:causes	0
0.27088037	MONDO:0012041	HGNC:11020	biolink:causes	0
0.5154484	MONDO:0012041	HGNC:694	biolink:causes	0
0.32556683	MONDO:0012041	HGNC:9107	biolink:causes	0
0.4712458	MONDO:0012041	HGNC:21158	biolink:gene_associated_with_condition	0
0.32814524	MONDO:0012041	HGNC:6284	biolink:causes	0
0.6407899	MONDO:0012041	HGNC:7882	biolink:causes	0
0.7371031	MONDO:0012041	HGNC:12783	biolink:gene_associated_with_condition	0
0.62327045	MONDO:0012041	HGNC:11654	biolink:causes	0
0.41540644	MONDO:0012041	HGNC:11771	biolink:gene_associated_with_condition	0
0.21252695	MONDO:0012125	HGNC:1869	biolink:causes	0
0.24845718	MONDO:0012163	HGNC:118	biolink:gene_associated_with_condition	0
0.087960444	MONDO:0012163	HGNC:10295	biolink:causes	0
0.23994122	MONDO:0012184	HGNC:13222	biolink:causes	0
0.4310684	MONDO:0012184	HGNC:427	biolink:contributes_to	0
0.17458627	MONDO:0012204	HGNC:16783	biolink:gene_associated_with_condition	0
0.22351843	MONDO:0012204	HGNC:3236	biolink:causes	0
0.24294688	MONDO:0012256	HGNC:2594	biolink:gene_associated_with_condition	0
0.3708871	MONDO:0012297	HGNC:12371	biolink:causes	0
0.7143471	MONDO:0012297	HGNC:12440	biolink:causes	0
0.0069980137	MONDO:0012395	HGNC:22954	biolink:causes	0
0.0044756234	MONDO:0012395	HGNC:3976	biolink:causes	0
0.005278642	MONDO:0012395	HGNC:3255	biolink:gene_associated_with_condition	0
0.2607554	MONDO:0012412	HGNC:3581	biolink:contributes_to	0
0.3307592	MONDO:0012465	HGNC:20087	biolink:causes	0
0.8630124	MONDO:0012514	HGNC:3663	biolink:causes	0
0.26303998	MONDO:0012514	HGNC:9966	biolink:contributes_to	0
0.40830106	MONDO:0012522	HGNC:29873	biolink:causes	0
0.57144177	MONDO:0012522	HGNC:8756	biolink:causes	0
0.42569575	MONDO:0012526	HGNC:15646	biolink:causes	0
0.6193678	MONDO:0012554	HGNC:2214	biolink:gene_associated_with_condition	0
0.389437	MONDO:0012554	HGNC:20213	biolink:causes	0
0.03641589	MONDO:0012607	HGNC:31923	biolink:causes	0
0.059905346	MONDO:0012607	HGNC:11490	biolink:causes	0
0.014372328	MONDO:0012607	HGNC:7526	biolink:gene_associated_with_condition	0
0.40838984	MONDO:0012700	HGNC:6530	biolink:causes	0
0.7708345	MONDO:0012700	HGNC:1097	biolink:causes	0
0.421446	MONDO:0012724	HGNC:2976	biolink:causes	0
0.55361265	MONDO:0012805	HGNC:7974	biolink:gene_associated_with_condition	0
0.5147023	MONDO:0012833	HGNC:16513	biolink:causes	0
0.03314424	MONDO:0012925	HGNC:6174	biolink:gene_associated_with_condition	0
0.06328511	MONDO:0012925	HGNC:600	biolink:causes	0
0.120783694	MONDO:0012925	HGNC:10447	biolink:causes	0
0.15799837	MONDO:0012925	HGNC:4172	biolink:causes	0
0.038092308	MONDO:0013034	HGNC:19317	biolink:causes	0
0.05183061	MONDO:0013034	HGNC:25072	biolink:causes	0
0.4516227	MONDO:0013063	HGNC:3767	biolink:causes	0
0.0026065698	MONDO:0013083	HGNC:6487	biolink:gene_associated_with_condition	0
0.0017804047	MONDO:0013083	HGNC:4208	biolink:causes	0
0.35065487	MONDO:0013110	HGNC:7001	biolink:gene_associated_with_condition	0
0.52127975	MONDO:0013110	HGNC:16783	biolink:gene_associated_with_condition	0
0.39299378	MONDO:0013156	HGNC:20456	biolink:causes	0
0.36173773	MONDO:0013156	HGNC:8548	biolink:causes	0
0.4727875	MONDO:0013208	HGNC:10298	biolink:causes	0
0.6290041	MONDO:0013208	HGNC:6694	biolink:gene_associated_with_condition	0
0.5487349	MONDO:0013208	HGNC:29796	biolink:causes	0
0.41099265	MONDO:0013350	HGNC:31555	biolink:causes	0
0.1477555	MONDO:0013391	HGNC:30171	biolink:causes	0
0.14937404	MONDO:0013391	HGNC:2714	biolink:causes	0
0.15729101	MONDO:0013487	HGNC:951	biolink:causes	0
0.1361145	MONDO:0013487	HGNC:12450	biolink:gene_associated_with_condition	0
0.82375544	MONDO:0013507	HGNC:1097	biolink:causes	0
0.71333283	MONDO:0013507	HGNC:23625	biolink:causes	0
0.28343853	MONDO:0013512	HGNC:10723	biolink:causes	0
0.70395505	MONDO:0013526	HGNC:6518	biolink:causes	0
0.6501299	MONDO:0013526	HGNC:4462	biolink:gene_associated_with_condition	0
0.69136834	MONDO:0013526	HGNC:17754	biolink:causes	0
0.5348689	MONDO:0013550	HGNC:16783	biolink:causes	0
0.02811895	MONDO:0013554	HGNC:10387	biolink:gene_associated_with_condition	0
0.39152485	MONDO:0013570	HGNC:28027	biolink:gene_associated_with_condition	0
0.40301234	MONDO:0013570	HGNC:26047	biolink:gene_associated_with_condition	0
0.70247126	MONDO:0013570	HGNC:19129	biolink:causes	0
0.1305871	MONDO:0013587	HGNC:3801	biolink:gene_associated_with_condition	0
0.20159015	MONDO:0013587	HGNC:25751	biolink:gene_associated_with_condition	0
0.12606446	MONDO:0013587	HGNC:24270	biolink:causes	0
0.13563195	MONDO:0013587	HGNC:11623	biolink:causes	0
0.19540493	MONDO:0013587	HGNC:8117	biolink:gene_associated_with_condition	0
0.40373355	MONDO:0013678	HGNC:9179	biolink:causes	0
0.5922179	MONDO:0013777	HGNC:19349	biolink:gene_associated_with_condition	0
0.8505927	MONDO:0013777	HGNC:6696	biolink:causes	0
0.3508712	MONDO:0013794	HGNC:2481	biolink:causes	0
0.32454872	MONDO:0013839	HGNC:10719	biolink:causes	0
0.1787663	MONDO:0013843	HGNC:6814	biolink:gene_associated_with_condition	0
0.22292836	MONDO:0013843	HGNC:31527	biolink:causes	0
0.6697673	MONDO:0013851	HGNC:26270	biolink:gene_associated_with_condition	0
0.0044793664	MONDO:0013891	HGNC:11630	biolink:gene_associated_with_condition	0
0.18148102	MONDO:0013907	HGNC:11596	biolink:gene_associated_with_condition	0
0.81602293	MONDO:0013927	HGNC:19088	biolink:causes	0
0.85077643	MONDO:0013992	HGNC:2197	biolink:causes	0
0.63985157	MONDO:0013992	HGNC:5173	biolink:gene_associated_with_condition	0
0.55276173	MONDO:0013992	HGNC:5286	biolink:causes	0
0.2975685	MONDO:0014004	HGNC:8959	biolink:causes	0
0.6111105	MONDO:0014004	HGNC:29203	biolink:gene_associated_with_condition	0
0.07150254	MONDO:0014013	HGNC:3756	biolink:causes	0
0.013608937	MONDO:0014037	HGNC:13210	biolink:contributes_to	0
0.009527492	MONDO:0014057	HGNC:9066	biolink:gene_associated_with_condition	0
0.017158542	MONDO:0014057	HGNC:17341	biolink:causes	0
0.5894657	MONDO:0014065	HGNC:11714	biolink:causes	0
0.7612827	MONDO:0014089	HGNC:2978	biolink:causes	0
0.3315664	MONDO:0014093	HGNC:904	biolink:causes	0
0.3494445	MONDO:0014093	HGNC:10019	biolink:causes	0
0.5682186	MONDO:0014093	HGNC:21638	biolink:gene_associated_with_condition	0
0.31281632	MONDO:0014118	HGNC:9879	biolink:causes	0
0.29694933	MONDO:0014118	HGNC:2898	biolink:gene_associated_with_condition	0
0.1270965	MONDO:0014122	HGNC:26600	biolink:causes	0
0.0020462808	MONDO:0014146	HGNC:10004	biolink:causes	0
0.7842593	MONDO:0014203	HGNC:4713	biolink:causes	0
0.74939674	MONDO:0014211	HGNC:2200	biolink:gene_associated_with_condition	0
0.538733	MONDO:0014211	HGNC:7782	biolink:causes	0
0.79865795	MONDO:0014227	HGNC:23088	biolink:causes	0
0.6193313	MONDO:0014227	HGNC:6654	biolink:gene_associated_with_condition	0
0.20711693	MONDO:0014296	HGNC:25686	biolink:causes	0
0.6252835	MONDO:0014392	HGNC:23096	biolink:causes	0
0.7449628	MONDO:0014392	HGNC:13520	biolink:causes	0
0.42937335	MONDO:0014392	HGNC:16700	biolink:causes	0
0.58703285	MONDO:0014453	HGNC:29186	biolink:gene_associated_with_condition	0
0.5774144	MONDO:0014474	HGNC:14253	biolink:gene_associated_with_condition	0
0.6069582	MONDO:0014490	HGNC:14937	biolink:causes	0
0.4956491	MONDO:0014490	HGNC:6898	biolink:causes	0
0.007881306	MONDO:0014494	HGNC:24071	biolink:causes	0
0.74469525	MONDO:0014518	HGNC:6859	biolink:causes	0
0.43373072	MONDO:0014518	HGNC:25221	biolink:gene_associated_with_condition	0
0.7487274	MONDO:0014518	HGNC:24113	biolink:causes	0
0.43514836	MONDO:0014522	HGNC:6823	biolink:causes	0
0.130109	MONDO:0014551	HGNC:6010	biolink:causes	0
0.25408494	MONDO:0014583	HGNC:6365	biolink:causes	0
0.01950204	MONDO:0014603	HGNC:17116	biolink:causes	0
0.7277928	MONDO:0014619	HGNC:6909	biolink:causes	0
0.7225274	MONDO:0014627	HGNC:8778	biolink:causes	0
0.5734021	MONDO:0014648	HGNC:26784	biolink:gene_associated_with_condition	0
0.100497566	MONDO:0014741	HGNC:1848	biolink:causes	0
0.25724292	MONDO:0014745	HGNC:12852	biolink:causes	0
0.6559427	MONDO:0014753	HGNC:6024	biolink:causes	0
0.68836	MONDO:0014771	HGNC:7060	biolink:causes	0
0.74098766	MONDO:0014771	HGNC:449	biolink:causes	0
0.6793298	MONDO:0014809	HGNC:16512	biolink:causes	0
0.46784842	MONDO:0014821	HGNC:12718	biolink:causes	0
0.82001793	MONDO:0014837	HGNC:27310	biolink:causes	0
0.35776603	MONDO:0014841	HGNC:4516	biolink:causes	0
0.3526436	MONDO:0014845	HGNC:7526	biolink:gene_associated_with_condition	0
0.040780794	MONDO:0014853	HGNC:9330	biolink:gene_associated_with_condition	0
0.04256029	MONDO:0014853	HGNC:29022	biolink:causes	0
0.08484023	MONDO:0014853	HGNC:25536	biolink:causes	0
0.092815995	MONDO:0014853	HGNC:12403	biolink:gene_associated_with_condition	0
0.71409506	MONDO:0014857	HGNC:12373	biolink:gene_associated_with_condition	0
0.48439348	MONDO:0014857	HGNC:20406	biolink:gene_associated_with_condition	0
0.7055972	MONDO:0014857	HGNC:11737	biolink:gene_associated_with_condition	0
0.75019073	MONDO:0014866	HGNC:291	biolink:gene_associated_with_condition	0
0.34669247	MONDO:0014866	HGNC:3776	biolink:causes	0
0.5899168	MONDO:0014866	HGNC:25295	biolink:causes	0
0.7540257	MONDO:0014866	HGNC:2907	biolink:gene_associated_with_condition	0
0.6235282	MONDO:0014899	HGNC:12713	biolink:causes	0
0.77906436	MONDO:0014899	HGNC:23287	biolink:causes	0
0.7022414	MONDO:0014899	HGNC:319	biolink:causes	0
0.52700996	MONDO:0014899	HGNC:11724	biolink:causes	0
0.67487454	MONDO:0014927	HGNC:3754	biolink:causes	0
0.6167404	MONDO:0014927	HGNC:7436	biolink:gene_associated_with_condition	0
0.5792749	MONDO:0014947	HGNC:9658	biolink:gene_associated_with_condition	0
0.30872908	MONDO:0014968	HGNC:4556	biolink:causes	0
0.8527209	MONDO:0014976	HGNC:3689	biolink:gene_associated_with_condition	0
0.70950586	MONDO:0014981	HGNC:6487	biolink:gene_associated_with_condition	0
0.6731612	MONDO:0014981	HGNC:21244	biolink:gene_associated_with_condition	0
0.6304837	MONDO:0014981	HGNC:7606	biolink:causes	0
0.47835138	MONDO:0014997	HGNC:3356	biolink:causes	0
0.5375646	MONDO:0014997	HGNC:18169	biolink:gene_associated_with_condition	0
0.2878963	MONDO:0014997	HGNC:25295	biolink:causes	0
0.018218473	MONDO:0014997	HGNC:1101	biolink:contributes_to	0
0.252124	MONDO:0015466	HGNC:9722	biolink:gene_associated_with_condition	0
0.14242703	MONDO:0015466	HGNC:9585	biolink:causes	0
0.18709701	MONDO:0015557	HGNC:2200	biolink:causes	0
0.2591394	MONDO:0015557	HGNC:5044	biolink:gene_associated_with_condition	0
0.7662339	MONDO:0015566	HGNC:3754	biolink:causes	0
0.533581	MONDO:0015566	HGNC:12713	biolink:causes	0
0.18487093	MONDO:0015631	HGNC:24097	biolink:causes	0
0.008507111	MONDO:0015635	HGNC:3219	biolink:causes	0
0.37282112	MONDO:0016309	HGNC:2511	biolink:causes	0
0.037541687	MONDO:0016461	HGNC:29350	biolink:causes	0
0.40673193	MONDO:0016563	HGNC:8574	biolink:gene_associated_with_condition	0
0.4397694	MONDO:0016563	HGNC:21307	biolink:causes	0
0.46385214	MONDO:0016563	HGNC:14415	biolink:causes	0
0.7993953	MONDO:0016682	HGNC:5358	biolink:causes	0
0.8313911	MONDO:0016682	HGNC:19073	biolink:gene_associated_with_condition	0
0.029190058	MONDO:0016689	HGNC:360	biolink:gene_associated_with_condition	0
0.03332391	MONDO:0016689	HGNC:7489	biolink:gene_associated_with_condition	0
0.6103549	MONDO:0016782	HGNC:9986	biolink:causes	0
0.59430027	MONDO:0016782	HGNC:11102	biolink:causes	0
0.041327883	MONDO:0016839	HGNC:11828	biolink:causes	0
0.0063163578	MONDO:0016863	HGNC:8654	biolink:gene_associated_with_condition	0
0.032037564	MONDO:0016863	HGNC:10588	biolink:gene_associated_with_condition	0
0.83911943	MONDO:0017052	HGNC:28660	biolink:gene_associated_with_condition	0
0.34341973	MONDO:0017052	HGNC:14974	biolink:causes	0
0.4765679	MONDO:0017111	HGNC:2309	biolink:gene_associated_with_condition	0
0.34930533	MONDO:0017111	HGNC:10683	biolink:causes	0
0.4309567	MONDO:0017111	HGNC:5383	biolink:causes	0
0.5644228	MONDO:0017111	HGNC:20967	biolink:gene_associated_with_condition	0
0.5058054	MONDO:0017111	HGNC:14409	biolink:causes	0
0.005168256	MONDO:0017172	HGNC:8108	biolink:gene_associated_with_condition	0
0.60452116	MONDO:0017176	HGNC:20249	biolink:causes	0
0.70369637	MONDO:0017176	HGNC:2212	biolink:gene_associated_with_condition	0
0.043382477	MONDO:0017238	HGNC:2409	biolink:gene_associated_with_condition	0
0.005305915	MONDO:0017238	HGNC:4281	biolink:gene_associated_with_condition	0
0.6217133	MONDO:0017317	HGNC:6554	biolink:gene_associated_with_condition	0
0.4338825	MONDO:0017354	HGNC:7133	biolink:gene_associated_with_condition	0
0.8547731	MONDO:0017402	HGNC:6769	biolink:causes	0
0.7737353	MONDO:0017402	HGNC:2219	biolink:causes	0
0.017787287	MONDO:0017683	HGNC:3012	biolink:causes	0
0.06518645	MONDO:0017683	HGNC:18286	biolink:causes	0
0.04539672	MONDO:0017683	HGNC:1966	biolink:causes	0
0.020001825	MONDO:0017696	HGNC:4263	biolink:gene_associated_with_condition	0
0.009825156	MONDO:0017696	HGNC:12015	biolink:causes	0
0.7434047	MONDO:0017715	HGNC:4801	biolink:gene_associated_with_condition	0
0.73341745	MONDO:0017715	HGNC:6664	biolink:causes	0
0.6157825	MONDO:0017715	HGNC:23656	biolink:gene_associated_with_condition	0
0.61217374	MONDO:0017715	HGNC:30074	biolink:gene_associated_with_condition	0
0.87872064	MONDO:0017993	HGNC:3178	biolink:gene_associated_with_condition	0
0.027199397	MONDO:0018197	HGNC:11184	biolink:causes	0
0.50553304	MONDO:0018274	HGNC:16063	biolink:gene_associated_with_condition	0
0.5813969	MONDO:0018393	HGNC:7154	biolink:gene_associated_with_condition	0
0.8111186	MONDO:0018393	HGNC:9965	biolink:gene_associated_with_condition	0
0.7531194	MONDO:0018393	HGNC:12718	biolink:causes	0
0.7011613	MONDO:0018393	HGNC:21022	biolink:gene_associated_with_condition	0
0.6762063	MONDO:0018393	HGNC:11546	biolink:causes	0
0.8358983	MONDO:0018443	HGNC:2219	biolink:causes	0
0.57046163	MONDO:0018448	HGNC:30497	biolink:causes	0
0.55699545	MONDO:0018576	HGNC:30740	biolink:gene_associated_with_condition	0
0.66412383	MONDO:0018758	HGNC:3122	biolink:causes	0
0.47033188	MONDO:0018758	HGNC:2022	biolink:causes	0
0.43270656	MONDO:0018875	HGNC:27365	biolink:causes	0
0.6719335	MONDO:0019150	HGNC:30859	biolink:causes	0
0.6502807	MONDO:0019150	HGNC:9587	biolink:causes	0
0.6483711	MONDO:0019150	HGNC:317	biolink:gene_associated_with_condition	0
0.37785637	MONDO:0019157	HGNC:468	biolink:gene_associated_with_condition	0
0.1410814	MONDO:0019157	HGNC:10254	biolink:causes	0
0.6371406	MONDO:0019349	HGNC:3395	biolink:causes	0
0.28078416	MONDO:0019374	HGNC:4507	biolink:contributes_to	0
0.54552644	MONDO:0019374	HGNC:2478	biolink:causes	0
0.75402683	MONDO:0019374	HGNC:2978	biolink:causes	0
0.6840089	MONDO:0019407	HGNC:10852	biolink:causes	0
0.5354658	MONDO:0019758	HGNC:5006	biolink:causes	0
0.68566495	MONDO:0019758	HGNC:13869	biolink:causes	0
0.37980172	MONDO:0019758	HGNC:16448	biolink:causes	0
0.4623627	MONDO:0019758	HGNC:14198	biolink:contributes_to	0
0.43453842	MONDO:0020324	HGNC:3188	biolink:causes	0
0.4833953	MONDO:0020324	HGNC:3005	biolink:gene_associated_with_condition	0
0.55903786	MONDO:0020493	HGNC:23639	biolink:causes	0
0.6365889	MONDO:0020507	HGNC:620	biolink:gene_associated_with_condition	0
0.4815749	MONDO:0020507	HGNC:5394	biolink:causes	0
0.64063597	MONDO:0020507	HGNC:11427	biolink:causes	0
0.37105533	MONDO:0020507	HGNC:12309	biolink:causes	0
0.4223746	MONDO:0020507	HGNC:18603	biolink:gene_associated_with_condition	0
0.724043	MONDO:0020563	HGNC:7871	biolink:gene_associated_with_condition	0
0.6713353	MONDO:0020603	HGNC:132	biolink:causes	0
0.6285063	MONDO:0020603	HGNC:10771	biolink:gene_associated_with_condition	0
0.57260656	MONDO:0020727	HGNC:2201	biolink:causes	0
0.73254895	MONDO:0020748	HGNC:3544	biolink:gene_associated_with_condition	0
0.6882154	MONDO:0020748	HGNC:11182	biolink:gene_associated_with_condition	0
0.685597	MONDO:0020787	HGNC:3690	biolink:gene_associated_with_condition	0
0.60423255	MONDO:0020787	HGNC:6427	biolink:gene_associated_with_condition	0
0.37416765	MONDO:0020855	HGNC:17870	biolink:causes	0
0.12795065	MONDO:0021019	HGNC:9280	biolink:causes	0
0.10465653	MONDO:0021019	HGNC:11102	biolink:causes	0
0.7655049	MONDO:0021571	HGNC:7944	biolink:causes	0
0.36430794	MONDO:0024309	HGNC:6595	biolink:causes	0
0.38053486	MONDO:0024552	HGNC:4379	biolink:gene_associated_with_condition	0
0.70697576	MONDO:0024552	HGNC:24270	biolink:causes	0
0.8209668	MONDO:0027451	HGNC:4877	biolink:gene_associated_with_condition	0
0.21874976	MONDO:0029134	HGNC:1591	biolink:causes	0
0.5421023	MONDO:0029134	HGNC:3481	biolink:gene_associated_with_condition	0
0.14851637	MONDO:0029134	HGNC:8794	biolink:causes	0
0.3442102	MONDO:0029134	HGNC:2359	biolink:gene_associated_with_condition	0
0.7615459	MONDO:0030025	HGNC:26019	biolink:causes	0
0.66180325	MONDO:0030037	HGNC:13601	biolink:gene_associated_with_condition	0
0.43587932	MONDO:0030037	HGNC:25786	biolink:causes	0
0.43661517	MONDO:0030054	HGNC:6944	biolink:causes	0
0.26343587	MONDO:0030054	HGNC:26684	biolink:gene_associated_with_condition	0
0.5708133	MONDO:0030066	HGNC:7717	biolink:causes	0
0.6842556	MONDO:0030071	HGNC:9722	biolink:gene_associated_with_condition	0
0.596268	MONDO:0030281	HGNC:7910	biolink:gene_associated_with_condition	0
0.5862929	MONDO:0030281	HGNC:8851	biolink:causes	0
0.57764375	MONDO:0030438	HGNC:17327	biolink:gene_associated_with_condition	0
0.50170946	MONDO:0030456	HGNC:613	biolink:causes	0
0.76802284	MONDO:0030690	HGNC:4171	biolink:causes	0
0.5809852	MONDO:0030987	HGNC:7010	biolink:gene_associated_with_condition	0
0.7143239	MONDO:0030987	HGNC:3823	biolink:causes	0
0.7236965	MONDO:0030995	HGNC:24552	biolink:causes	0
0.5592818	MONDO:0030995	HGNC:25705	biolink:causes	0
0.5500693	MONDO:0032577	HGNC:9177	biolink:causes	0
0.43438601	MONDO:0032577	HGNC:11654	biolink:causes	0
0.7327073	MONDO:0032581	HGNC:2514	biolink:causes	0
0.014618301	MONDO:0032592	HGNC:620	biolink:gene_associated_with_condition	0
0.005500688	MONDO:0032592	HGNC:16133	biolink:causes	0
0.006624857	MONDO:0032592	HGNC:1375	biolink:causes	0
0.5172778	MONDO:0032611	HGNC:2194	biolink:gene_associated_with_condition	0
0.4007569	MONDO:0032677	HGNC:6120	biolink:gene_associated_with_condition	0
0.8316903	MONDO:0032677	HGNC:2200	biolink:causes	0
0.55324256	MONDO:0032677	HGNC:9921	biolink:causes	0
0.65697235	MONDO:0032677	HGNC:8857	biolink:gene_associated_with_condition	0
0.7084845	MONDO:0032687	HGNC:9202	biolink:gene_associated_with_condition	0
0.68595666	MONDO:0032723	HGNC:21474	biolink:causes	0
0.760431	MONDO:0032728	HGNC:6842	biolink:causes	0
0.7181378	MONDO:0032728	HGNC:7881	biolink:causes	0
0.29762387	MONDO:0032778	HGNC:8818	biolink:causes	0
0.6371837	MONDO:0032822	HGNC:8804	biolink:causes	0
0.48753804	MONDO:0032822	HGNC:18127	biolink:causes	0
0.11181434	MONDO:0032835	HGNC:4688	biolink:causes	0
0.11185906	MONDO:0032869	HGNC:1375	biolink:causes	0
0.84142935	MONDO:0032921	HGNC:2197	biolink:causes	0
0.34916216	MONDO:0033047	HGNC:19967	biolink:causes	0
0.18008131	MONDO:0033047	HGNC:4379	biolink:gene_associated_with_condition	0
0.537107	MONDO:0033115	HGNC:11274	biolink:causes	0
0.8179234	MONDO:0033115	HGNC:3007	biolink:causes	0
0.47968596	MONDO:0033282	HGNC:25415	biolink:gene_associated_with_condition	0
0.34700143	MONDO:0033533	HGNC:12565	biolink:causes	0
0.26876247	MONDO:0033533	HGNC:7652	biolink:gene_associated_with_condition	0
0.60177606	MONDO:0033542	HGNC:18621	biolink:causes	0
0.71329045	MONDO:0033542	HGNC:6407	biolink:causes	0
0.4022273	MONDO:0033559	HGNC:4678	biolink:causes	0
0.7788945	MONDO:0033668	HGNC:7572	biolink:gene_associated_with_condition	0
0.31582928	MONDO:0035651	HGNC:11056	biolink:gene_associated_with_condition	0
0.29034552	MONDO:0035651	HGNC:18021	biolink:contributes_to	0
0.45424944	MONDO:0035651	HGNC:6222	biolink:causes	0
0.47109434	MONDO:0035651	HGNC:20908	biolink:causes	0
0.6382514	MONDO:0035819	HGNC:7631	biolink:gene_associated_with_condition	0
0.7566522	MONDO:0035819	HGNC:3705	biolink:gene_associated_with_condition	0
0.7215954	MONDO:0035819	HGNC:20670	biolink:gene_associated_with_condition	0
0.7875796	MONDO:0035819	HGNC:9386	biolink:gene_associated_with_condition	0
0.417852	MONDO:0035819	HGNC:42	biolink:causes	0
0.025485769	MONDO:0037149	HGNC:15455	biolink:gene_associated_with_condition	0
0.097174786	MONDO:0044320	HGNC:12271	biolink:gene_associated_with_condition	0
0.85790247	MONDO:0044320	HGNC:29077	biolink:causes	0
0.02223756	MONDO:0044617	HGNC:4851	biolink:gene_associated_with_condition	0
0.01576265	MONDO:0044617	HGNC:9706	biolink:gene_associated_with_condition	0
0.007717829	MONDO:0044617	HGNC:15508	biolink:causes	0
0.016523233	MONDO:0044617	HGNC:18683	biolink:causes	0
0.02107518	MONDO:0049222	HGNC:388	biolink:gene_associated_with_condition	0
0.4048682	MONDO:0049222	HGNC:14530	biolink:causes	0
0.71896666	MONDO:0049222	HGNC:6407	biolink:causes	0
0.029161677	MONDO:0054764	HGNC:9538	biolink:causes	0
0.658597	MONDO:0054776	HGNC:8768	biolink:causes	0
0.2939547	MONDO:0054776	HGNC:11621	biolink:gene_associated_with_condition	0
0.39746964	MONDO:0054785	HGNC:4116	biolink:gene_associated_with_condition	0
0.23264177	MONDO:0054802	HGNC:4707	biolink:gene_associated_with_condition	0
0.24020147	MONDO:0054802	HGNC:11052	biolink:causes	0
0.4195954	MONDO:0054802	HGNC:11367	biolink:causes	0
0.8697229	MONDO:0060457	HGNC:4877	biolink:gene_associated_with_condition	0
0.5539091	MONDO:0060510	HGNC:1001	biolink:gene_associated_with_condition	0
0.69975555	MONDO:0060549	HGNC:15511	biolink:causes	0
0.51766604	MONDO:0060621	HGNC:7127	biolink:causes	0
0.62738866	MONDO:0060621	HGNC:7499	biolink:gene_associated_with_condition	0
0.47412583	MONDO:0100219	HGNC:5004	biolink:causes	0
0.34859204	MONDO:0100296	HGNC:19691	biolink:gene_associated_with_condition	0
0.04958228	MONDO:0700090	HGNC:7208	biolink:gene_associated_with_condition	0
0.014243848	MONDO:0700297	HGNC:19141	biolink:causes	0
0.10423473	MONDO:0700301	HGNC:21316	biolink:gene_associated_with_condition	0
0.803686	MONDO:0800028	HGNC:24931	biolink:gene_associated_with_condition	0
0.3639358	MONDO:0800028	HGNC:15860	biolink:causes	0
0.6123491	MONDO:0800028	HGNC:30000	biolink:causes	0
0.6082845	MONDO:0800028	HGNC:10600	biolink:causes	0
0.9146895	MONDO:0800436	HGNC:23088	biolink:causes	0
0.787004	MONDO:0859182	HGNC:7523	biolink:gene_associated_with_condition	0
0.16359186	MONDO:0859204	HGNC:6005	biolink:gene_associated_with_condition	0
0.23188947	MONDO:0859238	HGNC:10345	biolink:causes	0
0.44835326	MONDO:0859293	HGNC:17019	biolink:causes	0
0.7895434	MONDO:0859311	HGNC:26058	biolink:causes	0
0.43792835	MONDO:0859311	HGNC:25636	biolink:causes	0
0.8201271	MONDO:0859320	HGNC:7944	biolink:causes	0
0.019851394	MONDO:0859374	HGNC:5476	biolink:gene_associated_with_condition	0
0.47417825	MONDO:0859575	HGNC:7737	biolink:causes	0
0.022421783	MONDO:0957220	HGNC:25985	biolink:gene_associated_with_condition	0
0.55326796	MONDO:0957281	HGNC:11771	biolink:causes	0
0.0356303	MONDO:0957583	HGNC:5136	biolink:gene_associated_with_condition	0
0.10580138	MONDO:0957583	HGNC:14974	biolink:causes	0
0.02500922	MONDO:0957594	HGNC:11917	biolink:gene_associated_with_condition	0
0.040014695	MONDO:0957594	HGNC:7808	biolink:causes	0
0.50004536	MONDO:0958085	HGNC:572	biolink:causes	0
0.3279078	MONDO:0958085	HGNC:14539	biolink:contributes_to	0
0.3954006	MONDO:0958085	HGNC:315	biolink:causes	0
0.32935223	MONDO:0958085	HGNC:438	biolink:gene_associated_with_condition	0
0.2664076	MONDO:0958085	HGNC:20672	biolink:causes	0
0.75520605	MONDO:0958085	HGNC:10955	biolink:causes	0
0.20206818	MONDO:0958085	HGNC:12463	biolink:gene_associated_with_condition	0
0.7580637	MONDO:0958279	HGNC:7176	biolink:causes	0
0.55978376	MONDO:0958353	HGNC:14575	biolink:gene_associated_with_condition	0
0.65023434	MONDO:0970994	HGNC:29685	biolink:causes	0
0.80065256	MONDO:0971014	HGNC:14575	biolink:gene_associated_with_condition	0
0.005741815	MONDO:0975761	HGNC:7097	biolink:gene_associated_with_condition	0
0.04040891	MONDO:0975887	HGNC:11311	biolink:gene_associated_with_condition	0
