prediction	sources	destinations	edge_types	label
0.9946614	HGNC:13666	MONDO:0009279	biolink:causes	1
0.9333104	HGNC:35	MONDO:0007610	biolink:gene_associated_with_condition	1
0.9999509	HGNC:48	MONDO:0010524	biolink:causes	1
0.056155823	HGNC:14639	MONDO:0044224	biolink:causes	1
0.90506095	HGNC:21497	MONDO:0012624	biolink:causes	1
1.0	HGNC:23339	MONDO:0968976	biolink:causes	1
0.9315905	HGNC:118	MONDO:0014753	biolink:gene_associated_with_condition	1
0.98671746	HGNC:118	MONDO:0013802	biolink:gene_associated_with_condition	1
0.9999918	HGNC:124	MONDO:0011939	biolink:causes	1
0.9986627	HGNC:124	MONDO:0014343	biolink:causes	1
0.9951788	HGNC:160	MONDO:0032770	biolink:causes	1
0.38031	HGNC:216	MONDO:0013002	biolink:causes	1
0.99998844	HGNC:218	MONDO:0009161	biolink:causes	1
0.21949042	HGNC:21285	MONDO:0007748	biolink:contributes_to	1
0.9381515	HGNC:329	MONDO:0020345	biolink:gene_associated_with_condition	1
0.93209046	HGNC:329	MONDO:0014052	biolink:causes	1
0.55182934	HGNC:14412	MONDO:0008860	biolink:causes	1
0.97797114	HGNC:8768	MONDO:0010275	biolink:gene_associated_with_condition	1
0.9913509	HGNC:8768	MONDO:0014343	biolink:causes	1
0.94456285	HGNC:8768	MONDO:0010689	biolink:causes	1
0.9945093	HGNC:20091	MONDO:0054731	biolink:causes	1
0.8657641	HGNC:379	MONDO:0012738	biolink:causes	1
0.9155114	HGNC:388	MONDO:0009339	biolink:causes	1
0.9155114	HGNC:388	MONDO:0009339	biolink:gene_associated_with_condition	1
0.82153803	HGNC:391	MONDO:0014048	biolink:causes	1
0.845625	HGNC:399	MONDO:0014449	biolink:gene_associated_with_condition	1
0.9994641	HGNC:9722	MONDO:0009053	biolink:causes	1
0.9994641	HGNC:9722	MONDO:0009053	biolink:gene_associated_with_condition	1
0.9997243	HGNC:15672	MONDO:0009890	biolink:causes	1
0.99963427	HGNC:17085	MONDO:0032724	biolink:causes	1
0.99793833	HGNC:17944	MONDO:0013853	biolink:causes	1
0.827777	HGNC:30578	MONDO:0014014	biolink:causes	1
0.827777	HGNC:30578	MONDO:0014014	biolink:gene_associated_with_condition	1
0.9732894	HGNC:3522	MONDO:0011541	biolink:causes	1
0.9859308	HGNC:3527	MONDO:0014343	biolink:causes	1
0.6479027	HGNC:3542	MONDO:0010947	biolink:gene_associated_with_condition	1
0.9938996	HGNC:3542	MONDO:0009210	biolink:gene_associated_with_condition	1
0.9996431	HGNC:21197	MONDO:0012866	biolink:causes	1
0.9999933	HGNC:3584	MONDO:0009213	biolink:causes	1
0.90385437	HGNC:3604	MONDO:0014501	biolink:causes	1
0.99967206	HGNC:3604	MONDO:0008818	biolink:causes	1
0.9630709	HGNC:3619	MONDO:0014313	biolink:causes	1
0.9857744	HGNC:3681	MONDO:0012541	biolink:causes	1
0.80807424	HGNC:3681	MONDO:0020494	biolink:gene_associated_with_condition	1
0.99717975	HGNC:3671	MONDO:0859340	biolink:causes	1
0.99717975	HGNC:3671	MONDO:0859340	biolink:gene_associated_with_condition	1
0.90790045	HGNC:3677	MONDO:0014319	biolink:causes	1
0.9454003	HGNC:3688	MONDO:0007400	biolink:causes	1
0.8714326	HGNC:3690	MONDO:0016681	biolink:gene_associated_with_condition	1
0.95790416	HGNC:3690	MONDO:0012833	biolink:causes	1
0.90962046	HGNC:3690	MONDO:0016682	biolink:gene_associated_with_condition	1
0.9972185	HGNC:3690	MONDO:0008546	biolink:gene_associated_with_condition	1
0.9945167	HGNC:3690	MONDO:0014658	biolink:gene_associated_with_condition	1
0.9693085	HGNC:3700	MONDO:0007888	biolink:gene_associated_with_condition	1
0.9999999	HGNC:16873	MONDO:0008995	biolink:gene_associated_with_condition	1
0.9188957	HGNC:3622	MONDO:0013156	biolink:causes	1
0.68959856	HGNC:27310	MONDO:0008259	biolink:causes	1
0.93528336	HGNC:27310	MONDO:0800445	biolink:causes	1
0.98098123	HGNC:3762	MONDO:0014107	biolink:causes	1
1.0	HGNC:20105	MONDO:0009168	biolink:causes	1
0.99859244	HGNC:3801	MONDO:0007922	biolink:gene_associated_with_condition	1
0.99911743	HGNC:3808	MONDO:0012456	biolink:causes	1
0.98171806	HGNC:3811	MONDO:0016833	biolink:gene_associated_with_condition	1
0.9373672	HGNC:6106	MONDO:0010580	biolink:causes	1
1.0	HGNC:1162	MONDO:0859312	biolink:causes	1
0.9999999	HGNC:19185	MONDO:0054737	biolink:causes	1
0.96340257	HGNC:23399	MONDO:0019636	biolink:gene_associated_with_condition	1
0.99999106	HGNC:23399	MONDO:0012165	biolink:causes	1
0.9990596	HGNC:23399	MONDO:0013774	biolink:causes	1
0.37520313	HGNC:3969	MONDO:0011972	biolink:gene_associated_with_condition	1
0.93533707	HGNC:4013	MONDO:0014763	biolink:causes	1
0.07950779	HGNC:4017	MONDO:0013462	biolink:causes	1
0.9970078	HGNC:4042	MONDO:0007589	biolink:causes	1
0.44244617	HGNC:4507	MONDO:0100460	biolink:contributes_to	1
0.9994311	HGNC:4082	MONDO:0020631	biolink:causes	1
0.9542687	HGNC:24063	MONDO:0030105	biolink:gene_associated_with_condition	1
0.9356537	HGNC:4162	MONDO:0011091	biolink:causes	1
0.9356537	HGNC:4162	MONDO:0011091	biolink:gene_associated_with_condition	1
0.9825195	HGNC:4162	MONDO:0015353	biolink:causes	1
0.8956238	HGNC:4165	MONDO:0016355	biolink:gene_associated_with_condition	1
0.23179302	HGNC:4170	MONDO:0019458	biolink:gene_associated_with_condition	1
0.5989119	HGNC:4170	MONDO:0009902	biolink:gene_associated_with_condition	1
0.977248	HGNC:30778	MONDO:0014034	biolink:causes	1
0.99037653	HGNC:4177	MONDO:0009265	biolink:causes	1
0.99972934	HGNC:4177	MONDO:0011945	biolink:causes	1
0.9985671	HGNC:4177	MONDO:0009266	biolink:gene_associated_with_condition	1
0.7398403	HGNC:4180	MONDO:0017697	biolink:gene_associated_with_condition	1
0.99700195	HGNC:4180	MONDO:0009897	biolink:gene_associated_with_condition	1
0.825797	HGNC:4180	MONDO:0017696	biolink:gene_associated_with_condition	1
0.9715055	HGNC:4198	MONDO:0024570	biolink:causes	1
0.9995883	HGNC:15968	MONDO:0011916	biolink:gene_associated_with_condition	1
0.9999584	HGNC:4214	MONDO:0013463	biolink:causes	1
0.6168328	HGNC:4285	MONDO:0015351	biolink:gene_associated_with_condition	1
0.99582714	HGNC:4298	MONDO:0009260	biolink:causes	1
0.9953681	HGNC:4298	MONDO:0009262	biolink:causes	1
0.9953681	HGNC:4298	MONDO:0009262	biolink:gene_associated_with_condition	1
0.26801464	HGNC:14373	MONDO:0007672	biolink:causes	1
0.9684008	HGNC:4331	MONDO:0032685	biolink:causes	1
0.97800213	HGNC:4392	MONDO:0012911	biolink:gene_associated_with_condition	1
0.9943051	HGNC:4392	MONDO:0014343	biolink:causes	1
0.7975507	HGNC:4392	MONDO:0008153	biolink:causes	1
0.9444188	HGNC:4392	MONDO:0012912	biolink:causes	1
0.9444188	HGNC:4392	MONDO:0012912	biolink:gene_associated_with_condition	1
0.19856215	HGNC:4392	MONDO:0008274	biolink:gene_associated_with_condition	1
0.9999565	HGNC:4454	MONDO:0009779	biolink:gene_associated_with_condition	1
0.95651937	HGNC:20844	MONDO:0957825	biolink:causes	1
0.92952883	HGNC:31371	MONDO:0008377	biolink:causes	1
0.99854183	HGNC:4556	MONDO:0009593	biolink:causes	1
0.37517634	HGNC:25839	MONDO:0008637	biolink:gene_associated_with_condition	1
0.9987581	HGNC:4572	MONDO:0030060	biolink:causes	1
0.8215817	HGNC:4688	MONDO:0013843	biolink:causes	1
0.8648326	HGNC:4707	MONDO:0009414	biolink:causes	1
0.8648326	HGNC:4707	MONDO:0009414	biolink:gene_associated_with_condition	1
0.26913872	HGNC:4798	MONDO:0014682	biolink:contributes_to	1
0.223549	HGNC:4827	MONDO:0016242	biolink:gene_associated_with_condition	1
0.93548125	HGNC:4827	MONDO:0016672	biolink:gene_associated_with_condition	1
0.9984357	HGNC:13315	MONDO:0014343	biolink:causes	1
0.97305906	HGNC:13315	MONDO:0010665	biolink:gene_associated_with_condition	1
0.998912	HGNC:4877	MONDO:0014343	biolink:causes	1
0.9739567	HGNC:4877	MONDO:0019828	biolink:gene_associated_with_condition	1
0.96757495	HGNC:4922	MONDO:0008377	biolink:causes	1
0.85947037	HGNC:4922	MONDO:0044320	biolink:causes	1
0.8593486	HGNC:5009	MONDO:0020563	biolink:gene_associated_with_condition	1
0.9918243	HGNC:5004	MONDO:0010485	biolink:causes	1
0.998577	HGNC:5006	MONDO:0957270	biolink:causes	1
0.51787335	HGNC:5031	MONDO:0014181	biolink:causes	1
0.38373098	HGNC:5031	MONDO:0012410	biolink:causes	1
0.86857367	HGNC:5037	MONDO:0012193	biolink:causes	1
0.86857367	HGNC:5037	MONDO:0012193	biolink:gene_associated_with_condition	1
0.5134392	HGNC:5048	MONDO:0033363	biolink:causes	1
0.983778	HGNC:5136	MONDO:0008513	biolink:causes	1
0.9758657	HGNC:5136	MONDO:0012544	biolink:causes	1
0.9758657	HGNC:5136	MONDO:0012544	biolink:gene_associated_with_condition	1
0.80917144	HGNC:5136	MONDO:0007222	biolink:causes	1
0.4903327	HGNC:5136	MONDO:0017544	biolink:gene_associated_with_condition	1
0.76438427	HGNC:5227	MONDO:0018611	biolink:gene_associated_with_condition	1
0.6268393	HGNC:5261	MONDO:0011532	biolink:causes	1
0.558849	HGNC:4851	MONDO:0016621	biolink:gene_associated_with_condition	1
0.9616505	HGNC:4851	MONDO:0054573	biolink:causes	1
0.9999994	HGNC:24587	MONDO:0012514	biolink:causes	1
0.9750704	HGNC:5385	MONDO:0012943	biolink:causes	1
0.9921633	HGNC:5385	MONDO:0008377	biolink:causes	1
0.7811479	HGNC:5389	MONDO:0016316	biolink:gene_associated_with_condition	1
0.99796164	HGNC:16644	MONDO:0014343	biolink:causes	1
0.7891003	HGNC:5440	MONDO:0013953	biolink:causes	1
0.891018	HGNC:18365	MONDO:0012292	biolink:contributes_to	1
0.99997854	HGNC:18626	MONDO:0014447	biolink:causes	1
0.98770416	HGNC:29262	MONDO:0013127	biolink:gene_associated_with_condition	1
0.98756427	HGNC:30391	MONDO:0008377	biolink:causes	1
0.92549205	HGNC:5464	MONDO:0012110	biolink:causes	1
0.99929667	HGNC:5948	MONDO:0014343	biolink:causes	1
1.0	HGNC:5967	MONDO:0013615	biolink:causes	1
0.04595151	HGNC:6062	MONDO:0044638	biolink:gene_associated_with_condition	1
0.99554354	HGNC:33882	MONDO:0024607	biolink:causes	1
0.99974865	HGNC:24555	MONDO:0032817	biolink:causes	1
0.9987488	HGNC:9853	MONDO:0008818	biolink:causes	1
0.8593622	HGNC:28949	MONDO:0012225	biolink:causes	1
0.9182778	HGNC:29350	MONDO:0859338	biolink:causes	1
0.9993586	HGNC:6116	MONDO:0958011	biolink:causes	1
0.0413519	HGNC:6120	MONDO:0012834	biolink:contributes_to	1
0.091461636	HGNC:6120	MONDO:0016356	biolink:gene_associated_with_condition	1
0.95713556	HGNC:5358	MONDO:0013957	biolink:causes	1
0.99824107	HGNC:5358	MONDO:0009194	biolink:causes	1
0.9923959	HGNC:28660	MONDO:0033282	biolink:gene_associated_with_condition	1
0.75957733	HGNC:4053	MONDO:0014502	biolink:causes	1
0.9998542	HGNC:6171	MONDO:0013081	biolink:gene_associated_with_condition	1
0.7819535	HGNC:6174	MONDO:0007297	biolink:gene_associated_with_condition	1
0.9358632	HGNC:6174	MONDO:0008306	biolink:gene_associated_with_condition	1
0.9992536	HGNC:6180	MONDO:0008795	biolink:gene_associated_with_condition	1
0.99020255	HGNC:6180	MONDO:0011694	biolink:gene_associated_with_condition	1
0.7678407	HGNC:6182	MONDO:0859311	biolink:causes	1
0.97738576	HGNC:16951	MONDO:0033542	biolink:causes	1
0.9999939	HGNC:6188	MONDO:0016862	biolink:causes	1
0.97647583	HGNC:6188	MONDO:0008542	biolink:gene_associated_with_condition	1
0.7102661	HGNC:6192	MONDO:0009891	biolink:causes	1
0.35143963	HGNC:6192	MONDO:0010947	biolink:gene_associated_with_condition	1
0.7610741	HGNC:6192	MONDO:0013794	biolink:causes	1
0.99998116	HGNC:14686	MONDO:0032938	biolink:causes	1
0.9355887	HGNC:6207	MONDO:0011017	biolink:causes	1
0.9355887	HGNC:6207	MONDO:0011017	biolink:gene_associated_with_condition	1
0.8909845	HGNC:6215	MONDO:0030967	biolink:causes	1
0.7693579	HGNC:6215	MONDO:0013489	biolink:causes	1
0.99998224	HGNC:6263	MONDO:0008222	biolink:gene_associated_with_condition	1
0.9461113	HGNC:6257	MONDO:0012522	biolink:causes	1
0.033017874	HGNC:1337	MONDO:0858999	biolink:gene_associated_with_condition	1
0.99975866	HGNC:29012	MONDO:0032790	biolink:causes	1
0.99997914	HGNC:19960	MONDO:0014688	biolink:causes	1
0.96063083	HGNC:6320	MONDO:0030071	biolink:causes	1
0.816768	HGNC:6392	MONDO:0007109	biolink:causes	1
0.9947837	HGNC:4510	MONDO:0008302	biolink:causes	1
0.8170522	HGNC:4510	MONDO:0958354	biolink:gene_associated_with_condition	1
0.9979715	HGNC:6365	MONDO:0008772	biolink:causes	1
0.9338062	HGNC:6371	MONDO:0012901	biolink:causes	1
0.9338062	HGNC:6371	MONDO:0012901	biolink:gene_associated_with_condition	1
0.9254404	HGNC:6412	MONDO:0007808	biolink:gene_associated_with_condition	1
0.78664887	HGNC:6412	MONDO:0010962	biolink:causes	1
0.76054657	HGNC:6412	MONDO:0957303	biolink:causes	1
0.8977521	HGNC:6442	MONDO:0030535	biolink:causes	1
0.94854623	HGNC:6416	MONDO:0007551	biolink:causes	1
0.8403052	HGNC:6416	MONDO:0007445	biolink:causes	1
0.9251343	HGNC:6416	MONDO:0007556	biolink:gene_associated_with_condition	1
0.9330597	HGNC:6463	MONDO:0700343	biolink:causes	1
0.9976591	HGNC:6481	MONDO:0014419	biolink:gene_associated_with_condition	1
0.97345847	HGNC:6481	MONDO:0008377	biolink:causes	1
0.9996773	HGNC:6487	MONDO:0012184	biolink:gene_associated_with_condition	1
0.8972353	HGNC:6541	MONDO:0013587	biolink:gene_associated_with_condition	1
0.3983965	HGNC:6585	MONDO:0019930	biolink:gene_associated_with_condition	1
0.99926955	HGNC:6597	MONDO:0009820	biolink:causes	1
0.8451383	HGNC:19263	MONDO:0029465	biolink:causes	1
0.6268427	HGNC:6636	MONDO:0007269	biolink:gene_associated_with_condition	1
0.934494	HGNC:6636	MONDO:0017403	biolink:gene_associated_with_condition	1
0.6454363	HGNC:6636	MONDO:0008310	biolink:gene_associated_with_condition	1
0.93434745	HGNC:6636	MONDO:0013178	biolink:causes	1
0.99999106	HGNC:13869	MONDO:0007987	biolink:causes	1
0.9999975	HGNC:13869	MONDO:0007949	biolink:causes	1
0.99744165	HGNC:13869	MONDO:0008490	biolink:causes	1
0.9764423	HGNC:24783	MONDO:0008377	biolink:causes	1
0.99164987	HGNC:15714	MONDO:0009069	biolink:causes	1
0.99999976	HGNC:6717	MONDO:0013170	biolink:causes	1
0.70125985	HGNC:21173	MONDO:0859355	biolink:causes	1
0.9999552	HGNC:21365	MONDO:0014269	biolink:gene_associated_with_condition	1
0.99849856	HGNC:6742	MONDO:0014693	biolink:causes	1
0.9395734	HGNC:6742	MONDO:0016682	biolink:gene_associated_with_condition	1
0.99372274	HGNC:6742	MONDO:0007922	biolink:causes	1
0.9886242	HGNC:6814	MONDO:0100101	biolink:gene_associated_with_condition	1
0.99990714	HGNC:6814	MONDO:0015783	biolink:gene_associated_with_condition	1
0.9375082	HGNC:451	MONDO:0008377	biolink:causes	1
0.03761205	HGNC:17811	MONDO:0971064	biolink:gene_associated_with_condition	1
0.8175716	HGNC:492	MONDO:0008447	biolink:causes	1
0.54102707	HGNC:25240	MONDO:0009885	biolink:causes	1
0.54102707	HGNC:25240	MONDO:0009885	biolink:gene_associated_with_condition	1
0.1961051	HGNC:573	MONDO:0008483	biolink:causes	1
0.9993061	HGNC:573	MONDO:0017241	biolink:gene_associated_with_condition	1
0.37894216	HGNC:601	MONDO:0007750	biolink:contributes_to	1
0.18445833	HGNC:620	MONDO:0017945	biolink:gene_associated_with_condition	1
0.37862363	HGNC:620	MONDO:0017947	biolink:gene_associated_with_condition	1
0.4757852	HGNC:620	MONDO:0017946	biolink:gene_associated_with_condition	1
0.9841287	HGNC:634	MONDO:0007451	biolink:causes	1
0.21480109	HGNC:638	MONDO:0010849	biolink:gene_associated_with_condition	1
0.9173847	HGNC:14103	MONDO:0011998	biolink:gene_associated_with_condition	1
0.9999583	HGNC:23045	MONDO:0032748	biolink:causes	1
1.0	HGNC:20730	MONDO:0033308	biolink:causes	1
0.994932	HGNC:18060	MONDO:0010317	biolink:causes	1
0.24203973	HGNC:738	MONDO:0020493	biolink:gene_associated_with_condition	1
0.99925417	HGNC:23805	MONDO:0014963	biolink:gene_associated_with_condition	1
0.8642209	HGNC:24007	MONDO:0032933	biolink:gene_associated_with_condition	1
0.999997	HGNC:779	MONDO:0011025	biolink:causes	1
0.7679282	HGNC:24526	MONDO:0014286	biolink:causes	1
0.8909943	HGNC:800	MONDO:0859204	biolink:causes	1
0.9932514	HGNC:6842	MONDO:0007922	biolink:causes	1
0.98485535	HGNC:6859	MONDO:0008005	biolink:causes	1
0.99089324	HGNC:6871	MONDO:0033669	biolink:causes	1
0.9977769	HGNC:15455	MONDO:0014343	biolink:causes	1
0.95760244	HGNC:15455	MONDO:0009804	biolink:gene_associated_with_condition	1
0.9791039	HGNC:15455	MONDO:0010486	biolink:causes	1
0.99966466	HGNC:40050	MONDO:0032872	biolink:causes	1
0.7034327	HGNC:6949	MONDO:0006065	biolink:causes	1
0.99989927	HGNC:13356	MONDO:0009653	biolink:causes	1
0.99984646	HGNC:28870	MONDO:0031043	biolink:causes	1
0.9496417	HGNC:6970	MONDO:0030072	biolink:causes	1
0.9999974	HGNC:29634	MONDO:0013731	biolink:causes	1
0.94685555	HGNC:7001	MONDO:0014822	biolink:gene_associated_with_condition	1
0.9961557	HGNC:16877	MONDO:0012231	biolink:gene_associated_with_condition	1
0.9723058	HGNC:16877	MONDO:0010877	biolink:gene_associated_with_condition	1
0.3189491	HGNC:16877	MONDO:0019549	biolink:gene_associated_with_condition	1
0.99676776	HGNC:16877	MONDO:0011002	biolink:causes	1
0.99991536	HGNC:16205	MONDO:0014039	biolink:causes	1
0.84008396	HGNC:7103	MONDO:0020378	biolink:gene_associated_with_condition	1
0.999997	HGNC:31582	MONDO:0014747	biolink:causes	1
0.9297686	HGNC:7127	MONDO:0012041	biolink:causes	1
0.9134391	HGNC:7127	MONDO:0008018	biolink:causes	1
1.0	HGNC:24525	MONDO:0010184	biolink:causes	1
0.4054928	HGNC:7154	MONDO:0044657	biolink:gene_associated_with_condition	1
0.6982099	HGNC:7154	MONDO:0014866	biolink:causes	1
0.92443126	HGNC:7160	MONDO:0010201	biolink:causes	1
0.9617289	HGNC:14049	MONDO:0032712	biolink:causes	1
0.966421	HGNC:14048	MONDO:0012510	biolink:causes	1
0.9690433	HGNC:7326	MONDO:0012041	biolink:causes	1
0.93928397	HGNC:7326	MONDO:0044300	biolink:causes	1
0.93928397	HGNC:7326	MONDO:0044300	biolink:gene_associated_with_condition	1
0.7616183	HGNC:7373	MONDO:0010514	biolink:causes	1
0.21299896	HGNC:27375	MONDO:0013386	biolink:causes	1
0.99999833	HGNC:29678	MONDO:0044714	biolink:causes	1
0.999506	HGNC:7490	MONDO:0010790	biolink:gene_associated_with_condition	1
0.96614856	HGNC:7450	MONDO:0011066	biolink:gene_associated_with_condition	1
0.9953446	HGNC:26784	MONDO:0014020	biolink:causes	1
0.9953446	HGNC:26784	MONDO:0014020	biolink:gene_associated_with_condition	1
0.7825381	HGNC:7559	MONDO:0958279	biolink:causes	1
0.99355984	HGNC:7569	MONDO:0025708	biolink:causes	1
0.93493176	HGNC:7569	MONDO:0100354	biolink:gene_associated_with_condition	1
0.91782457	HGNC:7569	MONDO:0024559	biolink:gene_associated_with_condition	1
0.87849325	HGNC:7590	MONDO:0013418	biolink:causes	1
0.96972513	HGNC:13879	MONDO:0800026	biolink:gene_associated_with_condition	1
0.9774211	HGNC:7623	MONDO:0957477	biolink:gene_associated_with_condition	1
0.9990759	HGNC:7631	MONDO:0012221	biolink:gene_associated_with_condition	1
0.9996228	HGNC:7631	MONDO:0012222	biolink:gene_associated_with_condition	1
1.0	HGNC:19082	MONDO:0014556	biolink:gene_associated_with_condition	1
0.92206854	HGNC:28952	MONDO:0054805	biolink:causes	1
0.9965475	HGNC:7662	MONDO:0013507	biolink:causes	1
0.99452657	HGNC:7679	MONDO:0011085	biolink:causes	1
0.99452657	HGNC:7679	MONDO:0011085	biolink:gene_associated_with_condition	1
0.9781991	HGNC:7693	MONDO:0032630	biolink:causes	1
0.9997732	HGNC:9706	MONDO:0009151	biolink:gene_associated_with_condition	1
0.960272	HGNC:7739	MONDO:0011902	biolink:gene_associated_with_condition	1
1.0	HGNC:29433	MONDO:0010483	biolink:causes	1
0.98919487	HGNC:7818	MONDO:0030684	biolink:causes	1
0.9509099	HGNC:7820	MONDO:0010544	biolink:causes	1
0.36589217	HGNC:7821	MONDO:0017111	biolink:gene_associated_with_condition	1
0.7307106	HGNC:2488	MONDO:0020745	biolink:causes	1
0.6997055	HGNC:2488	MONDO:0019855	biolink:gene_associated_with_condition	1
0.7642951	HGNC:2488	MONDO:0013752	biolink:causes	1
0.97997516	HGNC:2488	MONDO:0008542	biolink:causes	1
0.99892825	HGNC:951	MONDO:0014343	biolink:causes	1
0.99999	HGNC:951	MONDO:0013228	biolink:causes	1
0.9287137	HGNC:16400	MONDO:0007349	biolink:causes	1
0.98597646	HGNC:16400	MONDO:0008633	biolink:gene_associated_with_condition	1
0.9998154	HGNC:22938	MONDO:0012724	biolink:gene_associated_with_condition	1
0.9639438	HGNC:7863	MONDO:0013874	biolink:causes	1
0.9999176	HGNC:22448	MONDO:0012689	biolink:causes	1
0.42818546	HGNC:5331	MONDO:0009960	biolink:contributes_to	1
0.83214396	HGNC:14378	MONDO:0957294	biolink:causes	1
0.86872035	HGNC:7881	MONDO:0024523	biolink:causes	1
0.6527677	HGNC:14537	MONDO:0016308	biolink:gene_associated_with_condition	1
0.9962501	HGNC:7945	MONDO:0014343	biolink:causes	1
0.9998661	HGNC:7945	MONDO:0008818	biolink:causes	1
0.99996567	HGNC:7975	MONDO:0014320	biolink:causes	1
0.5713196	HGNC:7983	MONDO:0016281	biolink:gene_associated_with_condition	1
0.96098024	HGNC:7983	MONDO:0060489	biolink:causes	1
0.9759854	HGNC:7989	MONDO:0013186	biolink:causes	1
0.9976053	HGNC:13398	MONDO:0010441	biolink:causes	1
0.9976053	HGNC:13398	MONDO:0010441	biolink:gene_associated_with_condition	1
0.999966	HGNC:7677	MONDO:0014984	biolink:causes	1
0.98436743	HGNC:8028	MONDO:0012041	biolink:causes	1
0.9922496	HGNC:8028	MONDO:0014630	biolink:gene_associated_with_condition	1
0.990252	HGNC:29914	MONDO:0032692	biolink:causes	1
0.65079457	HGNC:29914	MONDO:0054850	biolink:causes	1
0.9977447	HGNC:21042	MONDO:0030921	biolink:causes	1
0.6873038	HGNC:23448	MONDO:0005006	biolink:gene_associated_with_condition	1
0.9199687	HGNC:8091	MONDO:0008377	biolink:causes	1
0.7167872	HGNC:8091	MONDO:0009796	biolink:gene_associated_with_condition	1
0.9966455	HGNC:2567	MONDO:0010702	biolink:gene_associated_with_condition	1
0.9999944	HGNC:8487	MONDO:0009143	biolink:causes	1
0.87084085	HGNC:18124	MONDO:0012354	biolink:causes	1
0.87084085	HGNC:18124	MONDO:0012354	biolink:gene_associated_with_condition	1
0.96347046	HGNC:19317	MONDO:0008377	biolink:causes	1
0.9941963	HGNC:19317	MONDO:0007740	biolink:causes	1
0.86304885	HGNC:8582	MONDO:0017389	biolink:gene_associated_with_condition	1
0.8762256	HGNC:8591	MONDO:0100119	biolink:causes	1
0.99999344	HGNC:30563	MONDO:0032752	biolink:causes	1
0.9986105	HGNC:8617	MONDO:0014343	biolink:causes	1
0.9999403	HGNC:8617	MONDO:0007862	biolink:causes	1
0.9999403	HGNC:8617	MONDO:0007862	biolink:gene_associated_with_condition	1
0.891666	HGNC:8623	MONDO:0011477	biolink:causes	1
0.99961746	HGNC:8653	MONDO:0011628	biolink:gene_associated_with_condition	1
0.9974861	HGNC:8778	MONDO:0014343	biolink:causes	1
0.974392	HGNC:8787	MONDO:0008377	biolink:causes	1
0.9164268	HGNC:8804	MONDO:0014004	biolink:causes	1
0.9989312	HGNC:8804	MONDO:0011150	biolink:gene_associated_with_condition	1
0.7702211	HGNC:6107	MONDO:0011667	biolink:causes	1
0.8628529	HGNC:26974	MONDO:0859281	biolink:causes	1
0.9999999	HGNC:40045	MONDO:0033654	biolink:causes	1
0.9805587	HGNC:8858	MONDO:0013948	biolink:causes	1
0.94994134	HGNC:9713	MONDO:0018598	biolink:gene_associated_with_condition	1
0.9860973	HGNC:9713	MONDO:0019174	biolink:gene_associated_with_condition	1
0.27666175	HGNC:8881	MONDO:0013891	biolink:causes	1
0.9552453	HGNC:25712	MONDO:0018419	biolink:gene_associated_with_condition	1
0.99869734	HGNC:9143	MONDO:0800026	biolink:gene_associated_with_condition	1
0.9959617	HGNC:18858	MONDO:0012465	biolink:gene_associated_with_condition	1
0.99999905	HGNC:14937	MONDO:0029140	biolink:causes	1
0.8938475	HGNC:8979	MONDO:0014453	biolink:causes	1
0.9860465	HGNC:8999	MONDO:0030045	biolink:causes	1
0.96207917	HGNC:9006	MONDO:0012527	biolink:causes	1
0.9442548	HGNC:9052	MONDO:0011136	biolink:gene_associated_with_condition	1
0.8536235	HGNC:9069	MONDO:0014661	biolink:causes	1
0.8907557	HGNC:9069	MONDO:0013390	biolink:gene_associated_with_condition	1
0.99813604	HGNC:29515	MONDO:0014766	biolink:causes	1
0.9950848	HGNC:9081	MONDO:0007363	biolink:causes	1
0.99855214	HGNC:9081	MONDO:0016002	biolink:causes	1
0.98000884	HGNC:22954	MONDO:0014977	biolink:causes	1
0.99999905	HGNC:18801	MONDO:0014606	biolink:causes	1
0.5782577	HGNC:9175	MONDO:0012953	biolink:contributes_to	1
0.9777771	HGNC:9175	MONDO:0014157	biolink:gene_associated_with_condition	1
0.9745218	HGNC:9175	MONDO:0970994	biolink:causes	1
0.9965275	HGNC:9179	MONDO:0013350	biolink:causes	1
0.9770785	HGNC:9181	MONDO:0010214	biolink:causes	1
0.9972102	HGNC:20422	MONDO:0014343	biolink:causes	1
0.9734248	HGNC:20422	MONDO:0013385	biolink:causes	1
0.9546741	HGNC:30348	MONDO:0019505	biolink:gene_associated_with_condition	1
0.99999964	HGNC:9202	MONDO:0009364	biolink:causes	1
0.99947196	HGNC:9202	MONDO:0018277	biolink:gene_associated_with_condition	1
0.9991549	HGNC:9210	MONDO:0014343	biolink:causes	1
0.9546886	HGNC:9210	MONDO:0008250	biolink:gene_associated_with_condition	1
0.9027079	HGNC:25686	MONDO:0032592	biolink:causes	1
0.99147207	HGNC:9282	MONDO:0014343	biolink:causes	1
0.922064	HGNC:9302	MONDO:0014605	biolink:causes	1
0.9491596	HGNC:9305	MONDO:0011439	biolink:causes	1
0.9491596	HGNC:9305	MONDO:0011439	biolink:gene_associated_with_condition	1
0.98355466	HGNC:9330	MONDO:0019769	biolink:gene_associated_with_condition	1
0.98094696	HGNC:9330	MONDO:0019767	biolink:gene_associated_with_condition	1
0.75840354	HGNC:9449	MONDO:0011299	biolink:gene_associated_with_condition	1
0.64920473	HGNC:9449	MONDO:0010808	biolink:gene_associated_with_condition	1
0.98042864	HGNC:9456	MONDO:0012868	biolink:causes	1
0.96961886	HGNC:9462	MONDO:0018464	biolink:gene_associated_with_condition	1
0.9023703	HGNC:9462	MONDO:0018495	biolink:gene_associated_with_condition	1
0.82847387	HGNC:9588	MONDO:0011789	biolink:contributes_to	1
0.9047006	HGNC:9588	MONDO:0012041	biolink:causes	1
0.05637797	HGNC:9588	MONDO:0044638	biolink:gene_associated_with_condition	1
0.7625468	HGNC:9588	MONDO:0021427	biolink:gene_associated_with_condition	1
0.99134576	HGNC:23734	MONDO:0014406	biolink:causes	1
0.8739069	HGNC:9701	MONDO:0017811	biolink:gene_associated_with_condition	1
0.9989201	HGNC:15508	MONDO:0024553	biolink:causes	1
0.91117084	HGNC:816	MONDO:0010404	biolink:gene_associated_with_condition	1
0.97330904	HGNC:18305	MONDO:0010319	biolink:gene_associated_with_condition	1
0.9790856	HGNC:854	MONDO:0014646	biolink:causes	1
0.90526754	HGNC:3706	MONDO:0009469	biolink:gene_associated_with_condition	1
0.99097264	HGNC:882	MONDO:0014343	biolink:causes	1
0.9519639	HGNC:7106	MONDO:0017176	biolink:gene_associated_with_condition	1
0.96273804	HGNC:904	MONDO:0012075	biolink:causes	1
0.52155197	HGNC:959	MONDO:0013108	biolink:causes	1
0.9999807	HGNC:966	MONDO:0008854	biolink:causes	1
0.9950814	HGNC:18758	MONDO:0008377	biolink:causes	1
0.99434054	HGNC:26648	MONDO:0008377	biolink:causes	1
0.99115866	HGNC:977	MONDO:0100058	biolink:causes	1
0.7676428	HGNC:983	MONDO:0015270	biolink:gene_associated_with_condition	1
0.9779424	HGNC:12703	MONDO:0007931	biolink:gene_associated_with_condition	1
0.9979504	HGNC:1044	MONDO:0010515	biolink:causes	1
0.9978769	HGNC:1044	MONDO:0014343	biolink:causes	1
0.99968195	HGNC:1044	MONDO:0007524	biolink:causes	1
0.23951504	HGNC:1044	MONDO:0850095	biolink:gene_associated_with_condition	1
1.0	HGNC:26953	MONDO:0060631	biolink:gene_associated_with_condition	1
0.89722425	HGNC:1069	MONDO:0007216	biolink:causes	1
0.9989497	HGNC:24154	MONDO:0014343	biolink:causes	1
0.7802194	HGNC:1077	MONDO:0009231	biolink:gene_associated_with_condition	1
0.9684	HGNC:1077	MONDO:0007216	biolink:gene_associated_with_condition	1
0.99994946	HGNC:21701	MONDO:0020841	biolink:causes	1
0.9998901	HGNC:24713	MONDO:0060707	biolink:gene_associated_with_condition	1
0.99999917	HGNC:14263	MONDO:0008710	biolink:causes	1
0.9722617	HGNC:9832	MONDO:0009306	biolink:causes	1
0.9994955	HGNC:9832	MONDO:0011086	biolink:causes	1
0.9990772	HGNC:9832	MONDO:0011338	biolink:causes	1
0.9990772	HGNC:9832	MONDO:0011338	biolink:gene_associated_with_condition	1
0.35660586	HGNC:16854	MONDO:0054847	biolink:causes	1
0.9993426	HGNC:9863	MONDO:0100102	biolink:causes	1
0.9952484	HGNC:18662	MONDO:0012604	biolink:causes	1
0.91027504	HGNC:21863	MONDO:0012794	biolink:gene_associated_with_condition	1
0.49942678	HGNC:9970	MONDO:0008678	biolink:gene_associated_with_condition	1
0.9748316	HGNC:9990	MONDO:0008377	biolink:causes	1
0.9994228	HGNC:9990	MONDO:0013414	biolink:causes	1
0.9242305	HGNC:17282	MONDO:0008377	biolink:causes	1
0.8095988	HGNC:10019	MONDO:0020849	biolink:causes	1
0.97914815	HGNC:10023	MONDO:0014343	biolink:causes	1
0.8533769	HGNC:10023	MONDO:0007922	biolink:causes	1
0.9987105	HGNC:10031	MONDO:0014343	biolink:causes	1
0.95711386	HGNC:10031	MONDO:0011338	biolink:gene_associated_with_condition	1
0.9233119	HGNC:12974	MONDO:0010495	biolink:causes	1
0.99999094	HGNC:13433	MONDO:0020790	biolink:causes	1
0.9987587	HGNC:10258	MONDO:0060745	biolink:causes	1
0.989042	HGNC:10298	MONDO:0014343	biolink:causes	1
0.03254026	HGNC:10303	MONDO:0018254	biolink:gene_associated_with_condition	1
0.9152216	HGNC:10327	MONDO:0013964	biolink:causes	1
0.56617874	HGNC:10397	MONDO:0012924	biolink:causes	1
0.99999523	HGNC:21054	MONDO:0014657	biolink:causes	1
0.998762	HGNC:28583	MONDO:0014343	biolink:causes	1
0.9355258	HGNC:14665	MONDO:0016783	biolink:gene_associated_with_condition	1
0.8821726	HGNC:10484	MONDO:0017402	biolink:gene_associated_with_condition	1
0.9979101	HGNC:10524	MONDO:0014343	biolink:causes	1
0.9998306	HGNC:21637	MONDO:0012864	biolink:gene_associated_with_condition	1
0.98917085	HGNC:10542	MONDO:0014117	biolink:gene_associated_with_condition	1
0.9897544	HGNC:1665	MONDO:0009699	biolink:causes	1
0.94072866	HGNC:10589	MONDO:0014156	biolink:causes	1
0.99930656	HGNC:10597	MONDO:0007571	biolink:causes	1
0.99930656	HGNC:10597	MONDO:0007571	biolink:gene_associated_with_condition	1
0.9976714	HGNC:10597	MONDO:0008179	biolink:gene_associated_with_condition	1
0.9996762	HGNC:10597	MONDO:0009459	biolink:causes	1
0.034549344	HGNC:10597	MONDO:0017629	biolink:gene_associated_with_condition	1
0.9999385	HGNC:10603	MONDO:0700250	biolink:causes	1
0.97826946	HGNC:10682	MONDO:0011740	biolink:gene_associated_with_condition	1
0.8798495	HGNC:10702	MONDO:0014802	biolink:causes	1
0.9958813	HGNC:17052	MONDO:0032849	biolink:causes	1
0.9948944	HGNC:10727	MONDO:0007794	biolink:causes	1
0.9812408	HGNC:10802	MONDO:0024465	biolink:causes	1
0.9991072	HGNC:10818	MONDO:0014343	biolink:causes	1
0.47356483	HGNC:14294	MONDO:0971069	biolink:gene_associated_with_condition	1
0.44552106	HGNC:10848	MONDO:0008572	biolink:gene_associated_with_condition	1
0.9905708	HGNC:26535	MONDO:0018393	biolink:gene_associated_with_condition	1
0.9994419	HGNC:10896	MONDO:0008426	biolink:causes	1
0.72243804	HGNC:10939	MONDO:0009110	biolink:gene_associated_with_condition	1
0.99866533	HGNC:10941	MONDO:0012982	biolink:causes	1
0.99999774	HGNC:11006	MONDO:0009216	biolink:causes	1
0.9999131	HGNC:11030	MONDO:0011422	biolink:causes	1
0.9993025	HGNC:11052	MONDO:0007777	biolink:causes	1
0.4979783	HGNC:11056	MONDO:0017354	biolink:gene_associated_with_condition	1
0.9999975	HGNC:11079	MONDO:0010278	biolink:causes	1
0.99992394	HGNC:23088	MONDO:0012892	biolink:causes	1
0.99948406	HGNC:13818	MONDO:0014718	biolink:causes	1
0.92160076	HGNC:10922	MONDO:0009501	biolink:causes	1
0.93954635	HGNC:10922	MONDO:0012396	biolink:causes	1
0.9396211	HGNC:10922	MONDO:0014490	biolink:causes	1
0.9783981	HGNC:10936	MONDO:0020345	biolink:gene_associated_with_condition	1
0.9998771	HGNC:10969	MONDO:0008919	biolink:causes	1
0.9984719	HGNC:20611	MONDO:0018264	biolink:causes	1
0.9547477	HGNC:8818	MONDO:0010933	biolink:causes	1
0.7898864	HGNC:8818	MONDO:0019855	biolink:gene_associated_with_condition	1
0.9999888	HGNC:23096	MONDO:0011273	biolink:causes	1
0.9999888	HGNC:23096	MONDO:0011273	biolink:gene_associated_with_condition	1
0.9998173	HGNC:25355	MONDO:0013208	biolink:gene_associated_with_condition	1
0.9999976	HGNC:11018	MONDO:0958331	biolink:causes	1
0.6491477	HGNC:11020	MONDO:0009928	biolink:causes	1
0.98822683	HGNC:17129	MONDO:0008713	biolink:gene_associated_with_condition	1
0.99986637	HGNC:20858	MONDO:0014864	biolink:causes	1
0.99996316	HGNC:17939	MONDO:0044322	biolink:causes	1
0.80484647	HGNC:30225	MONDO:0014013	biolink:gene_associated_with_condition	1
0.9962542	HGNC:6768	MONDO:0008426	biolink:causes	1
0.99529725	HGNC:6770	MONDO:0014343	biolink:causes	1
0.88493156	HGNC:6770	MONDO:0015278	biolink:causes	1
0.88493156	HGNC:6770	MONDO:0015278	biolink:gene_associated_with_condition	1
0.9961675	HGNC:6770	MONDO:0007688	biolink:causes	1
0.7866426	HGNC:6770	MONDO:0008276	biolink:gene_associated_with_condition	1
0.8018886	HGNC:6770	MONDO:0008278	biolink:causes	1
0.999137	HGNC:11098	MONDO:0859139	biolink:gene_associated_with_condition	1
0.072523385	HGNC:44204	MONDO:0044282	biolink:causes	1
0.99893886	HGNC:20323	MONDO:0014343	biolink:causes	1
0.9399298	HGNC:30859	MONDO:0008377	biolink:causes	1
0.9828445	HGNC:1331	MONDO:0012295	biolink:causes	1
0.9969338	HGNC:1373	MONDO:0009818	biolink:causes	1
0.9969338	HGNC:1373	MONDO:0009818	biolink:gene_associated_with_condition	1
0.9620203	HGNC:1395	MONDO:0014875	biolink:causes	1
0.9139487	HGNC:1445	MONDO:0014550	biolink:causes	1
0.84053546	HGNC:1460	MONDO:0054861	biolink:causes	1
0.9832606	HGNC:19721	MONDO:0054680	biolink:causes	1
0.9999597	HGNC:19721	MONDO:0009629	biolink:causes	1
0.98785585	HGNC:1480	MONDO:0029133	biolink:gene_associated_with_condition	1
0.9874386	HGNC:16393	MONDO:0014645	biolink:causes	1
0.73309755	HGNC:16393	MONDO:0011672	biolink:gene_associated_with_condition	1
0.99912745	HGNC:1497	MONDO:0010417	biolink:gene_associated_with_condition	1
0.99877816	HGNC:1515	MONDO:0014574	biolink:causes	1
0.9980525	HGNC:18810	MONDO:0012621	biolink:gene_associated_with_condition	1
0.8323721	HGNC:1529	MONDO:0019947	biolink:causes	1
0.8323721	HGNC:1529	MONDO:0019947	biolink:gene_associated_with_condition	1
0.94647545	HGNC:1529	MONDO:0013686	biolink:causes	1
0.99744177	HGNC:1542	MONDO:0957388	biolink:causes	1
0.16670671	HGNC:19967	MONDO:0017117	biolink:gene_associated_with_condition	1
0.8311964	HGNC:19967	MONDO:0009360	biolink:causes	1
0.98808867	HGNC:29296	MONDO:0971002	biolink:causes	1
0.99533194	HGNC:11167	MONDO:0020745	biolink:causes	1
0.99921834	HGNC:14974	MONDO:0014343	biolink:causes	1
0.99504966	HGNC:14974	MONDO:0014040	biolink:causes	1
0.96339566	HGNC:19383	MONDO:0800130	biolink:causes	1
0.9495131	HGNC:11187	MONDO:0008542	biolink:causes	1
0.94990474	HGNC:11195	MONDO:0008799	biolink:gene_associated_with_condition	1
0.9900067	HGNC:11195	MONDO:0014343	biolink:causes	1
0.88743454	HGNC:14530	MONDO:0031084	biolink:causes	1
0.976781	HGNC:11254	MONDO:0032942	biolink:causes	1
0.9200631	HGNC:11274	MONDO:0054780	biolink:causes	1
0.9812843	HGNC:11276	MONDO:0014159	biolink:gene_associated_with_condition	1
0.9948533	HGNC:11276	MONDO:0010848	biolink:causes	1
0.48895398	HGNC:11283	MONDO:0014837	biolink:gene_associated_with_condition	1
0.056783825	HGNC:10780	MONDO:0957583	biolink:causes	1
0.9999974	HGNC:28423	MONDO:0009722	biolink:causes	1
0.9517194	HGNC:11362	MONDO:0013427	biolink:gene_associated_with_condition	1
0.9261966	HGNC:10879	MONDO:0012989	biolink:causes	1
0.8572094	HGNC:11389	MONDO:0012041	biolink:causes	1
0.80717874	HGNC:11389	MONDO:0008280	biolink:causes	1
0.9887827	HGNC:17209	MONDO:0030332	biolink:causes	1
0.9793296	HGNC:11444	MONDO:0012812	biolink:gene_associated_with_condition	1
0.98329514	HGNC:11474	MONDO:0014733	biolink:gene_associated_with_condition	1
0.81323224	HGNC:17101	MONDO:0032916	biolink:gene_associated_with_condition	1
0.7698993	HGNC:28852	MONDO:0014844	biolink:causes	1
0.9462239	HGNC:18130	MONDO:0018393	biolink:gene_associated_with_condition	1
0.993834	HGNC:11510	MONDO:0014468	biolink:causes	1
0.9381417	HGNC:11522	MONDO:0016682	biolink:gene_associated_with_condition	1
0.99741167	HGNC:24316	MONDO:0700250	biolink:causes	1
0.6098636	HGNC:11584	MONDO:0012521	biolink:gene_associated_with_condition	1
0.84076697	HGNC:11584	MONDO:0014641	biolink:causes	1
0.9654767	HGNC:11592	MONDO:0008542	biolink:gene_associated_with_condition	1
0.99103945	HGNC:11600	MONDO:0010554	biolink:causes	1
0.9909525	HGNC:11609	MONDO:0009274	biolink:causes	1
0.9832282	HGNC:24519	MONDO:0013896	biolink:causes	1
0.99998295	HGNC:27365	MONDO:0013529	biolink:causes	1
1.0	HGNC:28313	MONDO:0032922	biolink:causes	1
0.9668369	HGNC:11741	MONDO:0014943	biolink:causes	1
0.9916892	HGNC:11764	MONDO:0010135	biolink:causes	1
0.58384055	HGNC:11764	MONDO:0011982	biolink:contributes_to	1
0.5906706	HGNC:11766	MONDO:0009061	biolink:contributes_to	1
0.89081824	HGNC:11766	MONDO:0032601	biolink:causes	1
0.9965495	HGNC:11772	MONDO:0008426	biolink:causes	1
0.9848135	HGNC:11772	MONDO:0008818	biolink:causes	1
0.055662684	HGNC:17192	MONDO:0013723	biolink:contributes_to	1
0.5757318	HGNC:18021	MONDO:0100045	biolink:contributes_to	1
1.0	HGNC:26186	MONDO:0859226	biolink:causes	1
0.9919355	HGNC:28396	MONDO:0012539	biolink:causes	1
0.9976646	HGNC:28396	MONDO:0014343	biolink:causes	1
0.99060905	HGNC:28396	MONDO:0008377	biolink:causes	1
0.99345845	HGNC:28396	MONDO:0011202	biolink:gene_associated_with_condition	1
0.9999393	HGNC:28128	MONDO:0033045	biolink:causes	1
0.9999999	HGNC:20185	MONDO:0044321	biolink:gene_associated_with_condition	1
0.56041104	HGNC:11917	MONDO:0017844	biolink:gene_associated_with_condition	1
0.16947988	HGNC:11905	MONDO:0044638	biolink:gene_associated_with_condition	1
0.9792631	HGNC:11908	MONDO:0008275	biolink:gene_associated_with_condition	1
0.9994294	HGNC:11908	MONDO:0012859	biolink:causes	1
0.9994294	HGNC:11908	MONDO:0012859	biolink:gene_associated_with_condition	1
0.99915516	HGNC:11908	MONDO:0014343	biolink:causes	1
0.98301494	HGNC:11908	MONDO:0009394	biolink:gene_associated_with_condition	1
0.78378004	HGNC:11934	MONDO:0012039	biolink:contributes_to	1
0.9987583	HGNC:11948	MONDO:0957281	biolink:causes	1
0.9999583	HGNC:11948	MONDO:0957284	biolink:causes	1
0.9646825	HGNC:11992	MONDO:0020628	biolink:causes	1
0.9883151	HGNC:11992	MONDO:0020845	biolink:causes	1
0.8117448	HGNC:11992	MONDO:0034991	biolink:gene_associated_with_condition	1
0.99998915	HGNC:3098	MONDO:0100218	biolink:causes	1
0.64851695	HGNC:12012	MONDO:0018780	biolink:gene_associated_with_condition	1
0.9460874	HGNC:12012	MONDO:0800341	biolink:causes	1
0.9998636	HGNC:24259	MONDO:0033009	biolink:causes	1
0.01035174	HGNC:12252	MONDO:0020512	biolink:gene_associated_with_condition	1
0.8929346	HGNC:12266	MONDO:0012803	biolink:gene_associated_with_condition	1
0.9495931	HGNC:7523	MONDO:0009664	biolink:gene_associated_with_condition	1
0.9810828	HGNC:12310	MONDO:0014896	biolink:causes	1
0.9810828	HGNC:12310	MONDO:0014896	biolink:gene_associated_with_condition	1
0.99859184	HGNC:12305	MONDO:0008701	biolink:gene_associated_with_condition	1
0.99999416	HGNC:18084	MONDO:0100296	biolink:causes	1
0.8928352	HGNC:18084	MONDO:0014622	biolink:gene_associated_with_condition	1
0.9901626	HGNC:12363	MONDO:0007922	biolink:causes	1
0.9975164	HGNC:12373	MONDO:0012203	biolink:gene_associated_with_condition	1
0.835145	HGNC:12373	MONDO:0019855	biolink:gene_associated_with_condition	1
0.99963677	HGNC:25660	MONDO:0014343	biolink:causes	1
0.9994185	HGNC:26262	MONDO:0014238	biolink:gene_associated_with_condition	1
0.81574565	HGNC:20778	MONDO:0014341	biolink:causes	1
0.8129169	HGNC:20773	MONDO:0021573	biolink:causes	1
0.7796194	HGNC:20773	MONDO:0044626	biolink:gene_associated_with_condition	1
0.990342	HGNC:12441	MONDO:0031057	biolink:causes	1
0.94761133	HGNC:12442	MONDO:0011749	biolink:causes	1
0.14113192	HGNC:12442	MONDO:0018136	biolink:gene_associated_with_condition	1
0.9971731	HGNC:12449	MONDO:0014343	biolink:causes	1
0.999915	HGNC:29877	MONDO:0957588	biolink:causes	1
0.9887976	HGNC:12499	MONDO:0859207	biolink:causes	1
0.56690836	HGNC:30791	MONDO:0007374	biolink:gene_associated_with_condition	1
0.9740625	HGNC:12511	MONDO:0044701	biolink:gene_associated_with_condition	1
1.0	HGNC:26941	MONDO:0060752	biolink:causes	1
0.98949754	HGNC:25640	MONDO:0031052	biolink:causes	1
0.9627057	HGNC:25640	MONDO:0060702	biolink:causes	1
0.98404145	HGNC:12565	MONDO:0008377	biolink:causes	1
0.98485315	HGNC:12565	MONDO:0957240	biolink:causes	1
0.9774016	HGNC:29594	MONDO:0014065	biolink:causes	1
0.8735486	HGNC:12630	MONDO:0958071	biolink:causes	1
0.65784085	HGNC:13486	MONDO:0010510	biolink:causes	1
0.9974503	HGNC:25507	MONDO:0014343	biolink:causes	1
0.45077765	HGNC:15512	MONDO:0020705	biolink:contributes_to	1
0.9947574	HGNC:12651	MONDO:0060621	biolink:causes	1
0.7791632	HGNC:14583	MONDO:0030486	biolink:causes	1
0.96901536	HGNC:2183	MONDO:0008377	biolink:causes	1
0.99996126	HGNC:23595	MONDO:0011811	biolink:gene_associated_with_condition	1
0.99745923	HGNC:24928	MONDO:0013962	biolink:causes	1
0.99745923	HGNC:24928	MONDO:0013962	biolink:gene_associated_with_condition	1
0.9998853	HGNC:17327	MONDO:0014741	biolink:causes	1
0.9930542	HGNC:17327	MONDO:0017283	biolink:gene_associated_with_condition	1
0.45465448	HGNC:30696	MONDO:0012357	biolink:causes	1
0.38635463	HGNC:30914	MONDO:0018417	biolink:gene_associated_with_condition	1
0.99170494	HGNC:25928	MONDO:0019374	biolink:gene_associated_with_condition	1
0.73370874	HGNC:12762	MONDO:0010963	biolink:causes	1
0.997575	HGNC:12762	MONDO:0009101	biolink:causes	1
0.9738098	HGNC:12774	MONDO:0009804	biolink:gene_associated_with_condition	1
0.9996284	HGNC:12774	MONDO:0012892	biolink:causes	1
0.952832	HGNC:12774	MONDO:0019409	biolink:gene_associated_with_condition	1
0.9777976	HGNC:12774	MONDO:0014086	biolink:causes	1
0.99852544	HGNC:13829	MONDO:0007881	biolink:causes	1
0.9999896	HGNC:13829	MONDO:0009773	biolink:gene_associated_with_condition	1
0.99991095	HGNC:12831	MONDO:0014686	biolink:causes	1
0.9976688	HGNC:15517	MONDO:0014343	biolink:causes	1
0.9995357	HGNC:15517	MONDO:0011604	biolink:causes	1
0.9992004	HGNC:15517	MONDO:0012892	biolink:causes	1
0.9995365	HGNC:30511	MONDO:0030878	biolink:gene_associated_with_condition	1
0.98309463	HGNC:12856	MONDO:0044738	biolink:causes	1
0.99442035	HGNC:16740	MONDO:0032715	biolink:causes	1
0.99852186	HGNC:21143	MONDO:0013553	biolink:causes	1
0.999987	HGNC:24931	MONDO:0010758	biolink:gene_associated_with_condition	1
0.099287294	HGNC:30939	MONDO:0008340	biolink:gene_associated_with_condition	1
1.0	HGNC:12869	MONDO:0958322	biolink:causes	1
0.9976035	HGNC:12872	MONDO:0014705	biolink:causes	1
0.91018635	HGNC:12872	MONDO:0018114	biolink:gene_associated_with_condition	1
0.99557894	HGNC:12872	MONDO:0032892	biolink:causes	1
1.0	HGNC:16493	MONDO:0032855	biolink:causes	1
0.13224468	HGNC:34519	MONDO:0975841	biolink:causes	1
0.97939384	HGNC:15662	MONDO:0030716	biolink:causes	1
0.96577126	HGNC:26993	MONDO:0030787	biolink:causes	1
0.9997516	HGNC:2500	MONDO:0008881	biolink:causes	1
0.76164603	HGNC:2500	MONDO:0016356	biolink:gene_associated_with_condition	1
0.6070168	HGNC:1591	MONDO:0030875	biolink:causes	1
0.9342026	HGNC:1606	MONDO:0004951	biolink:contributes_to	1
0.9975344	HGNC:1633	MONDO:0009413	biolink:causes	1
0.92087644	HGNC:1701	MONDO:0013286	biolink:causes	1
0.8214415	HGNC:16692	MONDO:0013341	biolink:causes	1
0.7955339	HGNC:16783	MONDO:0007768	biolink:gene_associated_with_condition	1
0.673679	HGNC:16783	MONDO:0012004	biolink:causes	1
0.9444572	HGNC:1774	MONDO:0014596	biolink:causes	1
0.46150732	HGNC:1787	MONDO:0011713	biolink:contributes_to	1
0.77890974	HGNC:1787	MONDO:0015278	biolink:gene_associated_with_condition	1
0.9994412	HGNC:1850	MONDO:0007922	biolink:causes	1
0.9962986	HGNC:1857	MONDO:0009477	biolink:causes	1
0.9962986	HGNC:1857	MONDO:0009477	biolink:gene_associated_with_condition	1
0.9898057	HGNC:28209	MONDO:0014309	biolink:gene_associated_with_condition	1
0.307349	HGNC:1869	MONDO:0007744	biolink:causes	1
0.99738294	HGNC:25631	MONDO:0054724	biolink:causes	1
0.9999988	HGNC:26708	MONDO:0025354	biolink:causes	1
0.9571467	HGNC:2771	MONDO:0013487	biolink:gene_associated_with_condition	1
0.999923	HGNC:5394	MONDO:0012594	biolink:causes	1
0.999923	HGNC:5394	MONDO:0012594	biolink:gene_associated_with_condition	1
0.972672	HGNC:1956	MONDO:0012474	biolink:causes	1
0.9955519	HGNC:1965	MONDO:0014583	biolink:causes	1
0.994173	HGNC:1965	MONDO:0014585	biolink:causes	1
0.975129	HGNC:14214	MONDO:0030910	biolink:causes	1
0.9990715	HGNC:2021	MONDO:0859188	biolink:causes	1
1.0	HGNC:2021	MONDO:0859187	biolink:causes	1
0.98369664	HGNC:2027	MONDO:0009904	biolink:gene_associated_with_condition	1
0.9999918	HGNC:2027	MONDO:0011822	biolink:causes	1
0.92754	HGNC:33939	MONDO:0030905	biolink:causes	1
0.982215	HGNC:11968	MONDO:0033369	biolink:causes	1
0.97516394	HGNC:20492	MONDO:0018576	biolink:gene_associated_with_condition	1
0.9787248	HGNC:6546	MONDO:0054559	biolink:causes	1
0.9352434	HGNC:18621	MONDO:0014131	biolink:causes	1
0.8363636	HGNC:2202	MONDO:0100533	biolink:contributes_to	1
0.99604213	HGNC:2202	MONDO:0012726	biolink:gene_associated_with_condition	1
0.613429	HGNC:2202	MONDO:0018829	biolink:gene_associated_with_condition	1
0.9998591	HGNC:2204	MONDO:0007086	biolink:gene_associated_with_condition	1
0.87263346	HGNC:2211	MONDO:0958353	biolink:gene_associated_with_condition	1
0.996657	HGNC:2214	MONDO:0019310	biolink:gene_associated_with_condition	1
0.99627763	HGNC:2214	MONDO:0019522	biolink:gene_associated_with_condition	1
0.98358154	HGNC:2214	MONDO:0011398	biolink:gene_associated_with_condition	1
0.9984524	HGNC:2218	MONDO:0014343	biolink:causes	1
0.99793696	HGNC:2187	MONDO:0013795	biolink:causes	1
0.99854374	HGNC:2187	MONDO:0014343	biolink:causes	1
0.992934	HGNC:2187	MONDO:0007740	biolink:causes	1
0.9754976	HGNC:2194	MONDO:0007381	biolink:gene_associated_with_condition	1
0.9967456	HGNC:2194	MONDO:0030750	biolink:causes	1
0.9957212	HGNC:2194	MONDO:0019307	biolink:gene_associated_with_condition	1
0.9958313	HGNC:2227	MONDO:0014343	biolink:causes	1
0.9985359	HGNC:2227	MONDO:0007561	biolink:causes	1
0.9998971	HGNC:2227	MONDO:0008322	biolink:causes	1
0.94875395	HGNC:2232	MONDO:0859253	biolink:causes	1
0.9933109	HGNC:2244	MONDO:0013840	biolink:gene_associated_with_condition	1
0.99998045	HGNC:2244	MONDO:0014754	biolink:causes	1
0.51326466	HGNC:2244	MONDO:0958129	biolink:gene_associated_with_condition	1
0.98246217	HGNC:2294	MONDO:0033650	biolink:causes	1
0.9999993	HGNC:2260	MONDO:0700250	biolink:causes	1
0.9999547	HGNC:2260	MONDO:0033635	biolink:causes	1
0.9953852	HGNC:17272	MONDO:0014343	biolink:causes	1
0.9999999	HGNC:2309	MONDO:0008684	biolink:gene_associated_with_condition	1
0.988881	HGNC:2321	MONDO:0030048	biolink:gene_associated_with_condition	1
0.9978684	HGNC:2342	MONDO:0054764	biolink:causes	1
0.9797595	HGNC:2348	MONDO:0012519	biolink:gene_associated_with_condition	1
0.9996327	HGNC:2348	MONDO:0008393	biolink:causes	1
0.9996327	HGNC:2348	MONDO:0008393	biolink:gene_associated_with_condition	1
0.82287157	HGNC:2348	MONDO:0018256	biolink:gene_associated_with_condition	1
0.94563234	HGNC:2383	MONDO:0013449	biolink:causes	1
0.91075766	HGNC:2389	MONDO:0018611	biolink:gene_associated_with_condition	1
0.6487625	HGNC:2409	MONDO:0018611	biolink:gene_associated_with_condition	1
0.18347947	HGNC:2409	MONDO:0021548	biolink:gene_associated_with_condition	1
0.9603846	HGNC:2417	MONDO:0018611	biolink:gene_associated_with_condition	1
0.92050487	HGNC:2481	MONDO:0011937	biolink:causes	1
0.5817366	HGNC:2501	MONDO:0009058	biolink:gene_associated_with_condition	1
0.45880425	HGNC:2516	MONDO:0007404	biolink:gene_associated_with_condition	1
0.83007544	HGNC:2528	MONDO:0009490	biolink:causes	1
0.8586	HGNC:6027	MONDO:0030374	biolink:causes	1
0.6901628	HGNC:2570	MONDO:0019597	biolink:gene_associated_with_condition	1
0.9980118	HGNC:20581	MONDO:0014343	biolink:causes	1
0.8766929	HGNC:2666	MONDO:0018280	biolink:gene_associated_with_condition	1
0.9731293	HGNC:2678	MONDO:0014115	biolink:gene_associated_with_condition	1
0.7629473	HGNC:15594	MONDO:0030334	biolink:contributes_to	1
1.0	HGNC:13681	MONDO:0011070	biolink:causes	1
0.9563946	HGNC:29812	MONDO:0014648	biolink:causes	1
0.019452408	HGNC:2711	MONDO:0007103	biolink:contributes_to	1
0.81577045	HGNC:2711	MONDO:0008201	biolink:gene_associated_with_condition	1
0.7412227	HGNC:17211	MONDO:0032604	biolink:causes	1
0.94076115	HGNC:17211	MONDO:0008377	biolink:causes	1
0.77953446	HGNC:2877	MONDO:0010350	biolink:causes	1
0.99978465	HGNC:28648	MONDO:0009965	biolink:causes	1
0.99978465	HGNC:28648	MONDO:0009965	biolink:gene_associated_with_condition	1
0.9997857	HGNC:2909	MONDO:0020692	biolink:causes	1
1.0	HGNC:2917	MONDO:0014772	biolink:causes	1
0.05417384	HGNC:2933	MONDO:0035648	biolink:gene_associated_with_condition	1
0.9955004	HGNC:2940	MONDO:0054615	biolink:causes	1
0.992916	HGNC:2946	MONDO:0032845	biolink:causes	1
0.9112381	HGNC:14888	MONDO:0021018	biolink:causes	1
0.9993981	HGNC:30718	MONDO:0014909	biolink:causes	1
0.96495473	HGNC:26532	MONDO:0009461	biolink:gene_associated_with_condition	1
0.99795985	HGNC:19189	MONDO:0014343	biolink:causes	1
0.99955136	HGNC:19191	MONDO:0009478	biolink:gene_associated_with_condition	1
0.99651045	HGNC:3007	MONDO:0033556	biolink:causes	1
0.5428865	HGNC:3012	MONDO:0017405	biolink:gene_associated_with_condition	1
0.99798787	HGNC:3012	MONDO:0010130	biolink:causes	1
0.83877164	HGNC:3049	MONDO:0012434	biolink:causes	1
0.98738843	HGNC:1090	MONDO:0013839	biolink:gene_associated_with_condition	1
0.7964532	HGNC:1090	MONDO:0014180	biolink:gene_associated_with_condition	1
0.9982337	HGNC:29043	MONDO:0010046	biolink:causes	1
0.9554474	HGNC:37261	MONDO:0008377	biolink:causes	1
0.9952938	HGNC:3087	MONDO:0014343	biolink:causes	1
0.9982146	HGNC:24595	MONDO:0014343	biolink:causes	1
0.42816907	HGNC:3097	MONDO:0016049	biolink:gene_associated_with_condition	1
0.99964607	HGNC:29419	MONDO:0013971	biolink:causes	1
0.86871254	HGNC:3178	MONDO:0800026	biolink:gene_associated_with_condition	1
0.78110206	HGNC:3178	MONDO:0013384	biolink:contributes_to	1
0.94618994	HGNC:3188	MONDO:0060510	biolink:causes	1
0.62772924	HGNC:3236	MONDO:0014481	biolink:causes	1
0.9564257	HGNC:3247	MONDO:0014275	biolink:causes	1
0.9712928	HGNC:24921	MONDO:0030036	biolink:causes	1
0.9747838	HGNC:3327	MONDO:0008542	biolink:causes	1
0.9947614	HGNC:18248	MONDO:0014996	biolink:causes	1
0.80102724	HGNC:16912	MONDO:0008879	biolink:causes	1
0.1360556	HGNC:3393	MONDO:0011361	biolink:contributes_to	1
0.99767953	HGNC:3416	MONDO:0007572	biolink:causes	1
0.9994318	HGNC:3434	MONDO:0011125	biolink:causes	1
0.99754936	HGNC:3438	MONDO:0010217	biolink:causes	1
0.99983287	HGNC:3438	MONDO:0019570	biolink:causes	1
0.9992161	HGNC:3438	MONDO:0019569	biolink:gene_associated_with_condition	1
0.966208	HGNC:3438	MONDO:0008998	biolink:gene_associated_with_condition	1
0.9999864	HGNC:3439	MONDO:0019569	biolink:gene_associated_with_condition	1
0.9981876	HGNC:3444	MONDO:0014343	biolink:causes	1
0.99362576	HGNC:16947	MONDO:0014302	biolink:gene_associated_with_condition	1
0.07439277	HGNC:15743	MONDO:0020621	biolink:causes	1
0.7470005	HGNC:25966	MONDO:0033202	biolink:causes	1
0.952936	HGNC:3481	MONDO:0018332	biolink:gene_associated_with_condition	1
0.8232867	HGNC:3481	MONDO:0018333	biolink:gene_associated_with_condition	1
0.9957218	HGNC:3497	MONDO:0008673	biolink:gene_associated_with_condition	1
0.7718736	MONDO:0000908	HGNC:2511	biolink:causes	1
0.019452408	MONDO:0007103	HGNC:2711	biolink:contributes_to	1
0.026851116	MONDO:0007103	HGNC:11179	biolink:causes	1
0.992861	MONDO:0007163	HGNC:1388	biolink:causes	1
0.992861	MONDO:0007163	HGNC:1388	biolink:gene_associated_with_condition	1
0.9978942	MONDO:0007167	HGNC:3755	biolink:causes	1
0.34822538	MONDO:0007191	HGNC:18173	biolink:gene_associated_with_condition	1
0.9948265	MONDO:0007191	HGNC:6998	biolink:gene_associated_with_condition	1
0.9401086	MONDO:0007191	HGNC:5439	biolink:gene_associated_with_condition	1
0.98921293	MONDO:0007215	HGNC:4220	biolink:gene_associated_with_condition	1
0.958836	MONDO:0007283	HGNC:2395	biolink:causes	1
0.9978161	MONDO:0007311	HGNC:9118	biolink:causes	1
0.9232193	MONDO:0007319	HGNC:11909	biolink:gene_associated_with_condition	1
0.68988794	MONDO:0007351	HGNC:4043	biolink:gene_associated_with_condition	1
0.79409766	MONDO:0007355	HGNC:16262	biolink:gene_associated_with_condition	1
0.9950848	MONDO:0007363	HGNC:9081	biolink:causes	1
0.99854845	MONDO:0007363	HGNC:3603	biolink:causes	1
0.999793	MONDO:0007363	HGNC:6664	biolink:causes	1
0.9948584	MONDO:0007363	HGNC:757	biolink:causes	1
0.9992785	MONDO:0007363	HGNC:11768	biolink:causes	1
0.9979615	MONDO:0007363	HGNC:11773	biolink:causes	1
0.98555124	MONDO:0007363	HGNC:6769	biolink:causes	1
0.9998017	MONDO:0007363	HGNC:6716	biolink:causes	1
0.99922645	MONDO:0007363	HGNC:3219	biolink:causes	1
0.999313	MONDO:0007363	HGNC:19880	biolink:causes	1
0.95087	MONDO:0007375	HGNC:11771	biolink:causes	1
0.9841287	MONDO:0007451	HGNC:634	biolink:causes	1
0.8180691	MONDO:0007483	HGNC:225	biolink:gene_associated_with_condition	1
0.99736446	MONDO:0007495	HGNC:4193	biolink:causes	1
0.94854623	MONDO:0007551	HGNC:6416	biolink:causes	1
0.99930656	MONDO:0007571	HGNC:10597	biolink:causes	1
0.99930656	MONDO:0007571	HGNC:10597	biolink:gene_associated_with_condition	1
0.9937277	MONDO:0007615	HGNC:13243	biolink:causes	1
0.98138386	MONDO:0007635	HGNC:12796	biolink:gene_associated_with_condition	1
0.7368748	MONDO:0007723	HGNC:9967	biolink:contributes_to	1
0.9743999	MONDO:0007727	HGNC:11916	biolink:causes	1
0.9993648	MONDO:0007747	HGNC:1371	biolink:gene_associated_with_condition	1
0.60329777	MONDO:0007767	HGNC:7010	biolink:causes	1
0.956607	MONDO:0007791	HGNC:1514	biolink:causes	1
0.9916495	MONDO:0007871	HGNC:5950	biolink:causes	1
0.999874	MONDO:0007875	HGNC:15808	biolink:causes	1
0.9982193	MONDO:0007875	HGNC:3755	biolink:gene_associated_with_condition	1
0.98070097	MONDO:0007883	HGNC:12754	biolink:gene_associated_with_condition	1
0.99923253	MONDO:0007895	HGNC:2200	biolink:gene_associated_with_condition	1
0.9779424	MONDO:0007931	HGNC:12703	biolink:gene_associated_with_condition	1
0.9994429	MONDO:0007943	HGNC:10771	biolink:gene_associated_with_condition	1
0.8461486	MONDO:0007979	HGNC:9644	biolink:causes	1
0.8461486	MONDO:0007979	HGNC:9644	biolink:gene_associated_with_condition	1
0.99999106	MONDO:0007987	HGNC:13869	biolink:causes	1
0.9999907	MONDO:0007999	HGNC:10889	biolink:causes	1
0.95249593	MONDO:0008019	HGNC:12783	biolink:causes	1
0.95249593	MONDO:0008019	HGNC:12783	biolink:gene_associated_with_condition	1
0.9918692	MONDO:0008087	HGNC:9118	biolink:gene_associated_with_condition	1
0.9933562	MONDO:0008119	HGNC:10548	biolink:causes	1
0.9997696	MONDO:0008123	HGNC:4040	biolink:gene_associated_with_condition	1
0.96068025	MONDO:0008147	HGNC:19316	biolink:gene_associated_with_condition	1
0.9976714	MONDO:0008179	HGNC:10597	biolink:gene_associated_with_condition	1
0.68959856	MONDO:0008259	HGNC:27310	biolink:causes	1
1.0	MONDO:0008267	HGNC:25360	biolink:gene_associated_with_condition	1
0.9792631	MONDO:0008275	HGNC:11908	biolink:gene_associated_with_condition	1
0.9753725	MONDO:0008379	HGNC:6052	biolink:causes	1
0.38912714	MONDO:0008399	HGNC:4948	biolink:contributes_to	1
0.984729	MONDO:0008407	HGNC:2770	biolink:causes	1
0.99840635	MONDO:0008411	HGNC:11602	biolink:gene_associated_with_condition	1
0.8175716	MONDO:0008447	HGNC:492	biolink:causes	1
0.99640757	MONDO:0008479	HGNC:2200	biolink:causes	1
0.1961051	MONDO:0008483	HGNC:573	biolink:causes	1
0.8979865	MONDO:0008559	HGNC:3531	biolink:contributes_to	1
0.95728993	MONDO:0008747	HGNC:12450	biolink:gene_associated_with_condition	1
0.99688125	MONDO:0008751	HGNC:2592	biolink:causes	1
0.54273224	MONDO:0008787	HGNC:10908	biolink:gene_associated_with_condition	1
0.9992536	MONDO:0008795	HGNC:6180	biolink:gene_associated_with_condition	1
0.75213563	MONDO:0008795	HGNC:8620	biolink:gene_associated_with_condition	1
0.94990474	MONDO:0008799	HGNC:11195	biolink:gene_associated_with_condition	1
0.80102724	MONDO:0008879	HGNC:16912	biolink:causes	1
0.8152942	MONDO:0008887	HGNC:10600	biolink:causes	1
0.9998771	MONDO:0008919	HGNC:10969	biolink:causes	1
0.9954749	MONDO:0008931	HGNC:6696	biolink:causes	1
0.99997544	MONDO:0008963	HGNC:1968	biolink:causes	1
0.9999999	MONDO:0008995	HGNC:16873	biolink:gene_associated_with_condition	1
0.9994112	MONDO:0009007	HGNC:105	biolink:causes	1
0.9876338	MONDO:0009019	HGNC:16438	biolink:causes	1
0.75927114	MONDO:0009031	HGNC:17321	biolink:gene_associated_with_condition	1
0.9656893	MONDO:0009039	HGNC:9949	biolink:gene_associated_with_condition	1
0.62351817	MONDO:0009055	HGNC:24048	biolink:gene_associated_with_condition	1
0.9999957	MONDO:0009079	HGNC:29203	biolink:gene_associated_with_condition	1
0.9736756	MONDO:0009091	HGNC:6595	biolink:causes	1
0.9997291	MONDO:0009107	HGNC:10994	biolink:causes	1
0.99046236	MONDO:0009115	HGNC:6530	biolink:causes	1
0.99999785	MONDO:0009135	HGNC:1713	biolink:causes	1
0.9999944	MONDO:0009143	HGNC:8487	biolink:causes	1
0.9997732	MONDO:0009151	HGNC:9706	biolink:gene_associated_with_condition	1
0.99466056	MONDO:0009159	HGNC:2198	biolink:gene_associated_with_condition	1
0.94515586	MONDO:0009211	HGNC:3544	biolink:causes	1
0.94515586	MONDO:0009211	HGNC:3544	biolink:gene_associated_with_condition	1
0.99999964	MONDO:0009215	HGNC:3587	biolink:causes	1
0.9998124	MONDO:0009215	HGNC:3586	biolink:causes	1
0.99999905	MONDO:0009215	HGNC:3583	biolink:causes	1
1.0	MONDO:0009223	HGNC:6584	biolink:gene_associated_with_condition	1
0.7802194	MONDO:0009231	HGNC:1077	biolink:gene_associated_with_condition	1
0.9315578	MONDO:0009235	HGNC:9038	biolink:gene_associated_with_condition	1
0.8848092	MONDO:0009255	HGNC:4118	biolink:gene_associated_with_condition	1
0.9881991	MONDO:0009271	HGNC:9721	biolink:gene_associated_with_condition	1
0.9946614	MONDO:0009279	HGNC:13666	biolink:causes	1
0.9734717	MONDO:0009279	HGNC:25751	biolink:gene_associated_with_condition	1
0.9987147	MONDO:0009283	HGNC:16001	biolink:gene_associated_with_condition	1
0.8785461	MONDO:0009315	HGNC:3530	biolink:causes	1
0.9155114	MONDO:0009339	HGNC:388	biolink:causes	1
0.9155114	MONDO:0009339	HGNC:388	biolink:gene_associated_with_condition	1
0.9884304	MONDO:0009359	HGNC:1161	biolink:gene_associated_with_condition	1
0.98031026	MONDO:0009379	HGNC:10961	biolink:gene_associated_with_condition	1
0.9999968	MONDO:0009411	HGNC:360	biolink:gene_associated_with_condition	1
0.9999889	MONDO:0009419	HGNC:25784	biolink:causes	1
0.99999464	MONDO:0009431	HGNC:20305	biolink:causes	1
0.7383874	MONDO:0009451	HGNC:12765	biolink:gene_associated_with_condition	1
0.9996762	MONDO:0009459	HGNC:10597	biolink:causes	1
0.70453465	MONDO:0009459	HGNC:10582	biolink:gene_associated_with_condition	1
0.9982679	MONDO:0009475	HGNC:6186	biolink:causes	1
0.99998665	MONDO:0009495	HGNC:7060	biolink:causes	1
0.99998665	MONDO:0009495	HGNC:7060	biolink:gene_associated_with_condition	1
0.99941397	MONDO:0009503	HGNC:21350	biolink:gene_associated_with_condition	1
0.98899776	MONDO:0009527	HGNC:14154	biolink:causes	1
0.9896372	MONDO:0009607	HGNC:6903	biolink:causes	1
0.9993876	MONDO:0009615	HGNC:16732	biolink:gene_associated_with_condition	1
0.997656	MONDO:0009623	HGNC:7652	biolink:gene_associated_with_condition	1
0.7516018	MONDO:0009683	HGNC:16380	biolink:causes	1
0.9897544	MONDO:0009699	HGNC:1665	biolink:causes	1
0.99957794	MONDO:0009715	HGNC:2019	biolink:causes	1
0.9681473	MONDO:0009775	HGNC:10521	biolink:causes	1
0.9999565	MONDO:0009779	HGNC:4454	biolink:gene_associated_with_condition	1
0.9998727	MONDO:0009823	HGNC:341	biolink:gene_associated_with_condition	1
0.5004046	MONDO:0009839	HGNC:6893	biolink:causes	1
0.99556524	MONDO:0009843	HGNC:10648	biolink:gene_associated_with_condition	1
0.9999453	MONDO:0009855	HGNC:5213	biolink:gene_associated_with_condition	1
0.9964651	MONDO:0009867	HGNC:9386	biolink:causes	1
0.9964651	MONDO:0009867	HGNC:9386	biolink:gene_associated_with_condition	1
0.99999726	MONDO:0009871	HGNC:30477	biolink:causes	1
0.89942676	MONDO:0009879	HGNC:4261	biolink:causes	1
0.6903702	MONDO:0009883	HGNC:9075	biolink:gene_associated_with_condition	1
0.7102661	MONDO:0009891	HGNC:6192	biolink:causes	1
0.99690175	MONDO:0009919	HGNC:119	biolink:gene_associated_with_condition	1
0.92371637	MONDO:0009935	HGNC:24113	biolink:causes	1
0.80154735	MONDO:0009955	HGNC:9949	biolink:gene_associated_with_condition	1
0.9892124	MONDO:0010043	HGNC:15832	biolink:causes	1
0.999995	MONDO:0010075	HGNC:17978	biolink:gene_associated_with_condition	1
0.9988422	MONDO:0010099	HGNC:4367	biolink:causes	1
0.9988422	MONDO:0010099	HGNC:4367	biolink:gene_associated_with_condition	1
0.9916892	MONDO:0010135	HGNC:11764	biolink:causes	1
0.99999714	MONDO:0010167	HGNC:26444	biolink:gene_associated_with_condition	1
0.52740544	MONDO:0010171	HGNC:12597	biolink:causes	1
1.0	MONDO:0010183	HGNC:23038	biolink:gene_associated_with_condition	1
0.97511554	MONDO:0010227	HGNC:10295	biolink:causes	1
0.9963652	MONDO:0010235	HGNC:6990	biolink:gene_associated_with_condition	1
0.99507517	MONDO:0010239	HGNC:2714	biolink:causes	1
0.97797114	MONDO:0010275	HGNC:8768	biolink:gene_associated_with_condition	1
0.9999883	MONDO:0010315	HGNC:6010	biolink:causes	1
0.9999883	MONDO:0010315	HGNC:6010	biolink:gene_associated_with_condition	1
0.97330904	MONDO:0010319	HGNC:18305	biolink:gene_associated_with_condition	1
0.99926883	MONDO:0010335	HGNC:1393	biolink:causes	1
0.7730004	MONDO:0010339	HGNC:11494	biolink:causes	1
0.7730004	MONDO:0010339	HGNC:11494	biolink:gene_associated_with_condition	1
0.99999356	MONDO:0010355	HGNC:11114	biolink:gene_associated_with_condition	1
0.9910086	MONDO:0010415	HGNC:3702	biolink:causes	1
0.9946526	MONDO:0010435	HGNC:20145	biolink:causes	1
0.89635193	MONDO:0010443	HGNC:10295	biolink:causes	1
0.9973303	MONDO:0010455	HGNC:28880	biolink:causes	1
1.0	MONDO:0010483	HGNC:29433	biolink:causes	1
0.9233119	MONDO:0010495	HGNC:12974	biolink:causes	1
0.90424514	MONDO:0010503	HGNC:16353	biolink:gene_associated_with_condition	1
0.9964258	MONDO:0010511	HGNC:4516	biolink:causes	1
0.9979504	MONDO:0010515	HGNC:1044	biolink:causes	1
0.9950304	MONDO:0010523	HGNC:9173	biolink:gene_associated_with_condition	1
0.9644056	MONDO:0010631	HGNC:5961	biolink:causes	1
0.9854907	MONDO:0010651	HGNC:869	biolink:causes	1
0.8992137	MONDO:0010655	HGNC:20439	biolink:gene_associated_with_condition	1
0.99904376	MONDO:0010655	HGNC:11957	biolink:causes	1
0.99999976	MONDO:0010659	HGNC:3776	biolink:causes	1
0.964514	MONDO:0010743	HGNC:12731	biolink:causes	1
0.5924268	MONDO:0010747	HGNC:11535	biolink:causes	1
0.5924268	MONDO:0010747	HGNC:11535	biolink:gene_associated_with_condition	1
0.99999523	MONDO:0010767	HGNC:21504	biolink:causes	1
0.99491596	MONDO:0010767	HGNC:9912	biolink:causes	1
0.99998987	MONDO:0010767	HGNC:12668	biolink:causes	1
0.9876595	MONDO:0010767	HGNC:1810	biolink:causes	1
0.97193235	MONDO:0010799	HGNC:7497	biolink:causes	1
0.9997017	MONDO:0010803	HGNC:9608	biolink:gene_associated_with_condition	1
0.9291665	MONDO:0010823	HGNC:327	biolink:gene_associated_with_condition	1
0.98316157	MONDO:0010839	HGNC:18083	biolink:causes	1
0.98316157	MONDO:0010839	HGNC:18083	biolink:gene_associated_with_condition	1
0.9999974	MONDO:0010907	HGNC:11708	biolink:gene_associated_with_condition	1
0.29253834	MONDO:0010911	HGNC:7010	biolink:gene_associated_with_condition	1
0.77079767	MONDO:0010911	HGNC:358	biolink:gene_associated_with_condition	1
0.6479027	MONDO:0010947	HGNC:3542	biolink:gene_associated_with_condition	1
0.35143963	MONDO:0010947	HGNC:6192	biolink:gene_associated_with_condition	1
1.0	MONDO:0010959	HGNC:19869	biolink:gene_associated_with_condition	1
0.73370874	MONDO:0010963	HGNC:12762	biolink:causes	1
0.9632064	MONDO:0011003	HGNC:10593	biolink:causes	1
0.9356537	MONDO:0011091	HGNC:4162	biolink:causes	1
0.9356537	MONDO:0011091	HGNC:4162	biolink:gene_associated_with_condition	1
0.99559	MONDO:0011107	HGNC:1762	biolink:causes	1
0.9878335	MONDO:0011143	HGNC:4689	biolink:causes	1
0.97861457	MONDO:0011223	HGNC:445	biolink:gene_associated_with_condition	1
0.074812606	MONDO:0011239	HGNC:2359	biolink:gene_associated_with_condition	1
0.9922585	MONDO:0011243	HGNC:30935	biolink:gene_associated_with_condition	1
0.99528044	MONDO:0011275	HGNC:7944	biolink:causes	1
0.99530053	MONDO:0011291	HGNC:23157	biolink:causes	1
0.75840354	MONDO:0011299	HGNC:9449	biolink:gene_associated_with_condition	1
0.99933547	MONDO:0011335	HGNC:6391	biolink:gene_associated_with_condition	1
0.9888784	MONDO:0011339	HGNC:28984	biolink:causes	1
0.96132416	MONDO:0011351	HGNC:11720	biolink:causes	1
0.99999344	MONDO:0011359	HGNC:29316	biolink:causes	1
0.9973456	MONDO:0011411	HGNC:29501	biolink:causes	1
0.9973456	MONDO:0011411	HGNC:29501	biolink:gene_associated_with_condition	1
0.972495	MONDO:0011431	HGNC:3603	biolink:causes	1
0.9491596	MONDO:0011439	HGNC:9305	biolink:causes	1
0.9491596	MONDO:0011439	HGNC:9305	biolink:gene_associated_with_condition	1
0.9465755	MONDO:0011459	HGNC:28472	biolink:causes	1
0.9982085	MONDO:0011475	HGNC:2135	biolink:gene_associated_with_condition	1
0.8210988	MONDO:0011519	HGNC:10887	biolink:causes	1
0.9900855	MONDO:0011523	HGNC:7108	biolink:causes	1
0.8984815	MONDO:0011527	HGNC:3239	biolink:gene_associated_with_condition	1
0.6544753	MONDO:0011547	HGNC:16171	biolink:causes	1
0.99914277	MONDO:0011579	HGNC:14344	biolink:gene_associated_with_condition	1
0.9822636	MONDO:0011603	HGNC:23657	biolink:causes	1
0.9998017	MONDO:0011631	HGNC:10909	biolink:gene_associated_with_condition	1
0.7702211	MONDO:0011667	HGNC:6107	biolink:causes	1
0.7365839	MONDO:0011743	HGNC:613	biolink:causes	1
0.999966	MONDO:0011783	HGNC:19358	biolink:causes	1
0.9976058	MONDO:0011787	HGNC:17997	biolink:gene_associated_with_condition	1
0.99996126	MONDO:0011811	HGNC:23595	biolink:gene_associated_with_condition	1
0.9963516	MONDO:0011819	HGNC:6239	biolink:gene_associated_with_condition	1
0.8312156	MONDO:0011823	HGNC:132	biolink:gene_associated_with_condition	1
0.9982191	MONDO:0011839	HGNC:10024	biolink:causes	1
0.93992966	MONDO:0011855	HGNC:11771	biolink:causes	1
0.9999355	MONDO:0011907	HGNC:5956	biolink:causes	1
0.9965823	MONDO:0011911	HGNC:10701	biolink:causes	1
0.9858854	MONDO:0011935	HGNC:3960	biolink:causes	1
0.9999918	MONDO:0011939	HGNC:124	biolink:causes	1
0.37335792	MONDO:0011959	HGNC:9658	biolink:gene_associated_with_condition	1
0.97868526	MONDO:0011971	HGNC:12572	biolink:gene_associated_with_condition	1
0.7571184	MONDO:0011975	HGNC:2907	biolink:gene_associated_with_condition	1
0.98178816	MONDO:0012019	HGNC:319	biolink:gene_associated_with_condition	1
0.78378004	MONDO:0012039	HGNC:11934	biolink:contributes_to	1
0.8630758	MONDO:0012039	HGNC:6700	biolink:contributes_to	1
0.80319285	MONDO:0012039	HGNC:4312	biolink:contributes_to	1
0.9101349	MONDO:0012039	HGNC:6709	biolink:contributes_to	1
0.96880084	MONDO:0012043	HGNC:11771	biolink:causes	1
0.96880084	MONDO:0012043	HGNC:11771	biolink:gene_associated_with_condition	1
0.96273804	MONDO:0012075	HGNC:904	biolink:causes	1
0.59761643	MONDO:0012091	HGNC:1718	biolink:causes	1
0.9989845	MONDO:0012123	HGNC:3005	biolink:gene_associated_with_condition	1
0.8897758	MONDO:0012127	HGNC:12403	biolink:causes	1
0.99034077	MONDO:0012143	HGNC:11005	biolink:gene_associated_with_condition	1
0.9899065	MONDO:0012163	HGNC:6024	biolink:causes	1
0.2714696	MONDO:0012183	HGNC:1773	biolink:contributes_to	1
0.9975164	MONDO:0012203	HGNC:12373	biolink:gene_associated_with_condition	1
0.9961557	MONDO:0012231	HGNC:16877	biolink:gene_associated_with_condition	1
0.99793327	MONDO:0012251	HGNC:559	biolink:causes	1
0.9955087	MONDO:0012271	HGNC:35126	biolink:causes	1
0.95731753	MONDO:0012287	HGNC:2200	biolink:causes	1
0.9605204	MONDO:0012291	HGNC:18153	biolink:causes	1
0.9828445	MONDO:0012295	HGNC:1331	biolink:causes	1
0.9759728	MONDO:0012299	HGNC:18121	biolink:causes	1
0.011691445	MONDO:0012395	HGNC:14673	biolink:causes	1
0.97460574	MONDO:0012399	HGNC:30829	biolink:gene_associated_with_condition	1
0.9986426	MONDO:0012407	HGNC:30260	biolink:gene_associated_with_condition	1
0.9844246	MONDO:0012411	HGNC:24891	biolink:causes	1
0.99183273	MONDO:0012423	HGNC:21474	biolink:causes	1
0.99988484	MONDO:0012483	HGNC:18286	biolink:causes	1
0.9797595	MONDO:0012519	HGNC:2348	biolink:gene_associated_with_condition	1
0.96207917	MONDO:0012527	HGNC:9006	biolink:causes	1
0.9829128	MONDO:0012531	HGNC:3435	biolink:causes	1
0.9919355	MONDO:0012539	HGNC:28396	biolink:causes	1
0.91687125	MONDO:0012559	HGNC:29796	biolink:causes	1
0.999977	MONDO:0012563	HGNC:4318	biolink:causes	1
0.23671062	MONDO:0012607	HGNC:17020	biolink:contributes_to	1
0.8996551	MONDO:0012679	HGNC:29017	biolink:gene_associated_with_condition	1
0.9719149	MONDO:0012747	HGNC:414	biolink:causes	1
0.8929346	MONDO:0012803	HGNC:12266	biolink:gene_associated_with_condition	1
0.9371685	MONDO:0012807	HGNC:6158	biolink:gene_associated_with_condition	1
0.72093064	MONDO:0012843	HGNC:4083	biolink:contributes_to	1
0.99997866	MONDO:0012847	HGNC:28018	biolink:causes	1
0.9994294	MONDO:0012859	HGNC:11908	biolink:causes	1
0.9994294	MONDO:0012859	HGNC:11908	biolink:gene_associated_with_condition	1
0.2439632	MONDO:0012883	HGNC:8059	biolink:gene_associated_with_condition	1
0.11316666	MONDO:0012883	HGNC:9864	biolink:causes	1
0.11316666	MONDO:0012883	HGNC:9864	biolink:gene_associated_with_condition	1
0.1718122	MONDO:0012883	HGNC:7910	biolink:gene_associated_with_condition	1
0.3117326	MONDO:0012883	HGNC:29529	biolink:gene_associated_with_condition	1
0.97800213	MONDO:0012911	HGNC:4392	biolink:gene_associated_with_condition	1
0.9750704	MONDO:0012943	HGNC:5385	biolink:causes	1
0.99994886	MONDO:0012979	HGNC:21057	biolink:causes	1
0.9841292	MONDO:0012983	HGNC:9454	biolink:causes	1
0.9997093	MONDO:0013007	HGNC:25896	biolink:causes	1
0.2883379	MONDO:0013011	HGNC:143	biolink:causes	1
0.8502413	MONDO:0013047	HGNC:6535	biolink:gene_associated_with_condition	1
0.9994134	MONDO:0013051	HGNC:9721	biolink:causes	1
0.97249275	MONDO:0013059	HGNC:15925	biolink:causes	1
0.86607933	MONDO:0013063	HGNC:3010	biolink:contributes_to	1
0.14438008	MONDO:0013083	HGNC:427	biolink:contributes_to	1
0.9998399	MONDO:0013111	HGNC:25481	biolink:gene_associated_with_condition	1
0.9978677	MONDO:0013119	HGNC:26521	biolink:causes	1
0.98770416	MONDO:0013127	HGNC:29262	biolink:gene_associated_with_condition	1
0.77784145	MONDO:0013139	HGNC:4237	biolink:causes	1
0.9995431	MONDO:0013171	HGNC:7892	biolink:causes	1
0.9990721	MONDO:0013195	HGNC:11943	biolink:causes	1
0.9996501	MONDO:0013223	HGNC:29679	biolink:causes	1
0.56959635	MONDO:0013235	HGNC:1101	biolink:contributes_to	1
0.9996424	MONDO:0013243	HGNC:5248	biolink:causes	1
0.9918526	MONDO:0013315	HGNC:8789	biolink:causes	1
0.9999999	MONDO:0013323	HGNC:29250	biolink:causes	1
0.9498856	MONDO:0013331	HGNC:18451	biolink:causes	1
0.92108494	MONDO:0013351	HGNC:2375	biolink:gene_associated_with_condition	1
0.93103516	MONDO:0013367	HGNC:31088	biolink:contributes_to	1
0.9910959	MONDO:0013391	HGNC:10606	biolink:causes	1
0.9910959	MONDO:0013391	HGNC:10606	biolink:gene_associated_with_condition	1
0.9517194	MONDO:0013427	HGNC:11362	biolink:gene_associated_with_condition	1
0.988439	MONDO:0013431	HGNC:24576	biolink:causes	1
0.9999584	MONDO:0013463	HGNC:4214	biolink:causes	1
0.8698152	MONDO:0013475	HGNC:9080	biolink:causes	1
0.9571467	MONDO:0013487	HGNC:2771	biolink:gene_associated_with_condition	1
0.99966073	MONDO:0013495	HGNC:23452	biolink:causes	1
0.9965475	MONDO:0013507	HGNC:7662	biolink:causes	1
0.9931706	MONDO:0013531	HGNC:9577	biolink:causes	1
0.9999993	MONDO:0013551	HGNC:572	biolink:causes	1
0.9126377	MONDO:0013559	HGNC:8549	biolink:gene_associated_with_condition	1
0.9876423	MONDO:0013559	HGNC:17328	biolink:causes	1
0.5042673	MONDO:0013571	HGNC:1516	biolink:gene_associated_with_condition	1
0.8972353	MONDO:0013587	HGNC:6541	biolink:gene_associated_with_condition	1
0.9448744	MONDO:0013595	HGNC:1062	biolink:causes	1
0.8882357	MONDO:0013607	HGNC:4171	biolink:causes	1
1.0	MONDO:0013615	HGNC:5967	biolink:causes	1
0.98560125	MONDO:0013679	HGNC:6696	biolink:causes	1
0.8968401	MONDO:0013711	HGNC:23212	biolink:causes	1
0.8968401	MONDO:0013711	HGNC:23212	biolink:gene_associated_with_condition	1
0.94930965	MONDO:0013715	HGNC:8157	biolink:causes	1
0.9995382	MONDO:0013719	HGNC:18340	biolink:causes	1
0.055662684	MONDO:0013723	HGNC:17192	biolink:contributes_to	1
0.9999974	MONDO:0013731	HGNC:29634	biolink:causes	1
0.6152857	MONDO:0013739	HGNC:15925	biolink:causes	1
0.6620926	MONDO:0013743	HGNC:2956	biolink:gene_associated_with_condition	1
0.75171375	MONDO:0013743	HGNC:1241	biolink:gene_associated_with_condition	1
0.80469173	MONDO:0013743	HGNC:1246	biolink:gene_associated_with_condition	1
0.93371284	MONDO:0013767	HGNC:6407	biolink:causes	1
0.8738615	MONDO:0013775	HGNC:11784	biolink:causes	1
0.99793696	MONDO:0013795	HGNC:2187	biolink:causes	1
0.9998179	MONDO:0013827	HGNC:11051	biolink:causes	1
0.98738843	MONDO:0013839	HGNC:1090	biolink:gene_associated_with_condition	1
0.8215817	MONDO:0013843	HGNC:4688	biolink:causes	1
0.9358892	MONDO:0013851	HGNC:11303	biolink:gene_associated_with_condition	1
1.0	MONDO:0013867	HGNC:30224	biolink:causes	1
0.27666175	MONDO:0013891	HGNC:8881	biolink:causes	1
0.9799321	MONDO:0013907	HGNC:4584	biolink:gene_associated_with_condition	1
0.9888728	MONDO:0013927	HGNC:8854	biolink:causes	1
0.99973994	MONDO:0013967	HGNC:8853	biolink:causes	1
0.99964607	MONDO:0013971	HGNC:29419	biolink:causes	1
0.736869	MONDO:0013991	HGNC:6553	biolink:causes	1
0.99879116	MONDO:0013999	HGNC:20917	biolink:causes	1
0.5203277	MONDO:0014027	HGNC:11161	biolink:causes	1
0.7320644	MONDO:0014031	HGNC:24912	biolink:causes	1
0.80252695	MONDO:0014035	HGNC:2514	biolink:causes	1
0.99991536	MONDO:0014039	HGNC:16205	biolink:causes	1
0.9999975	MONDO:0014063	HGNC:26006	biolink:causes	1
0.88968635	MONDO:0014091	HGNC:823	biolink:causes	1
0.98098123	MONDO:0014107	HGNC:3762	biolink:causes	1
0.9731293	MONDO:0014115	HGNC:2678	biolink:gene_associated_with_condition	1
0.9352434	MONDO:0014131	HGNC:18621	biolink:causes	1
0.81364655	MONDO:0014135	HGNC:1527	biolink:causes	1
0.83991474	MONDO:0014155	HGNC:10586	biolink:causes	1
0.9812843	MONDO:0014159	HGNC:11276	biolink:gene_associated_with_condition	1
0.99427974	MONDO:0014163	HGNC:7551	biolink:causes	1
0.999985	MONDO:0014203	HGNC:21493	biolink:causes	1
0.99952984	MONDO:0014211	HGNC:1301	biolink:causes	1
0.9654309	MONDO:0014227	HGNC:3356	biolink:gene_associated_with_condition	1
0.99871755	MONDO:0014231	HGNC:15469	biolink:causes	1
0.9587759	MONDO:0014255	HGNC:1037	biolink:causes	1
0.82924515	MONDO:0014267	HGNC:5960	biolink:causes	1
0.82924515	MONDO:0014267	HGNC:5960	biolink:gene_associated_with_condition	1
0.9564257	MONDO:0014275	HGNC:3247	biolink:causes	1
0.9577247	MONDO:0014295	HGNC:11758	biolink:causes	1
0.99758613	MONDO:0014311	HGNC:28991	biolink:causes	1
0.90790045	MONDO:0014319	HGNC:3677	biolink:causes	1
0.86473846	MONDO:0014327	HGNC:20406	biolink:causes	1
0.86473846	MONDO:0014327	HGNC:20406	biolink:gene_associated_with_condition	1
0.96398455	MONDO:0014335	HGNC:9751	biolink:gene_associated_with_condition	1
0.7780577	MONDO:0014339	HGNC:11427	biolink:causes	1
0.9986627	MONDO:0014343	HGNC:124	biolink:causes	1
0.9913509	MONDO:0014343	HGNC:8768	biolink:causes	1
0.9859308	MONDO:0014343	HGNC:3527	biolink:causes	1
0.9943051	MONDO:0014343	HGNC:4392	biolink:causes	1
0.9984357	MONDO:0014343	HGNC:13315	biolink:causes	1
0.998912	MONDO:0014343	HGNC:4877	biolink:causes	1
0.99796164	MONDO:0014343	HGNC:16644	biolink:causes	1
0.99929667	MONDO:0014343	HGNC:5948	biolink:causes	1
0.9977769	MONDO:0014343	HGNC:15455	biolink:causes	1
0.99892825	MONDO:0014343	HGNC:951	biolink:causes	1
0.9962501	MONDO:0014343	HGNC:7945	biolink:causes	1
0.9986105	MONDO:0014343	HGNC:8617	biolink:causes	1
0.9974861	MONDO:0014343	HGNC:8778	biolink:causes	1
0.9972102	MONDO:0014343	HGNC:20422	biolink:causes	1
0.9991549	MONDO:0014343	HGNC:9210	biolink:causes	1
0.99147207	MONDO:0014343	HGNC:9282	biolink:causes	1
0.99097264	MONDO:0014343	HGNC:882	biolink:causes	1
0.9978769	MONDO:0014343	HGNC:1044	biolink:causes	1
0.9989497	MONDO:0014343	HGNC:24154	biolink:causes	1
0.97914815	MONDO:0014343	HGNC:10023	biolink:causes	1
0.9987105	MONDO:0014343	HGNC:10031	biolink:causes	1
0.989042	MONDO:0014343	HGNC:10298	biolink:causes	1
0.998762	MONDO:0014343	HGNC:28583	biolink:causes	1
0.9979101	MONDO:0014343	HGNC:10524	biolink:causes	1
0.9991072	MONDO:0014343	HGNC:10818	biolink:causes	1
0.99529725	MONDO:0014343	HGNC:6770	biolink:causes	1
0.99893886	MONDO:0014343	HGNC:20323	biolink:causes	1
0.99921834	MONDO:0014343	HGNC:14974	biolink:causes	1
0.9900067	MONDO:0014343	HGNC:11195	biolink:causes	1
0.9976646	MONDO:0014343	HGNC:28396	biolink:causes	1
0.99915516	MONDO:0014343	HGNC:11908	biolink:causes	1
0.99963677	MONDO:0014343	HGNC:25660	biolink:causes	1
0.9971731	MONDO:0014343	HGNC:12449	biolink:causes	1
0.9974503	MONDO:0014343	HGNC:25507	biolink:causes	1
0.9976688	MONDO:0014343	HGNC:15517	biolink:causes	1
0.9984524	MONDO:0014343	HGNC:2218	biolink:causes	1
0.99854374	MONDO:0014343	HGNC:2187	biolink:causes	1
0.9958313	MONDO:0014343	HGNC:2227	biolink:causes	1
0.9953852	MONDO:0014343	HGNC:17272	biolink:causes	1
0.9980118	MONDO:0014343	HGNC:20581	biolink:causes	1
0.99795985	MONDO:0014343	HGNC:19189	biolink:causes	1
0.9952938	MONDO:0014343	HGNC:3087	biolink:causes	1
0.9982146	MONDO:0014343	HGNC:24595	biolink:causes	1
0.9981876	MONDO:0014343	HGNC:3444	biolink:causes	1
0.9793316	MONDO:0014343	HGNC:132	biolink:causes	1
0.99907327	MONDO:0014343	HGNC:13201	biolink:causes	1
0.9982352	MONDO:0014343	HGNC:3513	biolink:causes	1
0.9984415	MONDO:0014343	HGNC:26222	biolink:causes	1
0.99887425	MONDO:0014343	HGNC:3663	biolink:causes	1
0.9908179	MONDO:0014343	HGNC:4319	biolink:causes	1
0.9979157	MONDO:0014343	HGNC:19980	biolink:causes	1
0.9991043	MONDO:0014343	HGNC:4713	biolink:causes	1
0.9962112	MONDO:0014343	HGNC:18873	biolink:causes	1
0.9984383	MONDO:0014343	HGNC:6469	biolink:causes	1
0.9980794	MONDO:0014343	HGNC:6595	biolink:causes	1
0.9983083	MONDO:0014343	HGNC:450	biolink:causes	1
0.9983041	MONDO:0014343	HGNC:649	biolink:causes	1
0.9985051	MONDO:0014343	HGNC:13520	biolink:causes	1
0.9985304	MONDO:0014343	HGNC:18591	biolink:causes	1
0.99910885	MONDO:0014343	HGNC:17151	biolink:causes	1
0.9981219	MONDO:0014343	HGNC:8522	biolink:causes	1
0.99406296	MONDO:0014343	HGNC:30129	biolink:causes	1
0.9971302	MONDO:0014343	HGNC:9587	biolink:causes	1
0.99832207	MONDO:0014343	HGNC:9608	biolink:causes	1
0.9972397	MONDO:0014343	HGNC:10447	biolink:causes	1
0.9990709	MONDO:0014343	HGNC:10853	biolink:causes	1
0.99927324	MONDO:0014343	HGNC:19046	biolink:causes	1
0.9946228	MONDO:0014343	HGNC:11100	biolink:causes	1
0.9987104	MONDO:0014343	HGNC:29253	biolink:causes	1
0.99078923	MONDO:0014343	HGNC:11367	biolink:causes	1
0.99666226	MONDO:0014343	HGNC:11773	biolink:causes	1
0.99887806	MONDO:0014343	HGNC:17861	biolink:causes	1
0.99774593	MONDO:0014343	HGNC:25815	biolink:causes	1
0.99668056	MONDO:0014343	HGNC:1971	biolink:causes	1
0.99827003	MONDO:0014343	HGNC:2197	biolink:causes	1
0.9993467	MONDO:0014343	HGNC:2185	biolink:causes	1
0.9991443	MONDO:0014343	HGNC:22986	biolink:causes	1
0.9985268	MONDO:0014343	HGNC:17213	biolink:causes	1
0.9989478	MONDO:0014343	HGNC:2379	biolink:causes	1
0.9991072	MONDO:0014343	HGNC:2919	biolink:causes	1
0.99806684	MONDO:0014343	HGNC:3226	biolink:causes	1
0.99887747	MONDO:0014343	HGNC:319	biolink:causes	1
0.99817395	MONDO:0014343	HGNC:327	biolink:causes	1
0.99775875	MONDO:0014343	HGNC:3686	biolink:causes	1
0.9954236	MONDO:0014343	HGNC:5383	biolink:causes	1
0.99759513	MONDO:0014343	HGNC:6080	biolink:causes	1
0.99701095	MONDO:0014343	HGNC:6518	biolink:causes	1
0.99820447	MONDO:0014343	HGNC:21732	biolink:causes	1
0.99932563	MONDO:0014343	HGNC:719	biolink:causes	1
0.9989543	MONDO:0014343	HGNC:29659	biolink:causes	1
0.99904555	MONDO:0014343	HGNC:4979	biolink:causes	1
0.9902766	MONDO:0014343	HGNC:29092	biolink:causes	1
0.9984301	MONDO:0014343	HGNC:8604	biolink:causes	1
0.9977533	MONDO:0014343	HGNC:8859	biolink:causes	1
0.9984971	MONDO:0014343	HGNC:9004	biolink:causes	1
0.9980363	MONDO:0014343	HGNC:30595	biolink:causes	1
0.99745125	MONDO:0014343	HGNC:9644	biolink:causes	1
0.9992481	MONDO:0014343	HGNC:35126	biolink:causes	1
0.99755067	MONDO:0014343	HGNC:9721	biolink:causes	1
0.9964408	MONDO:0014343	HGNC:2468	biolink:causes	1
0.9987883	MONDO:0014343	HGNC:20324	biolink:causes	1
0.9966029	MONDO:0014343	HGNC:11769	biolink:causes	1
0.9950363	MONDO:0014343	HGNC:15979	biolink:causes	1
0.9974497	MONDO:0014343	HGNC:12428	biolink:causes	1
0.99914706	MONDO:0014343	HGNC:12771	biolink:causes	1
0.9983182	MONDO:0014343	HGNC:2025	biolink:causes	1
0.9986351	MONDO:0014343	HGNC:25801	biolink:causes	1
0.9966043	MONDO:0014343	HGNC:2433	biolink:causes	1
0.987392	MONDO:0014343	HGNC:18683	biolink:causes	1
0.9967243	MONDO:0014343	HGNC:3755	biolink:causes	1
0.99856746	MONDO:0014343	HGNC:4006	biolink:causes	1
0.99775475	MONDO:0014343	HGNC:4796	biolink:causes	1
0.99802566	MONDO:0014343	HGNC:15977	biolink:causes	1
0.99828005	MONDO:0014343	HGNC:5466	biolink:causes	1
0.99820936	MONDO:0014343	HGNC:6000	biolink:causes	1
0.99866104	MONDO:0014343	HGNC:27337	biolink:causes	1
0.9991449	MONDO:0014343	HGNC:6909	biolink:causes	1
0.9943404	MONDO:0014343	HGNC:7176	biolink:causes	1
0.99747914	MONDO:0014343	HGNC:9056	biolink:causes	1
0.99792767	MONDO:0014343	HGNC:9091	biolink:causes	1
0.9868613	MONDO:0014343	HGNC:1144	biolink:causes	1
0.9979722	MONDO:0014343	HGNC:17271	biolink:causes	1
0.99770206	MONDO:0014343	HGNC:10723	biolink:causes	1
0.99323106	MONDO:0014343	HGNC:10771	biolink:causes	1
0.997735	MONDO:0014343	HGNC:28395	biolink:causes	1
0.99880576	MONDO:0014343	HGNC:11102	biolink:causes	1
0.99632615	MONDO:0014343	HGNC:11109	biolink:causes	1
0.9985196	MONDO:0014343	HGNC:11582	biolink:causes	1
0.9973175	MONDO:0014343	HGNC:11623	biolink:causes	1
0.9989064	MONDO:0014343	HGNC:37234	biolink:causes	1
0.9971457	MONDO:0014343	HGNC:23068	biolink:causes	1
0.996128	MONDO:0014343	HGNC:2978	biolink:causes	1
0.8983802	MONDO:0014355	HGNC:3052	biolink:causes	1
0.9906086	MONDO:0014371	HGNC:19190	biolink:causes	1
0.99999917	MONDO:0014379	HGNC:15766	biolink:causes	1
0.99555933	MONDO:0014383	HGNC:25896	biolink:causes	1
0.8937938	MONDO:0014399	HGNC:8729	biolink:causes	1
0.8937938	MONDO:0014399	HGNC:8729	biolink:gene_associated_with_condition	1
0.90674734	MONDO:0014403	HGNC:4267	biolink:gene_associated_with_condition	1
0.87444806	MONDO:0014407	HGNC:393	biolink:causes	1
0.9976591	MONDO:0014419	HGNC:6481	biolink:gene_associated_with_condition	1
0.99997854	MONDO:0014447	HGNC:18626	biolink:causes	1
0.9997445	MONDO:0014455	HGNC:29685	biolink:causes	1
0.9997876	MONDO:0014487	HGNC:17341	biolink:gene_associated_with_condition	1
0.9999416	MONDO:0014503	HGNC:25613	biolink:causes	1
0.9999995	MONDO:0014507	HGNC:20324	biolink:gene_associated_with_condition	1
0.65655255	MONDO:0014535	HGNC:6081	biolink:causes	1
0.82166064	MONDO:0014539	HGNC:18688	biolink:causes	1
0.99990356	MONDO:0014543	HGNC:23159	biolink:causes	1
0.9300846	MONDO:0014551	HGNC:7944	biolink:causes	1
0.9999528	MONDO:0014567	HGNC:18062	biolink:causes	1
0.9955519	MONDO:0014583	HGNC:1965	biolink:causes	1
0.8354031	MONDO:0014603	HGNC:2418	biolink:causes	1
0.9995241	MONDO:0014619	HGNC:21157	biolink:causes	1
0.57389206	MONDO:0014623	HGNC:25403	biolink:causes	1
0.98574406	MONDO:0014627	HGNC:2213	biolink:causes	1
0.96202546	MONDO:0014635	HGNC:9922	biolink:causes	1
0.8862791	MONDO:0014647	HGNC:1424	biolink:gene_associated_with_condition	1
0.9528174	MONDO:0014711	HGNC:4816	biolink:causes	1
0.9898359	MONDO:0014719	HGNC:6176	biolink:gene_associated_with_condition	1
0.851334	MONDO:0014735	HGNC:12666	biolink:causes	1
0.999997	MONDO:0014747	HGNC:31582	biolink:causes	1
0.93533707	MONDO:0014763	HGNC:4013	biolink:causes	1
0.99999917	MONDO:0014771	HGNC:29068	biolink:causes	1
0.62200594	MONDO:0014779	HGNC:9966	biolink:contributes_to	1
0.48831668	MONDO:0014783	HGNC:30788	biolink:causes	1
0.9935322	MONDO:0014803	HGNC:20134	biolink:causes	1
0.9935322	MONDO:0014803	HGNC:20134	biolink:gene_associated_with_condition	1
1.0	MONDO:0014823	HGNC:28261	biolink:causes	1
0.9620203	MONDO:0014875	HGNC:1395	biolink:causes	1
0.93889445	MONDO:0014883	HGNC:3756	biolink:causes	1
0.99997663	MONDO:0014887	HGNC:27030	biolink:causes	1
0.9978416	MONDO:0014899	HGNC:2858	biolink:causes	1
0.9978416	MONDO:0014899	HGNC:2858	biolink:gene_associated_with_condition	1
0.9996196	MONDO:0014927	HGNC:24123	biolink:causes	1
0.9668369	MONDO:0014943	HGNC:11741	biolink:causes	1
0.99976605	MONDO:0014947	HGNC:4588	biolink:causes	1
0.99925417	MONDO:0014963	HGNC:23805	biolink:gene_associated_with_condition	1
0.99938905	MONDO:0014991	HGNC:26513	biolink:causes	1
0.9925788	MONDO:0014995	HGNC:29853	biolink:causes	1
0.9999925	MONDO:0015003	HGNC:19691	biolink:gene_associated_with_condition	1
0.99856204	MONDO:0015007	HGNC:29508	biolink:causes	1
0.25981995	MONDO:0015268	HGNC:11630	biolink:gene_associated_with_condition	1
0.8957008	MONDO:0015300	HGNC:2398	biolink:gene_associated_with_condition	1
0.8921705	MONDO:0015300	HGNC:2410	biolink:gene_associated_with_condition	1
0.9825195	MONDO:0015353	HGNC:4162	biolink:causes	1
0.27135634	MONDO:0015557	HGNC:6342	biolink:gene_associated_with_condition	1
0.10397875	MONDO:0015597	HGNC:18971	biolink:gene_associated_with_condition	1
0.18298668	MONDO:0015597	HGNC:15561	biolink:gene_associated_with_condition	1
0.8310922	MONDO:0015793	HGNC:10483	biolink:gene_associated_with_condition	1
0.42816907	MONDO:0016049	HGNC:3097	biolink:gene_associated_with_condition	1
0.7947801	MONDO:0016097	HGNC:2928	biolink:gene_associated_with_condition	1
0.5713196	MONDO:0016281	HGNC:7983	biolink:gene_associated_with_condition	1
0.74765486	MONDO:0016281	HGNC:11311	biolink:gene_associated_with_condition	1
0.66430473	MONDO:0016309	HGNC:7897	biolink:gene_associated_with_condition	1
0.95809144	MONDO:0016369	HGNC:9949	biolink:causes	1
0.55507904	MONDO:0016461	HGNC:14234	biolink:gene_associated_with_condition	1
0.08107188	MONDO:0016573	HGNC:4801	biolink:gene_associated_with_condition	1
0.39437774	MONDO:0016589	HGNC:30605	biolink:gene_associated_with_condition	1
0.25729078	MONDO:0016605	HGNC:438	biolink:gene_associated_with_condition	1
0.558849	MONDO:0016621	HGNC:4851	biolink:gene_associated_with_condition	1
0.8714326	MONDO:0016681	HGNC:3690	biolink:gene_associated_with_condition	1
0.6859919	MONDO:0016681	HGNC:11998	biolink:gene_associated_with_condition	1
0.38626513	MONDO:0016681	HGNC:9236	biolink:gene_associated_with_condition	1
0.5697472	MONDO:0016681	HGNC:7797	biolink:gene_associated_with_condition	1
0.23923945	MONDO:0016689	HGNC:5383	biolink:gene_associated_with_condition	1
0.4056004	MONDO:0016705	HGNC:7545	biolink:gene_associated_with_condition	1
0.99304175	MONDO:0016825	HGNC:28900	biolink:causes	1
0.98171806	MONDO:0016833	HGNC:3811	biolink:gene_associated_with_condition	1
0.86636823	MONDO:0017049	HGNC:18712	biolink:gene_associated_with_condition	1
0.8763703	MONDO:0017049	HGNC:8011	biolink:gene_associated_with_condition	1
0.9315334	MONDO:0017053	HGNC:987	biolink:gene_associated_with_condition	1
0.16670671	MONDO:0017117	HGNC:19967	biolink:gene_associated_with_condition	1
0.9865697	MONDO:0017173	HGNC:21675	biolink:gene_associated_with_condition	1
0.16701971	MONDO:0017173	HGNC:14468	biolink:gene_associated_with_condition	1
0.8155213	MONDO:0017173	HGNC:13485	biolink:gene_associated_with_condition	1
0.99371535	MONDO:0017173	HGNC:26684	biolink:gene_associated_with_condition	1
0.9611649	MONDO:0017173	HGNC:28506	biolink:gene_associated_with_condition	1
0.5617623	MONDO:0017177	HGNC:8975	biolink:gene_associated_with_condition	1
0.90468955	MONDO:0017225	HGNC:9086	biolink:gene_associated_with_condition	1
0.9993061	MONDO:0017241	HGNC:573	biolink:gene_associated_with_condition	1
0.9996704	MONDO:0017241	HGNC:575	biolink:gene_associated_with_condition	1
0.77371824	MONDO:0017317	HGNC:5173	biolink:gene_associated_with_condition	1
0.6936221	MONDO:0017353	HGNC:4313	biolink:gene_associated_with_condition	1
0.86304885	MONDO:0017389	HGNC:8582	biolink:gene_associated_with_condition	1
0.67569137	MONDO:0017401	HGNC:15710	biolink:gene_associated_with_condition	1
0.95666176	MONDO:0017401	HGNC:12403	biolink:gene_associated_with_condition	1
0.5428865	MONDO:0017405	HGNC:3012	biolink:gene_associated_with_condition	1
0.034549344	MONDO:0017629	HGNC:10597	biolink:gene_associated_with_condition	1
0.03718324	MONDO:0017629	HGNC:10583	biolink:gene_associated_with_condition	1
0.041532476	MONDO:0017629	HGNC:10582	biolink:gene_associated_with_condition	1
0.7398403	MONDO:0017697	HGNC:4180	biolink:gene_associated_with_condition	1
0.96623534	MONDO:0017729	HGNC:9498	biolink:gene_associated_with_condition	1
0.45190415	MONDO:0017833	HGNC:19124	biolink:gene_associated_with_condition	1
0.054466456	MONDO:0017901	HGNC:5439	biolink:gene_associated_with_condition	1
0.8986356	MONDO:0017917	HGNC:7414	biolink:gene_associated_with_condition	1
0.18445833	MONDO:0017945	HGNC:620	biolink:gene_associated_with_condition	1
0.73711187	MONDO:0017993	HGNC:9460	biolink:gene_associated_with_condition	1
0.98808205	MONDO:0018045	HGNC:11824	biolink:gene_associated_with_condition	1
0.98200065	MONDO:0018045	HGNC:11730	biolink:gene_associated_with_condition	1
0.44260314	MONDO:0018141	HGNC:8636	biolink:gene_associated_with_condition	1
0.47887585	MONDO:0018197	HGNC:1160	biolink:gene_associated_with_condition	1
0.35427988	MONDO:0018229	HGNC:4932	biolink:gene_associated_with_condition	1
0.03254026	MONDO:0018254	HGNC:10303	biolink:gene_associated_with_condition	1
0.99999917	MONDO:0018274	HGNC:10872	biolink:gene_associated_with_condition	1
0.27921894	MONDO:0018450	HGNC:25726	biolink:gene_associated_with_condition	1
0.90515536	MONDO:0018566	HGNC:319	biolink:gene_associated_with_condition	1
0.94994134	MONDO:0018598	HGNC:9713	biolink:gene_associated_with_condition	1
0.95128715	MONDO:0018598	HGNC:9719	biolink:gene_associated_with_condition	1
0.9608735	MONDO:0018598	HGNC:8853	biolink:gene_associated_with_condition	1
0.98343486	MONDO:0018598	HGNC:9717	biolink:gene_associated_with_condition	1
0.9687836	MONDO:0018598	HGNC:8851	biolink:gene_associated_with_condition	1
0.9746372	MONDO:0018598	HGNC:8854	biolink:gene_associated_with_condition	1
0.9735311	MONDO:0018598	HGNC:8857	biolink:gene_associated_with_condition	1
0.028880853	MONDO:0018742	HGNC:819	biolink:gene_associated_with_condition	1
0.28970274	MONDO:0018758	HGNC:11743	biolink:gene_associated_with_condition	1
0.9518023	MONDO:0018822	HGNC:28957	biolink:gene_associated_with_condition	1
0.14203079	MONDO:0019082	HGNC:4948	biolink:gene_associated_with_condition	1
0.23931855	MONDO:0019082	HGNC:4944	biolink:gene_associated_with_condition	1
0.2983386	MONDO:0019130	HGNC:19903	biolink:gene_associated_with_condition	1
0.9594964	MONDO:0019150	HGNC:11949	biolink:gene_associated_with_condition	1
0.9860973	MONDO:0019174	HGNC:9713	biolink:gene_associated_with_condition	1
0.98121303	MONDO:0019174	HGNC:9719	biolink:gene_associated_with_condition	1
0.99700314	MONDO:0019174	HGNC:8855	biolink:gene_associated_with_condition	1
0.9981718	MONDO:0019174	HGNC:8857	biolink:gene_associated_with_condition	1
0.98743606	MONDO:0019428	HGNC:560	biolink:gene_associated_with_condition	1
0.5536319	MONDO:0019448	HGNC:25489	biolink:gene_associated_with_condition	1
0.76087064	MONDO:0019456	HGNC:5382	biolink:gene_associated_with_condition	1
0.79796594	MONDO:0019456	HGNC:5383	biolink:gene_associated_with_condition	1
0.8935702	MONDO:0019456	HGNC:2978	biolink:gene_associated_with_condition	1
0.96340257	MONDO:0019636	HGNC:23399	biolink:gene_associated_with_condition	1
0.9148161	MONDO:0019636	HGNC:9967	biolink:gene_associated_with_condition	1
0.3560825	MONDO:0019644	HGNC:11630	biolink:gene_associated_with_condition	1
0.98355466	MONDO:0019769	HGNC:9330	biolink:gene_associated_with_condition	1
0.050602246	MONDO:0019921	HGNC:9046	biolink:gene_associated_with_condition	1
0.09255703	MONDO:0019981	HGNC:11630	biolink:gene_associated_with_condition	1
0.9344021	MONDO:0020207	HGNC:10604	biolink:gene_associated_with_condition	1
0.105014555	MONDO:0020375	HGNC:2411	biolink:gene_associated_with_condition	1
0.93475646	MONDO:0020507	HGNC:3259	biolink:gene_associated_with_condition	1
0.9997578	MONDO:0020507	HGNC:3257	biolink:causes	1
0.8593486	MONDO:0020563	HGNC:5009	biolink:gene_associated_with_condition	1
0.9646825	MONDO:0020628	HGNC:11992	biolink:causes	1
0.45077765	MONDO:0020705	HGNC:15512	biolink:contributes_to	1
0.7648994	MONDO:0020705	HGNC:15511	biolink:causes	1
0.9957722	MONDO:0020717	HGNC:28929	biolink:causes	1
0.99141777	MONDO:0020721	HGNC:397	biolink:causes	1
0.98290664	MONDO:0020737	HGNC:18647	biolink:causes	1
0.7307106	MONDO:0020745	HGNC:2488	biolink:causes	1
0.99533194	MONDO:0020745	HGNC:11167	biolink:causes	1
0.997661	MONDO:0020745	HGNC:6251	biolink:causes	1
0.8136023	MONDO:0020745	HGNC:6501	biolink:causes	1
0.98938435	MONDO:0020745	HGNC:10446	biolink:causes	1
0.97340965	MONDO:0020745	HGNC:17993	biolink:causes	1
0.96107715	MONDO:0020745	HGNC:493	biolink:causes	1
0.99687386	MONDO:0020745	HGNC:10593	biolink:causes	1
0.85542804	MONDO:0020745	HGNC:1449	biolink:causes	1
0.98512274	MONDO:0020745	HGNC:11949	biolink:causes	1
0.97894543	MONDO:0020745	HGNC:6229	biolink:causes	1
0.95406294	MONDO:0020745	HGNC:494	biolink:causes	1
0.99033993	MONDO:0020745	HGNC:19661	biolink:causes	1
0.9803288	MONDO:0020749	HGNC:17761	biolink:causes	1
0.9999907	MONDO:0020765	HGNC:7225	biolink:causes	1
0.87929434	MONDO:0020769	HGNC:3373	biolink:causes	1
0.6272174	MONDO:0020785	HGNC:3395	biolink:causes	1
0.90164584	MONDO:0020789	HGNC:8104	biolink:causes	1
0.8428016	MONDO:0020855	HGNC:27845	biolink:causes	1
0.9908137	MONDO:0024264	HGNC:8622	biolink:causes	1
0.99178267	MONDO:0024550	HGNC:3754	biolink:causes	1
0.90861195	MONDO:0024562	HGNC:10593	biolink:causes	1
0.9715055	MONDO:0024570	HGNC:4198	biolink:causes	1
1.0	MONDO:0025699	HGNC:4332	biolink:causes	1
0.99999976	MONDO:0026730	HGNC:7370	biolink:causes	1
0.99846786	MONDO:0027451	HGNC:851	biolink:causes	1
0.98785585	MONDO:0029133	HGNC:1480	biolink:gene_associated_with_condition	1
0.99993193	MONDO:0030028	HGNC:18798	biolink:causes	1
0.9712928	MONDO:0030036	HGNC:24921	biolink:causes	1
0.98465234	MONDO:0030057	HGNC:13607	biolink:causes	1
0.948741	MONDO:0030074	HGNC:9056	biolink:gene_associated_with_condition	1
0.75216615	MONDO:0030089	HGNC:6081	biolink:causes	1
0.9991296	MONDO:0030312	HGNC:12713	biolink:causes	1
0.9516188	MONDO:0030338	HGNC:29558	biolink:causes	1
0.8586	MONDO:0030374	HGNC:6027	biolink:causes	1
0.99990773	MONDO:0030440	HGNC:25295	biolink:causes	1
0.99541134	MONDO:0030673	HGNC:13921	biolink:causes	1
0.99999595	MONDO:0030729	HGNC:4787	biolink:causes	1
0.9999695	MONDO:0030785	HGNC:16491	biolink:causes	1
0.9995365	MONDO:0030878	HGNC:30511	biolink:gene_associated_with_condition	1
0.975129	MONDO:0030910	HGNC:14214	biolink:causes	1
0.99669456	MONDO:0030914	HGNC:12306	biolink:causes	1
0.9999999	MONDO:0030918	HGNC:19088	biolink:causes	1
0.8909845	MONDO:0030967	HGNC:6215	biolink:causes	1
0.9891767	MONDO:0030971	HGNC:12016	biolink:causes	1
0.9996257	MONDO:0032570	HGNC:694	biolink:causes	1
0.9998462	MONDO:0032578	HGNC:2510	biolink:causes	1
0.7412227	MONDO:0032604	HGNC:17211	biolink:causes	1
0.9690049	MONDO:0032612	HGNC:7717	biolink:causes	1
0.9998946	MONDO:0032624	HGNC:26927	biolink:causes	1
0.9996166	MONDO:0032636	HGNC:7690	biolink:causes	1
0.90576375	MONDO:0032646	HGNC:8001	biolink:causes	1
0.9999354	MONDO:0032650	HGNC:17258	biolink:causes	1
0.51808304	MONDO:0032655	HGNC:6897	biolink:causes	1
0.7385949	MONDO:0032659	HGNC:9955	biolink:causes	1
0.99464273	MONDO:0032684	HGNC:9177	biolink:causes	1
0.990252	MONDO:0032692	HGNC:29914	biolink:causes	1
0.99963427	MONDO:0032724	HGNC:17085	biolink:causes	1
0.9999583	MONDO:0032748	HGNC:23045	biolink:causes	1
0.99999344	MONDO:0032752	HGNC:30563	biolink:causes	1
0.9820726	MONDO:0032757	HGNC:24846	biolink:causes	1
0.9951788	MONDO:0032770	HGNC:160	biolink:causes	1
0.99951744	MONDO:0032778	HGNC:17089	biolink:causes	1
0.99518126	MONDO:0032782	HGNC:6009	biolink:causes	1
0.99975866	MONDO:0032790	HGNC:29012	biolink:causes	1
0.99988794	MONDO:0032798	HGNC:14418	biolink:causes	1
1.0	MONDO:0032822	HGNC:8959	biolink:causes	1
0.99552554	MONDO:0032835	HGNC:31527	biolink:causes	1
0.9450841	MONDO:0032869	HGNC:30889	biolink:causes	1
0.84841186	MONDO:0032913	HGNC:3767	biolink:causes	1
0.9999975	MONDO:0032921	HGNC:17770	biolink:causes	1
0.99773705	MONDO:0032934	HGNC:7618	biolink:causes	1
0.99998116	MONDO:0032938	HGNC:14686	biolink:causes	1
0.976781	MONDO:0032942	HGNC:11254	biolink:causes	1
0.99987745	MONDO:0033006	HGNC:26058	biolink:causes	1
0.8952385	MONDO:0033046	HGNC:6948	biolink:causes	1
0.7417263	MONDO:0033200	HGNC:10256	biolink:causes	1
0.5134392	MONDO:0033363	HGNC:5048	biolink:causes	1
0.32834655	MONDO:0033482	HGNC:14957	biolink:gene_associated_with_condition	1
0.9112931	MONDO:0033534	HGNC:14509	biolink:causes	1
0.9974784	MONDO:0033543	HGNC:17283	biolink:causes	1
0.98728555	MONDO:0033547	HGNC:17933	biolink:causes	1
0.99651045	MONDO:0033556	HGNC:3007	biolink:causes	1
0.9973103	MONDO:0033564	HGNC:13862	biolink:causes	1
0.9465146	MONDO:0033620	HGNC:11480	biolink:causes	1
0.99089324	MONDO:0033669	HGNC:6871	biolink:causes	1
0.9989999	MONDO:0034106	HGNC:10057	biolink:gene_associated_with_condition	1
0.98490614	MONDO:0035320	HGNC:2592	biolink:gene_associated_with_condition	1
0.031938687	MONDO:0035694	HGNC:9955	biolink:gene_associated_with_condition	1
0.034336448	MONDO:0035823	HGNC:15646	biolink:gene_associated_with_condition	1
0.9321386	MONDO:0035940	HGNC:3765	biolink:gene_associated_with_condition	1
0.9791196	MONDO:0036212	HGNC:26222	biolink:causes	1
0.9791196	MONDO:0036212	HGNC:26222	biolink:gene_associated_with_condition	1
0.022725433	MONDO:0044255	HGNC:4868	biolink:causes	1
0.051145423	MONDO:0044255	HGNC:8101	biolink:causes	1
0.99978524	MONDO:0044318	HGNC:9277	biolink:causes	1
0.99996316	MONDO:0044322	HGNC:17939	biolink:causes	1
0.9939266	MONDO:0044724	HGNC:23656	biolink:gene_associated_with_condition	1
0.8330543	MONDO:0044792	HGNC:427	biolink:gene_associated_with_condition	1
0.924703	MONDO:0044792	HGNC:5173	biolink:causes	1
0.97011405	MONDO:0054591	HGNC:9557	biolink:causes	1
0.9955004	MONDO:0054615	HGNC:2940	biolink:causes	1
0.9832606	MONDO:0054680	HGNC:19721	biolink:causes	1
0.9950323	MONDO:0054723	HGNC:26684	biolink:causes	1
0.9945093	MONDO:0054731	HGNC:20091	biolink:causes	1
0.9999999	MONDO:0054737	HGNC:19185	biolink:causes	1
0.9804662	MONDO:0054794	HGNC:26600	biolink:causes	1
0.92206854	MONDO:0054805	HGNC:28952	biolink:causes	1
0.999998	MONDO:0054843	HGNC:28188	biolink:causes	1
0.35660586	MONDO:0054847	HGNC:16854	biolink:causes	1
0.96098024	MONDO:0060489	HGNC:7983	biolink:causes	1
0.9999993	MONDO:0060502	HGNC:9043	biolink:gene_associated_with_condition	1
0.9995585	MONDO:0060704	HGNC:25072	biolink:causes	1
0.5757318	MONDO:0100045	HGNC:18021	biolink:contributes_to	1
0.9886242	MONDO:0100101	HGNC:6814	biolink:gene_associated_with_condition	1
0.3539189	MONDO:0100101	HGNC:19349	biolink:gene_associated_with_condition	1
0.9959275	MONDO:0100186	HGNC:4193	biolink:gene_associated_with_condition	1
0.99998915	MONDO:0100218	HGNC:3098	biolink:causes	1
0.97435826	MONDO:0100294	HGNC:33867	biolink:gene_associated_with_condition	1
0.9594721	MONDO:0100294	HGNC:10680	biolink:causes	1
0.99791783	MONDO:0100340	HGNC:3951	biolink:causes	1
0.999313	MONDO:0100428	HGNC:16187	biolink:causes	1
0.44244617	MONDO:0100460	HGNC:4507	biolink:contributes_to	1
0.5627054	MONDO:0100468	HGNC:2019	biolink:causes	1
0.8363636	MONDO:0100533	HGNC:2202	biolink:contributes_to	1
0.9935207	MONDO:0700090	HGNC:9957	biolink:causes	1
0.9969158	MONDO:0700090	HGNC:6572	biolink:causes	1
0.9999385	MONDO:0700250	HGNC:10603	biolink:causes	1
0.99741167	MONDO:0700250	HGNC:24316	biolink:causes	1
0.9999993	MONDO:0700250	HGNC:2260	biolink:causes	1
0.9996076	MONDO:0700250	HGNC:10604	biolink:causes	1
0.96972513	MONDO:0800026	HGNC:13879	biolink:gene_associated_with_condition	1
0.99869734	MONDO:0800026	HGNC:9143	biolink:gene_associated_with_condition	1
0.86871254	MONDO:0800026	HGNC:3178	biolink:gene_associated_with_condition	1
1.0	MONDO:0800030	HGNC:19750	biolink:causes	1
0.74514043	MONDO:0800046	HGNC:30972	biolink:causes	1
0.5727657	MONDO:0800447	HGNC:11608	biolink:contributes_to	1
0.032205697	MONDO:0850115	HGNC:8032	biolink:gene_associated_with_condition	1
0.033017874	MONDO:0858999	HGNC:1337	biolink:gene_associated_with_condition	1
0.999137	MONDO:0859139	HGNC:11098	biolink:gene_associated_with_condition	1
0.9843524	MONDO:0859158	HGNC:9218	biolink:causes	1
0.9992067	MONDO:0859182	HGNC:14615	biolink:causes	1
0.99718034	MONDO:0859186	HGNC:23575	biolink:causes	1
0.9887976	MONDO:0859207	HGNC:12499	biolink:causes	1
1.0	MONDO:0859236	HGNC:7994	biolink:causes	1
0.9997806	MONDO:0859252	HGNC:8717	biolink:causes	1
0.999992	MONDO:0859276	HGNC:9369	biolink:causes	1
1.0	MONDO:0859295	HGNC:24270	biolink:causes	1
0.99264973	MONDO:0859304	HGNC:6556	biolink:causes	1
1.0	MONDO:0859312	HGNC:1162	biolink:causes	1
0.9182778	MONDO:0859338	HGNC:29350	biolink:causes	1
1.0	MONDO:0859379	HGNC:17754	biolink:causes	1
0.89528126	MONDO:0859517	HGNC:129	biolink:causes	1
0.6691869	MONDO:0859521	HGNC:1723	biolink:causes	1
0.9962141	MONDO:0957202	HGNC:26047	biolink:causes	1
0.9999875	MONDO:0957265	HGNC:10591	biolink:causes	1
0.998577	MONDO:0957270	HGNC:5006	biolink:causes	1
0.4064501	MONDO:0957278	HGNC:7199	biolink:causes	1
0.23757635	MONDO:0957427	HGNC:8619	biolink:gene_associated_with_condition	1
0.5714157	MONDO:0957561	HGNC:10074	biolink:contributes_to	1
0.9999285	MONDO:0957787	HGNC:19304	biolink:causes	1
1.0	MONDO:0957819	HGNC:16305	biolink:causes	1
0.9998907	MONDO:0957955	HGNC:10937	biolink:causes	1
0.93548626	MONDO:0957993	HGNC:10451	biolink:causes	1
0.9989089	MONDO:0958001	HGNC:9859	biolink:causes	1
0.9993586	MONDO:0958011	HGNC:6116	biolink:causes	1
0.81333125	MONDO:0958085	HGNC:4886	biolink:gene_associated_with_condition	1
0.8728595	MONDO:0958085	HGNC:11762	biolink:gene_associated_with_condition	1
0.8333272	MONDO:0958085	HGNC:4887	biolink:gene_associated_with_condition	1
0.99893004	MONDO:0958226	HGNC:4982	biolink:causes	1
0.938011	MONDO:0958242	HGNC:21099	biolink:causes	1
0.7825381	MONDO:0958279	HGNC:7559	biolink:causes	1
1.0	MONDO:0968976	HGNC:23339	biolink:causes	1
0.46590587	MONDO:0968990	HGNC:2907	biolink:gene_associated_with_condition	1
0.66620153	MONDO:0971012	HGNC:11566	biolink:causes	1
0.9863811	MONDO:0971016	HGNC:9986	biolink:causes	1
0.03761205	MONDO:0971064	HGNC:17811	biolink:gene_associated_with_condition	1
0.87964004	MONDO:0975754	HGNC:132	biolink:gene_associated_with_condition	1
0.047440954	MONDO:0975835	HGNC:15939	biolink:causes	1
0.9911355	MONDO:0975843	HGNC:30705	biolink:causes	1
0.2838024	MONDO:0976226	HGNC:939	biolink:causes	1
0.061213978	MONDO:0976267	HGNC:29077	biolink:contributes_to	1
0.87491417	HGNC:18149	MONDO:0044222	biolink:causes	1
0.9704203	HGNC:23	MONDO:0013166	biolink:gene_associated_with_condition	1
0.9986896	HGNC:57	MONDO:0008333	biolink:causes	1
0.9285047	HGNC:57	MONDO:0008377	biolink:causes	1
0.9942865	HGNC:57	MONDO:0013768	biolink:causes	1
0.99895716	HGNC:60	MONDO:0009406	biolink:causes	1
0.9602272	HGNC:13886	MONDO:0020748	biolink:causes	1
0.99949837	HGNC:90	MONDO:0008722	biolink:gene_associated_with_condition	1
0.99999404	HGNC:16066	MONDO:0044718	biolink:causes	1
0.99999404	HGNC:16066	MONDO:0044718	biolink:gene_associated_with_condition	1
0.9797569	HGNC:27288	MONDO:0013661	biolink:gene_associated_with_condition	1
0.8312156	HGNC:132	MONDO:0011823	biolink:gene_associated_with_condition	1
0.9793316	HGNC:132	MONDO:0014343	biolink:causes	1
0.87964004	HGNC:132	MONDO:0975754	biolink:gene_associated_with_condition	1
0.2883379	HGNC:143	MONDO:0013011	biolink:causes	1
0.8610571	HGNC:143	MONDO:0008542	biolink:causes	1
0.9515117	HGNC:164	MONDO:0012808	biolink:causes	1
0.8008603	HGNC:164	MONDO:0032853	biolink:causes	1
0.9980654	HGNC:177	MONDO:0012368	biolink:gene_associated_with_condition	1
0.9999999	HGNC:186	MONDO:0007064	biolink:gene_associated_with_condition	1
0.99907327	HGNC:13201	MONDO:0014343	biolink:causes	1
1.0	HGNC:17111	MONDO:0859572	biolink:causes	1
0.8180691	HGNC:225	MONDO:0007483	biolink:gene_associated_with_condition	1
0.99838686	HGNC:236	MONDO:0800028	biolink:causes	1
0.99838686	HGNC:236	MONDO:0800028	biolink:gene_associated_with_condition	1
0.94272274	HGNC:13839	MONDO:0008377	biolink:causes	1
0.9964258	HGNC:4516	MONDO:0010511	biolink:causes	1
0.9999987	HGNC:13841	MONDO:0014670	biolink:causes	1
0.98230386	HGNC:17416	MONDO:0008377	biolink:causes	1
0.99999917	HGNC:15766	MONDO:0014379	biolink:causes	1
0.3380776	HGNC:285	MONDO:0020786	biolink:causes	1
0.9985617	HGNC:291	MONDO:0007068	biolink:gene_associated_with_condition	1
0.9675608	HGNC:26147	MONDO:0008377	biolink:causes	1
1.0	HGNC:25230	MONDO:0014358	biolink:causes	1
0.83764577	HGNC:392	MONDO:0009416	biolink:gene_associated_with_condition	1
0.99990356	HGNC:23159	MONDO:0014543	biolink:causes	1
0.99530053	HGNC:23157	MONDO:0011291	biolink:causes	1
0.020511784	HGNC:437	MONDO:0035370	biolink:gene_associated_with_condition	1
0.9982352	HGNC:3513	MONDO:0014343	biolink:causes	1
0.96400815	HGNC:3535	MONDO:0013361	biolink:gene_associated_with_condition	1
0.96847916	HGNC:3546	MONDO:0015787	biolink:gene_associated_with_condition	1
0.027103746	HGNC:3551	MONDO:0026768	biolink:contributes_to	1
0.8979865	HGNC:3531	MONDO:0008559	biolink:contributes_to	1
0.9994537	HGNC:22140	MONDO:0009821	biolink:causes	1
0.99999964	HGNC:3587	MONDO:0009215	biolink:causes	1
0.9984415	HGNC:26222	MONDO:0014343	biolink:causes	1
0.9791196	HGNC:26222	MONDO:0036212	biolink:causes	1
0.9791196	HGNC:26222	MONDO:0036212	biolink:gene_associated_with_condition	1
0.9955285	HGNC:26222	MONDO:0014510	biolink:causes	1
0.99916816	HGNC:21062	MONDO:0013986	biolink:causes	1
0.99916816	HGNC:21062	MONDO:0013986	biolink:gene_associated_with_condition	1
0.91118807	HGNC:21062	MONDO:0014882	biolink:gene_associated_with_condition	1
0.9989864	HGNC:11936	MONDO:0011158	biolink:causes	1
0.921862	HGNC:29160	MONDO:0030020	biolink:causes	1
0.99854845	HGNC:3603	MONDO:0007363	biolink:causes	1
0.972495	HGNC:3603	MONDO:0011431	biolink:causes	1
0.99957997	HGNC:3603	MONDO:0008426	biolink:gene_associated_with_condition	1
0.9555933	HGNC:3603	MONDO:0008542	biolink:causes	1
1.0	HGNC:13601	MONDO:0014198	biolink:gene_associated_with_condition	1
0.99887425	HGNC:3663	MONDO:0014343	biolink:causes	1
0.88597745	HGNC:3670	MONDO:0859086	biolink:causes	1
0.9910086	HGNC:3702	MONDO:0010415	biolink:causes	1
0.9967488	HGNC:3702	MONDO:0010401	biolink:causes	1
0.99990416	HGNC:3702	MONDO:0010292	biolink:causes	1
0.98820287	HGNC:3702	MONDO:0010400	biolink:gene_associated_with_condition	1
0.9999982	HGNC:3705	MONDO:0014918	biolink:gene_associated_with_condition	1
0.99178267	HGNC:3754	MONDO:0024550	biolink:causes	1
0.9310466	HGNC:3754	MONDO:0010233	biolink:causes	1
0.94348425	HGNC:3754	MONDO:0010232	biolink:causes	1
0.9778202	HGNC:3754	MONDO:0010704	biolink:causes	1
0.9195226	HGNC:3754	MONDO:8000011	biolink:gene_associated_with_condition	1
0.047719583	HGNC:3754	MONDO:0044617	biolink:gene_associated_with_condition	1
0.7727244	HGNC:3814	MONDO:0017218	biolink:gene_associated_with_condition	1
0.9909089	HGNC:3816	MONDO:0032874	biolink:causes	1
0.95072395	HGNC:3816	MONDO:0008542	biolink:causes	1
0.7383874	HGNC:12765	MONDO:0009451	biolink:gene_associated_with_condition	1
1.0	HGNC:12765	MONDO:0011132	biolink:causes	1
0.9998946	HGNC:26927	MONDO:0032624	biolink:causes	1
0.98444355	HGNC:1362	MONDO:0019123	biolink:gene_associated_with_condition	1
0.9858854	HGNC:3960	MONDO:0011935	biolink:causes	1
0.9865697	HGNC:21675	MONDO:0017173	biolink:gene_associated_with_condition	1
0.99997985	HGNC:21675	MONDO:0029148	biolink:causes	1
0.99791783	HGNC:3951	MONDO:0100340	biolink:causes	1
0.9997696	HGNC:4040	MONDO:0008123	biolink:gene_associated_with_condition	1
0.68988794	HGNC:4043	MONDO:0007351	biolink:gene_associated_with_condition	1
1.0	HGNC:24861	MONDO:0012930	biolink:causes	1
0.8848092	HGNC:4118	MONDO:0009255	biolink:gene_associated_with_condition	1
0.9820726	HGNC:24846	MONDO:0032757	biolink:causes	1
0.9063537	HGNC:15802	MONDO:0008542	biolink:causes	1
0.9063537	HGNC:15802	MONDO:0008542	biolink:gene_associated_with_condition	1
0.9478844	HGNC:15802	MONDO:0060663	biolink:causes	1
0.99999976	HGNC:4175	MONDO:0012996	biolink:gene_associated_with_condition	1
0.9999789	HGNC:18986	MONDO:0013737	biolink:causes	1
0.7505803	HGNC:15805	MONDO:0018393	biolink:gene_associated_with_condition	1
0.94339806	HGNC:4204	MONDO:0021548	biolink:gene_associated_with_condition	1
0.043095637	HGNC:4204	MONDO:0044220	biolink:causes	1
0.8880713	HGNC:4236	MONDO:0013116	biolink:causes	1
0.9985008	HGNC:29682	MONDO:0032726	biolink:causes	1
0.96471334	HGNC:4263	MONDO:0009877	biolink:gene_associated_with_condition	1
0.9999932	HGNC:17494	MONDO:0012125	biolink:causes	1
0.9804962	HGNC:17494	MONDO:0035472	biolink:gene_associated_with_condition	1
0.9908179	HGNC:4319	MONDO:0014343	biolink:causes	1
0.9124959	HGNC:29525	MONDO:0008542	biolink:causes	1
0.99826753	HGNC:4341	MONDO:0012393	biolink:gene_associated_with_condition	1
0.9157148	HGNC:4379	MONDO:0007792	biolink:causes	1
0.8839969	HGNC:4379	MONDO:0019325	biolink:gene_associated_with_condition	1
0.6231732	HGNC:4379	MONDO:0014146	biolink:causes	1
0.9226211	HGNC:4379	MONDO:0975757	biolink:gene_associated_with_condition	1
0.5475585	HGNC:4390	MONDO:0008501	biolink:gene_associated_with_condition	1
0.98361903	HGNC:4393	MONDO:0008377	biolink:causes	1
0.8630113	HGNC:4393	MONDO:0012497	biolink:causes	1
0.9979157	HGNC:19980	MONDO:0014343	biolink:causes	1
0.9999926	HGNC:29670	MONDO:0018931	biolink:gene_associated_with_condition	1
0.9999999	HGNC:29670	MONDO:0009650	biolink:causes	1
0.9999999	HGNC:29670	MONDO:0009650	biolink:gene_associated_with_condition	1
0.951058	HGNC:4439	MONDO:0008332	biolink:gene_associated_with_condition	1
0.99771726	HGNC:4439	MONDO:0007930	biolink:causes	1
0.614266	HGNC:30677	MONDO:0010610	biolink:gene_associated_with_condition	1
0.9999528	HGNC:18062	MONDO:0014567	biolink:causes	1
0.99752957	HGNC:2799	MONDO:0014460	biolink:causes	1
0.9993349	HGNC:4576	MONDO:0014530	biolink:gene_associated_with_condition	1
0.9878335	HGNC:4689	MONDO:0011143	biolink:causes	1
0.9919585	HGNC:4689	MONDO:0008764	biolink:causes	1
0.99999595	HGNC:4787	MONDO:0030729	biolink:causes	1
0.9999496	HGNC:4785	MONDO:0030730	biolink:causes	1
0.9991043	HGNC:4713	MONDO:0014343	biolink:causes	1
0.99979776	HGNC:9639	MONDO:0859264	biolink:causes	1
0.08107188	HGNC:4801	MONDO:0016573	biolink:gene_associated_with_condition	1
0.93880516	HGNC:4801	MONDO:0012173	biolink:gene_associated_with_condition	1
0.69361216	HGNC:4807	MONDO:0008542	biolink:causes	1
0.9528174	HGNC:4816	MONDO:0014711	biolink:causes	1
0.8870976	HGNC:18437	MONDO:0019475	biolink:causes	1
0.34223795	HGNC:4824	MONDO:0007716	biolink:gene_associated_with_condition	1
0.9337858	HGNC:4824	MONDO:0013512	biolink:causes	1
0.26003596	HGNC:4832	MONDO:0017238	biolink:gene_associated_with_condition	1
0.022725433	HGNC:4868	MONDO:0044255	biolink:causes	1
0.96233416	HGNC:4868	MONDO:0014224	biolink:causes	1
0.81333125	HGNC:4886	MONDO:0958085	biolink:gene_associated_with_condition	1
0.99995387	HGNC:26527	MONDO:0009657	biolink:causes	1
0.3345726	HGNC:4942	MONDO:0019635	biolink:gene_associated_with_condition	1
0.38912714	HGNC:4948	MONDO:0008399	biolink:contributes_to	1
0.14203079	HGNC:4948	MONDO:0019082	biolink:gene_associated_with_condition	1
0.38839018	HGNC:4948	MONDO:0021571	biolink:contributes_to	1
0.40388727	HGNC:4948	MONDO:0018092	biolink:gene_associated_with_condition	1
0.99993026	HGNC:5005	MONDO:0009520	biolink:causes	1
0.99993026	HGNC:5005	MONDO:0009520	biolink:gene_associated_with_condition	1
0.9992111	HGNC:5008	MONDO:0011614	biolink:causes	1
0.94310904	HGNC:5041	MONDO:0859301	biolink:gene_associated_with_condition	1
0.95795476	HGNC:5154	MONDO:0015466	biolink:gene_associated_with_condition	1
0.9788648	HGNC:5208	MONDO:0013842	biolink:causes	1
0.8079544	HGNC:5246	MONDO:0012080	biolink:causes	1
0.9702224	HGNC:30171	MONDO:0012096	biolink:causes	1
0.9997445	HGNC:29685	MONDO:0014455	biolink:causes	1
0.76087064	HGNC:5382	MONDO:0019456	biolink:gene_associated_with_condition	1
0.89389753	HGNC:5382	MONDO:0013941	biolink:gene_associated_with_condition	1
0.9965586	HGNC:5391	MONDO:0011760	biolink:causes	1
0.9965586	HGNC:5391	MONDO:0011760	biolink:gene_associated_with_condition	1
0.9962112	HGNC:18873	MONDO:0014343	biolink:causes	1
0.9650778	HGNC:18873	MONDO:0030692	biolink:causes	1
0.99926525	HGNC:18873	MONDO:0024535	biolink:causes	1
0.3263167	HGNC:5433	MONDO:0012488	biolink:contributes_to	1
0.96772534	HGNC:21424	MONDO:0030462	biolink:causes	1
0.98528427	HGNC:21424	MONDO:0014926	biolink:causes	1
0.99995613	HGNC:5542	MONDO:0011436	biolink:causes	1
0.99661106	HGNC:6021	MONDO:0030681	biolink:causes	1
0.9899065	HGNC:6024	MONDO:0012163	biolink:causes	1
0.9753725	HGNC:6052	MONDO:0008379	biolink:causes	1
0.65655255	HGNC:6081	MONDO:0014535	biolink:causes	1
0.75216615	HGNC:6081	MONDO:0030089	biolink:causes	1
0.021002859	HGNC:6081	MONDO:0007454	biolink:causes	1
0.75702065	HGNC:6091	MONDO:0012381	biolink:gene_associated_with_condition	1
0.68841624	HGNC:6091	MONDO:0012520	biolink:causes	1
0.92459303	HGNC:6091	MONDO:0009874	biolink:causes	1
0.9999497	HGNC:29239	MONDO:0044328	biolink:causes	1
0.99978036	HGNC:6121	MONDO:0007334	biolink:causes	1
1.0	HGNC:14361	MONDO:0012634	biolink:causes	1
1.0	HGNC:14361	MONDO:0012634	biolink:gene_associated_with_condition	1
0.99996555	HGNC:29882	MONDO:0009706	biolink:causes	1
0.9693831	HGNC:6143	MONDO:0013177	biolink:gene_associated_with_condition	1
0.9982679	HGNC:6186	MONDO:0009475	biolink:causes	1
0.9552105	HGNC:14202	MONDO:0030366	biolink:causes	1
0.80915946	HGNC:29300	MONDO:0014492	biolink:causes	1
0.4714429	HGNC:29300	MONDO:0033280	biolink:causes	1
0.9561027	HGNC:6217	MONDO:0009760	biolink:gene_associated_with_condition	1
0.99999917	HGNC:29068	MONDO:0014771	biolink:causes	1
0.99964	HGNC:6222	MONDO:0032656	biolink:causes	1
0.9996723	HGNC:6235	MONDO:0011529	biolink:causes	1
0.997661	HGNC:6251	MONDO:0020745	biolink:causes	1
0.36505526	HGNC:39080	MONDO:0013193	biolink:contributes_to	1
0.99916613	HGNC:6305	MONDO:0009820	biolink:causes	1
0.99999356	HGNC:11114	MONDO:0010355	biolink:gene_associated_with_condition	1
0.99856204	HGNC:29508	MONDO:0015007	biolink:causes	1
0.99429905	HGNC:30497	MONDO:0010176	biolink:gene_associated_with_condition	1
0.99451846	HGNC:30497	MONDO:0007922	biolink:causes	1
0.9955752	HGNC:30497	MONDO:0011778	biolink:gene_associated_with_condition	1
0.99999976	HGNC:21495	MONDO:0030505	biolink:causes	1
0.6265078	HGNC:6343	MONDO:0014738	biolink:causes	1
0.034336448	HGNC:15646	MONDO:0035823	biolink:gene_associated_with_condition	1
0.9591793	HGNC:15646	MONDO:0013052	biolink:causes	1
0.99610305	HGNC:15646	MONDO:0014890	biolink:gene_associated_with_condition	1
0.96892494	HGNC:18829	MONDO:0014037	biolink:causes	1
0.99590033	HGNC:30372	MONDO:0014138	biolink:causes	1
0.10007173	HGNC:7132	MONDO:0035941	biolink:gene_associated_with_condition	1
0.99953043	HGNC:7132	MONDO:0011518	biolink:gene_associated_with_condition	1
0.99989784	HGNC:7133	MONDO:0035651	biolink:gene_associated_with_condition	1
0.8152609	HGNC:21839	MONDO:0957220	biolink:causes	1
0.91725117	HGNC:6440	MONDO:0032904	biolink:causes	1
0.66716	HGNC:6423	MONDO:0007758	biolink:gene_associated_with_condition	1
0.29020435	HGNC:6423	MONDO:0014622	biolink:gene_associated_with_condition	1
0.9957722	HGNC:28929	MONDO:0020717	biolink:causes	1
0.9984383	HGNC:6469	MONDO:0014343	biolink:causes	1
0.9978288	HGNC:6470	MONDO:0010569	biolink:causes	1
0.9978288	HGNC:6470	MONDO:0010569	biolink:gene_associated_with_condition	1
0.99987745	HGNC:26058	MONDO:0033006	biolink:causes	1
0.9813704	HGNC:6483	MONDO:0009513	biolink:gene_associated_with_condition	1
0.8064988	HGNC:6483	MONDO:0030746	biolink:causes	1
0.98551196	HGNC:6490	MONDO:0009182	biolink:causes	1
0.8136023	HGNC:6501	MONDO:0020745	biolink:causes	1
0.9064823	HGNC:6501	MONDO:0010281	biolink:causes	1
0.27921894	HGNC:25726	MONDO:0018450	biolink:gene_associated_with_condition	1
0.95578265	HGNC:25726	MONDO:0010665	biolink:gene_associated_with_condition	1
0.9962429	HGNC:31923	MONDO:0008377	biolink:causes	1
0.8960819	HGNC:31923	MONDO:0011473	biolink:causes	1
0.99046236	HGNC:6530	MONDO:0009115	biolink:causes	1
0.9846832	HGNC:3122	MONDO:0008542	biolink:causes	1
0.9999479	HGNC:21244	MONDO:0859147	biolink:gene_associated_with_condition	1
0.736869	HGNC:6553	MONDO:0013991	biolink:causes	1
0.86636823	HGNC:18712	MONDO:0017049	biolink:gene_associated_with_condition	1
0.94667315	HGNC:21253	MONDO:0012460	biolink:causes	1
0.9736756	HGNC:6595	MONDO:0009091	biolink:causes	1
0.9980794	HGNC:6595	MONDO:0014343	biolink:causes	1
0.99966073	HGNC:23452	MONDO:0013495	biolink:causes	1
0.9999598	HGNC:6654	MONDO:0008061	biolink:causes	1
0.9999598	HGNC:6654	MONDO:0008061	biolink:gene_associated_with_condition	1
0.999793	HGNC:6664	MONDO:0007363	biolink:causes	1
0.9999708	HGNC:6664	MONDO:0008426	biolink:causes	1
0.9971169	HGNC:6694	MONDO:0009104	biolink:gene_associated_with_condition	1
0.8630758	HGNC:6700	MONDO:0012039	biolink:contributes_to	1
0.9479297	HGNC:18608	MONDO:0014080	biolink:causes	1
0.9002165	HGNC:6715	MONDO:0013122	biolink:causes	1
0.15154079	HGNC:6408	MONDO:0035337	biolink:gene_associated_with_condition	1
0.99644035	HGNC:6826	MONDO:0017732	biolink:gene_associated_with_condition	1
0.9983083	HGNC:450	MONDO:0014343	biolink:causes	1
0.99999666	HGNC:450	MONDO:0013268	biolink:causes	1
0.9352399	HGNC:450	MONDO:0018112	biolink:gene_associated_with_condition	1
0.99999964	HGNC:452	MONDO:0012892	biolink:causes	1
0.99999964	HGNC:26837	MONDO:0010310	biolink:causes	1
0.9536493	HGNC:464	MONDO:0009857	biolink:gene_associated_with_condition	1
0.5259644	HGNC:468	MONDO:0013028	biolink:gene_associated_with_condition	1
0.89438856	HGNC:29186	MONDO:0015679	biolink:gene_associated_with_condition	1
0.9921588	HGNC:6211	MONDO:0007794	biolink:causes	1
0.25680023	HGNC:543	MONDO:0013729	biolink:contributes_to	1
0.99793327	HGNC:559	MONDO:0012251	biolink:causes	1
0.9973756	HGNC:568	MONDO:0014885	biolink:gene_associated_with_condition	1
0.51065147	HGNC:568	MONDO:0021019	biolink:gene_associated_with_condition	1
0.9999993	HGNC:572	MONDO:0013551	biolink:causes	1
0.9996704	HGNC:575	MONDO:0017241	biolink:gene_associated_with_condition	1
0.999902	HGNC:22197	MONDO:0013342	biolink:gene_associated_with_condition	1
0.76684403	HGNC:600	MONDO:0859238	biolink:causes	1
0.69973534	HGNC:600	MONDO:0100189	biolink:gene_associated_with_condition	1
0.99993527	HGNC:15984	MONDO:0011829	biolink:causes	1
0.99952793	HGNC:24097	MONDO:0007922	biolink:causes	1
0.9983041	HGNC:649	MONDO:0014343	biolink:causes	1
0.99909115	HGNC:649	MONDO:0014948	biolink:gene_associated_with_condition	1
0.9814709	HGNC:663	MONDO:0008814	biolink:causes	1
0.9996257	HGNC:694	MONDO:0032570	biolink:causes	1
0.9731531	HGNC:694	MONDO:0032577	biolink:causes	1
0.62351817	HGNC:24048	MONDO:0009055	biolink:gene_associated_with_condition	1
0.8819388	HGNC:710	MONDO:0049221	biolink:causes	1
0.9978364	HGNC:29561	MONDO:0014868	biolink:causes	1
0.99625576	HGNC:735	MONDO:0009218	biolink:gene_associated_with_condition	1
0.9999999	HGNC:19088	MONDO:0030918	biolink:causes	1
0.9948584	HGNC:757	MONDO:0007363	biolink:causes	1
0.98840815	HGNC:757	MONDO:0011106	biolink:gene_associated_with_condition	1
0.8747992	HGNC:589	MONDO:0033115	biolink:causes	1
0.9991061	HGNC:11231	MONDO:0008437	biolink:causes	1
0.9226605	HGNC:799	MONDO:0054833	biolink:causes	1
0.7052084	HGNC:799	MONDO:0020788	biolink:causes	1
0.839989	HGNC:29536	MONDO:0014997	biolink:causes	1
0.8782594	HGNC:29536	MONDO:0009728	biolink:gene_associated_with_condition	1
0.5004046	HGNC:6893	MONDO:0009839	biolink:causes	1
0.4949172	HGNC:6893	MONDO:0016563	biolink:gene_associated_with_condition	1
0.51808304	HGNC:6897	MONDO:0032655	biolink:causes	1
0.9996917	HGNC:6915	MONDO:0859530	biolink:causes	1
1.0	HGNC:20444	MONDO:0007974	biolink:causes	1
0.9974534	HGNC:15456	MONDO:0032721	biolink:causes	1
0.9498856	HGNC:18451	MONDO:0013331	biolink:causes	1
0.40172008	HGNC:6944	MONDO:0014853	biolink:causes	1
0.9963652	HGNC:6990	MONDO:0010235	biolink:gene_associated_with_condition	1
0.9783602	HGNC:6990	MONDO:0010397	biolink:gene_associated_with_condition	1
0.842669	HGNC:14575	MONDO:0016783	biolink:gene_associated_with_condition	1
0.8650127	HGNC:14575	MONDO:0016782	biolink:gene_associated_with_condition	1
0.79749745	HGNC:14575	MONDO:0016780	biolink:gene_associated_with_condition	1
0.70693177	HGNC:28613	MONDO:0032746	biolink:causes	1
0.9722102	HGNC:28569	MONDO:0018393	biolink:gene_associated_with_condition	1
0.60329777	HGNC:7010	MONDO:0007767	biolink:causes	1
0.29253834	HGNC:7010	MONDO:0010911	biolink:gene_associated_with_condition	1
0.67061865	HGNC:7010	MONDO:0007540	biolink:causes	1
0.9985051	HGNC:13520	MONDO:0014343	biolink:causes	1
0.9759728	HGNC:18121	MONDO:0012299	biolink:causes	1
0.99998665	HGNC:7060	MONDO:0009495	biolink:causes	1
0.99998665	HGNC:7060	MONDO:0009495	biolink:gene_associated_with_condition	1
0.74192935	HGNC:33914	MONDO:0859374	biolink:causes	1
0.99552554	HGNC:31527	MONDO:0032835	biolink:causes	1
1.0	HGNC:18871	MONDO:0009613	biolink:gene_associated_with_condition	1
0.9999392	HGNC:25221	MONDO:0010185	biolink:gene_associated_with_condition	1
0.45316893	HGNC:25221	MONDO:0017683	biolink:gene_associated_with_condition	1
0.272865	HGNC:25221	MONDO:0700298	biolink:causes	1
0.46981958	HGNC:25221	MONDO:0700297	biolink:causes	1
0.4064501	HGNC:7199	MONDO:0957278	biolink:causes	1
0.9990458	HGNC:29619	MONDO:0030973	biolink:causes	1
0.99449617	HGNC:7224	MONDO:0032728	biolink:causes	1
0.9999907	HGNC:7225	MONDO:0020765	biolink:causes	1
0.9988445	HGNC:7225	MONDO:0011889	biolink:causes	1
0.99994767	HGNC:7225	MONDO:0008392	biolink:causes	1
0.99994767	HGNC:7225	MONDO:0008392	biolink:gene_associated_with_condition	1
0.8241807	HGNC:7230	MONDO:0024557	biolink:causes	1
0.8241807	HGNC:7230	MONDO:0024557	biolink:gene_associated_with_condition	1
0.916966	HGNC:7328	MONDO:0044317	biolink:causes	1
0.99999976	HGNC:7370	MONDO:0026730	biolink:causes	1
0.9056619	HGNC:7391	MONDO:0012142	biolink:causes	1
0.8986356	HGNC:7414	MONDO:0017917	biolink:gene_associated_with_condition	1
0.9915064	HGNC:7414	MONDO:0010794	biolink:causes	1
0.9139104	HGNC:7456	MONDO:0016814	biolink:gene_associated_with_condition	1
0.9287015	HGNC:7461	MONDO:0010790	biolink:gene_associated_with_condition	1
0.9999862	HGNC:7488	MONDO:0010790	biolink:causes	1
0.88456327	HGNC:7436	MONDO:0009353	biolink:gene_associated_with_condition	1
0.21986735	HGNC:26190	MONDO:0008048	biolink:contributes_to	1
0.9997265	HGNC:7473	MONDO:0009354	biolink:gene_associated_with_condition	1
0.999977	HGNC:7506	MONDO:0030880	biolink:causes	1
0.99427974	HGNC:7551	MONDO:0014163	biolink:causes	1
0.53491884	HGNC:7572	MONDO:0018206	biolink:gene_associated_with_condition	1
0.95880586	HGNC:7577	MONDO:0017939	biolink:gene_associated_with_condition	1
0.9959836	HGNC:7577	MONDO:0009708	biolink:causes	1
0.9959836	HGNC:7577	MONDO:0009708	biolink:gene_associated_with_condition	1
0.8968401	HGNC:23212	MONDO:0013711	biolink:causes	1
0.8968401	HGNC:23212	MONDO:0013711	biolink:gene_associated_with_condition	1
0.95557827	HGNC:7608	MONDO:0020345	biolink:gene_associated_with_condition	1
0.9999999	HGNC:1181	MONDO:0032653	biolink:gene_associated_with_condition	1
0.9619393	HGNC:7632	MONDO:0014665	biolink:gene_associated_with_condition	1
0.99675226	HGNC:17619	MONDO:0011504	biolink:causes	1
0.99675226	HGNC:17619	MONDO:0011504	biolink:gene_associated_with_condition	1
0.680482	HGNC:7675	MONDO:0015786	biolink:gene_associated_with_condition	1
0.65474707	HGNC:7675	MONDO:0020298	biolink:gene_associated_with_condition	1
0.8737601	HGNC:7678	MONDO:0010269	biolink:gene_associated_with_condition	1
0.9532474	HGNC:7678	MONDO:0006952	biolink:gene_associated_with_condition	1
0.0143375825	HGNC:17194	MONDO:0011836	biolink:contributes_to	1
0.98478067	HGNC:7720	MONDO:0030281	biolink:causes	1
0.9146316	HGNC:7744	MONDO:0054750	biolink:contributes_to	1
0.99928397	HGNC:7744	MONDO:0009642	biolink:gene_associated_with_condition	1
0.9985304	HGNC:18591	MONDO:0014343	biolink:causes	1
0.4182128	HGNC:12768	MONDO:0008684	biolink:gene_associated_with_condition	1
0.9728625	HGNC:10663	MONDO:0030849	biolink:causes	1
0.99771416	HGNC:7788	MONDO:0013885	biolink:gene_associated_with_condition	1
0.89187056	HGNC:7795	MONDO:0017407	biolink:gene_associated_with_condition	1
0.56892043	HGNC:25737	MONDO:0012650	biolink:gene_associated_with_condition	1
0.99446726	HGNC:29873	MONDO:0026733	biolink:causes	1
0.9848267	HGNC:7866	MONDO:0008521	biolink:causes	1
0.66430473	HGNC:7897	MONDO:0016309	biolink:gene_associated_with_condition	1
0.655338	HGNC:7897	MONDO:0016308	biolink:gene_associated_with_condition	1
0.915948	HGNC:7939	MONDO:0012816	biolink:causes	1
0.75677204	HGNC:7981	MONDO:0015566	biolink:gene_associated_with_condition	1
0.90576375	HGNC:8001	MONDO:0032646	biolink:causes	1
0.9994288	HGNC:8005	MONDO:0007922	biolink:causes	1
0.99835265	HGNC:26208	MONDO:0033566	biolink:causes	1
0.032205697	HGNC:8032	MONDO:0850115	biolink:gene_associated_with_condition	1
0.9516188	HGNC:29558	MONDO:0030338	biolink:causes	1
0.2439632	HGNC:8059	MONDO:0012883	biolink:gene_associated_with_condition	1
0.83555853	HGNC:18016	MONDO:0032581	biolink:causes	1
0.7484841	HGNC:8125	MONDO:0018492	biolink:gene_associated_with_condition	1
0.873554	HGNC:9936	MONDO:0010446	biolink:gene_associated_with_condition	1
0.9596734	HGNC:15021	MONDO:0008377	biolink:causes	1
0.99910885	HGNC:17151	MONDO:0014343	biolink:causes	1
0.9999851	HGNC:24281	MONDO:0044319	biolink:causes	1
0.117575906	HGNC:25118	MONDO:0700338	biolink:causes	1
0.9981219	HGNC:8522	MONDO:0014343	biolink:causes	1
0.99272025	HGNC:8522	MONDO:0012413	biolink:gene_associated_with_condition	1
0.9101598	HGNC:15804	MONDO:0007378	biolink:causes	1
0.9994673	HGNC:8546	MONDO:0007738	biolink:causes	1
0.23757635	HGNC:8619	MONDO:0957427	biolink:gene_associated_with_condition	1
0.9908137	HGNC:8622	MONDO:0024264	biolink:causes	1
0.97052693	HGNC:8622	MONDO:0019854	biolink:gene_associated_with_condition	1
0.44260314	HGNC:8636	MONDO:0018141	biolink:gene_associated_with_condition	1
0.987241	HGNC:14674	MONDO:0008377	biolink:causes	1
0.5752497	HGNC:20001	MONDO:0018328	biolink:gene_associated_with_condition	1
0.9948537	HGNC:8786	MONDO:0008377	biolink:causes	1
0.9918526	HGNC:8789	MONDO:0013315	biolink:causes	1
0.9470903	HGNC:8850	MONDO:0100229	biolink:gene_associated_with_condition	1
0.99942917	HGNC:8860	MONDO:0008972	biolink:gene_associated_with_condition	1
0.99773765	HGNC:8923	MONDO:0009736	biolink:gene_associated_with_condition	1
0.9660247	HGNC:8940	MONDO:0008377	biolink:causes	1
0.9999516	HGNC:8940	MONDO:0009958	biolink:causes	1
0.9196725	HGNC:15514	MONDO:0020512	biolink:gene_associated_with_condition	1
0.9938007	HGNC:28993	MONDO:0008689	biolink:causes	1
0.9999757	HGNC:28993	MONDO:0014797	biolink:causes	1
0.9999757	HGNC:28993	MONDO:0014797	biolink:gene_associated_with_condition	1
0.9994017	HGNC:28993	MONDO:0007922	biolink:causes	1
0.99991155	HGNC:26270	MONDO:0007158	biolink:causes	1
0.99991155	HGNC:26270	MONDO:0007158	biolink:gene_associated_with_condition	1
1.0	HGNC:8959	MONDO:0032822	biolink:causes	1
0.9959912	HGNC:8965	MONDO:0030037	biolink:causes	1
0.99999905	HGNC:15791	MONDO:0032824	biolink:causes	1
0.5617623	HGNC:8975	MONDO:0017177	biolink:gene_associated_with_condition	1
0.8506455	HGNC:8975	MONDO:0013125	biolink:causes	1
0.8506455	HGNC:8975	MONDO:0013125	biolink:gene_associated_with_condition	1
0.91049665	HGNC:8975	MONDO:0020492	biolink:gene_associated_with_condition	1
0.9542687	HGNC:8975	MONDO:0013038	biolink:gene_associated_with_condition	1
0.42014295	HGNC:9008	MONDO:0010856	biolink:gene_associated_with_condition	1
0.95974326	HGNC:9020	MONDO:0009950	biolink:gene_associated_with_condition	1
0.9315578	HGNC:9038	MONDO:0009235	biolink:gene_associated_with_condition	1
0.7126267	HGNC:9038	MONDO:0008377	biolink:causes	1
0.93954474	HGNC:9066	MONDO:0013766	biolink:gene_associated_with_condition	1
0.7356622	HGNC:17158	MONDO:0033481	biolink:gene_associated_with_condition	1
0.99842393	HGNC:9083	MONDO:0012892	biolink:gene_associated_with_condition	1
0.99995756	HGNC:9083	MONDO:0007738	biolink:causes	1
0.96793133	HGNC:9107	MONDO:0008542	biolink:causes	1
0.98456097	HGNC:17728	MONDO:0035153	biolink:gene_associated_with_condition	1
0.9987129	HGNC:9115	MONDO:0007922	biolink:causes	1
0.9697676	HGNC:9119	MONDO:0054785	biolink:causes	1
0.9995431	HGNC:7892	MONDO:0013171	biolink:causes	1
0.9994832	HGNC:9180	MONDO:0032799	biolink:causes	1
0.99886096	HGNC:19139	MONDO:0018277	biolink:gene_associated_with_condition	1
0.9921246	HGNC:20330	MONDO:0011169	biolink:gene_associated_with_condition	1
0.99406296	HGNC:30129	MONDO:0014343	biolink:causes	1
0.99898607	HGNC:9280	MONDO:0957577	biolink:causes	1
0.99773705	HGNC:7618	MONDO:0032934	biolink:causes	1
0.9999993	HGNC:13998	MONDO:0859229	biolink:causes	1
0.9999995	HGNC:13998	MONDO:0030890	biolink:causes	1
0.25268224	HGNC:8607	MONDO:0010820	biolink:causes	1
0.9841292	HGNC:9454	MONDO:0012983	biolink:causes	1
0.9551294	HGNC:9454	MONDO:0011957	biolink:causes	1
0.9970554	HGNC:9459	MONDO:0007922	biolink:causes	1
0.9241982	HGNC:15860	MONDO:0008377	biolink:causes	1
0.9919775	HGNC:30500	MONDO:0011593	biolink:causes	1
0.99996877	HGNC:9142	MONDO:0008740	biolink:gene_associated_with_condition	1
0.99999523	HGNC:21504	MONDO:0010767	biolink:causes	1
0.9874286	HGNC:9541	MONDO:0054699	biolink:causes	1
0.9987728	HGNC:9538	MONDO:0971001	biolink:causes	1
0.9986753	HGNC:24929	MONDO:0030931	biolink:causes	1
0.324611	HGNC:21290	MONDO:0975761	biolink:causes	1
0.9971302	HGNC:9587	MONDO:0014343	biolink:causes	1
0.9988306	HGNC:9587	MONDO:0007892	biolink:causes	1
0.9997017	HGNC:9608	MONDO:0010803	biolink:gene_associated_with_condition	1
0.99832207	HGNC:9608	MONDO:0014343	biolink:causes	1
0.37335792	HGNC:9658	MONDO:0011959	biolink:gene_associated_with_condition	1
0.33493844	HGNC:9658	MONDO:0035236	biolink:gene_associated_with_condition	1
0.9450841	HGNC:30889	MONDO:0032869	biolink:causes	1
0.92371637	HGNC:24113	MONDO:0009935	biolink:causes	1
0.9933562	HGNC:10548	MONDO:0008119	biolink:causes	1
0.91629964	HGNC:10560	MONDO:0016163	biolink:causes	1
0.9999999	HGNC:14262	MONDO:0014361	biolink:causes	1
0.9996196	HGNC:24123	MONDO:0014927	biolink:causes	1
0.9988825	HGNC:14078	MONDO:0032723	biolink:causes	1
0.9959346	HGNC:30000	MONDO:0008377	biolink:causes	1
0.0889662	HGNC:6722	MONDO:0020614	biolink:causes	1
0.9315334	HGNC:987	MONDO:0017053	biolink:gene_associated_with_condition	1
0.955605	HGNC:987	MONDO:0017051	biolink:gene_associated_with_condition	1
0.16554765	HGNC:1001	MONDO:0020324	biolink:gene_associated_with_condition	1
0.9990344	HGNC:13222	MONDO:0014981	biolink:causes	1
0.93815136	HGNC:20893	MONDO:0008377	biolink:causes	1
0.9126377	HGNC:8549	MONDO:0013559	biolink:gene_associated_with_condition	1
0.9999963	HGNC:16512	MONDO:0011242	biolink:causes	1
0.96398455	HGNC:9751	MONDO:0014335	biolink:gene_associated_with_condition	1
0.98774314	HGNC:21020	MONDO:0030006	biolink:gene_associated_with_condition	1
0.9935261	HGNC:9811	MONDO:0013864	biolink:causes	1
0.9571549	HGNC:9811	MONDO:0007874	biolink:gene_associated_with_condition	1
0.68544585	HGNC:9871	MONDO:0011556	biolink:causes	1
0.97446865	HGNC:9879	MONDO:0014386	biolink:causes	1
0.99491596	HGNC:9912	MONDO:0010767	biolink:causes	1
0.96202546	HGNC:9922	MONDO:0014635	biolink:causes	1
0.99123996	HGNC:9922	MONDO:0014060	biolink:gene_associated_with_condition	1
0.99644357	HGNC:17975	MONDO:0014282	biolink:gene_associated_with_condition	1
0.7844448	HGNC:13764	MONDO:0032717	biolink:causes	1
1.0	HGNC:9965	MONDO:0014857	biolink:gene_associated_with_condition	1
0.7368748	HGNC:9967	MONDO:0007723	biolink:contributes_to	1
0.9148161	HGNC:9967	MONDO:0019636	biolink:gene_associated_with_condition	1
0.9142024	HGNC:9967	MONDO:0007958	biolink:causes	1
0.9206642	HGNC:9967	MONDO:0008234	biolink:causes	1
0.9863811	HGNC:9986	MONDO:0971016	biolink:causes	1
0.99995637	HGNC:9986	MONDO:0971014	biolink:causes	1
0.5461716	HGNC:10009	MONDO:0019107	biolink:gene_associated_with_condition	1
0.9968118	HGNC:10012	MONDO:0008377	biolink:causes	1
0.99999857	HGNC:13429	MONDO:0010506	biolink:causes	1
0.9636436	HGNC:21176	MONDO:0009300	biolink:gene_associated_with_condition	1
0.11712028	HGNC:21158	MONDO:0013357	biolink:gene_associated_with_condition	1
0.84295195	HGNC:10289	MONDO:0030690	biolink:causes	1
0.9778307	HGNC:10294	MONDO:0008377	biolink:causes	1
0.984335	HGNC:10294	MONDO:0008765	biolink:causes	1
0.97511554	HGNC:10295	MONDO:0010227	biolink:causes	1
0.89635193	HGNC:10295	MONDO:0010443	biolink:causes	1
0.8108808	HGNC:10411	MONDO:0012529	biolink:causes	1
0.98938435	HGNC:10446	MONDO:0020745	biolink:causes	1
0.9972397	HGNC:10447	MONDO:0014343	biolink:causes	1
0.9979824	HGNC:10447	MONDO:0007922	biolink:causes	1
0.99587375	HGNC:17296	MONDO:0010000	biolink:causes	1
0.99650335	HGNC:17296	MONDO:0012792	biolink:causes	1
0.9999224	HGNC:12371	MONDO:0014202	biolink:causes	1
0.93510497	HGNC:16175	MONDO:0008798	biolink:causes	1
0.98733693	HGNC:10471	MONDO:0100083	biolink:causes	1
0.97249275	HGNC:15925	MONDO:0013059	biolink:causes	1
0.6152857	HGNC:15925	MONDO:0013739	biolink:causes	1
0.57389206	HGNC:25403	MONDO:0014623	biolink:causes	1
0.7130907	HGNC:19440	MONDO:0012197	biolink:gene_associated_with_condition	1
0.99997985	HGNC:10547	MONDO:0011816	biolink:causes	1
0.99997985	HGNC:10547	MONDO:0011816	biolink:gene_associated_with_condition	1
1.0	HGNC:19869	MONDO:0010959	biolink:gene_associated_with_condition	1
0.83991474	HGNC:10586	MONDO:0014155	biolink:causes	1
0.03718324	HGNC:10583	MONDO:0017629	biolink:gene_associated_with_condition	1
0.98367345	HGNC:10583	MONDO:0014244	biolink:gene_associated_with_condition	1
0.97435826	HGNC:33867	MONDO:0100294	biolink:gene_associated_with_condition	1
0.97030187	HGNC:10683	MONDO:0011740	biolink:causes	1
0.97030187	HGNC:10683	MONDO:0011740	biolink:gene_associated_with_condition	1
0.9965823	HGNC:10701	MONDO:0011911	biolink:causes	1
0.9722715	HGNC:18276	MONDO:0958013	biolink:causes	1
0.020109158	HGNC:10736	MONDO:0007404	biolink:gene_associated_with_condition	1
0.6903702	HGNC:9075	MONDO:0009883	biolink:gene_associated_with_condition	1
0.9871774	HGNC:8943	MONDO:0011412	biolink:causes	1
0.9988147	HGNC:29187	MONDO:0033559	biolink:causes	1
0.9982357	HGNC:16088	MONDO:0014261	biolink:causes	1
0.9997857	HGNC:10809	MONDO:0009677	biolink:gene_associated_with_condition	1
0.9971353	HGNC:29605	MONDO:0007572	biolink:causes	1
0.9990709	HGNC:10853	MONDO:0014343	biolink:causes	1
0.8484325	HGNC:25543	MONDO:0030958	biolink:causes	1
0.94930965	HGNC:8157	MONDO:0013715	biolink:causes	1
0.97795993	HGNC:8157	MONDO:0011585	biolink:gene_associated_with_condition	1
0.99999833	HGNC:23639	MONDO:0024541	biolink:causes	1
0.99034077	HGNC:11005	MONDO:0012143	biolink:gene_associated_with_condition	1
0.9823758	HGNC:11005	MONDO:0012805	biolink:causes	1
0.990426	HGNC:11005	MONDO:0011724	biolink:causes	1
0.990426	HGNC:11005	MONDO:0011724	biolink:gene_associated_with_condition	1
0.98009425	HGNC:11027	MONDO:0008368	biolink:causes	1
0.9936633	HGNC:11027	MONDO:0012700	biolink:causes	1
0.9936633	HGNC:11027	MONDO:0012700	biolink:gene_associated_with_condition	1
0.09882099	HGNC:11050	MONDO:0008114	biolink:contributes_to	1
0.9954222	HGNC:10906	MONDO:0013214	biolink:causes	1
0.54273224	HGNC:10908	MONDO:0008787	biolink:gene_associated_with_condition	1
0.99999857	HGNC:10914	MONDO:0000902	biolink:causes	1
0.85076576	HGNC:23094	MONDO:0012786	biolink:causes	1
0.9998907	HGNC:10937	MONDO:0957955	biolink:causes	1
0.9997291	HGNC:10994	MONDO:0009107	biolink:causes	1
0.983658	HGNC:10994	MONDO:0007740	biolink:causes	1
0.16701971	HGNC:14468	MONDO:0017173	biolink:gene_associated_with_condition	1
0.98756105	HGNC:10998	MONDO:0012089	biolink:gene_associated_with_condition	1
0.9816187	HGNC:13941	MONDO:0033259	biolink:causes	1
0.999313	HGNC:16187	MONDO:0100428	biolink:causes	1
0.99927324	HGNC:19046	MONDO:0014343	biolink:causes	1
0.9946228	HGNC:11100	MONDO:0014343	biolink:causes	1
0.98625153	HGNC:11100	MONDO:0013821	biolink:causes	1
0.15789077	HGNC:11100	MONDO:0018761	biolink:gene_associated_with_condition	1
0.810297	HGNC:11119	MONDO:0011556	biolink:causes	1
0.96866715	HGNC:11153	MONDO:0007301	biolink:gene_associated_with_condition	1
0.99914277	HGNC:14344	MONDO:0011579	biolink:gene_associated_with_condition	1
0.9930797	HGNC:1346	MONDO:0012412	biolink:causes	1
0.99999964	HGNC:29521	MONDO:0009033	biolink:causes	1
0.9993648	HGNC:1371	MONDO:0007747	biolink:gene_associated_with_condition	1
0.992861	HGNC:1388	MONDO:0007163	biolink:causes	1
0.992861	HGNC:1388	MONDO:0007163	biolink:gene_associated_with_condition	1
0.9256918	HGNC:1388	MONDO:0019113	biolink:gene_associated_with_condition	1
0.93504316	HGNC:1390	MONDO:0008542	biolink:causes	1
0.95377266	HGNC:1397	MONDO:0042979	biolink:causes	1
0.75229686	HGNC:1397	MONDO:0008570	biolink:contributes_to	1
0.61134124	HGNC:16709	MONDO:0032907	biolink:causes	1
0.54157615	HGNC:26276	MONDO:0016539	biolink:gene_associated_with_condition	1
0.6546383	HGNC:26276	MONDO:0018245	biolink:gene_associated_with_condition	1
0.956607	HGNC:1514	MONDO:0007791	biolink:causes	1
0.99806803	HGNC:1514	MONDO:0009397	biolink:causes	1
0.99806803	HGNC:1514	MONDO:0009397	biolink:gene_associated_with_condition	1
0.9904896	HGNC:1514	MONDO:0011013	biolink:causes	1
0.9027372	HGNC:1514	MONDO:0013032	biolink:contributes_to	1
0.5042673	HGNC:1516	MONDO:0013571	biolink:gene_associated_with_condition	1
0.74960756	HGNC:1539	MONDO:0020316	biolink:gene_associated_with_condition	1
0.9987104	HGNC:29253	MONDO:0014343	biolink:causes	1
0.99975055	HGNC:26185	MONDO:0009820	biolink:causes	1
0.99620986	HGNC:26185	MONDO:0030714	biolink:causes	1
0.887555	HGNC:11164	MONDO:0015783	biolink:gene_associated_with_condition	1
0.99999964	HGNC:14245	MONDO:0971171	biolink:causes	1
0.8428016	HGNC:27845	MONDO:0020855	biolink:causes	1
0.95326996	HGNC:11184	MONDO:0030055	biolink:causes	1
0.9363936	HGNC:11199	MONDO:0019032	biolink:gene_associated_with_condition	1
0.9922881	HGNC:20423	MONDO:0009549	biolink:gene_associated_with_condition	1
0.9693289	HGNC:29022	MONDO:0010850	biolink:causes	1
0.031687286	HGNC:26933	MONDO:0976265	biolink:causes	1
0.9989483	HGNC:20249	MONDO:0012669	biolink:causes	1
0.99945265	HGNC:20249	MONDO:0007922	biolink:causes	1
0.05279939	HGNC:11272	MONDO:0010053	biolink:causes	1
0.99515057	HGNC:11402	MONDO:0975828	biolink:causes	1
0.74765486	HGNC:11311	MONDO:0016281	biolink:gene_associated_with_condition	1
0.7920634	HGNC:11311	MONDO:0015779	biolink:gene_associated_with_condition	1
0.9907045	HGNC:11326	MONDO:0010490	biolink:gene_associated_with_condition	1
0.99999917	HGNC:10872	MONDO:0018274	biolink:gene_associated_with_condition	1
0.9633596	HGNC:11364	MONDO:0007818	biolink:causes	1
0.99078923	HGNC:11367	MONDO:0014343	biolink:causes	1
0.8553009	HGNC:11367	MONDO:0100219	biolink:causes	1
0.99986243	HGNC:26239	MONDO:0049222	biolink:causes	1
0.7780577	HGNC:11427	MONDO:0014339	biolink:causes	1
0.99824893	HGNC:11449	MONDO:0009504	biolink:causes	1
0.9987147	HGNC:16001	MONDO:0009283	biolink:gene_associated_with_condition	1
0.9999511	HGNC:11460	MONDO:0010089	biolink:gene_associated_with_condition	1
0.9465146	HGNC:11480	MONDO:0033620	biolink:causes	1
0.98526996	HGNC:11490	MONDO:0009776	biolink:causes	1
0.95375216	HGNC:17084	MONDO:0013072	biolink:causes	1
0.9929173	HGNC:11503	MONDO:0014233	biolink:causes	1
0.751598	HGNC:11506	MONDO:0010429	biolink:causes	1
0.89497757	HGNC:17075	MONDO:0008542	biolink:causes	1
0.5870495	HGNC:11530	MONDO:0008777	biolink:gene_associated_with_condition	1
0.96395063	HGNC:30740	MONDO:0014398	biolink:causes	1
0.96395063	HGNC:30740	MONDO:0014398	biolink:gene_associated_with_condition	1
0.99912935	HGNC:29183	MONDO:0859148	biolink:causes	1
0.99999976	HGNC:16133	MONDO:0014296	biolink:causes	1
0.9999484	HGNC:11581	MONDO:0044646	biolink:causes	1
1.0	HGNC:28261	MONDO:0014823	biolink:causes	1
0.99999666	HGNC:11594	MONDO:0009845	biolink:gene_associated_with_condition	1
0.9316537	HGNC:11598	MONDO:0008542	biolink:causes	1
0.19974118	HGNC:11598	MONDO:0020434	biolink:gene_associated_with_condition	1
0.06303108	HGNC:11633	MONDO:0600030	biolink:gene_associated_with_condition	1
0.12087494	HGNC:11633	MONDO:0957428	biolink:gene_associated_with_condition	1
0.99934024	HGNC:18884	MONDO:0011801	biolink:gene_associated_with_condition	1
0.9138874	HGNC:11714	MONDO:0008377	biolink:causes	1
1.0	HGNC:11727	MONDO:0007485	biolink:causes	1
0.9956007	HGNC:11727	MONDO:0012197	biolink:gene_associated_with_condition	1
0.43124336	HGNC:25941	MONDO:0015041	biolink:gene_associated_with_condition	1
0.7295679	HGNC:25941	MONDO:0019157	biolink:gene_associated_with_condition	1
0.28970274	HGNC:11743	MONDO:0018758	biolink:gene_associated_with_condition	1
0.9736572	HGNC:11743	MONDO:0008209	biolink:causes	1
0.9577247	HGNC:11758	MONDO:0014295	biolink:causes	1
0.8728595	HGNC:11762	MONDO:0958085	biolink:gene_associated_with_condition	1
0.9992212	HGNC:11762	MONDO:0011417	biolink:causes	1
0.9992785	HGNC:11768	MONDO:0007363	biolink:causes	1
0.9979615	HGNC:11773	MONDO:0007363	biolink:causes	1
0.99666226	HGNC:11773	MONDO:0014343	biolink:causes	1
0.99856925	HGNC:11773	MONDO:0007524	biolink:causes	1
0.81238604	HGNC:11773	MONDO:0017308	biolink:gene_associated_with_condition	1
0.99724966	HGNC:19073	MONDO:0010496	biolink:gene_associated_with_condition	1
0.9939266	HGNC:23656	MONDO:0044724	biolink:gene_associated_with_condition	1
0.20582646	HGNC:11828	MONDO:0031446	biolink:causes	1
0.9982882	HGNC:24552	MONDO:0032927	biolink:causes	1
0.8389281	HGNC:24552	MONDO:0008922	biolink:gene_associated_with_condition	1
0.9465755	HGNC:28472	MONDO:0011459	biolink:causes	1
1.0	HGNC:25186	MONDO:0011833	biolink:causes	1
0.76167023	HGNC:16517	MONDO:0008788	biolink:gene_associated_with_condition	1
0.97407925	HGNC:30739	MONDO:0032887	biolink:causes	1
0.9990721	HGNC:11943	MONDO:0013195	biolink:causes	1
0.89749783	HGNC:11947	MONDO:0013369	biolink:causes	1
0.6859919	HGNC:11998	MONDO:0016681	biolink:gene_associated_with_condition	1
0.8311285	HGNC:11998	MONDO:0015278	biolink:gene_associated_with_condition	1
0.6643684	HGNC:11998	MONDO:0008734	biolink:contributes_to	1
0.5696351	HGNC:11998	MONDO:0009050	biolink:gene_associated_with_condition	1
0.9944219	HGNC:12009	MONDO:0014221	biolink:causes	1
0.9979724	HGNC:12011	MONDO:0007157	biolink:causes	1
0.99887806	HGNC:17861	MONDO:0014343	biolink:causes	1
0.99999964	HGNC:20456	MONDO:0032572	biolink:causes	1
0.9707022	HGNC:19943	MONDO:0032894	biolink:causes	1
0.9996575	HGNC:24284	MONDO:0044696	biolink:gene_associated_with_condition	1
0.03954785	HGNC:12271	MONDO:0020512	biolink:gene_associated_with_condition	1
0.7516018	HGNC:16380	MONDO:0009683	biolink:causes	1
0.97340965	HGNC:17993	MONDO:0020745	biolink:causes	1
0.9536061	HGNC:17993	MONDO:0011474	biolink:causes	1
0.9974318	HGNC:20087	MONDO:0008377	biolink:causes	1
0.9999975	HGNC:26006	MONDO:0014063	biolink:causes	1
0.49708018	HGNC:12417	MONDO:0014294	biolink:gene_associated_with_condition	1
0.99999917	HGNC:20670	MONDO:0008693	biolink:causes	1
0.99999917	HGNC:20670	MONDO:0008693	biolink:gene_associated_with_condition	1
0.9999999	HGNC:20670	MONDO:0008853	biolink:gene_associated_with_condition	1
0.99999917	HGNC:20652	MONDO:0030819	biolink:causes	1
0.8681494	HGNC:12440	MONDO:0012682	biolink:causes	1
0.8681494	HGNC:12440	MONDO:0012682	biolink:gene_associated_with_condition	1
0.9558972	HGNC:12469	MONDO:0026777	biolink:gene_associated_with_condition	1
0.9998215	HGNC:12527	MONDO:0032895	biolink:causes	1
0.99466044	HGNC:30594	MONDO:0859164	biolink:causes	1
0.8992137	HGNC:20439	MONDO:0010655	biolink:gene_associated_with_condition	1
0.99999714	HGNC:26444	MONDO:0010167	biolink:gene_associated_with_condition	1
0.98166466	HGNC:12631	MONDO:0009050	biolink:gene_associated_with_condition	1
0.02106494	HGNC:12624	MONDO:0976128	biolink:contributes_to	1
0.9872902	HGNC:2464	MONDO:0007740	biolink:gene_associated_with_condition	1
0.9911476	HGNC:2464	MONDO:0008490	biolink:causes	1
0.99998987	HGNC:12668	MONDO:0010767	biolink:causes	1
0.9498285	HGNC:23663	MONDO:0011837	biolink:causes	1
0.9991296	HGNC:12713	MONDO:0030312	biolink:causes	1
0.08069227	HGNC:12718	MONDO:0018507	biolink:gene_associated_with_condition	1
0.9796983	HGNC:12718	MONDO:0957876	biolink:causes	1
0.9735136	HGNC:12729	MONDO:0957218	biolink:causes	1
0.99902093	HGNC:28027	MONDO:0009008	biolink:gene_associated_with_condition	1
0.9995382	HGNC:18340	MONDO:0013719	biolink:causes	1
0.98672104	HGNC:18340	MONDO:0008377	biolink:causes	1
0.98976886	HGNC:18340	MONDO:0013718	biolink:causes	1
0.9999517	HGNC:21208	MONDO:0054636	biolink:causes	1
0.9999999	HGNC:29250	MONDO:0013323	biolink:causes	1
0.9804662	HGNC:26600	MONDO:0054794	biolink:causes	1
0.047440954	HGNC:15939	MONDO:0975835	biolink:causes	1
0.8102155	HGNC:12781	MONDO:0032575	biolink:causes	1
0.99937075	HGNC:12784	MONDO:0024455	biolink:causes	1
0.99531555	HGNC:12786	MONDO:0009232	biolink:causes	1
0.99895954	HGNC:12776	MONDO:0009820	biolink:causes	1
0.98138386	HGNC:12796	MONDO:0007635	biolink:gene_associated_with_condition	1
0.97650516	HGNC:592	MONDO:0010385	biolink:gene_associated_with_condition	1
0.9779504	HGNC:592	MONDO:0024551	biolink:causes	1
0.5536319	HGNC:25489	MONDO:0019448	biolink:gene_associated_with_condition	1
0.96834284	HGNC:18326	MONDO:0008377	biolink:causes	1
0.9922585	HGNC:30935	MONDO:0011243	biolink:gene_associated_with_condition	1
0.99975485	HGNC:20152	MONDO:0007828	biolink:causes	1
0.0670144	HGNC:28449	MONDO:0033980	biolink:gene_associated_with_condition	1
1.0	HGNC:23216	MONDO:0024543	biolink:causes	1
0.9690982	HGNC:25843	MONDO:0012446	biolink:gene_associated_with_condition	1
0.97679	HGNC:10610	MONDO:0004951	biolink:contributes_to	1
0.4415485	HGNC:1607	MONDO:0016356	biolink:gene_associated_with_condition	1
0.7548414	HGNC:1754	MONDO:0012946	biolink:causes	1
0.7654198	HGNC:13733	MONDO:0054601	biolink:contributes_to	1
0.2714696	HGNC:1773	MONDO:0012183	biolink:contributes_to	1
0.79942346	HGNC:1785	MONDO:0012552	biolink:causes	1
0.99217296	HGNC:17104	MONDO:0013642	biolink:causes	1
0.988439	HGNC:24576	MONDO:0013431	biolink:causes	1
0.9876595	HGNC:1810	MONDO:0010767	biolink:causes	1
0.9884304	HGNC:1161	MONDO:0009359	biolink:gene_associated_with_condition	1
0.99774593	HGNC:25815	MONDO:0014343	biolink:causes	1
0.99542564	HGNC:28514	MONDO:0033622	biolink:causes	1
0.99996674	HGNC:14253	MONDO:0014545	biolink:gene_associated_with_condition	1
0.9998286	HGNC:25325	MONDO:0032859	biolink:causes	1
0.99952984	HGNC:1301	MONDO:0014211	biolink:causes	1
0.83342755	HGNC:18292	MONDO:0016302	biolink:gene_associated_with_condition	1
0.988436	HGNC:18292	MONDO:0011546	biolink:causes	1
0.9999993	HGNC:1884	MONDO:0009061	biolink:causes	1
0.9910512	HGNC:15559	MONDO:0014532	biolink:gene_associated_with_condition	1
0.6544753	HGNC:16171	MONDO:0011547	biolink:causes	1
0.9949438	HGNC:1952	MONDO:0007032	biolink:gene_associated_with_condition	1
0.99668056	HGNC:1971	MONDO:0014343	biolink:causes	1
0.99993837	HGNC:26877	MONDO:0010092	biolink:causes	1
0.99993837	HGNC:26877	MONDO:0010092	biolink:gene_associated_with_condition	1
0.99957794	HGNC:2019	MONDO:0009715	biolink:causes	1
0.5627054	HGNC:2019	MONDO:0100468	biolink:causes	1
0.99999547	HGNC:2022	MONDO:0010250	biolink:causes	1
0.99999547	HGNC:2022	MONDO:0010250	biolink:gene_associated_with_condition	1
0.9678844	HGNC:2077	MONDO:0011144	biolink:causes	1
0.7659174	HGNC:2088	MONDO:0060729	biolink:causes	1
0.9994112	HGNC:105	MONDO:0009007	biolink:causes	1
0.99973875	HGNC:18620	MONDO:0019407	biolink:gene_associated_with_condition	1
0.99827003	HGNC:2197	MONDO:0014343	biolink:causes	1
0.98437226	HGNC:2197	MONDO:0020521	biolink:causes	1
0.97980267	HGNC:2197	MONDO:0007244	biolink:gene_associated_with_condition	1
0.98647135	HGNC:2197	MONDO:0008148	biolink:gene_associated_with_condition	1
0.99923253	HGNC:2200	MONDO:0007895	biolink:gene_associated_with_condition	1
0.99640757	HGNC:2200	MONDO:0008479	biolink:causes	1
0.95731753	HGNC:2200	MONDO:0012287	biolink:causes	1
0.99953175	HGNC:2200	MONDO:0007949	biolink:causes	1
0.9975189	HGNC:2200	MONDO:0008476	biolink:causes	1
0.9742329	HGNC:2200	MONDO:0011496	biolink:causes	1
0.9742329	HGNC:2200	MONDO:0011496	biolink:gene_associated_with_condition	1
0.075204685	HGNC:2200	MONDO:0016202	biolink:gene_associated_with_condition	1
0.9505748	HGNC:2200	MONDO:0019669	biolink:gene_associated_with_condition	1
0.9922276	HGNC:2200	MONDO:0008490	biolink:causes	1
0.9993467	HGNC:2185	MONDO:0014343	biolink:causes	1
0.9998073	HGNC:2188	MONDO:0034022	biolink:gene_associated_with_condition	1
0.9985318	HGNC:2188	MONDO:0014654	biolink:causes	1
0.9991443	HGNC:22986	MONDO:0014343	biolink:causes	1
0.99968135	HGNC:22986	MONDO:0014061	biolink:gene_associated_with_condition	1
0.9985268	HGNC:17213	MONDO:0014343	biolink:causes	1
0.999244	HGNC:2226	MONDO:0020346	biolink:gene_associated_with_condition	1
0.6667646	HGNC:2230	MONDO:0014629	biolink:gene_associated_with_condition	1
0.6667646	HGNC:2230	MONDO:0014629	biolink:contributes_to	1
0.9806582	HGNC:16812	MONDO:0012784	biolink:gene_associated_with_condition	1
0.96150744	HGNC:2252	MONDO:0014168	biolink:gene_associated_with_condition	1
0.9999665	HGNC:2261	MONDO:0859520	biolink:causes	1
0.9999999	HGNC:20213	MONDO:0859160	biolink:causes	1
0.9956275	HGNC:2326	MONDO:0859250	biolink:causes	1
0.82166064	HGNC:18688	MONDO:0014539	biolink:causes	1
0.038196806	HGNC:14630	MONDO:0035556	biolink:gene_associated_with_condition	1
0.9989478	HGNC:2379	MONDO:0014343	biolink:causes	1
0.9876444	HGNC:2379	MONDO:0008148	biolink:gene_associated_with_condition	1
0.9799089	HGNC:2379	MONDO:0009804	biolink:gene_associated_with_condition	1
0.99983203	HGNC:2379	MONDO:0012892	biolink:causes	1
0.958836	HGNC:2395	MONDO:0007283	biolink:causes	1
0.105014555	HGNC:2411	MONDO:0020375	biolink:gene_associated_with_condition	1
0.782795	HGNC:2411	MONDO:0018611	biolink:gene_associated_with_condition	1
0.83421564	HGNC:2411	MONDO:0011430	biolink:gene_associated_with_condition	1
0.8354031	HGNC:2418	MONDO:0014603	biolink:causes	1
0.93932754	HGNC:2472	MONDO:0012804	biolink:causes	1
0.9828699	HGNC:2478	MONDO:0032804	biolink:causes	1
0.9999188	HGNC:13723	MONDO:0014213	biolink:causes	1
0.42878008	HGNC:2509	MONDO:0012162	biolink:causes	1
0.80252695	HGNC:2514	MONDO:0014035	biolink:causes	1
0.5032089	HGNC:2514	MONDO:0008673	biolink:gene_associated_with_condition	1
0.422914	HGNC:2514	MONDO:0018055	biolink:gene_associated_with_condition	1
0.09210965	HGNC:2514	MONDO:0007564	biolink:causes	1
0.09210965	HGNC:2514	MONDO:0007564	biolink:gene_associated_with_condition	1
0.9291666	HGNC:2514	MONDO:0016216	biolink:gene_associated_with_condition	1
0.982447	HGNC:9251	MONDO:0009737	biolink:causes	1
0.69880843	HGNC:2553	MONDO:0013782	biolink:gene_associated_with_condition	1
0.97510195	HGNC:10664	MONDO:0008377	biolink:causes	1
0.9999708	HGNC:10664	MONDO:0009598	biolink:gene_associated_with_condition	1
0.96142805	HGNC:2873	MONDO:0009606	biolink:causes	1
0.9257237	HGNC:2578	MONDO:0010389	biolink:causes	1
0.999928	HGNC:2578	MONDO:0010600	biolink:causes	1
0.89161515	HGNC:2594	MONDO:0013301	biolink:gene_associated_with_condition	1
0.99990857	HGNC:2731	MONDO:0010077	biolink:gene_associated_with_condition	1
0.5549775	HGNC:18674	MONDO:0014809	biolink:gene_associated_with_condition	1
1.0	HGNC:2760	MONDO:0030457	biolink:causes	1
0.984729	HGNC:2770	MONDO:0008407	biolink:causes	1
0.81114465	HGNC:2876	MONDO:0007424	biolink:causes	1
0.9991072	HGNC:2919	MONDO:0014343	biolink:causes	1
0.7947801	HGNC:2928	MONDO:0016097	biolink:gene_associated_with_condition	1
0.999985	HGNC:21493	MONDO:0014203	biolink:causes	1
0.50979006	HGNC:5228	MONDO:0014866	biolink:gene_associated_with_condition	1
0.99997663	HGNC:27030	MONDO:0014887	biolink:causes	1
0.6620926	HGNC:2956	MONDO:0013743	biolink:gene_associated_with_condition	1
0.7090259	HGNC:2976	MONDO:0011397	biolink:causes	1
0.7090259	HGNC:2976	MONDO:0011397	biolink:gene_associated_with_condition	1
0.9906086	HGNC:19190	MONDO:0014371	biolink:causes	1
0.9998883	HGNC:2995	MONDO:0011964	biolink:gene_associated_with_condition	1
0.9989845	HGNC:3005	MONDO:0012123	biolink:gene_associated_with_condition	1
0.8759829	HGNC:28769	MONDO:0008377	biolink:causes	1
0.9775904	HGNC:3036	MONDO:0017402	biolink:gene_associated_with_condition	1
0.99241203	HGNC:3048	MONDO:0014218	biolink:causes	1
0.99241203	HGNC:3048	MONDO:0014218	biolink:gene_associated_with_condition	1
0.9876423	HGNC:17328	MONDO:0013559	biolink:causes	1
0.92792416	HGNC:2961	MONDO:0013644	biolink:causes	1
0.97655845	HGNC:3146	MONDO:0013473	biolink:causes	1
0.9736797	HGNC:3218	MONDO:0008377	biolink:causes	1
0.99806684	HGNC:3226	MONDO:0014343	biolink:causes	1
0.9603716	HGNC:24650	MONDO:0019896	biolink:gene_associated_with_condition	1
0.95405424	HGNC:3260	MONDO:0015519	biolink:gene_associated_with_condition	1
0.9999503	HGNC:3330	MONDO:0010873	biolink:causes	1
0.9654309	HGNC:3356	MONDO:0014227	biolink:gene_associated_with_condition	1
0.98204744	HGNC:3356	MONDO:0008817	biolink:causes	1
0.80889404	HGNC:3356	MONDO:0009925	biolink:gene_associated_with_condition	1
0.87929434	HGNC:3373	MONDO:0020769	biolink:causes	1
0.94468373	HGNC:3373	MONDO:0013364	biolink:causes	1
0.9283123	HGNC:3374	MONDO:0016599	biolink:gene_associated_with_condition	1
0.6272174	HGNC:3395	MONDO:0020785	biolink:causes	1
0.38477865	HGNC:3423	MONDO:0043364	biolink:causes	1
0.34822538	HGNC:18173	MONDO:0007191	biolink:gene_associated_with_condition	1
0.9614031	HGNC:3436	MONDO:0019569	biolink:gene_associated_with_condition	1
0.54494363	HGNC:3468	MONDO:0032590	biolink:causes	1
0.9999974	HGNC:23287	MONDO:0011229	biolink:causes	1
0.31762937	HGNC:3508	MONDO:0019373	biolink:gene_associated_with_condition	1
0.99999857	MONDO:0000902	HGNC:10914	biolink:causes	1
0.99051017	MONDO:0000914	HGNC:7883	biolink:gene_associated_with_condition	1
0.9954399	MONDO:0007057	HGNC:7882	biolink:causes	1
0.8321937	MONDO:0007077	HGNC:7105	biolink:causes	1
0.8321937	MONDO:0007077	HGNC:7105	biolink:gene_associated_with_condition	1
0.816768	MONDO:0007109	HGNC:6392	biolink:causes	1
0.04634804	MONDO:0007137	HGNC:8117	biolink:gene_associated_with_condition	1
0.9979724	MONDO:0007157	HGNC:12011	biolink:causes	1
0.99100983	MONDO:0007205	HGNC:7413	biolink:gene_associated_with_condition	1
0.9996693	MONDO:0007221	HGNC:4220	biolink:gene_associated_with_condition	1
0.6268427	MONDO:0007269	HGNC:6636	biolink:gene_associated_with_condition	1
0.7819535	MONDO:0007297	HGNC:6174	biolink:gene_associated_with_condition	1
0.96866715	MONDO:0007301	HGNC:11153	biolink:gene_associated_with_condition	1
0.99891686	MONDO:0007309	HGNC:9118	biolink:causes	1
0.9287137	MONDO:0007349	HGNC:16400	biolink:causes	1
0.60509646	MONDO:0007361	HGNC:1228	biolink:causes	1
0.98255664	MONDO:0007377	HGNC:11771	biolink:causes	1
0.98255664	MONDO:0007377	HGNC:11771	biolink:gene_associated_with_condition	1
0.9754976	MONDO:0007381	HGNC:2194	biolink:gene_associated_with_condition	1
0.8403052	MONDO:0007445	HGNC:6416	biolink:causes	1
0.9291692	MONDO:0007453	HGNC:4195	biolink:causes	1
1.0	MONDO:0007485	HGNC:11727	biolink:causes	1
0.9989421	MONDO:0007485	HGNC:11730	biolink:causes	1
0.99997354	MONDO:0007537	HGNC:7883	biolink:causes	1
0.9985359	MONDO:0007561	HGNC:2227	biolink:causes	1
0.9970078	MONDO:0007589	HGNC:4042	biolink:causes	1
0.52723503	MONDO:0007677	HGNC:18762	biolink:causes	1
0.86108226	MONDO:0007681	HGNC:17098	biolink:causes	1
0.9993025	MONDO:0007777	HGNC:11052	biolink:causes	1
0.6381824	MONDO:0007797	HGNC:4172	biolink:causes	1
0.6381824	MONDO:0007797	HGNC:4172	biolink:gene_associated_with_condition	1
0.82978857	MONDO:0007805	HGNC:1802	biolink:causes	1
0.6406039	MONDO:0007813	HGNC:6439	biolink:causes	1
0.6406039	MONDO:0007813	HGNC:6439	biolink:gene_associated_with_condition	1
0.99856746	MONDO:0007841	HGNC:11603	biolink:gene_associated_with_condition	1
0.32373545	MONDO:0007845	HGNC:3581	biolink:contributes_to	1
0.99852544	MONDO:0007881	HGNC:13829	biolink:causes	1
0.5472847	MONDO:0007925	HGNC:10387	biolink:gene_associated_with_condition	1
0.9999975	MONDO:0007949	HGNC:13869	biolink:causes	1
0.99953175	MONDO:0007949	HGNC:2200	biolink:causes	1
0.9999913	MONDO:0007949	HGNC:2219	biolink:causes	1
0.98485535	MONDO:0008005	HGNC:6859	biolink:causes	1
0.9999598	MONDO:0008061	HGNC:6654	biolink:causes	1
0.9999598	MONDO:0008061	HGNC:6654	biolink:gene_associated_with_condition	1
0.9039624	MONDO:0008097	HGNC:5173	biolink:causes	1
0.9039624	MONDO:0008097	HGNC:5173	biolink:gene_associated_with_condition	1
0.99465215	MONDO:0008133	HGNC:8142	biolink:causes	1
0.7975507	MONDO:0008153	HGNC:4392	biolink:causes	1
0.81577045	MONDO:0008201	HGNC:2711	biolink:gene_associated_with_condition	1
0.9736572	MONDO:0008209	HGNC:11743	biolink:causes	1
0.9986896	MONDO:0008333	HGNC:57	biolink:causes	1
0.92952883	MONDO:0008377	HGNC:31371	biolink:causes	1
0.96757495	MONDO:0008377	HGNC:4922	biolink:causes	1
0.9921633	MONDO:0008377	HGNC:5385	biolink:causes	1
0.98756427	MONDO:0008377	HGNC:30391	biolink:causes	1
0.97345847	MONDO:0008377	HGNC:6481	biolink:causes	1
0.9764423	MONDO:0008377	HGNC:24783	biolink:causes	1
0.9375082	MONDO:0008377	HGNC:451	biolink:causes	1
0.9199687	MONDO:0008377	HGNC:8091	biolink:causes	1
0.96347046	MONDO:0008377	HGNC:19317	biolink:causes	1
0.974392	MONDO:0008377	HGNC:8787	biolink:causes	1
0.9950814	MONDO:0008377	HGNC:18758	biolink:causes	1
0.99434054	MONDO:0008377	HGNC:26648	biolink:causes	1
0.9748316	MONDO:0008377	HGNC:9990	biolink:causes	1
0.9242305	MONDO:0008377	HGNC:17282	biolink:causes	1
0.9399298	MONDO:0008377	HGNC:30859	biolink:causes	1
0.99060905	MONDO:0008377	HGNC:28396	biolink:causes	1
0.98404145	MONDO:0008377	HGNC:12565	biolink:causes	1
0.96901536	MONDO:0008377	HGNC:2183	biolink:causes	1
0.94076115	MONDO:0008377	HGNC:17211	biolink:causes	1
0.9554474	MONDO:0008377	HGNC:37261	biolink:causes	1
0.9285047	MONDO:0008377	HGNC:57	biolink:causes	1
0.94272274	MONDO:0008377	HGNC:13839	biolink:causes	1
0.98230386	MONDO:0008377	HGNC:17416	biolink:causes	1
0.9675608	MONDO:0008377	HGNC:26147	biolink:causes	1
0.98361903	MONDO:0008377	HGNC:4393	biolink:causes	1
0.9962429	MONDO:0008377	HGNC:31923	biolink:causes	1
0.9596734	MONDO:0008377	HGNC:15021	biolink:causes	1
0.987241	MONDO:0008377	HGNC:14674	biolink:causes	1
0.9948537	MONDO:0008377	HGNC:8786	biolink:causes	1
0.9660247	MONDO:0008377	HGNC:8940	biolink:causes	1
0.7126267	MONDO:0008377	HGNC:9038	biolink:causes	1
0.9241982	MONDO:0008377	HGNC:15860	biolink:causes	1
0.9959346	MONDO:0008377	HGNC:30000	biolink:causes	1
0.93815136	MONDO:0008377	HGNC:20893	biolink:causes	1
0.9968118	MONDO:0008377	HGNC:10012	biolink:causes	1
0.9778307	MONDO:0008377	HGNC:10294	biolink:causes	1
0.9138874	MONDO:0008377	HGNC:11714	biolink:causes	1
0.9974318	MONDO:0008377	HGNC:20087	biolink:causes	1
0.98672104	MONDO:0008377	HGNC:18340	biolink:causes	1
0.96834284	MONDO:0008377	HGNC:18326	biolink:causes	1
0.97510195	MONDO:0008377	HGNC:10664	biolink:causes	1
0.8759829	MONDO:0008377	HGNC:28769	biolink:causes	1
0.9736797	MONDO:0008377	HGNC:3218	biolink:causes	1
0.89043534	MONDO:0008377	HGNC:4678	biolink:causes	1
0.9814293	MONDO:0008377	HGNC:22219	biolink:causes	1
0.9773721	MONDO:0008377	HGNC:16448	biolink:causes	1
0.80117744	MONDO:0008377	HGNC:7467	biolink:causes	1
0.9544879	MONDO:0008377	HGNC:8140	biolink:causes	1
0.94707376	MONDO:0008377	HGNC:8896	biolink:causes	1
0.8412105	MONDO:0008377	HGNC:1071	biolink:causes	1
0.9471932	MONDO:0008377	HGNC:9940	biolink:causes	1
0.97986037	MONDO:0008377	HGNC:17964	biolink:causes	1
0.96879447	MONDO:0008377	HGNC:10263	biolink:causes	1
0.97869736	MONDO:0008377	HGNC:1393	biolink:causes	1
0.96858585	MONDO:0008377	HGNC:17341	biolink:causes	1
0.9921111	MONDO:0008377	HGNC:12601	biolink:causes	1
0.99596846	MONDO:0008377	HGNC:29021	biolink:causes	1
0.99933344	MONDO:0008377	HGNC:21699	biolink:causes	1
0.97550064	MONDO:0008377	HGNC:1940	biolink:causes	1
0.98663855	MONDO:0008377	HGNC:26193	biolink:causes	1
0.97952235	MONDO:0008377	HGNC:20603	biolink:causes	1
0.9442149	MONDO:0008377	HGNC:18018	biolink:causes	1
0.9574484	MONDO:0008377	HGNC:315	biolink:causes	1
0.91831017	MONDO:0008377	HGNC:17097	biolink:causes	1
0.753252	MONDO:0008377	HGNC:4598	biolink:causes	1
0.9977381	MONDO:0008377	HGNC:4679	biolink:causes	1
0.98483235	MONDO:0008377	HGNC:29077	biolink:causes	1
0.9848856	MONDO:0008377	HGNC:6055	biolink:causes	1
0.9796892	MONDO:0008377	HGNC:19698	biolink:causes	1
0.92564857	MONDO:0008377	HGNC:6816	biolink:causes	1
0.98229903	MONDO:0008377	HGNC:17146	biolink:causes	1
0.9681953	MONDO:0008377	HGNC:7530	biolink:causes	1
0.9780148	MONDO:0008377	HGNC:7606	biolink:causes	1
0.9360632	MONDO:0008377	HGNC:7745	biolink:causes	1
0.98898333	MONDO:0008377	HGNC:8082	biolink:causes	1
0.9449033	MONDO:0008377	HGNC:8547	biolink:causes	1
0.8694929	MONDO:0008377	HGNC:8620	biolink:causes	1
0.95282876	MONDO:0008377	HGNC:17340	biolink:causes	1
0.99472815	MONDO:0008377	HGNC:26291	biolink:causes	1
0.97889996	MONDO:0008377	HGNC:9768	biolink:causes	1
0.981122	MONDO:0008377	HGNC:10024	biolink:causes	1
0.9981	MONDO:0008377	HGNC:13436	biolink:causes	1
0.9321528	MONDO:0008377	HGNC:1375	biolink:causes	1
0.9183358	MONDO:0008377	HGNC:25812	biolink:causes	1
0.96820307	MONDO:0008377	HGNC:20080	biolink:causes	1
0.95490754	MONDO:0008377	HGNC:29222	biolink:causes	1
0.9669575	MONDO:0008377	HGNC:2186	biolink:causes	1
0.9386647	MONDO:0008377	HGNC:14418	biolink:causes	1
0.96952504	MONDO:0008377	HGNC:14415	biolink:causes	1
0.9996327	MONDO:0008393	HGNC:2348	biolink:causes	1
0.9996327	MONDO:0008393	HGNC:2348	biolink:gene_associated_with_condition	1
0.8355891	MONDO:0008397	HGNC:3666	biolink:gene_associated_with_condition	1
0.9991061	MONDO:0008437	HGNC:11231	biolink:causes	1
0.99804854	MONDO:0008477	HGNC:18083	biolink:causes	1
0.6745606	MONDO:0008485	HGNC:6427	biolink:gene_associated_with_condition	1
0.5475585	MONDO:0008501	HGNC:4390	biolink:gene_associated_with_condition	1
0.983778	MONDO:0008513	HGNC:5136	biolink:causes	1
0.9848267	MONDO:0008521	HGNC:7866	biolink:causes	1
0.98597646	MONDO:0008633	HGNC:16400	biolink:gene_associated_with_condition	1
0.37517634	MONDO:0008637	HGNC:25839	biolink:gene_associated_with_condition	1
0.12008399	MONDO:0008637	HGNC:12463	biolink:gene_associated_with_condition	1
0.9957218	MONDO:0008673	HGNC:3497	biolink:gene_associated_with_condition	1
0.5032089	MONDO:0008673	HGNC:2514	biolink:gene_associated_with_condition	1
0.9883972	MONDO:0008673	HGNC:19747	biolink:causes	1
0.9883972	MONDO:0008673	HGNC:19747	biolink:gene_associated_with_condition	1
0.9938007	MONDO:0008689	HGNC:28993	biolink:causes	1
0.99999917	MONDO:0008693	HGNC:20670	biolink:causes	1
0.99999917	MONDO:0008693	HGNC:20670	biolink:gene_associated_with_condition	1
0.99859184	MONDO:0008701	HGNC:12305	biolink:gene_associated_with_condition	1
0.22701934	MONDO:0008705	HGNC:123	biolink:causes	1
0.98822683	MONDO:0008713	HGNC:17129	biolink:gene_associated_with_condition	1
0.984335	MONDO:0008765	HGNC:10294	biolink:causes	1
0.5870495	MONDO:0008777	HGNC:11530	biolink:gene_associated_with_condition	1
0.99966633	MONDO:0008785	HGNC:26054	biolink:causes	1
0.98204744	MONDO:0008817	HGNC:3356	biolink:causes	1
0.9999999	MONDO:0008853	HGNC:20670	biolink:gene_associated_with_condition	1
0.99523205	MONDO:0008861	HGNC:6936	biolink:causes	1
0.9997516	MONDO:0008881	HGNC:2500	biolink:causes	1
0.99999976	MONDO:0008885	HGNC:1750	biolink:causes	1
0.988858	MONDO:0009025	HGNC:5209	biolink:causes	1
0.99999964	MONDO:0009033	HGNC:29521	biolink:causes	1
0.9994641	MONDO:0009053	HGNC:9722	biolink:causes	1
0.9994641	MONDO:0009053	HGNC:9722	biolink:gene_associated_with_condition	1
0.5906706	MONDO:0009061	HGNC:11766	biolink:contributes_to	1
0.9999993	MONDO:0009061	HGNC:1884	biolink:causes	1
0.30062783	MONDO:0009061	HGNC:3616	biolink:contributes_to	1
0.681263	MONDO:0009061	HGNC:4635	biolink:gene_associated_with_condition	1
0.6860159	MONDO:0009061	HGNC:8941	biolink:gene_associated_with_condition	1
0.11953976	MONDO:0009061	HGNC:10907	biolink:gene_associated_with_condition	1
0.7363748	MONDO:0009061	HGNC:3179	biolink:gene_associated_with_condition	1
0.6617311	MONDO:0009061	HGNC:7097	biolink:gene_associated_with_condition	1
0.2235472	MONDO:0009061	HGNC:14469	biolink:gene_associated_with_condition	1
0.99164987	MONDO:0009069	HGNC:15714	biolink:causes	1
0.99977416	MONDO:0009073	HGNC:28984	biolink:causes	1
0.997575	MONDO:0009101	HGNC:12762	biolink:causes	1
0.9999958	MONDO:0009109	HGNC:11065	biolink:causes	1
0.98959386	MONDO:0009113	HGNC:1093	biolink:causes	1
0.95866597	MONDO:0009157	HGNC:12775	biolink:causes	1
0.99998844	MONDO:0009161	HGNC:218	biolink:causes	1
0.9999933	MONDO:0009213	HGNC:3584	biolink:causes	1
0.99037653	MONDO:0009265	HGNC:4177	biolink:causes	1
0.99973685	MONDO:0009281	HGNC:4189	biolink:gene_associated_with_condition	1
0.88456327	MONDO:0009353	HGNC:7436	biolink:gene_associated_with_condition	1
0.99987876	MONDO:0009377	HGNC:17996	biolink:causes	1
0.99987876	MONDO:0009377	HGNC:17996	biolink:gene_associated_with_condition	1
0.9999894	MONDO:0009393	HGNC:10985	biolink:causes	1
0.99806803	MONDO:0009397	HGNC:1514	biolink:causes	1
0.99806803	MONDO:0009397	HGNC:1514	biolink:gene_associated_with_condition	1
0.9975344	MONDO:0009413	HGNC:1633	biolink:causes	1
0.96495473	MONDO:0009461	HGNC:26532	biolink:gene_associated_with_condition	1
0.9482357	MONDO:0009461	HGNC:2941	biolink:gene_associated_with_condition	1
0.90526754	MONDO:0009469	HGNC:3706	biolink:gene_associated_with_condition	1
0.9962986	MONDO:0009477	HGNC:1857	biolink:causes	1
0.9962986	MONDO:0009477	HGNC:1857	biolink:gene_associated_with_condition	1
1.0	MONDO:0009485	HGNC:13478	biolink:causes	1
0.92160076	MONDO:0009501	HGNC:10922	biolink:causes	1
0.9414212	MONDO:0009505	HGNC:19708	biolink:causes	1
0.9813704	MONDO:0009513	HGNC:6483	biolink:gene_associated_with_condition	1
0.92462975	MONDO:0009529	HGNC:2898	biolink:gene_associated_with_condition	1
0.9922881	MONDO:0009549	HGNC:20423	biolink:gene_associated_with_condition	1
0.99854183	MONDO:0009593	HGNC:4556	biolink:causes	1
0.99975175	MONDO:0009609	HGNC:7468	biolink:causes	1
0.99975175	MONDO:0009609	HGNC:7468	biolink:gene_associated_with_condition	1
1.0	MONDO:0009613	HGNC:18871	biolink:gene_associated_with_condition	1
0.9135266	MONDO:0009617	HGNC:6954	biolink:causes	1
0.99999475	MONDO:0009625	HGNC:8657	biolink:causes	1
0.9999597	MONDO:0009629	HGNC:19721	biolink:causes	1
0.99989927	MONDO:0009653	HGNC:13356	biolink:causes	1
0.99995387	MONDO:0009657	HGNC:26527	biolink:causes	1
0.9999876	MONDO:0009665	HGNC:1122	biolink:causes	1
0.9997857	MONDO:0009677	HGNC:10809	biolink:gene_associated_with_condition	1
0.982447	MONDO:0009737	HGNC:9251	biolink:causes	1
0.9999896	MONDO:0009773	HGNC:13829	biolink:gene_associated_with_condition	1
0.9994537	MONDO:0009821	HGNC:22140	biolink:causes	1
0.98521763	MONDO:0009825	HGNC:8149	biolink:causes	1
0.98521763	MONDO:0009825	HGNC:8149	biolink:gene_associated_with_condition	1
0.9999865	MONDO:0009841	HGNC:12309	biolink:causes	1
0.99999666	MONDO:0009845	HGNC:11594	biolink:gene_associated_with_condition	1
0.9536493	MONDO:0009857	HGNC:464	biolink:gene_associated_with_condition	1
0.96471334	MONDO:0009877	HGNC:4263	biolink:gene_associated_with_condition	1
0.54102707	MONDO:0009885	HGNC:25240	biolink:causes	1
0.54102707	MONDO:0009885	HGNC:25240	biolink:gene_associated_with_condition	1
0.99700195	MONDO:0009897	HGNC:4180	biolink:gene_associated_with_condition	1
0.80889404	MONDO:0009925	HGNC:3356	biolink:gene_associated_with_condition	1
0.98260283	MONDO:0009929	HGNC:33	biolink:gene_associated_with_condition	1
0.99996495	MONDO:0009953	HGNC:20197	biolink:causes	1
0.99978465	MONDO:0009965	HGNC:28648	biolink:causes	1
0.99978465	MONDO:0009965	HGNC:28648	biolink:gene_associated_with_condition	1
0.9999101	MONDO:0010013	HGNC:20800	biolink:causes	1
0.05279939	MONDO:0010053	HGNC:11272	biolink:causes	1
0.99990857	MONDO:0010077	HGNC:2731	biolink:gene_associated_with_condition	1
0.9999511	MONDO:0010089	HGNC:11460	biolink:gene_associated_with_condition	1
0.9620121	MONDO:0010133	HGNC:12015	biolink:causes	1
0.9369636	MONDO:0010169	HGNC:12601	biolink:causes	1
0.90043825	MONDO:0010169	HGNC:26257	biolink:contributes_to	1
0.9999392	MONDO:0010185	HGNC:25221	biolink:gene_associated_with_condition	1
0.92443126	MONDO:0010201	HGNC:7160	biolink:causes	1
0.99754936	MONDO:0010217	HGNC:3438	biolink:causes	1
1.0	MONDO:0010221	HGNC:8966	biolink:causes	1
0.9310466	MONDO:0010233	HGNC:3754	biolink:causes	1
0.8737601	MONDO:0010269	HGNC:7678	biolink:gene_associated_with_condition	1
0.86867815	MONDO:0010277	HGNC:9910	biolink:gene_associated_with_condition	1
0.9064823	MONDO:0010281	HGNC:6501	biolink:causes	1
0.994932	MONDO:0010317	HGNC:18060	biolink:causes	1
0.9999858	MONDO:0010361	HGNC:8592	biolink:causes	1
0.97650516	MONDO:0010385	HGNC:592	biolink:gene_associated_with_condition	1
0.9257237	MONDO:0010389	HGNC:2578	biolink:causes	1
0.9783602	MONDO:0010397	HGNC:6990	biolink:gene_associated_with_condition	1
0.9967488	MONDO:0010401	HGNC:3702	biolink:causes	1
0.99912745	MONDO:0010417	HGNC:1497	biolink:gene_associated_with_condition	1
0.99436766	MONDO:0010421	HGNC:1133	biolink:gene_associated_with_condition	1
0.751598	MONDO:0010429	HGNC:11506	biolink:causes	1
0.9976053	MONDO:0010441	HGNC:13398	biolink:causes	1
0.9976053	MONDO:0010441	HGNC:13398	biolink:gene_associated_with_condition	1
0.9991799	MONDO:0010465	HGNC:12637	biolink:causes	1
0.36072096	MONDO:0010469	HGNC:18308	biolink:contributes_to	1
0.30819184	MONDO:0010473	HGNC:2063	biolink:gene_associated_with_condition	1
0.9998179	MONDO:0010477	HGNC:11957	biolink:causes	1
0.9998179	MONDO:0010477	HGNC:11957	biolink:gene_associated_with_condition	1
0.9918243	MONDO:0010485	HGNC:5004	biolink:causes	1
0.8638101	MONDO:0010489	HGNC:7096	biolink:causes	1
0.9972656	MONDO:0010501	HGNC:7871	biolink:gene_associated_with_condition	1
0.9978288	MONDO:0010569	HGNC:6470	biolink:causes	1
0.9978288	MONDO:0010569	HGNC:6470	biolink:gene_associated_with_condition	1
0.99741143	MONDO:0010645	HGNC:8108	biolink:gene_associated_with_condition	1
0.6236492	MONDO:0010661	HGNC:9910	biolink:causes	1
0.6236492	MONDO:0010661	HGNC:9910	biolink:gene_associated_with_condition	1
0.97305906	MONDO:0010665	HGNC:13315	biolink:gene_associated_with_condition	1
0.95578265	MONDO:0010665	HGNC:25726	biolink:gene_associated_with_condition	1
0.94456285	MONDO:0010689	HGNC:8768	biolink:causes	1
0.21480109	MONDO:0010849	HGNC:638	biolink:gene_associated_with_condition	1
0.11479273	MONDO:0010853	HGNC:5439	biolink:contributes_to	1
0.9999503	MONDO:0010873	HGNC:3330	biolink:causes	1
0.9723058	MONDO:0010877	HGNC:16877	biolink:gene_associated_with_condition	1
0.9547477	MONDO:0010933	HGNC:8818	biolink:causes	1
0.9733729	MONDO:0010933	HGNC:6256	biolink:causes	1
0.99991107	MONDO:0010985	HGNC:31750	biolink:causes	1
0.9904896	MONDO:0011013	HGNC:1514	biolink:causes	1
0.9355887	MONDO:0011017	HGNC:6207	biolink:causes	1
0.9355887	MONDO:0011017	HGNC:6207	biolink:gene_associated_with_condition	1
0.999997	MONDO:0011025	HGNC:779	biolink:causes	1
0.25026935	MONDO:0011073	HGNC:9046	biolink:contributes_to	1
0.99452657	MONDO:0011085	HGNC:7679	biolink:causes	1
0.99452657	MONDO:0011085	HGNC:7679	biolink:gene_associated_with_condition	1
0.99999714	MONDO:0011113	HGNC:29427	biolink:gene_associated_with_condition	1
0.9994318	MONDO:0011125	HGNC:3434	biolink:causes	1
0.9022574	MONDO:0011165	HGNC:3778	biolink:causes	1
0.9921246	MONDO:0011169	HGNC:20330	biolink:gene_associated_with_condition	1
0.98707867	MONDO:0011181	HGNC:691	biolink:causes	1
0.94006324	MONDO:0011185	HGNC:11771	biolink:gene_associated_with_condition	1
0.9998087	MONDO:0011213	HGNC:29529	biolink:causes	1
0.99976534	MONDO:0011217	HGNC:2859	biolink:causes	1
0.9999974	MONDO:0011229	HGNC:23287	biolink:causes	1
0.060407948	MONDO:0011237	HGNC:12593	biolink:contributes_to	1
0.9999888	MONDO:0011273	HGNC:23096	biolink:causes	1
0.9999888	MONDO:0011273	HGNC:23096	biolink:gene_associated_with_condition	1
0.2062592	MONDO:0011285	HGNC:613	biolink:contributes_to	1
0.4559953	MONDO:0011285	HGNC:4888	biolink:contributes_to	1
0.9999702	MONDO:0011301	HGNC:24872	biolink:causes	1
0.1360556	MONDO:0011361	HGNC:3393	biolink:contributes_to	1
0.7090259	MONDO:0011397	HGNC:2976	biolink:causes	1
0.7090259	MONDO:0011397	HGNC:2976	biolink:gene_associated_with_condition	1
0.9999994	MONDO:0011405	HGNC:25792	biolink:causes	1
0.9999994	MONDO:0011405	HGNC:25792	biolink:gene_associated_with_condition	1
0.9992212	MONDO:0011417	HGNC:11762	biolink:causes	1
0.9999428	MONDO:0011445	HGNC:11226	biolink:causes	1
0.8960819	MONDO:0011473	HGNC:31923	biolink:causes	1
0.891666	MONDO:0011477	HGNC:8623	biolink:causes	1
0.9801752	MONDO:0011481	HGNC:7392	biolink:gene_associated_with_condition	1
0.9955076	MONDO:0011489	HGNC:10468	biolink:gene_associated_with_condition	1
0.9991604	MONDO:0011493	HGNC:2186	biolink:gene_associated_with_condition	1
0.9996723	MONDO:0011529	HGNC:6235	biolink:causes	1
0.9732894	MONDO:0011541	HGNC:3522	biolink:causes	1
0.97795993	MONDO:0011585	HGNC:8157	biolink:gene_associated_with_condition	1
0.9919775	MONDO:0011593	HGNC:30500	biolink:causes	1
0.9964161	MONDO:0011629	HGNC:24862	biolink:causes	1
0.9969325	MONDO:0011633	HGNC:18083	biolink:gene_associated_with_condition	1
0.46150732	MONDO:0011713	HGNC:1787	biolink:contributes_to	1
0.94761133	MONDO:0011749	HGNC:12442	biolink:causes	1
0.8281413	MONDO:0011761	HGNC:13872	biolink:causes	1
0.99908805	MONDO:0011765	HGNC:6909	biolink:causes	1
0.82847387	MONDO:0011789	HGNC:9588	biolink:contributes_to	1
0.99934024	MONDO:0011801	HGNC:18884	biolink:gene_associated_with_condition	1
0.99993527	MONDO:0011829	HGNC:15984	biolink:causes	1
1.0	MONDO:0011833	HGNC:25186	biolink:causes	1
0.9498285	MONDO:0011837	HGNC:23663	biolink:causes	1
0.9988445	MONDO:0011889	HGNC:7225	biolink:causes	1
0.9936951	MONDO:0011929	HGNC:5273	biolink:gene_associated_with_condition	1
0.08701225	MONDO:0011929	HGNC:7171	biolink:gene_associated_with_condition	1
0.92050487	MONDO:0011937	HGNC:2481	biolink:causes	1
0.99972934	MONDO:0011945	HGNC:4177	biolink:causes	1
0.9551294	MONDO:0011957	HGNC:9454	biolink:causes	1
0.99992394	MONDO:0011969	HGNC:23161	biolink:gene_associated_with_condition	1
0.7755716	MONDO:0011973	HGNC:11013	biolink:causes	1
0.9297686	MONDO:0012041	HGNC:7127	biolink:causes	1
0.9690433	MONDO:0012041	HGNC:7326	biolink:causes	1
0.98436743	MONDO:0012041	HGNC:8028	biolink:causes	1
0.9047006	MONDO:0012041	HGNC:9588	biolink:causes	1
0.8572094	MONDO:0012041	HGNC:11389	biolink:causes	1
0.684407	MONDO:0012041	HGNC:2001	biolink:causes	1
0.8045644	MONDO:0012041	HGNC:1076	biolink:causes	1
0.9828073	MONDO:0012041	HGNC:7527	biolink:gene_associated_with_condition	1
0.9714614	MONDO:0012041	HGNC:9177	biolink:causes	1
0.9307263	MONDO:0012041	HGNC:11529	biolink:causes	1
0.97580224	MONDO:0012085	HGNC:2950	biolink:causes	1
0.98756105	MONDO:0012089	HGNC:10998	biolink:gene_associated_with_condition	1
0.9999932	MONDO:0012125	HGNC:17494	biolink:causes	1
0.7122296	MONDO:0012161	HGNC:1706	biolink:gene_associated_with_condition	1
0.99999106	MONDO:0012165	HGNC:23399	biolink:causes	1
0.93880516	MONDO:0012173	HGNC:4801	biolink:gene_associated_with_condition	1
0.86857367	MONDO:0012193	HGNC:5037	biolink:causes	1
0.86857367	MONDO:0012193	HGNC:5037	biolink:gene_associated_with_condition	1
0.7130907	MONDO:0012197	HGNC:19440	biolink:gene_associated_with_condition	1
0.9956007	MONDO:0012197	HGNC:11727	biolink:gene_associated_with_condition	1
0.99973303	MONDO:0012205	HGNC:8794	biolink:causes	1
0.9990759	MONDO:0012221	HGNC:7631	biolink:gene_associated_with_condition	1
0.8593622	MONDO:0012225	HGNC:28949	biolink:causes	1
0.98910135	MONDO:0012297	HGNC:20716	biolink:causes	1
0.98910135	MONDO:0012297	HGNC:20716	biolink:gene_associated_with_condition	1
0.9168226	MONDO:0012345	HGNC:11781	biolink:gene_associated_with_condition	1
0.45465448	MONDO:0012357	HGNC:30696	biolink:causes	1
0.75702065	MONDO:0012381	HGNC:6091	biolink:gene_associated_with_condition	1
0.99826753	MONDO:0012393	HGNC:4341	biolink:gene_associated_with_condition	1
0.34944654	MONDO:0012401	HGNC:11220	biolink:gene_associated_with_condition	1
0.99272025	MONDO:0012413	HGNC:8522	biolink:gene_associated_with_condition	1
0.71811676	MONDO:0012421	HGNC:232	biolink:causes	1
0.9998616	MONDO:0012449	HGNC:8820	biolink:gene_associated_with_condition	1
0.9971656	MONDO:0012453	HGNC:25786	biolink:causes	1
0.9959617	MONDO:0012465	HGNC:18858	biolink:gene_associated_with_condition	1
0.8892623	MONDO:0012465	HGNC:23213	biolink:gene_associated_with_condition	1
0.8630113	MONDO:0012497	HGNC:4393	biolink:causes	1
0.6098636	MONDO:0012521	HGNC:11584	biolink:gene_associated_with_condition	1
0.8108808	MONDO:0012529	HGNC:10411	biolink:causes	1
0.9857744	MONDO:0012541	HGNC:3681	biolink:causes	1
0.5327549	MONDO:0012569	HGNC:20908	biolink:causes	1
0.99863595	MONDO:0012613	HGNC:25994	biolink:causes	1
0.9980525	MONDO:0012621	HGNC:18810	biolink:gene_associated_with_condition	1
0.9993968	MONDO:0012621	HGNC:16035	biolink:causes	1
0.9989483	MONDO:0012669	HGNC:20249	biolink:causes	1
0.9928576	MONDO:0012677	HGNC:6242	biolink:causes	1
0.9999176	MONDO:0012689	HGNC:22448	biolink:causes	1
0.7918946	MONDO:0012693	HGNC:4706	biolink:causes	1
0.052844357	MONDO:0012801	HGNC:13830	biolink:contributes_to	1
0.9823758	MONDO:0012805	HGNC:11005	biolink:causes	1
0.95790416	MONDO:0012833	HGNC:3690	biolink:causes	1
0.9338062	MONDO:0012901	HGNC:6371	biolink:causes	1
0.9338062	MONDO:0012901	HGNC:6371	biolink:gene_associated_with_condition	1
0.86857724	MONDO:0012925	HGNC:10345	biolink:causes	1
0.5782577	MONDO:0012953	HGNC:9175	biolink:contributes_to	1
0.9261966	MONDO:0012989	HGNC:10879	biolink:causes	1
0.9998951	MONDO:0012997	HGNC:11957	biolink:gene_associated_with_condition	1
0.999964	MONDO:0013005	HGNC:6256	biolink:causes	1
0.99883634	MONDO:0013021	HGNC:6000	biolink:gene_associated_with_condition	1
0.98254997	MONDO:0013033	HGNC:19309	biolink:causes	1
0.8734948	MONDO:0013061	HGNC:939	biolink:causes	1
0.99721295	MONDO:0013069	HGNC:25382	biolink:gene_associated_with_condition	1
0.9998542	MONDO:0013081	HGNC:6171	biolink:gene_associated_with_condition	1
0.8506455	MONDO:0013125	HGNC:8975	biolink:causes	1
0.8506455	MONDO:0013125	HGNC:8975	biolink:gene_associated_with_condition	1
0.99965656	MONDO:0013157	HGNC:17997	biolink:causes	1
0.9992617	MONDO:0013173	HGNC:30832	biolink:causes	1
0.9693831	MONDO:0013177	HGNC:6143	biolink:gene_associated_with_condition	1
0.99568886	MONDO:0013181	HGNC:26790	biolink:causes	1
0.04147367	MONDO:0013185	HGNC:11847	biolink:contributes_to	1
0.9499098	MONDO:0013189	HGNC:20297	biolink:causes	1
0.36505526	MONDO:0013193	HGNC:39080	biolink:contributes_to	1
0.9933642	MONDO:0013225	HGNC:9688	biolink:causes	1
0.98956585	MONDO:0013245	HGNC:13890	biolink:causes	1
0.98956585	MONDO:0013245	HGNC:13890	biolink:gene_associated_with_condition	1
0.89161515	MONDO:0013301	HGNC:2594	biolink:gene_associated_with_condition	1
0.8214415	MONDO:0013341	HGNC:16692	biolink:causes	1
0.93816584	MONDO:0013345	HGNC:5383	biolink:causes	1
0.11712028	MONDO:0013357	HGNC:21158	biolink:gene_associated_with_condition	1
0.9776299	MONDO:0013357	HGNC:7765	biolink:gene_associated_with_condition	1
0.96400815	MONDO:0013361	HGNC:3535	biolink:gene_associated_with_condition	1
0.89749783	MONDO:0013369	HGNC:11947	biolink:causes	1
0.9734248	MONDO:0013385	HGNC:20422	biolink:causes	1
0.94563234	MONDO:0013449	HGNC:2383	biolink:causes	1
0.8130375	MONDO:0013469	HGNC:7027	biolink:causes	1
0.97655845	MONDO:0013473	HGNC:3146	biolink:causes	1
0.7693579	MONDO:0013489	HGNC:6215	biolink:causes	1
0.67189395	MONDO:0013501	HGNC:12666	biolink:causes	1
0.99998295	MONDO:0013529	HGNC:27365	biolink:causes	1
0.9471656	MONDO:0013533	HGNC:6619	biolink:gene_associated_with_condition	1
0.99852186	MONDO:0013553	HGNC:21143	biolink:causes	1
0.9997874	MONDO:0013561	HGNC:26019	biolink:causes	1
0.8917306	MONDO:0013589	HGNC:7599	biolink:causes	1
0.8037914	MONDO:0013633	HGNC:2330	biolink:contributes_to	1
0.99836916	MONDO:0013641	HGNC:17168	biolink:causes	1
0.9797569	MONDO:0013661	HGNC:27288	biolink:gene_associated_with_condition	1
0.47402585	MONDO:0013685	HGNC:1100	biolink:contributes_to	1
0.97586924	MONDO:0013693	HGNC:195	biolink:causes	1
0.25680023	MONDO:0013729	HGNC:543	biolink:contributes_to	1
0.9999789	MONDO:0013737	HGNC:18986	biolink:causes	1
0.83722067	MONDO:0013777	HGNC:14544	biolink:gene_associated_with_condition	1
0.7688815	MONDO:0013797	HGNC:11630	biolink:gene_associated_with_condition	1
0.99999154	MONDO:0013801	HGNC:10596	biolink:causes	1
0.98625153	MONDO:0013821	HGNC:11100	biolink:causes	1
0.99793833	MONDO:0013853	HGNC:17944	biolink:causes	1
0.99876785	MONDO:0013873	HGNC:1786	biolink:causes	1
0.99771416	MONDO:0013885	HGNC:7788	biolink:gene_associated_with_condition	1
0.99998415	MONDO:0013925	HGNC:68	biolink:causes	1
0.914204	MONDO:0013929	HGNC:1268	biolink:causes	1
0.99996305	MONDO:0013937	HGNC:8851	biolink:causes	1
0.89389753	MONDO:0013941	HGNC:5382	biolink:gene_associated_with_condition	1
0.7891003	MONDO:0013953	HGNC:5440	biolink:causes	1
0.95713556	MONDO:0013957	HGNC:5358	biolink:causes	1
0.97842807	MONDO:0013977	HGNC:23166	biolink:causes	1
0.9054088	MONDO:0013993	HGNC:7102	biolink:gene_associated_with_condition	1
0.80484647	MONDO:0014013	HGNC:30225	biolink:gene_associated_with_condition	1
0.96892494	MONDO:0014037	HGNC:18829	biolink:causes	1
0.26198453	MONDO:0014057	HGNC:25415	biolink:causes	1
0.99968135	MONDO:0014061	HGNC:22986	biolink:gene_associated_with_condition	1
0.9774016	MONDO:0014065	HGNC:29594	biolink:causes	1
0.98572403	MONDO:0014089	HGNC:14374	biolink:causes	1
0.9998276	MONDO:0014093	HGNC:9921	biolink:causes	1
0.98917085	MONDO:0014117	HGNC:10542	biolink:gene_associated_with_condition	1
0.9808646	MONDO:0014121	HGNC:17208	biolink:gene_associated_with_condition	1
0.9677009	MONDO:0014125	HGNC:4220	biolink:causes	1
0.9996511	MONDO:0014141	HGNC:22932	biolink:causes	1
0.9777771	MONDO:0014157	HGNC:9175	biolink:gene_associated_with_condition	1
0.9998666	MONDO:0014165	HGNC:14938	biolink:gene_associated_with_condition	1
0.51787335	MONDO:0014181	HGNC:5031	biolink:causes	1
0.99999964	MONDO:0014205	HGNC:29357	biolink:causes	1
0.9999188	MONDO:0014213	HGNC:13723	biolink:causes	1
0.74157715	MONDO:0014217	HGNC:4217	biolink:causes	1
0.9944219	MONDO:0014221	HGNC:12009	biolink:causes	1
0.86081606	MONDO:0014225	HGNC:3976	biolink:causes	1
0.9929173	MONDO:0014233	HGNC:11503	biolink:causes	1
0.9982357	MONDO:0014261	HGNC:16088	biolink:causes	1
0.9999552	MONDO:0014269	HGNC:21365	biolink:gene_associated_with_condition	1
0.9887262	MONDO:0014305	HGNC:469	biolink:gene_associated_with_condition	1
0.9898057	MONDO:0014309	HGNC:28209	biolink:gene_associated_with_condition	1
0.9630709	MONDO:0014313	HGNC:3619	biolink:causes	1
0.97728294	MONDO:0014321	HGNC:11356	biolink:causes	1
0.81574565	MONDO:0014341	HGNC:20778	biolink:causes	1
0.9999441	MONDO:0014349	HGNC:16999	biolink:gene_associated_with_condition	1
0.9999999	MONDO:0014361	HGNC:14262	biolink:causes	1
0.9961074	MONDO:0014397	HGNC:21642	biolink:gene_associated_with_condition	1
0.9631301	MONDO:0014401	HGNC:7944	biolink:causes	1
0.9996215	MONDO:0014405	HGNC:27962	biolink:causes	1
0.99969983	MONDO:0014409	HGNC:26988	biolink:causes	1
0.2197419	MONDO:0014425	HGNC:317	biolink:causes	1
0.2197419	MONDO:0014425	HGNC:317	biolink:gene_associated_with_condition	1
0.9430532	MONDO:0014429	HGNC:5439	biolink:causes	1
0.845625	MONDO:0014449	HGNC:399	biolink:gene_associated_with_condition	1
0.8938475	MONDO:0014453	HGNC:8979	biolink:causes	1
0.99997926	MONDO:0014457	HGNC:23213	biolink:causes	1
0.62772924	MONDO:0014481	HGNC:3236	biolink:causes	1
0.9974069	MONDO:0014493	HGNC:2505	biolink:gene_associated_with_condition	1
0.90385437	MONDO:0014501	HGNC:3604	biolink:causes	1
0.99996674	MONDO:0014545	HGNC:14253	biolink:gene_associated_with_condition	1
0.9833508	MONDO:0014557	HGNC:9154	biolink:causes	1
0.9981358	MONDO:0014573	HGNC:10706	biolink:causes	1
0.994173	MONDO:0014585	HGNC:1965	biolink:causes	1
0.999998	MONDO:0014601	HGNC:14977	biolink:causes	1
0.922064	MONDO:0014605	HGNC:9302	biolink:causes	1
0.6667646	MONDO:0014629	HGNC:2230	biolink:gene_associated_with_condition	1
0.6667646	MONDO:0014629	HGNC:2230	biolink:contributes_to	1
0.99932015	MONDO:0014637	HGNC:2988	biolink:causes	1
0.99932015	MONDO:0014637	HGNC:2988	biolink:gene_associated_with_condition	1
0.84076697	MONDO:0014641	HGNC:11584	biolink:causes	1
0.9874386	MONDO:0014645	HGNC:16393	biolink:causes	1
0.842574	MONDO:0014649	HGNC:26114	biolink:causes	1
0.99999523	MONDO:0014657	HGNC:21054	biolink:causes	1
0.8536235	MONDO:0014661	HGNC:9069	biolink:causes	1
0.9619393	MONDO:0014665	HGNC:7632	biolink:gene_associated_with_condition	1
0.8257499	MONDO:0014677	HGNC:791	biolink:causes	1
0.8910738	MONDO:0014685	HGNC:6638	biolink:gene_associated_with_condition	1
0.99849856	MONDO:0014693	HGNC:6742	biolink:causes	1
0.9976035	MONDO:0014705	HGNC:12872	biolink:causes	1
0.9999862	MONDO:0014717	HGNC:13993	biolink:gene_associated_with_condition	1
0.98329514	MONDO:0014733	HGNC:11474	biolink:gene_associated_with_condition	1
0.9998853	MONDO:0014741	HGNC:17327	biolink:causes	1
1.0	MONDO:0014745	HGNC:2190	biolink:causes	1
0.9315905	MONDO:0014753	HGNC:118	biolink:gene_associated_with_condition	1
0.9999757	MONDO:0014797	HGNC:28993	biolink:causes	1
0.9999757	MONDO:0014797	HGNC:28993	biolink:gene_associated_with_condition	1
0.5549775	MONDO:0014809	HGNC:18674	biolink:gene_associated_with_condition	1
0.9999795	MONDO:0014821	HGNC:26887	biolink:causes	1
0.48895398	MONDO:0014837	HGNC:11283	biolink:gene_associated_with_condition	1
0.9963517	MONDO:0014841	HGNC:4651	biolink:causes	1
0.9999993	MONDO:0014845	HGNC:28385	biolink:causes	1
0.40172008	MONDO:0014853	HGNC:6944	biolink:causes	1
1.0	MONDO:0014857	HGNC:9965	biolink:gene_associated_with_condition	1
0.9973756	MONDO:0014885	HGNC:568	biolink:gene_associated_with_condition	1
0.9527956	MONDO:0014901	HGNC:12775	biolink:causes	1
0.9993981	MONDO:0014909	HGNC:30718	biolink:causes	1
0.99474585	MONDO:0014933	HGNC:23230	biolink:causes	1
0.48040912	MONDO:0014945	HGNC:11280	biolink:causes	1
0.98000884	MONDO:0014977	HGNC:22954	biolink:causes	1
0.9990344	MONDO:0014981	HGNC:13222	biolink:causes	1
0.839989	MONDO:0014997	HGNC:29536	biolink:causes	1
1.0	MONDO:0015021	HGNC:19087	biolink:causes	1
0.43124336	MONDO:0015041	HGNC:25941	biolink:gene_associated_with_condition	1
0.82612705	MONDO:0015166	HGNC:3765	biolink:gene_associated_with_condition	1
0.7676428	MONDO:0015270	HGNC:983	biolink:gene_associated_with_condition	1
0.88493156	MONDO:0015278	HGNC:6770	biolink:causes	1
0.88493156	MONDO:0015278	HGNC:6770	biolink:gene_associated_with_condition	1
0.77890974	MONDO:0015278	HGNC:1787	biolink:gene_associated_with_condition	1
0.8311285	MONDO:0015278	HGNC:11998	biolink:gene_associated_with_condition	1
0.86759996	MONDO:0015278	HGNC:6407	biolink:causes	1
0.32897544	MONDO:0015278	HGNC:1101	biolink:gene_associated_with_condition	1
0.6168328	MONDO:0015351	HGNC:4285	biolink:gene_associated_with_condition	1
0.95405424	MONDO:0015519	HGNC:3260	biolink:gene_associated_with_condition	1
0.94622284	MONDO:0015519	HGNC:3259	biolink:gene_associated_with_condition	1
0.041625697	MONDO:0015555	HGNC:6342	biolink:gene_associated_with_condition	1
0.9865172	MONDO:0015631	HGNC:12726	biolink:gene_associated_with_condition	1
0.3366682	MONDO:0015635	HGNC:4284	biolink:gene_associated_with_condition	1
0.89438856	MONDO:0015679	HGNC:29186	biolink:gene_associated_with_condition	1
0.7920634	MONDO:0015779	HGNC:11311	biolink:gene_associated_with_condition	1
0.99990714	MONDO:0015783	HGNC:6814	biolink:gene_associated_with_condition	1
0.887555	MONDO:0015783	HGNC:11164	biolink:gene_associated_with_condition	1
0.96847916	MONDO:0015787	HGNC:3546	biolink:gene_associated_with_condition	1
0.8949385	MONDO:0016103	HGNC:27337	biolink:gene_associated_with_condition	1
0.91629964	MONDO:0016163	HGNC:10560	biolink:causes	1
0.8956238	MONDO:0016355	HGNC:4165	biolink:gene_associated_with_condition	1
0.43244064	MONDO:0016395	HGNC:8620	biolink:gene_associated_with_condition	1
0.54157615	MONDO:0016539	HGNC:26276	biolink:gene_associated_with_condition	1
0.4949172	MONDO:0016563	HGNC:6893	biolink:gene_associated_with_condition	1
0.10954978	MONDO:0016579	HGNC:11019	biolink:gene_associated_with_condition	1
0.9283123	MONDO:0016599	HGNC:3374	biolink:gene_associated_with_condition	1
0.024111144	MONDO:0016703	HGNC:5383	biolink:gene_associated_with_condition	1
0.9355258	MONDO:0016783	HGNC:14665	biolink:gene_associated_with_condition	1
0.842669	MONDO:0016783	HGNC:14575	biolink:gene_associated_with_condition	1
0.014196863	MONDO:0016839	HGNC:12851	biolink:gene_associated_with_condition	1
0.82922095	MONDO:0016863	HGNC:15924	biolink:gene_associated_with_condition	1
0.70532596	MONDO:0016995	HGNC:11109	biolink:gene_associated_with_condition	1
0.955605	MONDO:0017051	HGNC:987	biolink:gene_associated_with_condition	1
0.36589217	MONDO:0017111	HGNC:7821	biolink:gene_associated_with_condition	1
0.84991455	MONDO:0017223	HGNC:9086	biolink:gene_associated_with_condition	1
0.9930542	MONDO:0017283	HGNC:17327	biolink:gene_associated_with_condition	1
0.934494	MONDO:0017403	HGNC:6636	biolink:gene_associated_with_condition	1
0.8266644	MONDO:0017403	HGNC:11769	biolink:gene_associated_with_condition	1
0.89187056	MONDO:0017407	HGNC:7795	biolink:gene_associated_with_condition	1
0.45316893	MONDO:0017683	HGNC:25221	biolink:gene_associated_with_condition	1
0.8379636	MONDO:0017691	HGNC:4116	biolink:gene_associated_with_condition	1
0.93574524	MONDO:0017715	HGNC:4799	biolink:causes	1
0.96197504	MONDO:0017791	HGNC:2198	biolink:gene_associated_with_condition	1
0.8739069	MONDO:0017811	HGNC:9701	biolink:gene_associated_with_condition	1
0.19141893	MONDO:0017839	HGNC:2600	biolink:gene_associated_with_condition	1
0.48578307	MONDO:0017935	HGNC:11621	biolink:gene_associated_with_condition	1
0.95880586	MONDO:0017939	HGNC:7577	biolink:gene_associated_with_condition	1
0.37862363	MONDO:0017947	HGNC:620	biolink:gene_associated_with_condition	1
0.8466281	MONDO:0018015	HGNC:6998	biolink:gene_associated_with_condition	1
0.96093875	MONDO:0018023	HGNC:4823	biolink:gene_associated_with_condition	1
0.422914	MONDO:0018055	HGNC:2514	biolink:gene_associated_with_condition	1
0.7712278	MONDO:0018131	HGNC:5044	biolink:gene_associated_with_condition	1
0.82287157	MONDO:0018256	HGNC:2348	biolink:gene_associated_with_condition	1
0.9984719	MONDO:0018264	HGNC:20611	biolink:causes	1
0.8766929	MONDO:0018280	HGNC:2666	biolink:gene_associated_with_condition	1
0.9165064	MONDO:0018324	HGNC:2505	biolink:gene_associated_with_condition	1
0.5752497	MONDO:0018328	HGNC:20001	biolink:gene_associated_with_condition	1
0.8869476	MONDO:0018328	HGNC:13887	biolink:gene_associated_with_condition	1
0.56558853	MONDO:0018328	HGNC:18640	biolink:gene_associated_with_condition	1
0.952936	MONDO:0018332	HGNC:3481	biolink:gene_associated_with_condition	1
0.9398823	MONDO:0018332	HGNC:3483	biolink:gene_associated_with_condition	1
0.99087757	MONDO:0018336	HGNC:5466	biolink:gene_associated_with_condition	1
0.78772473	MONDO:0018436	HGNC:14959	biolink:gene_associated_with_condition	1
0.17357938	MONDO:0018448	HGNC:26038	biolink:gene_associated_with_condition	1
0.96961886	MONDO:0018464	HGNC:9462	biolink:gene_associated_with_condition	1
0.7484841	MONDO:0018492	HGNC:8125	biolink:gene_associated_with_condition	1
0.91847503	MONDO:0018564	HGNC:14255	biolink:gene_associated_with_condition	1
0.97516394	MONDO:0018576	HGNC:20492	biolink:gene_associated_with_condition	1
0.9927781	MONDO:0018656	HGNC:30074	biolink:gene_associated_with_condition	1
0.64851695	MONDO:0018780	HGNC:12012	biolink:gene_associated_with_condition	1
0.99989307	MONDO:0018816	HGNC:18141	biolink:gene_associated_with_condition	1
0.9867133	MONDO:0019016	HGNC:7493	biolink:gene_associated_with_condition	1
0.9363936	MONDO:0019032	HGNC:11199	biolink:gene_associated_with_condition	1
0.90318197	MONDO:0019148	HGNC:6617	biolink:causes	1
0.90318197	MONDO:0019148	HGNC:6617	biolink:gene_associated_with_condition	1
0.98774767	MONDO:0019176	HGNC:12340	biolink:gene_associated_with_condition	1
0.996657	MONDO:0019310	HGNC:2214	biolink:gene_associated_with_condition	1
0.99170494	MONDO:0019374	HGNC:25928	biolink:gene_associated_with_condition	1
0.23179302	MONDO:0019458	HGNC:4170	biolink:gene_associated_with_condition	1
0.99627763	MONDO:0019522	HGNC:2214	biolink:gene_associated_with_condition	1
0.99983287	MONDO:0019570	HGNC:3438	biolink:causes	1
0.97833097	MONDO:0019666	HGNC:8604	biolink:gene_associated_with_condition	1
0.98094696	MONDO:0019767	HGNC:9330	biolink:gene_associated_with_condition	1
0.6997055	MONDO:0019855	HGNC:2488	biolink:gene_associated_with_condition	1
0.7898864	MONDO:0019855	HGNC:8818	biolink:gene_associated_with_condition	1
0.835145	MONDO:0019855	HGNC:12373	biolink:gene_associated_with_condition	1
0.89193237	MONDO:0019943	HGNC:6218	biolink:gene_associated_with_condition	1
0.8323721	MONDO:0019947	HGNC:1529	biolink:causes	1
0.8323721	MONDO:0019947	HGNC:1529	biolink:gene_associated_with_condition	1
0.9381515	MONDO:0020345	HGNC:329	biolink:gene_associated_with_condition	1
0.9783981	MONDO:0020345	HGNC:10936	biolink:gene_associated_with_condition	1
0.95557827	MONDO:0020345	HGNC:7608	biolink:gene_associated_with_condition	1
0.93111247	MONDO:0020345	HGNC:10979	biolink:gene_associated_with_condition	1
0.98531324	MONDO:0020485	HGNC:10483	biolink:causes	1
0.24203973	MONDO:0020493	HGNC:738	biolink:gene_associated_with_condition	1
0.98437226	MONDO:0020521	HGNC:2197	biolink:causes	1
1.0	MONDO:0020602	HGNC:4452	biolink:causes	1
0.0889662	MONDO:0020614	HGNC:6722	biolink:causes	1
0.8886606	MONDO:0020715	HGNC:25223	biolink:contributes_to	1
0.9196685	MONDO:0020727	HGNC:823	biolink:causes	1
0.9893668	MONDO:0020787	HGNC:103	biolink:causes	1
0.9883151	MONDO:0020845	HGNC:11992	biolink:causes	1
0.8095988	MONDO:0020849	HGNC:10019	biolink:causes	1
0.51065147	MONDO:0021019	HGNC:568	biolink:gene_associated_with_condition	1
0.99843425	MONDO:0021019	HGNC:20145	biolink:gene_associated_with_condition	1
0.99999464	MONDO:0021093	HGNC:13556	biolink:causes	1
0.8129169	MONDO:0021573	HGNC:20773	biolink:causes	1
0.9812408	MONDO:0024465	HGNC:10802	biolink:causes	1
0.99992156	MONDO:0024552	HGNC:4837	biolink:causes	1
0.9998747	MONDO:0024552	HGNC:20372	biolink:causes	1
0.894773	MONDO:0024568	HGNC:6512	biolink:gene_associated_with_condition	1
0.99554354	MONDO:0024607	HGNC:33882	biolink:causes	1
0.8008142	MONDO:0025690	HGNC:24877	biolink:causes	1
0.99355984	MONDO:0025708	HGNC:7569	biolink:causes	1
0.99999905	MONDO:0029140	HGNC:14937	biolink:causes	1
0.23179518	MONDO:0029144	HGNC:10719	biolink:causes	1
0.99997985	MONDO:0029148	HGNC:21675	biolink:causes	1
0.98774314	MONDO:0030006	HGNC:21020	biolink:gene_associated_with_condition	1
0.9860465	MONDO:0030045	HGNC:8999	biolink:causes	1
0.95326996	MONDO:0030055	HGNC:11184	biolink:causes	1
0.9496417	MONDO:0030072	HGNC:6970	biolink:causes	1
0.95446	MONDO:0030323	HGNC:16935	biolink:causes	1
0.99948126	MONDO:0030438	HGNC:7102	biolink:causes	1
0.99881613	MONDO:0030456	HGNC:6189	biolink:causes	1
0.7791632	MONDO:0030486	HGNC:14583	biolink:causes	1
0.96211493	MONDO:0030518	HGNC:6898	biolink:causes	1
0.8977521	MONDO:0030535	HGNC:6442	biolink:causes	1
0.99661106	MONDO:0030681	HGNC:6021	biolink:causes	1
0.9650778	MONDO:0030692	HGNC:18873	biolink:causes	1
0.97939384	MONDO:0030716	HGNC:15662	biolink:causes	1
0.98980415	MONDO:0030731	HGNC:25835	biolink:causes	1
0.8064988	MONDO:0030746	HGNC:6483	biolink:causes	1
0.9967456	MONDO:0030750	HGNC:2194	biolink:causes	1
0.9998653	MONDO:0030837	HGNC:7643	biolink:causes	1
0.9728625	MONDO:0030849	HGNC:10663	biolink:causes	1
0.99987245	MONDO:0030920	HGNC:1461	biolink:causes	1
0.9490972	MONDO:0030928	HGNC:6637	biolink:causes	1
0.99991965	MONDO:0030969	HGNC:15840	biolink:causes	1
0.9990458	MONDO:0030973	HGNC:29619	biolink:causes	1
0.99984646	MONDO:0031043	HGNC:28870	biolink:causes	1
0.98949754	MONDO:0031052	HGNC:25640	biolink:causes	1
0.99999964	MONDO:0032572	HGNC:20456	biolink:causes	1
0.9999968	MONDO:0032584	HGNC:1268	biolink:gene_associated_with_condition	1
0.99997663	MONDO:0032591	HGNC:14006	biolink:causes	1
0.89081824	MONDO:0032601	HGNC:11766	biolink:causes	1
0.9781991	MONDO:0032630	HGNC:7693	biolink:causes	1
0.9999999	MONDO:0032653	HGNC:1181	biolink:gene_associated_with_condition	1
0.9944296	MONDO:0032665	HGNC:25980	biolink:causes	1
0.9987809	MONDO:0032686	HGNC:25326	biolink:causes	1
0.9974534	MONDO:0032721	HGNC:15456	biolink:causes	1
0.9985008	MONDO:0032726	HGNC:29682	biolink:causes	1
0.99973875	MONDO:0032741	HGNC:12927	biolink:causes	1
0.70693177	MONDO:0032746	HGNC:28613	biolink:causes	1
0.9980475	MONDO:0032772	HGNC:2433	biolink:causes	1
0.9828699	MONDO:0032804	HGNC:2478	biolink:causes	1
0.99999905	MONDO:0032824	HGNC:15791	biolink:causes	1
0.992916	MONDO:0032845	HGNC:2946	biolink:causes	1
0.30155268	MONDO:0032867	HGNC:18072	biolink:contributes_to	1
0.9832509	MONDO:0032871	HGNC:29118	biolink:causes	1
0.97407925	MONDO:0032887	HGNC:30739	biolink:causes	1
0.998654	MONDO:0032891	HGNC:17754	biolink:causes	1
0.9998215	MONDO:0032895	HGNC:12527	biolink:causes	1
0.87785935	MONDO:0032899	HGNC:11301	biolink:causes	1
0.87785935	MONDO:0032899	HGNC:11301	biolink:gene_associated_with_condition	1
0.61134124	MONDO:0032907	HGNC:16709	biolink:causes	1
0.82024807	MONDO:0032915	HGNC:1449	biolink:causes	1
0.9982882	MONDO:0032927	HGNC:24552	biolink:causes	1
0.6453404	MONDO:0032936	HGNC:4023	biolink:causes	1
0.9998472	MONDO:0033008	HGNC:16197	biolink:causes	1
0.88272214	MONDO:0033116	HGNC:12828	biolink:causes	1
0.7470005	MONDO:0033202	HGNC:25966	biolink:causes	1
0.8031342	MONDO:0033365	HGNC:12852	biolink:causes	1
0.982215	MONDO:0033369	HGNC:11968	biolink:causes	1
0.99835265	MONDO:0033566	HGNC:26208	biolink:causes	1
0.99542564	MONDO:0033622	HGNC:28514	biolink:causes	1
0.98246217	MONDO:0033650	HGNC:2294	biolink:causes	1
0.9999999	MONDO:0033654	HGNC:40045	biolink:causes	1
0.0670144	MONDO:0033980	HGNC:28449	biolink:gene_associated_with_condition	1
0.08485701	MONDO:0033980	HGNC:9955	biolink:gene_associated_with_condition	1
0.020511784	MONDO:0035370	HGNC:437	biolink:gene_associated_with_condition	1
0.013971007	MONDO:0035555	HGNC:4173	biolink:gene_associated_with_condition	1
0.99989784	MONDO:0035651	HGNC:7133	biolink:gene_associated_with_condition	1
0.5295887	MONDO:0035706	HGNC:18420	biolink:gene_associated_with_condition	1
0.9983198	MONDO:0035819	HGNC:13488	biolink:causes	1
0.9983198	MONDO:0035819	HGNC:13488	biolink:gene_associated_with_condition	1
0.95377266	MONDO:0042979	HGNC:1397	biolink:causes	1
0.03153721	MONDO:0044273	HGNC:6285	biolink:contributes_to	1
0.99999905	MONDO:0044308	HGNC:27232	biolink:causes	1
0.85947037	MONDO:0044320	HGNC:4922	biolink:causes	1
0.9999497	MONDO:0044328	HGNC:29239	biolink:causes	1
0.7796194	MONDO:0044626	HGNC:20773	biolink:gene_associated_with_condition	1
0.04595151	MONDO:0044638	HGNC:6062	biolink:gene_associated_with_condition	1
0.05637797	MONDO:0044638	HGNC:9588	biolink:gene_associated_with_condition	1
0.16947988	MONDO:0044638	HGNC:11905	biolink:gene_associated_with_condition	1
0.8988196	MONDO:0044660	HGNC:5286	biolink:causes	1
0.9996575	MONDO:0044696	HGNC:24284	biolink:gene_associated_with_condition	1
0.9996345	MONDO:0044726	HGNC:1329	biolink:gene_associated_with_condition	1
0.99986243	MONDO:0049222	HGNC:26239	biolink:causes	1
0.7654198	MONDO:0054601	HGNC:13733	biolink:contributes_to	1
0.99999344	MONDO:0054637	HGNC:15454	biolink:causes	1
0.9874286	MONDO:0054699	HGNC:9541	biolink:causes	1
0.8950733	MONDO:0054743	HGNC:23161	biolink:causes	1
0.9978684	MONDO:0054764	HGNC:2342	biolink:causes	1
0.99979657	MONDO:0054776	HGNC:10590	biolink:causes	1
0.9697676	MONDO:0054785	HGNC:9119	biolink:causes	1
0.9557272	MONDO:0054802	HGNC:4823	biolink:causes	1
0.9226605	MONDO:0054833	HGNC:799	biolink:causes	1
0.65079457	MONDO:0054850	HGNC:29914	biolink:causes	1
0.99884015	MONDO:0060457	HGNC:14374	biolink:causes	1
0.94618994	MONDO:0060510	HGNC:3188	biolink:causes	1
0.9996973	MONDO:0060549	HGNC:8632	biolink:gene_associated_with_condition	1
0.9947574	MONDO:0060621	HGNC:12651	biolink:causes	1
0.9955258	MONDO:0060715	HGNC:6344	biolink:causes	1
0.7659174	MONDO:0060729	HGNC:2088	biolink:causes	1
1.0	MONDO:0060752	HGNC:26941	biolink:causes	1
0.99024147	MONDO:0060761	HGNC:21610	biolink:causes	1
0.98733693	MONDO:0100083	HGNC:10471	biolink:causes	1
0.5512202	MONDO:0100180	HGNC:8618	biolink:contributes_to	1
0.9966665	MONDO:0100252	HGNC:4125	biolink:causes	1
0.99999416	MONDO:0100296	HGNC:18084	biolink:causes	1
0.93493176	MONDO:0100354	HGNC:7569	biolink:gene_associated_with_condition	1
0.97796476	MONDO:0100354	HGNC:145	biolink:gene_associated_with_condition	1
0.6354244	MONDO:0100531	HGNC:3331	biolink:causes	1
0.8186106	MONDO:0100600	HGNC:30074	biolink:gene_associated_with_condition	1
0.272865	MONDO:0700298	HGNC:25221	biolink:causes	1
0.117575906	MONDO:0700338	HGNC:25118	biolink:causes	1
0.99838686	MONDO:0800028	HGNC:236	biolink:causes	1
0.99838686	MONDO:0800028	HGNC:236	biolink:gene_associated_with_condition	1
0.9999907	MONDO:0800167	HGNC:2195	biolink:causes	1
0.9460874	MONDO:0800341	HGNC:12012	biolink:causes	1
0.93528336	MONDO:0800445	HGNC:27310	biolink:causes	1
0.5104365	MONDO:0850067	HGNC:14334	biolink:gene_associated_with_condition	1
0.9999479	MONDO:0859147	HGNC:21244	biolink:gene_associated_with_condition	1
0.9999999	MONDO:0859160	HGNC:20213	biolink:causes	1
0.99466044	MONDO:0859164	HGNC:30594	biolink:causes	1
0.9999528	MONDO:0859180	HGNC:29956	biolink:causes	1
0.9990715	MONDO:0859188	HGNC:2021	biolink:causes	1
0.76684403	MONDO:0859238	HGNC:600	biolink:causes	1
0.95464456	MONDO:0859246	HGNC:3607	biolink:causes	1
0.9956275	MONDO:0859250	HGNC:2326	biolink:causes	1
0.96876657	MONDO:0859328	HGNC:19903	biolink:causes	1
0.99717975	MONDO:0859340	HGNC:3671	biolink:causes	1
0.99717975	MONDO:0859340	HGNC:3671	biolink:gene_associated_with_condition	1
0.94366914	MONDO:0859369	HGNC:7776	biolink:causes	1
0.9999993	MONDO:0859575	HGNC:17814	biolink:causes	1
0.8152609	MONDO:0957220	HGNC:21839	biolink:causes	1
0.98485315	MONDO:0957240	HGNC:12565	biolink:causes	1
0.9987583	MONDO:0957281	HGNC:11948	biolink:causes	1
0.9999987	MONDO:0957382	HGNC:4208	biolink:causes	1
0.34461167	MONDO:0957530	HGNC:26144	biolink:contributes_to	1
0.99898607	MONDO:0957577	HGNC:9280	biolink:causes	1
0.8537542	MONDO:0957584	HGNC:14967	biolink:causes	1
0.8340719	MONDO:0957809	HGNC:11302	biolink:causes	1
0.999995	MONDO:0957953	HGNC:21648	biolink:causes	1
0.9722715	MONDO:0958013	HGNC:18276	biolink:causes	1
0.9821378	MONDO:0958189	HGNC:16466	biolink:causes	1
0.9994711	MONDO:0958236	HGNC:2213	biolink:causes	1
0.8920743	MONDO:0958262	HGNC:8773	biolink:gene_associated_with_condition	1
1.0	MONDO:0958322	HGNC:12869	biolink:causes	1
0.9999976	MONDO:0958331	HGNC:11018	biolink:causes	1
0.87263346	MONDO:0958353	HGNC:2211	biolink:gene_associated_with_condition	1
0.9520116	MONDO:0968982	HGNC:25321	biolink:causes	1
0.9987728	MONDO:0971001	HGNC:9538	biolink:causes	1
0.99995637	MONDO:0971014	HGNC:9986	biolink:causes	1
0.99999964	MONDO:0971171	HGNC:14245	biolink:causes	1
0.324611	MONDO:0975761	HGNC:21290	biolink:causes	1
0.99515057	MONDO:0975828	HGNC:11402	biolink:causes	1
0.04620573	MONDO:0975837	HGNC:37247	biolink:causes	1
0.13224468	MONDO:0975841	HGNC:34519	biolink:causes	1
0.20693456	MONDO:0976232	HGNC:2673	biolink:causes	1
0.031687286	MONDO:0976265	HGNC:26933	biolink:causes	1
0.47042352	MONDO:0976269	HGNC:29077	biolink:causes	1
0.9949917	MONDO:1040033	HGNC:17997	biolink:gene_associated_with_condition	1
0.82627773	MONDO:8000006	HGNC:2561	biolink:gene_associated_with_condition	1
0.97170424	HGNC:20	MONDO:0013212	biolink:causes	1
0.98260283	HGNC:33	MONDO:0009929	biolink:gene_associated_with_condition	1
0.94450456	HGNC:33	MONDO:0800029	biolink:gene_associated_with_condition	1
0.78682554	HGNC:53	MONDO:0009380	biolink:causes	1
0.052198127	HGNC:59	MONDO:0019333	biolink:gene_associated_with_condition	1
0.9935881	HGNC:59	MONDO:0030088	biolink:causes	1
0.99541134	HGNC:13921	MONDO:0030673	biolink:causes	1
0.98178816	HGNC:319	MONDO:0012019	biolink:gene_associated_with_condition	1
0.99887747	HGNC:319	MONDO:0014343	biolink:causes	1
0.90515536	HGNC:319	MONDO:0018566	biolink:gene_associated_with_condition	1
0.22701934	HGNC:123	MONDO:0008705	biolink:causes	1
0.97796476	HGNC:145	MONDO:0100354	biolink:gene_associated_with_condition	1
0.97586924	HGNC:195	MONDO:0013693	biolink:causes	1
0.9999527	HGNC:219	MONDO:0007922	biolink:causes	1
0.99966633	HGNC:1366	MONDO:0010122	biolink:causes	1
0.99966633	HGNC:1366	MONDO:0010122	biolink:gene_associated_with_condition	1
0.71811676	HGNC:232	MONDO:0012421	biolink:causes	1
0.9993492	HGNC:4512	MONDO:0011738	biolink:causes	1
0.99999976	HGNC:3776	MONDO:0010659	biolink:causes	1
0.99959797	HGNC:28762	MONDO:0859206	biolink:causes	1
0.9291665	HGNC:327	MONDO:0010823	biolink:gene_associated_with_condition	1
0.99817395	HGNC:327	MONDO:0014343	biolink:causes	1
0.9914191	HGNC:13203	MONDO:0011528	biolink:causes	1
0.9999968	HGNC:360	MONDO:0009411	biolink:gene_associated_with_condition	1
0.9398867	HGNC:385	MONDO:0013664	biolink:gene_associated_with_condition	1
0.9719149	HGNC:414	MONDO:0012747	biolink:causes	1
0.999966	HGNC:19358	MONDO:0011783	biolink:causes	1
0.14438008	HGNC:427	MONDO:0013083	biolink:contributes_to	1
0.8330543	HGNC:427	MONDO:0044792	biolink:gene_associated_with_condition	1
0.99998415	HGNC:449	MONDO:0007636	biolink:causes	1
0.99970454	HGNC:9137	MONDO:0054844	biolink:causes	1
0.94515586	HGNC:3544	MONDO:0009211	biolink:causes	1
0.94515586	HGNC:3544	MONDO:0009211	biolink:gene_associated_with_condition	1
0.8785461	HGNC:3530	MONDO:0009315	biolink:causes	1
0.94286907	HGNC:3530	MONDO:0012526	biolink:gene_associated_with_condition	1
0.96160895	HGNC:29162	MONDO:0010176	biolink:gene_associated_with_condition	1
0.91789186	HGNC:25808	MONDO:0011630	biolink:causes	1
0.9998124	HGNC:3586	MONDO:0009215	biolink:causes	1
0.9993449	HGNC:23109	MONDO:0007922	biolink:causes	1
0.9999999	HGNC:23109	MONDO:0014242	biolink:causes	1
0.7937289	HGNC:3600	MONDO:0011984	biolink:causes	1
0.7937289	HGNC:3600	MONDO:0011984	biolink:gene_associated_with_condition	1
0.67340493	HGNC:3600	MONDO:0018443	biolink:gene_associated_with_condition	1
0.98465234	HGNC:13607	MONDO:0030057	biolink:causes	1
0.30062783	HGNC:3616	MONDO:0009061	biolink:contributes_to	1
0.9861443	HGNC:23151	MONDO:0013016	biolink:causes	1
0.9861443	HGNC:23151	MONDO:0013016	biolink:gene_associated_with_condition	1
0.87643266	HGNC:3662	MONDO:0015096	biolink:gene_associated_with_condition	1
0.99775875	HGNC:3686	MONDO:0014343	biolink:causes	1
0.84666705	HGNC:3686	MONDO:0019758	biolink:gene_associated_with_condition	1
0.95406294	HGNC:3694	MONDO:0015096	biolink:gene_associated_with_condition	1
0.98568165	HGNC:18169	MONDO:0009804	biolink:gene_associated_with_condition	1
0.9922259	HGNC:18169	MONDO:0009806	biolink:causes	1
0.93889445	HGNC:3756	MONDO:0014883	biolink:causes	1
0.9210823	HGNC:3756	MONDO:0013550	biolink:causes	1
0.9210823	HGNC:3756	MONDO:0013550	biolink:gene_associated_with_condition	1
0.84841186	HGNC:3767	MONDO:0032913	biolink:causes	1
0.9054177	HGNC:3767	MONDO:0008542	biolink:causes	1
0.9022574	HGNC:3778	MONDO:0011165	biolink:causes	1
0.541034	HGNC:3791	MONDO:0013110	biolink:gene_associated_with_condition	1
0.9999999	HGNC:3809	MONDO:0009934	biolink:gene_associated_with_condition	1
0.99933845	HGNC:35123	MONDO:0958194	biolink:causes	1
0.9224749	HGNC:3999	MONDO:0010952	biolink:gene_associated_with_condition	1
0.84540576	HGNC:3999	MONDO:0014274	biolink:causes	1
0.84540576	HGNC:3999	MONDO:0014274	biolink:gene_associated_with_condition	1
0.058647625	HGNC:4014	MONDO:0033552	biolink:causes	1
0.22413062	HGNC:26219	MONDO:0850078	biolink:gene_associated_with_condition	1
0.6453404	HGNC:4023	MONDO:0032936	biolink:causes	1
0.79243505	HGNC:4023	MONDO:0032937	biolink:causes	1
0.011691445	HGNC:14673	MONDO:0012395	biolink:causes	1
0.72093064	HGNC:4083	MONDO:0012843	biolink:contributes_to	1
0.8379636	HGNC:4116	MONDO:0017691	biolink:gene_associated_with_condition	1
0.9966665	HGNC:4125	MONDO:0100252	biolink:causes	1
0.9999801	HGNC:4135	MONDO:0009258	biolink:causes	1
0.9999801	HGNC:4135	MONDO:0009258	biolink:gene_associated_with_condition	1
0.8882357	HGNC:4171	MONDO:0013607	biolink:causes	1
0.013971007	HGNC:4173	MONDO:0035555	biolink:gene_associated_with_condition	1
0.9324307	HGNC:8849	MONDO:0030007	biolink:causes	1
0.9291692	HGNC:4195	MONDO:0007453	biolink:causes	1
0.80319285	HGNC:4312	MONDO:0012039	biolink:contributes_to	1
0.74157715	HGNC:4217	MONDO:0014217	biolink:causes	1
0.99912804	HGNC:4249	MONDO:0859189	biolink:causes	1
0.89942676	HGNC:4261	MONDO:0009879	biolink:causes	1
0.97512734	HGNC:4261	MONDO:0008250	biolink:gene_associated_with_condition	1
0.9714248	HGNC:4274	MONDO:0007922	biolink:causes	1
0.9952631	HGNC:4286	MONDO:0033012	biolink:causes	1
0.999977	HGNC:4318	MONDO:0012563	biolink:causes	1
0.9935322	HGNC:20134	MONDO:0014803	biolink:causes	1
0.9935322	HGNC:20134	MONDO:0014803	biolink:gene_associated_with_condition	1
0.9969037	HGNC:20134	MONDO:0014804	biolink:gene_associated_with_condition	1
0.9996511	HGNC:22932	MONDO:0014141	biolink:causes	1
0.9963606	HGNC:22932	MONDO:0018277	biolink:gene_associated_with_condition	1
0.9999702	HGNC:24872	MONDO:0011301	biolink:causes	1
0.91408867	HGNC:4398	MONDO:0859173	biolink:causes	1
0.9822636	HGNC:23657	MONDO:0011603	biolink:causes	1
0.99982435	HGNC:23657	MONDO:0010028	biolink:gene_associated_with_condition	1
0.9860324	HGNC:23657	MONDO:0958325	biolink:causes	1
0.9477174	HGNC:23657	MONDO:0014518	biolink:gene_associated_with_condition	1
0.61590946	HGNC:4415	MONDO:0011698	biolink:gene_associated_with_condition	1
0.9999912	HGNC:4422	MONDO:0009658	biolink:causes	1
0.98576015	HGNC:4431	MONDO:0013526	biolink:causes	1
0.98840374	HGNC:24945	MONDO:0014412	biolink:causes	1
0.9946526	HGNC:20145	MONDO:0010435	biolink:causes	1
0.99843425	HGNC:20145	MONDO:0021019	biolink:gene_associated_with_condition	1
0.684407	HGNC:2001	MONDO:0012041	biolink:causes	1
0.9799321	HGNC:4584	MONDO:0013907	biolink:gene_associated_with_condition	1
0.99976605	HGNC:4588	MONDO:0014947	biolink:causes	1
0.25562525	HGNC:21270	MONDO:0976266	biolink:causes	1
0.8252394	HGNC:4623	MONDO:0019531	biolink:gene_associated_with_condition	1
0.681263	HGNC:4635	MONDO:0009061	biolink:gene_associated_with_condition	1
0.9996921	HGNC:24959	MONDO:0020762	biolink:causes	1
0.9963517	HGNC:4651	MONDO:0014841	biolink:causes	1
0.9995241	HGNC:21157	MONDO:0014619	biolink:causes	1
0.89043534	HGNC:4678	MONDO:0008377	biolink:causes	1
0.999874	HGNC:15808	MONDO:0007875	biolink:causes	1
0.99999046	HGNC:15808	MONDO:0007738	biolink:causes	1
0.98685837	HGNC:15808	MONDO:0060556	biolink:gene_associated_with_condition	1
0.779402	HGNC:4718	MONDO:0044323	biolink:causes	1
0.93574524	HGNC:4799	MONDO:0017715	biolink:causes	1
0.98418474	HGNC:4799	MONDO:0012382	biolink:causes	1
0.98418474	HGNC:4799	MONDO:0012382	biolink:gene_associated_with_condition	1
0.96093875	HGNC:4823	MONDO:0018023	biolink:gene_associated_with_condition	1
0.9557272	HGNC:4823	MONDO:0054802	biolink:causes	1
0.511857	HGNC:4823	MONDO:0007716	biolink:gene_associated_with_condition	1
0.98157537	HGNC:4823	MONDO:0013512	biolink:gene_associated_with_condition	1
0.6929391	HGNC:4831	MONDO:0016672	biolink:gene_associated_with_condition	1
0.8515188	HGNC:4831	MONDO:0018749	biolink:gene_associated_with_condition	1
0.99992156	HGNC:4837	MONDO:0024552	biolink:causes	1
0.87908334	HGNC:23302	MONDO:0030619	biolink:causes	1
0.23931855	HGNC:4944	MONDO:0019082	biolink:gene_associated_with_condition	1
0.99893004	HGNC:4982	MONDO:0958226	biolink:causes	1
0.9918343	HGNC:5013	MONDO:0013536	biolink:causes	1
0.25981995	HGNC:11630	MONDO:0015268	biolink:gene_associated_with_condition	1
0.3560825	HGNC:11630	MONDO:0019644	biolink:gene_associated_with_condition	1
0.09255703	HGNC:11630	MONDO:0019981	biolink:gene_associated_with_condition	1
0.7688815	HGNC:11630	MONDO:0013797	biolink:gene_associated_with_condition	1
0.7712278	HGNC:5044	MONDO:0018131	biolink:gene_associated_with_condition	1
0.77371824	HGNC:5173	MONDO:0017317	biolink:gene_associated_with_condition	1
0.924703	HGNC:5173	MONDO:0044792	biolink:causes	1
0.9039624	HGNC:5173	MONDO:0008097	biolink:causes	1
0.9039624	HGNC:5173	MONDO:0008097	biolink:gene_associated_with_condition	1
0.988858	HGNC:5209	MONDO:0009025	biolink:causes	1
0.9999453	HGNC:5213	MONDO:0009855	biolink:gene_associated_with_condition	1
0.9936951	HGNC:5273	MONDO:0011929	biolink:gene_associated_with_condition	1
0.997341	HGNC:5273	MONDO:0009140	biolink:gene_associated_with_condition	1
0.9740845	HGNC:14348	MONDO:0044723	biolink:gene_associated_with_condition	1
0.9999877	HGNC:27302	MONDO:0014132	biolink:gene_associated_with_condition	1
0.9954236	HGNC:5383	MONDO:0014343	biolink:causes	1
0.23923945	HGNC:5383	MONDO:0016689	biolink:gene_associated_with_condition	1
0.79796594	HGNC:5383	MONDO:0019456	biolink:gene_associated_with_condition	1
0.93816584	HGNC:5383	MONDO:0013345	biolink:causes	1
0.024111144	HGNC:5383	MONDO:0016703	biolink:gene_associated_with_condition	1
0.9916495	HGNC:5950	MONDO:0007871	biolink:causes	1
0.9999355	HGNC:5956	MONDO:0011907	biolink:causes	1
0.82924515	HGNC:5960	MONDO:0014267	biolink:causes	1
0.82924515	HGNC:5960	MONDO:0014267	biolink:gene_associated_with_condition	1
0.9644056	HGNC:5961	MONDO:0010631	biolink:causes	1
0.9999883	HGNC:6010	MONDO:0010315	biolink:causes	1
0.9999883	HGNC:6010	MONDO:0010315	biolink:gene_associated_with_condition	1
0.32339588	HGNC:5965	MONDO:0012488	biolink:contributes_to	1
0.99910223	HGNC:6005	MONDO:0014338	biolink:causes	1
0.99910223	HGNC:6005	MONDO:0014338	biolink:gene_associated_with_condition	1
0.99183273	HGNC:21474	MONDO:0012423	biolink:causes	1
0.99759513	HGNC:6080	MONDO:0014343	biolink:causes	1
0.99961483	HGNC:29059	MONDO:0010656	biolink:gene_associated_with_condition	1
0.74745923	HGNC:29059	MONDO:0008434	biolink:gene_associated_with_condition	1
0.23671062	HGNC:17020	MONDO:0012607	biolink:contributes_to	1
0.98956585	HGNC:13890	MONDO:0013245	biolink:causes	1
0.98956585	HGNC:13890	MONDO:0013245	biolink:gene_associated_with_condition	1
0.9371685	HGNC:6158	MONDO:0012807	biolink:gene_associated_with_condition	1
0.99881613	HGNC:6189	MONDO:0030456	biolink:causes	1
0.98728555	HGNC:17933	MONDO:0033547	biolink:causes	1
1.0	HGNC:6254	MONDO:0957812	biolink:causes	1
0.99195975	HGNC:6284	MONDO:0012276	biolink:causes	1
0.9999683	HGNC:6284	MONDO:0032886	biolink:gene_associated_with_condition	1
0.03153721	HGNC:6285	MONDO:0044273	biolink:contributes_to	1
0.31134972	HGNC:29079	MONDO:0700299	biolink:contributes_to	1
0.026390959	HGNC:6308	MONDO:0020611	biolink:causes	1
0.7036189	HGNC:6315	MONDO:0009252	biolink:causes	1
0.9814293	HGNC:22219	MONDO:0008377	biolink:causes	1
0.90520793	HGNC:22219	MONDO:0016692	biolink:gene_associated_with_condition	1
0.589592	HGNC:6323	MONDO:0017940	biolink:gene_associated_with_condition	1
0.71910596	HGNC:19181	MONDO:0014552	biolink:gene_associated_with_condition	1
0.3539189	HGNC:19349	MONDO:0100101	biolink:gene_associated_with_condition	1
0.27135634	HGNC:6342	MONDO:0015557	biolink:gene_associated_with_condition	1
0.041625697	HGNC:6342	MONDO:0015555	biolink:gene_associated_with_condition	1
0.7135093	HGNC:6342	MONDO:0020320	biolink:gene_associated_with_condition	1
0.9955258	HGNC:6344	MONDO:0060715	biolink:causes	1
0.98910135	HGNC:20716	MONDO:0012297	biolink:causes	1
0.98910135	HGNC:20716	MONDO:0012297	biolink:gene_associated_with_condition	1
0.99728274	HGNC:13672	MONDO:0012774	biolink:causes	1
0.6406039	HGNC:6439	MONDO:0007813	biolink:causes	1
0.6406039	HGNC:6439	MONDO:0007813	biolink:gene_associated_with_condition	1
0.6745606	HGNC:6427	MONDO:0008485	biolink:gene_associated_with_condition	1
0.9352028	HGNC:6485	MONDO:0031061	biolink:causes	1
0.7320644	HGNC:24912	MONDO:0014031	biolink:causes	1
0.99701095	HGNC:6518	MONDO:0014343	biolink:causes	1
0.97729945	HGNC:6518	MONDO:0013276	biolink:causes	1
0.9936621	HGNC:6518	MONDO:0018663	biolink:gene_associated_with_condition	1
0.67569137	HGNC:15710	MONDO:0017401	biolink:gene_associated_with_condition	1
0.9811928	HGNC:15710	MONDO:0011094	biolink:causes	1
0.9414212	HGNC:19708	MONDO:0009505	biolink:causes	1
1.0	HGNC:18711	MONDO:0859277	biolink:causes	1
0.90318197	HGNC:6617	MONDO:0019148	biolink:causes	1
0.90318197	HGNC:6617	MONDO:0019148	biolink:gene_associated_with_condition	1
0.9937277	HGNC:13243	MONDO:0007615	biolink:causes	1
0.9102252	HGNC:13243	MONDO:0008572	biolink:gene_associated_with_condition	1
0.9929283	HGNC:13243	MONDO:0008700	biolink:gene_associated_with_condition	1
0.96023166	HGNC:6633	MONDO:0008542	biolink:causes	1
0.9490972	HGNC:6637	MONDO:0030928	biolink:causes	1
0.998654	HGNC:23405	MONDO:0014070	biolink:causes	1
0.9954749	HGNC:6696	MONDO:0008931	biolink:causes	1
0.98560125	HGNC:6696	MONDO:0013679	biolink:causes	1
0.95278394	HGNC:6740	MONDO:0971009	biolink:causes	1
0.99999976	HGNC:6766	MONDO:0033561	biolink:causes	1
0.99999976	HGNC:6766	MONDO:0033561	biolink:gene_associated_with_condition	1
0.9999871	HGNC:6776	MONDO:0010992	biolink:causes	1
0.90424514	HGNC:16353	MONDO:0010503	biolink:gene_associated_with_condition	1
0.9953086	HGNC:6831	MONDO:0009562	biolink:gene_associated_with_condition	1
0.54443157	HGNC:485	MONDO:0023662	biolink:causes	1
0.96107715	HGNC:493	MONDO:0020745	biolink:causes	1
0.99718034	HGNC:23575	MONDO:0859186	biolink:causes	1
0.99820447	HGNC:21732	MONDO:0014343	biolink:causes	1
0.99988985	HGNC:1361	MONDO:0030455	biolink:causes	1
0.10397875	HGNC:18971	MONDO:0015597	biolink:gene_associated_with_condition	1
0.23230861	HGNC:18971	MONDO:0014494	biolink:contributes_to	1
0.7365839	HGNC:613	MONDO:0011743	biolink:causes	1
0.2062592	HGNC:613	MONDO:0011285	biolink:contributes_to	1
0.80132866	HGNC:644	MONDO:0010720	biolink:gene_associated_with_condition	1
0.6235532	HGNC:644	MONDO:0019848	biolink:gene_associated_with_condition	1
0.22299804	HGNC:714	MONDO:0017172	biolink:gene_associated_with_condition	1
0.99932563	HGNC:719	MONDO:0014343	biolink:causes	1
0.9773721	HGNC:16448	MONDO:0008377	biolink:causes	1
0.99999964	HGNC:29357	MONDO:0014205	biolink:causes	1
0.8257499	HGNC:791	MONDO:0014677	biolink:causes	1
0.99996555	HGNC:3033	MONDO:0032781	biolink:causes	1
0.9896372	HGNC:6903	MONDO:0009607	biolink:causes	1
0.99523205	HGNC:6936	MONDO:0008861	biolink:causes	1
0.85163075	HGNC:25636	MONDO:0008542	biolink:causes	1
0.92108494	HGNC:2375	MONDO:0013351	biolink:gene_associated_with_condition	1
0.9694038	HGNC:28845	MONDO:0011570	biolink:causes	1
0.9948265	HGNC:6998	MONDO:0007191	biolink:gene_associated_with_condition	1
0.8466281	HGNC:6998	MONDO:0018015	biolink:gene_associated_with_condition	1
0.8130375	HGNC:7027	MONDO:0013469	biolink:causes	1
0.9989543	HGNC:29659	MONDO:0014343	biolink:causes	1
0.99969983	HGNC:26988	MONDO:0014409	biolink:causes	1
0.96364534	HGNC:28486	MONDO:0012588	biolink:causes	1
0.7919291	HGNC:21086	MONDO:0014042	biolink:causes	1
0.8638101	HGNC:7096	MONDO:0010489	biolink:causes	1
0.9990602	HGNC:7104	MONDO:0014976	biolink:causes	1
0.9990602	HGNC:7104	MONDO:0014976	biolink:gene_associated_with_condition	1
0.8321937	HGNC:7105	MONDO:0007077	biolink:causes	1
0.8321937	HGNC:7105	MONDO:0007077	biolink:gene_associated_with_condition	1
0.9884743	HGNC:17082	MONDO:0024555	biolink:causes	1
0.90515214	HGNC:16063	MONDO:0020512	biolink:gene_associated_with_condition	1
0.08701225	HGNC:7171	MONDO:0011929	biolink:gene_associated_with_condition	1
0.9946918	HGNC:7526	MONDO:0017360	biolink:gene_associated_with_condition	1
0.99904555	HGNC:4979	MONDO:0014343	biolink:causes	1
0.9964161	HGNC:24862	MONDO:0011629	biolink:causes	1
0.66715974	HGNC:7208	MONDO:0017116	biolink:gene_associated_with_condition	1
0.9863644	HGNC:16352	MONDO:0032815	biolink:causes	1
0.95926857	HGNC:10378	MONDO:0033533	biolink:causes	1
0.9577691	HGNC:16650	MONDO:0014162	biolink:causes	1
0.99136823	HGNC:14508	MONDO:0012718	biolink:causes	1
0.5104365	HGNC:14334	MONDO:0850067	biolink:gene_associated_with_condition	1
0.4246863	HGNC:7372	MONDO:0012758	biolink:contributes_to	1
0.9910053	HGNC:7499	MONDO:0010792	biolink:gene_associated_with_condition	1
0.9863175	HGNC:25532	MONDO:0013354	biolink:gene_associated_with_condition	1
0.80117744	HGNC:7467	MONDO:0008377	biolink:causes	1
0.33477497	HGNC:21666	MONDO:0011490	biolink:gene_associated_with_condition	1
0.7251905	HGNC:7576	MONDO:0013198	biolink:causes	1
0.8917306	HGNC:7599	MONDO:0013589	biolink:causes	1
0.59611094	HGNC:7601	MONDO:0011774	biolink:causes	1
0.99987876	HGNC:17996	MONDO:0009377	biolink:causes	1
0.99987876	HGNC:17996	MONDO:0009377	biolink:gene_associated_with_condition	1
0.997656	HGNC:7652	MONDO:0009623	biolink:gene_associated_with_condition	1
0.9935948	HGNC:7702	MONDO:0859320	biolink:causes	1
0.9998747	HGNC:20372	MONDO:0024552	biolink:causes	1
0.9690049	HGNC:7717	MONDO:0032612	biolink:causes	1
0.99979883	HGNC:7737	MONDO:0014836	biolink:causes	1
0.9867553	HGNC:13387	MONDO:0013444	biolink:causes	1
0.9720363	HGNC:13387	MONDO:0971178	biolink:causes	1
0.94366914	HGNC:7776	MONDO:0859369	biolink:causes	1
0.97115874	HGNC:7782	MONDO:0060591	biolink:causes	1
0.5756562	HGNC:17043	MONDO:0014294	biolink:gene_associated_with_condition	1
0.99997866	HGNC:28018	MONDO:0012847	biolink:causes	1
0.9104129	HGNC:32940	MONDO:0008542	biolink:causes	1
0.98572403	HGNC:14374	MONDO:0014089	biolink:causes	1
0.99884015	HGNC:14374	MONDO:0060457	biolink:causes	1
0.5152703	HGNC:7865	MONDO:0019758	biolink:gene_associated_with_condition	1
0.28037614	HGNC:7876	MONDO:0007088	biolink:contributes_to	1
0.8774196	HGNC:7876	MONDO:0020671	biolink:contributes_to	1
0.9954399	HGNC:7882	MONDO:0007057	biolink:causes	1
0.9876342	HGNC:19104	MONDO:0011756	biolink:causes	1
0.4776806	HGNC:7978	MONDO:0009050	biolink:gene_associated_with_condition	1
1.0	HGNC:7994	MONDO:0859236	biolink:causes	1
0.029881233	HGNC:8008	MONDO:0013696	biolink:contributes_to	1
0.98329043	HGNC:8008	MONDO:0013690	biolink:causes	1
0.55507904	HGNC:14234	MONDO:0016461	biolink:gene_associated_with_condition	1
0.999982	HGNC:14234	MONDO:0019349	biolink:causes	1
0.999982	HGNC:14234	MONDO:0019349	biolink:gene_associated_with_condition	1
0.99863595	HGNC:25994	MONDO:0012613	biolink:causes	1
0.89987165	HGNC:8029	MONDO:0008002	biolink:causes	1
0.8650725	HGNC:8031	MONDO:0007958	biolink:causes	1
0.5696762	HGNC:29929	MONDO:0032583	biolink:causes	1
0.9902766	HGNC:29092	MONDO:0014343	biolink:causes	1
0.90164584	HGNC:8104	MONDO:0020789	biolink:causes	1
0.99741143	HGNC:8108	MONDO:0010645	biolink:gene_associated_with_condition	1
0.9544879	HGNC:8140	MONDO:0008377	biolink:causes	1
0.9935494	HGNC:8140	MONDO:0008858	biolink:gene_associated_with_condition	1
0.98521763	HGNC:8149	MONDO:0009825	biolink:causes	1
0.98521763	HGNC:8149	MONDO:0009825	biolink:gene_associated_with_condition	1
0.9997093	HGNC:25896	MONDO:0013007	biolink:causes	1
0.99555933	HGNC:25896	MONDO:0014383	biolink:causes	1
0.9466404	HGNC:8565	MONDO:0958176	biolink:causes	1
0.9999858	HGNC:8592	MONDO:0010361	biolink:causes	1
0.9996501	HGNC:29679	MONDO:0013223	biolink:causes	1
0.9984301	HGNC:8604	MONDO:0014343	biolink:causes	1
0.97833097	HGNC:8604	MONDO:0019666	biolink:gene_associated_with_condition	1
0.5512202	HGNC:8618	MONDO:0100180	biolink:contributes_to	1
0.9996973	HGNC:8632	MONDO:0060549	biolink:gene_associated_with_condition	1
0.05323777	HGNC:8632	MONDO:0600030	biolink:gene_associated_with_condition	1
0.99999475	HGNC:8657	MONDO:0009625	biolink:causes	1
0.99997103	HGNC:14270	MONDO:0010246	biolink:gene_associated_with_condition	1
0.9997806	HGNC:8717	MONDO:0859252	biolink:causes	1
0.9992067	HGNC:8756	MONDO:0032906	biolink:causes	1
0.9992067	HGNC:8756	MONDO:0032906	biolink:gene_associated_with_condition	1
0.99973303	HGNC:8794	MONDO:0012205	biolink:causes	1
0.3991007	HGNC:8794	MONDO:0958263	biolink:gene_associated_with_condition	1
0.8920743	HGNC:8773	MONDO:0958262	biolink:gene_associated_with_condition	1
0.7793461	HGNC:8846	MONDO:0011442	biolink:causes	1
0.95128715	HGNC:9719	MONDO:0018598	biolink:gene_associated_with_condition	1
0.98121303	HGNC:9719	MONDO:0019174	biolink:gene_associated_with_condition	1
0.9967782	HGNC:9719	MONDO:0008954	biolink:causes	1
0.9977533	HGNC:8859	MONDO:0014343	biolink:causes	1
0.99973994	HGNC:8853	MONDO:0013967	biolink:causes	1
0.9608735	HGNC:8853	MONDO:0018598	biolink:gene_associated_with_condition	1
0.99700314	HGNC:8855	MONDO:0019174	biolink:gene_associated_with_condition	1
0.9999908	HGNC:22965	MONDO:0013938	biolink:causes	1
0.94707376	HGNC:8896	MONDO:0008377	biolink:causes	1
0.80193084	HGNC:8896	MONDO:0010392	biolink:gene_associated_with_condition	1
0.99979025	HGNC:8925	MONDO:0010362	biolink:gene_associated_with_condition	1
0.9998666	HGNC:14938	MONDO:0014165	biolink:gene_associated_with_condition	1
0.8892623	HGNC:23213	MONDO:0012465	biolink:gene_associated_with_condition	1
0.99997926	HGNC:23213	MONDO:0014457	biolink:causes	1
0.9672454	HGNC:8977	MONDO:0014222	biolink:causes	1
0.8795794	HGNC:8996	MONDO:0012656	biolink:causes	1
0.9984971	HGNC:9004	MONDO:0014343	biolink:causes	1
0.434869	HGNC:9004	MONDO:0017382	biolink:gene_associated_with_condition	1
0.99280727	HGNC:20313	MONDO:0968981	biolink:causes	1
0.050602246	HGNC:9046	MONDO:0019921	biolink:gene_associated_with_condition	1
0.25026935	HGNC:9046	MONDO:0011073	biolink:contributes_to	1
0.9986426	HGNC:30260	MONDO:0012407	biolink:gene_associated_with_condition	1
0.9950304	HGNC:9173	MONDO:0010523	biolink:gene_associated_with_condition	1
0.9999341	HGNC:19743	MONDO:0013154	biolink:causes	1
0.96889526	HGNC:19743	MONDO:0013162	biolink:gene_associated_with_condition	1
0.9843524	HGNC:9218	MONDO:0859158	biolink:causes	1
0.38626513	HGNC:9236	MONDO:0016681	biolink:gene_associated_with_condition	1
0.58809686	HGNC:9236	MONDO:0011448	biolink:gene_associated_with_condition	1
0.82719994	HGNC:9236	MONDO:0016682	biolink:gene_associated_with_condition	1
0.9501132	HGNC:9255	MONDO:0008148	biolink:gene_associated_with_condition	1
0.9261441	HGNC:9260	MONDO:0030258	biolink:causes	1
0.9980363	HGNC:30595	MONDO:0014343	biolink:causes	1
0.96879756	HGNC:9312	MONDO:0014602	biolink:gene_associated_with_condition	1
0.9999994	HGNC:13997	MONDO:0014662	biolink:causes	1
0.8289325	HGNC:14000	MONDO:0014152	biolink:causes	1
0.999992	HGNC:9369	MONDO:0859276	biolink:causes	1
0.9964651	HGNC:9386	MONDO:0009867	biolink:causes	1
0.9964651	HGNC:9386	MONDO:0009867	biolink:gene_associated_with_condition	1
0.9653427	HGNC:9402	MONDO:0011540	biolink:causes	1
0.9987909	HGNC:15836	MONDO:0007794	biolink:causes	1
0.98612994	HGNC:15836	MONDO:0019828	biolink:gene_associated_with_condition	1
0.73711187	HGNC:9460	MONDO:0017993	biolink:gene_associated_with_condition	1
0.96623534	HGNC:9498	MONDO:0017729	biolink:gene_associated_with_condition	1
0.97866005	HGNC:9498	MONDO:0012720	biolink:causes	1
0.8028091	HGNC:9585	MONDO:0011556	biolink:causes	1
0.9178373	HGNC:9585	MONDO:0017218	biolink:gene_associated_with_condition	1
0.99599165	HGNC:9585	MONDO:0012562	biolink:causes	1
0.9894147	HGNC:9607	MONDO:0013244	biolink:causes	1
0.8461486	HGNC:9644	MONDO:0007979	biolink:causes	1
0.8461486	HGNC:9644	MONDO:0007979	biolink:gene_associated_with_condition	1
0.99745125	HGNC:9644	MONDO:0014343	biolink:causes	1
0.79982984	HGNC:9670	MONDO:0014450	biolink:causes	1
0.32834655	HGNC:14957	MONDO:0033482	biolink:gene_associated_with_condition	1
0.028880853	HGNC:819	MONDO:0018742	biolink:gene_associated_with_condition	1
0.99985456	HGNC:868	MONDO:0010504	biolink:causes	1
0.99846786	HGNC:851	MONDO:0027451	biolink:causes	1
0.9960383	HGNC:18481	MONDO:0009054	biolink:gene_associated_with_condition	1
0.6274393	HGNC:13552	MONDO:0030724	biolink:causes	1
0.75590426	HGNC:13552	MONDO:0800029	biolink:gene_associated_with_condition	1
1.0	HGNC:32925	MONDO:0012116	biolink:gene_associated_with_condition	1
0.9973347	HGNC:13221	MONDO:0014914	biolink:causes	1
0.95953465	HGNC:1014	MONDO:0020512	biolink:gene_associated_with_condition	1
0.9955087	HGNC:35126	MONDO:0012271	biolink:causes	1
0.9992481	HGNC:35126	MONDO:0014343	biolink:causes	1
0.872407	HGNC:35126	MONDO:0009222	biolink:gene_associated_with_condition	1
0.9448744	HGNC:1062	MONDO:0013595	biolink:causes	1
0.8412105	HGNC:1071	MONDO:0008377	biolink:causes	1
0.8045644	HGNC:1076	MONDO:0012041	biolink:causes	1
0.66450936	HGNC:1076	MONDO:0008276	biolink:gene_associated_with_condition	1
0.04620573	HGNC:37247	MONDO:0975837	biolink:causes	1
0.98959386	HGNC:1093	MONDO:0009113	biolink:causes	1
0.19655345	HGNC:1093	MONDO:0016598	biolink:gene_associated_with_condition	1
0.9997874	HGNC:26019	MONDO:0013561	biolink:causes	1
0.99180156	HGNC:1097	MONDO:0007922	biolink:causes	1
0.9052535	HGNC:1097	MONDO:0016692	biolink:gene_associated_with_condition	1
0.47402585	HGNC:1100	MONDO:0013685	biolink:contributes_to	1
1.0	HGNC:1100	MONDO:0011450	biolink:contributes_to	1
0.91847503	HGNC:14255	MONDO:0018564	biolink:gene_associated_with_condition	1
0.9999876	HGNC:1122	MONDO:0009665	biolink:causes	1
0.9973103	HGNC:13862	MONDO:0033564	biolink:causes	1
0.75171375	HGNC:1241	MONDO:0013743	biolink:gene_associated_with_condition	1
0.8660963	HGNC:1241	MONDO:0958182	biolink:causes	1
0.9999496	HGNC:26033	MONDO:0032687	biolink:causes	1
0.9881991	HGNC:9721	MONDO:0009271	biolink:gene_associated_with_condition	1
0.9994134	HGNC:9721	MONDO:0013051	biolink:causes	1
0.99755067	HGNC:9721	MONDO:0014343	biolink:causes	1
0.9987809	HGNC:25326	MONDO:0032686	biolink:causes	1
0.99836916	HGNC:17168	MONDO:0013641	biolink:causes	1
0.84402627	HGNC:17168	MONDO:0018421	biolink:gene_associated_with_condition	1
0.30155268	HGNC:18072	MONDO:0032867	biolink:contributes_to	1
0.9131579	HGNC:9829	MONDO:0007922	biolink:causes	1
0.9085387	HGNC:9829	MONDO:0008542	biolink:causes	1
0.88467336	HGNC:9829	MONDO:0016692	biolink:gene_associated_with_condition	1
0.9989089	HGNC:9859	MONDO:0958001	biolink:causes	1
0.11316666	HGNC:9864	MONDO:0012883	biolink:causes	1
0.11316666	HGNC:9864	MONDO:0012883	biolink:gene_associated_with_condition	1
0.99988484	HGNC:18286	MONDO:0012483	biolink:causes	1
0.78772473	HGNC:14959	MONDO:0018436	biolink:gene_associated_with_condition	1
0.9998276	HGNC:9921	MONDO:0014093	biolink:causes	1
0.9471932	HGNC:9940	MONDO:0008377	biolink:causes	1
0.9742255	HGNC:9940	MONDO:0018877	biolink:gene_associated_with_condition	1
0.97986037	HGNC:17964	MONDO:0008377	biolink:causes	1
0.9656893	HGNC:9949	MONDO:0009039	biolink:gene_associated_with_condition	1
0.80154735	HGNC:9949	MONDO:0009955	biolink:gene_associated_with_condition	1
0.95809144	HGNC:9949	MONDO:0016369	biolink:causes	1
0.9971656	HGNC:25786	MONDO:0012453	biolink:causes	1
0.98243713	HGNC:9956	MONDO:0054696	biolink:causes	1
0.9935207	HGNC:9957	MONDO:0700090	biolink:causes	1
0.99908257	HGNC:9957	MONDO:0007922	biolink:causes	1
0.62200594	HGNC:9966	MONDO:0014779	biolink:contributes_to	1
0.999642	HGNC:25964	MONDO:0024309	biolink:causes	1
0.98444736	HGNC:10004	MONDO:0958180	biolink:causes	1
0.9974784	HGNC:17283	MONDO:0033543	biolink:causes	1
0.8281413	HGNC:13872	MONDO:0011761	biolink:causes	1
0.99873906	HGNC:25358	MONDO:0012166	biolink:causes	1
0.5600239	HGNC:14539	MONDO:0011784	biolink:contributes_to	1
0.5714157	HGNC:10074	MONDO:0957561	biolink:contributes_to	1
0.99999595	HGNC:19380	MONDO:0859360	biolink:causes	1
0.970037	HGNC:17985	MONDO:0032783	biolink:causes	1
0.7417263	HGNC:10256	MONDO:0033200	biolink:causes	1
0.96879447	HGNC:10263	MONDO:0008377	biolink:causes	1
0.73764634	HGNC:10383	MONDO:0013216	biolink:causes	1
0.2983386	HGNC:19903	MONDO:0019130	biolink:gene_associated_with_condition	1
0.96876657	HGNC:19903	MONDO:0859328	biolink:causes	1
1.0	HGNC:23625	MONDO:0030915	biolink:causes	1
0.82922095	HGNC:15924	MONDO:0016863	biolink:gene_associated_with_condition	1
0.9852533	HGNC:1349	MONDO:0009646	biolink:causes	1
0.99991107	HGNC:31750	MONDO:0010985	biolink:causes	1
0.99968386	HGNC:17697	MONDO:0013458	biolink:gene_associated_with_condition	1
0.9999285	HGNC:19304	MONDO:0957787	biolink:causes	1
0.99979657	HGNC:10590	MONDO:0054776	biolink:causes	1
0.9632064	HGNC:10593	MONDO:0011003	biolink:causes	1
0.99687386	HGNC:10593	MONDO:0020745	biolink:causes	1
0.90861195	HGNC:10593	MONDO:0024562	biolink:causes	1
0.45816976	HGNC:10593	MONDO:0010086	biolink:contributes_to	1
0.70453465	HGNC:10582	MONDO:0009459	biolink:gene_associated_with_condition	1
0.041532476	HGNC:10582	MONDO:0017629	biolink:gene_associated_with_condition	1
0.8152942	HGNC:10600	MONDO:0008887	biolink:causes	1
0.9282711	HGNC:10600	MONDO:0020607	biolink:causes	1
0.9344021	HGNC:10604	MONDO:0020207	biolink:gene_associated_with_condition	1
0.9996076	HGNC:10604	MONDO:0700250	biolink:causes	1
0.9910959	HGNC:10606	MONDO:0013391	biolink:causes	1
0.9910959	HGNC:10606	MONDO:0013391	biolink:gene_associated_with_condition	1
0.9594721	HGNC:10680	MONDO:0100294	biolink:causes	1
0.8944739	HGNC:10680	MONDO:0031006	biolink:causes	1
0.74514043	HGNC:30972	MONDO:0800046	biolink:causes	1
0.23179518	HGNC:10719	MONDO:0029144	biolink:causes	1
0.39437774	HGNC:30605	MONDO:0016589	biolink:gene_associated_with_condition	1
0.6860159	HGNC:8941	MONDO:0009061	biolink:gene_associated_with_condition	1
0.9980318	HGNC:10799	MONDO:0800029	biolink:gene_associated_with_condition	1
0.9960444	HGNC:10805	MONDO:0011968	biolink:causes	1
0.9960444	HGNC:10805	MONDO:0011968	biolink:gene_associated_with_condition	1
0.99999714	HGNC:29427	MONDO:0011113	biolink:gene_associated_with_condition	1
0.9520116	HGNC:25321	MONDO:0968982	biolink:causes	1
0.99999344	HGNC:15454	MONDO:0054637	biolink:causes	1
0.9999944	HGNC:29165	MONDO:0032571	biolink:causes	1
0.8210988	HGNC:10887	MONDO:0011519	biolink:causes	1
0.9999958	HGNC:11065	MONDO:0009109	biolink:causes	1
0.9705935	HGNC:11071	MONDO:0014572	biolink:causes	1
0.64531815	HGNC:10905	MONDO:0031446	biolink:gene_associated_with_condition	1
0.11953976	HGNC:10907	MONDO:0009061	biolink:gene_associated_with_condition	1
0.93111247	HGNC:10979	MONDO:0020345	biolink:gene_associated_with_condition	1
0.9813085	HGNC:10979	MONDO:0014072	biolink:causes	1
0.96340054	HGNC:10979	MONDO:0032596	biolink:causes	1
0.99944836	HGNC:10982	MONDO:0013056	biolink:gene_associated_with_condition	1
0.9999894	HGNC:10985	MONDO:0009393	biolink:causes	1
0.99966633	HGNC:26054	MONDO:0008785	biolink:causes	1
0.9461427	HGNC:10993	MONDO:0957268	biolink:causes	1
0.7755716	HGNC:11013	MONDO:0011973	biolink:causes	1
0.9952271	HGNC:11016	MONDO:0957211	biolink:causes	1
0.99999464	HGNC:20305	MONDO:0009431	biolink:causes	1
0.9999101	HGNC:20800	MONDO:0010013	biolink:causes	1
0.9998017	HGNC:10909	MONDO:0011631	biolink:gene_associated_with_condition	1
0.99993193	HGNC:18798	MONDO:0030028	biolink:causes	1
1.0	HGNC:30224	MONDO:0013867	biolink:causes	1
0.9995177	HGNC:32689	MONDO:0014830	biolink:causes	1
0.98555124	HGNC:6769	MONDO:0007363	biolink:causes	1
0.99457103	HGNC:6769	MONDO:0013426	biolink:causes	1
0.99457103	HGNC:6769	MONDO:0013426	biolink:gene_associated_with_condition	1
0.8895041	HGNC:18398	MONDO:0008416	biolink:causes	1
0.8895041	HGNC:18398	MONDO:0008416	biolink:gene_associated_with_condition	1
0.9964408	HGNC:2468	MONDO:0014343	biolink:causes	1
0.98356044	HGNC:11117	MONDO:0010056	biolink:causes	1
0.23819084	HGNC:11094	MONDO:0008244	biolink:gene_associated_with_condition	1
0.8859211	HGNC:1248	MONDO:0009006	biolink:causes	1
0.99926883	HGNC:1393	MONDO:0010335	biolink:causes	1
0.97869736	HGNC:1393	MONDO:0008377	biolink:causes	1
0.8862791	HGNC:1424	MONDO:0014647	biolink:gene_associated_with_condition	1
0.85542804	HGNC:1449	MONDO:0020745	biolink:causes	1
0.82024807	HGNC:1449	MONDO:0032915	biolink:causes	1
0.99987245	HGNC:1461	MONDO:0030920	biolink:causes	1
0.9999796	HGNC:11182	MONDO:0036189	biolink:gene_associated_with_condition	1
0.92163503	HGNC:1509	MONDO:0016216	biolink:gene_associated_with_condition	1
0.81364655	HGNC:1527	MONDO:0014135	biolink:causes	1
0.9933642	HGNC:9688	MONDO:0013225	biolink:causes	1
0.9972109	HGNC:1550	MONDO:0008818	biolink:causes	1
0.99996793	HGNC:14153	MONDO:0013890	biolink:gene_associated_with_condition	1
0.9993913	HGNC:26821	MONDO:0007794	biolink:causes	1
0.999998	HGNC:14977	MONDO:0014601	biolink:causes	1
0.026851116	HGNC:11179	MONDO:0007103	biolink:causes	1
0.75927114	HGNC:17321	MONDO:0009031	biolink:gene_associated_with_condition	1
0.9582797	HGNC:17321	MONDO:0013460	biolink:causes	1
0.34944654	HGNC:11220	MONDO:0012401	biolink:gene_associated_with_condition	1
0.9911355	HGNC:30705	MONDO:0975843	biolink:causes	1
0.9984199	HGNC:30705	MONDO:0975842	biolink:causes	1
0.9999428	HGNC:11226	MONDO:0011445	biolink:causes	1
0.9977004	HGNC:11257	MONDO:0012994	biolink:causes	1
0.9925047	HGNC:11281	MONDO:0007794	biolink:causes	1
0.87785935	HGNC:11301	MONDO:0032899	biolink:causes	1
0.87785935	HGNC:11301	MONDO:0032899	biolink:gene_associated_with_condition	1
0.9965706	HGNC:11301	MONDO:0044204	biolink:causes	1
0.97728294	HGNC:11356	MONDO:0014321	biolink:causes	1
0.6727328	HGNC:26200	MONDO:0800029	biolink:gene_associated_with_condition	1
0.9999995	HGNC:30650	MONDO:0011010	biolink:causes	1
0.9999995	HGNC:30650	MONDO:0011010	biolink:gene_associated_with_condition	1
0.9993968	HGNC:16035	MONDO:0012621	biolink:causes	1
0.9821378	HGNC:16466	MONDO:0958189	biolink:causes	1
0.5222332	HGNC:16466	MONDO:0016710	biolink:gene_associated_with_condition	1
0.05012152	HGNC:30632	MONDO:0700301	biolink:causes	1
0.7730004	HGNC:11494	MONDO:0010339	biolink:causes	1
0.7730004	HGNC:11494	MONDO:0010339	biolink:gene_associated_with_condition	1
0.9972844	HGNC:11521	MONDO:0013912	biolink:causes	1
0.99987197	HGNC:11521	MONDO:0007794	biolink:causes	1
0.9669224	HGNC:11557	MONDO:0013108	biolink:causes	1
0.66620153	HGNC:11566	MONDO:0971012	biolink:causes	1
0.9996679	HGNC:21066	MONDO:0009544	biolink:causes	1
0.9999957	HGNC:29203	MONDO:0009079	biolink:gene_associated_with_condition	1
0.9936858	HGNC:29203	MONDO:0011506	biolink:causes	1
0.9936858	HGNC:29203	MONDO:0011506	biolink:gene_associated_with_condition	1
0.99856746	HGNC:11603	MONDO:0007841	biolink:gene_associated_with_condition	1
0.93764937	HGNC:11596	MONDO:0008720	biolink:causes	1
0.93764937	HGNC:11596	MONDO:0008720	biolink:gene_associated_with_condition	1
0.9682731	HGNC:11647	MONDO:0009138	biolink:gene_associated_with_condition	1
0.9999974	HGNC:11708	MONDO:0010907	biolink:gene_associated_with_condition	1
0.70684147	HGNC:11724	MONDO:0014998	biolink:causes	1
0.9987883	HGNC:20324	MONDO:0014343	biolink:causes	1
0.9999995	HGNC:20324	MONDO:0014507	biolink:gene_associated_with_condition	1
0.9966029	HGNC:11769	MONDO:0014343	biolink:causes	1
0.8266644	HGNC:11769	MONDO:0017403	biolink:gene_associated_with_condition	1
0.9997081	HGNC:11769	MONDO:0007524	biolink:causes	1
0.9995534	HGNC:11769	MONDO:0008818	biolink:causes	1
0.98980415	HGNC:25835	MONDO:0030731	biolink:causes	1
0.98808205	HGNC:11824	MONDO:0018045	biolink:gene_associated_with_condition	1
0.99890983	HGNC:11824	MONDO:0009990	biolink:gene_associated_with_condition	1
0.99990773	HGNC:25295	MONDO:0030440	biolink:causes	1
0.48831668	HGNC:30788	MONDO:0014783	biolink:causes	1
0.04147367	HGNC:11847	MONDO:0013185	biolink:contributes_to	1
0.90881824	HGNC:5056	MONDO:0020512	biolink:gene_associated_with_condition	1
0.18490078	HGNC:26230	MONDO:0014184	biolink:contributes_to	1
0.8691027	HGNC:16513	MONDO:0011708	biolink:causes	1
0.99999404	HGNC:18188	MONDO:0800436	biolink:gene_associated_with_condition	1
0.9999137	HGNC:25535	MONDO:0012892	biolink:causes	1
0.99946433	HGNC:23787	MONDO:0031019	biolink:causes	1
0.99904686	HGNC:26050	MONDO:0013546	biolink:gene_associated_with_condition	1
0.99721295	HGNC:25382	MONDO:0013069	biolink:gene_associated_with_condition	1
0.5514458	HGNC:25018	MONDO:0975840	biolink:causes	1
0.17093718	HGNC:23018	MONDO:0008678	biolink:gene_associated_with_condition	1
0.36072096	HGNC:18308	MONDO:0010469	biolink:contributes_to	1
0.9232193	HGNC:11909	MONDO:0007319	biolink:gene_associated_with_condition	1
0.9999888	HGNC:11909	MONDO:0009394	biolink:causes	1
0.9594964	HGNC:11949	MONDO:0019150	biolink:gene_associated_with_condition	1
0.98512274	HGNC:11949	MONDO:0020745	biolink:causes	1
0.973384	HGNC:29190	MONDO:0030995	biolink:causes	1
0.9716432	HGNC:29456	MONDO:0014900	biolink:gene_associated_with_condition	1
0.9998472	HGNC:16197	MONDO:0033008	biolink:causes	1
0.9950363	HGNC:15979	MONDO:0014343	biolink:causes	1
0.96422344	HGNC:15979	MONDO:0007072	biolink:causes	1
0.9956126	HGNC:15979	MONDO:0007508	biolink:causes	1
0.9975243	HGNC:15979	MONDO:0011428	biolink:causes	1
0.93952227	HGNC:15979	MONDO:0011334	biolink:gene_associated_with_condition	1
0.04904087	HGNC:15979	MONDO:0029145	biolink:causes	1
0.9891767	HGNC:12016	MONDO:0030971	biolink:causes	1
0.9734717	HGNC:25751	MONDO:0009279	biolink:gene_associated_with_condition	1
0.99669456	HGNC:12306	MONDO:0030914	biolink:causes	1
0.9944296	HGNC:25980	MONDO:0032665	biolink:causes	1
0.9998399	HGNC:25481	MONDO:0013111	biolink:gene_associated_with_condition	1
0.9299458	HGNC:25481	MONDO:0010780	biolink:gene_associated_with_condition	1
0.9997876	HGNC:17341	MONDO:0014487	biolink:gene_associated_with_condition	1
0.96858585	HGNC:17341	MONDO:0008377	biolink:causes	1
0.9994931	HGNC:17341	MONDO:0014850	biolink:causes	1
0.98316157	HGNC:18083	MONDO:0010839	biolink:causes	1
0.98316157	HGNC:18083	MONDO:0010839	biolink:gene_associated_with_condition	1
0.99804854	HGNC:18083	MONDO:0008477	biolink:causes	1
0.9969325	HGNC:18083	MONDO:0011633	biolink:gene_associated_with_condition	1
0.96149737	HGNC:18083	MONDO:0007232	biolink:causes	1
0.96149737	HGNC:18083	MONDO:0007232	biolink:gene_associated_with_condition	1
0.914204	HGNC:1268	MONDO:0013929	biolink:causes	1
0.9999968	HGNC:1268	MONDO:0032584	biolink:gene_associated_with_condition	1
0.9965738	HGNC:12382	MONDO:0012124	biolink:causes	1
1.0	HGNC:19750	MONDO:0800030	biolink:causes	1
0.9989427	HGNC:12404	MONDO:0010188	biolink:gene_associated_with_condition	1
0.99938047	HGNC:12406	MONDO:0014522	biolink:causes	1
0.532898	HGNC:24071	MONDO:0054771	biolink:causes	1
0.97460574	HGNC:30829	MONDO:0012399	biolink:gene_associated_with_condition	1
0.9982255	HGNC:18127	MONDO:0009624	biolink:causes	1
0.9974497	HGNC:12428	MONDO:0014343	biolink:causes	1
0.95728993	HGNC:12450	MONDO:0008747	biolink:gene_associated_with_condition	1
0.013336644	HGNC:12450	MONDO:0044276	biolink:causes	1
0.99474585	HGNC:23230	MONDO:0014933	biolink:causes	1
1.0	HGNC:13478	MONDO:0009485	biolink:causes	1
0.9999994	HGNC:25792	MONDO:0011405	biolink:causes	1
0.9999994	HGNC:25792	MONDO:0011405	biolink:gene_associated_with_condition	1
0.9921111	HGNC:12601	MONDO:0008377	biolink:causes	1
0.9369636	HGNC:12601	MONDO:0010169	biolink:causes	1
0.9684211	HGNC:12632	MONDO:0018821	biolink:gene_associated_with_condition	1
0.92773336	HGNC:12643	MONDO:0032900	biolink:causes	1
0.7648994	HGNC:15511	MONDO:0020705	biolink:causes	1
0.9961074	HGNC:21642	MONDO:0014397	biolink:gene_associated_with_condition	1
0.9865172	HGNC:12726	MONDO:0015631	biolink:gene_associated_with_condition	1
0.964514	HGNC:12731	MONDO:0010743	biolink:causes	1
0.91168016	HGNC:12731	MONDO:0010294	biolink:gene_associated_with_condition	1
0.99978954	HGNC:12731	MONDO:0010518	biolink:gene_associated_with_condition	1
0.99768555	HGNC:16461	MONDO:0030987	biolink:causes	1
0.9521427	HGNC:13831	MONDO:0013926	biolink:causes	1
0.8896086	HGNC:13831	MONDO:0019828	biolink:gene_associated_with_condition	1
0.95249593	HGNC:12783	MONDO:0008019	biolink:causes	1
0.95249593	HGNC:12783	MONDO:0008019	biolink:gene_associated_with_condition	1
0.99271774	HGNC:12783	MONDO:0012734	biolink:gene_associated_with_condition	1
0.95866597	HGNC:12775	MONDO:0009157	biolink:causes	1
0.9527956	HGNC:12775	MONDO:0014901	biolink:causes	1
0.88272214	HGNC:12828	MONDO:0033116	biolink:causes	1
0.79409766	HGNC:16262	MONDO:0007355	biolink:gene_associated_with_condition	1
0.8008142	HGNC:24877	MONDO:0025690	biolink:causes	1
0.81716746	HGNC:24877	MONDO:0031481	biolink:gene_associated_with_condition	1
0.997799	HGNC:14881	MONDO:0016856	biolink:gene_associated_with_condition	1
0.95338255	HGNC:16700	MONDO:0014480	biolink:causes	1
0.9848682	HGNC:16700	MONDO:0008542	biolink:causes	1
0.9306011	HGNC:12873	MONDO:0019758	biolink:gene_associated_with_condition	1
0.99996924	HGNC:19412	MONDO:0014192	biolink:causes	1
0.99973875	HGNC:12927	MONDO:0032741	biolink:causes	1
0.9998816	HGNC:12933	MONDO:0014994	biolink:causes	1
0.99914706	HGNC:12771	MONDO:0014343	biolink:causes	1
0.9993788	HGNC:1675	MONDO:0014276	biolink:gene_associated_with_condition	1
0.99998164	HGNC:11935	MONDO:0010626	biolink:gene_associated_with_condition	1
0.97312015	HGNC:1698	MONDO:0013288	biolink:causes	1
0.99559	HGNC:1762	MONDO:0011107	biolink:causes	1
0.99999976	HGNC:1750	MONDO:0008885	biolink:causes	1
0.49715608	HGNC:1777	MONDO:0014484	biolink:causes	1
0.82978857	HGNC:1802	MONDO:0007805	biolink:causes	1
0.83278066	HGNC:1848	MONDO:0012348	biolink:causes	1
0.9663676	HGNC:21638	MONDO:0032677	biolink:gene_associated_with_condition	1
0.99596846	HGNC:29021	MONDO:0008377	biolink:causes	1
0.98314697	HGNC:29021	MONDO:0012626	biolink:causes	1
0.99933344	HGNC:21699	MONDO:0008377	biolink:causes	1
0.999998	HGNC:28188	MONDO:0054843	biolink:causes	1
0.9587759	HGNC:1037	MONDO:0014255	biolink:causes	1
0.9525659	HGNC:21645	MONDO:0014742	biolink:causes	1
0.9490619	HGNC:1919	MONDO:0014946	biolink:gene_associated_with_condition	1
0.9894079	HGNC:20626	MONDO:0007794	biolink:causes	1
0.9716456	HGNC:20626	MONDO:0008542	biolink:causes	1
0.9999511	HGNC:1938	MONDO:0011246	biolink:causes	1
0.9999511	HGNC:1938	MONDO:0011246	biolink:gene_associated_with_condition	1
0.97550064	HGNC:1940	MONDO:0008377	biolink:causes	1
0.9983113	HGNC:1966	MONDO:0014586	biolink:causes	1
0.929508	HGNC:1987	MONDO:0008542	biolink:gene_associated_with_condition	1
0.9983182	HGNC:2025	MONDO:0014343	biolink:causes	1
0.9868983	HGNC:2025	MONDO:0008156	biolink:gene_associated_with_condition	1
0.30819184	HGNC:2063	MONDO:0010473	biolink:gene_associated_with_condition	1
0.9999441	HGNC:16999	MONDO:0014349	biolink:gene_associated_with_condition	1
0.9997218	HGNC:7879	MONDO:0032864	biolink:causes	1
0.052844357	HGNC:13830	MONDO:0012801	biolink:contributes_to	1
1.0	HGNC:13830	MONDO:0012400	biolink:gene_associated_with_condition	1
0.999463	HGNC:29932	MONDO:0014290	biolink:gene_associated_with_condition	1
0.9990802	HGNC:18619	MONDO:0957820	biolink:causes	1
0.9993086	HGNC:2206	MONDO:0008762	biolink:causes	1
0.9993086	HGNC:2206	MONDO:0008762	biolink:gene_associated_with_condition	1
0.9604445	HGNC:2212	MONDO:0009714	biolink:gene_associated_with_condition	1
0.9999913	HGNC:2219	MONDO:0007949	biolink:causes	1
0.99523926	HGNC:2219	MONDO:0007740	biolink:causes	1
0.99681455	HGNC:2219	MONDO:0010964	biolink:causes	1
0.9999907	HGNC:2195	MONDO:0800167	biolink:causes	1
0.9989562	HGNC:19012	MONDO:0958241	biolink:causes	1
0.9986351	HGNC:25801	MONDO:0014343	biolink:causes	1
0.9990038	HGNC:2336	MONDO:0013862	biolink:causes	1
0.98800254	HGNC:2343	MONDO:0008246	biolink:causes	1
0.074812606	HGNC:2359	MONDO:0011239	biolink:gene_associated_with_condition	1
0.9985537	HGNC:37276	MONDO:0014474	biolink:causes	1
0.8957008	HGNC:2398	MONDO:0015300	biolink:gene_associated_with_condition	1
0.8921705	HGNC:2410	MONDO:0015300	biolink:gene_associated_with_condition	1
0.9299815	HGNC:2410	MONDO:0018611	biolink:gene_associated_with_condition	1
0.94722074	HGNC:2410	MONDO:0011430	biolink:gene_associated_with_condition	1
0.9966043	HGNC:2433	MONDO:0014343	biolink:causes	1
0.9980475	HGNC:2433	MONDO:0032772	biolink:causes	1
0.98663855	HGNC:26193	MONDO:0008377	biolink:causes	1
0.9962141	HGNC:26047	MONDO:0957202	biolink:causes	1
0.89942086	HGNC:26047	MONDO:0018393	biolink:gene_associated_with_condition	1
0.7603829	HGNC:18831	MONDO:0013662	biolink:causes	1
0.9974069	HGNC:2505	MONDO:0014493	biolink:gene_associated_with_condition	1
0.9165064	HGNC:2505	MONDO:0018324	biolink:gene_associated_with_condition	1
0.9998462	HGNC:2510	MONDO:0032578	biolink:causes	1
0.97845435	HGNC:2518	MONDO:0009064	biolink:causes	1
0.89175177	HGNC:2590	MONDO:0013400	biolink:causes	1
0.19141893	HGNC:2600	MONDO:0017839	biolink:gene_associated_with_condition	1
0.99933225	HGNC:25536	MONDO:0030054	biolink:causes	1
0.9844246	HGNC:24891	MONDO:0012411	biolink:causes	1
0.9999889	HGNC:25784	MONDO:0009419	biolink:causes	1
0.99989307	HGNC:18141	MONDO:0018816	biolink:gene_associated_with_condition	1
0.8387988	HGNC:18141	MONDO:0012442	biolink:causes	1
0.9926483	HGNC:19714	MONDO:0012256	biolink:gene_associated_with_condition	1
1.0	HGNC:25360	MONDO:0008267	biolink:gene_associated_with_condition	1
0.97952235	HGNC:20603	MONDO:0008377	biolink:causes	1
0.908328	HGNC:2750	MONDO:0975838	biolink:causes	1
0.9442149	HGNC:18018	MONDO:0008377	biolink:causes	1
0.86108226	HGNC:17098	MONDO:0007681	biolink:causes	1
0.7571184	HGNC:2907	MONDO:0011975	biolink:gene_associated_with_condition	1
0.46590587	HGNC:2907	MONDO:0968990	biolink:gene_associated_with_condition	1
0.5306368	HGNC:2907	MONDO:0958354	biolink:gene_associated_with_condition	1
1.0	HGNC:28662	MONDO:0859293	biolink:causes	1
0.9995347	HGNC:3004	MONDO:0100217	biolink:causes	1
1.0	HGNC:24270	MONDO:0859295	biolink:causes	1
0.8983802	HGNC:3052	MONDO:0014355	biolink:causes	1
0.80911016	HGNC:3052	MONDO:0013034	biolink:causes	1
0.8874653	HGNC:3052	MONDO:0014218	biolink:gene_associated_with_condition	1
0.9998927	HGNC:3084	MONDO:0024455	biolink:causes	1
1.0	HGNC:19087	MONDO:0015021	biolink:causes	1
0.998985	HGNC:3133	MONDO:0020603	biolink:causes	1
0.998985	HGNC:3133	MONDO:0020603	biolink:gene_associated_with_condition	1
0.842574	HGNC:26114	MONDO:0014649	biolink:causes	1
0.7363748	HGNC:3179	MONDO:0009061	biolink:gene_associated_with_condition	1
0.91787326	HGNC:3179	MONDO:0008000	biolink:contributes_to	1
0.93475646	HGNC:3259	MONDO:0020507	biolink:gene_associated_with_condition	1
0.94622284	HGNC:3259	MONDO:0015519	biolink:gene_associated_with_condition	1
0.955681	HGNC:3259	MONDO:0015520	biolink:gene_associated_with_condition	1
0.987392	HGNC:18683	MONDO:0014343	biolink:causes	1
0.957472	HGNC:18683	MONDO:0009998	biolink:causes	1
0.9518023	HGNC:28957	MONDO:0018822	biolink:gene_associated_with_condition	1
0.6354244	HGNC:3331	MONDO:0100531	biolink:causes	1
0.39357045	HGNC:3386	MONDO:0007288	biolink:causes	1
0.76593316	HGNC:3424	MONDO:0033047	biolink:causes	1
0.02183523	HGNC:3430	MONDO:0016268	biolink:gene_associated_with_condition	1
0.9829128	HGNC:3435	MONDO:0012531	biolink:causes	1
0.9998642	HGNC:21056	MONDO:0014240	biolink:causes	1
0.4168815	HGNC:3467	MONDO:0014148	biolink:causes	1
0.9883972	HGNC:19747	MONDO:0008673	biolink:causes	1
0.9883972	HGNC:19747	MONDO:0008673	biolink:gene_associated_with_condition	1
0.9342026	MONDO:0004951	HGNC:1606	biolink:contributes_to	1
0.97679	MONDO:0004951	HGNC:10610	biolink:contributes_to	1
0.8968603	MONDO:0004951	HGNC:5962	biolink:contributes_to	1
0.9627586	MONDO:0004951	HGNC:10632	biolink:contributes_to	1
0.72144765	MONDO:0004951	HGNC:1641	biolink:contributes_to	1
0.6873038	MONDO:0005006	HGNC:23448	biolink:gene_associated_with_condition	1
0.7070294	MONDO:0005006	HGNC:11730	biolink:gene_associated_with_condition	1
0.3952145	MONDO:0005006	HGNC:12851	biolink:gene_associated_with_condition	1
0.9532474	MONDO:0006952	HGNC:7678	biolink:gene_associated_with_condition	1
0.9949438	MONDO:0007032	HGNC:1952	biolink:gene_associated_with_condition	1
0.9867732	MONDO:0007052	HGNC:358	biolink:causes	1
0.9999999	MONDO:0007064	HGNC:186	biolink:gene_associated_with_condition	1
0.9985617	MONDO:0007068	HGNC:291	biolink:gene_associated_with_condition	1
0.96422344	MONDO:0007072	HGNC:15979	biolink:causes	1
0.9741727	MONDO:0007080	HGNC:2592	biolink:gene_associated_with_condition	1
0.28037614	MONDO:0007088	HGNC:7876	biolink:contributes_to	1
0.89722425	MONDO:0007216	HGNC:1069	biolink:causes	1
0.9684	MONDO:0007216	HGNC:1077	biolink:gene_associated_with_condition	1
0.994214	MONDO:0007216	HGNC:4220	biolink:causes	1
0.994214	MONDO:0007216	HGNC:4220	biolink:gene_associated_with_condition	1
0.96149737	MONDO:0007232	HGNC:18083	biolink:causes	1
0.96149737	MONDO:0007232	HGNC:18083	biolink:gene_associated_with_condition	1
0.97980267	MONDO:0007244	HGNC:2197	biolink:gene_associated_with_condition	1
0.39357045	MONDO:0007288	HGNC:3386	biolink:causes	1
0.99962556	MONDO:0007340	HGNC:10472	biolink:causes	1
0.87422425	MONDO:0007376	HGNC:23785	biolink:gene_associated_with_condition	1
0.92968035	MONDO:0007380	HGNC:11771	biolink:causes	1
0.92968035	MONDO:0007380	HGNC:11771	biolink:gene_associated_with_condition	1
0.9454003	MONDO:0007400	HGNC:3688	biolink:causes	1
0.97923034	MONDO:0007400	HGNC:3689	biolink:gene_associated_with_condition	1
0.45880425	MONDO:0007404	HGNC:2516	biolink:gene_associated_with_condition	1
0.020109158	MONDO:0007404	HGNC:10736	biolink:gene_associated_with_condition	1
0.9938192	MONDO:0007412	HGNC:3689	biolink:causes	1
0.81114465	MONDO:0007424	HGNC:2876	biolink:causes	1
0.17412156	MONDO:0007488	HGNC:11138	biolink:causes	1
0.9956126	MONDO:0007508	HGNC:15979	biolink:causes	1
0.99968195	MONDO:0007524	HGNC:1044	biolink:causes	1
0.99856925	MONDO:0007524	HGNC:11773	biolink:causes	1
0.9997081	MONDO:0007524	HGNC:11769	biolink:causes	1
0.9999554	MONDO:0007524	HGNC:14107	biolink:causes	1
0.9997141	MONDO:0007524	HGNC:2201	biolink:causes	1
0.9994672	MONDO:0007524	HGNC:3219	biolink:causes	1
0.67061865	MONDO:0007540	HGNC:7010	biolink:causes	1
0.9251343	MONDO:0007556	HGNC:6416	biolink:gene_associated_with_condition	1
0.09210965	MONDO:0007564	HGNC:2514	biolink:causes	1
0.09210965	MONDO:0007564	HGNC:2514	biolink:gene_associated_with_condition	1
0.99767953	MONDO:0007572	HGNC:3416	biolink:causes	1
0.9971353	MONDO:0007572	HGNC:29605	biolink:causes	1
0.99998415	MONDO:0007636	HGNC:449	biolink:causes	1
0.3769334	MONDO:0007648	HGNC:6858	biolink:gene_associated_with_condition	1
0.87588745	MONDO:0007664	HGNC:7610	biolink:causes	1
0.26801464	MONDO:0007672	HGNC:14373	biolink:causes	1
0.9961675	MONDO:0007688	HGNC:6770	biolink:causes	1
0.81890064	MONDO:0007704	HGNC:6909	biolink:contributes_to	1
0.34223795	MONDO:0007716	HGNC:4824	biolink:gene_associated_with_condition	1
0.511857	MONDO:0007716	HGNC:4823	biolink:gene_associated_with_condition	1
0.9941963	MONDO:0007740	HGNC:19317	biolink:causes	1
0.992934	MONDO:0007740	HGNC:2187	biolink:causes	1
0.983658	MONDO:0007740	HGNC:10994	biolink:causes	1
0.9872902	MONDO:0007740	HGNC:2464	biolink:gene_associated_with_condition	1
0.99523926	MONDO:0007740	HGNC:2219	biolink:causes	1
0.9949055	MONDO:0007740	HGNC:2217	biolink:causes	1
0.307349	MONDO:0007744	HGNC:1869	biolink:causes	1
0.21949042	MONDO:0007748	HGNC:21285	biolink:contributes_to	1
0.7955339	MONDO:0007768	HGNC:16783	biolink:gene_associated_with_condition	1
0.9157148	MONDO:0007792	HGNC:4379	biolink:causes	1
0.9254404	MONDO:0007808	HGNC:6412	biolink:gene_associated_with_condition	1
0.99975485	MONDO:0007828	HGNC:20152	biolink:causes	1
0.7367283	MONDO:0007856	HGNC:20788	biolink:causes	1
0.7367283	MONDO:0007856	HGNC:20788	biolink:gene_associated_with_condition	1
0.9693085	MONDO:0007888	HGNC:3700	biolink:gene_associated_with_condition	1
0.9988306	MONDO:0007892	HGNC:9587	biolink:causes	1
0.42454582	MONDO:0007932	HGNC:34	biolink:contributes_to	1
0.9920248	MONDO:0007944	HGNC:11654	biolink:causes	1
0.91787326	MONDO:0008000	HGNC:3179	biolink:contributes_to	1
0.21986735	MONDO:0008048	HGNC:26190	biolink:contributes_to	1
0.98647135	MONDO:0008148	HGNC:2197	biolink:gene_associated_with_condition	1
0.9876444	MONDO:0008148	HGNC:2379	biolink:gene_associated_with_condition	1
0.9501132	MONDO:0008148	HGNC:9255	biolink:gene_associated_with_condition	1
0.9868983	MONDO:0008156	HGNC:2025	biolink:gene_associated_with_condition	1
0.58291286	MONDO:0008176	HGNC:11280	biolink:causes	1
0.23819084	MONDO:0008244	HGNC:11094	biolink:gene_associated_with_condition	1
0.7866426	MONDO:0008276	HGNC:6770	biolink:gene_associated_with_condition	1
0.66450936	MONDO:0008276	HGNC:1076	biolink:gene_associated_with_condition	1
0.80717874	MONDO:0008280	HGNC:11389	biolink:causes	1
0.9945738	MONDO:0008316	HGNC:9451	biolink:causes	1
0.951058	MONDO:0008332	HGNC:4439	biolink:gene_associated_with_condition	1
0.099287294	MONDO:0008340	HGNC:30939	biolink:gene_associated_with_condition	1
0.09957707	MONDO:0008340	HGNC:18603	biolink:gene_associated_with_condition	1
0.98009425	MONDO:0008368	HGNC:11027	biolink:causes	1
0.99994767	MONDO:0008392	HGNC:7225	biolink:causes	1
0.99994767	MONDO:0008392	HGNC:7225	biolink:gene_associated_with_condition	1
0.9991053	MONDO:0008392	HGNC:9118	biolink:gene_associated_with_condition	1
0.8895041	MONDO:0008416	HGNC:18398	biolink:causes	1
0.8895041	MONDO:0008416	HGNC:18398	biolink:gene_associated_with_condition	1
0.9996232	MONDO:0008436	HGNC:1839	biolink:causes	1
0.9975189	MONDO:0008476	HGNC:2200	biolink:causes	1
0.44552106	MONDO:0008572	HGNC:10848	biolink:gene_associated_with_condition	1
0.9102252	MONDO:0008572	HGNC:13243	biolink:gene_associated_with_condition	1
0.99235076	MONDO:0008592	HGNC:2916	biolink:causes	1
0.9999958	MONDO:0008644	HGNC:2846	biolink:causes	1
0.9727701	MONDO:0008660	HGNC:3680	biolink:gene_associated_with_condition	1
0.9999999	MONDO:0008684	HGNC:2309	biolink:gene_associated_with_condition	1
0.4182128	MONDO:0008684	HGNC:12768	biolink:gene_associated_with_condition	1
0.7233754	MONDO:0008684	HGNC:25985	biolink:gene_associated_with_condition	1
0.9929283	MONDO:0008700	HGNC:13243	biolink:gene_associated_with_condition	1
0.93764937	MONDO:0008720	HGNC:11596	biolink:causes	1
0.93764937	MONDO:0008720	HGNC:11596	biolink:gene_associated_with_condition	1
0.99996877	MONDO:0008740	HGNC:9142	biolink:gene_associated_with_condition	1
0.9919585	MONDO:0008764	HGNC:4689	biolink:causes	1
0.9979715	MONDO:0008772	HGNC:6365	biolink:causes	1
0.76167023	MONDO:0008788	HGNC:16517	biolink:gene_associated_with_condition	1
0.55182934	MONDO:0008860	HGNC:14412	biolink:causes	1
0.9991217	MONDO:0008872	HGNC:16068	biolink:gene_associated_with_condition	1
0.99994314	MONDO:0008964	HGNC:3018	biolink:causes	1
0.99994314	MONDO:0008964	HGNC:3018	biolink:gene_associated_with_condition	1
0.99942917	MONDO:0008972	HGNC:8860	biolink:gene_associated_with_condition	1
0.99902093	MONDO:0009008	HGNC:28027	biolink:gene_associated_with_condition	1
0.9969206	MONDO:0009052	HGNC:3602	biolink:causes	1
0.97845435	MONDO:0009064	HGNC:2518	biolink:causes	1
0.9971169	MONDO:0009104	HGNC:6694	biolink:gene_associated_with_condition	1
0.997341	MONDO:0009140	HGNC:5273	biolink:gene_associated_with_condition	1
1.0	MONDO:0009168	HGNC:20105	biolink:causes	1
0.9958086	MONDO:0009192	HGNC:3255	biolink:gene_associated_with_condition	1
0.9963372	MONDO:0009212	HGNC:3528	biolink:causes	1
0.99999774	MONDO:0009216	HGNC:11006	biolink:causes	1
0.99531555	MONDO:0009232	HGNC:12786	biolink:causes	1
0.7036189	MONDO:0009252	HGNC:6315	biolink:causes	1
0.99582714	MONDO:0009260	HGNC:4298	biolink:causes	1
0.9636436	MONDO:0009300	HGNC:21176	biolink:gene_associated_with_condition	1
0.873295	MONDO:0009300	HGNC:4817	biolink:gene_associated_with_condition	1
0.9998692	MONDO:0009324	HGNC:27960	biolink:causes	1
0.8311964	MONDO:0009360	HGNC:19967	biolink:causes	1
0.99999964	MONDO:0009364	HGNC:9202	biolink:causes	1
0.78682554	MONDO:0009380	HGNC:53	biolink:causes	1
0.83764577	MONDO:0009416	HGNC:392	biolink:gene_associated_with_condition	1
0.01803952	MONDO:0009472	HGNC:7646	biolink:causes	1
0.99824893	MONDO:0009504	HGNC:11449	biolink:causes	1
0.99993026	MONDO:0009520	HGNC:5005	biolink:causes	1
0.99993026	MONDO:0009520	HGNC:5005	biolink:gene_associated_with_condition	1
0.9996679	MONDO:0009544	HGNC:21066	biolink:causes	1
0.9982255	MONDO:0009624	HGNC:18127	biolink:causes	1
0.95685685	MONDO:0009624	HGNC:16691	biolink:gene_associated_with_condition	1
0.99995744	MONDO:0009636	HGNC:2858	biolink:causes	1
0.99995744	MONDO:0009636	HGNC:2858	biolink:gene_associated_with_condition	1
0.9495931	MONDO:0009664	HGNC:7523	biolink:gene_associated_with_condition	1
0.14687037	MONDO:0009672	HGNC:7634	biolink:gene_associated_with_condition	1
0.9959836	MONDO:0009708	HGNC:7577	biolink:causes	1
0.9959836	MONDO:0009708	HGNC:7577	biolink:gene_associated_with_condition	1
0.8782594	MONDO:0009728	HGNC:29536	biolink:gene_associated_with_condition	1
0.44294432	MONDO:0009728	HGNC:13202	biolink:gene_associated_with_condition	1
0.99773765	MONDO:0009736	HGNC:8923	biolink:gene_associated_with_condition	1
0.9561027	MONDO:0009760	HGNC:6217	biolink:gene_associated_with_condition	1
0.98526996	MONDO:0009776	HGNC:11490	biolink:causes	1
0.7167872	MONDO:0009796	HGNC:8091	biolink:gene_associated_with_condition	1
0.95760244	MONDO:0009804	HGNC:15455	biolink:gene_associated_with_condition	1
0.9738098	MONDO:0009804	HGNC:12774	biolink:gene_associated_with_condition	1
0.9799089	MONDO:0009804	HGNC:2379	biolink:gene_associated_with_condition	1
0.98568165	MONDO:0009804	HGNC:18169	biolink:gene_associated_with_condition	1
0.97293913	MONDO:0009804	HGNC:19316	biolink:gene_associated_with_condition	1
0.99926955	MONDO:0009820	HGNC:6597	biolink:causes	1
0.99916613	MONDO:0009820	HGNC:6305	biolink:causes	1
0.99975055	MONDO:0009820	HGNC:26185	biolink:causes	1
0.99895954	MONDO:0009820	HGNC:12776	biolink:causes	1
0.9992275	MONDO:0009820	HGNC:19316	biolink:causes	1
0.9945222	MONDO:0009820	HGNC:8548	biolink:causes	1
0.99948394	MONDO:0009820	HGNC:10706	biolink:causes	1
0.99954164	MONDO:0009820	HGNC:26887	biolink:causes	1
0.99997914	MONDO:0009820	HGNC:3054	biolink:causes	1
0.95960414	MONDO:0009872	HGNC:1020	biolink:gene_associated_with_condition	1
0.7845683	MONDO:0009892	HGNC:12687	biolink:gene_associated_with_condition	1
0.98369664	MONDO:0009904	HGNC:2027	biolink:gene_associated_with_condition	1
0.6491477	MONDO:0009928	HGNC:11020	biolink:causes	1
0.42818546	MONDO:0009960	HGNC:5331	biolink:contributes_to	1
0.99587375	MONDO:0010000	HGNC:17296	biolink:causes	1
0.99982435	MONDO:0010028	HGNC:23657	biolink:gene_associated_with_condition	1
0.9996107	MONDO:0010044	HGNC:20761	biolink:causes	1
0.98356044	MONDO:0010056	HGNC:11117	biolink:causes	1
0.8568542	MONDO:0010056	HGNC:11118	biolink:gene_associated_with_condition	1
0.99993837	MONDO:0010092	HGNC:26877	biolink:causes	1
0.99993837	MONDO:0010092	HGNC:26877	biolink:gene_associated_with_condition	1
0.9879147	MONDO:0010160	HGNC:11573	biolink:gene_associated_with_condition	1
0.99429905	MONDO:0010176	HGNC:30497	biolink:gene_associated_with_condition	1
0.96160895	MONDO:0010176	HGNC:29162	biolink:gene_associated_with_condition	1
1.0	MONDO:0010184	HGNC:24525	biolink:causes	1
0.9989427	MONDO:0010188	HGNC:12404	biolink:gene_associated_with_condition	1
0.94348425	MONDO:0010232	HGNC:3754	biolink:causes	1
0.99990416	MONDO:0010292	HGNC:3702	biolink:causes	1
0.81808513	MONDO:0010296	HGNC:13867	biolink:causes	1
0.96680063	MONDO:0010356	HGNC:897	biolink:gene_associated_with_condition	1
0.80193084	MONDO:0010392	HGNC:8896	biolink:gene_associated_with_condition	1
0.98820287	MONDO:0010400	HGNC:3702	biolink:gene_associated_with_condition	1
0.91117084	MONDO:0010404	HGNC:816	biolink:gene_associated_with_condition	1
0.99948287	MONDO:0010424	HGNC:2435	biolink:causes	1
0.99724966	MONDO:0010496	HGNC:19073	biolink:gene_associated_with_condition	1
0.99985456	MONDO:0010504	HGNC:868	biolink:causes	1
0.9999509	MONDO:0010524	HGNC:48	biolink:causes	1
0.9509099	MONDO:0010544	HGNC:7820	biolink:causes	1
0.9373672	MONDO:0010580	HGNC:6106	biolink:causes	1
1.0	MONDO:0010592	HGNC:17652	biolink:causes	1
1.0	MONDO:0010592	HGNC:17652	biolink:gene_associated_with_condition	1
0.999928	MONDO:0010600	HGNC:2578	biolink:causes	1
0.99961483	MONDO:0010656	HGNC:29059	biolink:gene_associated_with_condition	1
0.9999807	MONDO:0010664	HGNC:11123	biolink:gene_associated_with_condition	1
0.9778202	MONDO:0010704	HGNC:3754	biolink:causes	1
0.80132866	MONDO:0010720	HGNC:644	biolink:gene_associated_with_condition	1
0.9999033	MONDO:0010752	HGNC:3583	biolink:causes	1
0.9299458	MONDO:0010780	HGNC:25481	biolink:gene_associated_with_condition	1
0.9910053	MONDO:0010792	HGNC:7499	biolink:gene_associated_with_condition	1
0.64920473	MONDO:0010808	HGNC:9449	biolink:gene_associated_with_condition	1
0.25268224	MONDO:0010820	HGNC:8607	biolink:causes	1
0.9948533	MONDO:0010848	HGNC:11276	biolink:causes	1
0.42014295	MONDO:0010856	HGNC:9008	biolink:gene_associated_with_condition	1
0.9224749	MONDO:0010952	HGNC:3999	biolink:gene_associated_with_condition	1
0.99681455	MONDO:0010964	HGNC:2219	biolink:causes	1
0.9999871	MONDO:0010992	HGNC:6776	biolink:causes	1
1.0	MONDO:0011132	HGNC:12765	biolink:causes	1
0.9442548	MONDO:0011136	HGNC:9052	biolink:gene_associated_with_condition	1
0.9678844	MONDO:0011144	HGNC:2077	biolink:causes	1
0.9925424	MONDO:0011156	HGNC:42	biolink:causes	1
0.9925424	MONDO:0011156	HGNC:42	biolink:gene_associated_with_condition	1
0.8413543	MONDO:0011184	HGNC:13875	biolink:causes	1
0.9871774	MONDO:0011412	HGNC:8943	biolink:causes	1
0.9975243	MONDO:0011428	HGNC:15979	biolink:causes	1
0.99995613	MONDO:0011436	HGNC:5542	biolink:causes	1
0.58809686	MONDO:0011448	HGNC:9236	biolink:gene_associated_with_condition	1
0.76575035	MONDO:0011464	HGNC:19141	biolink:causes	1
0.9770234	MONDO:0011472	HGNC:9023	biolink:causes	1
0.9915787	MONDO:0011484	HGNC:12261	biolink:causes	1
0.9742329	MONDO:0011496	HGNC:2200	biolink:causes	1
0.9742329	MONDO:0011496	HGNC:2200	biolink:gene_associated_with_condition	1
0.99675226	MONDO:0011504	HGNC:17619	biolink:causes	1
0.99675226	MONDO:0011504	HGNC:17619	biolink:gene_associated_with_condition	1
0.9914191	MONDO:0011528	HGNC:13203	biolink:causes	1
0.6268393	MONDO:0011532	HGNC:5261	biolink:causes	1
0.9653427	MONDO:0011540	HGNC:9402	biolink:causes	1
0.68544585	MONDO:0011556	HGNC:9871	biolink:causes	1
0.810297	MONDO:0011556	HGNC:11119	biolink:causes	1
0.8028091	MONDO:0011556	HGNC:9585	biolink:causes	1
0.7085174	MONDO:0011584	HGNC:1101	biolink:causes	1
0.9995357	MONDO:0011604	HGNC:15517	biolink:causes	1
0.99961746	MONDO:0011628	HGNC:8653	biolink:gene_associated_with_condition	1
0.99858737	MONDO:0011628	HGNC:8654	biolink:gene_associated_with_condition	1
0.73309755	MONDO:0011672	HGNC:16393	biolink:gene_associated_with_condition	1
0.8691027	MONDO:0011708	HGNC:16513	biolink:causes	1
0.990426	MONDO:0011724	HGNC:11005	biolink:causes	1
0.990426	MONDO:0011724	HGNC:11005	biolink:gene_associated_with_condition	1
0.97826946	MONDO:0011740	HGNC:10682	biolink:gene_associated_with_condition	1
0.97030187	MONDO:0011740	HGNC:10683	biolink:causes	1
0.97030187	MONDO:0011740	HGNC:10683	biolink:gene_associated_with_condition	1
0.9876342	MONDO:0011756	HGNC:19104	biolink:causes	1
0.9965586	MONDO:0011760	HGNC:5391	biolink:causes	1
0.9965586	MONDO:0011760	HGNC:5391	biolink:gene_associated_with_condition	1
0.5600239	MONDO:0011784	HGNC:14539	biolink:contributes_to	1
0.99997985	MONDO:0011816	HGNC:10547	biolink:causes	1
0.99997985	MONDO:0011816	HGNC:10547	biolink:gene_associated_with_condition	1
0.0143375825	MONDO:0011836	HGNC:17194	biolink:contributes_to	1
0.9965836	MONDO:0011904	HGNC:10588	biolink:gene_associated_with_condition	1
0.6110611	MONDO:0011908	HGNC:17073	biolink:causes	1
0.9995883	MONDO:0011916	HGNC:15968	biolink:gene_associated_with_condition	1
0.93770325	MONDO:0011932	HGNC:21307	biolink:causes	1
0.9998883	MONDO:0011964	HGNC:2995	biolink:gene_associated_with_condition	1
0.9960444	MONDO:0011968	HGNC:10805	biolink:causes	1
0.9960444	MONDO:0011968	HGNC:10805	biolink:gene_associated_with_condition	1
0.37520313	MONDO:0011972	HGNC:3969	biolink:gene_associated_with_condition	1
0.7937289	MONDO:0011984	HGNC:3600	biolink:causes	1
0.7937289	MONDO:0011984	HGNC:3600	biolink:gene_associated_with_condition	1
0.673679	MONDO:0012004	HGNC:16783	biolink:causes	1
0.87460464	MONDO:0012044	HGNC:11771	biolink:causes	1
0.8079544	MONDO:0012080	HGNC:5246	biolink:causes	1
0.9999988	MONDO:0012084	HGNC:2719	biolink:causes	1
0.97262627	MONDO:0012092	HGNC:7808	biolink:causes	1
0.9702224	MONDO:0012096	HGNC:30171	biolink:causes	1
1.0	MONDO:0012116	HGNC:32925	biolink:gene_associated_with_condition	1
0.9965738	MONDO:0012124	HGNC:12382	biolink:causes	1
0.99959797	MONDO:0012156	HGNC:1955	biolink:causes	1
0.9996773	MONDO:0012184	HGNC:6487	biolink:gene_associated_with_condition	1
0.8846694	MONDO:0012204	HGNC:47	biolink:causes	1
0.9999765	MONDO:0012216	HGNC:32434	biolink:causes	1
0.9926483	MONDO:0012256	HGNC:19714	biolink:gene_associated_with_condition	1
0.99195975	MONDO:0012276	HGNC:6284	biolink:causes	1
0.9996959	MONDO:0012280	HGNC:23419	biolink:causes	1
0.891018	MONDO:0012292	HGNC:18365	biolink:contributes_to	1
0.83278066	MONDO:0012348	HGNC:1848	biolink:causes	1
0.9980654	MONDO:0012368	HGNC:177	biolink:gene_associated_with_condition	1
0.93954635	MONDO:0012396	HGNC:10922	biolink:causes	1
1.0	MONDO:0012400	HGNC:13830	biolink:gene_associated_with_condition	1
0.9930797	MONDO:0012412	HGNC:1346	biolink:causes	1
0.9997831	MONDO:0012444	HGNC:9039	biolink:causes	1
0.99911743	MONDO:0012456	HGNC:3808	biolink:causes	1
0.94667315	MONDO:0012460	HGNC:21253	biolink:causes	1
0.99949324	MONDO:0012472	HGNC:18518	biolink:causes	1
0.3263167	MONDO:0012488	HGNC:5433	biolink:contributes_to	1
0.32339588	MONDO:0012488	HGNC:5965	biolink:contributes_to	1
0.68841624	MONDO:0012520	HGNC:6091	biolink:causes	1
0.9758657	MONDO:0012544	HGNC:5136	biolink:causes	1
0.9758657	MONDO:0012544	HGNC:5136	biolink:gene_associated_with_condition	1
0.79942346	MONDO:0012552	HGNC:1785	biolink:causes	1
0.96364534	MONDO:0012588	HGNC:28486	biolink:causes	1
0.9967624	MONDO:0012596	HGNC:19129	biolink:causes	1
0.9967624	MONDO:0012596	HGNC:19129	biolink:gene_associated_with_condition	1
0.9952484	MONDO:0012604	HGNC:18662	biolink:causes	1
0.90506095	MONDO:0012624	HGNC:21497	biolink:causes	1
0.9565435	MONDO:0012648	HGNC:87	biolink:causes	1
0.99385	MONDO:0012652	HGNC:27337	biolink:causes	1
0.99385	MONDO:0012652	HGNC:27337	biolink:gene_associated_with_condition	1
0.8795794	MONDO:0012656	HGNC:8996	biolink:causes	1
0.9936633	MONDO:0012700	HGNC:11027	biolink:causes	1
0.9936633	MONDO:0012700	HGNC:11027	biolink:gene_associated_with_condition	1
0.97866005	MONDO:0012720	HGNC:9498	biolink:causes	1
0.9998154	MONDO:0012724	HGNC:22938	biolink:gene_associated_with_condition	1
0.926798	MONDO:0012764	HGNC:26661	biolink:causes	1
0.9806582	MONDO:0012784	HGNC:16812	biolink:gene_associated_with_condition	1
0.99650335	MONDO:0012792	HGNC:17296	biolink:causes	1
0.93932754	MONDO:0012804	HGNC:2472	biolink:causes	1
0.9515117	MONDO:0012808	HGNC:164	biolink:causes	1
0.9793296	MONDO:0012812	HGNC:11444	biolink:gene_associated_with_condition	1
0.915948	MONDO:0012816	HGNC:7939	biolink:causes	1
0.9998306	MONDO:0012864	HGNC:21637	biolink:gene_associated_with_condition	1
0.98042864	MONDO:0012868	HGNC:9456	biolink:causes	1
0.99992394	MONDO:0012892	HGNC:23088	biolink:causes	1
0.9996284	MONDO:0012892	HGNC:12774	biolink:causes	1
0.9992004	MONDO:0012892	HGNC:15517	biolink:causes	1
0.99999964	MONDO:0012892	HGNC:452	biolink:causes	1
0.99842393	MONDO:0012892	HGNC:9083	biolink:gene_associated_with_condition	1
0.99983203	MONDO:0012892	HGNC:2379	biolink:causes	1
0.9999137	MONDO:0012892	HGNC:25535	biolink:causes	1
0.99759895	MONDO:0012892	HGNC:9091	biolink:causes	1
0.99961686	MONDO:0012892	HGNC:1067	biolink:causes	1
0.9999912	MONDO:0012892	HGNC:30301	biolink:causes	1
0.9998062	MONDO:0012892	HGNC:28395	biolink:causes	1
0.99978787	MONDO:0012892	HGNC:26887	biolink:causes	1
0.99981254	MONDO:0012892	HGNC:15516	biolink:causes	1
0.99947196	MONDO:0012892	HGNC:2198	biolink:causes	1
0.99836177	MONDO:0012892	HGNC:19880	biolink:causes	1
0.42623264	MONDO:0012904	HGNC:17019	biolink:causes	1
0.9444188	MONDO:0012912	HGNC:4392	biolink:causes	1
0.9444188	MONDO:0012912	HGNC:4392	biolink:gene_associated_with_condition	1
0.56617874	MONDO:0012924	HGNC:10397	biolink:causes	1
0.9999895	MONDO:0012980	HGNC:21219	biolink:causes	1
0.99999976	MONDO:0012996	HGNC:4175	biolink:gene_associated_with_condition	1
0.9861443	MONDO:0013016	HGNC:23151	biolink:causes	1
0.9861443	MONDO:0013016	HGNC:23151	biolink:gene_associated_with_condition	1
0.5259644	MONDO:0013028	HGNC:468	biolink:gene_associated_with_condition	1
0.9027372	MONDO:0013032	HGNC:1514	biolink:contributes_to	1
0.9591793	MONDO:0013052	HGNC:15646	biolink:causes	1
0.99944836	MONDO:0013056	HGNC:10982	biolink:gene_associated_with_condition	1
0.99994946	MONDO:0013060	HGNC:9039	biolink:causes	1
0.99994946	MONDO:0013060	HGNC:9039	biolink:gene_associated_with_condition	1
0.95375216	MONDO:0013072	HGNC:17084	biolink:causes	1
0.52155197	MONDO:0013108	HGNC:959	biolink:causes	1
0.9669224	MONDO:0013108	HGNC:11557	biolink:causes	1
0.8880713	MONDO:0013116	HGNC:4236	biolink:causes	1
0.9188957	MONDO:0013156	HGNC:3622	biolink:causes	1
0.99999905	MONDO:0013164	HGNC:16297	biolink:gene_associated_with_condition	1
0.94429576	MONDO:0013184	HGNC:11529	biolink:causes	1
0.9998173	MONDO:0013208	HGNC:25355	biolink:gene_associated_with_condition	1
0.97170424	MONDO:0013212	HGNC:20	biolink:causes	1
0.73764634	MONDO:0013216	HGNC:10383	biolink:causes	1
0.99999	MONDO:0013228	HGNC:951	biolink:causes	1
0.17935088	MONDO:0013236	HGNC:26144	biolink:contributes_to	1
0.9894147	MONDO:0013244	HGNC:9607	biolink:causes	1
0.99994755	MONDO:0013256	HGNC:19353	biolink:causes	1
0.99994755	MONDO:0013256	HGNC:19353	biolink:gene_associated_with_condition	1
0.99999666	MONDO:0013268	HGNC:450	biolink:causes	1
0.97729945	MONDO:0013276	HGNC:6518	biolink:causes	1
0.97312015	MONDO:0013288	HGNC:1698	biolink:causes	1
0.89887875	MONDO:0013312	HGNC:13210	biolink:causes	1
0.9994306	MONDO:0013352	HGNC:3823	biolink:causes	1
0.94468373	MONDO:0013364	HGNC:3373	biolink:causes	1
0.78110206	MONDO:0013384	HGNC:3178	biolink:contributes_to	1
0.99583423	MONDO:0013388	HGNC:10588	biolink:causes	1
0.89175177	MONDO:0013400	HGNC:2590	biolink:causes	1
0.96715957	MONDO:0013404	HGNC:343	biolink:causes	1
0.9867553	MONDO:0013444	HGNC:13387	biolink:causes	1
0.9582797	MONDO:0013460	HGNC:17321	biolink:causes	1
0.9337858	MONDO:0013512	HGNC:4824	biolink:causes	1
0.98157537	MONDO:0013512	HGNC:4823	biolink:gene_associated_with_condition	1
0.9918343	MONDO:0013536	HGNC:5013	biolink:causes	1
0.8403016	MONDO:0013588	HGNC:2084	biolink:causes	1
0.99998033	MONDO:0013624	HGNC:6823	biolink:causes	1
0.6736015	MONDO:0013640	HGNC:5476	biolink:gene_associated_with_condition	1
0.92792416	MONDO:0013644	HGNC:2961	biolink:causes	1
0.9398867	MONDO:0013664	HGNC:385	biolink:gene_associated_with_condition	1
0.7341327	MONDO:0013664	HGNC:387	biolink:gene_associated_with_condition	1
0.029881233	MONDO:0013696	HGNC:8008	biolink:contributes_to	1
0.7642951	MONDO:0013752	HGNC:2488	biolink:causes	1
0.9978713	MONDO:0013756	HGNC:10955	biolink:causes	1
0.9942865	MONDO:0013768	HGNC:57	biolink:causes	1
0.9994955	MONDO:0013800	HGNC:18625	biolink:causes	1
0.9863555	MONDO:0013836	HGNC:20233	biolink:gene_associated_with_condition	1
0.9933109	MONDO:0013840	HGNC:2244	biolink:gene_associated_with_condition	1
0.9935261	MONDO:0013864	HGNC:9811	biolink:causes	1
0.32446006	MONDO:0013872	HGNC:14198	biolink:contributes_to	1
0.98003674	MONDO:0013892	HGNC:4888	biolink:gene_associated_with_condition	1
0.99968934	MONDO:0013892	HGNC:24668	biolink:causes	1
0.9832282	MONDO:0013896	HGNC:24519	biolink:causes	1
0.9972844	MONDO:0013912	HGNC:11521	biolink:causes	1
1.0	MONDO:0013932	HGNC:9717	biolink:causes	1
0.9805587	MONDO:0013948	HGNC:8858	biolink:causes	1
0.9152216	MONDO:0013964	HGNC:10327	biolink:causes	1
0.99997807	MONDO:0013968	HGNC:8905	biolink:gene_associated_with_condition	1
0.9748908	MONDO:0013992	HGNC:6554	biolink:gene_associated_with_condition	1
0.9164268	MONDO:0014004	HGNC:8804	biolink:causes	1
0.7735865	MONDO:0014012	HGNC:23537	biolink:causes	1
0.9953446	MONDO:0014020	HGNC:26784	biolink:causes	1
0.9953446	MONDO:0014020	HGNC:26784	biolink:gene_associated_with_condition	1
0.99504966	MONDO:0014040	HGNC:14974	biolink:causes	1
0.82153803	MONDO:0014048	HGNC:391	biolink:causes	1
0.93209046	MONDO:0014052	HGNC:329	biolink:causes	1
0.99123996	MONDO:0014060	HGNC:9922	biolink:gene_associated_with_condition	1
0.9813085	MONDO:0014072	HGNC:10979	biolink:causes	1
0.9479297	MONDO:0014080	HGNC:18608	biolink:causes	1
0.7583895	MONDO:0014112	HGNC:6407	biolink:causes	1
0.9999877	MONDO:0014132	HGNC:27302	biolink:gene_associated_with_condition	1
0.4168815	MONDO:0014148	HGNC:3467	biolink:causes	1
0.8289325	MONDO:0014152	HGNC:14000	biolink:causes	1
0.94072866	MONDO:0014156	HGNC:10589	biolink:causes	1
0.96150744	MONDO:0014168	HGNC:2252	biolink:gene_associated_with_condition	1
0.7964532	MONDO:0014180	HGNC:1090	biolink:gene_associated_with_condition	1
0.18490078	MONDO:0014184	HGNC:26230	biolink:contributes_to	1
0.99996924	MONDO:0014192	HGNC:19412	biolink:causes	1
0.96233416	MONDO:0014224	HGNC:4868	biolink:causes	1
0.9998642	MONDO:0014240	HGNC:21056	biolink:causes	1
0.98367345	MONDO:0014244	HGNC:10583	biolink:gene_associated_with_condition	1
0.9993788	MONDO:0014276	HGNC:1675	biolink:gene_associated_with_condition	1
0.99999976	MONDO:0014296	HGNC:16133	biolink:causes	1
0.99996567	MONDO:0014320	HGNC:7975	biolink:causes	1
0.99994946	MONDO:0014392	HGNC:23089	biolink:causes	1
0.98840374	MONDO:0014412	HGNC:24945	biolink:causes	1
0.99752957	MONDO:0014460	HGNC:2799	biolink:causes	1
0.993834	MONDO:0014468	HGNC:11510	biolink:causes	1
0.95338255	MONDO:0014480	HGNC:16700	biolink:causes	1
0.49715608	MONDO:0014484	HGNC:1777	biolink:causes	1
0.80915946	MONDO:0014492	HGNC:29300	biolink:causes	1
0.9910512	MONDO:0014532	HGNC:15559	biolink:gene_associated_with_condition	1
0.71910596	MONDO:0014552	HGNC:19181	biolink:gene_associated_with_condition	1
1.0	MONDO:0014556	HGNC:19082	biolink:gene_associated_with_condition	1
0.9705935	MONDO:0014572	HGNC:11071	biolink:causes	1
0.97951424	MONDO:0014580	HGNC:3010	biolink:causes	1
0.9444572	MONDO:0014596	HGNC:1774	biolink:causes	1
0.8457612	MONDO:0014612	HGNC:8609	biolink:causes	1
0.9567204	MONDO:0014620	HGNC:25705	biolink:causes	1
0.9563946	MONDO:0014648	HGNC:29812	biolink:causes	1
0.99999905	MONDO:0014684	HGNC:23141	biolink:causes	1
0.99997914	MONDO:0014688	HGNC:19960	biolink:causes	1
0.8388734	MONDO:0014760	HGNC:11763	biolink:gene_associated_with_condition	1
1.0	MONDO:0014772	HGNC:2917	biolink:causes	1
0.9969037	MONDO:0014804	HGNC:20134	biolink:gene_associated_with_condition	1
0.99925405	MONDO:0014808	HGNC:11073	biolink:causes	1
0.99979883	MONDO:0014836	HGNC:7737	biolink:causes	1
0.7698993	MONDO:0014844	HGNC:28852	biolink:causes	1
0.99986637	MONDO:0014864	HGNC:20858	biolink:causes	1
0.9978364	MONDO:0014868	HGNC:29561	biolink:causes	1
0.9810828	MONDO:0014896	HGNC:12310	biolink:causes	1
0.9810828	MONDO:0014896	HGNC:12310	biolink:gene_associated_with_condition	1
0.9716432	MONDO:0014900	HGNC:29456	biolink:gene_associated_with_condition	1
0.99909115	MONDO:0014948	HGNC:649	biolink:gene_associated_with_condition	1
0.99673706	MONDO:0014968	HGNC:11582	biolink:causes	1
0.9990602	MONDO:0014976	HGNC:7104	biolink:causes	1
0.9990602	MONDO:0014976	HGNC:7104	biolink:gene_associated_with_condition	1
0.999966	MONDO:0014984	HGNC:7677	biolink:causes	1
0.99996567	MONDO:0014992	HGNC:26899	biolink:causes	1
0.9947614	MONDO:0014996	HGNC:18248	biolink:causes	1
0.87643266	MONDO:0015096	HGNC:3662	biolink:gene_associated_with_condition	1
0.95406294	MONDO:0015096	HGNC:3694	biolink:gene_associated_with_condition	1
0.95795476	MONDO:0015466	HGNC:5154	biolink:gene_associated_with_condition	1
0.75677204	MONDO:0015566	HGNC:7981	biolink:gene_associated_with_condition	1
0.680482	MONDO:0015786	HGNC:7675	biolink:gene_associated_with_condition	1
0.99855214	MONDO:0016002	HGNC:9081	biolink:causes	1
0.075204685	MONDO:0016202	HGNC:2200	biolink:gene_associated_with_condition	1
0.223549	MONDO:0016242	HGNC:4827	biolink:gene_associated_with_condition	1
0.83342755	MONDO:0016302	HGNC:18292	biolink:gene_associated_with_condition	1
0.19655345	MONDO:0016598	HGNC:1093	biolink:gene_associated_with_condition	1
0.02142776	MONDO:0016606	HGNC:438	biolink:gene_associated_with_condition	1
0.90962046	MONDO:0016682	HGNC:3690	biolink:gene_associated_with_condition	1
0.9395734	MONDO:0016682	HGNC:6742	biolink:gene_associated_with_condition	1
0.9381417	MONDO:0016682	HGNC:11522	biolink:gene_associated_with_condition	1
0.82719994	MONDO:0016682	HGNC:9236	biolink:gene_associated_with_condition	1
0.5222332	MONDO:0016710	HGNC:16466	biolink:gene_associated_with_condition	1
0.8650127	MONDO:0016782	HGNC:14575	biolink:gene_associated_with_condition	1
0.9139104	MONDO:0016814	HGNC:7456	biolink:gene_associated_with_condition	1
0.9763005	MONDO:0016838	HGNC:21316	biolink:gene_associated_with_condition	1
0.9999939	MONDO:0016862	HGNC:6188	biolink:causes	1
0.7727244	MONDO:0017218	HGNC:3814	biolink:gene_associated_with_condition	1
0.9178373	MONDO:0017218	HGNC:9585	biolink:gene_associated_with_condition	1
0.841895	MONDO:0017218	HGNC:11776	biolink:gene_associated_with_condition	1
0.26003596	MONDO:0017238	HGNC:4832	biolink:gene_associated_with_condition	1
0.4979783	MONDO:0017354	HGNC:11056	biolink:gene_associated_with_condition	1
0.434869	MONDO:0017382	HGNC:9004	biolink:gene_associated_with_condition	1
0.8821726	MONDO:0017402	HGNC:10484	biolink:gene_associated_with_condition	1
0.9775904	MONDO:0017402	HGNC:3036	biolink:gene_associated_with_condition	1
0.017797394	MONDO:0017598	HGNC:7910	biolink:gene_associated_with_condition	1
0.0890088	MONDO:0017906	HGNC:4462	biolink:gene_associated_with_condition	1
0.4757852	MONDO:0017946	HGNC:620	biolink:gene_associated_with_condition	1
0.7313255	MONDO:0018006	HGNC:12666	biolink:gene_associated_with_condition	1
0.91018635	MONDO:0018114	HGNC:12872	biolink:gene_associated_with_condition	1
0.53491884	MONDO:0018206	HGNC:7572	biolink:gene_associated_with_condition	1
0.9552453	MONDO:0018419	HGNC:25712	biolink:gene_associated_with_condition	1
0.7165202	MONDO:0018435	HGNC:10381	biolink:gene_associated_with_condition	1
0.67340493	MONDO:0018443	HGNC:3600	biolink:gene_associated_with_condition	1
0.9023703	MONDO:0018495	HGNC:9462	biolink:gene_associated_with_condition	1
0.08069227	MONDO:0018507	HGNC:12718	biolink:gene_associated_with_condition	1
0.76438427	MONDO:0018611	HGNC:5227	biolink:gene_associated_with_condition	1
0.91075766	MONDO:0018611	HGNC:2389	biolink:gene_associated_with_condition	1
0.6487625	MONDO:0018611	HGNC:2409	biolink:gene_associated_with_condition	1
0.9603846	MONDO:0018611	HGNC:2417	biolink:gene_associated_with_condition	1
0.782795	MONDO:0018611	HGNC:2411	biolink:gene_associated_with_condition	1
0.9299815	MONDO:0018611	HGNC:2410	biolink:gene_associated_with_condition	1
0.9936621	MONDO:0018663	HGNC:6518	biolink:gene_associated_with_condition	1
0.71554047	MONDO:0018763	HGNC:20772	biolink:gene_associated_with_condition	1
0.99023575	MONDO:0018767	HGNC:3771	biolink:causes	1
0.8715012	MONDO:0018875	HGNC:16627	biolink:gene_associated_with_condition	1
0.9999926	MONDO:0018931	HGNC:29670	biolink:gene_associated_with_condition	1
0.5461716	MONDO:0019107	HGNC:10009	biolink:gene_associated_with_condition	1
0.98444355	MONDO:0019123	HGNC:1362	biolink:gene_associated_with_condition	1
0.8839969	MONDO:0019325	HGNC:4379	biolink:gene_associated_with_condition	1
0.052198127	MONDO:0019333	HGNC:59	biolink:gene_associated_with_condition	1
0.999982	MONDO:0019349	HGNC:14234	biolink:causes	1
0.999982	MONDO:0019349	HGNC:14234	biolink:gene_associated_with_condition	1
0.31762937	MONDO:0019373	HGNC:3508	biolink:gene_associated_with_condition	1
0.952832	MONDO:0019409	HGNC:12774	biolink:gene_associated_with_condition	1
0.9546741	MONDO:0019505	HGNC:30348	biolink:gene_associated_with_condition	1
0.9567379	MONDO:0019505	HGNC:30074	biolink:gene_associated_with_condition	1
0.3189491	MONDO:0019549	HGNC:16877	biolink:gene_associated_with_condition	1
0.9992161	MONDO:0019569	HGNC:3438	biolink:gene_associated_with_condition	1
0.9999864	MONDO:0019569	HGNC:3439	biolink:gene_associated_with_condition	1
0.9614031	MONDO:0019569	HGNC:3436	biolink:gene_associated_with_condition	1
0.6901628	MONDO:0019597	HGNC:2570	biolink:gene_associated_with_condition	1
0.9505748	MONDO:0019669	HGNC:2200	biolink:gene_associated_with_condition	1
0.84666705	MONDO:0019758	HGNC:3686	biolink:gene_associated_with_condition	1
0.5152703	MONDO:0019758	HGNC:7865	biolink:gene_associated_with_condition	1
0.9306011	MONDO:0019758	HGNC:12873	biolink:gene_associated_with_condition	1
0.9418915	MONDO:0019758	HGNC:10889	biolink:gene_associated_with_condition	1
0.46684775	MONDO:0019758	HGNC:2908	biolink:gene_associated_with_condition	1
0.97052693	MONDO:0019854	HGNC:8622	biolink:gene_associated_with_condition	1
0.3983965	MONDO:0019930	HGNC:6585	biolink:gene_associated_with_condition	1
0.74960756	MONDO:0020316	HGNC:1539	biolink:gene_associated_with_condition	1
0.76899815	MONDO:0020316	HGNC:3765	biolink:gene_associated_with_condition	1
0.7135093	MONDO:0020320	HGNC:6342	biolink:gene_associated_with_condition	1
0.7484395	MONDO:0020320	HGNC:7910	biolink:gene_associated_with_condition	1
0.16554765	MONDO:0020324	HGNC:1001	biolink:gene_associated_with_condition	1
0.65771586	MONDO:0020356	HGNC:47	biolink:gene_associated_with_condition	1
0.9284095	MONDO:0020356	HGNC:8620	biolink:gene_associated_with_condition	1
0.91049665	MONDO:0020492	HGNC:8975	biolink:gene_associated_with_condition	1
0.8283034	MONDO:0020492	HGNC:3942	biolink:gene_associated_with_condition	1
0.01035174	MONDO:0020512	HGNC:12252	biolink:gene_associated_with_condition	1
0.9196725	MONDO:0020512	HGNC:15514	biolink:gene_associated_with_condition	1
0.03954785	MONDO:0020512	HGNC:12271	biolink:gene_associated_with_condition	1
0.90515214	MONDO:0020512	HGNC:16063	biolink:gene_associated_with_condition	1
0.95953465	MONDO:0020512	HGNC:1014	biolink:gene_associated_with_condition	1
0.90881824	MONDO:0020512	HGNC:5056	biolink:gene_associated_with_condition	1
0.764681	MONDO:0020512	HGNC:7545	biolink:gene_associated_with_condition	1
0.07439277	MONDO:0020621	HGNC:15743	biolink:causes	1
0.8696544	MONDO:0020730	HGNC:12405	biolink:causes	1
0.9996921	MONDO:0020762	HGNC:24959	biolink:causes	1
0.3380776	MONDO:0020786	HGNC:285	biolink:causes	1
0.99999094	MONDO:0020790	HGNC:13433	biolink:causes	1
0.9112381	MONDO:0021018	HGNC:14888	biolink:causes	1
0.7625468	MONDO:0021427	HGNC:9588	biolink:gene_associated_with_condition	1
0.18347947	MONDO:0021548	HGNC:2409	biolink:gene_associated_with_condition	1
0.94339806	MONDO:0021548	HGNC:4204	biolink:gene_associated_with_condition	1
0.38839018	MONDO:0021571	HGNC:4948	biolink:contributes_to	1
0.999642	MONDO:0024309	HGNC:25964	biolink:causes	1
0.99937075	MONDO:0024455	HGNC:12784	biolink:causes	1
0.9998927	MONDO:0024455	HGNC:3084	biolink:causes	1
0.86872035	MONDO:0024523	HGNC:7881	biolink:causes	1
0.99926525	MONDO:0024535	HGNC:18873	biolink:causes	1
1.0	MONDO:0024543	HGNC:23216	biolink:causes	1
0.9779504	MONDO:0024551	HGNC:592	biolink:causes	1
0.9884743	MONDO:0024555	HGNC:17082	biolink:causes	1
0.9997738	MONDO:0024555	HGNC:26361	biolink:causes	1
0.91782457	MONDO:0024559	HGNC:7569	biolink:gene_associated_with_condition	1
0.033392616	MONDO:0026404	HGNC:12810	biolink:causes	1
0.027103746	MONDO:0026768	HGNC:3551	biolink:contributes_to	1
0.99999905	MONDO:0029134	HGNC:27089	biolink:causes	1
0.99999905	MONDO:0029134	HGNC:27089	biolink:gene_associated_with_condition	1
0.9770402	MONDO:0030025	HGNC:226	biolink:causes	1
0.9959912	MONDO:0030037	HGNC:8965	biolink:causes	1
0.988881	MONDO:0030048	HGNC:2321	biolink:gene_associated_with_condition	1
0.99933225	MONDO:0030054	HGNC:25536	biolink:causes	1
0.9999794	MONDO:0030066	HGNC:28672	biolink:causes	1
0.96063083	MONDO:0030071	HGNC:6320	biolink:causes	1
0.9542687	MONDO:0030105	HGNC:24063	biolink:gene_associated_with_condition	1
0.9261441	MONDO:0030258	HGNC:9260	biolink:causes	1
0.98478067	MONDO:0030281	HGNC:7720	biolink:causes	1
0.021035707	MONDO:0030313	HGNC:32621	biolink:contributes_to	1
0.7629473	MONDO:0030334	HGNC:15594	biolink:contributes_to	1
0.98457366	MONDO:0030361	HGNC:30860	biolink:causes	1
0.99988985	MONDO:0030455	HGNC:1361	biolink:causes	1
0.96772534	MONDO:0030462	HGNC:21424	biolink:causes	1
0.11577912	MONDO:0030490	HGNC:31704	biolink:causes	1
0.99999976	MONDO:0030505	HGNC:21495	biolink:causes	1
0.9824713	MONDO:0030534	HGNC:11623	biolink:causes	1
0.84295195	MONDO:0030690	HGNC:10289	biolink:causes	1
0.99620986	MONDO:0030714	HGNC:26185	biolink:causes	1
0.6274393	MONDO:0030724	HGNC:13552	biolink:causes	1
0.9999496	MONDO:0030730	HGNC:4785	biolink:causes	1
0.96577126	MONDO:0030787	HGNC:26993	biolink:causes	1
0.99999917	MONDO:0030819	HGNC:20652	biolink:causes	1
0.96968937	MONDO:0030866	HGNC:10852	biolink:causes	1
0.6070168	MONDO:0030875	HGNC:1591	biolink:causes	1
0.999977	MONDO:0030880	HGNC:7506	biolink:causes	1
1.0	MONDO:0030915	HGNC:23625	biolink:causes	1
0.9999963	MONDO:0030927	HGNC:14304	biolink:causes	1
0.9986753	MONDO:0030931	HGNC:24929	biolink:causes	1
0.8484325	MONDO:0030958	HGNC:25543	biolink:causes	1
0.8944739	MONDO:0031006	HGNC:10680	biolink:causes	1
0.990342	MONDO:0031057	HGNC:12441	biolink:causes	1
0.88743454	MONDO:0031084	HGNC:14530	biolink:causes	1
0.81716746	MONDO:0031481	HGNC:24877	biolink:gene_associated_with_condition	1
0.99999833	MONDO:0031481	HGNC:18550	biolink:causes	1
0.9999944	MONDO:0032571	HGNC:29165	biolink:causes	1
0.8102155	MONDO:0032575	HGNC:12781	biolink:causes	1
0.5696762	MONDO:0032583	HGNC:29929	biolink:causes	1
0.54494363	MONDO:0032590	HGNC:3468	biolink:causes	1
0.96340054	MONDO:0032596	HGNC:10979	biolink:causes	1
0.99964	MONDO:0032656	HGNC:6222	biolink:causes	1
0.9999918	MONDO:0032673	HGNC:19918	biolink:causes	1
0.9684008	MONDO:0032685	HGNC:4331	biolink:causes	1
1.0	MONDO:0032705	HGNC:7437	biolink:causes	1
1.0	MONDO:0032705	HGNC:7437	biolink:gene_associated_with_condition	1
0.9617289	MONDO:0032712	HGNC:14049	biolink:causes	1
0.7844448	MONDO:0032717	HGNC:13764	biolink:causes	1
0.99967885	MONDO:0032758	HGNC:6115	biolink:causes	1
0.970037	MONDO:0032783	HGNC:17985	biolink:causes	1
0.97970885	MONDO:0032787	HGNC:7877	biolink:causes	1
0.9994832	MONDO:0032799	HGNC:9180	biolink:causes	1
0.9863644	MONDO:0032815	HGNC:16352	biolink:causes	1
0.9933782	MONDO:0032819	HGNC:12299	biolink:gene_associated_with_condition	1
0.9958813	MONDO:0032849	HGNC:17052	biolink:causes	1
0.8008603	MONDO:0032853	HGNC:164	biolink:causes	1
0.9909089	MONDO:0032874	HGNC:3816	biolink:causes	1
0.9590603	MONDO:0032882	HGNC:2978	biolink:causes	1
0.9590603	MONDO:0032882	HGNC:2978	biolink:gene_associated_with_condition	1
0.9999683	MONDO:0032886	HGNC:6284	biolink:gene_associated_with_condition	1
0.9707022	MONDO:0032894	HGNC:19943	biolink:causes	1
0.9962903	MONDO:0032898	HGNC:26293	biolink:causes	1
0.9992067	MONDO:0032906	HGNC:8756	biolink:causes	1
0.9992067	MONDO:0032906	HGNC:8756	biolink:gene_associated_with_condition	1
1.0	MONDO:0032922	HGNC:28313	biolink:causes	1
0.9952631	MONDO:0033012	HGNC:4286	biolink:causes	1
0.76593316	MONDO:0033047	HGNC:3424	biolink:causes	1
0.8747992	MONDO:0033115	HGNC:589	biolink:causes	1
0.9923959	MONDO:0033282	HGNC:28660	biolink:gene_associated_with_condition	1
0.99667054	MONDO:0033479	HGNC:4593	biolink:gene_associated_with_condition	1
0.058647625	MONDO:0033552	HGNC:4014	biolink:causes	1
0.99999976	MONDO:0033561	HGNC:6766	biolink:causes	1
0.99999976	MONDO:0033561	HGNC:6766	biolink:gene_associated_with_condition	1
0.9999547	MONDO:0033635	HGNC:2260	biolink:causes	1
0.9998073	MONDO:0034022	HGNC:2188	biolink:gene_associated_with_condition	1
0.98456097	MONDO:0035153	HGNC:17728	biolink:gene_associated_with_condition	1
0.33493844	MONDO:0035236	HGNC:9658	biolink:gene_associated_with_condition	1
0.10007173	MONDO:0035941	HGNC:7132	biolink:gene_associated_with_condition	1
0.23769853	MONDO:0035945	HGNC:5477	biolink:gene_associated_with_condition	1
0.9999796	MONDO:0036189	HGNC:11182	biolink:gene_associated_with_condition	1
0.38477865	MONDO:0043364	HGNC:3423	biolink:causes	1
0.9965706	MONDO:0044204	HGNC:11301	biolink:causes	1
0.043095637	MONDO:0044220	HGNC:4204	biolink:causes	1
0.056155823	MONDO:0044224	HGNC:14639	biolink:causes	1
0.013336644	MONDO:0044276	HGNC:12450	biolink:causes	1
0.9979165	MONDO:0044306	HGNC:20967	biolink:gene_associated_with_condition	1
0.9999851	MONDO:0044319	HGNC:24281	biolink:causes	1
0.779402	MONDO:0044323	HGNC:4718	biolink:causes	1
0.9999484	MONDO:0044646	HGNC:11581	biolink:causes	1
0.9830419	MONDO:0044651	HGNC:11582	biolink:gene_associated_with_condition	1
0.4054928	MONDO:0044657	HGNC:7154	biolink:gene_associated_with_condition	1
0.9740625	MONDO:0044701	HGNC:12511	biolink:gene_associated_with_condition	1
0.98309463	MONDO:0044738	HGNC:12856	biolink:causes	1
0.8819388	MONDO:0049221	HGNC:710	biolink:causes	1
0.9999517	MONDO:0054636	HGNC:21208	biolink:causes	1
0.99738294	MONDO:0054724	HGNC:25631	biolink:causes	1
0.9146316	MONDO:0054750	HGNC:7744	biolink:contributes_to	1
0.99486166	MONDO:0054763	HGNC:15578	biolink:causes	1
0.532898	MONDO:0054771	HGNC:24071	biolink:causes	1
0.99970454	MONDO:0054844	HGNC:9137	biolink:causes	1
0.84053546	MONDO:0054861	HGNC:1460	biolink:causes	1
0.97115874	MONDO:0060591	HGNC:7782	biolink:causes	1
0.9998901	MONDO:0060707	HGNC:24713	biolink:gene_associated_with_condition	1
0.9987587	MONDO:0060745	HGNC:10258	biolink:causes	1
0.99115866	MONDO:0100058	HGNC:977	biolink:causes	1
0.9993426	MONDO:0100102	HGNC:9863	biolink:causes	1
0.8762256	MONDO:0100119	HGNC:8591	biolink:causes	1
0.8553009	MONDO:0100219	HGNC:11367	biolink:causes	1
0.06303108	MONDO:0600030	HGNC:11633	biolink:gene_associated_with_condition	1
0.05323777	MONDO:0600030	HGNC:8632	biolink:gene_associated_with_condition	1
0.46981958	MONDO:0700297	HGNC:25221	biolink:causes	1
0.05012152	MONDO:0700301	HGNC:30632	biolink:causes	1
0.96339566	MONDO:0800130	HGNC:19383	biolink:causes	1
0.99999404	MONDO:0800436	HGNC:18188	biolink:gene_associated_with_condition	1
0.97868073	MONDO:0800452	HGNC:11795	biolink:gene_associated_with_condition	1
0.22413062	MONDO:0850078	HGNC:26219	biolink:gene_associated_with_condition	1
0.88597745	MONDO:0859086	HGNC:3670	biolink:causes	1
0.9005942	MONDO:0859171	HGNC:10061	biolink:causes	1
1.0	MONDO:0859187	HGNC:2021	biolink:causes	1
0.8909943	MONDO:0859204	HGNC:800	biolink:causes	1
0.9999993	MONDO:0859229	HGNC:13998	biolink:causes	1
0.94875395	MONDO:0859253	HGNC:2232	biolink:causes	1
1.0	MONDO:0859277	HGNC:18711	biolink:causes	1
0.8628529	MONDO:0859281	HGNC:26974	biolink:causes	1
0.94310904	MONDO:0859301	HGNC:5041	biolink:gene_associated_with_condition	1
0.999445	MONDO:0859335	HGNC:11944	biolink:causes	1
0.70125985	MONDO:0859355	HGNC:21173	biolink:causes	1
0.99999595	MONDO:0859360	HGNC:19380	biolink:causes	1
0.9996917	MONDO:0859530	HGNC:6915	biolink:causes	1
0.88722295	MONDO:0859578	HGNC:3666	biolink:causes	1
0.9952271	MONDO:0957211	HGNC:11016	biolink:causes	1
0.9735136	MONDO:0957218	HGNC:12729	biolink:causes	1
0.13703296	MONDO:0957231	HGNC:21269	biolink:causes	1
0.9830546	MONDO:0957271	HGNC:6735	biolink:causes	1
0.83214396	MONDO:0957294	HGNC:14378	biolink:causes	1
0.99744177	MONDO:0957388	HGNC:1542	biolink:causes	1
0.12087494	MONDO:0957428	HGNC:11633	biolink:gene_associated_with_condition	1
0.9774211	MONDO:0957477	HGNC:7623	biolink:gene_associated_with_condition	1
0.056783825	MONDO:0957583	HGNC:10780	biolink:causes	1
0.6282649	MONDO:0957594	HGNC:126	biolink:causes	1
0.97816133	MONDO:0957807	HGNC:11368	biolink:causes	1
1.0	MONDO:0957812	HGNC:6254	biolink:causes	1
0.9990802	MONDO:0957820	HGNC:18619	biolink:causes	1
0.95651937	MONDO:0957825	HGNC:20844	biolink:causes	1
0.9796983	MONDO:0957876	HGNC:12718	biolink:causes	1
0.9999999	MONDO:0958005	HGNC:23994	biolink:causes	1
0.996252	MONDO:0958012	HGNC:3976	biolink:causes	1
0.9466404	MONDO:0958176	HGNC:8565	biolink:causes	1
0.98444736	MONDO:0958180	HGNC:10004	biolink:causes	1
0.9659307	MONDO:0958188	HGNC:1245	biolink:causes	1
0.9860324	MONDO:0958325	HGNC:23657	biolink:causes	1
0.99703443	MONDO:0958334	HGNC:1481	biolink:causes	1
0.99280727	MONDO:0968981	HGNC:20313	biolink:causes	1
0.9745218	MONDO:0970994	HGNC:9175	biolink:causes	1
0.95278394	MONDO:0971009	HGNC:6740	biolink:causes	1
0.9720363	MONDO:0971178	HGNC:13387	biolink:causes	1
0.010045514	MONDO:0975746	HGNC:18416	biolink:causes	1
0.5514458	MONDO:0975840	HGNC:25018	biolink:causes	1
0.02106494	MONDO:0976128	HGNC:12624	biolink:contributes_to	1
0.9195226	MONDO:8000011	HGNC:3754	biolink:gene_associated_with_condition	1
0.9191625	MONDO:8000015	HGNC:17210	biolink:gene_associated_with_condition	1
0.9715846	HGNC:21022	MONDO:0013570	biolink:gene_associated_with_condition	1
0.42454582	HGNC:34	MONDO:0007932	biolink:contributes_to	1
0.8846694	HGNC:47	MONDO:0012204	biolink:causes	1
0.65771586	HGNC:47	MONDO:0020356	biolink:gene_associated_with_condition	1
0.038946602	HGNC:47	MONDO:0020619	biolink:causes	1
0.9925424	HGNC:42	MONDO:0011156	biolink:causes	1
0.9925424	HGNC:42	MONDO:0011156	biolink:gene_associated_with_condition	1
0.99998415	HGNC:68	MONDO:0013925	biolink:causes	1
0.8869476	HGNC:13887	MONDO:0018328	biolink:gene_associated_with_condition	1
0.92785436	HGNC:76	MONDO:0008542	biolink:causes	1
0.9565435	HGNC:87	MONDO:0012648	biolink:causes	1
0.99690175	HGNC:119	MONDO:0009919	biolink:gene_associated_with_condition	1
0.6282649	HGNC:126	MONDO:0957594	biolink:causes	1
0.89528126	HGNC:129	MONDO:0859517	biolink:causes	1
0.99205786	HGNC:171	MONDO:0007606	biolink:causes	1
0.9996232	HGNC:1839	MONDO:0008436	biolink:causes	1
0.44294432	HGNC:13202	MONDO:0009728	biolink:gene_associated_with_condition	1
1.0	HGNC:16305	MONDO:0957819	biolink:causes	1
0.9770402	HGNC:226	MONDO:0030025	biolink:causes	1
0.9397808	HGNC:237	MONDO:0014570	biolink:causes	1
0.9574484	HGNC:315	MONDO:0008377	biolink:causes	1
0.2197419	HGNC:317	MONDO:0014425	biolink:causes	1
0.2197419	HGNC:317	MONDO:0014425	biolink:gene_associated_with_condition	1
0.9999354	HGNC:17258	MONDO:0032650	biolink:causes	1
0.9998727	HGNC:341	MONDO:0009823	biolink:gene_associated_with_condition	1
0.96715957	HGNC:343	MONDO:0013404	biolink:causes	1
0.99556524	HGNC:10648	MONDO:0009843	biolink:gene_associated_with_condition	1
0.77079767	HGNC:358	MONDO:0010911	biolink:gene_associated_with_condition	1
0.9867732	HGNC:358	MONDO:0007052	biolink:causes	1
0.9973218	HGNC:358	MONDO:0009050	biolink:causes	1
0.7341327	HGNC:387	MONDO:0013664	biolink:gene_associated_with_condition	1
0.87444806	HGNC:393	MONDO:0014407	biolink:causes	1
0.99141777	HGNC:397	MONDO:0020721	biolink:causes	1
0.99992394	HGNC:23161	MONDO:0011969	biolink:gene_associated_with_condition	1
0.8950733	HGNC:23161	MONDO:0054743	biolink:causes	1
0.93103516	HGNC:31088	MONDO:0013367	biolink:contributes_to	1
0.99879116	HGNC:20917	MONDO:0013999	biolink:causes	1
0.25729078	HGNC:438	MONDO:0016605	biolink:gene_associated_with_condition	1
0.02142776	HGNC:438	MONDO:0016606	biolink:gene_associated_with_condition	1
0.91831017	HGNC:17097	MONDO:0008377	biolink:causes	1
0.9963372	HGNC:3528	MONDO:0009212	biolink:causes	1
0.9994628	HGNC:3534	MONDO:0013190	biolink:causes	1
0.99999905	HGNC:3583	MONDO:0009215	biolink:causes	1
0.9999033	HGNC:3583	MONDO:0010752	biolink:causes	1
0.9969206	HGNC:3602	MONDO:0009052	biolink:causes	1
0.95464456	HGNC:3607	MONDO:0859246	biolink:causes	1
0.15979104	HGNC:15626	MONDO:0008558	biolink:gene_associated_with_condition	1
0.8355891	HGNC:3666	MONDO:0008397	biolink:gene_associated_with_condition	1
0.88722295	HGNC:3666	MONDO:0859578	biolink:causes	1
0.9727701	HGNC:3680	MONDO:0008660	biolink:gene_associated_with_condition	1
0.97923034	HGNC:3689	MONDO:0007400	biolink:gene_associated_with_condition	1
0.9938192	HGNC:3689	MONDO:0007412	biolink:causes	1
0.99459535	HGNC:3689	MONDO:0007042	biolink:causes	1
0.99459535	HGNC:3689	MONDO:0007042	biolink:gene_associated_with_condition	1
0.010045514	HGNC:18416	MONDO:0975746	biolink:causes	1
0.45190415	HGNC:19124	MONDO:0017833	biolink:gene_associated_with_condition	1
0.9994955	HGNC:18625	MONDO:0013800	biolink:causes	1
0.9976058	HGNC:17997	MONDO:0011787	biolink:gene_associated_with_condition	1
0.99965656	HGNC:17997	MONDO:0013157	biolink:causes	1
0.9949917	HGNC:17997	MONDO:1040033	biolink:gene_associated_with_condition	1
0.62198955	HGNC:3749	MONDO:0007838	biolink:gene_associated_with_condition	1
0.9978942	HGNC:3755	MONDO:0007167	biolink:causes	1
0.9982193	HGNC:3755	MONDO:0007875	biolink:gene_associated_with_condition	1
0.9967243	HGNC:3755	MONDO:0014343	biolink:causes	1
0.9321386	HGNC:3765	MONDO:0035940	biolink:gene_associated_with_condition	1
0.82612705	HGNC:3765	MONDO:0015166	biolink:gene_associated_with_condition	1
0.76899815	HGNC:3765	MONDO:0020316	biolink:gene_associated_with_condition	1
0.99023575	HGNC:3771	MONDO:0018767	biolink:causes	1
0.9994306	HGNC:3823	MONDO:0013352	biolink:causes	1
0.8413543	HGNC:13875	MONDO:0011184	biolink:causes	1
0.86081606	HGNC:3976	MONDO:0014225	biolink:causes	1
0.996252	HGNC:3976	MONDO:0958012	biolink:causes	1
0.9996455	HGNC:24678	MONDO:0013050	biolink:gene_associated_with_condition	1
0.99856746	HGNC:4006	MONDO:0014343	biolink:causes	1
0.9999994	HGNC:4006	MONDO:0009254	biolink:causes	1
0.96475905	HGNC:4081	MONDO:0014942	biolink:causes	1
0.6381824	HGNC:4172	MONDO:0007797	biolink:causes	1
0.6381824	HGNC:4172	MONDO:0007797	biolink:gene_associated_with_condition	1
0.99973685	HGNC:4189	MONDO:0009281	biolink:gene_associated_with_condition	1
0.99736446	HGNC:4193	MONDO:0007495	biolink:causes	1
0.9959275	HGNC:4193	MONDO:0100186	biolink:gene_associated_with_condition	1
0.9999987	HGNC:4208	MONDO:0957382	biolink:causes	1
0.98921293	HGNC:4220	MONDO:0007215	biolink:gene_associated_with_condition	1
0.9996693	HGNC:4220	MONDO:0007221	biolink:gene_associated_with_condition	1
0.9677009	HGNC:4220	MONDO:0014125	biolink:causes	1
0.994214	HGNC:4220	MONDO:0007216	biolink:causes	1
0.994214	HGNC:4220	MONDO:0007216	biolink:gene_associated_with_condition	1
0.77784145	HGNC:4237	MONDO:0013139	biolink:causes	1
0.982312	HGNC:4241	MONDO:0018144	biolink:gene_associated_with_condition	1
0.90674734	HGNC:4267	MONDO:0014403	biolink:gene_associated_with_condition	1
0.87137556	HGNC:4281	MONDO:0011430	biolink:gene_associated_with_condition	1
0.3366682	HGNC:4284	MONDO:0015635	biolink:gene_associated_with_condition	1
0.99959356	HGNC:4296	MONDO:0010526	biolink:causes	1
0.6936221	HGNC:4313	MONDO:0017353	biolink:gene_associated_with_condition	1
0.7446605	HGNC:4313	MONDO:0015010	biolink:gene_associated_with_condition	1
0.99997985	HGNC:24247	MONDO:0009070	biolink:causes	1
0.99997985	HGNC:24247	MONDO:0009070	biolink:gene_associated_with_condition	1
0.9988422	HGNC:4367	MONDO:0010099	biolink:causes	1
0.9988422	HGNC:4367	MONDO:0010099	biolink:gene_associated_with_condition	1
0.9839708	HGNC:20731	MONDO:0014074	biolink:gene_associated_with_condition	1
1.0	HGNC:4452	MONDO:0020602	biolink:causes	1
0.0890088	HGNC:4462	MONDO:0017906	biolink:gene_associated_with_condition	1
0.9973456	HGNC:29501	MONDO:0011411	biolink:causes	1
0.9973456	HGNC:29501	MONDO:0011411	biolink:gene_associated_with_condition	1
0.99667054	HGNC:4593	MONDO:0033479	biolink:gene_associated_with_condition	1
0.753252	HGNC:4598	MONDO:0008377	biolink:causes	1
0.9977381	HGNC:4679	MONDO:0008377	biolink:causes	1
0.7918946	HGNC:4706	MONDO:0012693	biolink:causes	1
0.99775475	HGNC:4796	MONDO:0014343	biolink:causes	1
0.873295	HGNC:4817	MONDO:0009300	biolink:gene_associated_with_condition	1
0.9925788	HGNC:29853	MONDO:0014995	biolink:causes	1
0.9997738	HGNC:26361	MONDO:0024555	biolink:causes	1
0.99999726	HGNC:30477	MONDO:0009871	biolink:causes	1
0.99802566	HGNC:15977	MONDO:0014343	biolink:causes	1
0.9999982	HGNC:18270	MONDO:0010814	biolink:causes	1
0.8333272	HGNC:4887	MONDO:0958085	biolink:gene_associated_with_condition	1
0.35427988	HGNC:4932	MONDO:0018229	biolink:gene_associated_with_condition	1
0.19935045	HGNC:4932	MONDO:0017376	biolink:gene_associated_with_condition	1
0.48578307	HGNC:11621	MONDO:0017935	biolink:gene_associated_with_condition	1
0.989405	HGNC:5147	MONDO:0010162	biolink:causes	1
0.989405	HGNC:5147	MONDO:0010162	biolink:gene_associated_with_condition	1
0.99259114	HGNC:28460	MONDO:0971176	biolink:causes	1
0.95900726	HGNC:5201	MONDO:0013946	biolink:contributes_to	1
0.4056887	HGNC:4800	MONDO:0037149	biolink:gene_associated_with_condition	1
0.9996424	HGNC:5248	MONDO:0013243	biolink:causes	1
0.8988196	HGNC:5286	MONDO:0044660	biolink:causes	1
0.99999833	HGNC:18550	MONDO:0031481	biolink:causes	1
0.9401086	HGNC:5439	MONDO:0007191	biolink:gene_associated_with_condition	1
0.054466456	HGNC:5439	MONDO:0017901	biolink:gene_associated_with_condition	1
0.11479273	HGNC:5439	MONDO:0010853	biolink:contributes_to	1
0.9430532	HGNC:5439	MONDO:0014429	biolink:causes	1
0.31108263	HGNC:5439	MONDO:0020530	biolink:gene_associated_with_condition	1
0.3144991	HGNC:5456	MONDO:0011834	biolink:gene_associated_with_condition	1
0.99999464	HGNC:13556	MONDO:0021093	biolink:causes	1
0.061213978	HGNC:29077	MONDO:0976267	biolink:contributes_to	1
0.98483235	HGNC:29077	MONDO:0008377	biolink:causes	1
0.47042352	HGNC:29077	MONDO:0976269	biolink:causes	1
0.99828005	HGNC:5466	MONDO:0014343	biolink:causes	1
0.99087757	HGNC:5466	MONDO:0018336	biolink:gene_associated_with_condition	1
0.6736015	HGNC:5476	MONDO:0013640	biolink:gene_associated_with_condition	1
0.23769853	HGNC:5477	MONDO:0035945	biolink:gene_associated_with_condition	1
0.99820936	HGNC:6000	MONDO:0014343	biolink:causes	1
0.99883634	HGNC:6000	MONDO:0013021	biolink:gene_associated_with_condition	1
0.99518126	HGNC:6009	MONDO:0032782	biolink:causes	1
0.8968603	HGNC:5962	MONDO:0004951	biolink:contributes_to	1
0.9999354	HGNC:6006	MONDO:0014082	biolink:gene_associated_with_condition	1
0.18298668	HGNC:15561	MONDO:0015597	biolink:gene_associated_with_condition	1
0.9848856	HGNC:6055	MONDO:0008377	biolink:causes	1
0.9999622	HGNC:17870	MONDO:0011190	biolink:causes	1
0.99967885	HGNC:6115	MONDO:0032758	biolink:causes	1
0.9898359	HGNC:6176	MONDO:0014719	biolink:gene_associated_with_condition	1
0.98254997	HGNC:19309	MONDO:0013033	biolink:causes	1
0.89193237	HGNC:6218	MONDO:0019943	biolink:gene_associated_with_condition	1
0.97894543	HGNC:6229	MONDO:0020745	biolink:causes	1
0.9963516	HGNC:6239	MONDO:0011819	biolink:gene_associated_with_condition	1
0.9928576	HGNC:6242	MONDO:0012677	biolink:causes	1
0.9733729	HGNC:6256	MONDO:0010933	biolink:causes	1
0.999964	HGNC:6256	MONDO:0013005	biolink:causes	1
0.9796892	HGNC:19698	MONDO:0008377	biolink:causes	1
0.9567204	HGNC:25705	MONDO:0014620	biolink:causes	1
0.9991799	HGNC:12637	MONDO:0010465	biolink:causes	1
0.98700523	HGNC:888	MONDO:0013634	biolink:causes	1
0.99933547	HGNC:6391	MONDO:0011335	biolink:gene_associated_with_condition	1
0.9996959	HGNC:23419	MONDO:0012280	biolink:causes	1
0.99991965	HGNC:15840	MONDO:0030969	biolink:causes	1
0.93371284	HGNC:6407	MONDO:0013767	biolink:causes	1
0.86759996	HGNC:6407	MONDO:0015278	biolink:causes	1
0.7583895	HGNC:6407	MONDO:0014112	biolink:causes	1
0.8955141	HGNC:6407	MONDO:0008542	biolink:causes	1
0.8284799	HGNC:6407	MONDO:0010854	biolink:causes	1
0.86473846	HGNC:20406	MONDO:0014327	biolink:causes	1
0.86473846	HGNC:20406	MONDO:0014327	biolink:gene_associated_with_condition	1
0.6357017	HGNC:6415	MONDO:0014346	biolink:causes	1
0.99056834	HGNC:26576	MONDO:0044648	biolink:gene_associated_with_condition	1
0.91687125	HGNC:29796	MONDO:0012559	biolink:causes	1
0.894773	HGNC:6512	MONDO:0024568	biolink:gene_associated_with_condition	1
0.8502413	HGNC:6535	MONDO:0013047	biolink:gene_associated_with_condition	1
0.56558853	HGNC:18640	MONDO:0018328	biolink:gene_associated_with_condition	1
0.9748908	HGNC:6554	MONDO:0013992	biolink:gene_associated_with_condition	1
0.99264973	HGNC:6556	MONDO:0859304	biolink:causes	1
0.9969158	HGNC:6572	MONDO:0700090	biolink:causes	1
1.0	HGNC:6584	MONDO:0009223	biolink:gene_associated_with_condition	1
0.924639	HGNC:21734	MONDO:0019828	biolink:gene_associated_with_condition	1
0.9471656	HGNC:6619	MONDO:0013533	biolink:gene_associated_with_condition	1
1.0	HGNC:23038	MONDO:0010183	biolink:gene_associated_with_condition	1
0.98899776	HGNC:14154	MONDO:0009527	biolink:causes	1
0.8910738	HGNC:6638	MONDO:0014685	biolink:gene_associated_with_condition	1
0.99024147	HGNC:21610	MONDO:0060761	biolink:causes	1
0.9978677	HGNC:26521	MONDO:0013119	biolink:causes	1
0.9071387	HGNC:6697	MONDO:0015800	biolink:gene_associated_with_condition	1
0.98457366	HGNC:30860	MONDO:0030361	biolink:causes	1
0.9101349	HGNC:6709	MONDO:0012039	biolink:contributes_to	1
0.9998017	HGNC:6716	MONDO:0007363	biolink:causes	1
0.9830546	HGNC:6735	MONDO:0957271	biolink:causes	1
0.99997544	HGNC:1968	MONDO:0008963	biolink:causes	1
0.9957386	HGNC:13664	MONDO:0032677	biolink:causes	1
0.9973303	HGNC:28880	MONDO:0010455	biolink:causes	1
0.92597324	HGNC:28880	MONDO:0026729	biolink:causes	1
0.92564857	HGNC:6816	MONDO:0008377	biolink:causes	1
0.99998033	HGNC:6823	MONDO:0013624	biolink:causes	1
0.9887262	HGNC:469	MONDO:0014305	biolink:gene_associated_with_condition	1
0.95406294	HGNC:494	MONDO:0020745	biolink:causes	1
0.84712476	HGNC:494	MONDO:0014210	biolink:gene_associated_with_condition	1
0.7605945	HGNC:15819	MONDO:0008542	biolink:causes	1
0.9763005	HGNC:21316	MONDO:0016838	biolink:gene_associated_with_condition	1
0.99866104	HGNC:27337	MONDO:0014343	biolink:causes	1
0.8949385	HGNC:27337	MONDO:0016103	biolink:gene_associated_with_condition	1
0.99385	HGNC:27337	MONDO:0012652	biolink:causes	1
0.99385	HGNC:27337	MONDO:0012652	biolink:gene_associated_with_condition	1
0.99155855	HGNC:27337	MONDO:0013222	biolink:gene_associated_with_condition	1
0.98743606	HGNC:560	MONDO:0019428	biolink:gene_associated_with_condition	1
0.6110611	HGNC:17073	MONDO:0011908	biolink:causes	1
0.98229903	HGNC:17146	MONDO:0008377	biolink:causes	1
0.89887875	HGNC:13210	MONDO:0013312	biolink:causes	1
0.9681202	HGNC:13210	MONDO:0008854	biolink:contributes_to	1
0.938011	HGNC:21099	MONDO:0958242	biolink:causes	1
0.99782926	HGNC:707	MONDO:0859324	biolink:gene_associated_with_condition	1
0.99996746	HGNC:753	MONDO:0014258	biolink:causes	1
0.11577912	HGNC:31704	MONDO:0030490	biolink:causes	1
0.99974376	HGNC:18318	MONDO:0011510	biolink:causes	1
0.95446	HGNC:16935	MONDO:0030323	biolink:causes	1
0.3769334	HGNC:6858	MONDO:0007648	biolink:gene_associated_with_condition	1
0.96211493	HGNC:6898	MONDO:0030518	biolink:causes	1
0.98190194	HGNC:6898	MONDO:0014206	biolink:causes	1
0.9602351	HGNC:6898	MONDO:0014566	biolink:causes	1
0.9991449	HGNC:6909	MONDO:0014343	biolink:causes	1
0.99908805	HGNC:6909	MONDO:0011765	biolink:causes	1
0.81890064	HGNC:6909	MONDO:0007704	biolink:contributes_to	1
0.9990701	HGNC:6937	MONDO:0008862	biolink:causes	1
0.9993876	HGNC:16732	MONDO:0009615	biolink:gene_associated_with_condition	1
0.8952385	HGNC:6948	MONDO:0033046	biolink:causes	1
0.9135266	HGNC:6954	MONDO:0009617	biolink:causes	1
0.3500602	HGNC:6973	MONDO:0032868	biolink:causes	1
0.9999925	HGNC:19691	MONDO:0015003	biolink:gene_associated_with_condition	1
0.99904376	HGNC:11957	MONDO:0010655	biolink:causes	1
0.9998179	HGNC:11957	MONDO:0010477	biolink:causes	1
0.9998179	HGNC:11957	MONDO:0010477	biolink:gene_associated_with_condition	1
0.9998951	HGNC:11957	MONDO:0012997	biolink:gene_associated_with_condition	1
0.9996131	HGNC:2377	MONDO:0859137	biolink:causes	1
0.6617311	HGNC:7097	MONDO:0009061	biolink:gene_associated_with_condition	1
0.9054088	HGNC:7102	MONDO:0013993	biolink:gene_associated_with_condition	1
0.99948126	HGNC:7102	MONDO:0030438	biolink:causes	1
1.0	HGNC:31555	MONDO:0013678	biolink:causes	1
1.0	HGNC:31555	MONDO:0013678	biolink:gene_associated_with_condition	1
0.9900855	HGNC:7108	MONDO:0011523	biolink:causes	1
0.9999988	HGNC:12744	MONDO:0008678	biolink:causes	1
0.9943404	HGNC:7176	MONDO:0014343	biolink:causes	1
0.9112931	HGNC:14509	MONDO:0033534	biolink:causes	1
0.9801752	HGNC:7392	MONDO:0011481	biolink:gene_associated_with_condition	1
0.9995685	HGNC:7489	MONDO:0015283	biolink:gene_associated_with_condition	1
0.9867133	HGNC:7493	MONDO:0019016	biolink:gene_associated_with_condition	1
0.97193235	HGNC:7497	MONDO:0010799	biolink:causes	1
0.99100983	HGNC:7413	MONDO:0007205	biolink:gene_associated_with_condition	1
1.0	HGNC:7437	MONDO:0032705	biolink:causes	1
1.0	HGNC:7437	MONDO:0032705	biolink:gene_associated_with_condition	1
0.8283034	HGNC:3942	MONDO:0020492	biolink:gene_associated_with_condition	1
0.99975175	HGNC:7468	MONDO:0009609	biolink:causes	1
0.99975175	HGNC:7468	MONDO:0009609	biolink:gene_associated_with_condition	1
0.787367	HGNC:7516	MONDO:0800029	biolink:gene_associated_with_condition	1
0.9828073	HGNC:7527	MONDO:0012041	biolink:gene_associated_with_condition	1
0.9681953	HGNC:7530	MONDO:0008377	biolink:causes	1
0.4056004	HGNC:7545	MONDO:0016705	biolink:gene_associated_with_condition	1
0.764681	HGNC:7545	MONDO:0020512	biolink:gene_associated_with_condition	1
0.9780148	HGNC:7606	MONDO:0008377	biolink:causes	1
0.87588745	HGNC:7610	MONDO:0007664	biolink:causes	1
0.9999918	HGNC:19918	MONDO:0032673	biolink:causes	1
0.9979165	HGNC:20967	MONDO:0044306	biolink:gene_associated_with_condition	1
0.14687037	HGNC:7634	MONDO:0009672	biolink:gene_associated_with_condition	1
0.9998653	HGNC:7643	MONDO:0030837	biolink:causes	1
0.01803952	HGNC:7646	MONDO:0009472	biolink:causes	1
0.9996166	HGNC:7690	MONDO:0032636	biolink:causes	1
0.9921685	HGNC:7708	MONDO:0032611	biolink:causes	1
0.9360632	HGNC:7745	MONDO:0008377	biolink:causes	1
0.9776299	HGNC:7765	MONDO:0013357	biolink:gene_associated_with_condition	1
0.98675054	HGNC:7765	MONDO:0007922	biolink:causes	1
0.81382126	HGNC:7765	MONDO:0008078	biolink:causes	1
0.9396151	HGNC:7765	MONDO:0008542	biolink:causes	1
0.61751866	HGNC:7765	MONDO:0009994	biolink:gene_associated_with_condition	1
0.5697472	HGNC:7797	MONDO:0016681	biolink:gene_associated_with_condition	1
0.97262627	HGNC:7808	MONDO:0012092	biolink:causes	1
0.13703296	HGNC:21269	MONDO:0957231	biolink:causes	1
0.9980757	HGNC:7853	MONDO:0031054	biolink:causes	1
0.9972656	HGNC:7871	MONDO:0010501	biolink:gene_associated_with_condition	1
0.94327533	HGNC:15911	MONDO:0013594	biolink:gene_associated_with_condition	1
0.99051017	HGNC:7883	MONDO:0000914	biolink:gene_associated_with_condition	1
0.99997354	HGNC:7883	MONDO:0007537	biolink:causes	1
0.908074	HGNC:7883	MONDO:0014122	biolink:causes	1
0.1718122	HGNC:7910	MONDO:0012883	biolink:gene_associated_with_condition	1
0.017797394	HGNC:7910	MONDO:0017598	biolink:gene_associated_with_condition	1
0.7484395	HGNC:7910	MONDO:0020320	biolink:gene_associated_with_condition	1
0.99528044	HGNC:7944	MONDO:0011275	biolink:causes	1
0.9300846	HGNC:7944	MONDO:0014551	biolink:causes	1
0.9631301	HGNC:7944	MONDO:0014401	biolink:causes	1
0.999143	HGNC:7944	MONDO:0008818	biolink:causes	1
0.1043461	HGNC:7974	MONDO:0100289	biolink:gene_associated_with_condition	1
0.99938905	HGNC:26513	MONDO:0014991	biolink:causes	1
0.98898333	HGNC:8082	MONDO:0008377	biolink:causes	1
0.051145423	HGNC:8101	MONDO:0044255	biolink:causes	1
0.9025772	HGNC:8101	MONDO:0020298	biolink:gene_associated_with_condition	1
0.9990858	HGNC:26560	MONDO:0014030	biolink:causes	1
0.99465215	HGNC:8142	MONDO:0008133	biolink:causes	1
0.96068025	HGNC:19316	MONDO:0008147	biolink:gene_associated_with_condition	1
0.97293913	HGNC:19316	MONDO:0009804	biolink:gene_associated_with_condition	1
0.9992275	HGNC:19316	MONDO:0009820	biolink:causes	1
0.9449033	HGNC:8547	MONDO:0008377	biolink:causes	1
0.9945222	HGNC:8548	MONDO:0009820	biolink:causes	1
0.93244123	HGNC:8574	MONDO:0011830	biolink:gene_associated_with_condition	1
0.78017104	HGNC:8574	MONDO:0013182	biolink:gene_associated_with_condition	1
0.34461167	HGNC:26144	MONDO:0957530	biolink:contributes_to	1
0.17935088	HGNC:26144	MONDO:0013236	biolink:contributes_to	1
0.9992067	HGNC:14615	MONDO:0859182	biolink:causes	1
0.8457612	HGNC:8609	MONDO:0014612	biolink:causes	1
0.75213563	HGNC:8620	MONDO:0008795	biolink:gene_associated_with_condition	1
0.8694929	HGNC:8620	MONDO:0008377	biolink:causes	1
0.43244064	HGNC:8620	MONDO:0016395	biolink:gene_associated_with_condition	1
0.9284095	HGNC:8620	MONDO:0020356	biolink:gene_associated_with_condition	1
0.88916117	HGNC:8620	MONDO:0020354	biolink:gene_associated_with_condition	1
0.99858737	HGNC:8654	MONDO:0011628	biolink:gene_associated_with_condition	1
0.8937938	HGNC:8729	MONDO:0014399	biolink:causes	1
0.8937938	HGNC:8729	MONDO:0014399	biolink:gene_associated_with_condition	1
0.9991217	HGNC:16068	MONDO:0008872	biolink:gene_associated_with_condition	1
0.9995297	HGNC:8790	MONDO:0012398	biolink:causes	1
0.99941397	HGNC:21350	MONDO:0009503	biolink:gene_associated_with_condition	1
0.9998616	HGNC:8820	MONDO:0012449	biolink:gene_associated_with_condition	1
0.90043825	HGNC:26257	MONDO:0010169	biolink:contributes_to	1
0.98343486	HGNC:9717	MONDO:0018598	biolink:gene_associated_with_condition	1
1.0	HGNC:9717	MONDO:0013932	biolink:causes	1
0.9687836	HGNC:8851	MONDO:0018598	biolink:gene_associated_with_condition	1
0.99996305	HGNC:8851	MONDO:0013937	biolink:causes	1
0.9888728	HGNC:8854	MONDO:0013927	biolink:causes	1
0.9746372	HGNC:8854	MONDO:0018598	biolink:gene_associated_with_condition	1
0.9735311	HGNC:8857	MONDO:0018598	biolink:gene_associated_with_condition	1
0.9981718	HGNC:8857	MONDO:0019174	biolink:gene_associated_with_condition	1
0.99997807	HGNC:8905	MONDO:0013968	biolink:gene_associated_with_condition	1
0.98929274	HGNC:20672	MONDO:0010286	biolink:causes	1
0.98707867	HGNC:691	MONDO:0011181	biolink:causes	1
0.9999695	HGNC:16491	MONDO:0030785	biolink:causes	1
0.7233754	HGNC:25985	MONDO:0008684	biolink:gene_associated_with_condition	1
1.0	HGNC:8966	MONDO:0010221	biolink:causes	1
0.87422425	HGNC:23785	MONDO:0007376	biolink:gene_associated_with_condition	1
0.9770234	HGNC:9023	MONDO:0011472	biolink:causes	1
0.9997831	HGNC:9039	MONDO:0012444	biolink:causes	1
0.99994946	HGNC:9039	MONDO:0013060	biolink:causes	1
0.99994946	HGNC:9039	MONDO:0013060	biolink:gene_associated_with_condition	1
0.99993145	HGNC:9039	MONDO:0024457	biolink:causes	1
0.99993145	HGNC:9039	MONDO:0024457	biolink:gene_associated_with_condition	1
0.9999993	HGNC:9043	MONDO:0060502	biolink:gene_associated_with_condition	1
0.99747914	HGNC:9056	MONDO:0014343	biolink:causes	1
0.948741	HGNC:9056	MONDO:0030074	biolink:gene_associated_with_condition	1
0.51879424	HGNC:19218	MONDO:0014970	biolink:causes	1
0.8996551	HGNC:29017	MONDO:0012679	biolink:gene_associated_with_condition	1
0.8698152	HGNC:9080	MONDO:0013475	biolink:causes	1
0.90468955	HGNC:9086	MONDO:0017225	biolink:gene_associated_with_condition	1
0.84991455	HGNC:9086	MONDO:0017223	biolink:gene_associated_with_condition	1
0.99792767	HGNC:9091	MONDO:0014343	biolink:causes	1
0.99759895	HGNC:9091	MONDO:0012892	biolink:causes	1
0.51929754	HGNC:9091	MONDO:0010606	biolink:causes	1
0.9999554	HGNC:14107	MONDO:0007524	biolink:causes	1
0.9999101	HGNC:14107	MONDO:0008818	biolink:causes	1
0.9978161	HGNC:9118	MONDO:0007311	biolink:causes	1
0.9918692	HGNC:9118	MONDO:0008087	biolink:gene_associated_with_condition	1
0.99891686	HGNC:9118	MONDO:0007309	biolink:causes	1
0.9991053	HGNC:9118	MONDO:0008392	biolink:gene_associated_with_condition	1
0.9833508	HGNC:9154	MONDO:0014557	biolink:causes	1
0.99304175	HGNC:28900	MONDO:0016825	biolink:causes	1
0.97842807	HGNC:23166	MONDO:0013977	biolink:causes	1
0.7435523	HGNC:23166	MONDO:0013978	biolink:causes	1
0.99464273	HGNC:9177	MONDO:0032684	biolink:causes	1
0.9714614	HGNC:9177	MONDO:0012041	biolink:causes	1
0.8556145	HGNC:20194	MONDO:0009558	biolink:causes	1
0.9927781	HGNC:30074	MONDO:0018656	biolink:gene_associated_with_condition	1
0.8186106	HGNC:30074	MONDO:0100600	biolink:gene_associated_with_condition	1
0.9567379	HGNC:30074	MONDO:0019505	biolink:gene_associated_with_condition	1
0.99999285	HGNC:30074	MONDO:0009910	biolink:gene_associated_with_condition	1
1.0	HGNC:17652	MONDO:0010592	biolink:causes	1
1.0	HGNC:17652	MONDO:0010592	biolink:gene_associated_with_condition	1
0.99993575	HGNC:9216	MONDO:0032830	biolink:gene_associated_with_condition	1
0.4587652	HGNC:9220	MONDO:0011226	biolink:causes	1
0.99978524	HGNC:9277	MONDO:0044318	biolink:causes	1
0.26198453	HGNC:25415	MONDO:0014057	biolink:causes	1
0.96327025	HGNC:25415	MONDO:0017052	biolink:gene_associated_with_condition	1
0.9999862	HGNC:13993	MONDO:0014717	biolink:gene_associated_with_condition	1
0.42623264	HGNC:17019	MONDO:0012904	biolink:causes	1
0.9077079	HGNC:9382	MONDO:0014518	biolink:causes	1
0.9994704	HGNC:9390	MONDO:0859214	biolink:causes	1
0.9945738	HGNC:9451	MONDO:0008316	biolink:causes	1
0.95282876	HGNC:17340	MONDO:0008377	biolink:causes	1
0.72267497	HGNC:17340	MONDO:0010806	biolink:causes	1
0.9945682	HGNC:9942	MONDO:0008210	biolink:causes	1
0.08691361	HGNC:9942	MONDO:0020382	biolink:gene_associated_with_condition	1
0.9967624	HGNC:19129	MONDO:0012596	biolink:causes	1
0.9967624	HGNC:19129	MONDO:0012596	biolink:gene_associated_with_condition	1
0.9989009	HGNC:19129	MONDO:0014466	biolink:causes	1
0.9989009	HGNC:19129	MONDO:0014466	biolink:gene_associated_with_condition	1
0.8556432	HGNC:9508	MONDO:0013398	biolink:causes	1
0.97011405	HGNC:9557	MONDO:0054591	biolink:causes	1
0.9931706	HGNC:9577	MONDO:0013531	biolink:causes	1
0.88968635	HGNC:823	MONDO:0014091	biolink:causes	1
0.9196685	HGNC:823	MONDO:0020727	biolink:causes	1
0.9854907	HGNC:869	MONDO:0010651	biolink:causes	1
0.96680063	HGNC:897	MONDO:0010356	biolink:gene_associated_with_condition	1
0.999995	HGNC:17978	MONDO:0010075	biolink:gene_associated_with_condition	1
0.2838024	HGNC:939	MONDO:0976226	biolink:causes	1
0.8734948	HGNC:939	MONDO:0013061	biolink:causes	1
0.55963	HGNC:961	MONDO:0008678	biolink:gene_associated_with_condition	1
0.9999924	HGNC:970	MONDO:0014434	biolink:causes	1
0.99472815	HGNC:26291	MONDO:0008377	biolink:causes	1
0.95960414	HGNC:1020	MONDO:0009872	biolink:gene_associated_with_condition	1
0.9808646	HGNC:17208	MONDO:0014121	biolink:gene_associated_with_condition	1
1.0	HGNC:4332	MONDO:0025699	biolink:causes	1
0.99961686	HGNC:1067	MONDO:0012892	biolink:causes	1
0.32373545	HGNC:3581	MONDO:0007845	biolink:contributes_to	1
0.56959635	HGNC:1101	MONDO:0013235	biolink:contributes_to	1
0.32897544	HGNC:1101	MONDO:0015278	biolink:gene_associated_with_condition	1
0.7085174	HGNC:1101	MONDO:0011584	biolink:causes	1
0.9892124	HGNC:15832	MONDO:0010043	biolink:causes	1
0.99436766	HGNC:1133	MONDO:0010421	biolink:gene_associated_with_condition	1
0.9868613	HGNC:1144	MONDO:0014343	biolink:causes	1
0.9659307	HGNC:1245	MONDO:0958188	biolink:causes	1
0.97889996	HGNC:9768	MONDO:0008377	biolink:causes	1
0.85054266	HGNC:9801	MONDO:0007922	biolink:causes	1
0.9806174	HGNC:9831	MONDO:0009306	biolink:causes	1
0.9999975	HGNC:17770	MONDO:0032921	biolink:causes	1
0.96723914	HGNC:9870	MONDO:0014506	biolink:gene_associated_with_condition	1
0.86867815	HGNC:9910	MONDO:0010277	biolink:gene_associated_with_condition	1
0.6236492	HGNC:9910	MONDO:0010661	biolink:causes	1
0.6236492	HGNC:9910	MONDO:0010661	biolink:gene_associated_with_condition	1
0.12166309	HGNC:20759	MONDO:0975795	biolink:causes	1
0.7385949	HGNC:9955	MONDO:0032659	biolink:causes	1
0.031938687	HGNC:9955	MONDO:0035694	biolink:gene_associated_with_condition	1
0.08485701	HGNC:9955	MONDO:0033980	biolink:gene_associated_with_condition	1
0.99486166	HGNC:15578	MONDO:0054763	biolink:causes	1
0.7367283	HGNC:20788	MONDO:0007856	biolink:causes	1
0.7367283	HGNC:20788	MONDO:0007856	biolink:gene_associated_with_condition	1
0.7939711	HGNC:667	MONDO:0032884	biolink:causes	1
0.9982191	HGNC:10024	MONDO:0011839	biolink:causes	1
0.981122	HGNC:10024	MONDO:0008377	biolink:causes	1
0.99949324	HGNC:18518	MONDO:0012472	biolink:causes	1
0.9998994	HGNC:21686	MONDO:0013058	biolink:causes	1
0.9998994	HGNC:21686	MONDO:0013058	biolink:gene_associated_with_condition	1
0.9005942	HGNC:10061	MONDO:0859171	biolink:causes	1
0.9989999	HGNC:10057	MONDO:0034106	biolink:gene_associated_with_condition	1
0.926798	HGNC:26661	MONDO:0012764	biolink:causes	1
1.0	HGNC:10193	MONDO:0971172	biolink:causes	1
1.0	HGNC:10193	MONDO:0971172	biolink:gene_associated_with_condition	1
0.99314743	HGNC:10254	MONDO:0011974	biolink:causes	1
0.9991067	HGNC:10260	MONDO:0007922	biolink:causes	1
0.9250209	HGNC:10260	MONDO:0014710	biolink:gene_associated_with_condition	1
0.9981	HGNC:13436	MONDO:0008377	biolink:causes	1
0.9045996	HGNC:10301	MONDO:0012938	biolink:causes	1
0.86857724	HGNC:10345	MONDO:0012925	biolink:causes	1
0.7165202	HGNC:10381	MONDO:0018435	biolink:gene_associated_with_condition	1
0.5472847	HGNC:10387	MONDO:0007925	biolink:gene_associated_with_condition	1
0.663344	HGNC:10389	MONDO:0032670	biolink:causes	1
0.9979722	HGNC:17271	MONDO:0014343	biolink:causes	1
0.93548626	HGNC:10451	MONDO:0957993	biolink:causes	1
0.99994886	HGNC:21057	MONDO:0012979	biolink:causes	1
0.9955076	HGNC:10468	MONDO:0011489	biolink:gene_associated_with_condition	1
0.98290664	HGNC:18647	MONDO:0020737	biolink:causes	1
0.99758613	HGNC:28991	MONDO:0014311	biolink:causes	1
0.99962556	HGNC:10472	MONDO:0007340	biolink:causes	1
0.8310922	HGNC:10483	MONDO:0015793	biolink:gene_associated_with_condition	1
0.98531324	HGNC:10483	MONDO:0020485	biolink:causes	1
0.9403133	HGNC:10483	MONDO:0007294	biolink:gene_associated_with_condition	1
0.9681473	HGNC:10521	MONDO:0009775	biolink:causes	1
0.9829338	HGNC:10526	MONDO:0009002	biolink:causes	1
0.9982085	HGNC:2135	MONDO:0011475	biolink:gene_associated_with_condition	1
0.8384681	HGNC:21088	MONDO:0033668	biolink:causes	1
0.9965836	HGNC:10588	MONDO:0011904	biolink:gene_associated_with_condition	1
0.99583423	HGNC:10588	MONDO:0013388	biolink:causes	1
0.98022205	HGNC:10588	MONDO:0011794	biolink:gene_associated_with_condition	1
0.9999875	HGNC:10591	MONDO:0957265	biolink:causes	1
0.9650808	HGNC:10591	MONDO:0020482	biolink:gene_associated_with_condition	1
0.99999154	HGNC:10596	MONDO:0013801	biolink:causes	1
0.96940315	HGNC:10596	MONDO:0011178	biolink:gene_associated_with_condition	1
0.95474756	HGNC:10596	MONDO:0100092	biolink:causes	1
0.9999912	HGNC:30301	MONDO:0012892	biolink:causes	1
0.9981358	HGNC:10706	MONDO:0014573	biolink:causes	1
0.99948394	HGNC:10706	MONDO:0009820	biolink:causes	1
0.99770206	HGNC:10723	MONDO:0014343	biolink:causes	1
0.60509646	HGNC:1228	MONDO:0007361	biolink:causes	1
0.44957316	HGNC:1228	MONDO:0015054	biolink:gene_associated_with_condition	1
0.5295887	HGNC:18420	MONDO:0035706	biolink:gene_associated_with_condition	1
0.97861457	HGNC:445	MONDO:0011223	biolink:gene_associated_with_condition	1
0.9994429	HGNC:10771	MONDO:0007943	biolink:gene_associated_with_condition	1
0.99323106	HGNC:10771	MONDO:0014343	biolink:causes	1
0.997735	HGNC:28395	MONDO:0014343	biolink:causes	1
0.9998062	HGNC:28395	MONDO:0012892	biolink:causes	1
0.81808513	HGNC:13867	MONDO:0010296	biolink:causes	1
0.96968937	HGNC:10852	MONDO:0030866	biolink:causes	1
0.99994755	HGNC:19353	MONDO:0013256	biolink:causes	1
0.99994755	HGNC:19353	MONDO:0013256	biolink:gene_associated_with_condition	1
0.9999907	HGNC:10889	MONDO:0007999	biolink:causes	1
0.9418915	HGNC:10889	MONDO:0019758	biolink:gene_associated_with_condition	1
0.9876338	HGNC:16438	MONDO:0009019	biolink:causes	1
0.9998179	HGNC:11051	MONDO:0013827	biolink:causes	1
0.9998692	HGNC:27960	MONDO:0009324	biolink:causes	1
0.99925405	HGNC:11073	MONDO:0014808	biolink:causes	1
0.99994946	HGNC:23089	MONDO:0014392	biolink:causes	1
0.99891603	HGNC:14409	MONDO:0011790	biolink:causes	1
0.99994314	HGNC:3018	MONDO:0008964	biolink:causes	1
0.99994314	HGNC:3018	MONDO:0008964	biolink:gene_associated_with_condition	1
0.2235472	HGNC:14469	MONDO:0009061	biolink:gene_associated_with_condition	1
0.9996345	HGNC:1329	MONDO:0044726	biolink:gene_associated_with_condition	1
0.10954978	HGNC:11019	MONDO:0016579	biolink:gene_associated_with_condition	1
0.99996495	HGNC:20197	MONDO:0009953	biolink:causes	1
0.52723503	HGNC:18762	MONDO:0007677	biolink:causes	1
0.9999765	HGNC:32434	MONDO:0012216	biolink:causes	1
0.9999528	HGNC:29956	MONDO:0859180	biolink:causes	1
0.98031026	HGNC:10961	MONDO:0009379	biolink:gene_associated_with_condition	1
0.9978713	HGNC:10955	MONDO:0013756	biolink:causes	1
0.9999993	HGNC:17814	MONDO:0859575	biolink:causes	1
0.9499098	HGNC:20297	MONDO:0013189	biolink:causes	1
0.99880576	HGNC:11102	MONDO:0014343	biolink:causes	1
0.99999654	HGNC:11102	MONDO:0009458	biolink:causes	1
0.99632615	HGNC:11109	MONDO:0014343	biolink:causes	1
0.70532596	HGNC:11109	MONDO:0016995	biolink:gene_associated_with_condition	1
0.8568542	HGNC:11118	MONDO:0010056	biolink:gene_associated_with_condition	1
0.9999807	HGNC:11123	MONDO:0010664	biolink:gene_associated_with_condition	1
0.17412156	HGNC:11138	MONDO:0007488	biolink:causes	1
0.021035707	HGNC:32621	MONDO:0030313	biolink:contributes_to	1
0.80469173	HGNC:1246	MONDO:0013743	biolink:gene_associated_with_condition	1
0.9999999	HGNC:26799	MONDO:0030378	biolink:causes	1
0.9321528	HGNC:1375	MONDO:0008377	biolink:causes	1
0.99703443	HGNC:1481	MONDO:0958334	biolink:causes	1
0.99999905	HGNC:27089	MONDO:0029134	biolink:causes	1
0.99999905	HGNC:27089	MONDO:0029134	biolink:gene_associated_with_condition	1
0.81242245	HGNC:25062	MONDO:0018393	biolink:gene_associated_with_condition	1
0.90966165	HGNC:17116	MONDO:0013070	biolink:causes	1
0.9650474	HGNC:1541	MONDO:0007922	biolink:causes	1
0.5203277	HGNC:11161	MONDO:0014027	biolink:causes	1
0.8537542	HGNC:14967	MONDO:0957584	biolink:causes	1
0.9962903	HGNC:26293	MONDO:0032898	biolink:causes	1
0.99433064	HGNC:15533	MONDO:0007794	biolink:causes	1
0.9523901	HGNC:11273	MONDO:0957815	biolink:causes	1
0.98744524	HGNC:11277	MONDO:0008086	biolink:causes	1
0.48040912	HGNC:11280	MONDO:0014945	biolink:causes	1
0.58291286	HGNC:11280	MONDO:0008176	biolink:causes	1
0.9183358	HGNC:25812	MONDO:0008377	biolink:causes	1
0.8340719	HGNC:11302	MONDO:0957809	biolink:causes	1
0.9358892	HGNC:11303	MONDO:0013851	biolink:gene_associated_with_condition	1
0.9393998	HGNC:18628	MONDO:0958237	biolink:causes	1
0.97816133	HGNC:11368	MONDO:0957807	biolink:causes	1
0.98571324	HGNC:24592	MONDO:0014094	biolink:causes	1
0.9996215	HGNC:27962	MONDO:0014405	biolink:causes	1
0.99951744	HGNC:17089	MONDO:0032778	biolink:causes	1
0.5924268	HGNC:11535	MONDO:0010747	biolink:causes	1
0.5924268	HGNC:11535	MONDO:0010747	biolink:gene_associated_with_condition	1
0.9388272	HGNC:11546	MONDO:0044313	biolink:causes	1
0.9999795	HGNC:26887	MONDO:0014821	biolink:causes	1
0.99954164	HGNC:26887	MONDO:0009820	biolink:causes	1
0.99978787	HGNC:26887	MONDO:0012892	biolink:causes	1
0.9879147	HGNC:11573	MONDO:0010160	biolink:gene_associated_with_condition	1
0.9985196	HGNC:11582	MONDO:0014343	biolink:causes	1
0.99673706	HGNC:11582	MONDO:0014968	biolink:causes	1
0.9830419	HGNC:11582	MONDO:0044651	biolink:gene_associated_with_condition	1
0.999811	HGNC:11582	MONDO:0009426	biolink:gene_associated_with_condition	1
0.3117326	HGNC:29529	MONDO:0012883	biolink:gene_associated_with_condition	1
0.9998087	HGNC:29529	MONDO:0011213	biolink:causes	1
0.99840635	HGNC:11602	MONDO:0008411	biolink:gene_associated_with_condition	1
0.77309984	HGNC:11599	MONDO:0008834	biolink:causes	1
0.5727657	HGNC:11608	MONDO:0800447	biolink:contributes_to	1
0.9973175	HGNC:11623	MONDO:0014343	biolink:causes	1
0.9824713	HGNC:11623	MONDO:0030534	biolink:causes	1
0.9920248	HGNC:11654	MONDO:0007944	biolink:causes	1
0.98611265	HGNC:25774	MONDO:0013482	biolink:causes	1
0.96132416	HGNC:11720	MONDO:0011351	biolink:causes	1
0.899533	HGNC:11720	MONDO:0011102	biolink:causes	1
0.04634804	HGNC:8117	MONDO:0007137	biolink:gene_associated_with_condition	1
0.98200065	HGNC:11730	MONDO:0018045	biolink:gene_associated_with_condition	1
0.9989421	HGNC:11730	MONDO:0007485	biolink:causes	1
0.7070294	HGNC:11730	MONDO:0005006	biolink:gene_associated_with_condition	1
0.98364645	HGNC:11730	MONDO:0800029	biolink:causes	1
0.88314736	HGNC:11737	MONDO:0018393	biolink:gene_associated_with_condition	1
0.6602324	HGNC:11740	MONDO:0008846	biolink:gene_associated_with_condition	1
0.8388734	HGNC:11763	MONDO:0014760	biolink:gene_associated_with_condition	1
0.95087	HGNC:11771	MONDO:0007375	biolink:causes	1
0.93992966	HGNC:11771	MONDO:0011855	biolink:causes	1
0.96880084	HGNC:11771	MONDO:0012043	biolink:causes	1
0.96880084	HGNC:11771	MONDO:0012043	biolink:gene_associated_with_condition	1
0.98255664	HGNC:11771	MONDO:0007377	biolink:causes	1
0.98255664	HGNC:11771	MONDO:0007377	biolink:gene_associated_with_condition	1
0.94006324	HGNC:11771	MONDO:0011185	biolink:gene_associated_with_condition	1
0.92968035	HGNC:11771	MONDO:0007380	biolink:causes	1
0.92968035	HGNC:11771	MONDO:0007380	biolink:gene_associated_with_condition	1
0.87460464	HGNC:11771	MONDO:0012044	biolink:causes	1
0.841895	HGNC:11776	MONDO:0017218	biolink:gene_associated_with_condition	1
0.9168226	HGNC:11781	MONDO:0012345	biolink:gene_associated_with_condition	1
0.8738615	HGNC:11784	MONDO:0013775	biolink:causes	1
0.97868073	HGNC:11795	MONDO:0800452	biolink:gene_associated_with_condition	1
0.7655084	HGNC:11795	MONDO:0018000	biolink:gene_associated_with_condition	1
0.93554145	HGNC:11795	MONDO:0957572	biolink:causes	1
1.0	HGNC:17754	MONDO:0859379	biolink:causes	1
0.998654	HGNC:17754	MONDO:0032891	biolink:causes	1
0.9995883	HGNC:15631	MONDO:0859083	biolink:causes	1
0.9832509	HGNC:29118	MONDO:0032871	biolink:causes	1
0.3325824	HGNC:25913	MONDO:0975887	biolink:gene_associated_with_condition	1
0.17357938	HGNC:26038	MONDO:0018448	biolink:gene_associated_with_condition	1
0.9989064	HGNC:37234	MONDO:0014343	biolink:causes	1
0.99996567	HGNC:26899	MONDO:0014992	biolink:causes	1
0.9743999	HGNC:11916	MONDO:0007727	biolink:causes	1
0.9605204	HGNC:18153	MONDO:0012291	biolink:causes	1
0.999445	HGNC:11944	MONDO:0859335	biolink:causes	1
0.99033993	HGNC:19661	MONDO:0020745	biolink:causes	1
0.999995	HGNC:21648	MONDO:0957953	biolink:causes	1
0.9620121	HGNC:12015	MONDO:0010133	biolink:causes	1
0.034063075	HGNC:1343	MONDO:0013554	biolink:contributes_to	1
0.87545854	HGNC:1343	MONDO:0014230	biolink:causes	1
0.9971457	HGNC:23068	MONDO:0014343	biolink:causes	1
0.9992617	HGNC:30832	MONDO:0013173	biolink:causes	1
0.9915787	HGNC:12261	MONDO:0011484	biolink:causes	1
0.9803288	HGNC:17761	MONDO:0020749	biolink:causes	1
0.9933782	HGNC:12299	MONDO:0032819	biolink:gene_associated_with_condition	1
0.99999905	HGNC:23141	MONDO:0014684	biolink:causes	1
0.98774767	HGNC:12340	MONDO:0019176	biolink:gene_associated_with_condition	1
0.99997663	HGNC:14006	MONDO:0032591	biolink:causes	1
0.9105194	HGNC:12362	MONDO:0008542	biolink:causes	1
0.95326155	HGNC:21641	MONDO:0013218	biolink:causes	1
0.76575035	HGNC:19141	MONDO:0011464	biolink:causes	1
0.99959403	HGNC:23700	MONDO:0032924	biolink:causes	1
0.8897758	HGNC:12403	MONDO:0012127	biolink:causes	1
0.95666176	HGNC:12403	MONDO:0017401	biolink:gene_associated_with_condition	1
0.8384466	HGNC:12403	MONDO:0010870	biolink:causes	1
0.8384466	HGNC:12403	MONDO:0010870	biolink:gene_associated_with_condition	1
0.9735156	HGNC:12403	MONDO:0012714	biolink:gene_associated_with_condition	1
0.8696544	HGNC:12405	MONDO:0020730	biolink:causes	1
0.71554047	HGNC:20772	MONDO:0018763	biolink:gene_associated_with_condition	1
0.95685685	HGNC:16691	MONDO:0009624	biolink:gene_associated_with_condition	1
0.47887585	HGNC:1160	MONDO:0018197	biolink:gene_associated_with_condition	1
0.12008399	HGNC:12463	MONDO:0008637	biolink:gene_associated_with_condition	1
0.44006118	HGNC:12463	MONDO:0007338	biolink:gene_associated_with_condition	1
0.9999963	HGNC:14304	MONDO:0030927	biolink:causes	1
0.97868526	HGNC:12572	MONDO:0011971	biolink:gene_associated_with_condition	1
0.99999905	HGNC:16297	MONDO:0013164	biolink:gene_associated_with_condition	1
0.060407948	HGNC:12593	MONDO:0011237	biolink:contributes_to	1
0.52740544	HGNC:12597	MONDO:0010171	biolink:causes	1
0.8155213	HGNC:13485	MONDO:0017173	biolink:gene_associated_with_condition	1
0.96820307	HGNC:20080	MONDO:0008377	biolink:causes	1
0.8847897	HGNC:18533	MONDO:0859366	biolink:causes	1
0.851334	HGNC:12666	MONDO:0014735	biolink:causes	1
0.67189395	HGNC:12666	MONDO:0013501	biolink:causes	1
0.7313255	HGNC:12666	MONDO:0018006	biolink:gene_associated_with_condition	1
0.7845683	HGNC:12687	MONDO:0009892	biolink:gene_associated_with_condition	1
0.9983198	HGNC:13488	MONDO:0035819	biolink:causes	1
0.9983198	HGNC:13488	MONDO:0035819	biolink:gene_associated_with_condition	1
0.9385662	HGNC:14579	MONDO:0014118	biolink:causes	1
0.9999993	HGNC:28385	MONDO:0014845	biolink:causes	1
0.9888784	HGNC:28984	MONDO:0011339	biolink:causes	1
0.99977416	HGNC:28984	MONDO:0009073	biolink:causes	1
0.98070097	HGNC:12754	MONDO:0007883	biolink:gene_associated_with_condition	1
0.9995585	HGNC:25072	MONDO:0060704	biolink:causes	1
0.99568886	HGNC:26790	MONDO:0013181	biolink:causes	1
0.83722067	HGNC:14544	MONDO:0013777	biolink:gene_associated_with_condition	1
0.033392616	HGNC:12810	MONDO:0026404	biolink:causes	1
0.99981254	HGNC:15516	MONDO:0012892	biolink:causes	1
0.995401	HGNC:15516	MONDO:0018273	biolink:gene_associated_with_condition	1
0.014196863	HGNC:12851	MONDO:0016839	biolink:gene_associated_with_condition	1
0.3952145	HGNC:12851	MONDO:0005006	biolink:gene_associated_with_condition	1
0.8031342	HGNC:12852	MONDO:0033365	biolink:causes	1
0.9996107	HGNC:20761	MONDO:0010044	biolink:causes	1
0.9361006	HGNC:12877	MONDO:0008310	biolink:gene_associated_with_condition	1
0.95490754	HGNC:29222	MONDO:0008377	biolink:causes	1
0.9999865	HGNC:12309	MONDO:0009841	biolink:causes	1
0.99999344	HGNC:29316	MONDO:0011359	biolink:causes	1
0.9627586	HGNC:10632	MONDO:0004951	biolink:contributes_to	1
0.7122296	HGNC:1706	MONDO:0012161	biolink:gene_associated_with_condition	1
0.98286897	HGNC:1630	MONDO:0012190	biolink:gene_associated_with_condition	1
0.72144765	HGNC:1641	MONDO:0004951	biolink:contributes_to	1
0.99999785	HGNC:1713	MONDO:0009135	biolink:causes	1
0.59761643	HGNC:1718	MONDO:0012091	biolink:causes	1
0.6691869	HGNC:1723	MONDO:0859521	biolink:causes	1
0.99876785	HGNC:1786	MONDO:0013873	biolink:causes	1
0.20709783	HGNC:1786	MONDO:0016476	biolink:gene_associated_with_condition	1
0.99371535	HGNC:26684	MONDO:0017173	biolink:gene_associated_with_condition	1
0.9950323	HGNC:26684	MONDO:0054723	biolink:causes	1
0.91500443	HGNC:26684	MONDO:0009366	biolink:causes	1
0.9611649	HGNC:28506	MONDO:0017173	biolink:gene_associated_with_condition	1
0.99999905	HGNC:27232	MONDO:0044308	biolink:causes	1
0.4559953	HGNC:4888	MONDO:0011285	biolink:contributes_to	1
0.98003674	HGNC:4888	MONDO:0013892	biolink:gene_associated_with_condition	1
0.99968934	HGNC:24668	MONDO:0013892	biolink:causes	1
0.8715012	HGNC:16627	MONDO:0018875	biolink:gene_associated_with_condition	1
0.9999074	HGNC:8740	MONDO:0013990	biolink:gene_associated_with_condition	1
0.99959797	HGNC:1955	MONDO:0012156	biolink:causes	1
0.9980981	HGNC:24229	MONDO:0014098	biolink:causes	1
0.9999895	HGNC:21219	MONDO:0012980	biolink:causes	1
0.72365046	HGNC:11891	MONDO:0859568	biolink:causes	1
0.8403016	HGNC:2084	MONDO:0013588	biolink:causes	1
0.9980556	HGNC:12605	MONDO:0013610	biolink:causes	1
0.9893668	HGNC:103	MONDO:0020787	biolink:causes	1
0.97970885	HGNC:7877	MONDO:0032787	biolink:causes	1
0.8763703	HGNC:8011	MONDO:0017049	biolink:gene_associated_with_condition	1
0.99466056	HGNC:2198	MONDO:0009159	biolink:gene_associated_with_condition	1
0.96197504	HGNC:2198	MONDO:0017791	biolink:gene_associated_with_condition	1
0.99947196	HGNC:2198	MONDO:0012892	biolink:causes	1
0.9997141	HGNC:2201	MONDO:0007524	biolink:causes	1
0.9999057	HGNC:2201	MONDO:0008426	biolink:causes	1
0.98574406	HGNC:2213	MONDO:0014627	biolink:causes	1
0.9994711	HGNC:2213	MONDO:0958236	biolink:causes	1
0.9949055	HGNC:2217	MONDO:0007740	biolink:causes	1
0.9669575	HGNC:2186	MONDO:0008377	biolink:causes	1
0.9991604	HGNC:2186	MONDO:0011493	biolink:gene_associated_with_condition	1
1.0	HGNC:2190	MONDO:0014745	biolink:causes	1
0.09957707	HGNC:18603	MONDO:0008340	biolink:gene_associated_with_condition	1
0.029727025	HGNC:2231	MONDO:0859002	biolink:gene_associated_with_condition	1
0.8886606	HGNC:25223	MONDO:0020715	biolink:contributes_to	1
0.9863555	HGNC:20233	MONDO:0013836	biolink:gene_associated_with_condition	1
0.8037914	HGNC:2330	MONDO:0013633	biolink:contributes_to	1
0.9414437	HGNC:11701	MONDO:0008542	biolink:causes	1
0.99948287	HGNC:2435	MONDO:0010424	biolink:causes	1
0.7718736	HGNC:2511	MONDO:0000908	biolink:causes	1
0.70976925	HGNC:2527	MONDO:0007854	biolink:causes	1
0.9999416	HGNC:25613	MONDO:0014503	biolink:causes	1
0.82627773	HGNC:2561	MONDO:8000006	biolink:gene_associated_with_condition	1
0.9999794	HGNC:28672	MONDO:0030066	biolink:causes	1
0.03213897	HGNC:2621	MONDO:0012294	biolink:causes	1
0.99688125	HGNC:2592	MONDO:0008751	biolink:causes	1
0.98490614	HGNC:2592	MONDO:0035320	biolink:gene_associated_with_condition	1
0.9741727	HGNC:2592	MONDO:0007080	biolink:gene_associated_with_condition	1
0.20693456	HGNC:2673	MONDO:0976232	biolink:causes	1
0.9999962	HGNC:26383	MONDO:0957922	biolink:causes	1
0.99507517	HGNC:2714	MONDO:0010239	biolink:causes	1
0.9999988	HGNC:2719	MONDO:0012084	biolink:causes	1
0.9999958	HGNC:2846	MONDO:0008644	biolink:causes	1
0.9978416	HGNC:2858	MONDO:0014899	biolink:causes	1
0.9978416	HGNC:2858	MONDO:0014899	biolink:gene_associated_with_condition	1
0.99995744	HGNC:2858	MONDO:0009636	biolink:causes	1
0.99995744	HGNC:2858	MONDO:0009636	biolink:gene_associated_with_condition	1
0.99976534	HGNC:2859	MONDO:0011217	biolink:causes	1
0.7735865	HGNC:23537	MONDO:0014012	biolink:causes	1
0.9631251	HGNC:23537	MONDO:0008774	biolink:causes	1
0.9631251	HGNC:23537	MONDO:0008774	biolink:gene_associated_with_condition	1
0.9191625	HGNC:17210	MONDO:8000015	biolink:gene_associated_with_condition	1
0.9898991	HGNC:17210	MONDO:0032888	biolink:causes	1
0.95217484	HGNC:2883	MONDO:0030839	biolink:causes	1
0.92462975	HGNC:2898	MONDO:0009529	biolink:gene_associated_with_condition	1
0.46684775	HGNC:2908	MONDO:0019758	biolink:gene_associated_with_condition	1
0.99235076	HGNC:2916	MONDO:0008592	biolink:causes	1
0.97580224	HGNC:2950	MONDO:0012085	biolink:causes	1
0.9482357	HGNC:2941	MONDO:0009461	biolink:gene_associated_with_condition	1
0.99763453	HGNC:18744	MONDO:0012906	biolink:causes	1
0.99871755	HGNC:15469	MONDO:0014231	biolink:causes	1
0.85343856	HGNC:2973	MONDO:0008134	biolink:gene_associated_with_condition	1
0.9772225	HGNC:2973	MONDO:0013726	biolink:causes	1
0.996128	HGNC:2978	MONDO:0014343	biolink:causes	1
0.8935702	HGNC:2978	MONDO:0019456	biolink:gene_associated_with_condition	1
0.9590603	HGNC:2978	MONDO:0032882	biolink:causes	1
0.9590603	HGNC:2978	MONDO:0032882	biolink:gene_associated_with_condition	1
0.99932015	HGNC:2988	MONDO:0014637	biolink:causes	1
0.99932015	HGNC:2988	MONDO:0014637	biolink:gene_associated_with_condition	1
0.999972	HGNC:3003	MONDO:0800438	biolink:causes	1
0.999972	HGNC:3003	MONDO:0800438	biolink:gene_associated_with_condition	1
0.86607933	HGNC:3010	MONDO:0013063	biolink:contributes_to	1
0.97951424	HGNC:3010	MONDO:0014580	biolink:causes	1
0.93770325	HGNC:21307	MONDO:0011932	biolink:causes	1
0.99997914	HGNC:3054	MONDO:0009820	biolink:causes	1
0.5327549	HGNC:20908	MONDO:0012569	biolink:causes	1
0.8790796	HGNC:20908	MONDO:0008542	biolink:causes	1
0.99922645	HGNC:3219	MONDO:0007363	biolink:causes	1
0.9994672	HGNC:3219	MONDO:0007524	biolink:causes	1
0.8984815	HGNC:3239	MONDO:0011527	biolink:gene_associated_with_condition	1
0.9997949	HGNC:3239	MONDO:0007790	biolink:causes	1
0.9958086	HGNC:3255	MONDO:0009192	biolink:gene_associated_with_condition	1
0.9997578	HGNC:3257	MONDO:0020507	biolink:causes	1
0.9745714	HGNC:3257	MONDO:0020506	biolink:gene_associated_with_condition	1
0.9958162	HGNC:3267	MONDO:0010258	biolink:causes	1
0.32446006	HGNC:14198	MONDO:0013872	biolink:contributes_to	1
0.99988794	HGNC:14418	MONDO:0032798	biolink:causes	1
0.9386647	HGNC:14418	MONDO:0008377	biolink:causes	1
0.96952504	HGNC:14415	MONDO:0008377	biolink:causes	1
0.993962	HGNC:14415	MONDO:0007574	biolink:causes	1
0.999313	HGNC:19880	MONDO:0007363	biolink:causes	1
0.99836177	HGNC:19880	MONDO:0012892	biolink:causes	1
0.9989536	HGNC:19880	MONDO:0008818	biolink:causes	1
0.9307263	HGNC:11529	MONDO:0012041	biolink:causes	1
0.94429576	HGNC:11529	MONDO:0013184	biolink:causes	1
0.9991579	HGNC:3433	MONDO:0012554	biolink:causes	1
0.97846323	HGNC:3446	MONDO:0007922	biolink:causes	1
0.9999999	HGNC:23994	MONDO:0958005	biolink:causes	1
0.9398823	HGNC:3483	MONDO:0018332	biolink:gene_associated_with_condition	1
0.7034327	MONDO:0006065	HGNC:6949	biolink:causes	1
0.99459535	MONDO:0007042	HGNC:3689	biolink:causes	1
0.99459535	MONDO:0007042	HGNC:3689	biolink:gene_associated_with_condition	1
0.9998591	MONDO:0007086	HGNC:2204	biolink:gene_associated_with_condition	1
0.99991155	MONDO:0007158	HGNC:26270	biolink:causes	1
0.99991155	MONDO:0007158	HGNC:26270	biolink:gene_associated_with_condition	1
0.80917144	MONDO:0007222	HGNC:5136	biolink:causes	1
0.9403133	MONDO:0007294	HGNC:10483	biolink:gene_associated_with_condition	1
0.99978036	MONDO:0007334	HGNC:6121	biolink:causes	1
0.44006118	MONDO:0007338	HGNC:12463	biolink:gene_associated_with_condition	1
0.56690836	MONDO:0007374	HGNC:30791	biolink:gene_associated_with_condition	1
0.9101598	MONDO:0007378	HGNC:15804	biolink:causes	1
0.021002859	MONDO:0007454	HGNC:6081	biolink:causes	1
0.993962	MONDO:0007574	HGNC:14415	biolink:causes	1
0.99205786	MONDO:0007606	HGNC:171	biolink:causes	1
0.9333104	MONDO:0007610	HGNC:35	biolink:gene_associated_with_condition	1
0.9994673	MONDO:0007738	HGNC:8546	biolink:causes	1
0.99995756	MONDO:0007738	HGNC:9083	biolink:causes	1
0.99999046	MONDO:0007738	HGNC:15808	biolink:causes	1
0.37894216	MONDO:0007750	HGNC:601	biolink:contributes_to	1
0.66716	MONDO:0007758	HGNC:6423	biolink:gene_associated_with_condition	1
0.9997949	MONDO:0007790	HGNC:3239	biolink:causes	1
0.9948944	MONDO:0007794	HGNC:10727	biolink:causes	1
0.9921588	MONDO:0007794	HGNC:6211	biolink:causes	1
0.9987909	MONDO:0007794	HGNC:15836	biolink:causes	1
0.9993913	MONDO:0007794	HGNC:26821	biolink:causes	1
0.9925047	MONDO:0007794	HGNC:11281	biolink:causes	1
0.99987197	MONDO:0007794	HGNC:11521	biolink:causes	1
0.9894079	MONDO:0007794	HGNC:20626	biolink:causes	1
0.99433064	MONDO:0007794	HGNC:15533	biolink:causes	1
0.9633596	MONDO:0007818	HGNC:11364	biolink:causes	1
0.62198955	MONDO:0007838	HGNC:3749	biolink:gene_associated_with_condition	1
0.70976925	MONDO:0007854	HGNC:2527	biolink:causes	1
0.9999403	MONDO:0007862	HGNC:8617	biolink:causes	1
0.9999403	MONDO:0007862	HGNC:8617	biolink:gene_associated_with_condition	1
0.9571549	MONDO:0007874	HGNC:9811	biolink:gene_associated_with_condition	1
0.99859244	MONDO:0007922	HGNC:3801	biolink:gene_associated_with_condition	1
0.99372274	MONDO:0007922	HGNC:6742	biolink:causes	1
0.9932514	MONDO:0007922	HGNC:6842	biolink:causes	1
0.8533769	MONDO:0007922	HGNC:10023	biolink:causes	1
0.9901626	MONDO:0007922	HGNC:12363	biolink:causes	1
0.9994412	MONDO:0007922	HGNC:1850	biolink:causes	1
0.99451846	MONDO:0007922	HGNC:30497	biolink:causes	1
0.99952793	MONDO:0007922	HGNC:24097	biolink:causes	1
0.9994288	MONDO:0007922	HGNC:8005	biolink:causes	1
0.9994017	MONDO:0007922	HGNC:28993	biolink:causes	1
0.9987129	MONDO:0007922	HGNC:9115	biolink:causes	1
0.9970554	MONDO:0007922	HGNC:9459	biolink:causes	1
0.9979824	MONDO:0007922	HGNC:10447	biolink:causes	1
0.99945265	MONDO:0007922	HGNC:20249	biolink:causes	1
0.9999527	MONDO:0007922	HGNC:219	biolink:causes	1
0.9993449	MONDO:0007922	HGNC:23109	biolink:causes	1
0.9714248	MONDO:0007922	HGNC:4274	biolink:causes	1
0.99180156	MONDO:0007922	HGNC:1097	biolink:causes	1
0.9131579	MONDO:0007922	HGNC:9829	biolink:causes	1
0.99908257	MONDO:0007922	HGNC:9957	biolink:causes	1
0.98675054	MONDO:0007922	HGNC:7765	biolink:causes	1
0.85054266	MONDO:0007922	HGNC:9801	biolink:causes	1
0.9991067	MONDO:0007922	HGNC:10260	biolink:causes	1
0.9650474	MONDO:0007922	HGNC:1541	biolink:causes	1
0.97846323	MONDO:0007922	HGNC:3446	biolink:causes	1
0.99771726	MONDO:0007930	HGNC:4439	biolink:causes	1
0.9142024	MONDO:0007958	HGNC:9967	biolink:causes	1
0.8650725	MONDO:0007958	HGNC:8031	biolink:causes	1
1.0	MONDO:0007974	HGNC:20444	biolink:causes	1
0.89987165	MONDO:0008002	HGNC:8029	biolink:causes	1
0.9134391	MONDO:0008018	HGNC:7127	biolink:causes	1
0.81382126	MONDO:0008078	HGNC:7765	biolink:causes	1
0.98744524	MONDO:0008086	HGNC:11277	biolink:causes	1
0.09882099	MONDO:0008114	HGNC:11050	biolink:contributes_to	1
0.85343856	MONDO:0008134	HGNC:2973	biolink:gene_associated_with_condition	1
0.9945682	MONDO:0008210	HGNC:9942	biolink:causes	1
0.99998224	MONDO:0008222	HGNC:6263	biolink:gene_associated_with_condition	1
0.9206642	MONDO:0008234	HGNC:9967	biolink:causes	1
0.98800254	MONDO:0008246	HGNC:2343	biolink:causes	1
0.9546886	MONDO:0008250	HGNC:9210	biolink:gene_associated_with_condition	1
0.97512734	MONDO:0008250	HGNC:4261	biolink:gene_associated_with_condition	1
0.19856215	MONDO:0008274	HGNC:4392	biolink:gene_associated_with_condition	1
0.8018886	MONDO:0008278	HGNC:6770	biolink:causes	1
0.9947837	MONDO:0008302	HGNC:4510	biolink:causes	1
0.9358632	MONDO:0008306	HGNC:6174	biolink:gene_associated_with_condition	1
0.6454363	MONDO:0008310	HGNC:6636	biolink:gene_associated_with_condition	1
0.9361006	MONDO:0008310	HGNC:12877	biolink:gene_associated_with_condition	1
0.9998971	MONDO:0008322	HGNC:2227	biolink:causes	1
0.9994419	MONDO:0008426	HGNC:10896	biolink:causes	1
0.9962542	MONDO:0008426	HGNC:6768	biolink:causes	1
0.9965495	MONDO:0008426	HGNC:11772	biolink:causes	1
0.99957997	MONDO:0008426	HGNC:3603	biolink:gene_associated_with_condition	1
0.9999708	MONDO:0008426	HGNC:6664	biolink:causes	1
0.9999057	MONDO:0008426	HGNC:2201	biolink:causes	1
0.74745923	MONDO:0008434	HGNC:29059	biolink:gene_associated_with_condition	1
0.99744165	MONDO:0008490	HGNC:13869	biolink:causes	1
0.9911476	MONDO:0008490	HGNC:2464	biolink:causes	1
0.9922276	MONDO:0008490	HGNC:2200	biolink:causes	1
0.97647583	MONDO:0008542	HGNC:6188	biolink:gene_associated_with_condition	1
0.97997516	MONDO:0008542	HGNC:2488	biolink:causes	1
0.9495131	MONDO:0008542	HGNC:11187	biolink:causes	1
0.9654767	MONDO:0008542	HGNC:11592	biolink:gene_associated_with_condition	1
0.9747838	MONDO:0008542	HGNC:3327	biolink:causes	1
0.8610571	MONDO:0008542	HGNC:143	biolink:causes	1
0.9555933	MONDO:0008542	HGNC:3603	biolink:causes	1
0.95072395	MONDO:0008542	HGNC:3816	biolink:causes	1
0.9063537	MONDO:0008542	HGNC:15802	biolink:causes	1
0.9063537	MONDO:0008542	HGNC:15802	biolink:gene_associated_with_condition	1
0.9124959	MONDO:0008542	HGNC:29525	biolink:causes	1
0.69361216	MONDO:0008542	HGNC:4807	biolink:causes	1
0.9846832	MONDO:0008542	HGNC:3122	biolink:causes	1
0.96793133	MONDO:0008542	HGNC:9107	biolink:causes	1
0.93504316	MONDO:0008542	HGNC:1390	biolink:causes	1
0.89497757	MONDO:0008542	HGNC:17075	biolink:causes	1
0.9316537	MONDO:0008542	HGNC:11598	biolink:causes	1
0.9054177	MONDO:0008542	HGNC:3767	biolink:causes	1
0.96023166	MONDO:0008542	HGNC:6633	biolink:causes	1
0.85163075	MONDO:0008542	HGNC:25636	biolink:causes	1
0.9104129	MONDO:0008542	HGNC:32940	biolink:causes	1
0.9085387	MONDO:0008542	HGNC:9829	biolink:causes	1
0.9848682	MONDO:0008542	HGNC:16700	biolink:causes	1
0.9716456	MONDO:0008542	HGNC:20626	biolink:causes	1
0.929508	MONDO:0008542	HGNC:1987	biolink:gene_associated_with_condition	1
0.92785436	MONDO:0008542	HGNC:76	biolink:causes	1
0.8955141	MONDO:0008542	HGNC:6407	biolink:causes	1
0.7605945	MONDO:0008542	HGNC:15819	biolink:causes	1
0.9396151	MONDO:0008542	HGNC:7765	biolink:causes	1
0.9105194	MONDO:0008542	HGNC:12362	biolink:causes	1
0.9414437	MONDO:0008542	HGNC:11701	biolink:causes	1
0.8790796	MONDO:0008542	HGNC:20908	biolink:causes	1
0.9972185	MONDO:0008546	HGNC:3690	biolink:gene_associated_with_condition	1
0.15979104	MONDO:0008558	HGNC:15626	biolink:gene_associated_with_condition	1
0.75229686	MONDO:0008570	HGNC:1397	biolink:contributes_to	1
0.49942678	MONDO:0008678	HGNC:9970	biolink:gene_associated_with_condition	1
0.17093718	MONDO:0008678	HGNC:23018	biolink:gene_associated_with_condition	1
0.9999988	MONDO:0008678	HGNC:12744	biolink:causes	1
0.55963	MONDO:0008678	HGNC:961	biolink:gene_associated_with_condition	1
0.99999917	MONDO:0008710	HGNC:14263	biolink:causes	1
0.99949837	MONDO:0008722	HGNC:90	biolink:gene_associated_with_condition	1
0.6643684	MONDO:0008734	HGNC:11998	biolink:contributes_to	1
0.9993086	MONDO:0008762	HGNC:2206	biolink:causes	1
0.9993086	MONDO:0008762	HGNC:2206	biolink:gene_associated_with_condition	1
0.9631251	MONDO:0008774	HGNC:23537	biolink:causes	1
0.9631251	MONDO:0008774	HGNC:23537	biolink:gene_associated_with_condition	1
0.93510497	MONDO:0008798	HGNC:16175	biolink:causes	1
0.9814709	MONDO:0008814	HGNC:663	biolink:causes	1
0.99967206	MONDO:0008818	HGNC:3604	biolink:causes	1
0.9987488	MONDO:0008818	HGNC:9853	biolink:causes	1
0.9998661	MONDO:0008818	HGNC:7945	biolink:causes	1
0.9848135	MONDO:0008818	HGNC:11772	biolink:causes	1
0.9972109	MONDO:0008818	HGNC:1550	biolink:causes	1
0.9995534	MONDO:0008818	HGNC:11769	biolink:causes	1
0.999143	MONDO:0008818	HGNC:7944	biolink:causes	1
0.9999101	MONDO:0008818	HGNC:14107	biolink:causes	1
0.9989536	MONDO:0008818	HGNC:19880	biolink:causes	1
0.77309984	MONDO:0008834	HGNC:11599	biolink:causes	1
0.6602324	MONDO:0008846	HGNC:11740	biolink:gene_associated_with_condition	1
0.9999807	MONDO:0008854	HGNC:966	biolink:causes	1
0.9681202	MONDO:0008854	HGNC:13210	biolink:contributes_to	1
0.9935494	MONDO:0008858	HGNC:8140	biolink:gene_associated_with_condition	1
0.9990701	MONDO:0008862	HGNC:6937	biolink:causes	1
0.8389281	MONDO:0008922	HGNC:24552	biolink:gene_associated_with_condition	1
0.9967782	MONDO:0008954	HGNC:9719	biolink:causes	1
0.966208	MONDO:0008998	HGNC:3438	biolink:gene_associated_with_condition	1
0.9829338	MONDO:0009002	HGNC:10526	biolink:causes	1
0.8859211	MONDO:0009006	HGNC:1248	biolink:causes	1
0.5696351	MONDO:0009050	HGNC:11998	biolink:gene_associated_with_condition	1
0.98166466	MONDO:0009050	HGNC:12631	biolink:gene_associated_with_condition	1
0.4776806	MONDO:0009050	HGNC:7978	biolink:gene_associated_with_condition	1
0.9973218	MONDO:0009050	HGNC:358	biolink:causes	1
0.9960383	MONDO:0009054	HGNC:18481	biolink:gene_associated_with_condition	1
0.5817366	MONDO:0009058	HGNC:2501	biolink:gene_associated_with_condition	1
0.99997985	MONDO:0009070	HGNC:24247	biolink:causes	1
0.99997985	MONDO:0009070	HGNC:24247	biolink:gene_associated_with_condition	1
0.72243804	MONDO:0009110	HGNC:10939	biolink:gene_associated_with_condition	1
0.9682731	MONDO:0009138	HGNC:11647	biolink:gene_associated_with_condition	1
0.98551196	MONDO:0009182	HGNC:6490	biolink:causes	1
0.99824107	MONDO:0009194	HGNC:5358	biolink:causes	1
0.9938996	MONDO:0009210	HGNC:3542	biolink:gene_associated_with_condition	1
0.99625576	MONDO:0009218	HGNC:735	biolink:gene_associated_with_condition	1
0.872407	MONDO:0009222	HGNC:35126	biolink:gene_associated_with_condition	1
0.9999994	MONDO:0009254	HGNC:4006	biolink:causes	1
0.9999801	MONDO:0009258	HGNC:4135	biolink:causes	1
0.9999801	MONDO:0009258	HGNC:4135	biolink:gene_associated_with_condition	1
0.9953681	MONDO:0009262	HGNC:4298	biolink:causes	1
0.9953681	MONDO:0009262	HGNC:4298	biolink:gene_associated_with_condition	1
0.9985671	MONDO:0009266	HGNC:4177	biolink:gene_associated_with_condition	1
0.9909525	MONDO:0009274	HGNC:11609	biolink:causes	1
0.9722617	MONDO:0009306	HGNC:9832	biolink:causes	1
0.9806174	MONDO:0009306	HGNC:9831	biolink:causes	1
0.9997265	MONDO:0009354	HGNC:7473	biolink:gene_associated_with_condition	1
0.91500443	MONDO:0009366	HGNC:26684	biolink:causes	1
0.98301494	MONDO:0009394	HGNC:11908	biolink:gene_associated_with_condition	1
0.9999888	MONDO:0009394	HGNC:11909	biolink:causes	1
0.99895716	MONDO:0009406	HGNC:60	biolink:causes	1
0.8648326	MONDO:0009414	HGNC:4707	biolink:causes	1
0.8648326	MONDO:0009414	HGNC:4707	biolink:gene_associated_with_condition	1
0.999811	MONDO:0009426	HGNC:11582	biolink:gene_associated_with_condition	1
0.99999654	MONDO:0009458	HGNC:11102	biolink:causes	1
0.99955136	MONDO:0009478	HGNC:19191	biolink:gene_associated_with_condition	1
0.83007544	MONDO:0009490	HGNC:2528	biolink:causes	1
0.8556145	MONDO:0009558	HGNC:20194	biolink:causes	1
0.9953086	MONDO:0009562	HGNC:6831	biolink:gene_associated_with_condition	1
0.9999708	MONDO:0009598	HGNC:10664	biolink:gene_associated_with_condition	1
0.96142805	MONDO:0009606	HGNC:2873	biolink:causes	1
0.99928397	MONDO:0009642	HGNC:7744	biolink:gene_associated_with_condition	1
0.9852533	MONDO:0009646	HGNC:1349	biolink:causes	1
0.9999999	MONDO:0009650	HGNC:29670	biolink:causes	1
0.9999999	MONDO:0009650	HGNC:29670	biolink:gene_associated_with_condition	1
0.9999912	MONDO:0009658	HGNC:4422	biolink:causes	1
0.99996555	MONDO:0009706	HGNC:29882	biolink:causes	1
0.9604445	MONDO:0009714	HGNC:2212	biolink:gene_associated_with_condition	1
0.9999974	MONDO:0009722	HGNC:28423	biolink:causes	1
0.9922259	MONDO:0009806	HGNC:18169	biolink:causes	1
0.9969338	MONDO:0009818	HGNC:1373	biolink:causes	1
0.9969338	MONDO:0009818	HGNC:1373	biolink:gene_associated_with_condition	1
0.92459303	MONDO:0009874	HGNC:6091	biolink:causes	1
0.9997243	MONDO:0009890	HGNC:15672	biolink:causes	1
0.5989119	MONDO:0009902	HGNC:4170	biolink:gene_associated_with_condition	1
0.99999285	MONDO:0009910	HGNC:30074	biolink:gene_associated_with_condition	1
0.9999999	MONDO:0009934	HGNC:3809	biolink:gene_associated_with_condition	1
0.95974326	MONDO:0009950	HGNC:9020	biolink:gene_associated_with_condition	1
0.9999516	MONDO:0009958	HGNC:8940	biolink:causes	1
0.99890983	MONDO:0009990	HGNC:11824	biolink:gene_associated_with_condition	1
0.61751866	MONDO:0009994	HGNC:7765	biolink:gene_associated_with_condition	1
0.957472	MONDO:0009998	HGNC:18683	biolink:causes	1
0.9982337	MONDO:0010046	HGNC:29043	biolink:causes	1
0.45816976	MONDO:0010086	HGNC:10593	biolink:contributes_to	1
0.99966633	MONDO:0010122	HGNC:1366	biolink:causes	1
0.99966633	MONDO:0010122	HGNC:1366	biolink:gene_associated_with_condition	1
0.99798787	MONDO:0010130	HGNC:3012	biolink:causes	1
0.989405	MONDO:0010162	HGNC:5147	biolink:causes	1
0.989405	MONDO:0010162	HGNC:5147	biolink:gene_associated_with_condition	1
0.9770785	MONDO:0010214	HGNC:9181	biolink:causes	1
0.99997103	MONDO:0010246	HGNC:14270	biolink:gene_associated_with_condition	1
0.99999547	MONDO:0010250	HGNC:2022	biolink:causes	1
0.99999547	MONDO:0010250	HGNC:2022	biolink:gene_associated_with_condition	1
0.9958162	MONDO:0010258	HGNC:3267	biolink:causes	1
0.9999975	MONDO:0010278	HGNC:11079	biolink:causes	1
0.98929274	MONDO:0010286	HGNC:20672	biolink:causes	1
0.91168016	MONDO:0010294	HGNC:12731	biolink:gene_associated_with_condition	1
0.99999964	MONDO:0010310	HGNC:26837	biolink:causes	1
0.77953446	MONDO:0010350	HGNC:2877	biolink:causes	1
0.99979025	MONDO:0010362	HGNC:8925	biolink:gene_associated_with_condition	1
0.873554	MONDO:0010446	HGNC:9936	biolink:gene_associated_with_condition	1
0.9791039	MONDO:0010486	HGNC:15455	biolink:causes	1
0.9907045	MONDO:0010490	HGNC:11326	biolink:gene_associated_with_condition	1
0.99999857	MONDO:0010506	HGNC:13429	biolink:causes	1
0.65784085	MONDO:0010510	HGNC:13486	biolink:causes	1
0.7616183	MONDO:0010514	HGNC:7373	biolink:causes	1
0.99978954	MONDO:0010518	HGNC:12731	biolink:gene_associated_with_condition	1
0.99959356	MONDO:0010526	HGNC:4296	biolink:causes	1
0.99103945	MONDO:0010554	HGNC:11600	biolink:causes	1
0.51929754	MONDO:0010606	HGNC:9091	biolink:causes	1
0.614266	MONDO:0010610	HGNC:30677	biolink:gene_associated_with_condition	1
0.99998164	MONDO:0010626	HGNC:11935	biolink:gene_associated_with_condition	1
0.9966455	MONDO:0010702	HGNC:2567	biolink:gene_associated_with_condition	1
0.999987	MONDO:0010758	HGNC:24931	biolink:gene_associated_with_condition	1
0.999506	MONDO:0010790	HGNC:7490	biolink:gene_associated_with_condition	1
0.9287015	MONDO:0010790	HGNC:7461	biolink:gene_associated_with_condition	1
0.9999862	MONDO:0010790	HGNC:7488	biolink:causes	1
0.9915064	MONDO:0010794	HGNC:7414	biolink:causes	1
0.72267497	MONDO:0010806	HGNC:17340	biolink:causes	1
0.9999982	MONDO:0010814	HGNC:18270	biolink:causes	1
0.9693289	MONDO:0010850	HGNC:29022	biolink:causes	1
0.8284799	MONDO:0010854	HGNC:6407	biolink:causes	1
0.8384466	MONDO:0010870	HGNC:12403	biolink:causes	1
0.8384466	MONDO:0010870	HGNC:12403	biolink:gene_associated_with_condition	1
0.78664887	MONDO:0010962	HGNC:6412	biolink:causes	1
0.99676776	MONDO:0011002	HGNC:16877	biolink:causes	1
0.9999995	MONDO:0011010	HGNC:30650	biolink:causes	1
0.9999995	MONDO:0011010	HGNC:30650	biolink:gene_associated_with_condition	1
0.96614856	MONDO:0011066	HGNC:7450	biolink:gene_associated_with_condition	1
1.0	MONDO:0011070	HGNC:13681	biolink:causes	1
0.9994955	MONDO:0011086	HGNC:9832	biolink:causes	1
0.9811928	MONDO:0011094	HGNC:15710	biolink:causes	1
0.899533	MONDO:0011102	HGNC:11720	biolink:causes	1
0.98840815	MONDO:0011106	HGNC:757	biolink:gene_associated_with_condition	1
0.9989312	MONDO:0011150	HGNC:8804	biolink:gene_associated_with_condition	1
0.9989864	MONDO:0011158	HGNC:11936	biolink:causes	1
0.96940315	MONDO:0011178	HGNC:10596	biolink:gene_associated_with_condition	1
0.9999622	MONDO:0011190	HGNC:17870	biolink:causes	1
0.99345845	MONDO:0011202	HGNC:28396	biolink:gene_associated_with_condition	1
0.4587652	MONDO:0011226	HGNC:9220	biolink:causes	1
0.9999963	MONDO:0011242	HGNC:16512	biolink:causes	1
0.9999511	MONDO:0011246	HGNC:1938	biolink:causes	1
0.9999511	MONDO:0011246	HGNC:1938	biolink:gene_associated_with_condition	1
0.93952227	MONDO:0011334	HGNC:15979	biolink:gene_associated_with_condition	1
0.9990772	MONDO:0011338	HGNC:9832	biolink:causes	1
0.9990772	MONDO:0011338	HGNC:9832	biolink:gene_associated_with_condition	1
0.95711386	MONDO:0011338	HGNC:10031	biolink:gene_associated_with_condition	1
0.98358154	MONDO:0011398	HGNC:2214	biolink:gene_associated_with_condition	1
0.9999131	MONDO:0011422	HGNC:11030	biolink:causes	1
0.83421564	MONDO:0011430	HGNC:2411	biolink:gene_associated_with_condition	1
0.94722074	MONDO:0011430	HGNC:2410	biolink:gene_associated_with_condition	1
0.87137556	MONDO:0011430	HGNC:4281	biolink:gene_associated_with_condition	1
0.7793461	MONDO:0011442	HGNC:8846	biolink:causes	1
1.0	MONDO:0011450	HGNC:1100	biolink:contributes_to	1
0.9536061	MONDO:0011474	HGNC:17993	biolink:causes	1
0.33477497	MONDO:0011490	HGNC:21666	biolink:gene_associated_with_condition	1
0.9936858	MONDO:0011506	HGNC:29203	biolink:causes	1
0.9936858	MONDO:0011506	HGNC:29203	biolink:gene_associated_with_condition	1
0.99974376	MONDO:0011510	HGNC:18318	biolink:causes	1
0.99953043	MONDO:0011518	HGNC:7132	biolink:gene_associated_with_condition	1
0.988436	MONDO:0011546	HGNC:18292	biolink:causes	1
0.9694038	MONDO:0011570	HGNC:28845	biolink:causes	1
0.9992111	MONDO:0011614	HGNC:5008	biolink:causes	1
0.91789186	MONDO:0011630	HGNC:25808	biolink:causes	1
0.99020255	MONDO:0011694	HGNC:6180	biolink:gene_associated_with_condition	1
0.61590946	MONDO:0011698	HGNC:4415	biolink:gene_associated_with_condition	1
0.9993492	MONDO:0011738	HGNC:4512	biolink:causes	1
0.59611094	MONDO:0011774	HGNC:7601	biolink:causes	1
0.9955752	MONDO:0011778	HGNC:30497	biolink:gene_associated_with_condition	1
0.99891603	MONDO:0011790	HGNC:14409	biolink:causes	1
0.98022205	MONDO:0011794	HGNC:10588	biolink:gene_associated_with_condition	1
0.9999918	MONDO:0011822	HGNC:2027	biolink:causes	1
0.93244123	MONDO:0011830	HGNC:8574	biolink:gene_associated_with_condition	1
0.3144991	MONDO:0011834	HGNC:5456	biolink:gene_associated_with_condition	1
0.960272	MONDO:0011902	HGNC:7739	biolink:gene_associated_with_condition	1
0.99314743	MONDO:0011974	HGNC:10254	biolink:causes	1
0.58384055	MONDO:0011982	HGNC:11764	biolink:contributes_to	1
0.9173847	MONDO:0011998	HGNC:14103	biolink:gene_associated_with_condition	1
0.92549205	MONDO:0012110	HGNC:5464	biolink:causes	1
0.9056619	MONDO:0012142	HGNC:7391	biolink:causes	1
0.42878008	MONDO:0012162	HGNC:2509	biolink:causes	1
0.99873906	MONDO:0012166	HGNC:25358	biolink:causes	1
0.98286897	MONDO:0012190	HGNC:1630	biolink:gene_associated_with_condition	1
0.9996228	MONDO:0012222	HGNC:7631	biolink:gene_associated_with_condition	1
0.03213897	MONDO:0012294	HGNC:2621	biolink:causes	1
0.87084085	MONDO:0012354	HGNC:18124	biolink:causes	1
0.87084085	MONDO:0012354	HGNC:18124	biolink:gene_associated_with_condition	1
0.98418474	MONDO:0012382	HGNC:4799	biolink:causes	1
0.98418474	MONDO:0012382	HGNC:4799	biolink:gene_associated_with_condition	1
0.9995297	MONDO:0012398	HGNC:8790	biolink:causes	1
0.38373098	MONDO:0012410	HGNC:5031	biolink:causes	1
0.83877164	MONDO:0012434	HGNC:3049	biolink:causes	1
0.8387988	MONDO:0012442	HGNC:18141	biolink:causes	1
0.9690982	MONDO:0012446	HGNC:25843	biolink:gene_associated_with_condition	1
0.972672	MONDO:0012474	HGNC:1956	biolink:causes	1
0.966421	MONDO:0012510	HGNC:14048	biolink:causes	1
0.9999994	MONDO:0012514	HGNC:24587	biolink:causes	1
0.9461113	MONDO:0012522	HGNC:6257	biolink:causes	1
0.94286907	MONDO:0012526	HGNC:3530	biolink:gene_associated_with_condition	1
0.9991579	MONDO:0012554	HGNC:3433	biolink:causes	1
0.99599165	MONDO:0012562	HGNC:9585	biolink:causes	1
0.999923	MONDO:0012594	HGNC:5394	biolink:causes	1
0.999923	MONDO:0012594	HGNC:5394	biolink:gene_associated_with_condition	1
0.98314697	MONDO:0012626	HGNC:29021	biolink:causes	1
1.0	MONDO:0012634	HGNC:14361	biolink:causes	1
1.0	MONDO:0012634	HGNC:14361	biolink:gene_associated_with_condition	1
0.56892043	MONDO:0012650	HGNC:25737	biolink:gene_associated_with_condition	1
0.8681494	MONDO:0012682	HGNC:12440	biolink:causes	1
0.8681494	MONDO:0012682	HGNC:12440	biolink:gene_associated_with_condition	1
0.9735156	MONDO:0012714	HGNC:12403	biolink:gene_associated_with_condition	1
0.99136823	MONDO:0012718	HGNC:14508	biolink:causes	1
0.99604213	MONDO:0012726	HGNC:2202	biolink:gene_associated_with_condition	1
0.99271774	MONDO:0012734	HGNC:12783	biolink:gene_associated_with_condition	1
0.8657641	MONDO:0012738	HGNC:379	biolink:causes	1
0.4246863	MONDO:0012758	HGNC:7372	biolink:contributes_to	1
0.99728274	MONDO:0012774	HGNC:13672	biolink:causes	1
0.85076576	MONDO:0012786	HGNC:23094	biolink:causes	1
0.91027504	MONDO:0012794	HGNC:21863	biolink:gene_associated_with_condition	1
0.0413519	MONDO:0012834	HGNC:6120	biolink:contributes_to	1
0.9996431	MONDO:0012866	HGNC:21197	biolink:causes	1
0.99763453	MONDO:0012906	HGNC:18744	biolink:causes	1
1.0	MONDO:0012930	HGNC:24861	biolink:causes	1
0.9045996	MONDO:0012938	HGNC:10301	biolink:causes	1
0.7548414	MONDO:0012946	HGNC:1754	biolink:causes	1
0.99866533	MONDO:0012982	HGNC:10941	biolink:causes	1
0.9977004	MONDO:0012994	HGNC:11257	biolink:causes	1
0.38031	MONDO:0013002	HGNC:216	biolink:causes	1
0.80911016	MONDO:0013034	HGNC:3052	biolink:causes	1
0.9542687	MONDO:0013038	HGNC:8975	biolink:gene_associated_with_condition	1
0.9996455	MONDO:0013050	HGNC:24678	biolink:gene_associated_with_condition	1
0.9998994	MONDO:0013058	HGNC:21686	biolink:causes	1
0.9998994	MONDO:0013058	HGNC:21686	biolink:gene_associated_with_condition	1
0.90966165	MONDO:0013070	HGNC:17116	biolink:causes	1
0.541034	MONDO:0013110	HGNC:3791	biolink:gene_associated_with_condition	1
0.9002165	MONDO:0013122	HGNC:6715	biolink:causes	1
0.9999341	MONDO:0013154	HGNC:19743	biolink:causes	1
0.96889526	MONDO:0013162	HGNC:19743	biolink:gene_associated_with_condition	1
0.9704203	MONDO:0013166	HGNC:23	biolink:gene_associated_with_condition	1
0.99999976	MONDO:0013170	HGNC:6717	biolink:causes	1
0.93434745	MONDO:0013178	HGNC:6636	biolink:causes	1
0.78017104	MONDO:0013182	HGNC:8574	biolink:gene_associated_with_condition	1
0.9759854	MONDO:0013186	HGNC:7989	biolink:causes	1
0.9994628	MONDO:0013190	HGNC:3534	biolink:causes	1
0.7251905	MONDO:0013198	HGNC:7576	biolink:causes	1
0.9954222	MONDO:0013214	HGNC:10906	biolink:causes	1
0.95326155	MONDO:0013218	HGNC:21641	biolink:causes	1
0.99155855	MONDO:0013222	HGNC:27337	biolink:gene_associated_with_condition	1
0.92087644	MONDO:0013286	HGNC:1701	biolink:causes	1
0.999902	MONDO:0013342	HGNC:22197	biolink:gene_associated_with_condition	1
0.9965275	MONDO:0013350	HGNC:9179	biolink:causes	1
0.9863175	MONDO:0013354	HGNC:25532	biolink:gene_associated_with_condition	1
0.21299896	MONDO:0013386	HGNC:27375	biolink:causes	1
0.8907557	MONDO:0013390	HGNC:9069	biolink:gene_associated_with_condition	1
0.8556432	MONDO:0013398	HGNC:9508	biolink:causes	1
0.9994228	MONDO:0013414	HGNC:9990	biolink:causes	1
0.87849325	MONDO:0013418	HGNC:7590	biolink:causes	1
0.99457103	MONDO:0013426	HGNC:6769	biolink:causes	1
0.99457103	MONDO:0013426	HGNC:6769	biolink:gene_associated_with_condition	1
0.99968386	MONDO:0013458	HGNC:17697	biolink:gene_associated_with_condition	1
0.07950779	MONDO:0013462	HGNC:4017	biolink:causes	1
0.98611265	MONDO:0013482	HGNC:25774	biolink:causes	1
0.98576015	MONDO:0013526	HGNC:4431	biolink:causes	1
0.99904686	MONDO:0013546	HGNC:26050	biolink:gene_associated_with_condition	1
0.9210823	MONDO:0013550	HGNC:3756	biolink:causes	1
0.9210823	MONDO:0013550	HGNC:3756	biolink:gene_associated_with_condition	1
0.034063075	MONDO:0013554	HGNC:1343	biolink:contributes_to	1
0.9715846	MONDO:0013570	HGNC:21022	biolink:gene_associated_with_condition	1
0.94327533	MONDO:0013594	HGNC:15911	biolink:gene_associated_with_condition	1
0.9980556	MONDO:0013610	HGNC:12605	biolink:causes	1
0.98700523	MONDO:0013634	HGNC:888	biolink:causes	1
0.99217296	MONDO:0013642	HGNC:17104	biolink:causes	1
0.7603829	MONDO:0013662	HGNC:18831	biolink:causes	1
1.0	MONDO:0013678	HGNC:31555	biolink:causes	1
1.0	MONDO:0013678	HGNC:31555	biolink:gene_associated_with_condition	1
0.94647545	MONDO:0013686	HGNC:1529	biolink:causes	1
0.98329043	MONDO:0013690	HGNC:8008	biolink:causes	1
0.98976886	MONDO:0013718	HGNC:18340	biolink:causes	1
0.9772225	MONDO:0013726	HGNC:2973	biolink:causes	1
0.93954474	MONDO:0013766	HGNC:9066	biolink:gene_associated_with_condition	1
0.9990596	MONDO:0013774	HGNC:23399	biolink:causes	1
0.69880843	MONDO:0013782	HGNC:2553	biolink:gene_associated_with_condition	1
0.7610741	MONDO:0013794	HGNC:6192	biolink:causes	1
0.98671746	MONDO:0013802	HGNC:118	biolink:gene_associated_with_condition	1
0.9788648	MONDO:0013842	HGNC:5208	biolink:causes	1
0.9990038	MONDO:0013862	HGNC:2336	biolink:causes	1
0.9639438	MONDO:0013874	HGNC:7863	biolink:causes	1
0.99996793	MONDO:0013890	HGNC:14153	biolink:gene_associated_with_condition	1
0.9521427	MONDO:0013926	HGNC:13831	biolink:causes	1
0.9999908	MONDO:0013938	HGNC:22965	biolink:causes	1
0.95900726	MONDO:0013946	HGNC:5201	biolink:contributes_to	1
0.99745923	MONDO:0013962	HGNC:24928	biolink:causes	1
0.99745923	MONDO:0013962	HGNC:24928	biolink:gene_associated_with_condition	1
0.7435523	MONDO:0013978	HGNC:23166	biolink:causes	1
0.99916816	MONDO:0013986	HGNC:21062	biolink:causes	1
0.99916816	MONDO:0013986	HGNC:21062	biolink:gene_associated_with_condition	1
0.9999074	MONDO:0013990	HGNC:8740	biolink:gene_associated_with_condition	1
0.827777	MONDO:0014014	HGNC:30578	biolink:causes	1
0.827777	MONDO:0014014	HGNC:30578	biolink:gene_associated_with_condition	1
0.9990858	MONDO:0014030	HGNC:26560	biolink:causes	1
0.977248	MONDO:0014034	HGNC:30778	biolink:causes	1
0.7919291	MONDO:0014042	HGNC:21086	biolink:causes	1
0.998654	MONDO:0014070	HGNC:23405	biolink:causes	1
0.9839708	MONDO:0014074	HGNC:20731	biolink:gene_associated_with_condition	1
0.9999354	MONDO:0014082	HGNC:6006	biolink:gene_associated_with_condition	1
0.9777976	MONDO:0014086	HGNC:12774	biolink:causes	1
0.98571324	MONDO:0014094	HGNC:24592	biolink:causes	1
0.9980981	MONDO:0014098	HGNC:24229	biolink:causes	1
0.9385662	MONDO:0014118	HGNC:14579	biolink:causes	1
0.908074	MONDO:0014122	HGNC:7883	biolink:causes	1
0.99590033	MONDO:0014138	HGNC:30372	biolink:causes	1
0.6231732	MONDO:0014146	HGNC:4379	biolink:causes	1
0.9577691	MONDO:0014162	HGNC:16650	biolink:causes	1
1.0	MONDO:0014198	HGNC:13601	biolink:gene_associated_with_condition	1
0.9999224	MONDO:0014202	HGNC:12371	biolink:causes	1
0.98190194	MONDO:0014206	HGNC:6898	biolink:causes	1
0.84712476	MONDO:0014210	HGNC:494	biolink:gene_associated_with_condition	1
0.99241203	MONDO:0014218	HGNC:3048	biolink:causes	1
0.99241203	MONDO:0014218	HGNC:3048	biolink:gene_associated_with_condition	1
0.8874653	MONDO:0014218	HGNC:3052	biolink:gene_associated_with_condition	1
0.9672454	MONDO:0014222	HGNC:8977	biolink:causes	1
0.87545854	MONDO:0014230	HGNC:1343	biolink:causes	1
0.9994185	MONDO:0014238	HGNC:26262	biolink:gene_associated_with_condition	1
0.9999999	MONDO:0014242	HGNC:23109	biolink:causes	1
0.99996746	MONDO:0014258	HGNC:753	biolink:causes	1
0.84540576	MONDO:0014274	HGNC:3999	biolink:causes	1
0.84540576	MONDO:0014274	HGNC:3999	biolink:gene_associated_with_condition	1
0.99644357	MONDO:0014282	HGNC:17975	biolink:gene_associated_with_condition	1
0.7679282	MONDO:0014286	HGNC:24526	biolink:causes	1
0.999463	MONDO:0014290	HGNC:29932	biolink:gene_associated_with_condition	1
0.49708018	MONDO:0014294	HGNC:12417	biolink:gene_associated_with_condition	1
0.5756562	MONDO:0014294	HGNC:17043	biolink:gene_associated_with_condition	1
0.99362576	MONDO:0014302	HGNC:16947	biolink:gene_associated_with_condition	1
0.99910223	MONDO:0014338	HGNC:6005	biolink:causes	1
0.99910223	MONDO:0014338	HGNC:6005	biolink:gene_associated_with_condition	1
0.6357017	MONDO:0014346	HGNC:6415	biolink:causes	1
1.0	MONDO:0014358	HGNC:25230	biolink:causes	1
0.97446865	MONDO:0014386	HGNC:9879	biolink:causes	1
0.96395063	MONDO:0014398	HGNC:30740	biolink:causes	1
0.96395063	MONDO:0014398	HGNC:30740	biolink:gene_associated_with_condition	1
0.99134576	MONDO:0014406	HGNC:23734	biolink:causes	1
0.9999924	MONDO:0014434	HGNC:970	biolink:causes	1
0.79982984	MONDO:0014450	HGNC:9670	biolink:causes	1
0.9989009	MONDO:0014466	HGNC:19129	biolink:causes	1
0.9989009	MONDO:0014466	HGNC:19129	biolink:gene_associated_with_condition	1
0.9985537	MONDO:0014474	HGNC:37276	biolink:causes	1
0.9396211	MONDO:0014490	HGNC:10922	biolink:causes	1
0.23230861	MONDO:0014494	HGNC:18971	biolink:contributes_to	1
0.75957733	MONDO:0014502	HGNC:4053	biolink:causes	1
0.96723914	MONDO:0014506	HGNC:9870	biolink:gene_associated_with_condition	1
0.9955285	MONDO:0014510	HGNC:26222	biolink:causes	1
0.9477174	MONDO:0014518	HGNC:23657	biolink:gene_associated_with_condition	1
0.9077079	MONDO:0014518	HGNC:9382	biolink:causes	1
0.99938047	MONDO:0014522	HGNC:12406	biolink:causes	1
0.9993349	MONDO:0014530	HGNC:4576	biolink:gene_associated_with_condition	1
0.9139487	MONDO:0014550	HGNC:1445	biolink:causes	1
0.9602351	MONDO:0014566	HGNC:6898	biolink:causes	1
0.9397808	MONDO:0014570	HGNC:237	biolink:causes	1
0.99877816	MONDO:0014574	HGNC:1515	biolink:causes	1
0.9983113	MONDO:0014586	HGNC:1966	biolink:causes	1
0.96879756	MONDO:0014602	HGNC:9312	biolink:gene_associated_with_condition	1
0.99999905	MONDO:0014606	HGNC:18801	biolink:causes	1
0.8928352	MONDO:0014622	HGNC:18084	biolink:gene_associated_with_condition	1
0.29020435	MONDO:0014622	HGNC:6423	biolink:gene_associated_with_condition	1
0.9922496	MONDO:0014630	HGNC:8028	biolink:gene_associated_with_condition	1
0.9790856	MONDO:0014646	HGNC:854	biolink:causes	1
0.9985318	MONDO:0014654	HGNC:2188	biolink:causes	1
0.9945167	MONDO:0014658	HGNC:3690	biolink:gene_associated_with_condition	1
0.9999994	MONDO:0014662	HGNC:13997	biolink:causes	1
0.9999987	MONDO:0014670	HGNC:13841	biolink:causes	1
0.26913872	MONDO:0014682	HGNC:4798	biolink:contributes_to	1
0.99991095	MONDO:0014686	HGNC:12831	biolink:causes	1
0.9250209	MONDO:0014710	HGNC:10260	biolink:gene_associated_with_condition	1
0.99948406	MONDO:0014718	HGNC:13818	biolink:causes	1
0.6265078	MONDO:0014738	HGNC:6343	biolink:causes	1
0.9525659	MONDO:0014742	HGNC:21645	biolink:causes	1
0.99998045	MONDO:0014754	HGNC:2244	biolink:causes	1
0.99813604	MONDO:0014766	HGNC:29515	biolink:causes	1
0.8798495	MONDO:0014802	HGNC:10702	biolink:causes	1
0.94685555	MONDO:0014822	HGNC:7001	biolink:gene_associated_with_condition	1
0.9995177	MONDO:0014830	HGNC:32689	biolink:causes	1
0.9994931	MONDO:0014850	HGNC:17341	biolink:causes	1
0.6982099	MONDO:0014866	HGNC:7154	biolink:causes	1
0.50979006	MONDO:0014866	HGNC:5228	biolink:gene_associated_with_condition	1
0.91118807	MONDO:0014882	HGNC:21062	biolink:gene_associated_with_condition	1
0.99610305	MONDO:0014890	HGNC:15646	biolink:gene_associated_with_condition	1
0.9973347	MONDO:0014914	HGNC:13221	biolink:causes	1
0.9999982	MONDO:0014918	HGNC:3705	biolink:gene_associated_with_condition	1
0.98528427	MONDO:0014926	HGNC:21424	biolink:causes	1
0.96475905	MONDO:0014942	HGNC:4081	biolink:causes	1
0.9490619	MONDO:0014946	HGNC:1919	biolink:gene_associated_with_condition	1
0.51879424	MONDO:0014970	HGNC:19218	biolink:causes	1
0.9998816	MONDO:0014994	HGNC:12933	biolink:causes	1
0.70684147	MONDO:0014998	HGNC:11724	biolink:causes	1
0.7446605	MONDO:0015010	HGNC:4313	biolink:gene_associated_with_condition	1
0.44957316	MONDO:0015054	HGNC:1228	biolink:gene_associated_with_condition	1
0.9995685	MONDO:0015283	HGNC:7489	biolink:gene_associated_with_condition	1
0.955681	MONDO:0015520	HGNC:3259	biolink:gene_associated_with_condition	1
0.9071387	MONDO:0015800	HGNC:6697	biolink:gene_associated_with_condition	1
0.9291666	MONDO:0016216	HGNC:2514	biolink:gene_associated_with_condition	1
0.92163503	MONDO:0016216	HGNC:1509	biolink:gene_associated_with_condition	1
0.02183523	MONDO:0016268	HGNC:3430	biolink:gene_associated_with_condition	1
0.6527677	MONDO:0016308	HGNC:14537	biolink:gene_associated_with_condition	1
0.655338	MONDO:0016308	HGNC:7897	biolink:gene_associated_with_condition	1
0.7811479	MONDO:0016316	HGNC:5389	biolink:gene_associated_with_condition	1
0.091461636	MONDO:0016356	HGNC:6120	biolink:gene_associated_with_condition	1
0.76164603	MONDO:0016356	HGNC:2500	biolink:gene_associated_with_condition	1
0.4415485	MONDO:0016356	HGNC:1607	biolink:gene_associated_with_condition	1
0.20709783	MONDO:0016476	HGNC:1786	biolink:gene_associated_with_condition	1
0.93548125	MONDO:0016672	HGNC:4827	biolink:gene_associated_with_condition	1
0.6929391	MONDO:0016672	HGNC:4831	biolink:gene_associated_with_condition	1
0.90520793	MONDO:0016692	HGNC:22219	biolink:gene_associated_with_condition	1
0.9052535	MONDO:0016692	HGNC:1097	biolink:gene_associated_with_condition	1
0.88467336	MONDO:0016692	HGNC:9829	biolink:gene_associated_with_condition	1
0.79749745	MONDO:0016780	HGNC:14575	biolink:gene_associated_with_condition	1
0.997799	MONDO:0016856	HGNC:14881	biolink:gene_associated_with_condition	1
0.96327025	MONDO:0017052	HGNC:25415	biolink:gene_associated_with_condition	1
0.66715974	MONDO:0017116	HGNC:7208	biolink:gene_associated_with_condition	1
0.22299804	MONDO:0017172	HGNC:714	biolink:gene_associated_with_condition	1
0.9519639	MONDO:0017176	HGNC:7106	biolink:gene_associated_with_condition	1
0.81238604	MONDO:0017308	HGNC:11773	biolink:gene_associated_with_condition	1
0.9946918	MONDO:0017360	HGNC:7526	biolink:gene_associated_with_condition	1
0.19935045	MONDO:0017376	HGNC:4932	biolink:gene_associated_with_condition	1
0.4903327	MONDO:0017544	HGNC:5136	biolink:gene_associated_with_condition	1
0.825797	MONDO:0017696	HGNC:4180	biolink:gene_associated_with_condition	1
0.99644035	MONDO:0017732	HGNC:6826	biolink:gene_associated_with_condition	1
0.56041104	MONDO:0017844	HGNC:11917	biolink:gene_associated_with_condition	1
0.589592	MONDO:0017940	HGNC:6323	biolink:gene_associated_with_condition	1
0.7655084	MONDO:0018000	HGNC:11795	biolink:gene_associated_with_condition	1
0.40388727	MONDO:0018092	HGNC:4948	biolink:gene_associated_with_condition	1
0.9352399	MONDO:0018112	HGNC:450	biolink:gene_associated_with_condition	1
0.14113192	MONDO:0018136	HGNC:12442	biolink:gene_associated_with_condition	1
0.982312	MONDO:0018144	HGNC:4241	biolink:gene_associated_with_condition	1
0.6546383	MONDO:0018245	HGNC:26276	biolink:gene_associated_with_condition	1
0.995401	MONDO:0018273	HGNC:15516	biolink:gene_associated_with_condition	1
0.99947196	MONDO:0018277	HGNC:9202	biolink:gene_associated_with_condition	1
0.99886096	MONDO:0018277	HGNC:19139	biolink:gene_associated_with_condition	1
0.9963606	MONDO:0018277	HGNC:22932	biolink:gene_associated_with_condition	1
0.8232867	MONDO:0018333	HGNC:3481	biolink:gene_associated_with_condition	1
0.9905708	MONDO:0018393	HGNC:26535	biolink:gene_associated_with_condition	1
0.9462239	MONDO:0018393	HGNC:18130	biolink:gene_associated_with_condition	1
0.7505803	MONDO:0018393	HGNC:15805	biolink:gene_associated_with_condition	1
0.9722102	MONDO:0018393	HGNC:28569	biolink:gene_associated_with_condition	1
0.89942086	MONDO:0018393	HGNC:26047	biolink:gene_associated_with_condition	1
0.81242245	MONDO:0018393	HGNC:25062	biolink:gene_associated_with_condition	1
0.88314736	MONDO:0018393	HGNC:11737	biolink:gene_associated_with_condition	1
0.38635463	MONDO:0018417	HGNC:30914	biolink:gene_associated_with_condition	1
0.84402627	MONDO:0018421	HGNC:17168	biolink:gene_associated_with_condition	1
0.8515188	MONDO:0018749	HGNC:4831	biolink:gene_associated_with_condition	1
0.15789077	MONDO:0018761	HGNC:11100	biolink:gene_associated_with_condition	1
0.9684211	MONDO:0018821	HGNC:12632	biolink:gene_associated_with_condition	1
0.613429	MONDO:0018829	HGNC:2202	biolink:gene_associated_with_condition	1
0.9742255	MONDO:0018877	HGNC:9940	biolink:gene_associated_with_condition	1
0.9256918	MONDO:0019113	HGNC:1388	biolink:gene_associated_with_condition	1
0.7295679	MONDO:0019157	HGNC:25941	biolink:gene_associated_with_condition	1
0.9957212	MONDO:0019307	HGNC:2194	biolink:gene_associated_with_condition	1
0.99973875	MONDO:0019407	HGNC:18620	biolink:gene_associated_with_condition	1
0.8870976	MONDO:0019475	HGNC:18437	biolink:causes	1
0.8252394	MONDO:0019531	HGNC:4623	biolink:gene_associated_with_condition	1
0.3345726	MONDO:0019635	HGNC:4942	biolink:gene_associated_with_condition	1
0.9739567	MONDO:0019828	HGNC:4877	biolink:gene_associated_with_condition	1
0.98612994	MONDO:0019828	HGNC:15836	biolink:gene_associated_with_condition	1
0.8896086	MONDO:0019828	HGNC:13831	biolink:gene_associated_with_condition	1
0.924639	MONDO:0019828	HGNC:21734	biolink:gene_associated_with_condition	1
0.6235532	MONDO:0019848	HGNC:644	biolink:gene_associated_with_condition	1
0.9603716	MONDO:0019896	HGNC:24650	biolink:gene_associated_with_condition	1
0.65474707	MONDO:0020298	HGNC:7675	biolink:gene_associated_with_condition	1
0.9025772	MONDO:0020298	HGNC:8101	biolink:gene_associated_with_condition	1
0.999244	MONDO:0020346	HGNC:2226	biolink:gene_associated_with_condition	1
0.88916117	MONDO:0020354	HGNC:8620	biolink:gene_associated_with_condition	1
0.84008396	MONDO:0020378	HGNC:7103	biolink:gene_associated_with_condition	1
0.08691361	MONDO:0020382	HGNC:9942	biolink:gene_associated_with_condition	1
0.19974118	MONDO:0020434	HGNC:11598	biolink:gene_associated_with_condition	1
0.9650808	MONDO:0020482	HGNC:10591	biolink:gene_associated_with_condition	1
0.80807424	MONDO:0020494	HGNC:3681	biolink:gene_associated_with_condition	1
0.9745714	MONDO:0020506	HGNC:3257	biolink:gene_associated_with_condition	1
0.31108263	MONDO:0020530	HGNC:5439	biolink:gene_associated_with_condition	1
0.998985	MONDO:0020603	HGNC:3133	biolink:causes	1
0.998985	MONDO:0020603	HGNC:3133	biolink:gene_associated_with_condition	1
0.9282711	MONDO:0020607	HGNC:10600	biolink:causes	1
0.026390959	MONDO:0020611	HGNC:6308	biolink:causes	1
0.038946602	MONDO:0020619	HGNC:47	biolink:causes	1
0.9994311	MONDO:0020631	HGNC:4082	biolink:causes	1
0.8774196	MONDO:0020671	HGNC:7876	biolink:contributes_to	1
0.9997857	MONDO:0020692	HGNC:2909	biolink:causes	1
0.9602272	MONDO:0020748	HGNC:13886	biolink:causes	1
0.7052084	MONDO:0020788	HGNC:799	biolink:causes	1
0.99994946	MONDO:0020841	HGNC:21701	biolink:causes	1
0.54443157	MONDO:0023662	HGNC:485	biolink:causes	1
0.99993145	MONDO:0024457	HGNC:9039	biolink:causes	1
0.99993145	MONDO:0024457	HGNC:9039	biolink:gene_associated_with_condition	1
0.99999833	MONDO:0024541	HGNC:23639	biolink:causes	1
0.9989201	MONDO:0024553	HGNC:15508	biolink:causes	1
0.8241807	MONDO:0024557	HGNC:7230	biolink:causes	1
0.8241807	MONDO:0024557	HGNC:7230	biolink:gene_associated_with_condition	1
0.9999988	MONDO:0025354	HGNC:26708	biolink:causes	1
0.92597324	MONDO:0026729	HGNC:28880	biolink:causes	1
0.99446726	MONDO:0026733	HGNC:29873	biolink:causes	1
0.9558972	MONDO:0026777	HGNC:12469	biolink:gene_associated_with_condition	1
0.04904087	MONDO:0029145	HGNC:15979	biolink:causes	1
0.8451383	MONDO:0029465	HGNC:19263	biolink:causes	1
0.9324307	MONDO:0030007	HGNC:8849	biolink:causes	1
0.921862	MONDO:0030020	HGNC:29160	biolink:causes	1
0.9987581	MONDO:0030060	HGNC:4572	biolink:causes	1
0.9935881	MONDO:0030088	HGNC:59	biolink:causes	1
0.9887827	MONDO:0030332	HGNC:17209	biolink:causes	1
0.9552105	MONDO:0030366	HGNC:14202	biolink:causes	1
0.9999999	MONDO:0030378	HGNC:26799	biolink:causes	1
1.0	MONDO:0030457	HGNC:2760	biolink:causes	1
0.87908334	MONDO:0030619	HGNC:23302	biolink:causes	1
0.98919487	MONDO:0030684	HGNC:7818	biolink:causes	1
0.95217484	MONDO:0030839	HGNC:2883	biolink:causes	1
0.9999995	MONDO:0030890	HGNC:13998	biolink:causes	1
0.92754	MONDO:0030905	HGNC:33939	biolink:causes	1
0.9977447	MONDO:0030921	HGNC:21042	biolink:causes	1
0.99768555	MONDO:0030987	HGNC:16461	biolink:causes	1
0.973384	MONDO:0030995	HGNC:29190	biolink:causes	1
0.99946433	MONDO:0031019	HGNC:23787	biolink:causes	1
0.9980757	MONDO:0031054	HGNC:7853	biolink:causes	1
0.9352028	MONDO:0031061	HGNC:6485	biolink:causes	1
0.20582646	MONDO:0031446	HGNC:11828	biolink:causes	1
0.64531815	MONDO:0031446	HGNC:10905	biolink:gene_associated_with_condition	1
0.9731531	MONDO:0032577	HGNC:694	biolink:causes	1
0.83555853	MONDO:0032581	HGNC:18016	biolink:causes	1
0.9027079	MONDO:0032592	HGNC:25686	biolink:causes	1
0.9921685	MONDO:0032611	HGNC:7708	biolink:causes	1
0.663344	MONDO:0032670	HGNC:10389	biolink:causes	1
0.9663676	MONDO:0032677	HGNC:21638	biolink:gene_associated_with_condition	1
0.9957386	MONDO:0032677	HGNC:13664	biolink:causes	1
0.9999496	MONDO:0032687	HGNC:26033	biolink:causes	1
0.99442035	MONDO:0032715	HGNC:16740	biolink:causes	1
0.9988825	MONDO:0032723	HGNC:14078	biolink:causes	1
0.99449617	MONDO:0032728	HGNC:7224	biolink:causes	1
0.99996555	MONDO:0032781	HGNC:3033	biolink:causes	1
0.99974865	MONDO:0032817	HGNC:24555	biolink:causes	1
0.99993575	MONDO:0032830	HGNC:9216	biolink:gene_associated_with_condition	1
1.0	MONDO:0032855	HGNC:16493	biolink:causes	1
0.9998286	MONDO:0032859	HGNC:25325	biolink:causes	1
0.9997218	MONDO:0032864	HGNC:7879	biolink:causes	1
0.3500602	MONDO:0032868	HGNC:6973	biolink:causes	1
0.99966466	MONDO:0032872	HGNC:40050	biolink:causes	1
0.7939711	MONDO:0032884	HGNC:667	biolink:causes	1
0.9898991	MONDO:0032888	HGNC:17210	biolink:causes	1
0.99557894	MONDO:0032892	HGNC:12872	biolink:causes	1
0.92773336	MONDO:0032900	HGNC:12643	biolink:causes	1
0.91725117	MONDO:0032904	HGNC:6440	biolink:causes	1
0.81323224	MONDO:0032916	HGNC:17101	biolink:gene_associated_with_condition	1
0.99959403	MONDO:0032924	HGNC:23700	biolink:causes	1
0.8642209	MONDO:0032933	HGNC:24007	biolink:gene_associated_with_condition	1
0.79243505	MONDO:0032937	HGNC:4023	biolink:causes	1
0.9998636	MONDO:0033009	HGNC:24259	biolink:causes	1
0.9999393	MONDO:0033045	HGNC:28128	biolink:causes	1
0.9816187	MONDO:0033259	HGNC:13941	biolink:causes	1
0.4714429	MONDO:0033280	HGNC:29300	biolink:causes	1
1.0	MONDO:0033308	HGNC:20730	biolink:causes	1
0.7356622	MONDO:0033481	HGNC:17158	biolink:gene_associated_with_condition	1
0.95926857	MONDO:0033533	HGNC:10378	biolink:causes	1
0.97738576	MONDO:0033542	HGNC:16951	biolink:causes	1
0.9988147	MONDO:0033559	HGNC:29187	biolink:causes	1
0.8384681	MONDO:0033668	HGNC:21088	biolink:causes	1
0.8117448	MONDO:0034991	HGNC:11992	biolink:gene_associated_with_condition	1
0.15154079	MONDO:0035337	HGNC:6408	biolink:gene_associated_with_condition	1
0.9804962	MONDO:0035472	HGNC:17494	biolink:gene_associated_with_condition	1
0.038196806	MONDO:0035556	HGNC:14630	biolink:gene_associated_with_condition	1
0.05417384	MONDO:0035648	HGNC:2933	biolink:gene_associated_with_condition	1
0.4056887	MONDO:0037149	HGNC:4800	biolink:gene_associated_with_condition	1
0.87491417	MONDO:0044222	HGNC:18149	biolink:causes	1
0.072523385	MONDO:0044282	HGNC:44204	biolink:causes	1
0.93928397	MONDO:0044300	HGNC:7326	biolink:causes	1
0.93928397	MONDO:0044300	HGNC:7326	biolink:gene_associated_with_condition	1
0.9388272	MONDO:0044313	HGNC:11546	biolink:causes	1
0.916966	MONDO:0044317	HGNC:7328	biolink:causes	1
0.9999999	MONDO:0044321	HGNC:20185	biolink:gene_associated_with_condition	1
0.047719583	MONDO:0044617	HGNC:3754	biolink:gene_associated_with_condition	1
0.99056834	MONDO:0044648	HGNC:26576	biolink:gene_associated_with_condition	1
0.99999833	MONDO:0044714	HGNC:29678	biolink:causes	1
0.99999404	MONDO:0044718	HGNC:16066	biolink:causes	1
0.99999404	MONDO:0044718	HGNC:16066	biolink:gene_associated_with_condition	1
0.9740845	MONDO:0044723	HGNC:14348	biolink:gene_associated_with_condition	1
0.9787248	MONDO:0054559	HGNC:6546	biolink:causes	1
0.9616505	MONDO:0054573	HGNC:4851	biolink:causes	1
0.98243713	MONDO:0054696	HGNC:9956	biolink:causes	1
0.9200631	MONDO:0054780	HGNC:11274	biolink:causes	1
0.98685837	MONDO:0060556	HGNC:15808	biolink:gene_associated_with_condition	1
1.0	MONDO:0060631	HGNC:26953	biolink:gene_associated_with_condition	1
0.9478844	MONDO:0060663	HGNC:15802	biolink:causes	1
0.9627057	MONDO:0060702	HGNC:25640	biolink:causes	1
0.95474756	MONDO:0100092	HGNC:10596	biolink:causes	1
0.69973534	MONDO:0100189	HGNC:600	biolink:gene_associated_with_condition	1
0.9995347	MONDO:0100217	HGNC:3004	biolink:causes	1
0.9470903	MONDO:0100229	HGNC:8850	biolink:gene_associated_with_condition	1
0.1043461	MONDO:0100289	HGNC:7974	biolink:gene_associated_with_condition	1
0.31134972	MONDO:0700299	HGNC:29079	biolink:contributes_to	1
0.9330597	MONDO:0700343	HGNC:6463	biolink:causes	1
0.94450456	MONDO:0800029	HGNC:33	biolink:gene_associated_with_condition	1
0.75590426	MONDO:0800029	HGNC:13552	biolink:gene_associated_with_condition	1
0.9980318	MONDO:0800029	HGNC:10799	biolink:gene_associated_with_condition	1
0.6727328	MONDO:0800029	HGNC:26200	biolink:gene_associated_with_condition	1
0.787367	MONDO:0800029	HGNC:7516	biolink:gene_associated_with_condition	1
0.98364645	MONDO:0800029	HGNC:11730	biolink:causes	1
0.999972	MONDO:0800438	HGNC:3003	biolink:causes	1
0.999972	MONDO:0800438	HGNC:3003	biolink:gene_associated_with_condition	1
0.23951504	MONDO:0850095	HGNC:1044	biolink:gene_associated_with_condition	1
0.029727025	MONDO:0859002	HGNC:2231	biolink:gene_associated_with_condition	1
0.9995883	MONDO:0859083	HGNC:15631	biolink:causes	1
0.9996131	MONDO:0859137	HGNC:2377	biolink:causes	1
0.99912935	MONDO:0859148	HGNC:29183	biolink:causes	1
0.91408867	MONDO:0859173	HGNC:4398	biolink:causes	1
0.99912804	MONDO:0859189	HGNC:4249	biolink:causes	1
0.99959797	MONDO:0859206	HGNC:28762	biolink:causes	1
0.9994704	MONDO:0859214	HGNC:9390	biolink:causes	1
1.0	MONDO:0859226	HGNC:26186	biolink:causes	1
0.99979776	MONDO:0859264	HGNC:9639	biolink:causes	1
1.0	MONDO:0859293	HGNC:28662	biolink:causes	1
0.7678407	MONDO:0859311	HGNC:6182	biolink:causes	1
0.9935948	MONDO:0859320	HGNC:7702	biolink:causes	1
0.99782926	MONDO:0859324	HGNC:707	biolink:gene_associated_with_condition	1
0.8847897	MONDO:0859366	HGNC:18533	biolink:causes	1
0.74192935	MONDO:0859374	HGNC:33914	biolink:causes	1
0.9999665	MONDO:0859520	HGNC:2261	biolink:causes	1
0.72365046	MONDO:0859568	HGNC:11891	biolink:causes	1
1.0	MONDO:0859572	HGNC:17111	biolink:causes	1
0.9461427	MONDO:0957268	HGNC:10993	biolink:causes	1
0.9999583	MONDO:0957284	HGNC:11948	biolink:causes	1
0.76054657	MONDO:0957303	HGNC:6412	biolink:causes	1
0.93554145	MONDO:0957572	HGNC:11795	biolink:causes	1
0.999915	MONDO:0957588	HGNC:29877	biolink:causes	1
0.9523901	MONDO:0957815	HGNC:11273	biolink:causes	1
0.9999962	MONDO:0957922	HGNC:26383	biolink:causes	1
0.8735486	MONDO:0958071	HGNC:12630	biolink:causes	1
0.51326466	MONDO:0958129	HGNC:2244	biolink:gene_associated_with_condition	1
0.8660963	MONDO:0958182	HGNC:1241	biolink:causes	1
0.99933845	MONDO:0958194	HGNC:35123	biolink:causes	1
0.9393998	MONDO:0958237	HGNC:18628	biolink:causes	1
0.9989562	MONDO:0958241	HGNC:19012	biolink:causes	1
0.3991007	MONDO:0958263	HGNC:8794	biolink:gene_associated_with_condition	1
0.8170522	MONDO:0958354	HGNC:4510	biolink:gene_associated_with_condition	1
0.5306368	MONDO:0958354	HGNC:2907	biolink:gene_associated_with_condition	1
0.98808867	MONDO:0971002	HGNC:29296	biolink:causes	1
0.47356483	MONDO:0971069	HGNC:14294	biolink:gene_associated_with_condition	1
1.0	MONDO:0971172	HGNC:10193	biolink:causes	1
1.0	MONDO:0971172	HGNC:10193	biolink:gene_associated_with_condition	1
0.99259114	MONDO:0971176	HGNC:28460	biolink:causes	1
0.9226211	MONDO:0975757	HGNC:4379	biolink:gene_associated_with_condition	1
0.12166309	MONDO:0975795	HGNC:20759	biolink:causes	1
0.908328	MONDO:0975838	HGNC:2750	biolink:causes	1
0.9984199	MONDO:0975842	HGNC:30705	biolink:causes	1
0.3325824	MONDO:0975887	HGNC:25913	biolink:gene_associated_with_condition	1
0.25562525	MONDO:0976266	HGNC:21270	biolink:causes	1
0.6568464	HGNC:48	MONDO:0008542	biolink:causes	0
0.02164493	HGNC:14639	MONDO:0012980	biolink:causes	0
0.021565825	HGNC:14639	MONDO:0014012	biolink:causes	0
0.25109553	HGNC:21497	MONDO:0007137	biolink:causes	0
0.7880844	HGNC:23339	MONDO:0012127	biolink:causes	0
0.7732458	HGNC:23339	MONDO:0013640	biolink:causes	0
0.32152936	HGNC:118	MONDO:0012163	biolink:gene_associated_with_condition	0
0.5979148	HGNC:124	MONDO:0012621	biolink:causes	0
0.15400656	HGNC:216	MONDO:0014349	biolink:causes	0
0.868016	HGNC:218	MONDO:0018144	biolink:causes	0
0.25513622	HGNC:21285	MONDO:0014836	biolink:contributes_to	0
0.44620788	HGNC:329	MONDO:0007925	biolink:causes	0
0.3600964	HGNC:329	MONDO:0010606	biolink:causes	0
0.8307077	HGNC:329	MONDO:0013414	biolink:gene_associated_with_condition	0
0.9307043	HGNC:8768	MONDO:0054776	biolink:causes	0
0.07606361	HGNC:20091	MONDO:0007740	biolink:causes	0
0.5247113	HGNC:379	MONDO:0008134	biolink:causes	0
0.13671461	HGNC:388	MONDO:0800030	biolink:causes	0
0.10649415	HGNC:388	MONDO:0049222	biolink:gene_associated_with_condition	0
0.2356367	HGNC:388	MONDO:0030619	biolink:gene_associated_with_condition	0
0.8642139	HGNC:9722	MONDO:0007052	biolink:causes	0
0.9048488	HGNC:9722	MONDO:0009416	biolink:gene_associated_with_condition	0
0.7996059	HGNC:9722	MONDO:0015466	biolink:gene_associated_with_condition	0
0.7785538	HGNC:9722	MONDO:0030071	biolink:gene_associated_with_condition	0
0.98233837	HGNC:9722	MONDO:0008678	biolink:gene_associated_with_condition	0
0.8991576	HGNC:15672	MONDO:0007080	biolink:causes	0
0.9510656	HGNC:17085	MONDO:0000902	biolink:causes	0
0.7041574	HGNC:17944	MONDO:0008426	biolink:causes	0
0.822307	HGNC:3522	MONDO:0009413	biolink:causes	0
0.41069177	HGNC:3542	MONDO:0009665	biolink:gene_associated_with_condition	0
0.669598	HGNC:3542	MONDO:0009636	biolink:gene_associated_with_condition	0
0.6530499	HGNC:3542	MONDO:0014996	biolink:gene_associated_with_condition	0
0.5234133	HGNC:21197	MONDO:0018435	biolink:causes	0
0.9563235	HGNC:3584	MONDO:0014343	biolink:causes	0
0.8883312	HGNC:3604	MONDO:0011528	biolink:causes	0
0.9468096	HGNC:3604	MONDO:0008862	biolink:causes	0
0.9683948	HGNC:3604	MONDO:0014034	biolink:causes	0
0.5638873	HGNC:3671	MONDO:0010767	biolink:gene_associated_with_condition	0
0.7973252	HGNC:3671	MONDO:0009657	biolink:gene_associated_with_condition	0
0.9281664	HGNC:3671	MONDO:0015519	biolink:gene_associated_with_condition	0
0.48172617	HGNC:3677	MONDO:0009469	biolink:causes	0
0.9492986	HGNC:3690	MONDO:0859312	biolink:gene_associated_with_condition	0
0.9288399	HGNC:3690	MONDO:0020787	biolink:gene_associated_with_condition	0
0.6078184	HGNC:3690	MONDO:0011708	biolink:causes	0
0.88603246	HGNC:3690	MONDO:0014896	biolink:gene_associated_with_condition	0
0.9885309	HGNC:16873	MONDO:0013357	biolink:gene_associated_with_condition	0
0.8830214	HGNC:16873	MONDO:0009306	biolink:gene_associated_with_condition	0
0.9866932	HGNC:3622	MONDO:0032572	biolink:causes	0
0.97878265	HGNC:3622	MONDO:0009820	biolink:causes	0
0.67301077	HGNC:27310	MONDO:0024562	biolink:causes	0
0.7948648	HGNC:27310	MONDO:0013245	biolink:causes	0
0.6694227	HGNC:27310	MONDO:0014837	biolink:causes	0
0.849564	HGNC:27310	MONDO:0008542	biolink:causes	0
0.94607013	HGNC:20105	MONDO:0054737	biolink:causes	0
0.99295527	HGNC:20105	MONDO:0009477	biolink:causes	0
0.26082498	HGNC:3801	MONDO:0013587	biolink:gene_associated_with_condition	0
0.8523199	HGNC:3811	MONDO:0009490	biolink:gene_associated_with_condition	0
0.7571267	HGNC:3811	MONDO:0010046	biolink:gene_associated_with_condition	0
0.7083886	HGNC:1162	MONDO:0008179	biolink:causes	0
0.93001616	HGNC:1162	MONDO:0008546	biolink:causes	0
0.8996063	HGNC:1162	MONDO:0014222	biolink:causes	0
0.8722671	HGNC:19185	MONDO:0033200	biolink:causes	0
0.7971248	HGNC:19185	MONDO:0021573	biolink:causes	0
0.8821258	HGNC:19185	MONDO:0009168	biolink:causes	0
0.8873059	HGNC:19185	MONDO:0007086	biolink:causes	0
0.8328923	HGNC:23399	MONDO:0008153	biolink:causes	0
0.18453847	HGNC:4017	MONDO:0032927	biolink:causes	0
0.409943	HGNC:4042	MONDO:0012276	biolink:causes	0
0.4108814	HGNC:4042	MONDO:0009414	biolink:causes	0
0.66583854	HGNC:4042	MONDO:0024457	biolink:causes	0
0.9229262	HGNC:4507	MONDO:0019374	biolink:contributes_to	0
0.27624303	HGNC:4082	MONDO:0009411	biolink:causes	0
0.7948752	HGNC:4162	MONDO:0009683	biolink:gene_associated_with_condition	0
0.96931636	HGNC:4162	MONDO:0014343	biolink:gene_associated_with_condition	0
0.40812355	HGNC:4162	MONDO:0100186	biolink:causes	0
0.9606092	HGNC:4162	MONDO:0008377	biolink:causes	0
0.5717979	HGNC:4162	MONDO:0008818	biolink:causes	0
0.764295	HGNC:4162	MONDO:0011226	biolink:gene_associated_with_condition	0
0.7212263	HGNC:4165	MONDO:8000011	biolink:gene_associated_with_condition	0
0.8071801	HGNC:4170	MONDO:0012041	biolink:gene_associated_with_condition	0
0.50737244	HGNC:4170	MONDO:0017403	biolink:gene_associated_with_condition	0
0.33144668	HGNC:30778	MONDO:0008818	biolink:causes	0
0.9124897	HGNC:4177	MONDO:0007495	biolink:gene_associated_with_condition	0
0.94766134	HGNC:4177	MONDO:0013431	biolink:causes	0
0.9565568	HGNC:4177	MONDO:0014343	biolink:causes	0
0.8144985	HGNC:4177	MONDO:0032712	biolink:gene_associated_with_condition	0
0.8572952	HGNC:4180	MONDO:0009877	biolink:gene_associated_with_condition	0
0.78387845	HGNC:4180	MONDO:0010133	biolink:gene_associated_with_condition	0
0.7920593	HGNC:4180	MONDO:0859226	biolink:gene_associated_with_condition	0
0.50392425	HGNC:4198	MONDO:0007648	biolink:causes	0
0.89750177	HGNC:4298	MONDO:0044306	biolink:causes	0
0.9223847	HGNC:4298	MONDO:0007922	biolink:gene_associated_with_condition	0
0.886588	HGNC:4331	MONDO:0017403	biolink:causes	0
0.7800163	HGNC:4392	MONDO:0009925	biolink:gene_associated_with_condition	0
0.76504683	HGNC:4392	MONDO:0011473	biolink:causes	0
0.7717435	HGNC:4392	MONDO:0012165	biolink:causes	0
0.8586128	HGNC:4392	MONDO:0011464	biolink:gene_associated_with_condition	0
0.8740893	HGNC:4392	MONDO:0010246	biolink:gene_associated_with_condition	0
0.8660922	HGNC:4392	MONDO:0032933	biolink:gene_associated_with_condition	0
0.41631752	HGNC:4454	MONDO:0957584	biolink:gene_associated_with_condition	0
0.89052725	HGNC:4454	MONDO:0014830	biolink:gene_associated_with_condition	0
0.8648453	HGNC:4556	MONDO:0014968	biolink:causes	0
0.6622244	HGNC:25839	MONDO:0009079	biolink:gene_associated_with_condition	0
0.5532258	HGNC:25839	MONDO:0013743	biolink:gene_associated_with_condition	0
0.49921587	HGNC:25839	MONDO:0026777	biolink:gene_associated_with_condition	0
0.49942565	HGNC:4572	MONDO:0009495	biolink:causes	0
0.26250497	HGNC:4572	MONDO:0010947	biolink:causes	0
0.14270449	HGNC:4688	MONDO:0032835	biolink:causes	0
0.15175077	HGNC:4688	MONDO:0015783	biolink:causes	0
0.2394377	HGNC:4707	MONDO:0007589	biolink:causes	0
0.47333482	HGNC:4707	MONDO:0054802	biolink:gene_associated_with_condition	0
0.24250413	HGNC:4707	MONDO:0013178	biolink:gene_associated_with_condition	0
0.27334043	HGNC:4798	MONDO:0030007	biolink:contributes_to	0
0.7290142	HGNC:4827	MONDO:0100600	biolink:gene_associated_with_condition	0
0.983524	HGNC:13315	MONDO:0032855	biolink:gene_associated_with_condition	0
0.9682921	HGNC:4877	MONDO:0027451	biolink:gene_associated_with_condition	0
0.8305633	HGNC:4877	MONDO:0009929	biolink:gene_associated_with_condition	0
0.86243594	HGNC:4877	MONDO:0060457	biolink:gene_associated_with_condition	0
0.90183747	HGNC:4922	MONDO:0008963	biolink:causes	0
0.074965864	HGNC:4922	MONDO:0017901	biolink:causes	0
0.9020605	HGNC:4922	MONDO:0020512	biolink:causes	0
0.8893799	HGNC:5009	MONDO:0010501	biolink:gene_associated_with_condition	0
0.68866545	HGNC:5004	MONDO:0100219	biolink:causes	0
0.8712038	HGNC:5006	MONDO:0008377	biolink:causes	0
0.38607186	HGNC:5006	MONDO:0019758	biolink:causes	0
0.6602593	HGNC:5006	MONDO:0008542	biolink:causes	0
0.7833749	HGNC:5031	MONDO:0007794	biolink:causes	0
0.78608	HGNC:5048	MONDO:0008542	biolink:causes	0
0.93103826	HGNC:5136	MONDO:0700250	biolink:gene_associated_with_condition	0
0.3470362	HGNC:5136	MONDO:0054724	biolink:causes	0
0.041772842	HGNC:5136	MONDO:0957583	biolink:gene_associated_with_condition	0
0.085780635	HGNC:4851	MONDO:0044617	biolink:gene_associated_with_condition	0
0.92906946	HGNC:24587	MONDO:0014343	biolink:causes	0
0.7560789	HGNC:24587	MONDO:0014779	biolink:causes	0
0.5992684	HGNC:5385	MONDO:0007363	biolink:causes	0
0.8104929	HGNC:5385	MONDO:0010963	biolink:causes	0
0.89305925	HGNC:5385	MONDO:0014343	biolink:causes	0
0.77614766	HGNC:5385	MONDO:0017729	biolink:causes	0
0.9422366	HGNC:5389	MONDO:0007922	biolink:gene_associated_with_condition	0
0.89915943	HGNC:16644	MONDO:0011540	biolink:causes	0
0.7770798	HGNC:18626	MONDO:0013171	biolink:causes	0
0.36326927	HGNC:33882	MONDO:0011411	biolink:causes	0
0.6563632	HGNC:24555	MONDO:0009796	biolink:causes	0
0.39683008	HGNC:24555	MONDO:0020434	biolink:causes	0
0.9803444	HGNC:9853	MONDO:0014343	biolink:causes	0
0.9902794	HGNC:9853	MONDO:0007404	biolink:causes	0
0.30703595	HGNC:28949	MONDO:0012043	biolink:causes	0
0.7959029	HGNC:29350	MONDO:0012039	biolink:causes	0
0.31628048	HGNC:29350	MONDO:0016461	biolink:causes	0
0.10209474	HGNC:6120	MONDO:0032677	biolink:gene_associated_with_condition	0
0.8759468	HGNC:5358	MONDO:0016682	biolink:causes	0
0.89128774	HGNC:5358	MONDO:0008542	biolink:causes	0
0.9111462	HGNC:28660	MONDO:0017052	biolink:gene_associated_with_condition	0
0.039183065	HGNC:6174	MONDO:0017389	biolink:gene_associated_with_condition	0
0.4835248	HGNC:6174	MONDO:0012925	biolink:gene_associated_with_condition	0
0.85840243	HGNC:6180	MONDO:0014261	biolink:gene_associated_with_condition	0
0.7815684	HGNC:6182	MONDO:0033006	biolink:causes	0
0.7908335	HGNC:6182	MONDO:0008542	biolink:causes	0
0.5311606	HGNC:16951	MONDO:0014131	biolink:causes	0
0.7561054	HGNC:16951	MONDO:0015278	biolink:causes	0
0.9176907	HGNC:6188	MONDO:0030931	biolink:gene_associated_with_condition	0
0.30950606	HGNC:6192	MONDO:0011937	biolink:causes	0
0.45744818	HGNC:6192	MONDO:0014948	biolink:causes	0
0.46790382	HGNC:6192	MONDO:0030060	biolink:gene_associated_with_condition	0
0.81434524	HGNC:6207	MONDO:0009461	biolink:causes	0
0.73252445	HGNC:6207	MONDO:0010217	biolink:causes	0
0.72092015	HGNC:6207	MONDO:0011085	biolink:gene_associated_with_condition	0
0.5530094	HGNC:6207	MONDO:0011136	biolink:gene_associated_with_condition	0
0.2831604	HGNC:6207	MONDO:0008818	biolink:gene_associated_with_condition	0
0.36258954	HGNC:6207	MONDO:0012786	biolink:gene_associated_with_condition	0
0.026449218	HGNC:6207	MONDO:0020611	biolink:gene_associated_with_condition	0
0.25793114	HGNC:6215	MONDO:0014425	biolink:causes	0
0.917864	HGNC:6263	MONDO:0032712	biolink:gene_associated_with_condition	0
0.7429903	HGNC:6257	MONDO:0032906	biolink:causes	0
0.7535356	HGNC:6257	MONDO:0026733	biolink:causes	0
0.53844386	HGNC:1337	MONDO:0014532	biolink:gene_associated_with_condition	0
0.7723861	HGNC:1337	MONDO:0044718	biolink:gene_associated_with_condition	0
0.58658403	HGNC:6320	MONDO:0009053	biolink:causes	0
0.37653056	HGNC:6365	MONDO:0014583	biolink:causes	0
0.32015923	HGNC:6412	MONDO:0004951	biolink:gene_associated_with_condition	0
0.5727735	HGNC:6416	MONDO:0036212	biolink:causes	0
0.44552648	HGNC:6416	MONDO:0008964	biolink:gene_associated_with_condition	0
0.34606224	HGNC:6463	MONDO:0007862	biolink:causes	0
0.04332213	HGNC:6481	MONDO:0035823	biolink:gene_associated_with_condition	0
0.7464348	HGNC:6481	MONDO:0015096	biolink:causes	0
0.8984462	HGNC:6481	MONDO:0859335	biolink:gene_associated_with_condition	0
0.78905904	HGNC:6481	MONDO:0011066	biolink:causes	0
0.14164606	HGNC:6487	MONDO:0013083	biolink:gene_associated_with_condition	0
0.82880694	HGNC:6487	MONDO:0014981	biolink:gene_associated_with_condition	0
0.8237781	HGNC:6541	MONDO:0009279	biolink:gene_associated_with_condition	0
0.9322243	HGNC:6541	MONDO:0014343	biolink:gene_associated_with_condition	0
0.7211845	HGNC:6541	MONDO:0859295	biolink:gene_associated_with_condition	0
0.18795958	HGNC:6541	MONDO:0007137	biolink:gene_associated_with_condition	0
0.7377475	HGNC:6541	MONDO:0007922	biolink:gene_associated_with_condition	0
0.08572441	HGNC:6585	MONDO:0008684	biolink:gene_associated_with_condition	0
0.20000324	HGNC:19263	MONDO:0008705	biolink:causes	0
0.9098915	HGNC:6636	MONDO:0018336	biolink:gene_associated_with_condition	0
0.2492584	HGNC:6636	MONDO:0019458	biolink:gene_associated_with_condition	0
0.8415199	HGNC:6636	MONDO:0044626	biolink:gene_associated_with_condition	0
0.87416273	HGNC:6636	MONDO:0009820	biolink:causes	0
0.6966829	HGNC:6636	MONDO:0009414	biolink:causes	0
0.9232561	HGNC:13869	MONDO:0014060	biolink:causes	0
0.96105546	HGNC:13869	MONDO:0019758	biolink:causes	0
0.966568	HGNC:13869	MONDO:0007922	biolink:causes	0
0.905221	HGNC:13869	MONDO:0011630	biolink:causes	0
0.7451004	HGNC:15714	MONDO:0008817	biolink:causes	0
0.84130055	HGNC:6717	MONDO:0017947	biolink:causes	0
0.24230364	HGNC:21173	MONDO:0971178	biolink:causes	0
0.8482679	HGNC:6742	MONDO:0009527	biolink:causes	0
0.8583971	HGNC:6742	MONDO:0008501	biolink:causes	0
0.8135803	HGNC:6742	MONDO:0012222	biolink:causes	0
0.95261633	HGNC:6814	MONDO:0009031	biolink:gene_associated_with_condition	0
0.8335204	HGNC:6814	MONDO:0013843	biolink:gene_associated_with_condition	0
0.6191999	HGNC:6814	MONDO:0957584	biolink:gene_associated_with_condition	0
0.97890717	HGNC:6814	MONDO:0009820	biolink:gene_associated_with_condition	0
0.97583413	HGNC:6814	MONDO:0014132	biolink:gene_associated_with_condition	0
0.9819311	HGNC:6814	MONDO:0044306	biolink:gene_associated_with_condition	0
0.017082779	HGNC:17811	MONDO:0011237	biolink:gene_associated_with_condition	0
0.04217316	HGNC:17811	MONDO:0020482	biolink:gene_associated_with_condition	0
0.8411402	HGNC:25240	MONDO:0014343	biolink:causes	0
0.40588135	HGNC:25240	MONDO:0010356	biolink:causes	0
0.49975264	HGNC:25240	MONDO:0054763	biolink:gene_associated_with_condition	0
0.8983979	HGNC:573	MONDO:0014343	biolink:causes	0
0.45814884	HGNC:573	MONDO:0010013	biolink:gene_associated_with_condition	0
0.35654035	HGNC:573	MONDO:0015041	biolink:gene_associated_with_condition	0
0.54782045	HGNC:573	MONDO:0011156	biolink:causes	0
0.24053304	HGNC:573	MONDO:0008762	biolink:gene_associated_with_condition	0
0.9469015	HGNC:620	MONDO:0014343	biolink:gene_associated_with_condition	0
0.76319337	HGNC:620	MONDO:0020507	biolink:gene_associated_with_condition	0
0.32291874	HGNC:620	MONDO:0000914	biolink:gene_associated_with_condition	0
0.64107573	HGNC:620	MONDO:0013896	biolink:gene_associated_with_condition	0
0.41381118	HGNC:620	MONDO:0013170	biolink:gene_associated_with_condition	0
0.655641	HGNC:620	MONDO:0032592	biolink:gene_associated_with_condition	0
0.81324214	HGNC:634	MONDO:0019828	biolink:causes	0
0.9197991	HGNC:14103	MONDO:0014343	biolink:gene_associated_with_condition	0
0.36522704	HGNC:23045	MONDO:0008377	biolink:causes	0
0.24481647	HGNC:18060	MONDO:0011102	biolink:causes	0
0.18763652	HGNC:738	MONDO:0024541	biolink:gene_associated_with_condition	0
0.8553213	HGNC:23805	MONDO:0015519	biolink:gene_associated_with_condition	0
0.84963363	HGNC:23805	MONDO:0007922	biolink:gene_associated_with_condition	0
0.05416138	HGNC:24007	MONDO:0008274	biolink:gene_associated_with_condition	0
0.5712189	HGNC:779	MONDO:0018611	biolink:causes	0
0.3531306	HGNC:800	MONDO:0014338	biolink:causes	0
0.7701557	HGNC:6842	MONDO:0031084	biolink:causes	0
0.84637886	HGNC:6842	MONDO:0032728	biolink:causes	0
0.7092497	HGNC:6859	MONDO:0019669	biolink:causes	0
0.7794251	HGNC:6859	MONDO:0013418	biolink:causes	0
0.8335679	HGNC:6859	MONDO:0014518	biolink:causes	0
0.7482345	HGNC:15455	MONDO:0007163	biolink:gene_associated_with_condition	0
0.9891515	HGNC:15455	MONDO:0020602	biolink:causes	0
0.9103531	HGNC:15455	MONDO:0015520	biolink:causes	0
0.8290116	HGNC:15455	MONDO:0037149	biolink:gene_associated_with_condition	0
0.03078957	HGNC:40050	MONDO:0044651	biolink:causes	0
0.79003835	HGNC:13356	MONDO:0014343	biolink:causes	0
0.84664077	HGNC:13356	MONDO:0030910	biolink:causes	0
0.48893362	HGNC:13356	MONDO:0024541	biolink:causes	0
0.8661762	HGNC:28870	MONDO:0009871	biolink:causes	0
0.84027135	HGNC:6970	MONDO:0014343	biolink:causes	0
0.64904624	HGNC:6970	MONDO:0009609	biolink:causes	0
0.5131339	HGNC:6970	MONDO:0014480	biolink:causes	0
0.48310086	HGNC:7001	MONDO:0100119	biolink:gene_associated_with_condition	0
0.5110608	HGNC:7001	MONDO:0013110	biolink:gene_associated_with_condition	0
0.94588566	HGNC:16205	MONDO:0010477	biolink:causes	0
0.93949205	HGNC:16205	MONDO:0032726	biolink:causes	0
0.48286828	HGNC:7103	MONDO:0011819	biolink:gene_associated_with_condition	0
0.34814343	HGNC:7103	MONDO:0018114	biolink:gene_associated_with_condition	0
0.51656926	HGNC:7103	MONDO:0012382	biolink:gene_associated_with_condition	0
0.48445833	HGNC:7103	MONDO:0014230	biolink:gene_associated_with_condition	0
0.9264027	HGNC:31582	MONDO:0009354	biolink:causes	0
0.58063614	HGNC:7127	MONDO:0011361	biolink:causes	0
0.61050075	HGNC:7127	MONDO:0060621	biolink:causes	0
0.96245164	HGNC:24525	MONDO:0014686	biolink:causes	0
0.5868419	HGNC:7154	MONDO:0010659	biolink:causes	0
0.629197	HGNC:7154	MONDO:0030440	biolink:causes	0
0.67932135	HGNC:7154	MONDO:0007068	biolink:causes	0
0.3445095	HGNC:7154	MONDO:0018393	biolink:gene_associated_with_condition	0
0.64445204	HGNC:14049	MONDO:0008222	biolink:causes	0
0.7498182	HGNC:14049	MONDO:0008542	biolink:causes	0
0.72926605	HGNC:14049	MONDO:0009266	biolink:causes	0
0.76209843	HGNC:7326	MONDO:0008542	biolink:causes	0
0.40223238	HGNC:29678	MONDO:0012091	biolink:causes	0
0.77344066	HGNC:29678	MONDO:0018436	biolink:causes	0
0.49824417	HGNC:7490	MONDO:0975754	biolink:gene_associated_with_condition	0
0.1885593	HGNC:7450	MONDO:0014027	biolink:gene_associated_with_condition	0
0.809028	HGNC:7450	MONDO:0008377	biolink:gene_associated_with_condition	0
0.9183594	HGNC:26784	MONDO:0010631	biolink:causes	0
0.82847583	HGNC:26784	MONDO:0009513	biolink:gene_associated_with_condition	0
0.8955793	HGNC:26784	MONDO:0014648	biolink:gene_associated_with_condition	0
0.8450779	HGNC:7569	MONDO:0010803	biolink:causes	0
0.6111976	HGNC:7569	MONDO:0012039	biolink:gene_associated_with_condition	0
0.8689516	HGNC:7569	MONDO:0971172	biolink:gene_associated_with_condition	0
0.4498396	HGNC:7590	MONDO:0008005	biolink:causes	0
0.63362515	HGNC:7623	MONDO:0013212	biolink:gene_associated_with_condition	0
0.9205832	HGNC:7631	MONDO:0011743	biolink:gene_associated_with_condition	0
0.8101849	HGNC:7631	MONDO:0032584	biolink:gene_associated_with_condition	0
0.9572945	HGNC:7631	MONDO:0035819	biolink:gene_associated_with_condition	0
0.99927205	HGNC:7631	MONDO:0007922	biolink:gene_associated_with_condition	0
0.98926187	HGNC:19082	MONDO:0012718	biolink:gene_associated_with_condition	0
0.3535115	HGNC:28952	MONDO:0016710	biolink:causes	0
0.21887389	HGNC:7662	MONDO:0030915	biolink:causes	0
0.40027297	HGNC:7662	MONDO:0007922	biolink:causes	0
0.5375634	HGNC:7679	MONDO:0011017	biolink:gene_associated_with_condition	0
0.6679285	HGNC:7693	MONDO:0008673	biolink:causes	0
0.76092947	HGNC:7693	MONDO:0011125	biolink:causes	0
0.5807521	HGNC:9706	MONDO:0018092	biolink:gene_associated_with_condition	0
0.030243455	HGNC:9706	MONDO:0044617	biolink:gene_associated_with_condition	0
0.89480454	HGNC:7739	MONDO:0030910	biolink:gene_associated_with_condition	0
0.75082505	HGNC:7739	MONDO:0014717	biolink:gene_associated_with_condition	0
0.86444366	HGNC:29433	MONDO:0013111	biolink:causes	0
0.7899633	HGNC:7821	MONDO:0014343	biolink:gene_associated_with_condition	0
0.29080698	HGNC:7821	MONDO:0008684	biolink:gene_associated_with_condition	0
0.6438725	HGNC:7821	MONDO:0011740	biolink:gene_associated_with_condition	0
0.28065574	HGNC:7821	MONDO:0044306	biolink:gene_associated_with_condition	0
0.55322856	HGNC:7821	MONDO:0011790	biolink:gene_associated_with_condition	0
0.6168748	HGNC:2488	MONDO:0030055	biolink:causes	0
0.5981322	HGNC:2488	MONDO:0014184	biolink:causes	0
0.050191987	HGNC:2488	MONDO:0600030	biolink:causes	0
0.7177796	HGNC:2488	MONDO:0013482	biolink:causes	0
0.8739284	HGNC:951	MONDO:0007931	biolink:causes	0
0.7294728	HGNC:951	MONDO:0013487	biolink:causes	0
0.8994299	HGNC:951	MONDO:0032915	biolink:causes	0
0.9463323	HGNC:951	MONDO:0014942	biolink:causes	0
0.68155193	HGNC:16400	MONDO:0014121	biolink:gene_associated_with_condition	0
0.7897546	HGNC:16400	MONDO:0021573	biolink:causes	0
0.75730646	HGNC:16400	MONDO:0010848	biolink:gene_associated_with_condition	0
0.09664008	HGNC:22938	MONDO:0011397	biolink:gene_associated_with_condition	0
0.84036773	HGNC:22448	MONDO:0008377	biolink:causes	0
0.8048344	HGNC:22448	MONDO:0033008	biolink:causes	0
0.25511467	HGNC:5331	MONDO:0044701	biolink:contributes_to	0
0.66102123	HGNC:5331	MONDO:0011226	biolink:contributes_to	0
0.39306924	HGNC:14378	MONDO:0024264	biolink:causes	0
0.6753241	HGNC:7881	MONDO:0032728	biolink:causes	0
0.7492342	HGNC:14537	MONDO:0014397	biolink:gene_associated_with_condition	0
0.32413253	HGNC:14537	MONDO:0011908	biolink:gene_associated_with_condition	0
0.98612404	HGNC:7945	MONDO:0013431	biolink:causes	0
0.9499667	HGNC:7945	MONDO:0011017	biolink:causes	0
0.87920856	HGNC:7945	MONDO:0008332	biolink:causes	0
0.76679224	HGNC:7983	MONDO:0014343	biolink:causes	0
0.8941024	HGNC:13398	MONDO:0012041	biolink:causes	0
0.089905776	HGNC:13398	MONDO:0033980	biolink:causes	0
0.80205566	HGNC:13398	MONDO:0032853	biolink:causes	0
0.75909805	HGNC:7677	MONDO:0009279	biolink:causes	0
0.7725005	HGNC:7677	MONDO:0010907	biolink:causes	0
0.76783985	HGNC:7677	MONDO:0030875	biolink:causes	0
0.8027048	HGNC:8028	MONDO:0010441	biolink:causes	0
0.6431653	HGNC:8028	MONDO:0013357	biolink:causes	0
0.7189278	HGNC:8028	MONDO:0013473	biolink:gene_associated_with_condition	0
0.7572621	HGNC:8028	MONDO:0018280	biolink:gene_associated_with_condition	0
0.76921016	HGNC:8028	MONDO:0012734	biolink:causes	0
0.15417792	HGNC:8091	MONDO:0014573	biolink:gene_associated_with_condition	0
0.6586974	HGNC:8091	MONDO:0032817	biolink:gene_associated_with_condition	0
0.7955056	HGNC:8487	MONDO:0011489	biolink:causes	0
0.32733372	HGNC:18124	MONDO:0032937	biolink:causes	0
0.9509347	HGNC:19317	MONDO:0014132	biolink:causes	0
0.9270898	HGNC:19317	MONDO:0957807	biolink:causes	0
0.9335518	HGNC:19317	MONDO:0013034	biolink:causes	0
0.17077012	HGNC:8582	MONDO:0011971	biolink:gene_associated_with_condition	0
0.10625188	HGNC:8582	MONDO:0008306	biolink:gene_associated_with_condition	0
0.4550718	HGNC:8591	MONDO:0008881	biolink:causes	0
0.5828678	HGNC:8591	MONDO:0032653	biolink:causes	0
0.68379515	HGNC:8591	MONDO:0014822	biolink:causes	0
0.5346365	HGNC:30563	MONDO:0011822	biolink:causes	0
0.8916376	HGNC:8617	MONDO:0008377	biolink:causes	0
0.88437253	HGNC:8617	MONDO:0700343	biolink:causes	0
0.898454	HGNC:8778	MONDO:0010183	biolink:causes	0
0.81882215	HGNC:8778	MONDO:0012039	biolink:causes	0
0.7749064	HGNC:8778	MONDO:0014627	biolink:causes	0
0.45899463	HGNC:8778	MONDO:0010870	biolink:causes	0
0.39920837	HGNC:8787	MONDO:0017833	biolink:causes	0
0.4865066	HGNC:8787	MONDO:0009050	biolink:causes	0
0.9288857	HGNC:8804	MONDO:0009079	biolink:causes	0
0.9346778	HGNC:8804	MONDO:0032822	biolink:causes	0
0.16853519	HGNC:6107	MONDO:0014550	biolink:causes	0
0.47056642	HGNC:8858	MONDO:0100180	biolink:causes	0
0.63723516	HGNC:8858	MONDO:0008818	biolink:causes	0
0.7287778	HGNC:9713	MONDO:0010135	biolink:gene_associated_with_condition	0
0.1803608	HGNC:8881	MONDO:0019644	biolink:causes	0
0.9369908	HGNC:25712	MONDO:0032937	biolink:gene_associated_with_condition	0
0.38229614	HGNC:9143	MONDO:0007340	biolink:gene_associated_with_condition	0
0.19675453	HGNC:9143	MONDO:0014900	biolink:gene_associated_with_condition	0
0.4836778	HGNC:9143	MONDO:0009998	biolink:gene_associated_with_condition	0
0.93655115	HGNC:14937	MONDO:0014490	biolink:causes	0
0.80980724	HGNC:8979	MONDO:0015679	biolink:causes	0
0.9130577	HGNC:8999	MONDO:0012859	biolink:causes	0
0.20370421	HGNC:9052	MONDO:0011017	biolink:gene_associated_with_condition	0
0.69909763	HGNC:9069	MONDO:0010315	biolink:causes	0
0.8957032	HGNC:9069	MONDO:0011570	biolink:gene_associated_with_condition	0
0.80167574	HGNC:9069	MONDO:0014718	biolink:gene_associated_with_condition	0
0.9780471	HGNC:9081	MONDO:0011335	biolink:causes	0
0.8776852	HGNC:9081	MONDO:0020512	biolink:causes	0
0.035917126	HGNC:22954	MONDO:0012395	biolink:causes	0
0.8760452	HGNC:9175	MONDO:0014455	biolink:causes	0
0.92284447	HGNC:9179	MONDO:0013678	biolink:causes	0
0.07878412	HGNC:9181	MONDO:0015597	biolink:causes	0
0.70585525	HGNC:30348	MONDO:0011450	biolink:gene_associated_with_condition	0
0.96974784	HGNC:9202	MONDO:0032687	biolink:gene_associated_with_condition	0
0.9268363	HGNC:9210	MONDO:0008720	biolink:causes	0
0.8322243	HGNC:25686	MONDO:0008377	biolink:causes	0
0.27323067	HGNC:25686	MONDO:0017947	biolink:causes	0
0.25428435	HGNC:25686	MONDO:0014296	biolink:causes	0
0.5958726	HGNC:9282	MONDO:0012295	biolink:causes	0
0.5303928	HGNC:9282	MONDO:0012197	biolink:causes	0
0.7534202	HGNC:9282	MONDO:0060556	biolink:causes	0
0.9261527	HGNC:9330	MONDO:0009359	biolink:gene_associated_with_condition	0
0.7395584	HGNC:9330	MONDO:0014853	biolink:gene_associated_with_condition	0
0.23574328	HGNC:9456	MONDO:0010169	biolink:causes	0
0.77025133	HGNC:9456	MONDO:0018324	biolink:causes	0
0.885905	HGNC:9462	MONDO:0032799	biolink:gene_associated_with_condition	0
0.6172749	HGNC:9588	MONDO:0032906	biolink:contributes_to	0
0.25093082	HGNC:9588	MONDO:0975746	biolink:gene_associated_with_condition	0
0.60679954	HGNC:23734	MONDO:0007205	biolink:causes	0
0.50727266	HGNC:9701	MONDO:0010227	biolink:gene_associated_with_condition	0
0.65867996	HGNC:9701	MONDO:0054763	biolink:gene_associated_with_condition	0
0.09277431	HGNC:15508	MONDO:0044617	biolink:causes	0
0.7197115	HGNC:816	MONDO:0032636	biolink:gene_associated_with_condition	0
0.85574937	HGNC:18305	MONDO:0030878	biolink:gene_associated_with_condition	0
0.9015407	HGNC:854	MONDO:0032705	biolink:causes	0
0.2492786	HGNC:3706	MONDO:0014319	biolink:gene_associated_with_condition	0
0.6935148	HGNC:7106	MONDO:0012669	biolink:gene_associated_with_condition	0
0.62673706	HGNC:7106	MONDO:0009714	biolink:gene_associated_with_condition	0
0.788168	HGNC:904	MONDO:0014093	biolink:causes	0
0.85758454	HGNC:966	MONDO:0009839	biolink:causes	0
0.8022598	HGNC:983	MONDO:0008377	biolink:gene_associated_with_condition	0
0.7638489	HGNC:12703	MONDO:0014343	biolink:gene_associated_with_condition	0
0.952165	HGNC:1044	MONDO:0009215	biolink:causes	0
0.9844254	HGNC:1044	MONDO:0011783	biolink:gene_associated_with_condition	0
0.9940532	HGNC:1044	MONDO:0013323	biolink:causes	0
0.89286405	HGNC:1044	MONDO:0009885	biolink:causes	0
0.92168075	HGNC:1044	MONDO:0958180	biolink:causes	0
0.9210621	HGNC:1044	MONDO:0007574	biolink:gene_associated_with_condition	0
0.8980956	HGNC:21701	MONDO:0012559	biolink:causes	0
0.95176625	HGNC:24713	MONDO:0014864	biolink:gene_associated_with_condition	0
0.97992104	HGNC:24713	MONDO:0971172	biolink:gene_associated_with_condition	0
0.7445692	HGNC:9832	MONDO:0008995	biolink:causes	0
0.5317181	HGNC:9832	MONDO:0100294	biolink:causes	0
0.10099039	HGNC:9832	MONDO:0032686	biolink:causes	0
0.75163764	HGNC:9832	MONDO:0009300	biolink:causes	0
0.66910976	HGNC:9832	MONDO:0030361	biolink:causes	0
0.8034568	HGNC:9970	MONDO:0008377	biolink:gene_associated_with_condition	0
0.5976457	HGNC:9970	MONDO:0009053	biolink:gene_associated_with_condition	0
0.50021607	HGNC:9970	MONDO:0013193	biolink:gene_associated_with_condition	0
0.8038168	HGNC:9990	MONDO:0018656	biolink:causes	0
0.50485706	HGNC:9990	MONDO:0019947	biolink:causes	0
0.70273495	HGNC:9990	MONDO:0020345	biolink:causes	0
0.6596708	HGNC:9990	MONDO:0014586	biolink:causes	0
0.6329413	HGNC:10019	MONDO:0007681	biolink:causes	0
0.52412033	HGNC:10019	MONDO:0014093	biolink:causes	0
0.71438277	HGNC:10023	MONDO:0009109	biolink:causes	0
0.722059	HGNC:10023	MONDO:0012421	biolink:causes	0
0.9676183	HGNC:10031	MONDO:0010277	biolink:gene_associated_with_condition	0
0.9778366	HGNC:10031	MONDO:0009216	biolink:gene_associated_with_condition	0
0.50607854	HGNC:10258	MONDO:0007740	biolink:causes	0
0.888118	HGNC:10298	MONDO:0008377	biolink:causes	0
0.5288885	HGNC:10298	MONDO:0008740	biolink:causes	0
0.7397655	HGNC:10298	MONDO:0013208	biolink:causes	0
0.51647323	HGNC:10303	MONDO:0000908	biolink:gene_associated_with_condition	0
0.71805567	HGNC:10327	MONDO:0013216	biolink:causes	0
0.50615144	HGNC:21054	MONDO:0033556	biolink:causes	0
0.9822222	HGNC:28583	MONDO:0010655	biolink:causes	0
0.30937418	HGNC:10484	MONDO:0007949	biolink:gene_associated_with_condition	0
0.9041211	HGNC:21637	MONDO:0958071	biolink:gene_associated_with_condition	0
0.7198797	HGNC:10542	MONDO:0007875	biolink:gene_associated_with_condition	0
0.956054	HGNC:10597	MONDO:0859312	biolink:gene_associated_with_condition	0
0.9159979	HGNC:10597	MONDO:0032899	biolink:gene_associated_with_condition	0
0.8755538	HGNC:10597	MONDO:0010856	biolink:gene_associated_with_condition	0
0.8866193	HGNC:17052	MONDO:0032624	biolink:causes	0
0.7041713	HGNC:17052	MONDO:0032741	biolink:causes	0
0.12015378	HGNC:10727	MONDO:0850078	biolink:causes	0
0.97423923	HGNC:10818	MONDO:0009213	biolink:causes	0
0.9374835	HGNC:10818	MONDO:0014341	biolink:causes	0
0.6289981	HGNC:14294	MONDO:0009379	biolink:gene_associated_with_condition	0
0.17680396	HGNC:26535	MONDO:0044313	biolink:gene_associated_with_condition	0
0.9543658	HGNC:10896	MONDO:0009215	biolink:causes	0
0.71027577	HGNC:10939	MONDO:0014343	biolink:gene_associated_with_condition	0
0.621788	HGNC:10941	MONDO:0014267	biolink:causes	0
0.91273004	HGNC:11006	MONDO:0011338	biolink:causes	0
0.68868154	HGNC:11030	MONDO:0014620	biolink:causes	0
0.6548587	HGNC:11052	MONDO:0054802	biolink:causes	0
0.86362106	HGNC:11056	MONDO:0035651	biolink:gene_associated_with_condition	0
0.8339495	HGNC:11079	MONDO:0011106	biolink:causes	0
0.9375848	HGNC:23088	MONDO:0014227	biolink:causes	0
0.8253644	HGNC:23088	MONDO:0009061	biolink:causes	0
0.99821633	HGNC:23088	MONDO:0800436	biolink:causes	0
0.73320764	HGNC:13818	MONDO:0013390	biolink:causes	0
0.70076674	HGNC:10922	MONDO:0029140	biolink:causes	0
0.75106746	HGNC:10922	MONDO:0014206	biolink:causes	0
0.60791314	HGNC:8818	MONDO:0032778	biolink:causes	0
0.73107284	HGNC:8818	MONDO:0017360	biolink:gene_associated_with_condition	0
0.79343504	HGNC:23096	MONDO:0009857	biolink:causes	0
0.930239	HGNC:23096	MONDO:0014392	biolink:causes	0
0.5989197	HGNC:25355	MONDO:0012559	biolink:gene_associated_with_condition	0
0.572788	HGNC:25355	MONDO:0014343	biolink:gene_associated_with_condition	0
0.2750786	HGNC:25355	MONDO:0009104	biolink:gene_associated_with_condition	0
0.7925725	HGNC:11018	MONDO:0013243	biolink:causes	0
0.20175667	HGNC:11020	MONDO:0012041	biolink:causes	0
0.4876499	HGNC:11020	MONDO:0010232	biolink:causes	0
0.5842853	HGNC:11020	MONDO:0018417	biolink:causes	0
0.04545081	HGNC:11020	MONDO:0034991	biolink:causes	0
0.8295352	HGNC:17129	MONDO:0014072	biolink:gene_associated_with_condition	0
0.8838178	HGNC:20858	MONDO:0060707	biolink:causes	0
0.49564868	HGNC:30225	MONDO:0014883	biolink:gene_associated_with_condition	0
0.90471303	HGNC:6768	MONDO:0013853	biolink:causes	0
0.3246106	HGNC:6770	MONDO:0019921	biolink:causes	0
0.14715251	HGNC:6770	MONDO:0012085	biolink:causes	0
0.665699	HGNC:6770	MONDO:0032871	biolink:gene_associated_with_condition	0
0.61528426	HGNC:6770	MONDO:0012520	biolink:causes	0
0.6526011	HGNC:6770	MONDO:0015096	biolink:causes	0
0.86493427	HGNC:6770	MONDO:0017218	biolink:causes	0
0.9456769	HGNC:6770	MONDO:0008542	biolink:causes	0
0.61467344	HGNC:44204	MONDO:0033556	biolink:causes	0
0.9229057	HGNC:20323	MONDO:0008377	biolink:causes	0
0.90325433	HGNC:20323	MONDO:0007380	biolink:causes	0
0.5886989	HGNC:30859	MONDO:0019150	biolink:causes	0
0.4693877	HGNC:30859	MONDO:0014238	biolink:causes	0
0.542788	HGNC:1331	MONDO:0014343	biolink:causes	0
0.07118291	HGNC:1331	MONDO:0025354	biolink:causes	0
0.9297256	HGNC:1373	MONDO:0010281	biolink:gene_associated_with_condition	0
0.40702394	HGNC:1445	MONDO:0011667	biolink:causes	0
0.2367473	HGNC:1445	MONDO:0025354	biolink:causes	0
0.6555038	HGNC:1460	MONDO:0010963	biolink:causes	0
0.394169	HGNC:16393	MONDO:0032942	biolink:gene_associated_with_condition	0
0.7965755	HGNC:16393	MONDO:0100045	biolink:causes	0
0.3477474	HGNC:16393	MONDO:0011285	biolink:gene_associated_with_condition	0
0.684038	HGNC:16393	MONDO:0014481	biolink:causes	0
0.68868196	HGNC:1515	MONDO:0007232	biolink:causes	0
0.23364131	HGNC:18810	MONDO:0011939	biolink:gene_associated_with_condition	0
0.5579968	HGNC:18810	MONDO:0030490	biolink:gene_associated_with_condition	0
0.80553526	HGNC:1529	MONDO:0014343	biolink:causes	0
0.29675892	HGNC:1529	MONDO:0007561	biolink:gene_associated_with_condition	0
0.815643	HGNC:1529	MONDO:0008377	biolink:causes	0
0.44991902	HGNC:1529	MONDO:0015786	biolink:gene_associated_with_condition	0
0.68961674	HGNC:1529	MONDO:0859335	biolink:gene_associated_with_condition	0
0.38853207	HGNC:1529	MONDO:0012594	biolink:causes	0
0.9029618	HGNC:1542	MONDO:0014343	biolink:causes	0
0.7628305	HGNC:19967	MONDO:0011504	biolink:causes	0
0.39465323	HGNC:19967	MONDO:0033047	biolink:causes	0
0.7532584	HGNC:19967	MONDO:0008542	biolink:gene_associated_with_condition	0
0.59595275	HGNC:29296	MONDO:0007922	biolink:causes	0
0.81667507	HGNC:11167	MONDO:0014343	biolink:causes	0
0.27714354	HGNC:11167	MONDO:0800341	biolink:causes	0
0.49095577	HGNC:11167	MONDO:0024455	biolink:causes	0
0.77659833	HGNC:14974	MONDO:0009235	biolink:causes	0
0.67331105	HGNC:14974	MONDO:0010356	biolink:causes	0
0.05595514	HGNC:14974	MONDO:0957583	biolink:causes	0
0.68767846	HGNC:14974	MONDO:0017052	biolink:causes	0
0.97560436	HGNC:14974	MONDO:0033009	biolink:causes	0
0.8217569	HGNC:11187	MONDO:0020745	biolink:causes	0
0.86405146	HGNC:11187	MONDO:0014717	biolink:causes	0
0.9287591	HGNC:11187	MONDO:0015278	biolink:causes	0
0.93187404	HGNC:11195	MONDO:0008377	biolink:gene_associated_with_condition	0
0.04036996	HGNC:14530	MONDO:0016573	biolink:causes	0
0.38941383	HGNC:14530	MONDO:0020785	biolink:causes	0
0.7804913	HGNC:14530	MONDO:0049222	biolink:causes	0
0.26148102	HGNC:14530	MONDO:0700298	biolink:causes	0
0.77142024	HGNC:14530	MONDO:0007922	biolink:causes	0
0.29911852	HGNC:11254	MONDO:0011672	biolink:causes	0
0.68960977	HGNC:11274	MONDO:0033115	biolink:causes	0
0.7055096	HGNC:11276	MONDO:0033200	biolink:gene_associated_with_condition	0
0.5316124	HGNC:11276	MONDO:0008633	biolink:causes	0
0.82374954	HGNC:11276	MONDO:0008436	biolink:gene_associated_with_condition	0
0.31820664	HGNC:11283	MONDO:0008259	biolink:gene_associated_with_condition	0
0.8337764	HGNC:10780	MONDO:0014343	biolink:causes	0
0.2222333	HGNC:10780	MONDO:0017544	biolink:causes	0
0.9454809	HGNC:28423	MONDO:0013690	biolink:causes	0
0.1857911	HGNC:11389	MONDO:0019458	biolink:causes	0
0.29864505	HGNC:11389	MONDO:0009928	biolink:causes	0
0.50179935	HGNC:11389	MONDO:0012276	biolink:causes	0
0.36393625	HGNC:28852	MONDO:0011765	biolink:causes	0
0.05789391	HGNC:18130	MONDO:0044657	biolink:gene_associated_with_condition	0
0.48960447	HGNC:11522	MONDO:0010496	biolink:gene_associated_with_condition	0
0.3660647	HGNC:11522	MONDO:0009194	biolink:gene_associated_with_condition	0
0.89177734	HGNC:24316	MONDO:0014343	biolink:causes	0
0.0631935	HGNC:11584	MONDO:0008340	biolink:causes	0
0.48581892	HGNC:11584	MONDO:0014998	biolink:gene_associated_with_condition	0
0.33022624	HGNC:11600	MONDO:0014343	biolink:causes	0
0.9365104	HGNC:11609	MONDO:0011787	biolink:causes	0
0.8913695	HGNC:11609	MONDO:0060663	biolink:causes	0
0.67814356	HGNC:24519	MONDO:0017947	biolink:causes	0
0.6514063	HGNC:27365	MONDO:0013553	biolink:causes	0
0.47899693	HGNC:27365	MONDO:0018875	biolink:causes	0
0.6188775	HGNC:11764	MONDO:0019174	biolink:causes	0
0.33106542	HGNC:11766	MONDO:0014803	biolink:causes	0
0.7551947	HGNC:11766	MONDO:0020745	biolink:contributes_to	0
0.73433024	HGNC:11772	MONDO:0009315	biolink:causes	0
0.3521531	HGNC:11772	MONDO:0016281	biolink:causes	0
0.98575485	HGNC:11772	MONDO:0958322	biolink:causes	0
0.5202305	HGNC:18021	MONDO:0014645	biolink:contributes_to	0
0.5084916	HGNC:18021	MONDO:0035651	biolink:contributes_to	0
0.5663909	HGNC:26186	MONDO:0017697	biolink:causes	0
0.72197825	HGNC:28396	MONDO:0013181	biolink:causes	0
0.93250513	HGNC:28396	MONDO:0013768	biolink:causes	0
0.8994319	HGNC:28396	MONDO:0971178	biolink:gene_associated_with_condition	0
0.93505746	HGNC:28396	MONDO:0008542	biolink:causes	0
0.9635028	HGNC:28128	MONDO:0014343	biolink:causes	0
0.7829433	HGNC:28128	MONDO:0032819	biolink:causes	0
0.02215456	HGNC:11917	MONDO:0044255	biolink:gene_associated_with_condition	0
0.29394513	HGNC:11917	MONDO:0957594	biolink:gene_associated_with_condition	0
0.18455315	HGNC:11905	MONDO:0032898	biolink:gene_associated_with_condition	0
0.5950009	HGNC:11905	MONDO:0008722	biolink:gene_associated_with_condition	0
0.9742143	HGNC:11908	MONDO:0012143	biolink:causes	0
0.97795117	HGNC:11908	MONDO:0012563	biolink:causes	0
0.8153055	HGNC:11908	MONDO:0015519	biolink:causes	0
0.9534404	HGNC:11908	MONDO:0030045	biolink:causes	0
0.9055432	HGNC:11908	MONDO:0030072	biolink:causes	0
0.9950246	HGNC:11908	MONDO:0007874	biolink:causes	0
0.032831427	HGNC:11934	MONDO:0011774	biolink:contributes_to	0
0.37425557	HGNC:11934	MONDO:0958354	biolink:contributes_to	0
0.79331666	HGNC:11948	MONDO:0007380	biolink:causes	0
0.85579693	HGNC:11948	MONDO:0012892	biolink:causes	0
0.54871076	HGNC:11992	MONDO:0016539	biolink:causes	0
0.65454835	HGNC:11992	MONDO:0009928	biolink:gene_associated_with_condition	0
0.78837574	HGNC:3098	MONDO:0010631	biolink:causes	0
0.4039174	HGNC:3098	MONDO:0011285	biolink:causes	0
0.84278935	HGNC:3098	MONDO:0011184	biolink:causes	0
0.87358904	HGNC:12012	MONDO:0020745	biolink:causes	0
0.7391323	HGNC:12012	MONDO:0024535	biolink:causes	0
0.79310244	HGNC:12012	MONDO:0012166	biolink:gene_associated_with_condition	0
0.5260451	HGNC:24259	MONDO:0014040	biolink:causes	0
0.14029804	HGNC:12266	MONDO:0009419	biolink:gene_associated_with_condition	0
0.12030426	HGNC:12266	MONDO:0013388	biolink:gene_associated_with_condition	0
0.7607939	HGNC:7523	MONDO:0859182	biolink:gene_associated_with_condition	0
0.9302513	HGNC:12310	MONDO:0008546	biolink:causes	0
0.7599864	HGNC:12305	MONDO:0019373	biolink:gene_associated_with_condition	0
0.72310644	HGNC:18084	MONDO:0015003	biolink:causes	0
0.7927383	HGNC:18084	MONDO:0009544	biolink:gene_associated_with_condition	0
0.835218	HGNC:12373	MONDO:0859207	biolink:gene_associated_with_condition	0
0.9193281	HGNC:12373	MONDO:0008377	biolink:gene_associated_with_condition	0
0.74785906	HGNC:12373	MONDO:0009061	biolink:gene_associated_with_condition	0
0.7312929	HGNC:12373	MONDO:0014857	biolink:gene_associated_with_condition	0
0.7279446	HGNC:12373	MONDO:0014152	biolink:gene_associated_with_condition	0
0.88691217	HGNC:12373	MONDO:0008002	biolink:gene_associated_with_condition	0
0.94446075	HGNC:26262	MONDO:0008377	biolink:gene_associated_with_condition	0
0.9482075	HGNC:20778	MONDO:0014343	biolink:causes	0
0.7957963	HGNC:20773	MONDO:0025699	biolink:gene_associated_with_condition	0
0.7107882	HGNC:20773	MONDO:0054737	biolink:causes	0
0.76620036	HGNC:20773	MONDO:0007349	biolink:causes	0
0.9035147	HGNC:20773	MONDO:0017403	biolink:gene_associated_with_condition	0
0.7989208	HGNC:12441	MONDO:0010661	biolink:causes	0
0.5948577	HGNC:12499	MONDO:0012203	biolink:causes	0
0.6008324	HGNC:12499	MONDO:0100600	biolink:causes	0
0.70187867	HGNC:12499	MONDO:0054763	biolink:causes	0
0.705555	HGNC:12511	MONDO:0014995	biolink:gene_associated_with_condition	0
0.32077697	HGNC:12511	MONDO:0009960	biolink:gene_associated_with_condition	0
0.38890442	HGNC:12511	MONDO:0012474	biolink:gene_associated_with_condition	0
0.9938391	HGNC:26941	MONDO:0030918	biolink:causes	0
0.78381723	HGNC:25640	MONDO:0009451	biolink:causes	0
0.870709	HGNC:12565	MONDO:0012621	biolink:causes	0
0.6444265	HGNC:12565	MONDO:0033533	biolink:causes	0
0.8964158	HGNC:29594	MONDO:0008377	biolink:causes	0
0.779234	HGNC:12630	MONDO:0012864	biolink:causes	0
0.70846367	HGNC:12630	MONDO:0008246	biolink:causes	0
0.2631692	HGNC:13486	MONDO:0009159	biolink:causes	0
0.1876454	HGNC:13486	MONDO:0030971	biolink:causes	0
0.60423183	HGNC:12651	MONDO:0010792	biolink:causes	0
0.44102818	HGNC:12651	MONDO:0008018	biolink:causes	0
0.94051254	HGNC:2183	MONDO:0008799	biolink:causes	0
0.92903394	HGNC:23595	MONDO:0008377	biolink:gene_associated_with_condition	0
0.6135168	HGNC:24928	MONDO:0017173	biolink:gene_associated_with_condition	0
0.5566879	HGNC:24928	MONDO:0009657	biolink:causes	0
0.39519295	HGNC:24928	MONDO:0013941	biolink:gene_associated_with_condition	0
0.75283253	HGNC:17327	MONDO:0013033	biolink:gene_associated_with_condition	0
0.7493653	HGNC:17327	MONDO:0030438	biolink:gene_associated_with_condition	0
0.7286728	HGNC:17327	MONDO:0012348	biolink:causes	0
0.29958928	HGNC:30914	MONDO:0008176	biolink:gene_associated_with_condition	0
0.19750434	HGNC:30914	MONDO:0009928	biolink:gene_associated_with_condition	0
0.96958077	HGNC:25928	MONDO:0014343	biolink:gene_associated_with_condition	0
0.12415122	HGNC:25928	MONDO:0100460	biolink:gene_associated_with_condition	0
0.71852064	HGNC:25928	MONDO:0032804	biolink:gene_associated_with_condition	0
0.20435096	HGNC:12762	MONDO:0012883	biolink:causes	0
0.5961645	HGNC:12762	MONDO:0021093	biolink:causes	0
0.58017546	HGNC:12762	MONDO:0054861	biolink:causes	0
0.8592084	HGNC:12774	MONDO:0008377	biolink:gene_associated_with_condition	0
0.87667716	HGNC:13829	MONDO:0010361	biolink:gene_associated_with_condition	0
0.76317215	HGNC:13829	MONDO:0013060	biolink:causes	0
0.90649444	HGNC:13829	MONDO:0007818	biolink:gene_associated_with_condition	0
0.91170424	HGNC:12831	MONDO:0010184	biolink:causes	0
0.60440063	HGNC:12831	MONDO:0032819	biolink:causes	0
0.85000074	HGNC:12831	MONDO:0036189	biolink:causes	0
0.9555625	HGNC:15517	MONDO:0009677	biolink:causes	0
0.94891673	HGNC:15517	MONDO:0008542	biolink:causes	0
0.954794	HGNC:30511	MONDO:0010319	biolink:gene_associated_with_condition	0
0.25510702	HGNC:21143	MONDO:0013529	biolink:causes	0
0.6288825	HGNC:21143	MONDO:0009904	biolink:causes	0
0.99423075	HGNC:24931	MONDO:0033006	biolink:gene_associated_with_condition	0
0.9426291	HGNC:24931	MONDO:0008377	biolink:gene_associated_with_condition	0
0.9643597	HGNC:24931	MONDO:0800028	biolink:gene_associated_with_condition	0
0.82506853	HGNC:24931	MONDO:0060663	biolink:gene_associated_with_condition	0
0.38665584	HGNC:30939	MONDO:0014641	biolink:gene_associated_with_condition	0
0.9913572	HGNC:12869	MONDO:0008818	biolink:causes	0
0.61405104	HGNC:12872	MONDO:0030927	biolink:causes	0
0.84943205	HGNC:12872	MONDO:0020378	biolink:gene_associated_with_condition	0
0.9424227	HGNC:16493	MONDO:0010665	biolink:causes	0
0.95278835	HGNC:16493	MONDO:0013873	biolink:causes	0
0.060059104	HGNC:34519	MONDO:0009104	biolink:causes	0
0.88771343	HGNC:26993	MONDO:0044792	biolink:causes	0
0.7209128	HGNC:2500	MONDO:0100119	biolink:causes	0
0.8159176	HGNC:2500	MONDO:0018144	biolink:gene_associated_with_condition	0
0.5576758	HGNC:1591	MONDO:0014984	biolink:causes	0
0.6075942	HGNC:1591	MONDO:0029134	biolink:causes	0
0.5182387	HGNC:1606	MONDO:0009211	biolink:contributes_to	0
0.18170801	HGNC:1606	MONDO:0014290	biolink:contributes_to	0
0.67371494	HGNC:1633	MONDO:0011541	biolink:causes	0
0.674926	HGNC:16783	MONDO:0008963	biolink:causes	0
0.90921575	HGNC:16783	MONDO:0008377	biolink:gene_associated_with_condition	0
0.79390454	HGNC:16783	MONDO:0009485	biolink:causes	0
0.5209908	HGNC:16783	MONDO:0032899	biolink:gene_associated_with_condition	0
0.5122503	HGNC:16783	MONDO:0012204	biolink:gene_associated_with_condition	0
0.7829523	HGNC:16783	MONDO:0011246	biolink:causes	0
0.67904705	HGNC:16783	MONDO:0013110	biolink:gene_associated_with_condition	0
0.7007787	HGNC:16783	MONDO:0013550	biolink:causes	0
0.3574678	HGNC:1787	MONDO:0010747	biolink:contributes_to	0
0.4107267	HGNC:1787	MONDO:0017049	biolink:contributes_to	0
0.17076543	HGNC:1787	MONDO:0014868	biolink:contributes_to	0
0.07530427	HGNC:1787	MONDO:0600030	biolink:gene_associated_with_condition	0
0.8034605	HGNC:1857	MONDO:0015278	biolink:gene_associated_with_condition	0
0.737108	HGNC:1857	MONDO:0009168	biolink:causes	0
0.47980893	HGNC:28209	MONDO:0007080	biolink:gene_associated_with_condition	0
0.03240889	HGNC:1869	MONDO:0012125	biolink:causes	0
0.0726344	HGNC:25631	MONDO:0007222	biolink:causes	0
0.2727613	HGNC:26708	MONDO:0012295	biolink:causes	0
0.5825496	HGNC:26708	MONDO:0014311	biolink:causes	0
0.7666136	HGNC:26708	MONDO:0014343	biolink:causes	0
0.606053	HGNC:26708	MONDO:0014550	biolink:causes	0
0.2547767	HGNC:26708	MONDO:0031446	biolink:causes	0
0.05630615	HGNC:2771	MONDO:0008747	biolink:gene_associated_with_condition	0
0.44558346	HGNC:2771	MONDO:0014343	biolink:gene_associated_with_condition	0
0.47200412	HGNC:5394	MONDO:0013551	biolink:causes	0
0.54337287	HGNC:5394	MONDO:0020507	biolink:causes	0
0.23834027	HGNC:5394	MONDO:0019947	biolink:gene_associated_with_condition	0
0.6588866	HGNC:5394	MONDO:0850067	biolink:causes	0
0.2762862	HGNC:1956	MONDO:0044701	biolink:causes	0
0.8770424	HGNC:1965	MONDO:0008772	biolink:causes	0
0.7216511	HGNC:1965	MONDO:0032590	biolink:causes	0
0.50321436	HGNC:14214	MONDO:0009653	biolink:causes	0
0.4546125	HGNC:14214	MONDO:0011902	biolink:causes	0
0.95229614	HGNC:2021	MONDO:0014343	biolink:causes	0
0.9248224	HGNC:2021	MONDO:0007400	biolink:causes	0
0.8770428	HGNC:2021	MONDO:0009728	biolink:causes	0
0.79700476	HGNC:2027	MONDO:0032752	biolink:causes	0
0.9009639	HGNC:2027	MONDO:0010465	biolink:gene_associated_with_condition	0
0.898685	HGNC:2027	MONDO:0013553	biolink:gene_associated_with_condition	0
0.8354771	HGNC:33939	MONDO:0014649	biolink:causes	0
0.77805346	HGNC:33939	MONDO:0014274	biolink:causes	0
0.81464326	HGNC:20492	MONDO:0014398	biolink:gene_associated_with_condition	0
0.5634114	HGNC:18621	MONDO:0975754	biolink:causes	0
0.8843706	HGNC:18621	MONDO:0032886	biolink:causes	0
0.7886868	HGNC:18621	MONDO:0033542	biolink:causes	0
0.85864073	HGNC:2202	MONDO:0007483	biolink:contributes_to	0
0.1468865	HGNC:2202	MONDO:0017901	biolink:contributes_to	0
0.81504714	HGNC:2202	MONDO:0014338	biolink:gene_associated_with_condition	0
0.78233	HGNC:2204	MONDO:0054737	biolink:gene_associated_with_condition	0
0.8263799	HGNC:2211	MONDO:0016780	biolink:gene_associated_with_condition	0
0.8022639	HGNC:2214	MONDO:0010277	biolink:gene_associated_with_condition	0
0.8006362	HGNC:2214	MONDO:0010400	biolink:gene_associated_with_condition	0
0.8405697	HGNC:2214	MONDO:0014620	biolink:gene_associated_with_condition	0
0.89773333	HGNC:2214	MONDO:0007738	biolink:gene_associated_with_condition	0
0.8427404	HGNC:2214	MONDO:0012554	biolink:gene_associated_with_condition	0
0.9456395	HGNC:2218	MONDO:0010752	biolink:causes	0
0.46054778	HGNC:2187	MONDO:0009776	biolink:causes	0
0.9213448	HGNC:2187	MONDO:0014386	biolink:causes	0
0.9638426	HGNC:2187	MONDO:0014926	biolink:causes	0
0.8723487	HGNC:2194	MONDO:0007363	biolink:gene_associated_with_condition	0
0.8962162	HGNC:2194	MONDO:0032611	biolink:gene_associated_with_condition	0
0.8849959	HGNC:2227	MONDO:0016783	biolink:causes	0
0.643702	HGNC:2227	MONDO:0019947	biolink:causes	0
0.8011325	HGNC:2227	MONDO:0009562	biolink:causes	0
0.8196779	HGNC:2232	MONDO:0008931	biolink:causes	0
0.826098	HGNC:2232	MONDO:0010792	biolink:causes	0
0.9616139	HGNC:2244	MONDO:0014221	biolink:causes	0
0.3700673	HGNC:2244	MONDO:0014425	biolink:causes	0
0.84617686	HGNC:2260	MONDO:0012043	biolink:causes	0
0.31775805	HGNC:2260	MONDO:0017544	biolink:causes	0
0.56982195	HGNC:17272	MONDO:0100340	biolink:causes	0
0.7438754	HGNC:17272	MONDO:0009653	biolink:causes	0
0.59633255	HGNC:2309	MONDO:0017111	biolink:gene_associated_with_condition	0
0.19448344	HGNC:2309	MONDO:0020786	biolink:gene_associated_with_condition	0
0.71333927	HGNC:2342	MONDO:0971001	biolink:causes	0
0.66304415	HGNC:2348	MONDO:0011839	biolink:gene_associated_with_condition	0
0.78587776	HGNC:2348	MONDO:0009625	biolink:causes	0
0.9240284	HGNC:2348	MONDO:0100217	biolink:gene_associated_with_condition	0
0.7858682	HGNC:2383	MONDO:0957787	biolink:causes	0
0.393797	HGNC:2389	MONDO:0012096	biolink:gene_associated_with_condition	0
0.12659891	HGNC:2409	MONDO:0011025	biolink:gene_associated_with_condition	0
0.18109038	HGNC:2409	MONDO:0017238	biolink:gene_associated_with_condition	0
0.45444414	HGNC:2417	MONDO:0032604	biolink:gene_associated_with_condition	0
0.7231871	HGNC:2481	MONDO:0013794	biolink:causes	0
0.57585603	HGNC:2516	MONDO:0014620	biolink:gene_associated_with_condition	0
0.4304515	HGNC:2528	MONDO:0016833	biolink:causes	0
0.3726669	HGNC:2528	MONDO:0008437	biolink:causes	0
0.8224795	HGNC:2570	MONDO:0013864	biolink:gene_associated_with_condition	0
0.27065733	HGNC:2666	MONDO:0014630	biolink:gene_associated_with_condition	0
0.7057118	HGNC:2678	MONDO:0020745	biolink:gene_associated_with_condition	0
0.8667438	HGNC:13681	MONDO:0012276	biolink:causes	0
0.6930162	HGNC:29812	MONDO:0014020	biolink:causes	0
0.38076147	HGNC:2711	MONDO:0011765	biolink:contributes_to	0
0.3505746	HGNC:2711	MONDO:0030006	biolink:gene_associated_with_condition	0
0.31045195	HGNC:17211	MONDO:0009867	biolink:causes	0
0.57493806	HGNC:17211	MONDO:0018611	biolink:causes	0
0.34674042	HGNC:2877	MONDO:0010477	biolink:causes	0
0.45774537	HGNC:28648	MONDO:0011935	biolink:causes	0
0.74348664	HGNC:28648	MONDO:0030729	biolink:gene_associated_with_condition	0
0.65304345	HGNC:28648	MONDO:0014460	biolink:gene_associated_with_condition	0
0.65501624	HGNC:28648	MONDO:0011450	biolink:gene_associated_with_condition	0
0.8233704	HGNC:2909	MONDO:0012043	biolink:causes	0
0.15083808	HGNC:2940	MONDO:0012345	biolink:causes	0
0.19549134	HGNC:2940	MONDO:0007738	biolink:causes	0
0.32472643	HGNC:2946	MONDO:0014622	biolink:causes	0
0.27136996	HGNC:26532	MONDO:0013119	biolink:gene_associated_with_condition	0
0.1636074	HGNC:26532	MONDO:0011017	biolink:gene_associated_with_condition	0
0.8541871	HGNC:19189	MONDO:0009265	biolink:causes	0
0.30136806	HGNC:19191	MONDO:0015793	biolink:gene_associated_with_condition	0
0.4408914	HGNC:3007	MONDO:0014657	biolink:causes	0
0.7452974	HGNC:3007	MONDO:0033115	biolink:causes	0
0.03766044	HGNC:3007	MONDO:0044282	biolink:causes	0
0.62037355	HGNC:3012	MONDO:0013125	biolink:causes	0
0.20217884	HGNC:3012	MONDO:0017683	biolink:causes	0
0.69831216	HGNC:3049	MONDO:0007524	biolink:causes	0
0.7902982	HGNC:1090	MONDO:0044792	biolink:gene_associated_with_condition	0
0.035871625	HGNC:1090	MONDO:0029144	biolink:gene_associated_with_condition	0
0.059769716	HGNC:1090	MONDO:0011698	biolink:gene_associated_with_condition	0
0.847695	HGNC:29043	MONDO:0016833	biolink:causes	0
0.44731942	HGNC:3087	MONDO:0017945	biolink:causes	0
0.7341275	HGNC:3087	MONDO:0012520	biolink:causes	0
0.5092398	HGNC:24595	MONDO:0020745	biolink:causes	0
0.726771	HGNC:24595	MONDO:0100180	biolink:causes	0
0.8218938	HGNC:3178	MONDO:0017993	biolink:gene_associated_with_condition	0
0.9102505	HGNC:3178	MONDO:0008542	biolink:contributes_to	0
0.64857006	HGNC:3178	MONDO:0008954	biolink:gene_associated_with_condition	0
0.33778486	HGNC:3188	MONDO:0020324	biolink:causes	0
0.6026133	HGNC:3236	MONDO:0014645	biolink:causes	0
0.39750117	HGNC:3236	MONDO:0012204	biolink:causes	0
0.067384735	HGNC:24921	MONDO:0020721	biolink:causes	0
0.9980083	HGNC:3327	MONDO:0008426	biolink:causes	0
0.14328787	HGNC:18248	MONDO:0010911	biolink:causes	0
0.22715557	HGNC:18248	MONDO:0009210	biolink:causes	0
0.107481934	HGNC:3393	MONDO:0008018	biolink:contributes_to	0
0.43073902	HGNC:3416	MONDO:0013032	biolink:causes	0
0.83040637	HGNC:3434	MONDO:0032630	biolink:causes	0
0.61811715	HGNC:3434	MONDO:0009994	biolink:causes	0
0.8477566	HGNC:3438	MONDO:0011017	biolink:causes	0
0.7857446	HGNC:3438	MONDO:0017051	biolink:gene_associated_with_condition	0
0.80181015	HGNC:3438	MONDO:0030958	biolink:gene_associated_with_condition	0
0.9343842	HGNC:16947	MONDO:0014343	biolink:gene_associated_with_condition	0
0.8345526	HGNC:3481	MONDO:0018598	biolink:gene_associated_with_condition	0
0.83546287	HGNC:3481	MONDO:0018816	biolink:gene_associated_with_condition	0
0.87464225	HGNC:3481	MONDO:0029134	biolink:gene_associated_with_condition	0
0.66558707	HGNC:3497	MONDO:0009061	biolink:gene_associated_with_condition	0
0.51647323	MONDO:0000908	HGNC:10303	biolink:gene_associated_with_condition	0
0.5164168	MONDO:0000908	HGNC:7897	biolink:gene_associated_with_condition	0
0.035316832	MONDO:0007103	HGNC:4393	biolink:causes	0
0.010774211	MONDO:0007103	HGNC:4367	biolink:gene_associated_with_condition	0
0.11688484	MONDO:0007103	HGNC:6909	biolink:causes	0
0.7482345	MONDO:0007163	HGNC:15455	biolink:gene_associated_with_condition	0
0.0781364	MONDO:0007163	HGNC:15802	biolink:causes	0
0.8640627	MONDO:0007163	HGNC:15808	biolink:gene_associated_with_condition	0
0.8421435	MONDO:0007167	HGNC:3823	biolink:causes	0
0.9390547	MONDO:0007167	HGNC:9717	biolink:gene_associated_with_condition	0
0.93110657	MONDO:0007191	HGNC:28993	biolink:causes	0
0.17509794	MONDO:0007191	HGNC:28449	biolink:gene_associated_with_condition	0
0.72745115	MONDO:0007311	HGNC:68	biolink:causes	0
0.8641001	MONDO:0007319	HGNC:30477	biolink:causes	0
0.6921452	MONDO:0007355	HGNC:11449	biolink:causes	0
0.5992684	MONDO:0007363	HGNC:5385	biolink:causes	0
0.8723487	MONDO:0007363	HGNC:2194	biolink:gene_associated_with_condition	0
0.75415707	MONDO:0007363	HGNC:6483	biolink:gene_associated_with_condition	0
0.7352477	MONDO:0007363	HGNC:3036	biolink:gene_associated_with_condition	0
0.89459753	MONDO:0007363	HGNC:4274	biolink:causes	0
0.39645913	MONDO:0007363	HGNC:4799	biolink:causes	0
0.61961037	MONDO:0007363	HGNC:17283	biolink:causes	0
0.93095165	MONDO:0007363	HGNC:4284	biolink:gene_associated_with_condition	0
0.47573897	MONDO:0007363	HGNC:5147	biolink:gene_associated_with_condition	0
0.25959754	MONDO:0007363	HGNC:7545	biolink:gene_associated_with_condition	0
0.386664	MONDO:0007363	HGNC:1144	biolink:causes	0
0.06321445	MONDO:0007363	HGNC:2621	biolink:causes	0
0.35574904	MONDO:0007451	HGNC:13831	biolink:gene_associated_with_condition	0
0.85864073	MONDO:0007483	HGNC:2202	biolink:contributes_to	0
0.9124897	MONDO:0007495	HGNC:4177	biolink:gene_associated_with_condition	0
0.71277255	MONDO:0007495	HGNC:8059	biolink:gene_associated_with_condition	0
0.9270471	MONDO:0007495	HGNC:20670	biolink:causes	0
0.8092972	MONDO:0007615	HGNC:3602	biolink:causes	0
0.74945945	MONDO:0007615	HGNC:14304	biolink:causes	0
0.72081494	MONDO:0007723	HGNC:17104	biolink:causes	0
0.6015404	MONDO:0007723	HGNC:9831	biolink:causes	0
0.16944939	MONDO:0007747	HGNC:6553	biolink:causes	0
0.573899	MONDO:0007791	HGNC:26927	biolink:causes	0
0.7198797	MONDO:0007875	HGNC:10542	biolink:gene_associated_with_condition	0
0.7232667	MONDO:0007875	HGNC:16700	biolink:causes	0
0.86151284	MONDO:0007875	HGNC:11535	biolink:causes	0
0.7836978	MONDO:0007895	HGNC:1301	biolink:causes	0
0.8739284	MONDO:0007931	HGNC:951	biolink:causes	0
0.6306044	MONDO:0007943	HGNC:4799	biolink:causes	0
0.8324943	MONDO:0007943	HGNC:8108	biolink:gene_associated_with_condition	0
0.9800133	MONDO:0007943	HGNC:3133	biolink:gene_associated_with_condition	0
0.5903004	MONDO:0008019	HGNC:12927	biolink:causes	0
0.47933272	MONDO:0008087	HGNC:987	biolink:gene_associated_with_condition	0
0.5896074	MONDO:0008087	HGNC:8657	biolink:causes	0
0.7083886	MONDO:0008179	HGNC:1162	biolink:causes	0
0.2791523	MONDO:0008179	HGNC:9008	biolink:gene_associated_with_condition	0
0.49941775	MONDO:0008179	HGNC:11301	biolink:causes	0
0.31820664	MONDO:0008259	HGNC:11283	biolink:gene_associated_with_condition	0
0.120953515	MONDO:0008399	HGNC:6893	biolink:causes	0
0.52664375	MONDO:0008399	HGNC:2594	biolink:gene_associated_with_condition	0
0.48341033	MONDO:0008399	HGNC:12927	biolink:causes	0
0.8840085	MONDO:0008407	HGNC:644	biolink:gene_associated_with_condition	0
0.7319134	MONDO:0008479	HGNC:7795	biolink:gene_associated_with_condition	0
0.050862357	MONDO:0008483	HGNC:42	biolink:causes	0
0.16228902	MONDO:0008483	HGNC:11109	biolink:causes	0
0.4905238	MONDO:0008559	HGNC:9046	biolink:gene_associated_with_condition	0
0.8967027	MONDO:0008559	HGNC:27337	biolink:causes	0
0.8972543	MONDO:0008559	HGNC:1020	biolink:gene_associated_with_condition	0
0.05630615	MONDO:0008747	HGNC:2771	biolink:gene_associated_with_condition	0
0.9301251	MONDO:0008751	HGNC:7060	biolink:gene_associated_with_condition	0
0.9801892	MONDO:0008795	HGNC:9086	biolink:gene_associated_with_condition	0
0.94051254	MONDO:0008799	HGNC:2183	biolink:causes	0
0.9015489	MONDO:0008887	HGNC:18340	biolink:causes	0
0.8196779	MONDO:0008931	HGNC:2232	biolink:causes	0
0.9240464	MONDO:0008931	HGNC:15791	biolink:causes	0
0.44999385	MONDO:0008931	HGNC:11762	biolink:causes	0
0.10729243	MONDO:0008931	HGNC:14544	biolink:gene_associated_with_condition	0
0.90183747	MONDO:0008963	HGNC:4922	biolink:causes	0
0.674926	MONDO:0008963	HGNC:16783	biolink:causes	0
0.7445692	MONDO:0008995	HGNC:9832	biolink:causes	0
0.9396393	MONDO:0008995	HGNC:7765	biolink:gene_associated_with_condition	0
0.95261633	MONDO:0009031	HGNC:6814	biolink:gene_associated_with_condition	0
0.9632303	MONDO:0009031	HGNC:23994	biolink:causes	0
0.6622244	MONDO:0009079	HGNC:25839	biolink:gene_associated_with_condition	0
0.9288857	MONDO:0009079	HGNC:8804	biolink:causes	0
0.99805486	MONDO:0009079	HGNC:15516	biolink:gene_associated_with_condition	0
0.67020255	MONDO:0009091	HGNC:4189	biolink:gene_associated_with_condition	0
0.75695777	MONDO:0009115	HGNC:11027	biolink:causes	0
0.7006995	MONDO:0009143	HGNC:10468	biolink:gene_associated_with_condition	0
0.8891438	MONDO:0009151	HGNC:3754	biolink:gene_associated_with_condition	0
0.24727778	MONDO:0009151	HGNC:4948	biolink:gene_associated_with_condition	0
0.2631692	MONDO:0009159	HGNC:13486	biolink:causes	0
0.25119346	MONDO:0009159	HGNC:15802	biolink:gene_associated_with_condition	0
0.5182387	MONDO:0009211	HGNC:1606	biolink:contributes_to	0
0.40385118	MONDO:0009211	HGNC:13886	biolink:causes	0
0.952165	MONDO:0009215	HGNC:1044	biolink:causes	0
0.9543658	MONDO:0009215	HGNC:10896	biolink:causes	0
0.816766	MONDO:0009215	HGNC:24552	biolink:gene_associated_with_condition	0
0.6065276	MONDO:0009215	HGNC:1268	biolink:causes	0
0.5643126	MONDO:0009215	HGNC:20908	biolink:causes	0
0.77659833	MONDO:0009235	HGNC:14974	biolink:causes	0
0.8237781	MONDO:0009279	HGNC:6541	biolink:gene_associated_with_condition	0
0.75909805	MONDO:0009279	HGNC:7677	biolink:causes	0
0.9735011	MONDO:0009279	HGNC:9879	biolink:causes	0
0.73433024	MONDO:0009315	HGNC:11772	biolink:causes	0
0.67185587	MONDO:0009339	HGNC:26239	biolink:causes	0
0.7440343	MONDO:0009339	HGNC:23302	biolink:causes	0
0.9214621	MONDO:0009339	HGNC:19750	biolink:causes	0
0.9261527	MONDO:0009359	HGNC:9330	biolink:gene_associated_with_condition	0
0.82136136	MONDO:0009359	HGNC:5439	biolink:contributes_to	0
0.6289981	MONDO:0009379	HGNC:14294	biolink:gene_associated_with_condition	0
0.113610774	MONDO:0009379	HGNC:1509	biolink:gene_associated_with_condition	0
0.27624303	MONDO:0009411	HGNC:4082	biolink:causes	0
0.45389748	MONDO:0009411	HGNC:5383	biolink:gene_associated_with_condition	0
0.14029804	MONDO:0009419	HGNC:12266	biolink:gene_associated_with_condition	0
0.07925352	MONDO:0009419	HGNC:28613	biolink:causes	0
0.78381723	MONDO:0009451	HGNC:25640	biolink:causes	0
0.70666057	MONDO:0009459	HGNC:16466	biolink:gene_associated_with_condition	0
0.9307711	MONDO:0009475	HGNC:17296	biolink:causes	0
0.86863804	MONDO:0009475	HGNC:10723	biolink:causes	0
0.49942565	MONDO:0009495	HGNC:4572	biolink:causes	0
0.8577915	MONDO:0009495	HGNC:29068	biolink:causes	0
0.8164598	MONDO:0009495	HGNC:9585	biolink:gene_associated_with_condition	0
0.58166385	MONDO:0009495	HGNC:2592	biolink:causes	0
0.8482679	MONDO:0009527	HGNC:6742	biolink:causes	0
0.668943	MONDO:0009623	HGNC:10378	biolink:causes	0
0.7948752	MONDO:0009683	HGNC:4162	biolink:gene_associated_with_condition	0
0.50544316	MONDO:0009683	HGNC:6735	biolink:causes	0
0.29166624	MONDO:0009779	HGNC:32689	biolink:causes	0
0.31024167	MONDO:0009779	HGNC:14967	biolink:causes	0
0.8385922	MONDO:0009823	HGNC:2464	biolink:causes	0
0.85758454	MONDO:0009839	HGNC:966	biolink:causes	0
0.4807071	MONDO:0009839	HGNC:4948	biolink:contributes_to	0
0.8972874	MONDO:0009843	HGNC:3754	biolink:gene_associated_with_condition	0
0.69833773	MONDO:0009855	HGNC:12261	biolink:causes	0
0.894486	MONDO:0009855	HGNC:12405	biolink:causes	0
0.31045195	MONDO:0009867	HGNC:17211	biolink:causes	0
0.4078692	MONDO:0009867	HGNC:13890	biolink:causes	0
0.27950573	MONDO:0009867	HGNC:12632	biolink:gene_associated_with_condition	0
0.77628696	MONDO:0009867	HGNC:8101	biolink:causes	0
0.421217	MONDO:0009867	HGNC:13488	biolink:causes	0
0.8661762	MONDO:0009871	HGNC:28870	biolink:causes	0
0.96278685	MONDO:0009871	HGNC:11909	biolink:gene_associated_with_condition	0
0.38076338	MONDO:0009879	HGNC:7892	biolink:causes	0
0.6668814	MONDO:0009891	HGNC:649	biolink:gene_associated_with_condition	0
0.8950625	MONDO:0009935	HGNC:23657	biolink:gene_associated_with_condition	0
0.77779466	MONDO:0010075	HGNC:3373	biolink:causes	0
0.43678105	MONDO:0010075	HGNC:26821	biolink:causes	0
0.9505925	MONDO:0010099	HGNC:19869	biolink:gene_associated_with_condition	0
0.14634813	MONDO:0010099	HGNC:35123	biolink:causes	0
0.8914366	MONDO:0010099	HGNC:19304	biolink:causes	0
0.5382178	MONDO:0010099	HGNC:11179	biolink:causes	0
0.2274686	MONDO:0010099	HGNC:2527	biolink:causes	0
0.7287778	MONDO:0010135	HGNC:9713	biolink:gene_associated_with_condition	0
0.33198082	MONDO:0010171	HGNC:21732	biolink:causes	0
0.898454	MONDO:0010183	HGNC:8778	biolink:causes	0
0.50727266	MONDO:0010227	HGNC:9701	biolink:gene_associated_with_condition	0
0.38932592	MONDO:0010227	HGNC:6024	biolink:causes	0
0.57030857	MONDO:0010239	HGNC:10606	biolink:gene_associated_with_condition	0
0.69909763	MONDO:0010315	HGNC:9069	biolink:causes	0
0.5971945	MONDO:0010315	HGNC:4204	biolink:causes	0
0.8820349	MONDO:0010315	HGNC:7944	biolink:causes	0
0.954794	MONDO:0010319	HGNC:30511	biolink:gene_associated_with_condition	0
0.39442548	MONDO:0010335	HGNC:5208	biolink:causes	0
0.8963758	MONDO:0010339	HGNC:2186	biolink:gene_associated_with_condition	0
0.8604613	MONDO:0010415	HGNC:26222	biolink:causes	0
0.36700514	MONDO:0010455	HGNC:14957	biolink:gene_associated_with_condition	0
0.7090238	MONDO:0010483	HGNC:25481	biolink:gene_associated_with_condition	0
0.79458463	MONDO:0010503	HGNC:19918	biolink:causes	0
0.593802	MONDO:0010511	HGNC:4393	biolink:causes	0
0.6362591	MONDO:0010511	HGNC:4651	biolink:causes	0
0.44476813	MONDO:0010523	HGNC:21675	biolink:causes	0
0.9183594	MONDO:0010631	HGNC:26784	biolink:causes	0
0.78837574	MONDO:0010631	HGNC:3098	biolink:causes	0
0.9036182	MONDO:0010631	HGNC:60	biolink:causes	0
0.90414894	MONDO:0010651	HGNC:6000	biolink:gene_associated_with_condition	0
0.9822222	MONDO:0010655	HGNC:28583	biolink:causes	0
0.91545427	MONDO:0010655	HGNC:12011	biolink:causes	0
0.64500666	MONDO:0010655	HGNC:3756	biolink:causes	0
0.5868419	MONDO:0010659	HGNC:7154	biolink:causes	0
0.8782253	MONDO:0010659	HGNC:57	biolink:causes	0
0.3574678	MONDO:0010747	HGNC:1787	biolink:contributes_to	0
0.6592506	MONDO:0010747	HGNC:1366	biolink:gene_associated_with_condition	0
0.9083886	MONDO:0010747	HGNC:15808	biolink:causes	0
0.86834025	MONDO:0010747	HGNC:11795	biolink:gene_associated_with_condition	0
0.5638873	MONDO:0010767	HGNC:3671	biolink:gene_associated_with_condition	0
0.6778368	MONDO:0010767	HGNC:3702	biolink:gene_associated_with_condition	0
0.76921046	MONDO:0010767	HGNC:11094	biolink:gene_associated_with_condition	0
0.6455406	MONDO:0010767	HGNC:3689	biolink:gene_associated_with_condition	0
0.8450779	MONDO:0010803	HGNC:7569	biolink:causes	0
0.92325944	MONDO:0010803	HGNC:17213	biolink:causes	0
0.8837154	MONDO:0010839	HGNC:12877	biolink:gene_associated_with_condition	0
0.7725005	MONDO:0010907	HGNC:7677	biolink:causes	0
0.14328787	MONDO:0010911	HGNC:18248	biolink:causes	0
0.39038658	MONDO:0010911	HGNC:16461	biolink:causes	0
0.26250497	MONDO:0010947	HGNC:4572	biolink:causes	0
0.4870328	MONDO:0010959	HGNC:4367	biolink:gene_associated_with_condition	0
0.8104929	MONDO:0010963	HGNC:5385	biolink:causes	0
0.6555038	MONDO:0010963	HGNC:1460	biolink:causes	0
0.13199317	MONDO:0010963	HGNC:9864	biolink:causes	0
0.8711753	MONDO:0010963	HGNC:13556	biolink:causes	0
0.06282407	MONDO:0011003	HGNC:25737	biolink:gene_associated_with_condition	0
0.70797986	MONDO:0011003	HGNC:1393	biolink:causes	0
0.09894646	MONDO:0011091	HGNC:16380	biolink:causes	0
0.8882232	MONDO:0011091	HGNC:2185	biolink:causes	0
0.50610894	MONDO:0011091	HGNC:4193	biolink:gene_associated_with_condition	0
0.005983716	MONDO:0011091	HGNC:9220	biolink:causes	0
0.33683518	MONDO:0011107	HGNC:7576	biolink:causes	0
0.51893455	MONDO:0011143	HGNC:1750	biolink:causes	0
0.770518	MONDO:0011143	HGNC:7883	biolink:causes	0
0.653352	MONDO:0011239	HGNC:13210	biolink:contributes_to	0
0.23218098	MONDO:0011239	HGNC:27089	biolink:gene_associated_with_condition	0
0.5385099	MONDO:0011239	HGNC:25223	biolink:contributes_to	0
0.336212	MONDO:0011239	HGNC:2988	biolink:gene_associated_with_condition	0
0.6423362	MONDO:0011243	HGNC:6948	biolink:causes	0
0.73805004	MONDO:0011275	HGNC:7370	biolink:causes	0
0.9780471	MONDO:0011335	HGNC:9081	biolink:causes	0
0.39760134	MONDO:0011335	HGNC:19708	biolink:causes	0
0.72737604	MONDO:0011335	HGNC:3435	biolink:causes	0
0.17001005	MONDO:0011351	HGNC:21158	biolink:gene_associated_with_condition	0
0.8735827	MONDO:0011351	HGNC:2186	biolink:causes	0
0.8018098	MONDO:0011359	HGNC:2731	biolink:gene_associated_with_condition	0
0.36326927	MONDO:0011411	HGNC:33882	biolink:causes	0
0.19394962	MONDO:0011431	HGNC:26230	biolink:contributes_to	0
0.31624272	MONDO:0011523	HGNC:26208	biolink:causes	0
0.87704396	MONDO:0011547	HGNC:19316	biolink:causes	0
0.78891623	MONDO:0011547	HGNC:9942	biolink:causes	0
0.77404326	MONDO:0011603	HGNC:5005	biolink:gene_associated_with_condition	0
0.8955745	MONDO:0011603	HGNC:7883	biolink:causes	0
0.9027723	MONDO:0011603	HGNC:14409	biolink:causes	0
0.40702394	MONDO:0011667	HGNC:1445	biolink:causes	0
0.9205832	MONDO:0011743	HGNC:7631	biolink:gene_associated_with_condition	0
0.66046005	MONDO:0011743	HGNC:6189	biolink:causes	0
0.9844254	MONDO:0011783	HGNC:1044	biolink:gene_associated_with_condition	0
0.12890431	MONDO:0011783	HGNC:4217	biolink:causes	0
0.9365104	MONDO:0011787	HGNC:11609	biolink:causes	0
0.8136561	MONDO:0011811	HGNC:20893	biolink:causes	0
0.48286828	MONDO:0011819	HGNC:7103	biolink:gene_associated_with_condition	0
0.68955016	MONDO:0011823	HGNC:12463	biolink:gene_associated_with_condition	0
0.66304415	MONDO:0011839	HGNC:2348	biolink:gene_associated_with_condition	0
0.9688904	MONDO:0011907	HGNC:26837	biolink:causes	0
0.25828162	MONDO:0011911	HGNC:53	biolink:causes	0
0.2987539	MONDO:0011911	HGNC:20406	biolink:gene_associated_with_condition	0
0.45774537	MONDO:0011935	HGNC:28648	biolink:causes	0
0.5547384	MONDO:0011935	HGNC:18619	biolink:causes	0
0.23364131	MONDO:0011939	HGNC:18810	biolink:gene_associated_with_condition	0
0.25164783	MONDO:0011959	HGNC:4588	biolink:causes	0
0.36046508	MONDO:0011959	HGNC:14957	biolink:gene_associated_with_condition	0
0.17077012	MONDO:0011971	HGNC:8582	biolink:gene_associated_with_condition	0
0.95632863	MONDO:0012019	HGNC:4220	biolink:causes	0
0.7959029	MONDO:0012039	HGNC:29350	biolink:causes	0
0.6111976	MONDO:0012039	HGNC:7569	biolink:gene_associated_with_condition	0
0.81882215	MONDO:0012039	HGNC:8778	biolink:causes	0
0.8631813	MONDO:0012039	HGNC:757	biolink:gene_associated_with_condition	0
0.59038025	MONDO:0012039	HGNC:7675	biolink:gene_associated_with_condition	0
0.27324337	MONDO:0012039	HGNC:7601	biolink:causes	0
0.9053443	MONDO:0012039	HGNC:2907	biolink:gene_associated_with_condition	0
0.30703595	MONDO:0012043	HGNC:28949	biolink:causes	0
0.84617686	MONDO:0012043	HGNC:2260	biolink:causes	0
0.8233704	MONDO:0012043	HGNC:2909	biolink:causes	0
0.28107667	MONDO:0012043	HGNC:1093	biolink:gene_associated_with_condition	0
0.8433949	MONDO:0012075	HGNC:9921	biolink:causes	0
0.40223238	MONDO:0012091	HGNC:29678	biolink:causes	0
0.35546708	MONDO:0012123	HGNC:1001	biolink:gene_associated_with_condition	0
0.95511925	MONDO:0012123	HGNC:19747	biolink:gene_associated_with_condition	0
0.9449622	MONDO:0012123	HGNC:11102	biolink:causes	0
0.7880844	MONDO:0012127	HGNC:23339	biolink:causes	0
0.9742143	MONDO:0012143	HGNC:11908	biolink:causes	0
0.71809566	MONDO:0012143	HGNC:21057	biolink:causes	0
0.32152936	MONDO:0012163	HGNC:118	biolink:gene_associated_with_condition	0
0.18924503	MONDO:0012163	HGNC:10295	biolink:causes	0
0.5948577	MONDO:0012203	HGNC:12499	biolink:causes	0
0.39722762	MONDO:0012203	HGNC:8029	biolink:causes	0
0.27136007	MONDO:0012287	HGNC:24891	biolink:causes	0
0.48243952	MONDO:0012287	HGNC:2907	biolink:gene_associated_with_condition	0
0.33689183	MONDO:0012287	HGNC:13664	biolink:causes	0
0.5958726	MONDO:0012295	HGNC:9282	biolink:causes	0
0.2727613	MONDO:0012295	HGNC:26708	biolink:causes	0
0.23579688	MONDO:0012299	HGNC:23785	biolink:gene_associated_with_condition	0
0.035917126	MONDO:0012395	HGNC:22954	biolink:causes	0
0.016244479	MONDO:0012395	HGNC:3976	biolink:causes	0
0.039738525	MONDO:0012395	HGNC:3255	biolink:gene_associated_with_condition	0
0.899421	MONDO:0012411	HGNC:2200	biolink:causes	0
0.768787	MONDO:0012423	HGNC:14078	biolink:causes	0
0.80726725	MONDO:0012483	HGNC:25221	biolink:gene_associated_with_condition	0
0.58964777	MONDO:0012531	HGNC:28460	biolink:causes	0
0.9454684	MONDO:0012531	HGNC:6391	biolink:gene_associated_with_condition	0
0.9022766	MONDO:0012539	HGNC:57	biolink:causes	0
0.8980956	MONDO:0012559	HGNC:21701	biolink:causes	0
0.5989197	MONDO:0012559	HGNC:25355	biolink:gene_associated_with_condition	0
0.35930076	MONDO:0012559	HGNC:19903	biolink:causes	0
0.97795117	MONDO:0012563	HGNC:11908	biolink:causes	0
0.15701675	MONDO:0012607	HGNC:31923	biolink:causes	0
0.08637353	MONDO:0012607	HGNC:11490	biolink:causes	0
0.060123164	MONDO:0012607	HGNC:7526	biolink:gene_associated_with_condition	0
0.6331248	MONDO:0012679	HGNC:9719	biolink:gene_associated_with_condition	0
0.33803904	MONDO:0012803	HGNC:25784	biolink:causes	0
0.7446988	MONDO:0012803	HGNC:10588	biolink:causes	0
0.65611386	MONDO:0012847	HGNC:8565	biolink:causes	0
0.9130577	MONDO:0012859	HGNC:8999	biolink:causes	0
0.84692043	MONDO:0012859	HGNC:9811	biolink:gene_associated_with_condition	0
0.89022887	MONDO:0012859	HGNC:11005	biolink:gene_associated_with_condition	0
0.9342294	MONDO:0012859	HGNC:4318	biolink:causes	0
0.4896011	MONDO:0012859	HGNC:3259	biolink:gene_associated_with_condition	0
0.20435096	MONDO:0012883	HGNC:12762	biolink:causes	0
0.6266492	MONDO:0012883	HGNC:7720	biolink:causes	0
0.4940293	MONDO:0012883	HGNC:17341	biolink:gene_associated_with_condition	0
0.34049278	MONDO:0012883	HGNC:4193	biolink:causes	0
0.23193337	MONDO:0012883	HGNC:7606	biolink:causes	0
0.3431861	MONDO:0012883	HGNC:24592	biolink:causes	0
0.7510096	MONDO:0012911	HGNC:3356	biolink:gene_associated_with_condition	0
0.2588301	MONDO:0012911	HGNC:19141	biolink:causes	0
0.8975491	MONDO:0012943	HGNC:3603	biolink:causes	0
0.8572872	MONDO:0012943	HGNC:9004	biolink:causes	0
0.8738441	MONDO:0012943	HGNC:9498	biolink:gene_associated_with_condition	0
0.54148227	MONDO:0012979	HGNC:11005	biolink:gene_associated_with_condition	0
0.69559693	MONDO:0013011	HGNC:11119	biolink:causes	0
0.861916	MONDO:0013047	HGNC:28993	biolink:causes	0
0.71666706	MONDO:0013063	HGNC:3767	biolink:causes	0
0.14164606	MONDO:0013083	HGNC:6487	biolink:gene_associated_with_condition	0
0.1549725	MONDO:0013083	HGNC:4208	biolink:causes	0
0.86444366	MONDO:0013111	HGNC:29433	biolink:causes	0
0.27136996	MONDO:0013119	HGNC:26532	biolink:gene_associated_with_condition	0
0.7770798	MONDO:0013171	HGNC:18626	biolink:causes	0
0.9249526	MONDO:0013171	HGNC:4261	biolink:causes	0
0.44382855	MONDO:0013195	HGNC:11762	biolink:causes	0
0.035898384	MONDO:0013235	HGNC:29536	biolink:causes	0
0.7925725	MONDO:0013243	HGNC:11018	biolink:causes	0
0.72035336	MONDO:0013243	HGNC:20893	biolink:causes	0
0.66297835	MONDO:0013315	HGNC:6115	biolink:causes	0
0.9940532	MONDO:0013323	HGNC:1044	biolink:causes	0
0.6416443	MONDO:0013323	HGNC:11771	biolink:gene_associated_with_condition	0
0.8432248	MONDO:0013351	HGNC:6595	biolink:causes	0
0.43630874	MONDO:0013367	HGNC:11427	biolink:causes	0
0.7720963	MONDO:0013391	HGNC:30171	biolink:causes	0
0.64769566	MONDO:0013391	HGNC:2714	biolink:causes	0
0.94766134	MONDO:0013431	HGNC:4177	biolink:causes	0
0.98612404	MONDO:0013431	HGNC:7945	biolink:causes	0
0.7294728	MONDO:0013487	HGNC:951	biolink:causes	0
0.7366825	MONDO:0013487	HGNC:12450	biolink:gene_associated_with_condition	0
0.8119744	MONDO:0013507	HGNC:1097	biolink:causes	0
0.7929186	MONDO:0013507	HGNC:23625	biolink:causes	0
0.36126435	MONDO:0013531	HGNC:385	biolink:gene_associated_with_condition	0
0.85953283	MONDO:0013531	HGNC:6898	biolink:causes	0
0.3678392	MONDO:0013531	HGNC:11019	biolink:gene_associated_with_condition	0
0.47200412	MONDO:0013551	HGNC:5394	biolink:causes	0
0.5511754	MONDO:0013551	HGNC:4887	biolink:gene_associated_with_condition	0
0.9417408	MONDO:0013559	HGNC:26270	biolink:causes	0
0.26082498	MONDO:0013587	HGNC:3801	biolink:gene_associated_with_condition	0
0.78316593	MONDO:0013587	HGNC:25751	biolink:gene_associated_with_condition	0
0.91436875	MONDO:0013587	HGNC:24270	biolink:causes	0
0.7335484	MONDO:0013587	HGNC:11623	biolink:causes	0
0.14040403	MONDO:0013587	HGNC:8117	biolink:gene_associated_with_condition	0
0.58379054	MONDO:0013607	HGNC:10289	biolink:causes	0
0.6428467	MONDO:0013607	HGNC:6407	biolink:causes	0
0.80186194	MONDO:0013679	HGNC:29165	biolink:causes	0
0.73066586	MONDO:0013711	HGNC:29561	biolink:causes	0
0.51471645	MONDO:0013711	HGNC:6954	biolink:causes	0
0.86393905	MONDO:0013719	HGNC:9086	biolink:gene_associated_with_condition	0
0.5532258	MONDO:0013743	HGNC:25839	biolink:gene_associated_with_condition	0
0.8522044	MONDO:0013767	HGNC:26239	biolink:causes	0
0.75450206	MONDO:0013795	HGNC:21424	biolink:causes	0
0.53606886	MONDO:0013839	HGNC:10719	biolink:causes	0
0.8335204	MONDO:0013843	HGNC:6814	biolink:gene_associated_with_condition	0
0.7751107	MONDO:0013843	HGNC:31527	biolink:causes	0
0.9418844	MONDO:0013851	HGNC:26270	biolink:gene_associated_with_condition	0
0.20160383	MONDO:0013891	HGNC:11630	biolink:gene_associated_with_condition	0
0.34011945	MONDO:0013907	HGNC:11596	biolink:gene_associated_with_condition	0
0.8999986	MONDO:0013927	HGNC:19088	biolink:causes	0
0.7070653	MONDO:0013991	HGNC:1371	biolink:gene_associated_with_condition	0
0.40919036	MONDO:0013999	HGNC:10593	biolink:contributes_to	0
0.1885593	MONDO:0014027	HGNC:7450	biolink:gene_associated_with_condition	0
0.87816876	MONDO:0014039	HGNC:29682	biolink:causes	0
0.95190656	MONDO:0014039	HGNC:11957	biolink:gene_associated_with_condition	0
0.7646965	MONDO:0014115	HGNC:494	biolink:causes	0
0.5311606	MONDO:0014131	HGNC:16951	biolink:causes	0
0.76260406	MONDO:0014131	HGNC:132	biolink:gene_associated_with_condition	0
0.86973375	MONDO:0014131	HGNC:6284	biolink:gene_associated_with_condition	0
0.41997716	MONDO:0014135	HGNC:10387	biolink:gene_associated_with_condition	0
0.8429054	MONDO:0014159	HGNC:10256	biolink:causes	0
0.88454676	MONDO:0014159	HGNC:1839	biolink:causes	0
0.9529557	MONDO:0014203	HGNC:4713	biolink:causes	0
0.8580497	MONDO:0014211	HGNC:2200	biolink:gene_associated_with_condition	0
0.32553163	MONDO:0014211	HGNC:7782	biolink:causes	0
0.9375848	MONDO:0014227	HGNC:23088	biolink:causes	0
0.8772739	MONDO:0014227	HGNC:6654	biolink:gene_associated_with_condition	0
0.621788	MONDO:0014267	HGNC:10941	biolink:causes	0
0.85206074	MONDO:0014267	HGNC:3689	biolink:causes	0
0.5825496	MONDO:0014311	HGNC:26708	biolink:causes	0
0.50718087	MONDO:0014311	HGNC:4023	biolink:causes	0
0.2492786	MONDO:0014319	HGNC:3706	biolink:gene_associated_with_condition	0
0.8031547	MONDO:0014327	HGNC:9965	biolink:gene_associated_with_condition	0
0.8814672	MONDO:0014327	HGNC:10701	biolink:causes	0
0.2741004	MONDO:0014327	HGNC:6315	biolink:causes	0
0.92750806	MONDO:0014327	HGNC:6831	biolink:gene_associated_with_condition	0
0.34346157	MONDO:0014339	HGNC:31088	biolink:contributes_to	0
0.41509813	MONDO:0014339	HGNC:19309	biolink:causes	0
0.8633648	MONDO:0014339	HGNC:3257	biolink:causes	0
0.9563235	MONDO:0014343	HGNC:3584	biolink:causes	0
0.96931636	MONDO:0014343	HGNC:4162	biolink:gene_associated_with_condition	0
0.9565568	MONDO:0014343	HGNC:4177	biolink:causes	0
0.92906946	MONDO:0014343	HGNC:24587	biolink:causes	0
0.89305925	MONDO:0014343	HGNC:5385	biolink:causes	0
0.9803444	MONDO:0014343	HGNC:9853	biolink:causes	0
0.9322243	MONDO:0014343	HGNC:6541	biolink:gene_associated_with_condition	0
0.8411402	MONDO:0014343	HGNC:25240	biolink:causes	0
0.8983979	MONDO:0014343	HGNC:573	biolink:causes	0
0.9469015	MONDO:0014343	HGNC:620	biolink:gene_associated_with_condition	0
0.9197991	MONDO:0014343	HGNC:14103	biolink:gene_associated_with_condition	0
0.79003835	MONDO:0014343	HGNC:13356	biolink:causes	0
0.84027135	MONDO:0014343	HGNC:6970	biolink:causes	0
0.7899633	MONDO:0014343	HGNC:7821	biolink:gene_associated_with_condition	0
0.76679224	MONDO:0014343	HGNC:7983	biolink:causes	0
0.7638489	MONDO:0014343	HGNC:12703	biolink:gene_associated_with_condition	0
0.71027577	MONDO:0014343	HGNC:10939	biolink:gene_associated_with_condition	0
0.572788	MONDO:0014343	HGNC:25355	biolink:gene_associated_with_condition	0
0.542788	MONDO:0014343	HGNC:1331	biolink:causes	0
0.80553526	MONDO:0014343	HGNC:1529	biolink:causes	0
0.9029618	MONDO:0014343	HGNC:1542	biolink:causes	0
0.81667507	MONDO:0014343	HGNC:11167	biolink:causes	0
0.8337764	MONDO:0014343	HGNC:10780	biolink:causes	0
0.89177734	MONDO:0014343	HGNC:24316	biolink:causes	0
0.33022624	MONDO:0014343	HGNC:11600	biolink:causes	0
0.9635028	MONDO:0014343	HGNC:28128	biolink:causes	0
0.9482075	MONDO:0014343	HGNC:20778	biolink:causes	0
0.96958077	MONDO:0014343	HGNC:25928	biolink:gene_associated_with_condition	0
0.7666136	MONDO:0014343	HGNC:26708	biolink:causes	0
0.44558346	MONDO:0014343	HGNC:2771	biolink:gene_associated_with_condition	0
0.95229614	MONDO:0014343	HGNC:2021	biolink:causes	0
0.9343842	MONDO:0014343	HGNC:16947	biolink:gene_associated_with_condition	0
0.9874423	MONDO:0014343	HGNC:132	biolink:gene_associated_with_condition	0
0.972033	MONDO:0014343	HGNC:3702	biolink:causes	0
0.75752646	MONDO:0014343	HGNC:3816	biolink:causes	0
0.7665023	MONDO:0014343	HGNC:3951	biolink:causes	0
0.90018076	MONDO:0014343	HGNC:4824	biolink:causes	0
0.41429108	MONDO:0014343	HGNC:5208	biolink:causes	0
0.9975344	MONDO:0014343	HGNC:5382	biolink:gene_associated_with_condition	0
0.96108717	MONDO:0014343	HGNC:6091	biolink:causes	0
0.96108717	MONDO:0014343	HGNC:6091	biolink:gene_associated_with_condition	0
0.88817793	MONDO:0014343	HGNC:6186	biolink:causes	0
0.993049	MONDO:0014343	HGNC:7132	biolink:gene_associated_with_condition	0
0.9422287	MONDO:0014343	HGNC:6501	biolink:causes	0
0.9528241	MONDO:0014343	HGNC:18712	biolink:gene_associated_with_condition	0
0.97202075	MONDO:0014343	HGNC:6990	biolink:gene_associated_with_condition	0
0.90557164	MONDO:0014343	HGNC:14575	biolink:gene_associated_with_condition	0
0.8898056	MONDO:0014343	HGNC:7488	biolink:causes	0
0.99775	MONDO:0014343	HGNC:7632	biolink:gene_associated_with_condition	0
0.66200495	MONDO:0014343	HGNC:9936	biolink:gene_associated_with_condition	0
0.8105677	MONDO:0014343	HGNC:9142	biolink:gene_associated_with_condition	0
0.99814355	MONDO:0014343	HGNC:9608	biolink:gene_associated_with_condition	0
0.91091263	MONDO:0014343	HGNC:10560	biolink:causes	0
0.86736727	MONDO:0014343	HGNC:9922	biolink:gene_associated_with_condition	0
0.9474163	MONDO:0014343	HGNC:17296	biolink:causes	0
0.9973009	MONDO:0014343	HGNC:19440	biolink:gene_associated_with_condition	0
0.8851117	MONDO:0014343	HGNC:10809	biolink:gene_associated_with_condition	0
0.3679502	MONDO:0014343	HGNC:11490	biolink:causes	0
0.9625678	MONDO:0014343	HGNC:23656	biolink:gene_associated_with_condition	0
0.97575027	MONDO:0014343	HGNC:20456	biolink:causes	0
0.8053994	MONDO:0014343	HGNC:20087	biolink:causes	0
0.90807235	MONDO:0014343	HGNC:20439	biolink:gene_associated_with_condition	0
0.8016881	MONDO:0014343	HGNC:12781	biolink:causes	0
0.92459786	MONDO:0014343	HGNC:1952	biolink:gene_associated_with_condition	0
0.94168437	MONDO:0014343	HGNC:2478	biolink:causes	0
0.89191145	MONDO:0014343	HGNC:21493	biolink:causes	0
0.99854785	MONDO:0014343	HGNC:3005	biolink:gene_associated_with_condition	0
0.90767705	MONDO:0014343	HGNC:3694	biolink:gene_associated_with_condition	0
0.950231	MONDO:0014343	HGNC:4431	biolink:causes	0
0.9975199	MONDO:0014343	HGNC:15808	biolink:gene_associated_with_condition	0
0.9138253	MONDO:0014343	HGNC:4718	biolink:causes	0
0.89197457	MONDO:0014343	HGNC:4823	biolink:causes	0
0.7641867	MONDO:0014343	HGNC:23302	biolink:causes	0
0.45026344	MONDO:0014343	HGNC:6315	biolink:causes	0
0.9430408	MONDO:0014343	HGNC:22219	biolink:causes	0
0.99842155	MONDO:0014343	HGNC:6831	biolink:gene_associated_with_condition	0
0.884336	MONDO:0014343	HGNC:2375	biolink:gene_associated_with_condition	0
0.8054735	MONDO:0014343	HGNC:16352	biolink:causes	0
0.66981965	MONDO:0014343	HGNC:8618	biolink:contributes_to	0
0.81858814	MONDO:0014343	HGNC:9046	biolink:gene_associated_with_condition	0
0.8886879	MONDO:0014343	HGNC:9236	biolink:gene_associated_with_condition	0
0.9408237	MONDO:0014343	HGNC:9402	biolink:causes	0
0.93104607	MONDO:0014343	HGNC:17964	biolink:causes	0
0.921844	MONDO:0014343	HGNC:25964	biolink:causes	0
0.92647976	MONDO:0014343	HGNC:10590	biolink:causes	0
0.91272646	MONDO:0014343	HGNC:11071	biolink:causes	0
0.8404555	MONDO:0014343	HGNC:1449	biolink:causes	0
0.70089823	MONDO:0014343	HGNC:11596	biolink:causes	0
0.9987363	MONDO:0014343	HGNC:20324	biolink:gene_associated_with_condition	0
0.8503407	MONDO:0014343	HGNC:11949	biolink:gene_associated_with_condition	0
0.92035735	MONDO:0014343	HGNC:2505	biolink:gene_associated_with_condition	0
0.9352722	MONDO:0014343	HGNC:20603	biolink:causes	0
0.9973781	MONDO:0014343	HGNC:3133	biolink:gene_associated_with_condition	0
0.8230832	MONDO:0014343	HGNC:3259	biolink:gene_associated_with_condition	0
0.97686464	MONDO:0014343	HGNC:28957	biolink:gene_associated_with_condition	0
0.8412775	MONDO:0014343	HGNC:68	biolink:causes	0
0.891797	MONDO:0014343	HGNC:17097	biolink:causes	0
0.9212282	MONDO:0014343	HGNC:3583	biolink:causes	0
0.9015463	MONDO:0014343	HGNC:4313	biolink:gene_associated_with_condition	0
0.7299388	MONDO:0014343	HGNC:6554	biolink:gene_associated_with_condition	0
0.94820946	MONDO:0014343	HGNC:23038	biolink:gene_associated_with_condition	0
0.71376854	MONDO:0014343	HGNC:6709	biolink:contributes_to	0
0.9654016	MONDO:0014343	HGNC:6735	biolink:causes	0
0.98089683	MONDO:0014343	HGNC:7883	biolink:gene_associated_with_condition	0
0.8909627	MONDO:0014343	HGNC:8547	biolink:causes	0
0.9184229	MONDO:0014343	HGNC:26144	biolink:contributes_to	0
0.11249437	MONDO:0014343	HGNC:9220	biolink:causes	0
0.7480989	MONDO:0014343	HGNC:25415	biolink:gene_associated_with_condition	0
0.99852175	MONDO:0014343	HGNC:19129	biolink:gene_associated_with_condition	0
0.9476037	MONDO:0014343	HGNC:961	biolink:gene_associated_with_condition	0
0.8023141	MONDO:0014343	HGNC:23089	biolink:causes	0
0.67741823	MONDO:0014343	HGNC:18628	biolink:causes	0
0.42114928	MONDO:0014343	HGNC:8117	biolink:gene_associated_with_condition	0
0.8126274	MONDO:0014343	HGNC:11771	biolink:causes	0
0.7972884	MONDO:0014343	HGNC:23700	biolink:causes	0
0.94432396	MONDO:0014343	HGNC:12403	biolink:gene_associated_with_condition	0
0.6497868	MONDO:0014343	HGNC:12597	biolink:causes	0
0.9461061	MONDO:0014343	HGNC:12666	biolink:causes	0
0.61948633	MONDO:0014343	HGNC:26790	biolink:causes	0
0.65426296	MONDO:0014343	HGNC:4888	biolink:gene_associated_with_condition	0
0.87240404	MONDO:0014343	HGNC:2213	biolink:causes	0
0.9472837	MONDO:0014343	HGNC:2858	biolink:causes	0
0.48139367	MONDO:0014343	HGNC:2950	biolink:causes	0
0.8817526	MONDO:0014343	HGNC:3239	biolink:causes	0
0.8168197	MONDO:0014383	HGNC:11100	biolink:causes	0
0.59890807	MONDO:0014419	HGNC:15646	biolink:gene_associated_with_condition	0
0.8189599	MONDO:0014419	HGNC:11944	biolink:causes	0
0.5703052	MONDO:0014447	HGNC:7892	biolink:causes	0
0.8760452	MONDO:0014455	HGNC:9175	biolink:causes	0
0.89779437	MONDO:0014455	HGNC:10809	biolink:gene_associated_with_condition	0
0.48454556	MONDO:0014487	HGNC:15456	biolink:causes	0
0.590737	MONDO:0014487	HGNC:7230	biolink:causes	0
0.85534954	MONDO:0014487	HGNC:24281	biolink:causes	0
0.24450868	MONDO:0014487	HGNC:9864	biolink:causes	0
0.9650856	MONDO:0014507	HGNC:9056	biolink:causes	0
0.610855	MONDO:0014539	HGNC:17210	biolink:gene_associated_with_condition	0
0.78208596	MONDO:0014551	HGNC:6010	biolink:causes	0
0.37653056	MONDO:0014583	HGNC:6365	biolink:causes	0
0.3604497	MONDO:0014603	HGNC:17116	biolink:causes	0
0.9782366	MONDO:0014619	HGNC:6909	biolink:causes	0
0.7749064	MONDO:0014627	HGNC:8778	biolink:causes	0
0.8515825	MONDO:0014635	HGNC:4263	biolink:gene_associated_with_condition	0
0.88012135	MONDO:0014711	HGNC:11184	biolink:causes	0
0.93193835	MONDO:0014735	HGNC:3513	biolink:causes	0
0.8756011	MONDO:0014747	HGNC:7473	biolink:gene_associated_with_condition	0
0.9287984	MONDO:0014771	HGNC:7060	biolink:causes	0
0.93688303	MONDO:0014771	HGNC:449	biolink:causes	0
0.7560789	MONDO:0014779	HGNC:24587	biolink:causes	0
0.5346504	MONDO:0014783	HGNC:29932	biolink:gene_associated_with_condition	0
0.33106542	MONDO:0014803	HGNC:11766	biolink:causes	0
0.55600667	MONDO:0014803	HGNC:6998	biolink:gene_associated_with_condition	0
0.901979	MONDO:0014823	HGNC:29508	biolink:causes	0
0.83318466	MONDO:0014823	HGNC:6055	biolink:causes	0
0.49564868	MONDO:0014883	HGNC:30225	biolink:gene_associated_with_condition	0
0.52910906	MONDO:0014883	HGNC:20439	biolink:gene_associated_with_condition	0
0.9896097	MONDO:0014887	HGNC:24861	biolink:causes	0
0.68116266	MONDO:0014899	HGNC:12713	biolink:causes	0
0.8516917	MONDO:0014899	HGNC:23287	biolink:causes	0
0.92826086	MONDO:0014899	HGNC:319	biolink:causes	0
0.49095395	MONDO:0014899	HGNC:11724	biolink:causes	0
0.81754893	MONDO:0014927	HGNC:3754	biolink:causes	0
0.54503083	MONDO:0014927	HGNC:7436	biolink:gene_associated_with_condition	0
0.46282062	MONDO:0014947	HGNC:9658	biolink:gene_associated_with_condition	0
0.74305856	MONDO:0014963	HGNC:3260	biolink:gene_associated_with_condition	0
0.9643804	MONDO:0014963	HGNC:219	biolink:causes	0
0.705555	MONDO:0014995	HGNC:12511	biolink:gene_associated_with_condition	0
0.9822375	MONDO:0014995	HGNC:7944	biolink:causes	0
0.7679051	MONDO:0014995	HGNC:24592	biolink:causes	0
0.72310644	MONDO:0015003	HGNC:18084	biolink:causes	0
0.9143396	MONDO:0015003	HGNC:8940	biolink:causes	0
0.8685443	MONDO:0015007	HGNC:30171	biolink:causes	0
0.98983777	MONDO:0015007	HGNC:28261	biolink:causes	0
0.726167	MONDO:0015300	HGNC:8005	biolink:causes	0
0.8641651	MONDO:0015353	HGNC:1940	biolink:causes	0
0.9606795	MONDO:0015353	HGNC:14107	biolink:causes	0
0.5978044	MONDO:0015557	HGNC:2200	biolink:causes	0
0.22784898	MONDO:0015557	HGNC:5044	biolink:gene_associated_with_condition	0
0.07878412	MONDO:0015597	HGNC:9181	biolink:causes	0
0.30136806	MONDO:0015793	HGNC:19191	biolink:gene_associated_with_condition	0
0.14253989	MONDO:0016097	HGNC:1449	biolink:causes	0
0.7150577	MONDO:0016097	HGNC:19316	biolink:causes	0
0.3521531	MONDO:0016281	HGNC:11772	biolink:causes	0
0.0136121195	MONDO:0016281	HGNC:25913	biolink:gene_associated_with_condition	0
0.24357527	MONDO:0016309	HGNC:2511	biolink:causes	0
0.31628048	MONDO:0016461	HGNC:29350	biolink:causes	0
0.04036996	MONDO:0016573	HGNC:14530	biolink:causes	0
0.08394832	MONDO:0016573	HGNC:4799	biolink:causes	0
0.37427062	MONDO:0016589	HGNC:8548	biolink:causes	0
0.7753512	MONDO:0016621	HGNC:3754	biolink:gene_associated_with_condition	0
0.8633475	MONDO:0016681	HGNC:9091	biolink:causes	0
0.39751667	MONDO:0016681	HGNC:11771	biolink:gene_associated_with_condition	0
0.22307156	MONDO:0016689	HGNC:360	biolink:gene_associated_with_condition	0
0.21700773	MONDO:0016689	HGNC:7489	biolink:gene_associated_with_condition	0
0.22769272	MONDO:0016705	HGNC:31923	biolink:causes	0
0.4304515	MONDO:0016833	HGNC:2528	biolink:causes	0
0.847695	MONDO:0016833	HGNC:29043	biolink:causes	0
0.4107267	MONDO:0017049	HGNC:1787	biolink:contributes_to	0
0.46974912	MONDO:0017049	HGNC:4319	biolink:causes	0
0.32985285	MONDO:0017049	HGNC:6251	biolink:causes	0
0.26254147	MONDO:0017117	HGNC:15802	biolink:gene_associated_with_condition	0
0.6135168	MONDO:0017173	HGNC:24928	biolink:gene_associated_with_condition	0
0.6170009	MONDO:0017173	HGNC:2514	biolink:gene_associated_with_condition	0
0.54844844	MONDO:0017173	HGNC:21270	biolink:causes	0
0.644568	MONDO:0017173	HGNC:25536	biolink:causes	0
0.87228376	MONDO:0017225	HGNC:18340	biolink:causes	0
0.13167171	MONDO:0017225	HGNC:7096	biolink:causes	0
0.2778971	MONDO:0017225	HGNC:8620	biolink:gene_associated_with_condition	0
0.8172273	MONDO:0017241	HGNC:25941	biolink:gene_associated_with_condition	0
0.9759159	MONDO:0017241	HGNC:20800	biolink:causes	0
0.8853543	MONDO:0017241	HGNC:2206	biolink:causes	0
0.35168278	MONDO:0017317	HGNC:6554	biolink:gene_associated_with_condition	0
0.039183065	MONDO:0017389	HGNC:6174	biolink:gene_associated_with_condition	0
0.14598754	MONDO:0017389	HGNC:12572	biolink:gene_associated_with_condition	0
0.9512359	MONDO:0017401	HGNC:132	biolink:causes	0
0.00910126	MONDO:0017629	HGNC:11598	biolink:gene_associated_with_condition	0
0.5663909	MONDO:0017697	HGNC:26186	biolink:causes	0
0.77614766	MONDO:0017729	HGNC:5385	biolink:causes	0
0.39920837	MONDO:0017833	HGNC:8787	biolink:causes	0
0.074965864	MONDO:0017901	HGNC:4922	biolink:causes	0
0.1468865	MONDO:0017901	HGNC:2202	biolink:contributes_to	0
0.44731942	MONDO:0017945	HGNC:3087	biolink:causes	0
0.76047903	MONDO:0017945	HGNC:7883	biolink:gene_associated_with_condition	0
0.8218938	MONDO:0017993	HGNC:3178	biolink:gene_associated_with_condition	0
0.22694178	MONDO:0018197	HGNC:11184	biolink:causes	0
0.5156154	MONDO:0018229	HGNC:3436	biolink:gene_associated_with_condition	0
0.021644607	MONDO:0018254	HGNC:2511	biolink:causes	0
0.32084984	MONDO:0018274	HGNC:16063	biolink:gene_associated_with_condition	0
0.8345526	MONDO:0018598	HGNC:3481	biolink:gene_associated_with_condition	0
0.805003	MONDO:0018598	HGNC:15984	biolink:causes	0
0.7951374	MONDO:0018598	HGNC:23639	biolink:causes	0
0.37382698	MONDO:0018598	HGNC:26200	biolink:gene_associated_with_condition	0
0.8283826	MONDO:0018598	HGNC:25792	biolink:gene_associated_with_condition	0
0.84850293	MONDO:0018598	HGNC:21638	biolink:gene_associated_with_condition	0
0.9317751	MONDO:0018598	HGNC:3755	biolink:causes	0
0.89585024	MONDO:0018598	HGNC:29017	biolink:gene_associated_with_condition	0
0.044368897	MONDO:0018742	HGNC:14977	biolink:causes	0
0.13520923	MONDO:0018758	HGNC:3122	biolink:causes	0
0.2011991	MONDO:0018758	HGNC:2022	biolink:causes	0
0.8709304	MONDO:0018822	HGNC:6518	biolink:causes	0
0.35784316	MONDO:0019082	HGNC:9142	biolink:gene_associated_with_condition	0
0.14331466	MONDO:0019082	HGNC:8609	biolink:causes	0
0.5886989	MONDO:0019150	HGNC:30859	biolink:causes	0
0.86411154	MONDO:0019150	HGNC:9587	biolink:causes	0
0.4379736	MONDO:0019150	HGNC:317	biolink:gene_associated_with_condition	0
0.6188775	MONDO:0019174	HGNC:11764	biolink:causes	0
0.754111	MONDO:0019174	HGNC:5056	biolink:gene_associated_with_condition	0
0.9498253	MONDO:0019174	HGNC:4593	biolink:gene_associated_with_condition	0
0.9335623	MONDO:0019428	HGNC:19073	biolink:gene_associated_with_condition	0
0.7804198	MONDO:0019448	HGNC:10979	biolink:causes	0
0.7444648	MONDO:0019456	HGNC:4801	biolink:gene_associated_with_condition	0
0.13867821	MONDO:0019456	HGNC:710	biolink:causes	0
0.59374905	MONDO:0019456	HGNC:9056	biolink:causes	0
0.1803608	MONDO:0019644	HGNC:8881	biolink:causes	0
0.3246106	MONDO:0019921	HGNC:6770	biolink:causes	0
0.19598252	MONDO:0019921	HGNC:3531	biolink:contributes_to	0
0.76319337	MONDO:0020507	HGNC:620	biolink:gene_associated_with_condition	0
0.54337287	MONDO:0020507	HGNC:5394	biolink:causes	0
0.6359526	MONDO:0020507	HGNC:11427	biolink:causes	0
0.91611344	MONDO:0020507	HGNC:12309	biolink:causes	0
0.76160794	MONDO:0020507	HGNC:18603	biolink:gene_associated_with_condition	0
0.91824603	MONDO:0020563	HGNC:7871	biolink:gene_associated_with_condition	0
0.3450095	MONDO:0020628	HGNC:26276	biolink:gene_associated_with_condition	0
0.3452276	MONDO:0020705	HGNC:8632	biolink:gene_associated_with_condition	0
0.067384735	MONDO:0020721	HGNC:24921	biolink:causes	0
0.85297835	MONDO:0020737	HGNC:469	biolink:gene_associated_with_condition	0
0.8217569	MONDO:0020745	HGNC:11187	biolink:causes	0
0.7551947	MONDO:0020745	HGNC:11766	biolink:contributes_to	0
0.87358904	MONDO:0020745	HGNC:12012	biolink:causes	0
0.7057118	MONDO:0020745	HGNC:2678	biolink:gene_associated_with_condition	0
0.5092398	MONDO:0020745	HGNC:24595	biolink:causes	0
0.84267694	MONDO:0020745	HGNC:18712	biolink:gene_associated_with_condition	0
0.85032487	MONDO:0020745	HGNC:11231	biolink:causes	0
0.6168454	MONDO:0020745	HGNC:7414	biolink:causes	0
0.5827659	MONDO:0020745	HGNC:13429	biolink:causes	0
0.89750963	MONDO:0020745	HGNC:2928	biolink:gene_associated_with_condition	0
0.73722047	MONDO:0020745	HGNC:11065	biolink:causes	0
0.49889386	MONDO:0020745	HGNC:26230	biolink:contributes_to	0
0.79749423	MONDO:0020745	HGNC:3084	biolink:causes	0
0.82536525	MONDO:0020745	HGNC:4193	biolink:gene_associated_with_condition	0
0.89308405	MONDO:0020745	HGNC:27337	biolink:gene_associated_with_condition	0
0.8132184	MONDO:0020745	HGNC:25774	biolink:causes	0
0.59735614	MONDO:0020749	HGNC:494	biolink:gene_associated_with_condition	0
0.99108267	MONDO:0020769	HGNC:23109	biolink:causes	0
0.9833454	MONDO:0020769	HGNC:17978	biolink:gene_associated_with_condition	0
0.38941383	MONDO:0020785	HGNC:14530	biolink:causes	0
0.68421984	MONDO:0020785	HGNC:14234	biolink:gene_associated_with_condition	0
0.78943044	MONDO:0020855	HGNC:17870	biolink:causes	0
0.39306924	MONDO:0024264	HGNC:14378	biolink:causes	0
0.97222203	MONDO:0024550	HGNC:9587	biolink:causes	0
0.91495854	MONDO:0024550	HGNC:24123	biolink:causes	0
0.98943245	MONDO:0024550	HGNC:26877	biolink:gene_associated_with_condition	0
0.67301077	MONDO:0024562	HGNC:27310	biolink:causes	0
0.62706757	MONDO:0024562	HGNC:3976	biolink:causes	0
0.16445437	MONDO:0024570	HGNC:6858	biolink:gene_associated_with_condition	0
0.7957963	MONDO:0025699	HGNC:20773	biolink:gene_associated_with_condition	0
0.9795248	MONDO:0025699	HGNC:2197	biolink:gene_associated_with_condition	0
0.9867597	MONDO:0026730	HGNC:7944	biolink:causes	0
0.9682921	MONDO:0027451	HGNC:4877	biolink:gene_associated_with_condition	0
0.071272634	MONDO:0030028	HGNC:21666	biolink:gene_associated_with_condition	0
0.59470874	MONDO:0030036	HGNC:397	biolink:causes	0
0.14679937	MONDO:0030089	HGNC:5965	biolink:contributes_to	0
0.86014396	MONDO:0030312	HGNC:7981	biolink:gene_associated_with_condition	0
0.9658847	MONDO:0030312	HGNC:2858	biolink:gene_associated_with_condition	0
0.7325583	MONDO:0030338	HGNC:1539	biolink:gene_associated_with_condition	0
0.8436992	MONDO:0030338	HGNC:14255	biolink:gene_associated_with_condition	0
0.629197	MONDO:0030440	HGNC:7154	biolink:causes	0
0.36676094	MONDO:0030440	HGNC:29536	biolink:causes	0
0.74348664	MONDO:0030729	HGNC:28648	biolink:gene_associated_with_condition	0
0.85574937	MONDO:0030878	HGNC:18305	biolink:gene_associated_with_condition	0
0.84664077	MONDO:0030910	HGNC:13356	biolink:causes	0
0.89480454	MONDO:0030910	HGNC:7739	biolink:gene_associated_with_condition	0
0.9938391	MONDO:0030918	HGNC:26941	biolink:causes	0
0.95977485	MONDO:0030918	HGNC:9251	biolink:causes	0
0.85817254	MONDO:0030918	HGNC:8854	biolink:causes	0
0.36632654	MONDO:0030967	HGNC:317	biolink:causes	0
0.1876454	MONDO:0030971	HGNC:13486	biolink:causes	0
0.45444414	MONDO:0032604	HGNC:2417	biolink:gene_associated_with_condition	0
0.93784434	MONDO:0032604	HGNC:28769	biolink:causes	0
0.8187948	MONDO:0032612	HGNC:28672	biolink:causes	0
0.8866193	MONDO:0032624	HGNC:17052	biolink:causes	0
0.9498796	MONDO:0032624	HGNC:1514	biolink:causes	0
0.7197115	MONDO:0032636	HGNC:816	biolink:gene_associated_with_condition	0
0.53414905	MONDO:0032636	HGNC:28460	biolink:causes	0
0.9279078	MONDO:0032636	HGNC:888	biolink:causes	0
0.7019832	MONDO:0032636	HGNC:12403	biolink:gene_associated_with_condition	0
0.6906058	MONDO:0032646	HGNC:10451	biolink:causes	0
0.7487581	MONDO:0032650	HGNC:27288	biolink:gene_associated_with_condition	0
0.7956334	MONDO:0032650	HGNC:970	biolink:causes	0
0.9378038	MONDO:0032724	HGNC:10914	biolink:causes	0
0.82601774	MONDO:0032748	HGNC:10263	biolink:causes	0
0.79700476	MONDO:0032752	HGNC:2027	biolink:causes	0
0.60791314	MONDO:0032778	HGNC:8818	biolink:causes	0
0.9346778	MONDO:0032822	HGNC:8804	biolink:causes	0
0.37941983	MONDO:0032822	HGNC:18127	biolink:causes	0
0.14270449	MONDO:0032835	HGNC:4688	biolink:causes	0
0.22736278	MONDO:0032869	HGNC:1375	biolink:causes	0
0.9373047	MONDO:0032921	HGNC:2197	biolink:causes	0
0.394169	MONDO:0032942	HGNC:16393	biolink:gene_associated_with_condition	0
0.7815684	MONDO:0033006	HGNC:6182	biolink:causes	0
0.99423075	MONDO:0033006	HGNC:24931	biolink:gene_associated_with_condition	0
0.8336374	MONDO:0033046	HGNC:30935	biolink:gene_associated_with_condition	0
0.8722671	MONDO:0033200	HGNC:19185	biolink:causes	0
0.7055096	MONDO:0033200	HGNC:11276	biolink:gene_associated_with_condition	0
0.3666798	MONDO:0033200	HGNC:1093	biolink:causes	0
0.74420786	MONDO:0033200	HGNC:2195	biolink:causes	0
0.68958247	MONDO:0033363	HGNC:7765	biolink:causes	0
0.22255762	MONDO:0033482	HGNC:9658	biolink:gene_associated_with_condition	0
0.44316837	MONDO:0033482	HGNC:28880	biolink:causes	0
0.89882076	MONDO:0033543	HGNC:757	biolink:causes	0
0.50615144	MONDO:0033556	HGNC:21054	biolink:causes	0
0.61467344	MONDO:0033556	HGNC:44204	biolink:causes	0
0.74558985	MONDO:0033556	HGNC:589	biolink:causes	0
0.43645522	MONDO:0033620	HGNC:11019	biolink:gene_associated_with_condition	0
0.7521771	MONDO:0034106	HGNC:1802	biolink:causes	0
0.025854513	MONDO:0035694	HGNC:19309	biolink:causes	0
0.04332213	MONDO:0035823	HGNC:6481	biolink:gene_associated_with_condition	0
0.66528654	MONDO:0035940	HGNC:177	biolink:gene_associated_with_condition	0
0.5727735	MONDO:0036212	HGNC:6416	biolink:causes	0
0.895506	MONDO:0036212	HGNC:3702	biolink:causes	0
0.02215456	MONDO:0044255	HGNC:11917	biolink:gene_associated_with_condition	0
0.024928996	MONDO:0044255	HGNC:25230	biolink:causes	0
0.022736005	MONDO:0044255	HGNC:9046	biolink:contributes_to	0
0.032301005	MONDO:0044255	HGNC:9386	biolink:causes	0
0.02483663	MONDO:0044255	HGNC:26144	biolink:contributes_to	0
0.034511294	MONDO:0044255	HGNC:1228	biolink:causes	0
0.050180405	MONDO:0044255	HGNC:26790	biolink:causes	0
0.7602204	MONDO:0044318	HGNC:8008	biolink:causes	0
0.9874943	MONDO:0044724	HGNC:19046	biolink:causes	0
0.77317053	MONDO:0044724	HGNC:4799	biolink:causes	0
0.88771343	MONDO:0044792	HGNC:26993	biolink:causes	0
0.7902982	MONDO:0044792	HGNC:1090	biolink:gene_associated_with_condition	0
0.20773916	MONDO:0054615	HGNC:15808	biolink:causes	0
0.15903759	MONDO:0054615	HGNC:11781	biolink:gene_associated_with_condition	0
0.18405601	MONDO:0054723	HGNC:20	biolink:causes	0
0.12315385	MONDO:0054723	HGNC:3749	biolink:gene_associated_with_condition	0
0.36490595	MONDO:0054731	HGNC:2464	biolink:gene_associated_with_condition	0
0.94607013	MONDO:0054737	HGNC:20105	biolink:causes	0
0.7107882	MONDO:0054737	HGNC:20773	biolink:causes	0
0.78233	MONDO:0054737	HGNC:2204	biolink:gene_associated_with_condition	0
0.56955045	MONDO:0054737	HGNC:10256	biolink:causes	0
0.90894306	MONDO:0054794	HGNC:7883	biolink:causes	0
0.7973636	MONDO:0054805	HGNC:16466	biolink:gene_associated_with_condition	0
0.78773063	MONDO:0060489	HGNC:2919	biolink:causes	0
0.39604858	MONDO:0060502	HGNC:2594	biolink:gene_associated_with_condition	0
0.90028703	MONDO:0060704	HGNC:3052	biolink:causes	0
0.76349705	MONDO:0060704	HGNC:5439	biolink:causes	0
0.7965755	MONDO:0100045	HGNC:16393	biolink:causes	0
0.902467	MONDO:0100045	HGNC:7133	biolink:gene_associated_with_condition	0
0.9090417	MONDO:0100101	HGNC:8548	biolink:causes	0
0.08193553	MONDO:0100101	HGNC:14544	biolink:gene_associated_with_condition	0
0.40812355	MONDO:0100186	HGNC:4162	biolink:causes	0
0.20879303	MONDO:0100186	HGNC:494	biolink:causes	0
0.8961565	MONDO:0100218	HGNC:5961	biolink:causes	0
0.49186626	MONDO:0100218	HGNC:613	biolink:contributes_to	0
0.4533527	MONDO:0100218	HGNC:13875	biolink:causes	0
0.5317181	MONDO:0100294	HGNC:9832	biolink:causes	0
0.56982195	MONDO:0100340	HGNC:17272	biolink:causes	0
0.12415122	MONDO:0100460	HGNC:25928	biolink:gene_associated_with_condition	0
0.45117363	MONDO:0100468	HGNC:28984	biolink:causes	0
0.16400713	MONDO:0100533	HGNC:225	biolink:gene_associated_with_condition	0
0.71588963	MONDO:0100533	HGNC:5439	biolink:gene_associated_with_condition	0
0.70964026	MONDO:0700090	HGNC:7208	biolink:gene_associated_with_condition	0
0.93103826	MONDO:0700250	HGNC:5136	biolink:gene_associated_with_condition	0
0.79366696	MONDO:0700250	HGNC:15646	biolink:causes	0
0.9580232	MONDO:0700250	HGNC:18591	biolink:causes	0
0.72314966	MONDO:0700250	HGNC:11771	biolink:causes	0
0.81511015	MONDO:0800026	HGNC:9719	biolink:causes	0
0.25460905	MONDO:0800026	HGNC:9460	biolink:gene_associated_with_condition	0
0.551116	MONDO:0800026	HGNC:29456	biolink:gene_associated_with_condition	0
0.52436006	MONDO:0800026	HGNC:18683	biolink:causes	0
0.83190167	MONDO:0800026	HGNC:10472	biolink:causes	0
0.13671461	MONDO:0800030	HGNC:388	biolink:causes	0
0.60449415	MONDO:0800030	HGNC:8005	biolink:causes	0
0.023940582	MONDO:0858999	HGNC:16066	biolink:gene_associated_with_condition	0
0.020938575	MONDO:0858999	HGNC:15559	biolink:gene_associated_with_condition	0
0.7607939	MONDO:0859182	HGNC:7523	biolink:gene_associated_with_condition	0
0.835218	MONDO:0859207	HGNC:12373	biolink:gene_associated_with_condition	0
0.9523833	MONDO:0859207	HGNC:30074	biolink:gene_associated_with_condition	0
0.7286895	MONDO:0859207	HGNC:15578	biolink:causes	0
0.7211845	MONDO:0859295	HGNC:6541	biolink:gene_associated_with_condition	0
0.9048694	MONDO:0859295	HGNC:20372	biolink:causes	0
0.9492986	MONDO:0859312	HGNC:3690	biolink:gene_associated_with_condition	0
0.956054	MONDO:0859312	HGNC:10597	biolink:gene_associated_with_condition	0
0.54646015	MONDO:0859312	HGNC:8977	biolink:causes	0
0.18468285	MONDO:0859338	HGNC:4312	biolink:contributes_to	0
0.35400355	MONDO:0859338	HGNC:14234	biolink:gene_associated_with_condition	0
0.7631824	MONDO:0859379	HGNC:4431	biolink:causes	0
0.0028363923	MONDO:0859521	HGNC:10736	biolink:gene_associated_with_condition	0
0.3765651	MONDO:0957202	HGNC:4888	biolink:contributes_to	0
0.4291683	MONDO:0957270	HGNC:3816	biolink:causes	0
0.8802301	MONDO:0957270	HGNC:3218	biolink:causes	0
0.60775787	MONDO:0957270	HGNC:12873	biolink:gene_associated_with_condition	0
0.7858682	MONDO:0957787	HGNC:2383	biolink:causes	0
0.7887249	MONDO:0957787	HGNC:4367	biolink:gene_associated_with_condition	0
0.10950807	MONDO:0957993	HGNC:8001	biolink:causes	0
0.69784564	MONDO:0957993	HGNC:1839	biolink:causes	0
0.8272697	MONDO:0957993	HGNC:2198	biolink:causes	0
0.65059346	MONDO:0958085	HGNC:572	biolink:causes	0
0.59241605	MONDO:0958085	HGNC:14539	biolink:contributes_to	0
0.63267606	MONDO:0958085	HGNC:315	biolink:causes	0
0.83750314	MONDO:0958085	HGNC:438	biolink:gene_associated_with_condition	0
0.5695965	MONDO:0958085	HGNC:20672	biolink:causes	0
0.8182609	MONDO:0958085	HGNC:10955	biolink:causes	0
0.6090614	MONDO:0958085	HGNC:12463	biolink:gene_associated_with_condition	0
0.48021573	MONDO:0958242	HGNC:20761	biolink:causes	0
0.7482234	MONDO:0958279	HGNC:7176	biolink:causes	0
0.20406406	MONDO:0968976	HGNC:5476	biolink:gene_associated_with_condition	0
0.78409064	MONDO:0968976	HGNC:12403	biolink:causes	0
0.82672846	MONDO:0968990	HGNC:2200	biolink:causes	0
0.52676094	MONDO:0971016	HGNC:6342	biolink:gene_associated_with_condition	0
0.48683262	MONDO:0971016	HGNC:11356	biolink:causes	0
0.4530664	MONDO:0971016	HGNC:24877	biolink:gene_associated_with_condition	0
0.06286782	MONDO:0971064	HGNC:10591	biolink:gene_associated_with_condition	0
0.027047358	MONDO:0971064	HGNC:12593	biolink:contributes_to	0
0.49824417	MONDO:0975754	HGNC:7490	biolink:gene_associated_with_condition	0
0.5634114	MONDO:0975754	HGNC:18621	biolink:causes	0
0.8750442	MONDO:0975754	HGNC:5466	biolink:causes	0
0.15207933	MONDO:0976226	HGNC:13202	biolink:gene_associated_with_condition	0
0.008825134	MONDO:0976267	HGNC:6211	biolink:causes	0
0.016206924	MONDO:0976267	HGNC:7745	biolink:causes	0
0.30543813	HGNC:18149	MONDO:0014346	biolink:causes	0
0.8782253	HGNC:57	MONDO:0010659	biolink:causes	0
0.9022766	HGNC:57	MONDO:0012539	biolink:causes	0
0.9036182	HGNC:60	MONDO:0010631	biolink:causes	0
0.77381384	HGNC:60	MONDO:0010122	biolink:causes	0
0.40385118	HGNC:13886	MONDO:0009211	biolink:causes	0
0.16977362	HGNC:13886	MONDO:0036189	biolink:causes	0
0.2351268	HGNC:90	MONDO:0044638	biolink:gene_associated_with_condition	0
0.6787061	HGNC:90	MONDO:0012786	biolink:gene_associated_with_condition	0
0.845293	HGNC:90	MONDO:0032900	biolink:gene_associated_with_condition	0
0.023940582	HGNC:16066	MONDO:0858999	biolink:gene_associated_with_condition	0
0.7487581	HGNC:27288	MONDO:0032650	biolink:gene_associated_with_condition	0
0.76260406	HGNC:132	MONDO:0014131	biolink:gene_associated_with_condition	0
0.9874423	HGNC:132	MONDO:0014343	biolink:gene_associated_with_condition	0
0.9512359	HGNC:132	MONDO:0017401	biolink:causes	0
0.4261982	HGNC:132	MONDO:0000914	biolink:causes	0
0.20508541	HGNC:132	MONDO:0008637	biolink:gene_associated_with_condition	0
0.7390921	HGNC:132	MONDO:0010790	biolink:gene_associated_with_condition	0
0.78916216	HGNC:132	MONDO:0020603	biolink:causes	0
0.5562565	HGNC:143	MONDO:0011556	biolink:causes	0
0.7661575	HGNC:164	MONDO:0010441	biolink:causes	0
0.57769114	HGNC:164	MONDO:0009140	biolink:causes	0
0.66528654	HGNC:177	MONDO:0035940	biolink:gene_associated_with_condition	0
0.4132631	HGNC:177	MONDO:0014080	biolink:gene_associated_with_condition	0
0.35785088	HGNC:177	MONDO:0009874	biolink:gene_associated_with_condition	0
0.6398566	HGNC:177	MONDO:0014586	biolink:gene_associated_with_condition	0
0.50099975	HGNC:17111	MONDO:0015278	biolink:causes	0
0.16400713	HGNC:225	MONDO:0100533	biolink:gene_associated_with_condition	0
0.85223603	HGNC:236	MONDO:0008377	biolink:causes	0
0.76516515	HGNC:236	MONDO:0010758	biolink:causes	0
0.7502686	HGNC:236	MONDO:0020607	biolink:causes	0
0.87863445	HGNC:4516	MONDO:0008377	biolink:causes	0
0.7003074	HGNC:4516	MONDO:0014841	biolink:causes	0
0.76373106	HGNC:13841	MONDO:0007813	biolink:causes	0
0.8744783	HGNC:13841	MONDO:0044660	biolink:causes	0
0.26298073	HGNC:285	MONDO:0008684	biolink:causes	0
0.5949334	HGNC:291	MONDO:0013664	biolink:gene_associated_with_condition	0
0.662091	HGNC:291	MONDO:0014866	biolink:gene_associated_with_condition	0
0.024928996	HGNC:25230	MONDO:0044255	biolink:causes	0
0.38733888	HGNC:392	MONDO:0009053	biolink:gene_associated_with_condition	0
0.93193835	HGNC:3513	MONDO:0014735	biolink:causes	0
0.95169467	HGNC:3513	MONDO:0010397	biolink:causes	0
0.19598252	HGNC:3531	MONDO:0019921	biolink:contributes_to	0
0.43679887	HGNC:3531	MONDO:0009872	biolink:contributes_to	0
0.4781688	HGNC:3531	MONDO:0012652	biolink:contributes_to	0
0.9335028	HGNC:3587	MONDO:0008542	biolink:causes	0
0.8604613	HGNC:26222	MONDO:0010415	biolink:causes	0
0.7530077	HGNC:26222	MONDO:0007445	biolink:causes	0
0.8407135	HGNC:26222	MONDO:0009110	biolink:causes	0
0.5256829	HGNC:11936	MONDO:0013821	biolink:causes	0
0.8975491	HGNC:3603	MONDO:0012943	biolink:causes	0
0.9273455	HGNC:3603	MONDO:0008777	biolink:gene_associated_with_condition	0
0.94135517	HGNC:3603	MONDO:0014184	biolink:causes	0
0.5219083	HGNC:13601	MONDO:0007137	biolink:gene_associated_with_condition	0
0.9018194	HGNC:13601	MONDO:0030037	biolink:gene_associated_with_condition	0
0.9449507	HGNC:3663	MONDO:0010281	biolink:causes	0
0.97027797	HGNC:3663	MONDO:0012514	biolink:causes	0
0.6778368	HGNC:3702	MONDO:0010767	biolink:gene_associated_with_condition	0
0.972033	HGNC:3702	MONDO:0014343	biolink:causes	0
0.895506	HGNC:3702	MONDO:0036212	biolink:causes	0
0.7408639	HGNC:3702	MONDO:0010086	biolink:causes	0
0.8600046	HGNC:3702	MONDO:0011398	biolink:gene_associated_with_condition	0
0.8677185	HGNC:3705	MONDO:0035819	biolink:gene_associated_with_condition	0
0.8891438	HGNC:3754	MONDO:0009151	biolink:gene_associated_with_condition	0
0.8972874	HGNC:3754	MONDO:0009843	biolink:gene_associated_with_condition	0
0.81754893	HGNC:3754	MONDO:0014927	biolink:causes	0
0.7753512	HGNC:3754	MONDO:0016621	biolink:gene_associated_with_condition	0
0.9443365	HGNC:3754	MONDO:0008377	biolink:causes	0
0.9222211	HGNC:3754	MONDO:0016355	biolink:gene_associated_with_condition	0
0.7093489	HGNC:3754	MONDO:0009928	biolink:causes	0
0.94404304	HGNC:3754	MONDO:0010092	biolink:causes	0
0.8327592	HGNC:3754	MONDO:0015566	biolink:causes	0
0.92328954	HGNC:3754	MONDO:0009998	biolink:gene_associated_with_condition	0
0.8500787	HGNC:3754	MONDO:0024553	biolink:gene_associated_with_condition	0
0.75752646	HGNC:3816	MONDO:0014343	biolink:causes	0
0.4291683	HGNC:3816	MONDO:0957270	biolink:causes	0
0.32769468	HGNC:3816	MONDO:0100083	biolink:causes	0
0.3261433	HGNC:3816	MONDO:0008644	biolink:causes	0
0.5353329	HGNC:3816	MONDO:0009052	biolink:causes	0
0.42728096	HGNC:12765	MONDO:0060702	biolink:gene_associated_with_condition	0
0.573899	HGNC:26927	MONDO:0007791	biolink:causes	0
0.9156096	HGNC:26927	MONDO:0032849	biolink:causes	0
0.8622568	HGNC:1362	MONDO:0032899	biolink:gene_associated_with_condition	0
0.9055023	HGNC:1362	MONDO:0030927	biolink:gene_associated_with_condition	0
0.6654598	HGNC:3960	MONDO:0009965	biolink:causes	0
0.83422774	HGNC:3960	MONDO:0957820	biolink:causes	0
0.44476813	HGNC:21675	MONDO:0010523	biolink:causes	0
0.7665023	HGNC:3951	MONDO:0014343	biolink:causes	0
0.9896097	HGNC:24861	MONDO:0014887	biolink:causes	0
0.8410168	HGNC:24861	MONDO:0030366	biolink:causes	0
0.0781364	HGNC:15802	MONDO:0007163	biolink:causes	0
0.25119346	HGNC:15802	MONDO:0009159	biolink:gene_associated_with_condition	0
0.26254147	HGNC:15802	MONDO:0017117	biolink:gene_associated_with_condition	0
0.05996408	HGNC:15802	MONDO:0007564	biolink:causes	0
0.24363193	HGNC:15802	MONDO:0009274	biolink:causes	0
0.33224565	HGNC:15802	MONDO:0010758	biolink:causes	0
0.27166563	HGNC:15802	MONDO:0014466	biolink:gene_associated_with_condition	0
0.6971759	HGNC:4175	MONDO:0007925	biolink:gene_associated_with_condition	0
0.07694247	HGNC:15805	MONDO:0957876	biolink:gene_associated_with_condition	0
0.5971945	HGNC:4204	MONDO:0010315	biolink:causes	0
0.03373318	HGNC:4204	MONDO:0100289	biolink:causes	0
0.31983006	HGNC:4236	MONDO:0009377	biolink:causes	0
0.87816876	HGNC:29682	MONDO:0014039	biolink:causes	0
0.8438718	HGNC:29682	MONDO:0008377	biolink:causes	0
0.8515825	HGNC:4263	MONDO:0014635	biolink:gene_associated_with_condition	0
0.75664485	HGNC:4263	MONDO:0017696	biolink:gene_associated_with_condition	0
0.401115	HGNC:17494	MONDO:0007744	biolink:causes	0
0.9791757	HGNC:17494	MONDO:0032705	biolink:gene_associated_with_condition	0
0.46974912	HGNC:4319	MONDO:0017049	biolink:causes	0
0.5075751	HGNC:4319	MONDO:0030619	biolink:causes	0
0.048552737	HGNC:29525	MONDO:0007664	biolink:causes	0
0.12148816	HGNC:29525	MONDO:0008700	biolink:causes	0
0.107201695	HGNC:29525	MONDO:0013162	biolink:causes	0
0.6896629	HGNC:4379	MONDO:0024552	biolink:gene_associated_with_condition	0
0.43401572	HGNC:4379	MONDO:0033047	biolink:gene_associated_with_condition	0
0.7875581	HGNC:4379	MONDO:0958180	biolink:causes	0
0.3713414	HGNC:4379	MONDO:0007042	biolink:gene_associated_with_condition	0
0.6233703	HGNC:4379	MONDO:0008834	biolink:gene_associated_with_condition	0
0.56619346	HGNC:4379	MONDO:0014602	biolink:causes	0
0.38919356	HGNC:4390	MONDO:0014693	biolink:gene_associated_with_condition	0
0.035316832	HGNC:4393	MONDO:0007103	biolink:causes	0
0.593802	HGNC:4393	MONDO:0010511	biolink:causes	0
0.6303349	HGNC:4393	MONDO:0010169	biolink:causes	0
0.9693881	HGNC:19980	MONDO:0957271	biolink:causes	0
0.94536835	HGNC:29670	MONDO:0008377	biolink:gene_associated_with_condition	0
0.6355055	HGNC:4439	MONDO:0008818	biolink:gene_associated_with_condition	0
0.39835638	HGNC:2799	MONDO:0009965	biolink:causes	0
0.67741865	HGNC:4689	MONDO:0007537	biolink:causes	0
0.6550506	HGNC:4689	MONDO:0008885	biolink:causes	0
0.4214517	HGNC:4689	MONDO:0012453	biolink:causes	0
0.90057504	HGNC:4787	MONDO:0009965	biolink:causes	0
0.7569197	HGNC:4785	MONDO:0014321	biolink:causes	0
0.9529557	HGNC:4713	MONDO:0014203	biolink:causes	0
0.7444648	HGNC:4801	MONDO:0019456	biolink:gene_associated_with_condition	0
0.4858691	HGNC:4801	MONDO:0017715	biolink:gene_associated_with_condition	0
0.5765095	HGNC:4801	MONDO:0031084	biolink:gene_associated_with_condition	0
0.8674758	HGNC:4816	MONDO:0030055	biolink:causes	0
0.7141369	HGNC:18437	MONDO:0957812	biolink:causes	0
0.90018076	HGNC:4824	MONDO:0014343	biolink:causes	0
0.77619314	HGNC:4824	MONDO:0017939	biolink:gene_associated_with_condition	0
0.13416186	HGNC:4832	MONDO:0018611	biolink:gene_associated_with_condition	0
0.20477529	HGNC:4832	MONDO:0011430	biolink:gene_associated_with_condition	0
0.3059031	HGNC:4868	MONDO:0013181	biolink:causes	0
0.16142982	HGNC:4868	MONDO:0013236	biolink:causes	0
0.4854178	HGNC:4868	MONDO:0008818	biolink:causes	0
0.24018909	HGNC:4868	MONDO:0013198	biolink:causes	0
0.9293149	HGNC:4868	MONDO:0014358	biolink:causes	0
0.63608867	HGNC:4886	MONDO:0013756	biolink:gene_associated_with_condition	0
0.9423488	HGNC:26527	MONDO:0859340	biolink:causes	0
0.94001013	HGNC:26527	MONDO:0012190	biolink:causes	0
0.9851929	HGNC:26527	MONDO:0013962	biolink:causes	0
0.20738022	HGNC:4942	MONDO:0013460	biolink:gene_associated_with_condition	0
0.24727778	HGNC:4948	MONDO:0009151	biolink:gene_associated_with_condition	0
0.4807071	HGNC:4948	MONDO:0009839	biolink:contributes_to	0
0.3404103	HGNC:4948	MONDO:0013301	biolink:contributes_to	0
0.24194889	HGNC:4948	MONDO:0014401	biolink:contributes_to	0
0.3203736	HGNC:4948	MONDO:0032741	biolink:contributes_to	0
0.2018545	HGNC:4948	MONDO:0008740	biolink:gene_associated_with_condition	0
0.30575207	HGNC:4948	MONDO:0014612	biolink:gene_associated_with_condition	0
0.77404326	HGNC:5005	MONDO:0011603	biolink:gene_associated_with_condition	0
0.51731694	HGNC:5005	MONDO:0030455	biolink:causes	0
0.98693305	HGNC:5154	MONDO:0009053	biolink:gene_associated_with_condition	0
0.7003782	HGNC:5154	MONDO:0011556	biolink:gene_associated_with_condition	0
0.39442548	HGNC:5208	MONDO:0010335	biolink:causes	0
0.41429108	HGNC:5208	MONDO:0014343	biolink:causes	0
0.21190447	HGNC:5208	MONDO:0009061	biolink:causes	0
0.23229538	HGNC:5246	MONDO:0007677	biolink:causes	0
0.7720963	HGNC:30171	MONDO:0013391	biolink:causes	0
0.8685443	HGNC:30171	MONDO:0015007	biolink:causes	0
0.75020057	HGNC:30171	MONDO:0018611	biolink:causes	0
0.89696014	HGNC:29685	MONDO:0009677	biolink:causes	0
0.9405311	HGNC:29685	MONDO:0970994	biolink:causes	0
0.9975344	HGNC:5382	MONDO:0014343	biolink:gene_associated_with_condition	0
0.9311947	HGNC:5382	MONDO:0012173	biolink:gene_associated_with_condition	0
0.93649465	HGNC:5382	MONDO:0013962	biolink:gene_associated_with_condition	0
0.9355857	HGNC:5391	MONDO:0007794	biolink:causes	0
0.8570667	HGNC:18873	MONDO:0800341	biolink:causes	0
0.9332877	HGNC:18873	MONDO:0008818	biolink:causes	0
0.75450206	HGNC:21424	MONDO:0013795	biolink:causes	0
0.38932592	HGNC:6024	MONDO:0010227	biolink:causes	0
0.6011879	HGNC:6024	MONDO:0014753	biolink:causes	0
0.90473586	HGNC:6081	MONDO:0008377	biolink:causes	0
0.690647	HGNC:6081	MONDO:0011184	biolink:causes	0
0.09480831	HGNC:6081	MONDO:0012488	biolink:causes	0
0.52989286	HGNC:6081	MONDO:0013690	biolink:causes	0
0.96108717	HGNC:6091	MONDO:0014343	biolink:causes	0
0.96108717	HGNC:6091	MONDO:0014343	biolink:gene_associated_with_condition	0
0.591575	HGNC:6091	MONDO:0012044	biolink:causes	0
0.55998296	HGNC:6091	MONDO:0012368	biolink:causes	0
0.28506133	HGNC:6091	MONDO:0008278	biolink:causes	0
0.9846867	HGNC:14361	MONDO:0030915	biolink:causes	0
0.88817793	HGNC:6186	MONDO:0014343	biolink:causes	0
0.7643476	HGNC:6186	MONDO:0012792	biolink:causes	0
0.7139074	HGNC:14202	MONDO:0018324	biolink:causes	0
0.4671676	HGNC:14202	MONDO:0019107	biolink:causes	0
0.70617366	HGNC:14202	MONDO:0012930	biolink:causes	0
0.77630895	HGNC:6217	MONDO:0014282	biolink:gene_associated_with_condition	0
0.8577915	HGNC:29068	MONDO:0009495	biolink:causes	0
0.9326349	HGNC:29068	MONDO:0007636	biolink:causes	0
0.80725366	HGNC:6222	MONDO:0035651	biolink:causes	0
0.7489936	HGNC:6235	MONDO:0032915	biolink:causes	0
0.6006499	HGNC:6235	MONDO:0011484	biolink:causes	0
0.3193295	HGNC:6235	MONDO:0009642	biolink:causes	0
0.58688337	HGNC:6235	MONDO:0033259	biolink:causes	0
0.32985285	HGNC:6251	MONDO:0017049	biolink:causes	0
0.07392888	HGNC:39080	MONDO:0008678	biolink:contributes_to	0
0.9701	HGNC:6305	MONDO:0013178	biolink:causes	0
0.901979	HGNC:29508	MONDO:0014823	biolink:causes	0
0.53407145	HGNC:29508	MONDO:0012096	biolink:causes	0
0.8522029	HGNC:30497	MONDO:0018448	biolink:causes	0
0.9976169	HGNC:30497	MONDO:0013256	biolink:gene_associated_with_condition	0
0.70923656	HGNC:6343	MONDO:0013718	biolink:causes	0
0.59890807	HGNC:15646	MONDO:0014419	biolink:gene_associated_with_condition	0
0.79366696	HGNC:15646	MONDO:0700250	biolink:causes	0
0.6630749	HGNC:15646	MONDO:0011165	biolink:causes	0
0.55776674	HGNC:15646	MONDO:0012792	biolink:causes	0
0.22732906	HGNC:15646	MONDO:0012526	biolink:causes	0
0.099227734	HGNC:18829	MONDO:0008854	biolink:causes	0
0.993049	HGNC:7132	MONDO:0014343	biolink:gene_associated_with_condition	0
0.7823838	HGNC:7132	MONDO:0007157	biolink:gene_associated_with_condition	0
0.5908664	HGNC:7132	MONDO:0010392	biolink:gene_associated_with_condition	0
0.902467	HGNC:7133	MONDO:0100045	biolink:gene_associated_with_condition	0
0.7240008	HGNC:7133	MONDO:0012569	biolink:gene_associated_with_condition	0
0.9004466	HGNC:7133	MONDO:0017354	biolink:gene_associated_with_condition	0
0.94230527	HGNC:7133	MONDO:0032656	biolink:gene_associated_with_condition	0
0.16410546	HGNC:21839	MONDO:0008684	biolink:causes	0
0.15647523	HGNC:6440	MONDO:0011448	biolink:causes	0
0.20373714	HGNC:6423	MONDO:0032845	biolink:gene_associated_with_condition	0
0.35779095	HGNC:6423	MONDO:0017382	biolink:gene_associated_with_condition	0
0.9607622	HGNC:26058	MONDO:0010758	biolink:causes	0
0.63583046	HGNC:26058	MONDO:0859311	biolink:causes	0
0.75415707	HGNC:6483	MONDO:0007363	biolink:gene_associated_with_condition	0
0.7937188	HGNC:6483	MONDO:0013216	biolink:gene_associated_with_condition	0
0.57806385	HGNC:6483	MONDO:0014020	biolink:gene_associated_with_condition	0
0.9422287	HGNC:6501	MONDO:0014343	biolink:causes	0
0.6994315	HGNC:6501	MONDO:0009818	biolink:causes	0
0.15701675	HGNC:31923	MONDO:0012607	biolink:causes	0
0.22769272	HGNC:31923	MONDO:0016705	biolink:causes	0
0.56049865	HGNC:31923	MONDO:0008153	biolink:causes	0
0.7573315	HGNC:6530	MONDO:0012700	biolink:causes	0
0.13520923	HGNC:3122	MONDO:0018758	biolink:causes	0
0.8443759	HGNC:21244	MONDO:0014981	biolink:gene_associated_with_condition	0
0.16944939	HGNC:6553	MONDO:0007747	biolink:causes	0
0.9528241	HGNC:18712	MONDO:0014343	biolink:gene_associated_with_condition	0
0.84267694	HGNC:18712	MONDO:0020745	biolink:gene_associated_with_condition	0
0.8432248	HGNC:6595	MONDO:0013351	biolink:causes	0
0.7581506	HGNC:6595	MONDO:0009281	biolink:causes	0
0.867707	HGNC:6595	MONDO:0024309	biolink:causes	0
0.75388926	HGNC:6595	MONDO:0044323	biolink:causes	0
0.8772739	HGNC:6654	MONDO:0014227	biolink:gene_associated_with_condition	0
0.51508826	HGNC:6654	MONDO:0009061	biolink:causes	0
0.8468063	HGNC:6664	MONDO:0017715	biolink:causes	0
0.39803976	HGNC:6694	MONDO:0975841	biolink:gene_associated_with_condition	0
0.8556299	HGNC:6694	MONDO:0013208	biolink:gene_associated_with_condition	0
0.81026495	HGNC:18608	MONDO:0012368	biolink:causes	0
0.8501368	HGNC:450	MONDO:0011448	biolink:gene_associated_with_condition	0
0.9688904	HGNC:26837	MONDO:0011907	biolink:causes	0
0.93278635	HGNC:26837	MONDO:0033566	biolink:causes	0
0.56006604	HGNC:464	MONDO:0011273	biolink:gene_associated_with_condition	0
0.13415264	HGNC:468	MONDO:0019157	biolink:gene_associated_with_condition	0
0.59103984	HGNC:29186	MONDO:0014453	biolink:gene_associated_with_condition	0
0.008825134	HGNC:6211	MONDO:0976267	biolink:causes	0
0.5152481	HGNC:6211	MONDO:0011760	biolink:causes	0
0.65059346	HGNC:572	MONDO:0958085	biolink:causes	0
0.6436089	HGNC:572	MONDO:0012594	biolink:causes	0
0.9342062	HGNC:22197	MONDO:0014717	biolink:gene_associated_with_condition	0
0.7235782	HGNC:22197	MONDO:0011932	biolink:gene_associated_with_condition	0
0.4797202	HGNC:600	MONDO:0012925	biolink:causes	0
0.805003	HGNC:15984	MONDO:0018598	biolink:causes	0
0.7582418	HGNC:15984	MONDO:0010160	biolink:causes	0
0.6212864	HGNC:24097	MONDO:0015631	biolink:causes	0
0.7618412	HGNC:24097	MONDO:0009262	biolink:causes	0
0.40756607	HGNC:24097	MONDO:0971002	biolink:causes	0
0.6668814	HGNC:649	MONDO:0009891	biolink:gene_associated_with_condition	0
0.9084159	HGNC:649	MONDO:0009737	biolink:causes	0
0.9021534	HGNC:649	MONDO:0013686	biolink:causes	0
0.82262474	HGNC:694	MONDO:0012041	biolink:causes	0
0.7893284	HGNC:694	MONDO:0007944	biolink:causes	0
0.13867821	HGNC:710	MONDO:0019456	biolink:causes	0
0.73066586	HGNC:29561	MONDO:0013711	biolink:causes	0
0.46829286	HGNC:29561	MONDO:0011713	biolink:causes	0
0.9261405	HGNC:735	MONDO:0958176	biolink:gene_associated_with_condition	0
0.8999986	HGNC:19088	MONDO:0013927	biolink:causes	0
0.78873324	HGNC:19088	MONDO:0009737	biolink:causes	0
0.9919419	HGNC:19088	MONDO:0060752	biolink:causes	0
0.8631813	HGNC:757	MONDO:0012039	biolink:gene_associated_with_condition	0
0.89882076	HGNC:757	MONDO:0033543	biolink:causes	0
0.8976262	HGNC:757	MONDO:0007381	biolink:causes	0
0.9488122	HGNC:757	MONDO:0008377	biolink:gene_associated_with_condition	0
0.9398404	HGNC:757	MONDO:0011165	biolink:gene_associated_with_condition	0
0.96637636	HGNC:757	MONDO:0010278	biolink:gene_associated_with_condition	0
0.74558985	HGNC:589	MONDO:0033556	biolink:causes	0
0.49449953	HGNC:589	MONDO:0054780	biolink:causes	0
0.85032487	HGNC:11231	MONDO:0020745	biolink:causes	0
0.7679053	HGNC:11231	MONDO:0009490	biolink:causes	0
0.76483965	HGNC:799	MONDO:0007922	biolink:causes	0
0.7659927	HGNC:799	MONDO:0044723	biolink:causes	0
0.035898384	HGNC:29536	MONDO:0013235	biolink:causes	0
0.36676094	HGNC:29536	MONDO:0030440	biolink:causes	0
0.45898265	HGNC:29536	MONDO:0008817	biolink:causes	0
0.17824882	HGNC:29536	MONDO:0009804	biolink:causes	0
0.3273411	HGNC:29536	MONDO:0859187	biolink:gene_associated_with_condition	0
0.120953515	HGNC:6893	MONDO:0008399	biolink:causes	0
0.6956161	HGNC:6893	MONDO:0008377	biolink:gene_associated_with_condition	0
0.25872353	HGNC:6893	MONDO:0011932	biolink:gene_associated_with_condition	0
0.11810366	HGNC:6893	MONDO:0008854	biolink:causes	0
0.36675993	HGNC:6893	MONDO:0011830	biolink:gene_associated_with_condition	0
0.48454556	HGNC:15456	MONDO:0014487	biolink:causes	0
0.5661056	HGNC:6944	MONDO:0019767	biolink:causes	0
0.5093881	HGNC:6944	MONDO:0030054	biolink:causes	0
0.67993486	HGNC:6944	MONDO:0010850	biolink:causes	0
0.23629498	HGNC:6944	MONDO:0010870	biolink:causes	0
0.97202075	HGNC:6990	MONDO:0014343	biolink:gene_associated_with_condition	0
0.9062885	HGNC:6990	MONDO:0009609	biolink:gene_associated_with_condition	0
0.9075876	HGNC:6990	MONDO:0032653	biolink:gene_associated_with_condition	0
0.90557164	HGNC:14575	MONDO:0014343	biolink:gene_associated_with_condition	0
0.6811621	HGNC:14575	MONDO:0007561	biolink:gene_associated_with_condition	0
0.7783627	HGNC:14575	MONDO:0958353	biolink:gene_associated_with_condition	0
0.84137356	HGNC:14575	MONDO:0971014	biolink:gene_associated_with_condition	0
0.07925352	HGNC:28613	MONDO:0009419	biolink:causes	0
0.81240815	HGNC:7010	MONDO:0014996	biolink:gene_associated_with_condition	0
0.630545	HGNC:7010	MONDO:0030987	biolink:gene_associated_with_condition	0
0.9219157	HGNC:13520	MONDO:0014392	biolink:causes	0
0.90471286	HGNC:18121	MONDO:0007376	biolink:causes	0
0.9301251	HGNC:7060	MONDO:0008751	biolink:gene_associated_with_condition	0
0.9287984	HGNC:7060	MONDO:0014771	biolink:causes	0
0.95630795	HGNC:7060	MONDO:0017218	biolink:causes	0
0.9691989	HGNC:7060	MONDO:0030060	biolink:gene_associated_with_condition	0
0.064071536	HGNC:33914	MONDO:0013640	biolink:causes	0
0.7751107	HGNC:31527	MONDO:0013843	biolink:causes	0
0.80726725	HGNC:25221	MONDO:0012483	biolink:gene_associated_with_condition	0
0.45854822	HGNC:25221	MONDO:0011417	biolink:causes	0
0.90571713	HGNC:25221	MONDO:0011464	biolink:causes	0
0.6474074	HGNC:25221	MONDO:0031084	biolink:causes	0
0.8393753	HGNC:25221	MONDO:0054750	biolink:gene_associated_with_condition	0
0.9626336	HGNC:25221	MONDO:0010130	biolink:gene_associated_with_condition	0
0.8384999	HGNC:25221	MONDO:0014518	biolink:gene_associated_with_condition	0
0.8204904	HGNC:25221	MONDO:0014586	biolink:gene_associated_with_condition	0
0.9013684	HGNC:7224	MONDO:0024523	biolink:causes	0
0.93159866	HGNC:7224	MONDO:0007922	biolink:causes	0
0.590737	HGNC:7230	MONDO:0014487	biolink:causes	0
0.73805004	HGNC:7370	MONDO:0011275	biolink:causes	0
0.6168454	HGNC:7414	MONDO:0020745	biolink:causes	0
0.59971267	HGNC:7461	MONDO:0014970	biolink:gene_associated_with_condition	0
0.8898056	HGNC:7488	MONDO:0014343	biolink:causes	0
0.54503083	HGNC:7436	MONDO:0014927	biolink:gene_associated_with_condition	0
0.32673898	HGNC:26190	MONDO:0008542	biolink:contributes_to	0
0.8756011	HGNC:7473	MONDO:0014747	biolink:gene_associated_with_condition	0
0.46663678	HGNC:7473	MONDO:0100083	biolink:gene_associated_with_condition	0
0.033206526	HGNC:7473	MONDO:0975795	biolink:gene_associated_with_condition	0
0.77288693	HGNC:7572	MONDO:0033668	biolink:gene_associated_with_condition	0
0.8710662	HGNC:7577	MONDO:0010645	biolink:causes	0
0.8331095	HGNC:7577	MONDO:0007716	biolink:gene_associated_with_condition	0
0.47092363	HGNC:23212	MONDO:0009617	biolink:causes	0
0.34969506	HGNC:23212	MONDO:0014868	biolink:gene_associated_with_condition	0
0.78545564	HGNC:7608	MONDO:0054763	biolink:gene_associated_with_condition	0
0.843267	HGNC:1181	MONDO:0010397	biolink:gene_associated_with_condition	0
0.95965266	HGNC:1181	MONDO:0013256	biolink:gene_associated_with_condition	0
0.8775747	HGNC:1181	MONDO:0100119	biolink:gene_associated_with_condition	0
0.95576847	HGNC:1181	MONDO:0007922	biolink:gene_associated_with_condition	0
0.99775	HGNC:7632	MONDO:0014343	biolink:gene_associated_with_condition	0
0.57016444	HGNC:17619	MONDO:0009360	biolink:causes	0
0.59038025	HGNC:7675	MONDO:0012039	biolink:gene_associated_with_condition	0
0.18328388	HGNC:7675	MONDO:0019947	biolink:gene_associated_with_condition	0
0.8056325	HGNC:7678	MONDO:0018328	biolink:gene_associated_with_condition	0
0.77824175	HGNC:17194	MONDO:0011113	biolink:contributes_to	0
0.6266492	HGNC:7720	MONDO:0012883	biolink:causes	0
0.96142036	HGNC:7720	MONDO:0013937	biolink:causes	0
0.9559642	HGNC:7744	MONDO:0008377	biolink:contributes_to	0
0.8248279	HGNC:7744	MONDO:0010185	biolink:contributes_to	0
0.92064524	HGNC:7744	MONDO:0011529	biolink:gene_associated_with_condition	0
0.7868074	HGNC:7744	MONDO:0011837	biolink:gene_associated_with_condition	0
0.8921758	HGNC:7744	MONDO:0018877	biolink:contributes_to	0
0.9580232	HGNC:18591	MONDO:0700250	biolink:causes	0
0.9596554	HGNC:18591	MONDO:0008377	biolink:causes	0
0.97641015	HGNC:18591	MONDO:0009658	biolink:causes	0
0.91090393	HGNC:18591	MONDO:0033045	biolink:causes	0
0.28207305	HGNC:12768	MONDO:0019930	biolink:gene_associated_with_condition	0
0.7173187	HGNC:7788	MONDO:0800452	biolink:gene_associated_with_condition	0
0.7319134	HGNC:7795	MONDO:0008479	biolink:gene_associated_with_condition	0
0.06282407	HGNC:25737	MONDO:0011003	biolink:gene_associated_with_condition	0
0.6111815	HGNC:29873	MONDO:0008673	biolink:causes	0
0.8599829	HGNC:29873	MONDO:0011528	biolink:causes	0
0.6401848	HGNC:29873	MONDO:0012522	biolink:causes	0
0.5164168	HGNC:7897	MONDO:0000908	biolink:gene_associated_with_condition	0
0.86014396	HGNC:7981	MONDO:0030312	biolink:gene_associated_with_condition	0
0.86572564	HGNC:7981	MONDO:0010232	biolink:gene_associated_with_condition	0
0.10950807	HGNC:8001	MONDO:0957993	biolink:causes	0
0.726167	HGNC:8005	MONDO:0015300	biolink:causes	0
0.60449415	HGNC:8005	MONDO:0800030	biolink:causes	0
0.424344	HGNC:8005	MONDO:0012276	biolink:causes	0
0.31624272	HGNC:26208	MONDO:0011523	biolink:causes	0
0.49062827	HGNC:26208	MONDO:0010310	biolink:causes	0
0.2599427	HGNC:29558	MONDO:0018564	biolink:causes	0
0.6718941	HGNC:29558	MONDO:0020316	biolink:causes	0
0.71277255	HGNC:8059	MONDO:0007495	biolink:gene_associated_with_condition	0
0.29068726	HGNC:18016	MONDO:0007564	biolink:causes	0
0.66200495	HGNC:9936	MONDO:0014343	biolink:gene_associated_with_condition	0
0.7294222	HGNC:9936	MONDO:0009050	biolink:gene_associated_with_condition	0
0.78266454	HGNC:15021	MONDO:0010233	biolink:causes	0
0.7778939	HGNC:15021	MONDO:0008678	biolink:causes	0
0.31521088	HGNC:17151	MONDO:0013236	biolink:causes	0
0.94621193	HGNC:17151	MONDO:0007922	biolink:causes	0
0.85534954	HGNC:24281	MONDO:0014487	biolink:causes	0
0.60568887	HGNC:8546	MONDO:0014710	biolink:causes	0
0.43102002	HGNC:8622	MONDO:0957294	biolink:causes	0
0.7777764	HGNC:14674	MONDO:0007768	biolink:causes	0
0.5216492	HGNC:8786	MONDO:0008490	biolink:causes	0
0.25489968	HGNC:8789	MONDO:0032758	biolink:causes	0
0.72827363	HGNC:8850	MONDO:0013189	biolink:gene_associated_with_condition	0
0.9143396	HGNC:8940	MONDO:0015003	biolink:causes	0
0.5528194	HGNC:8940	MONDO:0020316	biolink:causes	0
0.93110657	HGNC:28993	MONDO:0007191	biolink:causes	0
0.861916	HGNC:28993	MONDO:0013047	biolink:causes	0
0.9362018	HGNC:28993	MONDO:0008377	biolink:causes	0
0.91661406	HGNC:28993	MONDO:0012421	biolink:causes	0
0.5676788	HGNC:28993	MONDO:0011908	biolink:causes	0
0.77541524	HGNC:28993	MONDO:0011430	biolink:causes	0
0.9417408	HGNC:26270	MONDO:0013559	biolink:causes	0
0.9418844	HGNC:26270	MONDO:0013851	biolink:gene_associated_with_condition	0
0.9428135	HGNC:26270	MONDO:0859328	biolink:causes	0
0.9868758	HGNC:26270	MONDO:0024457	biolink:gene_associated_with_condition	0
0.99245524	HGNC:26270	MONDO:0032888	biolink:causes	0
0.96605366	HGNC:8959	MONDO:0009624	biolink:causes	0
0.78516567	HGNC:8959	MONDO:0014004	biolink:causes	0
0.83518875	HGNC:8965	MONDO:0012453	biolink:causes	0
0.9182468	HGNC:8965	MONDO:0014198	biolink:causes	0
0.9240464	HGNC:15791	MONDO:0008931	biolink:causes	0
0.79846925	HGNC:8975	MONDO:0017218	biolink:causes	0
0.880071	HGNC:8975	MONDO:0010130	biolink:causes	0
0.2791523	HGNC:9008	MONDO:0008179	biolink:gene_associated_with_condition	0
0.5699267	HGNC:9008	MONDO:0060591	biolink:gene_associated_with_condition	0
0.22163317	HGNC:9038	MONDO:0014040	biolink:gene_associated_with_condition	0
0.113708034	HGNC:9066	MONDO:0014057	biolink:gene_associated_with_condition	0
0.03491803	HGNC:9066	MONDO:0100289	biolink:gene_associated_with_condition	0
0.91913253	HGNC:9083	MONDO:0014612	biolink:causes	0
0.48453355	HGNC:9107	MONDO:0012041	biolink:causes	0
0.87308466	HGNC:9115	MONDO:0859328	biolink:causes	0
0.49543938	HGNC:9119	MONDO:0017691	biolink:causes	0
0.38076338	HGNC:7892	MONDO:0009879	biolink:causes	0
0.5703052	HGNC:7892	MONDO:0014447	biolink:causes	0
0.84958905	HGNC:9180	MONDO:0018495	biolink:causes	0
0.86262333	HGNC:30129	MONDO:0010446	biolink:causes	0
0.57506347	HGNC:9280	MONDO:0021019	biolink:causes	0
0.78430504	HGNC:9280	MONDO:0012734	biolink:causes	0
0.18873084	HGNC:9459	MONDO:0020788	biolink:causes	0
0.34074995	HGNC:15860	MONDO:0800028	biolink:causes	0
0.44873345	HGNC:30500	MONDO:0010465	biolink:causes	0
0.5669839	HGNC:30500	MONDO:0032572	biolink:causes	0
0.8105677	HGNC:9142	MONDO:0014343	biolink:gene_associated_with_condition	0
0.35784316	HGNC:9142	MONDO:0019082	biolink:gene_associated_with_condition	0
0.2082562	HGNC:21504	MONDO:0859340	biolink:causes	0
0.54739356	HGNC:9538	MONDO:0054764	biolink:causes	0
0.78053486	HGNC:24929	MONDO:0008542	biolink:causes	0
0.42652133	HGNC:21290	MONDO:0009061	biolink:causes	0
0.86411154	HGNC:9587	MONDO:0019150	biolink:causes	0
0.97222203	HGNC:9587	MONDO:0024550	biolink:causes	0
0.99814355	HGNC:9608	MONDO:0014343	biolink:gene_associated_with_condition	0
0.9199211	HGNC:9608	MONDO:0025708	biolink:gene_associated_with_condition	0
0.9359144	HGNC:9608	MONDO:0010000	biolink:causes	0
0.9390352	HGNC:9608	MONDO:0014302	biolink:causes	0
0.46282062	HGNC:9658	MONDO:0014947	biolink:gene_associated_with_condition	0
0.22255762	HGNC:9658	MONDO:0033482	biolink:gene_associated_with_condition	0
0.8425062	HGNC:30889	MONDO:0008377	biolink:causes	0
0.85409546	HGNC:24113	MONDO:0014518	biolink:causes	0
0.91091263	HGNC:10560	MONDO:0014343	biolink:causes	0
0.8075105	HGNC:14262	MONDO:0009377	biolink:causes	0
0.91495854	HGNC:24123	MONDO:0024550	biolink:causes	0
0.6979768	HGNC:24123	MONDO:0009353	biolink:causes	0
0.768787	HGNC:14078	MONDO:0012423	biolink:causes	0
0.65829414	HGNC:30000	MONDO:0013533	biolink:causes	0
0.93808454	HGNC:30000	MONDO:0800028	biolink:causes	0
0.47933272	HGNC:987	MONDO:0008087	biolink:gene_associated_with_condition	0
0.53353024	HGNC:987	MONDO:0019569	biolink:gene_associated_with_condition	0
0.35546708	HGNC:1001	MONDO:0012123	biolink:gene_associated_with_condition	0
0.3262215	HGNC:1001	MONDO:0060510	biolink:gene_associated_with_condition	0
0.876004	HGNC:13222	MONDO:0008377	biolink:causes	0
0.9249222	HGNC:13222	MONDO:0859147	biolink:causes	0
0.81806636	HGNC:13222	MONDO:0012184	biolink:causes	0
0.8136561	HGNC:20893	MONDO:0011811	biolink:causes	0
0.72035336	HGNC:20893	MONDO:0013243	biolink:causes	0
0.93171763	HGNC:20893	MONDO:0018931	biolink:causes	0
0.63086796	HGNC:16512	MONDO:0014809	biolink:causes	0
0.6133166	HGNC:21020	MONDO:0008201	biolink:gene_associated_with_condition	0
0.84692043	HGNC:9811	MONDO:0012859	biolink:gene_associated_with_condition	0
0.70012385	HGNC:9811	MONDO:0019597	biolink:causes	0
0.5440075	HGNC:9871	MONDO:0009061	biolink:causes	0
0.4738054	HGNC:9871	MONDO:0011784	biolink:causes	0
0.9735011	HGNC:9879	MONDO:0009279	biolink:causes	0
0.92538047	HGNC:9879	MONDO:0008377	biolink:causes	0
0.91212904	HGNC:9879	MONDO:0009397	biolink:causes	0
0.78040946	HGNC:9879	MONDO:0007740	biolink:causes	0
0.9058208	HGNC:9879	MONDO:0014118	biolink:causes	0
0.76927835	HGNC:9879	MONDO:0014346	biolink:causes	0
0.86736727	HGNC:9922	MONDO:0014343	biolink:gene_associated_with_condition	0
0.7667745	HGNC:9922	MONDO:0007949	biolink:gene_associated_with_condition	0
0.6368125	HGNC:9922	MONDO:0009877	biolink:causes	0
0.87163794	HGNC:17975	MONDO:0009760	biolink:gene_associated_with_condition	0
0.6907615	HGNC:17975	MONDO:0008542	biolink:gene_associated_with_condition	0
0.8031547	HGNC:9965	MONDO:0014327	biolink:gene_associated_with_condition	0
0.85153955	HGNC:9965	MONDO:0019855	biolink:gene_associated_with_condition	0
0.8508672	HGNC:9965	MONDO:0018393	biolink:gene_associated_with_condition	0
0.7364305	HGNC:9967	MONDO:0009306	biolink:contributes_to	0
0.22744909	HGNC:9967	MONDO:0013642	biolink:contributes_to	0
0.72324103	HGNC:9967	MONDO:0014450	biolink:causes	0
0.040822968	HGNC:9967	MONDO:0020619	biolink:causes	0
0.3828213	HGNC:9967	MONDO:0957572	biolink:causes	0
0.33711436	HGNC:9967	MONDO:0957922	biolink:causes	0
0.7687902	HGNC:9986	MONDO:0014321	biolink:causes	0
0.06365784	HGNC:9986	MONDO:0015555	biolink:causes	0
0.8685492	HGNC:9986	MONDO:0016782	biolink:causes	0
0.63592017	HGNC:9986	MONDO:0031481	biolink:causes	0
0.5786461	HGNC:10009	MONDO:0030366	biolink:gene_associated_with_condition	0
0.5827659	HGNC:13429	MONDO:0020745	biolink:causes	0
0.17001005	HGNC:21158	MONDO:0011351	biolink:gene_associated_with_condition	0
0.7287437	HGNC:21158	MONDO:0012041	biolink:gene_associated_with_condition	0
0.20782337	HGNC:21158	MONDO:0014466	biolink:gene_associated_with_condition	0
0.58379054	HGNC:10289	MONDO:0013607	biolink:causes	0
0.6555028	HGNC:10294	MONDO:0019113	biolink:causes	0
0.18924503	HGNC:10295	MONDO:0012163	biolink:causes	0
0.7707762	HGNC:10295	MONDO:0017811	biolink:causes	0
0.17914644	HGNC:10446	MONDO:0008542	biolink:causes	0
0.78557986	HGNC:10447	MONDO:0012925	biolink:causes	0
0.5490109	HGNC:10447	MONDO:0032804	biolink:causes	0
0.69652116	HGNC:10447	MONDO:0957218	biolink:causes	0
0.9307711	HGNC:17296	MONDO:0009475	biolink:causes	0
0.9474163	HGNC:17296	MONDO:0014343	biolink:causes	0
0.908688	HGNC:17296	MONDO:0013033	biolink:causes	0
0.88050807	HGNC:17296	MONDO:0013052	biolink:causes	0
0.28209603	HGNC:12371	MONDO:0012297	biolink:causes	0
0.30827764	HGNC:10471	MONDO:0032874	biolink:causes	0
0.31483644	HGNC:10471	MONDO:0009354	biolink:causes	0
0.9973009	HGNC:19440	MONDO:0014343	biolink:gene_associated_with_condition	0
0.9505925	HGNC:19869	MONDO:0010099	biolink:gene_associated_with_condition	0
0.5113727	HGNC:10583	MONDO:0032665	biolink:gene_associated_with_condition	0
0.48821524	HGNC:10683	MONDO:0017111	biolink:causes	0
0.8814672	HGNC:10701	MONDO:0014327	biolink:causes	0
0.59124583	HGNC:10701	MONDO:0009380	biolink:causes	0
0.0028363923	HGNC:10736	MONDO:0859521	biolink:gene_associated_with_condition	0
0.0038728	HGNC:10736	MONDO:0019373	biolink:gene_associated_with_condition	0
0.03289754	HGNC:10736	MONDO:0008818	biolink:gene_associated_with_condition	0
0.8337549	HGNC:29187	MONDO:0008377	biolink:causes	0
0.7637608	HGNC:16088	MONDO:0011694	biolink:causes	0
0.8851117	HGNC:10809	MONDO:0014343	biolink:gene_associated_with_condition	0
0.89779437	HGNC:10809	MONDO:0014455	biolink:gene_associated_with_condition	0
0.59866107	HGNC:10809	MONDO:0007216	biolink:gene_associated_with_condition	0
0.46676338	HGNC:29605	MONDO:0011496	biolink:causes	0
0.9903377	HGNC:10853	MONDO:0010554	biolink:causes	0
0.6801429	HGNC:25543	MONDO:0008998	biolink:causes	0
0.7951374	HGNC:23639	MONDO:0018598	biolink:causes	0
0.6669924	HGNC:23639	MONDO:0009653	biolink:causes	0
0.7981089	HGNC:23639	MONDO:0020493	biolink:causes	0
0.017383644	HGNC:23639	MONDO:0035555	biolink:causes	0
0.89022887	HGNC:11005	MONDO:0012859	biolink:gene_associated_with_condition	0
0.54148227	HGNC:11005	MONDO:0012979	biolink:gene_associated_with_condition	0
0.02763015	HGNC:11005	MONDO:0026404	biolink:causes	0
0.1041864	HGNC:11005	MONDO:0100289	biolink:causes	0
0.75695777	HGNC:11027	MONDO:0009115	biolink:causes	0
0.7269635	HGNC:11027	MONDO:0007922	biolink:causes	0
0.5786558	HGNC:10906	MONDO:0011738	biolink:causes	0
0.9378038	HGNC:10914	MONDO:0032724	biolink:causes	0
0.35823306	HGNC:23094	MONDO:0009625	biolink:causes	0
0.24430181	HGNC:23094	MONDO:0011017	biolink:causes	0
0.30247152	HGNC:23094	MONDO:0008678	biolink:causes	0
0.32729286	HGNC:23094	MONDO:0008722	biolink:causes	0
0.9654338	HGNC:10994	MONDO:0060745	biolink:causes	0
0.52780825	HGNC:10998	MONDO:0007221	biolink:gene_associated_with_condition	0
0.65045035	HGNC:13941	MONDO:0011529	biolink:causes	0
0.9874943	HGNC:19046	MONDO:0044724	biolink:causes	0
0.97523075	HGNC:19046	MONDO:0010401	biolink:causes	0
0.93892294	HGNC:19046	MONDO:0007794	biolink:causes	0
0.8168197	HGNC:11100	MONDO:0014383	biolink:causes	0
0.70668334	HGNC:11100	MONDO:0007797	biolink:causes	0
0.7758219	HGNC:11100	MONDO:0008734	biolink:gene_associated_with_condition	0
0.7395381	HGNC:11100	MONDO:0011158	biolink:causes	0
0.69559693	HGNC:11119	MONDO:0013011	biolink:causes	0
0.35647637	HGNC:1346	MONDO:0007845	biolink:causes	0
0.7070653	HGNC:1371	MONDO:0013991	biolink:gene_associated_with_condition	0
0.8452597	HGNC:1388	MONDO:0008765	biolink:gene_associated_with_condition	0
0.6396782	HGNC:1388	MONDO:0009804	biolink:causes	0
0.7415164	HGNC:1388	MONDO:0060556	biolink:causes	0
0.71246964	HGNC:1388	MONDO:0060663	biolink:gene_associated_with_condition	0
0.4657417	HGNC:1397	MONDO:0014480	biolink:causes	0
0.033895466	HGNC:16709	MONDO:0008705	biolink:causes	0
0.17142566	HGNC:16709	MONDO:0007828	biolink:causes	0
0.3450095	HGNC:26276	MONDO:0020628	biolink:gene_associated_with_condition	0
0.9498796	HGNC:1514	MONDO:0032624	biolink:causes	0
0.83209753	HGNC:1514	MONDO:0013929	biolink:contributes_to	0
0.08417045	HGNC:1514	MONDO:0016703	biolink:causes	0
0.9570218	HGNC:1514	MONDO:0007572	biolink:contributes_to	0
0.9325572	HGNC:1514	MONDO:0010188	biolink:contributes_to	0
0.8867144	HGNC:1514	MONDO:0014386	biolink:causes	0
0.7325583	HGNC:1539	MONDO:0030338	biolink:gene_associated_with_condition	0
0.8762484	HGNC:1539	MONDO:0008377	biolink:gene_associated_with_condition	0
0.7625191	HGNC:27845	MONDO:0011190	biolink:causes	0
0.88012135	HGNC:11184	MONDO:0014711	biolink:causes	0
0.22694178	HGNC:11184	MONDO:0018197	biolink:causes	0
0.44873744	HGNC:11184	MONDO:0008542	biolink:causes	0
0.79374766	HGNC:29022	MONDO:0014853	biolink:causes	0
0.9890576	HGNC:20249	MONDO:0013932	biolink:causes	0
0.9465896	HGNC:20249	MONDO:0017176	biolink:causes	0
0.4993109	HGNC:11311	MONDO:0008426	biolink:gene_associated_with_condition	0
0.39801747	HGNC:11311	MONDO:0975887	biolink:gene_associated_with_condition	0
0.56520754	HGNC:10872	MONDO:0020512	biolink:gene_associated_with_condition	0
0.8215824	HGNC:11364	MONDO:0009773	biolink:causes	0
0.64767456	HGNC:11367	MONDO:0010485	biolink:causes	0
0.7994625	HGNC:11367	MONDO:0054802	biolink:causes	0
0.67185587	HGNC:26239	MONDO:0009339	biolink:causes	0
0.8522044	HGNC:26239	MONDO:0013767	biolink:causes	0
0.45241484	HGNC:26239	MONDO:0031084	biolink:causes	0
0.43630874	HGNC:11427	MONDO:0013367	biolink:causes	0
0.6359526	HGNC:11427	MONDO:0020507	biolink:causes	0
0.5801	HGNC:11427	MONDO:0013033	biolink:causes	0
0.6921452	HGNC:11449	MONDO:0007355	biolink:causes	0
0.39071357	HGNC:11480	MONDO:0016579	biolink:causes	0
0.08637353	HGNC:11490	MONDO:0012607	biolink:causes	0
0.3679502	HGNC:11490	MONDO:0014343	biolink:causes	0
0.5123847	HGNC:11530	MONDO:0008426	biolink:gene_associated_with_condition	0
0.7410361	HGNC:30740	MONDO:0018576	biolink:gene_associated_with_condition	0
0.8708537	HGNC:16133	MONDO:0032592	biolink:causes	0
0.98983777	HGNC:28261	MONDO:0015007	biolink:causes	0
0.9483734	HGNC:28261	MONDO:0008377	biolink:causes	0
0.00910126	HGNC:11598	MONDO:0017629	biolink:gene_associated_with_condition	0
0.086133175	HGNC:11598	MONDO:0007854	biolink:causes	0
0.12065104	HGNC:11598	MONDO:0013690	biolink:causes	0
0.17911763	HGNC:11598	MONDO:0032817	biolink:gene_associated_with_condition	0
0.70572263	HGNC:11633	MONDO:0015278	biolink:gene_associated_with_condition	0
0.59038764	HGNC:11633	MONDO:0010720	biolink:gene_associated_with_condition	0
0.42339602	HGNC:18884	MONDO:0014217	biolink:gene_associated_with_condition	0
0.52536327	HGNC:11714	MONDO:0014065	biolink:causes	0
0.28221932	HGNC:11714	MONDO:0009892	biolink:causes	0
0.8172273	HGNC:25941	MONDO:0017241	biolink:gene_associated_with_condition	0
0.54033494	HGNC:25941	MONDO:0013028	biolink:gene_associated_with_condition	0
0.58065647	HGNC:25941	MONDO:0007042	biolink:gene_associated_with_condition	0
0.49480435	HGNC:25941	MONDO:0011974	biolink:gene_associated_with_condition	0
0.81228966	HGNC:11743	MONDO:0008542	biolink:gene_associated_with_condition	0
0.24420409	HGNC:11743	MONDO:0010250	biolink:gene_associated_with_condition	0
0.44999385	HGNC:11762	MONDO:0008931	biolink:causes	0
0.44382855	HGNC:11762	MONDO:0013195	biolink:causes	0
0.3310148	HGNC:11762	MONDO:0700298	biolink:causes	0
0.60907096	HGNC:11762	MONDO:0011784	biolink:gene_associated_with_condition	0
0.793622	HGNC:11768	MONDO:0010162	biolink:causes	0
0.9723929	HGNC:11773	MONDO:0009820	biolink:causes	0
0.9055695	HGNC:11773	MONDO:0012682	biolink:gene_associated_with_condition	0
0.9335623	HGNC:19073	MONDO:0019428	biolink:gene_associated_with_condition	0
0.91736645	HGNC:19073	MONDO:0016682	biolink:gene_associated_with_condition	0
0.9625678	HGNC:23656	MONDO:0014343	biolink:gene_associated_with_condition	0
0.48605007	HGNC:23656	MONDO:0017715	biolink:gene_associated_with_condition	0
0.013602692	HGNC:11828	MONDO:0016839	biolink:causes	0
0.19365078	HGNC:11828	MONDO:0025354	biolink:causes	0
0.816766	HGNC:24552	MONDO:0009215	biolink:gene_associated_with_condition	0
0.08177656	HGNC:24552	MONDO:0013462	biolink:causes	0
0.8057678	HGNC:24552	MONDO:0030995	biolink:causes	0
0.1546549	HGNC:11943	MONDO:0011417	biolink:causes	0
0.34528428	HGNC:11998	MONDO:0007377	biolink:gene_associated_with_condition	0
0.5811374	HGNC:11998	MONDO:0007805	biolink:gene_associated_with_condition	0
0.9334658	HGNC:11998	MONDO:0008377	biolink:gene_associated_with_condition	0
0.7593164	HGNC:11998	MONDO:0009477	biolink:gene_associated_with_condition	0
0.8948017	HGNC:11998	MONDO:0008542	biolink:gene_associated_with_condition	0
0.084994875	HGNC:11998	MONDO:0018761	biolink:contributes_to	0
0.61347395	HGNC:11998	MONDO:0859572	biolink:gene_associated_with_condition	0
0.9371244	HGNC:12009	MONDO:0014754	biolink:causes	0
0.91545427	HGNC:12011	MONDO:0010655	biolink:causes	0
0.8572971	HGNC:12011	MONDO:0024543	biolink:causes	0
0.18201247	HGNC:12011	MONDO:0035941	biolink:causes	0
0.97575027	HGNC:20456	MONDO:0014343	biolink:causes	0
0.83695173	HGNC:20456	MONDO:0011593	biolink:causes	0
0.48159823	HGNC:20456	MONDO:0013156	biolink:causes	0
0.8749389	HGNC:20456	MONDO:0030927	biolink:causes	0
0.012234324	HGNC:12271	MONDO:0044320	biolink:gene_associated_with_condition	0
0.026398294	HGNC:12271	MONDO:0010626	biolink:gene_associated_with_condition	0
0.09894646	HGNC:16380	MONDO:0011091	biolink:causes	0
0.46072546	HGNC:16380	MONDO:0957271	biolink:causes	0
0.49448526	HGNC:17993	MONDO:0008437	biolink:causes	0
0.49881038	HGNC:17993	MONDO:0009061	biolink:causes	0
0.8053994	HGNC:20087	MONDO:0014343	biolink:causes	0
0.4793314	HGNC:20087	MONDO:0012465	biolink:causes	0
0.9270471	HGNC:20670	MONDO:0007495	biolink:causes	0
0.94800127	HGNC:20670	MONDO:0035819	biolink:gene_associated_with_condition	0
0.45877013	HGNC:12440	MONDO:0012297	biolink:causes	0
0.5466955	HGNC:12440	MONDO:0017308	biolink:causes	0
0.23121147	HGNC:12469	MONDO:0008637	biolink:gene_associated_with_condition	0
0.69571596	HGNC:12469	MONDO:0009192	biolink:gene_associated_with_condition	0
0.79115945	HGNC:30594	MONDO:0008148	biolink:causes	0
0.90807235	HGNC:20439	MONDO:0014343	biolink:gene_associated_with_condition	0
0.52910906	HGNC:20439	MONDO:0014883	biolink:gene_associated_with_condition	0
0.64490825	HGNC:20439	MONDO:0007157	biolink:gene_associated_with_condition	0
0.64542574	HGNC:12631	MONDO:0010446	biolink:gene_associated_with_condition	0
0.8385922	HGNC:2464	MONDO:0009823	biolink:causes	0
0.36490595	HGNC:2464	MONDO:0054731	biolink:gene_associated_with_condition	0
0.7639136	HGNC:12668	MONDO:0010400	biolink:causes	0
0.36243975	HGNC:23663	MONDO:0009642	biolink:causes	0
0.68116266	HGNC:12713	MONDO:0014899	biolink:causes	0
0.6029324	HGNC:12713	MONDO:0015566	biolink:causes	0
0.7393136	HGNC:12718	MONDO:0014821	biolink:causes	0
0.7869858	HGNC:12718	MONDO:0018393	biolink:causes	0
0.7030468	HGNC:12729	MONDO:0007922	biolink:causes	0
0.7935747	HGNC:28027	MONDO:0018564	biolink:gene_associated_with_condition	0
0.78933555	HGNC:28027	MONDO:0013570	biolink:gene_associated_with_condition	0
0.9015489	HGNC:18340	MONDO:0008887	biolink:causes	0
0.87228376	HGNC:18340	MONDO:0017225	biolink:causes	0
0.8479404	HGNC:18340	MONDO:0014738	biolink:causes	0
0.8172712	HGNC:21208	MONDO:0008817	biolink:causes	0
0.8840142	HGNC:29250	MONDO:0007380	biolink:causes	0
0.92862195	HGNC:29250	MONDO:0007524	biolink:causes	0
0.61626005	HGNC:26600	MONDO:0014122	biolink:causes	0
0.8016881	HGNC:12781	MONDO:0014343	biolink:causes	0
0.43626648	HGNC:12786	MONDO:0012569	biolink:causes	0
0.59280944	HGNC:592	MONDO:0968981	biolink:causes	0
0.30222413	HGNC:25489	MONDO:0032596	biolink:gene_associated_with_condition	0
0.54016054	HGNC:18326	MONDO:0015270	biolink:causes	0
0.8336374	HGNC:30935	MONDO:0033046	biolink:gene_associated_with_condition	0
0.31660986	HGNC:20152	MONDO:0032907	biolink:causes	0
0.17509794	HGNC:28449	MONDO:0007191	biolink:gene_associated_with_condition	0
0.218606	HGNC:28449	MONDO:0010441	biolink:gene_associated_with_condition	0
0.94016844	HGNC:23216	MONDO:0007157	biolink:causes	0
0.40443543	HGNC:1754	MONDO:0007740	biolink:causes	0
0.5753576	HGNC:1785	MONDO:0010389	biolink:causes	0
0.72081494	HGNC:17104	MONDO:0007723	biolink:causes	0
0.8744112	HGNC:24576	MONDO:0009265	biolink:causes	0
0.09519389	HGNC:1810	MONDO:0008244	biolink:causes	0
0.17066854	HGNC:1810	MONDO:0007042	biolink:causes	0
0.06756385	HGNC:1161	MONDO:0010853	biolink:gene_associated_with_condition	0
0.62584656	HGNC:1161	MONDO:0019767	biolink:gene_associated_with_condition	0
0.9077979	HGNC:25815	MONDO:0012892	biolink:causes	0
0.86637074	HGNC:14253	MONDO:0032673	biolink:gene_associated_with_condition	0
0.70475316	HGNC:14253	MONDO:0014474	biolink:gene_associated_with_condition	0
0.7836978	HGNC:1301	MONDO:0007895	biolink:causes	0
0.8039582	HGNC:1301	MONDO:0060591	biolink:causes	0
0.82550114	HGNC:18292	MONDO:0013060	biolink:causes	0
0.4838137	HGNC:1884	MONDO:0011556	biolink:causes	0
0.43404382	HGNC:1884	MONDO:0013842	biolink:causes	0
0.020938575	HGNC:15559	MONDO:0858999	biolink:gene_associated_with_condition	0
0.5310318	HGNC:16171	MONDO:0009820	biolink:causes	0
0.17009087	HGNC:16171	MONDO:0008210	biolink:causes	0
0.92459786	HGNC:1952	MONDO:0014343	biolink:gene_associated_with_condition	0
0.98943245	HGNC:26877	MONDO:0024550	biolink:gene_associated_with_condition	0
0.8080165	HGNC:2019	MONDO:0009073	biolink:causes	0
0.2011991	HGNC:2022	MONDO:0018758	biolink:causes	0
0.51648194	HGNC:2022	MONDO:0012161	biolink:gene_associated_with_condition	0
0.60494125	HGNC:2022	MONDO:0007922	biolink:gene_associated_with_condition	0
0.6448474	HGNC:2088	MONDO:0012892	biolink:causes	0
0.96645397	HGNC:18620	MONDO:0030866	biolink:gene_associated_with_condition	0
0.9795248	HGNC:2197	MONDO:0025699	biolink:gene_associated_with_condition	0
0.9373047	HGNC:2197	MONDO:0032921	biolink:causes	0
0.95418364	HGNC:2197	MONDO:0008061	biolink:causes	0
0.9297967	HGNC:2197	MONDO:0014493	biolink:causes	0
0.9354347	HGNC:2197	MONDO:0859164	biolink:gene_associated_with_condition	0
0.9274963	HGNC:2197	MONDO:0013992	biolink:causes	0
0.58529997	HGNC:2197	MONDO:0030490	biolink:gene_associated_with_condition	0
0.899421	HGNC:2200	MONDO:0012411	biolink:causes	0
0.8580497	HGNC:2200	MONDO:0014211	biolink:gene_associated_with_condition	0
0.5978044	HGNC:2200	MONDO:0015557	biolink:causes	0
0.82672846	HGNC:2200	MONDO:0968990	biolink:causes	0
0.9750088	HGNC:2200	MONDO:0008005	biolink:gene_associated_with_condition	0
0.9499863	HGNC:2200	MONDO:0017407	biolink:causes	0
0.9501446	HGNC:2200	MONDO:0007572	biolink:causes	0
0.93272877	HGNC:2200	MONDO:0012652	biolink:causes	0
0.4770312	HGNC:2200	MONDO:0013236	biolink:causes	0
0.9538235	HGNC:2200	MONDO:0008862	biolink:gene_associated_with_condition	0
0.7301226	HGNC:2200	MONDO:0009994	biolink:causes	0
0.9722135	HGNC:2200	MONDO:0032677	biolink:causes	0
0.8882232	HGNC:2185	MONDO:0011091	biolink:causes	0
0.92325944	HGNC:17213	MONDO:0010803	biolink:causes	0
0.8218003	HGNC:20213	MONDO:0012554	biolink:causes	0
0.34540686	HGNC:18688	MONDO:8000015	biolink:causes	0
0.97601944	HGNC:2379	MONDO:0008097	biolink:gene_associated_with_condition	0
0.93405885	HGNC:2379	MONDO:0008377	biolink:causes	0
0.98475236	HGNC:2379	MONDO:0009192	biolink:causes	0
0.70252573	HGNC:2379	MONDO:0018611	biolink:gene_associated_with_condition	0
0.12649465	HGNC:2411	MONDO:0013244	biolink:gene_associated_with_condition	0
0.33804122	HGNC:2418	MONDO:0013070	biolink:causes	0
0.6896919	HGNC:2472	MONDO:0013050	biolink:causes	0
0.94168437	HGNC:2478	MONDO:0014343	biolink:causes	0
0.77036685	HGNC:2478	MONDO:0019374	biolink:causes	0
0.6170009	HGNC:2514	MONDO:0017173	biolink:gene_associated_with_condition	0
0.7722584	HGNC:2514	MONDO:0007485	biolink:gene_associated_with_condition	0
0.69027525	HGNC:2514	MONDO:0033479	biolink:gene_associated_with_condition	0
0.9425933	HGNC:2514	MONDO:0008542	biolink:causes	0
0.66707194	HGNC:2514	MONDO:0032581	biolink:causes	0
0.95977485	HGNC:9251	MONDO:0030918	biolink:causes	0
0.8730436	HGNC:9251	MONDO:0800029	biolink:causes	0
0.8764912	HGNC:10664	MONDO:0019855	biolink:causes	0
0.905452	HGNC:10664	MONDO:0012398	biolink:gene_associated_with_condition	0
0.78501344	HGNC:2578	MONDO:0008000	biolink:causes	0
0.71544605	HGNC:2578	MONDO:0012552	biolink:causes	0
0.52664375	HGNC:2594	MONDO:0008399	biolink:gene_associated_with_condition	0
0.39604858	HGNC:2594	MONDO:0060502	biolink:gene_associated_with_condition	0
0.31297272	HGNC:2594	MONDO:0012256	biolink:gene_associated_with_condition	0
0.8018098	HGNC:2731	MONDO:0011359	biolink:gene_associated_with_condition	0
0.40172213	HGNC:18674	MONDO:0011242	biolink:gene_associated_with_condition	0
0.8197087	HGNC:2760	MONDO:0007221	biolink:causes	0
0.75865114	HGNC:2760	MONDO:0011784	biolink:causes	0
0.9223952	HGNC:2760	MONDO:0012718	biolink:causes	0
0.65750736	HGNC:2770	MONDO:0019848	biolink:causes	0
0.78773063	HGNC:2919	MONDO:0060489	biolink:causes	0
0.89750963	HGNC:2928	MONDO:0020745	biolink:gene_associated_with_condition	0
0.86696994	HGNC:2928	MONDO:0009820	biolink:gene_associated_with_condition	0
0.89191145	HGNC:21493	MONDO:0014343	biolink:causes	0
0.29639822	HGNC:5228	MONDO:0958354	biolink:gene_associated_with_condition	0
0.97707844	HGNC:27030	MONDO:0012930	biolink:causes	0
0.65686154	HGNC:2976	MONDO:0009953	biolink:gene_associated_with_condition	0
0.6099975	HGNC:2976	MONDO:0012724	biolink:causes	0
0.8256034	HGNC:2976	MONDO:0019505	biolink:causes	0
0.99854785	HGNC:3005	MONDO:0014343	biolink:gene_associated_with_condition	0
0.85921687	HGNC:3005	MONDO:0008673	biolink:gene_associated_with_condition	0
0.3725212	HGNC:3005	MONDO:0020324	biolink:gene_associated_with_condition	0
0.93784434	HGNC:28769	MONDO:0032604	biolink:causes	0
0.7352477	HGNC:3036	MONDO:0007363	biolink:gene_associated_with_condition	0
0.46820572	HGNC:17328	MONDO:0007158	biolink:causes	0
0.5136092	HGNC:3146	MONDO:0009380	biolink:causes	0
0.44450635	HGNC:3146	MONDO:0014630	biolink:causes	0
0.8802301	HGNC:3218	MONDO:0957270	biolink:causes	0
0.6702965	HGNC:24650	MONDO:0009061	biolink:gene_associated_with_condition	0
0.74305856	HGNC:3260	MONDO:0014963	biolink:gene_associated_with_condition	0
0.7410563	HGNC:3260	MONDO:0859340	biolink:gene_associated_with_condition	0
0.27841938	HGNC:3260	MONDO:0008310	biolink:gene_associated_with_condition	0
0.7510096	HGNC:3356	MONDO:0012911	biolink:gene_associated_with_condition	0
0.64618677	HGNC:3356	MONDO:0008061	biolink:gene_associated_with_condition	0
0.799912	HGNC:3356	MONDO:0009069	biolink:causes	0
0.48147058	HGNC:3356	MONDO:0014997	biolink:causes	0
0.7902198	HGNC:3356	MONDO:0012892	biolink:gene_associated_with_condition	0
0.7449544	HGNC:3356	MONDO:0054636	biolink:causes	0
0.40645254	HGNC:3356	MONDO:0020506	biolink:gene_associated_with_condition	0
0.77779466	HGNC:3373	MONDO:0010075	biolink:causes	0
0.6753936	HGNC:3373	MONDO:0007042	biolink:causes	0
0.90817773	HGNC:3373	MONDO:0014242	biolink:causes	0
0.7224257	HGNC:3395	MONDO:0019349	biolink:causes	0
0.4071694	HGNC:3395	MONDO:0031084	biolink:causes	0
0.12592043	HGNC:3423	MONDO:0976266	biolink:causes	0
0.5156154	HGNC:3436	MONDO:0018229	biolink:gene_associated_with_condition	0
0.68829674	HGNC:3436	MONDO:0009646	biolink:gene_associated_with_condition	0
0.69048184	HGNC:3436	MONDO:0060556	biolink:gene_associated_with_condition	0
0.48112652	HGNC:3468	MONDO:0014585	biolink:causes	0
0.8516917	HGNC:23287	MONDO:0014899	biolink:causes	0
0.4410399	HGNC:3508	MONDO:0008701	biolink:gene_associated_with_condition	0
0.69237	HGNC:3508	MONDO:0859180	biolink:gene_associated_with_condition	0
0.4734905	HGNC:3508	MONDO:0007404	biolink:gene_associated_with_condition	0
0.9510656	MONDO:0000902	HGNC:17085	biolink:causes	0
0.32291874	MONDO:0000914	HGNC:620	biolink:gene_associated_with_condition	0
0.4261982	MONDO:0000914	HGNC:132	biolink:causes	0
0.7817961	MONDO:0007057	HGNC:11529	biolink:causes	0
0.25109553	MONDO:0007137	HGNC:21497	biolink:causes	0
0.18795958	MONDO:0007137	HGNC:6541	biolink:gene_associated_with_condition	0
0.5219083	MONDO:0007137	HGNC:13601	biolink:gene_associated_with_condition	0
0.32214153	MONDO:0007137	HGNC:2468	biolink:causes	0
0.23313828	MONDO:0007137	HGNC:17116	biolink:causes	0
0.7823838	MONDO:0007157	HGNC:7132	biolink:gene_associated_with_condition	0
0.64490825	MONDO:0007157	HGNC:20439	biolink:gene_associated_with_condition	0
0.94016844	MONDO:0007157	HGNC:23216	biolink:causes	0
0.60679954	MONDO:0007205	HGNC:23734	biolink:causes	0
0.52780825	MONDO:0007221	HGNC:10998	biolink:gene_associated_with_condition	0
0.8197087	MONDO:0007221	HGNC:2760	biolink:causes	0
0.76620036	MONDO:0007349	HGNC:20773	biolink:causes	0
0.71104604	MONDO:0007361	HGNC:8101	biolink:causes	0
0.5291342	MONDO:0007361	HGNC:12261	biolink:causes	0
0.34528428	MONDO:0007377	HGNC:11998	biolink:gene_associated_with_condition	0
0.23990068	MONDO:0007377	HGNC:2001	biolink:causes	0
0.8976262	MONDO:0007381	HGNC:757	biolink:causes	0
0.6754287	MONDO:0007381	HGNC:7708	biolink:causes	0
0.7530077	MONDO:0007445	HGNC:26222	biolink:causes	0
0.7722584	MONDO:0007485	HGNC:2514	biolink:gene_associated_with_condition	0
0.10981354	MONDO:0007485	HGNC:17019	biolink:causes	0
0.67741865	MONDO:0007537	HGNC:4689	biolink:causes	0
0.9708127	MONDO:0007537	HGNC:23657	biolink:causes	0
0.96011144	MONDO:0007537	HGNC:6769	biolink:gene_associated_with_condition	0
0.9907323	MONDO:0007537	HGNC:13556	biolink:causes	0
0.45544875	MONDO:0007537	HGNC:10387	biolink:gene_associated_with_condition	0
0.5419094	MONDO:0007537	HGNC:21641	biolink:causes	0
0.29675892	MONDO:0007561	HGNC:1529	biolink:gene_associated_with_condition	0
0.6811621	MONDO:0007561	HGNC:14575	biolink:gene_associated_with_condition	0
0.2394377	MONDO:0007589	HGNC:4707	biolink:causes	0
0.8892766	MONDO:0007589	HGNC:6284	biolink:causes	0
0.92544794	MONDO:0007589	HGNC:9039	biolink:gene_associated_with_condition	0
0.23229538	MONDO:0007677	HGNC:5246	biolink:causes	0
0.6329413	MONDO:0007681	HGNC:10019	biolink:causes	0
0.80611485	MONDO:0007777	HGNC:4823	biolink:causes	0
0.70668334	MONDO:0007797	HGNC:11100	biolink:causes	0
0.45728287	MONDO:0007797	HGNC:10345	biolink:causes	0
0.5811374	MONDO:0007805	HGNC:11998	biolink:gene_associated_with_condition	0
0.30178097	MONDO:0007805	HGNC:10057	biolink:gene_associated_with_condition	0
0.76373106	MONDO:0007813	HGNC:13841	biolink:causes	0
0.61248565	MONDO:0007841	HGNC:12309	biolink:causes	0
0.35647637	MONDO:0007845	HGNC:1346	biolink:causes	0
0.8569153	MONDO:0007881	HGNC:9039	biolink:gene_associated_with_condition	0
0.44620788	MONDO:0007925	HGNC:329	biolink:causes	0
0.6971759	MONDO:0007925	HGNC:4175	biolink:gene_associated_with_condition	0
0.22828117	MONDO:0007925	HGNC:1527	biolink:causes	0
0.7317091	MONDO:0007925	HGNC:7883	biolink:causes	0
0.076069094	MONDO:0007925	HGNC:1343	biolink:contributes_to	0
0.30937418	MONDO:0007949	HGNC:10484	biolink:gene_associated_with_condition	0
0.7667745	MONDO:0007949	HGNC:9922	biolink:gene_associated_with_condition	0
0.37094474	MONDO:0007949	HGNC:25808	biolink:causes	0
0.79462063	MONDO:0007949	HGNC:18550	biolink:causes	0
0.7893401	MONDO:0007949	HGNC:26144	biolink:contributes_to	0
0.49825895	MONDO:0007949	HGNC:10889	biolink:gene_associated_with_condition	0
0.4498396	MONDO:0008005	HGNC:7590	biolink:causes	0
0.9750088	MONDO:0008005	HGNC:2200	biolink:gene_associated_with_condition	0
0.46616885	MONDO:0008005	HGNC:9382	biolink:causes	0
0.95418364	MONDO:0008061	HGNC:2197	biolink:causes	0
0.64618677	MONDO:0008061	HGNC:3356	biolink:gene_associated_with_condition	0
0.4234341	MONDO:0008061	HGNC:8941	biolink:gene_associated_with_condition	0
0.97601944	MONDO:0008097	HGNC:2379	biolink:gene_associated_with_condition	0
0.65057206	MONDO:0008097	HGNC:485	biolink:causes	0
0.8328923	MONDO:0008153	HGNC:23399	biolink:causes	0
0.56049865	MONDO:0008153	HGNC:31923	biolink:causes	0
0.6133166	MONDO:0008201	HGNC:21020	biolink:gene_associated_with_condition	0
0.9606092	MONDO:0008377	HGNC:4162	biolink:causes	0
0.8712038	MONDO:0008377	HGNC:5006	biolink:causes	0
0.36522704	MONDO:0008377	HGNC:23045	biolink:causes	0
0.809028	MONDO:0008377	HGNC:7450	biolink:gene_associated_with_condition	0
0.84036773	MONDO:0008377	HGNC:22448	biolink:causes	0
0.8916376	MONDO:0008377	HGNC:8617	biolink:causes	0
0.8322243	MONDO:0008377	HGNC:25686	biolink:causes	0
0.8022598	MONDO:0008377	HGNC:983	biolink:gene_associated_with_condition	0
0.8034568	MONDO:0008377	HGNC:9970	biolink:gene_associated_with_condition	0
0.888118	MONDO:0008377	HGNC:10298	biolink:causes	0
0.9229057	MONDO:0008377	HGNC:20323	biolink:causes	0
0.815643	MONDO:0008377	HGNC:1529	biolink:causes	0
0.93187404	MONDO:0008377	HGNC:11195	biolink:gene_associated_with_condition	0
0.9193281	MONDO:0008377	HGNC:12373	biolink:gene_associated_with_condition	0
0.94446075	MONDO:0008377	HGNC:26262	biolink:gene_associated_with_condition	0
0.8964158	MONDO:0008377	HGNC:29594	biolink:causes	0
0.92903394	MONDO:0008377	HGNC:23595	biolink:gene_associated_with_condition	0
0.8592084	MONDO:0008377	HGNC:12774	biolink:gene_associated_with_condition	0
0.9426291	MONDO:0008377	HGNC:24931	biolink:gene_associated_with_condition	0
0.90921575	MONDO:0008377	HGNC:16783	biolink:gene_associated_with_condition	0
0.85223603	MONDO:0008377	HGNC:236	biolink:causes	0
0.87863445	MONDO:0008377	HGNC:4516	biolink:causes	0
0.9443365	MONDO:0008377	HGNC:3754	biolink:causes	0
0.8438718	MONDO:0008377	HGNC:29682	biolink:causes	0
0.94536835	MONDO:0008377	HGNC:29670	biolink:gene_associated_with_condition	0
0.90473586	MONDO:0008377	HGNC:6081	biolink:causes	0
0.9488122	MONDO:0008377	HGNC:757	biolink:gene_associated_with_condition	0
0.6956161	MONDO:0008377	HGNC:6893	biolink:gene_associated_with_condition	0
0.9559642	MONDO:0008377	HGNC:7744	biolink:contributes_to	0
0.9596554	MONDO:0008377	HGNC:18591	biolink:causes	0
0.9362018	MONDO:0008377	HGNC:28993	biolink:causes	0
0.8425062	MONDO:0008377	HGNC:30889	biolink:causes	0
0.876004	MONDO:0008377	HGNC:13222	biolink:causes	0
0.92538047	MONDO:0008377	HGNC:9879	biolink:causes	0
0.8337549	MONDO:0008377	HGNC:29187	biolink:causes	0
0.8762484	MONDO:0008377	HGNC:1539	biolink:gene_associated_with_condition	0
0.9483734	MONDO:0008377	HGNC:28261	biolink:causes	0
0.9334658	MONDO:0008377	HGNC:11998	biolink:gene_associated_with_condition	0
0.93405885	MONDO:0008377	HGNC:2379	biolink:causes	0
0.8013483	MONDO:0008377	HGNC:3662	biolink:gene_associated_with_condition	0
0.88442135	MONDO:0008377	HGNC:3694	biolink:gene_associated_with_condition	0
0.84453046	MONDO:0008377	HGNC:10378	biolink:causes	0
0.6080867	MONDO:0008377	HGNC:8029	biolink:causes	0
0.8849934	MONDO:0008377	HGNC:23213	biolink:gene_associated_with_condition	0
0.8119707	MONDO:0008377	HGNC:9386	biolink:gene_associated_with_condition	0
0.61262995	MONDO:0008377	HGNC:9864	biolink:gene_associated_with_condition	0
0.7214036	MONDO:0008377	HGNC:10593	biolink:causes	0
0.6948194	MONDO:0008377	HGNC:8941	biolink:gene_associated_with_condition	0
0.8609124	MONDO:0008377	HGNC:11179	biolink:causes	0
0.89013404	MONDO:0008377	HGNC:11301	biolink:gene_associated_with_condition	0
0.88372874	MONDO:0008377	HGNC:16035	biolink:causes	0
0.83406985	MONDO:0008377	HGNC:11949	biolink:gene_associated_with_condition	0
0.71982086	MONDO:0008377	HGNC:12873	biolink:gene_associated_with_condition	0
0.8727999	MONDO:0008377	HGNC:1966	biolink:causes	0
0.8368497	MONDO:0008377	HGNC:19124	biolink:gene_associated_with_condition	0
0.9342658	MONDO:0008377	HGNC:18625	biolink:causes	0
0.7291753	MONDO:0008377	HGNC:4887	biolink:gene_associated_with_condition	0
0.84827477	MONDO:0008377	HGNC:5248	biolink:causes	0
0.8423517	MONDO:0008377	HGNC:5439	biolink:gene_associated_with_condition	0
0.98664814	MONDO:0008377	HGNC:29077	biolink:contributes_to	0
0.13295482	MONDO:0008377	HGNC:6619	biolink:gene_associated_with_condition	0
0.9341233	MONDO:0008377	HGNC:1968	biolink:causes	0
0.8784838	MONDO:0008377	HGNC:19691	biolink:gene_associated_with_condition	0
0.82065153	MONDO:0008377	HGNC:7176	biolink:causes	0
0.51670015	MONDO:0008377	HGNC:7545	biolink:gene_associated_with_condition	0
0.9921442	MONDO:0008377	HGNC:26257	biolink:contributes_to	0
0.8039222	MONDO:0008377	HGNC:25415	biolink:causes	0
0.22326016	MONDO:0008377	HGNC:11019	biolink:gene_associated_with_condition	0
0.5084106	MONDO:0008377	HGNC:11368	biolink:causes	0
0.55530316	MONDO:0008377	HGNC:11720	biolink:causes	0
0.7411142	MONDO:0008377	HGNC:11771	biolink:causes	0
0.74317884	MONDO:0008377	HGNC:11776	biolink:gene_associated_with_condition	0
0.9285388	MONDO:0008377	HGNC:12687	biolink:gene_associated_with_condition	0
0.9088368	MONDO:0008377	HGNC:15516	biolink:gene_associated_with_condition	0
0.8868926	MONDO:0008377	HGNC:12877	biolink:gene_associated_with_condition	0
0.87083644	MONDO:0008377	HGNC:2988	biolink:gene_associated_with_condition	0
0.80796564	MONDO:0008393	HGNC:8657	biolink:causes	0
0.65197474	MONDO:0008393	HGNC:3004	biolink:causes	0
0.3726669	MONDO:0008437	HGNC:2528	biolink:causes	0
0.49448526	MONDO:0008437	HGNC:17993	biolink:causes	0
0.377717	MONDO:0008485	HGNC:103	biolink:causes	0
0.8583971	MONDO:0008501	HGNC:6742	biolink:causes	0
0.5316124	MONDO:0008633	HGNC:11276	biolink:causes	0
0.6605024	MONDO:0008633	HGNC:17208	biolink:gene_associated_with_condition	0
0.20508541	MONDO:0008637	HGNC:132	biolink:gene_associated_with_condition	0
0.23121147	MONDO:0008637	HGNC:12469	biolink:gene_associated_with_condition	0
0.52678156	MONDO:0008637	HGNC:29203	biolink:gene_associated_with_condition	0
0.28704792	MONDO:0008637	HGNC:4887	biolink:gene_associated_with_condition	0
0.13166668	MONDO:0008637	HGNC:1246	biolink:gene_associated_with_condition	0
0.6679285	MONDO:0008673	HGNC:7693	biolink:causes	0
0.6111815	MONDO:0008673	HGNC:29873	biolink:causes	0
0.85921687	MONDO:0008673	HGNC:3005	biolink:gene_associated_with_condition	0
0.7890574	MONDO:0008673	HGNC:4593	biolink:gene_associated_with_condition	0
0.12696324	MONDO:0008673	HGNC:14469	biolink:gene_associated_with_condition	0
0.61664784	MONDO:0008689	HGNC:5439	biolink:gene_associated_with_condition	0
0.2430573	MONDO:0008689	HGNC:17073	biolink:causes	0
0.6531793	MONDO:0008693	HGNC:4193	biolink:causes	0
0.54550785	MONDO:0008693	HGNC:13488	biolink:gene_associated_with_condition	0
0.4410399	MONDO:0008701	HGNC:3508	biolink:gene_associated_with_condition	0
0.20000324	MONDO:0008705	HGNC:19263	biolink:causes	0
0.033895466	MONDO:0008705	HGNC:16709	biolink:causes	0
0.017266704	MONDO:0008705	HGNC:16700	biolink:causes	0
0.6920062	MONDO:0008713	HGNC:10979	biolink:causes	0
0.8452597	MONDO:0008765	HGNC:1388	biolink:gene_associated_with_condition	0
0.9273455	MONDO:0008777	HGNC:3603	biolink:gene_associated_with_condition	0
0.7451004	MONDO:0008817	HGNC:15714	biolink:causes	0
0.45898265	MONDO:0008817	HGNC:29536	biolink:causes	0
0.8172712	MONDO:0008817	HGNC:21208	biolink:causes	0
0.4550718	MONDO:0008881	HGNC:8591	biolink:causes	0
0.6550506	MONDO:0008885	HGNC:4689	biolink:causes	0
0.80908686	MONDO:0008885	HGNC:888	biolink:causes	0
0.58658403	MONDO:0009053	HGNC:6320	biolink:causes	0
0.5976457	MONDO:0009053	HGNC:9970	biolink:gene_associated_with_condition	0
0.38733888	MONDO:0009053	HGNC:392	biolink:gene_associated_with_condition	0
0.98693305	MONDO:0009053	HGNC:5154	biolink:gene_associated_with_condition	0
0.89447725	MONDO:0009053	HGNC:358	biolink:causes	0
0.8253644	MONDO:0009061	HGNC:23088	biolink:causes	0
0.74785906	MONDO:0009061	HGNC:12373	biolink:gene_associated_with_condition	0
0.66558707	MONDO:0009061	HGNC:3497	biolink:gene_associated_with_condition	0
0.21190447	MONDO:0009061	HGNC:5208	biolink:causes	0
0.51508826	MONDO:0009061	HGNC:6654	biolink:causes	0
0.42652133	MONDO:0009061	HGNC:21290	biolink:causes	0
0.5440075	MONDO:0009061	HGNC:9871	biolink:causes	0
0.49881038	MONDO:0009061	HGNC:17993	biolink:causes	0
0.6702965	MONDO:0009061	HGNC:24650	biolink:gene_associated_with_condition	0
0.18827754	MONDO:0009061	HGNC:6816	biolink:causes	0
0.71548295	MONDO:0009061	HGNC:11118	biolink:gene_associated_with_condition	0
0.7050848	MONDO:0009061	HGNC:11582	biolink:gene_associated_with_condition	0
0.799912	MONDO:0009069	HGNC:3356	biolink:causes	0
0.8080165	MONDO:0009073	HGNC:2019	biolink:causes	0
0.71438277	MONDO:0009109	HGNC:10023	biolink:causes	0
0.41761008	MONDO:0009109	HGNC:10593	biolink:causes	0
0.8298656	MONDO:0009113	HGNC:613	biolink:contributes_to	0
0.7724977	MONDO:0009113	HGNC:10256	biolink:causes	0
0.692404	MONDO:0009161	HGNC:4241	biolink:gene_associated_with_condition	0
0.97423923	MONDO:0009213	HGNC:10818	biolink:causes	0
0.8541871	MONDO:0009265	HGNC:19189	biolink:causes	0
0.8744112	MONDO:0009265	HGNC:24576	biolink:causes	0
0.7581506	MONDO:0009281	HGNC:6595	biolink:causes	0
0.6979768	MONDO:0009353	HGNC:24123	biolink:causes	0
0.31983006	MONDO:0009377	HGNC:4236	biolink:causes	0
0.8075105	MONDO:0009377	HGNC:14262	biolink:causes	0
0.91212904	MONDO:0009397	HGNC:9879	biolink:causes	0
0.822307	MONDO:0009413	HGNC:3522	biolink:causes	0
0.81434524	MONDO:0009461	HGNC:6207	biolink:causes	0
0.7672093	MONDO:0009461	HGNC:26521	biolink:causes	0
0.48172617	MONDO:0009469	HGNC:3677	biolink:causes	0
0.99295527	MONDO:0009477	HGNC:20105	biolink:causes	0
0.7593164	MONDO:0009477	HGNC:11998	biolink:gene_associated_with_condition	0
0.79390454	MONDO:0009485	HGNC:16783	biolink:causes	0
0.8827882	MONDO:0009505	HGNC:18083	biolink:causes	0
0.9041614	MONDO:0009505	HGNC:6391	biolink:gene_associated_with_condition	0
0.82847583	MONDO:0009513	HGNC:26784	biolink:gene_associated_with_condition	0
0.57069975	MONDO:0009513	HGNC:10383	biolink:causes	0
0.8350182	MONDO:0009513	HGNC:6769	biolink:causes	0
0.79777265	MONDO:0009529	HGNC:14579	biolink:causes	0
0.98582506	MONDO:0009593	HGNC:11582	biolink:causes	0
0.64904624	MONDO:0009609	HGNC:6970	biolink:causes	0
0.9062885	MONDO:0009609	HGNC:6990	biolink:gene_associated_with_condition	0
0.47092363	MONDO:0009617	HGNC:23212	biolink:causes	0
0.78587776	MONDO:0009625	HGNC:2348	biolink:causes	0
0.35823306	MONDO:0009625	HGNC:23094	biolink:causes	0
0.90884286	MONDO:0009625	HGNC:9118	biolink:gene_associated_with_condition	0
0.50321436	MONDO:0009653	HGNC:14214	biolink:causes	0
0.7438754	MONDO:0009653	HGNC:17272	biolink:causes	0
0.6669924	MONDO:0009653	HGNC:23639	biolink:causes	0
0.7973252	MONDO:0009657	HGNC:3671	biolink:gene_associated_with_condition	0
0.5566879	MONDO:0009657	HGNC:24928	biolink:causes	0
0.4650485	MONDO:0009657	HGNC:1630	biolink:gene_associated_with_condition	0
0.41069177	MONDO:0009665	HGNC:3542	biolink:gene_associated_with_condition	0
0.9555625	MONDO:0009677	HGNC:15517	biolink:causes	0
0.89696014	MONDO:0009677	HGNC:29685	biolink:causes	0
0.93198335	MONDO:0009677	HGNC:4220	biolink:gene_associated_with_condition	0
0.9084159	MONDO:0009737	HGNC:649	biolink:causes	0
0.78873324	MONDO:0009737	HGNC:19088	biolink:causes	0
0.4839803	MONDO:0009737	HGNC:7516	biolink:gene_associated_with_condition	0
0.8215824	MONDO:0009773	HGNC:11364	biolink:causes	0
0.5501461	MONDO:0009773	HGNC:8592	biolink:causes	0
0.040078387	MONDO:0009825	HGNC:21066	biolink:causes	0
0.90638345	MONDO:0009841	HGNC:11603	biolink:gene_associated_with_condition	0
0.539371	MONDO:0009841	HGNC:3259	biolink:gene_associated_with_condition	0
0.79343504	MONDO:0009857	HGNC:23096	biolink:causes	0
0.8572952	MONDO:0009877	HGNC:4180	biolink:gene_associated_with_condition	0
0.6368125	MONDO:0009877	HGNC:9922	biolink:causes	0
0.89286405	MONDO:0009885	HGNC:1044	biolink:causes	0
0.71700263	MONDO:0009885	HGNC:897	biolink:gene_associated_with_condition	0
0.2647966	MONDO:0009885	HGNC:15578	biolink:causes	0
0.7800163	MONDO:0009925	HGNC:4392	biolink:gene_associated_with_condition	0
0.34345034	MONDO:0009925	HGNC:3257	biolink:gene_associated_with_condition	0
0.8305633	MONDO:0009929	HGNC:4877	biolink:gene_associated_with_condition	0
0.65686154	MONDO:0009953	HGNC:2976	biolink:gene_associated_with_condition	0
0.94214016	MONDO:0009953	HGNC:25774	biolink:causes	0
0.6654598	MONDO:0009965	HGNC:3960	biolink:causes	0
0.39835638	MONDO:0009965	HGNC:2799	biolink:causes	0
0.90057504	MONDO:0009965	HGNC:4787	biolink:causes	0
0.52059394	MONDO:0009965	HGNC:1100	biolink:contributes_to	0
0.45814884	MONDO:0010013	HGNC:573	biolink:gene_associated_with_condition	0
0.9961469	MONDO:0010077	HGNC:29316	biolink:causes	0
0.78387845	MONDO:0010133	HGNC:4180	biolink:gene_associated_with_condition	0
0.23574328	MONDO:0010169	HGNC:9456	biolink:causes	0
0.6303349	MONDO:0010169	HGNC:4393	biolink:causes	0
0.16177224	MONDO:0010169	HGNC:3257	biolink:gene_associated_with_condition	0
0.8248279	MONDO:0010185	HGNC:7744	biolink:contributes_to	0
0.29444495	MONDO:0010185	HGNC:9382	biolink:causes	0
0.73252445	MONDO:0010217	HGNC:6207	biolink:causes	0
0.78266454	MONDO:0010233	HGNC:15021	biolink:causes	0
0.9676183	MONDO:0010277	HGNC:10031	biolink:gene_associated_with_condition	0
0.8022639	MONDO:0010277	HGNC:2214	biolink:gene_associated_with_condition	0
0.9297256	MONDO:0010281	HGNC:1373	biolink:gene_associated_with_condition	0
0.9449507	MONDO:0010281	HGNC:3663	biolink:causes	0
0.4525986	MONDO:0010317	HGNC:11720	biolink:causes	0
0.87667716	MONDO:0010361	HGNC:13829	biolink:gene_associated_with_condition	0
0.5753576	MONDO:0010389	HGNC:1785	biolink:causes	0
0.95169467	MONDO:0010397	HGNC:3513	biolink:causes	0
0.843267	MONDO:0010397	HGNC:1181	biolink:gene_associated_with_condition	0
0.94367075	MONDO:0010397	HGNC:7468	biolink:causes	0
0.97523075	MONDO:0010401	HGNC:19046	biolink:causes	0
0.6515757	MONDO:0010401	HGNC:10593	biolink:contributes_to	0
0.8027048	MONDO:0010441	HGNC:8028	biolink:causes	0
0.7661575	MONDO:0010441	HGNC:164	biolink:causes	0
0.218606	MONDO:0010441	HGNC:28449	biolink:gene_associated_with_condition	0
0.9009639	MONDO:0010465	HGNC:2027	biolink:gene_associated_with_condition	0
0.44873345	MONDO:0010465	HGNC:30500	biolink:causes	0
0.621783	MONDO:0010465	HGNC:3767	biolink:causes	0
0.6225448	MONDO:0010465	HGNC:18127	biolink:causes	0
0.94588566	MONDO:0010477	HGNC:16205	biolink:causes	0
0.34674042	MONDO:0010477	HGNC:2877	biolink:causes	0
0.6746927	MONDO:0010477	HGNC:1777	biolink:causes	0
0.64767456	MONDO:0010485	HGNC:11367	biolink:causes	0
0.9029405	MONDO:0010489	HGNC:9086	biolink:gene_associated_with_condition	0
0.8893799	MONDO:0010501	HGNC:5009	biolink:gene_associated_with_condition	0
0.8710662	MONDO:0010645	HGNC:7577	biolink:causes	0
0.9830518	MONDO:0010645	HGNC:714	biolink:gene_associated_with_condition	0
0.8728141	MONDO:0010645	HGNC:10771	biolink:gene_associated_with_condition	0
0.7989208	MONDO:0010661	HGNC:12441	biolink:causes	0
0.8377023	MONDO:0010661	HGNC:8140	biolink:gene_associated_with_condition	0
0.9424227	MONDO:0010665	HGNC:16493	biolink:causes	0
0.06756385	MONDO:0010853	HGNC:1161	biolink:gene_associated_with_condition	0
0.85938674	MONDO:0010933	HGNC:17089	biolink:causes	0
0.6373388	MONDO:0010933	HGNC:3010	biolink:causes	0
0.22768927	MONDO:0011013	HGNC:5383	biolink:gene_associated_with_condition	0
0.5375634	MONDO:0011017	HGNC:7679	biolink:gene_associated_with_condition	0
0.9499667	MONDO:0011017	HGNC:7945	biolink:causes	0
0.20370421	MONDO:0011017	HGNC:9052	biolink:gene_associated_with_condition	0
0.1636074	MONDO:0011017	HGNC:26532	biolink:gene_associated_with_condition	0
0.8477566	MONDO:0011017	HGNC:3438	biolink:causes	0
0.24430181	MONDO:0011017	HGNC:23094	biolink:causes	0
0.13472159	MONDO:0011017	HGNC:6308	biolink:causes	0
0.12659891	MONDO:0011025	HGNC:2409	biolink:gene_associated_with_condition	0
0.8427683	MONDO:0011073	HGNC:8604	biolink:gene_associated_with_condition	0
0.79588026	MONDO:0011073	HGNC:11226	biolink:causes	0
0.67465633	MONDO:0011073	HGNC:8101	biolink:causes	0
0.72092015	MONDO:0011085	HGNC:6207	biolink:gene_associated_with_condition	0
0.77824175	MONDO:0011113	HGNC:17194	biolink:contributes_to	0
0.76092947	MONDO:0011125	HGNC:7693	biolink:causes	0
0.85218	MONDO:0011125	HGNC:7765	biolink:gene_associated_with_condition	0
0.6630749	MONDO:0011165	HGNC:15646	biolink:causes	0
0.9398404	MONDO:0011165	HGNC:757	biolink:gene_associated_with_condition	0
0.96843857	MONDO:0011229	HGNC:2858	biolink:causes	0
0.017082779	MONDO:0011237	HGNC:17811	biolink:gene_associated_with_condition	0
0.05125469	MONDO:0011237	HGNC:8574	biolink:gene_associated_with_condition	0
0.56006604	MONDO:0011273	HGNC:464	biolink:gene_associated_with_condition	0
0.68717366	MONDO:0011273	HGNC:23089	biolink:causes	0
0.3477474	MONDO:0011285	HGNC:16393	biolink:gene_associated_with_condition	0
0.4039174	MONDO:0011285	HGNC:3098	biolink:causes	0
0.100034714	MONDO:0011285	HGNC:1093	biolink:causes	0
0.17313242	MONDO:0011285	HGNC:26047	biolink:causes	0
0.540131	MONDO:0011285	HGNC:5466	biolink:gene_associated_with_condition	0
0.078159615	MONDO:0011285	HGNC:7877	biolink:causes	0
0.58063614	MONDO:0011361	HGNC:7127	biolink:causes	0
0.09664008	MONDO:0011397	HGNC:22938	biolink:gene_associated_with_condition	0
0.89199233	MONDO:0011397	HGNC:30074	biolink:gene_associated_with_condition	0
0.89035726	MONDO:0011397	HGNC:20197	biolink:causes	0
0.7621335	MONDO:0011405	HGNC:8851	biolink:gene_associated_with_condition	0
0.45854822	MONDO:0011417	HGNC:25221	biolink:causes	0
0.1546549	MONDO:0011417	HGNC:11943	biolink:causes	0
0.46051794	MONDO:0011417	HGNC:6696	biolink:causes	0
0.14268838	MONDO:0011445	HGNC:9046	biolink:contributes_to	0
0.85895526	MONDO:0011445	HGNC:13830	biolink:gene_associated_with_condition	0
0.76504683	MONDO:0011473	HGNC:4392	biolink:causes	0
0.09321178	MONDO:0011473	HGNC:17020	biolink:contributes_to	0
0.6279409	MONDO:0011481	HGNC:1100	biolink:contributes_to	0
0.7955056	MONDO:0011489	HGNC:8487	biolink:causes	0
0.32259792	MONDO:0011493	HGNC:11494	biolink:gene_associated_with_condition	0
0.92064524	MONDO:0011529	HGNC:7744	biolink:gene_associated_with_condition	0
0.65045035	MONDO:0011529	HGNC:13941	biolink:causes	0
0.23606002	MONDO:0011529	HGNC:1449	biolink:causes	0
0.7580787	MONDO:0011529	HGNC:12261	biolink:causes	0
0.67371494	MONDO:0011541	HGNC:1633	biolink:causes	0
0.83695173	MONDO:0011593	HGNC:20456	biolink:causes	0
0.87939936	MONDO:0011593	HGNC:12637	biolink:causes	0
0.7507245	MONDO:0011633	HGNC:1698	biolink:causes	0
0.46829286	MONDO:0011713	HGNC:29561	biolink:causes	0
0.5891029	MONDO:0011713	HGNC:11535	biolink:gene_associated_with_condition	0
0.5874256	MONDO:0011713	HGNC:8011	biolink:gene_associated_with_condition	0
0.36393625	MONDO:0011765	HGNC:28852	biolink:causes	0
0.38076147	MONDO:0011765	HGNC:2711	biolink:contributes_to	0
0.5768589	MONDO:0011765	HGNC:21157	biolink:causes	0
0.87412894	MONDO:0011765	HGNC:15979	biolink:causes	0
0.5278253	MONDO:0011789	HGNC:8756	biolink:causes	0
0.029981373	MONDO:0011801	HGNC:4217	biolink:causes	0
0.87899876	MONDO:0011829	HGNC:8853	biolink:gene_associated_with_condition	0
0.6003818	MONDO:0011829	HGNC:11573	biolink:gene_associated_with_condition	0
0.7868074	MONDO:0011837	HGNC:7744	biolink:gene_associated_with_condition	0
0.30950606	MONDO:0011937	HGNC:6192	biolink:causes	0
0.8071801	MONDO:0012041	HGNC:4170	biolink:gene_associated_with_condition	0
0.8941024	MONDO:0012041	HGNC:13398	biolink:causes	0
0.20175667	MONDO:0012041	HGNC:11020	biolink:causes	0
0.82262474	MONDO:0012041	HGNC:694	biolink:causes	0
0.48453355	MONDO:0012041	HGNC:9107	biolink:causes	0
0.7287437	MONDO:0012041	HGNC:21158	biolink:gene_associated_with_condition	0
0.77218866	MONDO:0012041	HGNC:6284	biolink:causes	0
0.8794295	MONDO:0012041	HGNC:7882	biolink:causes	0
0.75062686	MONDO:0012041	HGNC:12783	biolink:gene_associated_with_condition	0
0.93410337	MONDO:0012041	HGNC:11654	biolink:causes	0
0.40106922	MONDO:0012041	HGNC:11771	biolink:gene_associated_with_condition	0
0.14715251	MONDO:0012085	HGNC:6770	biolink:causes	0
0.9010081	MONDO:0012089	HGNC:4220	biolink:gene_associated_with_condition	0
0.03240889	MONDO:0012125	HGNC:1869	biolink:causes	0
0.51648194	MONDO:0012161	HGNC:2022	biolink:gene_associated_with_condition	0
0.7717435	MONDO:0012165	HGNC:4392	biolink:causes	0
0.9311947	MONDO:0012173	HGNC:5382	biolink:gene_associated_with_condition	0
0.5303928	MONDO:0012197	HGNC:9282	biolink:causes	0
0.5349761	MONDO:0012205	HGNC:27089	biolink:gene_associated_with_condition	0
0.63212335	MONDO:0012221	HGNC:613	biolink:causes	0
0.7329884	MONDO:0012221	HGNC:1268	biolink:gene_associated_with_condition	0
0.7731607	MONDO:0012221	HGNC:13488	biolink:causes	0
0.70322484	MONDO:0012225	HGNC:11771	biolink:gene_associated_with_condition	0
0.28209603	MONDO:0012297	HGNC:12371	biolink:causes	0
0.45877013	MONDO:0012297	HGNC:12440	biolink:causes	0
0.15083808	MONDO:0012345	HGNC:2940	biolink:causes	0
0.66213787	MONDO:0012381	HGNC:3686	biolink:causes	0
0.722059	MONDO:0012421	HGNC:10023	biolink:causes	0
0.91661406	MONDO:0012421	HGNC:28993	biolink:causes	0
0.4214517	MONDO:0012453	HGNC:4689	biolink:causes	0
0.83518875	MONDO:0012453	HGNC:8965	biolink:causes	0
0.4793314	MONDO:0012465	HGNC:20087	biolink:causes	0
0.48800105	MONDO:0012521	HGNC:11724	biolink:causes	0
0.7240008	MONDO:0012569	HGNC:7133	biolink:gene_associated_with_condition	0
0.43626648	MONDO:0012569	HGNC:12786	biolink:causes	0
0.5979148	MONDO:0012621	HGNC:124	biolink:causes	0
0.870709	MONDO:0012621	HGNC:12565	biolink:causes	0
0.08469773	MONDO:0012621	HGNC:31704	biolink:causes	0
0.6935148	MONDO:0012669	HGNC:7106	biolink:gene_associated_with_condition	0
0.9500019	MONDO:0012669	HGNC:9717	biolink:causes	0
0.76970035	MONDO:0012689	HGNC:16197	biolink:causes	0
0.67038524	MONDO:0012689	HGNC:20080	biolink:causes	0
0.52291983	MONDO:0012693	HGNC:1361	biolink:causes	0
0.52739394	MONDO:0012693	HGNC:3267	biolink:causes	0
0.47662112	MONDO:0012805	HGNC:7974	biolink:gene_associated_with_condition	0
0.5681847	MONDO:0012833	HGNC:16513	biolink:causes	0
0.4835248	MONDO:0012925	HGNC:6174	biolink:gene_associated_with_condition	0
0.4797202	MONDO:0012925	HGNC:600	biolink:causes	0
0.78557986	MONDO:0012925	HGNC:10447	biolink:causes	0
0.19646624	MONDO:0012925	HGNC:4172	biolink:causes	0
0.6351956	MONDO:0013021	HGNC:869	biolink:causes	0
0.75283253	MONDO:0013033	HGNC:17327	biolink:gene_associated_with_condition	0
0.908688	MONDO:0013033	HGNC:17296	biolink:causes	0
0.5801	MONDO:0013033	HGNC:11427	biolink:causes	0
0.47486612	MONDO:0013033	HGNC:9955	biolink:gene_associated_with_condition	0
0.62037355	MONDO:0013125	HGNC:3012	biolink:causes	0
0.52585226	MONDO:0013125	HGNC:11776	biolink:gene_associated_with_condition	0
0.72197825	MONDO:0013181	HGNC:28396	biolink:causes	0
0.3059031	MONDO:0013181	HGNC:4868	biolink:causes	0
0.72827363	MONDO:0013189	HGNC:8850	biolink:gene_associated_with_condition	0
0.50021607	MONDO:0013193	HGNC:9970	biolink:gene_associated_with_condition	0
0.7948648	MONDO:0013245	HGNC:27310	biolink:causes	0
0.7539483	MONDO:0013245	HGNC:9386	biolink:causes	0
0.3404103	MONDO:0013301	HGNC:4948	biolink:contributes_to	0
0.5708468	MONDO:0013301	HGNC:19714	biolink:gene_associated_with_condition	0
0.70487183	MONDO:0013301	HGNC:9043	biolink:gene_associated_with_condition	0
0.9885309	MONDO:0013357	HGNC:16873	biolink:gene_associated_with_condition	0
0.6431653	MONDO:0013357	HGNC:8028	biolink:causes	0
0.98107684	MONDO:0013357	HGNC:19129	biolink:gene_associated_with_condition	0
0.30873182	MONDO:0013357	HGNC:11720	biolink:causes	0
0.6462233	MONDO:0013449	HGNC:19304	biolink:causes	0
0.78632957	MONDO:0013469	HGNC:8654	biolink:gene_associated_with_condition	0
0.7189278	MONDO:0013473	HGNC:8028	biolink:gene_associated_with_condition	0
0.44752494	MONDO:0013473	HGNC:53	biolink:causes	0
0.25510702	MONDO:0013529	HGNC:21143	biolink:causes	0
0.11274521	MONDO:0013529	HGNC:16627	biolink:gene_associated_with_condition	0
0.65829414	MONDO:0013533	HGNC:30000	biolink:causes	0
0.8116768	MONDO:0013533	HGNC:2219	biolink:causes	0
0.6514063	MONDO:0013553	HGNC:27365	biolink:causes	0
0.898685	MONDO:0013553	HGNC:2027	biolink:gene_associated_with_condition	0
0.79861134	MONDO:0013561	HGNC:226	biolink:causes	0
0.8421388	MONDO:0013661	HGNC:17258	biolink:causes	0
0.11973854	MONDO:0013685	HGNC:7392	biolink:gene_associated_with_condition	0
0.28478864	MONDO:0013777	HGNC:19349	biolink:gene_associated_with_condition	0
0.5898614	MONDO:0013777	HGNC:6696	biolink:causes	0
0.67810833	MONDO:0013797	HGNC:23537	biolink:causes	0
0.5256829	MONDO:0013821	HGNC:11936	biolink:causes	0
0.89226526	MONDO:0013821	HGNC:25896	biolink:causes	0
0.18261604	MONDO:0013821	HGNC:4172	biolink:causes	0
0.90471303	MONDO:0013853	HGNC:6768	biolink:causes	0
0.95278835	MONDO:0013873	HGNC:16493	biolink:causes	0
0.98361117	MONDO:0013885	HGNC:11795	biolink:gene_associated_with_condition	0
0.60391295	MONDO:0013925	HGNC:7176	biolink:causes	0
0.86897135	MONDO:0013925	HGNC:9118	biolink:causes	0
0.83209753	MONDO:0013929	HGNC:1514	biolink:contributes_to	0
0.73535407	MONDO:0013929	HGNC:3583	biolink:causes	0
0.96142036	MONDO:0013937	HGNC:7720	biolink:causes	0
0.39519295	MONDO:0013941	HGNC:24928	biolink:gene_associated_with_condition	0
0.4636531	MONDO:0013957	HGNC:6407	biolink:causes	0
0.9044752	MONDO:0013977	HGNC:19129	biolink:gene_associated_with_condition	0
0.46767172	MONDO:0014013	HGNC:3756	biolink:causes	0
0.8089663	MONDO:0014037	HGNC:13210	biolink:contributes_to	0
0.113708034	MONDO:0014057	HGNC:9066	biolink:gene_associated_with_condition	0
0.57333523	MONDO:0014057	HGNC:17341	biolink:causes	0
0.52536327	MONDO:0014065	HGNC:11714	biolink:causes	0
0.76341534	MONDO:0014089	HGNC:2978	biolink:causes	0
0.788168	MONDO:0014093	HGNC:904	biolink:causes	0
0.52412033	MONDO:0014093	HGNC:10019	biolink:causes	0
0.8910792	MONDO:0014093	HGNC:21638	biolink:gene_associated_with_condition	0
0.9147144	MONDO:0014117	HGNC:3755	biolink:gene_associated_with_condition	0
0.68155193	MONDO:0014121	HGNC:16400	biolink:gene_associated_with_condition	0
0.9358675	MONDO:0014125	HGNC:319	biolink:gene_associated_with_condition	0
0.88111	MONDO:0014125	HGNC:30650	biolink:gene_associated_with_condition	0
0.76141447	MONDO:0014141	HGNC:13867	biolink:causes	0
0.6940469	MONDO:0014165	HGNC:7516	biolink:gene_associated_with_condition	0
0.42339602	MONDO:0014217	HGNC:18884	biolink:gene_associated_with_condition	0
0.8613792	MONDO:0014217	HGNC:19358	biolink:causes	0
0.9616139	MONDO:0014221	HGNC:2244	biolink:causes	0
0.30789965	MONDO:0014225	HGNC:10593	biolink:causes	0
0.85840243	MONDO:0014261	HGNC:6180	biolink:gene_associated_with_condition	0
0.5367118	MONDO:0014305	HGNC:18647	biolink:causes	0
0.82015616	MONDO:0014309	HGNC:2592	biolink:gene_associated_with_condition	0
0.7569197	MONDO:0014321	HGNC:4785	biolink:causes	0
0.7687902	MONDO:0014321	HGNC:9986	biolink:causes	0
0.9374835	MONDO:0014341	HGNC:10818	biolink:causes	0
0.15400656	MONDO:0014349	HGNC:216	biolink:causes	0
0.79268146	MONDO:0014361	HGNC:17996	biolink:causes	0
0.7492342	MONDO:0014397	HGNC:14537	biolink:gene_associated_with_condition	0
0.24194889	MONDO:0014401	HGNC:4948	biolink:contributes_to	0
0.3545907	MONDO:0014401	HGNC:29853	biolink:causes	0
0.25793114	MONDO:0014425	HGNC:6215	biolink:causes	0
0.3700673	MONDO:0014425	HGNC:2244	biolink:causes	0
0.31146625	MONDO:0014425	HGNC:11949	biolink:gene_associated_with_condition	0
0.65771645	MONDO:0014425	HGNC:18083	biolink:causes	0
0.5097214	MONDO:0014429	HGNC:24592	biolink:causes	0
0.2555835	MONDO:0014429	HGNC:25072	biolink:causes	0
0.59103984	MONDO:0014453	HGNC:29186	biolink:gene_associated_with_condition	0
0.684038	MONDO:0014481	HGNC:16393	biolink:causes	0
0.6318702	MONDO:0014481	HGNC:47	biolink:causes	0
0.9297967	MONDO:0014493	HGNC:2197	biolink:causes	0
0.88669467	MONDO:0014545	HGNC:37276	biolink:causes	0
0.8479014	MONDO:0014545	HGNC:19918	biolink:causes	0
0.15417792	MONDO:0014573	HGNC:8091	biolink:gene_associated_with_condition	0
0.48112652	MONDO:0014585	HGNC:3468	biolink:causes	0
0.5602833	MONDO:0014601	HGNC:819	biolink:gene_associated_with_condition	0
0.6944681	MONDO:0014637	HGNC:12601	biolink:causes	0
0.25709653	MONDO:0014637	HGNC:2359	biolink:gene_associated_with_condition	0
0.38665584	MONDO:0014641	HGNC:30939	biolink:gene_associated_with_condition	0
0.5202305	MONDO:0014645	HGNC:18021	biolink:contributes_to	0
0.6026133	MONDO:0014645	HGNC:3236	biolink:causes	0
0.8354771	MONDO:0014649	HGNC:33939	biolink:causes	0
0.4408914	MONDO:0014657	HGNC:3007	biolink:causes	0
0.670232	MONDO:0014661	HGNC:6010	biolink:causes	0
0.7760792	MONDO:0014665	HGNC:10771	biolink:causes	0
0.38919356	MONDO:0014693	HGNC:4390	biolink:gene_associated_with_condition	0
0.5692259	MONDO:0014693	HGNC:14154	biolink:causes	0
0.9710986	MONDO:0014693	HGNC:37234	biolink:causes	0
0.75082505	MONDO:0014717	HGNC:7739	biolink:gene_associated_with_condition	0
0.86405146	MONDO:0014717	HGNC:11187	biolink:causes	0
0.9342062	MONDO:0014717	HGNC:22197	biolink:gene_associated_with_condition	0
0.1563601	MONDO:0014741	HGNC:1848	biolink:causes	0
0.5366437	MONDO:0014745	HGNC:12852	biolink:causes	0
0.6011879	MONDO:0014753	HGNC:6024	biolink:causes	0
0.63086796	MONDO:0014809	HGNC:16512	biolink:causes	0
0.7393136	MONDO:0014821	HGNC:12718	biolink:causes	0
0.6694227	MONDO:0014837	HGNC:27310	biolink:causes	0
0.7003074	MONDO:0014841	HGNC:4516	biolink:causes	0
0.8493825	MONDO:0014845	HGNC:7526	biolink:gene_associated_with_condition	0
0.7395584	MONDO:0014853	HGNC:9330	biolink:gene_associated_with_condition	0
0.79374766	MONDO:0014853	HGNC:29022	biolink:causes	0
0.48801246	MONDO:0014853	HGNC:25536	biolink:causes	0
0.73989886	MONDO:0014853	HGNC:12403	biolink:gene_associated_with_condition	0
0.7312929	MONDO:0014857	HGNC:12373	biolink:gene_associated_with_condition	0
0.32401362	MONDO:0014857	HGNC:20406	biolink:gene_associated_with_condition	0
0.1664033	MONDO:0014857	HGNC:11737	biolink:gene_associated_with_condition	0
0.5140754	MONDO:0014945	HGNC:14255	biolink:gene_associated_with_condition	0
0.51170784	MONDO:0014977	HGNC:14673	biolink:causes	0
0.82880694	MONDO:0014981	HGNC:6487	biolink:gene_associated_with_condition	0
0.8443759	MONDO:0014981	HGNC:21244	biolink:gene_associated_with_condition	0
0.651821	MONDO:0014981	HGNC:7606	biolink:causes	0
0.48147058	MONDO:0014997	HGNC:3356	biolink:causes	0
0.90110964	MONDO:0014997	HGNC:18169	biolink:gene_associated_with_condition	0
0.36286843	MONDO:0014997	HGNC:25295	biolink:causes	0
0.2018179	MONDO:0014997	HGNC:1101	biolink:contributes_to	0
0.35654035	MONDO:0015041	HGNC:573	biolink:gene_associated_with_condition	0
0.59205925	MONDO:0015041	HGNC:3689	biolink:gene_associated_with_condition	0
0.54016054	MONDO:0015270	HGNC:18326	biolink:causes	0
0.7561054	MONDO:0015278	HGNC:16951	biolink:causes	0
0.9287591	MONDO:0015278	HGNC:11187	biolink:causes	0
0.8034605	MONDO:0015278	HGNC:1857	biolink:gene_associated_with_condition	0
0.50099975	MONDO:0015278	HGNC:17111	biolink:causes	0
0.70572263	MONDO:0015278	HGNC:11633	biolink:gene_associated_with_condition	0
0.68643725	MONDO:0015278	HGNC:29118	biolink:causes	0
0.8800541	MONDO:0015278	HGNC:12362	biolink:causes	0
0.95205945	MONDO:0015278	HGNC:21219	biolink:causes	0
0.9281664	MONDO:0015519	HGNC:3671	biolink:gene_associated_with_condition	0
0.8553213	MONDO:0015519	HGNC:23805	biolink:gene_associated_with_condition	0
0.8153055	MONDO:0015519	HGNC:11908	biolink:causes	0
0.7508673	MONDO:0015519	HGNC:2518	biolink:causes	0
0.7934361	MONDO:0015519	HGNC:12877	biolink:gene_associated_with_condition	0
0.06365784	MONDO:0015555	HGNC:9986	biolink:causes	0
0.6212864	MONDO:0015631	HGNC:24097	biolink:causes	0
0.3647868	MONDO:0015635	HGNC:3219	biolink:causes	0
0.80980724	MONDO:0015679	HGNC:8979	biolink:causes	0
0.15175077	MONDO:0015783	HGNC:4688	biolink:causes	0
0.9051615	MONDO:0015783	HGNC:27302	biolink:gene_associated_with_condition	0
0.91566676	MONDO:0015783	HGNC:17321	biolink:gene_associated_with_condition	0
0.85461897	MONDO:0015783	HGNC:20967	biolink:gene_associated_with_condition	0
0.42400643	MONDO:0015783	HGNC:14967	biolink:causes	0
0.774244	MONDO:0016103	HGNC:8008	biolink:causes	0
0.79557604	MONDO:0016103	HGNC:19661	biolink:causes	0
0.65528536	MONDO:0016163	HGNC:12771	biolink:causes	0
0.9222211	MONDO:0016355	HGNC:3754	biolink:gene_associated_with_condition	0
0.26334882	MONDO:0016395	HGNC:26200	biolink:gene_associated_with_condition	0
0.54871076	MONDO:0016539	HGNC:11992	biolink:causes	0
0.55176806	MONDO:0016563	HGNC:8574	biolink:gene_associated_with_condition	0
0.72232497	MONDO:0016563	HGNC:21307	biolink:causes	0
0.8974265	MONDO:0016563	HGNC:14415	biolink:causes	0
0.39071357	MONDO:0016579	HGNC:11480	biolink:causes	0
0.14957826	MONDO:0016579	HGNC:9577	biolink:causes	0
0.35802	MONDO:0016579	HGNC:14415	biolink:causes	0
0.08417045	MONDO:0016703	HGNC:1514	biolink:causes	0
0.022453548	MONDO:0016703	HGNC:24071	biolink:causes	0
0.8849959	MONDO:0016783	HGNC:2227	biolink:causes	0
0.013602692	MONDO:0016839	HGNC:11828	biolink:causes	0
0.64357096	MONDO:0016863	HGNC:8654	biolink:gene_associated_with_condition	0
0.4349292	MONDO:0016863	HGNC:10588	biolink:gene_associated_with_condition	0
0.7857446	MONDO:0017051	HGNC:3438	biolink:gene_associated_with_condition	0
0.57251734	MONDO:0017051	HGNC:9118	biolink:gene_associated_with_condition	0
0.59633255	MONDO:0017111	HGNC:2309	biolink:gene_associated_with_condition	0
0.48821524	MONDO:0017111	HGNC:10683	biolink:causes	0
0.6125605	MONDO:0017111	HGNC:5383	biolink:causes	0
0.8828772	MONDO:0017111	HGNC:20967	biolink:gene_associated_with_condition	0
0.3766786	MONDO:0017111	HGNC:14409	biolink:causes	0
0.39125663	MONDO:0017283	HGNC:19309	biolink:causes	0
0.8134837	MONDO:0017283	HGNC:7102	biolink:causes	0
0.50737244	MONDO:0017403	HGNC:4170	biolink:gene_associated_with_condition	0
0.886588	MONDO:0017403	HGNC:4331	biolink:causes	0
0.9035147	MONDO:0017403	HGNC:20773	biolink:gene_associated_with_condition	0
0.9499863	MONDO:0017407	HGNC:2200	biolink:causes	0
0.20217884	MONDO:0017683	HGNC:3012	biolink:causes	0
0.6039212	MONDO:0017683	HGNC:18286	biolink:causes	0
0.6290053	MONDO:0017683	HGNC:1966	biolink:causes	0
0.49543938	MONDO:0017691	HGNC:9119	biolink:causes	0
0.4858691	MONDO:0017715	HGNC:4801	biolink:gene_associated_with_condition	0
0.8468063	MONDO:0017715	HGNC:6664	biolink:causes	0
0.48605007	MONDO:0017715	HGNC:23656	biolink:gene_associated_with_condition	0
0.8339961	MONDO:0017715	HGNC:30074	biolink:gene_associated_with_condition	0
0.7707762	MONDO:0017811	HGNC:10295	biolink:causes	0
0.6325774	MONDO:0017811	HGNC:15578	biolink:causes	0
0.88814205	MONDO:0017935	HGNC:10590	biolink:causes	0
0.77619314	MONDO:0017939	HGNC:4824	biolink:gene_associated_with_condition	0
0.84130055	MONDO:0017947	HGNC:6717	biolink:causes	0
0.27323067	MONDO:0017947	HGNC:25686	biolink:causes	0
0.67814356	MONDO:0017947	HGNC:24519	biolink:causes	0
0.3518396	MONDO:0017947	HGNC:3259	biolink:gene_associated_with_condition	0
0.56842995	MONDO:0018015	HGNC:20134	biolink:causes	0
0.76981205	MONDO:0018023	HGNC:2590	biolink:causes	0
0.7742886	MONDO:0018055	HGNC:11730	biolink:causes	0
0.57034415	MONDO:0018131	HGNC:6342	biolink:gene_associated_with_condition	0
0.17446499	MONDO:0018256	HGNC:10024	biolink:causes	0
0.7572621	MONDO:0018280	HGNC:8028	biolink:gene_associated_with_condition	0
0.77025133	MONDO:0018324	HGNC:9456	biolink:causes	0
0.7139074	MONDO:0018324	HGNC:14202	biolink:causes	0
0.8056325	MONDO:0018328	HGNC:7678	biolink:gene_associated_with_condition	0
0.72578156	MONDO:0018328	HGNC:11521	biolink:causes	0
0.836858	MONDO:0018332	HGNC:18141	biolink:gene_associated_with_condition	0
0.33194217	MONDO:0018332	HGNC:27089	biolink:causes	0
0.9098915	MONDO:0018336	HGNC:6636	biolink:gene_associated_with_condition	0
0.5411725	MONDO:0018336	HGNC:613	biolink:contributes_to	0
0.6779112	MONDO:0018336	HGNC:11073	biolink:causes	0
0.77344066	MONDO:0018436	HGNC:29678	biolink:causes	0
0.8522029	MONDO:0018448	HGNC:30497	biolink:causes	0
0.2599427	MONDO:0018564	HGNC:29558	biolink:causes	0
0.7935747	MONDO:0018564	HGNC:28027	biolink:gene_associated_with_condition	0
0.22404939	MONDO:0018564	HGNC:11280	biolink:causes	0
0.7410361	MONDO:0018576	HGNC:30740	biolink:gene_associated_with_condition	0
0.8038168	MONDO:0018656	HGNC:9990	biolink:causes	0
0.262199	MONDO:0018656	HGNC:1509	biolink:gene_associated_with_condition	0
0.587976	MONDO:0018780	HGNC:25358	biolink:causes	0
0.83546287	MONDO:0018816	HGNC:3481	biolink:gene_associated_with_condition	0
0.90663797	MONDO:0019310	HGNC:15808	biolink:causes	0
0.43585154	MONDO:0019310	HGNC:3433	biolink:causes	0
0.9229262	MONDO:0019374	HGNC:4507	biolink:contributes_to	0
0.77036685	MONDO:0019374	HGNC:2478	biolink:causes	0
0.8811215	MONDO:0019374	HGNC:2978	biolink:causes	0
0.2492584	MONDO:0019458	HGNC:6636	biolink:gene_associated_with_condition	0
0.1857911	MONDO:0019458	HGNC:11389	biolink:causes	0
0.34493053	MONDO:0019522	HGNC:25705	biolink:causes	0
0.13346525	MONDO:0019522	HGNC:9910	biolink:gene_associated_with_condition	0
0.24847478	MONDO:0019666	HGNC:9046	biolink:contributes_to	0
0.5661056	MONDO:0019767	HGNC:6944	biolink:causes	0
0.62584656	MONDO:0019767	HGNC:1161	biolink:gene_associated_with_condition	0
0.85153955	MONDO:0019855	HGNC:9965	biolink:gene_associated_with_condition	0
0.8764912	MONDO:0019855	HGNC:10664	biolink:causes	0
0.31217608	MONDO:0019855	HGNC:3616	biolink:contributes_to	0
0.91768426	MONDO:0019855	HGNC:7526	biolink:gene_associated_with_condition	0
0.49735534	MONDO:0019855	HGNC:14000	biolink:causes	0
0.50485706	MONDO:0019947	HGNC:9990	biolink:causes	0
0.23834027	MONDO:0019947	HGNC:5394	biolink:gene_associated_with_condition	0
0.643702	MONDO:0019947	HGNC:2227	biolink:causes	0
0.18328388	MONDO:0019947	HGNC:7675	biolink:gene_associated_with_condition	0
0.4425275	MONDO:0019947	HGNC:11944	biolink:causes	0
0.70273495	MONDO:0020345	HGNC:9990	biolink:causes	0
0.8339209	MONDO:0020345	HGNC:15578	biolink:causes	0
0.7981089	MONDO:0020493	HGNC:23639	biolink:causes	0
0.76196754	MONDO:0020521	HGNC:17770	biolink:causes	0
0.9891515	MONDO:0020602	HGNC:15455	biolink:causes	0
0.17506893	MONDO:0020715	HGNC:2359	biolink:gene_associated_with_condition	0
0.76867056	MONDO:0020727	HGNC:2201	biolink:causes	0
0.9288399	MONDO:0020787	HGNC:3690	biolink:gene_associated_with_condition	0
0.66471577	MONDO:0020787	HGNC:6427	biolink:gene_associated_with_condition	0
0.8117609	MONDO:0020849	HGNC:9921	biolink:causes	0
0.40496624	MONDO:0020849	HGNC:17098	biolink:causes	0
0.57506347	MONDO:0021019	HGNC:9280	biolink:causes	0
0.91474056	MONDO:0021019	HGNC:11102	biolink:causes	0
0.5961645	MONDO:0021093	HGNC:12762	biolink:causes	0
0.9616139	MONDO:0021093	HGNC:7883	biolink:causes	0
0.7971248	MONDO:0021573	HGNC:19185	biolink:causes	0
0.7897546	MONDO:0021573	HGNC:16400	biolink:causes	0
0.6896629	MONDO:0024552	HGNC:4379	biolink:gene_associated_with_condition	0
0.9636181	MONDO:0024552	HGNC:24270	biolink:causes	0
0.7750825	MONDO:0024607	HGNC:29501	biolink:gene_associated_with_condition	0
0.9199211	MONDO:0025708	HGNC:9608	biolink:gene_associated_with_condition	0
0.70076674	MONDO:0029140	HGNC:10922	biolink:causes	0
0.035871625	MONDO:0029144	HGNC:1090	biolink:gene_associated_with_condition	0
0.364664	MONDO:0029148	HGNC:9173	biolink:gene_associated_with_condition	0
0.3505746	MONDO:0030006	HGNC:2711	biolink:gene_associated_with_condition	0
0.9534404	MONDO:0030045	HGNC:11908	biolink:causes	0
0.6168748	MONDO:0030055	HGNC:2488	biolink:causes	0
0.8674758	MONDO:0030055	HGNC:4816	biolink:causes	0
0.9418108	MONDO:0030055	HGNC:1160	biolink:gene_associated_with_condition	0
0.9055432	MONDO:0030072	HGNC:11908	biolink:causes	0
0.40512124	MONDO:0030072	HGNC:16700	biolink:causes	0
0.6118068	MONDO:0030072	HGNC:7468	biolink:gene_associated_with_condition	0
0.7493653	MONDO:0030438	HGNC:17327	biolink:gene_associated_with_condition	0
0.43194756	MONDO:0030456	HGNC:613	biolink:causes	0
0.8481257	MONDO:0030518	HGNC:9577	biolink:causes	0
0.19497296	MONDO:0030731	HGNC:7808	biolink:causes	0
0.87711805	MONDO:0031043	HGNC:30477	biolink:causes	0
0.9866932	MONDO:0032572	HGNC:3622	biolink:causes	0
0.5669839	MONDO:0032572	HGNC:30500	biolink:causes	0
0.9891439	MONDO:0032572	HGNC:8604	biolink:causes	0
0.8229581	MONDO:0032572	HGNC:14304	biolink:causes	0
0.8101849	MONDO:0032584	HGNC:7631	biolink:gene_associated_with_condition	0
0.86259013	MONDO:0032591	HGNC:1097	biolink:causes	0
0.62842053	MONDO:0032601	HGNC:20134	biolink:gene_associated_with_condition	0
0.83040637	MONDO:0032630	HGNC:3434	biolink:causes	0
0.9167573	MONDO:0032630	HGNC:19747	biolink:gene_associated_with_condition	0
0.5828678	MONDO:0032653	HGNC:8591	biolink:causes	0
0.9075876	MONDO:0032653	HGNC:6990	biolink:gene_associated_with_condition	0
0.846201	MONDO:0032653	HGNC:10260	biolink:causes	0
0.83552396	MONDO:0032653	HGNC:19353	biolink:gene_associated_with_condition	0
0.5113727	MONDO:0032665	HGNC:10583	biolink:gene_associated_with_condition	0
0.10099039	MONDO:0032686	HGNC:9832	biolink:causes	0
0.81679523	MONDO:0032721	HGNC:17341	biolink:gene_associated_with_condition	0
0.93949205	MONDO:0032726	HGNC:16205	biolink:causes	0
0.8913822	MONDO:0032726	HGNC:14418	biolink:causes	0
0.7041713	MONDO:0032741	HGNC:17052	biolink:causes	0
0.3203736	MONDO:0032741	HGNC:4948	biolink:contributes_to	0
0.6644136	MONDO:0032741	HGNC:12783	biolink:causes	0
0.46231195	MONDO:0032746	HGNC:25784	biolink:causes	0
0.71852064	MONDO:0032804	HGNC:25928	biolink:gene_associated_with_condition	0
0.5490109	MONDO:0032804	HGNC:10447	biolink:causes	0
0.9360284	MONDO:0032824	HGNC:6696	biolink:causes	0
0.20373714	MONDO:0032845	HGNC:6423	biolink:gene_associated_with_condition	0
0.665699	MONDO:0032871	HGNC:6770	biolink:gene_associated_with_condition	0
0.5822281	MONDO:0032891	HGNC:4208	biolink:causes	0
0.9159979	MONDO:0032899	HGNC:10597	biolink:gene_associated_with_condition	0
0.5209908	MONDO:0032899	HGNC:16783	biolink:gene_associated_with_condition	0
0.8622568	MONDO:0032899	HGNC:1362	biolink:gene_associated_with_condition	0
0.45740908	MONDO:0032899	HGNC:17146	biolink:causes	0
0.31660986	MONDO:0032907	HGNC:20152	biolink:causes	0
0.12790516	MONDO:0032907	HGNC:123	biolink:causes	0
0.8994299	MONDO:0032915	HGNC:951	biolink:causes	0
0.7489936	MONDO:0032915	HGNC:6235	biolink:causes	0
0.18453847	MONDO:0032927	HGNC:4017	biolink:causes	0
0.7595844	MONDO:0032927	HGNC:29190	biolink:causes	0
0.8048344	MONDO:0033008	HGNC:22448	biolink:causes	0
0.8501348	MONDO:0033116	HGNC:9091	biolink:causes	0
0.9194822	MONDO:0033365	HGNC:2190	biolink:causes	0
0.93278635	MONDO:0033566	HGNC:26837	biolink:causes	0
0.66167915	MONDO:0033566	HGNC:7108	biolink:causes	0
0.089905776	MONDO:0033980	HGNC:13398	biolink:causes	0
0.06875187	MONDO:0033980	HGNC:6998	biolink:gene_associated_with_condition	0
0.017383644	MONDO:0035555	HGNC:23639	biolink:causes	0
0.0140286805	MONDO:0035555	HGNC:7765	biolink:causes	0
0.86362106	MONDO:0035651	HGNC:11056	biolink:gene_associated_with_condition	0
0.5084916	MONDO:0035651	HGNC:18021	biolink:contributes_to	0
0.80725366	MONDO:0035651	HGNC:6222	biolink:causes	0
0.52172315	MONDO:0035651	HGNC:20908	biolink:causes	0
0.9572945	MONDO:0035819	HGNC:7631	biolink:gene_associated_with_condition	0
0.8677185	MONDO:0035819	HGNC:3705	biolink:gene_associated_with_condition	0
0.94800127	MONDO:0035819	HGNC:20670	biolink:gene_associated_with_condition	0
0.6708513	MONDO:0035819	HGNC:9386	biolink:gene_associated_with_condition	0
0.28504357	MONDO:0035819	HGNC:42	biolink:causes	0
0.35010213	MONDO:0042979	HGNC:16700	biolink:causes	0
0.012234324	MONDO:0044320	HGNC:12271	biolink:gene_associated_with_condition	0
0.9707891	MONDO:0044320	HGNC:29077	biolink:causes	0
0.8415199	MONDO:0044626	HGNC:6636	biolink:gene_associated_with_condition	0
0.8331672	MONDO:0044626	HGNC:4332	biolink:causes	0
0.2351268	MONDO:0044638	HGNC:90	biolink:gene_associated_with_condition	0
0.04332667	MONDO:0044638	HGNC:18416	biolink:causes	0
0.04237796	MONDO:0044638	HGNC:26293	biolink:causes	0
0.8744783	MONDO:0044660	HGNC:13841	biolink:causes	0
0.4329605	MONDO:0044660	HGNC:6554	biolink:gene_associated_with_condition	0
0.10649415	MONDO:0049222	HGNC:388	biolink:gene_associated_with_condition	0
0.7804913	MONDO:0049222	HGNC:14530	biolink:causes	0
0.89810205	MONDO:0049222	HGNC:6407	biolink:causes	0
0.54739356	MONDO:0054764	HGNC:9538	biolink:causes	0
0.9307043	MONDO:0054776	HGNC:8768	biolink:causes	0
0.45472506	MONDO:0054776	HGNC:11621	biolink:gene_associated_with_condition	0
0.9420804	MONDO:0054785	HGNC:4116	biolink:gene_associated_with_condition	0
0.47333482	MONDO:0054802	HGNC:4707	biolink:gene_associated_with_condition	0
0.6548587	MONDO:0054802	HGNC:11052	biolink:causes	0
0.7994625	MONDO:0054802	HGNC:11367	biolink:causes	0
0.86243594	MONDO:0060457	HGNC:4877	biolink:gene_associated_with_condition	0
0.3262215	MONDO:0060510	HGNC:1001	biolink:gene_associated_with_condition	0
0.4919408	MONDO:0060549	HGNC:15511	biolink:causes	0
0.61050075	MONDO:0060621	HGNC:7127	biolink:causes	0
0.9669378	MONDO:0060621	HGNC:7499	biolink:gene_associated_with_condition	0
0.92438847	MONDO:0060729	HGNC:15516	biolink:causes	0
0.9919419	MONDO:0060752	HGNC:19088	biolink:causes	0
0.32769468	MONDO:0100083	HGNC:3816	biolink:causes	0
0.46663678	MONDO:0100083	HGNC:7473	biolink:gene_associated_with_condition	0
0.47056642	MONDO:0100180	HGNC:8858	biolink:causes	0
0.726771	MONDO:0100180	HGNC:24595	biolink:causes	0
0.36861825	MONDO:0100252	HGNC:20233	biolink:gene_associated_with_condition	0
0.8334572	MONDO:0100296	HGNC:19691	biolink:gene_associated_with_condition	0
0.93784165	MONDO:0100354	HGNC:10193	biolink:gene_associated_with_condition	0
0.7290142	MONDO:0100600	HGNC:4827	biolink:gene_associated_with_condition	0
0.6008324	MONDO:0100600	HGNC:12499	biolink:causes	0
0.26148102	MONDO:0700298	HGNC:14530	biolink:causes	0
0.3310148	MONDO:0700298	HGNC:11762	biolink:causes	0
0.9643597	MONDO:0800028	HGNC:24931	biolink:gene_associated_with_condition	0
0.34074995	MONDO:0800028	HGNC:15860	biolink:causes	0
0.93808454	MONDO:0800028	HGNC:30000	biolink:causes	0
0.5403963	MONDO:0800028	HGNC:10600	biolink:causes	0
0.53203434	MONDO:0800167	HGNC:10256	biolink:causes	0
0.89842397	MONDO:0800167	HGNC:13210	biolink:contributes_to	0
0.27714354	MONDO:0800341	HGNC:11167	biolink:causes	0
0.8570667	MONDO:0800341	HGNC:18873	biolink:causes	0
0.7343071	MONDO:0800445	HGNC:13890	biolink:gene_associated_with_condition	0
0.31053692	MONDO:0800445	HGNC:10593	biolink:causes	0
0.09126802	MONDO:0800445	HGNC:15819	biolink:causes	0
0.6588866	MONDO:0850067	HGNC:5394	biolink:causes	0
0.9249222	MONDO:0859147	HGNC:13222	biolink:causes	0
0.37321028	MONDO:0859160	HGNC:3433	biolink:causes	0
0.9354347	MONDO:0859164	HGNC:2197	biolink:gene_associated_with_condition	0
0.69237	MONDO:0859180	HGNC:3508	biolink:gene_associated_with_condition	0
0.8592217	MONDO:0859188	HGNC:3689	biolink:gene_associated_with_condition	0
0.7025352	MONDO:0859238	HGNC:10345	biolink:causes	0
0.9428135	MONDO:0859328	HGNC:26270	biolink:causes	0
0.87308466	MONDO:0859328	HGNC:9115	biolink:causes	0
0.6626652	MONDO:0859328	HGNC:29796	biolink:causes	0
0.9423488	MONDO:0859340	HGNC:26527	biolink:causes	0
0.2082562	MONDO:0859340	HGNC:21504	biolink:causes	0
0.7410563	MONDO:0859340	HGNC:3260	biolink:gene_associated_with_condition	0
0.8442331	MONDO:0859369	HGNC:3823	biolink:causes	0
0.5677937	MONDO:0859575	HGNC:7737	biolink:causes	0
0.57868934	MONDO:0957220	HGNC:25985	biolink:gene_associated_with_condition	0
0.72370124	MONDO:0957281	HGNC:11771	biolink:causes	0
0.73243076	MONDO:0957382	HGNC:427	biolink:contributes_to	0
0.8905202	MONDO:0957382	HGNC:17754	biolink:causes	0
0.7737338	MONDO:0957577	HGNC:20145	biolink:gene_associated_with_condition	0
0.7707548	MONDO:0957577	HGNC:12783	biolink:gene_associated_with_condition	0
0.41631752	MONDO:0957584	HGNC:4454	biolink:gene_associated_with_condition	0
0.6191999	MONDO:0957584	HGNC:6814	biolink:gene_associated_with_condition	0
0.889664	MONDO:0958189	HGNC:2916	biolink:causes	0
0.98575485	MONDO:0958322	HGNC:11772	biolink:causes	0
0.5487684	MONDO:0958331	HGNC:5248	biolink:causes	0
0.7783627	MONDO:0958353	HGNC:14575	biolink:gene_associated_with_condition	0
0.71333927	MONDO:0971001	HGNC:2342	biolink:causes	0
0.84137356	MONDO:0971014	HGNC:14575	biolink:gene_associated_with_condition	0
0.39831978	MONDO:0975761	HGNC:7097	biolink:gene_associated_with_condition	0
0.39803976	MONDO:0975841	HGNC:6694	biolink:gene_associated_with_condition	0
0.18405601	HGNC:20	MONDO:0054723	biolink:causes	0
0.6629044	HGNC:20	MONDO:0957477	biolink:causes	0
0.67690176	HGNC:33	MONDO:0019828	biolink:gene_associated_with_condition	0
0.25828162	HGNC:53	MONDO:0011911	biolink:causes	0
0.44752494	HGNC:53	MONDO:0013473	biolink:causes	0
0.92826086	HGNC:319	MONDO:0014899	biolink:causes	0
0.9358675	HGNC:319	MONDO:0014125	biolink:gene_associated_with_condition	0
0.12790516	HGNC:123	MONDO:0032907	biolink:causes	0
0.16974676	HGNC:123	MONDO:0008542	biolink:causes	0
0.14690821	HGNC:123	MONDO:0029465	biolink:causes	0
0.9643804	HGNC:219	MONDO:0014963	biolink:causes	0
0.6592506	HGNC:1366	MONDO:0010747	biolink:gene_associated_with_condition	0
0.49390075	HGNC:1366	MONDO:0009406	biolink:causes	0
0.3677656	HGNC:232	MONDO:0007922	biolink:causes	0
0.6307657	HGNC:4512	MONDO:0013214	biolink:causes	0
0.60114175	HGNC:3776	MONDO:0013768	biolink:causes	0
0.66937375	HGNC:3776	MONDO:0014866	biolink:causes	0
0.07633577	HGNC:13203	MONDO:0008818	biolink:causes	0
0.25822687	HGNC:13203	MONDO:0026733	biolink:causes	0
0.22307156	HGNC:360	MONDO:0016689	biolink:gene_associated_with_condition	0
0.8604132	HGNC:360	MONDO:0020631	biolink:gene_associated_with_condition	0
0.36126435	HGNC:385	MONDO:0013531	biolink:gene_associated_with_condition	0
0.8613792	HGNC:19358	MONDO:0014217	biolink:causes	0
0.28726155	HGNC:19358	MONDO:0850095	biolink:causes	0
0.73243076	HGNC:427	MONDO:0957382	biolink:contributes_to	0
0.6323252	HGNC:427	MONDO:0012184	biolink:contributes_to	0
0.4376884	HGNC:427	MONDO:0030787	biolink:gene_associated_with_condition	0
0.93688303	HGNC:449	MONDO:0014771	biolink:causes	0
0.80858177	HGNC:3544	MONDO:0004951	biolink:gene_associated_with_condition	0
0.0764372	HGNC:3544	MONDO:0020748	biolink:gene_associated_with_condition	0
0.73563504	HGNC:3530	MONDO:0013052	biolink:gene_associated_with_condition	0
0.4860464	HGNC:3530	MONDO:0008818	biolink:causes	0
0.37094474	HGNC:25808	MONDO:0007949	biolink:causes	0
0.7334783	HGNC:3586	MONDO:0008922	biolink:causes	0
0.99108267	HGNC:23109	MONDO:0020769	biolink:causes	0
0.8074522	HGNC:3600	MONDO:0007740	biolink:gene_associated_with_condition	0
0.9180772	HGNC:3600	MONDO:0007922	biolink:gene_associated_with_condition	0
0.31217608	HGNC:3616	MONDO:0019855	biolink:contributes_to	0
0.8013483	HGNC:3662	MONDO:0008377	biolink:gene_associated_with_condition	0
0.66213787	HGNC:3686	MONDO:0012381	biolink:causes	0
0.90767705	HGNC:3694	MONDO:0014343	biolink:gene_associated_with_condition	0
0.88442135	HGNC:3694	MONDO:0008377	biolink:gene_associated_with_condition	0
0.90110964	HGNC:18169	MONDO:0014997	biolink:gene_associated_with_condition	0
0.93084925	HGNC:18169	MONDO:0012994	biolink:gene_associated_with_condition	0
0.64500666	HGNC:3756	MONDO:0010655	biolink:causes	0
0.46767172	HGNC:3756	MONDO:0014013	biolink:causes	0
0.55090547	HGNC:3756	MONDO:0012004	biolink:causes	0
0.71666706	HGNC:3767	MONDO:0013063	biolink:causes	0
0.621783	HGNC:3767	MONDO:0010465	biolink:causes	0
0.5990876	HGNC:3767	MONDO:0014282	biolink:causes	0
0.8239319	HGNC:3778	MONDO:0013052	biolink:causes	0
0.8532721	HGNC:3778	MONDO:0011106	biolink:causes	0
0.4066808	HGNC:3791	MONDO:0007768	biolink:gene_associated_with_condition	0
0.67990553	HGNC:3791	MONDO:0014822	biolink:gene_associated_with_condition	0
0.14634813	HGNC:35123	MONDO:0010099	biolink:causes	0
0.06212937	HGNC:35123	MONDO:0007376	biolink:causes	0
0.67413825	HGNC:3999	MONDO:0030905	biolink:gene_associated_with_condition	0
0.978916	HGNC:26219	MONDO:0009140	biolink:gene_associated_with_condition	0
0.9195908	HGNC:26219	MONDO:0007794	biolink:gene_associated_with_condition	0
0.50718087	HGNC:4023	MONDO:0014311	biolink:causes	0
0.50028247	HGNC:4023	MONDO:0018419	biolink:causes	0
0.56409156	HGNC:4023	MONDO:0012354	biolink:causes	0
0.51170784	HGNC:14673	MONDO:0014977	biolink:causes	0
0.5869632	HGNC:14673	MONDO:0009192	biolink:causes	0
0.7435259	HGNC:14673	MONDO:0958012	biolink:causes	0
0.9420804	HGNC:4116	MONDO:0054785	biolink:gene_associated_with_condition	0
0.8350836	HGNC:4125	MONDO:0013836	biolink:causes	0
0.8188412	HGNC:4171	MONDO:0030690	biolink:causes	0
0.9489663	HGNC:4171	MONDO:0008542	biolink:causes	0
0.7523148	HGNC:4173	MONDO:0007922	biolink:gene_associated_with_condition	0
0.52811855	HGNC:4173	MONDO:0024541	biolink:gene_associated_with_condition	0
0.19810721	HGNC:8849	MONDO:0014682	biolink:causes	0
0.18468285	HGNC:4312	MONDO:0859338	biolink:contributes_to	0
0.3364108	HGNC:4312	MONDO:0020298	biolink:contributes_to	0
0.12890431	HGNC:4217	MONDO:0011783	biolink:causes	0
0.029981373	HGNC:4217	MONDO:0011801	biolink:causes	0
0.9249526	HGNC:4261	MONDO:0013171	biolink:causes	0
0.89459753	HGNC:4274	MONDO:0007363	biolink:causes	0
0.9342294	HGNC:4318	MONDO:0012859	biolink:causes	0
0.56842995	HGNC:20134	MONDO:0018015	biolink:causes	0
0.62842053	HGNC:20134	MONDO:0032601	biolink:gene_associated_with_condition	0
0.89000285	HGNC:22932	MONDO:0010296	biolink:causes	0
0.8950625	HGNC:23657	MONDO:0009935	biolink:gene_associated_with_condition	0
0.9708127	HGNC:23657	MONDO:0007537	biolink:causes	0
0.21301077	HGNC:23657	MONDO:0004951	biolink:gene_associated_with_condition	0
0.94066924	HGNC:23657	MONDO:0009520	biolink:causes	0
0.935323	HGNC:23657	MONDO:0011790	biolink:causes	0
0.3273195	HGNC:4415	MONDO:0014180	biolink:gene_associated_with_condition	0
0.9332474	HGNC:4422	MONDO:0014572	biolink:causes	0
0.950231	HGNC:4431	MONDO:0014343	biolink:causes	0
0.7631824	HGNC:4431	MONDO:0859379	biolink:causes	0
0.21250707	HGNC:4431	MONDO:0017906	biolink:causes	0
0.7737338	HGNC:20145	MONDO:0957577	biolink:gene_associated_with_condition	0
0.75296205	HGNC:20145	MONDO:0009458	biolink:gene_associated_with_condition	0
0.23990068	HGNC:2001	MONDO:0007377	biolink:causes	0
0.7133452	HGNC:4584	MONDO:0008720	biolink:gene_associated_with_condition	0
0.25164783	HGNC:4588	MONDO:0011959	biolink:causes	0
0.54844844	HGNC:21270	MONDO:0017173	biolink:causes	0
0.11100493	HGNC:21270	MONDO:0043364	biolink:causes	0
0.67730117	HGNC:4635	MONDO:0012892	biolink:gene_associated_with_condition	0
0.6362591	HGNC:4651	MONDO:0010511	biolink:causes	0
0.5768589	HGNC:21157	MONDO:0011765	biolink:causes	0
0.19180758	HGNC:4678	MONDO:0033559	biolink:causes	0
0.8640627	HGNC:15808	MONDO:0007163	biolink:gene_associated_with_condition	0
0.9083886	HGNC:15808	MONDO:0010747	biolink:causes	0
0.9975199	HGNC:15808	MONDO:0014343	biolink:gene_associated_with_condition	0
0.20773916	HGNC:15808	MONDO:0054615	biolink:causes	0
0.90663797	HGNC:15808	MONDO:0019310	biolink:causes	0
0.989956	HGNC:15808	MONDO:0019569	biolink:gene_associated_with_condition	0
0.9138253	HGNC:4718	MONDO:0014343	biolink:causes	0
0.39645913	HGNC:4799	MONDO:0007363	biolink:causes	0
0.6306044	HGNC:4799	MONDO:0007943	biolink:causes	0
0.08394832	HGNC:4799	MONDO:0016573	biolink:causes	0
0.77317053	HGNC:4799	MONDO:0044724	biolink:causes	0
0.7805843	HGNC:4799	MONDO:0019505	biolink:causes	0
0.6462113	HGNC:4799	MONDO:0020378	biolink:gene_associated_with_condition	0
0.89197457	HGNC:4823	MONDO:0014343	biolink:causes	0
0.80611485	HGNC:4823	MONDO:0007777	biolink:causes	0
0.76889277	HGNC:4823	MONDO:0013400	biolink:gene_associated_with_condition	0
0.6719013	HGNC:4823	MONDO:0009414	biolink:causes	0
0.7440343	HGNC:23302	MONDO:0009339	biolink:causes	0
0.7641867	HGNC:23302	MONDO:0014343	biolink:causes	0
0.1732902	HGNC:23302	MONDO:0010086	biolink:causes	0
0.6582397	HGNC:5013	MONDO:0009820	biolink:causes	0
0.20160383	HGNC:11630	MONDO:0013891	biolink:gene_associated_with_condition	0
0.11102226	HGNC:11630	MONDO:0014012	biolink:gene_associated_with_condition	0
0.22784898	HGNC:5044	MONDO:0015557	biolink:gene_associated_with_condition	0
0.55805814	HGNC:5173	MONDO:0009804	biolink:causes	0
0.6844593	HGNC:5173	MONDO:0013992	biolink:gene_associated_with_condition	0
0.8155471	HGNC:5173	MONDO:0014180	biolink:causes	0
0.5896888	HGNC:5173	MONDO:0023662	biolink:causes	0
0.48792115	HGNC:5213	MONDO:0011484	biolink:gene_associated_with_condition	0
0.79207677	HGNC:5213	MONDO:0020730	biolink:gene_associated_with_condition	0
0.9058627	HGNC:5273	MONDO:0011756	biolink:gene_associated_with_condition	0
0.78280896	HGNC:5273	MONDO:0032853	biolink:gene_associated_with_condition	0
0.38685974	HGNC:5273	MONDO:0850078	biolink:gene_associated_with_condition	0
0.24661091	HGNC:14348	MONDO:0020788	biolink:gene_associated_with_condition	0
0.9051615	HGNC:27302	MONDO:0015783	biolink:gene_associated_with_condition	0
0.8428316	HGNC:27302	MONDO:0007740	biolink:gene_associated_with_condition	0
0.45389748	HGNC:5383	MONDO:0009411	biolink:gene_associated_with_condition	0
0.22768927	HGNC:5383	MONDO:0011013	biolink:gene_associated_with_condition	0
0.6125605	HGNC:5383	MONDO:0017111	biolink:causes	0
0.5808371	HGNC:5383	MONDO:0049221	biolink:gene_associated_with_condition	0
0.6062942	HGNC:5383	MONDO:0054771	biolink:gene_associated_with_condition	0
0.7796298	HGNC:5383	MONDO:0015010	biolink:causes	0
0.6262881	HGNC:5383	MONDO:0015283	biolink:gene_associated_with_condition	0
0.98132104	HGNC:5956	MONDO:0010310	biolink:causes	0
0.82834023	HGNC:5960	MONDO:0007412	biolink:causes	0
0.8176066	HGNC:5960	MONDO:0012982	biolink:gene_associated_with_condition	0
0.8961565	HGNC:5961	MONDO:0100218	biolink:causes	0
0.76014674	HGNC:5961	MONDO:0014020	biolink:causes	0
0.7719457	HGNC:5961	MONDO:0009406	biolink:causes	0
0.78208596	HGNC:6010	MONDO:0014551	biolink:causes	0
0.670232	HGNC:6010	MONDO:0014661	biolink:causes	0
0.0729854	HGNC:6010	MONDO:0044220	biolink:causes	0
0.14679937	HGNC:5965	MONDO:0030089	biolink:contributes_to	0
0.37838238	HGNC:6005	MONDO:0859204	biolink:gene_associated_with_condition	0
0.45730436	HGNC:6005	MONDO:0012726	biolink:gene_associated_with_condition	0
0.8818658	HGNC:21474	MONDO:0032723	biolink:causes	0
0.80364585	HGNC:6080	MONDO:0007032	biolink:causes	0
0.09321178	HGNC:17020	MONDO:0011473	biolink:contributes_to	0
0.09601301	HGNC:17020	MONDO:0009776	biolink:contributes_to	0
0.17178325	HGNC:17020	MONDO:0017360	biolink:contributes_to	0
0.4078692	HGNC:13890	MONDO:0009867	biolink:causes	0
0.7343071	HGNC:13890	MONDO:0800445	biolink:gene_associated_with_condition	0
0.66046005	HGNC:6189	MONDO:0011743	biolink:causes	0
0.47521827	HGNC:6254	MONDO:0019475	biolink:causes	0
0.86973375	HGNC:6284	MONDO:0014131	biolink:gene_associated_with_condition	0
0.8892766	HGNC:6284	MONDO:0007589	biolink:causes	0
0.77218866	HGNC:6284	MONDO:0012041	biolink:causes	0
0.8870557	HGNC:6284	MONDO:0007922	biolink:causes	0
0.9516615	HGNC:6284	MONDO:0011070	biolink:causes	0
0.13472159	HGNC:6308	MONDO:0011017	biolink:causes	0
0.2741004	HGNC:6315	MONDO:0014327	biolink:causes	0
0.45026344	HGNC:6315	MONDO:0014343	biolink:causes	0
0.9430408	HGNC:22219	MONDO:0014343	biolink:causes	0
0.28478864	HGNC:19349	MONDO:0013777	biolink:gene_associated_with_condition	0
0.52676094	HGNC:6342	MONDO:0971016	biolink:gene_associated_with_condition	0
0.57034415	HGNC:6342	MONDO:0018131	biolink:gene_associated_with_condition	0
0.5234974	HGNC:6342	MONDO:0008476	biolink:gene_associated_with_condition	0
0.68850803	HGNC:20716	MONDO:0012682	biolink:causes	0
0.6991073	HGNC:20716	MONDO:0014202	biolink:gene_associated_with_condition	0
0.75008416	HGNC:6439	MONDO:0014670	biolink:gene_associated_with_condition	0
0.66471577	HGNC:6427	MONDO:0020787	biolink:gene_associated_with_condition	0
0.8709304	HGNC:6518	MONDO:0018822	biolink:causes	0
0.84395796	HGNC:6518	MONDO:0013526	biolink:causes	0
0.84116256	HGNC:6518	MONDO:0014586	biolink:causes	0
0.39760134	HGNC:19708	MONDO:0011335	biolink:causes	0
0.4679127	HGNC:19708	MONDO:0007232	biolink:causes	0
0.9684568	HGNC:13243	MONDO:0009052	biolink:causes	0
0.9026076	HGNC:13243	MONDO:0030927	biolink:causes	0
0.9485637	HGNC:13243	MONDO:0008542	biolink:gene_associated_with_condition	0
0.26278007	HGNC:6633	MONDO:0008048	biolink:causes	0
0.46051794	HGNC:6696	MONDO:0011417	biolink:causes	0
0.5898614	HGNC:6696	MONDO:0013777	biolink:causes	0
0.9360284	HGNC:6696	MONDO:0032824	biolink:causes	0
0.88844573	HGNC:6696	MONDO:0032571	biolink:causes	0
0.86728853	HGNC:6696	MONDO:0859253	biolink:causes	0
0.70475197	HGNC:16353	MONDO:0032673	biolink:gene_associated_with_condition	0
0.92750806	HGNC:6831	MONDO:0014327	biolink:gene_associated_with_condition	0
0.99842155	HGNC:6831	MONDO:0014343	biolink:gene_associated_with_condition	0
0.65057206	HGNC:485	MONDO:0008097	biolink:causes	0
0.39658377	HGNC:493	MONDO:0010794	biolink:causes	0
0.33198082	HGNC:21732	MONDO:0010171	biolink:causes	0
0.52291983	HGNC:1361	MONDO:0012693	biolink:causes	0
0.6574662	HGNC:1361	MONDO:0009520	biolink:causes	0
0.0404388	HGNC:18971	MONDO:0054771	biolink:contributes_to	0
0.49186626	HGNC:613	MONDO:0100218	biolink:contributes_to	0
0.8298656	HGNC:613	MONDO:0009113	biolink:contributes_to	0
0.63212335	HGNC:613	MONDO:0012221	biolink:causes	0
0.5411725	HGNC:613	MONDO:0018336	biolink:contributes_to	0
0.43194756	HGNC:613	MONDO:0030456	biolink:causes	0
0.20288865	HGNC:613	MONDO:0011672	biolink:contributes_to	0
0.4462409	HGNC:613	MONDO:0032787	biolink:contributes_to	0
0.8840085	HGNC:644	MONDO:0008407	biolink:gene_associated_with_condition	0
0.08138351	HGNC:644	MONDO:0600030	biolink:gene_associated_with_condition	0
0.9830518	HGNC:714	MONDO:0010645	biolink:gene_associated_with_condition	0
0.8178363	HGNC:719	MONDO:0032924	biolink:causes	0
0.33442587	HGNC:16448	MONDO:0019758	biolink:causes	0
0.75579387	HGNC:3033	MONDO:0009672	biolink:causes	0
0.12168224	HGNC:25636	MONDO:0859311	biolink:causes	0
0.884336	HGNC:2375	MONDO:0014343	biolink:gene_associated_with_condition	0
0.8911143	HGNC:28845	MONDO:0013390	biolink:causes	0
0.55600667	HGNC:6998	MONDO:0014803	biolink:gene_associated_with_condition	0
0.06875187	HGNC:6998	MONDO:0033980	biolink:gene_associated_with_condition	0
0.1839765	HGNC:7027	MONDO:0011628	biolink:causes	0
0.7867794	HGNC:29659	MONDO:0013892	biolink:causes	0
0.5557191	HGNC:21086	MONDO:0031481	biolink:causes	0
0.13167171	HGNC:7096	MONDO:0017225	biolink:causes	0
0.3873495	HGNC:7104	MONDO:0007042	biolink:causes	0
0.32084984	HGNC:16063	MONDO:0018274	biolink:gene_associated_with_condition	0
0.060123164	HGNC:7526	MONDO:0012607	biolink:gene_associated_with_condition	0
0.8493825	HGNC:7526	MONDO:0014845	biolink:gene_associated_with_condition	0
0.91768426	HGNC:7526	MONDO:0019855	biolink:gene_associated_with_condition	0
0.8890349	HGNC:4979	MONDO:0032815	biolink:causes	0
0.70964026	HGNC:7208	MONDO:0700090	biolink:gene_associated_with_condition	0
0.8054735	HGNC:16352	MONDO:0014343	biolink:causes	0
0.668943	HGNC:10378	MONDO:0009623	biolink:causes	0
0.84453046	HGNC:10378	MONDO:0008377	biolink:causes	0
0.89155406	HGNC:14508	MONDO:0014556	biolink:causes	0
0.8919723	HGNC:14508	MONDO:0030457	biolink:causes	0
0.26015028	HGNC:14334	MONDO:0012594	biolink:gene_associated_with_condition	0
0.9669378	HGNC:7499	MONDO:0060621	biolink:gene_associated_with_condition	0
0.9423602	HGNC:7499	MONDO:0007488	biolink:gene_associated_with_condition	0
0.9355484	HGNC:7499	MONDO:0859253	biolink:gene_associated_with_condition	0
0.42402303	HGNC:7467	MONDO:0018273	biolink:causes	0
0.071272634	HGNC:21666	MONDO:0030028	biolink:gene_associated_with_condition	0
0.3051706	HGNC:21666	MONDO:0012892	biolink:gene_associated_with_condition	0
0.33683518	HGNC:7576	MONDO:0011107	biolink:causes	0
0.3389645	HGNC:7576	MONDO:0014224	biolink:causes	0
0.27324337	HGNC:7601	MONDO:0012039	biolink:causes	0
0.79268146	HGNC:17996	MONDO:0014361	biolink:causes	0
0.7617761	HGNC:17996	MONDO:0013116	biolink:gene_associated_with_condition	0
0.7778433	HGNC:7652	MONDO:0033533	biolink:gene_associated_with_condition	0
0.51740116	HGNC:7702	MONDO:0008818	biolink:causes	0
0.9048694	HGNC:20372	MONDO:0859295	biolink:causes	0
0.5952456	HGNC:20372	MONDO:0975757	biolink:causes	0
0.67203283	HGNC:7717	MONDO:0030066	biolink:causes	0
0.5677937	HGNC:7737	MONDO:0859575	biolink:causes	0
0.52286285	HGNC:7737	MONDO:0007748	biolink:causes	0
0.4078578	HGNC:13387	MONDO:0859355	biolink:causes	0
0.88888025	HGNC:13387	MONDO:0011202	biolink:causes	0
0.7477595	HGNC:7776	MONDO:0013352	biolink:causes	0
0.32553163	HGNC:7782	MONDO:0014211	biolink:causes	0
0.5624867	HGNC:7782	MONDO:0010856	biolink:causes	0
0.85961914	HGNC:28018	MONDO:0958176	biolink:causes	0
0.1565811	HGNC:32940	MONDO:0010524	biolink:causes	0
0.625309	HGNC:14374	MONDO:0032882	biolink:causes	0
0.7072589	HGNC:14374	MONDO:0019828	biolink:causes	0
0.8794295	HGNC:7882	MONDO:0012041	biolink:causes	0
0.82163346	HGNC:19104	MONDO:0009140	biolink:causes	0
0.7602204	HGNC:8008	MONDO:0044318	biolink:causes	0
0.774244	HGNC:8008	MONDO:0016103	biolink:causes	0
0.6101871	HGNC:8008	MONDO:0009820	biolink:causes	0
0.60803455	HGNC:8008	MONDO:0013060	biolink:causes	0
0.021148672	HGNC:8008	MONDO:0007454	biolink:causes	0
0.59645563	HGNC:8008	MONDO:0008542	biolink:causes	0
0.6530465	HGNC:8008	MONDO:0009722	biolink:causes	0
0.68421984	HGNC:14234	MONDO:0020785	biolink:gene_associated_with_condition	0
0.35400355	HGNC:14234	MONDO:0859338	biolink:gene_associated_with_condition	0
0.39722762	HGNC:8029	MONDO:0012203	biolink:causes	0
0.6080867	HGNC:8029	MONDO:0008377	biolink:causes	0
0.5456578	HGNC:29929	MONDO:0014850	biolink:causes	0
0.8324943	HGNC:8108	MONDO:0007943	biolink:gene_associated_with_condition	0
0.6012102	HGNC:8108	MONDO:0009708	biolink:gene_associated_with_condition	0
0.124096476	HGNC:8108	MONDO:0017172	biolink:gene_associated_with_condition	0
0.8377023	HGNC:8140	MONDO:0010661	biolink:gene_associated_with_condition	0
0.22609925	HGNC:8149	MONDO:0009544	biolink:causes	0
0.89226526	HGNC:25896	MONDO:0013821	biolink:causes	0
0.65611386	HGNC:8565	MONDO:0012847	biolink:causes	0
0.50418204	HGNC:8565	MONDO:0009218	biolink:causes	0
0.5501461	HGNC:8592	MONDO:0009773	biolink:causes	0
0.8427683	HGNC:8604	MONDO:0011073	biolink:gene_associated_with_condition	0
0.9891439	HGNC:8604	MONDO:0032572	biolink:causes	0
0.9533681	HGNC:8604	MONDO:0859187	biolink:causes	0
0.66981965	HGNC:8618	MONDO:0014343	biolink:contributes_to	0
0.6882563	HGNC:8618	MONDO:0013948	biolink:contributes_to	0
0.3452276	HGNC:8632	MONDO:0020705	biolink:gene_associated_with_condition	0
0.91985375	HGNC:8632	MONDO:0008542	biolink:gene_associated_with_condition	0
0.5896074	HGNC:8657	MONDO:0008087	biolink:causes	0
0.80796564	HGNC:8657	MONDO:0008393	biolink:causes	0
0.5468714	HGNC:8657	MONDO:0012786	biolink:causes	0
0.7625487	HGNC:14270	MONDO:0012912	biolink:gene_associated_with_condition	0
0.5278253	HGNC:8756	MONDO:0011789	biolink:causes	0
0.7732294	HGNC:8756	MONDO:0012522	biolink:causes	0
0.38513526	HGNC:8794	MONDO:0029134	biolink:causes	0
0.6331248	HGNC:9719	MONDO:0012679	biolink:gene_associated_with_condition	0
0.81511015	HGNC:9719	MONDO:0800026	biolink:causes	0
0.7487173	HGNC:9719	MONDO:0018333	biolink:gene_associated_with_condition	0
0.3475546	HGNC:8859	MONDO:0035941	biolink:causes	0
0.87899876	HGNC:8853	MONDO:0011829	biolink:gene_associated_with_condition	0
0.8180064	HGNC:8855	MONDO:0020512	biolink:gene_associated_with_condition	0
0.34371665	HGNC:8896	MONDO:0019409	biolink:causes	0
0.23603079	HGNC:8896	MONDO:0035941	biolink:gene_associated_with_condition	0
0.85589236	HGNC:8896	MONDO:0800438	biolink:gene_associated_with_condition	0
0.93146116	HGNC:14938	MONDO:0800029	biolink:gene_associated_with_condition	0
0.8849934	HGNC:23213	MONDO:0008377	biolink:gene_associated_with_condition	0
0.54646015	HGNC:8977	MONDO:0859312	biolink:causes	0
0.7088757	HGNC:8977	MONDO:0010258	biolink:causes	0
0.11700465	HGNC:8996	MONDO:0008644	biolink:causes	0
0.30173364	HGNC:8996	MONDO:0015010	biolink:causes	0
0.8572872	HGNC:9004	MONDO:0012943	biolink:causes	0
0.48386696	HGNC:9004	MONDO:0014622	biolink:gene_associated_with_condition	0
0.41695502	HGNC:20313	MONDO:0024551	biolink:causes	0
0.4905238	HGNC:9046	MONDO:0008559	biolink:gene_associated_with_condition	0
0.81858814	HGNC:9046	MONDO:0014343	biolink:gene_associated_with_condition	0
0.022736005	HGNC:9046	MONDO:0044255	biolink:contributes_to	0
0.14268838	HGNC:9046	MONDO:0011445	biolink:contributes_to	0
0.24847478	HGNC:9046	MONDO:0019666	biolink:contributes_to	0
0.364664	HGNC:9173	MONDO:0029148	biolink:gene_associated_with_condition	0
0.90750885	HGNC:19743	MONDO:0008542	biolink:gene_associated_with_condition	0
0.8886879	HGNC:9236	MONDO:0014343	biolink:gene_associated_with_condition	0
0.6599679	HGNC:9236	MONDO:0018112	biolink:gene_associated_with_condition	0
0.3300694	HGNC:9236	MONDO:0032904	biolink:gene_associated_with_condition	0
0.12990803	HGNC:9312	MONDO:0007792	biolink:gene_associated_with_condition	0
0.49735534	HGNC:14000	MONDO:0019855	biolink:causes	0
0.032301005	HGNC:9386	MONDO:0044255	biolink:causes	0
0.8119707	HGNC:9386	MONDO:0008377	biolink:gene_associated_with_condition	0
0.7539483	HGNC:9386	MONDO:0013245	biolink:causes	0
0.6708513	HGNC:9386	MONDO:0035819	biolink:gene_associated_with_condition	0
0.67982876	HGNC:9386	MONDO:0018821	biolink:causes	0
0.9408237	HGNC:9402	MONDO:0014343	biolink:causes	0
0.25460905	HGNC:9460	MONDO:0800026	biolink:gene_associated_with_condition	0
0.8738441	HGNC:9498	MONDO:0012943	biolink:gene_associated_with_condition	0
0.8164598	HGNC:9585	MONDO:0009495	biolink:gene_associated_with_condition	0
0.71791035	HGNC:9585	MONDO:0015466	biolink:causes	0
0.7483596	HGNC:9607	MONDO:0011430	biolink:causes	0
0.77268755	HGNC:9644	MONDO:0014572	biolink:causes	0
0.19269224	HGNC:9670	MONDO:0008234	biolink:causes	0
0.36700514	HGNC:14957	MONDO:0010455	biolink:gene_associated_with_condition	0
0.36046508	HGNC:14957	MONDO:0011959	biolink:gene_associated_with_condition	0
0.5602833	HGNC:819	MONDO:0014601	biolink:gene_associated_with_condition	0
0.82892966	HGNC:851	MONDO:0019828	biolink:causes	0
0.28107667	HGNC:1093	MONDO:0012043	biolink:gene_associated_with_condition	0
0.3666798	HGNC:1093	MONDO:0033200	biolink:causes	0
0.100034714	HGNC:1093	MONDO:0011285	biolink:causes	0
0.08192127	HGNC:1093	MONDO:0018000	biolink:gene_associated_with_condition	0
0.9627449	HGNC:26019	MONDO:0030025	biolink:causes	0
0.8119744	HGNC:1097	MONDO:0013507	biolink:causes	0
0.86259013	HGNC:1097	MONDO:0032591	biolink:causes	0
0.81140506	HGNC:1097	MONDO:0012700	biolink:causes	0
0.52059394	HGNC:1100	MONDO:0009965	biolink:contributes_to	0
0.6279409	HGNC:1100	MONDO:0011481	biolink:contributes_to	0
0.705156	HGNC:1100	MONDO:0019505	biolink:contributes_to	0
0.8436992	HGNC:14255	MONDO:0030338	biolink:gene_associated_with_condition	0
0.5140754	HGNC:14255	MONDO:0014945	biolink:gene_associated_with_condition	0
0.9050614	HGNC:14255	MONDO:0009008	biolink:gene_associated_with_condition	0
0.86316496	HGNC:1122	MONDO:0009210	biolink:causes	0
0.93015844	HGNC:26033	MONDO:0018277	biolink:causes	0
0.67475474	HGNC:9721	MONDO:0013842	biolink:causes	0
0.39025226	HGNC:25326	MONDO:0009306	biolink:causes	0
0.35593218	HGNC:9829	MONDO:0016316	biolink:causes	0
0.13199317	HGNC:9864	MONDO:0010963	biolink:causes	0
0.24450868	HGNC:9864	MONDO:0014487	biolink:causes	0
0.61262995	HGNC:9864	MONDO:0008377	biolink:gene_associated_with_condition	0
0.6039212	HGNC:18286	MONDO:0017683	biolink:causes	0
0.49745822	HGNC:14959	MONDO:0044714	biolink:gene_associated_with_condition	0
0.8433949	HGNC:9921	MONDO:0012075	biolink:causes	0
0.8117609	HGNC:9921	MONDO:0020849	biolink:causes	0
0.8221227	HGNC:9921	MONDO:0032677	biolink:causes	0
0.21803693	HGNC:9940	MONDO:0008872	biolink:gene_associated_with_condition	0
0.5713245	HGNC:9940	MONDO:0054750	biolink:gene_associated_with_condition	0
0.93104607	HGNC:17964	MONDO:0014343	biolink:causes	0
0.72731453	HGNC:25786	MONDO:0008764	biolink:causes	0
0.74585915	HGNC:25786	MONDO:0030037	biolink:causes	0
0.8417512	HGNC:9957	MONDO:0010250	biolink:causes	0
0.67543554	HGNC:9966	MONDO:0012514	biolink:contributes_to	0
0.921844	HGNC:25964	MONDO:0014343	biolink:causes	0
0.53833145	HGNC:10004	MONDO:0007524	biolink:causes	0
0.26229447	HGNC:10004	MONDO:0014146	biolink:causes	0
0.61961037	HGNC:17283	MONDO:0007363	biolink:causes	0
0.587976	HGNC:25358	MONDO:0018780	biolink:causes	0
0.868468	HGNC:25358	MONDO:0030927	biolink:causes	0
0.59241605	HGNC:14539	MONDO:0958085	biolink:contributes_to	0
0.5769902	HGNC:14539	MONDO:0011556	biolink:contributes_to	0
0.7439948	HGNC:14539	MONDO:0030457	biolink:contributes_to	0
0.8429054	HGNC:10256	MONDO:0014159	biolink:causes	0
0.56955045	HGNC:10256	MONDO:0054737	biolink:causes	0
0.7724977	HGNC:10256	MONDO:0009113	biolink:causes	0
0.53203434	HGNC:10256	MONDO:0800167	biolink:causes	0
0.82601774	HGNC:10263	MONDO:0032748	biolink:causes	0
0.57069975	HGNC:10383	MONDO:0009513	biolink:causes	0
0.69903153	HGNC:10383	MONDO:0013964	biolink:causes	0
0.35930076	HGNC:19903	MONDO:0012559	biolink:causes	0
0.107220516	HGNC:19903	MONDO:0007158	biolink:causes	0
0.31252074	HGNC:19903	MONDO:0007922	biolink:causes	0
0.7929186	HGNC:23625	MONDO:0013507	biolink:causes	0
0.79559577	HGNC:23625	MONDO:0020320	biolink:causes	0
0.9817562	HGNC:23625	MONDO:0012634	biolink:causes	0
0.7038787	HGNC:15924	MONDO:0011628	biolink:gene_associated_with_condition	0
0.85231626	HGNC:15924	MONDO:0011794	biolink:gene_associated_with_condition	0
0.96242833	HGNC:1349	MONDO:0019569	biolink:causes	0
0.8914366	HGNC:19304	MONDO:0010099	biolink:causes	0
0.6462233	HGNC:19304	MONDO:0013449	biolink:causes	0
0.92647976	HGNC:10590	MONDO:0014343	biolink:causes	0
0.88814205	HGNC:10590	MONDO:0017935	biolink:causes	0
0.40919036	HGNC:10593	MONDO:0013999	biolink:contributes_to	0
0.7214036	HGNC:10593	MONDO:0008377	biolink:causes	0
0.41761008	HGNC:10593	MONDO:0009109	biolink:causes	0
0.6515757	HGNC:10593	MONDO:0010401	biolink:contributes_to	0
0.30789965	HGNC:10593	MONDO:0014225	biolink:causes	0
0.31053692	HGNC:10593	MONDO:0800445	biolink:causes	0
0.3514683	HGNC:10593	MONDO:0012650	biolink:causes	0
0.5808589	HGNC:10593	MONDO:0030619	biolink:contributes_to	0
0.12820491	HGNC:10582	MONDO:0016710	biolink:gene_associated_with_condition	0
0.36675876	HGNC:10582	MONDO:0020434	biolink:gene_associated_with_condition	0
0.5403963	HGNC:10600	MONDO:0800028	biolink:causes	0
0.37122527	HGNC:10600	MONDO:0013718	biolink:causes	0
0.9233694	HGNC:10604	MONDO:0013052	biolink:causes	0
0.57030857	HGNC:10606	MONDO:0010239	biolink:gene_associated_with_condition	0
0.5412189	HGNC:10606	MONDO:0012096	biolink:gene_associated_with_condition	0
0.33444455	HGNC:10680	MONDO:0008818	biolink:causes	0
0.66003543	HGNC:10680	MONDO:0011338	biolink:causes	0
0.53606886	HGNC:10719	MONDO:0013839	biolink:causes	0
0.86345655	HGNC:30605	MONDO:0009820	biolink:gene_associated_with_condition	0
0.4234341	HGNC:8941	MONDO:0008061	biolink:gene_associated_with_condition	0
0.6948194	HGNC:8941	MONDO:0008377	biolink:gene_associated_with_condition	0
0.03983024	HGNC:29427	MONDO:0011836	biolink:gene_associated_with_condition	0
0.80186194	HGNC:29165	MONDO:0013679	biolink:causes	0
0.73722047	HGNC:11065	MONDO:0020745	biolink:causes	0
0.8322967	HGNC:11065	MONDO:0007922	biolink:causes	0
0.91272646	HGNC:11071	MONDO:0014343	biolink:causes	0
0.80003685	HGNC:11071	MONDO:0009658	biolink:causes	0
0.020760603	HGNC:10907	MONDO:0019896	biolink:gene_associated_with_condition	0
0.7804198	HGNC:10979	MONDO:0019448	biolink:causes	0
0.6920062	HGNC:10979	MONDO:0008713	biolink:causes	0
0.7976026	HGNC:10979	MONDO:0014094	biolink:causes	0
0.20230868	HGNC:10993	MONDO:0013398	biolink:causes	0
0.9759159	HGNC:20800	MONDO:0017241	biolink:causes	0
0.75760025	HGNC:18798	MONDO:0011490	biolink:causes	0
0.29166624	HGNC:32689	MONDO:0009779	biolink:causes	0
0.96011144	HGNC:6769	MONDO:0007537	biolink:gene_associated_with_condition	0
0.8350182	HGNC:6769	MONDO:0009513	biolink:causes	0
0.8739083	HGNC:6769	MONDO:0017402	biolink:causes	0
0.076824404	HGNC:6769	MONDO:0012294	biolink:causes	0
0.32214153	HGNC:2468	MONDO:0007137	biolink:causes	0
0.46061704	HGNC:2468	MONDO:0958237	biolink:causes	0
0.76921046	HGNC:11094	MONDO:0010767	biolink:gene_associated_with_condition	0
0.70797986	HGNC:1393	MONDO:0011003	biolink:causes	0
0.48495948	HGNC:1393	MONDO:0013842	biolink:causes	0
0.8404555	HGNC:1449	MONDO:0014343	biolink:causes	0
0.14253989	HGNC:1449	MONDO:0016097	biolink:causes	0
0.23606002	HGNC:1449	MONDO:0011529	biolink:causes	0
0.8755632	HGNC:11182	MONDO:0014686	biolink:gene_associated_with_condition	0
0.38962075	HGNC:11182	MONDO:0020748	biolink:gene_associated_with_condition	0
0.113610774	HGNC:1509	MONDO:0009379	biolink:gene_associated_with_condition	0
0.262199	HGNC:1509	MONDO:0018656	biolink:gene_associated_with_condition	0
0.22828117	HGNC:1527	MONDO:0007925	biolink:causes	0
0.92177147	HGNC:1550	MONDO:0014224	biolink:causes	0
0.9076097	HGNC:1550	MONDO:0031006	biolink:causes	0
0.43678105	HGNC:26821	MONDO:0010075	biolink:causes	0
0.36634475	HGNC:26821	MONDO:0012410	biolink:causes	0
0.044368897	HGNC:14977	MONDO:0018742	biolink:causes	0
0.5382178	HGNC:11179	MONDO:0010099	biolink:causes	0
0.8609124	HGNC:11179	MONDO:0008377	biolink:causes	0
0.91566676	HGNC:17321	MONDO:0015783	biolink:gene_associated_with_condition	0
0.9621056	HGNC:17321	MONDO:0958005	biolink:gene_associated_with_condition	0
0.56053615	HGNC:17321	MONDO:0019635	biolink:causes	0
0.79588026	HGNC:11226	MONDO:0011073	biolink:causes	0
0.9796254	HGNC:11226	MONDO:0012400	biolink:causes	0
0.91167223	HGNC:11257	MONDO:0009804	biolink:causes	0
0.49941775	HGNC:11301	MONDO:0008179	biolink:causes	0
0.89013404	HGNC:11301	MONDO:0008377	biolink:gene_associated_with_condition	0
0.7668255	HGNC:11301	MONDO:0007768	biolink:causes	0
0.883417	HGNC:11301	MONDO:0019123	biolink:gene_associated_with_condition	0
0.48683262	HGNC:11356	MONDO:0971016	biolink:causes	0
0.38412377	HGNC:11356	MONDO:0030730	biolink:causes	0
0.37382698	HGNC:26200	MONDO:0018598	biolink:gene_associated_with_condition	0
0.26334882	HGNC:26200	MONDO:0016395	biolink:gene_associated_with_condition	0
0.88111	HGNC:30650	MONDO:0014125	biolink:gene_associated_with_condition	0
0.88372874	HGNC:16035	MONDO:0008377	biolink:causes	0
0.70666057	HGNC:16466	MONDO:0009459	biolink:gene_associated_with_condition	0
0.7973636	HGNC:16466	MONDO:0054805	biolink:gene_associated_with_condition	0
0.74733067	HGNC:16466	MONDO:0008592	biolink:causes	0
0.20554474	HGNC:30632	MONDO:0016838	biolink:causes	0
0.32259792	HGNC:11494	MONDO:0011493	biolink:gene_associated_with_condition	0
0.72578156	HGNC:11521	MONDO:0018328	biolink:causes	0
0.64408493	HGNC:11521	MONDO:0007380	biolink:causes	0
0.36223295	HGNC:11521	MONDO:0008762	biolink:causes	0
0.040078387	HGNC:21066	MONDO:0009825	biolink:causes	0
0.119491935	HGNC:21066	MONDO:0014622	biolink:causes	0
0.52678156	HGNC:29203	MONDO:0008637	biolink:gene_associated_with_condition	0
0.8908343	HGNC:29203	MONDO:0014004	biolink:gene_associated_with_condition	0
0.91237676	HGNC:29203	MONDO:0018273	biolink:gene_associated_with_condition	0
0.90638345	HGNC:11603	MONDO:0009841	biolink:gene_associated_with_condition	0
0.34011945	HGNC:11596	MONDO:0013907	biolink:gene_associated_with_condition	0
0.70089823	HGNC:11596	MONDO:0014343	biolink:causes	0
0.87803787	HGNC:11708	MONDO:0014984	biolink:gene_associated_with_condition	0
0.49095395	HGNC:11724	MONDO:0014899	biolink:causes	0
0.48800105	HGNC:11724	MONDO:0012521	biolink:causes	0
0.9987363	HGNC:20324	MONDO:0014343	biolink:gene_associated_with_condition	0
0.8628689	HGNC:11769	MONDO:0032685	biolink:gene_associated_with_condition	0
0.82863575	HGNC:11769	MONDO:0010790	biolink:causes	0
0.8623283	HGNC:11769	MONDO:0011226	biolink:causes	0
0.84474844	HGNC:11769	MONDO:0032868	biolink:causes	0
0.94888914	HGNC:25835	MONDO:0012092	biolink:causes	0
0.36286843	HGNC:25295	MONDO:0014997	biolink:causes	0
0.41437164	HGNC:25295	MONDO:0014866	biolink:causes	0
0.07753919	HGNC:30788	MONDO:0014290	biolink:causes	0
0.754111	HGNC:5056	MONDO:0019174	biolink:gene_associated_with_condition	0
0.6690761	HGNC:5056	MONDO:0010626	biolink:gene_associated_with_condition	0
0.19394962	HGNC:26230	MONDO:0011431	biolink:contributes_to	0
0.49889386	HGNC:26230	MONDO:0020745	biolink:contributes_to	0
0.5681847	HGNC:16513	MONDO:0012833	biolink:causes	0
0.937347	HGNC:18188	MONDO:0012892	biolink:gene_associated_with_condition	0
0.9832851	HGNC:25535	MONDO:0008684	biolink:causes	0
0.8983726	HGNC:25535	MONDO:0011490	biolink:causes	0
0.96278685	HGNC:11909	MONDO:0009871	biolink:gene_associated_with_condition	0
0.8503407	HGNC:11949	MONDO:0014343	biolink:gene_associated_with_condition	0
0.83406985	HGNC:11949	MONDO:0008377	biolink:gene_associated_with_condition	0
0.31146625	HGNC:11949	MONDO:0014425	biolink:gene_associated_with_condition	0
0.7595844	HGNC:29190	MONDO:0032927	biolink:causes	0
0.7183297	HGNC:29190	MONDO:0014620	biolink:causes	0
0.551116	HGNC:29456	MONDO:0800026	biolink:gene_associated_with_condition	0
0.46058688	HGNC:29456	MONDO:0010592	biolink:gene_associated_with_condition	0
0.76970035	HGNC:16197	MONDO:0012689	biolink:causes	0
0.87412894	HGNC:15979	MONDO:0011765	biolink:causes	0
0.7482379	HGNC:15979	MONDO:0014040	biolink:causes	0
0.6872783	HGNC:15979	MONDO:0032575	biolink:causes	0
0.49769503	HGNC:12016	MONDO:0010510	biolink:causes	0
0.78316593	HGNC:25751	MONDO:0013587	biolink:gene_associated_with_condition	0
0.7911272	HGNC:25751	MONDO:0014984	biolink:gene_associated_with_condition	0
0.62590176	HGNC:25751	MONDO:0014386	biolink:gene_associated_with_condition	0
0.71781194	HGNC:25980	MONDO:0014244	biolink:causes	0
0.7090238	HGNC:25481	MONDO:0010483	biolink:gene_associated_with_condition	0
0.4940293	HGNC:17341	MONDO:0012883	biolink:gene_associated_with_condition	0
0.57333523	HGNC:17341	MONDO:0014057	biolink:causes	0
0.81679523	HGNC:17341	MONDO:0032721	biolink:gene_associated_with_condition	0
0.82971084	HGNC:17341	MONDO:0015096	biolink:causes	0
0.82154864	HGNC:17341	MONDO:0032583	biolink:causes	0
0.69785213	HGNC:17341	MONDO:0044319	biolink:gene_associated_with_condition	0
0.89053226	HGNC:17341	MONDO:0024557	biolink:gene_associated_with_condition	0
0.8827882	HGNC:18083	MONDO:0009505	biolink:causes	0
0.65771645	HGNC:18083	MONDO:0014425	biolink:causes	0
0.86668056	HGNC:18083	MONDO:0013288	biolink:gene_associated_with_condition	0
0.93280613	HGNC:18083	MONDO:0008310	biolink:gene_associated_with_condition	0
0.90375257	HGNC:18083	MONDO:0014574	biolink:gene_associated_with_condition	0
0.6065276	HGNC:1268	MONDO:0009215	biolink:causes	0
0.7329884	HGNC:1268	MONDO:0012221	biolink:gene_associated_with_condition	0
0.7280916	HGNC:1268	MONDO:0013032	biolink:causes	0
0.9214621	HGNC:19750	MONDO:0009339	biolink:causes	0
0.9250833	HGNC:19750	MONDO:0007922	biolink:causes	0
0.67225933	HGNC:12404	MONDO:0013032	biolink:gene_associated_with_condition	0
0.8282656	HGNC:12406	MONDO:0013624	biolink:causes	0
0.022453548	HGNC:24071	MONDO:0016703	biolink:causes	0
0.15196659	HGNC:24071	MONDO:0014494	biolink:causes	0
0.37941983	HGNC:18127	MONDO:0032822	biolink:causes	0
0.6225448	HGNC:18127	MONDO:0010465	biolink:causes	0
0.7366825	HGNC:12450	MONDO:0013487	biolink:gene_associated_with_condition	0
0.78701234	HGNC:13478	MONDO:0012004	biolink:causes	0
0.8283826	HGNC:25792	MONDO:0018598	biolink:gene_associated_with_condition	0
0.6944681	HGNC:12601	MONDO:0014637	biolink:causes	0
0.7068461	HGNC:12601	MONDO:0007380	biolink:causes	0
0.3079054	HGNC:12601	MONDO:0020506	biolink:causes	0
0.27950573	HGNC:12632	MONDO:0009867	biolink:gene_associated_with_condition	0
0.42126116	HGNC:12643	MONDO:0008722	biolink:causes	0
0.4919408	HGNC:15511	MONDO:0060549	biolink:causes	0
0.7682605	HGNC:21642	MONDO:0016308	biolink:gene_associated_with_condition	0
0.87427944	HGNC:12726	MONDO:0007922	biolink:gene_associated_with_condition	0
0.39038658	HGNC:16461	MONDO:0010911	biolink:causes	0
0.8726058	HGNC:16461	MONDO:0013352	biolink:causes	0
0.35574904	HGNC:13831	MONDO:0007451	biolink:gene_associated_with_condition	0
0.75062686	HGNC:12783	MONDO:0012041	biolink:gene_associated_with_condition	0
0.6644136	HGNC:12783	MONDO:0032741	biolink:causes	0
0.7707548	HGNC:12783	MONDO:0957577	biolink:gene_associated_with_condition	0
0.083913185	HGNC:12828	MONDO:0010606	biolink:causes	0
0.5916468	HGNC:16262	MONDO:0009504	biolink:gene_associated_with_condition	0
0.4530664	HGNC:24877	MONDO:0971016	biolink:gene_associated_with_condition	0
0.7232667	HGNC:16700	MONDO:0007875	biolink:causes	0
0.017266704	HGNC:16700	MONDO:0008705	biolink:causes	0
0.40512124	HGNC:16700	MONDO:0030072	biolink:causes	0
0.35010213	HGNC:16700	MONDO:0042979	biolink:causes	0
0.48983943	HGNC:16700	MONDO:0014392	biolink:causes	0
0.60775787	HGNC:12873	MONDO:0957270	biolink:gene_associated_with_condition	0
0.71982086	HGNC:12873	MONDO:0008377	biolink:gene_associated_with_condition	0
0.5903004	HGNC:12927	MONDO:0008019	biolink:causes	0
0.48341033	HGNC:12927	MONDO:0008399	biolink:causes	0
0.774616	HGNC:12927	MONDO:0032849	biolink:causes	0
0.65528536	HGNC:12771	MONDO:0016163	biolink:causes	0
0.6541547	HGNC:11935	MONDO:0020512	biolink:gene_associated_with_condition	0
0.7507245	HGNC:1698	MONDO:0011633	biolink:causes	0
0.50132173	HGNC:1762	MONDO:0013198	biolink:causes	0
0.51893455	HGNC:1750	MONDO:0011143	biolink:causes	0
0.7542405	HGNC:1750	MONDO:0013634	biolink:causes	0
0.6746927	HGNC:1777	MONDO:0010477	biolink:causes	0
0.7521771	HGNC:1802	MONDO:0034106	biolink:causes	0
0.7303306	HGNC:1802	MONDO:0009050	biolink:causes	0
0.1563601	HGNC:1848	MONDO:0014741	biolink:causes	0
0.84850293	HGNC:21638	MONDO:0018598	biolink:gene_associated_with_condition	0
0.8910792	HGNC:21638	MONDO:0014093	biolink:gene_associated_with_condition	0
0.5694878	HGNC:21638	MONDO:0016356	biolink:gene_associated_with_condition	0
0.62694603	HGNC:21699	MONDO:0010758	biolink:causes	0
0.39240658	HGNC:1919	MONDO:0032868	biolink:gene_associated_with_condition	0
0.82270944	HGNC:20626	MONDO:0008818	biolink:causes	0
0.68411094	HGNC:1938	MONDO:0012004	biolink:causes	0
0.8641651	HGNC:1940	MONDO:0015353	biolink:causes	0
0.8727999	HGNC:1966	MONDO:0008377	biolink:causes	0
0.6290053	HGNC:1966	MONDO:0017683	biolink:causes	0
0.9573772	HGNC:1966	MONDO:0012368	biolink:causes	0
0.9136714	HGNC:1966	MONDO:0013276	biolink:causes	0
0.55498546	HGNC:16999	MONDO:0013002	biolink:gene_associated_with_condition	0
0.85895526	HGNC:13830	MONDO:0011445	biolink:gene_associated_with_condition	0
0.5346504	HGNC:29932	MONDO:0014783	biolink:gene_associated_with_condition	0
0.19830212	HGNC:29932	MONDO:0004951	biolink:gene_associated_with_condition	0
0.5784276	HGNC:29932	MONDO:0007288	biolink:gene_associated_with_condition	0
0.5547384	HGNC:18619	MONDO:0011935	biolink:causes	0
0.8853543	HGNC:2206	MONDO:0017241	biolink:causes	0
0.90669954	HGNC:2206	MONDO:0013912	biolink:causes	0
0.811747	HGNC:2212	MONDO:0013634	biolink:gene_associated_with_condition	0
0.83380795	HGNC:2212	MONDO:0017176	biolink:gene_associated_with_condition	0
0.8116768	HGNC:2219	MONDO:0013533	biolink:causes	0
0.9016547	HGNC:2219	MONDO:0017402	biolink:causes	0
0.9486847	HGNC:2219	MONDO:0018443	biolink:causes	0
0.9753405	HGNC:2219	MONDO:0031481	biolink:causes	0
0.9403609	HGNC:2219	MONDO:0012946	biolink:causes	0
0.74420786	HGNC:2195	MONDO:0033200	biolink:causes	0
0.8309817	HGNC:2195	MONDO:0008854	biolink:causes	0
0.7460335	HGNC:2336	MONDO:0020316	biolink:causes	0
0.77804905	HGNC:2343	MONDO:0958071	biolink:causes	0
0.25709653	HGNC:2359	MONDO:0014637	biolink:gene_associated_with_condition	0
0.17506893	HGNC:2359	MONDO:0020715	biolink:gene_associated_with_condition	0
0.22277191	HGNC:2359	MONDO:0029134	biolink:gene_associated_with_condition	0
0.13048905	HGNC:2359	MONDO:0008854	biolink:gene_associated_with_condition	0
0.88669467	HGNC:37276	MONDO:0014545	biolink:causes	0
0.39818785	HGNC:2410	MONDO:0009804	biolink:gene_associated_with_condition	0
0.41241094	HGNC:2410	MONDO:0007922	biolink:gene_associated_with_condition	0
0.80017674	HGNC:2433	MONDO:0011998	biolink:causes	0
0.85823786	HGNC:26193	MONDO:0013800	biolink:causes	0
0.17313242	HGNC:26047	MONDO:0011285	biolink:causes	0
0.68061703	HGNC:26047	MONDO:0013570	biolink:gene_associated_with_condition	0
0.92035735	HGNC:2505	MONDO:0014343	biolink:gene_associated_with_condition	0
0.5874538	HGNC:2505	MONDO:0012868	biolink:gene_associated_with_condition	0
0.7691557	HGNC:2505	MONDO:0030366	biolink:gene_associated_with_condition	0
0.7508673	HGNC:2518	MONDO:0015519	biolink:causes	0
0.76981205	HGNC:2590	MONDO:0018023	biolink:causes	0
0.644568	HGNC:25536	MONDO:0017173	biolink:causes	0
0.48801246	HGNC:25536	MONDO:0014853	biolink:causes	0
0.27136007	HGNC:24891	MONDO:0012287	biolink:causes	0
0.33803904	HGNC:25784	MONDO:0012803	biolink:causes	0
0.46231195	HGNC:25784	MONDO:0032746	biolink:causes	0
0.836858	HGNC:18141	MONDO:0018332	biolink:gene_associated_with_condition	0
0.6861206	HGNC:18141	MONDO:0032868	biolink:causes	0
0.5708468	HGNC:19714	MONDO:0013301	biolink:gene_associated_with_condition	0
0.9352722	HGNC:20603	MONDO:0014343	biolink:causes	0
0.6859251	HGNC:18018	MONDO:0007922	biolink:causes	0
0.40496624	HGNC:17098	MONDO:0020849	biolink:causes	0
0.9053443	HGNC:2907	MONDO:0012039	biolink:gene_associated_with_condition	0
0.48243952	HGNC:2907	MONDO:0012287	biolink:gene_associated_with_condition	0
0.31343782	HGNC:2907	MONDO:0014866	biolink:gene_associated_with_condition	0
0.7779101	HGNC:28662	MONDO:0012904	biolink:causes	0
0.65197474	HGNC:3004	MONDO:0008393	biolink:causes	0
0.91436875	HGNC:24270	MONDO:0013587	biolink:causes	0
0.9636181	HGNC:24270	MONDO:0024552	biolink:causes	0
0.90028703	HGNC:3052	MONDO:0060704	biolink:causes	0
0.76846033	HGNC:3052	MONDO:0007052	biolink:gene_associated_with_condition	0
0.713229	HGNC:3052	MONDO:0007740	biolink:causes	0
0.79749423	HGNC:3084	MONDO:0020745	biolink:causes	0
0.9800133	HGNC:3133	MONDO:0007943	biolink:gene_associated_with_condition	0
0.9973781	HGNC:3133	MONDO:0014343	biolink:gene_associated_with_condition	0
0.76444197	HGNC:26114	MONDO:0030905	biolink:causes	0
0.85884976	HGNC:3179	MONDO:0010600	biolink:contributes_to	0
0.7597696	HGNC:3179	MONDO:0044651	biolink:gene_associated_with_condition	0
0.4896011	HGNC:3259	MONDO:0012859	biolink:gene_associated_with_condition	0
0.8230832	HGNC:3259	MONDO:0014343	biolink:gene_associated_with_condition	0
0.539371	HGNC:3259	MONDO:0009841	biolink:gene_associated_with_condition	0
0.3518396	HGNC:3259	MONDO:0017947	biolink:gene_associated_with_condition	0
0.50038844	HGNC:3259	MONDO:0009064	biolink:gene_associated_with_condition	0
0.415293	HGNC:3259	MONDO:0012594	biolink:gene_associated_with_condition	0
0.52436006	HGNC:18683	MONDO:0800026	biolink:causes	0
0.80075306	HGNC:18683	MONDO:0957388	biolink:causes	0
0.092520155	HGNC:18683	MONDO:0044617	biolink:causes	0
0.97686464	HGNC:28957	MONDO:0014343	biolink:gene_associated_with_condition	0
0.45472202	HGNC:3386	MONDO:0007338	biolink:causes	0
0.6211501	HGNC:3386	MONDO:0014290	biolink:causes	0
0.5305017	HGNC:3424	MONDO:0009360	biolink:causes	0
0.47520664	HGNC:3424	MONDO:0975757	biolink:causes	0
0.72737604	HGNC:3435	MONDO:0011335	biolink:causes	0
0.68016607	HGNC:3435	MONDO:0971176	biolink:causes	0
0.95511925	HGNC:19747	MONDO:0012123	biolink:gene_associated_with_condition	0
0.9167573	HGNC:19747	MONDO:0032630	biolink:gene_associated_with_condition	0
0.9743916	HGNC:19747	MONDO:0026733	biolink:gene_associated_with_condition	0
0.32015923	MONDO:0004951	HGNC:6412	biolink:gene_associated_with_condition	0
0.80858177	MONDO:0004951	HGNC:3544	biolink:gene_associated_with_condition	0
0.21301077	MONDO:0004951	HGNC:23657	biolink:gene_associated_with_condition	0
0.19830212	MONDO:0004951	HGNC:29932	biolink:gene_associated_with_condition	0
0.39611843	MONDO:0004951	HGNC:2916	biolink:causes	0
0.33180243	MONDO:0006952	HGNC:18640	biolink:gene_associated_with_condition	0
0.80364585	MONDO:0007032	HGNC:6080	biolink:causes	0
0.93527067	MONDO:0007032	HGNC:37234	biolink:causes	0
0.8642139	MONDO:0007052	HGNC:9722	biolink:causes	0
0.76846033	MONDO:0007052	HGNC:3052	biolink:gene_associated_with_condition	0
0.67932135	MONDO:0007068	HGNC:7154	biolink:causes	0
0.13676725	MONDO:0007068	HGNC:387	biolink:gene_associated_with_condition	0
0.8991576	MONDO:0007080	HGNC:15672	biolink:causes	0
0.47980893	MONDO:0007080	HGNC:28209	biolink:gene_associated_with_condition	0
0.59866107	MONDO:0007216	HGNC:10809	biolink:gene_associated_with_condition	0
0.68868196	MONDO:0007232	HGNC:1515	biolink:causes	0
0.4679127	MONDO:0007232	HGNC:19708	biolink:causes	0
0.38271832	MONDO:0007232	HGNC:317	biolink:gene_associated_with_condition	0
0.053992603	MONDO:0007244	HGNC:31704	biolink:causes	0
0.9335358	MONDO:0007244	HGNC:4332	biolink:causes	0
0.5784276	MONDO:0007288	HGNC:29932	biolink:gene_associated_with_condition	0
0.25071466	MONDO:0007288	HGNC:12463	biolink:gene_associated_with_condition	0
0.38229614	MONDO:0007340	HGNC:9143	biolink:gene_associated_with_condition	0
0.90471286	MONDO:0007376	HGNC:18121	biolink:causes	0
0.06212937	MONDO:0007376	HGNC:35123	biolink:causes	0
0.90325433	MONDO:0007380	HGNC:20323	biolink:causes	0
0.79331666	MONDO:0007380	HGNC:11948	biolink:causes	0
0.8840142	MONDO:0007380	HGNC:29250	biolink:causes	0
0.64408493	MONDO:0007380	HGNC:11521	biolink:causes	0
0.7068461	MONDO:0007380	HGNC:12601	biolink:causes	0
0.9248224	MONDO:0007400	HGNC:2021	biolink:causes	0
0.9902794	MONDO:0007404	HGNC:9853	biolink:causes	0
0.4734905	MONDO:0007404	HGNC:3508	biolink:gene_associated_with_condition	0
0.29458874	MONDO:0007404	HGNC:25705	biolink:causes	0
0.22130634	MONDO:0007404	HGNC:1723	biolink:causes	0
0.82834023	MONDO:0007412	HGNC:5960	biolink:causes	0
0.9423602	MONDO:0007488	HGNC:7499	biolink:gene_associated_with_condition	0
0.69831216	MONDO:0007524	HGNC:3049	biolink:causes	0
0.92862195	MONDO:0007524	HGNC:29250	biolink:causes	0
0.53833145	MONDO:0007524	HGNC:10004	biolink:causes	0
0.90890735	MONDO:0007524	HGNC:3583	biolink:causes	0
0.45115188	MONDO:0007524	HGNC:6973	biolink:causes	0
0.27515057	MONDO:0007556	HGNC:3018	biolink:gene_associated_with_condition	0
0.05996408	MONDO:0007564	HGNC:15802	biolink:causes	0
0.29068726	MONDO:0007564	HGNC:18016	biolink:causes	0
0.9570218	MONDO:0007572	HGNC:1514	biolink:contributes_to	0
0.9501446	MONDO:0007572	HGNC:2200	biolink:causes	0
0.9326349	MONDO:0007636	HGNC:29068	biolink:causes	0
0.50392425	MONDO:0007648	HGNC:4198	biolink:causes	0
0.048552737	MONDO:0007664	HGNC:29525	biolink:causes	0
0.8331095	MONDO:0007716	HGNC:7577	biolink:gene_associated_with_condition	0
0.07606361	MONDO:0007740	HGNC:20091	biolink:causes	0
0.50607854	MONDO:0007740	HGNC:10258	biolink:causes	0
0.78040946	MONDO:0007740	HGNC:9879	biolink:causes	0
0.40443543	MONDO:0007740	HGNC:1754	biolink:causes	0
0.8074522	MONDO:0007740	HGNC:3600	biolink:gene_associated_with_condition	0
0.8428316	MONDO:0007740	HGNC:27302	biolink:gene_associated_with_condition	0
0.713229	MONDO:0007740	HGNC:3052	biolink:causes	0
0.401115	MONDO:0007744	HGNC:17494	biolink:causes	0
0.52286285	MONDO:0007748	HGNC:7737	biolink:causes	0
0.7777764	MONDO:0007768	HGNC:14674	biolink:causes	0
0.4066808	MONDO:0007768	HGNC:3791	biolink:gene_associated_with_condition	0
0.7668255	MONDO:0007768	HGNC:11301	biolink:causes	0
0.5337621	MONDO:0007768	HGNC:47	biolink:causes	0
0.12990803	MONDO:0007792	HGNC:9312	biolink:gene_associated_with_condition	0
0.42243016	MONDO:0007808	HGNC:5962	biolink:contributes_to	0
0.17142566	MONDO:0007828	HGNC:16709	biolink:causes	0
0.75828165	MONDO:0007856	HGNC:8101	biolink:gene_associated_with_condition	0
0.7893284	MONDO:0007944	HGNC:694	biolink:causes	0
0.91227174	MONDO:0007944	HGNC:9177	biolink:causes	0
0.78501344	MONDO:0008000	HGNC:2578	biolink:causes	0
0.26278007	MONDO:0008048	HGNC:6633	biolink:causes	0
0.79115945	MONDO:0008148	HGNC:30594	biolink:causes	0
0.29958928	MONDO:0008176	HGNC:30914	biolink:gene_associated_with_condition	0
0.09519389	MONDO:0008244	HGNC:1810	biolink:causes	0
0.87920856	MONDO:0008332	HGNC:7945	biolink:causes	0
0.0631935	MONDO:0008340	HGNC:11584	biolink:causes	0
0.1831351	MONDO:0008340	HGNC:3257	biolink:causes	0
0.82374954	MONDO:0008436	HGNC:11276	biolink:gene_associated_with_condition	0
0.8244091	MONDO:0008436	HGNC:10451	biolink:causes	0
0.5234974	MONDO:0008476	HGNC:6342	biolink:gene_associated_with_condition	0
0.74733067	MONDO:0008592	HGNC:16466	biolink:causes	0
0.32032335	MONDO:0008592	HGNC:5962	biolink:contributes_to	0
0.3261433	MONDO:0008644	HGNC:3816	biolink:causes	0
0.11700465	MONDO:0008644	HGNC:8996	biolink:causes	0
0.76145524	MONDO:0008660	HGNC:9091	biolink:causes	0
0.08572441	MONDO:0008684	HGNC:6585	biolink:gene_associated_with_condition	0
0.29080698	MONDO:0008684	HGNC:7821	biolink:gene_associated_with_condition	0
0.26298073	MONDO:0008684	HGNC:285	biolink:causes	0
0.16410546	MONDO:0008684	HGNC:21839	biolink:causes	0
0.9832851	MONDO:0008684	HGNC:25535	biolink:causes	0
0.12148816	MONDO:0008700	HGNC:29525	biolink:causes	0
0.9268363	MONDO:0008720	HGNC:9210	biolink:causes	0
0.7133452	MONDO:0008720	HGNC:4584	biolink:gene_associated_with_condition	0
0.5288885	MONDO:0008740	HGNC:10298	biolink:causes	0
0.2018545	MONDO:0008740	HGNC:4948	biolink:gene_associated_with_condition	0
0.72731453	MONDO:0008764	HGNC:25786	biolink:causes	0
0.8770424	MONDO:0008772	HGNC:1965	biolink:causes	0
0.21803693	MONDO:0008872	HGNC:9940	biolink:gene_associated_with_condition	0
0.44552648	MONDO:0008964	HGNC:6416	biolink:gene_associated_with_condition	0
0.9050614	MONDO:0009008	HGNC:14255	biolink:gene_associated_with_condition	0
0.70953465	MONDO:0009008	HGNC:21022	biolink:gene_associated_with_condition	0
0.5353329	MONDO:0009052	HGNC:3816	biolink:causes	0
0.9684568	MONDO:0009052	HGNC:13243	biolink:causes	0
0.50038844	MONDO:0009064	HGNC:3259	biolink:gene_associated_with_condition	0
0.2750786	MONDO:0009104	HGNC:25355	biolink:gene_associated_with_condition	0
0.060059104	MONDO:0009104	HGNC:34519	biolink:causes	0
0.57769114	MONDO:0009140	HGNC:164	biolink:causes	0
0.978916	MONDO:0009140	HGNC:26219	biolink:gene_associated_with_condition	0
0.82163346	MONDO:0009140	HGNC:19104	biolink:causes	0
0.8821258	MONDO:0009168	HGNC:19185	biolink:causes	0
0.737108	MONDO:0009168	HGNC:1857	biolink:causes	0
0.69571596	MONDO:0009192	HGNC:12469	biolink:gene_associated_with_condition	0
0.98475236	MONDO:0009192	HGNC:2379	biolink:causes	0
0.5869632	MONDO:0009192	HGNC:14673	biolink:causes	0
0.9778366	MONDO:0009216	HGNC:10031	biolink:gene_associated_with_condition	0
0.33108166	MONDO:0009232	HGNC:20908	biolink:causes	0
0.2553496	MONDO:0009252	HGNC:20406	biolink:gene_associated_with_condition	0
0.43786713	MONDO:0009252	HGNC:2978	biolink:causes	0
0.75163764	MONDO:0009300	HGNC:9832	biolink:causes	0
0.57016444	MONDO:0009360	HGNC:17619	biolink:causes	0
0.5305017	MONDO:0009360	HGNC:3424	biolink:causes	0
0.59124583	MONDO:0009380	HGNC:10701	biolink:causes	0
0.5136092	MONDO:0009380	HGNC:3146	biolink:causes	0
0.9048488	MONDO:0009416	HGNC:9722	biolink:gene_associated_with_condition	0
0.5916468	MONDO:0009504	HGNC:16262	biolink:gene_associated_with_condition	0
0.94066924	MONDO:0009520	HGNC:23657	biolink:causes	0
0.6574662	MONDO:0009520	HGNC:1361	biolink:causes	0
0.7927383	MONDO:0009544	HGNC:18084	biolink:gene_associated_with_condition	0
0.22609925	MONDO:0009544	HGNC:8149	biolink:causes	0
0.96605366	MONDO:0009624	HGNC:8959	biolink:causes	0
0.9229676	MONDO:0009624	HGNC:12637	biolink:causes	0
0.669598	MONDO:0009636	HGNC:3542	biolink:gene_associated_with_condition	0
0.98767847	MONDO:0009664	HGNC:14615	biolink:causes	0
0.75579387	MONDO:0009672	HGNC:3033	biolink:causes	0
0.6012102	MONDO:0009708	HGNC:8108	biolink:gene_associated_with_condition	0
0.8770428	MONDO:0009728	HGNC:2021	biolink:causes	0
0.8679743	MONDO:0009728	HGNC:939	biolink:causes	0
0.87163794	MONDO:0009760	HGNC:17975	biolink:gene_associated_with_condition	0
0.46054778	MONDO:0009776	HGNC:2187	biolink:causes	0
0.09601301	MONDO:0009776	HGNC:17020	biolink:contributes_to	0
0.6563632	MONDO:0009796	HGNC:24555	biolink:causes	0
0.883239	MONDO:0009796	HGNC:10706	biolink:causes	0
0.17824882	MONDO:0009804	HGNC:29536	biolink:causes	0
0.6396782	MONDO:0009804	HGNC:1388	biolink:causes	0
0.55805814	MONDO:0009804	HGNC:5173	biolink:causes	0
0.91167223	MONDO:0009804	HGNC:11257	biolink:causes	0
0.39818785	MONDO:0009804	HGNC:2410	biolink:gene_associated_with_condition	0
0.3644646	MONDO:0009804	HGNC:4800	biolink:gene_associated_with_condition	0
0.97878265	MONDO:0009820	HGNC:3622	biolink:causes	0
0.87416273	MONDO:0009820	HGNC:6636	biolink:causes	0
0.97890717	MONDO:0009820	HGNC:6814	biolink:gene_associated_with_condition	0
0.9723929	MONDO:0009820	HGNC:11773	biolink:causes	0
0.5310318	MONDO:0009820	HGNC:16171	biolink:causes	0
0.86696994	MONDO:0009820	HGNC:2928	biolink:gene_associated_with_condition	0
0.6582397	MONDO:0009820	HGNC:5013	biolink:causes	0
0.6101871	MONDO:0009820	HGNC:8008	biolink:causes	0
0.86345655	MONDO:0009820	HGNC:30605	biolink:gene_associated_with_condition	0
0.43679887	MONDO:0009872	HGNC:3531	biolink:contributes_to	0
0.28221932	MONDO:0009892	HGNC:11714	biolink:causes	0
0.91034895	MONDO:0009892	HGNC:11795	biolink:gene_associated_with_condition	0
0.6288825	MONDO:0009904	HGNC:21143	biolink:causes	0
0.85602444	MONDO:0009904	HGNC:12637	biolink:causes	0
0.29864505	MONDO:0009928	HGNC:11389	biolink:causes	0
0.65454835	MONDO:0009928	HGNC:11992	biolink:gene_associated_with_condition	0
0.19750434	MONDO:0009928	HGNC:30914	biolink:gene_associated_with_condition	0
0.7093489	MONDO:0009928	HGNC:3754	biolink:causes	0
0.32077697	MONDO:0009960	HGNC:12511	biolink:gene_associated_with_condition	0
0.014480383	MONDO:0009960	HGNC:9220	biolink:causes	0
0.9359144	MONDO:0010000	HGNC:9608	biolink:causes	0
0.37617123	MONDO:0010000	HGNC:19309	biolink:causes	0
0.27520913	MONDO:0010028	HGNC:10632	biolink:contributes_to	0
0.8891872	MONDO:0010044	HGNC:13210	biolink:contributes_to	0
0.26134333	MONDO:0010044	HGNC:21099	biolink:causes	0
0.19300115	MONDO:0010056	HGNC:14469	biolink:gene_associated_with_condition	0
0.94404304	MONDO:0010092	HGNC:3754	biolink:causes	0
0.7582418	MONDO:0010160	HGNC:15984	biolink:causes	0
0.95362294	MONDO:0010176	HGNC:19353	biolink:gene_associated_with_condition	0
0.91170424	MONDO:0010184	HGNC:12831	biolink:causes	0
0.9325572	MONDO:0010188	HGNC:1514	biolink:contributes_to	0
0.4876499	MONDO:0010232	HGNC:11020	biolink:causes	0
0.86572564	MONDO:0010232	HGNC:7981	biolink:gene_associated_with_condition	0
0.89000285	MONDO:0010296	HGNC:22932	biolink:causes	0
0.31024054	MONDO:0010296	HGNC:13875	biolink:causes	0
0.40588135	MONDO:0010356	HGNC:25240	biolink:causes	0
0.67331105	MONDO:0010356	HGNC:14974	biolink:causes	0
0.5908664	MONDO:0010392	HGNC:7132	biolink:gene_associated_with_condition	0
0.8569633	MONDO:0010392	HGNC:3003	biolink:gene_associated_with_condition	0
0.8006362	MONDO:0010400	HGNC:2214	biolink:gene_associated_with_condition	0
0.7639136	MONDO:0010400	HGNC:12668	biolink:causes	0
0.7363171	MONDO:0010404	HGNC:7690	biolink:causes	0
0.48960447	MONDO:0010496	HGNC:11522	biolink:gene_associated_with_condition	0
0.959412	MONDO:0010496	HGNC:560	biolink:gene_associated_with_condition	0
0.1565811	MONDO:0010524	HGNC:32940	biolink:causes	0
0.46058688	MONDO:0010592	HGNC:29456	biolink:gene_associated_with_condition	0
0.6598169	MONDO:0010592	HGNC:7765	biolink:causes	0
0.85884976	MONDO:0010600	HGNC:3179	biolink:contributes_to	0
0.59038764	MONDO:0010720	HGNC:11633	biolink:gene_associated_with_condition	0
0.9456395	MONDO:0010752	HGNC:2218	biolink:causes	0
0.60423183	MONDO:0010792	HGNC:12651	biolink:causes	0
0.826098	MONDO:0010792	HGNC:2232	biolink:causes	0
0.44834584	MONDO:0010792	HGNC:11138	biolink:causes	0
0.75730646	MONDO:0010848	HGNC:16400	biolink:gene_associated_with_condition	0
0.8755538	MONDO:0010856	HGNC:10597	biolink:gene_associated_with_condition	0
0.5624867	MONDO:0010856	HGNC:7782	biolink:causes	0
0.15151095	MONDO:0010964	HGNC:6619	biolink:gene_associated_with_condition	0
0.5530094	MONDO:0011136	HGNC:6207	biolink:gene_associated_with_condition	0
0.54782045	MONDO:0011156	HGNC:573	biolink:causes	0
0.46074393	MONDO:0011156	HGNC:13488	biolink:causes	0
0.84278935	MONDO:0011184	HGNC:3098	biolink:causes	0
0.690647	MONDO:0011184	HGNC:6081	biolink:causes	0
0.7327301	MONDO:0011184	HGNC:13867	biolink:causes	0
0.9667496	MONDO:0011428	HGNC:6909	biolink:causes	0
0.15647523	MONDO:0011448	HGNC:6440	biolink:causes	0
0.8501368	MONDO:0011448	HGNC:450	biolink:gene_associated_with_condition	0
0.8586128	MONDO:0011464	HGNC:4392	biolink:gene_associated_with_condition	0
0.90571713	MONDO:0011464	HGNC:25221	biolink:causes	0
0.6006499	MONDO:0011484	HGNC:6235	biolink:causes	0
0.48792115	MONDO:0011484	HGNC:5213	biolink:gene_associated_with_condition	0
0.59444994	MONDO:0011484	HGNC:9039	biolink:gene_associated_with_condition	0
0.21558338	MONDO:0011484	HGNC:1228	biolink:causes	0
0.46676338	MONDO:0011496	HGNC:29605	biolink:causes	0
0.76833236	MONDO:0011496	HGNC:6937	biolink:causes	0
0.7628305	MONDO:0011504	HGNC:19967	biolink:causes	0
0.8883312	MONDO:0011528	HGNC:3604	biolink:causes	0
0.8599829	MONDO:0011528	HGNC:29873	biolink:causes	0
0.89915943	MONDO:0011540	HGNC:16644	biolink:causes	0
0.5562565	MONDO:0011556	HGNC:143	biolink:causes	0
0.7003782	MONDO:0011556	HGNC:5154	biolink:gene_associated_with_condition	0
0.4838137	MONDO:0011556	HGNC:1884	biolink:causes	0
0.5769902	MONDO:0011556	HGNC:14539	biolink:contributes_to	0
0.1839765	MONDO:0011628	HGNC:7027	biolink:causes	0
0.7038787	MONDO:0011628	HGNC:15924	biolink:gene_associated_with_condition	0
0.29911852	MONDO:0011672	HGNC:11254	biolink:causes	0
0.20288865	MONDO:0011672	HGNC:613	biolink:contributes_to	0
0.6078184	MONDO:0011708	HGNC:3690	biolink:causes	0
0.6195773	MONDO:0011724	HGNC:12810	biolink:causes	0
0.6438725	MONDO:0011740	HGNC:7821	biolink:gene_associated_with_condition	0
0.9058627	MONDO:0011756	HGNC:5273	biolink:gene_associated_with_condition	0
0.5152481	MONDO:0011760	HGNC:6211	biolink:causes	0
0.4738054	MONDO:0011784	HGNC:9871	biolink:causes	0
0.60907096	MONDO:0011784	HGNC:11762	biolink:gene_associated_with_condition	0
0.75865114	MONDO:0011784	HGNC:2760	biolink:causes	0
0.03983024	MONDO:0011836	HGNC:29427	biolink:gene_associated_with_condition	0
0.32413253	MONDO:0011908	HGNC:14537	biolink:gene_associated_with_condition	0
0.5676788	MONDO:0011908	HGNC:28993	biolink:causes	0
0.5434209	MONDO:0011908	HGNC:27337	biolink:gene_associated_with_condition	0
0.7235782	MONDO:0011932	HGNC:22197	biolink:gene_associated_with_condition	0
0.25872353	MONDO:0011932	HGNC:6893	biolink:gene_associated_with_condition	0
0.3041054	MONDO:0011984	HGNC:1541	biolink:causes	0
0.55090547	MONDO:0012004	HGNC:3756	biolink:causes	0
0.78701234	MONDO:0012004	HGNC:13478	biolink:causes	0
0.68411094	MONDO:0012004	HGNC:1938	biolink:causes	0
0.72856116	MONDO:0012004	HGNC:1968	biolink:causes	0
0.591575	MONDO:0012044	HGNC:6091	biolink:causes	0
0.10332581	MONDO:0012080	HGNC:18762	biolink:causes	0
0.94888914	MONDO:0012092	HGNC:25835	biolink:causes	0
0.03498954	MONDO:0012092	HGNC:126	biolink:causes	0
0.393797	MONDO:0012096	HGNC:2389	biolink:gene_associated_with_condition	0
0.53407145	MONDO:0012096	HGNC:29508	biolink:causes	0
0.5412189	MONDO:0012096	HGNC:10606	biolink:gene_associated_with_condition	0
0.81806636	MONDO:0012184	HGNC:13222	biolink:causes	0
0.6323252	MONDO:0012184	HGNC:427	biolink:contributes_to	0
0.5122503	MONDO:0012204	HGNC:16783	biolink:gene_associated_with_condition	0
0.39750117	MONDO:0012204	HGNC:3236	biolink:causes	0
0.31297272	MONDO:0012256	HGNC:2594	biolink:gene_associated_with_condition	0
0.409943	MONDO:0012276	HGNC:4042	biolink:causes	0
0.50179935	MONDO:0012276	HGNC:11389	biolink:causes	0
0.8667438	MONDO:0012276	HGNC:13681	biolink:causes	0
0.424344	MONDO:0012276	HGNC:8005	biolink:causes	0
0.7286728	MONDO:0012348	HGNC:17327	biolink:causes	0
0.55998296	MONDO:0012368	HGNC:6091	biolink:causes	0
0.81026495	MONDO:0012368	HGNC:18608	biolink:causes	0
0.9573772	MONDO:0012368	HGNC:1966	biolink:causes	0
0.543892	MONDO:0012368	HGNC:3765	biolink:gene_associated_with_condition	0
0.9796254	MONDO:0012400	HGNC:11226	biolink:causes	0
0.41534314	MONDO:0012412	HGNC:3581	biolink:contributes_to	0
0.09480831	MONDO:0012488	HGNC:6081	biolink:causes	0
0.61528426	MONDO:0012520	HGNC:6770	biolink:causes	0
0.7341275	MONDO:0012520	HGNC:3087	biolink:causes	0
0.68411237	MONDO:0012520	HGNC:11771	biolink:causes	0
0.71544605	MONDO:0012552	HGNC:2578	biolink:causes	0
0.8755446	MONDO:0012596	HGNC:21022	biolink:gene_associated_with_condition	0
0.9618739	MONDO:0012596	HGNC:27337	biolink:causes	0
0.88803333	MONDO:0012596	HGNC:23166	biolink:causes	0
0.02913108	MONDO:0012624	HGNC:8117	biolink:gene_associated_with_condition	0
0.4781688	MONDO:0012652	HGNC:3531	biolink:contributes_to	0
0.93272877	MONDO:0012652	HGNC:2200	biolink:causes	0
0.7763154	MONDO:0012656	HGNC:4313	biolink:gene_associated_with_condition	0
0.8920055	MONDO:0012656	HGNC:2846	biolink:causes	0
0.7573315	MONDO:0012700	HGNC:6530	biolink:causes	0
0.81140506	MONDO:0012700	HGNC:1097	biolink:causes	0
0.6099975	MONDO:0012724	HGNC:2976	biolink:causes	0
0.7643476	MONDO:0012792	HGNC:6186	biolink:causes	0
0.55776674	MONDO:0012792	HGNC:15646	biolink:causes	0
0.5487849	MONDO:0012804	HGNC:24678	biolink:gene_associated_with_condition	0
0.779234	MONDO:0012864	HGNC:12630	biolink:causes	0
0.5874538	MONDO:0012868	HGNC:2505	biolink:gene_associated_with_condition	0
0.28433046	MONDO:0012868	HGNC:26257	biolink:contributes_to	0
0.85579693	MONDO:0012892	HGNC:11948	biolink:causes	0
0.9077979	MONDO:0012892	HGNC:25815	biolink:causes	0
0.6448474	MONDO:0012892	HGNC:2088	biolink:causes	0
0.7902198	MONDO:0012892	HGNC:3356	biolink:gene_associated_with_condition	0
0.67730117	MONDO:0012892	HGNC:4635	biolink:gene_associated_with_condition	0
0.3051706	MONDO:0012892	HGNC:21666	biolink:gene_associated_with_condition	0
0.937347	MONDO:0012892	HGNC:18188	biolink:gene_associated_with_condition	0
0.85643816	MONDO:0012892	HGNC:6407	biolink:causes	0
0.92248416	MONDO:0012892	HGNC:25985	biolink:gene_associated_with_condition	0
0.8479825	MONDO:0012892	HGNC:10451	biolink:causes	0
0.92143106	MONDO:0012892	HGNC:3255	biolink:gene_associated_with_condition	0
0.7779101	MONDO:0012904	HGNC:28662	biolink:causes	0
0.6607039	MONDO:0012904	HGNC:11730	biolink:causes	0
0.7625487	MONDO:0012912	HGNC:14270	biolink:gene_associated_with_condition	0
0.02164493	MONDO:0012980	HGNC:14639	biolink:causes	0
0.21380419	MONDO:0012980	HGNC:1101	biolink:gene_associated_with_condition	0
0.22003476	MONDO:0012996	HGNC:10387	biolink:gene_associated_with_condition	0
0.54033494	MONDO:0013028	HGNC:25941	biolink:gene_associated_with_condition	0
0.43073902	MONDO:0013032	HGNC:3416	biolink:causes	0
0.7280916	MONDO:0013032	HGNC:1268	biolink:causes	0
0.67225933	MONDO:0013032	HGNC:12404	biolink:gene_associated_with_condition	0
0.88050807	MONDO:0013052	HGNC:17296	biolink:causes	0
0.73563504	MONDO:0013052	HGNC:3530	biolink:gene_associated_with_condition	0
0.8239319	MONDO:0013052	HGNC:3778	biolink:causes	0
0.9233694	MONDO:0013052	HGNC:10604	biolink:causes	0
0.76317215	MONDO:0013060	HGNC:13829	biolink:causes	0
0.82550114	MONDO:0013060	HGNC:18292	biolink:causes	0
0.60803455	MONDO:0013060	HGNC:8008	biolink:causes	0
0.8070821	MONDO:0013060	HGNC:12261	biolink:causes	0
0.7617761	MONDO:0013116	HGNC:17996	biolink:gene_associated_with_condition	0
0.48159823	MONDO:0013156	HGNC:20456	biolink:causes	0
0.6080909	MONDO:0013156	HGNC:8548	biolink:causes	0
0.7397655	MONDO:0013208	HGNC:10298	biolink:causes	0
0.8556299	MONDO:0013208	HGNC:6694	biolink:gene_associated_with_condition	0
0.6158781	MONDO:0013208	HGNC:29796	biolink:causes	0
0.63362515	MONDO:0013212	HGNC:7623	biolink:gene_associated_with_condition	0
0.43126172	MONDO:0013212	HGNC:26684	biolink:causes	0
0.71805567	MONDO:0013216	HGNC:10327	biolink:causes	0
0.7937188	MONDO:0013216	HGNC:6483	biolink:gene_associated_with_condition	0
0.21187069	MONDO:0013228	HGNC:4081	biolink:causes	0
0.16142982	MONDO:0013236	HGNC:4868	biolink:causes	0
0.31521088	MONDO:0013236	HGNC:17151	biolink:causes	0
0.4770312	MONDO:0013236	HGNC:2200	biolink:causes	0
0.12649465	MONDO:0013244	HGNC:2411	biolink:gene_associated_with_condition	0
0.9976169	MONDO:0013256	HGNC:30497	biolink:gene_associated_with_condition	0
0.95965266	MONDO:0013256	HGNC:1181	biolink:gene_associated_with_condition	0
0.9136714	MONDO:0013276	HGNC:1966	biolink:causes	0
0.86668056	MONDO:0013288	HGNC:18083	biolink:gene_associated_with_condition	0
0.7477595	MONDO:0013352	HGNC:7776	biolink:causes	0
0.8726058	MONDO:0013352	HGNC:16461	biolink:causes	0
0.9636305	MONDO:0013352	HGNC:3755	biolink:causes	0
0.9898554	MONDO:0013364	HGNC:3689	biolink:causes	0
0.36793205	MONDO:0013384	HGNC:11701	biolink:causes	0
0.12030426	MONDO:0013388	HGNC:12266	biolink:gene_associated_with_condition	0
0.76889277	MONDO:0013400	HGNC:4823	biolink:gene_associated_with_condition	0
0.20738022	MONDO:0013460	HGNC:4942	biolink:gene_associated_with_condition	0
0.8443499	MONDO:0013512	HGNC:10723	biolink:causes	0
0.89866334	MONDO:0013536	HGNC:19316	biolink:causes	0
0.8282656	MONDO:0013624	HGNC:12406	biolink:causes	0
0.7732458	MONDO:0013640	HGNC:23339	biolink:causes	0
0.064071536	MONDO:0013640	HGNC:33914	biolink:causes	0
0.5949334	MONDO:0013664	HGNC:291	biolink:gene_associated_with_condition	0
0.8696281	MONDO:0013664	HGNC:9577	biolink:causes	0
0.63608867	MONDO:0013756	HGNC:4886	biolink:gene_associated_with_condition	0
0.93250513	MONDO:0013768	HGNC:28396	biolink:causes	0
0.60114175	MONDO:0013768	HGNC:3776	biolink:causes	0
0.85823786	MONDO:0013800	HGNC:26193	biolink:causes	0
0.98964405	MONDO:0013800	HGNC:438	biolink:gene_associated_with_condition	0
0.8350836	MONDO:0013836	HGNC:4125	biolink:causes	0
0.8224795	MONDO:0013864	HGNC:2570	biolink:gene_associated_with_condition	0
0.31890315	MONDO:0013872	HGNC:2908	biolink:gene_associated_with_condition	0
0.7867794	MONDO:0013892	HGNC:29659	biolink:causes	0
0.64107573	MONDO:0013896	HGNC:620	biolink:gene_associated_with_condition	0
0.8118266	MONDO:0013896	HGNC:7176	biolink:causes	0
0.90669954	MONDO:0013912	HGNC:2206	biolink:causes	0
0.29959553	MONDO:0013912	HGNC:18640	biolink:gene_associated_with_condition	0
0.9890576	MONDO:0013932	HGNC:20249	biolink:causes	0
0.6882563	MONDO:0013948	HGNC:8618	biolink:contributes_to	0
0.9472398	MONDO:0013948	HGNC:7944	biolink:causes	0
0.69903153	MONDO:0013964	HGNC:10383	biolink:causes	0
0.9274963	MONDO:0013992	HGNC:2197	biolink:causes	0
0.6844593	MONDO:0013992	HGNC:5173	biolink:gene_associated_with_condition	0
0.5096021	MONDO:0013992	HGNC:5286	biolink:causes	0
0.78516567	MONDO:0014004	HGNC:8959	biolink:causes	0
0.8908343	MONDO:0014004	HGNC:29203	biolink:gene_associated_with_condition	0
0.021565825	MONDO:0014012	HGNC:14639	biolink:causes	0
0.11102226	MONDO:0014012	HGNC:11630	biolink:gene_associated_with_condition	0
0.6930162	MONDO:0014020	HGNC:29812	biolink:causes	0
0.57806385	MONDO:0014020	HGNC:6483	biolink:gene_associated_with_condition	0
0.76014674	MONDO:0014020	HGNC:5961	biolink:causes	0
0.5260451	MONDO:0014040	HGNC:24259	biolink:causes	0
0.22163317	MONDO:0014040	HGNC:9038	biolink:gene_associated_with_condition	0
0.7482379	MONDO:0014040	HGNC:15979	biolink:causes	0
0.71719104	MONDO:0014040	HGNC:897	biolink:gene_associated_with_condition	0
0.899136	MONDO:0014052	HGNC:9091	biolink:causes	0
0.54075795	MONDO:0014052	HGNC:10387	biolink:gene_associated_with_condition	0
0.9232561	MONDO:0014060	HGNC:13869	biolink:causes	0
0.81262803	MONDO:0014060	HGNC:9091	biolink:causes	0
0.8295352	MONDO:0014072	HGNC:17129	biolink:gene_associated_with_condition	0
0.81103295	MONDO:0014072	HGNC:24592	biolink:causes	0
0.4132631	MONDO:0014080	HGNC:177	biolink:gene_associated_with_condition	0
0.97583413	MONDO:0014132	HGNC:6814	biolink:gene_associated_with_condition	0
0.9509347	MONDO:0014132	HGNC:19317	biolink:causes	0
0.7279446	MONDO:0014152	HGNC:12373	biolink:gene_associated_with_condition	0
0.3273195	MONDO:0014180	HGNC:4415	biolink:gene_associated_with_condition	0
0.8155471	MONDO:0014180	HGNC:5173	biolink:causes	0
0.5981322	MONDO:0014184	HGNC:2488	biolink:causes	0
0.94135517	MONDO:0014184	HGNC:3603	biolink:causes	0
0.3389645	MONDO:0014224	HGNC:7576	biolink:causes	0
0.92177147	MONDO:0014224	HGNC:1550	biolink:causes	0
0.71781194	MONDO:0014244	HGNC:25980	biolink:causes	0
0.25428435	MONDO:0014296	HGNC:25686	biolink:causes	0
0.930239	MONDO:0014392	HGNC:23096	biolink:causes	0
0.9219157	MONDO:0014392	HGNC:13520	biolink:causes	0
0.48983943	MONDO:0014392	HGNC:16700	biolink:causes	0
0.65304345	MONDO:0014460	HGNC:28648	biolink:gene_associated_with_condition	0
0.5131339	MONDO:0014480	HGNC:6970	biolink:causes	0
0.4657417	MONDO:0014480	HGNC:1397	biolink:causes	0
0.8921344	MONDO:0014480	HGNC:3755	biolink:gene_associated_with_condition	0
0.68570954	MONDO:0014480	HGNC:23089	biolink:causes	0
0.8527314	MONDO:0014484	HGNC:11957	biolink:gene_associated_with_condition	0
0.53844386	MONDO:0014532	HGNC:1337	biolink:gene_associated_with_condition	0
0.89155406	MONDO:0014556	HGNC:14508	biolink:causes	0
0.9332474	MONDO:0014572	HGNC:4422	biolink:causes	0
0.77268755	MONDO:0014572	HGNC:9644	biolink:causes	0
0.9117292	MONDO:0014580	HGNC:6256	biolink:causes	0
0.30575207	MONDO:0014612	HGNC:4948	biolink:gene_associated_with_condition	0
0.91913253	MONDO:0014612	HGNC:9083	biolink:causes	0
0.68868154	MONDO:0014620	HGNC:11030	biolink:causes	0
0.8405697	MONDO:0014620	HGNC:2214	biolink:gene_associated_with_condition	0
0.57585603	MONDO:0014620	HGNC:2516	biolink:gene_associated_with_condition	0
0.7183297	MONDO:0014620	HGNC:29190	biolink:causes	0
0.8955793	MONDO:0014648	HGNC:26784	biolink:gene_associated_with_condition	0
0.7500813	MONDO:0014808	HGNC:5466	biolink:gene_associated_with_condition	0
0.25513622	MONDO:0014836	HGNC:21285	biolink:contributes_to	0
0.7329644	MONDO:0014836	HGNC:17814	biolink:causes	0
0.8917293	MONDO:0014844	HGNC:6909	biolink:causes	0
0.95176625	MONDO:0014864	HGNC:24713	biolink:gene_associated_with_condition	0
0.17076543	MONDO:0014868	HGNC:1787	biolink:contributes_to	0
0.34969506	MONDO:0014868	HGNC:23212	biolink:gene_associated_with_condition	0
0.88603246	MONDO:0014896	HGNC:3690	biolink:gene_associated_with_condition	0
0.19675453	MONDO:0014900	HGNC:9143	biolink:gene_associated_with_condition	0
0.9053414	MONDO:0014900	HGNC:17652	biolink:causes	0
0.45744818	MONDO:0014948	HGNC:6192	biolink:causes	0
0.8648453	MONDO:0014968	HGNC:4556	biolink:causes	0
0.8906339	MONDO:0014976	HGNC:3689	biolink:gene_associated_with_condition	0
0.5576758	MONDO:0014984	HGNC:1591	biolink:causes	0
0.87803787	MONDO:0014984	HGNC:11708	biolink:gene_associated_with_condition	0
0.7911272	MONDO:0014984	HGNC:25751	biolink:gene_associated_with_condition	0
0.6530499	MONDO:0014996	HGNC:3542	biolink:gene_associated_with_condition	0
0.81240815	MONDO:0014996	HGNC:7010	biolink:gene_associated_with_condition	0
0.7464348	MONDO:0015096	HGNC:6481	biolink:causes	0
0.6526011	MONDO:0015096	HGNC:6770	biolink:causes	0
0.82971084	MONDO:0015096	HGNC:17341	biolink:causes	0
0.7996059	MONDO:0015466	HGNC:9722	biolink:gene_associated_with_condition	0
0.71791035	MONDO:0015466	HGNC:9585	biolink:causes	0
0.8327592	MONDO:0015566	HGNC:3754	biolink:causes	0
0.6029324	MONDO:0015566	HGNC:12713	biolink:causes	0
0.44991902	MONDO:0015786	HGNC:1529	biolink:gene_associated_with_condition	0
0.9869467	MONDO:0016002	HGNC:6391	biolink:gene_associated_with_condition	0
0.23200896	MONDO:0016598	HGNC:11771	biolink:gene_associated_with_condition	0
0.5182179	MONDO:0016598	HGNC:11795	biolink:gene_associated_with_condition	0
0.019840313	MONDO:0016606	HGNC:18625	biolink:causes	0
0.023168191	MONDO:0016606	HGNC:4887	biolink:gene_associated_with_condition	0
0.8759468	MONDO:0016682	HGNC:5358	biolink:causes	0
0.91736645	MONDO:0016682	HGNC:19073	biolink:gene_associated_with_condition	0
0.3535115	MONDO:0016710	HGNC:28952	biolink:causes	0
0.12820491	MONDO:0016710	HGNC:10582	biolink:gene_associated_with_condition	0
0.8685492	MONDO:0016782	HGNC:9986	biolink:causes	0
0.9862622	MONDO:0016782	HGNC:11102	biolink:causes	0
0.20554474	MONDO:0016838	HGNC:30632	biolink:causes	0
0.86493427	MONDO:0017218	HGNC:6770	biolink:causes	0
0.95630795	MONDO:0017218	HGNC:7060	biolink:causes	0
0.79846925	MONDO:0017218	HGNC:8975	biolink:causes	0
0.5883016	MONDO:0017218	HGNC:17340	biolink:causes	0
0.18109038	MONDO:0017238	HGNC:2409	biolink:gene_associated_with_condition	0
0.51783985	MONDO:0017238	HGNC:4281	biolink:gene_associated_with_condition	0
0.9004466	MONDO:0017354	HGNC:7133	biolink:gene_associated_with_condition	0
0.35779095	MONDO:0017382	HGNC:6423	biolink:gene_associated_with_condition	0
0.8739083	MONDO:0017402	HGNC:6769	biolink:causes	0
0.9016547	MONDO:0017402	HGNC:2219	biolink:causes	0
0.21250707	MONDO:0017906	HGNC:4431	biolink:causes	0
0.01566276	MONDO:0018006	HGNC:9220	biolink:causes	0
0.34814343	MONDO:0018114	HGNC:7103	biolink:gene_associated_with_condition	0
0.5031411	MONDO:0018206	HGNC:21088	biolink:causes	0
0.50028247	MONDO:0018419	HGNC:4023	biolink:causes	0
0.5234133	MONDO:0018435	HGNC:21197	biolink:causes	0
0.9486847	MONDO:0018443	HGNC:2219	biolink:causes	0
0.84958905	MONDO:0018495	HGNC:9180	biolink:causes	0
0.5712189	MONDO:0018611	HGNC:779	biolink:causes	0
0.57493806	MONDO:0018611	HGNC:17211	biolink:causes	0
0.13416186	MONDO:0018611	HGNC:4832	biolink:gene_associated_with_condition	0
0.75020057	MONDO:0018611	HGNC:30171	biolink:causes	0
0.70252573	MONDO:0018611	HGNC:2379	biolink:gene_associated_with_condition	0
0.63671654	MONDO:0018763	HGNC:8574	biolink:gene_associated_with_condition	0
0.47899693	MONDO:0018875	HGNC:27365	biolink:causes	0
0.93171763	MONDO:0018931	HGNC:20893	biolink:causes	0
0.4671676	MONDO:0019107	HGNC:14202	biolink:causes	0
0.883417	MONDO:0019123	HGNC:11301	biolink:gene_associated_with_condition	0
0.8473896	MONDO:0019123	HGNC:14304	biolink:causes	0
0.7224257	MONDO:0019349	HGNC:3395	biolink:causes	0
0.7599864	MONDO:0019373	HGNC:12305	biolink:gene_associated_with_condition	0
0.0038728	MONDO:0019373	HGNC:10736	biolink:gene_associated_with_condition	0
0.517988	MONDO:0019373	HGNC:29956	biolink:causes	0
0.34371665	MONDO:0019409	HGNC:8896	biolink:causes	0
0.8256034	MONDO:0019505	HGNC:2976	biolink:causes	0
0.7805843	MONDO:0019505	HGNC:4799	biolink:causes	0
0.705156	MONDO:0019505	HGNC:1100	biolink:contributes_to	0
0.53353024	MONDO:0019569	HGNC:987	biolink:gene_associated_with_condition	0
0.989956	MONDO:0019569	HGNC:15808	biolink:gene_associated_with_condition	0
0.96242833	MONDO:0019569	HGNC:1349	biolink:causes	0
0.21118097	MONDO:0019569	HGNC:4932	biolink:gene_associated_with_condition	0
0.70012385	MONDO:0019597	HGNC:9811	biolink:causes	0
0.7092497	MONDO:0019669	HGNC:6859	biolink:causes	0
0.38607186	MONDO:0019758	HGNC:5006	biolink:causes	0
0.96105546	MONDO:0019758	HGNC:13869	biolink:causes	0
0.33442587	MONDO:0019758	HGNC:16448	biolink:causes	0
0.43858021	MONDO:0019758	HGNC:14198	biolink:contributes_to	0
0.28207305	MONDO:0019930	HGNC:12768	biolink:gene_associated_with_condition	0
0.6718941	MONDO:0020316	HGNC:29558	biolink:causes	0
0.5528194	MONDO:0020316	HGNC:8940	biolink:causes	0
0.7460335	MONDO:0020316	HGNC:2336	biolink:causes	0
0.79559577	MONDO:0020320	HGNC:23625	biolink:causes	0
0.33778486	MONDO:0020324	HGNC:3188	biolink:causes	0
0.3725212	MONDO:0020324	HGNC:3005	biolink:gene_associated_with_condition	0
0.9020605	MONDO:0020512	HGNC:4922	biolink:causes	0
0.8776852	MONDO:0020512	HGNC:9081	biolink:causes	0
0.56520754	MONDO:0020512	HGNC:10872	biolink:gene_associated_with_condition	0
0.8180064	MONDO:0020512	HGNC:8855	biolink:gene_associated_with_condition	0
0.6541547	MONDO:0020512	HGNC:11935	biolink:gene_associated_with_condition	0
0.79207677	MONDO:0020730	HGNC:5213	biolink:gene_associated_with_condition	0
0.19448344	MONDO:0020786	HGNC:2309	biolink:gene_associated_with_condition	0
0.9263979	MONDO:0021571	HGNC:7944	biolink:causes	0
0.867707	MONDO:0024309	HGNC:6595	biolink:causes	0
0.49095577	MONDO:0024455	HGNC:11167	biolink:causes	0
0.9013684	MONDO:0024523	HGNC:7224	biolink:causes	0
0.7391323	MONDO:0024535	HGNC:12012	biolink:causes	0
0.8572971	MONDO:0024543	HGNC:12011	biolink:causes	0
0.41695502	MONDO:0024551	HGNC:20313	biolink:causes	0
0.35727626	MONDO:0024559	HGNC:6709	biolink:contributes_to	0
0.02763015	MONDO:0026404	HGNC:11005	biolink:causes	0
0.6075942	MONDO:0029134	HGNC:1591	biolink:causes	0
0.87464225	MONDO:0029134	HGNC:3481	biolink:gene_associated_with_condition	0
0.38513526	MONDO:0029134	HGNC:8794	biolink:causes	0
0.22277191	MONDO:0029134	HGNC:2359	biolink:gene_associated_with_condition	0
0.9627449	MONDO:0030025	HGNC:26019	biolink:causes	0
0.9018194	MONDO:0030037	HGNC:13601	biolink:gene_associated_with_condition	0
0.74585915	MONDO:0030037	HGNC:25786	biolink:causes	0
0.5093881	MONDO:0030054	HGNC:6944	biolink:causes	0
0.38152885	MONDO:0030054	HGNC:26684	biolink:gene_associated_with_condition	0
0.67203283	MONDO:0030066	HGNC:7717	biolink:causes	0
0.7785538	MONDO:0030071	HGNC:9722	biolink:gene_associated_with_condition	0
0.4527316	MONDO:0030281	HGNC:7910	biolink:gene_associated_with_condition	0
0.71013266	MONDO:0030281	HGNC:8851	biolink:causes	0
0.66910976	MONDO:0030361	HGNC:9832	biolink:causes	0
0.51731694	MONDO:0030455	HGNC:5005	biolink:causes	0
0.32486656	MONDO:0030455	HGNC:4706	biolink:causes	0
0.5579968	MONDO:0030490	HGNC:18810	biolink:gene_associated_with_condition	0
0.58529997	MONDO:0030490	HGNC:2197	biolink:gene_associated_with_condition	0
0.8188412	MONDO:0030690	HGNC:4171	biolink:causes	0
0.38412377	MONDO:0030730	HGNC:11356	biolink:causes	0
0.4376884	MONDO:0030787	HGNC:427	biolink:gene_associated_with_condition	0
0.96645397	MONDO:0030866	HGNC:18620	biolink:gene_associated_with_condition	0
0.76783985	MONDO:0030875	HGNC:7677	biolink:causes	0
0.4309796	MONDO:0030875	HGNC:27089	biolink:gene_associated_with_condition	0
0.21887389	MONDO:0030915	HGNC:7662	biolink:causes	0
0.9846867	MONDO:0030915	HGNC:14361	biolink:causes	0
0.3004262	MONDO:0030915	HGNC:7910	biolink:gene_associated_with_condition	0
0.61405104	MONDO:0030927	HGNC:12872	biolink:causes	0
0.9055023	MONDO:0030927	HGNC:1362	biolink:gene_associated_with_condition	0
0.8749389	MONDO:0030927	HGNC:20456	biolink:causes	0
0.9026076	MONDO:0030927	HGNC:13243	biolink:causes	0
0.868468	MONDO:0030927	HGNC:25358	biolink:causes	0
0.9176907	MONDO:0030931	HGNC:6188	biolink:gene_associated_with_condition	0
0.80181015	MONDO:0030958	HGNC:3438	biolink:gene_associated_with_condition	0
0.9076097	MONDO:0031006	HGNC:1550	biolink:causes	0
0.14670546	MONDO:0031057	HGNC:9910	biolink:gene_associated_with_condition	0
0.7701557	MONDO:0031084	HGNC:6842	biolink:causes	0
0.5765095	MONDO:0031084	HGNC:4801	biolink:gene_associated_with_condition	0
0.6474074	MONDO:0031084	HGNC:25221	biolink:causes	0
0.45241484	MONDO:0031084	HGNC:26239	biolink:causes	0
0.4071694	MONDO:0031084	HGNC:3395	biolink:causes	0
0.63592017	MONDO:0031481	HGNC:9986	biolink:causes	0
0.5557191	MONDO:0031481	HGNC:21086	biolink:causes	0
0.9753405	MONDO:0031481	HGNC:2219	biolink:causes	0
0.94025004	MONDO:0031481	HGNC:1786	biolink:gene_associated_with_condition	0
0.88844573	MONDO:0032571	HGNC:6696	biolink:causes	0
0.6872783	MONDO:0032575	HGNC:15979	biolink:causes	0
0.82154864	MONDO:0032583	HGNC:17341	biolink:causes	0
0.7216511	MONDO:0032590	HGNC:1965	biolink:causes	0
0.30222413	MONDO:0032596	HGNC:25489	biolink:gene_associated_with_condition	0
0.94230527	MONDO:0032656	HGNC:7133	biolink:gene_associated_with_condition	0
0.86637074	MONDO:0032673	HGNC:14253	biolink:gene_associated_with_condition	0
0.70475197	MONDO:0032673	HGNC:16353	biolink:gene_associated_with_condition	0
0.8628689	MONDO:0032685	HGNC:11769	biolink:gene_associated_with_condition	0
0.9015407	MONDO:0032705	HGNC:854	biolink:causes	0
0.9791757	MONDO:0032705	HGNC:17494	biolink:gene_associated_with_condition	0
0.8144985	MONDO:0032712	HGNC:4177	biolink:gene_associated_with_condition	0
0.917864	MONDO:0032712	HGNC:6263	biolink:gene_associated_with_condition	0
0.52869356	MONDO:0032712	HGNC:12362	biolink:causes	0
0.25489968	MONDO:0032758	HGNC:8789	biolink:causes	0
0.4462409	MONDO:0032787	HGNC:613	biolink:contributes_to	0
0.885905	MONDO:0032799	HGNC:9462	biolink:gene_associated_with_condition	0
0.8890349	MONDO:0032815	HGNC:4979	biolink:causes	0
0.7829433	MONDO:0032819	HGNC:28128	biolink:causes	0
0.60440063	MONDO:0032819	HGNC:12831	biolink:causes	0
0.9156096	MONDO:0032849	HGNC:26927	biolink:causes	0
0.774616	MONDO:0032849	HGNC:12927	biolink:causes	0
0.80205566	MONDO:0032853	HGNC:13398	biolink:causes	0
0.78280896	MONDO:0032853	HGNC:5273	biolink:gene_associated_with_condition	0
0.30827764	MONDO:0032874	HGNC:10471	biolink:causes	0
0.72805965	MONDO:0032874	HGNC:3602	biolink:causes	0
0.625309	MONDO:0032882	HGNC:14374	biolink:causes	0
0.8843706	MONDO:0032886	HGNC:18621	biolink:causes	0
0.18455315	MONDO:0032898	HGNC:11905	biolink:gene_associated_with_condition	0
0.7429903	MONDO:0032906	HGNC:6257	biolink:causes	0
0.6172749	MONDO:0032906	HGNC:9588	biolink:contributes_to	0
0.39465323	MONDO:0033047	HGNC:19967	biolink:causes	0
0.43401572	MONDO:0033047	HGNC:4379	biolink:gene_associated_with_condition	0
0.68960977	MONDO:0033115	HGNC:11274	biolink:causes	0
0.7452974	MONDO:0033115	HGNC:3007	biolink:causes	0
0.18691899	MONDO:0033282	HGNC:25415	biolink:gene_associated_with_condition	0
0.69027525	MONDO:0033479	HGNC:2514	biolink:gene_associated_with_condition	0
0.97094697	MONDO:0033479	HGNC:8857	biolink:gene_associated_with_condition	0
0.18201247	MONDO:0035941	HGNC:12011	biolink:causes	0
0.3475546	MONDO:0035941	HGNC:8859	biolink:causes	0
0.23603079	MONDO:0035941	HGNC:8896	biolink:gene_associated_with_condition	0
0.85000074	MONDO:0036189	HGNC:12831	biolink:causes	0
0.16977362	MONDO:0036189	HGNC:13886	biolink:causes	0
0.11100493	MONDO:0043364	HGNC:21270	biolink:causes	0
0.0729854	MONDO:0044220	HGNC:6010	biolink:causes	0
0.104051046	MONDO:0044220	HGNC:7974	biolink:gene_associated_with_condition	0
0.060491793	MONDO:0044224	HGNC:21219	biolink:causes	0
0.07256303	MONDO:0044224	HGNC:23537	biolink:causes	0
0.89750177	MONDO:0044306	HGNC:4298	biolink:causes	0
0.9819311	MONDO:0044306	HGNC:6814	biolink:gene_associated_with_condition	0
0.28065574	MONDO:0044306	HGNC:7821	biolink:gene_associated_with_condition	0
0.69785213	MONDO:0044319	HGNC:17341	biolink:gene_associated_with_condition	0
0.75388926	MONDO:0044323	HGNC:6595	biolink:causes	0
0.03078957	MONDO:0044651	HGNC:40050	biolink:causes	0
0.7597696	MONDO:0044651	HGNC:3179	biolink:gene_associated_with_condition	0
0.05789391	MONDO:0044657	HGNC:18130	biolink:gene_associated_with_condition	0
0.25511467	MONDO:0044701	HGNC:5331	biolink:contributes_to	0
0.2762862	MONDO:0044701	HGNC:1956	biolink:causes	0
0.6978389	MONDO:0044701	HGNC:29853	biolink:causes	0
0.5808371	MONDO:0049221	HGNC:5383	biolink:gene_associated_with_condition	0
0.7449544	MONDO:0054636	HGNC:3356	biolink:causes	0
0.3470362	MONDO:0054724	HGNC:5136	biolink:causes	0
0.8393753	MONDO:0054750	HGNC:25221	biolink:gene_associated_with_condition	0
0.5713245	MONDO:0054750	HGNC:9940	biolink:gene_associated_with_condition	0
0.7315868	MONDO:0054750	HGNC:17340	biolink:causes	0
0.49975264	MONDO:0054763	HGNC:25240	biolink:gene_associated_with_condition	0
0.65867996	MONDO:0054763	HGNC:9701	biolink:gene_associated_with_condition	0
0.70187867	MONDO:0054763	HGNC:12499	biolink:causes	0
0.78545564	MONDO:0054763	HGNC:7608	biolink:gene_associated_with_condition	0
0.6062942	MONDO:0054771	HGNC:5383	biolink:gene_associated_with_condition	0
0.0404388	MONDO:0054771	HGNC:18971	biolink:contributes_to	0
0.58017546	MONDO:0054861	HGNC:12762	biolink:causes	0
0.5699267	MONDO:0060591	HGNC:9008	biolink:gene_associated_with_condition	0
0.8039582	MONDO:0060591	HGNC:1301	biolink:causes	0
0.8838178	MONDO:0060707	HGNC:20858	biolink:causes	0
0.99931824	MONDO:0060707	HGNC:10193	biolink:causes	0
0.9654338	MONDO:0060745	HGNC:10994	biolink:causes	0
0.48310086	MONDO:0100119	HGNC:7001	biolink:gene_associated_with_condition	0
0.7209128	MONDO:0100119	HGNC:2500	biolink:causes	0
0.8775747	MONDO:0100119	HGNC:1181	biolink:gene_associated_with_condition	0
0.68866545	MONDO:0100219	HGNC:5004	biolink:causes	0
0.050191987	MONDO:0600030	HGNC:2488	biolink:causes	0
0.07530427	MONDO:0600030	HGNC:1787	biolink:gene_associated_with_condition	0
0.08138351	MONDO:0600030	HGNC:644	biolink:gene_associated_with_condition	0
0.080039546	MONDO:0700297	HGNC:19141	biolink:causes	0
0.63726664	MONDO:0700301	HGNC:21316	biolink:gene_associated_with_condition	0
0.99821633	MONDO:0800436	HGNC:23088	biolink:causes	0
0.7173187	MONDO:0800452	HGNC:7788	biolink:gene_associated_with_condition	0
0.8367322	MONDO:0800452	HGNC:3689	biolink:causes	0
0.30191028	MONDO:0800452	HGNC:12687	biolink:gene_associated_with_condition	0
0.12015378	MONDO:0850078	HGNC:10727	biolink:causes	0
0.38685974	MONDO:0850078	HGNC:5273	biolink:gene_associated_with_condition	0
0.3273411	MONDO:0859187	HGNC:29536	biolink:gene_associated_with_condition	0
0.9533681	MONDO:0859187	HGNC:8604	biolink:causes	0
0.37838238	MONDO:0859204	HGNC:6005	biolink:gene_associated_with_condition	0
0.86728853	MONDO:0859253	HGNC:6696	biolink:causes	0
0.9355484	MONDO:0859253	HGNC:7499	biolink:gene_associated_with_condition	0
0.8984462	MONDO:0859335	HGNC:6481	biolink:gene_associated_with_condition	0
0.68961674	MONDO:0859335	HGNC:1529	biolink:gene_associated_with_condition	0
0.4078578	MONDO:0859355	HGNC:13387	biolink:causes	0
0.69652116	MONDO:0957218	HGNC:10447	biolink:causes	0
0.9693881	MONDO:0957271	HGNC:19980	biolink:causes	0
0.46072546	MONDO:0957271	HGNC:16380	biolink:causes	0
0.43102002	MONDO:0957294	HGNC:8622	biolink:causes	0
0.80075306	MONDO:0957388	HGNC:18683	biolink:causes	0
0.6629044	MONDO:0957477	HGNC:20	biolink:causes	0
0.041772842	MONDO:0957583	HGNC:5136	biolink:gene_associated_with_condition	0
0.05595514	MONDO:0957583	HGNC:14974	biolink:causes	0
0.29394513	MONDO:0957594	HGNC:11917	biolink:gene_associated_with_condition	0
0.095510796	MONDO:0957594	HGNC:7808	biolink:causes	0
0.9270898	MONDO:0957807	HGNC:19317	biolink:causes	0
0.7141369	MONDO:0957812	HGNC:18437	biolink:causes	0
0.83422774	MONDO:0957820	HGNC:3960	biolink:causes	0
0.07694247	MONDO:0957876	HGNC:15805	biolink:gene_associated_with_condition	0
0.9673902	MONDO:0957876	HGNC:26887	biolink:causes	0
0.9621056	MONDO:0958005	HGNC:17321	biolink:gene_associated_with_condition	0
0.7435259	MONDO:0958012	HGNC:14673	biolink:causes	0
0.9261405	MONDO:0958176	HGNC:735	biolink:gene_associated_with_condition	0
0.85961914	MONDO:0958176	HGNC:28018	biolink:causes	0
0.92168075	MONDO:0958180	HGNC:1044	biolink:causes	0
0.7875581	MONDO:0958180	HGNC:4379	biolink:causes	0
0.59280944	MONDO:0968981	HGNC:592	biolink:causes	0
0.9405311	MONDO:0970994	HGNC:29685	biolink:causes	0
0.24230364	MONDO:0971178	HGNC:21173	biolink:causes	0
0.8994319	MONDO:0971178	HGNC:28396	biolink:gene_associated_with_condition	0
0.25093082	MONDO:0975746	HGNC:9588	biolink:gene_associated_with_condition	0
0.7212263	MONDO:8000011	HGNC:4165	biolink:gene_associated_with_condition	0
0.8350549	MONDO:8000011	HGNC:10648	biolink:gene_associated_with_condition	0
0.34540686	MONDO:8000015	HGNC:18688	biolink:causes	0
0.70953465	HGNC:21022	MONDO:0009008	biolink:gene_associated_with_condition	0
0.8755446	HGNC:21022	MONDO:0012596	biolink:gene_associated_with_condition	0
0.6309698	HGNC:21022	MONDO:0018393	biolink:gene_associated_with_condition	0
0.6318702	HGNC:47	MONDO:0014481	biolink:causes	0
0.5337621	HGNC:47	MONDO:0007768	biolink:causes	0
0.45672053	HGNC:47	MONDO:0008234	biolink:causes	0
0.050862357	HGNC:42	MONDO:0008483	biolink:causes	0
0.28504357	HGNC:42	MONDO:0035819	biolink:causes	0
0.72745115	HGNC:68	MONDO:0007311	biolink:causes	0
0.8412775	HGNC:68	MONDO:0014343	biolink:causes	0
0.03498954	HGNC:126	MONDO:0012092	biolink:causes	0
0.06147171	HGNC:126	MONDO:0017844	biolink:causes	0
0.88454676	HGNC:1839	MONDO:0014159	biolink:causes	0
0.69784564	HGNC:1839	MONDO:0957993	biolink:causes	0
0.15207933	HGNC:13202	MONDO:0976226	biolink:gene_associated_with_condition	0
0.79861134	HGNC:226	MONDO:0013561	biolink:causes	0
0.63267606	HGNC:315	MONDO:0958085	biolink:causes	0
0.4379736	HGNC:317	MONDO:0019150	biolink:gene_associated_with_condition	0
0.36632654	HGNC:317	MONDO:0030967	biolink:causes	0
0.38271832	HGNC:317	MONDO:0007232	biolink:gene_associated_with_condition	0
0.62531734	HGNC:317	MONDO:0014754	biolink:gene_associated_with_condition	0
0.8421388	HGNC:17258	MONDO:0013661	biolink:causes	0
0.64975226	HGNC:17258	MONDO:0014434	biolink:causes	0
0.83414656	HGNC:341	MONDO:0008490	biolink:gene_associated_with_condition	0
0.8350549	HGNC:10648	MONDO:8000011	biolink:gene_associated_with_condition	0
0.89447725	HGNC:358	MONDO:0009053	biolink:causes	0
0.9112285	HGNC:358	MONDO:0014218	biolink:causes	0
0.13676725	HGNC:387	MONDO:0007068	biolink:gene_associated_with_condition	0
0.59470874	HGNC:397	MONDO:0030036	biolink:causes	0
0.34346157	HGNC:31088	MONDO:0014339	biolink:contributes_to	0
0.11745182	HGNC:20917	MONDO:0010086	biolink:causes	0
0.83750314	HGNC:438	MONDO:0958085	biolink:gene_associated_with_condition	0
0.98964405	HGNC:438	MONDO:0013800	biolink:gene_associated_with_condition	0
0.891797	HGNC:17097	MONDO:0014343	biolink:causes	0
0.5194762	HGNC:17097	MONDO:0014386	biolink:causes	0
0.9212282	HGNC:3583	MONDO:0014343	biolink:causes	0
0.73535407	HGNC:3583	MONDO:0013929	biolink:causes	0
0.90890735	HGNC:3583	MONDO:0007524	biolink:causes	0
0.9682892	HGNC:3583	MONDO:0008426	biolink:causes	0
0.8092972	HGNC:3602	MONDO:0007615	biolink:causes	0
0.72805965	HGNC:3602	MONDO:0032874	biolink:causes	0
0.72156185	HGNC:3680	MONDO:0010606	biolink:gene_associated_with_condition	0
0.6455406	HGNC:3689	MONDO:0010767	biolink:gene_associated_with_condition	0
0.85206074	HGNC:3689	MONDO:0014267	biolink:causes	0
0.59205925	HGNC:3689	MONDO:0015041	biolink:gene_associated_with_condition	0
0.8592217	HGNC:3689	MONDO:0859188	biolink:gene_associated_with_condition	0
0.9898554	HGNC:3689	MONDO:0013364	biolink:causes	0
0.8906339	HGNC:3689	MONDO:0014976	biolink:gene_associated_with_condition	0
0.8367322	HGNC:3689	MONDO:0800452	biolink:causes	0
0.9543976	HGNC:3689	MONDO:0013050	biolink:gene_associated_with_condition	0
0.5547212	HGNC:3689	MONDO:0975757	biolink:gene_associated_with_condition	0
0.04332667	HGNC:18416	MONDO:0044638	biolink:causes	0
0.8368497	HGNC:19124	MONDO:0008377	biolink:gene_associated_with_condition	0
0.9342658	HGNC:18625	MONDO:0008377	biolink:causes	0
0.019840313	HGNC:18625	MONDO:0016606	biolink:causes	0
0.83751106	HGNC:17997	MONDO:0009274	biolink:gene_associated_with_condition	0
0.12315385	HGNC:3749	MONDO:0054723	biolink:gene_associated_with_condition	0
0.9317751	HGNC:3755	MONDO:0018598	biolink:causes	0
0.9147144	HGNC:3755	MONDO:0014117	biolink:gene_associated_with_condition	0
0.9636305	HGNC:3755	MONDO:0013352	biolink:causes	0
0.8921344	HGNC:3755	MONDO:0014480	biolink:gene_associated_with_condition	0
0.543892	HGNC:3765	MONDO:0012368	biolink:gene_associated_with_condition	0
0.56296355	HGNC:3765	MONDO:0013862	biolink:gene_associated_with_condition	0
0.8421435	HGNC:3823	MONDO:0007167	biolink:causes	0
0.8442331	HGNC:3823	MONDO:0859369	biolink:causes	0
0.8203801	HGNC:3823	MONDO:0030987	biolink:causes	0
0.4533527	HGNC:13875	MONDO:0100218	biolink:causes	0
0.31024054	HGNC:13875	MONDO:0010296	biolink:causes	0
0.014302483	HGNC:13875	MONDO:0007454	biolink:causes	0
0.016244479	HGNC:3976	MONDO:0012395	biolink:causes	0
0.62706757	HGNC:3976	MONDO:0024562	biolink:causes	0
0.5487849	HGNC:24678	MONDO:0012804	biolink:gene_associated_with_condition	0
0.6741361	HGNC:24678	MONDO:0007042	biolink:gene_associated_with_condition	0
0.04902285	HGNC:24678	MONDO:0975795	biolink:gene_associated_with_condition	0
0.21187069	HGNC:4081	MONDO:0013228	biolink:causes	0
0.19646624	HGNC:4172	MONDO:0012925	biolink:causes	0
0.18261604	HGNC:4172	MONDO:0013821	biolink:causes	0
0.67020255	HGNC:4189	MONDO:0009091	biolink:gene_associated_with_condition	0
0.50610894	HGNC:4193	MONDO:0011091	biolink:gene_associated_with_condition	0
0.34049278	HGNC:4193	MONDO:0012883	biolink:causes	0
0.82536525	HGNC:4193	MONDO:0020745	biolink:gene_associated_with_condition	0
0.6531793	HGNC:4193	MONDO:0008693	biolink:causes	0
0.9258387	HGNC:4193	MONDO:0009266	biolink:causes	0
0.1549725	HGNC:4208	MONDO:0013083	biolink:causes	0
0.5822281	HGNC:4208	MONDO:0032891	biolink:causes	0
0.95632863	HGNC:4220	MONDO:0012019	biolink:causes	0
0.93198335	HGNC:4220	MONDO:0009677	biolink:gene_associated_with_condition	0
0.9010081	HGNC:4220	MONDO:0012089	biolink:gene_associated_with_condition	0
0.9455143	HGNC:4220	MONDO:0011010	biolink:causes	0
0.9185908	HGNC:4220	MONDO:0030457	biolink:gene_associated_with_condition	0
0.692404	HGNC:4241	MONDO:0009161	biolink:gene_associated_with_condition	0
0.44619885	HGNC:4241	MONDO:0016356	biolink:gene_associated_with_condition	0
0.51783985	HGNC:4281	MONDO:0017238	biolink:gene_associated_with_condition	0
0.93095165	HGNC:4284	MONDO:0007363	biolink:gene_associated_with_condition	0
0.9015463	HGNC:4313	MONDO:0014343	biolink:gene_associated_with_condition	0
0.7763154	HGNC:4313	MONDO:0012656	biolink:gene_associated_with_condition	0
0.010774211	HGNC:4367	MONDO:0007103	biolink:gene_associated_with_condition	0
0.4870328	HGNC:4367	MONDO:0010959	biolink:gene_associated_with_condition	0
0.7887249	HGNC:4367	MONDO:0957787	biolink:gene_associated_with_condition	0
0.73930585	HGNC:4367	MONDO:0007854	biolink:causes	0
0.4867573	HGNC:4367	MONDO:0958194	biolink:causes	0
0.95099026	HGNC:4452	MONDO:0010486	biolink:causes	0
0.4773993	HGNC:4462	MONDO:0013526	biolink:gene_associated_with_condition	0
0.7750825	HGNC:29501	MONDO:0024607	biolink:gene_associated_with_condition	0
0.9498253	HGNC:4593	MONDO:0019174	biolink:gene_associated_with_condition	0
0.7890574	HGNC:4593	MONDO:0008673	biolink:gene_associated_with_condition	0
0.32486656	HGNC:4706	MONDO:0030455	biolink:causes	0
0.6419234	HGNC:4706	MONDO:0010258	biolink:causes	0
0.63031083	HGNC:4817	MONDO:0011338	biolink:gene_associated_with_condition	0
0.3545907	HGNC:29853	MONDO:0014401	biolink:causes	0
0.6978389	HGNC:29853	MONDO:0044701	biolink:causes	0
0.6261465	HGNC:29853	MONDO:0014094	biolink:causes	0
0.8641001	HGNC:30477	MONDO:0007319	biolink:causes	0
0.87711805	HGNC:30477	MONDO:0031043	biolink:causes	0
0.5511754	HGNC:4887	MONDO:0013551	biolink:gene_associated_with_condition	0
0.7291753	HGNC:4887	MONDO:0008377	biolink:gene_associated_with_condition	0
0.28704792	HGNC:4887	MONDO:0008637	biolink:gene_associated_with_condition	0
0.023168191	HGNC:4887	MONDO:0016606	biolink:gene_associated_with_condition	0
0.83383644	HGNC:4887	MONDO:0010286	biolink:gene_associated_with_condition	0
0.21118097	HGNC:4932	MONDO:0019569	biolink:gene_associated_with_condition	0
0.45472506	HGNC:11621	MONDO:0054776	biolink:gene_associated_with_condition	0
0.47573897	HGNC:5147	MONDO:0007363	biolink:gene_associated_with_condition	0
0.58964777	HGNC:28460	MONDO:0012531	biolink:causes	0
0.53414905	HGNC:28460	MONDO:0032636	biolink:causes	0
0.3644646	HGNC:4800	MONDO:0009804	biolink:gene_associated_with_condition	0
0.84827477	HGNC:5248	MONDO:0008377	biolink:causes	0
0.5487684	HGNC:5248	MONDO:0958331	biolink:causes	0
0.5096021	HGNC:5286	MONDO:0013992	biolink:causes	0
0.4992613	HGNC:5286	MONDO:0014670	biolink:causes	0
0.79462063	HGNC:18550	MONDO:0007949	biolink:causes	0
0.8366546	HGNC:18550	MONDO:0014042	biolink:causes	0
0.29685736	HGNC:18550	MONDO:0016476	biolink:causes	0
0.82136136	HGNC:5439	MONDO:0009359	biolink:contributes_to	0
0.76349705	HGNC:5439	MONDO:0060704	biolink:causes	0
0.71588963	HGNC:5439	MONDO:0100533	biolink:gene_associated_with_condition	0
0.8423517	HGNC:5439	MONDO:0008377	biolink:gene_associated_with_condition	0
0.61664784	HGNC:5439	MONDO:0008689	biolink:gene_associated_with_condition	0
0.8391532	HGNC:5439	MONDO:0014094	biolink:causes	0
0.8711753	HGNC:13556	MONDO:0010963	biolink:causes	0
0.9907323	HGNC:13556	MONDO:0007537	biolink:causes	0
0.98664814	HGNC:29077	MONDO:0008377	biolink:contributes_to	0
0.9707891	HGNC:29077	MONDO:0044320	biolink:causes	0
0.93770534	HGNC:29077	MONDO:0007794	biolink:contributes_to	0
0.8750442	HGNC:5466	MONDO:0975754	biolink:causes	0
0.540131	HGNC:5466	MONDO:0011285	biolink:gene_associated_with_condition	0
0.7500813	HGNC:5466	MONDO:0014808	biolink:gene_associated_with_condition	0
0.9188965	HGNC:5466	MONDO:0008310	biolink:gene_associated_with_condition	0
0.20406406	HGNC:5476	MONDO:0968976	biolink:gene_associated_with_condition	0
0.19764152	HGNC:5476	MONDO:0859374	biolink:gene_associated_with_condition	0
0.90414894	HGNC:6000	MONDO:0010651	biolink:gene_associated_with_condition	0
0.42243016	HGNC:5962	MONDO:0007808	biolink:contributes_to	0
0.32032335	HGNC:5962	MONDO:0008592	biolink:contributes_to	0
0.5445388	HGNC:15561	MONDO:0010214	biolink:gene_associated_with_condition	0
0.83318466	HGNC:6055	MONDO:0014823	biolink:causes	0
0.78943044	HGNC:17870	MONDO:0020855	biolink:causes	0
0.66297835	HGNC:6115	MONDO:0013315	biolink:causes	0
0.41509813	HGNC:19309	MONDO:0014339	biolink:causes	0
0.025854513	HGNC:19309	MONDO:0035694	biolink:causes	0
0.39125663	HGNC:19309	MONDO:0017283	biolink:causes	0
0.37617123	HGNC:19309	MONDO:0010000	biolink:causes	0
0.8583552	HGNC:6239	MONDO:0020378	biolink:gene_associated_with_condition	0
0.9117292	HGNC:6256	MONDO:0014580	biolink:causes	0
0.34493053	HGNC:25705	MONDO:0019522	biolink:causes	0
0.29458874	HGNC:25705	MONDO:0007404	biolink:causes	0
0.3273167	HGNC:25705	MONDO:0011422	biolink:causes	0
0.55813855	HGNC:25705	MONDO:0030995	biolink:causes	0
0.87939936	HGNC:12637	MONDO:0011593	biolink:causes	0
0.9229676	HGNC:12637	MONDO:0009624	biolink:causes	0
0.85602444	HGNC:12637	MONDO:0009904	biolink:causes	0
0.97707635	HGNC:12637	MONDO:0008542	biolink:causes	0
0.9279078	HGNC:888	MONDO:0032636	biolink:causes	0
0.80908686	HGNC:888	MONDO:0008885	biolink:causes	0
0.7328938	HGNC:888	MONDO:0009714	biolink:causes	0
0.9015046	HGNC:888	MONDO:0013058	biolink:causes	0
0.9454684	HGNC:6391	MONDO:0012531	biolink:gene_associated_with_condition	0
0.9041614	HGNC:6391	MONDO:0009505	biolink:gene_associated_with_condition	0
0.9869467	HGNC:6391	MONDO:0016002	biolink:gene_associated_with_condition	0
0.6428467	HGNC:6407	MONDO:0013607	biolink:causes	0
0.4636531	HGNC:6407	MONDO:0013957	biolink:causes	0
0.89810205	HGNC:6407	MONDO:0049222	biolink:causes	0
0.85643816	HGNC:6407	MONDO:0012892	biolink:causes	0
0.8416965	HGNC:6407	MONDO:0033542	biolink:causes	0
0.2987539	HGNC:20406	MONDO:0011911	biolink:gene_associated_with_condition	0
0.32401362	HGNC:20406	MONDO:0014857	biolink:gene_associated_with_condition	0
0.2553496	HGNC:20406	MONDO:0009252	biolink:gene_associated_with_condition	0
0.30927047	HGNC:20406	MONDO:0009562	biolink:causes	0
0.48886588	HGNC:6415	MONDO:0014386	biolink:causes	0
0.63599217	HGNC:6415	MONDO:0044222	biolink:causes	0
0.6626652	HGNC:29796	MONDO:0859328	biolink:causes	0
0.6158781	HGNC:29796	MONDO:0013208	biolink:causes	0
0.5979617	HGNC:29796	MONDO:0020841	biolink:causes	0
0.7888121	HGNC:6535	MONDO:0007922	biolink:gene_associated_with_condition	0
0.33180243	HGNC:18640	MONDO:0006952	biolink:gene_associated_with_condition	0
0.29959553	HGNC:18640	MONDO:0013912	biolink:gene_associated_with_condition	0
0.7299388	HGNC:6554	MONDO:0014343	biolink:gene_associated_with_condition	0
0.35168278	HGNC:6554	MONDO:0017317	biolink:gene_associated_with_condition	0
0.4329605	HGNC:6554	MONDO:0044660	biolink:gene_associated_with_condition	0
0.81517017	HGNC:6572	MONDO:0017116	biolink:causes	0
0.13295482	HGNC:6619	MONDO:0008377	biolink:gene_associated_with_condition	0
0.15151095	HGNC:6619	MONDO:0010964	biolink:gene_associated_with_condition	0
0.94820946	HGNC:23038	MONDO:0014343	biolink:gene_associated_with_condition	0
0.5692259	HGNC:14154	MONDO:0014693	biolink:causes	0
0.7672093	HGNC:26521	MONDO:0009461	biolink:causes	0
0.5188835	HGNC:30860	MONDO:0009306	biolink:causes	0
0.71376854	HGNC:6709	MONDO:0014343	biolink:contributes_to	0
0.35727626	HGNC:6709	MONDO:0024559	biolink:contributes_to	0
0.51359284	HGNC:6709	MONDO:0011106	biolink:contributes_to	0
0.9743025	HGNC:6716	MONDO:0007922	biolink:causes	0
0.50544316	HGNC:6735	MONDO:0009683	biolink:causes	0
0.9654016	HGNC:6735	MONDO:0014343	biolink:causes	0
0.9341233	HGNC:1968	MONDO:0008377	biolink:causes	0
0.72856116	HGNC:1968	MONDO:0012004	biolink:causes	0
0.33689183	HGNC:13664	MONDO:0012287	biolink:causes	0
0.44316837	HGNC:28880	MONDO:0033482	biolink:causes	0
0.18827754	HGNC:6816	MONDO:0009061	biolink:causes	0
0.78528535	HGNC:6823	MONDO:0014522	biolink:causes	0
0.85297835	HGNC:469	MONDO:0020737	biolink:gene_associated_with_condition	0
0.7646965	HGNC:494	MONDO:0014115	biolink:causes	0
0.59735614	HGNC:494	MONDO:0020749	biolink:gene_associated_with_condition	0
0.20879303	HGNC:494	MONDO:0100186	biolink:causes	0
0.9147083	HGNC:494	MONDO:0010506	biolink:causes	0
0.09126802	HGNC:15819	MONDO:0800445	biolink:causes	0
0.3922984	HGNC:15819	MONDO:0011226	biolink:causes	0
0.63726664	HGNC:21316	MONDO:0700301	biolink:gene_associated_with_condition	0
0.8967027	HGNC:27337	MONDO:0008559	biolink:causes	0
0.89308405	HGNC:27337	MONDO:0020745	biolink:gene_associated_with_condition	0
0.5434209	HGNC:27337	MONDO:0011908	biolink:gene_associated_with_condition	0
0.9618739	HGNC:27337	MONDO:0012596	biolink:causes	0
0.97280824	HGNC:27337	MONDO:0008490	biolink:gene_associated_with_condition	0
0.94807655	HGNC:27337	MONDO:0013690	biolink:gene_associated_with_condition	0
0.9294008	HGNC:27337	MONDO:0014230	biolink:gene_associated_with_condition	0
0.2872962	HGNC:27337	MONDO:0025354	biolink:causes	0
0.959412	HGNC:560	MONDO:0010496	biolink:gene_associated_with_condition	0
0.2430573	HGNC:17073	MONDO:0008689	biolink:causes	0
0.5582135	HGNC:17073	MONDO:0013222	biolink:causes	0
0.5118675	HGNC:17073	MONDO:0016308	biolink:causes	0
0.45740908	HGNC:17146	MONDO:0032899	biolink:causes	0
0.653352	HGNC:13210	MONDO:0011239	biolink:contributes_to	0
0.8089663	HGNC:13210	MONDO:0014037	biolink:contributes_to	0
0.89842397	HGNC:13210	MONDO:0800167	biolink:contributes_to	0
0.8891872	HGNC:13210	MONDO:0010044	biolink:contributes_to	0
0.26134333	HGNC:21099	MONDO:0010044	biolink:causes	0
0.08469773	HGNC:31704	MONDO:0012621	biolink:causes	0
0.053992603	HGNC:31704	MONDO:0007244	biolink:causes	0
0.16445437	HGNC:6858	MONDO:0024570	biolink:gene_associated_with_condition	0
0.85953283	HGNC:6898	MONDO:0013531	biolink:causes	0
0.73775744	HGNC:6898	MONDO:0014490	biolink:causes	0
0.11688484	HGNC:6909	MONDO:0007103	biolink:causes	0
0.9782366	HGNC:6909	MONDO:0014619	biolink:causes	0
0.9667496	HGNC:6909	MONDO:0011428	biolink:causes	0
0.8917293	HGNC:6909	MONDO:0014844	biolink:causes	0
0.76833236	HGNC:6937	MONDO:0011496	biolink:causes	0
0.659796	HGNC:6937	MONDO:0008818	biolink:causes	0
0.6423362	HGNC:6948	MONDO:0011243	biolink:causes	0
0.51471645	HGNC:6954	MONDO:0013711	biolink:causes	0
0.45115188	HGNC:6973	MONDO:0007524	biolink:causes	0
0.26820767	HGNC:6973	MONDO:0012442	biolink:causes	0
0.5166167	HGNC:6973	MONDO:0013482	biolink:causes	0
0.72219086	HGNC:6973	MONDO:0014946	biolink:causes	0
0.8784838	HGNC:19691	MONDO:0008377	biolink:gene_associated_with_condition	0
0.8334572	HGNC:19691	MONDO:0100296	biolink:gene_associated_with_condition	0
0.95190656	HGNC:11957	MONDO:0014039	biolink:gene_associated_with_condition	0
0.8527314	HGNC:11957	MONDO:0014484	biolink:gene_associated_with_condition	0
0.9195222	HGNC:11957	MONDO:0010350	biolink:causes	0
0.39831978	HGNC:7097	MONDO:0975761	biolink:gene_associated_with_condition	0
0.8134837	HGNC:7102	MONDO:0017283	biolink:causes	0
0.9474631	HGNC:31555	MONDO:0013350	biolink:causes	0
0.66167915	HGNC:7108	MONDO:0033566	biolink:causes	0
0.7488461	HGNC:12744	MONDO:0012786	biolink:causes	0
0.7482234	HGNC:7176	MONDO:0958279	biolink:causes	0
0.82065153	HGNC:7176	MONDO:0008377	biolink:causes	0
0.60391295	HGNC:7176	MONDO:0013925	biolink:causes	0
0.8118266	HGNC:7176	MONDO:0013896	biolink:causes	0
0.11973854	HGNC:7392	MONDO:0013685	biolink:gene_associated_with_condition	0
0.21700773	HGNC:7489	MONDO:0016689	biolink:gene_associated_with_condition	0
0.8885063	HGNC:7413	MONDO:0014406	biolink:gene_associated_with_condition	0
0.9070739	HGNC:7437	MONDO:0014646	biolink:gene_associated_with_condition	0
0.50177014	HGNC:7437	MONDO:0035472	biolink:causes	0
0.94367075	HGNC:7468	MONDO:0010397	biolink:causes	0
0.6118068	HGNC:7468	MONDO:0030072	biolink:gene_associated_with_condition	0
0.4839803	HGNC:7516	MONDO:0009737	biolink:gene_associated_with_condition	0
0.6940469	HGNC:7516	MONDO:0014165	biolink:gene_associated_with_condition	0
0.25959754	HGNC:7545	MONDO:0007363	biolink:gene_associated_with_condition	0
0.51670015	HGNC:7545	MONDO:0008377	biolink:gene_associated_with_condition	0
0.23193337	HGNC:7606	MONDO:0012883	biolink:causes	0
0.651821	HGNC:7606	MONDO:0014981	biolink:causes	0
0.0381469	HGNC:7606	MONDO:0007454	biolink:causes	0
0.561144	HGNC:7610	MONDO:0008542	biolink:causes	0
0.79458463	HGNC:19918	MONDO:0010503	biolink:causes	0
0.8479014	HGNC:19918	MONDO:0014545	biolink:causes	0
0.85461897	HGNC:20967	MONDO:0015783	biolink:gene_associated_with_condition	0
0.8828772	HGNC:20967	MONDO:0017111	biolink:gene_associated_with_condition	0
0.70286494	HGNC:20967	MONDO:0009262	biolink:gene_associated_with_condition	0
0.18751752	HGNC:7634	MONDO:0032781	biolink:gene_associated_with_condition	0
0.7363171	HGNC:7690	MONDO:0010404	biolink:causes	0
0.4855755	HGNC:7690	MONDO:0010870	biolink:causes	0
0.7318279	HGNC:7690	MONDO:0013634	biolink:causes	0
0.36210537	HGNC:7690	MONDO:0971176	biolink:causes	0
0.6754287	HGNC:7708	MONDO:0007381	biolink:causes	0
0.016206924	HGNC:7745	MONDO:0976267	biolink:causes	0
0.9396393	HGNC:7765	MONDO:0008995	biolink:gene_associated_with_condition	0
0.68958247	HGNC:7765	MONDO:0033363	biolink:causes	0
0.85218	HGNC:7765	MONDO:0011125	biolink:gene_associated_with_condition	0
0.0140286805	HGNC:7765	MONDO:0035555	biolink:causes	0
0.6598169	HGNC:7765	MONDO:0010592	biolink:causes	0
0.9067731	HGNC:7765	MONDO:0008490	biolink:gene_associated_with_condition	0
0.19497296	HGNC:7808	MONDO:0030731	biolink:causes	0
0.095510796	HGNC:7808	MONDO:0957594	biolink:causes	0
0.91824603	HGNC:7871	MONDO:0020563	biolink:gene_associated_with_condition	0
0.770518	HGNC:7883	MONDO:0011143	biolink:causes	0
0.8955745	HGNC:7883	MONDO:0011603	biolink:causes	0
0.98089683	HGNC:7883	MONDO:0014343	biolink:gene_associated_with_condition	0
0.76047903	HGNC:7883	MONDO:0017945	biolink:gene_associated_with_condition	0
0.90894306	HGNC:7883	MONDO:0054794	biolink:causes	0
0.7317091	HGNC:7883	MONDO:0007925	biolink:causes	0
0.9616139	HGNC:7883	MONDO:0021093	biolink:causes	0
0.79183537	HGNC:7883	MONDO:0013218	biolink:causes	0
0.98643094	HGNC:7883	MONDO:0013426	biolink:causes	0
0.4527316	HGNC:7910	MONDO:0030281	biolink:gene_associated_with_condition	0
0.3004262	HGNC:7910	MONDO:0030915	biolink:gene_associated_with_condition	0
0.8820349	HGNC:7944	MONDO:0010315	biolink:causes	0
0.9822375	HGNC:7944	MONDO:0014995	biolink:causes	0
0.9867597	HGNC:7944	MONDO:0026730	biolink:causes	0
0.9472398	HGNC:7944	MONDO:0013948	biolink:causes	0
0.9263979	HGNC:7944	MONDO:0021571	biolink:causes	0
0.94410306	HGNC:7944	MONDO:0007794	biolink:causes	0
0.9186377	HGNC:7944	MONDO:0859320	biolink:causes	0
0.47662112	HGNC:7974	MONDO:0012805	biolink:gene_associated_with_condition	0
0.104051046	HGNC:7974	MONDO:0044220	biolink:gene_associated_with_condition	0
0.46673003	HGNC:7974	MONDO:0013766	biolink:gene_associated_with_condition	0
0.77628696	HGNC:8101	MONDO:0009867	biolink:causes	0
0.71104604	HGNC:8101	MONDO:0007361	biolink:causes	0
0.67465633	HGNC:8101	MONDO:0011073	biolink:causes	0
0.75828165	HGNC:8101	MONDO:0007856	biolink:gene_associated_with_condition	0
0.76722413	HGNC:8101	MONDO:0017844	biolink:causes	0
0.87704396	HGNC:19316	MONDO:0011547	biolink:causes	0
0.7150577	HGNC:19316	MONDO:0016097	biolink:causes	0
0.89866334	HGNC:19316	MONDO:0013536	biolink:causes	0
0.8583796	HGNC:19316	MONDO:0013690	biolink:causes	0
0.8909627	HGNC:8547	MONDO:0014343	biolink:causes	0
0.37427062	HGNC:8548	MONDO:0016589	biolink:causes	0
0.9090417	HGNC:8548	MONDO:0100101	biolink:causes	0
0.6080909	HGNC:8548	MONDO:0013156	biolink:causes	0
0.05125469	HGNC:8574	MONDO:0011237	biolink:gene_associated_with_condition	0
0.55176806	HGNC:8574	MONDO:0016563	biolink:gene_associated_with_condition	0
0.63671654	HGNC:8574	MONDO:0018763	biolink:gene_associated_with_condition	0
0.9184229	HGNC:26144	MONDO:0014343	biolink:contributes_to	0
0.02483663	HGNC:26144	MONDO:0044255	biolink:contributes_to	0
0.7893401	HGNC:26144	MONDO:0007949	biolink:contributes_to	0
0.98767847	HGNC:14615	MONDO:0009664	biolink:causes	0
0.14331466	HGNC:8609	MONDO:0019082	biolink:causes	0
0.35626122	HGNC:8609	MONDO:0007738	biolink:causes	0
0.2778971	HGNC:8620	MONDO:0017225	biolink:gene_associated_with_condition	0
0.5701163	HGNC:8620	MONDO:0800029	biolink:gene_associated_with_condition	0
0.070036195	HGNC:8620	MONDO:0975795	biolink:gene_associated_with_condition	0
0.78632957	HGNC:8654	MONDO:0013469	biolink:gene_associated_with_condition	0
0.64357096	HGNC:8654	MONDO:0016863	biolink:gene_associated_with_condition	0
0.8504923	HGNC:16068	MONDO:0018877	biolink:gene_associated_with_condition	0
0.77423465	HGNC:8790	MONDO:0009598	biolink:causes	0
0.9921442	HGNC:26257	MONDO:0008377	biolink:contributes_to	0
0.28433046	HGNC:26257	MONDO:0012868	biolink:contributes_to	0
0.9390547	HGNC:9717	MONDO:0007167	biolink:gene_associated_with_condition	0
0.9500019	HGNC:9717	MONDO:0012669	biolink:causes	0
0.7621335	HGNC:8851	MONDO:0011405	biolink:gene_associated_with_condition	0
0.71013266	HGNC:8851	MONDO:0030281	biolink:causes	0
0.83946306	HGNC:8851	MONDO:0800029	biolink:gene_associated_with_condition	0
0.85817254	HGNC:8854	MONDO:0030918	biolink:causes	0
0.97094697	HGNC:8857	MONDO:0033479	biolink:gene_associated_with_condition	0
0.8291203	HGNC:8857	MONDO:0024541	biolink:gene_associated_with_condition	0
0.89143574	HGNC:8857	MONDO:0032677	biolink:gene_associated_with_condition	0
0.5695965	HGNC:20672	MONDO:0958085	biolink:causes	0
0.57868934	HGNC:25985	MONDO:0957220	biolink:gene_associated_with_condition	0
0.92248416	HGNC:25985	MONDO:0012892	biolink:gene_associated_with_condition	0
0.23579688	HGNC:23785	MONDO:0012299	biolink:gene_associated_with_condition	0
0.15916198	HGNC:23785	MONDO:0958194	biolink:gene_associated_with_condition	0
0.92544794	HGNC:9039	MONDO:0007589	biolink:gene_associated_with_condition	0
0.8569153	HGNC:9039	MONDO:0007881	biolink:gene_associated_with_condition	0
0.59444994	HGNC:9039	MONDO:0011484	biolink:gene_associated_with_condition	0
0.9367392	HGNC:9039	MONDO:0007158	biolink:causes	0
0.76999336	HGNC:9039	MONDO:0011546	biolink:causes	0
0.95778996	HGNC:9039	MONDO:0013690	biolink:causes	0
0.70487183	HGNC:9043	MONDO:0013301	biolink:gene_associated_with_condition	0
0.9650856	HGNC:9056	MONDO:0014507	biolink:causes	0
0.59374905	HGNC:9056	MONDO:0019456	biolink:causes	0
0.41712403	HGNC:19218	MONDO:0010790	biolink:causes	0
0.89585024	HGNC:29017	MONDO:0018598	biolink:gene_associated_with_condition	0
0.9801892	HGNC:9086	MONDO:0008795	biolink:gene_associated_with_condition	0
0.86393905	HGNC:9086	MONDO:0013719	biolink:gene_associated_with_condition	0
0.9029405	HGNC:9086	MONDO:0010489	biolink:gene_associated_with_condition	0
0.8633475	HGNC:9091	MONDO:0016681	biolink:causes	0
0.8501348	HGNC:9091	MONDO:0033116	biolink:causes	0
0.76145524	HGNC:9091	MONDO:0008660	biolink:causes	0
0.899136	HGNC:9091	MONDO:0014052	biolink:causes	0
0.81262803	HGNC:9091	MONDO:0014060	biolink:causes	0
0.97951484	HGNC:9091	MONDO:0008678	biolink:causes	0
0.9606795	HGNC:14107	MONDO:0015353	biolink:causes	0
0.90884286	HGNC:9118	MONDO:0009625	biolink:gene_associated_with_condition	0
0.86897135	HGNC:9118	MONDO:0013925	biolink:causes	0
0.57251734	HGNC:9118	MONDO:0017051	biolink:gene_associated_with_condition	0
0.88803333	HGNC:23166	MONDO:0012596	biolink:causes	0
0.91227174	HGNC:9177	MONDO:0007944	biolink:causes	0
0.8043888	HGNC:9177	MONDO:0032577	biolink:causes	0
0.9523833	HGNC:30074	MONDO:0859207	biolink:gene_associated_with_condition	0
0.89199233	HGNC:30074	MONDO:0011397	biolink:gene_associated_with_condition	0
0.8339961	HGNC:30074	MONDO:0017715	biolink:gene_associated_with_condition	0
0.8789453	HGNC:30074	MONDO:0013414	biolink:gene_associated_with_condition	0
0.90516925	HGNC:30074	MONDO:0016216	biolink:gene_associated_with_condition	0
0.88953805	HGNC:30074	MONDO:0016672	biolink:gene_associated_with_condition	0
0.9053414	HGNC:17652	MONDO:0014900	biolink:causes	0
0.9391045	HGNC:17652	MONDO:0007922	biolink:causes	0
0.005983716	HGNC:9220	MONDO:0011091	biolink:causes	0
0.11249437	HGNC:9220	MONDO:0014343	biolink:causes	0
0.014480383	HGNC:9220	MONDO:0009960	biolink:causes	0
0.01566276	HGNC:9220	MONDO:0018006	biolink:causes	0
0.302377	HGNC:9220	MONDO:0008542	biolink:causes	0
0.9572319	HGNC:9277	MONDO:0013690	biolink:causes	0
0.7480989	HGNC:25415	MONDO:0014343	biolink:gene_associated_with_condition	0
0.8039222	HGNC:25415	MONDO:0008377	biolink:causes	0
0.18691899	HGNC:25415	MONDO:0033282	biolink:gene_associated_with_condition	0
0.3057155	HGNC:25415	MONDO:0013766	biolink:causes	0
0.8216771	HGNC:13993	MONDO:0008542	biolink:gene_associated_with_condition	0
0.55600774	HGNC:13993	MONDO:0011902	biolink:gene_associated_with_condition	0
0.9332908	HGNC:13993	MONDO:0013342	biolink:gene_associated_with_condition	0
0.10981354	HGNC:17019	MONDO:0007485	biolink:causes	0
0.07270544	HGNC:17019	MONDO:0859293	biolink:causes	0
0.46616885	HGNC:9382	MONDO:0008005	biolink:causes	0
0.29444495	HGNC:9382	MONDO:0010185	biolink:causes	0
0.5883016	HGNC:17340	MONDO:0017218	biolink:causes	0
0.7315868	HGNC:17340	MONDO:0054750	biolink:causes	0
0.23444827	HGNC:17340	MONDO:0008310	biolink:causes	0
0.78891623	HGNC:9942	MONDO:0011547	biolink:causes	0
0.99852175	HGNC:19129	MONDO:0014343	biolink:gene_associated_with_condition	0
0.98107684	HGNC:19129	MONDO:0013357	biolink:gene_associated_with_condition	0
0.9044752	HGNC:19129	MONDO:0013977	biolink:gene_associated_with_condition	0
0.904008	HGNC:19129	MONDO:0008542	biolink:causes	0
0.92905116	HGNC:19129	MONDO:0013570	biolink:causes	0
0.4058354	HGNC:9508	MONDO:0957268	biolink:causes	0
0.14957826	HGNC:9577	MONDO:0016579	biolink:causes	0
0.8481257	HGNC:9577	MONDO:0030518	biolink:causes	0
0.8696281	HGNC:9577	MONDO:0013664	biolink:causes	0
0.7835779	HGNC:823	MONDO:0008426	biolink:causes	0
0.6351956	HGNC:869	MONDO:0013021	biolink:causes	0
0.71700263	HGNC:897	MONDO:0009885	biolink:gene_associated_with_condition	0
0.71719104	HGNC:897	MONDO:0014040	biolink:gene_associated_with_condition	0
0.9833454	HGNC:17978	MONDO:0020769	biolink:gene_associated_with_condition	0
0.9369388	HGNC:17978	MONDO:0007794	biolink:gene_associated_with_condition	0
0.8679743	HGNC:939	MONDO:0009728	biolink:causes	0
0.9476037	HGNC:961	MONDO:0014343	biolink:gene_associated_with_condition	0
0.7956334	HGNC:970	MONDO:0032650	biolink:causes	0
0.8972543	HGNC:1020	MONDO:0008559	biolink:gene_associated_with_condition	0
0.6605024	HGNC:17208	MONDO:0008633	biolink:gene_associated_with_condition	0
0.8331672	HGNC:4332	MONDO:0044626	biolink:causes	0
0.9335358	HGNC:4332	MONDO:0007244	biolink:causes	0
0.96760803	HGNC:1067	MONDO:0957284	biolink:causes	0
0.41534314	HGNC:3581	MONDO:0012412	biolink:contributes_to	0
0.2018179	HGNC:1101	MONDO:0014997	biolink:contributes_to	0
0.21380419	HGNC:1101	MONDO:0012980	biolink:gene_associated_with_condition	0
0.386664	HGNC:1144	MONDO:0007363	biolink:causes	0
0.6015404	HGNC:9831	MONDO:0007723	biolink:causes	0
0.76196754	HGNC:17770	MONDO:0020521	biolink:causes	0
0.13346525	HGNC:9910	MONDO:0019522	biolink:gene_associated_with_condition	0
0.14670546	HGNC:9910	MONDO:0031057	biolink:gene_associated_with_condition	0
0.5154176	HGNC:9910	MONDO:0008858	biolink:gene_associated_with_condition	0
0.35641125	HGNC:9910	MONDO:0011338	biolink:gene_associated_with_condition	0
0.2955068	HGNC:20759	MONDO:0009354	biolink:causes	0
0.24550886	HGNC:20759	MONDO:0013050	biolink:causes	0
0.44499114	HGNC:20759	MONDO:0020354	biolink:causes	0
0.47486612	HGNC:9955	MONDO:0013033	biolink:gene_associated_with_condition	0
0.7286895	HGNC:15578	MONDO:0859207	biolink:causes	0
0.2647966	HGNC:15578	MONDO:0009885	biolink:causes	0
0.6325774	HGNC:15578	MONDO:0017811	biolink:causes	0
0.8339209	HGNC:15578	MONDO:0020345	biolink:causes	0
0.5888103	HGNC:20788	MONDO:0020298	biolink:gene_associated_with_condition	0
0.17446499	HGNC:10024	MONDO:0018256	biolink:causes	0
0.7007865	HGNC:10024	MONDO:0008002	biolink:causes	0
0.559723	HGNC:21686	MONDO:0013634	biolink:causes	0
0.30178097	HGNC:10057	MONDO:0007805	biolink:gene_associated_with_condition	0
0.93784165	HGNC:10193	MONDO:0100354	biolink:gene_associated_with_condition	0
0.99931824	HGNC:10193	MONDO:0060707	biolink:causes	0
0.4047952	HGNC:10254	MONDO:0019157	biolink:causes	0
0.846201	HGNC:10260	MONDO:0032653	biolink:causes	0
0.79151744	HGNC:10260	MONDO:0007738	biolink:gene_associated_with_condition	0
0.45728287	HGNC:10345	MONDO:0007797	biolink:causes	0
0.7025352	HGNC:10345	MONDO:0859238	biolink:causes	0
0.70030844	HGNC:10345	MONDO:0007922	biolink:causes	0
0.6567727	HGNC:10345	MONDO:0008306	biolink:causes	0
0.71326095	HGNC:10381	MONDO:0012866	biolink:gene_associated_with_condition	0
0.41997716	HGNC:10387	MONDO:0014135	biolink:gene_associated_with_condition	0
0.45544875	HGNC:10387	MONDO:0007537	biolink:gene_associated_with_condition	0
0.22003476	HGNC:10387	MONDO:0012996	biolink:gene_associated_with_condition	0
0.54075795	HGNC:10387	MONDO:0014052	biolink:gene_associated_with_condition	0
0.045074996	HGNC:10387	MONDO:0013554	biolink:gene_associated_with_condition	0
0.6906058	HGNC:10451	MONDO:0032646	biolink:causes	0
0.8244091	HGNC:10451	MONDO:0008436	biolink:causes	0
0.8479825	HGNC:10451	MONDO:0012892	biolink:causes	0
0.71809566	HGNC:21057	MONDO:0012143	biolink:causes	0
0.7006995	HGNC:10468	MONDO:0009143	biolink:gene_associated_with_condition	0
0.5367118	HGNC:18647	MONDO:0014305	biolink:causes	0
0.2693031	HGNC:28991	MONDO:0025354	biolink:causes	0
0.68945414	HGNC:28991	MONDO:0032937	biolink:causes	0
0.83190167	HGNC:10472	MONDO:0800026	biolink:causes	0
0.59273607	HGNC:10483	MONDO:0009478	biolink:gene_associated_with_condition	0
0.5031411	HGNC:21088	MONDO:0018206	biolink:causes	0
0.7446988	HGNC:10588	MONDO:0012803	biolink:causes	0
0.4349292	HGNC:10588	MONDO:0016863	biolink:gene_associated_with_condition	0
0.06286782	HGNC:10591	MONDO:0971064	biolink:gene_associated_with_condition	0
0.883239	HGNC:10706	MONDO:0009796	biolink:causes	0
0.86863804	HGNC:10723	MONDO:0009475	biolink:causes	0
0.8443499	HGNC:10723	MONDO:0013512	biolink:causes	0
0.034511294	HGNC:1228	MONDO:0044255	biolink:causes	0
0.21558338	HGNC:1228	MONDO:0011484	biolink:causes	0
0.8728141	HGNC:10771	MONDO:0010645	biolink:gene_associated_with_condition	0
0.7760792	HGNC:10771	MONDO:0014665	biolink:causes	0
0.7739645	HGNC:10771	MONDO:0012382	biolink:gene_associated_with_condition	0
0.92247707	HGNC:10771	MONDO:0020603	biolink:gene_associated_with_condition	0
0.76141447	HGNC:13867	MONDO:0014141	biolink:causes	0
0.7327301	HGNC:13867	MONDO:0011184	biolink:causes	0
0.69611347	HGNC:10852	MONDO:0019407	biolink:causes	0
0.83552396	HGNC:19353	MONDO:0032653	biolink:gene_associated_with_condition	0
0.95362294	HGNC:19353	MONDO:0010176	biolink:gene_associated_with_condition	0
0.49825895	HGNC:10889	MONDO:0007949	biolink:gene_associated_with_condition	0
0.6779112	HGNC:11073	MONDO:0018336	biolink:causes	0
0.8023141	HGNC:23089	MONDO:0014343	biolink:causes	0
0.68717366	HGNC:23089	MONDO:0011273	biolink:causes	0
0.68570954	HGNC:23089	MONDO:0014480	biolink:causes	0
0.9027723	HGNC:14409	MONDO:0011603	biolink:causes	0
0.3766786	HGNC:14409	MONDO:0017111	biolink:causes	0
0.27515057	HGNC:3018	MONDO:0007556	biolink:gene_associated_with_condition	0
0.12696324	HGNC:14469	MONDO:0008673	biolink:gene_associated_with_condition	0
0.19300115	HGNC:14469	MONDO:0010056	biolink:gene_associated_with_condition	0
0.3678392	HGNC:11019	MONDO:0013531	biolink:gene_associated_with_condition	0
0.43645522	HGNC:11019	MONDO:0033620	biolink:gene_associated_with_condition	0
0.22326016	HGNC:11019	MONDO:0008377	biolink:gene_associated_with_condition	0
0.89035726	HGNC:20197	MONDO:0011397	biolink:causes	0
0.9685306	HGNC:20197	MONDO:0013482	biolink:causes	0
0.10332581	HGNC:18762	MONDO:0012080	biolink:causes	0
0.517988	HGNC:29956	MONDO:0019373	biolink:causes	0
0.3596613	HGNC:10961	MONDO:0016216	biolink:gene_associated_with_condition	0
0.3684987	HGNC:10961	MONDO:0971069	biolink:gene_associated_with_condition	0
0.8182609	HGNC:10955	MONDO:0958085	biolink:causes	0
0.7329644	HGNC:17814	MONDO:0014836	biolink:causes	0
0.66493434	HGNC:20297	MONDO:0100229	biolink:causes	0
0.9449622	HGNC:11102	MONDO:0012123	biolink:causes	0
0.91474056	HGNC:11102	MONDO:0021019	biolink:causes	0
0.9862622	HGNC:11102	MONDO:0016782	biolink:causes	0
0.16228902	HGNC:11109	MONDO:0008483	biolink:causes	0
0.71548295	HGNC:11118	MONDO:0009061	biolink:gene_associated_with_condition	0
0.44834584	HGNC:11138	MONDO:0010792	biolink:causes	0
0.13166668	HGNC:1246	MONDO:0008637	biolink:gene_associated_with_condition	0
0.22736278	HGNC:1375	MONDO:0032869	biolink:causes	0
0.22799145	HGNC:1375	MONDO:0032592	biolink:causes	0
0.23218098	HGNC:27089	MONDO:0011239	biolink:gene_associated_with_condition	0
0.5349761	HGNC:27089	MONDO:0012205	biolink:gene_associated_with_condition	0
0.33194217	HGNC:27089	MONDO:0018332	biolink:causes	0
0.4309796	HGNC:27089	MONDO:0030875	biolink:gene_associated_with_condition	0
0.3604497	HGNC:17116	MONDO:0014603	biolink:causes	0
0.23313828	HGNC:17116	MONDO:0007137	biolink:causes	0
0.3041054	HGNC:1541	MONDO:0011984	biolink:causes	0
0.5475675	HGNC:11161	MONDO:0011066	biolink:causes	0
0.31024167	HGNC:14967	MONDO:0009779	biolink:causes	0
0.42400643	HGNC:14967	MONDO:0015783	biolink:causes	0
0.04237796	HGNC:26293	MONDO:0044638	biolink:causes	0
0.22404939	HGNC:11280	MONDO:0018564	biolink:causes	0
0.5958216	HGNC:11280	MONDO:0018417	biolink:causes	0
0.55723095	HGNC:11303	MONDO:0007158	biolink:gene_associated_with_condition	0
0.67741823	HGNC:18628	MONDO:0014343	biolink:causes	0
0.5084106	HGNC:11368	MONDO:0008377	biolink:causes	0
0.3431861	HGNC:24592	MONDO:0012883	biolink:causes	0
0.7679051	HGNC:24592	MONDO:0014995	biolink:causes	0
0.5097214	HGNC:24592	MONDO:0014429	biolink:causes	0
0.81103295	HGNC:24592	MONDO:0014072	biolink:causes	0
0.85938674	HGNC:17089	MONDO:0010933	biolink:causes	0
0.86151284	HGNC:11535	MONDO:0007875	biolink:causes	0
0.5891029	HGNC:11535	MONDO:0011713	biolink:gene_associated_with_condition	0
0.4440825	HGNC:11535	MONDO:0010122	biolink:causes	0
0.16222125	HGNC:11535	MONDO:0018000	biolink:gene_associated_with_condition	0
0.86048657	HGNC:11546	MONDO:0018393	biolink:causes	0
0.9673902	HGNC:26887	MONDO:0957876	biolink:causes	0
0.6003818	HGNC:11573	MONDO:0011829	biolink:gene_associated_with_condition	0
0.7050848	HGNC:11582	MONDO:0009061	biolink:gene_associated_with_condition	0
0.98582506	HGNC:11582	MONDO:0009593	biolink:causes	0
0.92285955	HGNC:11582	MONDO:0032872	biolink:gene_associated_with_condition	0
0.7693447	HGNC:29529	MONDO:0014094	biolink:gene_associated_with_condition	0
0.3183757	HGNC:11599	MONDO:0975757	biolink:causes	0
0.7335484	HGNC:11623	MONDO:0013587	biolink:causes	0
0.93410337	HGNC:11654	MONDO:0012041	biolink:causes	0
0.78210896	HGNC:11654	MONDO:0032577	biolink:causes	0
0.8132184	HGNC:25774	MONDO:0020745	biolink:causes	0
0.94214016	HGNC:25774	MONDO:0009953	biolink:causes	0
0.81695426	HGNC:25774	MONDO:0032868	biolink:causes	0
0.55530316	HGNC:11720	MONDO:0008377	biolink:causes	0
0.4525986	HGNC:11720	MONDO:0010317	biolink:causes	0
0.30873182	HGNC:11720	MONDO:0013357	biolink:causes	0
0.14040403	HGNC:8117	MONDO:0013587	biolink:gene_associated_with_condition	0
0.42114928	HGNC:8117	MONDO:0014343	biolink:gene_associated_with_condition	0
0.02913108	HGNC:8117	MONDO:0012624	biolink:gene_associated_with_condition	0
0.13368618	HGNC:8117	MONDO:0013070	biolink:gene_associated_with_condition	0
0.12907833	HGNC:8117	MONDO:0014198	biolink:gene_associated_with_condition	0
0.7742886	HGNC:11730	MONDO:0018055	biolink:causes	0
0.6607039	HGNC:11730	MONDO:0012904	biolink:causes	0
0.1664033	HGNC:11737	MONDO:0014857	biolink:gene_associated_with_condition	0
0.6416443	HGNC:11771	MONDO:0013323	biolink:gene_associated_with_condition	0
0.8126274	HGNC:11771	MONDO:0014343	biolink:causes	0
0.39751667	HGNC:11771	MONDO:0016681	biolink:gene_associated_with_condition	0
0.72314966	HGNC:11771	MONDO:0700250	biolink:causes	0
0.7411142	HGNC:11771	MONDO:0008377	biolink:causes	0
0.40106922	HGNC:11771	MONDO:0012041	biolink:gene_associated_with_condition	0
0.70322484	HGNC:11771	MONDO:0012225	biolink:gene_associated_with_condition	0
0.72370124	HGNC:11771	MONDO:0957281	biolink:causes	0
0.68411237	HGNC:11771	MONDO:0012520	biolink:causes	0
0.23200896	HGNC:11771	MONDO:0016598	biolink:gene_associated_with_condition	0
0.7456115	HGNC:11771	MONDO:0007794	biolink:gene_associated_with_condition	0
0.67905587	HGNC:11771	MONDO:0020692	biolink:causes	0
0.74317884	HGNC:11776	MONDO:0008377	biolink:gene_associated_with_condition	0
0.52585226	HGNC:11776	MONDO:0013125	biolink:gene_associated_with_condition	0
0.23713025	HGNC:11776	MONDO:0008278	biolink:gene_associated_with_condition	0
0.15903759	HGNC:11781	MONDO:0054615	biolink:gene_associated_with_condition	0
0.86834025	HGNC:11795	MONDO:0010747	biolink:gene_associated_with_condition	0
0.98361117	HGNC:11795	MONDO:0013885	biolink:gene_associated_with_condition	0
0.91034895	HGNC:11795	MONDO:0009892	biolink:gene_associated_with_condition	0
0.5182179	HGNC:11795	MONDO:0016598	biolink:gene_associated_with_condition	0
0.97980165	HGNC:11795	MONDO:0007042	biolink:gene_associated_with_condition	0
0.91439617	HGNC:11795	MONDO:0007958	biolink:causes	0
0.8905202	HGNC:17754	MONDO:0957382	biolink:causes	0
0.90054506	HGNC:17754	MONDO:0013526	biolink:causes	0
0.68643725	HGNC:29118	MONDO:0015278	biolink:causes	0
0.0136121195	HGNC:25913	MONDO:0016281	biolink:gene_associated_with_condition	0
0.14117101	HGNC:26038	MONDO:0007922	biolink:gene_associated_with_condition	0
0.9710986	HGNC:37234	MONDO:0014693	biolink:causes	0
0.93527067	HGNC:37234	MONDO:0007032	biolink:causes	0
0.8189599	HGNC:11944	MONDO:0014419	biolink:causes	0
0.4425275	HGNC:11944	MONDO:0019947	biolink:causes	0
0.79557604	HGNC:19661	MONDO:0016103	biolink:causes	0
0.30854273	HGNC:12015	MONDO:0017696	biolink:causes	0
0.076069094	HGNC:1343	MONDO:0007925	biolink:contributes_to	0
0.2104911	HGNC:1343	MONDO:0013222	biolink:causes	0
0.71167153	HGNC:1343	MONDO:0020378	biolink:causes	0
0.8525004	HGNC:23068	MONDO:0007790	biolink:causes	0
0.69833773	HGNC:12261	MONDO:0009855	biolink:causes	0
0.5291342	HGNC:12261	MONDO:0007361	biolink:causes	0
0.7580787	HGNC:12261	MONDO:0011529	biolink:causes	0
0.8070821	HGNC:12261	MONDO:0013060	biolink:causes	0
0.656337	HGNC:17761	MONDO:0014210	biolink:causes	0
0.7722562	HGNC:12299	MONDO:0014686	biolink:gene_associated_with_condition	0
0.52884644	HGNC:12299	MONDO:0033045	biolink:gene_associated_with_condition	0
0.92945457	HGNC:14006	MONDO:0007922	biolink:causes	0
0.8800541	HGNC:12362	MONDO:0015278	biolink:causes	0
0.52869356	HGNC:12362	MONDO:0032712	biolink:causes	0
0.5419094	HGNC:21641	MONDO:0007537	biolink:causes	0
0.2588301	HGNC:19141	MONDO:0012911	biolink:causes	0
0.080039546	HGNC:19141	MONDO:0700297	biolink:causes	0
0.7972884	HGNC:23700	MONDO:0014343	biolink:causes	0
0.94432396	HGNC:12403	MONDO:0014343	biolink:gene_associated_with_condition	0
0.7019832	HGNC:12403	MONDO:0032636	biolink:gene_associated_with_condition	0
0.78409064	HGNC:12403	MONDO:0968976	biolink:causes	0
0.73989886	HGNC:12403	MONDO:0014853	biolink:gene_associated_with_condition	0
0.894486	HGNC:12405	MONDO:0009855	biolink:causes	0
0.8742753	HGNC:20772	MONDO:0011830	biolink:gene_associated_with_condition	0
0.9418108	HGNC:1160	MONDO:0030055	biolink:gene_associated_with_condition	0
0.68955016	HGNC:12463	MONDO:0011823	biolink:gene_associated_with_condition	0
0.6090614	HGNC:12463	MONDO:0958085	biolink:gene_associated_with_condition	0
0.25071466	HGNC:12463	MONDO:0007288	biolink:gene_associated_with_condition	0
0.74945945	HGNC:14304	MONDO:0007615	biolink:causes	0
0.8229581	HGNC:14304	MONDO:0032572	biolink:causes	0
0.8473896	HGNC:14304	MONDO:0019123	biolink:causes	0
0.80044323	HGNC:14304	MONDO:0012166	biolink:causes	0
0.79586214	HGNC:14304	MONDO:0032892	biolink:causes	0
0.14598754	HGNC:12572	MONDO:0017389	biolink:gene_associated_with_condition	0
0.027047358	HGNC:12593	MONDO:0971064	biolink:contributes_to	0
0.65220976	HGNC:12593	MONDO:0011830	biolink:contributes_to	0
0.6497868	HGNC:12597	MONDO:0014343	biolink:causes	0
0.67038524	HGNC:20080	MONDO:0012689	biolink:causes	0
0.9461061	HGNC:12666	MONDO:0014343	biolink:causes	0
0.6843976	HGNC:12666	MONDO:0011226	biolink:gene_associated_with_condition	0
0.9285388	HGNC:12687	MONDO:0008377	biolink:gene_associated_with_condition	0
0.30191028	HGNC:12687	MONDO:0800452	biolink:gene_associated_with_condition	0
0.421217	HGNC:13488	MONDO:0009867	biolink:causes	0
0.54550785	HGNC:13488	MONDO:0008693	biolink:gene_associated_with_condition	0
0.7731607	HGNC:13488	MONDO:0012221	biolink:causes	0
0.46074393	HGNC:13488	MONDO:0011156	biolink:causes	0
0.5540265	HGNC:13488	MONDO:0014918	biolink:gene_associated_with_condition	0
0.79777265	HGNC:14579	MONDO:0009529	biolink:causes	0
0.5414025	HGNC:14579	MONDO:0014386	biolink:causes	0
0.9227989	HGNC:28385	MONDO:0017360	biolink:causes	0
0.45117363	HGNC:28984	MONDO:0100468	biolink:causes	0
0.2555835	HGNC:25072	MONDO:0014429	biolink:causes	0
0.35706475	HGNC:25072	MONDO:0013034	biolink:causes	0
0.61948633	HGNC:26790	MONDO:0014343	biolink:causes	0
0.050180405	HGNC:26790	MONDO:0044255	biolink:causes	0
0.10729243	HGNC:14544	MONDO:0008931	biolink:gene_associated_with_condition	0
0.08193553	HGNC:14544	MONDO:0100101	biolink:gene_associated_with_condition	0
0.6195773	HGNC:12810	MONDO:0011724	biolink:causes	0
0.99805486	HGNC:15516	MONDO:0009079	biolink:gene_associated_with_condition	0
0.9088368	HGNC:15516	MONDO:0008377	biolink:gene_associated_with_condition	0
0.92438847	HGNC:15516	MONDO:0060729	biolink:causes	0
0.13989243	HGNC:12851	MONDO:0031446	biolink:gene_associated_with_condition	0
0.5366437	HGNC:12852	MONDO:0014745	biolink:causes	0
0.48021573	HGNC:20761	MONDO:0958242	biolink:causes	0
0.6891782	HGNC:20761	MONDO:0008854	biolink:causes	0
0.8837154	HGNC:12877	MONDO:0010839	biolink:gene_associated_with_condition	0
0.8868926	HGNC:12877	MONDO:0008377	biolink:gene_associated_with_condition	0
0.7934361	HGNC:12877	MONDO:0015519	biolink:gene_associated_with_condition	0
0.91611344	HGNC:12309	MONDO:0020507	biolink:causes	0
0.61248565	HGNC:12309	MONDO:0007841	biolink:causes	0
0.9961469	HGNC:29316	MONDO:0010077	biolink:causes	0
0.27520913	HGNC:10632	MONDO:0010028	biolink:contributes_to	0
0.4692457	HGNC:1706	MONDO:0010250	biolink:gene_associated_with_condition	0
0.4650485	HGNC:1630	MONDO:0009657	biolink:gene_associated_with_condition	0
0.66749877	HGNC:1718	MONDO:0044714	biolink:causes	0
0.22130634	HGNC:1723	MONDO:0007404	biolink:causes	0
0.94025004	HGNC:1786	MONDO:0031481	biolink:gene_associated_with_condition	0
0.54525095	HGNC:1786	MONDO:0020506	biolink:gene_associated_with_condition	0
0.99210244	HGNC:1786	MONDO:0032855	biolink:causes	0
0.43126172	HGNC:26684	MONDO:0013212	biolink:causes	0
0.38152885	HGNC:26684	MONDO:0030054	biolink:gene_associated_with_condition	0
0.46206343	HGNC:26684	MONDO:0007838	biolink:causes	0
0.18233748	HGNC:28506	MONDO:0013962	biolink:gene_associated_with_condition	0
0.21228035	HGNC:28506	MONDO:0016216	biolink:gene_associated_with_condition	0
0.17278346	HGNC:28506	MONDO:0976266	biolink:gene_associated_with_condition	0
0.65426296	HGNC:4888	MONDO:0014343	biolink:gene_associated_with_condition	0
0.3765651	HGNC:4888	MONDO:0957202	biolink:contributes_to	0
0.11274521	HGNC:16627	MONDO:0013529	biolink:gene_associated_with_condition	0
0.95205945	HGNC:21219	MONDO:0015278	biolink:causes	0
0.060491793	HGNC:21219	MONDO:0044224	biolink:causes	0
0.377717	HGNC:103	MONDO:0008485	biolink:causes	0
0.6504914	HGNC:103	MONDO:0008546	biolink:causes	0
0.078159615	HGNC:7877	MONDO:0011285	biolink:causes	0
0.5874256	HGNC:8011	MONDO:0011713	biolink:gene_associated_with_condition	0
0.8272697	HGNC:2198	MONDO:0957993	biolink:causes	0
0.9548357	HGNC:2198	MONDO:0008542	biolink:gene_associated_with_condition	0
0.8872247	HGNC:2198	MONDO:0010510	biolink:gene_associated_with_condition	0
0.76867056	HGNC:2201	MONDO:0020727	biolink:causes	0
0.87240404	HGNC:2213	MONDO:0014343	biolink:causes	0
0.8963758	HGNC:2186	MONDO:0010339	biolink:gene_associated_with_condition	0
0.8735827	HGNC:2186	MONDO:0011351	biolink:causes	0
0.9194822	HGNC:2190	MONDO:0033365	biolink:causes	0
0.76160794	HGNC:18603	MONDO:0020507	biolink:gene_associated_with_condition	0
0.5385099	HGNC:25223	MONDO:0011239	biolink:contributes_to	0
0.36861825	HGNC:20233	MONDO:0100252	biolink:gene_associated_with_condition	0
0.36793205	HGNC:11701	MONDO:0013384	biolink:causes	0
0.25755712	HGNC:11701	MONDO:0013162	biolink:causes	0
0.24357527	HGNC:2511	MONDO:0016309	biolink:causes	0
0.021644607	HGNC:2511	MONDO:0018254	biolink:causes	0
0.2274686	HGNC:2527	MONDO:0010099	biolink:causes	0
0.6295446	HGNC:2527	MONDO:0008542	biolink:causes	0
0.8187948	HGNC:28672	MONDO:0032612	biolink:causes	0
0.06321445	HGNC:2621	MONDO:0007363	biolink:causes	0
0.58166385	HGNC:2592	MONDO:0009495	biolink:causes	0
0.82015616	HGNC:2592	MONDO:0014309	biolink:gene_associated_with_condition	0
0.6751717	HGNC:2592	MONDO:0009890	biolink:gene_associated_with_condition	0
0.75566834	HGNC:26383	MONDO:0008234	biolink:causes	0
0.64769566	HGNC:2714	MONDO:0013391	biolink:causes	0
0.8920055	HGNC:2846	MONDO:0012656	biolink:causes	0
0.9593538	HGNC:2846	MONDO:0008542	biolink:causes	0
0.9472837	HGNC:2858	MONDO:0014343	biolink:causes	0
0.9658847	HGNC:2858	MONDO:0030312	biolink:gene_associated_with_condition	0
0.96843857	HGNC:2858	MONDO:0011229	biolink:causes	0
0.8861277	HGNC:2858	MONDO:0009210	biolink:causes	0
0.8509352	HGNC:2858	MONDO:0014998	biolink:gene_associated_with_condition	0
0.67810833	HGNC:23537	MONDO:0013797	biolink:causes	0
0.07256303	HGNC:23537	MONDO:0044224	biolink:causes	0
0.610855	HGNC:17210	MONDO:0014539	biolink:gene_associated_with_condition	0
0.6342173	HGNC:17210	MONDO:0007158	biolink:causes	0
0.43146572	HGNC:2898	MONDO:0014118	biolink:gene_associated_with_condition	0
0.31890315	HGNC:2908	MONDO:0013872	biolink:gene_associated_with_condition	0
0.889664	HGNC:2916	MONDO:0958189	biolink:causes	0
0.39611843	HGNC:2916	MONDO:0004951	biolink:causes	0
0.48139367	HGNC:2950	MONDO:0014343	biolink:causes	0
0.8435845	HGNC:2973	MONDO:0012738	biolink:gene_associated_with_condition	0
0.76341534	HGNC:2978	MONDO:0014089	biolink:causes	0
0.8811215	HGNC:2978	MONDO:0019374	biolink:causes	0
0.43786713	HGNC:2978	MONDO:0009252	biolink:causes	0
0.336212	HGNC:2988	MONDO:0011239	biolink:gene_associated_with_condition	0
0.87083644	HGNC:2988	MONDO:0008377	biolink:gene_associated_with_condition	0
0.8569633	HGNC:3003	MONDO:0010392	biolink:gene_associated_with_condition	0
0.6373388	HGNC:3010	MONDO:0010933	biolink:causes	0
0.46142086	HGNC:3010	MONDO:0008542	biolink:contributes_to	0
0.72232497	HGNC:21307	MONDO:0016563	biolink:causes	0
0.7423554	HGNC:21307	MONDO:0013342	biolink:causes	0
0.5643126	HGNC:20908	MONDO:0009215	biolink:causes	0
0.52172315	HGNC:20908	MONDO:0035651	biolink:causes	0
0.33108166	HGNC:20908	MONDO:0009232	biolink:causes	0
0.3647868	HGNC:3219	MONDO:0015635	biolink:causes	0
0.71424294	HGNC:3219	MONDO:0012434	biolink:causes	0
0.8817526	HGNC:3239	MONDO:0014343	biolink:causes	0
0.039738525	HGNC:3255	MONDO:0012395	biolink:gene_associated_with_condition	0
0.92143106	HGNC:3255	MONDO:0012892	biolink:gene_associated_with_condition	0
0.8322217	HGNC:3255	MONDO:0026777	biolink:gene_associated_with_condition	0
0.8633648	HGNC:3257	MONDO:0014339	biolink:causes	0
0.34345034	HGNC:3257	MONDO:0009925	biolink:gene_associated_with_condition	0
0.16177224	HGNC:3257	MONDO:0010169	biolink:gene_associated_with_condition	0
0.1831351	HGNC:3257	MONDO:0008340	biolink:causes	0
0.32502723	HGNC:3257	MONDO:0016476	biolink:gene_associated_with_condition	0
0.52739394	HGNC:3267	MONDO:0012693	biolink:causes	0
0.798908	HGNC:3267	MONDO:0014222	biolink:causes	0
0.43858021	HGNC:14198	MONDO:0019758	biolink:contributes_to	0
0.8913822	HGNC:14418	MONDO:0032726	biolink:causes	0
0.7005217	HGNC:14418	MONDO:0011106	biolink:causes	0
0.8974265	HGNC:14415	MONDO:0016563	biolink:causes	0
0.35802	HGNC:14415	MONDO:0016579	biolink:causes	0
0.27992058	HGNC:14415	MONDO:0850095	biolink:causes	0
0.7817961	HGNC:11529	MONDO:0007057	biolink:causes	0
0.43585154	HGNC:3433	MONDO:0019310	biolink:causes	0
0.37321028	HGNC:3433	MONDO:0859160	biolink:causes	0
0.80966467	HGNC:3446	MONDO:0008490	biolink:causes	0
0.9632303	HGNC:23994	MONDO:0009031	biolink:causes	0
0.3713414	MONDO:0007042	HGNC:4379	biolink:gene_associated_with_condition	0
0.58065647	MONDO:0007042	HGNC:25941	biolink:gene_associated_with_condition	0
0.17066854	MONDO:0007042	HGNC:1810	biolink:causes	0
0.6753936	MONDO:0007042	HGNC:3373	biolink:causes	0
0.3873495	MONDO:0007042	HGNC:7104	biolink:causes	0
0.6741361	MONDO:0007042	HGNC:24678	biolink:gene_associated_with_condition	0
0.97980165	MONDO:0007042	HGNC:11795	biolink:gene_associated_with_condition	0
0.8873059	MONDO:0007086	HGNC:19185	biolink:causes	0
0.46820572	MONDO:0007158	HGNC:17328	biolink:causes	0
0.107220516	MONDO:0007158	HGNC:19903	biolink:causes	0
0.9367392	MONDO:0007158	HGNC:9039	biolink:causes	0
0.55723095	MONDO:0007158	HGNC:11303	biolink:gene_associated_with_condition	0
0.6342173	MONDO:0007158	HGNC:17210	biolink:causes	0
0.0726344	MONDO:0007222	HGNC:25631	biolink:causes	0
0.45472202	MONDO:0007338	HGNC:3386	biolink:causes	0
0.021148672	MONDO:0007454	HGNC:8008	biolink:causes	0
0.014302483	MONDO:0007454	HGNC:13875	biolink:causes	0
0.0381469	MONDO:0007454	HGNC:7606	biolink:causes	0
0.9210621	MONDO:0007574	HGNC:1044	biolink:gene_associated_with_condition	0
0.89773333	MONDO:0007738	HGNC:2214	biolink:gene_associated_with_condition	0
0.19549134	MONDO:0007738	HGNC:2940	biolink:causes	0
0.35626122	MONDO:0007738	HGNC:8609	biolink:causes	0
0.79151744	MONDO:0007738	HGNC:10260	biolink:gene_associated_with_condition	0
0.8525004	MONDO:0007790	HGNC:23068	biolink:causes	0
0.7833749	MONDO:0007794	HGNC:5031	biolink:causes	0
0.9355857	MONDO:0007794	HGNC:5391	biolink:causes	0
0.93892294	MONDO:0007794	HGNC:19046	biolink:causes	0
0.9195908	MONDO:0007794	HGNC:26219	biolink:gene_associated_with_condition	0
0.93770534	MONDO:0007794	HGNC:29077	biolink:contributes_to	0
0.94410306	MONDO:0007794	HGNC:7944	biolink:causes	0
0.9369388	MONDO:0007794	HGNC:17978	biolink:gene_associated_with_condition	0
0.7456115	MONDO:0007794	HGNC:11771	biolink:gene_associated_with_condition	0
0.90649444	MONDO:0007818	HGNC:13829	biolink:gene_associated_with_condition	0
0.46206343	MONDO:0007838	HGNC:26684	biolink:causes	0
0.086133175	MONDO:0007854	HGNC:11598	biolink:causes	0
0.73930585	MONDO:0007854	HGNC:4367	biolink:causes	0
0.34606224	MONDO:0007862	HGNC:6463	biolink:causes	0
0.9950246	MONDO:0007874	HGNC:11908	biolink:causes	0
0.9223847	MONDO:0007922	HGNC:4298	biolink:gene_associated_with_condition	0
0.9422366	MONDO:0007922	HGNC:5389	biolink:gene_associated_with_condition	0
0.7377475	MONDO:0007922	HGNC:6541	biolink:gene_associated_with_condition	0
0.966568	MONDO:0007922	HGNC:13869	biolink:causes	0
0.84963363	MONDO:0007922	HGNC:23805	biolink:gene_associated_with_condition	0
0.99927205	MONDO:0007922	HGNC:7631	biolink:gene_associated_with_condition	0
0.40027297	MONDO:0007922	HGNC:7662	biolink:causes	0
0.59595275	MONDO:0007922	HGNC:29296	biolink:causes	0
0.77142024	MONDO:0007922	HGNC:14530	biolink:causes	0
0.76483965	MONDO:0007922	HGNC:799	biolink:causes	0
0.93159866	MONDO:0007922	HGNC:7224	biolink:causes	0
0.95576847	MONDO:0007922	HGNC:1181	biolink:gene_associated_with_condition	0
0.94621193	MONDO:0007922	HGNC:17151	biolink:causes	0
0.7269635	MONDO:0007922	HGNC:11027	biolink:causes	0
0.7030468	MONDO:0007922	HGNC:12729	biolink:causes	0
0.60494125	MONDO:0007922	HGNC:2022	biolink:gene_associated_with_condition	0
0.3677656	MONDO:0007922	HGNC:232	biolink:causes	0
0.9180772	MONDO:0007922	HGNC:3600	biolink:gene_associated_with_condition	0
0.7523148	MONDO:0007922	HGNC:4173	biolink:gene_associated_with_condition	0
0.8870557	MONDO:0007922	HGNC:6284	biolink:causes	0
0.31252074	MONDO:0007922	HGNC:19903	biolink:causes	0
0.8322967	MONDO:0007922	HGNC:11065	biolink:causes	0
0.9250833	MONDO:0007922	HGNC:19750	biolink:causes	0
0.87427944	MONDO:0007922	HGNC:12726	biolink:gene_associated_with_condition	0
0.41241094	MONDO:0007922	HGNC:2410	biolink:gene_associated_with_condition	0
0.6859251	MONDO:0007922	HGNC:18018	biolink:causes	0
0.7888121	MONDO:0007922	HGNC:6535	biolink:gene_associated_with_condition	0
0.9743025	MONDO:0007922	HGNC:6716	biolink:causes	0
0.9391045	MONDO:0007922	HGNC:17652	biolink:causes	0
0.70030844	MONDO:0007922	HGNC:10345	biolink:causes	0
0.14117101	MONDO:0007922	HGNC:26038	biolink:gene_associated_with_condition	0
0.92945457	MONDO:0007922	HGNC:14006	biolink:causes	0
0.91439617	MONDO:0007958	HGNC:11795	biolink:causes	0
0.88691217	MONDO:0008002	HGNC:12373	biolink:gene_associated_with_condition	0
0.7007865	MONDO:0008002	HGNC:10024	biolink:causes	0
0.44102818	MONDO:0008018	HGNC:12651	biolink:causes	0
0.107481934	MONDO:0008018	HGNC:3393	biolink:contributes_to	0
0.5247113	MONDO:0008134	HGNC:379	biolink:causes	0
0.17009087	MONDO:0008210	HGNC:16171	biolink:causes	0
0.64445204	MONDO:0008222	HGNC:14049	biolink:causes	0
0.19269224	MONDO:0008234	HGNC:9670	biolink:causes	0
0.45672053	MONDO:0008234	HGNC:47	biolink:causes	0
0.75566834	MONDO:0008234	HGNC:26383	biolink:causes	0
0.70846367	MONDO:0008246	HGNC:12630	biolink:causes	0
0.05416138	MONDO:0008274	HGNC:24007	biolink:gene_associated_with_condition	0
0.28506133	MONDO:0008278	HGNC:6091	biolink:causes	0
0.23713025	MONDO:0008278	HGNC:11776	biolink:gene_associated_with_condition	0
0.10625188	MONDO:0008306	HGNC:8582	biolink:gene_associated_with_condition	0
0.6567727	MONDO:0008306	HGNC:10345	biolink:causes	0
0.27841938	MONDO:0008310	HGNC:3260	biolink:gene_associated_with_condition	0
0.93280613	MONDO:0008310	HGNC:18083	biolink:gene_associated_with_condition	0
0.9188965	MONDO:0008310	HGNC:5466	biolink:gene_associated_with_condition	0
0.23444827	MONDO:0008310	HGNC:17340	biolink:causes	0
0.7041574	MONDO:0008426	HGNC:17944	biolink:causes	0
0.9980083	MONDO:0008426	HGNC:3327	biolink:causes	0
0.4993109	MONDO:0008426	HGNC:11311	biolink:gene_associated_with_condition	0
0.5123847	MONDO:0008426	HGNC:11530	biolink:gene_associated_with_condition	0
0.9682892	MONDO:0008426	HGNC:3583	biolink:causes	0
0.7835779	MONDO:0008426	HGNC:823	biolink:causes	0
0.5216492	MONDO:0008490	HGNC:8786	biolink:causes	0
0.83414656	MONDO:0008490	HGNC:341	biolink:gene_associated_with_condition	0
0.97280824	MONDO:0008490	HGNC:27337	biolink:gene_associated_with_condition	0
0.9067731	MONDO:0008490	HGNC:7765	biolink:gene_associated_with_condition	0
0.80966467	MONDO:0008490	HGNC:3446	biolink:causes	0
0.6568464	MONDO:0008542	HGNC:48	biolink:causes	0
0.849564	MONDO:0008542	HGNC:27310	biolink:causes	0
0.6602593	MONDO:0008542	HGNC:5006	biolink:causes	0
0.78608	MONDO:0008542	HGNC:5048	biolink:causes	0
0.89128774	MONDO:0008542	HGNC:5358	biolink:causes	0
0.7908335	MONDO:0008542	HGNC:6182	biolink:causes	0
0.7498182	MONDO:0008542	HGNC:14049	biolink:causes	0
0.76209843	MONDO:0008542	HGNC:7326	biolink:causes	0
0.9456769	MONDO:0008542	HGNC:6770	biolink:causes	0
0.7532584	MONDO:0008542	HGNC:19967	biolink:gene_associated_with_condition	0
0.93505746	MONDO:0008542	HGNC:28396	biolink:causes	0
0.94891673	MONDO:0008542	HGNC:15517	biolink:causes	0
0.9102505	MONDO:0008542	HGNC:3178	biolink:contributes_to	0
0.9335028	MONDO:0008542	HGNC:3587	biolink:causes	0
0.32673898	MONDO:0008542	HGNC:26190	biolink:contributes_to	0
0.78053486	MONDO:0008542	HGNC:24929	biolink:causes	0
0.6907615	MONDO:0008542	HGNC:17975	biolink:gene_associated_with_condition	0
0.17914644	MONDO:0008542	HGNC:10446	biolink:causes	0
0.44873744	MONDO:0008542	HGNC:11184	biolink:causes	0
0.81228966	MONDO:0008542	HGNC:11743	biolink:gene_associated_with_condition	0
0.8948017	MONDO:0008542	HGNC:11998	biolink:gene_associated_with_condition	0
0.9425933	MONDO:0008542	HGNC:2514	biolink:causes	0
0.16974676	MONDO:0008542	HGNC:123	biolink:causes	0
0.9489663	MONDO:0008542	HGNC:4171	biolink:causes	0
0.9485637	MONDO:0008542	HGNC:13243	biolink:gene_associated_with_condition	0
0.59645563	MONDO:0008542	HGNC:8008	biolink:causes	0
0.91985375	MONDO:0008542	HGNC:8632	biolink:gene_associated_with_condition	0
0.90750885	MONDO:0008542	HGNC:19743	biolink:gene_associated_with_condition	0
0.97707635	MONDO:0008542	HGNC:12637	biolink:causes	0
0.561144	MONDO:0008542	HGNC:7610	biolink:causes	0
0.302377	MONDO:0008542	HGNC:9220	biolink:causes	0
0.8216771	MONDO:0008542	HGNC:13993	biolink:gene_associated_with_condition	0
0.904008	MONDO:0008542	HGNC:19129	biolink:causes	0
0.9548357	MONDO:0008542	HGNC:2198	biolink:gene_associated_with_condition	0
0.6295446	MONDO:0008542	HGNC:2527	biolink:causes	0
0.9593538	MONDO:0008542	HGNC:2846	biolink:causes	0
0.46142086	MONDO:0008542	HGNC:3010	biolink:contributes_to	0
0.93001616	MONDO:0008546	HGNC:1162	biolink:causes	0
0.9302513	MONDO:0008546	HGNC:12310	biolink:causes	0
0.6504914	MONDO:0008546	HGNC:103	biolink:causes	0
0.98233837	MONDO:0008678	HGNC:9722	biolink:gene_associated_with_condition	0
0.07392888	MONDO:0008678	HGNC:39080	biolink:contributes_to	0
0.7778939	MONDO:0008678	HGNC:15021	biolink:causes	0
0.30247152	MONDO:0008678	HGNC:23094	biolink:causes	0
0.97951484	MONDO:0008678	HGNC:9091	biolink:causes	0
0.5950009	MONDO:0008722	HGNC:11905	biolink:gene_associated_with_condition	0
0.32729286	MONDO:0008722	HGNC:23094	biolink:causes	0
0.42126116	MONDO:0008722	HGNC:12643	biolink:causes	0
0.7758219	MONDO:0008734	HGNC:11100	biolink:gene_associated_with_condition	0
0.24053304	MONDO:0008762	HGNC:573	biolink:gene_associated_with_condition	0
0.36223295	MONDO:0008762	HGNC:11521	biolink:causes	0
0.5717979	MONDO:0008818	HGNC:4162	biolink:causes	0
0.33144668	MONDO:0008818	HGNC:30778	biolink:causes	0
0.2831604	MONDO:0008818	HGNC:6207	biolink:gene_associated_with_condition	0
0.63723516	MONDO:0008818	HGNC:8858	biolink:causes	0
0.9913572	MONDO:0008818	HGNC:12869	biolink:causes	0
0.6355055	MONDO:0008818	HGNC:4439	biolink:gene_associated_with_condition	0
0.4854178	MONDO:0008818	HGNC:4868	biolink:causes	0
0.9332877	MONDO:0008818	HGNC:18873	biolink:causes	0
0.03289754	MONDO:0008818	HGNC:10736	biolink:gene_associated_with_condition	0
0.07633577	MONDO:0008818	HGNC:13203	biolink:causes	0
0.4860464	MONDO:0008818	HGNC:3530	biolink:causes	0
0.51740116	MONDO:0008818	HGNC:7702	biolink:causes	0
0.33444455	MONDO:0008818	HGNC:10680	biolink:causes	0
0.82270944	MONDO:0008818	HGNC:20626	biolink:causes	0
0.659796	MONDO:0008818	HGNC:6937	biolink:causes	0
0.6233703	MONDO:0008834	HGNC:4379	biolink:gene_associated_with_condition	0
0.099227734	MONDO:0008854	HGNC:18829	biolink:causes	0
0.11810366	MONDO:0008854	HGNC:6893	biolink:causes	0
0.8309817	MONDO:0008854	HGNC:2195	biolink:causes	0
0.13048905	MONDO:0008854	HGNC:2359	biolink:gene_associated_with_condition	0
0.6891782	MONDO:0008854	HGNC:20761	biolink:causes	0
0.5154176	MONDO:0008858	HGNC:9910	biolink:gene_associated_with_condition	0
0.9468096	MONDO:0008862	HGNC:3604	biolink:causes	0
0.9538235	MONDO:0008862	HGNC:2200	biolink:gene_associated_with_condition	0
0.7334783	MONDO:0008922	HGNC:3586	biolink:causes	0
0.64857006	MONDO:0008954	HGNC:3178	biolink:gene_associated_with_condition	0
0.6801429	MONDO:0008998	HGNC:25543	biolink:causes	0
0.4865066	MONDO:0009050	HGNC:8787	biolink:causes	0
0.7294222	MONDO:0009050	HGNC:9936	biolink:gene_associated_with_condition	0
0.7303306	MONDO:0009050	HGNC:1802	biolink:causes	0
0.8407135	MONDO:0009110	HGNC:26222	biolink:causes	0
0.3660647	MONDO:0009194	HGNC:11522	biolink:gene_associated_with_condition	0
0.22715557	MONDO:0009210	HGNC:18248	biolink:causes	0
0.86316496	MONDO:0009210	HGNC:1122	biolink:causes	0
0.8861277	MONDO:0009210	HGNC:2858	biolink:causes	0
0.50418204	MONDO:0009218	HGNC:8565	biolink:causes	0
0.7618412	MONDO:0009262	HGNC:24097	biolink:causes	0
0.70286494	MONDO:0009262	HGNC:20967	biolink:gene_associated_with_condition	0
0.72926605	MONDO:0009266	HGNC:14049	biolink:causes	0
0.9258387	MONDO:0009266	HGNC:4193	biolink:causes	0
0.24363193	MONDO:0009274	HGNC:15802	biolink:causes	0
0.83751106	MONDO:0009274	HGNC:17997	biolink:gene_associated_with_condition	0
0.8830214	MONDO:0009306	HGNC:16873	biolink:gene_associated_with_condition	0
0.7364305	MONDO:0009306	HGNC:9967	biolink:contributes_to	0
0.39025226	MONDO:0009306	HGNC:25326	biolink:causes	0
0.5188835	MONDO:0009306	HGNC:30860	biolink:causes	0
0.9264027	MONDO:0009354	HGNC:31582	biolink:causes	0
0.31483644	MONDO:0009354	HGNC:10471	biolink:causes	0
0.2955068	MONDO:0009354	HGNC:20759	biolink:causes	0
0.49390075	MONDO:0009406	HGNC:1366	biolink:causes	0
0.7719457	MONDO:0009406	HGNC:5961	biolink:causes	0
0.4108814	MONDO:0009414	HGNC:4042	biolink:causes	0
0.6966829	MONDO:0009414	HGNC:6636	biolink:causes	0
0.6719013	MONDO:0009414	HGNC:4823	biolink:causes	0
0.75296205	MONDO:0009458	HGNC:20145	biolink:gene_associated_with_condition	0
0.59273607	MONDO:0009478	HGNC:10483	biolink:gene_associated_with_condition	0
0.8523199	MONDO:0009490	HGNC:3811	biolink:gene_associated_with_condition	0
0.7679053	MONDO:0009490	HGNC:11231	biolink:causes	0
0.8011325	MONDO:0009562	HGNC:2227	biolink:causes	0
0.30927047	MONDO:0009562	HGNC:20406	biolink:causes	0
0.77423465	MONDO:0009598	HGNC:8790	biolink:causes	0
0.3193295	MONDO:0009642	HGNC:6235	biolink:causes	0
0.36243975	MONDO:0009642	HGNC:23663	biolink:causes	0
0.68829674	MONDO:0009646	HGNC:3436	biolink:gene_associated_with_condition	0
0.97641015	MONDO:0009658	HGNC:18591	biolink:causes	0
0.80003685	MONDO:0009658	HGNC:11071	biolink:causes	0
0.62673706	MONDO:0009714	HGNC:7106	biolink:gene_associated_with_condition	0
0.7328938	MONDO:0009714	HGNC:888	biolink:causes	0
0.6530465	MONDO:0009722	HGNC:8008	biolink:causes	0
0.6994315	MONDO:0009818	HGNC:6501	biolink:causes	0
0.35785088	MONDO:0009874	HGNC:177	biolink:gene_associated_with_condition	0
0.6751717	MONDO:0009890	HGNC:2592	biolink:gene_associated_with_condition	0
0.61811715	MONDO:0009994	HGNC:3434	biolink:causes	0
0.7301226	MONDO:0009994	HGNC:2200	biolink:causes	0
0.4836778	MONDO:0009998	HGNC:9143	biolink:gene_associated_with_condition	0
0.92328954	MONDO:0009998	HGNC:3754	biolink:gene_associated_with_condition	0
0.7571267	MONDO:0010046	HGNC:3811	biolink:gene_associated_with_condition	0
0.7408639	MONDO:0010086	HGNC:3702	biolink:causes	0
0.1732902	MONDO:0010086	HGNC:23302	biolink:causes	0
0.11745182	MONDO:0010086	HGNC:20917	biolink:causes	0
0.77381384	MONDO:0010122	HGNC:60	biolink:causes	0
0.4440825	MONDO:0010122	HGNC:11535	biolink:causes	0
0.9626336	MONDO:0010130	HGNC:25221	biolink:gene_associated_with_condition	0
0.880071	MONDO:0010130	HGNC:8975	biolink:causes	0
0.793622	MONDO:0010162	HGNC:11768	biolink:causes	0
0.5445388	MONDO:0010214	HGNC:15561	biolink:gene_associated_with_condition	0
0.8740893	MONDO:0010246	HGNC:4392	biolink:gene_associated_with_condition	0
0.24420409	MONDO:0010250	HGNC:11743	biolink:gene_associated_with_condition	0
0.8417512	MONDO:0010250	HGNC:9957	biolink:causes	0
0.4692457	MONDO:0010250	HGNC:1706	biolink:gene_associated_with_condition	0
0.7088757	MONDO:0010258	HGNC:8977	biolink:causes	0
0.6419234	MONDO:0010258	HGNC:4706	biolink:causes	0
0.96637636	MONDO:0010278	HGNC:757	biolink:gene_associated_with_condition	0
0.83383644	MONDO:0010286	HGNC:4887	biolink:gene_associated_with_condition	0
0.49062827	MONDO:0010310	HGNC:26208	biolink:causes	0
0.98132104	MONDO:0010310	HGNC:5956	biolink:causes	0
0.9195222	MONDO:0010350	HGNC:11957	biolink:causes	0
0.86262333	MONDO:0010446	HGNC:30129	biolink:causes	0
0.64542574	MONDO:0010446	HGNC:12631	biolink:gene_associated_with_condition	0
0.95099026	MONDO:0010486	HGNC:4452	biolink:causes	0
0.9147083	MONDO:0010506	HGNC:494	biolink:causes	0
0.49769503	MONDO:0010510	HGNC:12016	biolink:causes	0
0.8872247	MONDO:0010510	HGNC:2198	biolink:gene_associated_with_condition	0
0.9903377	MONDO:0010554	HGNC:10853	biolink:causes	0
0.3600964	MONDO:0010606	HGNC:329	biolink:causes	0
0.083913185	MONDO:0010606	HGNC:12828	biolink:causes	0
0.72156185	MONDO:0010606	HGNC:3680	biolink:gene_associated_with_condition	0
0.026398294	MONDO:0010626	HGNC:12271	biolink:gene_associated_with_condition	0
0.6690761	MONDO:0010626	HGNC:5056	biolink:gene_associated_with_condition	0
0.76516515	MONDO:0010758	HGNC:236	biolink:causes	0
0.33224565	MONDO:0010758	HGNC:15802	biolink:causes	0
0.9607622	MONDO:0010758	HGNC:26058	biolink:causes	0
0.62694603	MONDO:0010758	HGNC:21699	biolink:causes	0
0.7390921	MONDO:0010790	HGNC:132	biolink:gene_associated_with_condition	0
0.82863575	MONDO:0010790	HGNC:11769	biolink:causes	0
0.41712403	MONDO:0010790	HGNC:19218	biolink:causes	0
0.39658377	MONDO:0010794	HGNC:493	biolink:causes	0
0.67993486	MONDO:0010850	HGNC:6944	biolink:causes	0
0.45899463	MONDO:0010870	HGNC:8778	biolink:causes	0
0.23629498	MONDO:0010870	HGNC:6944	biolink:causes	0
0.4855755	MONDO:0010870	HGNC:7690	biolink:causes	0
0.9455143	MONDO:0011010	HGNC:4220	biolink:causes	0
0.78905904	MONDO:0011066	HGNC:6481	biolink:causes	0
0.5475675	MONDO:0011066	HGNC:11161	biolink:causes	0
0.9516615	MONDO:0011070	HGNC:6284	biolink:causes	0
0.24481647	MONDO:0011102	HGNC:18060	biolink:causes	0
0.8339495	MONDO:0011106	HGNC:11079	biolink:causes	0
0.8532721	MONDO:0011106	HGNC:3778	biolink:causes	0
0.51359284	MONDO:0011106	HGNC:6709	biolink:contributes_to	0
0.7005217	MONDO:0011106	HGNC:14418	biolink:causes	0
0.7395381	MONDO:0011158	HGNC:11100	biolink:causes	0
0.7625191	MONDO:0011190	HGNC:27845	biolink:causes	0
0.88888025	MONDO:0011202	HGNC:13387	biolink:causes	0
0.764295	MONDO:0011226	HGNC:4162	biolink:gene_associated_with_condition	0
0.66102123	MONDO:0011226	HGNC:5331	biolink:contributes_to	0
0.8623283	MONDO:0011226	HGNC:11769	biolink:causes	0
0.3922984	MONDO:0011226	HGNC:15819	biolink:causes	0
0.6843976	MONDO:0011226	HGNC:12666	biolink:gene_associated_with_condition	0
0.40172213	MONDO:0011242	HGNC:18674	biolink:gene_associated_with_condition	0
0.7829523	MONDO:0011246	HGNC:16783	biolink:causes	0
0.91273004	MONDO:0011338	HGNC:11006	biolink:causes	0
0.66003543	MONDO:0011338	HGNC:10680	biolink:causes	0
0.63031083	MONDO:0011338	HGNC:4817	biolink:gene_associated_with_condition	0
0.35641125	MONDO:0011338	HGNC:9910	biolink:gene_associated_with_condition	0
0.8600046	MONDO:0011398	HGNC:3702	biolink:gene_associated_with_condition	0
0.3273167	MONDO:0011422	HGNC:25705	biolink:causes	0
0.20477529	MONDO:0011430	HGNC:4832	biolink:gene_associated_with_condition	0
0.77541524	MONDO:0011430	HGNC:28993	biolink:causes	0
0.7483596	MONDO:0011430	HGNC:9607	biolink:causes	0
0.70585525	MONDO:0011450	HGNC:30348	biolink:gene_associated_with_condition	0
0.65501624	MONDO:0011450	HGNC:28648	biolink:gene_associated_with_condition	0
0.75760025	MONDO:0011490	HGNC:18798	biolink:causes	0
0.8983726	MONDO:0011490	HGNC:25535	biolink:causes	0
0.76999336	MONDO:0011546	HGNC:9039	biolink:causes	0
0.8957032	MONDO:0011570	HGNC:9069	biolink:gene_associated_with_condition	0
0.905221	MONDO:0011630	HGNC:13869	biolink:causes	0
0.7637608	MONDO:0011694	HGNC:16088	biolink:causes	0
0.059769716	MONDO:0011698	HGNC:1090	biolink:gene_associated_with_condition	0
0.5786558	MONDO:0011738	HGNC:10906	biolink:causes	0
0.032831427	MONDO:0011774	HGNC:11934	biolink:contributes_to	0
0.55322856	MONDO:0011790	HGNC:7821	biolink:gene_associated_with_condition	0
0.935323	MONDO:0011790	HGNC:23657	biolink:causes	0
0.85231626	MONDO:0011794	HGNC:15924	biolink:gene_associated_with_condition	0
0.5346365	MONDO:0011822	HGNC:30563	biolink:causes	0
0.36675993	MONDO:0011830	HGNC:6893	biolink:gene_associated_with_condition	0
0.8742753	MONDO:0011830	HGNC:20772	biolink:gene_associated_with_condition	0
0.65220976	MONDO:0011830	HGNC:12593	biolink:contributes_to	0
0.4546125	MONDO:0011902	HGNC:14214	biolink:causes	0
0.55600774	MONDO:0011902	HGNC:13993	biolink:gene_associated_with_condition	0
0.49480435	MONDO:0011974	HGNC:25941	biolink:gene_associated_with_condition	0
0.80017674	MONDO:0011998	HGNC:2433	biolink:causes	0
0.79310244	MONDO:0012166	HGNC:12012	biolink:gene_associated_with_condition	0
0.80044323	MONDO:0012166	HGNC:14304	biolink:causes	0
0.94001013	MONDO:0012190	HGNC:26527	biolink:causes	0
0.8135803	MONDO:0012222	HGNC:6742	biolink:causes	0
0.076824404	MONDO:0012294	HGNC:6769	biolink:causes	0
0.56409156	MONDO:0012354	HGNC:4023	biolink:causes	0
0.51656926	MONDO:0012382	HGNC:7103	biolink:gene_associated_with_condition	0
0.7739645	MONDO:0012382	HGNC:10771	biolink:gene_associated_with_condition	0
0.905452	MONDO:0012398	HGNC:10664	biolink:gene_associated_with_condition	0
0.36634475	MONDO:0012410	HGNC:26821	biolink:causes	0
0.71424294	MONDO:0012434	HGNC:3219	biolink:causes	0
0.26820767	MONDO:0012442	HGNC:6973	biolink:causes	0
0.38890442	MONDO:0012474	HGNC:12511	biolink:gene_associated_with_condition	0
0.97027797	MONDO:0012514	HGNC:3663	biolink:causes	0
0.67543554	MONDO:0012514	HGNC:9966	biolink:contributes_to	0
0.6401848	MONDO:0012522	HGNC:29873	biolink:causes	0
0.7732294	MONDO:0012522	HGNC:8756	biolink:causes	0
0.22732906	MONDO:0012526	HGNC:15646	biolink:causes	0
0.8427404	MONDO:0012554	HGNC:2214	biolink:gene_associated_with_condition	0
0.8218003	MONDO:0012554	HGNC:20213	biolink:causes	0
0.38853207	MONDO:0012594	HGNC:1529	biolink:causes	0
0.6436089	MONDO:0012594	HGNC:572	biolink:causes	0
0.26015028	MONDO:0012594	HGNC:14334	biolink:gene_associated_with_condition	0
0.415293	MONDO:0012594	HGNC:3259	biolink:gene_associated_with_condition	0
0.9817562	MONDO:0012634	HGNC:23625	biolink:causes	0
0.3514683	MONDO:0012650	HGNC:10593	biolink:causes	0
0.9055695	MONDO:0012682	HGNC:11773	biolink:gene_associated_with_condition	0
0.68850803	MONDO:0012682	HGNC:20716	biolink:causes	0
0.98926187	MONDO:0012718	HGNC:19082	biolink:gene_associated_with_condition	0
0.9223952	MONDO:0012718	HGNC:2760	biolink:causes	0
0.45730436	MONDO:0012726	HGNC:6005	biolink:gene_associated_with_condition	0
0.76921016	MONDO:0012734	HGNC:8028	biolink:causes	0
0.78430504	MONDO:0012734	HGNC:9280	biolink:causes	0
0.8435845	MONDO:0012738	HGNC:2973	biolink:gene_associated_with_condition	0
0.36258954	MONDO:0012786	HGNC:6207	biolink:gene_associated_with_condition	0
0.6787061	MONDO:0012786	HGNC:90	biolink:gene_associated_with_condition	0
0.5468714	MONDO:0012786	HGNC:8657	biolink:causes	0
0.7488461	MONDO:0012786	HGNC:12744	biolink:causes	0
0.71326095	MONDO:0012866	HGNC:10381	biolink:gene_associated_with_condition	0
0.70617366	MONDO:0012930	HGNC:14202	biolink:causes	0
0.97707844	MONDO:0012930	HGNC:27030	biolink:causes	0
0.9403609	MONDO:0012946	HGNC:2219	biolink:causes	0
0.8176066	MONDO:0012982	HGNC:5960	biolink:gene_associated_with_condition	0
0.93084925	MONDO:0012994	HGNC:18169	biolink:gene_associated_with_condition	0
0.55498546	MONDO:0013002	HGNC:16999	biolink:gene_associated_with_condition	0
0.9335518	MONDO:0013034	HGNC:19317	biolink:causes	0
0.35706475	MONDO:0013034	HGNC:25072	biolink:causes	0
0.6896919	MONDO:0013050	HGNC:2472	biolink:causes	0
0.9543976	MONDO:0013050	HGNC:3689	biolink:gene_associated_with_condition	0
0.24550886	MONDO:0013050	HGNC:20759	biolink:causes	0
0.9015046	MONDO:0013058	HGNC:888	biolink:causes	0
0.33804122	MONDO:0013070	HGNC:2418	biolink:causes	0
0.13368618	MONDO:0013070	HGNC:8117	biolink:gene_associated_with_condition	0
0.5110608	MONDO:0013110	HGNC:7001	biolink:gene_associated_with_condition	0
0.67904705	MONDO:0013110	HGNC:16783	biolink:gene_associated_with_condition	0
0.107201695	MONDO:0013162	HGNC:29525	biolink:causes	0
0.25755712	MONDO:0013162	HGNC:11701	biolink:causes	0
0.41381118	MONDO:0013170	HGNC:620	biolink:gene_associated_with_condition	0
0.24250413	MONDO:0013178	HGNC:4707	biolink:gene_associated_with_condition	0
0.9701	MONDO:0013178	HGNC:6305	biolink:causes	0
0.24018909	MONDO:0013198	HGNC:4868	biolink:causes	0
0.50132173	MONDO:0013198	HGNC:1762	biolink:causes	0
0.6307657	MONDO:0013214	HGNC:4512	biolink:causes	0
0.79183537	MONDO:0013218	HGNC:7883	biolink:causes	0
0.5582135	MONDO:0013222	HGNC:17073	biolink:causes	0
0.2104911	MONDO:0013222	HGNC:1343	biolink:causes	0
0.9332908	MONDO:0013342	HGNC:13993	biolink:gene_associated_with_condition	0
0.7423554	MONDO:0013342	HGNC:21307	biolink:causes	0
0.9474631	MONDO:0013350	HGNC:31555	biolink:causes	0
0.73320764	MONDO:0013390	HGNC:13818	biolink:causes	0
0.8911143	MONDO:0013390	HGNC:28845	biolink:causes	0
0.20230868	MONDO:0013398	HGNC:10993	biolink:causes	0
0.8307077	MONDO:0013414	HGNC:329	biolink:gene_associated_with_condition	0
0.8789453	MONDO:0013414	HGNC:30074	biolink:gene_associated_with_condition	0
0.7794251	MONDO:0013418	HGNC:6859	biolink:causes	0
0.98643094	MONDO:0013426	HGNC:7883	biolink:causes	0
0.08177656	MONDO:0013462	HGNC:24552	biolink:causes	0
0.7177796	MONDO:0013482	HGNC:2488	biolink:causes	0
0.5166167	MONDO:0013482	HGNC:6973	biolink:causes	0
0.9685306	MONDO:0013482	HGNC:20197	biolink:causes	0
0.84395796	MONDO:0013526	HGNC:6518	biolink:causes	0
0.4773993	MONDO:0013526	HGNC:4462	biolink:gene_associated_with_condition	0
0.90054506	MONDO:0013526	HGNC:17754	biolink:causes	0
0.7007787	MONDO:0013550	HGNC:16783	biolink:causes	0
0.045074996	MONDO:0013554	HGNC:10387	biolink:gene_associated_with_condition	0
0.78933555	MONDO:0013570	HGNC:28027	biolink:gene_associated_with_condition	0
0.68061703	MONDO:0013570	HGNC:26047	biolink:gene_associated_with_condition	0
0.92905116	MONDO:0013570	HGNC:19129	biolink:causes	0
0.7542405	MONDO:0013634	HGNC:1750	biolink:causes	0
0.811747	MONDO:0013634	HGNC:2212	biolink:gene_associated_with_condition	0
0.7318279	MONDO:0013634	HGNC:7690	biolink:causes	0
0.559723	MONDO:0013634	HGNC:21686	biolink:causes	0
0.22744909	MONDO:0013642	HGNC:9967	biolink:contributes_to	0
0.92284447	MONDO:0013678	HGNC:9179	biolink:causes	0
0.9021534	MONDO:0013686	HGNC:649	biolink:causes	0
0.9454809	MONDO:0013690	HGNC:28423	biolink:causes	0
0.52989286	MONDO:0013690	HGNC:6081	biolink:causes	0
0.12065104	MONDO:0013690	HGNC:11598	biolink:causes	0
0.94807655	MONDO:0013690	HGNC:27337	biolink:gene_associated_with_condition	0
0.8583796	MONDO:0013690	HGNC:19316	biolink:causes	0
0.95778996	MONDO:0013690	HGNC:9039	biolink:causes	0
0.9572319	MONDO:0013690	HGNC:9277	biolink:causes	0
0.70923656	MONDO:0013718	HGNC:6343	biolink:causes	0
0.37122527	MONDO:0013718	HGNC:10600	biolink:causes	0
0.46673003	MONDO:0013766	HGNC:7974	biolink:gene_associated_with_condition	0
0.3057155	MONDO:0013766	HGNC:25415	biolink:causes	0
0.7231871	MONDO:0013794	HGNC:2481	biolink:causes	0
0.43404382	MONDO:0013842	HGNC:1884	biolink:causes	0
0.67475474	MONDO:0013842	HGNC:9721	biolink:causes	0
0.48495948	MONDO:0013842	HGNC:1393	biolink:causes	0
0.56296355	MONDO:0013862	HGNC:3765	biolink:gene_associated_with_condition	0
0.9851929	MONDO:0013962	HGNC:26527	biolink:causes	0
0.93649465	MONDO:0013962	HGNC:5382	biolink:gene_associated_with_condition	0
0.18233748	MONDO:0013962	HGNC:28506	biolink:gene_associated_with_condition	0
0.9683948	MONDO:0014034	HGNC:3604	biolink:causes	0
0.8366546	MONDO:0014042	HGNC:18550	biolink:causes	0
0.7976026	MONDO:0014094	HGNC:10979	biolink:causes	0
0.6261465	MONDO:0014094	HGNC:29853	biolink:causes	0
0.8391532	MONDO:0014094	HGNC:5439	biolink:causes	0
0.7693447	MONDO:0014094	HGNC:29529	biolink:gene_associated_with_condition	0
0.9058208	MONDO:0014118	HGNC:9879	biolink:causes	0
0.43146572	MONDO:0014118	HGNC:2898	biolink:gene_associated_with_condition	0
0.61626005	MONDO:0014122	HGNC:26600	biolink:causes	0
0.26229447	MONDO:0014146	HGNC:10004	biolink:causes	0
0.9182468	MONDO:0014198	HGNC:8965	biolink:causes	0
0.12907833	MONDO:0014198	HGNC:8117	biolink:gene_associated_with_condition	0
0.6991073	MONDO:0014202	HGNC:20716	biolink:gene_associated_with_condition	0
0.75106746	MONDO:0014206	HGNC:10922	biolink:causes	0
0.656337	MONDO:0014210	HGNC:17761	biolink:causes	0
0.9112285	MONDO:0014218	HGNC:358	biolink:causes	0
0.8996063	MONDO:0014222	HGNC:1162	biolink:causes	0
0.798908	MONDO:0014222	HGNC:3267	biolink:causes	0
0.48445833	MONDO:0014230	HGNC:7103	biolink:gene_associated_with_condition	0
0.9294008	MONDO:0014230	HGNC:27337	biolink:gene_associated_with_condition	0
0.4693877	MONDO:0014238	HGNC:30859	biolink:causes	0
0.90817773	MONDO:0014242	HGNC:3373	biolink:causes	0
0.77805346	MONDO:0014274	HGNC:33939	biolink:causes	0
0.77630895	MONDO:0014282	HGNC:6217	biolink:gene_associated_with_condition	0
0.5990876	MONDO:0014282	HGNC:3767	biolink:causes	0
0.18170801	MONDO:0014290	HGNC:1606	biolink:contributes_to	0
0.07753919	MONDO:0014290	HGNC:30788	biolink:causes	0
0.6211501	MONDO:0014290	HGNC:3386	biolink:causes	0
0.9390352	MONDO:0014302	HGNC:9608	biolink:causes	0
0.3531306	MONDO:0014338	HGNC:800	biolink:causes	0
0.81504714	MONDO:0014338	HGNC:2202	biolink:gene_associated_with_condition	0
0.30543813	MONDO:0014346	HGNC:18149	biolink:causes	0
0.76927835	MONDO:0014346	HGNC:9879	biolink:causes	0
0.9293149	MONDO:0014358	HGNC:4868	biolink:causes	0
0.9213448	MONDO:0014386	HGNC:2187	biolink:causes	0
0.8867144	MONDO:0014386	HGNC:1514	biolink:causes	0
0.62590176	MONDO:0014386	HGNC:25751	biolink:gene_associated_with_condition	0
0.5194762	MONDO:0014386	HGNC:17097	biolink:causes	0
0.48886588	MONDO:0014386	HGNC:6415	biolink:causes	0
0.5414025	MONDO:0014386	HGNC:14579	biolink:causes	0
0.81464326	MONDO:0014398	HGNC:20492	biolink:gene_associated_with_condition	0
0.8885063	MONDO:0014406	HGNC:7413	biolink:gene_associated_with_condition	0
0.64975226	MONDO:0014434	HGNC:17258	biolink:causes	0
0.72324103	MONDO:0014450	HGNC:9967	biolink:causes	0
0.27166563	MONDO:0014466	HGNC:15802	biolink:gene_associated_with_condition	0
0.20782337	MONDO:0014466	HGNC:21158	biolink:gene_associated_with_condition	0
0.70475316	MONDO:0014474	HGNC:14253	biolink:gene_associated_with_condition	0
0.93655115	MONDO:0014490	HGNC:14937	biolink:causes	0
0.73775744	MONDO:0014490	HGNC:6898	biolink:causes	0
0.15196659	MONDO:0014494	HGNC:24071	biolink:causes	0
0.8335679	MONDO:0014518	HGNC:6859	biolink:causes	0
0.8384999	MONDO:0014518	HGNC:25221	biolink:gene_associated_with_condition	0
0.85409546	MONDO:0014518	HGNC:24113	biolink:causes	0
0.78528535	MONDO:0014522	HGNC:6823	biolink:causes	0
0.16853519	MONDO:0014550	HGNC:6107	biolink:causes	0
0.606053	MONDO:0014550	HGNC:26708	biolink:causes	0
0.90375257	MONDO:0014574	HGNC:18083	biolink:gene_associated_with_condition	0
0.6596708	MONDO:0014586	HGNC:9990	biolink:causes	0
0.6398566	MONDO:0014586	HGNC:177	biolink:gene_associated_with_condition	0
0.8204904	MONDO:0014586	HGNC:25221	biolink:gene_associated_with_condition	0
0.84116256	MONDO:0014586	HGNC:6518	biolink:causes	0
0.56619346	MONDO:0014602	HGNC:4379	biolink:causes	0
0.32472643	MONDO:0014622	HGNC:2946	biolink:causes	0
0.48386696	MONDO:0014622	HGNC:9004	biolink:gene_associated_with_condition	0
0.119491935	MONDO:0014622	HGNC:21066	biolink:causes	0
0.27065733	MONDO:0014630	HGNC:2666	biolink:gene_associated_with_condition	0
0.44450635	MONDO:0014630	HGNC:3146	biolink:causes	0
0.9070739	MONDO:0014646	HGNC:7437	biolink:gene_associated_with_condition	0
0.75008416	MONDO:0014670	HGNC:6439	biolink:gene_associated_with_condition	0
0.4992613	MONDO:0014670	HGNC:5286	biolink:causes	0
0.19810721	MONDO:0014682	HGNC:8849	biolink:causes	0
0.96245164	MONDO:0014686	HGNC:24525	biolink:causes	0
0.8755632	MONDO:0014686	HGNC:11182	biolink:gene_associated_with_condition	0
0.7722562	MONDO:0014686	HGNC:12299	biolink:gene_associated_with_condition	0
0.60568887	MONDO:0014710	HGNC:8546	biolink:causes	0
0.80167574	MONDO:0014718	HGNC:9069	biolink:gene_associated_with_condition	0
0.8479404	MONDO:0014738	HGNC:18340	biolink:causes	0
0.9371244	MONDO:0014754	HGNC:12009	biolink:causes	0
0.62531734	MONDO:0014754	HGNC:317	biolink:gene_associated_with_condition	0
0.68379515	MONDO:0014822	HGNC:8591	biolink:causes	0
0.67990553	MONDO:0014822	HGNC:3791	biolink:gene_associated_with_condition	0
0.89052725	MONDO:0014830	HGNC:4454	biolink:gene_associated_with_condition	0
0.5456578	MONDO:0014850	HGNC:29929	biolink:causes	0
0.662091	MONDO:0014866	HGNC:291	biolink:gene_associated_with_condition	0
0.66937375	MONDO:0014866	HGNC:3776	biolink:causes	0
0.41437164	MONDO:0014866	HGNC:25295	biolink:causes	0
0.31343782	MONDO:0014866	HGNC:2907	biolink:gene_associated_with_condition	0
0.5540265	MONDO:0014918	HGNC:13488	biolink:gene_associated_with_condition	0
0.9638426	MONDO:0014926	HGNC:2187	biolink:causes	0
0.9463323	MONDO:0014942	HGNC:951	biolink:causes	0
0.72219086	MONDO:0014946	HGNC:6973	biolink:causes	0
0.59971267	MONDO:0014970	HGNC:7461	biolink:gene_associated_with_condition	0
0.48581892	MONDO:0014998	HGNC:11584	biolink:gene_associated_with_condition	0
0.8509352	MONDO:0014998	HGNC:2858	biolink:gene_associated_with_condition	0
0.7796298	MONDO:0015010	HGNC:5383	biolink:causes	0
0.30173364	MONDO:0015010	HGNC:8996	biolink:causes	0
0.6262881	MONDO:0015283	HGNC:5383	biolink:gene_associated_with_condition	0
0.9103531	MONDO:0015520	HGNC:15455	biolink:causes	0
0.90516925	MONDO:0016216	HGNC:30074	biolink:gene_associated_with_condition	0
0.3596613	MONDO:0016216	HGNC:10961	biolink:gene_associated_with_condition	0
0.21228035	MONDO:0016216	HGNC:28506	biolink:gene_associated_with_condition	0
0.7682605	MONDO:0016308	HGNC:21642	biolink:gene_associated_with_condition	0
0.5118675	MONDO:0016308	HGNC:17073	biolink:causes	0
0.35593218	MONDO:0016316	HGNC:9829	biolink:causes	0
0.5694878	MONDO:0016356	HGNC:21638	biolink:gene_associated_with_condition	0
0.44619885	MONDO:0016356	HGNC:4241	biolink:gene_associated_with_condition	0
0.29685736	MONDO:0016476	HGNC:18550	biolink:causes	0
0.32502723	MONDO:0016476	HGNC:3257	biolink:gene_associated_with_condition	0
0.88953805	MONDO:0016672	HGNC:30074	biolink:gene_associated_with_condition	0
0.8263799	MONDO:0016780	HGNC:2211	biolink:gene_associated_with_condition	0
0.9111462	MONDO:0017052	HGNC:28660	biolink:gene_associated_with_condition	0
0.68767846	MONDO:0017052	HGNC:14974	biolink:causes	0
0.81517017	MONDO:0017116	HGNC:6572	biolink:causes	0
0.124096476	MONDO:0017172	HGNC:8108	biolink:gene_associated_with_condition	0
0.9465896	MONDO:0017176	HGNC:20249	biolink:causes	0
0.83380795	MONDO:0017176	HGNC:2212	biolink:gene_associated_with_condition	0
0.5466955	MONDO:0017308	HGNC:12440	biolink:causes	0
0.73107284	MONDO:0017360	HGNC:8818	biolink:gene_associated_with_condition	0
0.17178325	MONDO:0017360	HGNC:17020	biolink:contributes_to	0
0.9227989	MONDO:0017360	HGNC:28385	biolink:causes	0
0.2222333	MONDO:0017544	HGNC:10780	biolink:causes	0
0.31775805	MONDO:0017544	HGNC:2260	biolink:causes	0
0.75664485	MONDO:0017696	HGNC:4263	biolink:gene_associated_with_condition	0
0.30854273	MONDO:0017696	HGNC:12015	biolink:causes	0
0.06147171	MONDO:0017844	HGNC:126	biolink:causes	0
0.76722413	MONDO:0017844	HGNC:8101	biolink:causes	0
0.08192127	MONDO:0018000	HGNC:1093	biolink:gene_associated_with_condition	0
0.16222125	MONDO:0018000	HGNC:11535	biolink:gene_associated_with_condition	0
0.5807521	MONDO:0018092	HGNC:9706	biolink:gene_associated_with_condition	0
0.6599679	MONDO:0018112	HGNC:9236	biolink:gene_associated_with_condition	0
0.868016	MONDO:0018144	HGNC:218	biolink:causes	0
0.8159176	MONDO:0018144	HGNC:2500	biolink:gene_associated_with_condition	0
0.42402303	MONDO:0018273	HGNC:7467	biolink:causes	0
0.91237676	MONDO:0018273	HGNC:29203	biolink:gene_associated_with_condition	0
0.93015844	MONDO:0018277	HGNC:26033	biolink:causes	0
0.7487173	MONDO:0018333	HGNC:9719	biolink:gene_associated_with_condition	0
0.3445095	MONDO:0018393	HGNC:7154	biolink:gene_associated_with_condition	0
0.8508672	MONDO:0018393	HGNC:9965	biolink:gene_associated_with_condition	0
0.7869858	MONDO:0018393	HGNC:12718	biolink:causes	0
0.6309698	MONDO:0018393	HGNC:21022	biolink:gene_associated_with_condition	0
0.86048657	MONDO:0018393	HGNC:11546	biolink:causes	0
0.5842853	MONDO:0018417	HGNC:11020	biolink:causes	0
0.5958216	MONDO:0018417	HGNC:11280	biolink:causes	0
0.084994875	MONDO:0018761	HGNC:11998	biolink:contributes_to	0
0.67982876	MONDO:0018821	HGNC:9386	biolink:causes	0
0.8921758	MONDO:0018877	HGNC:7744	biolink:contributes_to	0
0.8504923	MONDO:0018877	HGNC:16068	biolink:gene_associated_with_condition	0
0.6555028	MONDO:0019113	HGNC:10294	biolink:causes	0
0.13415264	MONDO:0019157	HGNC:468	biolink:gene_associated_with_condition	0
0.4047952	MONDO:0019157	HGNC:10254	biolink:causes	0
0.69611347	MONDO:0019407	HGNC:10852	biolink:causes	0
0.47521827	MONDO:0019475	HGNC:6254	biolink:causes	0
0.56053615	MONDO:0019635	HGNC:17321	biolink:causes	0
0.81324214	MONDO:0019828	HGNC:634	biolink:causes	0
0.67690176	MONDO:0019828	HGNC:33	biolink:gene_associated_with_condition	0
0.7072589	MONDO:0019828	HGNC:14374	biolink:causes	0
0.82892966	MONDO:0019828	HGNC:851	biolink:causes	0
0.65750736	MONDO:0019848	HGNC:2770	biolink:causes	0
0.020760603	MONDO:0019896	HGNC:10907	biolink:gene_associated_with_condition	0
0.3364108	MONDO:0020298	HGNC:4312	biolink:contributes_to	0
0.5888103	MONDO:0020298	HGNC:20788	biolink:gene_associated_with_condition	0
0.44499114	MONDO:0020354	HGNC:20759	biolink:causes	0
0.84943205	MONDO:0020378	HGNC:12872	biolink:gene_associated_with_condition	0
0.6462113	MONDO:0020378	HGNC:4799	biolink:gene_associated_with_condition	0
0.8583552	MONDO:0020378	HGNC:6239	biolink:gene_associated_with_condition	0
0.71167153	MONDO:0020378	HGNC:1343	biolink:causes	0
0.39683008	MONDO:0020434	HGNC:24555	biolink:causes	0
0.36675876	MONDO:0020434	HGNC:10582	biolink:gene_associated_with_condition	0
0.04217316	MONDO:0020482	HGNC:17811	biolink:gene_associated_with_condition	0
0.40645254	MONDO:0020506	HGNC:3356	biolink:gene_associated_with_condition	0
0.3079054	MONDO:0020506	HGNC:12601	biolink:causes	0
0.54525095	MONDO:0020506	HGNC:1786	biolink:gene_associated_with_condition	0
0.78916216	MONDO:0020603	HGNC:132	biolink:causes	0
0.92247707	MONDO:0020603	HGNC:10771	biolink:gene_associated_with_condition	0
0.7502686	MONDO:0020607	HGNC:236	biolink:causes	0
0.026449218	MONDO:0020611	HGNC:6207	biolink:gene_associated_with_condition	0
0.040822968	MONDO:0020619	HGNC:9967	biolink:causes	0
0.8604132	MONDO:0020631	HGNC:360	biolink:gene_associated_with_condition	0
0.67905587	MONDO:0020692	HGNC:11771	biolink:causes	0
0.0764372	MONDO:0020748	HGNC:3544	biolink:gene_associated_with_condition	0
0.38962075	MONDO:0020748	HGNC:11182	biolink:gene_associated_with_condition	0
0.18873084	MONDO:0020788	HGNC:9459	biolink:causes	0
0.24661091	MONDO:0020788	HGNC:14348	biolink:gene_associated_with_condition	0
0.5979617	MONDO:0020841	HGNC:29796	biolink:causes	0
0.5896888	MONDO:0023662	HGNC:5173	biolink:causes	0
0.66583854	MONDO:0024457	HGNC:4042	biolink:causes	0
0.9868758	MONDO:0024457	HGNC:26270	biolink:gene_associated_with_condition	0
0.18763652	MONDO:0024541	HGNC:738	biolink:gene_associated_with_condition	0
0.48893362	MONDO:0024541	HGNC:13356	biolink:causes	0
0.52811855	MONDO:0024541	HGNC:4173	biolink:gene_associated_with_condition	0
0.8291203	MONDO:0024541	HGNC:8857	biolink:gene_associated_with_condition	0
0.8500787	MONDO:0024553	HGNC:3754	biolink:gene_associated_with_condition	0
0.89053226	MONDO:0024557	HGNC:17341	biolink:gene_associated_with_condition	0
0.07118291	MONDO:0025354	HGNC:1331	biolink:causes	0
0.2367473	MONDO:0025354	HGNC:1445	biolink:causes	0
0.19365078	MONDO:0025354	HGNC:11828	biolink:causes	0
0.2872962	MONDO:0025354	HGNC:27337	biolink:causes	0
0.2693031	MONDO:0025354	HGNC:28991	biolink:causes	0
0.7535356	MONDO:0026733	HGNC:6257	biolink:causes	0
0.25822687	MONDO:0026733	HGNC:13203	biolink:causes	0
0.9743916	MONDO:0026733	HGNC:19747	biolink:gene_associated_with_condition	0
0.49921587	MONDO:0026777	HGNC:25839	biolink:gene_associated_with_condition	0
0.8322217	MONDO:0026777	HGNC:3255	biolink:gene_associated_with_condition	0
0.14690821	MONDO:0029465	HGNC:123	biolink:causes	0
0.27334043	MONDO:0030007	HGNC:4798	biolink:contributes_to	0
0.46790382	MONDO:0030060	HGNC:6192	biolink:gene_associated_with_condition	0
0.9691989	MONDO:0030060	HGNC:7060	biolink:gene_associated_with_condition	0
0.8410168	MONDO:0030366	HGNC:24861	biolink:causes	0
0.5786461	MONDO:0030366	HGNC:10009	biolink:gene_associated_with_condition	0
0.7691557	MONDO:0030366	HGNC:2505	biolink:gene_associated_with_condition	0
0.8919723	MONDO:0030457	HGNC:14508	biolink:causes	0
0.7439948	MONDO:0030457	HGNC:14539	biolink:contributes_to	0
0.9185908	MONDO:0030457	HGNC:4220	biolink:gene_associated_with_condition	0
0.2356367	MONDO:0030619	HGNC:388	biolink:gene_associated_with_condition	0
0.5075751	MONDO:0030619	HGNC:4319	biolink:causes	0
0.5808589	MONDO:0030619	HGNC:10593	biolink:contributes_to	0
0.67413825	MONDO:0030905	HGNC:3999	biolink:gene_associated_with_condition	0
0.76444197	MONDO:0030905	HGNC:26114	biolink:causes	0
0.630545	MONDO:0030987	HGNC:7010	biolink:gene_associated_with_condition	0
0.8203801	MONDO:0030987	HGNC:3823	biolink:causes	0
0.8057678	MONDO:0030995	HGNC:24552	biolink:causes	0
0.55813855	MONDO:0030995	HGNC:25705	biolink:causes	0
0.2547767	MONDO:0031446	HGNC:26708	biolink:causes	0
0.13989243	MONDO:0031446	HGNC:12851	biolink:gene_associated_with_condition	0
0.8043888	MONDO:0032577	HGNC:9177	biolink:causes	0
0.78210896	MONDO:0032577	HGNC:11654	biolink:causes	0
0.66707194	MONDO:0032581	HGNC:2514	biolink:causes	0
0.655641	MONDO:0032592	HGNC:620	biolink:gene_associated_with_condition	0
0.8708537	MONDO:0032592	HGNC:16133	biolink:causes	0
0.22799145	MONDO:0032592	HGNC:1375	biolink:causes	0
0.8962162	MONDO:0032611	HGNC:2194	biolink:gene_associated_with_condition	0
0.10209474	MONDO:0032677	HGNC:6120	biolink:gene_associated_with_condition	0
0.9722135	MONDO:0032677	HGNC:2200	biolink:causes	0
0.8221227	MONDO:0032677	HGNC:9921	biolink:causes	0
0.89143574	MONDO:0032677	HGNC:8857	biolink:gene_associated_with_condition	0
0.96974784	MONDO:0032687	HGNC:9202	biolink:gene_associated_with_condition	0
0.8818658	MONDO:0032723	HGNC:21474	biolink:causes	0
0.84637886	MONDO:0032728	HGNC:6842	biolink:causes	0
0.6753241	MONDO:0032728	HGNC:7881	biolink:causes	0
0.18751752	MONDO:0032781	HGNC:7634	biolink:gene_associated_with_condition	0
0.6586974	MONDO:0032817	HGNC:8091	biolink:gene_associated_with_condition	0
0.17911763	MONDO:0032817	HGNC:11598	biolink:gene_associated_with_condition	0
0.983524	MONDO:0032855	HGNC:13315	biolink:gene_associated_with_condition	0
0.99210244	MONDO:0032855	HGNC:1786	biolink:causes	0
0.84474844	MONDO:0032868	HGNC:11769	biolink:causes	0
0.39240658	MONDO:0032868	HGNC:1919	biolink:gene_associated_with_condition	0
0.6861206	MONDO:0032868	HGNC:18141	biolink:causes	0
0.81695426	MONDO:0032868	HGNC:25774	biolink:causes	0
0.92285955	MONDO:0032872	HGNC:11582	biolink:gene_associated_with_condition	0
0.99245524	MONDO:0032888	HGNC:26270	biolink:causes	0
0.79586214	MONDO:0032892	HGNC:14304	biolink:causes	0
0.845293	MONDO:0032900	HGNC:90	biolink:gene_associated_with_condition	0
0.3300694	MONDO:0032904	HGNC:9236	biolink:gene_associated_with_condition	0
0.8178363	MONDO:0032924	HGNC:719	biolink:causes	0
0.8660922	MONDO:0032933	HGNC:4392	biolink:gene_associated_with_condition	0
0.32733372	MONDO:0032937	HGNC:18124	biolink:causes	0
0.9369908	MONDO:0032937	HGNC:25712	biolink:gene_associated_with_condition	0
0.68945414	MONDO:0032937	HGNC:28991	biolink:causes	0
0.97560436	MONDO:0033009	HGNC:14974	biolink:causes	0
0.91090393	MONDO:0033045	HGNC:18591	biolink:causes	0
0.52884644	MONDO:0033045	HGNC:12299	biolink:gene_associated_with_condition	0
0.58688337	MONDO:0033259	HGNC:6235	biolink:causes	0
0.6444265	MONDO:0033533	HGNC:12565	biolink:causes	0
0.7778433	MONDO:0033533	HGNC:7652	biolink:gene_associated_with_condition	0
0.7886868	MONDO:0033542	HGNC:18621	biolink:causes	0
0.8416965	MONDO:0033542	HGNC:6407	biolink:causes	0
0.19180758	MONDO:0033559	HGNC:4678	biolink:causes	0
0.77288693	MONDO:0033668	HGNC:7572	biolink:gene_associated_with_condition	0
0.04545081	MONDO:0034991	HGNC:11020	biolink:causes	0
0.50177014	MONDO:0035472	HGNC:7437	biolink:causes	0
0.8290116	MONDO:0037149	HGNC:15455	biolink:gene_associated_with_condition	0
0.63599217	MONDO:0044222	HGNC:6415	biolink:causes	0
0.03766044	MONDO:0044282	HGNC:3007	biolink:causes	0
0.17680396	MONDO:0044313	HGNC:26535	biolink:gene_associated_with_condition	0
0.085780635	MONDO:0044617	HGNC:4851	biolink:gene_associated_with_condition	0
0.030243455	MONDO:0044617	HGNC:9706	biolink:gene_associated_with_condition	0
0.09277431	MONDO:0044617	HGNC:15508	biolink:causes	0
0.092520155	MONDO:0044617	HGNC:18683	biolink:causes	0
0.49745822	MONDO:0044714	HGNC:14959	biolink:gene_associated_with_condition	0
0.66749877	MONDO:0044714	HGNC:1718	biolink:causes	0
0.7723861	MONDO:0044718	HGNC:1337	biolink:gene_associated_with_condition	0
0.7659927	MONDO:0044723	HGNC:799	biolink:causes	0
0.49449953	MONDO:0054780	HGNC:589	biolink:causes	0
0.7534202	MONDO:0060556	HGNC:9282	biolink:causes	0
0.7415164	MONDO:0060556	HGNC:1388	biolink:causes	0
0.69048184	MONDO:0060556	HGNC:3436	biolink:gene_associated_with_condition	0
0.8913695	MONDO:0060663	HGNC:11609	biolink:causes	0
0.82506853	MONDO:0060663	HGNC:24931	biolink:gene_associated_with_condition	0
0.71246964	MONDO:0060663	HGNC:1388	biolink:gene_associated_with_condition	0
0.42728096	MONDO:0060702	HGNC:12765	biolink:gene_associated_with_condition	0
0.9240284	MONDO:0100217	HGNC:2348	biolink:gene_associated_with_condition	0
0.66493434	MONDO:0100229	HGNC:20297	biolink:causes	0
0.03373318	MONDO:0100289	HGNC:4204	biolink:causes	0
0.03491803	MONDO:0100289	HGNC:9066	biolink:gene_associated_with_condition	0
0.1041864	MONDO:0100289	HGNC:11005	biolink:causes	0
0.88437253	MONDO:0700343	HGNC:8617	biolink:causes	0
0.8730436	MONDO:0800029	HGNC:9251	biolink:causes	0
0.93146116	MONDO:0800029	HGNC:14938	biolink:gene_associated_with_condition	0
0.5701163	MONDO:0800029	HGNC:8620	biolink:gene_associated_with_condition	0
0.83946306	MONDO:0800029	HGNC:8851	biolink:gene_associated_with_condition	0
0.85589236	MONDO:0800438	HGNC:8896	biolink:gene_associated_with_condition	0
0.28726155	MONDO:0850095	HGNC:19358	biolink:causes	0
0.27992058	MONDO:0850095	HGNC:14415	biolink:causes	0
0.7920593	MONDO:0859226	HGNC:4180	biolink:gene_associated_with_condition	0
0.07270544	MONDO:0859293	HGNC:17019	biolink:causes	0
0.63583046	MONDO:0859311	HGNC:26058	biolink:causes	0
0.12168224	MONDO:0859311	HGNC:25636	biolink:causes	0
0.9186377	MONDO:0859320	HGNC:7944	biolink:causes	0
0.19764152	MONDO:0859374	HGNC:5476	biolink:gene_associated_with_condition	0
0.61347395	MONDO:0859572	HGNC:11998	biolink:gene_associated_with_condition	0
0.4058354	MONDO:0957268	HGNC:9508	biolink:causes	0
0.96760803	MONDO:0957284	HGNC:1067	biolink:causes	0
0.3828213	MONDO:0957572	HGNC:9967	biolink:causes	0
0.33711436	MONDO:0957922	HGNC:9967	biolink:causes	0
0.9041211	MONDO:0958071	HGNC:21637	biolink:gene_associated_with_condition	0
0.77804905	MONDO:0958071	HGNC:2343	biolink:causes	0
0.4867573	MONDO:0958194	HGNC:4367	biolink:causes	0
0.15916198	MONDO:0958194	HGNC:23785	biolink:gene_associated_with_condition	0
0.46061704	MONDO:0958237	HGNC:2468	biolink:causes	0
0.37425557	MONDO:0958354	HGNC:11934	biolink:contributes_to	0
0.29639822	MONDO:0958354	HGNC:5228	biolink:gene_associated_with_condition	0
0.40756607	MONDO:0971002	HGNC:24097	biolink:causes	0
0.3684987	MONDO:0971069	HGNC:10961	biolink:gene_associated_with_condition	0
0.8689516	MONDO:0971172	HGNC:7569	biolink:gene_associated_with_condition	0
0.97992104	MONDO:0971172	HGNC:24713	biolink:gene_associated_with_condition	0
0.68016607	MONDO:0971176	HGNC:3435	biolink:causes	0
0.36210537	MONDO:0971176	HGNC:7690	biolink:causes	0
0.5952456	MONDO:0975757	HGNC:20372	biolink:causes	0
0.47520664	MONDO:0975757	HGNC:3424	biolink:causes	0
0.5547212	MONDO:0975757	HGNC:3689	biolink:gene_associated_with_condition	0
0.3183757	MONDO:0975757	HGNC:11599	biolink:causes	0
0.033206526	MONDO:0975795	HGNC:7473	biolink:gene_associated_with_condition	0
0.04902285	MONDO:0975795	HGNC:24678	biolink:gene_associated_with_condition	0
0.070036195	MONDO:0975795	HGNC:8620	biolink:gene_associated_with_condition	0
0.39801747	MONDO:0975887	HGNC:11311	biolink:gene_associated_with_condition	0
0.12592043	MONDO:0976266	HGNC:3423	biolink:causes	0
0.17278346	MONDO:0976266	HGNC:28506	biolink:gene_associated_with_condition	0
