gene	disease	100	40	60	80	none
HGNC:10004	MONDO:0958180	2	978	152	68	4422
HGNC:10009	MONDO:0019107	5124	19210	7294	5308	17420
HGNC:1001	MONDO:0020324	450	8470	23120	566	1988
HGNC:10012	MONDO:0008377	16	40	38	32	30
HGNC:10019	MONDO:0020849	82	2812	6624	5102	10058
HGNC:10023	MONDO:0007922	3384	5088	4986	1758	4552
HGNC:10023	MONDO:0014343	800	1004	968	1004	1046
HGNC:10024	MONDO:0008377	302	340	196	146	336
HGNC:10024	MONDO:0011839	66	136	64	46	96
HGNC:10031	MONDO:0011338	736	846	786	2348	1224
HGNC:10031	MONDO:0014343	650	240	194	160	46
HGNC:10057	MONDO:0034106	6	28	6	2	6
HGNC:10061	MONDO:0859171	1382	6752	4672	5174	5472
HGNC:10074	MONDO:0957561	15818	17674	17064	14752	23362
HGNC:1014	MONDO:0020512	272	4536	178	3160	4182
HGNC:10193	MONDO:0971172	1	1	1	1	1
HGNC:1020	MONDO:0009872	622	4072	1598	278	1578
HGNC:10254	MONDO:0011974	110	208	80	112	134
HGNC:10256	MONDO:0033200	352	8808	6068	5220	7570
HGNC:10258	MONDO:0060745	122	74	34	4	22
HGNC:10260	MONDO:0007922	36	30	16	4	42
HGNC:10260	MONDO:0014710	50	746	438	40	4382
HGNC:10263	MONDO:0008377	1344	178	386	324	1070
HGNC:10289	MONDO:0030690	230	5876	5440	5190	6872
HGNC:10294	MONDO:0008377	12	112	62	30	80
HGNC:10294	MONDO:0008765	92	62	36	76	58
HGNC:10295	MONDO:0010227	202	262	280	232	240
HGNC:10295	MONDO:0010443	8146	232	3248	188	230
HGNC:10298	MONDO:0014343	1722	856	884	932	870
HGNC:103	MONDO:0020787	128	10	8	8	98
HGNC:10301	MONDO:0012938	1660	5048	5294	6538	4282
HGNC:10303	MONDO:0018254	33456	8550	17140	27506	7892
HGNC:10327	MONDO:0013964	224	6832	5300	5962	5718
HGNC:10345	MONDO:0012925	38734	6338	5358	5824	7516
HGNC:1037	MONDO:0014255	10	6484	70	14	3068
HGNC:10378	MONDO:0033533	5716	4278	4180	5702	5388
HGNC:10381	MONDO:0018435	6726	19870	13352	4718	9830
HGNC:10383	MONDO:0013216	20760	8616	9872	23120	10316
HGNC:10387	MONDO:0007925	622	5034	10568	5594	8018
HGNC:10389	MONDO:0032670	18102	5162	7322	7892	4532
HGNC:10397	MONDO:0012924	13428	7084	7686	6356	5428
HGNC:10411	MONDO:0012529	1338	6452	5844	1234	3298
HGNC:1044	MONDO:0007524	32	36	26	30	30
HGNC:1044	MONDO:0010515	196	92	60	98	104
HGNC:1044	MONDO:0014343	506	486	594	498	390
HGNC:1044	MONDO:0850095	22516	5454	5698	31520	4032
HGNC:10446	MONDO:0020745	20	70	10	8	22
HGNC:10447	MONDO:0007922	24	32	38	54	26
HGNC:10447	MONDO:0014343	580	400	466	410	340
HGNC:10451	MONDO:0957993	252	578	2404	558	4198
HGNC:10468	MONDO:0011489	22	20	36	40	368
HGNC:10471	MONDO:0100083	2	2	2	2	2
HGNC:10472	MONDO:0007340	2	18	8	2	38
HGNC:10483	MONDO:0007294	110	116	44	28	20
HGNC:10483	MONDO:0015793	256	612	760	440	946
HGNC:10483	MONDO:0020485	38	12	10	6	6
HGNC:10484	MONDO:0017402	122	2210	1416	1018	8210
HGNC:105	MONDO:0009007	120	8	8	6	220
HGNC:10521	MONDO:0009775	5412	614	4	6	1126
HGNC:10524	MONDO:0014343	1010	744	520	460	494
HGNC:10526	MONDO:0009002	270	2518	338	4438	3060
HGNC:10542	MONDO:0014117	40	286	488	218	594
HGNC:10547	MONDO:0011816	2	2	2	2	2
HGNC:10548	MONDO:0008119	386	62	92	696	24
HGNC:10560	MONDO:0016163	904	1832	2546	1716	3902
HGNC:10582	MONDO:0009459	78	3106	2642	1476	13414
HGNC:10582	MONDO:0017629	27330	974	23558	20836	39356
HGNC:10583	MONDO:0014244	32	206	28	16	268
HGNC:10583	MONDO:0017629	9482	29918	26798	33754	38364
HGNC:10586	MONDO:0014155	876	554	1356	38	2636
HGNC:10588	MONDO:0011794	24	372	166	142	486
HGNC:10588	MONDO:0011904	120	70	18	42	26
HGNC:10588	MONDO:0013388	132	82	38	30	126
HGNC:10589	MONDO:0014156	28	5280	154	26	6138
HGNC:10590	MONDO:0054776	158	14	10	14	18
HGNC:10591	MONDO:0020482	9818	1460	1372	852	1174
HGNC:10591	MONDO:0957265	2	2	2	2	2
HGNC:10593	MONDO:0010086	2006	6316	6588	4968	10594
HGNC:10593	MONDO:0011003	206	1754	96	54	194
HGNC:10593	MONDO:0020745	12	10	10	10	10
HGNC:10593	MONDO:0024562	14	2396	278	108	1596
HGNC:10596	MONDO:0011178	334	744	506	214	1240
HGNC:10596	MONDO:0013801	80	8	8	4	8
HGNC:10596	MONDO:0100092	7564	818	1136	396	1418
HGNC:10597	MONDO:0007571	18	6	4	8	8
HGNC:10597	MONDO:0008179	8	14	2	2	20
HGNC:10597	MONDO:0009459	22	10	8	8	20
HGNC:10597	MONDO:0017629	16586	6834	30428	37810	39576
HGNC:10600	MONDO:0008887	22	1020	1408	88	3012
HGNC:10600	MONDO:0020607	6232	98	322	64	1506
HGNC:10603	MONDO:0700250	32	34	18	42	22
HGNC:10604	MONDO:0020207	14454	484	58	3278	662
HGNC:10604	MONDO:0700250	42	22	10	10	8
HGNC:10606	MONDO:0013391	138	580	50	48	192
HGNC:10610	MONDO:0004951	40	136	58	40	46
HGNC:1062	MONDO:0013595	2	6634	56	36	5980
HGNC:10632	MONDO:0004951	88	184	96	110	186
HGNC:10648	MONDO:0009843	426	770	384	1686	1786
HGNC:10663	MONDO:0030849	32158	3958	1860	1970	2882
HGNC:10664	MONDO:0008377	4014	130	444	334	1546
HGNC:10664	MONDO:0009598	430	2	2	2	2
HGNC:1067	MONDO:0012892	60	40	46	46	44
HGNC:10680	MONDO:0031006	412	1812	2506	1108	1670
HGNC:10680	MONDO:0100294	646	1970	2162	1596	770
HGNC:10682	MONDO:0011740	12	392	382	76	278
HGNC:10683	MONDO:0011740	26	654	448	302	374
HGNC:1069	MONDO:0007216	60	2332	556	354	1974
HGNC:10701	MONDO:0011911	1120	526	432	58	178
HGNC:10702	MONDO:0014802	1542	4906	4346	424	6254
HGNC:10706	MONDO:0009820	48	34	36	34	54
HGNC:10706	MONDO:0014573	284	50	66	34	152
HGNC:1071	MONDO:0008377	11136	5124	6034	7808	3664
HGNC:10719	MONDO:0029144	31314	6594	4860	980	6682
HGNC:10723	MONDO:0014343	1116	604	606	692	810
HGNC:10727	MONDO:0007794	30	26	30	18	30
HGNC:10736	MONDO:0007404	19840	22958	23846	12974	29854
HGNC:1076	MONDO:0008276	11930	9748	7816	5504	7224
HGNC:1076	MONDO:0012041	3582	13124	11588	9668	13500
HGNC:1077	MONDO:0007216	102	1162	64	166	738
HGNC:1077	MONDO:0009231	2078	5026	4640	4258	4082
HGNC:10771	MONDO:0007943	78	14	28	22	120
HGNC:10771	MONDO:0014343	694	716	920	790	730
HGNC:10780	MONDO:0957583	34066	21016	15462	36096	13806
HGNC:10799	MONDO:0800029	4	10	6	6	6
HGNC:10802	MONDO:0024465	76	82	166	64	56
HGNC:10805	MONDO:0011968	350	38	24	32	8
HGNC:10809	MONDO:0009677	20	10	2	6	8
HGNC:10818	MONDO:0014343	368	10	106	76	80
HGNC:10848	MONDO:0008572	9784	11666	6080	5372	6448
HGNC:10852	MONDO:0030866	1872	2400	2492	1682	3658
HGNC:10853	MONDO:0014343	794	72	34	50	68
HGNC:10872	MONDO:0018274	20	2	2	2	2
HGNC:10879	MONDO:0012989	576	2026	2192	2084	7766
HGNC:10887	MONDO:0011519	110	8024	1800	3650	4728
HGNC:10889	MONDO:0007999	2	2	2	2	2
HGNC:10889	MONDO:0019758	10	904	568	22	538
HGNC:10896	MONDO:0008426	154	152	144	198	204
HGNC:1090	MONDO:0013839	252	324	734	36	1190
HGNC:1090	MONDO:0014180	100	3916	6960	5470	6780
HGNC:10905	MONDO:0031446	180	5496	6152	6648	10562
HGNC:10906	MONDO:0013214	68	24	20	18	282
HGNC:10907	MONDO:0009061	35344	14590	20038	26956	20286
HGNC:10908	MONDO:0008787	28	8418	12292	442	3028
HGNC:10909	MONDO:0011631	324	4	2	2	16
HGNC:10914	MONDO:0000902	26	2	2	2	2
HGNC:10922	MONDO:0009501	14	5590	4756	6030	17656
HGNC:10922	MONDO:0012396	4294	4498	1916	4018	4398
HGNC:10922	MONDO:0014490	20	6856	3424	6110	8966
HGNC:1093	MONDO:0009113	12	824	18	20	2140
HGNC:1093	MONDO:0016598	7134	28266	19032	27834	12752
HGNC:10936	MONDO:0020345	34	266	20	36	3198
HGNC:10937	MONDO:0957955	172	42	2	8	18
HGNC:10939	MONDO:0009110	644	16082	6700	1760	9398
HGNC:10941	MONDO:0012982	22	54	12	24	392
HGNC:10955	MONDO:0013756	16	6	2	6	80
HGNC:10961	MONDO:0009379	20	70	38	42	50
HGNC:10969	MONDO:0008919	38	38	16	26	38
HGNC:1097	MONDO:0007922	44	64	82	76	90
HGNC:1097	MONDO:0016692	1148	4326	6126	1368	2972
HGNC:10979	MONDO:0014072	168	2792	1204	910	2510
HGNC:10979	MONDO:0020345	3276	5740	4724	4196	3596
HGNC:10979	MONDO:0032596	684	2462	1600	2050	4516
HGNC:10982	MONDO:0013056	92	24	20	10	68
HGNC:10985	MONDO:0009393	18	2	2	2	2
HGNC:10993	MONDO:0957268	2	100	24	24	402
HGNC:10994	MONDO:0007740	352	520	154	292	150
HGNC:10994	MONDO:0009107	70	20	10	16	28
HGNC:10998	MONDO:0012089	124	202	48	560	1506
HGNC:1100	MONDO:0011450	1	1	1	1	1
HGNC:1100	MONDO:0013685	7872	3484	10	4	1616
HGNC:11005	MONDO:0011724	988	1060	562	2262	952
HGNC:11005	MONDO:0012143	584	230	462	2658	1540
HGNC:11005	MONDO:0012805	346	452	1086	1180	4596
HGNC:11006	MONDO:0009216	2	2	2	2	2
HGNC:1101	MONDO:0011584	2	144	12	238	20
HGNC:1101	MONDO:0013235	3808	2128	6	6	20
HGNC:1101	MONDO:0015278	15314	386	5036	2126	644
HGNC:11013	MONDO:0011973	2108	9072	6416	12212	9800
HGNC:11016	MONDO:0957211	222	4	6	4	4
HGNC:11018	MONDO:0958331	4	2	2	2	2
HGNC:11019	MONDO:0016579	7628	11648	26786	5676	1780
HGNC:11020	MONDO:0009928	180	8914	6064	6718	7378
HGNC:11027	MONDO:0008368	30	290	12	8	172
HGNC:11027	MONDO:0012700	34	4	6	4	68
HGNC:11030	MONDO:0011422	2	2	2	2	16
HGNC:11050	MONDO:0008114	4000	26442	10742	14612	11634
HGNC:11051	MONDO:0013827	8	6	2	6	6
HGNC:11052	MONDO:0007777	58	52	18	12	32
HGNC:11056	MONDO:0017354	8906	6334	13610	7184	8334
HGNC:11065	MONDO:0009109	52	2	2	2	2
HGNC:11071	MONDO:0014572	258	878	728	874	4198
HGNC:11073	MONDO:0014808	8	4	4	4	14
HGNC:11079	MONDO:0010278	2	2	2	2	2
HGNC:11094	MONDO:0008244	724	26280	16378	19352	17386
HGNC:11098	MONDO:0859139	818	296	78	52	682
HGNC:11100	MONDO:0013821	962	4218	2550	1714	3036
HGNC:11100	MONDO:0014343	242	924	840	876	834
HGNC:11100	MONDO:0018761	11332	7924	7972	8322	17930
HGNC:11102	MONDO:0009458	2	2	2	2	2
HGNC:11102	MONDO:0014343	1334	182	180	232	158
HGNC:11109	MONDO:0014343	444	760	660	778	570
HGNC:11109	MONDO:0016995	278	566	4432	1952	108
HGNC:11114	MONDO:0010355	178	2	2	2	2
HGNC:11117	MONDO:0010056	266	1632	242	510	4044
HGNC:11118	MONDO:0010056	372	14934	7194	5844	7640
HGNC:11119	MONDO:0011556	7666	6182	18	8384	634
HGNC:11123	MONDO:0010664	22	2	2	2	2
HGNC:11138	MONDO:0007488	7502	5876	14228	9306	15326
HGNC:11153	MONDO:0007301	566	1886	2220	1536	1796
HGNC:11161	MONDO:0014027	14718	13772	9936	14660	6816
HGNC:11164	MONDO:0015783	3178	3318	4836	4982	5646
HGNC:11167	MONDO:0020745	22	14	16	16	14
HGNC:11179	MONDO:0007103	20158	12272	13190	20508	8900
HGNC:11182	MONDO:0036189	2	2	2	2	2
HGNC:11184	MONDO:0030055	190	1274	814	464	1656
HGNC:11187	MONDO:0008542	8100	5762	330	2012	3036
HGNC:11195	MONDO:0008799	2486	5502	5458	5562	5808
HGNC:11195	MONDO:0014343	310	990	984	974	922
HGNC:11199	MONDO:0019032	12118	2498	3392	4312	5016
HGNC:1122	MONDO:0009665	1032	2	2	2	2
HGNC:11220	MONDO:0012401	23508	29318	8458	23304	18108
HGNC:11226	MONDO:0011445	6	2	2	2	2
HGNC:11231	MONDO:0008437	268	158	106	16	372
HGNC:11254	MONDO:0032942	714	404	604	720	3318
HGNC:11257	MONDO:0012994	354	600	398	998	762
HGNC:11272	MONDO:0010053	23900	7572	5158	9410	5588
HGNC:11273	MONDO:0957815	948	3466	2584	2340	3282
HGNC:11274	MONDO:0054780	28	6268	1332	28	5344
HGNC:11276	MONDO:0010848	124	3194	480	198	2724
HGNC:11276	MONDO:0014159	500	2370	1108	982	3334
HGNC:11277	MONDO:0008086	94	708	172	140	114
HGNC:11280	MONDO:0008176	5534	12238	6458	10834	7486
HGNC:11280	MONDO:0014945	1920	9116	8530	8184	7066
HGNC:11281	MONDO:0007794	66	122	66	26	3132
HGNC:11283	MONDO:0014837	2590	21248	13402	10034	11200
HGNC:11301	MONDO:0032899	1552	3860	3918	1842	5824
HGNC:11301	MONDO:0044204	378	458	126	138	164
HGNC:11302	MONDO:0957809	58	6244	7502	318	6778
HGNC:11303	MONDO:0013851	198	6860	2166	2002	6926
HGNC:11311	MONDO:0015779	138	1060	2140	270	6086
HGNC:11311	MONDO:0016281	342	2192	3508	250	4192
HGNC:11326	MONDO:0010490	450	1044	1512	1258	1298
HGNC:1133	MONDO:0010421	26	178	72	140	328
HGNC:11356	MONDO:0014321	92	130	64	42	726
HGNC:11362	MONDO:0013427	60	8600	682	20	8168
HGNC:11364	MONDO:0007818	316	4856	1654	3458	5000
HGNC:11367	MONDO:0014343	838	800	892	932	966
HGNC:11367	MONDO:0100219	5072	4942	6990	3924	6516
HGNC:11368	MONDO:0957807	6912	654	456	128	430
HGNC:11389	MONDO:0008280	1276	5892	3328	2912	5184
HGNC:11389	MONDO:0012041	528	4554	3090	380	6740
HGNC:11402	MONDO:0975828	604	2834	526	1018	5008
HGNC:11427	MONDO:0014339	8046	18776	11904	14314	11540
HGNC:1144	MONDO:0014343	292	1060	918	936	956
HGNC:11444	MONDO:0012812	44	458	530	44	510
HGNC:11449	MONDO:0009504	224	34	154	84	278
HGNC:11460	MONDO:0010089	2	2	2	2	2
HGNC:11474	MONDO:0014733	1332	1246	814	4972	3718
HGNC:11480	MONDO:0033620	236	4360	2222	838	1414
HGNC:11490	MONDO:0009776	4	536	74	88	2676
HGNC:11494	MONDO:0010339	9102	7938	6216	5464	4778
HGNC:11503	MONDO:0014233	152	60	40	68	892
HGNC:11506	MONDO:0010429	26946	7514	6246	7836	11232
HGNC:11510	MONDO:0014468	136	1720	10	102	332
HGNC:11521	MONDO:0007794	2	2	6	4	4
HGNC:11521	MONDO:0013912	24	14	10	12	22
HGNC:11522	MONDO:0016682	668	226	350	324	100
HGNC:11529	MONDO:0012041	48	938	82	80	5520
HGNC:11529	MONDO:0013184	244	5454	720	144	5660
HGNC:11530	MONDO:0008777	28	5682	7608	4414	13328
HGNC:11535	MONDO:0010747	12992	7024	13484	6944	8372
HGNC:11546	MONDO:0044313	11270	3202	4036	566	10132
HGNC:11557	MONDO:0013108	12	100	114	14	1156
HGNC:11566	MONDO:0971012	538	10058	5816	1348	8168
HGNC:11573	MONDO:0010160	6	18	48	22	744
HGNC:11581	MONDO:0044646	290	2	2	2	2
HGNC:11582	MONDO:0009426	36	110	6	4	14
HGNC:11582	MONDO:0014343	684	230	394	280	272
HGNC:11582	MONDO:0014968	424	1362	624	474	1024
HGNC:11582	MONDO:0044651	2064	1656	1214	780	1286
HGNC:11584	MONDO:0012521	2016	7578	13532	8506	9640
HGNC:11584	MONDO:0014641	2374	6468	6790	4740	6436
HGNC:11592	MONDO:0008542	22	20	46	20	420
HGNC:11594	MONDO:0009845	2	2	2	2	2
HGNC:11596	MONDO:0008720	798	2836	2508	26	5382
HGNC:11598	MONDO:0008542	18	2128	212	2	2230
HGNC:11598	MONDO:0020434	22	5860	6946	278	4520
HGNC:11599	MONDO:0008834	8	6124	3570	38	8488
HGNC:1160	MONDO:0018197	18578	6358	4836	3802	5792
HGNC:11600	MONDO:0010554	5058	548	216	6	64
HGNC:11602	MONDO:0008411	2	2	2	2	2
HGNC:11603	MONDO:0007841	4	2	4	2	2
HGNC:11608	MONDO:0800447	5968	10652	7080	7538	9390
HGNC:11609	MONDO:0009274	26	534	114	24	1300
HGNC:1161	MONDO:0009359	516	366	196	836	648
HGNC:1162	MONDO:0859312	2	2	1	1	2
HGNC:11621	MONDO:0017935	13890	3952	4610	11864	4518
HGNC:11623	MONDO:0014343	452	632	386	506	710
HGNC:11623	MONDO:0030534	478	1822	266	344	566
HGNC:11630	MONDO:0013797	8284	5988	7298	6678	8620
HGNC:11630	MONDO:0015268	13610	6528	11722	6138	10690
HGNC:11630	MONDO:0019644	19006	10574	12774	7608	10150
HGNC:11630	MONDO:0019981	2782	10018	11374	17018	11476
HGNC:11633	MONDO:0600030	21364	898	37158	34474	27150
HGNC:11633	MONDO:0957428	22356	312	6934	2084	3646
HGNC:11647	MONDO:0009138	15342	1300	1850	4230	3176
HGNC:11654	MONDO:0007944	342	630	338	242	1816
HGNC:11701	MONDO:0008542	24	174	510	46	6636
HGNC:11708	MONDO:0010907	2	2	2	2	2
HGNC:11714	MONDO:0008377	11418	13802	1878	2778	5650
HGNC:11720	MONDO:0011102	1222	4182	56	1078	1006
HGNC:11720	MONDO:0011351	35628	162	86	22346	6982
HGNC:11724	MONDO:0014998	1336	8256	7766	6632	9748
HGNC:11727	MONDO:0007485	2	1	1	1	1
HGNC:11727	MONDO:0012197	18	34	34	46	36
HGNC:11730	MONDO:0005006	6638	8678	728	6324	1608
HGNC:11730	MONDO:0007485	98	10	8	36	78
HGNC:11730	MONDO:0018045	74	3730	942	4630	4250
HGNC:11730	MONDO:0800029	22	4074	56	4764	116
HGNC:11737	MONDO:0018393	2976	190	512	988	10434
HGNC:11740	MONDO:0008846	58	9652	6396	6662	6670
HGNC:11741	MONDO:0014943	490	5010	930	1274	4540
HGNC:11743	MONDO:0008209	6	800	952	10	28
HGNC:11743	MONDO:0018758	646	6940	9268	14194	2368
HGNC:11758	MONDO:0014295	2496	5538	1842	3930	4894
HGNC:11762	MONDO:0011417	14	4	4	2	2
HGNC:11762	MONDO:0958085	76	52	22	8	376
HGNC:11763	MONDO:0014760	126	9056	5352	9664	7040
HGNC:11764	MONDO:0010135	2	4	14	10	6
HGNC:11764	MONDO:0011982	30646	12292	8444	6778	16658
HGNC:11766	MONDO:0009061	10618	27792	11578	12194	25244
HGNC:11766	MONDO:0032601	202	5636	4162	1262	6394
HGNC:11768	MONDO:0007363	16	116	50	46	56
HGNC:11769	MONDO:0007524	22	26	26	26	36
HGNC:11769	MONDO:0008818	28	40	44	32	44
HGNC:11769	MONDO:0014343	842	500	590	610	838
HGNC:11769	MONDO:0017403	120	4670	4462	3698	6978
HGNC:11771	MONDO:0007375	14	3020	136	30	186
HGNC:11771	MONDO:0007377	18	228	34	22	132
HGNC:11771	MONDO:0007380	134	2170	732	22	614
HGNC:11771	MONDO:0011185	20	986	182	8	202
HGNC:11771	MONDO:0011855	12	1886	370	36	90
HGNC:11771	MONDO:0012043	4706	1734	240	40	152
HGNC:11771	MONDO:0012044	12	5914	2496	26	2898
HGNC:11772	MONDO:0008426	552	828	230	460	400
HGNC:11772	MONDO:0008818	942	882	316	526	722
HGNC:11773	MONDO:0007363	88	144	144	68	66
HGNC:11773	MONDO:0007524	44	48	52	54	52
HGNC:11773	MONDO:0014343	230	836	780	696	688
HGNC:11773	MONDO:0017308	416	46	2	18	98
HGNC:11776	MONDO:0017218	3246	9320	5512	6590	7794
HGNC:11781	MONDO:0012345	20	122	3508	190	1924
HGNC:11784	MONDO:0013775	18	2326	3130	666	5578
HGNC:11795	MONDO:0018000	36198	4364	4292	32968	5364
HGNC:11795	MONDO:0800452	32	1394	354	172	544
HGNC:11795	MONDO:0957572	36	2442	310	1712	2540
HGNC:118	MONDO:0013802	268	3422	1466	2390	4470
HGNC:118	MONDO:0014753	186	44	340	754	8
HGNC:1181	MONDO:0032653	2	2	1	1	2
HGNC:11824	MONDO:0009990	18	16	16	20	20
HGNC:11824	MONDO:0018045	54	1012	178	116	454
HGNC:11828	MONDO:0031446	4038	4106	12736	6782	9196
HGNC:11847	MONDO:0013185	34610	25386	37886	32222	24130
HGNC:11891	MONDO:0859568	3132	5662	4332	126	712
HGNC:119	MONDO:0009919	268	98	24	16	104
HGNC:11905	MONDO:0044638	35080	7854	8166	36166	25594
HGNC:11908	MONDO:0008275	36	598	26	60	600
HGNC:11908	MONDO:0009394	154	1212	472	1292	656
HGNC:11908	MONDO:0012859	22	152	20	110	22
HGNC:11908	MONDO:0014343	704	116	22	212	24
HGNC:11909	MONDO:0007319	11202	3486	3578	1718	4566
HGNC:11909	MONDO:0009394	2	2	2	2	2
HGNC:11916	MONDO:0007727	90	718	738	1978	5214
HGNC:11917	MONDO:0017844	13574	18606	8772	15710	12512
HGNC:11934	MONDO:0012039	4850	7216	2802	2964	4380
HGNC:11935	MONDO:0010626	46	2	2	2	4
HGNC:11936	MONDO:0011158	12	66	2	2	10
HGNC:11943	MONDO:0013195	20	42	18	18	22
HGNC:11944	MONDO:0859335	170	26	10	12	12
HGNC:11947	MONDO:0013369	32	4104	906	156	5594
HGNC:11948	MONDO:0957281	82	60	20	32	18
HGNC:11948	MONDO:0957284	16	2	2	2	2
HGNC:11949	MONDO:0019150	264	128	282	178	178
HGNC:11949	MONDO:0020745	84	44	48	50	66
HGNC:11957	MONDO:0010477	600	18	24	24	198
HGNC:11957	MONDO:0010655	334	74	78	80	92
HGNC:11957	MONDO:0012997	18	2	2	2	2
HGNC:11968	MONDO:0033369	242	3496	606	116	314
HGNC:11992	MONDO:0020628	2514	4124	1360	1046	7548
HGNC:11992	MONDO:0020845	1458	256	250	1176	4342
HGNC:11992	MONDO:0034991	30	360	130	22	3636
HGNC:11998	MONDO:0008734	2328	10914	9360	6256	12426
HGNC:11998	MONDO:0009050	4596	9944	12574	18146	10258
HGNC:11998	MONDO:0015278	2906	12142	6062	11678	8388
HGNC:11998	MONDO:0016681	6010	10634	10030	7674	11724
HGNC:12009	MONDO:0014221	206	1854	464	872	2464
HGNC:12011	MONDO:0007157	130	150	76	132	154
HGNC:12012	MONDO:0018780	30588	7570	6980	16346	13612
HGNC:12012	MONDO:0800341	258	1400	2466	1530	4956
HGNC:12015	MONDO:0010133	8	196	90	8	124
HGNC:12016	MONDO:0030971	6	260	130	50	20
HGNC:12252	MONDO:0020512	26534	34900	36076	25450	31522
HGNC:12261	MONDO:0011484	14	16	22	14	82
HGNC:12266	MONDO:0012803	4	112	72	82	26
HGNC:12271	MONDO:0020512	28334	33704	21376	26744	19874
HGNC:1228	MONDO:0007361	29814	2204	6104	1378	5098
HGNC:1228	MONDO:0015054	29912	5322	5852	18836	4576
HGNC:12299	MONDO:0032819	20	2	2	2	434
HGNC:123	MONDO:0008705	6962	3496	7926	150	14300
HGNC:12305	MONDO:0008701	242	44	40	48	32
HGNC:12306	MONDO:0030914	762	310	496	244	1766
HGNC:12309	MONDO:0009841	2	2	2	2	2
HGNC:12310	MONDO:0014896	654	682	944	2636	2714
HGNC:12340	MONDO:0019176	454	890	984	986	1582
HGNC:12362	MONDO:0008542	1292	3494	4446	2800	5890
HGNC:12363	MONDO:0007922	94	90	112	94	190
HGNC:12371	MONDO:0014202	28	38	14	22	40
HGNC:12373	MONDO:0012203	30	50	4	2	112
HGNC:12373	MONDO:0019855	902	7108	5570	4746	7370
HGNC:12382	MONDO:0012124	8	4	16	6	1390
HGNC:124	MONDO:0011939	2	2	2	2	2
HGNC:124	MONDO:0014343	864	22	364	66	144
HGNC:12403	MONDO:0010870	352	5048	4556	3072	5736
HGNC:12403	MONDO:0012127	314	6060	4552	3774	5024
HGNC:12403	MONDO:0012714	258	4568	446	408	3392
HGNC:12403	MONDO:0017401	276	248	242	406	154
HGNC:12404	MONDO:0010188	4	4	4	4	2
HGNC:12405	MONDO:0020730	8	3506	4730	4610	5058
HGNC:12406	MONDO:0014522	56	130	18	8	88
HGNC:1241	MONDO:0013743	34	4612	5744	708	4994
HGNC:1241	MONDO:0958182	4	4870	1928	18	3208
HGNC:12417	MONDO:0014294	16900	8550	8622	15240	15386
HGNC:12428	MONDO:0014343	474	926	626	684	700
HGNC:12440	MONDO:0012682	12282	5936	3840	2546	8796
HGNC:12441	MONDO:0031057	236	64	326	282	94
HGNC:12442	MONDO:0011749	116	20	22	12	26
HGNC:12442	MONDO:0018136	17162	3082	26420	9508	12256
HGNC:12449	MONDO:0014343	1326	614	878	888	866
HGNC:1245	MONDO:0958188	6	130	14	4	1032
HGNC:12450	MONDO:0008747	24	208	24	40	982
HGNC:12450	MONDO:0044276	32296	29970	38044	8294	15030
HGNC:1246	MONDO:0013743	8522	1426	5556	840	1612
HGNC:12463	MONDO:0007338	10112	10750	12996	14212	17140
HGNC:12463	MONDO:0008637	10814	14510	20788	11990	21940
HGNC:12469	MONDO:0026777	84	4926	3882	258	4320
HGNC:1248	MONDO:0009006	7170	3210	442	50	7122
HGNC:12499	MONDO:0859207	516	3342	296	456	5642
HGNC:12511	MONDO:0044701	2014	1316	1612	1124	1282
HGNC:12527	MONDO:0032895	18	2	2	2	2
HGNC:12565	MONDO:0008377	168	170	140	216	264
HGNC:12565	MONDO:0957240	158	1952	166	382	1206
HGNC:12572	MONDO:0011971	12	860	110	46	4714
HGNC:12593	MONDO:0011237	22702	18576	18038	37006	26932
HGNC:12597	MONDO:0010171	102	1732	2370	446	1858
HGNC:126	MONDO:0957594	2	15654	3004	84	7478
HGNC:12601	MONDO:0008377	60	70	78	134	138
HGNC:12601	MONDO:0010169	30	1704	72	96	296
HGNC:12605	MONDO:0013610	104	136	104	120	266
HGNC:12624	MONDO:0976128	30260	38520	38858	1870	30868
HGNC:12630	MONDO:0958071	2548	5842	6538	5324	9912
HGNC:12631	MONDO:0009050	56	280	108	14	2716
HGNC:12632	MONDO:0018821	2876	1576	2078	2258	2150
HGNC:12637	MONDO:0010465	108	66	62	84	60
HGNC:12643	MONDO:0032900	1226	4126	5374	5358	3410
HGNC:12651	MONDO:0060621	608	728	402	488	1038
HGNC:12666	MONDO:0013501	1666	9520	6804	7038	6848
HGNC:12666	MONDO:0014735	2686	12790	5052	7508	7904
HGNC:12666	MONDO:0018006	2494	14858	9308	10176	5994
HGNC:12668	MONDO:0010767	8	4	4	4	2
HGNC:1268	MONDO:0013929	39782	830	414	39216	46
HGNC:1268	MONDO:0032584	2	2	2	2	2
HGNC:12687	MONDO:0009892	1832	5832	5430	5578	9244
HGNC:12703	MONDO:0007931	6	112	178	20	290
HGNC:12713	MONDO:0030312	18	12	12	14	34
HGNC:12718	MONDO:0018507	7992	17334	8574	34858	11038
HGNC:12718	MONDO:0957876	550	2460	1638	1480	3528
HGNC:12726	MONDO:0015631	2	2	2	2	2
HGNC:12729	MONDO:0957218	552	2078	2224	438	1106
HGNC:12731	MONDO:0010294	4352	2598	5034	5208	2868
HGNC:12731	MONDO:0010518	2	4	4	2	48
HGNC:12731	MONDO:0010743	16	310	1922	1366	5052
HGNC:12744	MONDO:0008678	2	4	4	4	4
HGNC:12754	MONDO:0007883	54	5658	542	4018	5038
HGNC:12762	MONDO:0009101	828	44	22	100	102
HGNC:12762	MONDO:0010963	34	4608	8668	26	12414
HGNC:12765	MONDO:0009451	1236	4892	6062	186	5144
HGNC:12765	MONDO:0011132	1	2	1	1	2
HGNC:12768	MONDO:0008684	16928	11076	15646	18786	16660
HGNC:12771	MONDO:0014343	448	14	88	48	124
HGNC:12774	MONDO:0009804	582	2408	444	2338	1896
HGNC:12774	MONDO:0012892	26	62	32	54	36
HGNC:12774	MONDO:0014086	6	1310	1396	966	1416
HGNC:12774	MONDO:0019409	60	2194	468	4088	1076
HGNC:12775	MONDO:0009157	9560	2810	1662	166	1092
HGNC:12775	MONDO:0014901	3854	3156	270	1724	3238
HGNC:12776	MONDO:0009820	128	96	68	80	82
HGNC:12781	MONDO:0032575	34450	2890	1568	1970	19564
HGNC:12783	MONDO:0008019	142	1230	1334	64	2802
HGNC:12783	MONDO:0012734	98	74	62	38	178
HGNC:12784	MONDO:0024455	50	506	244	46	366
HGNC:12786	MONDO:0009232	300	324	18	10	1150
HGNC:12796	MONDO:0007635	10	1260	196	76	244
HGNC:12810	MONDO:0026404	6104	26402	15640	9754	28554
HGNC:12828	MONDO:0033116	5644	4062	4010	520	1230
HGNC:12831	MONDO:0014686	146	2	4	16	8
HGNC:12851	MONDO:0005006	984	10088	16528	9322	15796
HGNC:12851	MONDO:0016839	16316	12430	34098	23372	16716
HGNC:12852	MONDO:0033365	1278	8668	9232	7754	7840
HGNC:12856	MONDO:0044738	1134	1414	1536	1068	2204
HGNC:12869	MONDO:0958322	1	1	1	1	1
HGNC:12872	MONDO:0014705	106	82	28	46	70
HGNC:12872	MONDO:0018114	9122	7118	3644	5650	6620
HGNC:12872	MONDO:0032892	410	102	124	56	872
HGNC:12873	MONDO:0019758	62	2092	2170	482	1520
HGNC:12877	MONDO:0008310	1094	4332	1938	1184	4454
HGNC:129	MONDO:0859517	750	6458	3804	1280	5790
HGNC:12927	MONDO:0032741	282	4	6	2	22
HGNC:12933	MONDO:0014994	236	2	8	2	4
HGNC:12974	MONDO:0010495	642	5478	3890	3660	6480
HGNC:1301	MONDO:0014211	38	32	10	22	14
HGNC:132	MONDO:0011823	470	7318	5856	5862	7320
HGNC:132	MONDO:0014343	640	948	1226	1072	928
HGNC:132	MONDO:0975754	3784	2034	1236	3178	3998
HGNC:13201	MONDO:0014343	422	46	74	142	84
HGNC:13202	MONDO:0009728	15498	29840	23212	26522	32732
HGNC:13203	MONDO:0011528	18	3276	38	32	2034
HGNC:13210	MONDO:0008854	656	3910	432	368	3158
HGNC:13210	MONDO:0013312	37084	7736	2354	2678	6522
HGNC:13221	MONDO:0014914	276	158	100	104	124
HGNC:13222	MONDO:0014981	182	50	22	30	36
HGNC:13243	MONDO:0007615	272	286	140	310	272
HGNC:13243	MONDO:0008572	1252	1772	1122	1690	2104
HGNC:13243	MONDO:0008700	10	22	6	10	28
HGNC:1329	MONDO:0044726	142	18	8	18	10
HGNC:1331	MONDO:0012295	8	396	10	10	48
HGNC:13315	MONDO:0010665	984	2182	2978	2336	2374
HGNC:13315	MONDO:0014343	328	504	272	518	342
HGNC:13356	MONDO:0009653	6	34	2	2	8
HGNC:1337	MONDO:0858999	6098	7698	12252	27322	6744
HGNC:13387	MONDO:0013444	74	3146	100	26	7700
HGNC:13387	MONDO:0971178	86	1108	186	8	3742
HGNC:13398	MONDO:0010441	642	724	402	734	686
HGNC:13429	MONDO:0010506	4	2	2	2	2
HGNC:1343	MONDO:0013554	35496	20630	14632	32376	17864
HGNC:1343	MONDO:0014230	34	5236	3204	126	5934
HGNC:13433	MONDO:0020790	2	2	2	2	2
HGNC:13436	MONDO:0008377	20	36	24	22	14
HGNC:1346	MONDO:0012412	8	1654	10	10	40
HGNC:13478	MONDO:0009485	2	2	1	1	2
HGNC:13485	MONDO:0017173	18074	7192	2614	17334	6512
HGNC:13486	MONDO:0010510	17816	12646	6972	4972	12828
HGNC:13488	MONDO:0035819	432	60	54	52	72
HGNC:1349	MONDO:0009646	30	1266	70	46	230
HGNC:13520	MONDO:0014343	332	296	308	372	232
HGNC:13552	MONDO:0030724	27004	6368	6060	15540	13058
HGNC:13552	MONDO:0800029	19314	15266	17550	14508	18198
HGNC:13556	MONDO:0021093	30	4	2	2	2
HGNC:13601	MONDO:0014198	2	1	1	1	1
HGNC:13607	MONDO:0030057	2358	5178	1520	2404	5288
HGNC:1361	MONDO:0030455	2	2	2	2	2
HGNC:1362	MONDO:0019123	2428	876	248	182	552
HGNC:1366	MONDO:0010122	4	2	2	2	2
HGNC:13664	MONDO:0032677	462	296	130	182	1802
HGNC:13666	MONDO:0009279	456	3378	612	1784	3044
HGNC:13672	MONDO:0012774	734	2	342	12	8
HGNC:13681	MONDO:0011070	4	4	1	1	4
HGNC:1371	MONDO:0007747	4	4	2	2	6
HGNC:13723	MONDO:0014213	404	366	98	100	60
HGNC:1373	MONDO:0009818	282	172	196	304	124
HGNC:13733	MONDO:0054601	35430	6552	6312	6316	6468
HGNC:1375	MONDO:0008377	1688	370	688	680	1642
HGNC:13764	MONDO:0032717	24	4300	570	42	7954
HGNC:13818	MONDO:0014718	7242	32	2	2	758
HGNC:13829	MONDO:0007881	26	16	14	14	18
HGNC:13829	MONDO:0009773	6	2	2	2	4
HGNC:13830	MONDO:0012400	2	2	1	1	2
HGNC:13830	MONDO:0012801	14098	9720	13474	31546	4866
HGNC:13831	MONDO:0013926	3396	4648	3174	476	1850
HGNC:13831	MONDO:0019828	4320	6486	5816	5224	7826
HGNC:13839	MONDO:0008377	4750	918	638	968	630
HGNC:13841	MONDO:0014670	2	2	2	2	2
HGNC:13862	MONDO:0033564	2	360	22	18	548
HGNC:13867	MONDO:0010296	2874	5846	5640	13040	20638
HGNC:13869	MONDO:0007949	14	8	8	8	8
HGNC:13869	MONDO:0007987	18	8	6	8	8
HGNC:13869	MONDO:0008490	306	32	20	60	30
HGNC:13872	MONDO:0011761	18410	14678	8764	17922	18232
HGNC:13875	MONDO:0011184	26	6630	7414	4876	12886
HGNC:13879	MONDO:0800026	596	506	784	12	514
HGNC:1388	MONDO:0007163	302	200	114	32	24
HGNC:1388	MONDO:0019113	26848	4816	3308	4794	4920
HGNC:13886	MONDO:0020748	16	412	18	16	5848
HGNC:13887	MONDO:0018328	268	3510	372	388	4334
HGNC:13890	MONDO:0013245	628	648	550	48	5400
HGNC:1390	MONDO:0008542	13230	12516	678	3386	7866
HGNC:13921	MONDO:0030673	500	70	12	6	1544
HGNC:1393	MONDO:0008377	400	196	192	140	304
HGNC:1393	MONDO:0010335	118	84	58	34	66
HGNC:13941	MONDO:0033259	28742	2064	114	38	4054
HGNC:1395	MONDO:0014875	12	2200	72	342	472
HGNC:1397	MONDO:0008570	27722	6030	2982	732	6552
HGNC:1397	MONDO:0042979	22	416	198	134	3982
HGNC:13993	MONDO:0014717	2	2	2	2	2
HGNC:13997	MONDO:0014662	2	2	2	1	2
HGNC:13998	MONDO:0030890	2	2	2	1	2
HGNC:13998	MONDO:0859229	4	2	2	2	2
HGNC:14000	MONDO:0014152	2278	8860	4686	5620	9744
HGNC:14006	MONDO:0032591	20	2	2	2	2
HGNC:14048	MONDO:0012510	306	2830	1028	1186	4468
HGNC:14049	MONDO:0032712	668	5726	1782	2348	2982
HGNC:14078	MONDO:0032723	84	1570	4	10	22
HGNC:14103	MONDO:0011998	18	7480	4422	5604	2586
HGNC:14107	MONDO:0007524	12	6	4	6	10
HGNC:14107	MONDO:0008818	28	6	6	10	12
HGNC:14153	MONDO:0013890	62	2	2	8	2
HGNC:14154	MONDO:0009527	18	974	22	22	4658
HGNC:14198	MONDO:0013872	10884	26926	12860	3010	8826
HGNC:14202	MONDO:0030366	29500	290	108	2804	118
HGNC:14214	MONDO:0030910	2694	5782	2638	4528	5746
HGNC:14234	MONDO:0016461	18792	5232	7004	4602	6374
HGNC:14234	MONDO:0019349	82	24	4	6	54
HGNC:1424	MONDO:0014647	1490	3242	6696	2076	6900
HGNC:14245	MONDO:0971171	2	2	2	2	2
HGNC:14253	MONDO:0014545	8	2	2	2	2
HGNC:14255	MONDO:0018564	3290	6190	3118	5516	6324
HGNC:14262	MONDO:0014361	2	2	2	1	2
HGNC:14263	MONDO:0008710	2	2	2	2	2
HGNC:14270	MONDO:0010246	424	2	2	2	2
HGNC:14294	MONDO:0971069	19944	7262	7950	24	7824
HGNC:143	MONDO:0008542	2922	8432	4208	1600	5948
HGNC:143	MONDO:0013011	5502	8528	9914	9108	9446
HGNC:14304	MONDO:0030927	2	2	2	2	2
HGNC:14334	MONDO:0850067	8052	24110	20624	20838	8692
HGNC:14344	MONDO:0011579	26	18	4	4	336
HGNC:14348	MONDO:0044723	180	330	600	972	190
HGNC:14361	MONDO:0012634	1	1	1	1	1
HGNC:14373	MONDO:0007672	332	15168	9030	16464	25732
HGNC:14374	MONDO:0014089	64	106	44	14	394
HGNC:14374	MONDO:0060457	88	24	26	6	70
HGNC:14378	MONDO:0957294	114	6950	7294	3636	6428
HGNC:14409	MONDO:0011790	404	4	2	2	8
HGNC:14412	MONDO:0008860	17592	8218	122	1808	3778
HGNC:14415	MONDO:0007574	248	154	98	72	110
HGNC:14415	MONDO:0008377	154	236	310	390	250
HGNC:14418	MONDO:0008377	4322	1724	886	1666	4134
HGNC:14418	MONDO:0032798	102	8	4	6	4
HGNC:1445	MONDO:0014550	34	170	210	1242	4390
HGNC:14468	MONDO:0017173	9484	13142	8776	6362	9702
HGNC:14469	MONDO:0009061	22148	17824	27278	16362	23734
HGNC:1449	MONDO:0020745	298	806	888	180	782
HGNC:1449	MONDO:0032915	30	8576	5492	7112	6462
HGNC:145	MONDO:0100354	346	60	66	66	5540
HGNC:14508	MONDO:0012718	374	1432	796	1224	1662
HGNC:14509	MONDO:0033534	154	3560	6376	6140	11042
HGNC:14530	MONDO:0031084	34	6554	3142	60	1850
HGNC:14537	MONDO:0016308	18900	16064	8810	29036	14226
HGNC:14539	MONDO:0011784	1776	21624	7680	16260	8844
HGNC:14544	MONDO:0013777	6	2342	878	12	12044
HGNC:14575	MONDO:0016780	3024	8778	7002	5110	6446
HGNC:14575	MONDO:0016782	1728	8852	7060	5540	6512
HGNC:14575	MONDO:0016783	3636	9254	6520	4792	7348
HGNC:14579	MONDO:0014118	88	3180	2352	1644	4164
HGNC:14583	MONDO:0030486	13772	1626	10324	4370	12440
HGNC:1460	MONDO:0054861	508	3850	5750	4178	11602
HGNC:1461	MONDO:0030920	18	6	6	6	6
HGNC:14615	MONDO:0859182	24	46	12	4	40
HGNC:14630	MONDO:0035556	29768	31510	14944	16370	24760
HGNC:14639	MONDO:0044224	37462	24992	24142	856	37476
HGNC:14665	MONDO:0016783	44	586	62	192	5240
HGNC:14673	MONDO:0012395	20496	9676	19648	11770	8994
HGNC:14674	MONDO:0008377	510	106	86	110	96
HGNC:14686	MONDO:0032938	4	4	2	2	4
HGNC:1480	MONDO:0029133	22	24	14	74	136
HGNC:1481	MONDO:0958334	12	1330	4	8	6
HGNC:14881	MONDO:0016856	300	108	86	30	106
HGNC:14888	MONDO:0021018	388	2414	3826	3446	4640
HGNC:14937	MONDO:0029140	18	2	2	2	2
HGNC:14938	MONDO:0014165	532	28	10	26	26
HGNC:14957	MONDO:0033482	35968	19554	7842	38346	23930
HGNC:14959	MONDO:0018436	24054	20344	8100	780	1174
HGNC:14967	MONDO:0957584	80	342	420	114	1158
HGNC:1497	MONDO:0010417	1046	18	6	76	2
HGNC:14974	MONDO:0014040	1044	312	184	206	442
HGNC:14974	MONDO:0014343	494	22	116	224	318
HGNC:14977	MONDO:0014601	10	2	2	2	2
HGNC:15021	MONDO:0008377	2046	1670	422	952	200
HGNC:1509	MONDO:0016216	632	368	1912	190	16246
HGNC:1514	MONDO:0007791	736	1786	108	90	3038
HGNC:1514	MONDO:0009397	32	102	68	64	298
HGNC:1514	MONDO:0011013	22	372	74	50	354
HGNC:1514	MONDO:0013032	38748	4550	4884	11036	5658
HGNC:1515	MONDO:0014574	26	12	2	2	278
HGNC:1516	MONDO:0013571	4036	11418	10432	7406	24798
HGNC:1527	MONDO:0014135	3758	7352	7240	8406	7036
HGNC:1529	MONDO:0013686	58	146	170	616	214
HGNC:1529	MONDO:0019947	98	4632	3284	308	1512
HGNC:1539	MONDO:0020316	2008	3514	3862	1088	184
HGNC:1541	MONDO:0007922	284	342	852	508	1772
HGNC:1542	MONDO:0957388	82	742	30	24	46
HGNC:15454	MONDO:0054637	24	6	6	8	8
HGNC:15455	MONDO:0009804	2444	1426	1364	1228	4530
HGNC:15455	MONDO:0010486	1178	120	158	150	2204
HGNC:15455	MONDO:0014343	530	402	550	506	570
HGNC:15456	MONDO:0032721	278	84	18	36	1294
HGNC:15469	MONDO:0014231	108	80	6	20	4
HGNC:1550	MONDO:0008818	132	64	100	62	66
HGNC:15508	MONDO:0024553	152	152	38	34	16
HGNC:15511	MONDO:0020705	154	5662	5598	316	9352
HGNC:15512	MONDO:0020705	1734	7720	7994	9072	7056
HGNC:15514	MONDO:0020512	7236	13814	6182	14328	13800
HGNC:15516	MONDO:0012892	16	26	26	28	24
HGNC:15516	MONDO:0018273	428	274	304	408	888
HGNC:15517	MONDO:0011604	198	10	8	18	30
HGNC:15517	MONDO:0012892	46	54	66	70	54
HGNC:15517	MONDO:0014343	534	458	654	600	552
HGNC:15533	MONDO:0007794	56	32	28	34	96
HGNC:15559	MONDO:0014532	160	118	86	40	396
HGNC:15561	MONDO:0015597	21576	15070	7596	6010	15596
HGNC:15578	MONDO:0054763	6072	10	48	62	28
HGNC:15594	MONDO:0030334	31178	9052	5400	4808	4762
HGNC:15626	MONDO:0008558	13120	31318	29458	19874	34400
HGNC:15631	MONDO:0859083	32	22	6	6	12
HGNC:15646	MONDO:0013052	82	5448	290	138	5852
HGNC:15646	MONDO:0014890	72	298	104	28	4332
HGNC:15646	MONDO:0035823	8582	20686	18952	23486	25018
HGNC:15662	MONDO:0030716	38144	334	68	68	1002
HGNC:15672	MONDO:0009890	20	12	10	12	18
HGNC:15710	MONDO:0011094	60	56	76	28	62
HGNC:15710	MONDO:0017401	1968	2130	2390	908	1478
HGNC:15714	MONDO:0009069	1068	4692	1224	1140	1402
HGNC:15743	MONDO:0020621	15368	5042	13330	18902	17190
HGNC:15766	MONDO:0014379	48	2	2	2	2
HGNC:15791	MONDO:0032824	92	2	2	2	2
HGNC:15802	MONDO:0008542	176	3188	1360	344	6378
HGNC:15802	MONDO:0060663	37440	1772	532	10	3134
HGNC:15804	MONDO:0007378	16	4780	2190	150	4596
HGNC:15805	MONDO:0018393	4854	3684	1468	1224	56
HGNC:15808	MONDO:0007738	22	12	14	14	12
HGNC:15808	MONDO:0007875	30	28	14	18	18
HGNC:15808	MONDO:0060556	196	580	386	322	1124
HGNC:15819	MONDO:0008542	20314	15992	3356	3626	16942
HGNC:15832	MONDO:0010043	392	1974	28	212	742
HGNC:15836	MONDO:0007794	10	22	20	22	18
HGNC:15836	MONDO:0019828	70	1346	988	854	2096
HGNC:15840	MONDO:0030969	188	16	14	18	40
HGNC:15860	MONDO:0008377	10116	2256	1272	7420	9904
HGNC:1591	MONDO:0030875	30794	20876	17486	14782	19208
HGNC:15911	MONDO:0013594	4142	5566	5222	5012	4620
HGNC:15924	MONDO:0016863	8882	5512	2558	4202	4716
HGNC:15925	MONDO:0013059	328	3014	1530	2044	652
HGNC:15925	MONDO:0013739	2498	7280	6010	5896	5566
HGNC:15939	MONDO:0975835	21426	15116	27436	31438	17342
HGNC:15968	MONDO:0011916	388	8	6	10	6
HGNC:15977	MONDO:0014343	1186	816	622	792	450
HGNC:15979	MONDO:0007072	280	1020	624	144	3672
HGNC:15979	MONDO:0007508	334	324	128	176	1308
HGNC:15979	MONDO:0011334	284	3560	4352	928	5532
HGNC:15979	MONDO:0011428	80	28	34	34	1194
HGNC:15979	MONDO:0014343	686	832	870	826	878
HGNC:15979	MONDO:0029145	13922	5460	6072	11300	15080
HGNC:15984	MONDO:0011829	98	2	2	2	4
HGNC:160	MONDO:0032770	678	680	54	172	78
HGNC:16001	MONDO:0009283	80	6	4	4	6
HGNC:16035	MONDO:0012621	42	14	8	12	14
HGNC:1606	MONDO:0004951	142	200	124	130	124
HGNC:16063	MONDO:0020512	10540	7684	8434	10870	12600
HGNC:16066	MONDO:0044718	10	2	2	2	2
HGNC:16068	MONDO:0008872	332	10	38	42	26
HGNC:1607	MONDO:0016356	5724	17458	10420	8240	11988
HGNC:16088	MONDO:0014261	316	4	6	212	6
HGNC:16133	MONDO:0014296	2	2	2	1	2
HGNC:16171	MONDO:0011547	5876	11134	10174	25892	11528
HGNC:16175	MONDO:0008798	842	5730	30	40	2426
HGNC:16187	MONDO:0100428	10	6	2	4	10
HGNC:16197	MONDO:0033008	176	10	6	10	8
HGNC:16205	MONDO:0014039	70	20	4	16	16
HGNC:16262	MONDO:0007355	1574	8122	8578	9328	8428
HGNC:16297	MONDO:0013164	2	2	2	2	2
HGNC:1630	MONDO:0012190	58	790	334	44	1698
HGNC:16305	MONDO:0957819	6	2	1	1	2
HGNC:1633	MONDO:0009413	148	134	90	88	38
HGNC:16352	MONDO:0032815	120	340	228	472	1906
HGNC:16353	MONDO:0010503	184	5398	3360	400	5726
HGNC:16380	MONDO:0009683	274	4856	5844	356	4552
HGNC:16393	MONDO:0011672	12596	11844	5660	5846	5824
HGNC:16393	MONDO:0014645	2	206	112	52	548
HGNC:164	MONDO:0012808	4	4682	260	132	2892
HGNC:164	MONDO:0032853	202	2282	5342	662	2862
HGNC:16400	MONDO:0007349	58	5696	912	342	1098
HGNC:16400	MONDO:0008633	126	896	170	42	856
HGNC:1641	MONDO:0004951	1820	1772	1408	866	710
HGNC:16438	MONDO:0009019	18	312	10	54	538
HGNC:16448	MONDO:0008377	2156	206	250	380	358
HGNC:16461	MONDO:0030987	308	44	92	184	638
HGNC:16466	MONDO:0016710	8108	33120	5458	5216	6774
HGNC:16466	MONDO:0958189	252	900	28	14	1414
HGNC:16491	MONDO:0030785	246	4	2	2	2
HGNC:16493	MONDO:0032855	4	2	1	1	2
HGNC:16512	MONDO:0011242	2	2	2	2	2
HGNC:16513	MONDO:0011708	5762	552	430	1722	734
HGNC:16517	MONDO:0008788	2	688	3246	100	3340
HGNC:16627	MONDO:0018875	20	5366	10350	26	6864
HGNC:16644	MONDO:0014343	1226	266	304	346	408
HGNC:1665	MONDO:0009699	124	442	64	2764	3048
HGNC:16650	MONDO:0014162	110	5986	348	2896	3792
HGNC:16691	MONDO:0009624	1260	6054	3512	4382	6084
HGNC:16692	MONDO:0013341	40	3460	4586	28	5210
HGNC:16700	MONDO:0008542	16	1038	28	22	4454
HGNC:16700	MONDO:0014480	10	3210	312	184	2670
HGNC:16709	MONDO:0032907	2162	1928	6012	332	8674
HGNC:16732	MONDO:0009615	40	2	2	2	2
HGNC:16740	MONDO:0032715	554	1658	962	662	1320
HGNC:1675	MONDO:0014276	74	30	8	40	10
HGNC:16783	MONDO:0007768	124	1026	5140	5986	7304
HGNC:16783	MONDO:0012004	226	5350	6500	8444	5732
HGNC:16812	MONDO:0012784	538	270	1206	774	1064
HGNC:16854	MONDO:0054847	792	15552	15902	20278	26492
HGNC:16873	MONDO:0008995	2	2	2	1	2
HGNC:16877	MONDO:0010877	506	2148	880	716	4594
HGNC:16877	MONDO:0011002	294	216	146	78	342
HGNC:16877	MONDO:0012231	422	90	182	722	236
HGNC:16877	MONDO:0019549	8180	12276	2242	6294	11440
HGNC:16912	MONDO:0008879	1434	4192	5550	4914	7056
HGNC:16935	MONDO:0030323	874	2786	3088	1210	3500
HGNC:16947	MONDO:0014302	342	1410	356	830	3180
HGNC:16951	MONDO:0033542	60	4380	134	48	218
HGNC:1698	MONDO:0013288	202	3842	336	4940	5978
HGNC:16999	MONDO:0014349	30	2	2	2	2
HGNC:1701	MONDO:0013286	160	4760	2144	5168	4154
HGNC:17019	MONDO:0012904	3144	14506	9706	5388	11394
HGNC:17020	MONDO:0012607	20974	28906	618	24962	27390
HGNC:17043	MONDO:0014294	10980	4782	7696	8156	7302
HGNC:17052	MONDO:0032849	532	264	126	642	404
HGNC:1706	MONDO:0012161	518	5500	5630	116	5916
HGNC:17073	MONDO:0011908	1958	7392	10620	8696	7562
HGNC:17075	MONDO:0008542	606	5232	2172	1440	5490
HGNC:17082	MONDO:0024555	130	78	146	14	238
HGNC:17084	MONDO:0013072	214	2400	2380	540	4170
HGNC:17085	MONDO:0032724	216	18	10	4	20
HGNC:17089	MONDO:0032778	190	4	4	2	2
HGNC:17097	MONDO:0008377	12750	784	5320	5036	736
HGNC:17098	MONDO:0007681	24	8718	5352	5324	6270
HGNC:171	MONDO:0007606	66	942	200	416	1296
HGNC:17101	MONDO:0032916	2048	6014	7242	5028	5028
HGNC:17104	MONDO:0013642	138	6	12	14	720
HGNC:17111	MONDO:0859572	2	2	1	1	2
HGNC:17116	MONDO:0013070	46	490	178	122	1614
HGNC:17129	MONDO:0008713	94	142	88	68	420
HGNC:1713	MONDO:0009135	2	2	2	2	2
HGNC:17146	MONDO:0008377	706	144	240	182	150
HGNC:17151	MONDO:0014343	526	354	270	86	334
HGNC:17158	MONDO:0033481	6760	3264	6720	620	5546
HGNC:17168	MONDO:0013641	274	26	176	70	34
HGNC:17168	MONDO:0018421	4928	2968	4840	3868	5566
HGNC:1718	MONDO:0012091	10884	8314	3994	6174	2614
HGNC:17192	MONDO:0013723	39734	23036	15344	32822	30328
HGNC:17194	MONDO:0011836	17142	9326	11296	10912	13550
HGNC:17208	MONDO:0014121	692	1746	972	1048	4604
HGNC:17209	MONDO:0030332	144	250	58	4	138
HGNC:17210	MONDO:0032888	1138	3014	820	908	1128
HGNC:17210	MONDO:8000015	110	5444	2564	240	592
HGNC:17211	MONDO:0008377	15804	470	6068	2148	2178
HGNC:17211	MONDO:0032604	1802	6584	6154	2264	5890
HGNC:17213	MONDO:0014343	548	538	408	262	380
HGNC:1723	MONDO:0859521	11846	6736	6326	512	18802
HGNC:17258	MONDO:0032650	2	2	2	2	2
HGNC:17271	MONDO:0014343	570	166	274	270	796
HGNC:17272	MONDO:0014343	736	830	522	678	684
HGNC:17282	MONDO:0008377	1992	352	1368	638	1814
HGNC:17283	MONDO:0033543	1596	320	70	110	1088
HGNC:17296	MONDO:0010000	176	90	22	60	226
HGNC:17296	MONDO:0012792	270	18	32	12	8
HGNC:17321	MONDO:0009031	10450	4930	5260	3496	7822
HGNC:17321	MONDO:0013460	1916	1582	2024	866	1472
HGNC:17327	MONDO:0014741	34	2	2	2	2
HGNC:17327	MONDO:0017283	614	74	24	12	72
HGNC:17328	MONDO:0013559	58	5192	92	3454	864
HGNC:17340	MONDO:0008377	506	664	844	398	790
HGNC:17340	MONDO:0010806	422	7676	8034	7020	7186
HGNC:17341	MONDO:0008377	1482	276	334	384	1598
HGNC:17341	MONDO:0014487	252	4	2	4	2
HGNC:17341	MONDO:0014850	2	4	4	2	8
HGNC:17416	MONDO:0008377	146	124	118	194	270
HGNC:17494	MONDO:0012125	2	2	2	2	2
HGNC:17494	MONDO:0035472	18	256	54	84	184
HGNC:1750	MONDO:0008885	2	2	2	1	2
HGNC:1754	MONDO:0012946	30934	6938	5946	4656	13132
HGNC:17619	MONDO:0011504	318	78	66	12	100
HGNC:1762	MONDO:0011107	42	156	14	24	180
HGNC:17652	MONDO:0010592	2	2	1	1	2
HGNC:17697	MONDO:0013458	102	118	2	48	434
HGNC:177	MONDO:0012368	294	2	4	4	2
HGNC:17728	MONDO:0035153	6	118	82	58	78
HGNC:1773	MONDO:0012183	6570	21446	19030	6368	11030
HGNC:1774	MONDO:0014596	2392	7174	2500	4090	4720
HGNC:17754	MONDO:0032891	2	10	2	2	8
HGNC:17754	MONDO:0859379	2	2	1	1	2
HGNC:17761	MONDO:0020749	148	238	210	192	1508
HGNC:1777	MONDO:0014484	1124	13080	9406	6972	17546
HGNC:17770	MONDO:0032921	160	2	2	2	2
HGNC:17811	MONDO:0971064	26278	26018	14612	19346	28810
HGNC:17814	MONDO:0859575	2	2	2	2	2
HGNC:1785	MONDO:0012552	86	10892	6234	6018	11300
HGNC:1786	MONDO:0013873	494	228	60	218	442
HGNC:1786	MONDO:0016476	24226	5276	15146	2666	6442
HGNC:17861	MONDO:0014343	78	260	142	182	410
HGNC:1787	MONDO:0011713	3456	18262	12748	7434	23916
HGNC:1787	MONDO:0015278	5448	18230	9328	7356	15396
HGNC:17870	MONDO:0011190	2	2	2	2	2
HGNC:17933	MONDO:0033547	382	1478	828	134	3470
HGNC:17939	MONDO:0044322	8	2	2	2	2
HGNC:17944	MONDO:0013853	562	178	456	690	404
HGNC:17964	MONDO:0008377	212	230	300	388	236
HGNC:17975	MONDO:0014282	268	22	34	24	70
HGNC:17978	MONDO:0010075	6	2	2	2	2
HGNC:17985	MONDO:0032783	558	134	164	10	2092
HGNC:17993	MONDO:0011474	34	134	110	76	1318
HGNC:17993	MONDO:0020745	58	80	70	66	68
HGNC:17996	MONDO:0009377	326	2	2	2	2
HGNC:17997	MONDO:0011787	28	84	28	20	190
HGNC:17997	MONDO:0013157	18	32	14	12	18
HGNC:17997	MONDO:1040033	28	30	36	28	50
HGNC:18016	MONDO:0032581	890	15416	6600	10680	5934
HGNC:18018	MONDO:0008377	14012	2000	542	816	2732
HGNC:1802	MONDO:0007805	25462	4662	3578	838	6062
HGNC:18021	MONDO:0100045	31538	22030	20562	32488	27258
HGNC:18060	MONDO:0010317	56	186	138	80	148
HGNC:18062	MONDO:0014567	1430	4	4	4	4
HGNC:18072	MONDO:0032867	11528	21052	10338	20522	8972
HGNC:18083	MONDO:0007232	80	2628	1292	296	1966
HGNC:18083	MONDO:0008477	28	84	62	38	112
HGNC:18083	MONDO:0010839	150	458	346	236	508
HGNC:18083	MONDO:0011633	68	180	106	104	544
HGNC:18084	MONDO:0014622	2	466	514	8	1280
HGNC:18084	MONDO:0100296	10	4	2	2	4
HGNC:1810	MONDO:0010767	11508	16	18	18	14
HGNC:18121	MONDO:0012299	2000	560	74	158	428
HGNC:18124	MONDO:0012354	90	924	2972	126	3890
HGNC:18127	MONDO:0009624	2268	110	30	226	20
HGNC:18130	MONDO:0018393	3348	76	46	174	1930
HGNC:18141	MONDO:0012442	9312	5364	2054	36698	2026
HGNC:18141	MONDO:0018816	2	2	2	2	2
HGNC:18149	MONDO:0044222	3636	220	256	96	13922
HGNC:18153	MONDO:0012291	14	74	60	342	98
HGNC:18169	MONDO:0009804	38	138	108	352	4268
HGNC:18169	MONDO:0009806	120	100	196	242	496
HGNC:18173	MONDO:0007191	19668	13184	24800	27322	28298
HGNC:18188	MONDO:0800436	126	2	2	2	2
HGNC:18248	MONDO:0014996	572	3490	58	258	794
HGNC:18270	MONDO:0010814	4	2	2	2	2
HGNC:18276	MONDO:0958013	210	2500	270	252	3828
HGNC:18286	MONDO:0012483	14	22	14	12	16
HGNC:18292	MONDO:0011546	46	174	32	20	630
HGNC:18292	MONDO:0016302	28	5086	1866	2216	5176
HGNC:18305	MONDO:0010319	572	1340	1082	1322	666
HGNC:18308	MONDO:0010469	30632	17932	19602	18836	21456
HGNC:18318	MONDO:0011510	270	24	16	70	28
HGNC:18326	MONDO:0008377	6738	194	296	160	536
HGNC:18340	MONDO:0008377	112	96	162	162	314
HGNC:18340	MONDO:0013718	50	328	54	34	120
HGNC:18340	MONDO:0013719	222	60	6	6	8
HGNC:18365	MONDO:0012292	160	4250	68	80	2574
HGNC:1839	MONDO:0008436	20	2	2	2	2
HGNC:18398	MONDO:0008416	232	5132	5546	4468	12764
HGNC:18416	MONDO:0975746	8592	30162	39292	20786	35284
HGNC:18420	MONDO:0035706	30498	6904	5326	352	7190
HGNC:18437	MONDO:0019475	52	4848	2084	200	10956
HGNC:18451	MONDO:0013331	42	2792	78	46	2362
HGNC:1848	MONDO:0012348	6648	3202	534	340	7560
HGNC:18481	MONDO:0009054	936	868	452	268	416
HGNC:1850	MONDO:0007922	98	18	28	20	26
HGNC:18518	MONDO:0012472	218	180	2	42	34
HGNC:18533	MONDO:0859366	3494	8156	9976	124	11606
HGNC:18550	MONDO:0031481	2	2	2	2	2
HGNC:1857	MONDO:0009477	362	466	140	952	1664
HGNC:18591	MONDO:0014343	540	730	346	374	170
HGNC:186	MONDO:0007064	1	2	2	1	2
HGNC:18603	MONDO:0008340	33256	6246	13498	5554	22854
HGNC:18608	MONDO:0014080	6	1142	2244	1118	6700
HGNC:18619	MONDO:0957820	726	14	24	48	40
HGNC:18620	MONDO:0019407	56	4	4	18	28
HGNC:18621	MONDO:0014131	1320	2162	3258	3034	6102
HGNC:18625	MONDO:0013800	40	18	16	12	28
HGNC:18626	MONDO:0014447	314	8	4	4	10
HGNC:18628	MONDO:0958237	4	4048	90	52	7204
HGNC:18640	MONDO:0018328	90	8602	10038	21960	21462
HGNC:18647	MONDO:0020737	206	1320	394	366	596
HGNC:18662	MONDO:0012604	2	336	20	2	190
HGNC:18674	MONDO:0014809	2242	17024	15770	11726	19140
HGNC:18683	MONDO:0009998	1930	2378	2802	2464	4936
HGNC:18683	MONDO:0014343	1054	892	936	934	980
HGNC:18688	MONDO:0014539	40	508	2346	18	18926
HGNC:1869	MONDO:0007744	36332	2288	5722	8	10580
HGNC:18711	MONDO:0859277	4	2	1	1	2
HGNC:18712	MONDO:0017049	20670	2354	4462	2818	2900
HGNC:18744	MONDO:0012906	126	278	62	74	326
HGNC:18758	MONDO:0008377	28	54	88	50	90
HGNC:18762	MONDO:0007677	30154	338	742	870	8916
HGNC:18798	MONDO:0030028	36	2	2	2	2
HGNC:18801	MONDO:0014606	38	2	2	2	2
HGNC:18810	MONDO:0012621	42	210	42	36	126
HGNC:18829	MONDO:0014037	13066	2692	110	146	1080
HGNC:18831	MONDO:0013662	854	5340	1576	162	5992
HGNC:1884	MONDO:0009061	2	2	2	2	2
HGNC:18858	MONDO:0012465	10	44	20	6	38
HGNC:18871	MONDO:0009613	2	2	1	1	2
HGNC:18873	MONDO:0014343	1540	822	752	832	842
HGNC:18873	MONDO:0024535	182	2	12	2	754
HGNC:18873	MONDO:0030692	142	2168	452	252	7888
HGNC:18884	MONDO:0011801	372	204	2	2	2
HGNC:18971	MONDO:0014494	21198	24560	14340	13948	30788
HGNC:18971	MONDO:0015597	1608	29550	20728	36456	36088
HGNC:18986	MONDO:0013737	46	2	2	2	38
HGNC:19012	MONDO:0958241	2	12	4	4	3788
HGNC:19046	MONDO:0014343	1114	4	22	56	128
HGNC:19073	MONDO:0010496	824	1914	428	1488	746
HGNC:19082	MONDO:0014556	2	2	1	1	2
HGNC:19087	MONDO:0015021	1	1	1	1	1
HGNC:19088	MONDO:0030918	2	2	1	1	2
HGNC:19104	MONDO:0011756	98	3618	152	100	1742
HGNC:19124	MONDO:0017833	9324	7776	13134	14878	12240
HGNC:19129	MONDO:0012596	1518	398	136	400	482
HGNC:19129	MONDO:0014466	312	254	138	294	238
HGNC:19139	MONDO:0018277	258	24	20	22	18
HGNC:19141	MONDO:0011464	4	4828	792	34	7148
HGNC:19181	MONDO:0014552	4408	10862	6514	5842	6864
HGNC:19185	MONDO:0054737	2	2	2	2	2
HGNC:19189	MONDO:0014343	368	252	526	172	134
HGNC:1919	MONDO:0014946	1344	6450	3684	3006	6042
HGNC:19190	MONDO:0014371	820	1156	778	468	526
HGNC:19191	MONDO:0009478	46	2	2	2	2
HGNC:19218	MONDO:0014970	12088	21432	21454	24170	20906
HGNC:19263	MONDO:0029465	776	5346	5310	2142	1928
HGNC:19304	MONDO:0957787	512	4	4	4	4
HGNC:19309	MONDO:0013033	84	6340	160	4828	6276
HGNC:19316	MONDO:0008147	382	1776	982	972	4518
HGNC:19316	MONDO:0009804	196	2400	256	708	2458
HGNC:19316	MONDO:0009820	30	122	48	52	64
HGNC:19317	MONDO:0007740	34	34	74	50	48
HGNC:19317	MONDO:0008377	1590	746	402	348	248
HGNC:19349	MONDO:0100101	20566	29230	25750	25114	17580
HGNC:19353	MONDO:0013256	106	4	4	6	6
HGNC:19358	MONDO:0011783	14	4	4	2	4
HGNC:1938	MONDO:0011246	8	4	4	4	4
HGNC:19380	MONDO:0859360	2	2	2	2	2
HGNC:19383	MONDO:0800130	42	1028	526	70	4652
HGNC:1940	MONDO:0008377	3824	396	344	966	506
HGNC:19412	MONDO:0014192	24	26	16	14	26
HGNC:19440	MONDO:0012197	3610	4188	6352	1620	1762
HGNC:195	MONDO:0013693	6	2164	86	64	5616
HGNC:1952	MONDO:0007032	24	462	16	10	64
HGNC:1955	MONDO:0012156	22	14	18	10	18
HGNC:1956	MONDO:0012474	150	112	56	22	2740
HGNC:1965	MONDO:0014583	102	90	28	30	452
HGNC:1965	MONDO:0014585	64	38	38	32	890
HGNC:1966	MONDO:0014586	70	40	30	34	70
HGNC:19661	MONDO:0020745	32	80	32	36	62
HGNC:1968	MONDO:0008963	10	2	2	2	2
HGNC:19691	MONDO:0015003	60	2	2	2	2
HGNC:19698	MONDO:0008377	2364	216	204	312	802
HGNC:19708	MONDO:0009505	194	176	1474	406	2052
HGNC:1971	MONDO:0014343	1166	542	578	526	678
HGNC:19714	MONDO:0012256	454	2	2	2	262
HGNC:19721	MONDO:0009629	14	2	2	2	2
HGNC:19721	MONDO:0054680	118	2506	224	298	2108
HGNC:19743	MONDO:0013154	48	12	8	12	12
HGNC:19743	MONDO:0013162	2732	1208	1582	138	180
HGNC:19747	MONDO:0008673	180	74	82	26	902
HGNC:19750	MONDO:0800030	2	2	1	1	2
HGNC:19869	MONDO:0010959	2	2	1	1	2
HGNC:1987	MONDO:0008542	204	2070	772	352	7586
HGNC:19880	MONDO:0007363	58	36	48	44	42
HGNC:19880	MONDO:0008818	66	56	68	60	62
HGNC:19880	MONDO:0012892	78	76	78	80	80
HGNC:19903	MONDO:0019130	24522	18442	12438	7732	14946
HGNC:19903	MONDO:0859328	12	2880	98	46	1284
HGNC:19918	MONDO:0032673	18	2	2	2	2
HGNC:19943	MONDO:0032894	2822	7106	1274	3022	1924
HGNC:19960	MONDO:0014688	14	4	2	2	4
HGNC:19967	MONDO:0009360	7254	10738	5016	8902	6052
HGNC:19967	MONDO:0017117	15712	20140	10610	23850	15890
HGNC:19980	MONDO:0014343	1402	238	376	344	608
HGNC:20	MONDO:0013212	296	4680	838	476	1738
HGNC:20001	MONDO:0018328	110	17292	8232	7566	28294
HGNC:2001	MONDO:0012041	648	6290	5710	2820	4506
HGNC:20080	MONDO:0008377	6942	218	380	250	302
HGNC:20087	MONDO:0008377	18	20	20	14	18
HGNC:20091	MONDO:0054731	54	80	56	74	228
HGNC:20105	MONDO:0009168	6	2	1	2	2
HGNC:20134	MONDO:0014803	118	50	94	46	12
HGNC:20134	MONDO:0014804	76	54	36	62	88
HGNC:20145	MONDO:0010435	904	230	10	8	172
HGNC:20145	MONDO:0021019	6	12	6	6	238
HGNC:20152	MONDO:0007828	12	6	6	2	40
HGNC:20185	MONDO:0044321	2	2	1	2	2
HGNC:2019	MONDO:0009715	4	6	2	2	8
HGNC:2019	MONDO:0100468	23720	332	6966	20974	1528
HGNC:20194	MONDO:0009558	718	5460	4482	4578	6386
HGNC:20197	MONDO:0009953	52	2	2	2	2
HGNC:2021	MONDO:0859187	2	2	1	1	2
HGNC:2021	MONDO:0859188	8	8	12	10	30
HGNC:20213	MONDO:0859160	2	2	2	1	2
HGNC:2022	MONDO:0010250	2	2	2	2	2
HGNC:20233	MONDO:0013836	64	358	130	90	90
HGNC:20249	MONDO:0007922	16	18	26	32	22
HGNC:20249	MONDO:0012669	78	746	72	58	284
HGNC:2025	MONDO:0008156	2726	188	298	248	182
HGNC:2025	MONDO:0014343	196	278	318	188	100
HGNC:2027	MONDO:0009904	40	70	60	30	354
HGNC:2027	MONDO:0011822	4	2	2	2	2
HGNC:20297	MONDO:0013189	2476	8896	58	138	4332
HGNC:20305	MONDO:0009431	2	2	4	2	2
HGNC:20313	MONDO:0968981	11832	2	12	36410	2
HGNC:20323	MONDO:0014343	1150	60	30	174	526
HGNC:20324	MONDO:0014343	1172	86	432	188	430
HGNC:20324	MONDO:0014507	2	2	2	2	2
HGNC:20330	MONDO:0011169	8	280	60	56	152
HGNC:20372	MONDO:0024552	32	4	8	4	4
HGNC:20406	MONDO:0014327	17828	6276	2180	1622	6004
HGNC:20422	MONDO:0013385	3064	1258	802	912	1792
HGNC:20422	MONDO:0014343	522	840	698	544	578
HGNC:20423	MONDO:0009549	138	258	230	180	122
HGNC:20439	MONDO:0010655	7944	4794	4558	2800	2578
HGNC:20444	MONDO:0007974	2	2	1	1	2
HGNC:20456	MONDO:0032572	2	2	2	2	2
HGNC:20492	MONDO:0018576	2754	128	532	414	1076
HGNC:20581	MONDO:0014343	1300	632	618	674	666
HGNC:20603	MONDO:0008377	2368	322	194	368	190
HGNC:20611	MONDO:0018264	10	12	10	6	18
HGNC:20626	MONDO:0007794	62	140	86	50	58
HGNC:20626	MONDO:0008542	164	136	74	88	526
HGNC:2063	MONDO:0010473	8884	13528	25632	30064	33082
HGNC:20652	MONDO:0030819	58	2	2	2	2
HGNC:20670	MONDO:0008693	2	2	2	2	2
HGNC:20670	MONDO:0008853	2	2	2	1	2
HGNC:20672	MONDO:0010286	660	3154	924	832	2266
HGNC:20716	MONDO:0012297	432	1432	436	1578	6134
HGNC:20730	MONDO:0033308	2	2	1	1	2
HGNC:20731	MONDO:0014074	278	2576	196	254	288
HGNC:20759	MONDO:0975795	19262	24834	170	23036	18032
HGNC:20761	MONDO:0010044	46	2	2	2	6
HGNC:2077	MONDO:0011144	106	3388	48	252	1686
HGNC:20772	MONDO:0018763	540	16464	7352	8262	7624
HGNC:20773	MONDO:0021573	3164	16076	1750	4046	5580
HGNC:20773	MONDO:0044626	70	7698	8204	528	4372
HGNC:20778	MONDO:0014341	948	6732	6598	2304	6612
HGNC:20788	MONDO:0007856	2212	9630	5446	7246	7262
HGNC:20800	MONDO:0010013	6	6	10	6	12
HGNC:2084	MONDO:0013588	10290	5940	7010	5148	14372
HGNC:20844	MONDO:0957825	7882	4950	76	98	3458
HGNC:20858	MONDO:0014864	48	94	8	76	414
HGNC:2088	MONDO:0060729	1986	6834	6712	13932	15552
HGNC:20893	MONDO:0008377	6168	1468	432	480	774
HGNC:20908	MONDO:0008542	954	9652	1630	1956	5168
HGNC:20908	MONDO:0012569	4	11306	7190	6540	9744
HGNC:20917	MONDO:0013999	2	128	2	4	184
HGNC:20967	MONDO:0044306	108	184	2	2	2
HGNC:21020	MONDO:0030006	114	746	146	252	342
HGNC:21022	MONDO:0013570	284	2064	1136	1468	3024
HGNC:21042	MONDO:0030921	5064	60	4	28	10
HGNC:21054	MONDO:0014657	4	4	2	2	6
HGNC:21056	MONDO:0014240	22	2	2	18	2
HGNC:21057	MONDO:0012979	24	26	16	20	36
HGNC:21062	MONDO:0013986	144	36	12	40	68
HGNC:21062	MONDO:0014882	7974	6226	3762	6266	6546
HGNC:21066	MONDO:0009544	2	2	2	2	2
HGNC:21086	MONDO:0014042	3238	8208	3522	3572	10106
HGNC:21088	MONDO:0033668	1558	12548	6066	16084	11314
HGNC:21099	MONDO:0958242	14	1060	100	76	554
HGNC:21143	MONDO:0013553	1890	282	116	446	886
HGNC:21157	MONDO:0014619	108	6	10	28	40
HGNC:21158	MONDO:0013357	21748	29992	31160	29400	31302
HGNC:21173	MONDO:0859355	8350	6424	7140	6154	10942
HGNC:21176	MONDO:0009300	940	3680	1750	1890	4718
HGNC:21197	MONDO:0012866	108	4	2	2	2
HGNC:21208	MONDO:0054636	24	6	10	8	10
HGNC:21219	MONDO:0012980	2	2	2	2	2
HGNC:21244	MONDO:0859147	46	2	2	2	2
HGNC:21253	MONDO:0012460	18920	5038	848	4810	2572
HGNC:21269	MONDO:0957231	2310	19296	31586	19434	27444
HGNC:21270	MONDO:0976266	34048	7190	11626	29982	16588
HGNC:21285	MONDO:0007748	39024	36476	27528	20488	38926
HGNC:21290	MONDO:0975761	23488	33018	15442	5490	10136
HGNC:21307	MONDO:0011932	2464	5886	250	252	4428
HGNC:21316	MONDO:0016838	868	3348	2080	3600	3254
HGNC:2135	MONDO:0011475	34	36	6	14	50
HGNC:21350	MONDO:0009503	256	10	40	140	40
HGNC:21365	MONDO:0014269	34	6	2	6	18
HGNC:21424	MONDO:0014926	2114	822	708	3540	442
HGNC:21424	MONDO:0030462	62	534	978	1452	4176
HGNC:21474	MONDO:0012423	628	872	548	442	1830
HGNC:21493	MONDO:0014203	22	14	8	14	14
HGNC:21495	MONDO:0030505	2	2	2	1	2
HGNC:21497	MONDO:0012624	676	4468	3592	6024	4464
HGNC:21504	MONDO:0010767	6	2	2	2	2
HGNC:216	MONDO:0013002	19544	10270	9268	9606	23364
HGNC:21610	MONDO:0060761	428	5146	728	1642	1482
HGNC:21637	MONDO:0012864	380	190	132	52	102
HGNC:21638	MONDO:0032677	840	3366	1978	508	3690
HGNC:21641	MONDO:0013218	12	58	124	10	508
HGNC:21642	MONDO:0014397	264	260	300	420	520
HGNC:21645	MONDO:0014742	212	2400	814	4786	5012
HGNC:21648	MONDO:0957953	6	2	2	2	2
HGNC:21666	MONDO:0011490	786	36480	29260	32634	35404
HGNC:21675	MONDO:0017173	12	26	8	12	4
HGNC:21675	MONDO:0029148	2	2	4	2	2
HGNC:21686	MONDO:0013058	142	2	2	2	2
HGNC:21699	MONDO:0008377	2	4	2	4	6
HGNC:21701	MONDO:0020841	116	2	2	2	2
HGNC:21732	MONDO:0014343	996	144	214	144	158
HGNC:21734	MONDO:0019828	14650	5314	3220	2892	5126
HGNC:218	MONDO:0009161	2	2	2	2	2
HGNC:2183	MONDO:0008377	2174	230	246	238	144
HGNC:21839	MONDO:0957220	5696	8054	658	32	7664
HGNC:2185	MONDO:0014343	422	62	8	14	14
HGNC:2186	MONDO:0008377	842	2708	274	5540	390
HGNC:2186	MONDO:0011493	54	12	18	14	12
HGNC:21863	MONDO:0012794	2378	5986	3870	5048	5784
HGNC:2187	MONDO:0007740	46	46	56	68	70
HGNC:2187	MONDO:0013795	384	120	38	52	62
HGNC:2187	MONDO:0014343	1002	196	254	312	248
HGNC:2188	MONDO:0014654	1450	24	26	30	44
HGNC:2188	MONDO:0034022	118	12	12	24	22
HGNC:219	MONDO:0007922	16	4	4	4	10
HGNC:2190	MONDO:0014745	2	2	1	1	2
HGNC:2194	MONDO:0007381	114	372	162	52	2710
HGNC:2194	MONDO:0019307	16	42	18	16	60
HGNC:2194	MONDO:0030750	14	14	12	6	262
HGNC:2195	MONDO:0800167	2	2	2	2	2
HGNC:2197	MONDO:0007244	18	256	306	208	1440
HGNC:2197	MONDO:0008148	26	796	216	90	334
HGNC:2197	MONDO:0014343	14	690	308	308	256
HGNC:2197	MONDO:0020521	184	766	722	210	530
HGNC:2198	MONDO:0009159	560	744	298	304	1302
HGNC:2198	MONDO:0012892	48	56	54	58	58
HGNC:2198	MONDO:0017791	80	546	286	26	76
HGNC:2200	MONDO:0007895	106	78	42	58	74
HGNC:2200	MONDO:0007949	36	74	62	44	52
HGNC:2200	MONDO:0008476	144	386	186	132	256
HGNC:2200	MONDO:0008479	134	266	146	294	158
HGNC:2200	MONDO:0008490	90	398	118	298	418
HGNC:2200	MONDO:0011496	10	1502	424	186	1198
HGNC:2200	MONDO:0012287	16	3702	656	482	2710
HGNC:2200	MONDO:0016202	4746	3390	9468	82	3776
HGNC:2200	MONDO:0019669	4260	4908	88	3122	1192
HGNC:2201	MONDO:0007524	18	22	24	18	20
HGNC:2201	MONDO:0008426	28	26	24	24	26
HGNC:2202	MONDO:0012726	26	112	10	34	98
HGNC:2202	MONDO:0018829	10688	4586	8382	4322	4782
HGNC:2202	MONDO:0100533	94	1312	34	26	170
HGNC:2204	MONDO:0007086	62	12	10	12	14
HGNC:2206	MONDO:0008762	222	14	8	14	66
HGNC:2211	MONDO:0958353	46	350	84	46	4544
HGNC:2212	MONDO:0009714	128	320	778	210	678
HGNC:2213	MONDO:0014627	30	2392	62	34	166
HGNC:2213	MONDO:0958236	148	64	8	6	56
HGNC:2214	MONDO:0011398	22	50	62	28	150
HGNC:2214	MONDO:0019310	56	10	30	6	34
HGNC:2214	MONDO:0019522	106	12	16	22	32
HGNC:22140	MONDO:0009821	622	186	184	278	196
HGNC:2217	MONDO:0007740	20	38	32	38	40
HGNC:2218	MONDO:0014343	606	220	362	244	370
HGNC:2219	MONDO:0007740	18	32	28	40	30
HGNC:2219	MONDO:0007949	14	12	10	12	12
HGNC:2219	MONDO:0010964	62	80	22	46	48
HGNC:22197	MONDO:0013342	212	6	2	2	2
HGNC:22219	MONDO:0008377	1662	154	222	208	130
HGNC:22219	MONDO:0016692	308	940	1682	670	146
HGNC:2226	MONDO:0020346	8	10	10	6	16
HGNC:2227	MONDO:0007561	74	34	24	24	34
HGNC:2227	MONDO:0008322	6	6	4	6	14
HGNC:2227	MONDO:0014343	798	740	738	396	616
HGNC:2230	MONDO:0014629	2846	8140	12908	10172	12940
HGNC:2231	MONDO:0859002	17088	10134	29724	12278	9800
HGNC:2232	MONDO:0859253	404	5712	3856	1610	6684
HGNC:2244	MONDO:0013840	132	114	50	24	62
HGNC:2244	MONDO:0014754	58	2	2	2	4
HGNC:2244	MONDO:0958129	29002	5110	6830	17952	5490
HGNC:22448	MONDO:0012689	4	14	4	2	10
HGNC:225	MONDO:0007483	94	8850	7628	6188	8064
HGNC:2252	MONDO:0014168	178	6648	1044	588	4630
HGNC:226	MONDO:0030025	1008	4288	3142	2636	3360
HGNC:2260	MONDO:0033635	44	10	4	12	14
HGNC:2260	MONDO:0700250	6	2	2	2	2
HGNC:2261	MONDO:0859520	14	2	2	2	2
HGNC:22932	MONDO:0014141	110	8	4	8	4
HGNC:22932	MONDO:0018277	320	200	30	26	234
HGNC:22938	MONDO:0012724	42	2	6	8	28
HGNC:2294	MONDO:0033650	1382	1198	1808	1274	1006
HGNC:22954	MONDO:0014977	126	816	410	134	3390
HGNC:22965	MONDO:0013938	22	2	2	2	4
HGNC:22986	MONDO:0014061	300	28	14	8	24
HGNC:22986	MONDO:0014343	960	12	20	16	18
HGNC:23	MONDO:0013166	484	224	330	164	42
HGNC:23018	MONDO:0008678	29368	15676	24402	22876	14566
HGNC:23038	MONDO:0010183	4	2	1	1	2
HGNC:23045	MONDO:0032748	28	4	14	2	4
HGNC:23068	MONDO:0014343	1562	714	558	730	282
HGNC:23088	MONDO:0012892	20	16	16	16	32
HGNC:23089	MONDO:0014392	24	4	2	4	6
HGNC:2309	MONDO:0008684	2	2	2	1	2
HGNC:23094	MONDO:0012786	14	526	138	28	142
HGNC:23096	MONDO:0011273	2	2	2	2	2
HGNC:23109	MONDO:0007922	48	20	24	22	36
HGNC:23109	MONDO:0014242	10	4	4	4	4
HGNC:23141	MONDO:0014684	58	2	2	2	2
HGNC:23151	MONDO:0013016	2506	284	184	474	536
HGNC:23157	MONDO:0011291	44	40	26	32	638
HGNC:23159	MONDO:0014543	2	4	2	2	4
HGNC:23161	MONDO:0011969	92	2	2	2	6
HGNC:23161	MONDO:0054743	64	1528	4262	2394	5618
HGNC:23166	MONDO:0013977	666	3690	992	706	2350
HGNC:23166	MONDO:0013978	5428	6146	10108	33568	8676
HGNC:232	MONDO:0012421	1324	2550	2952	8844	8408
HGNC:2321	MONDO:0030048	66	274	56	40	56
HGNC:23212	MONDO:0013711	256	4814	5136	3000	7682
HGNC:23213	MONDO:0012465	3072	4836	4680	4568	3602
HGNC:23213	MONDO:0014457	26	2	2	2	2
HGNC:23216	MONDO:0024543	2	2	1	1	2
HGNC:23230	MONDO:0014933	62	996	26	4	1460
HGNC:2326	MONDO:0859250	1282	270	632	688	1948
HGNC:23287	MONDO:0011229	2	2	2	2	2
HGNC:2330	MONDO:0013633	1416	4734	3160	3430	2234
HGNC:23302	MONDO:0030619	470	13544	1622	4102	5862
HGNC:23339	MONDO:0968976	2	1	1	1	1
HGNC:2336	MONDO:0013862	22	36	12	10	54
HGNC:23399	MONDO:0012165	2	2	2	2	2
HGNC:23399	MONDO:0013774	292	4	6	6	4
HGNC:23399	MONDO:0019636	1024	304	14	42	16
HGNC:23405	MONDO:0014070	8	14	16	20	24
HGNC:23419	MONDO:0012280	566	2	2	2	446
HGNC:2342	MONDO:0054764	20924	70	10	6	34
HGNC:2343	MONDO:0008246	40	298	62	46	282
HGNC:23448	MONDO:0005006	10	50	8	27980	12
HGNC:23452	MONDO:0013495	16	14	4	4	6
HGNC:2348	MONDO:0008393	280	96	66	44	86
HGNC:2348	MONDO:0012519	3216	1902	2224	2326	2424
HGNC:2348	MONDO:0018256	348	666	4350	172	3724
HGNC:23537	MONDO:0008774	220	580	1672	890	1172
HGNC:23537	MONDO:0014012	1962	3590	2002	946	4784
HGNC:23575	MONDO:0859186	504	372	144	304	2866
HGNC:2359	MONDO:0011239	13884	10100	30258	15436	28520
HGNC:23595	MONDO:0011811	472	2	2	2	2
HGNC:236	MONDO:0800028	164	90	46	16	116
HGNC:23625	MONDO:0030915	2	2	1	1	2
HGNC:23639	MONDO:0024541	96	2	2	2	2
HGNC:23656	MONDO:0044724	710	1398	576	702	2048
HGNC:23657	MONDO:0010028	48	2	2	8	52
HGNC:23657	MONDO:0011603	1326	4208	400	676	5666
HGNC:23657	MONDO:0014518	396	4874	344	80	5778
HGNC:23657	MONDO:0958325	38	2946	126	62	2218
HGNC:23663	MONDO:0011837	14	3540	46	4052	5478
HGNC:237	MONDO:0014570	2138	126	304	142	514
HGNC:23700	MONDO:0032924	22	92	2	66	78
HGNC:23734	MONDO:0014406	28	296	30	6	334
HGNC:2375	MONDO:0013351	352	4020	5576	4380	7502
HGNC:2377	MONDO:0859137	464	144	150	140	144
HGNC:23785	MONDO:0007376	1900	8476	438	6060	16176
HGNC:23787	MONDO:0031019	52	6	2	2	6
HGNC:2379	MONDO:0008148	58	798	148	136	272
HGNC:2379	MONDO:0009804	56	134	144	240	1952
HGNC:2379	MONDO:0012892	24	20	22	26	28
HGNC:2379	MONDO:0014343	62	48	52	96	208
HGNC:23805	MONDO:0014963	296	348	162	260	366
HGNC:2383	MONDO:0013449	748	4058	852	5726	4904
HGNC:2389	MONDO:0018611	36	36	30	38	26
HGNC:2395	MONDO:0007283	3328	2596	608	218	2348
HGNC:2398	MONDO:0015300	24	86	38	30	50
HGNC:23994	MONDO:0958005	2	2	2	1	2
HGNC:24007	MONDO:0032933	8320	7508	8662	8806	11232
HGNC:24048	MONDO:0009055	6264	23406	10896	21654	12626
HGNC:24063	MONDO:0030105	38	186	238	470	974
HGNC:24071	MONDO:0054771	18312	19060	12518	5712	7124
HGNC:2409	MONDO:0018611	44	1166	24	22	34
HGNC:2409	MONDO:0021548	578	642	358	1250	2688
HGNC:24097	MONDO:0007922	54	20	16	14	38
HGNC:2410	MONDO:0011430	28	118	22	28	30
HGNC:2410	MONDO:0015300	24	26	30	20	26
HGNC:2410	MONDO:0018611	30	66	28	24	26
HGNC:2411	MONDO:0011430	24	32	26	22	24
HGNC:2411	MONDO:0018611	30	44	26	22	26
HGNC:2411	MONDO:0020375	62	15908	16432	28138	23872
HGNC:24113	MONDO:0009935	1280	1912	4332	1094	5622
HGNC:24123	MONDO:0014927	390	10	12	4	12
HGNC:24154	MONDO:0014343	1014	56	68	148	84
HGNC:2417	MONDO:0018611	18	12	20	18	18
HGNC:2418	MONDO:0014603	10740	5268	1184	7466	4040
HGNC:24229	MONDO:0014098	6	10	10	10	10
HGNC:24247	MONDO:0009070	8	2	2	2	2
HGNC:24259	MONDO:0033009	62	6	4	6	6
HGNC:24270	MONDO:0859295	2	1	1	1	2
HGNC:24281	MONDO:0044319	228	2	2	2	2
HGNC:24284	MONDO:0044696	128	42	32	28	28
HGNC:24316	MONDO:0700250	146	862	294	258	494
HGNC:2433	MONDO:0014343	900	746	772	686	514
HGNC:2433	MONDO:0032772	352	266	392	46	884
HGNC:2435	MONDO:0010424	46	10	4	4	34
HGNC:24519	MONDO:0013896	108	3880	784	812	1600
HGNC:24525	MONDO:0010184	2	2	1	1	2
HGNC:24526	MONDO:0014286	80	5724	4810	5802	2478
HGNC:24552	MONDO:0008922	6142	7922	5616	9234	10912
HGNC:24552	MONDO:0032927	258	2	2	14	6
HGNC:24555	MONDO:0032817	512	36	26	46	84
HGNC:24576	MONDO:0013431	124	1238	1184	634	1522
HGNC:24587	MONDO:0012514	2	2	2	2	2
HGNC:24592	MONDO:0014094	58	1482	258	248	4276
HGNC:24595	MONDO:0014343	252	424	530	224	362
HGNC:2464	MONDO:0007740	58	102	76	90	274
HGNC:2464	MONDO:0008490	602	584	116	302	340
HGNC:24650	MONDO:0019896	1358	426	2116	1180	2314
HGNC:24668	MONDO:0013892	6	6	4	6	6
HGNC:24678	MONDO:0013050	14	4	2	2	2
HGNC:2468	MONDO:0014343	118	814	732	758	952
HGNC:24713	MONDO:0060707	30	2	2	2	2
HGNC:2472	MONDO:0012804	48	5826	172	166	5904
HGNC:2478	MONDO:0032804	150	66	250	50	106
HGNC:24783	MONDO:0008377	1422	348	158	192	752
HGNC:2481	MONDO:0011937	6822	6036	1494	212	5666
HGNC:24846	MONDO:0032757	108	692	68	60	2794
HGNC:24861	MONDO:0012930	2	2	1	1	2
HGNC:24862	MONDO:0011629	482	236	218	272	174
HGNC:24872	MONDO:0011301	2	6	6	6	4
HGNC:24877	MONDO:0025690	282	4804	5996	1614	14044
HGNC:24877	MONDO:0031481	8154	7868	6628	5706	13912
HGNC:2488	MONDO:0008542	6	28	28	10	2988
HGNC:2488	MONDO:0013752	27350	2248	4834	28	11296
HGNC:2488	MONDO:0019855	562	4144	8840	852	13064
HGNC:2488	MONDO:0020745	32	1498	5874	312	6268
HGNC:24891	MONDO:0012411	226	2476	276	270	642
HGNC:24912	MONDO:0014031	2460	6416	6454	6906	6608
HGNC:24921	MONDO:0030036	6	724	514	24	10128
HGNC:24928	MONDO:0013962	38	82	58	60	224
HGNC:24929	MONDO:0030931	44	78	26	94	288
HGNC:24931	MONDO:0010758	88	6	6	4	6
HGNC:24945	MONDO:0014412	14	3836	124	148	1368
HGNC:24959	MONDO:0020762	2	156	2	2	352
HGNC:2500	MONDO:0008881	66	2	2	2	2
HGNC:2500	MONDO:0016356	11602	10094	5318	5154	9054
HGNC:2501	MONDO:0009058	160	7612	4896	8774	5576
HGNC:25018	MONDO:0975840	7868	5072	4742	4796	460
HGNC:2505	MONDO:0014493	80	88	48	106	184
HGNC:2505	MONDO:0018324	124	8	3056	5272	1378
HGNC:25062	MONDO:0018393	5776	3150	2424	13024	7326
HGNC:25072	MONDO:0060704	6	6	2	2	4
HGNC:2509	MONDO:0012162	9976	10458	17120	4780	9522
HGNC:2510	MONDO:0032578	34	2	2	2	2
HGNC:2511	MONDO:0000908	18	6892	5684	5032	5242
HGNC:25118	MONDO:0700338	26888	15634	20182	13336	8704
HGNC:2514	MONDO:0007564	1822	23298	19000	11382	10372
HGNC:2514	MONDO:0008673	3664	9196	8048	6950	12752
HGNC:2514	MONDO:0014035	3708	10542	8236	6346	8100
HGNC:2514	MONDO:0016216	452	392	2196	1236	1586
HGNC:2514	MONDO:0018055	10236	16408	13764	8944	11348
HGNC:2516	MONDO:0007404	5148	21456	14360	25116	19576
HGNC:2518	MONDO:0009064	18	84	96	80	28
HGNC:25186	MONDO:0011833	2	1	1	1	2
HGNC:25221	MONDO:0010185	6	4	2	2	4
HGNC:25221	MONDO:0017683	2126	10208	5988	902	5474
HGNC:25221	MONDO:0700297	25302	15432	5528	10510	3640
HGNC:25221	MONDO:0700298	36050	14632	7084	5612	12338
HGNC:25223	MONDO:0020715	3602	2780	4284	4992	3024
HGNC:25230	MONDO:0014358	1	1	1	1	1
HGNC:25240	MONDO:0009885	550	10604	6140	8528	8536
HGNC:2527	MONDO:0007854	12	8154	6734	5204	7264
HGNC:2528	MONDO:0009490	90	8406	4362	5288	4382
HGNC:25295	MONDO:0030440	14	4	2	2	2
HGNC:25321	MONDO:0968982	72	4956	594	190	4490
HGNC:25325	MONDO:0032859	8	58	44	2	66
HGNC:25326	MONDO:0032686	32	68	54	14	174
HGNC:25355	MONDO:0013208	2	2	2	2	6
HGNC:25358	MONDO:0012166	2	24	2	2	2
HGNC:25360	MONDO:0008267	2	2	1	1	2
HGNC:25382	MONDO:0013069	98	64	20	182	578
HGNC:25403	MONDO:0014623	158	7592	11422	5494	10462
HGNC:25415	MONDO:0014057	6898	7370	12026	16	8470
HGNC:25415	MONDO:0017052	10	198	50	16	908
HGNC:25481	MONDO:0010780	462	5508	2120	2470	5900
HGNC:25481	MONDO:0013111	44	2	2	8	2
HGNC:25489	MONDO:0019448	15896	21626	22380	7800	13910
HGNC:25507	MONDO:0014343	796	478	766	578	526
HGNC:2553	MONDO:0013782	1470	19800	15736	7354	7566
HGNC:25532	MONDO:0013354	472	2082	472	672	4876
HGNC:25535	MONDO:0012892	12	18	18	18	22
HGNC:25536	MONDO:0030054	74	2	2	2	2
HGNC:25543	MONDO:0030958	23420	5414	6294	1152	7580
HGNC:2561	MONDO:8000006	4742	6746	5626	4650	7848
HGNC:25613	MONDO:0014503	98	2	2	2	6
HGNC:25631	MONDO:0054724	36	184	64	50	70
HGNC:25636	MONDO:0008542	17614	15458	3702	13302	24782
HGNC:25640	MONDO:0031052	388	946	1048	1120	958
HGNC:25640	MONDO:0060702	282	1284	2702	566	2096
HGNC:25660	MONDO:0014343	56	2	2	2	16
HGNC:2567	MONDO:0010702	624	228	324	1150	336
HGNC:25686	MONDO:0032592	11786	400	3716	3644	5596
HGNC:2570	MONDO:0019597	7828	8432	6074	7014	8374
HGNC:25705	MONDO:0014620	1552	4436	774	750	8368
HGNC:25712	MONDO:0018419	2918	2094	1922	1012	1852
HGNC:25726	MONDO:0010665	800	1954	3072	1556	5508
HGNC:25726	MONDO:0018450	4614	7476	3354	15058	9454
HGNC:25737	MONDO:0012650	2168	17042	10144	7094	17770
HGNC:25751	MONDO:0009279	11642	2760	2740	5218	5488
HGNC:25774	MONDO:0013482	374	1354	778	718	1432
HGNC:2578	MONDO:0010389	10	1172	110	112	4108
HGNC:2578	MONDO:0010600	2	4	4	4	4
HGNC:25784	MONDO:0009419	24	2	2	2	2
HGNC:25786	MONDO:0012453	90	10	12	8	18
HGNC:25792	MONDO:0011405	32	2	2	2	2
HGNC:25801	MONDO:0014343	310	68	112	122	56
HGNC:25808	MONDO:0011630	5204	6324	1092	4964	8822
HGNC:25812	MONDO:0008377	2224	2528	912	2624	418
HGNC:25815	MONDO:0014343	122	594	630	532	678
HGNC:25835	MONDO:0030731	52	1000	286	206	188
HGNC:25839	MONDO:0008637	19444	9364	7582	15260	22378
HGNC:25843	MONDO:0012446	22	986	120	66	7496
HGNC:25896	MONDO:0013007	26	2	2	2	2
HGNC:25896	MONDO:0014383	54	12	12	8	886
HGNC:2590	MONDO:0013400	64	1394	644	92	6498
HGNC:25913	MONDO:0975887	6	19108	25168	2	31464
HGNC:2592	MONDO:0007080	14	148	62	22	56
HGNC:2592	MONDO:0008751	3788	34	20	14	20
HGNC:2592	MONDO:0035320	24532	236	30	18	52
HGNC:25928	MONDO:0019374	10356	362	534	1090	574
HGNC:2594	MONDO:0013301	1160	3254	648	366	6398
HGNC:25941	MONDO:0015041	26900	16422	8746	18442	8540
HGNC:25941	MONDO:0019157	6896	13254	6438	6748	12608
HGNC:25964	MONDO:0024309	12	6	6	8	84
HGNC:25966	MONDO:0033202	14	6056	6090	9282	11850
HGNC:25980	MONDO:0032665	656	176	296	20	8
HGNC:25985	MONDO:0008684	14422	6060	7010	6444	7940
HGNC:25994	MONDO:0012613	1070	1286	354	470	818
HGNC:2600	MONDO:0017839	33990	8522	5102	4924	8560
HGNC:26006	MONDO:0014063	2	2	2	2	2
HGNC:26019	MONDO:0013561	346	10	2	2	378
HGNC:26033	MONDO:0032687	26	2	2	2	2
HGNC:26038	MONDO:0018448	20410	26282	33194	30708	34968
HGNC:26047	MONDO:0018393	7310	886	282	1730	8632
HGNC:26047	MONDO:0957202	6	38	4	4	3144
HGNC:26050	MONDO:0013546	632	322	100	396	470
HGNC:26054	MONDO:0008785	4	2	2	2	6
HGNC:26058	MONDO:0033006	254	6	2	2	8
HGNC:26114	MONDO:0014649	2804	10244	9130	7378	8784
HGNC:26144	MONDO:0013236	4590	9958	8498	6442	6416
HGNC:26144	MONDO:0957530	19544	15892	6744	1082	5422
HGNC:26147	MONDO:0008377	794	396	356	414	186
HGNC:26185	MONDO:0009820	42	18	16	20	22
HGNC:26185	MONDO:0030714	162	40	44	18	42
HGNC:26186	MONDO:0859226	2	2	1	1	2
HGNC:26190	MONDO:0008048	1124	24446	20936	8446	9548
HGNC:26193	MONDO:0008377	1280	134	222	162	350
HGNC:26200	MONDO:0800029	6788	9912	19828	7198	7746
HGNC:26208	MONDO:0033566	78	2	2	2	16
HGNC:2621	MONDO:0012294	39058	23472	31956	3690	16820
HGNC:26219	MONDO:0850078	10350	6470	6866	36008	7222
HGNC:26222	MONDO:0014343	824	302	340	308	150
HGNC:26222	MONDO:0014510	550	940	942	552	850
HGNC:26222	MONDO:0036212	458	2164	776	450	2444
HGNC:26230	MONDO:0014184	26270	26470	29454	30598	38038
HGNC:26239	MONDO:0049222	370	8	2	14	8
HGNC:26257	MONDO:0010169	20	1316	74	72	262
HGNC:26262	MONDO:0014238	190	108	182	216	134
HGNC:26270	MONDO:0007158	2	2	2	2	2
HGNC:26276	MONDO:0016539	22704	17626	17932	10376	16676
HGNC:26276	MONDO:0018245	23188	9556	8904	4566	16752
HGNC:26291	MONDO:0008377	74	40	62	68	90
HGNC:26293	MONDO:0032898	32	120	74	50	196
HGNC:26361	MONDO:0024555	124	6	2	2	4
HGNC:26383	MONDO:0957922	4	2	2	2	2
HGNC:26444	MONDO:0010167	4	2	2	2	2
HGNC:26513	MONDO:0014991	132	14	4	8	18
HGNC:26521	MONDO:0013119	42	6	16	54	6
HGNC:26527	MONDO:0009657	8	4	4	4	4
HGNC:26532	MONDO:0009461	168	118	102	120	118
HGNC:26535	MONDO:0018393	694	6	4	8	2
HGNC:26560	MONDO:0014030	70	30	28	28	26
HGNC:26576	MONDO:0044648	166	774	272	190	450
HGNC:26600	MONDO:0054794	36	130	262	58	1952
HGNC:26648	MONDO:0008377	46	52	44	58	30
HGNC:2666	MONDO:0018280	642	5682	4490	710	1928
HGNC:26661	MONDO:0012764	362	5938	2594	12228	6826
HGNC:26684	MONDO:0009366	214	4582	116	122	6136
HGNC:26684	MONDO:0017173	2	2	4	2	2
HGNC:26684	MONDO:0054723	36	102	80	54	616
HGNC:26708	MONDO:0025354	10	12	2	1	6
HGNC:2673	MONDO:0976232	24294	25022	10488	15136	10472
HGNC:2678	MONDO:0014115	1274	3834	1812	3750	3814
HGNC:26784	MONDO:0014020	590	920	610	1212	396
HGNC:26790	MONDO:0013181	14	38	4	2	18
HGNC:26799	MONDO:0030378	2	2	2	2	2
HGNC:26821	MONDO:0007794	24	2	2	2	10
HGNC:26837	MONDO:0010310	4	2	2	2	2
HGNC:26877	MONDO:0010092	434	8	2	2	4
HGNC:26887	MONDO:0009820	54	60	52	38	30
HGNC:26887	MONDO:0012892	30	32	26	24	24
HGNC:26887	MONDO:0014821	16	6	2	4	2
HGNC:26899	MONDO:0014992	182	2	2	2	2
HGNC:26927	MONDO:0032624	444	80	32	68	96
HGNC:26933	MONDO:0976265	37158	16114	16550	15678	22826
HGNC:26941	MONDO:0060752	2	2	1	1	2
HGNC:26953	MONDO:0060631	2	2	1	1	2
HGNC:26974	MONDO:0859281	356	3202	5374	2268	4138
HGNC:26988	MONDO:0014409	6	30	2	2	2
HGNC:26993	MONDO:0030787	10	852	84	80	2060
HGNC:27030	MONDO:0014887	22	2	2	2	2
HGNC:27089	MONDO:0029134	4	2	2	2	2
HGNC:2711	MONDO:0007103	9642	21542	15022	11672	9458
HGNC:2711	MONDO:0008201	702	6310	4952	4600	5930
HGNC:2714	MONDO:0010239	806	46	6	64	124
HGNC:2719	MONDO:0012084	2	2	2	2	2
HGNC:27232	MONDO:0044308	4	2	2	2	2
HGNC:27288	MONDO:0013661	488	1738	508	1056	1382
HGNC:27302	MONDO:0014132	8	12	2	2	2
HGNC:2731	MONDO:0010077	8	12	4	4	36
HGNC:27310	MONDO:0008259	510	6034	5708	5760	6622
HGNC:27310	MONDO:0800445	24	3864	112	138	4960
HGNC:27337	MONDO:0012652	326	168	158	176	204
HGNC:27337	MONDO:0013222	98	224	158	168	302
HGNC:27337	MONDO:0014343	1186	136	122	524	158
HGNC:27337	MONDO:0016103	3696	566	694	1256	2812
HGNC:27365	MONDO:0013529	12	2	2	2	2
HGNC:27375	MONDO:0013386	33548	6922	8464	10552	8004
HGNC:2750	MONDO:0975838	1790	7430	4550	4958	6712
HGNC:2760	MONDO:0030457	2	2	1	1	2
HGNC:2770	MONDO:0008407	96	1480	100	162	524
HGNC:2771	MONDO:0013487	2	778	20	2	674
HGNC:27845	MONDO:0020855	30	2010	510	162	4692
HGNC:27960	MONDO:0009324	2	2	2	2	2
HGNC:27962	MONDO:0014405	2	2	2	2	14
HGNC:2799	MONDO:0014460	14	198	40	2	594
HGNC:28018	MONDO:0012847	62	2	2	2	2
HGNC:28027	MONDO:0009008	10	18	8	4	224
HGNC:28128	MONDO:0033045	36	4	2	2	4
HGNC:28188	MONDO:0054843	6	2	2	2	2
HGNC:28209	MONDO:0014309	44	140	202	230	258
HGNC:28261	MONDO:0014823	2	1	1	1	2
HGNC:28313	MONDO:0032922	4	2	1	1	2
HGNC:28385	MONDO:0014845	78	2	2	2	2
HGNC:28395	MONDO:0012892	38	26	20	20	16
HGNC:28395	MONDO:0014343	1072	270	440	330	406
HGNC:28396	MONDO:0008377	68	112	92	142	74
HGNC:28396	MONDO:0011202	454	714	198	62	600
HGNC:28396	MONDO:0012539	162	1462	600	182	302
HGNC:28396	MONDO:0014343	784	474	502	472	460
HGNC:28423	MONDO:0009722	34	2	2	2	2
HGNC:28449	MONDO:0033980	31498	8456	24606	8	16972
HGNC:2846	MONDO:0008644	4	2	2	2	2
HGNC:28460	MONDO:0971176	18	606	64	2	58
HGNC:28472	MONDO:0011459	46	1692	254	212	5612
HGNC:28486	MONDO:0012588	14	176	1020	360	3960
HGNC:285	MONDO:0020786	1196	12046	14	278	20482
HGNC:28506	MONDO:0017173	50	44	48	38	36
HGNC:28514	MONDO:0033622	1444	104	62	58	124
HGNC:28569	MONDO:0018393	2080	44	26	20	62
HGNC:2858	MONDO:0009636	60	8	2	6	2
HGNC:2858	MONDO:0014899	194	72	18	30	102
HGNC:28583	MONDO:0014343	1082	128	170	136	472
HGNC:2859	MONDO:0011217	134	38	34	74	98
HGNC:28613	MONDO:0032746	4	62	42	26	196
HGNC:28648	MONDO:0009965	6	4	2	2	2
HGNC:28660	MONDO:0033282	38	92	36	16	40
HGNC:28662	MONDO:0859293	2	2	1	1	2
HGNC:28672	MONDO:0030066	18	2	2	2	2
HGNC:2873	MONDO:0009606	2128	2140	2140	1594	5658
HGNC:2876	MONDO:0007424	36	6306	5808	3154	3540
HGNC:28762	MONDO:0859206	158	2	2	2	2
HGNC:28769	MONDO:0008377	7720	932	2712	1112	940
HGNC:2877	MONDO:0010350	58	6908	6268	1324	4892
HGNC:2883	MONDO:0030839	2	86	26	6	3224
HGNC:28845	MONDO:0011570	164	1298	426	528	6020
HGNC:28852	MONDO:0014844	236	18332	3996	6034	7122
HGNC:28870	MONDO:0031043	8	12	10	4	30
HGNC:28880	MONDO:0010455	68	126	68	78	84
HGNC:28880	MONDO:0026729	762	6080	3740	5722	6090
HGNC:28900	MONDO:0016825	110	84	100	80	130
HGNC:28929	MONDO:0020717	60	50	14	14	52
HGNC:28949	MONDO:0012225	9254	4444	5900	4134	6472
HGNC:28952	MONDO:0054805	9248	5010	3416	5410	7606
HGNC:28957	MONDO:0018822	616	3288	4406	2370	1942
HGNC:2898	MONDO:0009529	544	6120	5886	4340	5860
HGNC:28984	MONDO:0009073	508	4	4	6	12
HGNC:28984	MONDO:0011339	258	72	166	20	324
HGNC:28991	MONDO:0014311	822	2	8	2	8
HGNC:28993	MONDO:0007922	80	4	6	8	44
HGNC:28993	MONDO:0008689	30	120	52	18	96
HGNC:28993	MONDO:0014797	10	2	2	2	2
HGNC:29012	MONDO:0032790	1830	4	2	2	20
HGNC:29017	MONDO:0012679	12	1344	3732	1930	1650
HGNC:29021	MONDO:0008377	32	54	38	48	46
HGNC:29021	MONDO:0012626	5598	1034	388	1050	992
HGNC:29022	MONDO:0010850	100	2608	480	326	1590
HGNC:29043	MONDO:0010046	34	2	2	2	2
HGNC:29059	MONDO:0008434	21306	10726	8870	27586	7294
HGNC:29059	MONDO:0010656	738	4	4	24	4
HGNC:29068	MONDO:0014771	276	2	2	2	2
HGNC:2907	MONDO:0011975	6150	7112	7866	7408	8940
HGNC:2907	MONDO:0958354	17810	6900	10730	16914	20170
HGNC:2907	MONDO:0968990	7112	3748	9480	386	4974
HGNC:29077	MONDO:0008377	118	258	138	176	100
HGNC:29077	MONDO:0976267	25976	5168	5832	4690	5532
HGNC:29077	MONDO:0976269	27490	4418	4656	3008	2952
HGNC:29079	MONDO:0700299	26062	20902	8308	13090	13824
HGNC:2908	MONDO:0019758	2390	14090	9932	8474	6406
HGNC:2909	MONDO:0020692	8	2	2	4	2
HGNC:29092	MONDO:0014343	372	852	922	918	954
HGNC:291	MONDO:0007068	902	4	24	8	108
HGNC:29118	MONDO:0032871	114	106	130	20	56
HGNC:2916	MONDO:0008592	16	268	18	16	572
HGNC:29160	MONDO:0030020	19826	6142	4258	1870	3902
HGNC:29162	MONDO:0010176	336	520	492	4460	576
HGNC:29165	MONDO:0032571	42	2	2	2	2
HGNC:2917	MONDO:0014772	2	2	1	1	2
HGNC:29183	MONDO:0859148	422	16	2	2	28
HGNC:29186	MONDO:0015679	5468	12390	6776	556	11672
HGNC:29187	MONDO:0033559	64	88	40	56	102
HGNC:2919	MONDO:0014343	866	248	66	12	44
HGNC:29190	MONDO:0030995	1868	4374	2140	1656	3324
HGNC:29203	MONDO:0009079	2	2	2	2	2
HGNC:29203	MONDO:0011506	428	536	160	318	370
HGNC:29222	MONDO:0008377	10936	5094	3310	1966	1034
HGNC:29239	MONDO:0044328	4	6	6	6	8
HGNC:29250	MONDO:0013323	6	2	2	2	2
HGNC:29253	MONDO:0014343	208	268	250	122	122
HGNC:29262	MONDO:0013127	664	1058	622	842	1170
HGNC:2928	MONDO:0016097	2332	7482	4994	5576	10318
HGNC:29296	MONDO:0971002	68	222	100	102	134
HGNC:29300	MONDO:0014492	3698	8614	7110	4322	6260
HGNC:29300	MONDO:0033280	12242	9042	16086	3390	14772
HGNC:29316	MONDO:0011359	2	2	2	2	2
HGNC:2933	MONDO:0035648	8936	8266	18894	7922	21174
HGNC:29350	MONDO:0859338	8	294	102	76	286
HGNC:29357	MONDO:0014205	6	2	2	2	2
HGNC:2940	MONDO:0054615	50	98	86	72	128
HGNC:2941	MONDO:0009461	60	90	132	108	98
HGNC:29419	MONDO:0013971	286	74	74	90	80
HGNC:29427	MONDO:0011113	2	2	2	2	2
HGNC:29433	MONDO:0010483	1	1	1	1	1
HGNC:29456	MONDO:0014900	198	2322	716	414	1436
HGNC:2946	MONDO:0032845	40	100	84	54	100
HGNC:2950	MONDO:0012085	38	86	74	52	1426
HGNC:29501	MONDO:0011411	4	86	4	4	4
HGNC:29508	MONDO:0015007	692	628	174	102	864
HGNC:29515	MONDO:0014766	11622	2	4	2	2
HGNC:29521	MONDO:0009033	2	2	2	2	2
HGNC:29525	MONDO:0008542	2890	3852	2790	52	4910
HGNC:29529	MONDO:0011213	158	52	4	12	6
HGNC:29529	MONDO:0012883	14862	11424	7872	7862	7298
HGNC:29536	MONDO:0009728	484	19172	14598	6330	18278
HGNC:29536	MONDO:0014997	7606	5064	5702	456	14498
HGNC:29558	MONDO:0030338	174	7054	2104	52	5142
HGNC:2956	MONDO:0013743	13060	5226	2332	15220	3084
HGNC:29561	MONDO:0014868	10	2	4	2	2
HGNC:29594	MONDO:0014065	510	1572	1092	1368	712
HGNC:29605	MONDO:0007572	4	10	20	14	56
HGNC:2961	MONDO:0013644	344	5778	4022	5660	6322
HGNC:29619	MONDO:0030973	32	90	8	4	184
HGNC:29634	MONDO:0013731	2	2	2	2	2
HGNC:29659	MONDO:0014343	934	188	218	244	282
HGNC:29670	MONDO:0009650	2	2	2	1	2
HGNC:29670	MONDO:0018931	2	2	2	2	2
HGNC:29678	MONDO:0044714	8	2	2	2	2
HGNC:29679	MONDO:0013223	80	6	10	14	10
HGNC:29682	MONDO:0032726	260	298	318	398	450
HGNC:29685	MONDO:0014455	208	46	6	12	30
HGNC:2973	MONDO:0008134	2030	7892	6890	7092	7220
HGNC:2973	MONDO:0013726	888	4464	1524	2056	3150
HGNC:2976	MONDO:0011397	1708	1332	5494	2380	4682
HGNC:2978	MONDO:0014343	1014	554	760	818	792
HGNC:2978	MONDO:0019456	94	20	14	10400	3202
HGNC:2978	MONDO:0032882	1656	1938	1956	2520	3492
HGNC:29796	MONDO:0012559	22	10910	5272	6942	7070
HGNC:29812	MONDO:0014648	2060	3622	3082	5390	4434
HGNC:29853	MONDO:0014995	986	4	94	50	10
HGNC:29873	MONDO:0026733	2212	170	426	140	1052
HGNC:29877	MONDO:0957588	292	10	50	16	2
HGNC:2988	MONDO:0014637	54	60	4	12	34
HGNC:29882	MONDO:0009706	16	2	2	2	2
HGNC:29914	MONDO:0032692	398	362	600	410	822
HGNC:29914	MONDO:0054850	1652	7272	6162	8208	5702
HGNC:29929	MONDO:0032583	6252	6314	11082	5638	3416
HGNC:29932	MONDO:0014290	120	12	2	4	6
HGNC:2995	MONDO:0011964	282	12	4	4	8
HGNC:29956	MONDO:0859180	12	6	2	4	6
HGNC:30000	MONDO:0008377	60	48	40	62	62
HGNC:3003	MONDO:0800438	462	4	4	4	4
HGNC:3004	MONDO:0100217	1114	6	4	4	6
HGNC:3005	MONDO:0012123	224	202	40	26	112
HGNC:3007	MONDO:0033556	24	6	8	6	6
HGNC:30074	MONDO:0009910	80	2	2	2	2
HGNC:30074	MONDO:0018656	778	1642	888	1034	1136
HGNC:30074	MONDO:0019505	286	3822	608	2276	3064
HGNC:30074	MONDO:0100600	8562	2428	274	3034	4178
HGNC:3010	MONDO:0013063	20350	8262	1238	1164	5282
HGNC:3010	MONDO:0014580	39174	290	56	120	44
HGNC:3012	MONDO:0010130	878	2	2	18	32
HGNC:3012	MONDO:0017405	18868	6538	12118	15680	8594
HGNC:30129	MONDO:0014343	772	754	874	724	872
HGNC:30171	MONDO:0012096	266	5436	882	468	2468
HGNC:3018	MONDO:0008964	40	14	8	14	14
HGNC:30224	MONDO:0013867	34	2	1	2	2
HGNC:30225	MONDO:0014013	34808	258	2	2	1040
HGNC:30260	MONDO:0012407	356	2	2	2	8
HGNC:30301	MONDO:0012892	10	8	10	8	10
HGNC:3033	MONDO:0032781	16	4	4	4	4
HGNC:30348	MONDO:0019505	320	4568	608	202	596
HGNC:3036	MONDO:0017402	40	24	10	48	670
HGNC:30372	MONDO:0014138	326	4492	44	72	192
HGNC:30391	MONDO:0008377	94	88	116	124	144
HGNC:30477	MONDO:0009871	2	2	2	2	2
HGNC:3048	MONDO:0014218	36	2738	434	414	1006
HGNC:3049	MONDO:0012434	66	5912	3832	182	5104
HGNC:30497	MONDO:0007922	120	56	72	68	64
HGNC:30497	MONDO:0010176	492	960	592	1188	850
HGNC:30497	MONDO:0011778	136	574	530	500	992
HGNC:30500	MONDO:0011593	8502	14	72	168	174
HGNC:30511	MONDO:0030878	288	30	4	2	12
HGNC:3052	MONDO:0013034	25654	7164	5274	5836	8754
HGNC:3052	MONDO:0014218	120	6898	6824	6184	6468
HGNC:3052	MONDO:0014355	34	3396	4446	402	5586
HGNC:3054	MONDO:0009820	22	4	4	4	4
HGNC:30563	MONDO:0032752	30	2	2	2	2
HGNC:30578	MONDO:0014014	32804	5806	5170	8312	488
HGNC:30594	MONDO:0859164	88	46	126	146	946
HGNC:30595	MONDO:0014343	880	490	450	404	176
HGNC:30605	MONDO:0016589	9918	6956	4144	11120	2192
HGNC:30632	MONDO:0700301	26998	17324	35112	20550	33918
HGNC:30650	MONDO:0011010	2	2	2	1	2
HGNC:30677	MONDO:0010610	8664	22168	11964	8176	6186
HGNC:30696	MONDO:0012357	978	9932	6272	2798	11770
HGNC:30705	MONDO:0975842	4	30	26	12	142
HGNC:30705	MONDO:0975843	34	68	44	32	704
HGNC:30718	MONDO:0014909	58	24	4	4	694
HGNC:30739	MONDO:0032887	10204	3624	1748	1324	4222
HGNC:30740	MONDO:0014398	576	2670	1566	1190	5222
HGNC:30778	MONDO:0014034	1792	2670	1222	1058	968
HGNC:30788	MONDO:0014783	13276	19616	2896	19824	9726
HGNC:30791	MONDO:0007374	4078	6254	7000	40	7132
HGNC:30829	MONDO:0012399	478	1644	1532	1456	688
HGNC:30832	MONDO:0013173	84	30	28	30	26
HGNC:3084	MONDO:0024455	52	74	44	58	58
HGNC:30859	MONDO:0008377	840	472	3244	1044	9020
HGNC:30860	MONDO:0030361	9808	2748	804	3006	120
HGNC:3087	MONDO:0014343	912	686	728	902	668
HGNC:30889	MONDO:0032869	1694	2060	982	576	5444
HGNC:30914	MONDO:0018417	21780	27290	25322	20990	24222
HGNC:30935	MONDO:0011243	76	218	8	24	4
HGNC:30939	MONDO:0008340	37282	8058	17194	24626	14702
HGNC:3097	MONDO:0016049	30406	6020	5918	3966	5514
HGNC:30972	MONDO:0800046	116	4318	6284	5556	6604
HGNC:3098	MONDO:0100218	4	2	2	2	2
HGNC:31088	MONDO:0013367	60	784	136	26	1240
HGNC:3122	MONDO:0008542	6	2	2	4	420
HGNC:3133	MONDO:0020603	254	64	50	234	336
HGNC:31371	MONDO:0008377	1046	174	580	298	340
HGNC:3146	MONDO:0013473	2514	5942	244	534	5002
HGNC:315	MONDO:0008377	438	316	552	542	4388
HGNC:31527	MONDO:0032835	254	136	58	120	382
HGNC:31555	MONDO:0013678	1	1	1	1	1
HGNC:31582	MONDO:0014747	2	4	2	2	6
HGNC:317	MONDO:0014425	19514	6816	8994	4476	8502
HGNC:31704	MONDO:0030490	6292	24886	20846	1508	22070
HGNC:31750	MONDO:0010985	2	2	2	2	2
HGNC:3178	MONDO:0013384	4262	14198	7312	5998	9858
HGNC:3178	MONDO:0800026	396	9478	7484	5294	6134
HGNC:3179	MONDO:0008000	13436	6796	6288	3618	6398
HGNC:3179	MONDO:0009061	26276	19040	17560	21676	17050
HGNC:3188	MONDO:0060510	2906	4224	3454	4066	4728
HGNC:319	MONDO:0012019	36	406	200	166	2674
HGNC:319	MONDO:0014343	330	60	238	86	278
HGNC:319	MONDO:0018566	7348	1276	3590	342	5202
HGNC:31923	MONDO:0008377	46	34	38	54	76
HGNC:31923	MONDO:0011473	2454	2724	1962	5476	6258
HGNC:3218	MONDO:0008377	424	388	314	5706	262
HGNC:3219	MONDO:0007363	52	28	38	42	38
HGNC:3219	MONDO:0007524	38	32	38	42	24
HGNC:3226	MONDO:0014343	334	702	386	710	470
HGNC:3236	MONDO:0014481	3386	10668	11796	8988	15250
HGNC:3239	MONDO:0007790	10	10	6	2	14
HGNC:3239	MONDO:0011527	1916	3280	1608	432	8144
HGNC:32434	MONDO:0012216	2	2	2	2	2
HGNC:3247	MONDO:0014275	582	2124	2260	3986	5204
HGNC:3255	MONDO:0009192	76	1872	754	742	1576
HGNC:3257	MONDO:0020506	44	20	12	28	18
HGNC:3257	MONDO:0020507	34	10	4	124	10
HGNC:3259	MONDO:0015519	26	2644	314	18	11442
HGNC:3259	MONDO:0015520	30	12	24	32	14
HGNC:3259	MONDO:0020507	190	6772	6272	5378	4710
HGNC:3260	MONDO:0015519	30	708	22	20	2020
HGNC:32621	MONDO:0030313	20058	21816	36822	33052	11916
HGNC:3267	MONDO:0010258	1062	4388	904	1062	2702
HGNC:32689	MONDO:0014830	2	4	2	2	12
HGNC:327	MONDO:0010823	5286	3994	3698	5098	3158
HGNC:327	MONDO:0014343	372	392	444	652	310
HGNC:329	MONDO:0014052	876	7686	4384	3666	5090
HGNC:329	MONDO:0020345	1652	6524	4922	5540	3006
HGNC:32925	MONDO:0012116	18	2	1	1	2
HGNC:32940	MONDO:0008542	76	1740	954	64	2420
HGNC:33	MONDO:0009929	988	84	60	52	3422
HGNC:33	MONDO:0800029	2320	3964	232	1420	7438
HGNC:3327	MONDO:0008542	32	132	50	44	110
HGNC:3330	MONDO:0010873	44	4	2	2	4
HGNC:3331	MONDO:0100531	518	3616	7050	3316	6012
HGNC:3356	MONDO:0008817	56	1380	376	144	3524
HGNC:3356	MONDO:0009925	1146	5140	4914	4650	5818
HGNC:3356	MONDO:0014227	36	2082	118	176	1206
HGNC:3373	MONDO:0013364	3572	7296	6232	5374	4856
HGNC:3373	MONDO:0020769	2662	5896	5068	4570	6110
HGNC:3374	MONDO:0016599	90	6140	252	3276	3246
HGNC:3386	MONDO:0007288	852	15952	8088	11718	6792
HGNC:33867	MONDO:0100294	138	680	364	224	118
HGNC:33882	MONDO:0024607	136	14	4	4	70
HGNC:33914	MONDO:0859374	774	112	604	964	1494
HGNC:3393	MONDO:0011361	17940	18442	19072	12050	34200
HGNC:33939	MONDO:0030905	9532	1578	3572	21414	3428
HGNC:3395	MONDO:0020785	360	4926	6576	4176	6118
HGNC:34	MONDO:0007932	1552	5608	2240	3906	15982
HGNC:341	MONDO:0009823	4	2	2	2	2
HGNC:3416	MONDO:0007572	6	262	16	14	72
HGNC:3423	MONDO:0043364	2	7496	1260	2	6118
HGNC:3424	MONDO:0033047	902	5050	5908	6304	6342
HGNC:343	MONDO:0013404	450	5494	2582	2926	7060
HGNC:3430	MONDO:0016268	23140	19330	26530	7934	18268
HGNC:3433	MONDO:0012554	312	76	28	8	28
HGNC:3434	MONDO:0011125	354	164	16	16	48
HGNC:3435	MONDO:0012531	1014	3648	1236	658	2250
HGNC:3436	MONDO:0019569	2942	560	3686	2326	4256
HGNC:3438	MONDO:0008998	3654	2832	2618	3962	5380
HGNC:3438	MONDO:0010217	280	450	64	468	704
HGNC:3438	MONDO:0019569	126	34	16	56	70
HGNC:3438	MONDO:0019570	44	8	6	6	6
HGNC:3439	MONDO:0019569	12	4	4	4	4
HGNC:3444	MONDO:0014343	842	458	568	588	320
HGNC:3446	MONDO:0007922	234	62	78	68	60
HGNC:34519	MONDO:0975841	17490	29886	31048	33712	20530
HGNC:3467	MONDO:0014148	4016	8108	11942	9876	11242
HGNC:3468	MONDO:0032590	1980	10900	7538	6298	17134
HGNC:3481	MONDO:0018332	116	22	36	158	292
HGNC:3481	MONDO:0018333	32	1136	598	82	106
HGNC:3483	MONDO:0018332	10	4	374	6	22
HGNC:3497	MONDO:0008673	58	6	40	8	82
HGNC:35	MONDO:0007610	12	176	180	6	2706
HGNC:3508	MONDO:0019373	15520	19378	10304	16730	13338
HGNC:35123	MONDO:0958194	4	28	8	2	34
HGNC:35126	MONDO:0009222	3416	2618	4330	3180	3344
HGNC:35126	MONDO:0012271	120	26	24	20	52
HGNC:35126	MONDO:0014343	922	26	26	58	188
HGNC:3513	MONDO:0014343	792	570	472	264	144
HGNC:3522	MONDO:0011541	156	442	556	360	40
HGNC:3527	MONDO:0014343	444	1632	1014	976	958
HGNC:3528	MONDO:0009212	34	78	40	32	100
HGNC:3530	MONDO:0009315	46	5106	2178	66	5220
HGNC:3530	MONDO:0012526	18	1128	62	6	940
HGNC:3531	MONDO:0008559	294	2898	2574	50	6146
HGNC:3534	MONDO:0013190	12	8	10	6	12
HGNC:3535	MONDO:0013361	72	284	232	94	3628
HGNC:3542	MONDO:0009210	26	44	40	18	54
HGNC:3542	MONDO:0010947	42	1534	6736	1628	5290
HGNC:3544	MONDO:0009211	62	464	96	26	4462
HGNC:3546	MONDO:0015787	4558	30	30	20	100
HGNC:3551	MONDO:0026768	16982	6164	31190	11198	13066
HGNC:358	MONDO:0007052	56	30	150	2096	2436
HGNC:358	MONDO:0009050	238	6	6	2	12
HGNC:358	MONDO:0010911	9074	6436	5236	7304	7472
HGNC:3581	MONDO:0007845	21090	10180	21716	19620	6596
HGNC:3583	MONDO:0009215	4	4	6	4	6
HGNC:3583	MONDO:0010752	50	2	2	2	2
HGNC:3584	MONDO:0009213	16	8	6	8	10
HGNC:3586	MONDO:0009215	30	12	10	12	10
HGNC:3587	MONDO:0009215	6	4	4	4	4
HGNC:360	MONDO:0009411	2	2	2	2	2
HGNC:3600	MONDO:0011984	19916	4848	4668	100	2780
HGNC:3600	MONDO:0018443	2604	7724	6886	5392	6010
HGNC:3602	MONDO:0009052	286	18	14	20	36
HGNC:3603	MONDO:0007363	64	66	58	58	62
HGNC:3603	MONDO:0008426	142	168	124	134	134
HGNC:3603	MONDO:0008542	532	224	402	238	876
HGNC:3603	MONDO:0011431	134	2120	512	642	1702
HGNC:3604	MONDO:0008818	32	20	28	26	18
HGNC:3604	MONDO:0014501	21214	4540	4072	640	2660
HGNC:3607	MONDO:0859246	21928	1340	170	3408	3072
HGNC:3616	MONDO:0009061	20186	17000	24960	26110	28372
HGNC:3619	MONDO:0014313	114	1382	170	86	1028
HGNC:3622	MONDO:0013156	3842	1350	980	622	1976
HGNC:3662	MONDO:0015096	238	4854	3036	820	5202
HGNC:3663	MONDO:0014343	424	170	168	150	134
HGNC:3666	MONDO:0008397	80	3572	3212	68	4908
HGNC:3666	MONDO:0859578	1140	2084	1580	574	1664
HGNC:3670	MONDO:0859086	528	12088	6456	3130	10754
HGNC:3671	MONDO:0859340	16	4	2	2	4
HGNC:3677	MONDO:0014319	588	944	250	88	754
HGNC:3680	MONDO:0008660	124	1298	182	294	1000
HGNC:3681	MONDO:0012541	176	94	128	38	606
HGNC:3681	MONDO:0020494	7776	1428	1114	24	5662
HGNC:3686	MONDO:0014343	64	562	568	400	306
HGNC:3686	MONDO:0019758	2660	4664	5410	4126	6482
HGNC:3688	MONDO:0007400	852	5326	5090	3334	3962
HGNC:3689	MONDO:0007042	362	198	276	334	596
HGNC:3689	MONDO:0007400	92	2764	1124	548	754
HGNC:3689	MONDO:0007412	240	310	632	364	720
HGNC:3690	MONDO:0008546	146	300	128	146	804
HGNC:3690	MONDO:0012833	522	3344	2168	2230	4054
HGNC:3690	MONDO:0014658	522	1042	232	424	532
HGNC:3690	MONDO:0016681	980	7226	734	324	228
HGNC:3690	MONDO:0016682	11300	9532	3244	9704	9026
HGNC:3694	MONDO:0015096	34	2162	544	1192	878
HGNC:3700	MONDO:0007888	14	4412	326	132	2798
HGNC:3702	MONDO:0010292	2	2	2	2	2
HGNC:3702	MONDO:0010400	60	20	42	26	24
HGNC:3702	MONDO:0010401	166	10	10	12	12
HGNC:3702	MONDO:0010415	234	10	72	14	10
HGNC:3705	MONDO:0014918	6	2	2	2	2
HGNC:3706	MONDO:0009469	20	30	80	28	334
HGNC:37234	MONDO:0014343	256	306	156	450	398
HGNC:37247	MONDO:0975837	38710	23138	33524	27564	35056
HGNC:37261	MONDO:0008377	2058	142	382	306	138
HGNC:37276	MONDO:0014474	14	20	22	18	20
HGNC:3749	MONDO:0007838	9718	13118	11362	10058	16016
HGNC:3754	MONDO:0010232	2196	5280	2706	1592	5108
HGNC:3754	MONDO:0010233	3236	3884	2992	1930	4642
HGNC:3754	MONDO:0010704	836	4594	1214	694	3158
HGNC:3754	MONDO:0024550	450	988	620	650	1444
HGNC:3754	MONDO:0044617	16638	5616	21376	19010	5470
HGNC:3754	MONDO:8000011	2174	5426	4610	3534	5572
HGNC:3755	MONDO:0007167	264	96	102	274	180
HGNC:3755	MONDO:0007875	76	802	134	310	174
HGNC:3755	MONDO:0014343	258	514	678	828	538
HGNC:3756	MONDO:0013550	2428	4968	4838	4566	3832
HGNC:3756	MONDO:0014883	80	5474	334	198	2670
HGNC:3762	MONDO:0014107	106	98	64	36	872
HGNC:3765	MONDO:0015166	150	28	544	510	482
HGNC:3765	MONDO:0020316	744	1652	4936	356	7162
HGNC:3765	MONDO:0035940	1338	204	1360	140	542
HGNC:3767	MONDO:0008542	848	4102	2214	1738	7772
HGNC:3767	MONDO:0032913	1222	4832	5716	362	6104
HGNC:3771	MONDO:0018767	46	26	12	56	1424
HGNC:3776	MONDO:0010659	2	2	2	1	2
HGNC:3778	MONDO:0011165	5354	7482	4892	5200	6030
HGNC:379	MONDO:0012738	1004	8974	5504	6070	6478
HGNC:3791	MONDO:0013110	94	9064	11982	4046	7910
HGNC:3801	MONDO:0007922	8	44	12	10	46
HGNC:3808	MONDO:0012456	6	64	14	6	48
HGNC:3809	MONDO:0009934	2	2	2	1	2
HGNC:3811	MONDO:0016833	1110	336	516	194	2854
HGNC:3814	MONDO:0017218	326	6502	5888	8964	11610
HGNC:3816	MONDO:0008542	370	1450	470	508	5856
HGNC:3816	MONDO:0032874	18	928	52	4	572
HGNC:3823	MONDO:0013352	186	184	46	14	102
HGNC:385	MONDO:0013664	12	1842	116	172	1234
HGNC:387	MONDO:0013664	86	3968	582	498	3498
HGNC:388	MONDO:0009339	10948	778	226	348	678
HGNC:39080	MONDO:0013193	34488	3722	1924	552	12814
HGNC:391	MONDO:0014048	690	5430	7114	3194	7344
HGNC:392	MONDO:0009416	306	10162	6648	4786	5936
HGNC:393	MONDO:0014407	40	6800	5664	5460	11052
HGNC:3942	MONDO:0020492	10358	7908	6092	8904	12584
HGNC:3951	MONDO:0100340	376	6	20	8	40
HGNC:3960	MONDO:0011935	722	1424	182	136	440
HGNC:3969	MONDO:0011972	156	5486	15450	6488	5906
HGNC:397	MONDO:0020721	26	3846	22	40	36
HGNC:3976	MONDO:0014225	48	4562	4484	48	3806
HGNC:3976	MONDO:0958012	114	38	40	12	10
HGNC:399	MONDO:0014449	3950	5200	6636	5842	6568
HGNC:3999	MONDO:0010952	88	5990	3216	1802	6292
HGNC:3999	MONDO:0014274	20	7730	7874	7902	5332
HGNC:40045	MONDO:0033654	2	2	2	1	2
HGNC:40050	MONDO:0032872	2	2	2	2	2
HGNC:4006	MONDO:0009254	2	2	2	2	2
HGNC:4006	MONDO:0014343	1088	228	148	528	166
HGNC:4013	MONDO:0014763	22	12	16	26	1562
HGNC:4014	MONDO:0033552	1958	4088	35070	8830	3302
HGNC:4017	MONDO:0013462	8030	19676	28850	30156	30514
HGNC:4023	MONDO:0032936	3858	9292	13482	10708	7260
HGNC:4023	MONDO:0032937	3992	7366	6968	5182	7014
HGNC:4040	MONDO:0008123	188	24	6	8	78
HGNC:4042	MONDO:0007589	6	62	10	6	84
HGNC:4043	MONDO:0007351	19328	7358	8126	4580	24848
HGNC:4053	MONDO:0014502	58	4784	5654	78	5326
HGNC:4081	MONDO:0014942	200	1088	166	280	1514
HGNC:4082	MONDO:0020631	274	36	32	34	320
HGNC:4083	MONDO:0012843	4790	1706	5832	1154	11048
HGNC:4116	MONDO:0017691	9050	5012	3234	1276	5332
HGNC:4118	MONDO:0009255	152	7702	2628	3736	5584
HGNC:4125	MONDO:0100252	4	24	4	4	4
HGNC:4135	MONDO:0009258	2	2	2	2	2
HGNC:414	MONDO:0012747	146	2488	2836	1854	2526
HGNC:4162	MONDO:0011091	1476	5896	1962	2426	2942
HGNC:4162	MONDO:0015353	260	4178	418	1092	2048
HGNC:4165	MONDO:0016355	28	9174	6028	52	14808
HGNC:4170	MONDO:0009902	18276	7204	7902	11096	7954
HGNC:4170	MONDO:0019458	2212	19404	7894	108	704
HGNC:4171	MONDO:0013607	804	6296	4340	1414	5236
HGNC:4172	MONDO:0007797	4046	5974	5440	724	11136
HGNC:4173	MONDO:0035555	14044	12418	35428	17102	33780
HGNC:4175	MONDO:0012996	1	2	2	1	2
HGNC:4177	MONDO:0009265	482	62	208	160	158
HGNC:4177	MONDO:0009266	76	28	4	12	260
HGNC:4177	MONDO:0011945	24	2	2	2	6
HGNC:4180	MONDO:0009897	50	20	8	18	6
HGNC:4180	MONDO:0017696	9974	5326	4684	5402	4594
HGNC:4180	MONDO:0017697	32342	4584	788	7286	9430
HGNC:4189	MONDO:0009281	24	76	4	16	22
HGNC:4193	MONDO:0007495	66	18	8	4	18
HGNC:4193	MONDO:0100186	52	18	6	2	14
HGNC:4195	MONDO:0007453	6	2	2	2	18
HGNC:4198	MONDO:0024570	120	1582	110	90	1086
HGNC:42	MONDO:0011156	36	42	24	22	94
HGNC:4204	MONDO:0021548	14404	8126	460	5752	11404
HGNC:4204	MONDO:0044220	9988	35746	29068	25332	31704
HGNC:4208	MONDO:0957382	2	2	2	2	2
HGNC:4214	MONDO:0013463	18	2	2	4	6
HGNC:4217	MONDO:0014217	6096	3212	1562	80	3222
HGNC:4220	MONDO:0007215	128	1170	104	136	62
HGNC:4220	MONDO:0007216	10	38	12	14	28
HGNC:4220	MONDO:0007221	2	8	4	4	6
HGNC:4220	MONDO:0014125	6	1734	148	262	1174
HGNC:4236	MONDO:0013116	338	224	5822	2266	4548
HGNC:4237	MONDO:0013139	4774	6152	4800	8402	9644
HGNC:4241	MONDO:0018144	530	576	788	1200	1506
HGNC:4249	MONDO:0859189	44	2	2	2	4
HGNC:4261	MONDO:0008250	26	1128	406	158	1022
HGNC:4261	MONDO:0009879	10	3652	4070	160	1478
HGNC:4263	MONDO:0009877	1100	858	1542	448	4952
HGNC:4267	MONDO:0014403	876	1374	1906	1136	1210
HGNC:427	MONDO:0013083	19402	21950	14338	13636	19746
HGNC:427	MONDO:0044792	3164	10814	11164	6874	17564
HGNC:4274	MONDO:0007922	510	184	478	216	3624
HGNC:4281	MONDO:0011430	3044	5890	114	66	76
HGNC:4284	MONDO:0015635	1564	6010	5552	1768	4982
HGNC:4285	MONDO:0015351	38448	6230	5616	32548	7626
HGNC:4286	MONDO:0033012	20794	12	14	14	5848
HGNC:4296	MONDO:0010526	2	2	2	2	2
HGNC:4298	MONDO:0009260	314	68	218	196	70
HGNC:4298	MONDO:0009262	454	698	528	276	656
HGNC:4312	MONDO:0012039	922	248	3824	4468	10096
HGNC:4313	MONDO:0015010	3256	7356	6932	11362	6212
HGNC:4313	MONDO:0017353	578	152	6434	5672	872
HGNC:4318	MONDO:0012563	10	4	4	2	6
HGNC:4319	MONDO:0014343	152	814	954	506	886
HGNC:4331	MONDO:0032685	1132	3730	1150	1458	4378
HGNC:4332	MONDO:0025699	2	1	1	1	2
HGNC:4341	MONDO:0012393	436	64	2	18	58
HGNC:4367	MONDO:0010099	136	28	26	24	6
HGNC:437	MONDO:0035370	40046	22282	11864	25284	16436
HGNC:4379	MONDO:0007792	38	2054	114	146	17406
HGNC:4379	MONDO:0014146	32300	11830	6232	5948	9390
HGNC:4379	MONDO:0019325	758	3440	1514	466	14912
HGNC:4379	MONDO:0975757	94	188	76	110	222
HGNC:438	MONDO:0016605	27658	4452	3772	4714	5102
HGNC:438	MONDO:0016606	28602	8872	7888	5024	3944
HGNC:4390	MONDO:0008501	7856	6656	14638	3974	22118
HGNC:4392	MONDO:0008153	72	6078	5344	4564	6208
HGNC:4392	MONDO:0008274	25572	6160	6766	5358	8288
HGNC:4392	MONDO:0012911	270	4502	816	1426	3878
HGNC:4392	MONDO:0012912	1462	3898	2548	4788	5712
HGNC:4392	MONDO:0014343	566	926	846	736	794
HGNC:4393	MONDO:0008377	58	296	188	82	178
HGNC:4393	MONDO:0012497	21512	3712	1320	20	4540
HGNC:4398	MONDO:0859173	354	2724	3370	4048	5508
HGNC:4415	MONDO:0011698	1234	5836	5304	80	3460
HGNC:44204	MONDO:0044282	22902	23250	7614	33578	5008
HGNC:4422	MONDO:0009658	22	4	4	4	4
HGNC:4431	MONDO:0013526	254	2954	786	1570	4150
HGNC:4439	MONDO:0007930	12	6	10	4	8
HGNC:4439	MONDO:0008332	22	262	30	40	238
HGNC:445	MONDO:0011223	286	2420	508	320	966
HGNC:4452	MONDO:0020602	2	2	1	1	2
HGNC:4454	MONDO:0009779	24	6	6	6	6
HGNC:4462	MONDO:0017906	37074	9996	24978	21660	18092
HGNC:449	MONDO:0007636	2	2	2	2	2
HGNC:450	MONDO:0013268	2	2	2	2	2
HGNC:450	MONDO:0014343	1112	284	310	358	508
HGNC:450	MONDO:0018112	3598	5036	2804	3318	2616
HGNC:4507	MONDO:0100460	1124	3932	1006	3338	400
HGNC:451	MONDO:0008377	2286	1464	1334	582	552
HGNC:4510	MONDO:0008302	24	102	30	26	82
HGNC:4510	MONDO:0958354	22842	8032	1876	14946	17508
HGNC:4512	MONDO:0011738	256	8	4	12	54
HGNC:4516	MONDO:0010511	4	1322	2	2	5952
HGNC:452	MONDO:0012892	4	2	2	2	2
HGNC:4556	MONDO:0009593	52	40	20	16	116
HGNC:4572	MONDO:0030060	814	48	14	22	60
HGNC:4576	MONDO:0014530	228	30	16	16	318
HGNC:4584	MONDO:0013907	1038	600	188	100	3954
HGNC:4588	MONDO:0014947	24	30	12	12	34
HGNC:4593	MONDO:0033479	144	18	16	22	38
HGNC:4598	MONDO:0008377	716	376	850	406	3104
HGNC:4623	MONDO:0019531	2	2198	5092	48	5350
HGNC:4635	MONDO:0009061	9530	17052	11838	6816	7816
HGNC:464	MONDO:0009857	24	98	222	82	274
HGNC:4651	MONDO:0014841	662	1128	216	326	480
HGNC:4678	MONDO:0008377	160	758	278	240	190
HGNC:4679	MONDO:0008377	64	32	20	12	16
HGNC:468	MONDO:0013028	34	11464	4202	2688	6736
HGNC:4688	MONDO:0013843	22	110	306	44	5942
HGNC:4689	MONDO:0008764	74	192	58	106	136
HGNC:4689	MONDO:0011143	118	136	76	152	148
HGNC:469	MONDO:0014305	370	174	358	370	496
HGNC:47	MONDO:0012204	128	5076	2646	4138	808
HGNC:47	MONDO:0020356	24674	26184	15796	20604	27572
HGNC:47	MONDO:0020619	8132	32984	25108	27018	11344
HGNC:4706	MONDO:0012693	70	3470	4758	330	3350
HGNC:4707	MONDO:0009414	44	4540	1510	58	214
HGNC:4713	MONDO:0014343	632	8	56	178	38
HGNC:4718	MONDO:0044323	5544	5634	5856	5208	3828
HGNC:4785	MONDO:0030730	394	88	12	96	30
HGNC:4787	MONDO:0030729	6	2	2	2	2
HGNC:4796	MONDO:0014343	1216	52	464	216	572
HGNC:4798	MONDO:0014682	5030	23258	7682	8924	22514
HGNC:4799	MONDO:0012382	114	1766	754	324	2330
HGNC:4799	MONDO:0017715	20	948	2196	100	3364
HGNC:48	MONDO:0010524	78	6	2	22	2
HGNC:4800	MONDO:0037149	36554	8716	10414	7810	11638
HGNC:4801	MONDO:0012173	102	5226	5426	5920	7560
HGNC:4801	MONDO:0016573	10468	9136	11746	30424	16918
HGNC:4807	MONDO:0008542	82	4966	2414	228	3576
HGNC:4816	MONDO:0014711	1906	5398	2890	2232	3568
HGNC:4817	MONDO:0009300	1856	6506	6310	6738	5592
HGNC:4823	MONDO:0007716	5950	8486	7694	7516	5768
HGNC:4823	MONDO:0013512	16	74	34	40	168
HGNC:4823	MONDO:0018023	22	60	28	3318	1160
HGNC:4823	MONDO:0054802	106	1214	18	18	64
HGNC:4824	MONDO:0007716	7512	12952	8602	7624	6896
HGNC:4824	MONDO:0013512	28	910	2084	48	236
HGNC:4827	MONDO:0016242	33316	8374	5056	15938	7326
HGNC:4827	MONDO:0016672	36	5356	248	2180	3436
HGNC:4831	MONDO:0016672	24	7576	2672	116	4036
HGNC:4831	MONDO:0018749	22	4158	96	18	62
HGNC:4832	MONDO:0017238	39332	6140	7714	6340	5414
HGNC:4837	MONDO:0024552	22	4	2	4	4
HGNC:485	MONDO:0023662	26778	5968	7464	2236	5954
HGNC:4851	MONDO:0016621	4114	6386	14910	8340	11620
HGNC:4851	MONDO:0054573	1328	3060	4798	3304	7508
HGNC:4868	MONDO:0014224	406	2404	2072	2180	5660
HGNC:4868	MONDO:0044255	12870	17950	30182	22370	33560
HGNC:4877	MONDO:0014343	394	224	164	36	446
HGNC:4877	MONDO:0019828	562	1950	2064	974	2350
HGNC:4886	MONDO:0958085	3978	3254	4742	436	8234
HGNC:4887	MONDO:0958085	82	1724	226	20	1546
HGNC:4888	MONDO:0011285	3448	7902	5902	5896	19554
HGNC:4888	MONDO:0013892	20	3788	66	72	4022
HGNC:492	MONDO:0008447	26218	7054	736	2020	3862
HGNC:4922	MONDO:0008377	466	216	286	342	308
HGNC:4922	MONDO:0044320	602	2860	4996	3810	6158
HGNC:493	MONDO:0020745	62	98	94	68	90
HGNC:4932	MONDO:0017376	5422	17870	19004	17420	26342
HGNC:4932	MONDO:0018229	2408	19114	13562	10250	18852
HGNC:494	MONDO:0014210	4266	6756	5170	7474	4660
HGNC:494	MONDO:0020745	90	798	112	126	142
HGNC:4942	MONDO:0019635	4200	6996	9006	6034	10972
HGNC:4944	MONDO:0019082	11966	13588	11894	12134	11916
HGNC:4948	MONDO:0008399	22066	19196	16786	9500	21796
HGNC:4948	MONDO:0018092	4980	24818	12348	14364	12538
HGNC:4948	MONDO:0019082	15912	19436	18188	9858	15490
HGNC:4948	MONDO:0021571	3344	24052	16196	11654	18824
HGNC:4979	MONDO:0014343	360	150	66	54	114
HGNC:4982	MONDO:0958226	256	8	4	6	6
HGNC:5004	MONDO:0010485	5224	70	146	280	2064
HGNC:5005	MONDO:0009520	60	2	2	2	2
HGNC:5006	MONDO:0957270	88	8	6	6	12
HGNC:5008	MONDO:0011614	70	6	4	8	6
HGNC:5009	MONDO:0020563	504	1898	9714	7686	7818
HGNC:5013	MONDO:0013536	108	2608	34	26	2774
HGNC:5031	MONDO:0012410	858	5824	8622	5856	6814
HGNC:5031	MONDO:0014181	7910	9176	11430	13670	13546
HGNC:5037	MONDO:0012193	1556	7794	5720	5706	4844
HGNC:5041	MONDO:0859301	1540	5700	4730	5788	4458
HGNC:5044	MONDO:0018131	3574	6568	6222	4530	6624
HGNC:5048	MONDO:0033363	3238	6538	9484	7994	10716
HGNC:5056	MONDO:0020512	6536	5850	7478	4906	2830
HGNC:5136	MONDO:0007222	8	4228	4128	8	5052
HGNC:5136	MONDO:0008513	14	1430	98	20	398
HGNC:5136	MONDO:0012544	1876	432	564	1508	3174
HGNC:5136	MONDO:0017544	29330	5918	5234	2452	5772
HGNC:5147	MONDO:0010162	176	64	60	20	476
HGNC:5154	MONDO:0015466	10464	3686	342	206	3880
HGNC:5173	MONDO:0008097	972	3146	4632	5608	2262
HGNC:5173	MONDO:0017317	1858	6996	5624	5020	5036
HGNC:5173	MONDO:0044792	1558	2882	2034	1650	3456
HGNC:5201	MONDO:0013946	338	1210	358	78	1236
HGNC:5208	MONDO:0013842	30	232	30	4	126
HGNC:5209	MONDO:0009025	126	134	28	14	12
HGNC:5213	MONDO:0009855	58	2	2	2	2
HGNC:5227	MONDO:0018611	2366	42	2216	78	1954
HGNC:5228	MONDO:0014866	926	12416	12440	6454	15576
HGNC:5246	MONDO:0012080	10562	9512	6240	9374	20898
HGNC:5248	MONDO:0013243	12	4	2	2	2
HGNC:5261	MONDO:0011532	4528	8520	7766	6132	11380
HGNC:5273	MONDO:0009140	1708	774	196	204	312
HGNC:5273	MONDO:0011929	1348	1628	1084	996	1114
HGNC:5286	MONDO:0044660	48	2268	510	238	12582
HGNC:53	MONDO:0009380	48	5708	4062	1662	7790
HGNC:5331	MONDO:0009960	194	25328	11752	8528	9872
HGNC:5358	MONDO:0009194	18	26	12	128	192
HGNC:5358	MONDO:0013957	14	1008	220	56	2362
HGNC:5382	MONDO:0013941	3368	5996	5888	5252	5626
HGNC:5382	MONDO:0019456	30	2942	1996	264	4258
HGNC:5383	MONDO:0013345	5174	2724	1766	1130	4164
HGNC:5383	MONDO:0014343	1360	606	774	882	678
HGNC:5383	MONDO:0016689	38682	4132	3300	19966	7234
HGNC:5383	MONDO:0016703	19138	9496	10570	1220	9016
HGNC:5383	MONDO:0019456	784	10010	1902	5196	7616
HGNC:5385	MONDO:0008377	92	68	84	50	212
HGNC:5385	MONDO:0012943	9924	3258	378	298	4702
HGNC:5389	MONDO:0016316	7222	4042	3158	4230	4424
HGNC:5391	MONDO:0011760	420	48	50	64	44
HGNC:5394	MONDO:0012594	2	8	2	2	2
HGNC:543	MONDO:0013729	19628	22044	10966	10626	9796
HGNC:5433	MONDO:0012488	180	6342	32	40	14540
HGNC:5439	MONDO:0007191	334	4114	1748	4032	1318
HGNC:5439	MONDO:0010853	9096	9244	8852	22696	9884
HGNC:5439	MONDO:0014429	16	4782	82	44	1326
HGNC:5439	MONDO:0017901	32408	10446	10436	32252	6720
HGNC:5439	MONDO:0020530	10876	9570	5400	18422	32
HGNC:5440	MONDO:0013953	8876	5578	6668	2340	14674
HGNC:5456	MONDO:0011834	18060	25398	21518	10526	24358
HGNC:5464	MONDO:0012110	7888	1366	2418	4224	5132
HGNC:5466	MONDO:0014343	362	266	278	178	300
HGNC:5466	MONDO:0018336	442	654	650	574	478
HGNC:5476	MONDO:0013640	4	6370	5830	20	6164
HGNC:5477	MONDO:0035945	20056	7756	12344	18532	606
HGNC:5542	MONDO:0011436	2	2	2	2	2
HGNC:559	MONDO:0012251	176	132	24	24	2688
HGNC:560	MONDO:0019428	2302	1226	188	328	2296
HGNC:568	MONDO:0014885	568	24	54	1288	84
HGNC:568	MONDO:0021019	5000	6170	9552	6816	18314
HGNC:57	MONDO:0008333	8	6	8	8	16
HGNC:57	MONDO:0008377	4666	2388	636	1214	398
HGNC:57	MONDO:0013768	20	26	18	12	828
HGNC:572	MONDO:0013551	16	4	4	4	4
HGNC:573	MONDO:0008483	10770	5470	10444	4186	5616
HGNC:573	MONDO:0017241	94	24	16	12	16
HGNC:575	MONDO:0017241	54	10	10	18	20
HGNC:589	MONDO:0033115	2670	6202	6162	7708	12166
HGNC:59	MONDO:0019333	6174	3350	2064	2	18746
HGNC:59	MONDO:0030088	872	12	6	4	10
HGNC:592	MONDO:0010385	68	266	1016	416	1014
HGNC:592	MONDO:0024551	62	190	340	72	1700
HGNC:5948	MONDO:0014343	766	16	4	12	4
HGNC:5950	MONDO:0007871	6	3038	10	58	1332
HGNC:5956	MONDO:0011907	2	10	2	2	10
HGNC:5960	MONDO:0014267	116	10196	5966	3600	6114
HGNC:5961	MONDO:0010631	1342	1930	2194	2182	4602
HGNC:5962	MONDO:0004951	146	90	318	138	110
HGNC:5965	MONDO:0012488	44	4834	32	552	9366
HGNC:5967	MONDO:0013615	2	1	1	1	2
HGNC:60	MONDO:0009406	2	8	8	2	6
HGNC:600	MONDO:0100189	7492	6326	7750	7780	8264
HGNC:600	MONDO:0859238	4386	7416	11830	8836	11548
HGNC:6000	MONDO:0013021	118	26	10	4	36
HGNC:6000	MONDO:0014343	736	466	338	490	286
HGNC:6005	MONDO:0014338	18	26	16	6	48
HGNC:6006	MONDO:0014082	68	6	8	18	42
HGNC:6009	MONDO:0032782	84	72	140	98	196
HGNC:601	MONDO:0007750	4630	16852	17138	7402	13702
HGNC:6010	MONDO:0010315	2	2	2	2	2
HGNC:6021	MONDO:0030681	546	282	290	526	244
HGNC:6024	MONDO:0012163	2	4	12	2	10
HGNC:6027	MONDO:0030374	2456	7388	3948	12732	8698
HGNC:6052	MONDO:0008379	476	760	544	508	402
HGNC:6055	MONDO:0008377	594	246	142	256	194
HGNC:6062	MONDO:0044638	24870	34084	30132	7192	10114
HGNC:6080	MONDO:0014343	226	628	652	772	414
HGNC:6081	MONDO:0007454	13320	7500	12846	9454	10174
HGNC:6081	MONDO:0014535	28104	15258	11006	8234	7700
HGNC:6081	MONDO:0030089	2164	8070	6184	8192	8690
HGNC:6091	MONDO:0009874	532	3842	5322	1024	5820
HGNC:6091	MONDO:0012381	60	6224	6564	4680	7452
HGNC:6091	MONDO:0012520	84	5524	7202	5994	16024
HGNC:6106	MONDO:0010580	192	10224	1806	1076	1404
HGNC:6107	MONDO:0011667	1092	7916	3012	3256	2668
HGNC:6115	MONDO:0032758	4	2	2	2	2
HGNC:6116	MONDO:0958011	8	18	10	6	20
HGNC:6120	MONDO:0012834	30548	18168	23230	28576	12508
HGNC:6120	MONDO:0016356	13718	24532	24132	28552	22652
HGNC:6121	MONDO:0007334	2	2	2	2	2
HGNC:613	MONDO:0011285	23918	17942	9252	12812	19408
HGNC:613	MONDO:0011743	4688	8756	6430	5548	18488
HGNC:6143	MONDO:0013177	280	792	656	1078	5700
HGNC:6158	MONDO:0012807	516	2674	4860	2928	5852
HGNC:6171	MONDO:0013081	86	24	8	8	10
HGNC:6174	MONDO:0007297	120	218	5814	4338	1182
HGNC:6174	MONDO:0008306	12	1396	460	96	1692
HGNC:6176	MONDO:0014719	176	122	182	654	576
HGNC:6180	MONDO:0008795	212	4	4	4	4
HGNC:6180	MONDO:0011694	330	158	98	58	376
HGNC:6182	MONDO:0859311	258	8072	8000	2212	11398
HGNC:6186	MONDO:0009475	26	46	48	36	120
HGNC:6188	MONDO:0008542	28	2408	34	30	134
HGNC:6188	MONDO:0016862	2	2	2	2	2
HGNC:6189	MONDO:0030456	384	22	10	8	136
HGNC:6192	MONDO:0009891	166	7762	5414	2810	6812
HGNC:6192	MONDO:0010947	766	9750	15286	10182	24778
HGNC:6192	MONDO:0013794	66	7824	5336	4102	6554
HGNC:620	MONDO:0017945	20606	10540	23726	8720	14288
HGNC:620	MONDO:0017946	12606	16660	13602	12612	24340
HGNC:620	MONDO:0017947	16620	15038	12246	11786	14360
HGNC:6207	MONDO:0011017	122	5600	3768	716	5194
HGNC:6211	MONDO:0007794	56	68	42	32	136
HGNC:6215	MONDO:0013489	30840	5852	8704	16346	4602
HGNC:6215	MONDO:0030967	1360	5432	5136	4212	4462
HGNC:6217	MONDO:0009760	5952	2656	3230	5574	6942
HGNC:6218	MONDO:0019943	13520	5010	1056	1192	12672
HGNC:6222	MONDO:0032656	196	140	4	12	88
HGNC:6229	MONDO:0020745	30	52	44	22	34
HGNC:6235	MONDO:0011529	1736	28	6	8	830
HGNC:6239	MONDO:0011819	132	64	30	14	398
HGNC:6242	MONDO:0012677	14	190	24	26	258
HGNC:6251	MONDO:0020745	10	4	12	6	6
HGNC:6254	MONDO:0957812	2	2	1	1	2
HGNC:6256	MONDO:0010933	104	452	158	22	2312
HGNC:6256	MONDO:0013005	4	2	2	2	4
HGNC:6257	MONDO:0012522	20	690	34	270	4766
HGNC:6263	MONDO:0008222	2	2	2	2	2
HGNC:6284	MONDO:0012276	22	178	64	24	534
HGNC:6284	MONDO:0032886	6	2	2	2	4
HGNC:6285	MONDO:0044273	9896	28606	9066	2772	2664
HGNC:6305	MONDO:0009820	82	74	52	64	234
HGNC:6308	MONDO:0020611	1558	33942	4096	35610	13912
HGNC:6315	MONDO:0009252	4	5912	9514	24	5726
HGNC:6320	MONDO:0030071	18	5272	374	48	3478
HGNC:6323	MONDO:0017940	28240	14444	7000	8956	8682
HGNC:634	MONDO:0007451	2964	10	362	70	730
HGNC:6342	MONDO:0015555	7606	13870	13272	7472	12618
HGNC:6342	MONDO:0015557	7116	16874	10528	7638	17400
HGNC:6342	MONDO:0020320	1822	3670	4914	8490	24892
HGNC:6343	MONDO:0014738	23936	7744	7740	20878	6316
HGNC:6344	MONDO:0060715	126	64	24	30	26
HGNC:6365	MONDO:0008772	14	260	12	6	92
HGNC:6371	MONDO:0012901	18	2600	148	14	3692
HGNC:638	MONDO:0010849	18	4110	17398	7206	5902
HGNC:6391	MONDO:0011335	62	22	20	12	50
HGNC:6392	MONDO:0007109	4088	11356	8144	11012	12274
HGNC:6407	MONDO:0008542	4934	3980	2148	4306	5234
HGNC:6407	MONDO:0010854	2498	5834	6334	6402	7154
HGNC:6407	MONDO:0013767	1826	4700	988	6464	5306
HGNC:6407	MONDO:0014112	1830	6452	7696	7098	10492
HGNC:6407	MONDO:0015278	2138	6310	4252	7924	8100
HGNC:6408	MONDO:0035337	31918	5482	15800	5996	5188
HGNC:6412	MONDO:0007808	34	4012	3308	516	5284
HGNC:6412	MONDO:0010962	886	7976	5366	4874	5378
HGNC:6412	MONDO:0957303	27620	10040	7536	6294	6520
HGNC:6415	MONDO:0014346	394	7696	6492	44	5630
HGNC:6416	MONDO:0007445	20	4360	4490	152	5724
HGNC:6416	MONDO:0007551	48	1392	336	240	1056
HGNC:6416	MONDO:0007556	80	6530	2494	266	3904
HGNC:6423	MONDO:0007758	124	7074	12468	6100	12188
HGNC:6423	MONDO:0014622	13940	9030	14110	14956	22780
HGNC:6427	MONDO:0008485	1030	5744	6608	7166	7016
HGNC:6439	MONDO:0007813	4538	12424	8822	9352	9022
HGNC:644	MONDO:0010720	2322	7792	5424	7082	6334
HGNC:644	MONDO:0019848	3302	10660	17338	8122	6824
HGNC:6440	MONDO:0032904	6022	988	3168	278	8532
HGNC:6442	MONDO:0030535	1188	3360	1946	3290	5116
HGNC:6463	MONDO:0700343	726	742	982	258	210
HGNC:6469	MONDO:0014343	982	370	176	296	142
HGNC:6470	MONDO:0010569	56	8	4	8	98
HGNC:6481	MONDO:0008377	8754	424	362	304	288
HGNC:6481	MONDO:0014419	13396	252	26	374	50
HGNC:6483	MONDO:0009513	24	546	120	26	602
HGNC:6483	MONDO:0030746	22	6238	5056	3396	5090
HGNC:6485	MONDO:0031061	86	3240	1048	96	5254
HGNC:6487	MONDO:0012184	16	4	4	4	34
HGNC:649	MONDO:0014343	486	200	584	430	534
HGNC:649	MONDO:0014948	636	616	268	354	1238
HGNC:6490	MONDO:0009182	130	2194	228	98	630
HGNC:6501	MONDO:0010281	1360	5810	4732	3274	4846
HGNC:6501	MONDO:0020745	226	2498	1416	1004	838
HGNC:6512	MONDO:0024568	11798	6226	4662	5260	6106
HGNC:6518	MONDO:0013276	252	2178	606	792	4038
HGNC:6518	MONDO:0014343	30	376	500	622	364
HGNC:6518	MONDO:0018663	230	198	134	58	112
HGNC:6530	MONDO:0009115	4	10	16	8	78
HGNC:6535	MONDO:0013047	382	6560	6320	1692	6226
HGNC:6541	MONDO:0013587	78	2126	470	5038	6846
HGNC:6546	MONDO:0054559	84	154	264	170	306
HGNC:6553	MONDO:0013991	268	7798	2894	576	7228
HGNC:6554	MONDO:0013992	178	54	244	16	3260
HGNC:6556	MONDO:0859304	408	480	790	674	220
HGNC:6572	MONDO:0700090	770	2	2	2	16
HGNC:6584	MONDO:0009223	2	2	1	1	2
HGNC:6585	MONDO:0019930	13054	390	13184	5202	31202
HGNC:6595	MONDO:0009091	1738	5486	1192	4226	2408
HGNC:6595	MONDO:0014343	512	494	466	448	360
HGNC:6597	MONDO:0009820	82	64	48	66	40
HGNC:6617	MONDO:0019148	760	142	730	24	7434
HGNC:6619	MONDO:0013533	258	980	46	82	120
HGNC:663	MONDO:0008814	142	116	130	82	3336
HGNC:6633	MONDO:0008542	5968	7374	328	572	17530
HGNC:6636	MONDO:0007269	6024	5570	6218	5164	4722
HGNC:6636	MONDO:0008310	3830	6424	5998	5650	5270
HGNC:6636	MONDO:0013178	2706	4808	4328	4604	6282
HGNC:6636	MONDO:0017403	884	780	788	2526	586
HGNC:6637	MONDO:0030928	1160	4820	1986	2228	3860
HGNC:6638	MONDO:0014685	144	6268	5042	1778	4368
HGNC:6654	MONDO:0008061	2	2	2	2	2
HGNC:6664	MONDO:0007363	24	16	16	14	16
HGNC:6664	MONDO:0008426	18	16	14	18	20
HGNC:667	MONDO:0032884	3540	8656	7714	8496	7952
HGNC:6694	MONDO:0009104	244	170	44	40	38
HGNC:6696	MONDO:0008931	658	152	272	26	110
HGNC:6696	MONDO:0013679	4112	1052	210	512	794
HGNC:6697	MONDO:0015800	636	4946	4298	4176	4682
HGNC:6700	MONDO:0012039	3236	15046	4058	10174	10422
HGNC:6709	MONDO:0012039	1042	4520	362	576	1256
HGNC:6715	MONDO:0013122	11328	5120	2760	240	3000
HGNC:6716	MONDO:0007363	10	22	16	18	18
HGNC:6717	MONDO:0013170	2	2	2	2	2
HGNC:6722	MONDO:0020614	4488	18268	19316	5126	9306
HGNC:6735	MONDO:0957271	170	6394	826	1684	5180
HGNC:6740	MONDO:0971009	72	130	1370	256	1948
HGNC:6742	MONDO:0007922	38	46	62	62	50
HGNC:6742	MONDO:0014693	402	62	130	132	166
HGNC:6742	MONDO:0016682	4372	5794	1908	6786	5740
HGNC:6766	MONDO:0033561	2	2	2	2	2
HGNC:6768	MONDO:0008426	294	748	646	650	740
HGNC:6769	MONDO:0007363	184	1140	572	480	896
HGNC:6769	MONDO:0013426	198	724	256	308	712
HGNC:6770	MONDO:0007688	990	682	436	688	1044
HGNC:6770	MONDO:0008276	1938	7272	5778	6962	6544
HGNC:6770	MONDO:0008278	594	4344	5688	5048	5910
HGNC:6770	MONDO:0014343	10	678	818	806	892
HGNC:6770	MONDO:0015278	464	10018	5688	7286	9008
HGNC:6776	MONDO:0010992	32	2	2	2	2
HGNC:68	MONDO:0013925	6	2	2	2	2
HGNC:6814	MONDO:0015783	10	6	4	6	8
HGNC:6814	MONDO:0100101	504	1050	592	276	1048
HGNC:6816	MONDO:0008377	9022	184	1938	400	968
HGNC:6823	MONDO:0013624	56	2	2	2	2
HGNC:6826	MONDO:0017732	1332	460	738	196	296
HGNC:6831	MONDO:0009562	8	964	120	50	892
HGNC:6842	MONDO:0007922	72	86	84	82	292
HGNC:6858	MONDO:0007648	16678	25202	28122	10640	15604
HGNC:6859	MONDO:0008005	1042	2816	2056	644	1914
HGNC:6871	MONDO:0033669	658	5280	1382	1244	2752
HGNC:6893	MONDO:0009839	1494	14376	7708	11036	15766
HGNC:6893	MONDO:0016563	7432	11396	12750	6648	16398
HGNC:6897	MONDO:0032655	14042	7278	7858	9908	11954
HGNC:6898	MONDO:0014206	1596	2366	1624	942	1108
HGNC:6898	MONDO:0014566	1986	4864	654	2228	3022
HGNC:6898	MONDO:0030518	230	5568	3864	2554	4330
HGNC:6903	MONDO:0009607	2	24	150	16	40
HGNC:6909	MONDO:0007704	19290	2192	4104	4562	3140
HGNC:6909	MONDO:0011765	26	12	12	14	10
HGNC:6909	MONDO:0014343	664	22	24	52	62
HGNC:691	MONDO:0011181	2034	462	114	12	656
HGNC:6915	MONDO:0859530	2	4	2	2	10
HGNC:6936	MONDO:0008861	34	278	72	64	492
HGNC:6937	MONDO:0008862	32	102	14	10	26
HGNC:694	MONDO:0032570	64	40	2	2	68
HGNC:694	MONDO:0032577	104	1304	326	306	774
HGNC:6944	MONDO:0014853	14378	13128	12752	14048	23628
HGNC:6948	MONDO:0033046	246	6032	5318	5602	5116
HGNC:6949	MONDO:0006065	1760	12236	6622	6588	13628
HGNC:6954	MONDO:0009617	46	2672	4826	3742	5222
HGNC:6970	MONDO:0030072	298	810	1458	968	2074
HGNC:6973	MONDO:0032868	15048	17498	10140	14714	11662
HGNC:6990	MONDO:0010235	682	574	180	522	246
HGNC:6990	MONDO:0010397	624	4850	2184	3688	4092
HGNC:6998	MONDO:0007191	124	1798	42	206	1140
HGNC:6998	MONDO:0018015	1704	12220	5572	6462	15206
HGNC:7001	MONDO:0014822	1126	3020	800	2786	1632
HGNC:7010	MONDO:0007540	3740	7156	5804	7022	8268
HGNC:7010	MONDO:0007767	2168	11978	11728	12224	8512
HGNC:7010	MONDO:0010911	9174	17900	15548	13688	7664
HGNC:7027	MONDO:0013469	950	5698	4874	454	4156
HGNC:7060	MONDO:0009495	2	2	2	2	2
HGNC:707	MONDO:0859324	294	120	158	216	2522
HGNC:7096	MONDO:0010489	5168	15624	6076	9708	6006
HGNC:7097	MONDO:0009061	8658	13648	14984	6538	25434
HGNC:710	MONDO:0049221	2098	6564	1342	3616	6138
HGNC:7102	MONDO:0013993	9996	6246	4124	1368	420
HGNC:7102	MONDO:0030438	434	2	2	4	2
HGNC:7103	MONDO:0020378	30	3302	626	220	4772
HGNC:7104	MONDO:0014976	604	2	2	2	2
HGNC:7105	MONDO:0007077	4932	4920	2416	2028	4910
HGNC:7106	MONDO:0017176	3182	3790	4566	6672	12904
HGNC:7108	MONDO:0011523	25338	2496	96	3062	272
HGNC:7127	MONDO:0008018	34	1496	1476	60	5412
HGNC:7127	MONDO:0012041	378	936	310	436	5074
HGNC:7132	MONDO:0011518	350	272	266	230	434
HGNC:7132	MONDO:0035941	32758	14238	21150	16352	11562
HGNC:7133	MONDO:0035651	28	2	2	2	26
HGNC:714	MONDO:0017172	24426	3742	4632	1996	4904
HGNC:7154	MONDO:0014866	10912	7202	6480	3432	12146
HGNC:7154	MONDO:0044657	10036	11384	7816	954	21552
HGNC:7160	MONDO:0010201	2368	1038	476	286	1982
HGNC:7171	MONDO:0011929	19044	31972	34490	21098	38198
HGNC:7176	MONDO:0014343	254	596	706	612	668
HGNC:719	MONDO:0014343	782	16	6	64	4
HGNC:7199	MONDO:0957278	20010	14924	15676	2306	20736
HGNC:7208	MONDO:0017116	19440	8302	9002	14138	17592
HGNC:7224	MONDO:0032728	74	126	110	36	100
HGNC:7225	MONDO:0008392	18	12	12	14	12
HGNC:7225	MONDO:0011889	60	30	32	30	28
HGNC:7225	MONDO:0020765	16	2	2	2	6
HGNC:7230	MONDO:0024557	3962	6312	5128	1482	6020
HGNC:7326	MONDO:0012041	38	40	40	38	3290
HGNC:7326	MONDO:0044300	26	4798	58	34	4560
HGNC:7328	MONDO:0044317	48	4732	94	74	3450
HGNC:735	MONDO:0009218	288	34	10	46	182
HGNC:7370	MONDO:0026730	10	2	2	2	2
HGNC:7372	MONDO:0012758	25918	10518	6856	13622	22602
HGNC:7373	MONDO:0010514	816	4714	12044	10858	10968
HGNC:738	MONDO:0020493	734	21178	10528	9516	23614
HGNC:7391	MONDO:0012142	31306	3418	2136	184	14022
HGNC:7392	MONDO:0011481	360	386	308	410	1378
HGNC:7413	MONDO:0007205	24	18	54	2	274
HGNC:7414	MONDO:0010794	1094	194	252	744	274
HGNC:7414	MONDO:0017917	17904	4224	4898	10016	5214
HGNC:7436	MONDO:0009353	206	266	3442	1128	58
HGNC:7437	MONDO:0032705	2	2	2	2	2
HGNC:7450	MONDO:0011066	54	486	108	44	106
HGNC:7456	MONDO:0016814	232	454	638	464	4366
HGNC:7461	MONDO:0010790	76	3740	1602	2934	872
HGNC:7467	MONDO:0008377	6676	7672	6698	1700	4112
HGNC:7468	MONDO:0009609	190	4	4	4	4
HGNC:7473	MONDO:0009354	16	12	8	8	14
HGNC:7488	MONDO:0010790	12	2	2	6	2
HGNC:7489	MONDO:0015283	74	14	16	24	16
HGNC:7490	MONDO:0010790	16	8	8	12	8
HGNC:7493	MONDO:0019016	224	70	162	66	132
HGNC:7497	MONDO:0010799	18	40	30	18	522
HGNC:7499	MONDO:0010792	122	94	40	34	40
HGNC:7506	MONDO:0030880	52	2	2	2	2
HGNC:7516	MONDO:0800029	7632	10358	8074	9798	22654
HGNC:7523	MONDO:0009664	1324	5954	3514	2392	4894
HGNC:7526	MONDO:0017360	25058	1516	58	330	2328
HGNC:7527	MONDO:0012041	14	26	26	22	304
HGNC:753	MONDO:0014258	48	2	2	2	2
HGNC:7530	MONDO:0008377	1356	304	432	480	296
HGNC:7545	MONDO:0016705	3856	6090	2990	7774	8642
HGNC:7545	MONDO:0020512	7068	4586	9656	3654	8328
HGNC:7551	MONDO:0014163	8	114	36	74	54
HGNC:7559	MONDO:0958279	2500	6200	6086	5238	6032
HGNC:7569	MONDO:0024559	1494	3424	3702	364	2534
HGNC:7569	MONDO:0025708	80	214	18	16	160
HGNC:7569	MONDO:0100354	330	1254	3940	288	2860
HGNC:757	MONDO:0007363	174	96	84	152	192
HGNC:757	MONDO:0011106	412	710	244	400	804
HGNC:7572	MONDO:0018206	36590	8232	6146	8768	5260
HGNC:7576	MONDO:0013198	40	5910	3324	2830	370
HGNC:7577	MONDO:0009708	108	54	48	46	34
HGNC:7577	MONDO:0017939	7454	2736	588	2070	5194
HGNC:7590	MONDO:0013418	128	3000	4612	4888	5356
HGNC:7599	MONDO:0013589	886	6328	4954	6302	8138
HGNC:76	MONDO:0008542	1152	4916	972	1204	6108
HGNC:7601	MONDO:0011774	2038	6076	5130	9306	7496
HGNC:7606	MONDO:0008377	70	320	188	110	328
HGNC:7608	MONDO:0020345	9080	5636	3572	6470	7332
HGNC:7610	MONDO:0007664	1368	1254	4	18	6100
HGNC:7618	MONDO:0032934	466	1402	162	212	1364
HGNC:7623	MONDO:0957477	2492	1216	2144	42	1310
HGNC:7631	MONDO:0012221	178	232	14	86	44
HGNC:7631	MONDO:0012222	12	4	4	4	8
HGNC:7632	MONDO:0014665	20	1316	1492	280	4402
HGNC:7634	MONDO:0009672	24316	33044	29290	29978	36282
HGNC:7643	MONDO:0030837	492	46	6	36	40
HGNC:7646	MONDO:0009472	29418	13996	18332	20198	21276
HGNC:7652	MONDO:0009623	36	1148	54	68	110
HGNC:7662	MONDO:0013507	88	366	18	16	134
HGNC:7675	MONDO:0015786	680	11654	7728	5694	11132
HGNC:7675	MONDO:0020298	4202	16602	8754	7286	11684
HGNC:7677	MONDO:0014984	10	2	2	2	2
HGNC:7678	MONDO:0006952	520	3638	904	5028	1762
HGNC:7678	MONDO:0010269	5636	7736	4540	5414	4426
HGNC:7679	MONDO:0011085	304	242	186	214	5694
HGNC:7690	MONDO:0032636	572	64	32	78	168
HGNC:7693	MONDO:0032630	534	3090	1004	988	2666
HGNC:7702	MONDO:0859320	298	206	178	432	470
HGNC:7708	MONDO:0032611	342	3434	1008	936	1758
HGNC:7717	MONDO:0032612	1164	2382	1580	2160	4296
HGNC:7720	MONDO:0030281	132	498	162	136	2712
HGNC:7737	MONDO:0014836	4	6	4	2	6
HGNC:7739	MONDO:0011902	318	898	1078	514	844
HGNC:7744	MONDO:0009642	16	130	8	16	10
HGNC:7744	MONDO:0054750	4476	5678	3720	4262	5442
HGNC:7745	MONDO:0008377	8296	1244	1566	614	16454
HGNC:7765	MONDO:0007922	38	92	250	78	150
HGNC:7765	MONDO:0008078	6	3314	3086	5014	7176
HGNC:7765	MONDO:0008542	260	3074	348	456	1820
HGNC:7765	MONDO:0009994	538	6182	2936	4580	2884
HGNC:7765	MONDO:0013357	336	1228	1136	1620	1272
HGNC:7776	MONDO:0859369	96	4284	502	3534	8852
HGNC:7782	MONDO:0060591	1032	4370	1382	5186	3402
HGNC:7788	MONDO:0013885	960	402	498	426	684
HGNC:779	MONDO:0011025	38	2	2	2	2
HGNC:7795	MONDO:0017407	1714	8554	5516	5126	6928
HGNC:7797	MONDO:0016681	17002	14724	16462	20010	19444
HGNC:7808	MONDO:0012092	32	76	122	34	4054
HGNC:7818	MONDO:0030684	6	142	34	4	824
HGNC:7820	MONDO:0010544	24	62	64	22	1438
HGNC:7821	MONDO:0017111	19550	15494	23912	5796	17236
HGNC:7853	MONDO:0031054	34	440	48	22	534
HGNC:7863	MONDO:0013874	62	1108	738	130	1612
HGNC:7865	MONDO:0019758	738	13490	2636	1630	13736
HGNC:7866	MONDO:0008521	32	1572	380	58	1150
HGNC:7871	MONDO:0010501	1008	1136	1336	1008	568
HGNC:7876	MONDO:0007088	532	13596	22150	8414	17744
HGNC:7876	MONDO:0020671	2846	1192	1266	2762	3888
HGNC:7877	MONDO:0032787	1170	1444	1964	1158	3794
HGNC:7879	MONDO:0032864	414	32	70	82	114
HGNC:7881	MONDO:0024523	28874	6080	5596	5582	7884
HGNC:7882	MONDO:0007057	1330	1092	872	682	944
HGNC:7883	MONDO:0000914	294	326	128	48	182
HGNC:7883	MONDO:0007537	18	2	2	2	2
HGNC:7883	MONDO:0014122	490	5040	112	3466	5968
HGNC:7892	MONDO:0013171	16	18	2	8	22
HGNC:7897	MONDO:0016308	10938	5726	9172	8448	9180
HGNC:7897	MONDO:0016309	154	246	5022	1378	7056
HGNC:791	MONDO:0014677	268	6936	5032	364	8144
HGNC:7910	MONDO:0012883	20016	25118	16556	14392	11444
HGNC:7910	MONDO:0017598	26490	24316	15294	8874	18220
HGNC:7910	MONDO:0020320	9710	28498	7704	7248	4726
HGNC:7939	MONDO:0012816	338	1194	1718	4904	274
HGNC:7944	MONDO:0008818	50	110	54	40	84
HGNC:7944	MONDO:0011275	166	158	64	60	140
HGNC:7944	MONDO:0014401	180	1988	442	398	894
HGNC:7944	MONDO:0014551	37684	4736	228	168	4826
HGNC:7945	MONDO:0008818	48	16	12	20	22
HGNC:7945	MONDO:0014343	1186	416	598	658	446
HGNC:7974	MONDO:0100289	35724	3642	6070	9678	1414
HGNC:7975	MONDO:0014320	2	4	2	2	2
HGNC:7978	MONDO:0009050	20130	12678	20616	9062	10620
HGNC:7981	MONDO:0015566	10618	6250	6572	8770	17428
HGNC:7983	MONDO:0016281	676	8414	5912	4640	12914
HGNC:7983	MONDO:0060489	40	1354	196	40	5790
HGNC:7989	MONDO:0013186	1550	2188	2296	1922	3754
HGNC:799	MONDO:0020788	14034	6356	6174	4810	6900
HGNC:799	MONDO:0054833	3634	5586	620	4462	7908
HGNC:7994	MONDO:0859236	2	2	1	1	2
HGNC:800	MONDO:0859204	202	1340	1226	874	5876
HGNC:8001	MONDO:0032646	2156	7040	600	8356	9516
HGNC:8005	MONDO:0007922	40	24	14	14	56
HGNC:8008	MONDO:0013690	1772	78	92	322	4316
HGNC:8008	MONDO:0013696	1634	14776	9494	36868	11686
HGNC:8011	MONDO:0017049	508	6408	5666	4960	5562
HGNC:8028	MONDO:0012041	22	170	18	30	890
HGNC:8028	MONDO:0014630	18	94	26	18	4316
HGNC:8029	MONDO:0008002	146	1206	874	70	5822
HGNC:8031	MONDO:0007958	2666	11326	7690	7632	6902
HGNC:8032	MONDO:0850115	36232	17802	16394	2044	12938
HGNC:8059	MONDO:0012883	24048	28906	16296	25090	14710
HGNC:8082	MONDO:0008377	180	116	96	108	134
HGNC:8091	MONDO:0008377	4576	834	7888	390	9740
HGNC:8091	MONDO:0009796	2528	4714	5512	4830	5054
HGNC:8101	MONDO:0020298	7894	1022	384	520	6240
HGNC:8101	MONDO:0044255	284	35812	4414	28226	32024
HGNC:8104	MONDO:0020789	1930	2860	2922	2842	2202
HGNC:8108	MONDO:0010645	304	130	78	48	1012
HGNC:8117	MONDO:0007137	716	36930	35120	28724	38272
HGNC:8125	MONDO:0018492	14818	9458	9642	9790	18500
HGNC:8140	MONDO:0008377	12212	230	440	652	1018
HGNC:8140	MONDO:0008858	410	1222	276	480	2554
HGNC:8142	MONDO:0008133	918	84	102	378	446
HGNC:8149	MONDO:0009825	4	2	50	8	6
HGNC:8157	MONDO:0011585	246	1142	274	240	1132
HGNC:8157	MONDO:0013715	946	6134	1048	4880	4182
HGNC:816	MONDO:0010404	8178	552	4062	1388	5236
HGNC:819	MONDO:0018742	35294	7426	31138	3516	8116
HGNC:823	MONDO:0014091	54	6272	5122	5956	6018
HGNC:823	MONDO:0020727	148	3794	3060	3620	4992
HGNC:8487	MONDO:0009143	14	4	4	4	4
HGNC:851	MONDO:0027451	702	156	98	114	224
HGNC:8522	MONDO:0012413	142	978	486	288	318
HGNC:8522	MONDO:0014343	268	630	402	136	388
HGNC:854	MONDO:0014646	326	1092	1226	2338	3142
HGNC:8546	MONDO:0007738	228	32	30	28	46
HGNC:8547	MONDO:0008377	436	268	902	462	374
HGNC:8548	MONDO:0009820	144	1566	230	518	1620
HGNC:8549	MONDO:0013559	74	9910	3014	4636	7416
HGNC:8565	MONDO:0958176	1306	2966	1258	4082	9256
HGNC:8574	MONDO:0011830	974	7786	4584	6968	6530
HGNC:8574	MONDO:0013182	6360	28434	9670	11088	15766
HGNC:8582	MONDO:0017389	634	2	2	2	2
HGNC:8591	MONDO:0100119	174	5332	4646	7164	5710
HGNC:8592	MONDO:0010361	12	8	2	2	8
HGNC:8604	MONDO:0014343	980	224	552	442	46
HGNC:8604	MONDO:0019666	652	368	302	94	144
HGNC:8607	MONDO:0010820	8844	16312	10600	11294	6836
HGNC:8609	MONDO:0014612	24	7654	5336	1474	3136
HGNC:8617	MONDO:0007862	12	4	4	4	4
HGNC:8617	MONDO:0014343	592	264	336	186	108
HGNC:8618	MONDO:0100180	2092	9626	10190	3160	6040
HGNC:8619	MONDO:0957427	714	19122	15752	9568	8094
HGNC:8620	MONDO:0008377	4050	12352	1724	3152	3974
HGNC:8620	MONDO:0008795	6648	18308	6706	6346	9994
HGNC:8620	MONDO:0016395	16740	11252	8588	6956	8778
HGNC:8620	MONDO:0020354	3302	8996	540	6020	4804
HGNC:8620	MONDO:0020356	1044	3436	126	94	64
HGNC:8622	MONDO:0019854	198	5608	1304	2496	4382
HGNC:8622	MONDO:0024264	186	216	112	22	206
HGNC:8623	MONDO:0011477	1038	4486	3050	120	5882
HGNC:8632	MONDO:0060549	28	8	4	2	12
HGNC:8632	MONDO:0600030	32026	24854	26672	15990	18330
HGNC:8636	MONDO:0018141	20404	9110	10770	6474	12080
HGNC:8653	MONDO:0011628	248	14	22	10	48
HGNC:8654	MONDO:0011628	226	12	40	30	20
HGNC:8657	MONDO:0009625	2	2	2	2	2
HGNC:868	MONDO:0010504	116	12	8	8	12
HGNC:869	MONDO:0010651	1500	1230	212	424	644
HGNC:87	MONDO:0012648	92	442	1476	6656	2046
HGNC:8717	MONDO:0859252	94	8	14	6	66
HGNC:8729	MONDO:0014399	14114	6818	3702	5656	7352
HGNC:8740	MONDO:0013990	52	24	18	18	18
HGNC:8756	MONDO:0032906	388	2	2	8	12
HGNC:8768	MONDO:0010275	622	1902	1876	1402	1896
HGNC:8768	MONDO:0010689	854	7032	3846	5128	5740
HGNC:8768	MONDO:0014343	1088	902	928	948	926
HGNC:8773	MONDO:0958262	11302	170	666	352	692
HGNC:8778	MONDO:0014343	878	658	190	634	264
HGNC:8786	MONDO:0008377	38	30	44	20	26
HGNC:8787	MONDO:0008377	194	246	300	140	92
HGNC:8789	MONDO:0013315	80	176	226	138	234
HGNC:8790	MONDO:0012398	34	78	38	14	32
HGNC:8794	MONDO:0012205	28	8	6	22	22
HGNC:8794	MONDO:0958263	58	14	4338	44	2224
HGNC:8804	MONDO:0011150	248	68	28	40	84
HGNC:8804	MONDO:0014004	536	6186	2040	3930	6612
HGNC:8818	MONDO:0010933	116	238	48	24	70
HGNC:8818	MONDO:0019855	86	11730	648	64	1970
HGNC:882	MONDO:0014343	116	594	718	572	640
HGNC:8820	MONDO:0012449	28	2	2	2	2
HGNC:8846	MONDO:0011442	4554	16554	2984	7118	12158
HGNC:8849	MONDO:0030007	6728	5270	4036	700	692
HGNC:8850	MONDO:0100229	2044	2032	3954	844	2160
HGNC:8851	MONDO:0013937	46	6	6	6	6
HGNC:8851	MONDO:0018598	84	230	534	618	424
HGNC:8853	MONDO:0013967	54	6	4	4	10
HGNC:8853	MONDO:0018598	56	260	1654	298	828
HGNC:8854	MONDO:0013927	1028	46	40	38	44
HGNC:8854	MONDO:0018598	38	60	104	62	650
HGNC:8855	MONDO:0019174	22	30	32	38	36
HGNC:8857	MONDO:0018598	184	690	576	192	402
HGNC:8857	MONDO:0019174	10	28	16	16	18
HGNC:8858	MONDO:0013948	552	930	206	1604	534
HGNC:8859	MONDO:0014343	1464	544	440	482	554
HGNC:8860	MONDO:0008972	112	114	8	16	28
HGNC:888	MONDO:0013634	108	4730	148	168	286
HGNC:8881	MONDO:0013891	12344	8940	19582	12872	7040
HGNC:8896	MONDO:0008377	10494	1518	804	444	348
HGNC:8896	MONDO:0010392	3046	5710	5278	2460	2348
HGNC:8905	MONDO:0013968	58	2	2	2	2
HGNC:8923	MONDO:0009736	448	124	112	300	332
HGNC:8925	MONDO:0010362	14	4	4	2	6
HGNC:8940	MONDO:0008377	2026	248	412	336	178
HGNC:8940	MONDO:0009958	16	2	4	2	4
HGNC:8941	MONDO:0009061	20710	9176	10214	15704	8538
HGNC:8943	MONDO:0011412	772	44	46	46	42
HGNC:8959	MONDO:0032822	2	2	1	1	2
HGNC:8965	MONDO:0030037	88	420	66	26	38
HGNC:8966	MONDO:0010221	2	1	1	1	2
HGNC:897	MONDO:0010356	10	4496	196	34	1304
HGNC:8975	MONDO:0013038	312	4666	1282	1194	1490
HGNC:8975	MONDO:0013125	132	6378	5342	4624	5972
HGNC:8975	MONDO:0017177	890	8874	7090	5052	6588
HGNC:8975	MONDO:0020492	22964	9622	3636	6440	5092
HGNC:8977	MONDO:0014222	28	440	548	74	2994
HGNC:8979	MONDO:0014453	98	1508	1552	314	4318
HGNC:8996	MONDO:0012656	608	13720	5746	9050	22042
HGNC:8999	MONDO:0030045	92	1498	970	1110	1186
HGNC:90	MONDO:0008722	136	6	14	26	20
HGNC:9004	MONDO:0014343	346	624	364	468	226
HGNC:9004	MONDO:0017382	17636	5664	5278	4700	498
HGNC:9006	MONDO:0012527	1006	548	662	136	48
HGNC:9008	MONDO:0010856	5688	29366	14304	8190	20302
HGNC:9020	MONDO:0009950	92	1196	690	432	1468
HGNC:9023	MONDO:0011472	240	5650	992	1816	5548
HGNC:9038	MONDO:0008377	2748	4158	8440	5524	1858
HGNC:9038	MONDO:0009235	16	6488	174	92	5106
HGNC:9039	MONDO:0012444	126	8	6	6	86
HGNC:9039	MONDO:0013060	2	4	2	2	4
HGNC:9039	MONDO:0024457	728	6	2	4	8
HGNC:904	MONDO:0012075	46	3758	116	138	1904
HGNC:9043	MONDO:0060502	2	2	2	2	2
HGNC:9046	MONDO:0011073	12280	25740	19026	16806	27504
HGNC:9046	MONDO:0019921	19668	31234	26784	18804	28350
HGNC:9052	MONDO:0011136	30	840	252	62	3036
HGNC:9056	MONDO:0014343	302	470	698	452	448
HGNC:9056	MONDO:0030074	460	366	1600	604	1054
HGNC:9066	MONDO:0013766	118	1900	554	5568	5714
HGNC:9069	MONDO:0013390	778	6306	5278	5874	7646
HGNC:9069	MONDO:0014661	826	9350	5562	4344	12484
HGNC:9075	MONDO:0009883	92	2542	3636	254	3128
HGNC:9080	MONDO:0013475	48	13922	3484	3910	6950
HGNC:9081	MONDO:0007363	162	126	134	130	166
HGNC:9081	MONDO:0016002	316	66	50	68	46
HGNC:9083	MONDO:0007738	52	24	24	24	24
HGNC:9083	MONDO:0012892	78	78	80	78	78
HGNC:9086	MONDO:0017223	14172	5356	4992	4404	5378
HGNC:9086	MONDO:0017225	3958	1756	4322	3766	4018
HGNC:9091	MONDO:0010606	33096	5734	5406	5370	5704
HGNC:9091	MONDO:0012892	114	84	80	88	206
HGNC:9091	MONDO:0014343	256	390	498	528	702
HGNC:9107	MONDO:0008542	1716	1240	68	462	2614
HGNC:9115	MONDO:0007922	292	6	12	6	8
HGNC:9118	MONDO:0007309	60	8	12	14	16
HGNC:9118	MONDO:0007311	40	12	22	22	94
HGNC:9118	MONDO:0008087	266	68	102	300	1372
HGNC:9118	MONDO:0008392	142	18	14	16	38
HGNC:9119	MONDO:0054785	696	2694	2008	3208	6014
HGNC:9137	MONDO:0054844	336	234	94	106	240
HGNC:9142	MONDO:0008740	2	2	2	2	2
HGNC:9143	MONDO:0800026	6	10	4	4	318
HGNC:9154	MONDO:0014557	13552	3584	786	978	2994
HGNC:9173	MONDO:0010523	116	830	74	62	598
HGNC:9175	MONDO:0012953	5970	5680	9810	238	9628
HGNC:9175	MONDO:0014157	232	876	1798	1004	2638
HGNC:9175	MONDO:0970994	56	2678	3078	3144	1062
HGNC:9177	MONDO:0012041	64	222	34	48	768
HGNC:9177	MONDO:0032684	298	1486	198	236	998
HGNC:9179	MONDO:0013350	170	240	130	146	182
HGNC:9180	MONDO:0032799	10	12	4	2	4
HGNC:9181	MONDO:0010214	70	1872	92	22	90
HGNC:9202	MONDO:0009364	10	4	6	4	6
HGNC:9202	MONDO:0018277	50	22	22	16	24
HGNC:9210	MONDO:0008250	1412	1778	492	414	4240
HGNC:9210	MONDO:0014343	404	364	24	16	122
HGNC:9216	MONDO:0032830	4	8	2	2	4
HGNC:9218	MONDO:0859158	2	1430	330	14	3168
HGNC:9220	MONDO:0011226	9332	5202	4086	28058	8012
HGNC:9236	MONDO:0011448	2728	7430	7494	4772	7022
HGNC:9236	MONDO:0016681	6914	28530	30870	21928	24800
HGNC:9236	MONDO:0016682	5092	12748	14432	9358	13638
HGNC:9251	MONDO:0009737	58	980	276	422	1136
HGNC:9255	MONDO:0008148	552	3502	1638	1216	4074
HGNC:9260	MONDO:0030258	572	1252	1752	372	386
HGNC:9277	MONDO:0044318	94	66	92	54	250
HGNC:9280	MONDO:0957577	74	4	4	10	8
HGNC:9282	MONDO:0014343	1556	842	914	920	900
HGNC:9302	MONDO:0014605	1900	5462	5422	6446	10764
HGNC:9305	MONDO:0011439	370	5872	3612	4970	2918
HGNC:9312	MONDO:0014602	838	88	930	1002	2674
HGNC:9330	MONDO:0019767	1144	5370	1896	1430	6980
HGNC:9330	MONDO:0019769	16082	1504	1470	1708	4922
HGNC:9369	MONDO:0859276	104	2	2	2	2
HGNC:9382	MONDO:0014518	64	10890	3616	776	6862
HGNC:9386	MONDO:0009867	74	4	2	4	2
HGNC:939	MONDO:0013061	626	6516	4394	4248	4310
HGNC:939	MONDO:0976226	13334	17218	8856	33524	16144
HGNC:9390	MONDO:0859214	268	6	6	6	16
HGNC:9402	MONDO:0011540	1080	4778	1190	1330	4410
HGNC:9449	MONDO:0010808	628	6536	7102	5408	4734
HGNC:9449	MONDO:0011299	1100	1634	6498	1764	6590
HGNC:9451	MONDO:0008316	8	104	8	8	12
HGNC:9454	MONDO:0011957	28	222	168	36	642
HGNC:9454	MONDO:0012983	892	494	166	110	268
HGNC:9456	MONDO:0012868	10	180	12	14	494
HGNC:9459	MONDO:0007922	4	50	10	12	76
HGNC:9460	MONDO:0017993	1074	6868	3822	654	7716
HGNC:9462	MONDO:0018464	9442	2018	1350	1532	1910
HGNC:9462	MONDO:0018495	10044	3676	5082	6776	5574
HGNC:9498	MONDO:0012720	148	48	482	98	1592
HGNC:9498	MONDO:0017729	446	260	1270	1140	1628
HGNC:9508	MONDO:0013398	10	5544	2114	2410	31176
HGNC:951	MONDO:0013228	2	2	2	2	2
HGNC:951	MONDO:0014343	1088	458	100	250	144
HGNC:9538	MONDO:0971001	78	64	52	62	108
HGNC:9541	MONDO:0054699	2852	4046	336	4550	2432
HGNC:9557	MONDO:0054591	1616	3082	2290	1376	2616
HGNC:9577	MONDO:0013531	588	978	8	38	390
HGNC:9585	MONDO:0011556	138	3526	22	2522	20
HGNC:9585	MONDO:0012562	170	12	18	4	26
HGNC:9585	MONDO:0017218	134	6168	2992	1218	4598
HGNC:9587	MONDO:0007892	176	76	44	14	6
HGNC:9587	MONDO:0014343	522	610	698	626	354
HGNC:9588	MONDO:0011789	2686	1828	5966	4220	5672
HGNC:9588	MONDO:0012041	2518	6564	2720	3368	9180
HGNC:9588	MONDO:0021427	3156	3542	2422	5268	5242
HGNC:9588	MONDO:0044638	29726	18782	27046	34886	10140
HGNC:959	MONDO:0013108	182	31450	26024	10770	18196
HGNC:9607	MONDO:0013244	27448	984	216	62	1286
HGNC:9608	MONDO:0010803	28	2	4	4	8
HGNC:9608	MONDO:0014343	1000	546	450	424	400
HGNC:961	MONDO:0008678	4210	10872	11688	13852	13764
HGNC:9639	MONDO:0859264	14	6	4	2	6
HGNC:9644	MONDO:0007979	2660	6874	5852	5212	5820
HGNC:9644	MONDO:0014343	4	574	598	732	428
HGNC:9658	MONDO:0011959	1004	23436	11900	10564	12692
HGNC:9658	MONDO:0035236	39250	19474	9910	9528	14456
HGNC:966	MONDO:0008854	22	4	2	4	6
HGNC:9670	MONDO:0014450	944	6098	5408	2172	5874
HGNC:9688	MONDO:0013225	372	54	130	154	96
HGNC:970	MONDO:0014434	150	20	10	14	22
HGNC:9701	MONDO:0017811	4260	6800	6436	5990	10310
HGNC:9706	MONDO:0009151	110	6	6	2	6
HGNC:9713	MONDO:0018598	262	800	1652	1648	4870
HGNC:9713	MONDO:0019174	32	154	240	332	1000
HGNC:9717	MONDO:0013932	2	2	1	1	2
HGNC:9717	MONDO:0018598	88	396	776	454	246
HGNC:9719	MONDO:0008954	258	282	216	240	210
HGNC:9719	MONDO:0018598	424	1286	2804	1476	2372
HGNC:9719	MONDO:0019174	34	1558	1260	708	1382
HGNC:9721	MONDO:0009271	1248	920	1776	1224	1622
HGNC:9721	MONDO:0013051	582	52	154	148	270
HGNC:9721	MONDO:0014343	1220	314	578	602	306
HGNC:9722	MONDO:0009053	682	10	6	4	64
HGNC:9751	MONDO:0014335	312	2808	2068	4372	5146
HGNC:9768	MONDO:0008377	368	122	214	300	146
HGNC:977	MONDO:0100058	132	214	4	8	268
HGNC:9801	MONDO:0007922	788	5906	8112	5304	6094
HGNC:9811	MONDO:0007874	9646	4218	3798	3290	6222
HGNC:9811	MONDO:0013864	2972	1132	940	850	544
HGNC:9829	MONDO:0007922	1924	4182	5720	3386	4504
HGNC:9829	MONDO:0008542	3094	9138	2576	4424	5482
HGNC:9829	MONDO:0016692	6242	6200	1150	1158	4348
HGNC:983	MONDO:0015270	110	8490	8594	3608	11554
HGNC:9831	MONDO:0009306	8	832	38	12	110
HGNC:9832	MONDO:0009306	12	32	22	14	938
HGNC:9832	MONDO:0011086	4	4	4	4	6
HGNC:9832	MONDO:0011338	110	6	6	6	4
HGNC:9853	MONDO:0008818	196	58	70	84	64
HGNC:9859	MONDO:0958001	632	2	2	250	14
HGNC:9863	MONDO:0100102	12	8	12	4	14
HGNC:9864	MONDO:0012883	9954	21858	22710	15090	27132
HGNC:987	MONDO:0017051	30	2694	192	24	40
HGNC:987	MONDO:0017053	28	1342	24	36	118
HGNC:9870	MONDO:0014506	810	3222	2096	1282	2060
HGNC:9871	MONDO:0011556	8782	25320	560	17562	6264
HGNC:9879	MONDO:0014386	34	838	70	72	664
HGNC:9910	MONDO:0010277	418	4822	6072	4750	6588
HGNC:9910	MONDO:0010661	4098	6890	11758	6226	24150
HGNC:9912	MONDO:0010767	22	32	34	14	50
HGNC:9921	MONDO:0014093	66	24	20	48	50
HGNC:9922	MONDO:0014060	2	98	52	32	222
HGNC:9922	MONDO:0014635	50	350	124	64	278
HGNC:9936	MONDO:0010446	68	1384	574	94	6096
HGNC:9940	MONDO:0008377	1534	312	548	348	1230
HGNC:9940	MONDO:0018877	154	1586	276	130	1000
HGNC:9942	MONDO:0008210	24	96	66	42	188
HGNC:9942	MONDO:0020382	4294	2932	21494	6446	14344
HGNC:9949	MONDO:0009039	1876	1936	2162	1550	3928
HGNC:9949	MONDO:0009955	2986	5110	6184	5144	7170
HGNC:9949	MONDO:0016369	2284	4182	4756	3534	5048
HGNC:9955	MONDO:0032659	16558	17864	9188	10546	23652
HGNC:9955	MONDO:0033980	23736	23938	19716	11510	15636
HGNC:9955	MONDO:0035694	28364	24134	27868	14558	22892
HGNC:9956	MONDO:0054696	124	4770	286	172	6702
HGNC:9957	MONDO:0007922	30	68	12	8	46
HGNC:9957	MONDO:0700090	96	170	14	6	560
HGNC:9965	MONDO:0014857	2	2	1	1	2
HGNC:9966	MONDO:0014779	8172	18668	6980	25848	12946
HGNC:9967	MONDO:0007723	11026	5812	6620	5980	6356
HGNC:9967	MONDO:0007958	934	8740	2482	6020	7518
HGNC:9967	MONDO:0008234	16	5098	1280	1026	6022
HGNC:9967	MONDO:0019636	2428	4996	712	2244	2316
HGNC:9970	MONDO:0008678	12786	7990	17746	15148	12904
HGNC:9986	MONDO:0971014	4	4	4	4	4
HGNC:9986	MONDO:0971016	2272	1910	66	60	3896
HGNC:9990	MONDO:0008377	596	334	234	206	302
HGNC:9990	MONDO:0013414	60	62	50	54	110
