prediction	sources	destinations	score	label
0.8137647	HGNC:13666	MONDO:0009279	biolink:causes	1
0.82286143	HGNC:35	MONDO:0007610	biolink:gene_associated_with_condition	1
0.99926394	HGNC:48	MONDO:0010524	biolink:causes	1
0.03756971	HGNC:14639	MONDO:0044224	biolink:causes	1
0.8706009	HGNC:21497	MONDO:0012624	biolink:causes	1
1.0	HGNC:23339	MONDO:0968976	biolink:causes	1
0.91700923	HGNC:118	MONDO:0013802	biolink:gene_associated_with_condition	1
0.9173492	HGNC:118	MONDO:0014753	biolink:gene_associated_with_condition	1
0.99972934	HGNC:124	MONDO:0011939	biolink:causes	1
0.9941309	HGNC:124	MONDO:0014343	biolink:causes	1
0.98560417	HGNC:160	MONDO:0032770	biolink:causes	1
0.045421615	HGNC:216	MONDO:0013002	biolink:causes	1
0.9998896	HGNC:218	MONDO:0009161	biolink:causes	1
0.005593841	HGNC:21285	MONDO:0007748	biolink:contributes_to	1
0.8136414	HGNC:329	MONDO:0014052	biolink:causes	1
0.874644	HGNC:329	MONDO:0020345	biolink:gene_associated_with_condition	1
0.74607754	HGNC:14412	MONDO:0008860	biolink:causes	1
0.92840374	HGNC:8768	MONDO:0010275	biolink:gene_associated_with_condition	1
0.94854313	HGNC:8768	MONDO:0014343	biolink:causes	1
0.7572484	HGNC:8768	MONDO:0010689	biolink:causes	1
0.9882665	HGNC:20091	MONDO:0054731	biolink:causes	1
0.6986203	HGNC:379	MONDO:0012738	biolink:causes	1
0.9802249	HGNC:388	MONDO:0009339	biolink:gene_associated_with_condition	1
0.9802249	HGNC:388	MONDO:0009339	biolink:causes	1
0.5219116	HGNC:391	MONDO:0014048	biolink:causes	1
0.50534886	HGNC:399	MONDO:0014449	biolink:gene_associated_with_condition	1
0.9937499	HGNC:9722	MONDO:0009053	biolink:gene_associated_with_condition	1
0.9937499	HGNC:9722	MONDO:0009053	biolink:causes	1
0.9988953	HGNC:15672	MONDO:0009890	biolink:causes	1
0.99777216	HGNC:17085	MONDO:0032724	biolink:causes	1
0.98456013	HGNC:17944	MONDO:0013853	biolink:causes	1
0.9479911	HGNC:30578	MONDO:0014014	biolink:gene_associated_with_condition	1
0.9479911	HGNC:30578	MONDO:0014014	biolink:causes	1
0.9591307	HGNC:3522	MONDO:0011541	biolink:causes	1
0.9192707	HGNC:3527	MONDO:0014343	biolink:causes	1
0.9908462	HGNC:3542	MONDO:0009210	biolink:gene_associated_with_condition	1
0.8777441	HGNC:3542	MONDO:0010947	biolink:gene_associated_with_condition	1
0.9985946	HGNC:21197	MONDO:0012866	biolink:causes	1
0.99972266	HGNC:3584	MONDO:0009213	biolink:causes	1
0.9994025	HGNC:3604	MONDO:0008818	biolink:causes	1
0.9572018	HGNC:3604	MONDO:0014501	biolink:causes	1
0.9250999	HGNC:3619	MONDO:0014313	biolink:causes	1
0.67929167	HGNC:3681	MONDO:0020494	biolink:gene_associated_with_condition	1
0.9620299	HGNC:3681	MONDO:0012541	biolink:causes	1
0.9870668	HGNC:3671	MONDO:0859340	biolink:gene_associated_with_condition	1
0.9870668	HGNC:3671	MONDO:0859340	biolink:causes	1
0.9033859	HGNC:3677	MONDO:0014319	biolink:causes	1
0.91109586	HGNC:3688	MONDO:0007400	biolink:causes	1
0.9877945	HGNC:3690	MONDO:0008546	biolink:gene_associated_with_condition	1
0.98136556	HGNC:3690	MONDO:0014658	biolink:gene_associated_with_condition	1
0.7837335	HGNC:3690	MONDO:0016682	biolink:gene_associated_with_condition	1
0.94662946	HGNC:3690	MONDO:0012833	biolink:causes	1
0.88248724	HGNC:3690	MONDO:0016681	biolink:gene_associated_with_condition	1
0.8915748	HGNC:3700	MONDO:0007888	biolink:gene_associated_with_condition	1
0.9999943	HGNC:16873	MONDO:0008995	biolink:gene_associated_with_condition	1
0.9779895	HGNC:3622	MONDO:0013156	biolink:causes	1
0.8829965	HGNC:27310	MONDO:0800445	biolink:causes	1
0.5926788	HGNC:27310	MONDO:0008259	biolink:causes	1
0.9355708	HGNC:3762	MONDO:0014107	biolink:causes	1
0.9999927	HGNC:20105	MONDO:0009168	biolink:causes	1
0.9831319	HGNC:3801	MONDO:0007922	biolink:gene_associated_with_condition	1
0.9968622	HGNC:3808	MONDO:0012456	biolink:causes	1
0.8946548	HGNC:3811	MONDO:0016833	biolink:gene_associated_with_condition	1
0.74308753	HGNC:6106	MONDO:0010580	biolink:causes	1
0.99999905	HGNC:1162	MONDO:0859312	biolink:causes	1
0.99998724	HGNC:19185	MONDO:0054737	biolink:causes	1
0.9980965	HGNC:23399	MONDO:0013774	biolink:causes	1
0.9656703	HGNC:23399	MONDO:0019636	biolink:gene_associated_with_condition	1
0.9999181	HGNC:23399	MONDO:0012165	biolink:causes	1
0.6091598	HGNC:3969	MONDO:0011972	biolink:gene_associated_with_condition	1
0.8479018	HGNC:4013	MONDO:0014763	biolink:causes	1
0.060784124	HGNC:4017	MONDO:0013462	biolink:causes	1
0.95513874	HGNC:4042	MONDO:0007589	biolink:causes	1
0.82014495	HGNC:4507	MONDO:0100460	biolink:contributes_to	1
0.9776225	HGNC:4082	MONDO:0020631	biolink:causes	1
0.9553322	HGNC:24063	MONDO:0030105	biolink:gene_associated_with_condition	1
0.72085106	HGNC:4162	MONDO:0011091	biolink:gene_associated_with_condition	1
0.72085106	HGNC:4162	MONDO:0011091	biolink:causes	1
0.9439015	HGNC:4162	MONDO:0015353	biolink:causes	1
0.40842733	HGNC:4165	MONDO:0016355	biolink:gene_associated_with_condition	1
0.37312678	HGNC:4170	MONDO:0009902	biolink:gene_associated_with_condition	1
0.8012913	HGNC:4170	MONDO:0019458	biolink:gene_associated_with_condition	1
0.9275107	HGNC:30778	MONDO:0014034	biolink:causes	1
0.9973911	HGNC:4177	MONDO:0009266	biolink:gene_associated_with_condition	1
0.9925605	HGNC:4177	MONDO:0009265	biolink:causes	1
0.9991357	HGNC:4177	MONDO:0011945	biolink:causes	1
0.77908206	HGNC:4180	MONDO:0017696	biolink:gene_associated_with_condition	1
0.99102753	HGNC:4180	MONDO:0009897	biolink:gene_associated_with_condition	1
0.4746523	HGNC:4180	MONDO:0017697	biolink:gene_associated_with_condition	1
0.9714534	HGNC:4198	MONDO:0024570	biolink:causes	1
0.9986639	HGNC:15968	MONDO:0011916	biolink:gene_associated_with_condition	1
0.9995629	HGNC:4214	MONDO:0013463	biolink:causes	1
0.3650552	HGNC:4285	MONDO:0015351	biolink:gene_associated_with_condition	1
0.98976934	HGNC:4298	MONDO:0009262	biolink:gene_associated_with_condition	1
0.98976934	HGNC:4298	MONDO:0009262	biolink:causes	1
0.9971841	HGNC:4298	MONDO:0009260	biolink:causes	1
0.07961377	HGNC:14373	MONDO:0007672	biolink:causes	1
0.9103103	HGNC:4331	MONDO:0032685	biolink:causes	1
0.15126643	HGNC:4392	MONDO:0008274	biolink:gene_associated_with_condition	1
0.69270205	HGNC:4392	MONDO:0012912	biolink:gene_associated_with_condition	1
0.69270205	HGNC:4392	MONDO:0012912	biolink:causes	1
0.8470788	HGNC:4392	MONDO:0012911	biolink:gene_associated_with_condition	1
0.97291493	HGNC:4392	MONDO:0014343	biolink:causes	1
0.7133179	HGNC:4392	MONDO:0008153	biolink:causes	1
0.99955004	HGNC:4454	MONDO:0009779	biolink:gene_associated_with_condition	1
0.88505465	HGNC:20844	MONDO:0957825	biolink:causes	1
0.9694931	HGNC:31371	MONDO:0008377	biolink:causes	1
0.99556965	HGNC:4556	MONDO:0009593	biolink:causes	1
0.20549233	HGNC:25839	MONDO:0008637	biolink:gene_associated_with_condition	1
0.9890599	HGNC:4572	MONDO:0030060	biolink:causes	1
0.63364893	HGNC:4688	MONDO:0013843	biolink:causes	1
0.9538755	HGNC:4707	MONDO:0009414	biolink:gene_associated_with_condition	1
0.9538755	HGNC:4707	MONDO:0009414	biolink:causes	1
0.23654787	HGNC:4798	MONDO:0014682	biolink:contributes_to	1
0.40187496	HGNC:4827	MONDO:0016242	biolink:gene_associated_with_condition	1
0.9199212	HGNC:4827	MONDO:0016672	biolink:gene_associated_with_condition	1
0.99238104	HGNC:13315	MONDO:0014343	biolink:causes	1
0.9526762	HGNC:13315	MONDO:0010665	biolink:gene_associated_with_condition	1
0.98322254	HGNC:4877	MONDO:0019828	biolink:gene_associated_with_condition	1
0.99599504	HGNC:4877	MONDO:0014343	biolink:causes	1
0.8678748	HGNC:4922	MONDO:0044320	biolink:causes	1
0.91433173	HGNC:4922	MONDO:0008377	biolink:causes	1
0.8512862	HGNC:5009	MONDO:0020563	biolink:gene_associated_with_condition	1
0.875761	HGNC:5004	MONDO:0010485	biolink:causes	1
0.9952414	HGNC:5006	MONDO:0957270	biolink:causes	1
0.3616383	HGNC:5031	MONDO:0012410	biolink:causes	1
0.31104165	HGNC:5031	MONDO:0014181	biolink:causes	1
0.79262376	HGNC:5037	MONDO:0012193	biolink:gene_associated_with_condition	1
0.79262376	HGNC:5037	MONDO:0012193	biolink:causes	1
0.37439954	HGNC:5048	MONDO:0033363	biolink:causes	1
0.90601057	HGNC:5136	MONDO:0007222	biolink:causes	1
0.9630673	HGNC:5136	MONDO:0012544	biolink:gene_associated_with_condition	1
0.9630673	HGNC:5136	MONDO:0012544	biolink:causes	1
0.3282036	HGNC:5136	MONDO:0017544	biolink:gene_associated_with_condition	1
0.9848011	HGNC:5136	MONDO:0008513	biolink:causes	1
0.90168595	HGNC:5227	MONDO:0018611	biolink:gene_associated_with_condition	1
0.3594808	HGNC:5261	MONDO:0011532	biolink:causes	1
0.56266356	HGNC:4851	MONDO:0054573	biolink:causes	1
0.29540172	HGNC:4851	MONDO:0016621	biolink:gene_associated_with_condition	1
0.999961	HGNC:24587	MONDO:0012514	biolink:causes	1
0.94577605	HGNC:5385	MONDO:0012943	biolink:causes	1
0.9842444	HGNC:5385	MONDO:0008377	biolink:causes	1
0.64607733	HGNC:5389	MONDO:0016316	biolink:gene_associated_with_condition	1
0.99668944	HGNC:16644	MONDO:0014343	biolink:causes	1
0.14810088	HGNC:5440	MONDO:0013953	biolink:causes	1
0.8707866	HGNC:18365	MONDO:0012292	biolink:contributes_to	1
0.9993144	HGNC:18626	MONDO:0014447	biolink:causes	1
0.9836015	HGNC:29262	MONDO:0013127	biolink:gene_associated_with_condition	1
0.9892273	HGNC:30391	MONDO:0008377	biolink:causes	1
0.90502805	HGNC:5464	MONDO:0012110	biolink:causes	1
0.99672675	HGNC:5948	MONDO:0014343	biolink:causes	1
0.9999993	HGNC:5967	MONDO:0013615	biolink:causes	1
0.16968766	HGNC:6062	MONDO:0044638	biolink:gene_associated_with_condition	1
0.9444466	HGNC:33882	MONDO:0024607	biolink:causes	1
0.9890198	HGNC:24555	MONDO:0032817	biolink:causes	1
0.9983852	HGNC:9853	MONDO:0008818	biolink:causes	1
0.80452025	HGNC:28949	MONDO:0012225	biolink:causes	1
0.9765912	HGNC:29350	MONDO:0859338	biolink:causes	1
0.9930569	HGNC:6116	MONDO:0958011	biolink:causes	1
0.11515314	HGNC:6120	MONDO:0012834	biolink:contributes_to	1
0.17366855	HGNC:6120	MONDO:0016356	biolink:gene_associated_with_condition	1
0.9862519	HGNC:5358	MONDO:0009194	biolink:causes	1
0.91628516	HGNC:5358	MONDO:0013957	biolink:causes	1
0.9712043	HGNC:28660	MONDO:0033282	biolink:gene_associated_with_condition	1
0.6675617	HGNC:4053	MONDO:0014502	biolink:causes	1
0.9948407	HGNC:6171	MONDO:0013081	biolink:gene_associated_with_condition	1
0.9452272	HGNC:6174	MONDO:0008306	biolink:gene_associated_with_condition	1
0.96915966	HGNC:6174	MONDO:0007297	biolink:gene_associated_with_condition	1
0.97678965	HGNC:6180	MONDO:0011694	biolink:gene_associated_with_condition	1
0.99518126	HGNC:6180	MONDO:0008795	biolink:gene_associated_with_condition	1
0.7458494	HGNC:6182	MONDO:0859311	biolink:causes	1
0.8731158	HGNC:16951	MONDO:0033542	biolink:causes	1
0.9544555	HGNC:6188	MONDO:0008542	biolink:gene_associated_with_condition	1
0.9998771	HGNC:6188	MONDO:0016862	biolink:causes	1
0.5595918	HGNC:6192	MONDO:0013794	biolink:causes	1
0.29155725	HGNC:6192	MONDO:0009891	biolink:causes	1
0.39599332	HGNC:6192	MONDO:0010947	biolink:gene_associated_with_condition	1
0.99868494	HGNC:14686	MONDO:0032938	biolink:causes	1
0.7799528	HGNC:6207	MONDO:0011017	biolink:gene_associated_with_condition	1
0.7799528	HGNC:6207	MONDO:0011017	biolink:causes	1
0.84487987	HGNC:6215	MONDO:0030967	biolink:causes	1
0.7211767	HGNC:6215	MONDO:0013489	biolink:causes	1
0.9997738	HGNC:6263	MONDO:0008222	biolink:gene_associated_with_condition	1
0.8167327	HGNC:6257	MONDO:0012522	biolink:causes	1
0.6815813	HGNC:1337	MONDO:0858999	biolink:gene_associated_with_condition	1
0.9848616	HGNC:29012	MONDO:0032790	biolink:causes	1
0.99963856	HGNC:19960	MONDO:0014688	biolink:causes	1
0.8965708	HGNC:6320	MONDO:0030071	biolink:causes	1
0.34395978	HGNC:6392	MONDO:0007109	biolink:causes	1
0.978126	HGNC:4510	MONDO:0008302	biolink:causes	1
0.49742082	HGNC:4510	MONDO:0958354	biolink:gene_associated_with_condition	1
0.99449325	HGNC:6365	MONDO:0008772	biolink:causes	1
0.8595693	HGNC:6371	MONDO:0012901	biolink:gene_associated_with_condition	1
0.8595693	HGNC:6371	MONDO:0012901	biolink:causes	1
0.5663821	HGNC:6412	MONDO:0010962	biolink:causes	1
0.87068105	HGNC:6412	MONDO:0007808	biolink:gene_associated_with_condition	1
0.8402838	HGNC:6412	MONDO:0957303	biolink:causes	1
0.8903435	HGNC:6442	MONDO:0030535	biolink:causes	1
0.91223395	HGNC:6416	MONDO:0007556	biolink:gene_associated_with_condition	1
0.894438	HGNC:6416	MONDO:0007551	biolink:causes	1
0.86906606	HGNC:6416	MONDO:0007445	biolink:causes	1
0.9385101	HGNC:6463	MONDO:0700343	biolink:causes	1
0.9853601	HGNC:6481	MONDO:0014419	biolink:gene_associated_with_condition	1
0.9170304	HGNC:6481	MONDO:0008377	biolink:causes	1
0.99583507	HGNC:6487	MONDO:0012184	biolink:gene_associated_with_condition	1
0.6987105	HGNC:6541	MONDO:0013587	biolink:gene_associated_with_condition	1
0.2475114	HGNC:6585	MONDO:0019930	biolink:gene_associated_with_condition	1
0.99734384	HGNC:6597	MONDO:0009820	biolink:causes	1
0.93687767	HGNC:19263	MONDO:0029465	biolink:causes	1
0.8545625	HGNC:6636	MONDO:0008310	biolink:gene_associated_with_condition	1
0.877513	HGNC:6636	MONDO:0013178	biolink:causes	1
0.8820591	HGNC:6636	MONDO:0017403	biolink:gene_associated_with_condition	1
0.83095145	HGNC:6636	MONDO:0007269	biolink:gene_associated_with_condition	1
0.99768627	HGNC:13869	MONDO:0008490	biolink:causes	1
0.99993086	HGNC:13869	MONDO:0007987	biolink:causes	1
0.9999722	HGNC:13869	MONDO:0007949	biolink:causes	1
0.96440256	HGNC:24783	MONDO:0008377	biolink:causes	1
0.9711425	HGNC:15714	MONDO:0009069	biolink:causes	1
0.999979	HGNC:6717	MONDO:0013170	biolink:causes	1
0.40954983	HGNC:21173	MONDO:0859355	biolink:causes	1
0.9985393	HGNC:21365	MONDO:0014269	biolink:gene_associated_with_condition	1
0.987805	HGNC:6742	MONDO:0007922	biolink:causes	1
0.82543373	HGNC:6742	MONDO:0016682	biolink:gene_associated_with_condition	1
0.99494946	HGNC:6742	MONDO:0014693	biolink:causes	1
0.9991234	HGNC:6814	MONDO:0015783	biolink:gene_associated_with_condition	1
0.9824273	HGNC:6814	MONDO:0100101	biolink:gene_associated_with_condition	1
0.9330373	HGNC:451	MONDO:0008377	biolink:causes	1
0.06733555	HGNC:17811	MONDO:0971064	biolink:gene_associated_with_condition	1
0.54525405	HGNC:492	MONDO:0008447	biolink:causes	1
0.58993614	HGNC:25240	MONDO:0009885	biolink:gene_associated_with_condition	1
0.58993614	HGNC:25240	MONDO:0009885	biolink:causes	1
0.9179061	HGNC:573	MONDO:0008483	biolink:causes	1
0.9970084	HGNC:573	MONDO:0017241	biolink:gene_associated_with_condition	1
0.33745104	HGNC:601	MONDO:0007750	biolink:contributes_to	1
0.16156553	HGNC:620	MONDO:0017946	biolink:gene_associated_with_condition	1
0.40776935	HGNC:620	MONDO:0017947	biolink:gene_associated_with_condition	1
0.5110623	HGNC:620	MONDO:0017945	biolink:gene_associated_with_condition	1
0.9800925	HGNC:634	MONDO:0007451	biolink:causes	1
0.82570064	HGNC:638	MONDO:0010849	biolink:gene_associated_with_condition	1
0.7996438	HGNC:14103	MONDO:0011998	biolink:gene_associated_with_condition	1
0.99998415	HGNC:23045	MONDO:0032748	biolink:causes	1
0.9999993	HGNC:20730	MONDO:0033308	biolink:causes	1
0.9935574	HGNC:18060	MONDO:0010317	biolink:causes	1
0.094279915	HGNC:738	MONDO:0020493	biolink:gene_associated_with_condition	1
0.99467623	HGNC:23805	MONDO:0014963	biolink:gene_associated_with_condition	1
0.4135861	HGNC:24007	MONDO:0032933	biolink:gene_associated_with_condition	1
0.99974185	HGNC:779	MONDO:0011025	biolink:causes	1
0.9350514	HGNC:24526	MONDO:0014286	biolink:causes	1
0.65032166	HGNC:800	MONDO:0859204	biolink:causes	1
0.96426946	HGNC:6842	MONDO:0007922	biolink:causes	1
0.9627367	HGNC:6859	MONDO:0008005	biolink:causes	1
0.91300523	HGNC:6871	MONDO:0033669	biolink:causes	1
0.9338618	HGNC:15455	MONDO:0010486	biolink:causes	1
0.678934	HGNC:15455	MONDO:0009804	biolink:gene_associated_with_condition	1
0.98527414	HGNC:15455	MONDO:0014343	biolink:causes	1
0.99985313	HGNC:40050	MONDO:0032872	biolink:causes	1
0.23108456	HGNC:6949	MONDO:0006065	biolink:causes	1
0.99579865	HGNC:13356	MONDO:0009653	biolink:causes	1
0.9878705	HGNC:28870	MONDO:0031043	biolink:causes	1
0.94855	HGNC:6970	MONDO:0030072	biolink:causes	1
0.9999597	HGNC:29634	MONDO:0013731	biolink:causes	1
0.96223885	HGNC:7001	MONDO:0014822	biolink:gene_associated_with_condition	1
0.98205274	HGNC:16877	MONDO:0011002	biolink:causes	1
0.97794014	HGNC:16877	MONDO:0012231	biolink:gene_associated_with_condition	1
0.9298572	HGNC:16877	MONDO:0010877	biolink:gene_associated_with_condition	1
0.11735741	HGNC:16877	MONDO:0019549	biolink:gene_associated_with_condition	1
0.9983851	HGNC:16205	MONDO:0014039	biolink:causes	1
0.919946	HGNC:7103	MONDO:0020378	biolink:gene_associated_with_condition	1
0.9998952	HGNC:31582	MONDO:0014747	biolink:causes	1
0.78451407	HGNC:7127	MONDO:0008018	biolink:causes	1
0.8811872	HGNC:7127	MONDO:0012041	biolink:causes	1
0.9999964	HGNC:24525	MONDO:0010184	biolink:causes	1
0.4347783	HGNC:7154	MONDO:0014866	biolink:causes	1
0.18930563	HGNC:7154	MONDO:0044657	biolink:gene_associated_with_condition	1
0.95627505	HGNC:7160	MONDO:0010201	biolink:causes	1
0.90899	HGNC:14049	MONDO:0032712	biolink:causes	1
0.80942655	HGNC:14048	MONDO:0012510	biolink:causes	1
0.80582845	HGNC:7326	MONDO:0044300	biolink:gene_associated_with_condition	1
0.80582845	HGNC:7326	MONDO:0044300	biolink:causes	1
0.8932455	HGNC:7326	MONDO:0012041	biolink:causes	1
0.42896983	HGNC:7373	MONDO:0010514	biolink:causes	1
0.7467516	HGNC:27375	MONDO:0013386	biolink:causes	1
0.99981993	HGNC:29678	MONDO:0044714	biolink:causes	1
0.9995154	HGNC:7490	MONDO:0010790	biolink:gene_associated_with_condition	1
0.9140682	HGNC:7450	MONDO:0011066	biolink:gene_associated_with_condition	1
0.98564506	HGNC:26784	MONDO:0014020	biolink:gene_associated_with_condition	1
0.98564506	HGNC:26784	MONDO:0014020	biolink:causes	1
0.6928949	HGNC:7559	MONDO:0958279	biolink:causes	1
0.9766816	HGNC:7569	MONDO:0025708	biolink:causes	1
0.90946037	HGNC:7569	MONDO:0100354	biolink:gene_associated_with_condition	1
0.9281411	HGNC:7569	MONDO:0024559	biolink:gene_associated_with_condition	1
0.7063866	HGNC:7590	MONDO:0013418	biolink:causes	1
0.9518765	HGNC:13879	MONDO:0800026	biolink:gene_associated_with_condition	1
0.97651494	HGNC:7623	MONDO:0957477	biolink:gene_associated_with_condition	1
0.9971909	HGNC:7631	MONDO:0012222	biolink:gene_associated_with_condition	1
0.98781604	HGNC:7631	MONDO:0012221	biolink:gene_associated_with_condition	1
0.99998903	HGNC:19082	MONDO:0014556	biolink:gene_associated_with_condition	1
0.71205515	HGNC:28952	MONDO:0054805	biolink:causes	1
0.99298745	HGNC:7662	MONDO:0013507	biolink:causes	1
0.8551333	HGNC:7679	MONDO:0011085	biolink:gene_associated_with_condition	1
0.8551333	HGNC:7679	MONDO:0011085	biolink:causes	1
0.9202094	HGNC:7693	MONDO:0032630	biolink:causes	1
0.994968	HGNC:9706	MONDO:0009151	biolink:gene_associated_with_condition	1
0.9778295	HGNC:7739	MONDO:0011902	biolink:gene_associated_with_condition	1
1.0	HGNC:29433	MONDO:0010483	biolink:causes	1
0.97902334	HGNC:7818	MONDO:0030684	biolink:causes	1
0.93993324	HGNC:7820	MONDO:0010544	biolink:causes	1
0.2158696	HGNC:7821	MONDO:0017111	biolink:gene_associated_with_condition	1
0.80226225	HGNC:2488	MONDO:0008542	biolink:causes	1
0.18930224	HGNC:2488	MONDO:0013752	biolink:causes	1
0.19409321	HGNC:2488	MONDO:0019855	biolink:gene_associated_with_condition	1
0.7650704	HGNC:2488	MONDO:0020745	biolink:causes	1
0.9997639	HGNC:951	MONDO:0013228	biolink:causes	1
0.9959204	HGNC:951	MONDO:0014343	biolink:causes	1
0.89705336	HGNC:16400	MONDO:0007349	biolink:causes	1
0.9228096	HGNC:16400	MONDO:0008633	biolink:gene_associated_with_condition	1
0.99644667	HGNC:22938	MONDO:0012724	biolink:gene_associated_with_condition	1
0.89549583	HGNC:7863	MONDO:0013874	biolink:causes	1
0.9982716	HGNC:22448	MONDO:0012689	biolink:causes	1
0.46225327	HGNC:5331	MONDO:0009960	biolink:contributes_to	1
0.7181245	HGNC:14378	MONDO:0957294	biolink:causes	1
0.39409444	HGNC:7881	MONDO:0024523	biolink:causes	1
0.32730383	HGNC:14537	MONDO:0016308	biolink:gene_associated_with_condition	1
0.9991185	HGNC:7945	MONDO:0008818	biolink:causes	1
0.99414235	HGNC:7945	MONDO:0014343	biolink:causes	1
0.99929464	HGNC:7975	MONDO:0014320	biolink:causes	1
0.8745641	HGNC:7983	MONDO:0060489	biolink:causes	1
0.57514834	HGNC:7983	MONDO:0016281	biolink:gene_associated_with_condition	1
0.91405636	HGNC:7989	MONDO:0013186	biolink:causes	1
0.9915513	HGNC:13398	MONDO:0010441	biolink:gene_associated_with_condition	1
0.9915513	HGNC:13398	MONDO:0010441	biolink:causes	1
0.9989773	HGNC:7677	MONDO:0014984	biolink:causes	1
0.93534887	HGNC:8028	MONDO:0014630	biolink:gene_associated_with_condition	1
0.92383325	HGNC:8028	MONDO:0012041	biolink:causes	1
0.9779415	HGNC:29914	MONDO:0032692	biolink:causes	1
0.68756104	HGNC:29914	MONDO:0054850	biolink:causes	1
0.994795	HGNC:21042	MONDO:0030921	biolink:causes	1
0.7882305	HGNC:23448	MONDO:0005006	biolink:gene_associated_with_condition	1
0.91770303	HGNC:8091	MONDO:0009796	biolink:gene_associated_with_condition	1
0.85024387	HGNC:8091	MONDO:0008377	biolink:causes	1
0.98422027	HGNC:2567	MONDO:0010702	biolink:gene_associated_with_condition	1
0.9998392	HGNC:8487	MONDO:0009143	biolink:causes	1
0.8835116	HGNC:18124	MONDO:0012354	biolink:gene_associated_with_condition	1
0.8835116	HGNC:18124	MONDO:0012354	biolink:causes	1
0.9923184	HGNC:19317	MONDO:0007740	biolink:causes	1
0.9742473	HGNC:19317	MONDO:0008377	biolink:causes	1
0.98896563	HGNC:8582	MONDO:0017389	biolink:gene_associated_with_condition	1
0.78476864	HGNC:8591	MONDO:0100119	biolink:causes	1
0.99958664	HGNC:30563	MONDO:0032752	biolink:causes	1
0.99966323	HGNC:8617	MONDO:0007862	biolink:gene_associated_with_condition	1
0.99966323	HGNC:8617	MONDO:0007862	biolink:causes	1
0.9955532	HGNC:8617	MONDO:0014343	biolink:causes	1
0.8717617	HGNC:8623	MONDO:0011477	biolink:causes	1
0.996436	HGNC:8653	MONDO:0011628	biolink:gene_associated_with_condition	1
0.99011797	HGNC:8778	MONDO:0014343	biolink:causes	1
0.98523176	HGNC:8787	MONDO:0008377	biolink:causes	1
0.96840906	HGNC:8804	MONDO:0011150	biolink:gene_associated_with_condition	1
0.4075382	HGNC:8804	MONDO:0014004	biolink:causes	1
0.4294022	HGNC:6107	MONDO:0011667	biolink:causes	1
0.76421696	HGNC:26974	MONDO:0859281	biolink:causes	1
0.99998975	HGNC:40045	MONDO:0033654	biolink:causes	1
0.972391	HGNC:8858	MONDO:0013948	biolink:causes	1
0.9485944	HGNC:9713	MONDO:0018598	biolink:gene_associated_with_condition	1
0.9756776	HGNC:9713	MONDO:0019174	biolink:gene_associated_with_condition	1
0.51658165	HGNC:8881	MONDO:0013891	biolink:causes	1
0.96925116	HGNC:25712	MONDO:0018419	biolink:gene_associated_with_condition	1
0.9866274	HGNC:9143	MONDO:0800026	biolink:gene_associated_with_condition	1
0.9931978	HGNC:18858	MONDO:0012465	biolink:gene_associated_with_condition	1
0.99995995	HGNC:14937	MONDO:0029140	biolink:causes	1
0.92985356	HGNC:8979	MONDO:0014453	biolink:causes	1
0.9778857	HGNC:8999	MONDO:0030045	biolink:causes	1
0.9902002	HGNC:9006	MONDO:0012527	biolink:causes	1
0.770822	HGNC:9052	MONDO:0011136	biolink:gene_associated_with_condition	1
0.5417253	HGNC:9069	MONDO:0013390	biolink:gene_associated_with_condition	1
0.36460763	HGNC:9069	MONDO:0014661	biolink:causes	1
0.99875474	HGNC:29515	MONDO:0014766	biolink:causes	1
0.99742115	HGNC:9081	MONDO:0016002	biolink:causes	1
0.9962155	HGNC:9081	MONDO:0007363	biolink:causes	1
0.95476866	HGNC:22954	MONDO:0014977	biolink:causes	1
0.9999633	HGNC:18801	MONDO:0014606	biolink:causes	1
0.9019871	HGNC:9175	MONDO:0970994	biolink:causes	1
0.76559013	HGNC:9175	MONDO:0012953	biolink:contributes_to	1
0.72164047	HGNC:9175	MONDO:0014157	biolink:gene_associated_with_condition	1
0.9898561	HGNC:9179	MONDO:0013350	biolink:causes	1
0.9849909	HGNC:9181	MONDO:0010214	biolink:causes	1
0.9856975	HGNC:20422	MONDO:0014343	biolink:causes	1
0.9667787	HGNC:20422	MONDO:0013385	biolink:causes	1
0.90106654	HGNC:30348	MONDO:0019505	biolink:gene_associated_with_condition	1
0.99997854	HGNC:9202	MONDO:0009364	biolink:causes	1
0.9963988	HGNC:9202	MONDO:0018277	biolink:gene_associated_with_condition	1
0.7768435	HGNC:9210	MONDO:0008250	biolink:gene_associated_with_condition	1
0.9960074	HGNC:9210	MONDO:0014343	biolink:causes	1
0.8800845	HGNC:25686	MONDO:0032592	biolink:causes	1
0.96846056	HGNC:9282	MONDO:0014343	biolink:causes	1
0.7729015	HGNC:9302	MONDO:0014605	biolink:causes	1
0.7689026	HGNC:9305	MONDO:0011439	biolink:gene_associated_with_condition	1
0.7689026	HGNC:9305	MONDO:0011439	biolink:causes	1
0.70969784	HGNC:9330	MONDO:0019767	biolink:gene_associated_with_condition	1
0.85577834	HGNC:9330	MONDO:0019769	biolink:gene_associated_with_condition	1
0.48006094	HGNC:9449	MONDO:0010808	biolink:gene_associated_with_condition	1
0.59655	HGNC:9449	MONDO:0011299	biolink:gene_associated_with_condition	1
0.98043275	HGNC:9456	MONDO:0012868	biolink:causes	1
0.96764237	HGNC:9462	MONDO:0018464	biolink:gene_associated_with_condition	1
0.87620986	HGNC:9462	MONDO:0018495	biolink:gene_associated_with_condition	1
0.7456897	HGNC:9588	MONDO:0021427	biolink:gene_associated_with_condition	1
0.22384803	HGNC:9588	MONDO:0044638	biolink:gene_associated_with_condition	1
0.64241564	HGNC:9588	MONDO:0011789	biolink:contributes_to	1
0.6924664	HGNC:9588	MONDO:0012041	biolink:causes	1
0.98881334	HGNC:23734	MONDO:0014406	biolink:causes	1
0.42102042	HGNC:9701	MONDO:0017811	biolink:gene_associated_with_condition	1
0.998228	HGNC:15508	MONDO:0024553	biolink:causes	1
0.8946031	HGNC:816	MONDO:0010404	biolink:gene_associated_with_condition	1
0.9761371	HGNC:18305	MONDO:0010319	biolink:gene_associated_with_condition	1
0.9642485	HGNC:854	MONDO:0014646	biolink:causes	1
0.9477503	HGNC:3706	MONDO:0009469	biolink:gene_associated_with_condition	1
0.9862732	HGNC:882	MONDO:0014343	biolink:causes	1
0.5443369	HGNC:7106	MONDO:0017176	biolink:gene_associated_with_condition	1
0.8791677	HGNC:904	MONDO:0012075	biolink:causes	1
0.1755509	HGNC:959	MONDO:0013108	biolink:causes	1
0.9993575	HGNC:966	MONDO:0008854	biolink:causes	1
0.9916678	HGNC:18758	MONDO:0008377	biolink:causes	1
0.9973884	HGNC:26648	MONDO:0008377	biolink:causes	1
0.9666977	HGNC:977	MONDO:0100058	biolink:causes	1
0.40706515	HGNC:983	MONDO:0015270	biolink:gene_associated_with_condition	1
0.9890848	HGNC:12703	MONDO:0007931	biolink:gene_associated_with_condition	1
0.9991596	HGNC:1044	MONDO:0007524	biolink:causes	1
0.99766505	HGNC:1044	MONDO:0010515	biolink:causes	1
0.9937843	HGNC:1044	MONDO:0014343	biolink:causes	1
0.9200963	HGNC:1044	MONDO:0850095	biolink:gene_associated_with_condition	1
0.99999917	HGNC:26953	MONDO:0060631	biolink:gene_associated_with_condition	1
0.95648545	HGNC:1069	MONDO:0007216	biolink:causes	1
0.9962212	HGNC:24154	MONDO:0014343	biolink:causes	1
0.92462933	HGNC:1077	MONDO:0007216	biolink:gene_associated_with_condition	1
0.7808527	HGNC:1077	MONDO:0009231	biolink:gene_associated_with_condition	1
0.99781907	HGNC:21701	MONDO:0020841	biolink:causes	1
0.9987017	HGNC:24713	MONDO:0060707	biolink:gene_associated_with_condition	1
0.9999628	HGNC:14263	MONDO:0008710	biolink:causes	1
0.80903864	HGNC:9832	MONDO:0009306	biolink:causes	1
0.98827994	HGNC:9832	MONDO:0011086	biolink:causes	1
0.9875801	HGNC:9832	MONDO:0011338	biolink:gene_associated_with_condition	1
0.9875801	HGNC:9832	MONDO:0011338	biolink:causes	1
0.08179538	HGNC:16854	MONDO:0054847	biolink:causes	1
0.99336845	HGNC:9863	MONDO:0100102	biolink:causes	1
0.99306947	HGNC:18662	MONDO:0012604	biolink:causes	1
0.59855694	HGNC:21863	MONDO:0012794	biolink:gene_associated_with_condition	1
0.5041579	HGNC:9970	MONDO:0008678	biolink:gene_associated_with_condition	1
0.99869436	HGNC:9990	MONDO:0013414	biolink:causes	1
0.96793145	HGNC:9990	MONDO:0008377	biolink:causes	1
0.86026305	HGNC:17282	MONDO:0008377	biolink:causes	1
0.5668067	HGNC:10019	MONDO:0020849	biolink:causes	1
0.72402436	HGNC:10023	MONDO:0007922	biolink:causes	1
0.9025315	HGNC:10023	MONDO:0014343	biolink:causes	1
0.9544489	HGNC:10031	MONDO:0011338	biolink:gene_associated_with_condition	1
0.99540085	HGNC:10031	MONDO:0014343	biolink:causes	1
0.71426433	HGNC:12974	MONDO:0010495	biolink:causes	1
0.9986771	HGNC:13433	MONDO:0020790	biolink:causes	1
0.9947916	HGNC:10258	MONDO:0060745	biolink:causes	1
0.940105	HGNC:10298	MONDO:0014343	biolink:causes	1
0.0749307	HGNC:10303	MONDO:0018254	biolink:gene_associated_with_condition	1
0.78934383	HGNC:10327	MONDO:0013964	biolink:causes	1
0.5169086	HGNC:10397	MONDO:0012924	biolink:causes	1
0.99997675	HGNC:21054	MONDO:0014657	biolink:causes	1
0.9927261	HGNC:28583	MONDO:0014343	biolink:causes	1
0.7865611	HGNC:14665	MONDO:0016783	biolink:gene_associated_with_condition	1
0.58334416	HGNC:10484	MONDO:0017402	biolink:gene_associated_with_condition	1
0.9923119	HGNC:10524	MONDO:0014343	biolink:causes	1
0.99874663	HGNC:21637	MONDO:0012864	biolink:gene_associated_with_condition	1
0.9678219	HGNC:10542	MONDO:0014117	biolink:gene_associated_with_condition	1
0.86546415	HGNC:1665	MONDO:0009699	biolink:causes	1
0.8628208	HGNC:10589	MONDO:0014156	biolink:causes	1
0.99809355	HGNC:10597	MONDO:0007571	biolink:gene_associated_with_condition	1
0.99809355	HGNC:10597	MONDO:0007571	biolink:causes	1
0.9978422	HGNC:10597	MONDO:0008179	biolink:gene_associated_with_condition	1
0.99876344	HGNC:10597	MONDO:0009459	biolink:causes	1
0.012542038	HGNC:10597	MONDO:0017629	biolink:gene_associated_with_condition	1
0.9993148	HGNC:10603	MONDO:0700250	biolink:causes	1
0.9798513	HGNC:10682	MONDO:0011740	biolink:gene_associated_with_condition	1
0.5657138	HGNC:10702	MONDO:0014802	biolink:causes	1
0.9823842	HGNC:17052	MONDO:0032849	biolink:causes	1
0.9916511	HGNC:10727	MONDO:0007794	biolink:causes	1
0.9914806	HGNC:10802	MONDO:0024465	biolink:causes	1
0.9948086	HGNC:10818	MONDO:0014343	biolink:causes	1
0.76722276	HGNC:14294	MONDO:0971069	biolink:gene_associated_with_condition	1
0.58040535	HGNC:10848	MONDO:0008572	biolink:gene_associated_with_condition	1
0.9930635	HGNC:26535	MONDO:0018393	biolink:gene_associated_with_condition	1
0.9975575	HGNC:10896	MONDO:0008426	biolink:causes	1
0.5770453	HGNC:10939	MONDO:0009110	biolink:gene_associated_with_condition	1
0.9829638	HGNC:10941	MONDO:0012982	biolink:causes	1
0.99995816	HGNC:11006	MONDO:0009216	biolink:causes	1
0.997895	HGNC:11030	MONDO:0011422	biolink:causes	1
0.9955798	HGNC:11052	MONDO:0007777	biolink:causes	1
0.7879014	HGNC:11056	MONDO:0017354	biolink:gene_associated_with_condition	1
0.9999001	HGNC:11079	MONDO:0010278	biolink:causes	1
0.9993549	HGNC:23088	MONDO:0012892	biolink:causes	1
0.9713888	HGNC:13818	MONDO:0014718	biolink:causes	1
0.7743024	HGNC:10922	MONDO:0014490	biolink:causes	1
0.7761487	HGNC:10922	MONDO:0012396	biolink:causes	1
0.5494093	HGNC:10922	MONDO:0009501	biolink:causes	1
0.8537512	HGNC:10936	MONDO:0020345	biolink:gene_associated_with_condition	1
0.9991374	HGNC:10969	MONDO:0008919	biolink:causes	1
0.9958162	HGNC:20611	MONDO:0018264	biolink:causes	1
0.82788944	HGNC:8818	MONDO:0019855	biolink:gene_associated_with_condition	1
0.96136546	HGNC:8818	MONDO:0010933	biolink:causes	1
0.9998863	HGNC:23096	MONDO:0011273	biolink:gene_associated_with_condition	1
0.9998863	HGNC:23096	MONDO:0011273	biolink:causes	1
0.9971739	HGNC:25355	MONDO:0013208	biolink:gene_associated_with_condition	1
0.99968624	HGNC:11018	MONDO:0958331	biolink:causes	1
0.40337464	HGNC:11020	MONDO:0009928	biolink:causes	1
0.9828703	HGNC:17129	MONDO:0008713	biolink:gene_associated_with_condition	1
0.98212034	HGNC:20858	MONDO:0014864	biolink:causes	1
0.9998361	HGNC:17939	MONDO:0044322	biolink:causes	1
0.63634413	HGNC:30225	MONDO:0014013	biolink:gene_associated_with_condition	1
0.98166406	HGNC:6768	MONDO:0008426	biolink:causes	1
0.7298017	HGNC:6770	MONDO:0008278	biolink:causes	1
0.8415141	HGNC:6770	MONDO:0015278	biolink:gene_associated_with_condition	1
0.8415141	HGNC:6770	MONDO:0015278	biolink:causes	1
0.96749866	HGNC:6770	MONDO:0007688	biolink:causes	1
0.4159829	HGNC:6770	MONDO:0008276	biolink:gene_associated_with_condition	1
0.9768847	HGNC:6770	MONDO:0014343	biolink:causes	1
0.98782015	HGNC:11098	MONDO:0859139	biolink:gene_associated_with_condition	1
0.046279408	HGNC:44204	MONDO:0044282	biolink:causes	1
0.99459654	HGNC:20323	MONDO:0014343	biolink:causes	1
0.7492118	HGNC:30859	MONDO:0008377	biolink:causes	1
0.9853094	HGNC:1331	MONDO:0012295	biolink:causes	1
0.9905503	HGNC:1373	MONDO:0009818	biolink:gene_associated_with_condition	1
0.9905503	HGNC:1373	MONDO:0009818	biolink:causes	1
0.9761248	HGNC:1395	MONDO:0014875	biolink:causes	1
0.91506106	HGNC:1445	MONDO:0014550	biolink:causes	1
0.7196303	HGNC:1460	MONDO:0054861	biolink:causes	1
0.95994973	HGNC:19721	MONDO:0054680	biolink:causes	1
0.9995752	HGNC:19721	MONDO:0009629	biolink:causes	1
0.9894902	HGNC:1480	MONDO:0029133	biolink:gene_associated_with_condition	1
0.61038274	HGNC:16393	MONDO:0011672	biolink:gene_associated_with_condition	1
0.91857755	HGNC:16393	MONDO:0014645	biolink:causes	1
0.98957866	HGNC:1497	MONDO:0010417	biolink:gene_associated_with_condition	1
0.93914884	HGNC:1515	MONDO:0014574	biolink:causes	1
0.9953778	HGNC:18810	MONDO:0012621	biolink:gene_associated_with_condition	1
0.9665005	HGNC:1529	MONDO:0013686	biolink:causes	1
0.96330607	HGNC:1529	MONDO:0019947	biolink:gene_associated_with_condition	1
0.96330607	HGNC:1529	MONDO:0019947	biolink:causes	1
0.9456816	HGNC:1542	MONDO:0957388	biolink:causes	1
0.7127442	HGNC:19967	MONDO:0009360	biolink:causes	1
0.07772258	HGNC:19967	MONDO:0017117	biolink:gene_associated_with_condition	1
0.99624443	HGNC:29296	MONDO:0971002	biolink:causes	1
0.99081284	HGNC:11167	MONDO:0020745	biolink:causes	1
0.99229217	HGNC:14974	MONDO:0014040	biolink:causes	1
0.9957033	HGNC:14974	MONDO:0014343	biolink:causes	1
0.71010125	HGNC:19383	MONDO:0800130	biolink:causes	1
0.80708027	HGNC:11187	MONDO:0008542	biolink:causes	1
0.76441693	HGNC:11195	MONDO:0008799	biolink:gene_associated_with_condition	1
0.9451526	HGNC:11195	MONDO:0014343	biolink:causes	1
0.9028528	HGNC:14530	MONDO:0031084	biolink:causes	1
0.9432432	HGNC:11254	MONDO:0032942	biolink:causes	1
0.6503228	HGNC:11274	MONDO:0054780	biolink:causes	1
0.94346124	HGNC:11276	MONDO:0010848	biolink:causes	1
0.95939565	HGNC:11276	MONDO:0014159	biolink:gene_associated_with_condition	1
0.436061	HGNC:11283	MONDO:0014837	biolink:gene_associated_with_condition	1
0.5267586	HGNC:10780	MONDO:0957583	biolink:causes	1
0.99990344	HGNC:28423	MONDO:0009722	biolink:causes	1
0.5415304	HGNC:11362	MONDO:0013427	biolink:gene_associated_with_condition	1
0.7084625	HGNC:10879	MONDO:0012989	biolink:causes	1
0.784414	HGNC:11389	MONDO:0008280	biolink:causes	1
0.7028327	HGNC:11389	MONDO:0012041	biolink:causes	1
0.9916807	HGNC:17209	MONDO:0030332	biolink:causes	1
0.9521572	HGNC:11444	MONDO:0012812	biolink:gene_associated_with_condition	1
0.9311443	HGNC:11474	MONDO:0014733	biolink:gene_associated_with_condition	1
0.62930584	HGNC:17101	MONDO:0032916	biolink:gene_associated_with_condition	1
0.8060574	HGNC:28852	MONDO:0014844	biolink:causes	1
0.9224568	HGNC:18130	MONDO:0018393	biolink:gene_associated_with_condition	1
0.9649057	HGNC:11510	MONDO:0014468	biolink:causes	1
0.9508244	HGNC:11522	MONDO:0016682	biolink:gene_associated_with_condition	1
0.98896784	HGNC:24316	MONDO:0700250	biolink:causes	1
0.47708324	HGNC:11584	MONDO:0012521	biolink:gene_associated_with_condition	1
0.6899438	HGNC:11584	MONDO:0014641	biolink:causes	1
0.93570465	HGNC:11592	MONDO:0008542	biolink:gene_associated_with_condition	1
0.9927532	HGNC:11600	MONDO:0010554	biolink:causes	1
0.97681147	HGNC:11609	MONDO:0009274	biolink:causes	1
0.93659693	HGNC:24519	MONDO:0013896	biolink:causes	1
0.999204	HGNC:27365	MONDO:0013529	biolink:causes	1
0.9999937	HGNC:28313	MONDO:0032922	biolink:causes	1
0.8191066	HGNC:11741	MONDO:0014943	biolink:causes	1
0.6163227	HGNC:11764	MONDO:0011982	biolink:contributes_to	1
0.9856736	HGNC:11764	MONDO:0010135	biolink:causes	1
0.519317	HGNC:11766	MONDO:0032601	biolink:causes	1
0.110119045	HGNC:11766	MONDO:0009061	biolink:contributes_to	1
0.9940481	HGNC:11772	MONDO:0008426	biolink:causes	1
0.9848424	HGNC:11772	MONDO:0008818	biolink:causes	1
0.06556336	HGNC:17192	MONDO:0013723	biolink:contributes_to	1
0.16204876	HGNC:18021	MONDO:0100045	biolink:contributes_to	1
0.9999994	HGNC:26186	MONDO:0859226	biolink:causes	1
0.98414433	HGNC:28396	MONDO:0011202	biolink:gene_associated_with_condition	1
0.99417984	HGNC:28396	MONDO:0012539	biolink:causes	1
0.9905652	HGNC:28396	MONDO:0014343	biolink:causes	1
0.98693836	HGNC:28396	MONDO:0008377	biolink:causes	1
0.9997055	HGNC:28128	MONDO:0033045	biolink:causes	1
0.9999876	HGNC:20185	MONDO:0044321	biolink:gene_associated_with_condition	1
0.38337013	HGNC:11917	MONDO:0017844	biolink:gene_associated_with_condition	1
0.08086256	HGNC:11905	MONDO:0044638	biolink:gene_associated_with_condition	1
0.99042004	HGNC:11908	MONDO:0009394	biolink:gene_associated_with_condition	1
0.98970747	HGNC:11908	MONDO:0008275	biolink:gene_associated_with_condition	1
0.998667	HGNC:11908	MONDO:0012859	biolink:gene_associated_with_condition	1
0.998667	HGNC:11908	MONDO:0012859	biolink:causes	1
0.9966912	HGNC:11908	MONDO:0014343	biolink:causes	1
0.8609227	HGNC:11934	MONDO:0012039	biolink:contributes_to	1
0.99646276	HGNC:11948	MONDO:0957281	biolink:causes	1
0.999741	HGNC:11948	MONDO:0957284	biolink:causes	1
0.7662844	HGNC:11992	MONDO:0020628	biolink:causes	1
0.9142838	HGNC:11992	MONDO:0020845	biolink:causes	1
0.7196154	HGNC:11992	MONDO:0034991	biolink:gene_associated_with_condition	1
0.99968445	HGNC:3098	MONDO:0100218	biolink:causes	1
0.25114003	HGNC:12012	MONDO:0018780	biolink:gene_associated_with_condition	1
0.9471178	HGNC:12012	MONDO:0800341	biolink:causes	1
0.99867886	HGNC:24259	MONDO:0033009	biolink:causes	1
0.027985236	HGNC:12252	MONDO:0020512	biolink:gene_associated_with_condition	1
0.9790516	HGNC:12266	MONDO:0012803	biolink:gene_associated_with_condition	1
0.844303	HGNC:7523	MONDO:0009664	biolink:gene_associated_with_condition	1
0.9394009	HGNC:12310	MONDO:0014896	biolink:gene_associated_with_condition	1
0.9394009	HGNC:12310	MONDO:0014896	biolink:causes	1
0.9968593	HGNC:12305	MONDO:0008701	biolink:gene_associated_with_condition	1
0.9473472	HGNC:18084	MONDO:0014622	biolink:gene_associated_with_condition	1
0.99942964	HGNC:18084	MONDO:0100296	biolink:causes	1
0.91352445	HGNC:12363	MONDO:0007922	biolink:causes	1
0.97960967	HGNC:12373	MONDO:0012203	biolink:gene_associated_with_condition	1
0.5783865	HGNC:12373	MONDO:0019855	biolink:gene_associated_with_condition	1
0.9970239	HGNC:25660	MONDO:0014343	biolink:causes	1
0.9982663	HGNC:26262	MONDO:0014238	biolink:gene_associated_with_condition	1
0.7939628	HGNC:20778	MONDO:0014341	biolink:causes	1
0.81303334	HGNC:20773	MONDO:0021573	biolink:causes	1
0.72733015	HGNC:20773	MONDO:0044626	biolink:gene_associated_with_condition	1
0.97093886	HGNC:12441	MONDO:0031057	biolink:causes	1
0.65449643	HGNC:12442	MONDO:0018136	biolink:gene_associated_with_condition	1
0.987271	HGNC:12442	MONDO:0011749	biolink:causes	1
0.9771681	HGNC:12449	MONDO:0014343	biolink:causes	1
0.99975985	HGNC:29877	MONDO:0957588	biolink:causes	1
0.677342	HGNC:12499	MONDO:0859207	biolink:causes	1
0.113425486	HGNC:30791	MONDO:0007374	biolink:gene_associated_with_condition	1
0.9677425	HGNC:12511	MONDO:0044701	biolink:gene_associated_with_condition	1
0.9999964	HGNC:26941	MONDO:0060752	biolink:causes	1
0.9760174	HGNC:25640	MONDO:0031052	biolink:causes	1
0.9518399	HGNC:25640	MONDO:0060702	biolink:causes	1
0.89432	HGNC:12565	MONDO:0957240	biolink:causes	1
0.9425507	HGNC:12565	MONDO:0008377	biolink:causes	1
0.965211	HGNC:29594	MONDO:0014065	biolink:causes	1
0.6056069	HGNC:12630	MONDO:0958071	biolink:causes	1
0.53817743	HGNC:13486	MONDO:0010510	biolink:causes	1
0.9843762	HGNC:25507	MONDO:0014343	biolink:causes	1
0.63586843	HGNC:15512	MONDO:0020705	biolink:contributes_to	1
0.9884644	HGNC:12651	MONDO:0060621	biolink:causes	1
0.54151726	HGNC:14583	MONDO:0030486	biolink:causes	1
0.9767786	HGNC:2183	MONDO:0008377	biolink:causes	1
0.99943405	HGNC:23595	MONDO:0011811	biolink:gene_associated_with_condition	1
0.97003585	HGNC:24928	MONDO:0013962	biolink:gene_associated_with_condition	1
0.97003585	HGNC:24928	MONDO:0013962	biolink:causes	1
0.9861498	HGNC:17327	MONDO:0017283	biolink:gene_associated_with_condition	1
0.9985845	HGNC:17327	MONDO:0014741	biolink:causes	1
0.26605234	HGNC:30696	MONDO:0012357	biolink:causes	1
0.1944418	HGNC:30914	MONDO:0018417	biolink:gene_associated_with_condition	1
0.9893049	HGNC:25928	MONDO:0019374	biolink:gene_associated_with_condition	1
0.40586415	HGNC:12762	MONDO:0010963	biolink:causes	1
0.96075946	HGNC:12762	MONDO:0009101	biolink:causes	1
0.97094846	HGNC:12774	MONDO:0014086	biolink:causes	1
0.88121223	HGNC:12774	MONDO:0009804	biolink:gene_associated_with_condition	1
0.99773264	HGNC:12774	MONDO:0012892	biolink:causes	1
0.93873066	HGNC:12774	MONDO:0019409	biolink:gene_associated_with_condition	1
0.9947562	HGNC:13829	MONDO:0007881	biolink:causes	1
0.9995994	HGNC:13829	MONDO:0009773	biolink:gene_associated_with_condition	1
0.9978694	HGNC:12831	MONDO:0014686	biolink:causes	1
0.9985753	HGNC:15517	MONDO:0011604	biolink:causes	1
0.99867624	HGNC:15517	MONDO:0012892	biolink:causes	1
0.99295324	HGNC:15517	MONDO:0014343	biolink:causes	1
0.99428505	HGNC:30511	MONDO:0030878	biolink:gene_associated_with_condition	1
0.8923005	HGNC:12856	MONDO:0044738	biolink:causes	1
0.93519247	HGNC:16740	MONDO:0032715	biolink:causes	1
0.9662661	HGNC:21143	MONDO:0013553	biolink:causes	1
0.9997532	HGNC:24931	MONDO:0010758	biolink:gene_associated_with_condition	1
0.09770205	HGNC:30939	MONDO:0008340	biolink:gene_associated_with_condition	1
1.0	HGNC:12869	MONDO:0958322	biolink:causes	1
0.79895025	HGNC:12872	MONDO:0018114	biolink:gene_associated_with_condition	1
0.9794891	HGNC:12872	MONDO:0032892	biolink:causes	1
0.990506	HGNC:12872	MONDO:0014705	biolink:causes	1
0.99999845	HGNC:16493	MONDO:0032855	biolink:causes	1
0.34511352	HGNC:34519	MONDO:0975841	biolink:causes	1
0.9913441	HGNC:15662	MONDO:0030716	biolink:causes	1
0.9540563	HGNC:26993	MONDO:0030787	biolink:causes	1
0.5890423	HGNC:2500	MONDO:0016356	biolink:gene_associated_with_condition	1
0.9972645	HGNC:2500	MONDO:0008881	biolink:causes	1
0.2700089	HGNC:1591	MONDO:0030875	biolink:causes	1
0.9548089	HGNC:1606	MONDO:0004951	biolink:contributes_to	1
0.9965115	HGNC:1633	MONDO:0009413	biolink:causes	1
0.8820946	HGNC:1701	MONDO:0013286	biolink:causes	1
0.8599897	HGNC:16692	MONDO:0013341	biolink:causes	1
0.81903124	HGNC:16783	MONDO:0007768	biolink:gene_associated_with_condition	1
0.5443105	HGNC:16783	MONDO:0012004	biolink:causes	1
0.87188673	HGNC:1774	MONDO:0014596	biolink:causes	1
0.6588556	HGNC:1787	MONDO:0015278	biolink:gene_associated_with_condition	1
0.27898932	HGNC:1787	MONDO:0011713	biolink:contributes_to	1
0.9960074	HGNC:1850	MONDO:0007922	biolink:causes	1
0.9724965	HGNC:1857	MONDO:0009477	biolink:gene_associated_with_condition	1
0.9724965	HGNC:1857	MONDO:0009477	biolink:causes	1
0.9684479	HGNC:28209	MONDO:0014309	biolink:gene_associated_with_condition	1
0.51753896	HGNC:1869	MONDO:0007744	biolink:causes	1
0.99849117	HGNC:25631	MONDO:0054724	biolink:causes	1
0.9999938	HGNC:26708	MONDO:0025354	biolink:causes	1
0.9803714	HGNC:2771	MONDO:0013487	biolink:gene_associated_with_condition	1
0.9995596	HGNC:5394	MONDO:0012594	biolink:gene_associated_with_condition	1
0.9995596	HGNC:5394	MONDO:0012594	biolink:causes	1
0.6976039	HGNC:1956	MONDO:0012474	biolink:causes	1
0.98178196	HGNC:1965	MONDO:0014583	biolink:causes	1
0.9735884	HGNC:1965	MONDO:0014585	biolink:causes	1
0.8235509	HGNC:14214	MONDO:0030910	biolink:causes	1
0.9966043	HGNC:2021	MONDO:0859188	biolink:causes	1
0.9999957	HGNC:2021	MONDO:0859187	biolink:causes	1
0.99972695	HGNC:2027	MONDO:0011822	biolink:causes	1
0.9792099	HGNC:2027	MONDO:0009904	biolink:gene_associated_with_condition	1
0.89065325	HGNC:33939	MONDO:0030905	biolink:causes	1
0.96015793	HGNC:11968	MONDO:0033369	biolink:causes	1
0.9518907	HGNC:20492	MONDO:0018576	biolink:gene_associated_with_condition	1
0.93829733	HGNC:6546	MONDO:0054559	biolink:causes	1
0.8537154	HGNC:18621	MONDO:0014131	biolink:causes	1
0.9847835	HGNC:2202	MONDO:0012726	biolink:gene_associated_with_condition	1
0.55491936	HGNC:2202	MONDO:0018829	biolink:gene_associated_with_condition	1
0.889517	HGNC:2202	MONDO:0100533	biolink:contributes_to	1
0.9991736	HGNC:2204	MONDO:0007086	biolink:gene_associated_with_condition	1
0.7868288	HGNC:2211	MONDO:0958353	biolink:gene_associated_with_condition	1
0.9872875	HGNC:2214	MONDO:0011398	biolink:gene_associated_with_condition	1
0.9925702	HGNC:2214	MONDO:0019310	biolink:gene_associated_with_condition	1
0.99285066	HGNC:2214	MONDO:0019522	biolink:gene_associated_with_condition	1
0.99356055	HGNC:2218	MONDO:0014343	biolink:causes	1
0.9907419	HGNC:2187	MONDO:0007740	biolink:causes	1
0.9963697	HGNC:2187	MONDO:0013795	biolink:causes	1
0.9940322	HGNC:2187	MONDO:0014343	biolink:causes	1
0.9778592	HGNC:2194	MONDO:0030750	biolink:causes	1
0.9846853	HGNC:2194	MONDO:0019307	biolink:gene_associated_with_condition	1
0.88693833	HGNC:2194	MONDO:0007381	biolink:gene_associated_with_condition	1
0.9983662	HGNC:2227	MONDO:0008322	biolink:causes	1
0.9872727	HGNC:2227	MONDO:0014343	biolink:causes	1
0.99218374	HGNC:2227	MONDO:0007561	biolink:causes	1
0.72350985	HGNC:2232	MONDO:0859253	biolink:causes	1
0.9991972	HGNC:2244	MONDO:0014754	biolink:causes	1
0.986505	HGNC:2244	MONDO:0013840	biolink:gene_associated_with_condition	1
0.49518785	HGNC:2244	MONDO:0958129	biolink:gene_associated_with_condition	1
0.91701037	HGNC:2294	MONDO:0033650	biolink:causes	1
0.9999783	HGNC:2260	MONDO:0700250	biolink:causes	1
0.99934286	HGNC:2260	MONDO:0033635	biolink:causes	1
0.9790647	HGNC:17272	MONDO:0014343	biolink:causes	1
0.9999882	HGNC:2309	MONDO:0008684	biolink:gene_associated_with_condition	1
0.9812347	HGNC:2321	MONDO:0030048	biolink:gene_associated_with_condition	1
0.9923928	HGNC:2342	MONDO:0054764	biolink:causes	1
0.8676468	HGNC:2348	MONDO:0018256	biolink:gene_associated_with_condition	1
0.9708213	HGNC:2348	MONDO:0012519	biolink:gene_associated_with_condition	1
0.9982151	HGNC:2348	MONDO:0008393	biolink:gene_associated_with_condition	1
0.9982151	HGNC:2348	MONDO:0008393	biolink:causes	1
0.63604105	HGNC:2383	MONDO:0013449	biolink:causes	1
0.9445011	HGNC:2389	MONDO:0018611	biolink:gene_associated_with_condition	1
0.8610629	HGNC:2409	MONDO:0018611	biolink:gene_associated_with_condition	1
0.24554162	HGNC:2409	MONDO:0021548	biolink:gene_associated_with_condition	1
0.98857903	HGNC:2417	MONDO:0018611	biolink:gene_associated_with_condition	1
0.7911397	HGNC:2481	MONDO:0011937	biolink:causes	1
0.8252361	HGNC:2501	MONDO:0009058	biolink:gene_associated_with_condition	1
0.33058304	HGNC:2516	MONDO:0007404	biolink:gene_associated_with_condition	1
0.9214292	HGNC:2528	MONDO:0009490	biolink:causes	1
0.6549974	HGNC:6027	MONDO:0030374	biolink:causes	1
0.606287	HGNC:2570	MONDO:0019597	biolink:gene_associated_with_condition	1
0.99523515	HGNC:20581	MONDO:0014343	biolink:causes	1
0.94088936	HGNC:2666	MONDO:0018280	biolink:gene_associated_with_condition	1
0.8425171	HGNC:2678	MONDO:0014115	biolink:gene_associated_with_condition	1
0.8117688	HGNC:15594	MONDO:0030334	biolink:contributes_to	1
0.9999949	HGNC:13681	MONDO:0011070	biolink:causes	1
0.870043	HGNC:29812	MONDO:0014648	biolink:causes	1
0.41281706	HGNC:2711	MONDO:0007103	biolink:contributes_to	1
0.8042714	HGNC:2711	MONDO:0008201	biolink:gene_associated_with_condition	1
0.6365609	HGNC:17211	MONDO:0032604	biolink:causes	1
0.6498039	HGNC:17211	MONDO:0008377	biolink:causes	1
0.6082127	HGNC:2877	MONDO:0010350	biolink:causes	1
0.993526	HGNC:28648	MONDO:0009965	biolink:gene_associated_with_condition	1
0.993526	HGNC:28648	MONDO:0009965	biolink:causes	1
0.9993393	HGNC:2909	MONDO:0020692	biolink:causes	1
0.99999213	HGNC:2917	MONDO:0014772	biolink:causes	1
0.025427803	HGNC:2933	MONDO:0035648	biolink:gene_associated_with_condition	1
0.9995931	HGNC:2940	MONDO:0054615	biolink:causes	1
0.9982615	HGNC:2946	MONDO:0032845	biolink:causes	1
0.72358507	HGNC:14888	MONDO:0021018	biolink:causes	1
0.97561204	HGNC:30718	MONDO:0014909	biolink:causes	1
0.9946719	HGNC:26532	MONDO:0009461	biolink:gene_associated_with_condition	1
0.9938818	HGNC:19189	MONDO:0014343	biolink:causes	1
0.99809915	HGNC:19191	MONDO:0009478	biolink:gene_associated_with_condition	1
0.9952501	HGNC:3007	MONDO:0033556	biolink:causes	1
0.9864434	HGNC:3012	MONDO:0010130	biolink:causes	1
0.8305724	HGNC:3012	MONDO:0017405	biolink:gene_associated_with_condition	1
0.7960966	HGNC:3049	MONDO:0012434	biolink:causes	1
0.6428046	HGNC:1090	MONDO:0014180	biolink:gene_associated_with_condition	1
0.9590948	HGNC:1090	MONDO:0013839	biolink:gene_associated_with_condition	1
0.9940177	HGNC:29043	MONDO:0010046	biolink:causes	1
0.9473405	HGNC:37261	MONDO:0008377	biolink:causes	1
0.9767536	HGNC:3087	MONDO:0014343	biolink:causes	1
0.993342	HGNC:24595	MONDO:0014343	biolink:causes	1
0.51179206	HGNC:3097	MONDO:0016049	biolink:gene_associated_with_condition	1
0.99781716	HGNC:29419	MONDO:0013971	biolink:causes	1
0.6749986	HGNC:3178	MONDO:0800026	biolink:gene_associated_with_condition	1
0.4828446	HGNC:3178	MONDO:0013384	biolink:contributes_to	1
0.8088834	HGNC:3188	MONDO:0060510	biolink:causes	1
0.30912519	HGNC:3236	MONDO:0014481	biolink:causes	1
0.8863699	HGNC:3247	MONDO:0014275	biolink:causes	1
0.5309135	HGNC:24921	MONDO:0030036	biolink:causes	1
0.9704653	HGNC:3327	MONDO:0008542	biolink:causes	1
0.9323709	HGNC:18248	MONDO:0014996	biolink:causes	1
0.4750808	HGNC:16912	MONDO:0008879	biolink:causes	1
0.007229916	HGNC:3393	MONDO:0011361	biolink:contributes_to	1
0.98203397	HGNC:3416	MONDO:0007572	biolink:causes	1
0.99344134	HGNC:3434	MONDO:0011125	biolink:causes	1
0.67419285	HGNC:3438	MONDO:0008998	biolink:gene_associated_with_condition	1
0.9911539	HGNC:3438	MONDO:0019570	biolink:causes	1
0.93422395	HGNC:3438	MONDO:0010217	biolink:causes	1
0.9770517	HGNC:3438	MONDO:0019569	biolink:gene_associated_with_condition	1
0.99971646	HGNC:3439	MONDO:0019569	biolink:gene_associated_with_condition	1
0.9908853	HGNC:3444	MONDO:0014343	biolink:causes	1
0.90016353	HGNC:16947	MONDO:0014302	biolink:gene_associated_with_condition	1
0.28338212	HGNC:15743	MONDO:0020621	biolink:causes	1
0.5573762	HGNC:25966	MONDO:0033202	biolink:causes	1
0.83612627	HGNC:3481	MONDO:0018332	biolink:gene_associated_with_condition	1
0.895252	HGNC:3481	MONDO:0018333	biolink:gene_associated_with_condition	1
0.9937039	HGNC:3497	MONDO:0008673	biolink:gene_associated_with_condition	1
0.99993694	MONDO:0000902	HGNC:10914	biolink:causes	1
0.9867424	MONDO:0000914	HGNC:7883	biolink:gene_associated_with_condition	1
0.7882305	MONDO:0005006	HGNC:23448	biolink:gene_associated_with_condition	1
0.8453938	MONDO:0005006	HGNC:11730	biolink:gene_associated_with_condition	1
0.22357547	MONDO:0005006	HGNC:12851	biolink:gene_associated_with_condition	1
0.99540186	MONDO:0007042	HGNC:3689	biolink:gene_associated_with_condition	1
0.99540186	MONDO:0007042	HGNC:3689	biolink:causes	1
0.9991736	MONDO:0007086	HGNC:2204	biolink:gene_associated_with_condition	1
0.9994185	MONDO:0007158	HGNC:26270	biolink:gene_associated_with_condition	1
0.9994185	MONDO:0007158	HGNC:26270	biolink:causes	1
0.90601057	MONDO:0007222	HGNC:5136	biolink:causes	1
0.9880723	MONDO:0007294	HGNC:10483	biolink:gene_associated_with_condition	1
0.999212	MONDO:0007334	HGNC:6121	biolink:causes	1
0.22086383	MONDO:0007338	HGNC:12463	biolink:gene_associated_with_condition	1
0.113425486	MONDO:0007374	HGNC:30791	biolink:gene_associated_with_condition	1
0.8396004	MONDO:0007378	HGNC:15804	biolink:causes	1
0.07145646	MONDO:0007454	HGNC:6081	biolink:causes	1
0.99244225	MONDO:0007574	HGNC:14415	biolink:causes	1
0.9331547	MONDO:0007606	HGNC:171	biolink:causes	1
0.82286143	MONDO:0007610	HGNC:35	biolink:gene_associated_with_condition	1
0.99783474	MONDO:0007738	HGNC:8546	biolink:causes	1
0.9989417	MONDO:0007738	HGNC:9083	biolink:causes	1
0.9999125	MONDO:0007738	HGNC:15808	biolink:causes	1
0.33745104	MONDO:0007750	HGNC:601	biolink:contributes_to	1
0.5364247	MONDO:0007758	HGNC:6423	biolink:gene_associated_with_condition	1
0.9937069	MONDO:0007790	HGNC:3239	biolink:causes	1
0.9916511	MONDO:0007794	HGNC:10727	biolink:causes	1
0.9260649	MONDO:0007794	HGNC:6211	biolink:causes	1
0.9979249	MONDO:0007794	HGNC:15836	biolink:causes	1
0.98024327	MONDO:0007794	HGNC:26821	biolink:causes	1
0.86465013	MONDO:0007794	HGNC:11281	biolink:causes	1
0.9993262	MONDO:0007794	HGNC:11521	biolink:causes	1
0.9877973	MONDO:0007794	HGNC:20626	biolink:causes	1
0.9784913	MONDO:0007794	HGNC:15533	biolink:causes	1
0.8412412	MONDO:0007818	HGNC:11364	biolink:causes	1
0.4463992	MONDO:0007838	HGNC:3749	biolink:gene_associated_with_condition	1
0.4865169	MONDO:0007854	HGNC:2527	biolink:causes	1
0.99966323	MONDO:0007862	HGNC:8617	biolink:gene_associated_with_condition	1
0.99966323	MONDO:0007862	HGNC:8617	biolink:causes	1
0.8161293	MONDO:0007874	HGNC:9811	biolink:gene_associated_with_condition	1
0.9831319	MONDO:0007922	HGNC:3801	biolink:gene_associated_with_condition	1
0.987805	MONDO:0007922	HGNC:6742	biolink:causes	1
0.96426946	MONDO:0007922	HGNC:6842	biolink:causes	1
0.72402436	MONDO:0007922	HGNC:10023	biolink:causes	1
0.91352445	MONDO:0007922	HGNC:12363	biolink:causes	1
0.9960074	MONDO:0007922	HGNC:1850	biolink:causes	1
0.9868825	MONDO:0007922	HGNC:30497	biolink:causes	1
0.9892436	MONDO:0007922	HGNC:24097	biolink:causes	1
0.980163	MONDO:0007922	HGNC:8005	biolink:causes	1
0.9949839	MONDO:0007922	HGNC:28993	biolink:causes	1
0.99676645	MONDO:0007922	HGNC:9115	biolink:causes	1
0.98547345	MONDO:0007922	HGNC:9459	biolink:causes	1
0.99551445	MONDO:0007922	HGNC:10447	biolink:causes	1
0.99555486	MONDO:0007922	HGNC:20249	biolink:causes	1
0.9983798	MONDO:0007922	HGNC:219	biolink:causes	1
0.99030495	MONDO:0007922	HGNC:23109	biolink:causes	1
0.87945634	MONDO:0007922	HGNC:4274	biolink:causes	1
0.98272115	MONDO:0007922	HGNC:1097	biolink:causes	1
0.7716013	MONDO:0007922	HGNC:9829	biolink:causes	1
0.984698	MONDO:0007922	HGNC:9957	biolink:causes	1
0.9792661	MONDO:0007922	HGNC:7765	biolink:causes	1
0.82334924	MONDO:0007922	HGNC:9801	biolink:causes	1
0.9925914	MONDO:0007922	HGNC:10260	biolink:causes	1
0.9449804	MONDO:0007922	HGNC:1541	biolink:causes	1
0.977196	MONDO:0007922	HGNC:3446	biolink:causes	1
0.99540615	MONDO:0007930	HGNC:4439	biolink:causes	1
0.51949435	MONDO:0007958	HGNC:9967	biolink:causes	1
0.42042518	MONDO:0007958	HGNC:8031	biolink:causes	1
0.99999726	MONDO:0007974	HGNC:20444	biolink:causes	1
0.64409775	MONDO:0008002	HGNC:8029	biolink:causes	1
0.78451407	MONDO:0008018	HGNC:7127	biolink:causes	1
0.76784515	MONDO:0008078	HGNC:7765	biolink:causes	1
0.9902462	MONDO:0008086	HGNC:11277	biolink:causes	1
0.06725491	MONDO:0008114	HGNC:11050	biolink:contributes_to	1
0.7913177	MONDO:0008134	HGNC:2973	biolink:gene_associated_with_condition	1
0.9661786	MONDO:0008210	HGNC:9942	biolink:causes	1
0.9997738	MONDO:0008222	HGNC:6263	biolink:gene_associated_with_condition	1
0.59340197	MONDO:0008234	HGNC:9967	biolink:causes	1
0.97919124	MONDO:0008246	HGNC:2343	biolink:causes	1
0.7768435	MONDO:0008250	HGNC:9210	biolink:gene_associated_with_condition	1
0.92733854	MONDO:0008250	HGNC:4261	biolink:gene_associated_with_condition	1
0.15126643	MONDO:0008274	HGNC:4392	biolink:gene_associated_with_condition	1
0.7298017	MONDO:0008278	HGNC:6770	biolink:causes	1
0.978126	MONDO:0008302	HGNC:4510	biolink:causes	1
0.9452272	MONDO:0008306	HGNC:6174	biolink:gene_associated_with_condition	1
0.8545625	MONDO:0008310	HGNC:6636	biolink:gene_associated_with_condition	1
0.92334205	MONDO:0008310	HGNC:12877	biolink:gene_associated_with_condition	1
0.9983662	MONDO:0008322	HGNC:2227	biolink:causes	1
0.9975575	MONDO:0008426	HGNC:10896	biolink:causes	1
0.98166406	MONDO:0008426	HGNC:6768	biolink:causes	1
0.9940481	MONDO:0008426	HGNC:11772	biolink:causes	1
0.9986033	MONDO:0008426	HGNC:3603	biolink:gene_associated_with_condition	1
0.999726	MONDO:0008426	HGNC:6664	biolink:causes	1
0.9996189	MONDO:0008426	HGNC:2201	biolink:causes	1
0.7820213	MONDO:0008434	HGNC:29059	biolink:gene_associated_with_condition	1
0.99768627	MONDO:0008490	HGNC:13869	biolink:causes	1
0.9846943	MONDO:0008490	HGNC:2464	biolink:causes	1
0.9939441	MONDO:0008490	HGNC:2200	biolink:causes	1
0.9544555	MONDO:0008542	HGNC:6188	biolink:gene_associated_with_condition	1
0.80226225	MONDO:0008542	HGNC:2488	biolink:causes	1
0.80708027	MONDO:0008542	HGNC:11187	biolink:causes	1
0.93570465	MONDO:0008542	HGNC:11592	biolink:gene_associated_with_condition	1
0.9704653	MONDO:0008542	HGNC:3327	biolink:causes	1
0.754015	MONDO:0008542	HGNC:143	biolink:causes	1
0.9335407	MONDO:0008542	HGNC:3603	biolink:causes	1
0.8623325	MONDO:0008542	HGNC:3816	biolink:causes	1
0.5962461	MONDO:0008542	HGNC:15802	biolink:gene_associated_with_condition	1
0.5962461	MONDO:0008542	HGNC:15802	biolink:causes	1
0.51557654	MONDO:0008542	HGNC:29525	biolink:causes	1
0.85835826	MONDO:0008542	HGNC:4807	biolink:causes	1
0.93015164	MONDO:0008542	HGNC:3122	biolink:causes	1
0.7735414	MONDO:0008542	HGNC:9107	biolink:causes	1
0.7350823	MONDO:0008542	HGNC:1390	biolink:causes	1
0.77762544	MONDO:0008542	HGNC:17075	biolink:causes	1
0.7088042	MONDO:0008542	HGNC:11598	biolink:causes	1
0.50077844	MONDO:0008542	HGNC:3767	biolink:causes	1
0.4012084	MONDO:0008542	HGNC:6633	biolink:causes	1
0.18261506	MONDO:0008542	HGNC:25636	biolink:causes	1
0.7403725	MONDO:0008542	HGNC:32940	biolink:causes	1
0.57706887	MONDO:0008542	HGNC:9829	biolink:causes	1
0.89405215	MONDO:0008542	HGNC:16700	biolink:causes	1
0.94605017	MONDO:0008542	HGNC:20626	biolink:causes	1
0.38169423	MONDO:0008542	HGNC:1987	biolink:gene_associated_with_condition	1
0.8236302	MONDO:0008542	HGNC:76	biolink:causes	1
0.6287619	MONDO:0008542	HGNC:6407	biolink:causes	1
0.42349502	MONDO:0008542	HGNC:15819	biolink:causes	1
0.8977272	MONDO:0008542	HGNC:7765	biolink:causes	1
0.77352613	MONDO:0008542	HGNC:12362	biolink:causes	1
0.72789913	MONDO:0008542	HGNC:11701	biolink:causes	1
0.8303279	MONDO:0008542	HGNC:20908	biolink:causes	1
0.9877945	MONDO:0008546	HGNC:3690	biolink:gene_associated_with_condition	1
0.006668761	MONDO:0008558	HGNC:15626	biolink:gene_associated_with_condition	1
0.69104755	MONDO:0008570	HGNC:1397	biolink:contributes_to	1
0.5041579	MONDO:0008678	HGNC:9970	biolink:gene_associated_with_condition	1
0.5001665	MONDO:0008678	HGNC:23018	biolink:gene_associated_with_condition	1
0.9999535	MONDO:0008678	HGNC:12744	biolink:causes	1
0.48641348	MONDO:0008678	HGNC:961	biolink:gene_associated_with_condition	1
0.9999628	MONDO:0008710	HGNC:14263	biolink:causes	1
0.9990841	MONDO:0008722	HGNC:90	biolink:gene_associated_with_condition	1
0.35530624	MONDO:0008734	HGNC:11998	biolink:contributes_to	1
0.97000575	MONDO:0008762	HGNC:2206	biolink:gene_associated_with_condition	1
0.97000575	MONDO:0008762	HGNC:2206	biolink:causes	1
0.8715399	MONDO:0008774	HGNC:23537	biolink:gene_associated_with_condition	1
0.8715399	MONDO:0008774	HGNC:23537	biolink:causes	1
0.9328995	MONDO:0008798	HGNC:16175	biolink:causes	1
0.90280795	MONDO:0008814	HGNC:663	biolink:causes	1
0.9994025	MONDO:0008818	HGNC:3604	biolink:causes	1
0.9983852	MONDO:0008818	HGNC:9853	biolink:causes	1
0.9991185	MONDO:0008818	HGNC:7945	biolink:causes	1
0.9848424	MONDO:0008818	HGNC:11772	biolink:causes	1
0.9973617	MONDO:0008818	HGNC:1550	biolink:causes	1
0.99855787	MONDO:0008818	HGNC:11769	biolink:causes	1
0.99872905	MONDO:0008818	HGNC:7944	biolink:causes	1
0.9989243	MONDO:0008818	HGNC:14107	biolink:causes	1
0.9973794	MONDO:0008818	HGNC:19880	biolink:causes	1
0.665094	MONDO:0008834	HGNC:11599	biolink:causes	1
0.25421348	MONDO:0008846	HGNC:11740	biolink:gene_associated_with_condition	1
0.9993575	MONDO:0008854	HGNC:966	biolink:causes	1
0.94166946	MONDO:0008854	HGNC:13210	biolink:contributes_to	1
0.96907324	MONDO:0008858	HGNC:8140	biolink:gene_associated_with_condition	1
0.99370724	MONDO:0008862	HGNC:6937	biolink:causes	1
0.6255852	MONDO:0008922	HGNC:24552	biolink:gene_associated_with_condition	1
0.99580884	MONDO:0008954	HGNC:9719	biolink:causes	1
0.67419285	MONDO:0008998	HGNC:3438	biolink:gene_associated_with_condition	1
0.9679128	MONDO:0009002	HGNC:10526	biolink:causes	1
0.57632184	MONDO:0009006	HGNC:1248	biolink:causes	1
0.35519794	MONDO:0009050	HGNC:11998	biolink:gene_associated_with_condition	1
0.78740454	MONDO:0009050	HGNC:12631	biolink:gene_associated_with_condition	1
0.3213105	MONDO:0009050	HGNC:7978	biolink:gene_associated_with_condition	1
0.9830072	MONDO:0009050	HGNC:358	biolink:causes	1
0.9914846	MONDO:0009054	HGNC:18481	biolink:gene_associated_with_condition	1
0.8252361	MONDO:0009058	HGNC:2501	biolink:gene_associated_with_condition	1
0.99903095	MONDO:0009070	HGNC:24247	biolink:gene_associated_with_condition	1
0.99903095	MONDO:0009070	HGNC:24247	biolink:causes	1
0.5770453	MONDO:0009110	HGNC:10939	biolink:gene_associated_with_condition	1
0.95375466	MONDO:0009138	HGNC:11647	biolink:gene_associated_with_condition	1
0.9580363	MONDO:0009182	HGNC:6490	biolink:causes	1
0.9862519	MONDO:0009194	HGNC:5358	biolink:causes	1
0.9908462	MONDO:0009210	HGNC:3542	biolink:gene_associated_with_condition	1
0.96028477	MONDO:0009218	HGNC:735	biolink:gene_associated_with_condition	1
0.9524354	MONDO:0009222	HGNC:35126	biolink:gene_associated_with_condition	1
0.9999709	MONDO:0009254	HGNC:4006	biolink:causes	1
0.9997826	MONDO:0009258	HGNC:4135	biolink:gene_associated_with_condition	1
0.9997826	MONDO:0009258	HGNC:4135	biolink:causes	1
0.98976934	MONDO:0009262	HGNC:4298	biolink:gene_associated_with_condition	1
0.98976934	MONDO:0009262	HGNC:4298	biolink:causes	1
0.9973911	MONDO:0009266	HGNC:4177	biolink:gene_associated_with_condition	1
0.97681147	MONDO:0009274	HGNC:11609	biolink:causes	1
0.80903864	MONDO:0009306	HGNC:9832	biolink:causes	1
0.9291699	MONDO:0009306	HGNC:9831	biolink:causes	1
0.9940936	MONDO:0009354	HGNC:7473	biolink:gene_associated_with_condition	1
0.8907933	MONDO:0009366	HGNC:26684	biolink:causes	1
0.99042004	MONDO:0009394	HGNC:11908	biolink:gene_associated_with_condition	1
0.99985814	MONDO:0009394	HGNC:11909	biolink:causes	1
0.99925524	MONDO:0009406	HGNC:60	biolink:causes	1
0.9538755	MONDO:0009414	HGNC:4707	biolink:gene_associated_with_condition	1
0.9538755	MONDO:0009414	HGNC:4707	biolink:causes	1
0.998978	MONDO:0009426	HGNC:11582	biolink:gene_associated_with_condition	1
0.9997867	MONDO:0009458	HGNC:11102	biolink:causes	1
0.99809915	MONDO:0009478	HGNC:19191	biolink:gene_associated_with_condition	1
0.9214292	MONDO:0009490	HGNC:2528	biolink:causes	1
0.5735624	MONDO:0009558	HGNC:20194	biolink:causes	1
0.9838267	MONDO:0009562	HGNC:6831	biolink:gene_associated_with_condition	1
0.9990086	MONDO:0009598	HGNC:10664	biolink:gene_associated_with_condition	1
0.9243964	MONDO:0009606	HGNC:2873	biolink:causes	1
0.9985374	MONDO:0009642	HGNC:7744	biolink:gene_associated_with_condition	1
0.91971356	MONDO:0009646	HGNC:1349	biolink:causes	1
0.99999225	MONDO:0009650	HGNC:29670	biolink:gene_associated_with_condition	1
0.99999225	MONDO:0009650	HGNC:29670	biolink:causes	1
0.9999025	MONDO:0009658	HGNC:4422	biolink:causes	1
0.99961805	MONDO:0009706	HGNC:29882	biolink:causes	1
0.97660214	MONDO:0009714	HGNC:2212	biolink:gene_associated_with_condition	1
0.99990344	MONDO:0009722	HGNC:28423	biolink:causes	1
0.9808889	MONDO:0009806	HGNC:18169	biolink:causes	1
0.9905503	MONDO:0009818	HGNC:1373	biolink:gene_associated_with_condition	1
0.9905503	MONDO:0009818	HGNC:1373	biolink:causes	1
0.5939599	MONDO:0009874	HGNC:6091	biolink:causes	1
0.9988953	MONDO:0009890	HGNC:15672	biolink:causes	1
0.37312678	MONDO:0009902	HGNC:4170	biolink:gene_associated_with_condition	1
0.999666	MONDO:0009910	HGNC:30074	biolink:gene_associated_with_condition	1
0.99998975	MONDO:0009934	HGNC:3809	biolink:gene_associated_with_condition	1
0.9503706	MONDO:0009950	HGNC:9020	biolink:gene_associated_with_condition	1
0.9983877	MONDO:0009958	HGNC:8940	biolink:causes	1
0.9914442	MONDO:0009990	HGNC:11824	biolink:gene_associated_with_condition	1
0.7009544	MONDO:0009994	HGNC:7765	biolink:gene_associated_with_condition	1
0.86182576	MONDO:0009998	HGNC:18683	biolink:causes	1
0.9940177	MONDO:0010046	HGNC:29043	biolink:causes	1
0.40365654	MONDO:0010086	HGNC:10593	biolink:contributes_to	1
0.9974738	MONDO:0010122	HGNC:1366	biolink:gene_associated_with_condition	1
0.9974738	MONDO:0010122	HGNC:1366	biolink:causes	1
0.9864434	MONDO:0010130	HGNC:3012	biolink:causes	1
0.9849091	MONDO:0010162	HGNC:5147	biolink:gene_associated_with_condition	1
0.9849091	MONDO:0010162	HGNC:5147	biolink:causes	1
0.9849909	MONDO:0010214	HGNC:9181	biolink:causes	1
0.9987759	MONDO:0010246	HGNC:14270	biolink:gene_associated_with_condition	1
0.9994848	MONDO:0010250	HGNC:2022	biolink:gene_associated_with_condition	1
0.9994848	MONDO:0010250	HGNC:2022	biolink:causes	1
0.9461412	MONDO:0010258	HGNC:3267	biolink:causes	1
0.9999001	MONDO:0010278	HGNC:11079	biolink:causes	1
0.97835356	MONDO:0010286	HGNC:20672	biolink:causes	1
0.79878813	MONDO:0010294	HGNC:12731	biolink:gene_associated_with_condition	1
0.9999609	MONDO:0010310	HGNC:26837	biolink:causes	1
0.6082127	MONDO:0010350	HGNC:2877	biolink:causes	1
0.9985617	MONDO:0010362	HGNC:8925	biolink:gene_associated_with_condition	1
0.89183414	MONDO:0010446	HGNC:9936	biolink:gene_associated_with_condition	1
0.9338618	MONDO:0010486	HGNC:15455	biolink:causes	1
0.9779287	MONDO:0010490	HGNC:11326	biolink:gene_associated_with_condition	1
0.99994886	MONDO:0010506	HGNC:13429	biolink:causes	1
0.53817743	MONDO:0010510	HGNC:13486	biolink:causes	1
0.42896983	MONDO:0010514	HGNC:7373	biolink:causes	1
0.9687073	MONDO:0010518	HGNC:12731	biolink:gene_associated_with_condition	1
0.9983375	MONDO:0010526	HGNC:4296	biolink:causes	1
0.9927532	MONDO:0010554	HGNC:11600	biolink:causes	1
0.5596113	MONDO:0010606	HGNC:9091	biolink:causes	1
0.59528685	MONDO:0010610	HGNC:30677	biolink:gene_associated_with_condition	1
0.9994885	MONDO:0010626	HGNC:11935	biolink:gene_associated_with_condition	1
0.98422027	MONDO:0010702	HGNC:2567	biolink:gene_associated_with_condition	1
0.9997532	MONDO:0010758	HGNC:24931	biolink:gene_associated_with_condition	1
0.9995154	MONDO:0010790	HGNC:7490	biolink:gene_associated_with_condition	1
0.9462764	MONDO:0010790	HGNC:7461	biolink:gene_associated_with_condition	1
0.9999548	MONDO:0010790	HGNC:7488	biolink:causes	1
0.9813984	MONDO:0010794	HGNC:7414	biolink:causes	1
0.4929325	MONDO:0010806	HGNC:17340	biolink:causes	1
0.99990284	MONDO:0010814	HGNC:18270	biolink:causes	1
0.93226403	MONDO:0010850	HGNC:29022	biolink:causes	1
0.5966812	MONDO:0010854	HGNC:6407	biolink:causes	1
0.7750204	MONDO:0010870	HGNC:12403	biolink:gene_associated_with_condition	1
0.7750204	MONDO:0010870	HGNC:12403	biolink:causes	1
0.5663821	MONDO:0010962	HGNC:6412	biolink:causes	1
0.98205274	MONDO:0011002	HGNC:16877	biolink:causes	1
0.99981374	MONDO:0011010	HGNC:30650	biolink:gene_associated_with_condition	1
0.99981374	MONDO:0011010	HGNC:30650	biolink:causes	1
0.9140682	MONDO:0011066	HGNC:7450	biolink:gene_associated_with_condition	1
0.9999949	MONDO:0011070	HGNC:13681	biolink:causes	1
0.98827994	MONDO:0011086	HGNC:9832	biolink:causes	1
0.9850831	MONDO:0011094	HGNC:15710	biolink:causes	1
0.74158156	MONDO:0011102	HGNC:11720	biolink:causes	1
0.96965975	MONDO:0011106	HGNC:757	biolink:gene_associated_with_condition	1
0.96840906	MONDO:0011150	HGNC:8804	biolink:gene_associated_with_condition	1
0.9927833	MONDO:0011158	HGNC:11936	biolink:causes	1
0.94762427	MONDO:0011178	HGNC:10596	biolink:gene_associated_with_condition	1
0.9996339	MONDO:0011190	HGNC:17870	biolink:causes	1
0.98414433	MONDO:0011202	HGNC:28396	biolink:gene_associated_with_condition	1
0.6594206	MONDO:0011226	HGNC:9220	biolink:causes	1
0.9999242	MONDO:0011242	HGNC:16512	biolink:causes	1
0.9981791	MONDO:0011246	HGNC:1938	biolink:gene_associated_with_condition	1
0.9981791	MONDO:0011246	HGNC:1938	biolink:causes	1
0.72670746	MONDO:0011334	HGNC:15979	biolink:gene_associated_with_condition	1
0.9875801	MONDO:0011338	HGNC:9832	biolink:gene_associated_with_condition	1
0.9875801	MONDO:0011338	HGNC:9832	biolink:causes	1
0.9544489	MONDO:0011338	HGNC:10031	biolink:gene_associated_with_condition	1
0.9872875	MONDO:0011398	HGNC:2214	biolink:gene_associated_with_condition	1
0.997895	MONDO:0011422	HGNC:11030	biolink:causes	1
0.9379051	MONDO:0011430	HGNC:2411	biolink:gene_associated_with_condition	1
0.9503196	MONDO:0011430	HGNC:2410	biolink:gene_associated_with_condition	1
0.9251207	MONDO:0011430	HGNC:4281	biolink:gene_associated_with_condition	1
0.27107415	MONDO:0011442	HGNC:8846	biolink:causes	1
1.0	MONDO:0011450	HGNC:1100	biolink:contributes_to	1
0.94726974	MONDO:0011474	HGNC:17993	biolink:causes	1
0.075349756	MONDO:0011490	HGNC:21666	biolink:gene_associated_with_condition	1
0.9852336	MONDO:0011506	HGNC:29203	biolink:gene_associated_with_condition	1
0.9852336	MONDO:0011506	HGNC:29203	biolink:causes	1
0.99628204	MONDO:0011510	HGNC:18318	biolink:causes	1
0.9966112	MONDO:0011518	HGNC:7132	biolink:gene_associated_with_condition	1
0.96049094	MONDO:0011546	HGNC:18292	biolink:causes	1
0.57498974	MONDO:0011570	HGNC:28845	biolink:causes	1
0.9981729	MONDO:0011614	HGNC:5008	biolink:causes	1
0.77459484	MONDO:0011630	HGNC:25808	biolink:causes	1
0.97678965	MONDO:0011694	HGNC:6180	biolink:gene_associated_with_condition	1
0.9455766	MONDO:0011698	HGNC:4415	biolink:gene_associated_with_condition	1
0.9796765	MONDO:0011738	HGNC:4512	biolink:causes	1
0.73370206	MONDO:0011774	HGNC:7601	biolink:causes	1
0.9915912	MONDO:0011778	HGNC:30497	biolink:gene_associated_with_condition	1
0.9931744	MONDO:0011790	HGNC:14409	biolink:causes	1
0.96385396	MONDO:0011794	HGNC:10588	biolink:gene_associated_with_condition	1
0.99972695	MONDO:0011822	HGNC:2027	biolink:causes	1
0.58256644	MONDO:0011830	HGNC:8574	biolink:gene_associated_with_condition	1
0.13682817	MONDO:0011834	HGNC:5456	biolink:gene_associated_with_condition	1
0.9778295	MONDO:0011902	HGNC:7739	biolink:gene_associated_with_condition	1
0.99431384	MONDO:0011974	HGNC:10254	biolink:causes	1
0.6163227	MONDO:0011982	HGNC:11764	biolink:contributes_to	1
0.7996438	MONDO:0011998	HGNC:14103	biolink:gene_associated_with_condition	1
0.90502805	MONDO:0012110	HGNC:5464	biolink:causes	1
0.37031934	MONDO:0012142	HGNC:7391	biolink:causes	1
0.202565	MONDO:0012162	HGNC:2509	biolink:causes	1
0.9962453	MONDO:0012166	HGNC:25358	biolink:causes	1
0.9181845	MONDO:0012190	HGNC:1630	biolink:gene_associated_with_condition	1
0.9971909	MONDO:0012222	HGNC:7631	biolink:gene_associated_with_condition	1
0.29996073	MONDO:0012294	HGNC:2621	biolink:causes	1
0.8835116	MONDO:0012354	HGNC:18124	biolink:gene_associated_with_condition	1
0.8835116	MONDO:0012354	HGNC:18124	biolink:causes	1
0.8493073	MONDO:0012382	HGNC:4799	biolink:gene_associated_with_condition	1
0.8493073	MONDO:0012382	HGNC:4799	biolink:causes	1
0.9996381	MONDO:0012398	HGNC:8790	biolink:causes	1
0.3616383	MONDO:0012410	HGNC:5031	biolink:causes	1
0.7960966	MONDO:0012434	HGNC:3049	biolink:causes	1
0.9571288	MONDO:0012442	HGNC:18141	biolink:causes	1
0.7676028	MONDO:0012446	HGNC:25843	biolink:gene_associated_with_condition	1
0.6976039	MONDO:0012474	HGNC:1956	biolink:causes	1
0.80942655	MONDO:0012510	HGNC:14048	biolink:causes	1
0.999961	MONDO:0012514	HGNC:24587	biolink:causes	1
0.8167327	MONDO:0012522	HGNC:6257	biolink:causes	1
0.83526164	MONDO:0012526	HGNC:3530	biolink:gene_associated_with_condition	1
0.996201	MONDO:0012554	HGNC:3433	biolink:causes	1
0.99439716	MONDO:0012562	HGNC:9585	biolink:causes	1
0.9995596	MONDO:0012594	HGNC:5394	biolink:gene_associated_with_condition	1
0.9995596	MONDO:0012594	HGNC:5394	biolink:causes	1
0.9692221	MONDO:0012626	HGNC:29021	biolink:causes	1
0.9999999	MONDO:0012634	HGNC:14361	biolink:gene_associated_with_condition	1
0.9999999	MONDO:0012634	HGNC:14361	biolink:causes	1
0.22347713	MONDO:0012650	HGNC:25737	biolink:gene_associated_with_condition	1
0.61500674	MONDO:0012682	HGNC:12440	biolink:gene_associated_with_condition	1
0.61500674	MONDO:0012682	HGNC:12440	biolink:causes	1
0.9210028	MONDO:0012714	HGNC:12403	biolink:gene_associated_with_condition	1
0.95225525	MONDO:0012718	HGNC:14508	biolink:causes	1
0.9847835	MONDO:0012726	HGNC:2202	biolink:gene_associated_with_condition	1
0.9720632	MONDO:0012734	HGNC:12783	biolink:gene_associated_with_condition	1
0.6986203	MONDO:0012738	HGNC:379	biolink:causes	1
0.3152083	MONDO:0012758	HGNC:7372	biolink:contributes_to	1
0.99690115	MONDO:0012774	HGNC:13672	biolink:causes	1
0.9157921	MONDO:0012786	HGNC:23094	biolink:causes	1
0.59855694	MONDO:0012794	HGNC:21863	biolink:gene_associated_with_condition	1
0.11515314	MONDO:0012834	HGNC:6120	biolink:contributes_to	1
0.9985946	MONDO:0012866	HGNC:21197	biolink:causes	1
0.98972285	MONDO:0012906	HGNC:18744	biolink:causes	1
0.99999917	MONDO:0012930	HGNC:24861	biolink:causes	1
0.7926886	MONDO:0012938	HGNC:10301	biolink:causes	1
0.6211896	MONDO:0012946	HGNC:1754	biolink:causes	1
0.9829638	MONDO:0012982	HGNC:10941	biolink:causes	1
0.9971969	MONDO:0012994	HGNC:11257	biolink:causes	1
0.045421615	MONDO:0013002	HGNC:216	biolink:causes	1
0.44553444	MONDO:0013034	HGNC:3052	biolink:causes	1
0.94660574	MONDO:0013038	HGNC:8975	biolink:gene_associated_with_condition	1
0.9969811	MONDO:0013050	HGNC:24678	biolink:gene_associated_with_condition	1
0.9979809	MONDO:0013058	HGNC:21686	biolink:gene_associated_with_condition	1
0.9979809	MONDO:0013058	HGNC:21686	biolink:causes	1
0.9223163	MONDO:0013070	HGNC:17116	biolink:causes	1
0.63467544	MONDO:0013110	HGNC:3791	biolink:gene_associated_with_condition	1
0.9541806	MONDO:0013122	HGNC:6715	biolink:causes	1
0.9995228	MONDO:0013154	HGNC:19743	biolink:causes	1
0.9779885	MONDO:0013162	HGNC:19743	biolink:gene_associated_with_condition	1
0.98476726	MONDO:0013166	HGNC:23	biolink:gene_associated_with_condition	1
0.999979	MONDO:0013170	HGNC:6717	biolink:causes	1
0.877513	MONDO:0013178	HGNC:6636	biolink:causes	1
0.23864152	MONDO:0013182	HGNC:8574	biolink:gene_associated_with_condition	1
0.91405636	MONDO:0013186	HGNC:7989	biolink:causes	1
0.99863166	MONDO:0013190	HGNC:3534	biolink:causes	1
0.9312392	MONDO:0013198	HGNC:7576	biolink:causes	1
0.94901776	MONDO:0013214	HGNC:10906	biolink:causes	1
0.9908591	MONDO:0013218	HGNC:21641	biolink:causes	1
0.9885322	MONDO:0013222	HGNC:27337	biolink:gene_associated_with_condition	1
0.8820946	MONDO:0013286	HGNC:1701	biolink:causes	1
0.9963052	MONDO:0013342	HGNC:22197	biolink:gene_associated_with_condition	1
0.9898561	MONDO:0013350	HGNC:9179	biolink:causes	1
0.818805	MONDO:0013354	HGNC:25532	biolink:gene_associated_with_condition	1
0.7467516	MONDO:0013386	HGNC:27375	biolink:causes	1
0.5417253	MONDO:0013390	HGNC:9069	biolink:gene_associated_with_condition	1
0.16989097	MONDO:0013398	HGNC:9508	biolink:causes	1
0.99869436	MONDO:0013414	HGNC:9990	biolink:causes	1
0.7063866	MONDO:0013418	HGNC:7590	biolink:causes	1
0.9715964	MONDO:0013426	HGNC:6769	biolink:gene_associated_with_condition	1
0.9715964	MONDO:0013426	HGNC:6769	biolink:causes	1
0.98801905	MONDO:0013458	HGNC:17697	biolink:gene_associated_with_condition	1
0.060784124	MONDO:0013462	HGNC:4017	biolink:causes	1
0.9757101	MONDO:0013482	HGNC:25774	biolink:causes	1
0.8741456	MONDO:0013526	HGNC:4431	biolink:causes	1
0.9888855	MONDO:0013546	HGNC:26050	biolink:gene_associated_with_condition	1
0.929481	MONDO:0013550	HGNC:3756	biolink:gene_associated_with_condition	1
0.929481	MONDO:0013550	HGNC:3756	biolink:causes	1
0.054446306	MONDO:0013554	HGNC:1343	biolink:contributes_to	1
0.8267341	MONDO:0013570	HGNC:21022	biolink:gene_associated_with_condition	1
0.76945907	MONDO:0013594	HGNC:15911	biolink:gene_associated_with_condition	1
0.99518	MONDO:0013610	HGNC:12605	biolink:causes	1
0.9669027	MONDO:0013634	HGNC:888	biolink:causes	1
0.93609893	MONDO:0013642	HGNC:17104	biolink:causes	1
0.38913697	MONDO:0013662	HGNC:18831	biolink:causes	1
1.0	MONDO:0013678	HGNC:31555	biolink:gene_associated_with_condition	1
1.0	MONDO:0013678	HGNC:31555	biolink:causes	1
0.9665005	MONDO:0013686	HGNC:1529	biolink:causes	1
0.73082477	MONDO:0013690	HGNC:8008	biolink:causes	1
0.9942344	MONDO:0013718	HGNC:18340	biolink:causes	1
0.94313526	MONDO:0013726	HGNC:2973	biolink:causes	1
0.7218179	MONDO:0013766	HGNC:9066	biolink:gene_associated_with_condition	1
0.9980965	MONDO:0013774	HGNC:23399	biolink:causes	1
0.66636187	MONDO:0013782	HGNC:2553	biolink:gene_associated_with_condition	1
0.5595918	MONDO:0013794	HGNC:6192	biolink:causes	1
0.91700923	MONDO:0013802	HGNC:118	biolink:gene_associated_with_condition	1
0.99421555	MONDO:0013842	HGNC:5208	biolink:causes	1
0.9771756	MONDO:0013862	HGNC:2336	biolink:causes	1
0.89549583	MONDO:0013874	HGNC:7863	biolink:causes	1
0.9995297	MONDO:0013890	HGNC:14153	biolink:gene_associated_with_condition	1
0.8682725	MONDO:0013926	HGNC:13831	biolink:causes	1
0.99990904	MONDO:0013938	HGNC:22965	biolink:causes	1
0.9173741	MONDO:0013946	HGNC:5201	biolink:contributes_to	1
0.97003585	MONDO:0013962	HGNC:24928	biolink:gene_associated_with_condition	1
0.97003585	MONDO:0013962	HGNC:24928	biolink:causes	1
0.6766658	MONDO:0013978	HGNC:23166	biolink:causes	1
0.99035174	MONDO:0013986	HGNC:21062	biolink:gene_associated_with_condition	1
0.99035174	MONDO:0013986	HGNC:21062	biolink:causes	1
0.9977749	MONDO:0013990	HGNC:8740	biolink:gene_associated_with_condition	1
0.9479911	MONDO:0014014	HGNC:30578	biolink:gene_associated_with_condition	1
0.9479911	MONDO:0014014	HGNC:30578	biolink:causes	1
0.9986987	MONDO:0014030	HGNC:26560	biolink:causes	1
0.9275107	MONDO:0014034	HGNC:30778	biolink:causes	1
0.8100125	MONDO:0014042	HGNC:21086	biolink:causes	1
0.99018806	MONDO:0014070	HGNC:23405	biolink:causes	1
0.94938046	MONDO:0014074	HGNC:20731	biolink:gene_associated_with_condition	1
0.9974274	MONDO:0014082	HGNC:6006	biolink:gene_associated_with_condition	1
0.97094846	MONDO:0014086	HGNC:12774	biolink:causes	1
0.76366866	MONDO:0014094	HGNC:24592	biolink:causes	1
0.9954066	MONDO:0014098	HGNC:24229	biolink:causes	1
0.8769864	MONDO:0014118	HGNC:14579	biolink:causes	1
0.6751844	MONDO:0014122	HGNC:7883	biolink:causes	1
0.965947	MONDO:0014138	HGNC:30372	biolink:causes	1
0.41800362	MONDO:0014146	HGNC:4379	biolink:causes	1
0.76902366	MONDO:0014162	HGNC:16650	biolink:causes	1
1.0	MONDO:0014198	HGNC:13601	biolink:gene_associated_with_condition	1
0.9994667	MONDO:0014202	HGNC:12371	biolink:causes	1
0.9673168	MONDO:0014206	HGNC:6898	biolink:causes	1
0.87994444	MONDO:0014210	HGNC:494	biolink:gene_associated_with_condition	1
0.9639221	MONDO:0014218	HGNC:3048	biolink:gene_associated_with_condition	1
0.9639221	MONDO:0014218	HGNC:3048	biolink:causes	1
0.5777136	MONDO:0014218	HGNC:3052	biolink:gene_associated_with_condition	1
0.8326492	MONDO:0014222	HGNC:8977	biolink:causes	1
0.8172875	MONDO:0014230	HGNC:1343	biolink:causes	1
0.9982663	MONDO:0014238	HGNC:26262	biolink:gene_associated_with_condition	1
0.99984646	MONDO:0014242	HGNC:23109	biolink:causes	1
0.9970042	MONDO:0014258	HGNC:753	biolink:causes	1
0.8490078	MONDO:0014274	HGNC:3999	biolink:gene_associated_with_condition	1
0.8490078	MONDO:0014274	HGNC:3999	biolink:causes	1
0.9934214	MONDO:0014282	HGNC:17975	biolink:gene_associated_with_condition	1
0.9350514	MONDO:0014286	HGNC:24526	biolink:causes	1
0.9948061	MONDO:0014290	HGNC:29932	biolink:gene_associated_with_condition	1
0.34013155	MONDO:0014294	HGNC:12417	biolink:gene_associated_with_condition	1
0.74735934	MONDO:0014294	HGNC:17043	biolink:gene_associated_with_condition	1
0.90016353	MONDO:0014302	HGNC:16947	biolink:gene_associated_with_condition	1
0.986339	MONDO:0014338	HGNC:6005	biolink:gene_associated_with_condition	1
0.986339	MONDO:0014338	HGNC:6005	biolink:causes	1
0.8504083	MONDO:0014346	HGNC:6415	biolink:causes	1
1.0	MONDO:0014358	HGNC:25230	biolink:causes	1
0.977294	MONDO:0014386	HGNC:9879	biolink:causes	1
0.7268349	MONDO:0014398	HGNC:30740	biolink:gene_associated_with_condition	1
0.7268349	MONDO:0014398	HGNC:30740	biolink:causes	1
0.98881334	MONDO:0014406	HGNC:23734	biolink:causes	1
0.99963677	MONDO:0014434	HGNC:970	biolink:causes	1
0.76340497	MONDO:0014450	HGNC:9670	biolink:causes	1
0.99684405	MONDO:0014466	HGNC:19129	biolink:gene_associated_with_condition	1
0.99684405	MONDO:0014466	HGNC:19129	biolink:causes	1
0.99746263	MONDO:0014474	HGNC:37276	biolink:causes	1
0.7743024	MONDO:0014490	HGNC:10922	biolink:causes	1
0.073095106	MONDO:0014494	HGNC:18971	biolink:contributes_to	1
0.6675617	MONDO:0014502	HGNC:4053	biolink:causes	1
0.9178932	MONDO:0014506	HGNC:9870	biolink:gene_associated_with_condition	1
0.99352854	MONDO:0014510	HGNC:26222	biolink:causes	1
0.72476333	MONDO:0014518	HGNC:23657	biolink:gene_associated_with_condition	1
0.7651752	MONDO:0014518	HGNC:9382	biolink:causes	1
0.99494225	MONDO:0014522	HGNC:12406	biolink:causes	1
0.9805401	MONDO:0014530	HGNC:4576	biolink:gene_associated_with_condition	1
0.91506106	MONDO:0014550	HGNC:1445	biolink:causes	1
0.8669749	MONDO:0014566	HGNC:6898	biolink:causes	1
0.95946103	MONDO:0014570	HGNC:237	biolink:causes	1
0.93914884	MONDO:0014574	HGNC:1515	biolink:causes	1
0.9823845	MONDO:0014586	HGNC:1966	biolink:causes	1
0.9026162	MONDO:0014602	HGNC:9312	biolink:gene_associated_with_condition	1
0.9999633	MONDO:0014606	HGNC:18801	biolink:causes	1
0.9473472	MONDO:0014622	HGNC:18084	biolink:gene_associated_with_condition	1
0.48644513	MONDO:0014622	HGNC:6423	biolink:gene_associated_with_condition	1
0.93534887	MONDO:0014630	HGNC:8028	biolink:gene_associated_with_condition	1
0.9642485	MONDO:0014646	HGNC:854	biolink:causes	1
0.9895096	MONDO:0014654	HGNC:2188	biolink:causes	1
0.98136556	MONDO:0014658	HGNC:3690	biolink:gene_associated_with_condition	1
0.9998511	MONDO:0014662	HGNC:13997	biolink:causes	1
0.9999294	MONDO:0014670	HGNC:13841	biolink:causes	1
0.23654787	MONDO:0014682	HGNC:4798	biolink:contributes_to	1
0.9978694	MONDO:0014686	HGNC:12831	biolink:causes	1
0.8289825	MONDO:0014710	HGNC:10260	biolink:gene_associated_with_condition	1
0.9713888	MONDO:0014718	HGNC:13818	biolink:causes	1
0.71169156	MONDO:0014738	HGNC:6343	biolink:causes	1
0.65808266	MONDO:0014742	HGNC:21645	biolink:causes	1
0.9991972	MONDO:0014754	HGNC:2244	biolink:causes	1
0.99875474	MONDO:0014766	HGNC:29515	biolink:causes	1
0.5657138	MONDO:0014802	HGNC:10702	biolink:causes	1
0.96223885	MONDO:0014822	HGNC:7001	biolink:gene_associated_with_condition	1
0.91281873	MONDO:0014830	HGNC:32689	biolink:causes	1
0.997159	MONDO:0014850	HGNC:17341	biolink:causes	1
0.4347783	MONDO:0014866	HGNC:7154	biolink:causes	1
0.5044967	MONDO:0014866	HGNC:5228	biolink:gene_associated_with_condition	1
0.84780884	MONDO:0014882	HGNC:21062	biolink:gene_associated_with_condition	1
0.9195583	MONDO:0014890	HGNC:15646	biolink:gene_associated_with_condition	1
0.98887956	MONDO:0014914	HGNC:13221	biolink:causes	1
0.9998921	MONDO:0014918	HGNC:3705	biolink:gene_associated_with_condition	1
0.97595006	MONDO:0014926	HGNC:21424	biolink:causes	1
0.9532497	MONDO:0014942	HGNC:4081	biolink:causes	1
0.825881	MONDO:0014946	HGNC:1919	biolink:gene_associated_with_condition	1
0.5699563	MONDO:0014970	HGNC:19218	biolink:causes	1
0.9976672	MONDO:0014994	HGNC:12933	biolink:causes	1
0.3770614	MONDO:0014998	HGNC:11724	biolink:causes	1
0.65668905	MONDO:0015010	HGNC:4313	biolink:gene_associated_with_condition	1
0.7267933	MONDO:0015054	HGNC:1228	biolink:gene_associated_with_condition	1
0.8646577	MONDO:0015166	HGNC:3765	biolink:gene_associated_with_condition	1
0.40706515	MONDO:0015270	HGNC:983	biolink:gene_associated_with_condition	1
0.8415141	MONDO:0015278	HGNC:6770	biolink:gene_associated_with_condition	1
0.8415141	MONDO:0015278	HGNC:6770	biolink:causes	1
0.6588556	MONDO:0015278	HGNC:1787	biolink:gene_associated_with_condition	1
0.6419936	MONDO:0015278	HGNC:11998	biolink:gene_associated_with_condition	1
0.68172956	MONDO:0015278	HGNC:6407	biolink:causes	1
0.5856704	MONDO:0015278	HGNC:1101	biolink:gene_associated_with_condition	1
0.96456635	MONDO:0015466	HGNC:5154	biolink:gene_associated_with_condition	1
0.50372213	MONDO:0015566	HGNC:7981	biolink:gene_associated_with_condition	1
0.21387498	MONDO:0015786	HGNC:7675	biolink:gene_associated_with_condition	1
0.99742115	MONDO:0016002	HGNC:9081	biolink:causes	1
0.63758653	MONDO:0016202	HGNC:2200	biolink:gene_associated_with_condition	1
0.40187496	MONDO:0016242	HGNC:4827	biolink:gene_associated_with_condition	1
0.84095126	MONDO:0016302	HGNC:18292	biolink:gene_associated_with_condition	1
0.5476831	MONDO:0016598	HGNC:1093	biolink:gene_associated_with_condition	1
0.045088287	MONDO:0016606	HGNC:438	biolink:gene_associated_with_condition	1
0.7837335	MONDO:0016682	HGNC:3690	biolink:gene_associated_with_condition	1
0.82543373	MONDO:0016682	HGNC:6742	biolink:gene_associated_with_condition	1
0.9508244	MONDO:0016682	HGNC:11522	biolink:gene_associated_with_condition	1
0.5508831	MONDO:0016682	HGNC:9236	biolink:gene_associated_with_condition	1
0.25446305	MONDO:0016710	HGNC:16466	biolink:gene_associated_with_condition	1
0.8811654	MONDO:0016782	HGNC:14575	biolink:gene_associated_with_condition	1
0.77890265	MONDO:0016814	HGNC:7456	biolink:gene_associated_with_condition	1
0.94389254	MONDO:0016838	HGNC:21316	biolink:gene_associated_with_condition	1
0.9998771	MONDO:0016862	HGNC:6188	biolink:causes	1
0.61421204	MONDO:0017218	HGNC:3814	biolink:gene_associated_with_condition	1
0.93193054	MONDO:0017218	HGNC:9585	biolink:gene_associated_with_condition	1
0.8469134	MONDO:0017218	HGNC:11776	biolink:gene_associated_with_condition	1
0.7726263	MONDO:0017238	HGNC:4832	biolink:gene_associated_with_condition	1
0.7879014	MONDO:0017354	HGNC:11056	biolink:gene_associated_with_condition	1
0.7848295	MONDO:0017382	HGNC:9004	biolink:gene_associated_with_condition	1
0.58334416	MONDO:0017402	HGNC:10484	biolink:gene_associated_with_condition	1
0.80433506	MONDO:0017402	HGNC:3036	biolink:gene_associated_with_condition	1
0.06272933	MONDO:0017598	HGNC:7910	biolink:gene_associated_with_condition	1
0.03537933	MONDO:0017906	HGNC:4462	biolink:gene_associated_with_condition	1
0.16156553	MONDO:0017946	HGNC:620	biolink:gene_associated_with_condition	1
0.71419156	MONDO:0018006	HGNC:12666	biolink:gene_associated_with_condition	1
0.79895025	MONDO:0018114	HGNC:12872	biolink:gene_associated_with_condition	1
0.8030314	MONDO:0018206	HGNC:7572	biolink:gene_associated_with_condition	1
0.0749307	MONDO:0018254	HGNC:10303	biolink:gene_associated_with_condition	1
0.9999745	MONDO:0018274	HGNC:10872	biolink:gene_associated_with_condition	1
0.081302784	MONDO:0018450	HGNC:25726	biolink:gene_associated_with_condition	1
0.8550726	MONDO:0018566	HGNC:319	biolink:gene_associated_with_condition	1
0.9485944	MONDO:0018598	HGNC:9713	biolink:gene_associated_with_condition	1
0.9771261	MONDO:0018598	HGNC:9719	biolink:gene_associated_with_condition	1
0.94572264	MONDO:0018598	HGNC:8853	biolink:gene_associated_with_condition	1
0.99038506	MONDO:0018598	HGNC:9717	biolink:gene_associated_with_condition	1
0.98656946	MONDO:0018598	HGNC:8851	biolink:gene_associated_with_condition	1
0.9832609	MONDO:0018598	HGNC:8854	biolink:gene_associated_with_condition	1
0.9889025	MONDO:0018598	HGNC:8857	biolink:gene_associated_with_condition	1
0.107445866	MONDO:0018742	HGNC:819	biolink:gene_associated_with_condition	1
0.091084935	MONDO:0018758	HGNC:11743	biolink:gene_associated_with_condition	1
0.9226198	MONDO:0018822	HGNC:28957	biolink:gene_associated_with_condition	1
0.054912142	MONDO:0019082	HGNC:4948	biolink:gene_associated_with_condition	1
0.12560774	MONDO:0019082	HGNC:4944	biolink:gene_associated_with_condition	1
0.24015862	MONDO:0019130	HGNC:19903	biolink:gene_associated_with_condition	1
0.9665304	MONDO:0019150	HGNC:11949	biolink:gene_associated_with_condition	1
0.9756776	MONDO:0019174	HGNC:9713	biolink:gene_associated_with_condition	1
0.9824635	MONDO:0019174	HGNC:9719	biolink:gene_associated_with_condition	1
0.9931577	MONDO:0019174	HGNC:8855	biolink:gene_associated_with_condition	1
0.997849	MONDO:0019174	HGNC:8857	biolink:gene_associated_with_condition	1
0.9925702	MONDO:0019310	HGNC:2214	biolink:gene_associated_with_condition	1
0.9893049	MONDO:0019374	HGNC:25928	biolink:gene_associated_with_condition	1
0.8012913	MONDO:0019458	HGNC:4170	biolink:gene_associated_with_condition	1
0.99285066	MONDO:0019522	HGNC:2214	biolink:gene_associated_with_condition	1
0.9911539	MONDO:0019570	HGNC:3438	biolink:causes	1
0.9863036	MONDO:0019666	HGNC:8604	biolink:gene_associated_with_condition	1
0.8451997	MONDO:0019758	HGNC:3686	biolink:gene_associated_with_condition	1
0.41208827	MONDO:0019758	HGNC:7865	biolink:gene_associated_with_condition	1
0.9820747	MONDO:0019758	HGNC:12873	biolink:gene_associated_with_condition	1
0.97772276	MONDO:0019758	HGNC:10889	biolink:gene_associated_with_condition	1
0.7118247	MONDO:0019758	HGNC:2908	biolink:gene_associated_with_condition	1
0.8747615	MONDO:0019854	HGNC:8622	biolink:gene_associated_with_condition	1
0.2475114	MONDO:0019930	HGNC:6585	biolink:gene_associated_with_condition	1
0.34029612	MONDO:0020298	HGNC:7675	biolink:gene_associated_with_condition	1
0.9236751	MONDO:0020298	HGNC:8101	biolink:gene_associated_with_condition	1
0.995659	MONDO:0020346	HGNC:2226	biolink:gene_associated_with_condition	1
0.8109322	MONDO:0020354	HGNC:8620	biolink:gene_associated_with_condition	1
0.919946	MONDO:0020378	HGNC:7103	biolink:gene_associated_with_condition	1
0.27035365	MONDO:0020382	HGNC:9942	biolink:gene_associated_with_condition	1
0.4387506	MONDO:0020434	HGNC:11598	biolink:gene_associated_with_condition	1
0.9713317	MONDO:0020482	HGNC:10591	biolink:gene_associated_with_condition	1
0.67929167	MONDO:0020494	HGNC:3681	biolink:gene_associated_with_condition	1
0.9026548	MONDO:0020506	HGNC:3257	biolink:gene_associated_with_condition	1
0.60640544	MONDO:0020530	HGNC:5439	biolink:gene_associated_with_condition	1
0.9999988	MONDO:0020602	HGNC:4452	biolink:causes	1
0.14108904	MONDO:0020614	HGNC:6722	biolink:causes	1
0.8563979	MONDO:0020730	HGNC:12405	biolink:causes	1
0.98457885	MONDO:0020762	HGNC:24959	biolink:causes	1
0.3470698	MONDO:0020786	HGNC:285	biolink:causes	1
0.9986771	MONDO:0020790	HGNC:13433	biolink:causes	1
0.72358507	MONDO:0021018	HGNC:14888	biolink:causes	1
0.9976488	MONDO:0024457	HGNC:9039	biolink:gene_associated_with_condition	1
0.9976488	MONDO:0024457	HGNC:9039	biolink:causes	1
0.9914806	MONDO:0024465	HGNC:10802	biolink:causes	1
0.99899656	MONDO:0024552	HGNC:4837	biolink:causes	1
0.99925345	MONDO:0024552	HGNC:20372	biolink:causes	1
0.6103376	MONDO:0024568	HGNC:6512	biolink:gene_associated_with_condition	1
0.9444466	MONDO:0024607	HGNC:33882	biolink:causes	1
0.60830325	MONDO:0025690	HGNC:24877	biolink:causes	1
0.9766816	MONDO:0025708	HGNC:7569	biolink:causes	1
0.99995995	MONDO:0029140	HGNC:14937	biolink:causes	1
0.52053577	MONDO:0029144	HGNC:10719	biolink:causes	1
0.9999858	MONDO:0029148	HGNC:21675	biolink:causes	1
0.9406047	MONDO:0030006	HGNC:21020	biolink:gene_associated_with_condition	1
0.9778857	MONDO:0030045	HGNC:8999	biolink:causes	1
0.91879225	MONDO:0030055	HGNC:11184	biolink:causes	1
0.94855	MONDO:0030072	HGNC:6970	biolink:causes	1
0.9149917	MONDO:0030323	HGNC:16935	biolink:causes	1
0.9938956	MONDO:0030438	HGNC:7102	biolink:causes	1
0.99000007	MONDO:0030456	HGNC:6189	biolink:causes	1
0.54151726	MONDO:0030486	HGNC:14583	biolink:causes	1
0.80566406	MONDO:0030518	HGNC:6898	biolink:causes	1
0.8903435	MONDO:0030535	HGNC:6442	biolink:causes	1
0.99381614	MONDO:0030681	HGNC:6021	biolink:causes	1
0.65739167	MONDO:0030692	HGNC:18873	biolink:causes	1
0.9913441	MONDO:0030716	HGNC:15662	biolink:causes	1
0.98273474	MONDO:0030731	HGNC:25835	biolink:causes	1
0.6517106	MONDO:0030746	HGNC:6483	biolink:causes	1
0.9778592	MONDO:0030750	HGNC:2194	biolink:causes	1
0.9945135	MONDO:0030837	HGNC:7643	biolink:causes	1
0.9378335	MONDO:0030849	HGNC:10663	biolink:causes	1
0.9972687	MONDO:0030920	HGNC:1461	biolink:causes	1
0.8890956	MONDO:0030928	HGNC:6637	biolink:causes	1
0.99802125	MONDO:0030969	HGNC:15840	biolink:causes	1
0.985276	MONDO:0030973	HGNC:29619	biolink:causes	1
0.9878705	MONDO:0031043	HGNC:28870	biolink:causes	1
0.9760174	MONDO:0031052	HGNC:25640	biolink:causes	1
0.9998976	MONDO:0032572	HGNC:20456	biolink:causes	1
0.99995065	MONDO:0032584	HGNC:1268	biolink:gene_associated_with_condition	1
0.9998554	MONDO:0032591	HGNC:14006	biolink:causes	1
0.519317	MONDO:0032601	HGNC:11766	biolink:causes	1
0.9202094	MONDO:0032630	HGNC:7693	biolink:causes	1
0.9999708	MONDO:0032653	HGNC:1181	biolink:gene_associated_with_condition	1
0.9908021	MONDO:0032665	HGNC:25980	biolink:causes	1
0.9981109	MONDO:0032686	HGNC:25326	biolink:causes	1
0.94454604	MONDO:0032721	HGNC:15456	biolink:causes	1
0.97080517	MONDO:0032726	HGNC:29682	biolink:causes	1
0.9972	MONDO:0032741	HGNC:12927	biolink:causes	1
0.98338413	MONDO:0032746	HGNC:28613	biolink:causes	1
0.9925216	MONDO:0032772	HGNC:2433	biolink:causes	1
0.98037523	MONDO:0032804	HGNC:2478	biolink:causes	1
0.9998666	MONDO:0032824	HGNC:15791	biolink:causes	1
0.9982615	MONDO:0032845	HGNC:2946	biolink:causes	1
0.3721743	MONDO:0032867	HGNC:18072	biolink:contributes_to	1
0.9566663	MONDO:0032871	HGNC:29118	biolink:causes	1
0.94143295	MONDO:0032887	HGNC:30739	biolink:causes	1
0.99506384	MONDO:0032891	HGNC:17754	biolink:causes	1
0.99718165	MONDO:0032895	HGNC:12527	biolink:causes	1
0.4991081	MONDO:0032899	HGNC:11301	biolink:gene_associated_with_condition	1
0.4991081	MONDO:0032899	HGNC:11301	biolink:causes	1
0.5516793	MONDO:0032907	HGNC:16709	biolink:causes	1
0.872696	MONDO:0032915	HGNC:1449	biolink:causes	1
0.97827566	MONDO:0032927	HGNC:24552	biolink:causes	1
0.7069514	MONDO:0032936	HGNC:4023	biolink:causes	1
0.99795306	MONDO:0033008	HGNC:16197	biolink:causes	1
0.9065398	MONDO:0033116	HGNC:12828	biolink:causes	1
0.5573762	MONDO:0033202	HGNC:25966	biolink:causes	1
0.44593465	MONDO:0033365	HGNC:12852	biolink:causes	1
0.96015793	MONDO:0033369	HGNC:11968	biolink:causes	1
0.9869457	MONDO:0033566	HGNC:26208	biolink:causes	1
0.9890781	MONDO:0033622	HGNC:28514	biolink:causes	1
0.91701037	MONDO:0033650	HGNC:2294	biolink:causes	1
0.99998975	MONDO:0033654	HGNC:40045	biolink:causes	1
0.011043142	MONDO:0033980	HGNC:28449	biolink:gene_associated_with_condition	1
0.009268675	MONDO:0033980	HGNC:9955	biolink:gene_associated_with_condition	1
0.031182013	MONDO:0035370	HGNC:437	biolink:gene_associated_with_condition	1
0.006519154	MONDO:0035555	HGNC:4173	biolink:gene_associated_with_condition	1
0.9989525	MONDO:0035651	HGNC:7133	biolink:gene_associated_with_condition	1
0.18990736	MONDO:0035706	HGNC:18420	biolink:gene_associated_with_condition	1
0.9863392	MONDO:0035819	HGNC:13488	biolink:gene_associated_with_condition	1
0.9863392	MONDO:0035819	HGNC:13488	biolink:causes	1
0.7478969	MONDO:0043364	HGNC:3423	biolink:causes	1
0.9740853	MONDO:0044204	HGNC:11301	biolink:causes	1
0.038156245	MONDO:0044220	HGNC:4204	biolink:causes	1
0.03756971	MONDO:0044224	HGNC:14639	biolink:causes	1
0.017696377	MONDO:0044276	HGNC:12450	biolink:causes	1
0.99762964	MONDO:0044306	HGNC:20967	biolink:gene_associated_with_condition	1
0.9998673	MONDO:0044319	HGNC:24281	biolink:causes	1
0.93242943	MONDO:0044323	HGNC:4718	biolink:causes	1
0.99932814	MONDO:0044646	HGNC:11581	biolink:causes	1
0.9853887	MONDO:0044651	HGNC:11582	biolink:gene_associated_with_condition	1
0.18930563	MONDO:0044657	HGNC:7154	biolink:gene_associated_with_condition	1
0.9677425	MONDO:0044701	HGNC:12511	biolink:gene_associated_with_condition	1
0.8923005	MONDO:0044738	HGNC:12856	biolink:causes	1
0.93829733	MONDO:0054559	HGNC:6546	biolink:causes	1
0.56266356	MONDO:0054573	HGNC:4851	biolink:causes	1
0.45784816	MONDO:0054696	HGNC:9956	biolink:causes	1
0.6503228	MONDO:0054780	HGNC:11274	biolink:causes	1
0.98664385	MONDO:0060556	HGNC:15808	biolink:gene_associated_with_condition	1
0.99999917	MONDO:0060631	HGNC:26953	biolink:gene_associated_with_condition	1
0.82284105	MONDO:0060663	HGNC:15802	biolink:causes	1
0.9518399	MONDO:0060702	HGNC:25640	biolink:causes	1
0.95637643	MONDO:0100092	HGNC:10596	biolink:causes	1
0.83587104	MONDO:0100180	HGNC:8618	biolink:contributes_to	1
0.99703836	MONDO:0100252	HGNC:4125	biolink:causes	1
0.99942964	MONDO:0100296	HGNC:18084	biolink:causes	1
0.90946037	MONDO:0100354	HGNC:7569	biolink:gene_associated_with_condition	1
0.7694707	MONDO:0100354	HGNC:145	biolink:gene_associated_with_condition	1
0.9993148	MONDO:0700250	HGNC:10603	biolink:causes	1
0.98896784	MONDO:0700250	HGNC:24316	biolink:causes	1
0.9999783	MONDO:0700250	HGNC:2260	biolink:causes	1
0.9993753	MONDO:0700250	HGNC:10604	biolink:causes	1
0.9518765	MONDO:0800026	HGNC:13879	biolink:gene_associated_with_condition	1
0.9866274	MONDO:0800026	HGNC:9143	biolink:gene_associated_with_condition	1
0.6749986	MONDO:0800026	HGNC:3178	biolink:gene_associated_with_condition	1
0.9999968	MONDO:0800030	HGNC:19750	biolink:causes	1
0.64616907	MONDO:0800046	HGNC:30972	biolink:causes	1
0.36448976	MONDO:0800447	HGNC:11608	biolink:contributes_to	1
0.16618738	MONDO:0850115	HGNC:8032	biolink:gene_associated_with_condition	1
0.6815813	MONDO:0858999	HGNC:1337	biolink:gene_associated_with_condition	1
0.98782015	MONDO:0859139	HGNC:11098	biolink:gene_associated_with_condition	1
0.79457897	MONDO:0859158	HGNC:9218	biolink:causes	1
0.9965114	MONDO:0859182	HGNC:14615	biolink:causes	1
0.9499201	MONDO:0859186	HGNC:23575	biolink:causes	1
0.677342	MONDO:0859207	HGNC:12499	biolink:causes	1
0.9999974	MONDO:0859236	HGNC:7994	biolink:causes	1
0.99623847	MONDO:0859252	HGNC:8717	biolink:causes	1
0.9998253	MONDO:0859276	HGNC:9369	biolink:causes	1
0.99999917	MONDO:0859295	HGNC:24270	biolink:causes	1
0.9956709	MONDO:0859304	HGNC:6556	biolink:causes	1
0.99999905	MONDO:0859312	HGNC:1162	biolink:causes	1
0.9765912	MONDO:0859338	HGNC:29350	biolink:causes	1
0.99999416	MONDO:0859379	HGNC:17754	biolink:causes	1
0.93130046	MONDO:0859517	HGNC:129	biolink:causes	1
0.39647725	MONDO:0859521	HGNC:1723	biolink:causes	1
0.9601898	MONDO:0957202	HGNC:26047	biolink:causes	1
0.9998317	MONDO:0957265	HGNC:10591	biolink:causes	1
0.9952414	MONDO:0957270	HGNC:5006	biolink:causes	1
0.14594378	MONDO:0957278	HGNC:7199	biolink:causes	1
0.22216044	MONDO:0957427	HGNC:8619	biolink:gene_associated_with_condition	1
0.106792115	MONDO:0957561	HGNC:10074	biolink:contributes_to	1
0.99779725	MONDO:0957787	HGNC:19304	biolink:causes	1
0.9999671	MONDO:0957819	HGNC:16305	biolink:causes	1
0.99713033	MONDO:0957955	HGNC:10937	biolink:causes	1
0.95665324	MONDO:0957993	HGNC:10451	biolink:causes	1
0.9895723	MONDO:0958001	HGNC:9859	biolink:causes	1
0.9930569	MONDO:0958011	HGNC:6116	biolink:causes	1
0.65635496	MONDO:0958085	HGNC:4886	biolink:gene_associated_with_condition	1
0.8108808	MONDO:0958085	HGNC:11762	biolink:gene_associated_with_condition	1
0.8690631	MONDO:0958085	HGNC:4887	biolink:gene_associated_with_condition	1
0.9958247	MONDO:0958226	HGNC:4982	biolink:causes	1
0.9857684	MONDO:0958242	HGNC:21099	biolink:causes	1
0.6928949	MONDO:0958279	HGNC:7559	biolink:causes	1
1.0	MONDO:0968976	HGNC:23339	biolink:causes	1
0.75197893	MONDO:0968990	HGNC:2907	biolink:gene_associated_with_condition	1
0.7961419	MONDO:0971012	HGNC:11566	biolink:causes	1
0.92482597	MONDO:0971016	HGNC:9986	biolink:causes	1
0.06733555	MONDO:0971064	HGNC:17811	biolink:gene_associated_with_condition	1
0.622843	MONDO:0975754	HGNC:132	biolink:gene_associated_with_condition	1
0.2562746	MONDO:0975835	HGNC:15939	biolink:causes	1
0.9702994	MONDO:0975843	HGNC:30705	biolink:causes	1
0.2161525	MONDO:0976226	HGNC:939	biolink:causes	1
0.34494594	MONDO:0976267	HGNC:29077	biolink:contributes_to	1
0.77859926	MONDO:8000011	HGNC:3754	biolink:gene_associated_with_condition	1
0.8554611	MONDO:8000015	HGNC:17210	biolink:gene_associated_with_condition	1
0.33491865	HGNC:18149	MONDO:0044222	biolink:causes	1
0.98476726	HGNC:23	MONDO:0013166	biolink:gene_associated_with_condition	1
0.95853734	HGNC:57	MONDO:0013768	biolink:causes	1
0.98952675	HGNC:57	MONDO:0008333	biolink:causes	1
0.8842573	HGNC:57	MONDO:0008377	biolink:causes	1
0.99925524	HGNC:60	MONDO:0009406	biolink:causes	1
0.7135386	HGNC:13886	MONDO:0020748	biolink:causes	1
0.9990841	HGNC:90	MONDO:0008722	biolink:gene_associated_with_condition	1
0.9995653	HGNC:16066	MONDO:0044718	biolink:gene_associated_with_condition	1
0.9995653	HGNC:16066	MONDO:0044718	biolink:causes	1
0.9518935	HGNC:27288	MONDO:0013661	biolink:gene_associated_with_condition	1
0.622843	HGNC:132	MONDO:0975754	biolink:gene_associated_with_condition	1
0.5629576	HGNC:132	MONDO:0011823	biolink:gene_associated_with_condition	1
0.94817346	HGNC:132	MONDO:0014343	biolink:causes	1
0.754015	HGNC:143	MONDO:0008542	biolink:causes	1
0.6171059	HGNC:143	MONDO:0013011	biolink:causes	1
0.9441408	HGNC:164	MONDO:0012808	biolink:causes	1
0.92992747	HGNC:164	MONDO:0032853	biolink:causes	1
0.9971607	HGNC:177	MONDO:0012368	biolink:gene_associated_with_condition	1
0.99999094	HGNC:186	MONDO:0007064	biolink:gene_associated_with_condition	1
0.9953507	HGNC:13201	MONDO:0014343	biolink:causes	1
0.99999464	HGNC:17111	MONDO:0859572	biolink:causes	1
0.5065973	HGNC:225	MONDO:0007483	biolink:gene_associated_with_condition	1
0.97206724	HGNC:236	MONDO:0800028	biolink:gene_associated_with_condition	1
0.97206724	HGNC:236	MONDO:0800028	biolink:causes	1
0.8993406	HGNC:13839	MONDO:0008377	biolink:causes	1
0.85939234	HGNC:4516	MONDO:0010511	biolink:causes	1
0.9999294	HGNC:13841	MONDO:0014670	biolink:causes	1
0.93449956	HGNC:17416	MONDO:0008377	biolink:causes	1
0.9999286	HGNC:15766	MONDO:0014379	biolink:causes	1
0.3470698	HGNC:285	MONDO:0020786	biolink:causes	1
0.9842003	HGNC:291	MONDO:0007068	biolink:gene_associated_with_condition	1
0.9644055	HGNC:26147	MONDO:0008377	biolink:causes	1
1.0	HGNC:25230	MONDO:0014358	biolink:causes	1
0.7493443	HGNC:392	MONDO:0009416	biolink:gene_associated_with_condition	1
0.9993343	HGNC:23159	MONDO:0014543	biolink:causes	1
0.9673758	HGNC:23157	MONDO:0011291	biolink:causes	1
0.031182013	HGNC:437	MONDO:0035370	biolink:gene_associated_with_condition	1
0.9923613	HGNC:3513	MONDO:0014343	biolink:causes	1
0.8549285	HGNC:3535	MONDO:0013361	biolink:gene_associated_with_condition	1
0.96864665	HGNC:3546	MONDO:0015787	biolink:gene_associated_with_condition	1
0.014048124	HGNC:3551	MONDO:0026768	biolink:contributes_to	1
0.73932946	HGNC:3531	MONDO:0008559	biolink:contributes_to	1
0.995413	HGNC:22140	MONDO:0009821	biolink:causes	1
0.9999863	HGNC:3587	MONDO:0009215	biolink:causes	1
0.99352854	HGNC:26222	MONDO:0014510	biolink:causes	1
0.96682394	HGNC:26222	MONDO:0036212	biolink:gene_associated_with_condition	1
0.96682394	HGNC:26222	MONDO:0036212	biolink:causes	1
0.99275595	HGNC:26222	MONDO:0014343	biolink:causes	1
0.99035174	HGNC:21062	MONDO:0013986	biolink:gene_associated_with_condition	1
0.99035174	HGNC:21062	MONDO:0013986	biolink:causes	1
0.84780884	HGNC:21062	MONDO:0014882	biolink:gene_associated_with_condition	1
0.9927833	HGNC:11936	MONDO:0011158	biolink:causes	1
0.9069023	HGNC:29160	MONDO:0030020	biolink:causes	1
0.9986033	HGNC:3603	MONDO:0008426	biolink:gene_associated_with_condition	1
0.9335407	HGNC:3603	MONDO:0008542	biolink:causes	1
0.99835604	HGNC:3603	MONDO:0007363	biolink:causes	1
0.98347306	HGNC:3603	MONDO:0011431	biolink:causes	1
1.0	HGNC:13601	MONDO:0014198	biolink:gene_associated_with_condition	1
0.99444026	HGNC:3663	MONDO:0014343	biolink:causes	1
0.46506488	HGNC:3670	MONDO:0859086	biolink:causes	1
0.9994838	HGNC:3702	MONDO:0010292	biolink:causes	1
0.99020046	HGNC:3702	MONDO:0010400	biolink:gene_associated_with_condition	1
0.9901804	HGNC:3702	MONDO:0010415	biolink:causes	1
0.99428385	HGNC:3702	MONDO:0010401	biolink:causes	1
0.9998921	HGNC:3705	MONDO:0014918	biolink:gene_associated_with_condition	1
0.77859926	HGNC:3754	MONDO:8000011	biolink:gene_associated_with_condition	1
0.7884906	HGNC:3754	MONDO:0010232	biolink:causes	1
0.90782374	HGNC:3754	MONDO:0010704	biolink:causes	1
0.95209175	HGNC:3754	MONDO:0024550	biolink:causes	1
0.22044341	HGNC:3754	MONDO:0044617	biolink:gene_associated_with_condition	1
0.8462887	HGNC:3754	MONDO:0010233	biolink:causes	1
0.61421204	HGNC:3814	MONDO:0017218	biolink:gene_associated_with_condition	1
0.8623325	HGNC:3816	MONDO:0008542	biolink:causes	1
0.96565783	HGNC:3816	MONDO:0032874	biolink:causes	1
0.9999856	HGNC:12765	MONDO:0011132	biolink:causes	1
0.5763164	HGNC:12765	MONDO:0009451	biolink:gene_associated_with_condition	1
0.9982578	HGNC:26927	MONDO:0032624	biolink:causes	1
0.9486404	HGNC:1362	MONDO:0019123	biolink:gene_associated_with_condition	1
0.9907753	HGNC:3960	MONDO:0011935	biolink:causes	1
0.9999858	HGNC:21675	MONDO:0029148	biolink:causes	1
0.99824417	HGNC:21675	MONDO:0017173	biolink:gene_associated_with_condition	1
0.98299843	HGNC:3951	MONDO:0100340	biolink:causes	1
0.99024326	HGNC:4040	MONDO:0008123	biolink:gene_associated_with_condition	1
0.26107338	HGNC:4043	MONDO:0007351	biolink:gene_associated_with_condition	1
0.99999917	HGNC:24861	MONDO:0012930	biolink:causes	1
0.55744755	HGNC:4118	MONDO:0009255	biolink:gene_associated_with_condition	1
0.9533207	HGNC:24846	MONDO:0032757	biolink:causes	1
0.5962461	HGNC:15802	MONDO:0008542	biolink:gene_associated_with_condition	1
0.5962461	HGNC:15802	MONDO:0008542	biolink:causes	1
0.82284105	HGNC:15802	MONDO:0060663	biolink:causes	1
0.999995	HGNC:4175	MONDO:0012996	biolink:gene_associated_with_condition	1
0.991054	HGNC:18986	MONDO:0013737	biolink:causes	1
0.9741158	HGNC:15805	MONDO:0018393	biolink:gene_associated_with_condition	1
0.038156245	HGNC:4204	MONDO:0044220	biolink:causes	1
0.7549825	HGNC:4204	MONDO:0021548	biolink:gene_associated_with_condition	1
0.8431328	HGNC:4236	MONDO:0013116	biolink:causes	1
0.97080517	HGNC:29682	MONDO:0032726	biolink:causes	1
0.8601587	HGNC:4263	MONDO:0009877	biolink:gene_associated_with_condition	1
0.9557188	HGNC:17494	MONDO:0035472	biolink:gene_associated_with_condition	1
0.99991894	HGNC:17494	MONDO:0012125	biolink:causes	1
0.99241567	HGNC:4319	MONDO:0014343	biolink:causes	1
0.51557654	HGNC:29525	MONDO:0008542	biolink:causes	1
0.98784757	HGNC:4341	MONDO:0012393	biolink:gene_associated_with_condition	1
0.41800362	HGNC:4379	MONDO:0014146	biolink:causes	1
0.49778152	HGNC:4379	MONDO:0007792	biolink:causes	1
0.31243238	HGNC:4379	MONDO:0019325	biolink:gene_associated_with_condition	1
0.76362485	HGNC:4379	MONDO:0975757	biolink:gene_associated_with_condition	1
0.54604584	HGNC:4390	MONDO:0008501	biolink:gene_associated_with_condition	1
0.98597556	HGNC:4393	MONDO:0008377	biolink:causes	1
0.94350916	HGNC:4393	MONDO:0012497	biolink:causes	1
0.99339443	HGNC:19980	MONDO:0014343	biolink:causes	1
0.99999225	HGNC:29670	MONDO:0009650	biolink:gene_associated_with_condition	1
0.99999225	HGNC:29670	MONDO:0009650	biolink:causes	1
0.99995387	HGNC:29670	MONDO:0018931	biolink:gene_associated_with_condition	1
0.99540615	HGNC:4439	MONDO:0007930	biolink:causes	1
0.95529556	HGNC:4439	MONDO:0008332	biolink:gene_associated_with_condition	1
0.59528685	HGNC:30677	MONDO:0010610	biolink:gene_associated_with_condition	1
0.9993773	HGNC:18062	MONDO:0014567	biolink:causes	1
0.981723	HGNC:2799	MONDO:0014460	biolink:causes	1
0.9805401	HGNC:4576	MONDO:0014530	biolink:gene_associated_with_condition	1
0.98849547	HGNC:4689	MONDO:0008764	biolink:causes	1
0.9818626	HGNC:4689	MONDO:0011143	biolink:causes	1
0.9997156	HGNC:4787	MONDO:0030729	biolink:causes	1
0.99772245	HGNC:4785	MONDO:0030730	biolink:causes	1
0.9974843	HGNC:4713	MONDO:0014343	biolink:causes	1
0.9992198	HGNC:9639	MONDO:0859264	biolink:causes	1
0.72030556	HGNC:4801	MONDO:0012173	biolink:gene_associated_with_condition	1
0.12946182	HGNC:4801	MONDO:0016573	biolink:gene_associated_with_condition	1
0.85835826	HGNC:4807	MONDO:0008542	biolink:causes	1
0.94331056	HGNC:4816	MONDO:0014711	biolink:causes	1
0.3293796	HGNC:18437	MONDO:0019475	biolink:causes	1
0.80902165	HGNC:4824	MONDO:0007716	biolink:gene_associated_with_condition	1
0.9610187	HGNC:4824	MONDO:0013512	biolink:causes	1
0.7726263	HGNC:4832	MONDO:0017238	biolink:gene_associated_with_condition	1
0.87944794	HGNC:4868	MONDO:0014224	biolink:causes	1
0.0127095375	HGNC:4868	MONDO:0044255	biolink:causes	1
0.65635496	HGNC:4886	MONDO:0958085	biolink:gene_associated_with_condition	1
0.999795	HGNC:26527	MONDO:0009657	biolink:causes	1
0.2526489	HGNC:4942	MONDO:0019635	biolink:gene_associated_with_condition	1
0.054912142	HGNC:4948	MONDO:0019082	biolink:gene_associated_with_condition	1
0.26704836	HGNC:4948	MONDO:0018092	biolink:gene_associated_with_condition	1
0.35240835	HGNC:4948	MONDO:0008399	biolink:contributes_to	1
0.25380617	HGNC:4948	MONDO:0021571	biolink:contributes_to	1
0.99978167	HGNC:5005	MONDO:0009520	biolink:gene_associated_with_condition	1
0.99978167	HGNC:5005	MONDO:0009520	biolink:causes	1
0.9981729	HGNC:5008	MONDO:0011614	biolink:causes	1
0.8682093	HGNC:5041	MONDO:0859301	biolink:gene_associated_with_condition	1
0.96456635	HGNC:5154	MONDO:0015466	biolink:gene_associated_with_condition	1
0.99421555	HGNC:5208	MONDO:0013842	biolink:causes	1
0.2586605	HGNC:5246	MONDO:0012080	biolink:causes	1
0.9349221	HGNC:30171	MONDO:0012096	biolink:causes	1
0.9964972	HGNC:29685	MONDO:0014455	biolink:causes	1
0.80632627	HGNC:5382	MONDO:0019456	biolink:gene_associated_with_condition	1
0.8509419	HGNC:5382	MONDO:0013941	biolink:gene_associated_with_condition	1
0.9934958	HGNC:5391	MONDO:0011760	biolink:gene_associated_with_condition	1
0.9934958	HGNC:5391	MONDO:0011760	biolink:causes	1
0.65739167	HGNC:18873	MONDO:0030692	biolink:causes	1
0.91639835	HGNC:18873	MONDO:0014343	biolink:causes	1
0.9535562	HGNC:18873	MONDO:0024535	biolink:causes	1
0.34852526	HGNC:5433	MONDO:0012488	biolink:contributes_to	1
0.97595006	HGNC:21424	MONDO:0014926	biolink:causes	1
0.92447484	HGNC:21424	MONDO:0030462	biolink:causes	1
0.9990717	HGNC:5542	MONDO:0011436	biolink:causes	1
0.99381614	HGNC:6021	MONDO:0030681	biolink:causes	1
0.9906832	HGNC:6024	MONDO:0012163	biolink:causes	1
0.9806981	HGNC:6052	MONDO:0008379	biolink:causes	1
0.07145646	HGNC:6081	MONDO:0007454	biolink:causes	1
0.35479176	HGNC:6081	MONDO:0030089	biolink:causes	1
0.47293308	HGNC:6081	MONDO:0014535	biolink:causes	1
0.5939599	HGNC:6091	MONDO:0009874	biolink:causes	1
0.2966959	HGNC:6091	MONDO:0012520	biolink:causes	1
0.49305883	HGNC:6091	MONDO:0012381	biolink:gene_associated_with_condition	1
0.99903536	HGNC:29239	MONDO:0044328	biolink:causes	1
0.999212	HGNC:6121	MONDO:0007334	biolink:causes	1
0.9999999	HGNC:14361	MONDO:0012634	biolink:gene_associated_with_condition	1
0.9999999	HGNC:14361	MONDO:0012634	biolink:causes	1
0.99961805	HGNC:29882	MONDO:0009706	biolink:causes	1
0.8509806	HGNC:6143	MONDO:0013177	biolink:gene_associated_with_condition	1
0.990764	HGNC:6186	MONDO:0009475	biolink:causes	1
0.9638079	HGNC:14202	MONDO:0030366	biolink:causes	1
0.6165336	HGNC:29300	MONDO:0014492	biolink:causes	1
0.31132182	HGNC:29300	MONDO:0033280	biolink:causes	1
0.892292	HGNC:6217	MONDO:0009760	biolink:gene_associated_with_condition	1
0.9997633	HGNC:29068	MONDO:0014771	biolink:causes	1
0.9946661	HGNC:6222	MONDO:0032656	biolink:causes	1
0.9369389	HGNC:6235	MONDO:0011529	biolink:causes	1
0.99779034	HGNC:6251	MONDO:0020745	biolink:causes	1
0.22164717	HGNC:39080	MONDO:0013193	biolink:contributes_to	1
0.98862714	HGNC:6305	MONDO:0009820	biolink:causes	1
0.99967873	HGNC:11114	MONDO:0010355	biolink:gene_associated_with_condition	1
0.9359608	HGNC:29508	MONDO:0015007	biolink:causes	1
0.9868825	HGNC:30497	MONDO:0007922	biolink:causes	1
0.9915912	HGNC:30497	MONDO:0011778	biolink:gene_associated_with_condition	1
0.98727685	HGNC:30497	MONDO:0010176	biolink:gene_associated_with_condition	1
0.9999783	HGNC:21495	MONDO:0030505	biolink:causes	1
0.71169156	HGNC:6343	MONDO:0014738	biolink:causes	1
0.9195583	HGNC:15646	MONDO:0014890	biolink:gene_associated_with_condition	1
0.8302891	HGNC:15646	MONDO:0013052	biolink:causes	1
0.012261593	HGNC:15646	MONDO:0035823	biolink:gene_associated_with_condition	1
0.9007829	HGNC:18829	MONDO:0014037	biolink:causes	1
0.965947	HGNC:30372	MONDO:0014138	biolink:causes	1
0.9966112	HGNC:7132	MONDO:0011518	biolink:gene_associated_with_condition	1
0.2192294	HGNC:7132	MONDO:0035941	biolink:gene_associated_with_condition	1
0.9989525	HGNC:7133	MONDO:0035651	biolink:gene_associated_with_condition	1
0.72639924	HGNC:21839	MONDO:0957220	biolink:causes	1
0.54617023	HGNC:6440	MONDO:0032904	biolink:causes	1
0.5364247	HGNC:6423	MONDO:0007758	biolink:gene_associated_with_condition	1
0.48644513	HGNC:6423	MONDO:0014622	biolink:gene_associated_with_condition	1
0.99572563	HGNC:28929	MONDO:0020717	biolink:causes	1
0.9932013	HGNC:6469	MONDO:0014343	biolink:causes	1
0.95814705	HGNC:6470	MONDO:0010569	biolink:gene_associated_with_condition	1
0.95814705	HGNC:6470	MONDO:0010569	biolink:causes	1
0.9930143	HGNC:26058	MONDO:0033006	biolink:causes	1
0.6517106	HGNC:6483	MONDO:0030746	biolink:causes	1
0.9456352	HGNC:6483	MONDO:0009513	biolink:gene_associated_with_condition	1
0.9580363	HGNC:6490	MONDO:0009182	biolink:causes	1
0.9450233	HGNC:6501	MONDO:0010281	biolink:causes	1
0.8526634	HGNC:6501	MONDO:0020745	biolink:causes	1
0.081302784	HGNC:25726	MONDO:0018450	biolink:gene_associated_with_condition	1
0.82685024	HGNC:25726	MONDO:0010665	biolink:gene_associated_with_condition	1
0.9847237	HGNC:31923	MONDO:0008377	biolink:causes	1
0.79517746	HGNC:31923	MONDO:0011473	biolink:causes	1
0.98667485	HGNC:6530	MONDO:0009115	biolink:causes	1
0.93015164	HGNC:3122	MONDO:0008542	biolink:causes	1
0.99761826	HGNC:21244	MONDO:0859147	biolink:gene_associated_with_condition	1
0.6313861	HGNC:6553	MONDO:0013991	biolink:causes	1
0.90646595	HGNC:18712	MONDO:0017049	biolink:gene_associated_with_condition	1
0.82417995	HGNC:21253	MONDO:0012460	biolink:causes	1
0.9682256	HGNC:6595	MONDO:0009091	biolink:causes	1
0.9882079	HGNC:6595	MONDO:0014343	biolink:causes	1
0.9961423	HGNC:23452	MONDO:0013495	biolink:causes	1
0.99921906	HGNC:6654	MONDO:0008061	biolink:gene_associated_with_condition	1
0.99921906	HGNC:6654	MONDO:0008061	biolink:causes	1
0.999726	HGNC:6664	MONDO:0008426	biolink:causes	1
0.9994537	HGNC:6664	MONDO:0007363	biolink:causes	1
0.9939493	HGNC:6694	MONDO:0009104	biolink:gene_associated_with_condition	1
0.5609595	HGNC:6700	MONDO:0012039	biolink:contributes_to	1
0.7736941	HGNC:18608	MONDO:0014080	biolink:causes	1
0.9541806	HGNC:6715	MONDO:0013122	biolink:causes	1
0.6570407	HGNC:6408	MONDO:0035337	biolink:gene_associated_with_condition	1
0.9928578	HGNC:6826	MONDO:0017732	biolink:gene_associated_with_condition	1
0.999944	HGNC:450	MONDO:0013268	biolink:causes	1
0.9463662	HGNC:450	MONDO:0018112	biolink:gene_associated_with_condition	1
0.9928058	HGNC:450	MONDO:0014343	biolink:causes	1
0.9999856	HGNC:452	MONDO:0012892	biolink:causes	1
0.9999609	HGNC:26837	MONDO:0010310	biolink:causes	1
0.9693731	HGNC:464	MONDO:0009857	biolink:gene_associated_with_condition	1
0.6682245	HGNC:468	MONDO:0013028	biolink:gene_associated_with_condition	1
0.5793517	HGNC:29186	MONDO:0015679	biolink:gene_associated_with_condition	1
0.9260649	HGNC:6211	MONDO:0007794	biolink:causes	1
0.49976093	HGNC:543	MONDO:0013729	biolink:contributes_to	1
0.9030872	HGNC:559	MONDO:0012251	biolink:causes	1
0.6066883	HGNC:568	MONDO:0021019	biolink:gene_associated_with_condition	1
0.9464643	HGNC:568	MONDO:0014885	biolink:gene_associated_with_condition	1
0.9999038	HGNC:572	MONDO:0013551	biolink:causes	1
0.99515873	HGNC:575	MONDO:0017241	biolink:gene_associated_with_condition	1
0.9963052	HGNC:22197	MONDO:0013342	biolink:gene_associated_with_condition	1
0.54920316	HGNC:600	MONDO:0859238	biolink:causes	1
0.67658305	HGNC:600	MONDO:0100189	biolink:gene_associated_with_condition	1
0.9969087	HGNC:15984	MONDO:0011829	biolink:causes	1
0.9892436	HGNC:24097	MONDO:0007922	biolink:causes	1
0.9916859	HGNC:649	MONDO:0014948	biolink:gene_associated_with_condition	1
0.986127	HGNC:649	MONDO:0014343	biolink:causes	1
0.90280795	HGNC:663	MONDO:0008814	biolink:causes	1
0.9973381	HGNC:694	MONDO:0032570	biolink:causes	1
0.9819166	HGNC:694	MONDO:0032577	biolink:causes	1
0.5296546	HGNC:24048	MONDO:0009055	biolink:gene_associated_with_condition	1
0.891873	HGNC:710	MONDO:0049221	biolink:causes	1
0.99621034	HGNC:29561	MONDO:0014868	biolink:causes	1
0.96028477	HGNC:735	MONDO:0009218	biolink:gene_associated_with_condition	1
0.9999957	HGNC:19088	MONDO:0030918	biolink:causes	1
0.96965975	HGNC:757	MONDO:0011106	biolink:gene_associated_with_condition	1
0.9883078	HGNC:757	MONDO:0007363	biolink:causes	1
0.44990557	HGNC:589	MONDO:0033115	biolink:causes	1
0.9881962	HGNC:11231	MONDO:0008437	biolink:causes	1
0.78841776	HGNC:799	MONDO:0020788	biolink:causes	1
0.64428407	HGNC:799	MONDO:0054833	biolink:causes	1
0.32382405	HGNC:29536	MONDO:0009728	biolink:gene_associated_with_condition	1
0.22070067	HGNC:29536	MONDO:0014997	biolink:causes	1
0.4673296	HGNC:6893	MONDO:0009839	biolink:causes	1
0.3258206	HGNC:6893	MONDO:0016563	biolink:gene_associated_with_condition	1
0.22528183	HGNC:6897	MONDO:0032655	biolink:causes	1
0.98512024	HGNC:6915	MONDO:0859530	biolink:causes	1
0.99999726	HGNC:20444	MONDO:0007974	biolink:causes	1
0.94454604	HGNC:15456	MONDO:0032721	biolink:causes	1
0.9220211	HGNC:18451	MONDO:0013331	biolink:causes	1
0.2778299	HGNC:6944	MONDO:0014853	biolink:causes	1
0.9916636	HGNC:6990	MONDO:0010235	biolink:gene_associated_with_condition	1
0.9528938	HGNC:6990	MONDO:0010397	biolink:gene_associated_with_condition	1
0.8811654	HGNC:14575	MONDO:0016782	biolink:gene_associated_with_condition	1
0.89945316	HGNC:14575	MONDO:0016780	biolink:gene_associated_with_condition	1
0.73576504	HGNC:14575	MONDO:0016783	biolink:gene_associated_with_condition	1
0.98338413	HGNC:28613	MONDO:0032746	biolink:causes	1
0.9624742	HGNC:28569	MONDO:0018393	biolink:gene_associated_with_condition	1
0.591615	HGNC:7010	MONDO:0007540	biolink:causes	1
0.5022973	HGNC:7010	MONDO:0007767	biolink:causes	1
0.48319227	HGNC:7010	MONDO:0010911	biolink:gene_associated_with_condition	1
0.99106497	HGNC:13520	MONDO:0014343	biolink:causes	1
0.9843759	HGNC:18121	MONDO:0012299	biolink:causes	1
0.99989915	HGNC:7060	MONDO:0009495	biolink:gene_associated_with_condition	1
0.99989915	HGNC:7060	MONDO:0009495	biolink:causes	1
0.87948674	HGNC:33914	MONDO:0859374	biolink:causes	1
0.9836369	HGNC:31527	MONDO:0032835	biolink:causes	1
0.99999917	HGNC:18871	MONDO:0009613	biolink:gene_associated_with_condition	1
0.15044753	HGNC:25221	MONDO:0700298	biolink:causes	1
0.3380184	HGNC:25221	MONDO:0017683	biolink:gene_associated_with_condition	1
0.35932562	HGNC:25221	MONDO:0700297	biolink:causes	1
0.9996191	HGNC:25221	MONDO:0010185	biolink:gene_associated_with_condition	1
0.14594378	HGNC:7199	MONDO:0957278	biolink:causes	1
0.985276	HGNC:29619	MONDO:0030973	biolink:causes	1
0.99322414	HGNC:7224	MONDO:0032728	biolink:causes	1
0.99939644	HGNC:7225	MONDO:0008392	biolink:gene_associated_with_condition	1
0.99939644	HGNC:7225	MONDO:0008392	biolink:causes	1
0.9983814	HGNC:7225	MONDO:0011889	biolink:causes	1
0.9999012	HGNC:7225	MONDO:0020765	biolink:causes	1
0.76137096	HGNC:7230	MONDO:0024557	biolink:gene_associated_with_condition	1
0.76137096	HGNC:7230	MONDO:0024557	biolink:causes	1
0.80265284	HGNC:7328	MONDO:0044317	biolink:causes	1
0.99998784	HGNC:7370	MONDO:0026730	biolink:causes	1
0.37031934	HGNC:7391	MONDO:0012142	biolink:causes	1
0.9813984	HGNC:7414	MONDO:0010794	biolink:causes	1
0.81528527	HGNC:7414	MONDO:0017917	biolink:gene_associated_with_condition	1
0.77890265	HGNC:7456	MONDO:0016814	biolink:gene_associated_with_condition	1
0.9462764	HGNC:7461	MONDO:0010790	biolink:gene_associated_with_condition	1
0.9999548	HGNC:7488	MONDO:0010790	biolink:causes	1
0.9724416	HGNC:7436	MONDO:0009353	biolink:gene_associated_with_condition	1
0.7253208	HGNC:26190	MONDO:0008048	biolink:contributes_to	1
0.9940936	HGNC:7473	MONDO:0009354	biolink:gene_associated_with_condition	1
0.99960524	HGNC:7506	MONDO:0030880	biolink:causes	1
0.9950518	HGNC:7551	MONDO:0014163	biolink:causes	1
0.8030314	HGNC:7572	MONDO:0018206	biolink:gene_associated_with_condition	1
0.98819834	HGNC:7577	MONDO:0009708	biolink:gene_associated_with_condition	1
0.98819834	HGNC:7577	MONDO:0009708	biolink:causes	1
0.86719453	HGNC:7577	MONDO:0017939	biolink:gene_associated_with_condition	1
0.43263966	HGNC:23212	MONDO:0013711	biolink:gene_associated_with_condition	1
0.43263966	HGNC:23212	MONDO:0013711	biolink:causes	1
0.5541577	HGNC:7608	MONDO:0020345	biolink:gene_associated_with_condition	1
0.9999708	HGNC:1181	MONDO:0032653	biolink:gene_associated_with_condition	1
0.91601473	HGNC:7632	MONDO:0014665	biolink:gene_associated_with_condition	1
0.98763007	HGNC:17619	MONDO:0011504	biolink:gene_associated_with_condition	1
0.98763007	HGNC:17619	MONDO:0011504	biolink:causes	1
0.21387498	HGNC:7675	MONDO:0015786	biolink:gene_associated_with_condition	1
0.34029612	HGNC:7675	MONDO:0020298	biolink:gene_associated_with_condition	1
0.80403155	HGNC:7678	MONDO:0006952	biolink:gene_associated_with_condition	1
0.6642642	HGNC:7678	MONDO:0010269	biolink:gene_associated_with_condition	1
0.39976132	HGNC:17194	MONDO:0011836	biolink:contributes_to	1
0.9388293	HGNC:7720	MONDO:0030281	biolink:causes	1
0.9985374	HGNC:7744	MONDO:0009642	biolink:gene_associated_with_condition	1
0.9402425	HGNC:7744	MONDO:0054750	biolink:contributes_to	1
0.98948914	HGNC:18591	MONDO:0014343	biolink:causes	1
0.23143275	HGNC:12768	MONDO:0008684	biolink:gene_associated_with_condition	1
0.9378335	HGNC:10663	MONDO:0030849	biolink:causes	1
0.9907913	HGNC:7788	MONDO:0013885	biolink:gene_associated_with_condition	1
0.6499843	HGNC:7795	MONDO:0017407	biolink:gene_associated_with_condition	1
0.22347713	HGNC:25737	MONDO:0012650	biolink:gene_associated_with_condition	1
0.95014405	HGNC:29873	MONDO:0026733	biolink:causes	1
0.96680117	HGNC:7866	MONDO:0008521	biolink:causes	1
0.2134218	HGNC:7897	MONDO:0016308	biolink:gene_associated_with_condition	1
0.81605136	HGNC:7897	MONDO:0016309	biolink:gene_associated_with_condition	1
0.944863	HGNC:7939	MONDO:0012816	biolink:causes	1
0.50372213	HGNC:7981	MONDO:0015566	biolink:gene_associated_with_condition	1
0.23715618	HGNC:8001	MONDO:0032646	biolink:causes	1
0.980163	HGNC:8005	MONDO:0007922	biolink:causes	1
0.9869457	HGNC:26208	MONDO:0033566	biolink:causes	1
0.16618738	HGNC:8032	MONDO:0850115	biolink:gene_associated_with_condition	1
0.6025915	HGNC:29558	MONDO:0030338	biolink:causes	1
0.053952105	HGNC:8059	MONDO:0012883	biolink:gene_associated_with_condition	1
0.8454173	HGNC:18016	MONDO:0032581	biolink:causes	1
0.3209046	HGNC:8125	MONDO:0018492	biolink:gene_associated_with_condition	1
0.89183414	HGNC:9936	MONDO:0010446	biolink:gene_associated_with_condition	1
0.97960734	HGNC:15021	MONDO:0008377	biolink:causes	1
0.99600214	HGNC:17151	MONDO:0014343	biolink:causes	1
0.9998673	HGNC:24281	MONDO:0044319	biolink:causes	1
0.09710189	HGNC:25118	MONDO:0700338	biolink:causes	1
0.99235195	HGNC:8522	MONDO:0014343	biolink:causes	1
0.9864093	HGNC:8522	MONDO:0012413	biolink:gene_associated_with_condition	1
0.8396004	HGNC:15804	MONDO:0007378	biolink:causes	1
0.99783474	HGNC:8546	MONDO:0007738	biolink:causes	1
0.22216044	HGNC:8619	MONDO:0957427	biolink:gene_associated_with_condition	1
0.8747615	HGNC:8622	MONDO:0019854	biolink:gene_associated_with_condition	1
0.96341306	HGNC:8622	MONDO:0024264	biolink:causes	1
0.22462678	HGNC:8636	MONDO:0018141	biolink:gene_associated_with_condition	1
0.98464406	HGNC:14674	MONDO:0008377	biolink:causes	1
0.22322638	HGNC:20001	MONDO:0018328	biolink:gene_associated_with_condition	1
0.9957106	HGNC:8786	MONDO:0008377	biolink:causes	1
0.97006905	HGNC:8789	MONDO:0013315	biolink:causes	1
0.9430469	HGNC:8850	MONDO:0100229	biolink:gene_associated_with_condition	1
0.9987796	HGNC:8860	MONDO:0008972	biolink:gene_associated_with_condition	1
0.99235004	HGNC:8923	MONDO:0009736	biolink:gene_associated_with_condition	1
0.9983877	HGNC:8940	MONDO:0009958	biolink:causes	1
0.964635	HGNC:8940	MONDO:0008377	biolink:causes	1
0.5473732	HGNC:15514	MONDO:0020512	biolink:gene_associated_with_condition	1
0.9949839	HGNC:28993	MONDO:0007922	biolink:causes	1
0.9847025	HGNC:28993	MONDO:0008689	biolink:causes	1
0.9992066	HGNC:28993	MONDO:0014797	biolink:gene_associated_with_condition	1
0.9992066	HGNC:28993	MONDO:0014797	biolink:causes	1
0.9994185	HGNC:26270	MONDO:0007158	biolink:gene_associated_with_condition	1
0.9994185	HGNC:26270	MONDO:0007158	biolink:causes	1
0.9999993	HGNC:8959	MONDO:0032822	biolink:causes	1
0.99664575	HGNC:8965	MONDO:0030037	biolink:causes	1
0.9998666	HGNC:15791	MONDO:0032824	biolink:causes	1
0.94660574	HGNC:8975	MONDO:0013038	biolink:gene_associated_with_condition	1
0.85304636	HGNC:8975	MONDO:0020492	biolink:gene_associated_with_condition	1
0.8408848	HGNC:8975	MONDO:0013125	biolink:gene_associated_with_condition	1
0.8408848	HGNC:8975	MONDO:0013125	biolink:causes	1
0.7346286	HGNC:8975	MONDO:0017177	biolink:gene_associated_with_condition	1
0.540288	HGNC:9008	MONDO:0010856	biolink:gene_associated_with_condition	1
0.9503706	HGNC:9020	MONDO:0009950	biolink:gene_associated_with_condition	1
0.93853134	HGNC:9038	MONDO:0009235	biolink:gene_associated_with_condition	1
0.94162834	HGNC:9038	MONDO:0008377	biolink:causes	1
0.7218179	HGNC:9066	MONDO:0013766	biolink:gene_associated_with_condition	1
0.84432024	HGNC:17158	MONDO:0033481	biolink:gene_associated_with_condition	1
0.9989417	HGNC:9083	MONDO:0007738	biolink:causes	1
0.99421173	HGNC:9083	MONDO:0012892	biolink:gene_associated_with_condition	1
0.7735414	HGNC:9107	MONDO:0008542	biolink:causes	1
0.99619377	HGNC:17728	MONDO:0035153	biolink:gene_associated_with_condition	1
0.99676645	HGNC:9115	MONDO:0007922	biolink:causes	1
0.7404751	HGNC:9119	MONDO:0054785	biolink:causes	1
0.97708386	HGNC:7892	MONDO:0013171	biolink:causes	1
0.9985268	HGNC:9180	MONDO:0032799	biolink:causes	1
0.9969656	HGNC:19139	MONDO:0018277	biolink:gene_associated_with_condition	1
0.97078717	HGNC:20330	MONDO:0011169	biolink:gene_associated_with_condition	1
0.973681	HGNC:30129	MONDO:0014343	biolink:causes	1
0.9917549	HGNC:9280	MONDO:0957577	biolink:causes	1
0.93002665	HGNC:7618	MONDO:0032934	biolink:causes	1
0.9999527	HGNC:13998	MONDO:0030890	biolink:causes	1
0.99995804	HGNC:13998	MONDO:0859229	biolink:causes	1
0.39072645	HGNC:8607	MONDO:0010820	biolink:causes	1
0.98769486	HGNC:9454	MONDO:0012983	biolink:causes	1
0.9857237	HGNC:9454	MONDO:0011957	biolink:causes	1
0.98547345	HGNC:9459	MONDO:0007922	biolink:causes	1
0.7383095	HGNC:15860	MONDO:0008377	biolink:causes	1
0.976901	HGNC:30500	MONDO:0011593	biolink:causes	1
0.99964106	HGNC:9142	MONDO:0008740	biolink:gene_associated_with_condition	1
0.9998491	HGNC:21504	MONDO:0010767	biolink:causes	1
0.8894022	HGNC:9541	MONDO:0054699	biolink:causes	1
0.9853596	HGNC:9538	MONDO:0971001	biolink:causes	1
0.98423946	HGNC:24929	MONDO:0030931	biolink:causes	1
0.06061277	HGNC:21290	MONDO:0975761	biolink:causes	1
0.9988483	HGNC:9587	MONDO:0007892	biolink:causes	1
0.99243987	HGNC:9587	MONDO:0014343	biolink:causes	1
0.9982343	HGNC:9608	MONDO:0010803	biolink:gene_associated_with_condition	1
0.99445575	HGNC:9608	MONDO:0014343	biolink:causes	1
0.30666453	HGNC:9658	MONDO:0011959	biolink:gene_associated_with_condition	1
0.37651852	HGNC:9658	MONDO:0035236	biolink:gene_associated_with_condition	1
0.81510365	HGNC:30889	MONDO:0032869	biolink:causes	1
0.7403254	HGNC:24113	MONDO:0009935	biolink:causes	1
0.9850152	HGNC:10548	MONDO:0008119	biolink:causes	1
0.9637965	HGNC:10560	MONDO:0016163	biolink:causes	1
0.9999839	HGNC:14262	MONDO:0014361	biolink:causes	1
0.99927646	HGNC:24123	MONDO:0014927	biolink:causes	1
0.98628473	HGNC:14078	MONDO:0032723	biolink:causes	1
0.99287224	HGNC:30000	MONDO:0008377	biolink:causes	1
0.14108904	HGNC:6722	MONDO:0020614	biolink:causes	1
0.916568	HGNC:987	MONDO:0017051	biolink:gene_associated_with_condition	1
0.9174196	HGNC:987	MONDO:0017053	biolink:gene_associated_with_condition	1
0.60692275	HGNC:1001	MONDO:0020324	biolink:gene_associated_with_condition	1
0.99645305	HGNC:13222	MONDO:0014981	biolink:causes	1
0.9211276	HGNC:20893	MONDO:0008377	biolink:causes	1
0.86450493	HGNC:8549	MONDO:0013559	biolink:gene_associated_with_condition	1
0.9999242	HGNC:16512	MONDO:0011242	biolink:causes	1
0.48184693	HGNC:9751	MONDO:0014335	biolink:gene_associated_with_condition	1
0.9406047	HGNC:21020	MONDO:0030006	biolink:gene_associated_with_condition	1
0.8161293	HGNC:9811	MONDO:0007874	biolink:gene_associated_with_condition	1
0.9623094	HGNC:9811	MONDO:0013864	biolink:causes	1
0.464297	HGNC:9871	MONDO:0011556	biolink:causes	1
0.977294	HGNC:9879	MONDO:0014386	biolink:causes	1
0.963999	HGNC:9912	MONDO:0010767	biolink:causes	1
0.9916088	HGNC:9922	MONDO:0014060	biolink:gene_associated_with_condition	1
0.9887515	HGNC:9922	MONDO:0014635	biolink:causes	1
0.9934214	HGNC:17975	MONDO:0014282	biolink:gene_associated_with_condition	1
0.28841713	HGNC:13764	MONDO:0032717	biolink:causes	1
0.99999475	HGNC:9965	MONDO:0014857	biolink:gene_associated_with_condition	1
0.51949435	HGNC:9967	MONDO:0007958	biolink:causes	1
0.59340197	HGNC:9967	MONDO:0008234	biolink:causes	1
0.7922825	HGNC:9967	MONDO:0019636	biolink:gene_associated_with_condition	1
0.24708323	HGNC:9967	MONDO:0007723	biolink:contributes_to	1
0.92482597	HGNC:9986	MONDO:0971016	biolink:causes	1
0.9994455	HGNC:9986	MONDO:0971014	biolink:causes	1
0.19302478	HGNC:10009	MONDO:0019107	biolink:gene_associated_with_condition	1
0.98931235	HGNC:10012	MONDO:0008377	biolink:causes	1
0.99994886	HGNC:13429	MONDO:0010506	biolink:causes	1
0.9074258	HGNC:21176	MONDO:0009300	biolink:gene_associated_with_condition	1
0.06091603	HGNC:21158	MONDO:0013357	biolink:gene_associated_with_condition	1
0.6968356	HGNC:10289	MONDO:0030690	biolink:causes	1
0.97091156	HGNC:10294	MONDO:0008377	biolink:causes	1
0.99208575	HGNC:10294	MONDO:0008765	biolink:causes	1
0.98657984	HGNC:10295	MONDO:0010227	biolink:causes	1
0.97607666	HGNC:10295	MONDO:0010443	biolink:causes	1
0.764427	HGNC:10411	MONDO:0012529	biolink:causes	1
0.9860939	HGNC:10446	MONDO:0020745	biolink:causes	1
0.99551445	HGNC:10447	MONDO:0007922	biolink:causes	1
0.9929883	HGNC:10447	MONDO:0014343	biolink:causes	1
0.9709564	HGNC:17296	MONDO:0010000	biolink:causes	1
0.9930179	HGNC:17296	MONDO:0012792	biolink:causes	1
0.9994667	HGNC:12371	MONDO:0014202	biolink:causes	1
0.9328995	HGNC:16175	MONDO:0008798	biolink:causes	1
0.9960919	HGNC:10471	MONDO:0100083	biolink:causes	1
0.96391165	HGNC:15925	MONDO:0013059	biolink:causes	1
0.76128924	HGNC:15925	MONDO:0013739	biolink:causes	1
0.44594646	HGNC:25403	MONDO:0014623	biolink:causes	1
0.95936424	HGNC:19440	MONDO:0012197	biolink:gene_associated_with_condition	1
0.9996592	HGNC:10547	MONDO:0011816	biolink:gene_associated_with_condition	1
0.9996592	HGNC:10547	MONDO:0011816	biolink:causes	1
0.9999951	HGNC:19869	MONDO:0010959	biolink:gene_associated_with_condition	1
0.9100469	HGNC:10586	MONDO:0014155	biolink:causes	1
0.9717319	HGNC:10583	MONDO:0014244	biolink:gene_associated_with_condition	1
0.009905647	HGNC:10583	MONDO:0017629	biolink:gene_associated_with_condition	1
0.9662524	HGNC:33867	MONDO:0100294	biolink:gene_associated_with_condition	1
0.97681135	HGNC:10683	MONDO:0011740	biolink:gene_associated_with_condition	1
0.97681135	HGNC:10683	MONDO:0011740	biolink:causes	1
0.98927337	HGNC:10701	MONDO:0011911	biolink:causes	1
0.8611346	HGNC:18276	MONDO:0958013	biolink:causes	1
0.06745008	HGNC:10736	MONDO:0007404	biolink:gene_associated_with_condition	1
0.7359799	HGNC:9075	MONDO:0009883	biolink:gene_associated_with_condition	1
0.99853325	HGNC:8943	MONDO:0011412	biolink:causes	1
0.9747946	HGNC:29187	MONDO:0033559	biolink:causes	1
0.9859234	HGNC:16088	MONDO:0014261	biolink:causes	1
0.99855965	HGNC:10809	MONDO:0009677	biolink:gene_associated_with_condition	1
0.97577626	HGNC:29605	MONDO:0007572	biolink:causes	1
0.9938804	HGNC:10853	MONDO:0014343	biolink:causes	1
0.6908496	HGNC:25543	MONDO:0030958	biolink:causes	1
0.85747063	HGNC:8157	MONDO:0013715	biolink:causes	1
0.9612436	HGNC:8157	MONDO:0011585	biolink:gene_associated_with_condition	1
0.9999279	HGNC:23639	MONDO:0024541	biolink:causes	1
0.9586345	HGNC:11005	MONDO:0011724	biolink:gene_associated_with_condition	1
0.9586345	HGNC:11005	MONDO:0011724	biolink:causes	1
0.9495336	HGNC:11005	MONDO:0012143	biolink:gene_associated_with_condition	1
0.8841781	HGNC:11005	MONDO:0012805	biolink:causes	1
0.96929306	HGNC:11027	MONDO:0008368	biolink:causes	1
0.97415835	HGNC:11027	MONDO:0012700	biolink:gene_associated_with_condition	1
0.97415835	HGNC:11027	MONDO:0012700	biolink:causes	1
0.06725491	HGNC:11050	MONDO:0008114	biolink:contributes_to	1
0.94901776	HGNC:10906	MONDO:0013214	biolink:causes	1
0.81497955	HGNC:10908	MONDO:0008787	biolink:gene_associated_with_condition	1
0.99993694	HGNC:10914	MONDO:0000902	biolink:causes	1
0.9157921	HGNC:23094	MONDO:0012786	biolink:causes	1
0.99713033	HGNC:10937	MONDO:0957955	biolink:causes	1
0.9815362	HGNC:10994	MONDO:0007740	biolink:causes	1
0.9955183	HGNC:10994	MONDO:0009107	biolink:causes	1
0.34674805	HGNC:14468	MONDO:0017173	biolink:gene_associated_with_condition	1
0.9609056	HGNC:10998	MONDO:0012089	biolink:gene_associated_with_condition	1
0.8837693	HGNC:13941	MONDO:0033259	biolink:causes	1
0.99707305	HGNC:16187	MONDO:0100428	biolink:causes	1
0.99512285	HGNC:19046	MONDO:0014343	biolink:causes	1
0.9704835	HGNC:11100	MONDO:0014343	biolink:causes	1
0.9154263	HGNC:11100	MONDO:0013821	biolink:causes	1
0.041556787	HGNC:11100	MONDO:0018761	biolink:gene_associated_with_condition	1
0.87327915	HGNC:11119	MONDO:0011556	biolink:causes	1
0.94646305	HGNC:11153	MONDO:0007301	biolink:gene_associated_with_condition	1
0.98935914	HGNC:14344	MONDO:0011579	biolink:gene_associated_with_condition	1
0.99157083	HGNC:1346	MONDO:0012412	biolink:causes	1
0.9999794	HGNC:29521	MONDO:0009033	biolink:causes	1
0.9963844	HGNC:1371	MONDO:0007747	biolink:gene_associated_with_condition	1
0.9925242	HGNC:1388	MONDO:0007163	biolink:gene_associated_with_condition	1
0.9925242	HGNC:1388	MONDO:0007163	biolink:causes	1
0.944657	HGNC:1388	MONDO:0019113	biolink:gene_associated_with_condition	1
0.7350823	HGNC:1390	MONDO:0008542	biolink:causes	1
0.69104755	HGNC:1397	MONDO:0008570	biolink:contributes_to	1
0.87503576	HGNC:1397	MONDO:0042979	biolink:causes	1
0.5516793	HGNC:16709	MONDO:0032907	biolink:causes	1
0.27607182	HGNC:26276	MONDO:0016539	biolink:gene_associated_with_condition	1
0.37448236	HGNC:26276	MONDO:0018245	biolink:gene_associated_with_condition	1
0.89488125	HGNC:1514	MONDO:0013032	biolink:contributes_to	1
0.9049502	HGNC:1514	MONDO:0007791	biolink:causes	1
0.9908274	HGNC:1514	MONDO:0009397	biolink:gene_associated_with_condition	1
0.9908274	HGNC:1514	MONDO:0009397	biolink:causes	1
0.97614586	HGNC:1514	MONDO:0011013	biolink:causes	1
0.19350028	HGNC:1516	MONDO:0013571	biolink:gene_associated_with_condition	1
0.77152944	HGNC:1539	MONDO:0020316	biolink:gene_associated_with_condition	1
0.9950169	HGNC:29253	MONDO:0014343	biolink:causes	1
0.9992085	HGNC:26185	MONDO:0009820	biolink:causes	1
0.9963257	HGNC:26185	MONDO:0030714	biolink:causes	1
0.5424739	HGNC:11164	MONDO:0015783	biolink:gene_associated_with_condition	1
0.9999732	HGNC:14245	MONDO:0971171	biolink:causes	1
0.6679643	HGNC:27845	MONDO:0020855	biolink:causes	1
0.91879225	HGNC:11184	MONDO:0030055	biolink:causes	1
0.9303652	HGNC:11199	MONDO:0019032	biolink:gene_associated_with_condition	1
0.9971482	HGNC:20423	MONDO:0009549	biolink:gene_associated_with_condition	1
0.93226403	HGNC:29022	MONDO:0010850	biolink:causes	1
0.114020415	HGNC:26933	MONDO:0976265	biolink:causes	1
0.99555486	HGNC:20249	MONDO:0007922	biolink:causes	1
0.9842982	HGNC:20249	MONDO:0012669	biolink:causes	1
0.18035589	HGNC:11272	MONDO:0010053	biolink:causes	1
0.7510153	HGNC:11402	MONDO:0975828	biolink:causes	1
0.8064439	HGNC:11311	MONDO:0015779	biolink:gene_associated_with_condition	1
0.81012785	HGNC:11311	MONDO:0016281	biolink:gene_associated_with_condition	1
0.9779287	HGNC:11326	MONDO:0010490	biolink:gene_associated_with_condition	1
0.9999745	HGNC:10872	MONDO:0018274	biolink:gene_associated_with_condition	1
0.8412412	HGNC:11364	MONDO:0007818	biolink:causes	1
0.9581452	HGNC:11367	MONDO:0014343	biolink:causes	1
0.47926205	HGNC:11367	MONDO:0100219	biolink:causes	1
0.99564517	HGNC:26239	MONDO:0049222	biolink:causes	1
0.19746456	HGNC:11427	MONDO:0014339	biolink:causes	1
0.9964875	HGNC:11449	MONDO:0009504	biolink:causes	1
0.9937557	HGNC:16001	MONDO:0009283	biolink:gene_associated_with_condition	1
0.9997085	HGNC:11460	MONDO:0010089	biolink:gene_associated_with_condition	1
0.92718714	HGNC:11480	MONDO:0033620	biolink:causes	1
0.9422373	HGNC:11490	MONDO:0009776	biolink:causes	1
0.8771253	HGNC:17084	MONDO:0013072	biolink:causes	1
0.892199	HGNC:11503	MONDO:0014233	biolink:causes	1
0.6832043	HGNC:11506	MONDO:0010429	biolink:causes	1
0.77762544	HGNC:17075	MONDO:0008542	biolink:causes	1
0.35515776	HGNC:11530	MONDO:0008777	biolink:gene_associated_with_condition	1
0.7268349	HGNC:30740	MONDO:0014398	biolink:gene_associated_with_condition	1
0.7268349	HGNC:30740	MONDO:0014398	biolink:causes	1
0.97627854	HGNC:29183	MONDO:0859148	biolink:causes	1
0.9999826	HGNC:16133	MONDO:0014296	biolink:causes	1
0.99932814	HGNC:11581	MONDO:0044646	biolink:causes	1
0.9999989	HGNC:28261	MONDO:0014823	biolink:causes	1
0.9999653	HGNC:11594	MONDO:0009845	biolink:gene_associated_with_condition	1
0.7088042	HGNC:11598	MONDO:0008542	biolink:causes	1
0.4387506	HGNC:11598	MONDO:0020434	biolink:gene_associated_with_condition	1
0.016072027	HGNC:11633	MONDO:0600030	biolink:gene_associated_with_condition	1
0.15416981	HGNC:11633	MONDO:0957428	biolink:gene_associated_with_condition	1
0.99647695	HGNC:18884	MONDO:0011801	biolink:gene_associated_with_condition	1
0.9216766	HGNC:11714	MONDO:0008377	biolink:causes	1
1.0	HGNC:11727	MONDO:0007485	biolink:causes	1
0.9948697	HGNC:11727	MONDO:0012197	biolink:gene_associated_with_condition	1
0.17989388	HGNC:25941	MONDO:0015041	biolink:gene_associated_with_condition	1
0.41423017	HGNC:25941	MONDO:0019157	biolink:gene_associated_with_condition	1
0.091084935	HGNC:11743	MONDO:0018758	biolink:gene_associated_with_condition	1
0.99623364	HGNC:11743	MONDO:0008209	biolink:causes	1
0.80683047	HGNC:11758	MONDO:0014295	biolink:causes	1
0.8108808	HGNC:11762	MONDO:0958085	biolink:gene_associated_with_condition	1
0.9992073	HGNC:11762	MONDO:0011417	biolink:causes	1
0.9981742	HGNC:11768	MONDO:0007363	biolink:causes	1
0.9974597	HGNC:11773	MONDO:0007524	biolink:causes	1
0.69791347	HGNC:11773	MONDO:0017308	biolink:gene_associated_with_condition	1
0.9965587	HGNC:11773	MONDO:0007363	biolink:causes	1
0.99223	HGNC:11773	MONDO:0014343	biolink:causes	1
0.9775533	HGNC:19073	MONDO:0010496	biolink:gene_associated_with_condition	1
0.9557779	HGNC:23656	MONDO:0044724	biolink:gene_associated_with_condition	1
0.7083834	HGNC:11828	MONDO:0031446	biolink:causes	1
0.6255852	HGNC:24552	MONDO:0008922	biolink:gene_associated_with_condition	1
0.97827566	HGNC:24552	MONDO:0032927	biolink:causes	1
0.7967901	HGNC:28472	MONDO:0011459	biolink:causes	1
0.9999989	HGNC:25186	MONDO:0011833	biolink:causes	1
0.74717176	HGNC:16517	MONDO:0008788	biolink:gene_associated_with_condition	1
0.94143295	HGNC:30739	MONDO:0032887	biolink:causes	1
0.99447674	HGNC:11943	MONDO:0013195	biolink:causes	1
0.9171524	HGNC:11947	MONDO:0013369	biolink:causes	1
0.35530624	HGNC:11998	MONDO:0008734	biolink:contributes_to	1
0.35519794	HGNC:11998	MONDO:0009050	biolink:gene_associated_with_condition	1
0.6419936	HGNC:11998	MONDO:0015278	biolink:gene_associated_with_condition	1
0.67102104	HGNC:11998	MONDO:0016681	biolink:gene_associated_with_condition	1
0.9657664	HGNC:12009	MONDO:0014221	biolink:causes	1
0.9916802	HGNC:12011	MONDO:0007157	biolink:causes	1
0.9934341	HGNC:17861	MONDO:0014343	biolink:causes	1
0.9998976	HGNC:20456	MONDO:0032572	biolink:causes	1
0.9482561	HGNC:19943	MONDO:0032894	biolink:causes	1
0.9980835	HGNC:24284	MONDO:0044696	biolink:gene_associated_with_condition	1
0.021040155	HGNC:12271	MONDO:0020512	biolink:gene_associated_with_condition	1
0.7249663	HGNC:16380	MONDO:0009683	biolink:causes	1
0.94726974	HGNC:17993	MONDO:0011474	biolink:causes	1
0.97182876	HGNC:17993	MONDO:0020745	biolink:causes	1
0.99824417	HGNC:20087	MONDO:0008377	biolink:causes	1
0.9994086	HGNC:26006	MONDO:0014063	biolink:causes	1
0.34013155	HGNC:12417	MONDO:0014294	biolink:gene_associated_with_condition	1
0.9999813	HGNC:20670	MONDO:0008693	biolink:gene_associated_with_condition	1
0.9999813	HGNC:20670	MONDO:0008693	biolink:causes	1
0.9999962	HGNC:20670	MONDO:0008853	biolink:gene_associated_with_condition	1
0.9998946	HGNC:20652	MONDO:0030819	biolink:causes	1
0.61500674	HGNC:12440	MONDO:0012682	biolink:gene_associated_with_condition	1
0.61500674	HGNC:12440	MONDO:0012682	biolink:causes	1
0.6213398	HGNC:12469	MONDO:0026777	biolink:gene_associated_with_condition	1
0.99718165	HGNC:12527	MONDO:0032895	biolink:causes	1
0.9555713	HGNC:30594	MONDO:0859164	biolink:causes	1
0.8965073	HGNC:20439	MONDO:0010655	biolink:gene_associated_with_condition	1
0.9999753	HGNC:26444	MONDO:0010167	biolink:gene_associated_with_condition	1
0.78740454	HGNC:12631	MONDO:0009050	biolink:gene_associated_with_condition	1
0.007175778	HGNC:12624	MONDO:0976128	biolink:contributes_to	1
0.9846943	HGNC:2464	MONDO:0008490	biolink:causes	1
0.977979	HGNC:2464	MONDO:0007740	biolink:gene_associated_with_condition	1
0.99989545	HGNC:12668	MONDO:0010767	biolink:causes	1
0.83674383	HGNC:23663	MONDO:0011837	biolink:causes	1
0.9754676	HGNC:12713	MONDO:0030312	biolink:causes	1
0.20502388	HGNC:12718	MONDO:0018507	biolink:gene_associated_with_condition	1
0.92691904	HGNC:12718	MONDO:0957876	biolink:causes	1
0.95239735	HGNC:12729	MONDO:0957218	biolink:causes	1
0.9819838	HGNC:28027	MONDO:0009008	biolink:gene_associated_with_condition	1
0.9942344	HGNC:18340	MONDO:0013718	biolink:causes	1
0.9987255	HGNC:18340	MONDO:0013719	biolink:causes	1
0.9699201	HGNC:18340	MONDO:0008377	biolink:causes	1
0.9985455	HGNC:21208	MONDO:0054636	biolink:causes	1
0.9999945	HGNC:29250	MONDO:0013323	biolink:causes	1
0.91518074	HGNC:26600	MONDO:0054794	biolink:causes	1
0.2562746	HGNC:15939	MONDO:0975835	biolink:causes	1
0.21043876	HGNC:12781	MONDO:0032575	biolink:causes	1
0.9956742	HGNC:12784	MONDO:0024455	biolink:causes	1
0.98973036	HGNC:12786	MONDO:0009232	biolink:causes	1
0.9949988	HGNC:12776	MONDO:0009820	biolink:causes	1
0.98299533	HGNC:12796	MONDO:0007635	biolink:gene_associated_with_condition	1
0.8985514	HGNC:592	MONDO:0010385	biolink:gene_associated_with_condition	1
0.7843431	HGNC:592	MONDO:0024551	biolink:causes	1
0.61822325	HGNC:25489	MONDO:0019448	biolink:gene_associated_with_condition	1
0.93084174	HGNC:18326	MONDO:0008377	biolink:causes	1
0.9883929	HGNC:30935	MONDO:0011243	biolink:gene_associated_with_condition	1
0.9978709	HGNC:20152	MONDO:0007828	biolink:causes	1
0.011043142	HGNC:28449	MONDO:0033980	biolink:gene_associated_with_condition	1
0.99999905	HGNC:23216	MONDO:0024543	biolink:causes	1
0.7676028	HGNC:25843	MONDO:0012446	biolink:gene_associated_with_condition	1
0.9771968	HGNC:10610	MONDO:0004951	biolink:contributes_to	1
0.32809988	HGNC:1607	MONDO:0016356	biolink:gene_associated_with_condition	1
0.6211896	HGNC:1754	MONDO:0012946	biolink:causes	1
0.4684399	HGNC:13733	MONDO:0054601	biolink:contributes_to	1
0.47367227	HGNC:1773	MONDO:0012183	biolink:contributes_to	1
0.67035973	HGNC:1785	MONDO:0012552	biolink:causes	1
0.93609893	HGNC:17104	MONDO:0013642	biolink:causes	1
0.96077627	HGNC:24576	MONDO:0013431	biolink:causes	1
0.93187094	HGNC:1810	MONDO:0010767	biolink:causes	1
0.9638152	HGNC:1161	MONDO:0009359	biolink:gene_associated_with_condition	1
0.9757534	HGNC:25815	MONDO:0014343	biolink:causes	1
0.9890781	HGNC:28514	MONDO:0033622	biolink:causes	1
0.9996711	HGNC:14253	MONDO:0014545	biolink:gene_associated_with_condition	1
0.99976236	HGNC:25325	MONDO:0032859	biolink:causes	1
0.9989849	HGNC:1301	MONDO:0014211	biolink:causes	1
0.96049094	HGNC:18292	MONDO:0011546	biolink:causes	1
0.84095126	HGNC:18292	MONDO:0016302	biolink:gene_associated_with_condition	1
0.9999385	HGNC:1884	MONDO:0009061	biolink:causes	1
0.98660153	HGNC:15559	MONDO:0014532	biolink:gene_associated_with_condition	1
0.3374618	HGNC:16171	MONDO:0011547	biolink:causes	1
0.94343555	HGNC:1952	MONDO:0007032	biolink:gene_associated_with_condition	1
0.99066836	HGNC:1971	MONDO:0014343	biolink:causes	1
0.99936837	HGNC:26877	MONDO:0010092	biolink:gene_associated_with_condition	1
0.99936837	HGNC:26877	MONDO:0010092	biolink:causes	1
0.88394463	HGNC:2019	MONDO:0100468	biolink:causes	1
0.9970546	HGNC:2019	MONDO:0009715	biolink:causes	1
0.9994848	HGNC:2022	MONDO:0010250	biolink:gene_associated_with_condition	1
0.9994848	HGNC:2022	MONDO:0010250	biolink:causes	1
0.9497911	HGNC:2077	MONDO:0011144	biolink:causes	1
0.38729018	HGNC:2088	MONDO:0060729	biolink:causes	1
0.9857744	HGNC:105	MONDO:0009007	biolink:causes	1
0.99775594	HGNC:18620	MONDO:0019407	biolink:gene_associated_with_condition	1
0.9538657	HGNC:2197	MONDO:0007244	biolink:gene_associated_with_condition	1
0.9757534	HGNC:2197	MONDO:0008148	biolink:gene_associated_with_condition	1
0.9925299	HGNC:2197	MONDO:0014343	biolink:causes	1
0.9853314	HGNC:2197	MONDO:0020521	biolink:causes	1
0.9939441	HGNC:2200	MONDO:0008490	biolink:causes	1
0.63758653	HGNC:2200	MONDO:0016202	biolink:gene_associated_with_condition	1
0.9974463	HGNC:2200	MONDO:0008476	biolink:causes	1
0.9933756	HGNC:2200	MONDO:0011496	biolink:gene_associated_with_condition	1
0.9933756	HGNC:2200	MONDO:0011496	biolink:causes	1
0.99860185	HGNC:2200	MONDO:0007895	biolink:gene_associated_with_condition	1
0.99337363	HGNC:2200	MONDO:0008479	biolink:causes	1
0.9811095	HGNC:2200	MONDO:0012287	biolink:causes	1
0.99907243	HGNC:2200	MONDO:0007949	biolink:causes	1
0.97302216	HGNC:2200	MONDO:0019669	biolink:gene_associated_with_condition	1
0.99597424	HGNC:2185	MONDO:0014343	biolink:causes	1
0.9895096	HGNC:2188	MONDO:0014654	biolink:causes	1
0.99314284	HGNC:2188	MONDO:0034022	biolink:gene_associated_with_condition	1
0.9971424	HGNC:22986	MONDO:0014343	biolink:causes	1
0.9987748	HGNC:22986	MONDO:0014061	biolink:gene_associated_with_condition	1
0.9905471	HGNC:17213	MONDO:0014343	biolink:causes	1
0.995659	HGNC:2226	MONDO:0020346	biolink:gene_associated_with_condition	1
0.47694543	HGNC:2230	MONDO:0014629	biolink:gene_associated_with_condition	1
0.47694543	HGNC:2230	MONDO:0014629	biolink:contributes_to	1
0.9796386	HGNC:16812	MONDO:0012784	biolink:gene_associated_with_condition	1
0.7054194	HGNC:2252	MONDO:0014168	biolink:gene_associated_with_condition	1
0.9997776	HGNC:2261	MONDO:0859520	biolink:causes	1
0.9999908	HGNC:20213	MONDO:0859160	biolink:causes	1
0.9826622	HGNC:2326	MONDO:0859250	biolink:causes	1
0.30689287	HGNC:18688	MONDO:0014539	biolink:causes	1
0.009852252	HGNC:14630	MONDO:0035556	biolink:gene_associated_with_condition	1
0.9815694	HGNC:2379	MONDO:0008148	biolink:gene_associated_with_condition	1
0.92735475	HGNC:2379	MONDO:0009804	biolink:gene_associated_with_condition	1
0.99857485	HGNC:2379	MONDO:0012892	biolink:causes	1
0.99303657	HGNC:2379	MONDO:0014343	biolink:causes	1
0.8672777	HGNC:2395	MONDO:0007283	biolink:causes	1
0.9379051	HGNC:2411	MONDO:0011430	biolink:gene_associated_with_condition	1
0.92747664	HGNC:2411	MONDO:0018611	biolink:gene_associated_with_condition	1
0.026419692	HGNC:2411	MONDO:0020375	biolink:gene_associated_with_condition	1
0.74383116	HGNC:2418	MONDO:0014603	biolink:causes	1
0.7413394	HGNC:2472	MONDO:0012804	biolink:causes	1
0.98037523	HGNC:2478	MONDO:0032804	biolink:causes	1
0.9984419	HGNC:13723	MONDO:0014213	biolink:causes	1
0.202565	HGNC:2509	MONDO:0012162	biolink:causes	1
0.19368747	HGNC:2514	MONDO:0007564	biolink:gene_associated_with_condition	1
0.19368747	HGNC:2514	MONDO:0007564	biolink:causes	1
0.8452338	HGNC:2514	MONDO:0016216	biolink:gene_associated_with_condition	1
0.6091612	HGNC:2514	MONDO:0014035	biolink:causes	1
0.25882775	HGNC:2514	MONDO:0018055	biolink:gene_associated_with_condition	1
0.43795153	HGNC:2514	MONDO:0008673	biolink:gene_associated_with_condition	1
0.97488654	HGNC:9251	MONDO:0009737	biolink:causes	1
0.66636187	HGNC:2553	MONDO:0013782	biolink:gene_associated_with_condition	1
0.9990086	HGNC:10664	MONDO:0009598	biolink:gene_associated_with_condition	1
0.8999338	HGNC:10664	MONDO:0008377	biolink:causes	1
0.9243964	HGNC:2873	MONDO:0009606	biolink:causes	1
0.9996462	HGNC:2578	MONDO:0010600	biolink:causes	1
0.87392366	HGNC:2578	MONDO:0010389	biolink:causes	1
0.83537585	HGNC:2594	MONDO:0013301	biolink:gene_associated_with_condition	1
0.9971603	HGNC:2731	MONDO:0010077	biolink:gene_associated_with_condition	1
0.26325592	HGNC:18674	MONDO:0014809	biolink:gene_associated_with_condition	1
0.9999906	HGNC:2760	MONDO:0030457	biolink:causes	1
0.98010856	HGNC:2770	MONDO:0008407	biolink:causes	1
0.9051429	HGNC:2876	MONDO:0007424	biolink:causes	1
0.9952303	HGNC:2919	MONDO:0014343	biolink:causes	1
0.44252282	HGNC:2928	MONDO:0016097	biolink:gene_associated_with_condition	1
0.9993575	HGNC:21493	MONDO:0014203	biolink:causes	1
0.5044967	HGNC:5228	MONDO:0014866	biolink:gene_associated_with_condition	1
0.999814	HGNC:27030	MONDO:0014887	biolink:causes	1
0.60412586	HGNC:2956	MONDO:0013743	biolink:gene_associated_with_condition	1
0.86933535	HGNC:2976	MONDO:0011397	biolink:gene_associated_with_condition	1
0.86933535	HGNC:2976	MONDO:0011397	biolink:causes	1
0.98548156	HGNC:19190	MONDO:0014371	biolink:causes	1
0.9986443	HGNC:2995	MONDO:0011964	biolink:gene_associated_with_condition	1
0.99686915	HGNC:3005	MONDO:0012123	biolink:gene_associated_with_condition	1
0.9244659	HGNC:28769	MONDO:0008377	biolink:causes	1
0.80433506	HGNC:3036	MONDO:0017402	biolink:gene_associated_with_condition	1
0.9639221	HGNC:3048	MONDO:0014218	biolink:gene_associated_with_condition	1
0.9639221	HGNC:3048	MONDO:0014218	biolink:causes	1
0.95844275	HGNC:17328	MONDO:0013559	biolink:causes	1
0.6407056	HGNC:2961	MONDO:0013644	biolink:causes	1
0.84552747	HGNC:3146	MONDO:0013473	biolink:causes	1
0.9611082	HGNC:3218	MONDO:0008377	biolink:causes	1
0.9819288	HGNC:3226	MONDO:0014343	biolink:causes	1
0.90842324	HGNC:24650	MONDO:0019896	biolink:gene_associated_with_condition	1
0.8750643	HGNC:3260	MONDO:0015519	biolink:gene_associated_with_condition	1
0.9985885	HGNC:3330	MONDO:0010873	biolink:causes	1
0.9799673	HGNC:3356	MONDO:0014227	biolink:gene_associated_with_condition	1
0.95835763	HGNC:3356	MONDO:0008817	biolink:causes	1
0.9288484	HGNC:3356	MONDO:0009925	biolink:gene_associated_with_condition	1
0.8839004	HGNC:3373	MONDO:0013364	biolink:causes	1
0.79762626	HGNC:3373	MONDO:0020769	biolink:causes	1
0.71707386	HGNC:3374	MONDO:0016599	biolink:gene_associated_with_condition	1
0.62777555	HGNC:3395	MONDO:0020785	biolink:causes	1
0.7478969	HGNC:3423	MONDO:0043364	biolink:causes	1
0.08791593	HGNC:18173	MONDO:0007191	biolink:gene_associated_with_condition	1
0.8657604	HGNC:3436	MONDO:0019569	biolink:gene_associated_with_condition	1
0.3390031	HGNC:3468	MONDO:0032590	biolink:causes	1
0.99989545	HGNC:23287	MONDO:0011229	biolink:causes	1
0.4459089	HGNC:3508	MONDO:0019373	biolink:gene_associated_with_condition	1
0.8839628	MONDO:0000908	HGNC:2511	biolink:causes	1
0.80403155	MONDO:0006952	HGNC:7678	biolink:gene_associated_with_condition	1
0.94343555	MONDO:0007032	HGNC:1952	biolink:gene_associated_with_condition	1
0.9303679	MONDO:0007052	HGNC:358	biolink:causes	1
0.99999094	MONDO:0007064	HGNC:186	biolink:gene_associated_with_condition	1
0.9842003	MONDO:0007068	HGNC:291	biolink:gene_associated_with_condition	1
0.8773883	MONDO:0007072	HGNC:15979	biolink:causes	1
0.9960245	MONDO:0007080	HGNC:2592	biolink:gene_associated_with_condition	1
0.42200804	MONDO:0007088	HGNC:7876	biolink:contributes_to	1
0.95648545	MONDO:0007216	HGNC:1069	biolink:causes	1
0.92462933	MONDO:0007216	HGNC:1077	biolink:gene_associated_with_condition	1
0.98802674	MONDO:0007216	HGNC:4220	biolink:gene_associated_with_condition	1
0.98802674	MONDO:0007216	HGNC:4220	biolink:causes	1
0.963803	MONDO:0007232	HGNC:18083	biolink:gene_associated_with_condition	1
0.963803	MONDO:0007232	HGNC:18083	biolink:causes	1
0.9538657	MONDO:0007244	HGNC:2197	biolink:gene_associated_with_condition	1
0.3293381	MONDO:0007288	HGNC:3386	biolink:causes	1
0.9963875	MONDO:0007340	HGNC:10472	biolink:causes	1
0.56698525	MONDO:0007376	HGNC:23785	biolink:gene_associated_with_condition	1
0.96916246	MONDO:0007380	HGNC:11771	biolink:gene_associated_with_condition	1
0.96916246	MONDO:0007380	HGNC:11771	biolink:causes	1
0.91109586	MONDO:0007400	HGNC:3688	biolink:causes	1
0.97473687	MONDO:0007400	HGNC:3689	biolink:gene_associated_with_condition	1
0.33058304	MONDO:0007404	HGNC:2516	biolink:gene_associated_with_condition	1
0.06745008	MONDO:0007404	HGNC:10736	biolink:gene_associated_with_condition	1
0.98953164	MONDO:0007412	HGNC:3689	biolink:causes	1
0.9051429	MONDO:0007424	HGNC:2876	biolink:causes	1
0.059992533	MONDO:0007488	HGNC:11138	biolink:causes	1
0.94992906	MONDO:0007508	HGNC:15979	biolink:causes	1
0.9991596	MONDO:0007524	HGNC:1044	biolink:causes	1
0.9974597	MONDO:0007524	HGNC:11773	biolink:causes	1
0.9990608	MONDO:0007524	HGNC:11769	biolink:causes	1
0.99941564	MONDO:0007524	HGNC:14107	biolink:causes	1
0.99945396	MONDO:0007524	HGNC:2201	biolink:causes	1
0.9983146	MONDO:0007524	HGNC:3219	biolink:causes	1
0.591615	MONDO:0007540	HGNC:7010	biolink:causes	1
0.91223395	MONDO:0007556	HGNC:6416	biolink:gene_associated_with_condition	1
0.19368747	MONDO:0007564	HGNC:2514	biolink:gene_associated_with_condition	1
0.19368747	MONDO:0007564	HGNC:2514	biolink:causes	1
0.98203397	MONDO:0007572	HGNC:3416	biolink:causes	1
0.97577626	MONDO:0007572	HGNC:29605	biolink:causes	1
0.9998441	MONDO:0007636	HGNC:449	biolink:causes	1
0.3784053	MONDO:0007648	HGNC:6858	biolink:gene_associated_with_condition	1
0.76640165	MONDO:0007664	HGNC:7610	biolink:causes	1
0.07961377	MONDO:0007672	HGNC:14373	biolink:causes	1
0.96749866	MONDO:0007688	HGNC:6770	biolink:causes	1
0.9485453	MONDO:0007704	HGNC:6909	biolink:contributes_to	1
0.80902165	MONDO:0007716	HGNC:4824	biolink:gene_associated_with_condition	1
0.83026654	MONDO:0007716	HGNC:4823	biolink:gene_associated_with_condition	1
0.9923184	MONDO:0007740	HGNC:19317	biolink:causes	1
0.9907419	MONDO:0007740	HGNC:2187	biolink:causes	1
0.9815362	MONDO:0007740	HGNC:10994	biolink:causes	1
0.977979	MONDO:0007740	HGNC:2464	biolink:gene_associated_with_condition	1
0.99301004	MONDO:0007740	HGNC:2219	biolink:causes	1
0.9940063	MONDO:0007740	HGNC:2217	biolink:causes	1
0.51753896	MONDO:0007744	HGNC:1869	biolink:causes	1
0.005593841	MONDO:0007748	HGNC:21285	biolink:contributes_to	1
0.81903124	MONDO:0007768	HGNC:16783	biolink:gene_associated_with_condition	1
0.49778152	MONDO:0007792	HGNC:4379	biolink:causes	1
0.87068105	MONDO:0007808	HGNC:6412	biolink:gene_associated_with_condition	1
0.9978709	MONDO:0007828	HGNC:20152	biolink:causes	1
0.41162643	MONDO:0007856	HGNC:20788	biolink:gene_associated_with_condition	1
0.41162643	MONDO:0007856	HGNC:20788	biolink:causes	1
0.8915748	MONDO:0007888	HGNC:3700	biolink:gene_associated_with_condition	1
0.9988483	MONDO:0007892	HGNC:9587	biolink:causes	1
0.3903908	MONDO:0007932	HGNC:34	biolink:contributes_to	1
0.9800602	MONDO:0007944	HGNC:11654	biolink:causes	1
0.53782815	MONDO:0008000	HGNC:3179	biolink:contributes_to	1
0.7253208	MONDO:0008048	HGNC:26190	biolink:contributes_to	1
0.9757534	MONDO:0008148	HGNC:2197	biolink:gene_associated_with_condition	1
0.9815694	MONDO:0008148	HGNC:2379	biolink:gene_associated_with_condition	1
0.9213216	MONDO:0008148	HGNC:9255	biolink:gene_associated_with_condition	1
0.95617193	MONDO:0008156	HGNC:2025	biolink:gene_associated_with_condition	1
0.42552045	MONDO:0008176	HGNC:11280	biolink:causes	1
0.24276549	MONDO:0008244	HGNC:11094	biolink:gene_associated_with_condition	1
0.4159829	MONDO:0008276	HGNC:6770	biolink:gene_associated_with_condition	1
0.27621242	MONDO:0008276	HGNC:1076	biolink:gene_associated_with_condition	1
0.784414	MONDO:0008280	HGNC:11389	biolink:causes	1
0.99258304	MONDO:0008316	HGNC:9451	biolink:causes	1
0.95529556	MONDO:0008332	HGNC:4439	biolink:gene_associated_with_condition	1
0.09770205	MONDO:0008340	HGNC:30939	biolink:gene_associated_with_condition	1
0.04934025	MONDO:0008340	HGNC:18603	biolink:gene_associated_with_condition	1
0.96929306	MONDO:0008368	HGNC:11027	biolink:causes	1
0.99939644	MONDO:0008392	HGNC:7225	biolink:gene_associated_with_condition	1
0.99939644	MONDO:0008392	HGNC:7225	biolink:causes	1
0.977445	MONDO:0008392	HGNC:9118	biolink:gene_associated_with_condition	1
0.43480322	MONDO:0008416	HGNC:18398	biolink:gene_associated_with_condition	1
0.43480322	MONDO:0008416	HGNC:18398	biolink:causes	1
0.9961473	MONDO:0008436	HGNC:1839	biolink:causes	1
0.9974463	MONDO:0008476	HGNC:2200	biolink:causes	1
0.58040535	MONDO:0008572	HGNC:10848	biolink:gene_associated_with_condition	1
0.94255155	MONDO:0008572	HGNC:13243	biolink:gene_associated_with_condition	1
0.9702496	MONDO:0008592	HGNC:2916	biolink:causes	1
0.9996221	MONDO:0008644	HGNC:2846	biolink:causes	1
0.98649037	MONDO:0008660	HGNC:3680	biolink:gene_associated_with_condition	1
0.9999882	MONDO:0008684	HGNC:2309	biolink:gene_associated_with_condition	1
0.23143275	MONDO:0008684	HGNC:12768	biolink:gene_associated_with_condition	1
0.5109686	MONDO:0008684	HGNC:25985	biolink:gene_associated_with_condition	1
0.97022915	MONDO:0008700	HGNC:13243	biolink:gene_associated_with_condition	1
0.6795284	MONDO:0008720	HGNC:11596	biolink:gene_associated_with_condition	1
0.6795284	MONDO:0008720	HGNC:11596	biolink:causes	1
0.99964106	MONDO:0008740	HGNC:9142	biolink:gene_associated_with_condition	1
0.98849547	MONDO:0008764	HGNC:4689	biolink:causes	1
0.99449325	MONDO:0008772	HGNC:6365	biolink:causes	1
0.74717176	MONDO:0008788	HGNC:16517	biolink:gene_associated_with_condition	1
0.74607754	MONDO:0008860	HGNC:14412	biolink:causes	1
0.9913669	MONDO:0008872	HGNC:16068	biolink:gene_associated_with_condition	1
0.999393	MONDO:0008964	HGNC:3018	biolink:gene_associated_with_condition	1
0.999393	MONDO:0008964	HGNC:3018	biolink:causes	1
0.9987796	MONDO:0008972	HGNC:8860	biolink:gene_associated_with_condition	1
0.9819838	MONDO:0009008	HGNC:28027	biolink:gene_associated_with_condition	1
0.9942433	MONDO:0009052	HGNC:3602	biolink:causes	1
0.9961928	MONDO:0009064	HGNC:2518	biolink:causes	1
0.9939493	MONDO:0009104	HGNC:6694	biolink:gene_associated_with_condition	1
0.9928179	MONDO:0009140	HGNC:5273	biolink:gene_associated_with_condition	1
0.9999927	MONDO:0009168	HGNC:20105	biolink:causes	1
0.9554652	MONDO:0009192	HGNC:3255	biolink:gene_associated_with_condition	1
0.9841353	MONDO:0009212	HGNC:3528	biolink:causes	1
0.99995816	MONDO:0009216	HGNC:11006	biolink:causes	1
0.98973036	MONDO:0009232	HGNC:12786	biolink:causes	1
0.864462	MONDO:0009252	HGNC:6315	biolink:causes	1
0.9971841	MONDO:0009260	HGNC:4298	biolink:causes	1
0.9074258	MONDO:0009300	HGNC:21176	biolink:gene_associated_with_condition	1
0.908535	MONDO:0009300	HGNC:4817	biolink:gene_associated_with_condition	1
0.9995504	MONDO:0009324	HGNC:27960	biolink:causes	1
0.7127442	MONDO:0009360	HGNC:19967	biolink:causes	1
0.99997854	MONDO:0009364	HGNC:9202	biolink:causes	1
0.43370068	MONDO:0009380	HGNC:53	biolink:causes	1
0.7493443	MONDO:0009416	HGNC:392	biolink:gene_associated_with_condition	1
0.27777186	MONDO:0009472	HGNC:7646	biolink:causes	1
0.9964875	MONDO:0009504	HGNC:11449	biolink:causes	1
0.99978167	MONDO:0009520	HGNC:5005	biolink:gene_associated_with_condition	1
0.99978167	MONDO:0009520	HGNC:5005	biolink:causes	1
0.9978988	MONDO:0009544	HGNC:21066	biolink:causes	1
0.9956749	MONDO:0009624	HGNC:18127	biolink:causes	1
0.9222978	MONDO:0009624	HGNC:16691	biolink:gene_associated_with_condition	1
0.99878615	MONDO:0009636	HGNC:2858	biolink:gene_associated_with_condition	1
0.99878615	MONDO:0009636	HGNC:2858	biolink:causes	1
0.844303	MONDO:0009664	HGNC:7523	biolink:gene_associated_with_condition	1
0.010431807	MONDO:0009672	HGNC:7634	biolink:gene_associated_with_condition	1
0.98819834	MONDO:0009708	HGNC:7577	biolink:gene_associated_with_condition	1
0.98819834	MONDO:0009708	HGNC:7577	biolink:causes	1
0.32382405	MONDO:0009728	HGNC:29536	biolink:gene_associated_with_condition	1
0.031223027	MONDO:0009728	HGNC:13202	biolink:gene_associated_with_condition	1
0.99235004	MONDO:0009736	HGNC:8923	biolink:gene_associated_with_condition	1
0.892292	MONDO:0009760	HGNC:6217	biolink:gene_associated_with_condition	1
0.9422373	MONDO:0009776	HGNC:11490	biolink:causes	1
0.91770303	MONDO:0009796	HGNC:8091	biolink:gene_associated_with_condition	1
0.678934	MONDO:0009804	HGNC:15455	biolink:gene_associated_with_condition	1
0.88121223	MONDO:0009804	HGNC:12774	biolink:gene_associated_with_condition	1
0.92735475	MONDO:0009804	HGNC:2379	biolink:gene_associated_with_condition	1
0.90529114	MONDO:0009804	HGNC:18169	biolink:gene_associated_with_condition	1
0.89374185	MONDO:0009804	HGNC:19316	biolink:gene_associated_with_condition	1
0.99734384	MONDO:0009820	HGNC:6597	biolink:causes	1
0.98862714	MONDO:0009820	HGNC:6305	biolink:causes	1
0.9992085	MONDO:0009820	HGNC:26185	biolink:causes	1
0.9949988	MONDO:0009820	HGNC:12776	biolink:causes	1
0.9946168	MONDO:0009820	HGNC:19316	biolink:causes	1
0.93990177	MONDO:0009820	HGNC:8548	biolink:causes	1
0.9971396	MONDO:0009820	HGNC:10706	biolink:causes	1
0.99875915	MONDO:0009820	HGNC:26887	biolink:causes	1
0.9998486	MONDO:0009820	HGNC:3054	biolink:causes	1
0.9616623	MONDO:0009872	HGNC:1020	biolink:gene_associated_with_condition	1
0.1900679	MONDO:0009892	HGNC:12687	biolink:gene_associated_with_condition	1
0.9792099	MONDO:0009904	HGNC:2027	biolink:gene_associated_with_condition	1
0.40337464	MONDO:0009928	HGNC:11020	biolink:causes	1
0.46225327	MONDO:0009960	HGNC:5331	biolink:contributes_to	1
0.9709564	MONDO:0010000	HGNC:17296	biolink:causes	1
0.98082316	MONDO:0010028	HGNC:23657	biolink:gene_associated_with_condition	1
0.9980692	MONDO:0010044	HGNC:20761	biolink:causes	1
0.9020857	MONDO:0010056	HGNC:11117	biolink:causes	1
0.63636035	MONDO:0010056	HGNC:11118	biolink:gene_associated_with_condition	1
0.99936837	MONDO:0010092	HGNC:26877	biolink:gene_associated_with_condition	1
0.99936837	MONDO:0010092	HGNC:26877	biolink:causes	1
0.9617277	MONDO:0010160	HGNC:11573	biolink:gene_associated_with_condition	1
0.98727685	MONDO:0010176	HGNC:30497	biolink:gene_associated_with_condition	1
0.98810184	MONDO:0010176	HGNC:29162	biolink:gene_associated_with_condition	1
0.9999964	MONDO:0010184	HGNC:24525	biolink:causes	1
0.9976278	MONDO:0010188	HGNC:12404	biolink:gene_associated_with_condition	1
0.7884906	MONDO:0010232	HGNC:3754	biolink:causes	1
0.9994838	MONDO:0010292	HGNC:3702	biolink:causes	1
0.09004874	MONDO:0010296	HGNC:13867	biolink:causes	1
0.96154875	MONDO:0010356	HGNC:897	biolink:gene_associated_with_condition	1
0.9227322	MONDO:0010392	HGNC:8896	biolink:gene_associated_with_condition	1
0.99020046	MONDO:0010400	HGNC:3702	biolink:gene_associated_with_condition	1
0.8946031	MONDO:0010404	HGNC:816	biolink:gene_associated_with_condition	1
0.9809786	MONDO:0010424	HGNC:2435	biolink:causes	1
0.9775533	MONDO:0010496	HGNC:19073	biolink:gene_associated_with_condition	1
0.99715483	MONDO:0010504	HGNC:868	biolink:causes	1
0.99926394	MONDO:0010524	HGNC:48	biolink:causes	1
0.93993324	MONDO:0010544	HGNC:7820	biolink:causes	1
0.74308753	MONDO:0010580	HGNC:6106	biolink:causes	1
0.9999995	MONDO:0010592	HGNC:17652	biolink:gene_associated_with_condition	1
0.9999995	MONDO:0010592	HGNC:17652	biolink:causes	1
0.9996462	MONDO:0010600	HGNC:2578	biolink:causes	1
0.99712104	MONDO:0010656	HGNC:29059	biolink:gene_associated_with_condition	1
0.9994168	MONDO:0010664	HGNC:11123	biolink:gene_associated_with_condition	1
0.90782374	MONDO:0010704	HGNC:3754	biolink:causes	1
0.33959347	MONDO:0010720	HGNC:644	biolink:gene_associated_with_condition	1
0.99947935	MONDO:0010752	HGNC:3583	biolink:causes	1
0.85428596	MONDO:0010780	HGNC:25481	biolink:gene_associated_with_condition	1
0.9920638	MONDO:0010792	HGNC:7499	biolink:gene_associated_with_condition	1
0.48006094	MONDO:0010808	HGNC:9449	biolink:gene_associated_with_condition	1
0.39072645	MONDO:0010820	HGNC:8607	biolink:causes	1
0.94346124	MONDO:0010848	HGNC:11276	biolink:causes	1
0.540288	MONDO:0010856	HGNC:9008	biolink:gene_associated_with_condition	1
0.81064177	MONDO:0010952	HGNC:3999	biolink:gene_associated_with_condition	1
0.99559057	MONDO:0010964	HGNC:2219	biolink:causes	1
0.99924135	MONDO:0010992	HGNC:6776	biolink:causes	1
0.9999856	MONDO:0011132	HGNC:12765	biolink:causes	1
0.770822	MONDO:0011136	HGNC:9052	biolink:gene_associated_with_condition	1
0.9497911	MONDO:0011144	HGNC:2077	biolink:causes	1
0.988432	MONDO:0011156	HGNC:42	biolink:gene_associated_with_condition	1
0.988432	MONDO:0011156	HGNC:42	biolink:causes	1
0.8229759	MONDO:0011184	HGNC:13875	biolink:causes	1
0.99853325	MONDO:0011412	HGNC:8943	biolink:causes	1
0.9255343	MONDO:0011428	HGNC:15979	biolink:causes	1
0.9990717	MONDO:0011436	HGNC:5542	biolink:causes	1
0.7431815	MONDO:0011448	HGNC:9236	biolink:gene_associated_with_condition	1
0.48952386	MONDO:0011464	HGNC:19141	biolink:causes	1
0.70424044	MONDO:0011472	HGNC:9023	biolink:causes	1
0.97205037	MONDO:0011484	HGNC:12261	biolink:causes	1
0.9933756	MONDO:0011496	HGNC:2200	biolink:gene_associated_with_condition	1
0.9933756	MONDO:0011496	HGNC:2200	biolink:causes	1
0.98763007	MONDO:0011504	HGNC:17619	biolink:gene_associated_with_condition	1
0.98763007	MONDO:0011504	HGNC:17619	biolink:causes	1
0.7877269	MONDO:0011528	HGNC:13203	biolink:causes	1
0.3594808	MONDO:0011532	HGNC:5261	biolink:causes	1
0.8649753	MONDO:0011540	HGNC:9402	biolink:causes	1
0.464297	MONDO:0011556	HGNC:9871	biolink:causes	1
0.87327915	MONDO:0011556	HGNC:11119	biolink:causes	1
0.9386766	MONDO:0011556	HGNC:9585	biolink:causes	1
0.7970852	MONDO:0011584	HGNC:1101	biolink:causes	1
0.9985753	MONDO:0011604	HGNC:15517	biolink:causes	1
0.996436	MONDO:0011628	HGNC:8653	biolink:gene_associated_with_condition	1
0.9922368	MONDO:0011628	HGNC:8654	biolink:gene_associated_with_condition	1
0.61038274	MONDO:0011672	HGNC:16393	biolink:gene_associated_with_condition	1
0.92621267	MONDO:0011708	HGNC:16513	biolink:causes	1
0.9586345	MONDO:0011724	HGNC:11005	biolink:gene_associated_with_condition	1
0.9586345	MONDO:0011724	HGNC:11005	biolink:causes	1
0.9798513	MONDO:0011740	HGNC:10682	biolink:gene_associated_with_condition	1
0.97681135	MONDO:0011740	HGNC:10683	biolink:gene_associated_with_condition	1
0.97681135	MONDO:0011740	HGNC:10683	biolink:causes	1
0.9689719	MONDO:0011756	HGNC:19104	biolink:causes	1
0.9934958	MONDO:0011760	HGNC:5391	biolink:gene_associated_with_condition	1
0.9934958	MONDO:0011760	HGNC:5391	biolink:causes	1
0.45814633	MONDO:0011784	HGNC:14539	biolink:contributes_to	1
0.9996592	MONDO:0011816	HGNC:10547	biolink:gene_associated_with_condition	1
0.9996592	MONDO:0011816	HGNC:10547	biolink:causes	1
0.39976132	MONDO:0011836	HGNC:17194	biolink:contributes_to	1
0.995129	MONDO:0011904	HGNC:10588	biolink:gene_associated_with_condition	1
0.46105906	MONDO:0011908	HGNC:17073	biolink:causes	1
0.9986639	MONDO:0011916	HGNC:15968	biolink:gene_associated_with_condition	1
0.8282436	MONDO:0011932	HGNC:21307	biolink:causes	1
0.9986443	MONDO:0011964	HGNC:2995	biolink:gene_associated_with_condition	1
0.9942701	MONDO:0011968	HGNC:10805	biolink:gene_associated_with_condition	1
0.9942701	MONDO:0011968	HGNC:10805	biolink:causes	1
0.6091598	MONDO:0011972	HGNC:3969	biolink:gene_associated_with_condition	1
0.82316566	MONDO:0011984	HGNC:3600	biolink:gene_associated_with_condition	1
0.82316566	MONDO:0011984	HGNC:3600	biolink:causes	1
0.5443105	MONDO:0012004	HGNC:16783	biolink:causes	1
0.9648757	MONDO:0012044	HGNC:11771	biolink:causes	1
0.2586605	MONDO:0012080	HGNC:5246	biolink:causes	1
0.99997234	MONDO:0012084	HGNC:2719	biolink:causes	1
0.8726128	MONDO:0012092	HGNC:7808	biolink:causes	1
0.9349221	MONDO:0012096	HGNC:30171	biolink:causes	1
0.9999999	MONDO:0012116	HGNC:32925	biolink:gene_associated_with_condition	1
0.9280269	MONDO:0012124	HGNC:12382	biolink:causes	1
0.99661154	MONDO:0012156	HGNC:1955	biolink:causes	1
0.99583507	MONDO:0012184	HGNC:6487	biolink:gene_associated_with_condition	1
0.9780291	MONDO:0012204	HGNC:47	biolink:causes	1
0.9993461	MONDO:0012216	HGNC:32434	biolink:causes	1
0.8871434	MONDO:0012256	HGNC:19714	biolink:gene_associated_with_condition	1
0.9898489	MONDO:0012276	HGNC:6284	biolink:causes	1
0.97353685	MONDO:0012280	HGNC:23419	biolink:causes	1
0.8707866	MONDO:0012292	HGNC:18365	biolink:contributes_to	1
0.73706186	MONDO:0012348	HGNC:1848	biolink:causes	1
0.9971607	MONDO:0012368	HGNC:177	biolink:gene_associated_with_condition	1
0.7761487	MONDO:0012396	HGNC:10922	biolink:causes	1
0.9999987	MONDO:0012400	HGNC:13830	biolink:gene_associated_with_condition	1
0.99157083	MONDO:0012412	HGNC:1346	biolink:causes	1
0.9942515	MONDO:0012444	HGNC:9039	biolink:causes	1
0.9968622	MONDO:0012456	HGNC:3808	biolink:causes	1
0.82417995	MONDO:0012460	HGNC:21253	biolink:causes	1
0.97919923	MONDO:0012472	HGNC:18518	biolink:causes	1
0.34852526	MONDO:0012488	HGNC:5433	biolink:contributes_to	1
0.52971935	MONDO:0012488	HGNC:5965	biolink:contributes_to	1
0.2966959	MONDO:0012520	HGNC:6091	biolink:causes	1
0.9630673	MONDO:0012544	HGNC:5136	biolink:gene_associated_with_condition	1
0.9630673	MONDO:0012544	HGNC:5136	biolink:causes	1
0.67035973	MONDO:0012552	HGNC:1785	biolink:causes	1
0.9240731	MONDO:0012588	HGNC:28486	biolink:causes	1
0.9916198	MONDO:0012596	HGNC:19129	biolink:gene_associated_with_condition	1
0.9916198	MONDO:0012596	HGNC:19129	biolink:causes	1
0.99306947	MONDO:0012604	HGNC:18662	biolink:causes	1
0.8706009	MONDO:0012624	HGNC:21497	biolink:causes	1
0.88739276	MONDO:0012648	HGNC:87	biolink:causes	1
0.9842131	MONDO:0012652	HGNC:27337	biolink:gene_associated_with_condition	1
0.9842131	MONDO:0012652	HGNC:27337	biolink:causes	1
0.09401351	MONDO:0012656	HGNC:8996	biolink:causes	1
0.97415835	MONDO:0012700	HGNC:11027	biolink:gene_associated_with_condition	1
0.97415835	MONDO:0012700	HGNC:11027	biolink:causes	1
0.96034986	MONDO:0012720	HGNC:9498	biolink:causes	1
0.99644667	MONDO:0012724	HGNC:22938	biolink:gene_associated_with_condition	1
0.707554	MONDO:0012764	HGNC:26661	biolink:causes	1
0.9796386	MONDO:0012784	HGNC:16812	biolink:gene_associated_with_condition	1
0.9930179	MONDO:0012792	HGNC:17296	biolink:causes	1
0.7413394	MONDO:0012804	HGNC:2472	biolink:causes	1
0.9441408	MONDO:0012808	HGNC:164	biolink:causes	1
0.9521572	MONDO:0012812	HGNC:11444	biolink:gene_associated_with_condition	1
0.944863	MONDO:0012816	HGNC:7939	biolink:causes	1
0.99874663	MONDO:0012864	HGNC:21637	biolink:gene_associated_with_condition	1
0.98043275	MONDO:0012868	HGNC:9456	biolink:causes	1
0.9993549	MONDO:0012892	HGNC:23088	biolink:causes	1
0.99773264	MONDO:0012892	HGNC:12774	biolink:causes	1
0.99867624	MONDO:0012892	HGNC:15517	biolink:causes	1
0.9999856	MONDO:0012892	HGNC:452	biolink:causes	1
0.99421173	MONDO:0012892	HGNC:9083	biolink:gene_associated_with_condition	1
0.99857485	MONDO:0012892	HGNC:2379	biolink:causes	1
0.9992557	MONDO:0012892	HGNC:25535	biolink:causes	1
0.9777771	MONDO:0012892	HGNC:9091	biolink:causes	1
0.99782467	MONDO:0012892	HGNC:1067	biolink:causes	1
0.9999008	MONDO:0012892	HGNC:30301	biolink:causes	1
0.99960595	MONDO:0012892	HGNC:28395	biolink:causes	1
0.9993886	MONDO:0012892	HGNC:26887	biolink:causes	1
0.99949443	MONDO:0012892	HGNC:15516	biolink:causes	1
0.99756974	MONDO:0012892	HGNC:2198	biolink:causes	1
0.99566394	MONDO:0012892	HGNC:19880	biolink:causes	1
0.43725958	MONDO:0012904	HGNC:17019	biolink:causes	1
0.69270205	MONDO:0012912	HGNC:4392	biolink:gene_associated_with_condition	1
0.69270205	MONDO:0012912	HGNC:4392	biolink:causes	1
0.5169086	MONDO:0012924	HGNC:10397	biolink:causes	1
0.99898726	MONDO:0012980	HGNC:21219	biolink:causes	1
0.999995	MONDO:0012996	HGNC:4175	biolink:gene_associated_with_condition	1
0.96293586	MONDO:0013016	HGNC:23151	biolink:gene_associated_with_condition	1
0.96293586	MONDO:0013016	HGNC:23151	biolink:causes	1
0.6682245	MONDO:0013028	HGNC:468	biolink:gene_associated_with_condition	1
0.89488125	MONDO:0013032	HGNC:1514	biolink:contributes_to	1
0.8302891	MONDO:0013052	HGNC:15646	biolink:causes	1
0.9912067	MONDO:0013056	HGNC:10982	biolink:gene_associated_with_condition	1
0.9989967	MONDO:0013060	HGNC:9039	biolink:gene_associated_with_condition	1
0.9989967	MONDO:0013060	HGNC:9039	biolink:causes	1
0.8771253	MONDO:0013072	HGNC:17084	biolink:causes	1
0.1755509	MONDO:0013108	HGNC:959	biolink:causes	1
0.89311105	MONDO:0013108	HGNC:11557	biolink:causes	1
0.8431328	MONDO:0013116	HGNC:4236	biolink:causes	1
0.9779895	MONDO:0013156	HGNC:3622	biolink:causes	1
0.9999591	MONDO:0013164	HGNC:16297	biolink:gene_associated_with_condition	1
0.70813054	MONDO:0013184	HGNC:11529	biolink:causes	1
0.9971739	MONDO:0013208	HGNC:25355	biolink:gene_associated_with_condition	1
0.9440361	MONDO:0013212	HGNC:20	biolink:causes	1
0.57986146	MONDO:0013216	HGNC:10383	biolink:causes	1
0.9997639	MONDO:0013228	HGNC:951	biolink:causes	1
0.5557224	MONDO:0013236	HGNC:26144	biolink:contributes_to	1
0.9815186	MONDO:0013244	HGNC:9607	biolink:causes	1
0.9991386	MONDO:0013256	HGNC:19353	biolink:gene_associated_with_condition	1
0.9991386	MONDO:0013256	HGNC:19353	biolink:causes	1
0.999944	MONDO:0013268	HGNC:450	biolink:causes	1
0.94984174	MONDO:0013276	HGNC:6518	biolink:causes	1
0.8509856	MONDO:0013288	HGNC:1698	biolink:causes	1
0.8330086	MONDO:0013312	HGNC:13210	biolink:causes	1
0.99753916	MONDO:0013352	HGNC:3823	biolink:causes	1
0.8839004	MONDO:0013364	HGNC:3373	biolink:causes	1
0.4828446	MONDO:0013384	HGNC:3178	biolink:contributes_to	1
0.9841925	MONDO:0013388	HGNC:10588	biolink:causes	1
0.91070306	MONDO:0013400	HGNC:2590	biolink:causes	1
0.81389064	MONDO:0013404	HGNC:343	biolink:causes	1
0.9244537	MONDO:0013444	HGNC:13387	biolink:causes	1
0.8704239	MONDO:0013460	HGNC:17321	biolink:causes	1
0.9610187	MONDO:0013512	HGNC:4824	biolink:causes	1
0.9729883	MONDO:0013512	HGNC:4823	biolink:gene_associated_with_condition	1
0.91348296	MONDO:0013536	HGNC:5013	biolink:causes	1
0.42594758	MONDO:0013588	HGNC:2084	biolink:causes	1
0.9978327	MONDO:0013624	HGNC:6823	biolink:causes	1
0.80760044	MONDO:0013640	HGNC:5476	biolink:gene_associated_with_condition	1
0.6407056	MONDO:0013644	HGNC:2961	biolink:causes	1
0.9298981	MONDO:0013664	HGNC:385	biolink:gene_associated_with_condition	1
0.753916	MONDO:0013664	HGNC:387	biolink:gene_associated_with_condition	1
0.010747049	MONDO:0013696	HGNC:8008	biolink:contributes_to	1
0.18930224	MONDO:0013752	HGNC:2488	biolink:causes	1
0.99640936	MONDO:0013756	HGNC:10955	biolink:causes	1
0.95853734	MONDO:0013768	HGNC:57	biolink:causes	1
0.99884415	MONDO:0013800	HGNC:18625	biolink:causes	1
0.9775918	MONDO:0013836	HGNC:20233	biolink:gene_associated_with_condition	1
0.986505	MONDO:0013840	HGNC:2244	biolink:gene_associated_with_condition	1
0.9623094	MONDO:0013864	HGNC:9811	biolink:causes	1
0.5101698	MONDO:0013872	HGNC:14198	biolink:contributes_to	1
0.83788866	MONDO:0013892	HGNC:4888	biolink:gene_associated_with_condition	1
0.998114	MONDO:0013892	HGNC:24668	biolink:causes	1
0.93659693	MONDO:0013896	HGNC:24519	biolink:causes	1
0.98774964	MONDO:0013912	HGNC:11521	biolink:causes	1
0.999995	MONDO:0013932	HGNC:9717	biolink:causes	1
0.972391	MONDO:0013948	HGNC:8858	biolink:causes	1
0.78934383	MONDO:0013964	HGNC:10327	biolink:causes	1
0.9990759	MONDO:0013968	HGNC:8905	biolink:gene_associated_with_condition	1
0.78076553	MONDO:0013992	HGNC:6554	biolink:gene_associated_with_condition	1
0.4075382	MONDO:0014004	HGNC:8804	biolink:causes	1
0.81604934	MONDO:0014012	HGNC:23537	biolink:causes	1
0.98564506	MONDO:0014020	HGNC:26784	biolink:gene_associated_with_condition	1
0.98564506	MONDO:0014020	HGNC:26784	biolink:causes	1
0.99229217	MONDO:0014040	HGNC:14974	biolink:causes	1
0.5219116	MONDO:0014048	HGNC:391	biolink:causes	1
0.8136414	MONDO:0014052	HGNC:329	biolink:causes	1
0.9916088	MONDO:0014060	HGNC:9922	biolink:gene_associated_with_condition	1
0.9533728	MONDO:0014072	HGNC:10979	biolink:causes	1
0.7736941	MONDO:0014080	HGNC:18608	biolink:causes	1
0.5744106	MONDO:0014112	HGNC:6407	biolink:causes	1
0.999597	MONDO:0014132	HGNC:27302	biolink:gene_associated_with_condition	1
0.19669166	MONDO:0014148	HGNC:3467	biolink:causes	1
0.6354792	MONDO:0014152	HGNC:14000	biolink:causes	1
0.8628208	MONDO:0014156	HGNC:10589	biolink:causes	1
0.7054194	MONDO:0014168	HGNC:2252	biolink:gene_associated_with_condition	1
0.6428046	MONDO:0014180	HGNC:1090	biolink:gene_associated_with_condition	1
0.010209773	MONDO:0014184	HGNC:26230	biolink:contributes_to	1
0.99989235	MONDO:0014192	HGNC:19412	biolink:causes	1
0.87944794	MONDO:0014224	HGNC:4868	biolink:causes	1
0.99975556	MONDO:0014240	HGNC:21056	biolink:causes	1
0.9717319	MONDO:0014244	HGNC:10583	biolink:gene_associated_with_condition	1
0.99471754	MONDO:0014276	HGNC:1675	biolink:gene_associated_with_condition	1
0.9999826	MONDO:0014296	HGNC:16133	biolink:causes	1
0.99929464	MONDO:0014320	HGNC:7975	biolink:causes	1
0.9976865	MONDO:0014392	HGNC:23089	biolink:causes	1
0.9208022	MONDO:0014412	HGNC:24945	biolink:causes	1
0.981723	MONDO:0014460	HGNC:2799	biolink:causes	1
0.9649057	MONDO:0014468	HGNC:11510	biolink:causes	1
0.9346609	MONDO:0014480	HGNC:16700	biolink:causes	1
0.55654967	MONDO:0014484	HGNC:1777	biolink:causes	1
0.6165336	MONDO:0014492	HGNC:29300	biolink:causes	1
0.98660153	MONDO:0014532	HGNC:15559	biolink:gene_associated_with_condition	1
0.6571396	MONDO:0014552	HGNC:19181	biolink:gene_associated_with_condition	1
0.99998903	MONDO:0014556	HGNC:19082	biolink:gene_associated_with_condition	1
0.95150316	MONDO:0014572	HGNC:11071	biolink:causes	1
0.96788543	MONDO:0014580	HGNC:3010	biolink:causes	1
0.87188673	MONDO:0014596	HGNC:1774	biolink:causes	1
0.7973013	MONDO:0014612	HGNC:8609	biolink:causes	1
0.7691398	MONDO:0014620	HGNC:25705	biolink:causes	1
0.870043	MONDO:0014648	HGNC:29812	biolink:causes	1
0.99996424	MONDO:0014684	HGNC:23141	biolink:causes	1
0.99963856	MONDO:0014688	HGNC:19960	biolink:causes	1
0.530454	MONDO:0014760	HGNC:11763	biolink:gene_associated_with_condition	1
0.99999213	MONDO:0014772	HGNC:2917	biolink:causes	1
0.98393875	MONDO:0014804	HGNC:20134	biolink:gene_associated_with_condition	1
0.9972777	MONDO:0014808	HGNC:11073	biolink:causes	1
0.9966157	MONDO:0014836	HGNC:7737	biolink:causes	1
0.8060574	MONDO:0014844	HGNC:28852	biolink:causes	1
0.98212034	MONDO:0014864	HGNC:20858	biolink:causes	1
0.99621034	MONDO:0014868	HGNC:29561	biolink:causes	1
0.9394009	MONDO:0014896	HGNC:12310	biolink:gene_associated_with_condition	1
0.9394009	MONDO:0014896	HGNC:12310	biolink:causes	1
0.9523757	MONDO:0014900	HGNC:29456	biolink:gene_associated_with_condition	1
0.9916859	MONDO:0014948	HGNC:649	biolink:gene_associated_with_condition	1
0.99419385	MONDO:0014968	HGNC:11582	biolink:causes	1
0.99644536	MONDO:0014976	HGNC:7104	biolink:gene_associated_with_condition	1
0.99644536	MONDO:0014976	HGNC:7104	biolink:causes	1
0.9989773	MONDO:0014984	HGNC:7677	biolink:causes	1
0.9990314	MONDO:0014992	HGNC:26899	biolink:causes	1
0.9323709	MONDO:0014996	HGNC:18248	biolink:causes	1
0.79961514	MONDO:0015096	HGNC:3662	biolink:gene_associated_with_condition	1
0.93584985	MONDO:0015096	HGNC:3694	biolink:gene_associated_with_condition	1
0.51972854	MONDO:0015268	HGNC:11630	biolink:gene_associated_with_condition	1
0.9630488	MONDO:0015300	HGNC:2398	biolink:gene_associated_with_condition	1
0.9154711	MONDO:0015300	HGNC:2410	biolink:gene_associated_with_condition	1
0.8876291	MONDO:0015520	HGNC:3259	biolink:gene_associated_with_condition	1
0.93758935	MONDO:0015800	HGNC:6697	biolink:gene_associated_with_condition	1
0.8452338	MONDO:0016216	HGNC:2514	biolink:gene_associated_with_condition	1
0.67023975	MONDO:0016216	HGNC:1509	biolink:gene_associated_with_condition	1
0.018279675	MONDO:0016268	HGNC:3430	biolink:gene_associated_with_condition	1
0.32730383	MONDO:0016308	HGNC:14537	biolink:gene_associated_with_condition	1
0.2134218	MONDO:0016308	HGNC:7897	biolink:gene_associated_with_condition	1
0.64607733	MONDO:0016316	HGNC:5389	biolink:gene_associated_with_condition	1
0.17366855	MONDO:0016356	HGNC:6120	biolink:gene_associated_with_condition	1
0.5890423	MONDO:0016356	HGNC:2500	biolink:gene_associated_with_condition	1
0.32809988	MONDO:0016356	HGNC:1607	biolink:gene_associated_with_condition	1
0.57489294	MONDO:0016476	HGNC:1786	biolink:gene_associated_with_condition	1
0.9199212	MONDO:0016672	HGNC:4827	biolink:gene_associated_with_condition	1
0.7959594	MONDO:0016672	HGNC:4831	biolink:gene_associated_with_condition	1
0.8636865	MONDO:0016692	HGNC:22219	biolink:gene_associated_with_condition	1
0.7962263	MONDO:0016692	HGNC:1097	biolink:gene_associated_with_condition	1
0.75896907	MONDO:0016692	HGNC:9829	biolink:gene_associated_with_condition	1
0.89945316	MONDO:0016780	HGNC:14575	biolink:gene_associated_with_condition	1
0.98536545	MONDO:0016856	HGNC:14881	biolink:gene_associated_with_condition	1
0.76907927	MONDO:0017052	HGNC:25415	biolink:gene_associated_with_condition	1
0.44172984	MONDO:0017116	HGNC:7208	biolink:gene_associated_with_condition	1
0.8368218	MONDO:0017172	HGNC:714	biolink:gene_associated_with_condition	1
0.5443369	MONDO:0017176	HGNC:7106	biolink:gene_associated_with_condition	1
0.69791347	MONDO:0017308	HGNC:11773	biolink:gene_associated_with_condition	1
0.9487187	MONDO:0017360	HGNC:7526	biolink:gene_associated_with_condition	1
0.21469977	MONDO:0017376	HGNC:4932	biolink:gene_associated_with_condition	1
0.3282036	MONDO:0017544	HGNC:5136	biolink:gene_associated_with_condition	1
0.77908206	MONDO:0017696	HGNC:4180	biolink:gene_associated_with_condition	1
0.9928578	MONDO:0017732	HGNC:6826	biolink:gene_associated_with_condition	1
0.38337013	MONDO:0017844	HGNC:11917	biolink:gene_associated_with_condition	1
0.30712423	MONDO:0017940	HGNC:6323	biolink:gene_associated_with_condition	1
0.81728786	MONDO:0018000	HGNC:11795	biolink:gene_associated_with_condition	1
0.26704836	MONDO:0018092	HGNC:4948	biolink:gene_associated_with_condition	1
0.9463662	MONDO:0018112	HGNC:450	biolink:gene_associated_with_condition	1
0.65449643	MONDO:0018136	HGNC:12442	biolink:gene_associated_with_condition	1
0.9397259	MONDO:0018144	HGNC:4241	biolink:gene_associated_with_condition	1
0.8676468	MONDO:0018256	HGNC:2348	biolink:gene_associated_with_condition	1
0.9958162	MONDO:0018264	HGNC:20611	biolink:causes	1
0.94088936	MONDO:0018280	HGNC:2666	biolink:gene_associated_with_condition	1
0.80660444	MONDO:0018324	HGNC:2505	biolink:gene_associated_with_condition	1
0.22322638	MONDO:0018328	HGNC:20001	biolink:gene_associated_with_condition	1
0.92204475	MONDO:0018328	HGNC:13887	biolink:gene_associated_with_condition	1
0.40474552	MONDO:0018328	HGNC:18640	biolink:gene_associated_with_condition	1
0.83612627	MONDO:0018332	HGNC:3481	biolink:gene_associated_with_condition	1
0.90528214	MONDO:0018332	HGNC:3483	biolink:gene_associated_with_condition	1
0.9845895	MONDO:0018336	HGNC:5466	biolink:gene_associated_with_condition	1
0.65738344	MONDO:0018436	HGNC:14959	biolink:gene_associated_with_condition	1
0.09409355	MONDO:0018448	HGNC:26038	biolink:gene_associated_with_condition	1
0.96764237	MONDO:0018464	HGNC:9462	biolink:gene_associated_with_condition	1
0.3209046	MONDO:0018492	HGNC:8125	biolink:gene_associated_with_condition	1
0.5929287	MONDO:0018564	HGNC:14255	biolink:gene_associated_with_condition	1
0.9518907	MONDO:0018576	HGNC:20492	biolink:gene_associated_with_condition	1
0.9731733	MONDO:0018656	HGNC:30074	biolink:gene_associated_with_condition	1
0.25114003	MONDO:0018780	HGNC:12012	biolink:gene_associated_with_condition	1
0.99951565	MONDO:0018816	HGNC:18141	biolink:gene_associated_with_condition	1
0.9891394	MONDO:0019016	HGNC:7493	biolink:gene_associated_with_condition	1
0.9303652	MONDO:0019032	HGNC:11199	biolink:gene_associated_with_condition	1
0.7111403	MONDO:0019148	HGNC:6617	biolink:gene_associated_with_condition	1
0.7111403	MONDO:0019148	HGNC:6617	biolink:causes	1
0.9529213	MONDO:0019176	HGNC:12340	biolink:gene_associated_with_condition	1
0.9095625	MONDO:0019428	HGNC:560	biolink:gene_associated_with_condition	1
0.61822325	MONDO:0019448	HGNC:25489	biolink:gene_associated_with_condition	1
0.80632627	MONDO:0019456	HGNC:5382	biolink:gene_associated_with_condition	1
0.8137366	MONDO:0019456	HGNC:5383	biolink:gene_associated_with_condition	1
0.81013465	MONDO:0019456	HGNC:2978	biolink:gene_associated_with_condition	1
0.9656703	MONDO:0019636	HGNC:23399	biolink:gene_associated_with_condition	1
0.7922825	MONDO:0019636	HGNC:9967	biolink:gene_associated_with_condition	1
0.45521623	MONDO:0019644	HGNC:11630	biolink:gene_associated_with_condition	1
0.98322254	MONDO:0019828	HGNC:4877	biolink:gene_associated_with_condition	1
0.98762834	MONDO:0019828	HGNC:15836	biolink:gene_associated_with_condition	1
0.30162045	MONDO:0019828	HGNC:13831	biolink:gene_associated_with_condition	1
0.7166439	MONDO:0019828	HGNC:21734	biolink:gene_associated_with_condition	1
0.59858173	MONDO:0019848	HGNC:644	biolink:gene_associated_with_condition	1
0.90842324	MONDO:0019896	HGNC:24650	biolink:gene_associated_with_condition	1
0.77152944	MONDO:0020316	HGNC:1539	biolink:gene_associated_with_condition	1
0.70320046	MONDO:0020316	HGNC:3765	biolink:gene_associated_with_condition	1
0.20034191	MONDO:0020320	HGNC:6342	biolink:gene_associated_with_condition	1
0.19353478	MONDO:0020320	HGNC:7910	biolink:gene_associated_with_condition	1
0.60692275	MONDO:0020324	HGNC:1001	biolink:gene_associated_with_condition	1
0.3779255	MONDO:0020356	HGNC:47	biolink:gene_associated_with_condition	1
0.8992088	MONDO:0020356	HGNC:8620	biolink:gene_associated_with_condition	1
0.85304636	MONDO:0020492	HGNC:8975	biolink:gene_associated_with_condition	1
0.4943714	MONDO:0020492	HGNC:3942	biolink:gene_associated_with_condition	1
0.027985236	MONDO:0020512	HGNC:12252	biolink:gene_associated_with_condition	1
0.5473732	MONDO:0020512	HGNC:15514	biolink:gene_associated_with_condition	1
0.021040155	MONDO:0020512	HGNC:12271	biolink:gene_associated_with_condition	1
0.6234649	MONDO:0020512	HGNC:16063	biolink:gene_associated_with_condition	1
0.82527775	MONDO:0020512	HGNC:1014	biolink:gene_associated_with_condition	1
0.782214	MONDO:0020512	HGNC:5056	biolink:gene_associated_with_condition	1
0.6435206	MONDO:0020512	HGNC:7545	biolink:gene_associated_with_condition	1
0.7662844	MONDO:0020628	HGNC:11992	biolink:causes	1
0.9993393	MONDO:0020692	HGNC:2909	biolink:causes	1
0.7135386	MONDO:0020748	HGNC:13886	biolink:causes	1
0.78841776	MONDO:0020788	HGNC:799	biolink:causes	1
0.99781907	MONDO:0020841	HGNC:21701	biolink:causes	1
0.81303334	MONDO:0021573	HGNC:20773	biolink:causes	1
0.9956742	MONDO:0024455	HGNC:12784	biolink:causes	1
0.9983335	MONDO:0024455	HGNC:3084	biolink:causes	1
0.95209175	MONDO:0024550	HGNC:3754	biolink:causes	1
0.89204544	MONDO:0024562	HGNC:10593	biolink:causes	1
0.9714534	MONDO:0024570	HGNC:4198	biolink:causes	1
0.9999999	MONDO:0025699	HGNC:4332	biolink:causes	1
0.99998784	MONDO:0026730	HGNC:7370	biolink:causes	1
0.99367744	MONDO:0027451	HGNC:851	biolink:causes	1
0.9894902	MONDO:0029133	HGNC:1480	biolink:gene_associated_with_condition	1
0.99971193	MONDO:0030028	HGNC:18798	biolink:causes	1
0.5309135	MONDO:0030036	HGNC:24921	biolink:causes	1
0.73464173	MONDO:0030057	HGNC:13607	biolink:causes	1
0.9886234	MONDO:0030074	HGNC:9056	biolink:gene_associated_with_condition	1
0.35479176	MONDO:0030089	HGNC:6081	biolink:causes	1
0.9754676	MONDO:0030312	HGNC:12713	biolink:causes	1
0.6025915	MONDO:0030338	HGNC:29558	biolink:causes	1
0.6549974	MONDO:0030374	HGNC:6027	biolink:causes	1
0.999233	MONDO:0030440	HGNC:25295	biolink:causes	1
0.9733184	MONDO:0030673	HGNC:13921	biolink:causes	1
0.9997156	MONDO:0030729	HGNC:4787	biolink:causes	1
0.99889994	MONDO:0030785	HGNC:16491	biolink:causes	1
0.99428505	MONDO:0030878	HGNC:30511	biolink:gene_associated_with_condition	1
0.8235509	MONDO:0030910	HGNC:14214	biolink:causes	1
0.96870404	MONDO:0030914	HGNC:12306	biolink:causes	1
0.9999957	MONDO:0030918	HGNC:19088	biolink:causes	1
0.84487987	MONDO:0030967	HGNC:6215	biolink:causes	1
0.95694906	MONDO:0030971	HGNC:12016	biolink:causes	1
0.9973381	MONDO:0032570	HGNC:694	biolink:causes	1
0.9986708	MONDO:0032578	HGNC:2510	biolink:causes	1
0.6365609	MONDO:0032604	HGNC:17211	biolink:causes	1
0.86378694	MONDO:0032612	HGNC:7717	biolink:causes	1
0.9982578	MONDO:0032624	HGNC:26927	biolink:causes	1
0.9962303	MONDO:0032636	HGNC:7690	biolink:causes	1
0.23715618	MONDO:0032646	HGNC:8001	biolink:causes	1
0.99778533	MONDO:0032650	HGNC:17258	biolink:causes	1
0.22528183	MONDO:0032655	HGNC:6897	biolink:causes	1
0.13660064	MONDO:0032659	HGNC:9955	biolink:causes	1
0.98831624	MONDO:0032684	HGNC:9177	biolink:causes	1
0.9779415	MONDO:0032692	HGNC:29914	biolink:causes	1
0.99777216	MONDO:0032724	HGNC:17085	biolink:causes	1
0.99998415	MONDO:0032748	HGNC:23045	biolink:causes	1
0.99958664	MONDO:0032752	HGNC:30563	biolink:causes	1
0.9533207	MONDO:0032757	HGNC:24846	biolink:causes	1
0.98560417	MONDO:0032770	HGNC:160	biolink:causes	1
0.9976853	MONDO:0032778	HGNC:17089	biolink:causes	1
0.97751266	MONDO:0032782	HGNC:6009	biolink:causes	1
0.9848616	MONDO:0032790	HGNC:29012	biolink:causes	1
0.99969625	MONDO:0032798	HGNC:14418	biolink:causes	1
0.9999993	MONDO:0032822	HGNC:8959	biolink:causes	1
0.9836369	MONDO:0032835	HGNC:31527	biolink:causes	1
0.81510365	MONDO:0032869	HGNC:30889	biolink:causes	1
0.62656164	MONDO:0032913	HGNC:3767	biolink:causes	1
0.99980956	MONDO:0032921	HGNC:17770	biolink:causes	1
0.93002665	MONDO:0032934	HGNC:7618	biolink:causes	1
0.99868494	MONDO:0032938	HGNC:14686	biolink:causes	1
0.9432432	MONDO:0032942	HGNC:11254	biolink:causes	1
0.9930143	MONDO:0033006	HGNC:26058	biolink:causes	1
0.88578033	MONDO:0033046	HGNC:6948	biolink:causes	1
0.4619886	MONDO:0033200	HGNC:10256	biolink:causes	1
0.37439954	MONDO:0033363	HGNC:5048	biolink:causes	1
0.2186724	MONDO:0033482	HGNC:14957	biolink:gene_associated_with_condition	1
0.3855909	MONDO:0033534	HGNC:14509	biolink:causes	1
0.8930614	MONDO:0033543	HGNC:17283	biolink:causes	1
0.84588486	MONDO:0033547	HGNC:17933	biolink:causes	1
0.9952501	MONDO:0033556	HGNC:3007	biolink:causes	1
0.97262526	MONDO:0033564	HGNC:13862	biolink:causes	1
0.92718714	MONDO:0033620	HGNC:11480	biolink:causes	1
0.91300523	MONDO:0033669	HGNC:6871	biolink:causes	1
0.9942115	MONDO:0034106	HGNC:10057	biolink:gene_associated_with_condition	1
0.9925735	MONDO:0035320	HGNC:2592	biolink:gene_associated_with_condition	1
0.09095548	MONDO:0035694	HGNC:9955	biolink:gene_associated_with_condition	1
0.012261593	MONDO:0035823	HGNC:15646	biolink:gene_associated_with_condition	1
0.84203714	MONDO:0035940	HGNC:3765	biolink:gene_associated_with_condition	1
0.96682394	MONDO:0036212	HGNC:26222	biolink:gene_associated_with_condition	1
0.96682394	MONDO:0036212	HGNC:26222	biolink:causes	1
0.33491865	MONDO:0044222	HGNC:18149	biolink:causes	1
0.046279408	MONDO:0044282	HGNC:44204	biolink:causes	1
0.80582845	MONDO:0044300	HGNC:7326	biolink:gene_associated_with_condition	1
0.80582845	MONDO:0044300	HGNC:7326	biolink:causes	1
0.37029094	MONDO:0044313	HGNC:11546	biolink:causes	1
0.80265284	MONDO:0044317	HGNC:7328	biolink:causes	1
0.9999876	MONDO:0044321	HGNC:20185	biolink:gene_associated_with_condition	1
0.22044341	MONDO:0044617	HGNC:3754	biolink:gene_associated_with_condition	1
0.96238416	MONDO:0044648	HGNC:26576	biolink:gene_associated_with_condition	1
0.99981993	MONDO:0044714	HGNC:29678	biolink:causes	1
0.9995653	MONDO:0044718	HGNC:16066	biolink:gene_associated_with_condition	1
0.9995653	MONDO:0044718	HGNC:16066	biolink:causes	1
0.932499	MONDO:0044723	HGNC:14348	biolink:gene_associated_with_condition	1
0.891873	MONDO:0049221	HGNC:710	biolink:causes	1
0.9985455	MONDO:0054636	HGNC:21208	biolink:causes	1
0.99849117	MONDO:0054724	HGNC:25631	biolink:causes	1
0.9402425	MONDO:0054750	HGNC:7744	biolink:contributes_to	1
0.9922667	MONDO:0054763	HGNC:15578	biolink:causes	1
0.7255246	MONDO:0054771	HGNC:24071	biolink:causes	1
0.9921285	MONDO:0054844	HGNC:9137	biolink:causes	1
0.7196303	MONDO:0054861	HGNC:1460	biolink:causes	1
0.70257276	MONDO:0060591	HGNC:7782	biolink:causes	1
0.9987017	MONDO:0060707	HGNC:24713	biolink:gene_associated_with_condition	1
0.9947916	MONDO:0060745	HGNC:10258	biolink:causes	1
0.9666977	MONDO:0100058	HGNC:977	biolink:causes	1
0.99336845	MONDO:0100102	HGNC:9863	biolink:causes	1
0.98147684	MONDO:0100186	HGNC:4193	biolink:gene_associated_with_condition	1
0.99968445	MONDO:0100218	HGNC:3098	biolink:causes	1
0.9662524	MONDO:0100294	HGNC:33867	biolink:gene_associated_with_condition	1
0.9800813	MONDO:0100294	HGNC:10680	biolink:causes	1
0.98299843	MONDO:0100340	HGNC:3951	biolink:causes	1
0.99707305	MONDO:0100428	HGNC:16187	biolink:causes	1
0.82014495	MONDO:0100460	HGNC:4507	biolink:contributes_to	1
0.88394463	MONDO:0100468	HGNC:2019	biolink:causes	1
0.016072027	MONDO:0600030	HGNC:11633	biolink:gene_associated_with_condition	1
0.025749234	MONDO:0600030	HGNC:8632	biolink:gene_associated_with_condition	1
0.15044753	MONDO:0700298	HGNC:25221	biolink:causes	1
0.09710189	MONDO:0700338	HGNC:25118	biolink:causes	1
0.97206724	MONDO:0800028	HGNC:236	biolink:gene_associated_with_condition	1
0.97206724	MONDO:0800028	HGNC:236	biolink:causes	1
0.9998037	MONDO:0800167	HGNC:2195	biolink:causes	1
0.9471178	MONDO:0800341	HGNC:12012	biolink:causes	1
0.8829965	MONDO:0800445	HGNC:27310	biolink:causes	1
0.42550465	MONDO:0850067	HGNC:14334	biolink:gene_associated_with_condition	1
0.99761826	MONDO:0859147	HGNC:21244	biolink:gene_associated_with_condition	1
0.9999908	MONDO:0859160	HGNC:20213	biolink:causes	1
0.9555713	MONDO:0859164	HGNC:30594	biolink:causes	1
0.99915063	MONDO:0859180	HGNC:29956	biolink:causes	1
0.9966043	MONDO:0859188	HGNC:2021	biolink:causes	1
0.54920316	MONDO:0859238	HGNC:600	biolink:causes	1
0.81709296	MONDO:0859246	HGNC:3607	biolink:causes	1
0.9826622	MONDO:0859250	HGNC:2326	biolink:causes	1
0.8917227	MONDO:0859328	HGNC:19903	biolink:causes	1
0.9870668	MONDO:0859340	HGNC:3671	biolink:gene_associated_with_condition	1
0.9870668	MONDO:0859340	HGNC:3671	biolink:causes	1
0.4681863	MONDO:0859369	HGNC:7776	biolink:causes	1
0.9999523	MONDO:0859575	HGNC:17814	biolink:causes	1
0.72639924	MONDO:0957220	HGNC:21839	biolink:causes	1
0.89432	MONDO:0957240	HGNC:12565	biolink:causes	1
0.99646276	MONDO:0957281	HGNC:11948	biolink:causes	1
0.99998176	MONDO:0957382	HGNC:4208	biolink:causes	1
0.70960367	MONDO:0957530	HGNC:26144	biolink:contributes_to	1
0.9917549	MONDO:0957577	HGNC:9280	biolink:causes	1
0.9720961	MONDO:0957584	HGNC:14967	biolink:causes	1
0.5817917	MONDO:0957809	HGNC:11302	biolink:causes	1
0.99964345	MONDO:0957953	HGNC:21648	biolink:causes	1
0.8611346	MONDO:0958013	HGNC:18276	biolink:causes	1
0.95696414	MONDO:0958189	HGNC:16466	biolink:causes	1
0.98963916	MONDO:0958236	HGNC:2213	biolink:causes	1
0.76500326	MONDO:0958262	HGNC:8773	biolink:gene_associated_with_condition	1
1.0	MONDO:0958322	HGNC:12869	biolink:causes	1
0.99968624	MONDO:0958331	HGNC:11018	biolink:causes	1
0.7868288	MONDO:0958353	HGNC:2211	biolink:gene_associated_with_condition	1
0.87478215	MONDO:0968982	HGNC:25321	biolink:causes	1
0.9853596	MONDO:0971001	HGNC:9538	biolink:causes	1
0.9994455	MONDO:0971014	HGNC:9986	biolink:causes	1
0.9999732	MONDO:0971171	HGNC:14245	biolink:causes	1
0.06061277	MONDO:0975761	HGNC:21290	biolink:causes	1
0.7510153	MONDO:0975828	HGNC:11402	biolink:causes	1
0.0426871	MONDO:0975837	HGNC:37247	biolink:causes	1
0.34511352	MONDO:0975841	HGNC:34519	biolink:causes	1
0.41948444	MONDO:0976232	HGNC:2673	biolink:causes	1
0.114020415	MONDO:0976265	HGNC:26933	biolink:causes	1
0.893981	MONDO:0976269	HGNC:29077	biolink:causes	1
0.9440361	HGNC:20	MONDO:0013212	biolink:causes	1
0.9116679	HGNC:33	MONDO:0009929	biolink:gene_associated_with_condition	1
0.90719384	HGNC:33	MONDO:0800029	biolink:gene_associated_with_condition	1
0.43370068	HGNC:53	MONDO:0009380	biolink:causes	1
0.9535219	HGNC:59	MONDO:0030088	biolink:causes	1
0.1811301	HGNC:59	MONDO:0019333	biolink:gene_associated_with_condition	1
0.9733184	HGNC:13921	MONDO:0030673	biolink:causes	1
0.8550726	HGNC:319	MONDO:0018566	biolink:gene_associated_with_condition	1
0.9525153	HGNC:319	MONDO:0012019	biolink:gene_associated_with_condition	1
0.98804027	HGNC:319	MONDO:0014343	biolink:causes	1
0.11522565	HGNC:123	MONDO:0008705	biolink:causes	1
0.7694707	HGNC:145	MONDO:0100354	biolink:gene_associated_with_condition	1
0.5761249	HGNC:195	MONDO:0013693	biolink:causes	1
0.9983798	HGNC:219	MONDO:0007922	biolink:causes	1
0.9974738	HGNC:1366	MONDO:0010122	biolink:gene_associated_with_condition	1
0.9974738	HGNC:1366	MONDO:0010122	biolink:causes	1
0.8607669	HGNC:232	MONDO:0012421	biolink:causes	1
0.9796765	HGNC:4512	MONDO:0011738	biolink:causes	1
0.99980146	HGNC:3776	MONDO:0010659	biolink:causes	1
0.9980089	HGNC:28762	MONDO:0859206	biolink:causes	1
0.9404566	HGNC:327	MONDO:0010823	biolink:gene_associated_with_condition	1
0.99156266	HGNC:327	MONDO:0014343	biolink:causes	1
0.7877269	HGNC:13203	MONDO:0011528	biolink:causes	1
0.9998055	HGNC:360	MONDO:0009411	biolink:gene_associated_with_condition	1
0.9298981	HGNC:385	MONDO:0013664	biolink:gene_associated_with_condition	1
0.9386356	HGNC:414	MONDO:0012747	biolink:causes	1
0.99982315	HGNC:19358	MONDO:0011783	biolink:causes	1
0.12095256	HGNC:427	MONDO:0013083	biolink:contributes_to	1
0.43285692	HGNC:427	MONDO:0044792	biolink:gene_associated_with_condition	1
0.9998441	HGNC:449	MONDO:0007636	biolink:causes	1
0.9921285	HGNC:9137	MONDO:0054844	biolink:causes	1
0.77636224	HGNC:3544	MONDO:0009211	biolink:gene_associated_with_condition	1
0.77636224	HGNC:3544	MONDO:0009211	biolink:causes	1
0.83526164	HGNC:3530	MONDO:0012526	biolink:gene_associated_with_condition	1
0.69497466	HGNC:3530	MONDO:0009315	biolink:causes	1
0.98810184	HGNC:29162	MONDO:0010176	biolink:gene_associated_with_condition	1
0.77459484	HGNC:25808	MONDO:0011630	biolink:causes	1
0.99587005	HGNC:3586	MONDO:0009215	biolink:causes	1
0.99030495	HGNC:23109	MONDO:0007922	biolink:causes	1
0.99984646	HGNC:23109	MONDO:0014242	biolink:causes	1
0.82316566	HGNC:3600	MONDO:0011984	biolink:gene_associated_with_condition	1
0.82316566	HGNC:3600	MONDO:0011984	biolink:causes	1
0.8272982	HGNC:3600	MONDO:0018443	biolink:gene_associated_with_condition	1
0.73464173	HGNC:13607	MONDO:0030057	biolink:causes	1
0.1038148	HGNC:3616	MONDO:0009061	biolink:contributes_to	1
0.96293586	HGNC:23151	MONDO:0013016	biolink:gene_associated_with_condition	1
0.96293586	HGNC:23151	MONDO:0013016	biolink:causes	1
0.79961514	HGNC:3662	MONDO:0015096	biolink:gene_associated_with_condition	1
0.8451997	HGNC:3686	MONDO:0019758	biolink:gene_associated_with_condition	1
0.9906934	HGNC:3686	MONDO:0014343	biolink:causes	1
0.93584985	HGNC:3694	MONDO:0015096	biolink:gene_associated_with_condition	1
0.9808889	HGNC:18169	MONDO:0009806	biolink:causes	1
0.90529114	HGNC:18169	MONDO:0009804	biolink:gene_associated_with_condition	1
0.929481	HGNC:3756	MONDO:0013550	biolink:gene_associated_with_condition	1
0.929481	HGNC:3756	MONDO:0013550	biolink:causes	1
0.9403731	HGNC:3756	MONDO:0014883	biolink:causes	1
0.50077844	HGNC:3767	MONDO:0008542	biolink:causes	1
0.62656164	HGNC:3767	MONDO:0032913	biolink:causes	1
0.37674728	HGNC:3778	MONDO:0011165	biolink:causes	1
0.63467544	HGNC:3791	MONDO:0013110	biolink:gene_associated_with_condition	1
0.99998975	HGNC:3809	MONDO:0009934	biolink:gene_associated_with_condition	1
0.9959806	HGNC:35123	MONDO:0958194	biolink:causes	1
0.8490078	HGNC:3999	MONDO:0014274	biolink:gene_associated_with_condition	1
0.8490078	HGNC:3999	MONDO:0014274	biolink:causes	1
0.81064177	HGNC:3999	MONDO:0010952	biolink:gene_associated_with_condition	1
0.18659292	HGNC:4014	MONDO:0033552	biolink:causes	1
0.16369797	HGNC:26219	MONDO:0850078	biolink:gene_associated_with_condition	1
0.7069514	HGNC:4023	MONDO:0032936	biolink:causes	1
0.82738775	HGNC:4023	MONDO:0032937	biolink:causes	1
0.48796454	HGNC:14673	MONDO:0012395	biolink:causes	1
0.3214011	HGNC:4083	MONDO:0012843	biolink:contributes_to	1
0.677374	HGNC:4116	MONDO:0017691	biolink:gene_associated_with_condition	1
0.99703836	HGNC:4125	MONDO:0100252	biolink:causes	1
0.9997826	HGNC:4135	MONDO:0009258	biolink:gene_associated_with_condition	1
0.9997826	HGNC:4135	MONDO:0009258	biolink:causes	1
0.9254733	HGNC:4171	MONDO:0013607	biolink:causes	1
0.006519154	HGNC:4173	MONDO:0035555	biolink:gene_associated_with_condition	1
0.9480308	HGNC:8849	MONDO:0030007	biolink:causes	1
0.8740219	HGNC:4195	MONDO:0007453	biolink:causes	1
0.72034496	HGNC:4312	MONDO:0012039	biolink:contributes_to	1
0.61671764	HGNC:4217	MONDO:0014217	biolink:causes	1
0.99291456	HGNC:4249	MONDO:0859189	biolink:causes	1
0.92733854	HGNC:4261	MONDO:0008250	biolink:gene_associated_with_condition	1
0.98273164	HGNC:4261	MONDO:0009879	biolink:causes	1
0.87945634	HGNC:4274	MONDO:0007922	biolink:causes	1
0.36537486	HGNC:4286	MONDO:0033012	biolink:causes	1
0.9992817	HGNC:4318	MONDO:0012563	biolink:causes	1
0.98393875	HGNC:20134	MONDO:0014804	biolink:gene_associated_with_condition	1
0.99134225	HGNC:20134	MONDO:0014803	biolink:gene_associated_with_condition	1
0.99134225	HGNC:20134	MONDO:0014803	biolink:causes	1
0.99799323	HGNC:22932	MONDO:0014141	biolink:causes	1
0.98633206	HGNC:22932	MONDO:0018277	biolink:gene_associated_with_condition	1
0.9999211	HGNC:24872	MONDO:0011301	biolink:causes	1
0.8239146	HGNC:4398	MONDO:0859173	biolink:causes	1
0.72476333	HGNC:23657	MONDO:0014518	biolink:gene_associated_with_condition	1
0.98082316	HGNC:23657	MONDO:0010028	biolink:gene_associated_with_condition	1
0.39928564	HGNC:23657	MONDO:0011603	biolink:causes	1
0.8630628	HGNC:23657	MONDO:0958325	biolink:causes	1
0.9455766	HGNC:4415	MONDO:0011698	biolink:gene_associated_with_condition	1
0.9999025	HGNC:4422	MONDO:0009658	biolink:causes	1
0.8741456	HGNC:4431	MONDO:0013526	biolink:causes	1
0.9208022	HGNC:24945	MONDO:0014412	biolink:causes	1
0.9731761	HGNC:20145	MONDO:0010435	biolink:causes	1
0.9854365	HGNC:20145	MONDO:0021019	biolink:gene_associated_with_condition	1
0.4029633	HGNC:2001	MONDO:0012041	biolink:causes	1
0.91084033	HGNC:4584	MONDO:0013907	biolink:gene_associated_with_condition	1
0.99284077	HGNC:4588	MONDO:0014947	biolink:causes	1
0.048045408	HGNC:21270	MONDO:0976266	biolink:causes	1
0.6422526	HGNC:4623	MONDO:0019531	biolink:gene_associated_with_condition	1
0.47439006	HGNC:4635	MONDO:0009061	biolink:gene_associated_with_condition	1
0.98457885	HGNC:24959	MONDO:0020762	biolink:causes	1
0.978786	HGNC:4651	MONDO:0014841	biolink:causes	1
0.9973157	HGNC:21157	MONDO:0014619	biolink:causes	1
0.9706052	HGNC:4678	MONDO:0008377	biolink:causes	1
0.9999125	HGNC:15808	MONDO:0007738	biolink:causes	1
0.98664385	HGNC:15808	MONDO:0060556	biolink:gene_associated_with_condition	1
0.9991936	HGNC:15808	MONDO:0007875	biolink:causes	1
0.93242943	HGNC:4718	MONDO:0044323	biolink:causes	1
0.8493073	HGNC:4799	MONDO:0012382	biolink:gene_associated_with_condition	1
0.8493073	HGNC:4799	MONDO:0012382	biolink:causes	1
0.9039656	HGNC:4799	MONDO:0017715	biolink:causes	1
0.83026654	HGNC:4823	MONDO:0007716	biolink:gene_associated_with_condition	1
0.9729883	HGNC:4823	MONDO:0013512	biolink:gene_associated_with_condition	1
0.9458235	HGNC:4823	MONDO:0018023	biolink:gene_associated_with_condition	1
0.9567945	HGNC:4823	MONDO:0054802	biolink:causes	1
0.7959594	HGNC:4831	MONDO:0016672	biolink:gene_associated_with_condition	1
0.9379593	HGNC:4831	MONDO:0018749	biolink:gene_associated_with_condition	1
0.99899656	HGNC:4837	MONDO:0024552	biolink:causes	1
0.7932944	HGNC:23302	MONDO:0030619	biolink:causes	1
0.12560774	HGNC:4944	MONDO:0019082	biolink:gene_associated_with_condition	1
0.9958247	HGNC:4982	MONDO:0958226	biolink:causes	1
0.91348296	HGNC:5013	MONDO:0013536	biolink:causes	1
0.51972854	HGNC:11630	MONDO:0015268	biolink:gene_associated_with_condition	1
0.45521623	HGNC:11630	MONDO:0019644	biolink:gene_associated_with_condition	1
0.7956403	HGNC:11630	MONDO:0013797	biolink:gene_associated_with_condition	1
0.046681184	HGNC:11630	MONDO:0019981	biolink:gene_associated_with_condition	1
0.691616	HGNC:5044	MONDO:0018131	biolink:gene_associated_with_condition	1
0.90225106	HGNC:5173	MONDO:0008097	biolink:gene_associated_with_condition	1
0.90225106	HGNC:5173	MONDO:0008097	biolink:causes	1
0.5799698	HGNC:5173	MONDO:0017317	biolink:gene_associated_with_condition	1
0.8635206	HGNC:5173	MONDO:0044792	biolink:causes	1
0.9985297	HGNC:5209	MONDO:0009025	biolink:causes	1
0.9996427	HGNC:5213	MONDO:0009855	biolink:gene_associated_with_condition	1
0.9928179	HGNC:5273	MONDO:0009140	biolink:gene_associated_with_condition	1
0.98380464	HGNC:5273	MONDO:0011929	biolink:gene_associated_with_condition	1
0.932499	HGNC:14348	MONDO:0044723	biolink:gene_associated_with_condition	1
0.999597	HGNC:27302	MONDO:0014132	biolink:gene_associated_with_condition	1
0.8137366	HGNC:5383	MONDO:0019456	biolink:gene_associated_with_condition	1
0.9807474	HGNC:5383	MONDO:0014343	biolink:causes	1
0.2170157	HGNC:5383	MONDO:0016703	biolink:gene_associated_with_condition	1
0.92636925	HGNC:5383	MONDO:0013345	biolink:causes	1
0.095523074	HGNC:5383	MONDO:0016689	biolink:gene_associated_with_condition	1
0.91010696	HGNC:5950	MONDO:0007871	biolink:causes	1
0.99796164	HGNC:5956	MONDO:0011907	biolink:causes	1
0.74463564	HGNC:5960	MONDO:0014267	biolink:gene_associated_with_condition	1
0.74463564	HGNC:5960	MONDO:0014267	biolink:causes	1
0.90838003	HGNC:5961	MONDO:0010631	biolink:causes	1
0.99975497	HGNC:6010	MONDO:0010315	biolink:gene_associated_with_condition	1
0.99975497	HGNC:6010	MONDO:0010315	biolink:causes	1
0.52971935	HGNC:5965	MONDO:0012488	biolink:contributes_to	1
0.986339	HGNC:6005	MONDO:0014338	biolink:gene_associated_with_condition	1
0.986339	HGNC:6005	MONDO:0014338	biolink:causes	1
0.9303489	HGNC:21474	MONDO:0012423	biolink:causes	1
0.9906177	HGNC:6080	MONDO:0014343	biolink:causes	1
0.7820213	HGNC:29059	MONDO:0008434	biolink:gene_associated_with_condition	1
0.99712104	HGNC:29059	MONDO:0010656	biolink:gene_associated_with_condition	1
0.18923013	HGNC:17020	MONDO:0012607	biolink:contributes_to	1
0.93414915	HGNC:13890	MONDO:0013245	biolink:gene_associated_with_condition	1
0.93414915	HGNC:13890	MONDO:0013245	biolink:causes	1
0.60798395	HGNC:6158	MONDO:0012807	biolink:gene_associated_with_condition	1
0.99000007	HGNC:6189	MONDO:0030456	biolink:causes	1
0.84588486	HGNC:17933	MONDO:0033547	biolink:causes	1
0.99999845	HGNC:6254	MONDO:0957812	biolink:causes	1
0.9898489	HGNC:6284	MONDO:0012276	biolink:causes	1
0.99950147	HGNC:6284	MONDO:0032886	biolink:gene_associated_with_condition	1
0.24533361	HGNC:6285	MONDO:0044273	biolink:contributes_to	1
0.07196875	HGNC:29079	MONDO:0700299	biolink:contributes_to	1
0.12246437	HGNC:6308	MONDO:0020611	biolink:causes	1
0.864462	HGNC:6315	MONDO:0009252	biolink:causes	1
0.8636865	HGNC:22219	MONDO:0016692	biolink:gene_associated_with_condition	1
0.9674864	HGNC:22219	MONDO:0008377	biolink:causes	1
0.30712423	HGNC:6323	MONDO:0017940	biolink:gene_associated_with_condition	1
0.6571396	HGNC:19181	MONDO:0014552	biolink:gene_associated_with_condition	1
0.58778954	HGNC:19349	MONDO:0100101	biolink:gene_associated_with_condition	1
0.20034191	HGNC:6342	MONDO:0020320	biolink:gene_associated_with_condition	1
0.17371778	HGNC:6342	MONDO:0015555	biolink:gene_associated_with_condition	1
0.14809927	HGNC:6342	MONDO:0015557	biolink:gene_associated_with_condition	1
0.9962584	HGNC:6344	MONDO:0060715	biolink:causes	1
0.7069571	HGNC:20716	MONDO:0012297	biolink:gene_associated_with_condition	1
0.7069571	HGNC:20716	MONDO:0012297	biolink:causes	1
0.99690115	HGNC:13672	MONDO:0012774	biolink:causes	1
0.3088323	HGNC:6439	MONDO:0007813	biolink:gene_associated_with_condition	1
0.3088323	HGNC:6439	MONDO:0007813	biolink:causes	1
0.5538045	HGNC:6427	MONDO:0008485	biolink:gene_associated_with_condition	1
0.91489977	HGNC:6485	MONDO:0031061	biolink:causes	1
0.73062205	HGNC:24912	MONDO:0014031	biolink:causes	1
0.94984174	HGNC:6518	MONDO:0013276	biolink:causes	1
0.9892568	HGNC:6518	MONDO:0014343	biolink:causes	1
0.9891328	HGNC:6518	MONDO:0018663	biolink:gene_associated_with_condition	1
0.9850831	HGNC:15710	MONDO:0011094	biolink:causes	1
0.92225164	HGNC:15710	MONDO:0017401	biolink:gene_associated_with_condition	1
0.9280886	HGNC:19708	MONDO:0009505	biolink:causes	1
0.9999994	HGNC:18711	MONDO:0859277	biolink:causes	1
0.7111403	HGNC:6617	MONDO:0019148	biolink:gene_associated_with_condition	1
0.7111403	HGNC:6617	MONDO:0019148	biolink:causes	1
0.94255155	HGNC:13243	MONDO:0008572	biolink:gene_associated_with_condition	1
0.97022915	HGNC:13243	MONDO:0008700	biolink:gene_associated_with_condition	1
0.9846926	HGNC:13243	MONDO:0007615	biolink:causes	1
0.4012084	HGNC:6633	MONDO:0008542	biolink:causes	1
0.8890956	HGNC:6637	MONDO:0030928	biolink:causes	1
0.99018806	HGNC:23405	MONDO:0014070	biolink:causes	1
0.9888548	HGNC:6696	MONDO:0008931	biolink:causes	1
0.95869786	HGNC:6696	MONDO:0013679	biolink:causes	1
0.92602414	HGNC:6740	MONDO:0971009	biolink:causes	1
0.9999813	HGNC:6766	MONDO:0033561	biolink:gene_associated_with_condition	1
0.9999813	HGNC:6766	MONDO:0033561	biolink:causes	1
0.99924135	HGNC:6776	MONDO:0010992	biolink:causes	1
0.7714047	HGNC:16353	MONDO:0010503	biolink:gene_associated_with_condition	1
0.9838267	HGNC:6831	MONDO:0009562	biolink:gene_associated_with_condition	1
0.847447	HGNC:485	MONDO:0023662	biolink:causes	1
0.9882274	HGNC:493	MONDO:0020745	biolink:causes	1
0.9499201	HGNC:23575	MONDO:0859186	biolink:causes	1
0.995047	HGNC:21732	MONDO:0014343	biolink:causes	1
0.99720913	HGNC:1361	MONDO:0030455	biolink:causes	1
0.073095106	HGNC:18971	MONDO:0014494	biolink:contributes_to	1
0.020004736	HGNC:18971	MONDO:0015597	biolink:gene_associated_with_condition	1
0.59161013	HGNC:613	MONDO:0011743	biolink:causes	1
0.14907636	HGNC:613	MONDO:0011285	biolink:contributes_to	1
0.33959347	HGNC:644	MONDO:0010720	biolink:gene_associated_with_condition	1
0.59858173	HGNC:644	MONDO:0019848	biolink:gene_associated_with_condition	1
0.8368218	HGNC:714	MONDO:0017172	biolink:gene_associated_with_condition	1
0.9962909	HGNC:719	MONDO:0014343	biolink:causes	1
0.95921504	HGNC:16448	MONDO:0008377	biolink:causes	1
0.9999759	HGNC:29357	MONDO:0014205	biolink:causes	1
0.83915067	HGNC:791	MONDO:0014677	biolink:causes	1
0.9995461	HGNC:3033	MONDO:0032781	biolink:causes	1
0.9932881	HGNC:6903	MONDO:0009607	biolink:causes	1
0.97060126	HGNC:6936	MONDO:0008861	biolink:causes	1
0.18261506	HGNC:25636	MONDO:0008542	biolink:causes	1
0.73871666	HGNC:2375	MONDO:0013351	biolink:gene_associated_with_condition	1
0.57498974	HGNC:28845	MONDO:0011570	biolink:causes	1
0.92503494	HGNC:6998	MONDO:0007191	biolink:gene_associated_with_condition	1
0.38429126	HGNC:6998	MONDO:0018015	biolink:gene_associated_with_condition	1
0.8097823	HGNC:7027	MONDO:0013469	biolink:causes	1
0.99500704	HGNC:29659	MONDO:0014343	biolink:causes	1
0.9968264	HGNC:26988	MONDO:0014409	biolink:causes	1
0.9240731	HGNC:28486	MONDO:0012588	biolink:causes	1
0.8100125	HGNC:21086	MONDO:0014042	biolink:causes	1
0.7433065	HGNC:7096	MONDO:0010489	biolink:causes	1
0.99644536	HGNC:7104	MONDO:0014976	biolink:gene_associated_with_condition	1
0.99644536	HGNC:7104	MONDO:0014976	biolink:causes	1
0.50058746	HGNC:7105	MONDO:0007077	biolink:gene_associated_with_condition	1
0.50058746	HGNC:7105	MONDO:0007077	biolink:causes	1
0.96968645	HGNC:17082	MONDO:0024555	biolink:causes	1
0.6234649	HGNC:16063	MONDO:0020512	biolink:gene_associated_with_condition	1
0.0049530664	HGNC:7171	MONDO:0011929	biolink:gene_associated_with_condition	1
0.9487187	HGNC:7526	MONDO:0017360	biolink:gene_associated_with_condition	1
0.9940601	HGNC:4979	MONDO:0014343	biolink:causes	1
0.98779243	HGNC:24862	MONDO:0011629	biolink:causes	1
0.44172984	HGNC:7208	MONDO:0017116	biolink:gene_associated_with_condition	1
0.937591	HGNC:16352	MONDO:0032815	biolink:causes	1
0.65192366	HGNC:10378	MONDO:0033533	biolink:causes	1
0.76902366	HGNC:16650	MONDO:0014162	biolink:causes	1
0.95225525	HGNC:14508	MONDO:0012718	biolink:causes	1
0.42550465	HGNC:14334	MONDO:0850067	biolink:gene_associated_with_condition	1
0.3152083	HGNC:7372	MONDO:0012758	biolink:contributes_to	1
0.9920638	HGNC:7499	MONDO:0010792	biolink:gene_associated_with_condition	1
0.818805	HGNC:25532	MONDO:0013354	biolink:gene_associated_with_condition	1
0.84565794	HGNC:7467	MONDO:0008377	biolink:causes	1
0.075349756	HGNC:21666	MONDO:0011490	biolink:gene_associated_with_condition	1
0.9312392	HGNC:7576	MONDO:0013198	biolink:causes	1
0.28443342	HGNC:7599	MONDO:0013589	biolink:causes	1
0.73370206	HGNC:7601	MONDO:0011774	biolink:causes	1
0.999424	HGNC:17996	MONDO:0009377	biolink:gene_associated_with_condition	1
0.999424	HGNC:17996	MONDO:0009377	biolink:causes	1
0.9866638	HGNC:7652	MONDO:0009623	biolink:gene_associated_with_condition	1
0.97235197	HGNC:7702	MONDO:0859320	biolink:causes	1
0.99925345	HGNC:20372	MONDO:0024552	biolink:causes	1
0.86378694	HGNC:7717	MONDO:0032612	biolink:causes	1
0.9966157	HGNC:7737	MONDO:0014836	biolink:causes	1
0.9244537	HGNC:13387	MONDO:0013444	biolink:causes	1
0.9548518	HGNC:13387	MONDO:0971178	biolink:causes	1
0.4681863	HGNC:7776	MONDO:0859369	biolink:causes	1
0.70257276	HGNC:7782	MONDO:0060591	biolink:causes	1
0.74735934	HGNC:17043	MONDO:0014294	biolink:gene_associated_with_condition	1
0.9997727	HGNC:28018	MONDO:0012847	biolink:causes	1
0.7403725	HGNC:32940	MONDO:0008542	biolink:causes	1
0.9117792	HGNC:14374	MONDO:0014089	biolink:causes	1
0.96551526	HGNC:14374	MONDO:0060457	biolink:causes	1
0.41208827	HGNC:7865	MONDO:0019758	biolink:gene_associated_with_condition	1
0.42200804	HGNC:7876	MONDO:0007088	biolink:contributes_to	1
0.90720904	HGNC:7876	MONDO:0020671	biolink:contributes_to	1
0.9689423	HGNC:7882	MONDO:0007057	biolink:causes	1
0.9689719	HGNC:19104	MONDO:0011756	biolink:causes	1
0.3213105	HGNC:7978	MONDO:0009050	biolink:gene_associated_with_condition	1
0.9999974	HGNC:7994	MONDO:0859236	biolink:causes	1
0.73082477	HGNC:8008	MONDO:0013690	biolink:causes	1
0.010747049	HGNC:8008	MONDO:0013696	biolink:contributes_to	1
0.8554081	HGNC:14234	MONDO:0016461	biolink:gene_associated_with_condition	1
0.9991542	HGNC:14234	MONDO:0019349	biolink:gene_associated_with_condition	1
0.9991542	HGNC:14234	MONDO:0019349	biolink:causes	1
0.98513967	HGNC:25994	MONDO:0012613	biolink:causes	1
0.64409775	HGNC:8029	MONDO:0008002	biolink:causes	1
0.42042518	HGNC:8031	MONDO:0007958	biolink:causes	1
0.9124556	HGNC:29929	MONDO:0032583	biolink:causes	1
0.9438624	HGNC:29092	MONDO:0014343	biolink:causes	1
0.8512147	HGNC:8104	MONDO:0020789	biolink:causes	1
0.9751475	HGNC:8108	MONDO:0010645	biolink:gene_associated_with_condition	1
0.96907324	HGNC:8140	MONDO:0008858	biolink:gene_associated_with_condition	1
0.92408085	HGNC:8140	MONDO:0008377	biolink:causes	1
0.998185	HGNC:8149	MONDO:0009825	biolink:gene_associated_with_condition	1
0.998185	HGNC:8149	MONDO:0009825	biolink:causes	1
0.9971506	HGNC:25896	MONDO:0013007	biolink:causes	1
0.9024346	HGNC:25896	MONDO:0014383	biolink:causes	1
0.598152	HGNC:8565	MONDO:0958176	biolink:causes	1
0.9981938	HGNC:8592	MONDO:0010361	biolink:causes	1
0.9972791	HGNC:29679	MONDO:0013223	biolink:causes	1
0.9863036	HGNC:8604	MONDO:0019666	biolink:gene_associated_with_condition	1
0.9938259	HGNC:8604	MONDO:0014343	biolink:causes	1
0.83587104	HGNC:8618	MONDO:0100180	biolink:contributes_to	1
0.025749234	HGNC:8632	MONDO:0600030	biolink:gene_associated_with_condition	1
0.9976546	HGNC:8632	MONDO:0060549	biolink:gene_associated_with_condition	1
0.99962354	HGNC:8657	MONDO:0009625	biolink:causes	1
0.9987759	HGNC:14270	MONDO:0010246	biolink:gene_associated_with_condition	1
0.99623847	HGNC:8717	MONDO:0859252	biolink:causes	1
0.97015417	HGNC:8756	MONDO:0032906	biolink:gene_associated_with_condition	1
0.97015417	HGNC:8756	MONDO:0032906	biolink:causes	1
0.99772674	HGNC:8794	MONDO:0012205	biolink:causes	1
0.83478	HGNC:8794	MONDO:0958263	biolink:gene_associated_with_condition	1
0.76500326	HGNC:8773	MONDO:0958262	biolink:gene_associated_with_condition	1
0.27107415	HGNC:8846	MONDO:0011442	biolink:causes	1
0.99580884	HGNC:9719	MONDO:0008954	biolink:causes	1
0.9771261	HGNC:9719	MONDO:0018598	biolink:gene_associated_with_condition	1
0.9824635	HGNC:9719	MONDO:0019174	biolink:gene_associated_with_condition	1
0.99312556	HGNC:8859	MONDO:0014343	biolink:causes	1
0.94572264	HGNC:8853	MONDO:0018598	biolink:gene_associated_with_condition	1
0.99884254	HGNC:8853	MONDO:0013967	biolink:causes	1
0.9931577	HGNC:8855	MONDO:0019174	biolink:gene_associated_with_condition	1
0.99990904	HGNC:22965	MONDO:0013938	biolink:causes	1
0.9227322	HGNC:8896	MONDO:0010392	biolink:gene_associated_with_condition	1
0.91682845	HGNC:8896	MONDO:0008377	biolink:causes	1
0.9985617	HGNC:8925	MONDO:0010362	biolink:gene_associated_with_condition	1
0.99473417	HGNC:14938	MONDO:0014165	biolink:gene_associated_with_condition	1
0.93221617	HGNC:23213	MONDO:0012465	biolink:gene_associated_with_condition	1
0.99966335	HGNC:23213	MONDO:0014457	biolink:causes	1
0.8326492	HGNC:8977	MONDO:0014222	biolink:causes	1
0.09401351	HGNC:8996	MONDO:0012656	biolink:causes	1
0.7848295	HGNC:9004	MONDO:0017382	biolink:gene_associated_with_condition	1
0.99261767	HGNC:9004	MONDO:0014343	biolink:causes	1
0.99483526	HGNC:20313	MONDO:0968981	biolink:causes	1
0.18133001	HGNC:9046	MONDO:0011073	biolink:contributes_to	1
0.042661007	HGNC:9046	MONDO:0019921	biolink:gene_associated_with_condition	1
0.99370486	HGNC:30260	MONDO:0012407	biolink:gene_associated_with_condition	1
0.95489335	HGNC:9173	MONDO:0010523	biolink:gene_associated_with_condition	1
0.9995228	HGNC:19743	MONDO:0013154	biolink:causes	1
0.9779885	HGNC:19743	MONDO:0013162	biolink:gene_associated_with_condition	1
0.79457897	HGNC:9218	MONDO:0859158	biolink:causes	1
0.5508831	HGNC:9236	MONDO:0016682	biolink:gene_associated_with_condition	1
0.7431815	HGNC:9236	MONDO:0011448	biolink:gene_associated_with_condition	1
0.4486	HGNC:9236	MONDO:0016681	biolink:gene_associated_with_condition	1
0.9213216	HGNC:9255	MONDO:0008148	biolink:gene_associated_with_condition	1
0.92685175	HGNC:9260	MONDO:0030258	biolink:causes	1
0.9897894	HGNC:30595	MONDO:0014343	biolink:causes	1
0.9026162	HGNC:9312	MONDO:0014602	biolink:gene_associated_with_condition	1
0.9998511	HGNC:13997	MONDO:0014662	biolink:causes	1
0.6354792	HGNC:14000	MONDO:0014152	biolink:causes	1
0.9998253	HGNC:9369	MONDO:0859276	biolink:causes	1
0.99340737	HGNC:9386	MONDO:0009867	biolink:gene_associated_with_condition	1
0.99340737	HGNC:9386	MONDO:0009867	biolink:causes	1
0.8649753	HGNC:9402	MONDO:0011540	biolink:causes	1
0.9979249	HGNC:15836	MONDO:0007794	biolink:causes	1
0.98762834	HGNC:15836	MONDO:0019828	biolink:gene_associated_with_condition	1
0.6950037	HGNC:9460	MONDO:0017993	biolink:gene_associated_with_condition	1
0.96034986	HGNC:9498	MONDO:0012720	biolink:causes	1
0.96655977	HGNC:9498	MONDO:0017729	biolink:gene_associated_with_condition	1
0.99439716	HGNC:9585	MONDO:0012562	biolink:causes	1
0.93193054	HGNC:9585	MONDO:0017218	biolink:gene_associated_with_condition	1
0.9386766	HGNC:9585	MONDO:0011556	biolink:causes	1
0.9815186	HGNC:9607	MONDO:0013244	biolink:causes	1
0.8296328	HGNC:9644	MONDO:0007979	biolink:gene_associated_with_condition	1
0.8296328	HGNC:9644	MONDO:0007979	biolink:causes	1
0.9892083	HGNC:9644	MONDO:0014343	biolink:causes	1
0.76340497	HGNC:9670	MONDO:0014450	biolink:causes	1
0.2186724	HGNC:14957	MONDO:0033482	biolink:gene_associated_with_condition	1
0.107445866	HGNC:819	MONDO:0018742	biolink:gene_associated_with_condition	1
0.99715483	HGNC:868	MONDO:0010504	biolink:causes	1
0.99367744	HGNC:851	MONDO:0027451	biolink:causes	1
0.9914846	HGNC:18481	MONDO:0009054	biolink:gene_associated_with_condition	1
0.44537142	HGNC:13552	MONDO:0030724	biolink:causes	1
0.5498173	HGNC:13552	MONDO:0800029	biolink:gene_associated_with_condition	1
0.9999999	HGNC:32925	MONDO:0012116	biolink:gene_associated_with_condition	1
0.98887956	HGNC:13221	MONDO:0014914	biolink:causes	1
0.82527775	HGNC:1014	MONDO:0020512	biolink:gene_associated_with_condition	1
0.9524354	HGNC:35126	MONDO:0009222	biolink:gene_associated_with_condition	1
0.994406	HGNC:35126	MONDO:0012271	biolink:causes	1
0.99669445	HGNC:35126	MONDO:0014343	biolink:causes	1
0.83717054	HGNC:1062	MONDO:0013595	biolink:causes	1
0.8559143	HGNC:1071	MONDO:0008377	biolink:causes	1
0.27621242	HGNC:1076	MONDO:0008276	biolink:gene_associated_with_condition	1
0.3307463	HGNC:1076	MONDO:0012041	biolink:causes	1
0.0426871	HGNC:37247	MONDO:0975837	biolink:causes	1
0.5476831	HGNC:1093	MONDO:0016598	biolink:gene_associated_with_condition	1
0.9662851	HGNC:1093	MONDO:0009113	biolink:causes	1
0.99161434	HGNC:26019	MONDO:0013561	biolink:causes	1
0.98272115	HGNC:1097	MONDO:0007922	biolink:causes	1
0.7962263	HGNC:1097	MONDO:0016692	biolink:gene_associated_with_condition	1
1.0	HGNC:1100	MONDO:0011450	biolink:contributes_to	1
0.79013944	HGNC:1100	MONDO:0013685	biolink:contributes_to	1
0.5929287	HGNC:14255	MONDO:0018564	biolink:gene_associated_with_condition	1
0.999703	HGNC:1122	MONDO:0009665	biolink:causes	1
0.97262526	HGNC:13862	MONDO:0033564	biolink:causes	1
0.79633963	HGNC:1241	MONDO:0013743	biolink:gene_associated_with_condition	1
0.87023884	HGNC:1241	MONDO:0958182	biolink:causes	1
0.9988938	HGNC:26033	MONDO:0032687	biolink:causes	1
0.97541726	HGNC:9721	MONDO:0009271	biolink:gene_associated_with_condition	1
0.99677	HGNC:9721	MONDO:0013051	biolink:causes	1
0.98886347	HGNC:9721	MONDO:0014343	biolink:causes	1
0.9981109	HGNC:25326	MONDO:0032686	biolink:causes	1
0.9974896	HGNC:17168	MONDO:0013641	biolink:causes	1
0.8984373	HGNC:17168	MONDO:0018421	biolink:gene_associated_with_condition	1
0.3721743	HGNC:18072	MONDO:0032867	biolink:contributes_to	1
0.7716013	HGNC:9829	MONDO:0007922	biolink:causes	1
0.57706887	HGNC:9829	MONDO:0008542	biolink:causes	1
0.75896907	HGNC:9829	MONDO:0016692	biolink:gene_associated_with_condition	1
0.9895723	HGNC:9859	MONDO:0958001	biolink:causes	1
0.039421532	HGNC:9864	MONDO:0012883	biolink:gene_associated_with_condition	1
0.039421532	HGNC:9864	MONDO:0012883	biolink:causes	1
0.9996877	HGNC:18286	MONDO:0012483	biolink:causes	1
0.65738344	HGNC:14959	MONDO:0018436	biolink:gene_associated_with_condition	1
0.99968636	HGNC:9921	MONDO:0014093	biolink:causes	1
0.9165462	HGNC:9940	MONDO:0008377	biolink:causes	1
0.9527627	HGNC:9940	MONDO:0018877	biolink:gene_associated_with_condition	1
0.95250577	HGNC:17964	MONDO:0008377	biolink:causes	1
0.90648836	HGNC:9949	MONDO:0009039	biolink:gene_associated_with_condition	1
0.8223845	HGNC:9949	MONDO:0009955	biolink:gene_associated_with_condition	1
0.88834083	HGNC:9949	MONDO:0016369	biolink:causes	1
0.9959651	HGNC:25786	MONDO:0012453	biolink:causes	1
0.45784816	HGNC:9956	MONDO:0054696	biolink:causes	1
0.984698	HGNC:9957	MONDO:0007922	biolink:causes	1
0.9285166	HGNC:9957	MONDO:0700090	biolink:causes	1
0.53253245	HGNC:9966	MONDO:0014779	biolink:contributes_to	1
0.9831254	HGNC:25964	MONDO:0024309	biolink:causes	1
0.8222845	HGNC:10004	MONDO:0958180	biolink:causes	1
0.8930614	HGNC:17283	MONDO:0033543	biolink:causes	1
0.3944937	HGNC:13872	MONDO:0011761	biolink:causes	1
0.9962453	HGNC:25358	MONDO:0012166	biolink:causes	1
0.45814633	HGNC:14539	MONDO:0011784	biolink:contributes_to	1
0.106792115	HGNC:10074	MONDO:0957561	biolink:contributes_to	1
0.9999323	HGNC:19380	MONDO:0859360	biolink:causes	1
0.8955354	HGNC:17985	MONDO:0032783	biolink:causes	1
0.4619886	HGNC:10256	MONDO:0033200	biolink:causes	1
0.97909373	HGNC:10263	MONDO:0008377	biolink:causes	1
0.57986146	HGNC:10383	MONDO:0013216	biolink:causes	1
0.24015862	HGNC:19903	MONDO:0019130	biolink:gene_associated_with_condition	1
0.8917227	HGNC:19903	MONDO:0859328	biolink:causes	1
0.9999982	HGNC:23625	MONDO:0030915	biolink:causes	1
0.41714668	HGNC:15924	MONDO:0016863	biolink:gene_associated_with_condition	1
0.91971356	HGNC:1349	MONDO:0009646	biolink:causes	1
0.99952877	HGNC:31750	MONDO:0010985	biolink:causes	1
0.98801905	HGNC:17697	MONDO:0013458	biolink:gene_associated_with_condition	1
0.99779725	HGNC:19304	MONDO:0957787	biolink:causes	1
0.9994209	HGNC:10590	MONDO:0054776	biolink:causes	1
0.40365654	HGNC:10593	MONDO:0010086	biolink:contributes_to	1
0.89204544	HGNC:10593	MONDO:0024562	biolink:causes	1
0.96000695	HGNC:10593	MONDO:0011003	biolink:causes	1
0.9979912	HGNC:10593	MONDO:0020745	biolink:causes	1
0.48343173	HGNC:10582	MONDO:0009459	biolink:gene_associated_with_condition	1
0.017471675	HGNC:10582	MONDO:0017629	biolink:gene_associated_with_condition	1
0.8784753	HGNC:10600	MONDO:0008887	biolink:causes	1
0.9264528	HGNC:10600	MONDO:0020607	biolink:causes	1
0.9993753	HGNC:10604	MONDO:0700250	biolink:causes	1
0.9313838	HGNC:10604	MONDO:0020207	biolink:gene_associated_with_condition	1
0.98403543	HGNC:10606	MONDO:0013391	biolink:gene_associated_with_condition	1
0.98403543	HGNC:10606	MONDO:0013391	biolink:causes	1
0.9800813	HGNC:10680	MONDO:0100294	biolink:causes	1
0.9514914	HGNC:10680	MONDO:0031006	biolink:causes	1
0.64616907	HGNC:30972	MONDO:0800046	biolink:causes	1
0.52053577	HGNC:10719	MONDO:0029144	biolink:causes	1
0.6999759	HGNC:30605	MONDO:0016589	biolink:gene_associated_with_condition	1
0.2899991	HGNC:8941	MONDO:0009061	biolink:gene_associated_with_condition	1
0.99463296	HGNC:10799	MONDO:0800029	biolink:gene_associated_with_condition	1
0.9942701	HGNC:10805	MONDO:0011968	biolink:gene_associated_with_condition	1
0.9942701	HGNC:10805	MONDO:0011968	biolink:causes	1
0.99989974	HGNC:29427	MONDO:0011113	biolink:gene_associated_with_condition	1
0.87478215	HGNC:25321	MONDO:0968982	biolink:causes	1
0.9997576	HGNC:15454	MONDO:0054637	biolink:causes	1
0.99981886	HGNC:29165	MONDO:0032571	biolink:causes	1
0.76303476	HGNC:10887	MONDO:0011519	biolink:causes	1
0.9995517	HGNC:11065	MONDO:0009109	biolink:causes	1
0.95150316	HGNC:11071	MONDO:0014572	biolink:causes	1
0.57856274	HGNC:10905	MONDO:0031446	biolink:gene_associated_with_condition	1
0.013449244	HGNC:10907	MONDO:0009061	biolink:gene_associated_with_condition	1
0.9533728	HGNC:10979	MONDO:0014072	biolink:causes	1
0.86422086	HGNC:10979	MONDO:0020345	biolink:gene_associated_with_condition	1
0.9209369	HGNC:10979	MONDO:0032596	biolink:causes	1
0.9912067	HGNC:10982	MONDO:0013056	biolink:gene_associated_with_condition	1
0.9998116	HGNC:10985	MONDO:0009393	biolink:causes	1
0.99618196	HGNC:26054	MONDO:0008785	biolink:causes	1
0.97751325	HGNC:10993	MONDO:0957268	biolink:causes	1
0.43804687	HGNC:11013	MONDO:0011973	biolink:causes	1
0.98078996	HGNC:11016	MONDO:0957211	biolink:causes	1
0.99993265	HGNC:20305	MONDO:0009431	biolink:causes	1
0.9996848	HGNC:20800	MONDO:0010013	biolink:causes	1
0.97747767	HGNC:10909	MONDO:0011631	biolink:gene_associated_with_condition	1
0.99971193	HGNC:18798	MONDO:0030028	biolink:causes	1
0.9999964	HGNC:30224	MONDO:0013867	biolink:causes	1
0.91281873	HGNC:32689	MONDO:0014830	biolink:causes	1
0.9715964	HGNC:6769	MONDO:0013426	biolink:gene_associated_with_condition	1
0.9715964	HGNC:6769	MONDO:0013426	biolink:causes	1
0.9585034	HGNC:6769	MONDO:0007363	biolink:causes	1
0.43480322	HGNC:18398	MONDO:0008416	biolink:gene_associated_with_condition	1
0.43480322	HGNC:18398	MONDO:0008416	biolink:causes	1
0.96568006	HGNC:2468	MONDO:0014343	biolink:causes	1
0.9020857	HGNC:11117	MONDO:0010056	biolink:causes	1
0.24276549	HGNC:11094	MONDO:0008244	biolink:gene_associated_with_condition	1
0.57632184	HGNC:1248	MONDO:0009006	biolink:causes	1
0.99803025	HGNC:1393	MONDO:0010335	biolink:causes	1
0.9756319	HGNC:1393	MONDO:0008377	biolink:causes	1
0.6596741	HGNC:1424	MONDO:0014647	biolink:gene_associated_with_condition	1
0.872696	HGNC:1449	MONDO:0032915	biolink:causes	1
0.9243073	HGNC:1449	MONDO:0020745	biolink:causes	1
0.9972687	HGNC:1461	MONDO:0030920	biolink:causes	1
0.9987936	HGNC:11182	MONDO:0036189	biolink:gene_associated_with_condition	1
0.67023975	HGNC:1509	MONDO:0016216	biolink:gene_associated_with_condition	1
0.677648	HGNC:1527	MONDO:0014135	biolink:causes	1
0.98478043	HGNC:9688	MONDO:0013225	biolink:causes	1
0.9973617	HGNC:1550	MONDO:0008818	biolink:causes	1
0.9995297	HGNC:14153	MONDO:0013890	biolink:gene_associated_with_condition	1
0.98024327	HGNC:26821	MONDO:0007794	biolink:causes	1
0.9999231	HGNC:14977	MONDO:0014601	biolink:causes	1
0.2162134	HGNC:11179	MONDO:0007103	biolink:causes	1
0.8704239	HGNC:17321	MONDO:0013460	biolink:causes	1
0.58908916	HGNC:17321	MONDO:0009031	biolink:gene_associated_with_condition	1
0.323447	HGNC:11220	MONDO:0012401	biolink:gene_associated_with_condition	1
0.9702994	HGNC:30705	MONDO:0975843	biolink:causes	1
0.99386626	HGNC:30705	MONDO:0975842	biolink:causes	1
0.9990408	HGNC:11226	MONDO:0011445	biolink:causes	1
0.9971969	HGNC:11257	MONDO:0012994	biolink:causes	1
0.86465013	HGNC:11281	MONDO:0007794	biolink:causes	1
0.4991081	HGNC:11301	MONDO:0032899	biolink:gene_associated_with_condition	1
0.4991081	HGNC:11301	MONDO:0032899	biolink:causes	1
0.9740853	HGNC:11301	MONDO:0044204	biolink:causes	1
0.9744003	HGNC:11356	MONDO:0014321	biolink:causes	1
0.73237616	HGNC:26200	MONDO:0800029	biolink:gene_associated_with_condition	1
0.99981374	HGNC:30650	MONDO:0011010	biolink:gene_associated_with_condition	1
0.99981374	HGNC:30650	MONDO:0011010	biolink:causes	1
0.9987664	HGNC:16035	MONDO:0012621	biolink:causes	1
0.25446305	HGNC:16466	MONDO:0016710	biolink:gene_associated_with_condition	1
0.95696414	HGNC:16466	MONDO:0958189	biolink:causes	1
0.04149504	HGNC:30632	MONDO:0700301	biolink:causes	1
0.6732684	HGNC:11494	MONDO:0010339	biolink:gene_associated_with_condition	1
0.6732684	HGNC:11494	MONDO:0010339	biolink:causes	1
0.9993262	HGNC:11521	MONDO:0007794	biolink:causes	1
0.98774964	HGNC:11521	MONDO:0013912	biolink:causes	1
0.89311105	HGNC:11557	MONDO:0013108	biolink:causes	1
0.7961419	HGNC:11566	MONDO:0971012	biolink:causes	1
0.9978988	HGNC:21066	MONDO:0009544	biolink:causes	1
0.9852336	HGNC:29203	MONDO:0011506	biolink:gene_associated_with_condition	1
0.9852336	HGNC:29203	MONDO:0011506	biolink:causes	1
0.9998988	HGNC:29203	MONDO:0009079	biolink:gene_associated_with_condition	1
0.9985714	HGNC:11603	MONDO:0007841	biolink:gene_associated_with_condition	1
0.6795284	HGNC:11596	MONDO:0008720	biolink:gene_associated_with_condition	1
0.6795284	HGNC:11596	MONDO:0008720	biolink:causes	1
0.95375466	HGNC:11647	MONDO:0009138	biolink:gene_associated_with_condition	1
0.9999199	HGNC:11708	MONDO:0010907	biolink:gene_associated_with_condition	1
0.3770614	HGNC:11724	MONDO:0014998	biolink:causes	1
0.9950906	HGNC:20324	MONDO:0014343	biolink:causes	1
0.999984	HGNC:20324	MONDO:0014507	biolink:gene_associated_with_condition	1
0.99855787	HGNC:11769	MONDO:0008818	biolink:causes	1
0.9990608	HGNC:11769	MONDO:0007524	biolink:causes	1
0.98977673	HGNC:11769	MONDO:0014343	biolink:causes	1
0.8321074	HGNC:11769	MONDO:0017403	biolink:gene_associated_with_condition	1
0.98273474	HGNC:25835	MONDO:0030731	biolink:causes	1
0.9914442	HGNC:11824	MONDO:0009990	biolink:gene_associated_with_condition	1
0.97348183	HGNC:11824	MONDO:0018045	biolink:gene_associated_with_condition	1
0.999233	HGNC:25295	MONDO:0030440	biolink:causes	1
0.6253861	HGNC:30788	MONDO:0014783	biolink:causes	1
0.19121188	HGNC:11847	MONDO:0013185	biolink:contributes_to	1
0.782214	HGNC:5056	MONDO:0020512	biolink:gene_associated_with_condition	1
0.010209773	HGNC:26230	MONDO:0014184	biolink:contributes_to	1
0.92621267	HGNC:16513	MONDO:0011708	biolink:causes	1
0.9998994	HGNC:18188	MONDO:0800436	biolink:gene_associated_with_condition	1
0.9992557	HGNC:25535	MONDO:0012892	biolink:causes	1
0.9940076	HGNC:23787	MONDO:0031019	biolink:causes	1
0.9888855	HGNC:26050	MONDO:0013546	biolink:gene_associated_with_condition	1
0.9331855	HGNC:25382	MONDO:0013069	biolink:gene_associated_with_condition	1
0.7016538	HGNC:25018	MONDO:0975840	biolink:causes	1
0.5001665	HGNC:23018	MONDO:0008678	biolink:gene_associated_with_condition	1
0.17800091	HGNC:18308	MONDO:0010469	biolink:contributes_to	1
0.99985814	HGNC:11909	MONDO:0009394	biolink:causes	1
0.9178618	HGNC:11909	MONDO:0007319	biolink:gene_associated_with_condition	1
0.9665304	HGNC:11949	MONDO:0019150	biolink:gene_associated_with_condition	1
0.99293435	HGNC:11949	MONDO:0020745	biolink:causes	1
0.9018368	HGNC:29190	MONDO:0030995	biolink:causes	1
0.9523757	HGNC:29456	MONDO:0014900	biolink:gene_associated_with_condition	1
0.99795306	HGNC:16197	MONDO:0033008	biolink:causes	1
0.72670746	HGNC:15979	MONDO:0011334	biolink:gene_associated_with_condition	1
0.8773883	HGNC:15979	MONDO:0007072	biolink:causes	1
0.94992906	HGNC:15979	MONDO:0007508	biolink:causes	1
0.9255343	HGNC:15979	MONDO:0011428	biolink:causes	1
0.9631936	HGNC:15979	MONDO:0014343	biolink:causes	1
0.10407926	HGNC:15979	MONDO:0029145	biolink:causes	1
0.95694906	HGNC:12016	MONDO:0030971	biolink:causes	1
0.8612058	HGNC:25751	MONDO:0009279	biolink:gene_associated_with_condition	1
0.96870404	HGNC:12306	MONDO:0030914	biolink:causes	1
0.9908021	HGNC:25980	MONDO:0032665	biolink:causes	1
0.85428596	HGNC:25481	MONDO:0010780	biolink:gene_associated_with_condition	1
0.9978428	HGNC:25481	MONDO:0013111	biolink:gene_associated_with_condition	1
0.997159	HGNC:17341	MONDO:0014850	biolink:causes	1
0.99873775	HGNC:17341	MONDO:0014487	biolink:gene_associated_with_condition	1
0.93568337	HGNC:17341	MONDO:0008377	biolink:causes	1
0.963803	HGNC:18083	MONDO:0007232	biolink:gene_associated_with_condition	1
0.963803	HGNC:18083	MONDO:0007232	biolink:causes	1
0.98842365	HGNC:18083	MONDO:0010839	biolink:gene_associated_with_condition	1
0.98842365	HGNC:18083	MONDO:0010839	biolink:causes	1
0.9895671	HGNC:18083	MONDO:0008477	biolink:causes	1
0.97781247	HGNC:18083	MONDO:0011633	biolink:gene_associated_with_condition	1
0.99995065	HGNC:1268	MONDO:0032584	biolink:gene_associated_with_condition	1
0.98374486	HGNC:1268	MONDO:0013929	biolink:causes	1
0.9280269	HGNC:12382	MONDO:0012124	biolink:causes	1
0.9999968	HGNC:19750	MONDO:0800030	biolink:causes	1
0.9976278	HGNC:12404	MONDO:0010188	biolink:gene_associated_with_condition	1
0.99494225	HGNC:12406	MONDO:0014522	biolink:causes	1
0.7255246	HGNC:24071	MONDO:0054771	biolink:causes	1
0.974391	HGNC:30829	MONDO:0012399	biolink:gene_associated_with_condition	1
0.9956749	HGNC:18127	MONDO:0009624	biolink:causes	1
0.991159	HGNC:12428	MONDO:0014343	biolink:causes	1
0.017696377	HGNC:12450	MONDO:0044276	biolink:causes	1
0.9345958	HGNC:12450	MONDO:0008747	biolink:gene_associated_with_condition	1
0.9102272	HGNC:23230	MONDO:0014933	biolink:causes	1
0.9999931	HGNC:13478	MONDO:0009485	biolink:causes	1
0.9999598	HGNC:25792	MONDO:0011405	biolink:gene_associated_with_condition	1
0.9999598	HGNC:25792	MONDO:0011405	biolink:causes	1
0.99138135	HGNC:12601	MONDO:0008377	biolink:causes	1
0.8921556	HGNC:12601	MONDO:0010169	biolink:causes	1
0.9361811	HGNC:12632	MONDO:0018821	biolink:gene_associated_with_condition	1
0.9256756	HGNC:12643	MONDO:0032900	biolink:causes	1
0.44038725	HGNC:15511	MONDO:0020705	biolink:causes	1
0.98376447	HGNC:21642	MONDO:0014397	biolink:gene_associated_with_condition	1
0.96648383	HGNC:12726	MONDO:0015631	biolink:gene_associated_with_condition	1
0.79878813	HGNC:12731	MONDO:0010294	biolink:gene_associated_with_condition	1
0.9687073	HGNC:12731	MONDO:0010518	biolink:gene_associated_with_condition	1
0.63501734	HGNC:12731	MONDO:0010743	biolink:causes	1
0.9485281	HGNC:16461	MONDO:0030987	biolink:causes	1
0.8682725	HGNC:13831	MONDO:0013926	biolink:causes	1
0.30162045	HGNC:13831	MONDO:0019828	biolink:gene_associated_with_condition	1
0.9720632	HGNC:12783	MONDO:0012734	biolink:gene_associated_with_condition	1
0.89908445	HGNC:12783	MONDO:0008019	biolink:gene_associated_with_condition	1
0.89908445	HGNC:12783	MONDO:0008019	biolink:causes	1
0.96929246	HGNC:12775	MONDO:0009157	biolink:causes	1
0.9272629	HGNC:12775	MONDO:0014901	biolink:causes	1
0.9065398	HGNC:12828	MONDO:0033116	biolink:causes	1
0.63581455	HGNC:16262	MONDO:0007355	biolink:gene_associated_with_condition	1
0.60830325	HGNC:24877	MONDO:0025690	biolink:causes	1
0.71925306	HGNC:24877	MONDO:0031481	biolink:gene_associated_with_condition	1
0.98536545	HGNC:14881	MONDO:0016856	biolink:gene_associated_with_condition	1
0.89405215	HGNC:16700	MONDO:0008542	biolink:causes	1
0.9346609	HGNC:16700	MONDO:0014480	biolink:causes	1
0.9820747	HGNC:12873	MONDO:0019758	biolink:gene_associated_with_condition	1
0.99989235	HGNC:19412	MONDO:0014192	biolink:causes	1
0.9972	HGNC:12927	MONDO:0032741	biolink:causes	1
0.9976672	HGNC:12933	MONDO:0014994	biolink:causes	1
0.9949532	HGNC:12771	MONDO:0014343	biolink:causes	1
0.99471754	HGNC:1675	MONDO:0014276	biolink:gene_associated_with_condition	1
0.9994885	HGNC:11935	MONDO:0010626	biolink:gene_associated_with_condition	1
0.8509856	HGNC:1698	MONDO:0013288	biolink:causes	1
0.99055314	HGNC:1762	MONDO:0011107	biolink:causes	1
0.9999815	HGNC:1750	MONDO:0008885	biolink:causes	1
0.55654967	HGNC:1777	MONDO:0014484	biolink:causes	1
0.7934434	HGNC:1802	MONDO:0007805	biolink:causes	1
0.73706186	HGNC:1848	MONDO:0012348	biolink:causes	1
0.93104494	HGNC:21638	MONDO:0032677	biolink:gene_associated_with_condition	1
0.9692221	HGNC:29021	MONDO:0012626	biolink:causes	1
0.99284756	HGNC:29021	MONDO:0008377	biolink:causes	1
0.9978223	HGNC:21699	MONDO:0008377	biolink:causes	1
0.9999826	HGNC:28188	MONDO:0054843	biolink:causes	1
0.91403776	HGNC:1037	MONDO:0014255	biolink:causes	1
0.65808266	HGNC:21645	MONDO:0014742	biolink:causes	1
0.825881	HGNC:1919	MONDO:0014946	biolink:gene_associated_with_condition	1
0.9877973	HGNC:20626	MONDO:0007794	biolink:causes	1
0.94605017	HGNC:20626	MONDO:0008542	biolink:causes	1
0.9981791	HGNC:1938	MONDO:0011246	biolink:gene_associated_with_condition	1
0.9981791	HGNC:1938	MONDO:0011246	biolink:causes	1
0.9524142	HGNC:1940	MONDO:0008377	biolink:causes	1
0.9823845	HGNC:1966	MONDO:0014586	biolink:causes	1
0.38169423	HGNC:1987	MONDO:0008542	biolink:gene_associated_with_condition	1
0.95617193	HGNC:2025	MONDO:0008156	biolink:gene_associated_with_condition	1
0.9871401	HGNC:2025	MONDO:0014343	biolink:causes	1
0.05885127	HGNC:2063	MONDO:0010473	biolink:gene_associated_with_condition	1
0.9987446	HGNC:16999	MONDO:0014349	biolink:gene_associated_with_condition	1
0.9930934	HGNC:7879	MONDO:0032864	biolink:causes	1
0.9999987	HGNC:13830	MONDO:0012400	biolink:gene_associated_with_condition	1
0.7518671	HGNC:13830	MONDO:0012801	biolink:contributes_to	1
0.9948061	HGNC:29932	MONDO:0014290	biolink:gene_associated_with_condition	1
0.9947891	HGNC:18619	MONDO:0957820	biolink:causes	1
0.97000575	HGNC:2206	MONDO:0008762	biolink:gene_associated_with_condition	1
0.97000575	HGNC:2206	MONDO:0008762	biolink:causes	1
0.97660214	HGNC:2212	MONDO:0009714	biolink:gene_associated_with_condition	1
0.99301004	HGNC:2219	MONDO:0007740	biolink:causes	1
0.99559057	HGNC:2219	MONDO:0010964	biolink:causes	1
0.999915	HGNC:2219	MONDO:0007949	biolink:causes	1
0.9998037	HGNC:2195	MONDO:0800167	biolink:causes	1
0.8815929	HGNC:19012	MONDO:0958241	biolink:causes	1
0.99618185	HGNC:25801	MONDO:0014343	biolink:causes	1
0.9771756	HGNC:2336	MONDO:0013862	biolink:causes	1
0.97919124	HGNC:2343	MONDO:0008246	biolink:causes	1
0.0341228	HGNC:2359	MONDO:0011239	biolink:gene_associated_with_condition	1
0.99746263	HGNC:37276	MONDO:0014474	biolink:causes	1
0.9630488	HGNC:2398	MONDO:0015300	biolink:gene_associated_with_condition	1
0.9503196	HGNC:2410	MONDO:0011430	biolink:gene_associated_with_condition	1
0.9154711	HGNC:2410	MONDO:0015300	biolink:gene_associated_with_condition	1
0.9447137	HGNC:2410	MONDO:0018611	biolink:gene_associated_with_condition	1
0.9925216	HGNC:2433	MONDO:0032772	biolink:causes	1
0.9913902	HGNC:2433	MONDO:0014343	biolink:causes	1
0.96450937	HGNC:26193	MONDO:0008377	biolink:causes	1
0.9601898	HGNC:26047	MONDO:0957202	biolink:causes	1
0.94329923	HGNC:26047	MONDO:0018393	biolink:gene_associated_with_condition	1
0.38913697	HGNC:18831	MONDO:0013662	biolink:causes	1
0.80660444	HGNC:2505	MONDO:0018324	biolink:gene_associated_with_condition	1
0.96030456	HGNC:2505	MONDO:0014493	biolink:gene_associated_with_condition	1
0.9986708	HGNC:2510	MONDO:0032578	biolink:causes	1
0.9961928	HGNC:2518	MONDO:0009064	biolink:causes	1
0.91070306	HGNC:2590	MONDO:0013400	biolink:causes	1
0.809001	HGNC:2600	MONDO:0017839	biolink:gene_associated_with_condition	1
0.99704367	HGNC:25536	MONDO:0030054	biolink:causes	1
0.9637264	HGNC:24891	MONDO:0012411	biolink:causes	1
0.9998907	HGNC:25784	MONDO:0009419	biolink:causes	1
0.9571288	HGNC:18141	MONDO:0012442	biolink:causes	1
0.99951565	HGNC:18141	MONDO:0018816	biolink:gene_associated_with_condition	1
0.8871434	HGNC:19714	MONDO:0012256	biolink:gene_associated_with_condition	1
0.999998	HGNC:25360	MONDO:0008267	biolink:gene_associated_with_condition	1
0.9718668	HGNC:20603	MONDO:0008377	biolink:causes	1
0.81730264	HGNC:2750	MONDO:0975838	biolink:causes	1
0.7573471	HGNC:18018	MONDO:0008377	biolink:causes	1
0.87104887	HGNC:17098	MONDO:0007681	biolink:causes	1
0.75197893	HGNC:2907	MONDO:0968990	biolink:gene_associated_with_condition	1
0.52980685	HGNC:2907	MONDO:0011975	biolink:gene_associated_with_condition	1
0.46133655	HGNC:2907	MONDO:0958354	biolink:gene_associated_with_condition	1
0.9999931	HGNC:28662	MONDO:0859293	biolink:causes	1
0.98914135	HGNC:3004	MONDO:0100217	biolink:causes	1
0.99999917	HGNC:24270	MONDO:0859295	biolink:causes	1
0.44553444	HGNC:3052	MONDO:0013034	biolink:causes	1
0.5777136	HGNC:3052	MONDO:0014218	biolink:gene_associated_with_condition	1
0.785722	HGNC:3052	MONDO:0014355	biolink:causes	1
0.9983335	HGNC:3084	MONDO:0024455	biolink:causes	1
1.0	HGNC:19087	MONDO:0015021	biolink:causes	1
0.9929911	HGNC:3133	MONDO:0020603	biolink:gene_associated_with_condition	1
0.9929911	HGNC:3133	MONDO:0020603	biolink:causes	1
0.41273367	HGNC:26114	MONDO:0014649	biolink:causes	1
0.53782815	HGNC:3179	MONDO:0008000	biolink:contributes_to	1
0.28508866	HGNC:3179	MONDO:0009061	biolink:gene_associated_with_condition	1
0.8876291	HGNC:3259	MONDO:0015520	biolink:gene_associated_with_condition	1
0.7622424	HGNC:3259	MONDO:0015519	biolink:gene_associated_with_condition	1
0.75402194	HGNC:3259	MONDO:0020507	biolink:gene_associated_with_condition	1
0.86182576	HGNC:18683	MONDO:0009998	biolink:causes	1
0.94502234	HGNC:18683	MONDO:0014343	biolink:causes	1
0.9226198	HGNC:28957	MONDO:0018822	biolink:gene_associated_with_condition	1
0.6978349	HGNC:3331	MONDO:0100531	biolink:causes	1
0.3293381	HGNC:3386	MONDO:0007288	biolink:causes	1
0.6108459	HGNC:3424	MONDO:0033047	biolink:causes	1
0.018279675	HGNC:3430	MONDO:0016268	biolink:gene_associated_with_condition	1
0.9494416	HGNC:3435	MONDO:0012531	biolink:causes	1
0.99975556	HGNC:21056	MONDO:0014240	biolink:causes	1
0.19669166	HGNC:3467	MONDO:0014148	biolink:causes	1
0.98650485	HGNC:19747	MONDO:0008673	biolink:gene_associated_with_condition	1
0.98650485	HGNC:19747	MONDO:0008673	biolink:causes	1
0.9548089	MONDO:0004951	HGNC:1606	biolink:contributes_to	1
0.9771968	MONDO:0004951	HGNC:10610	biolink:contributes_to	1
0.9724782	MONDO:0004951	HGNC:5962	biolink:contributes_to	1
0.9562784	MONDO:0004951	HGNC:10632	biolink:contributes_to	1
0.9416982	MONDO:0004951	HGNC:1641	biolink:contributes_to	1
0.41281706	MONDO:0007103	HGNC:2711	biolink:contributes_to	1
0.2162134	MONDO:0007103	HGNC:11179	biolink:causes	1
0.9925242	MONDO:0007163	HGNC:1388	biolink:gene_associated_with_condition	1
0.9925242	MONDO:0007163	HGNC:1388	biolink:causes	1
0.98051584	MONDO:0007167	HGNC:3755	biolink:causes	1
0.08791593	MONDO:0007191	HGNC:18173	biolink:gene_associated_with_condition	1
0.92503494	MONDO:0007191	HGNC:6998	biolink:gene_associated_with_condition	1
0.92048	MONDO:0007191	HGNC:5439	biolink:gene_associated_with_condition	1
0.98843294	MONDO:0007215	HGNC:4220	biolink:gene_associated_with_condition	1
0.8672777	MONDO:0007283	HGNC:2395	biolink:causes	1
0.97416794	MONDO:0007311	HGNC:9118	biolink:causes	1
0.9178618	MONDO:0007319	HGNC:11909	biolink:gene_associated_with_condition	1
0.26107338	MONDO:0007351	HGNC:4043	biolink:gene_associated_with_condition	1
0.63581455	MONDO:0007355	HGNC:16262	biolink:gene_associated_with_condition	1
0.9962155	MONDO:0007363	HGNC:9081	biolink:causes	1
0.99835604	MONDO:0007363	HGNC:3603	biolink:causes	1
0.9994537	MONDO:0007363	HGNC:6664	biolink:causes	1
0.9883078	MONDO:0007363	HGNC:757	biolink:causes	1
0.9981742	MONDO:0007363	HGNC:11768	biolink:causes	1
0.9965587	MONDO:0007363	HGNC:11773	biolink:causes	1
0.9585034	MONDO:0007363	HGNC:6769	biolink:causes	1
0.99929273	MONDO:0007363	HGNC:6716	biolink:causes	1
0.9980719	MONDO:0007363	HGNC:3219	biolink:causes	1
0.99797946	MONDO:0007363	HGNC:19880	biolink:causes	1
0.987074	MONDO:0007375	HGNC:11771	biolink:causes	1
0.9800925	MONDO:0007451	HGNC:634	biolink:causes	1
0.5065973	MONDO:0007483	HGNC:225	biolink:gene_associated_with_condition	1
0.9845285	MONDO:0007495	HGNC:4193	biolink:causes	1
0.894438	MONDO:0007551	HGNC:6416	biolink:causes	1
0.99809355	MONDO:0007571	HGNC:10597	biolink:gene_associated_with_condition	1
0.99809355	MONDO:0007571	HGNC:10597	biolink:causes	1
0.9846926	MONDO:0007615	HGNC:13243	biolink:causes	1
0.98299533	MONDO:0007635	HGNC:12796	biolink:gene_associated_with_condition	1
0.24708323	MONDO:0007723	HGNC:9967	biolink:contributes_to	1
0.46417665	MONDO:0007727	HGNC:11916	biolink:causes	1
0.9963844	MONDO:0007747	HGNC:1371	biolink:gene_associated_with_condition	1
0.5022973	MONDO:0007767	HGNC:7010	biolink:causes	1
0.9049502	MONDO:0007791	HGNC:1514	biolink:causes	1
0.91010696	MONDO:0007871	HGNC:5950	biolink:causes	1
0.9991936	MONDO:0007875	HGNC:15808	biolink:causes	1
0.98172873	MONDO:0007875	HGNC:3755	biolink:gene_associated_with_condition	1
0.79480803	MONDO:0007883	HGNC:12754	biolink:gene_associated_with_condition	1
0.99860185	MONDO:0007895	HGNC:2200	biolink:gene_associated_with_condition	1
0.9890848	MONDO:0007931	HGNC:12703	biolink:gene_associated_with_condition	1
0.99217856	MONDO:0007943	HGNC:10771	biolink:gene_associated_with_condition	1
0.8296328	MONDO:0007979	HGNC:9644	biolink:gene_associated_with_condition	1
0.8296328	MONDO:0007979	HGNC:9644	biolink:causes	1
0.99993086	MONDO:0007987	HGNC:13869	biolink:causes	1
0.9999633	MONDO:0007999	HGNC:10889	biolink:causes	1
0.89908445	MONDO:0008019	HGNC:12783	biolink:gene_associated_with_condition	1
0.89908445	MONDO:0008019	HGNC:12783	biolink:causes	1
0.9292648	MONDO:0008087	HGNC:9118	biolink:gene_associated_with_condition	1
0.9850152	MONDO:0008119	HGNC:10548	biolink:causes	1
0.99024326	MONDO:0008123	HGNC:4040	biolink:gene_associated_with_condition	1
0.9511726	MONDO:0008147	HGNC:19316	biolink:gene_associated_with_condition	1
0.9978422	MONDO:0008179	HGNC:10597	biolink:gene_associated_with_condition	1
0.5926788	MONDO:0008259	HGNC:27310	biolink:causes	1
0.999998	MONDO:0008267	HGNC:25360	biolink:gene_associated_with_condition	1
0.98970747	MONDO:0008275	HGNC:11908	biolink:gene_associated_with_condition	1
0.9806981	MONDO:0008379	HGNC:6052	biolink:causes	1
0.35240835	MONDO:0008399	HGNC:4948	biolink:contributes_to	1
0.98010856	MONDO:0008407	HGNC:2770	biolink:causes	1
0.9951324	MONDO:0008411	HGNC:11602	biolink:gene_associated_with_condition	1
0.54525405	MONDO:0008447	HGNC:492	biolink:causes	1
0.99337363	MONDO:0008479	HGNC:2200	biolink:causes	1
0.9179061	MONDO:0008483	HGNC:573	biolink:causes	1
0.73932946	MONDO:0008559	HGNC:3531	biolink:contributes_to	1
0.9345958	MONDO:0008747	HGNC:12450	biolink:gene_associated_with_condition	1
0.9972299	MONDO:0008751	HGNC:2592	biolink:causes	1
0.81497955	MONDO:0008787	HGNC:10908	biolink:gene_associated_with_condition	1
0.99518126	MONDO:0008795	HGNC:6180	biolink:gene_associated_with_condition	1
0.48913297	MONDO:0008795	HGNC:8620	biolink:gene_associated_with_condition	1
0.76441693	MONDO:0008799	HGNC:11195	biolink:gene_associated_with_condition	1
0.4750808	MONDO:0008879	HGNC:16912	biolink:causes	1
0.8784753	MONDO:0008887	HGNC:10600	biolink:causes	1
0.9991374	MONDO:0008919	HGNC:10969	biolink:causes	1
0.9888548	MONDO:0008931	HGNC:6696	biolink:causes	1
0.9995826	MONDO:0008963	HGNC:1968	biolink:causes	1
0.9999943	MONDO:0008995	HGNC:16873	biolink:gene_associated_with_condition	1
0.9857744	MONDO:0009007	HGNC:105	biolink:causes	1
0.97368115	MONDO:0009019	HGNC:16438	biolink:causes	1
0.58908916	MONDO:0009031	HGNC:17321	biolink:gene_associated_with_condition	1
0.90648836	MONDO:0009039	HGNC:9949	biolink:gene_associated_with_condition	1
0.5296546	MONDO:0009055	HGNC:24048	biolink:gene_associated_with_condition	1
0.9998988	MONDO:0009079	HGNC:29203	biolink:gene_associated_with_condition	1
0.9682256	MONDO:0009091	HGNC:6595	biolink:causes	1
0.9955183	MONDO:0009107	HGNC:10994	biolink:causes	1
0.98667485	MONDO:0009115	HGNC:6530	biolink:causes	1
0.9990577	MONDO:0009135	HGNC:1713	biolink:causes	1
0.9998392	MONDO:0009143	HGNC:8487	biolink:causes	1
0.994968	MONDO:0009151	HGNC:9706	biolink:gene_associated_with_condition	1
0.96950185	MONDO:0009159	HGNC:2198	biolink:gene_associated_with_condition	1
0.77636224	MONDO:0009211	HGNC:3544	biolink:gene_associated_with_condition	1
0.77636224	MONDO:0009211	HGNC:3544	biolink:causes	1
0.9999863	MONDO:0009215	HGNC:3587	biolink:causes	1
0.99587005	MONDO:0009215	HGNC:3586	biolink:causes	1
0.9999722	MONDO:0009215	HGNC:3583	biolink:causes	1
0.99999666	MONDO:0009223	HGNC:6584	biolink:gene_associated_with_condition	1
0.7808527	MONDO:0009231	HGNC:1077	biolink:gene_associated_with_condition	1
0.93853134	MONDO:0009235	HGNC:9038	biolink:gene_associated_with_condition	1
0.55744755	MONDO:0009255	HGNC:4118	biolink:gene_associated_with_condition	1
0.97541726	MONDO:0009271	HGNC:9721	biolink:gene_associated_with_condition	1
0.8137647	MONDO:0009279	HGNC:13666	biolink:causes	1
0.8612058	MONDO:0009279	HGNC:25751	biolink:gene_associated_with_condition	1
0.9937557	MONDO:0009283	HGNC:16001	biolink:gene_associated_with_condition	1
0.69497466	MONDO:0009315	HGNC:3530	biolink:causes	1
0.9802249	MONDO:0009339	HGNC:388	biolink:gene_associated_with_condition	1
0.9802249	MONDO:0009339	HGNC:388	biolink:causes	1
0.9638152	MONDO:0009359	HGNC:1161	biolink:gene_associated_with_condition	1
0.9815107	MONDO:0009379	HGNC:10961	biolink:gene_associated_with_condition	1
0.9998055	MONDO:0009411	HGNC:360	biolink:gene_associated_with_condition	1
0.9998907	MONDO:0009419	HGNC:25784	biolink:causes	1
0.99993265	MONDO:0009431	HGNC:20305	biolink:causes	1
0.5763164	MONDO:0009451	HGNC:12765	biolink:gene_associated_with_condition	1
0.99876344	MONDO:0009459	HGNC:10597	biolink:causes	1
0.48343173	MONDO:0009459	HGNC:10582	biolink:gene_associated_with_condition	1
0.990764	MONDO:0009475	HGNC:6186	biolink:causes	1
0.99989915	MONDO:0009495	HGNC:7060	biolink:gene_associated_with_condition	1
0.99989915	MONDO:0009495	HGNC:7060	biolink:causes	1
0.9952856	MONDO:0009503	HGNC:21350	biolink:gene_associated_with_condition	1
0.78419197	MONDO:0009527	HGNC:14154	biolink:causes	1
0.9932881	MONDO:0009607	HGNC:6903	biolink:causes	1
0.9976267	MONDO:0009615	HGNC:16732	biolink:gene_associated_with_condition	1
0.9866638	MONDO:0009623	HGNC:7652	biolink:gene_associated_with_condition	1
0.7249663	MONDO:0009683	HGNC:16380	biolink:causes	1
0.86546415	MONDO:0009699	HGNC:1665	biolink:causes	1
0.9970546	MONDO:0009715	HGNC:2019	biolink:causes	1
0.9656496	MONDO:0009775	HGNC:10521	biolink:causes	1
0.99955004	MONDO:0009779	HGNC:4454	biolink:gene_associated_with_condition	1
0.9996762	MONDO:0009823	HGNC:341	biolink:gene_associated_with_condition	1
0.4673296	MONDO:0009839	HGNC:6893	biolink:causes	1
0.9465832	MONDO:0009843	HGNC:10648	biolink:gene_associated_with_condition	1
0.9996427	MONDO:0009855	HGNC:5213	biolink:gene_associated_with_condition	1
0.99340737	MONDO:0009867	HGNC:9386	biolink:gene_associated_with_condition	1
0.99340737	MONDO:0009867	HGNC:9386	biolink:causes	1
0.9998153	MONDO:0009871	HGNC:30477	biolink:causes	1
0.98273164	MONDO:0009879	HGNC:4261	biolink:causes	1
0.7359799	MONDO:0009883	HGNC:9075	biolink:gene_associated_with_condition	1
0.29155725	MONDO:0009891	HGNC:6192	biolink:causes	1
0.98830265	MONDO:0009919	HGNC:119	biolink:gene_associated_with_condition	1
0.7403254	MONDO:0009935	HGNC:24113	biolink:causes	1
0.8223845	MONDO:0009955	HGNC:9949	biolink:gene_associated_with_condition	1
0.96486104	MONDO:0010043	HGNC:15832	biolink:causes	1
0.99991965	MONDO:0010075	HGNC:17978	biolink:gene_associated_with_condition	1
0.999387	MONDO:0010099	HGNC:4367	biolink:gene_associated_with_condition	1
0.999387	MONDO:0010099	HGNC:4367	biolink:causes	1
0.9856736	MONDO:0010135	HGNC:11764	biolink:causes	1
0.9999753	MONDO:0010167	HGNC:26444	biolink:gene_associated_with_condition	1
0.33455676	MONDO:0010171	HGNC:12597	biolink:causes	1
0.9999969	MONDO:0010183	HGNC:23038	biolink:gene_associated_with_condition	1
0.98657984	MONDO:0010227	HGNC:10295	biolink:causes	1
0.9916636	MONDO:0010235	HGNC:6990	biolink:gene_associated_with_condition	1
0.9684182	MONDO:0010239	HGNC:2714	biolink:causes	1
0.92840374	MONDO:0010275	HGNC:8768	biolink:gene_associated_with_condition	1
0.99975497	MONDO:0010315	HGNC:6010	biolink:gene_associated_with_condition	1
0.99975497	MONDO:0010315	HGNC:6010	biolink:causes	1
0.9761371	MONDO:0010319	HGNC:18305	biolink:gene_associated_with_condition	1
0.99803025	MONDO:0010335	HGNC:1393	biolink:causes	1
0.6732684	MONDO:0010339	HGNC:11494	biolink:gene_associated_with_condition	1
0.6732684	MONDO:0010339	HGNC:11494	biolink:causes	1
0.99967873	MONDO:0010355	HGNC:11114	biolink:gene_associated_with_condition	1
0.9901804	MONDO:0010415	HGNC:3702	biolink:causes	1
0.9731761	MONDO:0010435	HGNC:20145	biolink:causes	1
0.97607666	MONDO:0010443	HGNC:10295	biolink:causes	1
0.9716411	MONDO:0010455	HGNC:28880	biolink:causes	1
1.0	MONDO:0010483	HGNC:29433	biolink:causes	1
0.71426433	MONDO:0010495	HGNC:12974	biolink:causes	1
0.7714047	MONDO:0010503	HGNC:16353	biolink:gene_associated_with_condition	1
0.85939234	MONDO:0010511	HGNC:4516	biolink:causes	1
0.99766505	MONDO:0010515	HGNC:1044	biolink:causes	1
0.95489335	MONDO:0010523	HGNC:9173	biolink:gene_associated_with_condition	1
0.90838003	MONDO:0010631	HGNC:5961	biolink:causes	1
0.9628127	MONDO:0010651	HGNC:869	biolink:causes	1
0.8965073	MONDO:0010655	HGNC:20439	biolink:gene_associated_with_condition	1
0.990602	MONDO:0010655	HGNC:11957	biolink:causes	1
0.99980146	MONDO:0010659	HGNC:3776	biolink:causes	1
0.63501734	MONDO:0010743	HGNC:12731	biolink:causes	1
0.80960864	MONDO:0010747	HGNC:11535	biolink:gene_associated_with_condition	1
0.80960864	MONDO:0010747	HGNC:11535	biolink:causes	1
0.9998491	MONDO:0010767	HGNC:21504	biolink:causes	1
0.963999	MONDO:0010767	HGNC:9912	biolink:causes	1
0.99989545	MONDO:0010767	HGNC:12668	biolink:causes	1
0.93187094	MONDO:0010767	HGNC:1810	biolink:causes	1
0.94944227	MONDO:0010799	HGNC:7497	biolink:causes	1
0.9982343	MONDO:0010803	HGNC:9608	biolink:gene_associated_with_condition	1
0.9404566	MONDO:0010823	HGNC:327	biolink:gene_associated_with_condition	1
0.98842365	MONDO:0010839	HGNC:18083	biolink:gene_associated_with_condition	1
0.98842365	MONDO:0010839	HGNC:18083	biolink:causes	1
0.9999199	MONDO:0010907	HGNC:11708	biolink:gene_associated_with_condition	1
0.48319227	MONDO:0010911	HGNC:7010	biolink:gene_associated_with_condition	1
0.72625	MONDO:0010911	HGNC:358	biolink:gene_associated_with_condition	1
0.8777441	MONDO:0010947	HGNC:3542	biolink:gene_associated_with_condition	1
0.39599332	MONDO:0010947	HGNC:6192	biolink:gene_associated_with_condition	1
0.9999951	MONDO:0010959	HGNC:19869	biolink:gene_associated_with_condition	1
0.40586415	MONDO:0010963	HGNC:12762	biolink:causes	1
0.96000695	MONDO:0011003	HGNC:10593	biolink:causes	1
0.72085106	MONDO:0011091	HGNC:4162	biolink:gene_associated_with_condition	1
0.72085106	MONDO:0011091	HGNC:4162	biolink:causes	1
0.99055314	MONDO:0011107	HGNC:1762	biolink:causes	1
0.9818626	MONDO:0011143	HGNC:4689	biolink:causes	1
0.9644119	MONDO:0011223	HGNC:445	biolink:gene_associated_with_condition	1
0.0341228	MONDO:0011239	HGNC:2359	biolink:gene_associated_with_condition	1
0.9883929	MONDO:0011243	HGNC:30935	biolink:gene_associated_with_condition	1
0.99427766	MONDO:0011275	HGNC:7944	biolink:causes	1
0.9673758	MONDO:0011291	HGNC:23157	biolink:causes	1
0.59655	MONDO:0011299	HGNC:9449	biolink:gene_associated_with_condition	1
0.98931515	MONDO:0011335	HGNC:6391	biolink:gene_associated_with_condition	1
0.9705354	MONDO:0011339	HGNC:28984	biolink:causes	1
0.31062612	MONDO:0011351	HGNC:11720	biolink:causes	1
0.9999871	MONDO:0011359	HGNC:29316	biolink:causes	1
0.99010944	MONDO:0011411	HGNC:29501	biolink:gene_associated_with_condition	1
0.99010944	MONDO:0011411	HGNC:29501	biolink:causes	1
0.98347306	MONDO:0011431	HGNC:3603	biolink:causes	1
0.7689026	MONDO:0011439	HGNC:9305	biolink:gene_associated_with_condition	1
0.7689026	MONDO:0011439	HGNC:9305	biolink:causes	1
0.7967901	MONDO:0011459	HGNC:28472	biolink:causes	1
0.9709037	MONDO:0011475	HGNC:2135	biolink:gene_associated_with_condition	1
0.76303476	MONDO:0011519	HGNC:10887	biolink:causes	1
0.9776872	MONDO:0011523	HGNC:7108	biolink:causes	1
0.70689684	MONDO:0011527	HGNC:3239	biolink:gene_associated_with_condition	1
0.3374618	MONDO:0011547	HGNC:16171	biolink:causes	1
0.98935914	MONDO:0011579	HGNC:14344	biolink:gene_associated_with_condition	1
0.39928564	MONDO:0011603	HGNC:23657	biolink:causes	1
0.97747767	MONDO:0011631	HGNC:10909	biolink:gene_associated_with_condition	1
0.4294022	MONDO:0011667	HGNC:6107	biolink:causes	1
0.59161013	MONDO:0011743	HGNC:613	biolink:causes	1
0.99982315	MONDO:0011783	HGNC:19358	biolink:causes	1
0.98203963	MONDO:0011787	HGNC:17997	biolink:gene_associated_with_condition	1
0.99943405	MONDO:0011811	HGNC:23595	biolink:gene_associated_with_condition	1
0.94007194	MONDO:0011819	HGNC:6239	biolink:gene_associated_with_condition	1
0.5629576	MONDO:0011823	HGNC:132	biolink:gene_associated_with_condition	1
0.99856657	MONDO:0011839	HGNC:10024	biolink:causes	1
0.98996454	MONDO:0011855	HGNC:11771	biolink:causes	1
0.99796164	MONDO:0011907	HGNC:5956	biolink:causes	1
0.98927337	MONDO:0011911	HGNC:10701	biolink:causes	1
0.9907753	MONDO:0011935	HGNC:3960	biolink:causes	1
0.99972934	MONDO:0011939	HGNC:124	biolink:causes	1
0.30666453	MONDO:0011959	HGNC:9658	biolink:gene_associated_with_condition	1
0.7999243	MONDO:0011971	HGNC:12572	biolink:gene_associated_with_condition	1
0.52980685	MONDO:0011975	HGNC:2907	biolink:gene_associated_with_condition	1
0.9525153	MONDO:0012019	HGNC:319	biolink:gene_associated_with_condition	1
0.8609227	MONDO:0012039	HGNC:11934	biolink:contributes_to	1
0.5609595	MONDO:0012039	HGNC:6700	biolink:contributes_to	1
0.72034496	MONDO:0012039	HGNC:4312	biolink:contributes_to	1
0.8587872	MONDO:0012039	HGNC:6709	biolink:contributes_to	1
0.99082106	MONDO:0012043	HGNC:11771	biolink:gene_associated_with_condition	1
0.99082106	MONDO:0012043	HGNC:11771	biolink:causes	1
0.8791677	MONDO:0012075	HGNC:904	biolink:causes	1
0.7598541	MONDO:0012091	HGNC:1718	biolink:causes	1
0.99686915	MONDO:0012123	HGNC:3005	biolink:gene_associated_with_condition	1
0.80275553	MONDO:0012127	HGNC:12403	biolink:causes	1
0.9495336	MONDO:0012143	HGNC:11005	biolink:gene_associated_with_condition	1
0.9906832	MONDO:0012163	HGNC:6024	biolink:causes	1
0.47367227	MONDO:0012183	HGNC:1773	biolink:contributes_to	1
0.97960967	MONDO:0012203	HGNC:12373	biolink:gene_associated_with_condition	1
0.97794014	MONDO:0012231	HGNC:16877	biolink:gene_associated_with_condition	1
0.9030872	MONDO:0012251	HGNC:559	biolink:causes	1
0.994406	MONDO:0012271	HGNC:35126	biolink:causes	1
0.9811095	MONDO:0012287	HGNC:2200	biolink:causes	1
0.92181116	MONDO:0012291	HGNC:18153	biolink:causes	1
0.9853094	MONDO:0012295	HGNC:1331	biolink:causes	1
0.9843759	MONDO:0012299	HGNC:18121	biolink:causes	1
0.48796454	MONDO:0012395	HGNC:14673	biolink:causes	1
0.974391	MONDO:0012399	HGNC:30829	biolink:gene_associated_with_condition	1
0.99370486	MONDO:0012407	HGNC:30260	biolink:gene_associated_with_condition	1
0.9637264	MONDO:0012411	HGNC:24891	biolink:causes	1
0.9303489	MONDO:0012423	HGNC:21474	biolink:causes	1
0.9996877	MONDO:0012483	HGNC:18286	biolink:causes	1
0.9708213	MONDO:0012519	HGNC:2348	biolink:gene_associated_with_condition	1
0.9902002	MONDO:0012527	HGNC:9006	biolink:causes	1
0.9494416	MONDO:0012531	HGNC:3435	biolink:causes	1
0.99417984	MONDO:0012539	HGNC:28396	biolink:causes	1
0.63836384	MONDO:0012559	HGNC:29796	biolink:causes	1
0.9992817	MONDO:0012563	HGNC:4318	biolink:causes	1
0.18923013	MONDO:0012607	HGNC:17020	biolink:contributes_to	1
0.9614696	MONDO:0012679	HGNC:29017	biolink:gene_associated_with_condition	1
0.9386356	MONDO:0012747	HGNC:414	biolink:causes	1
0.9790516	MONDO:0012803	HGNC:12266	biolink:gene_associated_with_condition	1
0.60798395	MONDO:0012807	HGNC:6158	biolink:gene_associated_with_condition	1
0.3214011	MONDO:0012843	HGNC:4083	biolink:contributes_to	1
0.9997727	MONDO:0012847	HGNC:28018	biolink:causes	1
0.998667	MONDO:0012859	HGNC:11908	biolink:gene_associated_with_condition	1
0.998667	MONDO:0012859	HGNC:11908	biolink:causes	1
0.053952105	MONDO:0012883	HGNC:8059	biolink:gene_associated_with_condition	1
0.039421532	MONDO:0012883	HGNC:9864	biolink:gene_associated_with_condition	1
0.039421532	MONDO:0012883	HGNC:9864	biolink:causes	1
0.061542008	MONDO:0012883	HGNC:7910	biolink:gene_associated_with_condition	1
0.4022698	MONDO:0012883	HGNC:29529	biolink:gene_associated_with_condition	1
0.8470788	MONDO:0012911	HGNC:4392	biolink:gene_associated_with_condition	1
0.94577605	MONDO:0012943	HGNC:5385	biolink:causes	1
0.999941	MONDO:0012979	HGNC:21057	biolink:causes	1
0.98769486	MONDO:0012983	HGNC:9454	biolink:causes	1
0.9971506	MONDO:0013007	HGNC:25896	biolink:causes	1
0.6171059	MONDO:0013011	HGNC:143	biolink:causes	1
0.86712885	MONDO:0013047	HGNC:6535	biolink:gene_associated_with_condition	1
0.99677	MONDO:0013051	HGNC:9721	biolink:causes	1
0.96391165	MONDO:0013059	HGNC:15925	biolink:causes	1
0.87908685	MONDO:0013063	HGNC:3010	biolink:contributes_to	1
0.12095256	MONDO:0013083	HGNC:427	biolink:contributes_to	1
0.9978428	MONDO:0013111	HGNC:25481	biolink:gene_associated_with_condition	1
0.9970462	MONDO:0013119	HGNC:26521	biolink:causes	1
0.9836015	MONDO:0013127	HGNC:29262	biolink:gene_associated_with_condition	1
0.51744145	MONDO:0013139	HGNC:4237	biolink:causes	1
0.97708386	MONDO:0013171	HGNC:7892	biolink:causes	1
0.99447674	MONDO:0013195	HGNC:11943	biolink:causes	1
0.9972791	MONDO:0013223	HGNC:29679	biolink:causes	1
0.84723634	MONDO:0013235	HGNC:1101	biolink:contributes_to	1
0.99785703	MONDO:0013243	HGNC:5248	biolink:causes	1
0.97006905	MONDO:0013315	HGNC:8789	biolink:causes	1
0.9999945	MONDO:0013323	HGNC:29250	biolink:causes	1
0.9220211	MONDO:0013331	HGNC:18451	biolink:causes	1
0.73871666	MONDO:0013351	HGNC:2375	biolink:gene_associated_with_condition	1
0.95502174	MONDO:0013367	HGNC:31088	biolink:contributes_to	1
0.98403543	MONDO:0013391	HGNC:10606	biolink:gene_associated_with_condition	1
0.98403543	MONDO:0013391	HGNC:10606	biolink:causes	1
0.5415304	MONDO:0013427	HGNC:11362	biolink:gene_associated_with_condition	1
0.96077627	MONDO:0013431	HGNC:24576	biolink:causes	1
0.9995629	MONDO:0013463	HGNC:4214	biolink:causes	1
0.81889457	MONDO:0013475	HGNC:9080	biolink:causes	1
0.9803714	MONDO:0013487	HGNC:2771	biolink:gene_associated_with_condition	1
0.9961423	MONDO:0013495	HGNC:23452	biolink:causes	1
0.99298745	MONDO:0013507	HGNC:7662	biolink:causes	1
0.9330563	MONDO:0013531	HGNC:9577	biolink:causes	1
0.9999038	MONDO:0013551	HGNC:572	biolink:causes	1
0.86450493	MONDO:0013559	HGNC:8549	biolink:gene_associated_with_condition	1
0.95844275	MONDO:0013559	HGNC:17328	biolink:causes	1
0.19350028	MONDO:0013571	HGNC:1516	biolink:gene_associated_with_condition	1
0.6987105	MONDO:0013587	HGNC:6541	biolink:gene_associated_with_condition	1
0.83717054	MONDO:0013595	HGNC:1062	biolink:causes	1
0.9254733	MONDO:0013607	HGNC:4171	biolink:causes	1
0.9999993	MONDO:0013615	HGNC:5967	biolink:causes	1
0.95869786	MONDO:0013679	HGNC:6696	biolink:causes	1
0.43263966	MONDO:0013711	HGNC:23212	biolink:gene_associated_with_condition	1
0.43263966	MONDO:0013711	HGNC:23212	biolink:causes	1
0.85747063	MONDO:0013715	HGNC:8157	biolink:causes	1
0.9987255	MONDO:0013719	HGNC:18340	biolink:causes	1
0.06556336	MONDO:0013723	HGNC:17192	biolink:contributes_to	1
0.9999597	MONDO:0013731	HGNC:29634	biolink:causes	1
0.76128924	MONDO:0013739	HGNC:15925	biolink:causes	1
0.60412586	MONDO:0013743	HGNC:2956	biolink:gene_associated_with_condition	1
0.79633963	MONDO:0013743	HGNC:1241	biolink:gene_associated_with_condition	1
0.8942319	MONDO:0013743	HGNC:1246	biolink:gene_associated_with_condition	1
0.7470516	MONDO:0013767	HGNC:6407	biolink:causes	1
0.6303348	MONDO:0013775	HGNC:11784	biolink:causes	1
0.9963697	MONDO:0013795	HGNC:2187	biolink:causes	1
0.9921227	MONDO:0013827	HGNC:11051	biolink:causes	1
0.9590948	MONDO:0013839	HGNC:1090	biolink:gene_associated_with_condition	1
0.63364893	MONDO:0013843	HGNC:4688	biolink:causes	1
0.601236	MONDO:0013851	HGNC:11303	biolink:gene_associated_with_condition	1
0.9999964	MONDO:0013867	HGNC:30224	biolink:causes	1
0.51658165	MONDO:0013891	HGNC:8881	biolink:causes	1
0.91084033	MONDO:0013907	HGNC:4584	biolink:gene_associated_with_condition	1
0.9919986	MONDO:0013927	HGNC:8854	biolink:causes	1
0.99884254	MONDO:0013967	HGNC:8853	biolink:causes	1
0.99781716	MONDO:0013971	HGNC:29419	biolink:causes	1
0.6313861	MONDO:0013991	HGNC:6553	biolink:causes	1
0.9880868	MONDO:0013999	HGNC:20917	biolink:causes	1
0.45255274	MONDO:0014027	HGNC:11161	biolink:causes	1
0.73062205	MONDO:0014031	HGNC:24912	biolink:causes	1
0.6091612	MONDO:0014035	HGNC:2514	biolink:causes	1
0.9983851	MONDO:0014039	HGNC:16205	biolink:causes	1
0.9994086	MONDO:0014063	HGNC:26006	biolink:causes	1
0.6423871	MONDO:0014091	HGNC:823	biolink:causes	1
0.9355708	MONDO:0014107	HGNC:3762	biolink:causes	1
0.8425171	MONDO:0014115	HGNC:2678	biolink:gene_associated_with_condition	1
0.8537154	MONDO:0014131	HGNC:18621	biolink:causes	1
0.677648	MONDO:0014135	HGNC:1527	biolink:causes	1
0.9100469	MONDO:0014155	HGNC:10586	biolink:causes	1
0.95939565	MONDO:0014159	HGNC:11276	biolink:gene_associated_with_condition	1
0.9950518	MONDO:0014163	HGNC:7551	biolink:causes	1
0.9993575	MONDO:0014203	HGNC:21493	biolink:causes	1
0.9989849	MONDO:0014211	HGNC:1301	biolink:causes	1
0.9799673	MONDO:0014227	HGNC:3356	biolink:gene_associated_with_condition	1
0.99548256	MONDO:0014231	HGNC:15469	biolink:causes	1
0.91403776	MONDO:0014255	HGNC:1037	biolink:causes	1
0.74463564	MONDO:0014267	HGNC:5960	biolink:gene_associated_with_condition	1
0.74463564	MONDO:0014267	HGNC:5960	biolink:causes	1
0.8863699	MONDO:0014275	HGNC:3247	biolink:causes	1
0.80683047	MONDO:0014295	HGNC:11758	biolink:causes	1
0.99420667	MONDO:0014311	HGNC:28991	biolink:causes	1
0.9033859	MONDO:0014319	HGNC:3677	biolink:causes	1
0.62577885	MONDO:0014327	HGNC:20406	biolink:gene_associated_with_condition	1
0.62577885	MONDO:0014327	HGNC:20406	biolink:causes	1
0.48184693	MONDO:0014335	HGNC:9751	biolink:gene_associated_with_condition	1
0.19746456	MONDO:0014339	HGNC:11427	biolink:causes	1
0.9941309	MONDO:0014343	HGNC:124	biolink:causes	1
0.94854313	MONDO:0014343	HGNC:8768	biolink:causes	1
0.9192707	MONDO:0014343	HGNC:3527	biolink:causes	1
0.97291493	MONDO:0014343	HGNC:4392	biolink:causes	1
0.99238104	MONDO:0014343	HGNC:13315	biolink:causes	1
0.99599504	MONDO:0014343	HGNC:4877	biolink:causes	1
0.99668944	MONDO:0014343	HGNC:16644	biolink:causes	1
0.99672675	MONDO:0014343	HGNC:5948	biolink:causes	1
0.98527414	MONDO:0014343	HGNC:15455	biolink:causes	1
0.9959204	MONDO:0014343	HGNC:951	biolink:causes	1
0.99414235	MONDO:0014343	HGNC:7945	biolink:causes	1
0.9955532	MONDO:0014343	HGNC:8617	biolink:causes	1
0.99011797	MONDO:0014343	HGNC:8778	biolink:causes	1
0.9856975	MONDO:0014343	HGNC:20422	biolink:causes	1
0.9960074	MONDO:0014343	HGNC:9210	biolink:causes	1
0.96846056	MONDO:0014343	HGNC:9282	biolink:causes	1
0.9862732	MONDO:0014343	HGNC:882	biolink:causes	1
0.9937843	MONDO:0014343	HGNC:1044	biolink:causes	1
0.9962212	MONDO:0014343	HGNC:24154	biolink:causes	1
0.9025315	MONDO:0014343	HGNC:10023	biolink:causes	1
0.99540085	MONDO:0014343	HGNC:10031	biolink:causes	1
0.940105	MONDO:0014343	HGNC:10298	biolink:causes	1
0.9927261	MONDO:0014343	HGNC:28583	biolink:causes	1
0.9923119	MONDO:0014343	HGNC:10524	biolink:causes	1
0.9948086	MONDO:0014343	HGNC:10818	biolink:causes	1
0.9768847	MONDO:0014343	HGNC:6770	biolink:causes	1
0.99459654	MONDO:0014343	HGNC:20323	biolink:causes	1
0.9957033	MONDO:0014343	HGNC:14974	biolink:causes	1
0.9451526	MONDO:0014343	HGNC:11195	biolink:causes	1
0.9905652	MONDO:0014343	HGNC:28396	biolink:causes	1
0.9966912	MONDO:0014343	HGNC:11908	biolink:causes	1
0.9970239	MONDO:0014343	HGNC:25660	biolink:causes	1
0.9771681	MONDO:0014343	HGNC:12449	biolink:causes	1
0.9843762	MONDO:0014343	HGNC:25507	biolink:causes	1
0.99295324	MONDO:0014343	HGNC:15517	biolink:causes	1
0.99356055	MONDO:0014343	HGNC:2218	biolink:causes	1
0.9940322	MONDO:0014343	HGNC:2187	biolink:causes	1
0.9872727	MONDO:0014343	HGNC:2227	biolink:causes	1
0.9790647	MONDO:0014343	HGNC:17272	biolink:causes	1
0.99523515	MONDO:0014343	HGNC:20581	biolink:causes	1
0.9938818	MONDO:0014343	HGNC:19189	biolink:causes	1
0.9767536	MONDO:0014343	HGNC:3087	biolink:causes	1
0.993342	MONDO:0014343	HGNC:24595	biolink:causes	1
0.9908853	MONDO:0014343	HGNC:3444	biolink:causes	1
0.94817346	MONDO:0014343	HGNC:132	biolink:causes	1
0.9953507	MONDO:0014343	HGNC:13201	biolink:causes	1
0.9923613	MONDO:0014343	HGNC:3513	biolink:causes	1
0.99275595	MONDO:0014343	HGNC:26222	biolink:causes	1
0.99444026	MONDO:0014343	HGNC:3663	biolink:causes	1
0.99241567	MONDO:0014343	HGNC:4319	biolink:causes	1
0.99339443	MONDO:0014343	HGNC:19980	biolink:causes	1
0.9974843	MONDO:0014343	HGNC:4713	biolink:causes	1
0.91639835	MONDO:0014343	HGNC:18873	biolink:causes	1
0.9932013	MONDO:0014343	HGNC:6469	biolink:causes	1
0.9882079	MONDO:0014343	HGNC:6595	biolink:causes	1
0.9928058	MONDO:0014343	HGNC:450	biolink:causes	1
0.986127	MONDO:0014343	HGNC:649	biolink:causes	1
0.99106497	MONDO:0014343	HGNC:13520	biolink:causes	1
0.98948914	MONDO:0014343	HGNC:18591	biolink:causes	1
0.99600214	MONDO:0014343	HGNC:17151	biolink:causes	1
0.99235195	MONDO:0014343	HGNC:8522	biolink:causes	1
0.973681	MONDO:0014343	HGNC:30129	biolink:causes	1
0.99243987	MONDO:0014343	HGNC:9587	biolink:causes	1
0.99445575	MONDO:0014343	HGNC:9608	biolink:causes	1
0.9929883	MONDO:0014343	HGNC:10447	biolink:causes	1
0.9938804	MONDO:0014343	HGNC:10853	biolink:causes	1
0.99512285	MONDO:0014343	HGNC:19046	biolink:causes	1
0.9704835	MONDO:0014343	HGNC:11100	biolink:causes	1
0.9950169	MONDO:0014343	HGNC:29253	biolink:causes	1
0.9581452	MONDO:0014343	HGNC:11367	biolink:causes	1
0.99223	MONDO:0014343	HGNC:11773	biolink:causes	1
0.9934341	MONDO:0014343	HGNC:17861	biolink:causes	1
0.9757534	MONDO:0014343	HGNC:25815	biolink:causes	1
0.99066836	MONDO:0014343	HGNC:1971	biolink:causes	1
0.9925299	MONDO:0014343	HGNC:2197	biolink:causes	1
0.99597424	MONDO:0014343	HGNC:2185	biolink:causes	1
0.9971424	MONDO:0014343	HGNC:22986	biolink:causes	1
0.9905471	MONDO:0014343	HGNC:17213	biolink:causes	1
0.99303657	MONDO:0014343	HGNC:2379	biolink:causes	1
0.9952303	MONDO:0014343	HGNC:2919	biolink:causes	1
0.9819288	MONDO:0014343	HGNC:3226	biolink:causes	1
0.98804027	MONDO:0014343	HGNC:319	biolink:causes	1
0.99156266	MONDO:0014343	HGNC:327	biolink:causes	1
0.9906934	MONDO:0014343	HGNC:3686	biolink:causes	1
0.9807474	MONDO:0014343	HGNC:5383	biolink:causes	1
0.9906177	MONDO:0014343	HGNC:6080	biolink:causes	1
0.9892568	MONDO:0014343	HGNC:6518	biolink:causes	1
0.995047	MONDO:0014343	HGNC:21732	biolink:causes	1
0.9962909	MONDO:0014343	HGNC:719	biolink:causes	1
0.99500704	MONDO:0014343	HGNC:29659	biolink:causes	1
0.9940601	MONDO:0014343	HGNC:4979	biolink:causes	1
0.9438624	MONDO:0014343	HGNC:29092	biolink:causes	1
0.9938259	MONDO:0014343	HGNC:8604	biolink:causes	1
0.99312556	MONDO:0014343	HGNC:8859	biolink:causes	1
0.99261767	MONDO:0014343	HGNC:9004	biolink:causes	1
0.9897894	MONDO:0014343	HGNC:30595	biolink:causes	1
0.9892083	MONDO:0014343	HGNC:9644	biolink:causes	1
0.99669445	MONDO:0014343	HGNC:35126	biolink:causes	1
0.98886347	MONDO:0014343	HGNC:9721	biolink:causes	1
0.96568006	MONDO:0014343	HGNC:2468	biolink:causes	1
0.9950906	MONDO:0014343	HGNC:20324	biolink:causes	1
0.98977673	MONDO:0014343	HGNC:11769	biolink:causes	1
0.9631936	MONDO:0014343	HGNC:15979	biolink:causes	1
0.991159	MONDO:0014343	HGNC:12428	biolink:causes	1
0.9949532	MONDO:0014343	HGNC:12771	biolink:causes	1
0.9871401	MONDO:0014343	HGNC:2025	biolink:causes	1
0.99618185	MONDO:0014343	HGNC:25801	biolink:causes	1
0.9913902	MONDO:0014343	HGNC:2433	biolink:causes	1
0.94502234	MONDO:0014343	HGNC:18683	biolink:causes	1
0.9826508	MONDO:0014343	HGNC:3755	biolink:causes	1
0.9928559	MONDO:0014343	HGNC:4006	biolink:causes	1
0.9928188	MONDO:0014343	HGNC:4796	biolink:causes	1
0.99604625	MONDO:0014343	HGNC:15977	biolink:causes	1
0.9923799	MONDO:0014343	HGNC:5466	biolink:causes	1
0.99077624	MONDO:0014343	HGNC:6000	biolink:causes	1
0.9936993	MONDO:0014343	HGNC:27337	biolink:causes	1
0.99538004	MONDO:0014343	HGNC:6909	biolink:causes	1
0.99178606	MONDO:0014343	HGNC:7176	biolink:causes	1
0.99357784	MONDO:0014343	HGNC:9056	biolink:causes	1
0.98558074	MONDO:0014343	HGNC:9091	biolink:causes	1
0.9520269	MONDO:0014343	HGNC:1144	biolink:causes	1
0.9877929	MONDO:0014343	HGNC:17271	biolink:causes	1
0.98543686	MONDO:0014343	HGNC:10723	biolink:causes	1
0.96300805	MONDO:0014343	HGNC:10771	biolink:causes	1
0.99551445	MONDO:0014343	HGNC:28395	biolink:causes	1
0.9901029	MONDO:0014343	HGNC:11102	biolink:causes	1
0.98451555	MONDO:0014343	HGNC:11109	biolink:causes	1
0.9951161	MONDO:0014343	HGNC:11582	biolink:causes	1
0.9899407	MONDO:0014343	HGNC:11623	biolink:causes	1
0.99704236	MONDO:0014343	HGNC:37234	biolink:causes	1
0.9872185	MONDO:0014343	HGNC:23068	biolink:causes	1
0.9812573	MONDO:0014343	HGNC:2978	biolink:causes	1
0.785722	MONDO:0014355	HGNC:3052	biolink:causes	1
0.98548156	MONDO:0014371	HGNC:19190	biolink:causes	1
0.9999286	MONDO:0014379	HGNC:15766	biolink:causes	1
0.9024346	MONDO:0014383	HGNC:25896	biolink:causes	1
0.6929038	MONDO:0014399	HGNC:8729	biolink:gene_associated_with_condition	1
0.6929038	MONDO:0014399	HGNC:8729	biolink:causes	1
0.9693542	MONDO:0014403	HGNC:4267	biolink:gene_associated_with_condition	1
0.578176	MONDO:0014407	HGNC:393	biolink:causes	1
0.9853601	MONDO:0014419	HGNC:6481	biolink:gene_associated_with_condition	1
0.9993144	MONDO:0014447	HGNC:18626	biolink:causes	1
0.9964972	MONDO:0014455	HGNC:29685	biolink:causes	1
0.99873775	MONDO:0014487	HGNC:17341	biolink:gene_associated_with_condition	1
0.9983834	MONDO:0014503	HGNC:25613	biolink:causes	1
0.999984	MONDO:0014507	HGNC:20324	biolink:gene_associated_with_condition	1
0.47293308	MONDO:0014535	HGNC:6081	biolink:causes	1
0.30689287	MONDO:0014539	HGNC:18688	biolink:causes	1
0.9993343	MONDO:0014543	HGNC:23159	biolink:causes	1
0.9456868	MONDO:0014551	HGNC:7944	biolink:causes	1
0.9993773	MONDO:0014567	HGNC:18062	biolink:causes	1
0.98178196	MONDO:0014583	HGNC:1965	biolink:causes	1
0.74383116	MONDO:0014603	HGNC:2418	biolink:causes	1
0.9973157	MONDO:0014619	HGNC:21157	biolink:causes	1
0.44594646	MONDO:0014623	HGNC:25403	biolink:causes	1
0.94401693	MONDO:0014627	HGNC:2213	biolink:causes	1
0.9887515	MONDO:0014635	HGNC:9922	biolink:causes	1
0.6596741	MONDO:0014647	HGNC:1424	biolink:gene_associated_with_condition	1
0.94331056	MONDO:0014711	HGNC:4816	biolink:causes	1
0.9593376	MONDO:0014719	HGNC:6176	biolink:gene_associated_with_condition	1
0.24242957	MONDO:0014735	HGNC:12666	biolink:causes	1
0.9998952	MONDO:0014747	HGNC:31582	biolink:causes	1
0.8479018	MONDO:0014763	HGNC:4013	biolink:causes	1
0.9997633	MONDO:0014771	HGNC:29068	biolink:causes	1
0.53253245	MONDO:0014779	HGNC:9966	biolink:contributes_to	1
0.6253861	MONDO:0014783	HGNC:30788	biolink:causes	1
0.99134225	MONDO:0014803	HGNC:20134	biolink:gene_associated_with_condition	1
0.99134225	MONDO:0014803	HGNC:20134	biolink:causes	1
0.9999989	MONDO:0014823	HGNC:28261	biolink:causes	1
0.9761248	MONDO:0014875	HGNC:1395	biolink:causes	1
0.9403731	MONDO:0014883	HGNC:3756	biolink:causes	1
0.999814	MONDO:0014887	HGNC:27030	biolink:causes	1
0.9885882	MONDO:0014899	HGNC:2858	biolink:gene_associated_with_condition	1
0.9885882	MONDO:0014899	HGNC:2858	biolink:causes	1
0.99927646	MONDO:0014927	HGNC:24123	biolink:causes	1
0.8191066	MONDO:0014943	HGNC:11741	biolink:causes	1
0.99284077	MONDO:0014947	HGNC:4588	biolink:causes	1
0.99467623	MONDO:0014963	HGNC:23805	biolink:gene_associated_with_condition	1
0.9940202	MONDO:0014991	HGNC:26513	biolink:causes	1
0.97582257	MONDO:0014995	HGNC:29853	biolink:causes	1
0.99966824	MONDO:0015003	HGNC:19691	biolink:gene_associated_with_condition	1
0.9359608	MONDO:0015007	HGNC:29508	biolink:causes	1
0.998939	MONDO:0015283	HGNC:7489	biolink:gene_associated_with_condition	1
0.3650552	MONDO:0015351	HGNC:4285	biolink:gene_associated_with_condition	1
0.8750643	MONDO:0015519	HGNC:3260	biolink:gene_associated_with_condition	1
0.7622424	MONDO:0015519	HGNC:3259	biolink:gene_associated_with_condition	1
0.17371778	MONDO:0015555	HGNC:6342	biolink:gene_associated_with_condition	1
0.96648383	MONDO:0015631	HGNC:12726	biolink:gene_associated_with_condition	1
0.052031487	MONDO:0015635	HGNC:4284	biolink:gene_associated_with_condition	1
0.5793517	MONDO:0015679	HGNC:29186	biolink:gene_associated_with_condition	1
0.8064439	MONDO:0015779	HGNC:11311	biolink:gene_associated_with_condition	1
0.9991234	MONDO:0015783	HGNC:6814	biolink:gene_associated_with_condition	1
0.5424739	MONDO:0015783	HGNC:11164	biolink:gene_associated_with_condition	1
0.96864665	MONDO:0015787	HGNC:3546	biolink:gene_associated_with_condition	1
0.92100215	MONDO:0016103	HGNC:27337	biolink:gene_associated_with_condition	1
0.9637965	MONDO:0016163	HGNC:10560	biolink:causes	1
0.40842733	MONDO:0016355	HGNC:4165	biolink:gene_associated_with_condition	1
0.22999504	MONDO:0016395	HGNC:8620	biolink:gene_associated_with_condition	1
0.27607182	MONDO:0016539	HGNC:26276	biolink:gene_associated_with_condition	1
0.3258206	MONDO:0016563	HGNC:6893	biolink:gene_associated_with_condition	1
0.75781894	MONDO:0016579	HGNC:11019	biolink:gene_associated_with_condition	1
0.71707386	MONDO:0016599	HGNC:3374	biolink:gene_associated_with_condition	1
0.2170157	MONDO:0016703	HGNC:5383	biolink:gene_associated_with_condition	1
0.7865611	MONDO:0016783	HGNC:14665	biolink:gene_associated_with_condition	1
0.73576504	MONDO:0016783	HGNC:14575	biolink:gene_associated_with_condition	1
0.0098981755	MONDO:0016839	HGNC:12851	biolink:gene_associated_with_condition	1
0.41714668	MONDO:0016863	HGNC:15924	biolink:gene_associated_with_condition	1
0.91992897	MONDO:0016995	HGNC:11109	biolink:gene_associated_with_condition	1
0.916568	MONDO:0017051	HGNC:987	biolink:gene_associated_with_condition	1
0.2158696	MONDO:0017111	HGNC:7821	biolink:gene_associated_with_condition	1
0.7384627	MONDO:0017223	HGNC:9086	biolink:gene_associated_with_condition	1
0.9861498	MONDO:0017283	HGNC:17327	biolink:gene_associated_with_condition	1
0.8820591	MONDO:0017403	HGNC:6636	biolink:gene_associated_with_condition	1
0.8321074	MONDO:0017403	HGNC:11769	biolink:gene_associated_with_condition	1
0.6499843	MONDO:0017407	HGNC:7795	biolink:gene_associated_with_condition	1
0.3380184	MONDO:0017683	HGNC:25221	biolink:gene_associated_with_condition	1
0.677374	MONDO:0017691	HGNC:4116	biolink:gene_associated_with_condition	1
0.9039656	MONDO:0017715	HGNC:4799	biolink:causes	1
0.9598335	MONDO:0017791	HGNC:2198	biolink:gene_associated_with_condition	1
0.42102042	MONDO:0017811	HGNC:9701	biolink:gene_associated_with_condition	1
0.809001	MONDO:0017839	HGNC:2600	biolink:gene_associated_with_condition	1
0.6019782	MONDO:0017935	HGNC:11621	biolink:gene_associated_with_condition	1
0.86719453	MONDO:0017939	HGNC:7577	biolink:gene_associated_with_condition	1
0.40776935	MONDO:0017947	HGNC:620	biolink:gene_associated_with_condition	1
0.38429126	MONDO:0018015	HGNC:6998	biolink:gene_associated_with_condition	1
0.9458235	MONDO:0018023	HGNC:4823	biolink:gene_associated_with_condition	1
0.25882775	MONDO:0018055	HGNC:2514	biolink:gene_associated_with_condition	1
0.691616	MONDO:0018131	HGNC:5044	biolink:gene_associated_with_condition	1
0.96925116	MONDO:0018419	HGNC:25712	biolink:gene_associated_with_condition	1
0.3963679	MONDO:0018435	HGNC:10381	biolink:gene_associated_with_condition	1
0.8272982	MONDO:0018443	HGNC:3600	biolink:gene_associated_with_condition	1
0.87620986	MONDO:0018495	HGNC:9462	biolink:gene_associated_with_condition	1
0.20502388	MONDO:0018507	HGNC:12718	biolink:gene_associated_with_condition	1
0.90168595	MONDO:0018611	HGNC:5227	biolink:gene_associated_with_condition	1
0.9445011	MONDO:0018611	HGNC:2389	biolink:gene_associated_with_condition	1
0.8610629	MONDO:0018611	HGNC:2409	biolink:gene_associated_with_condition	1
0.98857903	MONDO:0018611	HGNC:2417	biolink:gene_associated_with_condition	1
0.92747664	MONDO:0018611	HGNC:2411	biolink:gene_associated_with_condition	1
0.9447137	MONDO:0018611	HGNC:2410	biolink:gene_associated_with_condition	1
0.9891328	MONDO:0018663	HGNC:6518	biolink:gene_associated_with_condition	1
0.62140375	MONDO:0018763	HGNC:20772	biolink:gene_associated_with_condition	1
0.92000324	MONDO:0018767	HGNC:3771	biolink:causes	1
0.5816964	MONDO:0018875	HGNC:16627	biolink:gene_associated_with_condition	1
0.99995387	MONDO:0018931	HGNC:29670	biolink:gene_associated_with_condition	1
0.19302478	MONDO:0019107	HGNC:10009	biolink:gene_associated_with_condition	1
0.9486404	MONDO:0019123	HGNC:1362	biolink:gene_associated_with_condition	1
0.9846853	MONDO:0019307	HGNC:2194	biolink:gene_associated_with_condition	1
0.99775594	MONDO:0019407	HGNC:18620	biolink:gene_associated_with_condition	1
0.3293796	MONDO:0019475	HGNC:18437	biolink:causes	1
0.6422526	MONDO:0019531	HGNC:4623	biolink:gene_associated_with_condition	1
0.2526489	MONDO:0019635	HGNC:4942	biolink:gene_associated_with_condition	1
0.70969784	MONDO:0019767	HGNC:9330	biolink:gene_associated_with_condition	1
0.19409321	MONDO:0019855	HGNC:2488	biolink:gene_associated_with_condition	1
0.82788944	MONDO:0019855	HGNC:8818	biolink:gene_associated_with_condition	1
0.5783865	MONDO:0019855	HGNC:12373	biolink:gene_associated_with_condition	1
0.53676766	MONDO:0019943	HGNC:6218	biolink:gene_associated_with_condition	1
0.96330607	MONDO:0019947	HGNC:1529	biolink:gene_associated_with_condition	1
0.96330607	MONDO:0019947	HGNC:1529	biolink:causes	1
0.9313838	MONDO:0020207	HGNC:10604	biolink:gene_associated_with_condition	1
0.026419692	MONDO:0020375	HGNC:2411	biolink:gene_associated_with_condition	1
0.75402194	MONDO:0020507	HGNC:3259	biolink:gene_associated_with_condition	1
0.9923314	MONDO:0020507	HGNC:3257	biolink:causes	1
0.8512862	MONDO:0020563	HGNC:5009	biolink:gene_associated_with_condition	1
0.9929911	MONDO:0020603	HGNC:3133	biolink:gene_associated_with_condition	1
0.9929911	MONDO:0020603	HGNC:3133	biolink:causes	1
0.9264528	MONDO:0020607	HGNC:10600	biolink:causes	1
0.12246437	MONDO:0020611	HGNC:6308	biolink:causes	1
0.010086096	MONDO:0020619	HGNC:47	biolink:causes	1
0.9776225	MONDO:0020631	HGNC:4082	biolink:causes	1
0.90720904	MONDO:0020671	HGNC:7876	biolink:contributes_to	1
0.8360457	MONDO:0020715	HGNC:25223	biolink:contributes_to	1
0.8327813	MONDO:0020727	HGNC:823	biolink:causes	1
0.970747	MONDO:0020787	HGNC:103	biolink:causes	1
0.9142838	MONDO:0020845	HGNC:11992	biolink:causes	1
0.5668067	MONDO:0020849	HGNC:10019	biolink:causes	1
0.6066883	MONDO:0021019	HGNC:568	biolink:gene_associated_with_condition	1
0.9854365	MONDO:0021019	HGNC:20145	biolink:gene_associated_with_condition	1
0.99998224	MONDO:0021093	HGNC:13556	biolink:causes	1
0.7456897	MONDO:0021427	HGNC:9588	biolink:gene_associated_with_condition	1
0.24554162	MONDO:0021548	HGNC:2409	biolink:gene_associated_with_condition	1
0.7549825	MONDO:0021548	HGNC:4204	biolink:gene_associated_with_condition	1
0.25380617	MONDO:0021571	HGNC:4948	biolink:contributes_to	1
0.847447	MONDO:0023662	HGNC:485	biolink:causes	1
0.9831254	MONDO:0024309	HGNC:25964	biolink:causes	1
0.9999279	MONDO:0024541	HGNC:23639	biolink:causes	1
0.998228	MONDO:0024553	HGNC:15508	biolink:causes	1
0.76137096	MONDO:0024557	HGNC:7230	biolink:gene_associated_with_condition	1
0.76137096	MONDO:0024557	HGNC:7230	biolink:causes	1
0.9999938	MONDO:0025354	HGNC:26708	biolink:causes	1
0.5069069	MONDO:0026729	HGNC:28880	biolink:causes	1
0.95014405	MONDO:0026733	HGNC:29873	biolink:causes	1
0.6213398	MONDO:0026777	HGNC:12469	biolink:gene_associated_with_condition	1
0.10407926	MONDO:0029145	HGNC:15979	biolink:causes	1
0.93687767	MONDO:0029465	HGNC:19263	biolink:causes	1
0.9480308	MONDO:0030007	HGNC:8849	biolink:causes	1
0.9069023	MONDO:0030020	HGNC:29160	biolink:causes	1
0.9890599	MONDO:0030060	HGNC:4572	biolink:causes	1
0.9535219	MONDO:0030088	HGNC:59	biolink:causes	1
0.9916807	MONDO:0030332	HGNC:17209	biolink:causes	1
0.9638079	MONDO:0030366	HGNC:14202	biolink:causes	1
0.9999813	MONDO:0030378	HGNC:26799	biolink:causes	1
0.9999906	MONDO:0030457	HGNC:2760	biolink:causes	1
0.7932944	MONDO:0030619	HGNC:23302	biolink:causes	1
0.97902334	MONDO:0030684	HGNC:7818	biolink:causes	1
0.9588257	MONDO:0030839	HGNC:2883	biolink:causes	1
0.9999527	MONDO:0030890	HGNC:13998	biolink:causes	1
0.89065325	MONDO:0030905	HGNC:33939	biolink:causes	1
0.994795	MONDO:0030921	HGNC:21042	biolink:causes	1
0.9485281	MONDO:0030987	HGNC:16461	biolink:causes	1
0.9018368	MONDO:0030995	HGNC:29190	biolink:causes	1
0.9940076	MONDO:0031019	HGNC:23787	biolink:causes	1
0.9811724	MONDO:0031054	HGNC:7853	biolink:causes	1
0.91489977	MONDO:0031061	HGNC:6485	biolink:causes	1
0.7083834	MONDO:0031446	HGNC:11828	biolink:causes	1
0.57856274	MONDO:0031446	HGNC:10905	biolink:gene_associated_with_condition	1
0.9819166	MONDO:0032577	HGNC:694	biolink:causes	1
0.8454173	MONDO:0032581	HGNC:18016	biolink:causes	1
0.8800845	MONDO:0032592	HGNC:25686	biolink:causes	1
0.966609	MONDO:0032611	HGNC:7708	biolink:causes	1
0.635204	MONDO:0032670	HGNC:10389	biolink:causes	1
0.93104494	MONDO:0032677	HGNC:21638	biolink:gene_associated_with_condition	1
0.9555908	MONDO:0032677	HGNC:13664	biolink:causes	1
0.9988938	MONDO:0032687	HGNC:26033	biolink:causes	1
0.93519247	MONDO:0032715	HGNC:16740	biolink:causes	1
0.98628473	MONDO:0032723	HGNC:14078	biolink:causes	1
0.99322414	MONDO:0032728	HGNC:7224	biolink:causes	1
0.9995461	MONDO:0032781	HGNC:3033	biolink:causes	1
0.9890198	MONDO:0032817	HGNC:24555	biolink:causes	1
0.9980362	MONDO:0032830	HGNC:9216	biolink:gene_associated_with_condition	1
0.99999845	MONDO:0032855	HGNC:16493	biolink:causes	1
0.99976236	MONDO:0032859	HGNC:25325	biolink:causes	1
0.9930934	MONDO:0032864	HGNC:7879	biolink:causes	1
0.38941887	MONDO:0032868	HGNC:6973	biolink:causes	1
0.99985313	MONDO:0032872	HGNC:40050	biolink:causes	1
0.5678292	MONDO:0032884	HGNC:667	biolink:causes	1
0.9609971	MONDO:0032888	HGNC:17210	biolink:causes	1
0.9794891	MONDO:0032892	HGNC:12872	biolink:causes	1
0.9256756	MONDO:0032900	HGNC:12643	biolink:causes	1
0.54617023	MONDO:0032904	HGNC:6440	biolink:causes	1
0.62930584	MONDO:0032916	HGNC:17101	biolink:gene_associated_with_condition	1
0.99807453	MONDO:0032924	HGNC:23700	biolink:causes	1
0.4135861	MONDO:0032933	HGNC:24007	biolink:gene_associated_with_condition	1
0.82738775	MONDO:0032937	HGNC:4023	biolink:causes	1
0.99867886	MONDO:0033009	HGNC:24259	biolink:causes	1
0.9997055	MONDO:0033045	HGNC:28128	biolink:causes	1
0.8837693	MONDO:0033259	HGNC:13941	biolink:causes	1
0.31132182	MONDO:0033280	HGNC:29300	biolink:causes	1
0.9999993	MONDO:0033308	HGNC:20730	biolink:causes	1
0.84432024	MONDO:0033481	HGNC:17158	biolink:gene_associated_with_condition	1
0.65192366	MONDO:0033533	HGNC:10378	biolink:causes	1
0.8731158	MONDO:0033542	HGNC:16951	biolink:causes	1
0.9747946	MONDO:0033559	HGNC:29187	biolink:causes	1
0.6642077	MONDO:0033668	HGNC:21088	biolink:causes	1
0.7196154	MONDO:0034991	HGNC:11992	biolink:gene_associated_with_condition	1
0.6570407	MONDO:0035337	HGNC:6408	biolink:gene_associated_with_condition	1
0.9557188	MONDO:0035472	HGNC:17494	biolink:gene_associated_with_condition	1
0.009852252	MONDO:0035556	HGNC:14630	biolink:gene_associated_with_condition	1
0.025427803	MONDO:0035648	HGNC:2933	biolink:gene_associated_with_condition	1
0.097033896	MONDO:0037149	HGNC:4800	biolink:gene_associated_with_condition	1
0.87503576	MONDO:0042979	HGNC:1397	biolink:causes	1
0.24533361	MONDO:0044273	HGNC:6285	biolink:contributes_to	1
0.9999808	MONDO:0044308	HGNC:27232	biolink:causes	1
0.8678748	MONDO:0044320	HGNC:4922	biolink:causes	1
0.99903536	MONDO:0044328	HGNC:29239	biolink:causes	1
0.72733015	MONDO:0044626	HGNC:20773	biolink:gene_associated_with_condition	1
0.16968766	MONDO:0044638	HGNC:6062	biolink:gene_associated_with_condition	1
0.22384803	MONDO:0044638	HGNC:9588	biolink:gene_associated_with_condition	1
0.08086256	MONDO:0044638	HGNC:11905	biolink:gene_associated_with_condition	1
0.2658209	MONDO:0044660	HGNC:5286	biolink:causes	1
0.9980835	MONDO:0044696	HGNC:24284	biolink:gene_associated_with_condition	1
0.99790096	MONDO:0044726	HGNC:1329	biolink:gene_associated_with_condition	1
0.9325596	MONDO:0054591	HGNC:9557	biolink:causes	1
0.9995931	MONDO:0054615	HGNC:2940	biolink:causes	1
0.95994973	MONDO:0054680	HGNC:19721	biolink:causes	1
0.99569774	MONDO:0054723	HGNC:26684	biolink:causes	1
0.9882665	MONDO:0054731	HGNC:20091	biolink:causes	1
0.99998724	MONDO:0054737	HGNC:19185	biolink:causes	1
0.91518074	MONDO:0054794	HGNC:26600	biolink:causes	1
0.71205515	MONDO:0054805	HGNC:28952	biolink:causes	1
0.9999826	MONDO:0054843	HGNC:28188	biolink:causes	1
0.08179538	MONDO:0054847	HGNC:16854	biolink:causes	1
0.8745641	MONDO:0060489	HGNC:7983	biolink:causes	1
0.99987113	MONDO:0060502	HGNC:9043	biolink:gene_associated_with_condition	1
0.99715805	MONDO:0060704	HGNC:25072	biolink:causes	1
0.16204876	MONDO:0100045	HGNC:18021	biolink:contributes_to	1
0.9824273	MONDO:0100101	HGNC:6814	biolink:gene_associated_with_condition	1
0.58778954	MONDO:0100101	HGNC:19349	biolink:gene_associated_with_condition	1
0.67658305	MONDO:0100189	HGNC:600	biolink:gene_associated_with_condition	1
0.98914135	MONDO:0100217	HGNC:3004	biolink:causes	1
0.9430469	MONDO:0100229	HGNC:8850	biolink:gene_associated_with_condition	1
0.21704602	MONDO:0100289	HGNC:7974	biolink:gene_associated_with_condition	1
0.6978349	MONDO:0100531	HGNC:3331	biolink:causes	1
0.9285166	MONDO:0700090	HGNC:9957	biolink:causes	1
0.9707972	MONDO:0700090	HGNC:6572	biolink:causes	1
0.35932562	MONDO:0700297	HGNC:25221	biolink:causes	1
0.04149504	MONDO:0700301	HGNC:30632	biolink:causes	1
0.71010125	MONDO:0800130	HGNC:19383	biolink:causes	1
0.9998994	MONDO:0800436	HGNC:18188	biolink:gene_associated_with_condition	1
0.9679013	MONDO:0800452	HGNC:11795	biolink:gene_associated_with_condition	1
0.16369797	MONDO:0850078	HGNC:26219	biolink:gene_associated_with_condition	1
0.46506488	MONDO:0859086	HGNC:3670	biolink:causes	1
0.85573393	MONDO:0859171	HGNC:10061	biolink:causes	1
0.9999957	MONDO:0859187	HGNC:2021	biolink:causes	1
0.65032166	MONDO:0859204	HGNC:800	biolink:causes	1
0.99995804	MONDO:0859229	HGNC:13998	biolink:causes	1
0.72350985	MONDO:0859253	HGNC:2232	biolink:causes	1
0.9999994	MONDO:0859277	HGNC:18711	biolink:causes	1
0.76421696	MONDO:0859281	HGNC:26974	biolink:causes	1
0.8682093	MONDO:0859301	HGNC:5041	biolink:gene_associated_with_condition	1
0.99692994	MONDO:0859335	HGNC:11944	biolink:causes	1
0.40954983	MONDO:0859355	HGNC:21173	biolink:causes	1
0.9999323	MONDO:0859360	HGNC:19380	biolink:causes	1
0.98512024	MONDO:0859530	HGNC:6915	biolink:causes	1
0.8495248	MONDO:0859578	HGNC:3666	biolink:causes	1
0.98078996	MONDO:0957211	HGNC:11016	biolink:causes	1
0.95239735	MONDO:0957218	HGNC:12729	biolink:causes	1
0.19717199	MONDO:0957231	HGNC:21269	biolink:causes	1
0.75459856	MONDO:0957271	HGNC:6735	biolink:causes	1
0.7181245	MONDO:0957294	HGNC:14378	biolink:causes	1
0.9456816	MONDO:0957388	HGNC:1542	biolink:causes	1
0.15416981	MONDO:0957428	HGNC:11633	biolink:gene_associated_with_condition	1
0.97651494	MONDO:0957477	HGNC:7623	biolink:gene_associated_with_condition	1
0.5267586	MONDO:0957583	HGNC:10780	biolink:causes	1
0.840638	MONDO:0957594	HGNC:126	biolink:causes	1
0.9447603	MONDO:0957807	HGNC:11368	biolink:causes	1
0.99999845	MONDO:0957812	HGNC:6254	biolink:causes	1
0.9947891	MONDO:0957820	HGNC:18619	biolink:causes	1
0.88505465	MONDO:0957825	HGNC:20844	biolink:causes	1
0.92691904	MONDO:0957876	HGNC:12718	biolink:causes	1
0.99997485	MONDO:0958005	HGNC:23994	biolink:causes	1
0.9855392	MONDO:0958012	HGNC:3976	biolink:causes	1
0.598152	MONDO:0958176	HGNC:8565	biolink:causes	1
0.8222845	MONDO:0958180	HGNC:10004	biolink:causes	1
0.9198281	MONDO:0958188	HGNC:1245	biolink:causes	1
0.8630628	MONDO:0958325	HGNC:23657	biolink:causes	1
0.9810446	MONDO:0958334	HGNC:1481	biolink:causes	1
0.99483526	MONDO:0968981	HGNC:20313	biolink:causes	1
0.9019871	MONDO:0970994	HGNC:9175	biolink:causes	1
0.92602414	MONDO:0971009	HGNC:6740	biolink:causes	1
0.9548518	MONDO:0971178	HGNC:13387	biolink:causes	1
0.0069747255	MONDO:0975746	HGNC:18416	biolink:causes	1
0.7016538	MONDO:0975840	HGNC:25018	biolink:causes	1
0.007175778	MONDO:0976128	HGNC:12624	biolink:contributes_to	1
0.97237813	MONDO:1040033	HGNC:17997	biolink:gene_associated_with_condition	1
0.29072642	MONDO:8000006	HGNC:2561	biolink:gene_associated_with_condition	1
0.8267341	HGNC:21022	MONDO:0013570	biolink:gene_associated_with_condition	1
0.3903908	HGNC:34	MONDO:0007932	biolink:contributes_to	1
0.9780291	HGNC:47	MONDO:0012204	biolink:causes	1
0.3779255	HGNC:47	MONDO:0020356	biolink:gene_associated_with_condition	1
0.010086096	HGNC:47	MONDO:0020619	biolink:causes	1
0.988432	HGNC:42	MONDO:0011156	biolink:gene_associated_with_condition	1
0.988432	HGNC:42	MONDO:0011156	biolink:causes	1
0.9998951	HGNC:68	MONDO:0013925	biolink:causes	1
0.92204475	HGNC:13887	MONDO:0018328	biolink:gene_associated_with_condition	1
0.8236302	HGNC:76	MONDO:0008542	biolink:causes	1
0.88739276	HGNC:87	MONDO:0012648	biolink:causes	1
0.98830265	HGNC:119	MONDO:0009919	biolink:gene_associated_with_condition	1
0.840638	HGNC:126	MONDO:0957594	biolink:causes	1
0.93130046	HGNC:129	MONDO:0859517	biolink:causes	1
0.9331547	HGNC:171	MONDO:0007606	biolink:causes	1
0.9961473	HGNC:1839	MONDO:0008436	biolink:causes	1
0.031223027	HGNC:13202	MONDO:0009728	biolink:gene_associated_with_condition	1
0.9999671	HGNC:16305	MONDO:0957819	biolink:causes	1
0.9461328	HGNC:226	MONDO:0030025	biolink:causes	1
0.95946103	HGNC:237	MONDO:0014570	biolink:causes	1
0.8973878	HGNC:315	MONDO:0008377	biolink:causes	1
0.582786	HGNC:317	MONDO:0014425	biolink:gene_associated_with_condition	1
0.582786	HGNC:317	MONDO:0014425	biolink:causes	1
0.99778533	HGNC:17258	MONDO:0032650	biolink:causes	1
0.9996762	HGNC:341	MONDO:0009823	biolink:gene_associated_with_condition	1
0.81389064	HGNC:343	MONDO:0013404	biolink:causes	1
0.9465832	HGNC:10648	MONDO:0009843	biolink:gene_associated_with_condition	1
0.9830072	HGNC:358	MONDO:0009050	biolink:causes	1
0.9303679	HGNC:358	MONDO:0007052	biolink:causes	1
0.72625	HGNC:358	MONDO:0010911	biolink:gene_associated_with_condition	1
0.753916	HGNC:387	MONDO:0013664	biolink:gene_associated_with_condition	1
0.578176	HGNC:393	MONDO:0014407	biolink:causes	1
0.98736763	HGNC:397	MONDO:0020721	biolink:causes	1
0.99906605	HGNC:23161	MONDO:0011969	biolink:gene_associated_with_condition	1
0.781357	HGNC:23161	MONDO:0054743	biolink:causes	1
0.95502174	HGNC:31088	MONDO:0013367	biolink:contributes_to	1
0.9880868	HGNC:20917	MONDO:0013999	biolink:causes	1
0.045088287	HGNC:438	MONDO:0016606	biolink:gene_associated_with_condition	1
0.35303292	HGNC:438	MONDO:0016605	biolink:gene_associated_with_condition	1
0.81410664	HGNC:17097	MONDO:0008377	biolink:causes	1
0.9841353	HGNC:3528	MONDO:0009212	biolink:causes	1
0.99863166	HGNC:3534	MONDO:0013190	biolink:causes	1
0.99947935	HGNC:3583	MONDO:0010752	biolink:causes	1
0.9999722	HGNC:3583	MONDO:0009215	biolink:causes	1
0.9942433	HGNC:3602	MONDO:0009052	biolink:causes	1
0.81709296	HGNC:3607	MONDO:0859246	biolink:causes	1
0.006668761	HGNC:15626	MONDO:0008558	biolink:gene_associated_with_condition	1
0.8495248	HGNC:3666	MONDO:0859578	biolink:causes	1
0.83059734	HGNC:3666	MONDO:0008397	biolink:gene_associated_with_condition	1
0.98649037	HGNC:3680	MONDO:0008660	biolink:gene_associated_with_condition	1
0.99540186	HGNC:3689	MONDO:0007042	biolink:gene_associated_with_condition	1
0.99540186	HGNC:3689	MONDO:0007042	biolink:causes	1
0.97473687	HGNC:3689	MONDO:0007400	biolink:gene_associated_with_condition	1
0.98953164	HGNC:3689	MONDO:0007412	biolink:causes	1
0.0069747255	HGNC:18416	MONDO:0975746	biolink:causes	1
0.5879944	HGNC:19124	MONDO:0017833	biolink:gene_associated_with_condition	1
0.99884415	HGNC:18625	MONDO:0013800	biolink:causes	1
0.98203963	HGNC:17997	MONDO:0011787	biolink:gene_associated_with_condition	1
0.97237813	HGNC:17997	MONDO:1040033	biolink:gene_associated_with_condition	1
0.9885218	HGNC:17997	MONDO:0013157	biolink:causes	1
0.4463992	HGNC:3749	MONDO:0007838	biolink:gene_associated_with_condition	1
0.98051584	HGNC:3755	MONDO:0007167	biolink:causes	1
0.98172873	HGNC:3755	MONDO:0007875	biolink:gene_associated_with_condition	1
0.9826508	HGNC:3755	MONDO:0014343	biolink:causes	1
0.8646577	HGNC:3765	MONDO:0015166	biolink:gene_associated_with_condition	1
0.70320046	HGNC:3765	MONDO:0020316	biolink:gene_associated_with_condition	1
0.84203714	HGNC:3765	MONDO:0035940	biolink:gene_associated_with_condition	1
0.92000324	HGNC:3771	MONDO:0018767	biolink:causes	1
0.99753916	HGNC:3823	MONDO:0013352	biolink:causes	1
0.8229759	HGNC:13875	MONDO:0011184	biolink:causes	1
0.9855392	HGNC:3976	MONDO:0958012	biolink:causes	1
0.9186507	HGNC:3976	MONDO:0014225	biolink:causes	1
0.9969811	HGNC:24678	MONDO:0013050	biolink:gene_associated_with_condition	1
0.9999709	HGNC:4006	MONDO:0009254	biolink:causes	1
0.9928559	HGNC:4006	MONDO:0014343	biolink:causes	1
0.9532497	HGNC:4081	MONDO:0014942	biolink:causes	1
0.43170094	HGNC:4172	MONDO:0007797	biolink:gene_associated_with_condition	1
0.43170094	HGNC:4172	MONDO:0007797	biolink:causes	1
0.9973431	HGNC:4189	MONDO:0009281	biolink:gene_associated_with_condition	1
0.98147684	HGNC:4193	MONDO:0100186	biolink:gene_associated_with_condition	1
0.9845285	HGNC:4193	MONDO:0007495	biolink:causes	1
0.99998176	HGNC:4208	MONDO:0957382	biolink:causes	1
0.98802674	HGNC:4220	MONDO:0007216	biolink:gene_associated_with_condition	1
0.98802674	HGNC:4220	MONDO:0007216	biolink:causes	1
0.98843294	HGNC:4220	MONDO:0007215	biolink:gene_associated_with_condition	1
0.9970981	HGNC:4220	MONDO:0007221	biolink:gene_associated_with_condition	1
0.9756749	HGNC:4220	MONDO:0014125	biolink:causes	1
0.51744145	HGNC:4237	MONDO:0013139	biolink:causes	1
0.9397259	HGNC:4241	MONDO:0018144	biolink:gene_associated_with_condition	1
0.9693542	HGNC:4267	MONDO:0014403	biolink:gene_associated_with_condition	1
0.9251207	HGNC:4281	MONDO:0011430	biolink:gene_associated_with_condition	1
0.052031487	HGNC:4284	MONDO:0015635	biolink:gene_associated_with_condition	1
0.9983375	HGNC:4296	MONDO:0010526	biolink:causes	1
0.65668905	HGNC:4313	MONDO:0015010	biolink:gene_associated_with_condition	1
0.81317073	HGNC:4313	MONDO:0017353	biolink:gene_associated_with_condition	1
0.99903095	HGNC:24247	MONDO:0009070	biolink:gene_associated_with_condition	1
0.99903095	HGNC:24247	MONDO:0009070	biolink:causes	1
0.999387	HGNC:4367	MONDO:0010099	biolink:gene_associated_with_condition	1
0.999387	HGNC:4367	MONDO:0010099	biolink:causes	1
0.94938046	HGNC:20731	MONDO:0014074	biolink:gene_associated_with_condition	1
0.9999988	HGNC:4452	MONDO:0020602	biolink:causes	1
0.03537933	HGNC:4462	MONDO:0017906	biolink:gene_associated_with_condition	1
0.99010944	HGNC:29501	MONDO:0011411	biolink:gene_associated_with_condition	1
0.99010944	HGNC:29501	MONDO:0011411	biolink:causes	1
0.98651034	HGNC:4593	MONDO:0033479	biolink:gene_associated_with_condition	1
0.8847075	HGNC:4598	MONDO:0008377	biolink:causes	1
0.99632925	HGNC:4679	MONDO:0008377	biolink:causes	1
0.8933855	HGNC:4706	MONDO:0012693	biolink:causes	1
0.9928188	HGNC:4796	MONDO:0014343	biolink:causes	1
0.908535	HGNC:4817	MONDO:0009300	biolink:gene_associated_with_condition	1
0.97582257	HGNC:29853	MONDO:0014995	biolink:causes	1
0.99701154	HGNC:26361	MONDO:0024555	biolink:causes	1
0.9998153	HGNC:30477	MONDO:0009871	biolink:causes	1
0.99604625	HGNC:15977	MONDO:0014343	biolink:causes	1
0.99990284	HGNC:18270	MONDO:0010814	biolink:causes	1
0.8690631	HGNC:4887	MONDO:0958085	biolink:gene_associated_with_condition	1
0.21469977	HGNC:4932	MONDO:0017376	biolink:gene_associated_with_condition	1
0.25257057	HGNC:4932	MONDO:0018229	biolink:gene_associated_with_condition	1
0.6019782	HGNC:11621	MONDO:0017935	biolink:gene_associated_with_condition	1
0.9849091	HGNC:5147	MONDO:0010162	biolink:gene_associated_with_condition	1
0.9849091	HGNC:5147	MONDO:0010162	biolink:causes	1
0.9836818	HGNC:28460	MONDO:0971176	biolink:causes	1
0.9173741	HGNC:5201	MONDO:0013946	biolink:contributes_to	1
0.097033896	HGNC:4800	MONDO:0037149	biolink:gene_associated_with_condition	1
0.99785703	HGNC:5248	MONDO:0013243	biolink:causes	1
0.2658209	HGNC:5286	MONDO:0044660	biolink:causes	1
0.999951	HGNC:18550	MONDO:0031481	biolink:causes	1
0.60640544	HGNC:5439	MONDO:0020530	biolink:gene_associated_with_condition	1
0.92048	HGNC:5439	MONDO:0007191	biolink:gene_associated_with_condition	1
0.35281202	HGNC:5439	MONDO:0010853	biolink:contributes_to	1
0.9337726	HGNC:5439	MONDO:0014429	biolink:causes	1
0.36798674	HGNC:5439	MONDO:0017901	biolink:gene_associated_with_condition	1
0.13682817	HGNC:5456	MONDO:0011834	biolink:gene_associated_with_condition	1
0.99998224	HGNC:13556	MONDO:0021093	biolink:causes	1
0.34494594	HGNC:29077	MONDO:0976267	biolink:contributes_to	1
0.893981	HGNC:29077	MONDO:0976269	biolink:causes	1
0.981093	HGNC:29077	MONDO:0008377	biolink:causes	1
0.9845895	HGNC:5466	MONDO:0018336	biolink:gene_associated_with_condition	1
0.9923799	HGNC:5466	MONDO:0014343	biolink:causes	1
0.80760044	HGNC:5476	MONDO:0013640	biolink:gene_associated_with_condition	1
0.51279634	HGNC:5477	MONDO:0035945	biolink:gene_associated_with_condition	1
0.99077624	HGNC:6000	MONDO:0014343	biolink:causes	1
0.99053454	HGNC:6000	MONDO:0013021	biolink:gene_associated_with_condition	1
0.97751266	HGNC:6009	MONDO:0032782	biolink:causes	1
0.9724782	HGNC:5962	MONDO:0004951	biolink:contributes_to	1
0.9974274	HGNC:6006	MONDO:0014082	biolink:gene_associated_with_condition	1
0.20732544	HGNC:15561	MONDO:0015597	biolink:gene_associated_with_condition	1
0.9805861	HGNC:6055	MONDO:0008377	biolink:causes	1
0.9996339	HGNC:17870	MONDO:0011190	biolink:causes	1
0.989981	HGNC:6115	MONDO:0032758	biolink:causes	1
0.9593376	HGNC:6176	MONDO:0014719	biolink:gene_associated_with_condition	1
0.67331135	HGNC:19309	MONDO:0013033	biolink:causes	1
0.53676766	HGNC:6218	MONDO:0019943	biolink:gene_associated_with_condition	1
0.9915569	HGNC:6229	MONDO:0020745	biolink:causes	1
0.94007194	HGNC:6239	MONDO:0011819	biolink:gene_associated_with_condition	1
0.9817343	HGNC:6242	MONDO:0012677	biolink:causes	1
0.8921405	HGNC:6256	MONDO:0010933	biolink:causes	1
0.99855345	HGNC:6256	MONDO:0013005	biolink:causes	1
0.95930237	HGNC:19698	MONDO:0008377	biolink:causes	1
0.7691398	HGNC:25705	MONDO:0014620	biolink:causes	1
0.99774843	HGNC:12637	MONDO:0010465	biolink:causes	1
0.9669027	HGNC:888	MONDO:0013634	biolink:causes	1
0.98931515	HGNC:6391	MONDO:0011335	biolink:gene_associated_with_condition	1
0.97353685	HGNC:23419	MONDO:0012280	biolink:causes	1
0.99802125	HGNC:15840	MONDO:0030969	biolink:causes	1
0.6287619	HGNC:6407	MONDO:0008542	biolink:causes	1
0.5966812	HGNC:6407	MONDO:0010854	biolink:causes	1
0.68172956	HGNC:6407	MONDO:0015278	biolink:causes	1
0.5744106	HGNC:6407	MONDO:0014112	biolink:causes	1
0.7470516	HGNC:6407	MONDO:0013767	biolink:causes	1
0.62577885	HGNC:20406	MONDO:0014327	biolink:gene_associated_with_condition	1
0.62577885	HGNC:20406	MONDO:0014327	biolink:causes	1
0.8504083	HGNC:6415	MONDO:0014346	biolink:causes	1
0.96238416	HGNC:26576	MONDO:0044648	biolink:gene_associated_with_condition	1
0.63836384	HGNC:29796	MONDO:0012559	biolink:causes	1
0.6103376	HGNC:6512	MONDO:0024568	biolink:gene_associated_with_condition	1
0.86712885	HGNC:6535	MONDO:0013047	biolink:gene_associated_with_condition	1
0.40474552	HGNC:18640	MONDO:0018328	biolink:gene_associated_with_condition	1
0.78076553	HGNC:6554	MONDO:0013992	biolink:gene_associated_with_condition	1
0.9956709	HGNC:6556	MONDO:0859304	biolink:causes	1
0.9707972	HGNC:6572	MONDO:0700090	biolink:causes	1
0.99999666	HGNC:6584	MONDO:0009223	biolink:gene_associated_with_condition	1
0.7166439	HGNC:21734	MONDO:0019828	biolink:gene_associated_with_condition	1
0.9897057	HGNC:6619	MONDO:0013533	biolink:gene_associated_with_condition	1
0.9999969	HGNC:23038	MONDO:0010183	biolink:gene_associated_with_condition	1
0.78419197	HGNC:14154	MONDO:0009527	biolink:causes	1
0.9418481	HGNC:6638	MONDO:0014685	biolink:gene_associated_with_condition	1
0.9641623	HGNC:21610	MONDO:0060761	biolink:causes	1
0.9970462	HGNC:26521	MONDO:0013119	biolink:causes	1
0.93758935	HGNC:6697	MONDO:0015800	biolink:gene_associated_with_condition	1
0.9671261	HGNC:30860	MONDO:0030361	biolink:causes	1
0.8587872	HGNC:6709	MONDO:0012039	biolink:contributes_to	1
0.99929273	HGNC:6716	MONDO:0007363	biolink:causes	1
0.75459856	HGNC:6735	MONDO:0957271	biolink:causes	1
0.9995826	HGNC:1968	MONDO:0008963	biolink:causes	1
0.9555908	HGNC:13664	MONDO:0032677	biolink:causes	1
0.9716411	HGNC:28880	MONDO:0010455	biolink:causes	1
0.5069069	HGNC:28880	MONDO:0026729	biolink:causes	1
0.9639151	HGNC:6816	MONDO:0008377	biolink:causes	1
0.9978327	HGNC:6823	MONDO:0013624	biolink:causes	1
0.9578971	HGNC:469	MONDO:0014305	biolink:gene_associated_with_condition	1
0.87994444	HGNC:494	MONDO:0014210	biolink:gene_associated_with_condition	1
0.9701058	HGNC:494	MONDO:0020745	biolink:causes	1
0.42349502	HGNC:15819	MONDO:0008542	biolink:causes	1
0.94389254	HGNC:21316	MONDO:0016838	biolink:gene_associated_with_condition	1
0.9885322	HGNC:27337	MONDO:0013222	biolink:gene_associated_with_condition	1
0.9842131	HGNC:27337	MONDO:0012652	biolink:gene_associated_with_condition	1
0.9842131	HGNC:27337	MONDO:0012652	biolink:causes	1
0.9936993	HGNC:27337	MONDO:0014343	biolink:causes	1
0.92100215	HGNC:27337	MONDO:0016103	biolink:gene_associated_with_condition	1
0.9095625	HGNC:560	MONDO:0019428	biolink:gene_associated_with_condition	1
0.46105906	HGNC:17073	MONDO:0011908	biolink:causes	1
0.9668009	HGNC:17146	MONDO:0008377	biolink:causes	1
0.94166946	HGNC:13210	MONDO:0008854	biolink:contributes_to	1
0.8330086	HGNC:13210	MONDO:0013312	biolink:causes	1
0.9857684	HGNC:21099	MONDO:0958242	biolink:causes	1
0.8098235	HGNC:707	MONDO:0859324	biolink:gene_associated_with_condition	1
0.9970042	HGNC:753	MONDO:0014258	biolink:causes	1
0.14682142	HGNC:31704	MONDO:0030490	biolink:causes	1
0.99628204	HGNC:18318	MONDO:0011510	biolink:causes	1
0.9149917	HGNC:16935	MONDO:0030323	biolink:causes	1
0.3784053	HGNC:6858	MONDO:0007648	biolink:gene_associated_with_condition	1
0.9673168	HGNC:6898	MONDO:0014206	biolink:causes	1
0.8669749	HGNC:6898	MONDO:0014566	biolink:causes	1
0.80566406	HGNC:6898	MONDO:0030518	biolink:causes	1
0.9485453	HGNC:6909	MONDO:0007704	biolink:contributes_to	1
0.99538004	HGNC:6909	MONDO:0014343	biolink:causes	1
0.9985442	HGNC:6909	MONDO:0011765	biolink:causes	1
0.99370724	HGNC:6937	MONDO:0008862	biolink:causes	1
0.9976267	HGNC:16732	MONDO:0009615	biolink:gene_associated_with_condition	1
0.88578033	HGNC:6948	MONDO:0033046	biolink:causes	1
0.7550576	HGNC:6954	MONDO:0009617	biolink:causes	1
0.38941887	HGNC:6973	MONDO:0032868	biolink:causes	1
0.99966824	HGNC:19691	MONDO:0015003	biolink:gene_associated_with_condition	1
0.990602	HGNC:11957	MONDO:0010655	biolink:causes	1
0.995093	HGNC:11957	MONDO:0010477	biolink:gene_associated_with_condition	1
0.995093	HGNC:11957	MONDO:0010477	biolink:causes	1
0.99864906	HGNC:11957	MONDO:0012997	biolink:gene_associated_with_condition	1
0.9972947	HGNC:2377	MONDO:0859137	biolink:causes	1
0.14479412	HGNC:7097	MONDO:0009061	biolink:gene_associated_with_condition	1
0.9938956	HGNC:7102	MONDO:0030438	biolink:causes	1
0.9030375	HGNC:7102	MONDO:0013993	biolink:gene_associated_with_condition	1
1.0	HGNC:31555	MONDO:0013678	biolink:gene_associated_with_condition	1
1.0	HGNC:31555	MONDO:0013678	biolink:causes	1
0.9776872	HGNC:7108	MONDO:0011523	biolink:causes	1
0.9999535	HGNC:12744	MONDO:0008678	biolink:causes	1
0.99178606	HGNC:7176	MONDO:0014343	biolink:causes	1
0.3855909	HGNC:14509	MONDO:0033534	biolink:causes	1
0.9233139	HGNC:7392	MONDO:0011481	biolink:gene_associated_with_condition	1
0.998939	HGNC:7489	MONDO:0015283	biolink:gene_associated_with_condition	1
0.9891394	HGNC:7493	MONDO:0019016	biolink:gene_associated_with_condition	1
0.94944227	HGNC:7497	MONDO:0010799	biolink:causes	1
0.9753151	HGNC:7413	MONDO:0007205	biolink:gene_associated_with_condition	1
0.9999958	HGNC:7437	MONDO:0032705	biolink:gene_associated_with_condition	1
0.9999958	HGNC:7437	MONDO:0032705	biolink:causes	1
0.4943714	HGNC:3942	MONDO:0020492	biolink:gene_associated_with_condition	1
0.99739057	HGNC:7468	MONDO:0009609	biolink:gene_associated_with_condition	1
0.99739057	HGNC:7468	MONDO:0009609	biolink:causes	1
0.693347	HGNC:7516	MONDO:0800029	biolink:gene_associated_with_condition	1
0.9397876	HGNC:7527	MONDO:0012041	biolink:gene_associated_with_condition	1
0.94690067	HGNC:7530	MONDO:0008377	biolink:causes	1
0.6435206	HGNC:7545	MONDO:0020512	biolink:gene_associated_with_condition	1
0.65585476	HGNC:7545	MONDO:0016705	biolink:gene_associated_with_condition	1
0.9774104	HGNC:7606	MONDO:0008377	biolink:causes	1
0.76640165	HGNC:7610	MONDO:0007664	biolink:causes	1
0.99968386	HGNC:19918	MONDO:0032673	biolink:causes	1
0.99762964	HGNC:20967	MONDO:0044306	biolink:gene_associated_with_condition	1
0.010431807	HGNC:7634	MONDO:0009672	biolink:gene_associated_with_condition	1
0.9945135	HGNC:7643	MONDO:0030837	biolink:causes	1
0.27777186	HGNC:7646	MONDO:0009472	biolink:causes	1
0.9962303	HGNC:7690	MONDO:0032636	biolink:causes	1
0.966609	HGNC:7708	MONDO:0032611	biolink:causes	1
0.694175	HGNC:7745	MONDO:0008377	biolink:causes	1
0.9792661	HGNC:7765	MONDO:0007922	biolink:causes	1
0.76784515	HGNC:7765	MONDO:0008078	biolink:causes	1
0.8977272	HGNC:7765	MONDO:0008542	biolink:causes	1
0.7009544	HGNC:7765	MONDO:0009994	biolink:gene_associated_with_condition	1
0.9673748	HGNC:7765	MONDO:0013357	biolink:gene_associated_with_condition	1
0.60967326	HGNC:7797	MONDO:0016681	biolink:gene_associated_with_condition	1
0.8726128	HGNC:7808	MONDO:0012092	biolink:causes	1
0.19717199	HGNC:21269	MONDO:0957231	biolink:causes	1
0.9811724	HGNC:7853	MONDO:0031054	biolink:causes	1
0.973757	HGNC:7871	MONDO:0010501	biolink:gene_associated_with_condition	1
0.76945907	HGNC:15911	MONDO:0013594	biolink:gene_associated_with_condition	1
0.9867424	HGNC:7883	MONDO:0000914	biolink:gene_associated_with_condition	1
0.6751844	HGNC:7883	MONDO:0014122	biolink:causes	1
0.9995061	HGNC:7883	MONDO:0007537	biolink:causes	1
0.06272933	HGNC:7910	MONDO:0017598	biolink:gene_associated_with_condition	1
0.19353478	HGNC:7910	MONDO:0020320	biolink:gene_associated_with_condition	1
0.061542008	HGNC:7910	MONDO:0012883	biolink:gene_associated_with_condition	1
0.99872905	HGNC:7944	MONDO:0008818	biolink:causes	1
0.99427766	HGNC:7944	MONDO:0011275	biolink:causes	1
0.9456868	HGNC:7944	MONDO:0014551	biolink:causes	1
0.98800987	HGNC:7944	MONDO:0014401	biolink:causes	1
0.21704602	HGNC:7974	MONDO:0100289	biolink:gene_associated_with_condition	1
0.9940202	HGNC:26513	MONDO:0014991	biolink:causes	1
0.9843417	HGNC:8082	MONDO:0008377	biolink:causes	1
0.9236751	HGNC:8101	MONDO:0020298	biolink:gene_associated_with_condition	1
0.010733851	HGNC:8101	MONDO:0044255	biolink:causes	1
0.9986987	HGNC:26560	MONDO:0014030	biolink:causes	1
0.9721157	HGNC:8142	MONDO:0008133	biolink:causes	1
0.89374185	HGNC:19316	MONDO:0009804	biolink:gene_associated_with_condition	1
0.9946168	HGNC:19316	MONDO:0009820	biolink:causes	1
0.9511726	HGNC:19316	MONDO:0008147	biolink:gene_associated_with_condition	1
0.925843	HGNC:8547	MONDO:0008377	biolink:causes	1
0.93990177	HGNC:8548	MONDO:0009820	biolink:causes	1
0.58256644	HGNC:8574	MONDO:0011830	biolink:gene_associated_with_condition	1
0.23864152	HGNC:8574	MONDO:0013182	biolink:gene_associated_with_condition	1
0.5557224	HGNC:26144	MONDO:0013236	biolink:contributes_to	1
0.70960367	HGNC:26144	MONDO:0957530	biolink:contributes_to	1
0.9965114	HGNC:14615	MONDO:0859182	biolink:causes	1
0.7973013	HGNC:8609	MONDO:0014612	biolink:causes	1
0.8109322	HGNC:8620	MONDO:0020354	biolink:gene_associated_with_condition	1
0.8992088	HGNC:8620	MONDO:0020356	biolink:gene_associated_with_condition	1
0.48913297	HGNC:8620	MONDO:0008795	biolink:gene_associated_with_condition	1
0.22999504	HGNC:8620	MONDO:0016395	biolink:gene_associated_with_condition	1
0.83170074	HGNC:8620	MONDO:0008377	biolink:causes	1
0.9922368	HGNC:8654	MONDO:0011628	biolink:gene_associated_with_condition	1
0.6929038	HGNC:8729	MONDO:0014399	biolink:gene_associated_with_condition	1
0.6929038	HGNC:8729	MONDO:0014399	biolink:causes	1
0.9913669	HGNC:16068	MONDO:0008872	biolink:gene_associated_with_condition	1
0.9996381	HGNC:8790	MONDO:0012398	biolink:causes	1
0.9952856	HGNC:21350	MONDO:0009503	biolink:gene_associated_with_condition	1
0.9990559	HGNC:8820	MONDO:0012449	biolink:gene_associated_with_condition	1
0.9142676	HGNC:26257	MONDO:0010169	biolink:contributes_to	1
0.99038506	HGNC:9717	MONDO:0018598	biolink:gene_associated_with_condition	1
0.999995	HGNC:9717	MONDO:0013932	biolink:causes	1
0.98656946	HGNC:8851	MONDO:0018598	biolink:gene_associated_with_condition	1
0.9998385	HGNC:8851	MONDO:0013937	biolink:causes	1
0.9832609	HGNC:8854	MONDO:0018598	biolink:gene_associated_with_condition	1
0.9919986	HGNC:8854	MONDO:0013927	biolink:causes	1
0.9889025	HGNC:8857	MONDO:0018598	biolink:gene_associated_with_condition	1
0.997849	HGNC:8857	MONDO:0019174	biolink:gene_associated_with_condition	1
0.9990759	HGNC:8905	MONDO:0013968	biolink:gene_associated_with_condition	1
0.97835356	HGNC:20672	MONDO:0010286	biolink:causes	1
0.99084014	HGNC:691	MONDO:0011181	biolink:causes	1
0.99889994	HGNC:16491	MONDO:0030785	biolink:causes	1
0.5109686	HGNC:25985	MONDO:0008684	biolink:gene_associated_with_condition	1
0.9999999	HGNC:8966	MONDO:0010221	biolink:causes	1
0.56698525	HGNC:23785	MONDO:0007376	biolink:gene_associated_with_condition	1
0.70424044	HGNC:9023	MONDO:0011472	biolink:causes	1
0.9976488	HGNC:9039	MONDO:0024457	biolink:gene_associated_with_condition	1
0.9976488	HGNC:9039	MONDO:0024457	biolink:causes	1
0.9942515	HGNC:9039	MONDO:0012444	biolink:causes	1
0.9989967	HGNC:9039	MONDO:0013060	biolink:gene_associated_with_condition	1
0.9989967	HGNC:9039	MONDO:0013060	biolink:causes	1
0.99987113	HGNC:9043	MONDO:0060502	biolink:gene_associated_with_condition	1
0.9886234	HGNC:9056	MONDO:0030074	biolink:gene_associated_with_condition	1
0.99357784	HGNC:9056	MONDO:0014343	biolink:causes	1
0.5699563	HGNC:19218	MONDO:0014970	biolink:causes	1
0.9614696	HGNC:29017	MONDO:0012679	biolink:gene_associated_with_condition	1
0.81889457	HGNC:9080	MONDO:0013475	biolink:causes	1
0.7384627	HGNC:9086	MONDO:0017223	biolink:gene_associated_with_condition	1
0.8627071	HGNC:9086	MONDO:0017225	biolink:gene_associated_with_condition	1
0.5596113	HGNC:9091	MONDO:0010606	biolink:causes	1
0.9777771	HGNC:9091	MONDO:0012892	biolink:causes	1
0.98558074	HGNC:9091	MONDO:0014343	biolink:causes	1
0.9989243	HGNC:14107	MONDO:0008818	biolink:causes	1
0.99941564	HGNC:14107	MONDO:0007524	biolink:causes	1
0.977445	HGNC:9118	MONDO:0008392	biolink:gene_associated_with_condition	1
0.97416794	HGNC:9118	MONDO:0007311	biolink:causes	1
0.9292648	HGNC:9118	MONDO:0008087	biolink:gene_associated_with_condition	1
0.9861162	HGNC:9118	MONDO:0007309	biolink:causes	1
0.8502323	HGNC:9154	MONDO:0014557	biolink:causes	1
0.9916328	HGNC:28900	MONDO:0016825	biolink:causes	1
0.6766658	HGNC:23166	MONDO:0013978	biolink:causes	1
0.9233169	HGNC:23166	MONDO:0013977	biolink:causes	1
0.98831624	HGNC:9177	MONDO:0032684	biolink:causes	1
0.9570052	HGNC:9177	MONDO:0012041	biolink:causes	1
0.5735624	HGNC:20194	MONDO:0009558	biolink:causes	1
0.999666	HGNC:30074	MONDO:0009910	biolink:gene_associated_with_condition	1
0.9731733	HGNC:30074	MONDO:0018656	biolink:gene_associated_with_condition	1
0.91679305	HGNC:30074	MONDO:0019505	biolink:gene_associated_with_condition	1
0.8005695	HGNC:30074	MONDO:0100600	biolink:gene_associated_with_condition	1
0.9999995	HGNC:17652	MONDO:0010592	biolink:gene_associated_with_condition	1
0.9999995	HGNC:17652	MONDO:0010592	biolink:causes	1
0.9980362	HGNC:9216	MONDO:0032830	biolink:gene_associated_with_condition	1
0.6594206	HGNC:9220	MONDO:0011226	biolink:causes	1
0.9980445	HGNC:9277	MONDO:0044318	biolink:causes	1
0.76907927	HGNC:25415	MONDO:0017052	biolink:gene_associated_with_condition	1
0.24758922	HGNC:25415	MONDO:0014057	biolink:causes	1
0.9993476	HGNC:13993	MONDO:0014717	biolink:gene_associated_with_condition	1
0.43725958	HGNC:17019	MONDO:0012904	biolink:causes	1
0.7651752	HGNC:9382	MONDO:0014518	biolink:causes	1
0.9871789	HGNC:9390	MONDO:0859214	biolink:causes	1
0.99258304	HGNC:9451	MONDO:0008316	biolink:causes	1
0.4929325	HGNC:17340	MONDO:0010806	biolink:causes	1
0.7689063	HGNC:17340	MONDO:0008377	biolink:causes	1
0.9661786	HGNC:9942	MONDO:0008210	biolink:causes	1
0.27035365	HGNC:9942	MONDO:0020382	biolink:gene_associated_with_condition	1
0.99684405	HGNC:19129	MONDO:0014466	biolink:gene_associated_with_condition	1
0.99684405	HGNC:19129	MONDO:0014466	biolink:causes	1
0.9916198	HGNC:19129	MONDO:0012596	biolink:gene_associated_with_condition	1
0.9916198	HGNC:19129	MONDO:0012596	biolink:causes	1
0.16989097	HGNC:9508	MONDO:0013398	biolink:causes	1
0.9325596	HGNC:9557	MONDO:0054591	biolink:causes	1
0.9330563	HGNC:9577	MONDO:0013531	biolink:causes	1
0.6423871	HGNC:823	MONDO:0014091	biolink:causes	1
0.8327813	HGNC:823	MONDO:0020727	biolink:causes	1
0.9628127	HGNC:869	MONDO:0010651	biolink:causes	1
0.96154875	HGNC:897	MONDO:0010356	biolink:gene_associated_with_condition	1
0.99991965	HGNC:17978	MONDO:0010075	biolink:gene_associated_with_condition	1
0.2161525	HGNC:939	MONDO:0976226	biolink:causes	1
0.8811314	HGNC:939	MONDO:0013061	biolink:causes	1
0.48641348	HGNC:961	MONDO:0008678	biolink:gene_associated_with_condition	1
0.99963677	HGNC:970	MONDO:0014434	biolink:causes	1
0.99252665	HGNC:26291	MONDO:0008377	biolink:causes	1
0.9616623	HGNC:1020	MONDO:0009872	biolink:gene_associated_with_condition	1
0.89662075	HGNC:17208	MONDO:0014121	biolink:gene_associated_with_condition	1
0.9999999	HGNC:4332	MONDO:0025699	biolink:causes	1
0.99782467	HGNC:1067	MONDO:0012892	biolink:causes	1
0.72187	HGNC:3581	MONDO:0007845	biolink:contributes_to	1
0.5856704	HGNC:1101	MONDO:0015278	biolink:gene_associated_with_condition	1
0.7970852	HGNC:1101	MONDO:0011584	biolink:causes	1
0.84723634	HGNC:1101	MONDO:0013235	biolink:contributes_to	1
0.96486104	HGNC:15832	MONDO:0010043	biolink:causes	1
0.97101724	HGNC:1133	MONDO:0010421	biolink:gene_associated_with_condition	1
0.9520269	HGNC:1144	MONDO:0014343	biolink:causes	1
0.9198281	HGNC:1245	MONDO:0958188	biolink:causes	1
0.9790572	HGNC:9768	MONDO:0008377	biolink:causes	1
0.82334924	HGNC:9801	MONDO:0007922	biolink:causes	1
0.9291699	HGNC:9831	MONDO:0009306	biolink:causes	1
0.99980956	HGNC:17770	MONDO:0032921	biolink:causes	1
0.9178932	HGNC:9870	MONDO:0014506	biolink:gene_associated_with_condition	1
0.21536666	HGNC:9910	MONDO:0010277	biolink:gene_associated_with_condition	1
0.21259047	HGNC:9910	MONDO:0010661	biolink:gene_associated_with_condition	1
0.21259047	HGNC:9910	MONDO:0010661	biolink:causes	1
0.19486225	HGNC:20759	MONDO:0975795	biolink:causes	1
0.009268675	HGNC:9955	MONDO:0033980	biolink:gene_associated_with_condition	1
0.13660064	HGNC:9955	MONDO:0032659	biolink:causes	1
0.09095548	HGNC:9955	MONDO:0035694	biolink:gene_associated_with_condition	1
0.9922667	HGNC:15578	MONDO:0054763	biolink:causes	1
0.41162643	HGNC:20788	MONDO:0007856	biolink:gene_associated_with_condition	1
0.41162643	HGNC:20788	MONDO:0007856	biolink:causes	1
0.5678292	HGNC:667	MONDO:0032884	biolink:causes	1
0.99856657	HGNC:10024	MONDO:0011839	biolink:causes	1
0.9885767	HGNC:10024	MONDO:0008377	biolink:causes	1
0.97919923	HGNC:18518	MONDO:0012472	biolink:causes	1
0.9979809	HGNC:21686	MONDO:0013058	biolink:gene_associated_with_condition	1
0.9979809	HGNC:21686	MONDO:0013058	biolink:causes	1
0.85573393	HGNC:10061	MONDO:0859171	biolink:causes	1
0.9942115	HGNC:10057	MONDO:0034106	biolink:gene_associated_with_condition	1
0.707554	HGNC:26661	MONDO:0012764	biolink:causes	1
1.0	HGNC:10193	MONDO:0971172	biolink:gene_associated_with_condition	1
1.0	HGNC:10193	MONDO:0971172	biolink:causes	1
0.99431384	HGNC:10254	MONDO:0011974	biolink:causes	1
0.9925914	HGNC:10260	MONDO:0007922	biolink:causes	1
0.8289825	HGNC:10260	MONDO:0014710	biolink:gene_associated_with_condition	1
0.9968822	HGNC:13436	MONDO:0008377	biolink:causes	1
0.7926886	HGNC:10301	MONDO:0012938	biolink:causes	1
0.61399734	HGNC:10345	MONDO:0012925	biolink:causes	1
0.3963679	HGNC:10381	MONDO:0018435	biolink:gene_associated_with_condition	1
0.26683858	HGNC:10387	MONDO:0007925	biolink:gene_associated_with_condition	1
0.635204	HGNC:10389	MONDO:0032670	biolink:causes	1
0.9877929	HGNC:17271	MONDO:0014343	biolink:causes	1
0.95665324	HGNC:10451	MONDO:0957993	biolink:causes	1
0.999941	HGNC:21057	MONDO:0012979	biolink:causes	1
0.9632762	HGNC:10468	MONDO:0011489	biolink:gene_associated_with_condition	1
0.9573279	HGNC:18647	MONDO:0020737	biolink:causes	1
0.99420667	HGNC:28991	MONDO:0014311	biolink:causes	1
0.9963875	HGNC:10472	MONDO:0007340	biolink:causes	1
0.9880723	HGNC:10483	MONDO:0007294	biolink:gene_associated_with_condition	1
0.93317866	HGNC:10483	MONDO:0015793	biolink:gene_associated_with_condition	1
0.99111104	HGNC:10483	MONDO:0020485	biolink:causes	1
0.9656496	HGNC:10521	MONDO:0009775	biolink:causes	1
0.9679128	HGNC:10526	MONDO:0009002	biolink:causes	1
0.9709037	HGNC:2135	MONDO:0011475	biolink:gene_associated_with_condition	1
0.6642077	HGNC:21088	MONDO:0033668	biolink:causes	1
0.96385396	HGNC:10588	MONDO:0011794	biolink:gene_associated_with_condition	1
0.995129	HGNC:10588	MONDO:0011904	biolink:gene_associated_with_condition	1
0.9841925	HGNC:10588	MONDO:0013388	biolink:causes	1
0.9713317	HGNC:10591	MONDO:0020482	biolink:gene_associated_with_condition	1
0.9998317	HGNC:10591	MONDO:0957265	biolink:causes	1
0.94762427	HGNC:10596	MONDO:0011178	biolink:gene_associated_with_condition	1
0.95637643	HGNC:10596	MONDO:0100092	biolink:causes	1
0.99969757	HGNC:10596	MONDO:0013801	biolink:causes	1
0.9999008	HGNC:30301	MONDO:0012892	biolink:causes	1
0.9971396	HGNC:10706	MONDO:0009820	biolink:causes	1
0.99678767	HGNC:10706	MONDO:0014573	biolink:causes	1
0.98543686	HGNC:10723	MONDO:0014343	biolink:causes	1
0.7267933	HGNC:1228	MONDO:0015054	biolink:gene_associated_with_condition	1
0.75565326	HGNC:1228	MONDO:0007361	biolink:causes	1
0.18990736	HGNC:18420	MONDO:0035706	biolink:gene_associated_with_condition	1
0.9644119	HGNC:445	MONDO:0011223	biolink:gene_associated_with_condition	1
0.99217856	HGNC:10771	MONDO:0007943	biolink:gene_associated_with_condition	1
0.96300805	HGNC:10771	MONDO:0014343	biolink:causes	1
0.99960595	HGNC:28395	MONDO:0012892	biolink:causes	1
0.99551445	HGNC:28395	MONDO:0014343	biolink:causes	1
0.09004874	HGNC:13867	MONDO:0010296	biolink:causes	1
0.89729756	HGNC:10852	MONDO:0030866	biolink:causes	1
0.9991386	HGNC:19353	MONDO:0013256	biolink:gene_associated_with_condition	1
0.9991386	HGNC:19353	MONDO:0013256	biolink:causes	1
0.97772276	HGNC:10889	MONDO:0019758	biolink:gene_associated_with_condition	1
0.9999633	HGNC:10889	MONDO:0007999	biolink:causes	1
0.97368115	HGNC:16438	MONDO:0009019	biolink:causes	1
0.9921227	HGNC:11051	MONDO:0013827	biolink:causes	1
0.9995504	HGNC:27960	MONDO:0009324	biolink:causes	1
0.9972777	HGNC:11073	MONDO:0014808	biolink:causes	1
0.9976865	HGNC:23089	MONDO:0014392	biolink:causes	1
0.9931744	HGNC:14409	MONDO:0011790	biolink:causes	1
0.999393	HGNC:3018	MONDO:0008964	biolink:gene_associated_with_condition	1
0.999393	HGNC:3018	MONDO:0008964	biolink:causes	1
0.17762819	HGNC:14469	MONDO:0009061	biolink:gene_associated_with_condition	1
0.99790096	HGNC:1329	MONDO:0044726	biolink:gene_associated_with_condition	1
0.75781894	HGNC:11019	MONDO:0016579	biolink:gene_associated_with_condition	1
0.9997538	HGNC:20197	MONDO:0009953	biolink:causes	1
0.5043059	HGNC:18762	MONDO:0007677	biolink:causes	1
0.9993461	HGNC:32434	MONDO:0012216	biolink:causes	1
0.99915063	HGNC:29956	MONDO:0859180	biolink:causes	1
0.9815107	HGNC:10961	MONDO:0009379	biolink:gene_associated_with_condition	1
0.99640936	HGNC:10955	MONDO:0013756	biolink:causes	1
0.9999523	HGNC:17814	MONDO:0859575	biolink:causes	1
0.8246082	HGNC:20297	MONDO:0013189	biolink:causes	1
0.9997867	HGNC:11102	MONDO:0009458	biolink:causes	1
0.9901029	HGNC:11102	MONDO:0014343	biolink:causes	1
0.98451555	HGNC:11109	MONDO:0014343	biolink:causes	1
0.91992897	HGNC:11109	MONDO:0016995	biolink:gene_associated_with_condition	1
0.63636035	HGNC:11118	MONDO:0010056	biolink:gene_associated_with_condition	1
0.9994168	HGNC:11123	MONDO:0010664	biolink:gene_associated_with_condition	1
0.059992533	HGNC:11138	MONDO:0007488	biolink:causes	1
0.6006629	HGNC:32621	MONDO:0030313	biolink:contributes_to	1
0.8942319	HGNC:1246	MONDO:0013743	biolink:gene_associated_with_condition	1
0.9999813	HGNC:26799	MONDO:0030378	biolink:causes	1
0.95983064	HGNC:1375	MONDO:0008377	biolink:causes	1
0.9810446	HGNC:1481	MONDO:0958334	biolink:causes	1
0.99996436	HGNC:27089	MONDO:0029134	biolink:gene_associated_with_condition	1
0.99996436	HGNC:27089	MONDO:0029134	biolink:causes	1
0.811263	HGNC:25062	MONDO:0018393	biolink:gene_associated_with_condition	1
0.9223163	HGNC:17116	MONDO:0013070	biolink:causes	1
0.9449804	HGNC:1541	MONDO:0007922	biolink:causes	1
0.45255274	HGNC:11161	MONDO:0014027	biolink:causes	1
0.9720961	HGNC:14967	MONDO:0957584	biolink:causes	1
0.9979512	HGNC:26293	MONDO:0032898	biolink:causes	1
0.9784913	HGNC:15533	MONDO:0007794	biolink:causes	1
0.9079608	HGNC:11273	MONDO:0957815	biolink:causes	1
0.9902462	HGNC:11277	MONDO:0008086	biolink:causes	1
0.42552045	HGNC:11280	MONDO:0008176	biolink:causes	1
0.5805202	HGNC:11280	MONDO:0014945	biolink:causes	1
0.9617844	HGNC:25812	MONDO:0008377	biolink:causes	1
0.5817917	HGNC:11302	MONDO:0957809	biolink:causes	1
0.601236	HGNC:11303	MONDO:0013851	biolink:gene_associated_with_condition	1
0.6610172	HGNC:18628	MONDO:0958237	biolink:causes	1
0.9447603	HGNC:11368	MONDO:0957807	biolink:causes	1
0.76366866	HGNC:24592	MONDO:0014094	biolink:causes	1
0.9846407	HGNC:27962	MONDO:0014405	biolink:causes	1
0.9976853	HGNC:17089	MONDO:0032778	biolink:causes	1
0.80960864	HGNC:11535	MONDO:0010747	biolink:gene_associated_with_condition	1
0.80960864	HGNC:11535	MONDO:0010747	biolink:causes	1
0.37029094	HGNC:11546	MONDO:0044313	biolink:causes	1
0.99875915	HGNC:26887	MONDO:0009820	biolink:causes	1
0.9993886	HGNC:26887	MONDO:0012892	biolink:causes	1
0.9998522	HGNC:26887	MONDO:0014821	biolink:causes	1
0.9617277	HGNC:11573	MONDO:0010160	biolink:gene_associated_with_condition	1
0.998978	HGNC:11582	MONDO:0009426	biolink:gene_associated_with_condition	1
0.9853887	HGNC:11582	MONDO:0044651	biolink:gene_associated_with_condition	1
0.99419385	HGNC:11582	MONDO:0014968	biolink:causes	1
0.9951161	HGNC:11582	MONDO:0014343	biolink:causes	1
0.4022698	HGNC:29529	MONDO:0012883	biolink:gene_associated_with_condition	1
0.9987929	HGNC:29529	MONDO:0011213	biolink:causes	1
0.9951324	HGNC:11602	MONDO:0008411	biolink:gene_associated_with_condition	1
0.665094	HGNC:11599	MONDO:0008834	biolink:causes	1
0.36448976	HGNC:11608	MONDO:0800447	biolink:contributes_to	1
0.9899407	HGNC:11623	MONDO:0014343	biolink:causes	1
0.9669002	HGNC:11623	MONDO:0030534	biolink:causes	1
0.9800602	HGNC:11654	MONDO:0007944	biolink:causes	1
0.9757101	HGNC:25774	MONDO:0013482	biolink:causes	1
0.74158156	HGNC:11720	MONDO:0011102	biolink:causes	1
0.31062612	HGNC:11720	MONDO:0011351	biolink:causes	1
0.004832613	HGNC:8117	MONDO:0007137	biolink:gene_associated_with_condition	1
0.8453938	HGNC:11730	MONDO:0005006	biolink:gene_associated_with_condition	1
0.9888926	HGNC:11730	MONDO:0007485	biolink:causes	1
0.9596854	HGNC:11730	MONDO:0018045	biolink:gene_associated_with_condition	1
0.9646722	HGNC:11730	MONDO:0800029	biolink:causes	1
0.78224665	HGNC:11737	MONDO:0018393	biolink:gene_associated_with_condition	1
0.25421348	HGNC:11740	MONDO:0008846	biolink:gene_associated_with_condition	1
0.530454	HGNC:11763	MONDO:0014760	biolink:gene_associated_with_condition	1
0.96916246	HGNC:11771	MONDO:0007380	biolink:gene_associated_with_condition	1
0.96916246	HGNC:11771	MONDO:0007380	biolink:causes	1
0.9648757	HGNC:11771	MONDO:0012044	biolink:causes	1
0.987074	HGNC:11771	MONDO:0007375	biolink:causes	1
0.98996454	HGNC:11771	MONDO:0011855	biolink:causes	1
0.99082106	HGNC:11771	MONDO:0012043	biolink:gene_associated_with_condition	1
0.99082106	HGNC:11771	MONDO:0012043	biolink:causes	1
0.9947319	HGNC:11771	MONDO:0007377	biolink:gene_associated_with_condition	1
0.9947319	HGNC:11771	MONDO:0007377	biolink:causes	1
0.98298234	HGNC:11771	MONDO:0011185	biolink:gene_associated_with_condition	1
0.8469134	HGNC:11776	MONDO:0017218	biolink:gene_associated_with_condition	1
0.913788	HGNC:11781	MONDO:0012345	biolink:gene_associated_with_condition	1
0.6303348	HGNC:11784	MONDO:0013775	biolink:causes	1
0.81728786	HGNC:11795	MONDO:0018000	biolink:gene_associated_with_condition	1
0.9679013	HGNC:11795	MONDO:0800452	biolink:gene_associated_with_condition	1
0.9559289	HGNC:11795	MONDO:0957572	biolink:causes	1
0.99506384	HGNC:17754	MONDO:0032891	biolink:causes	1
0.99999416	HGNC:17754	MONDO:0859379	biolink:causes	1
0.9874713	HGNC:15631	MONDO:0859083	biolink:causes	1
0.9566663	HGNC:29118	MONDO:0032871	biolink:causes	1
0.16723205	HGNC:25913	MONDO:0975887	biolink:gene_associated_with_condition	1
0.09409355	HGNC:26038	MONDO:0018448	biolink:gene_associated_with_condition	1
0.99704236	HGNC:37234	MONDO:0014343	biolink:causes	1
0.9990314	HGNC:26899	MONDO:0014992	biolink:causes	1
0.46417665	HGNC:11916	MONDO:0007727	biolink:causes	1
0.92181116	HGNC:18153	MONDO:0012291	biolink:causes	1
0.99692994	HGNC:11944	MONDO:0859335	biolink:causes	1
0.98015594	HGNC:19661	MONDO:0020745	biolink:causes	1
0.99964345	HGNC:21648	MONDO:0957953	biolink:causes	1
0.9895197	HGNC:12015	MONDO:0010133	biolink:causes	1
0.054446306	HGNC:1343	MONDO:0013554	biolink:contributes_to	1
0.8172875	HGNC:1343	MONDO:0014230	biolink:causes	1
0.9872185	HGNC:23068	MONDO:0014343	biolink:causes	1
0.99673104	HGNC:30832	MONDO:0013173	biolink:causes	1
0.97205037	HGNC:12261	MONDO:0011484	biolink:causes	1
0.9100358	HGNC:17761	MONDO:0020749	biolink:causes	1
0.97248715	HGNC:12299	MONDO:0032819	biolink:gene_associated_with_condition	1
0.99996424	HGNC:23141	MONDO:0014684	biolink:causes	1
0.9529213	HGNC:12340	MONDO:0019176	biolink:gene_associated_with_condition	1
0.9998554	HGNC:14006	MONDO:0032591	biolink:causes	1
0.77352613	HGNC:12362	MONDO:0008542	biolink:causes	1
0.9908591	HGNC:21641	MONDO:0013218	biolink:causes	1
0.48952386	HGNC:19141	MONDO:0011464	biolink:causes	1
0.99807453	HGNC:23700	MONDO:0032924	biolink:causes	1
0.7750204	HGNC:12403	MONDO:0010870	biolink:gene_associated_with_condition	1
0.7750204	HGNC:12403	MONDO:0010870	biolink:causes	1
0.9210028	HGNC:12403	MONDO:0012714	biolink:gene_associated_with_condition	1
0.80275553	HGNC:12403	MONDO:0012127	biolink:causes	1
0.9231613	HGNC:12403	MONDO:0017401	biolink:gene_associated_with_condition	1
0.8563979	HGNC:12405	MONDO:0020730	biolink:causes	1
0.62140375	HGNC:20772	MONDO:0018763	biolink:gene_associated_with_condition	1
0.9222978	HGNC:16691	MONDO:0009624	biolink:gene_associated_with_condition	1
0.43303493	HGNC:1160	MONDO:0018197	biolink:gene_associated_with_condition	1
0.22086383	HGNC:12463	MONDO:0007338	biolink:gene_associated_with_condition	1
0.06797285	HGNC:12463	MONDO:0008637	biolink:gene_associated_with_condition	1
0.9996407	HGNC:14304	MONDO:0030927	biolink:causes	1
0.7999243	HGNC:12572	MONDO:0011971	biolink:gene_associated_with_condition	1
0.9999591	HGNC:16297	MONDO:0013164	biolink:gene_associated_with_condition	1
0.088223666	HGNC:12593	MONDO:0011237	biolink:contributes_to	1
0.33455676	HGNC:12597	MONDO:0010171	biolink:causes	1
0.92909795	HGNC:13485	MONDO:0017173	biolink:gene_associated_with_condition	1
0.9519638	HGNC:20080	MONDO:0008377	biolink:causes	1
0.5398893	HGNC:18533	MONDO:0859366	biolink:causes	1
0.71419156	HGNC:12666	MONDO:0018006	biolink:gene_associated_with_condition	1
0.24242957	HGNC:12666	MONDO:0014735	biolink:causes	1
0.6418737	HGNC:12666	MONDO:0013501	biolink:causes	1
0.1900679	HGNC:12687	MONDO:0009892	biolink:gene_associated_with_condition	1
0.9863392	HGNC:13488	MONDO:0035819	biolink:gene_associated_with_condition	1
0.9863392	HGNC:13488	MONDO:0035819	biolink:causes	1
0.8769864	HGNC:14579	MONDO:0014118	biolink:causes	1
0.9999231	HGNC:28385	MONDO:0014845	biolink:causes	1
0.9705354	HGNC:28984	MONDO:0011339	biolink:causes	1
0.99518424	HGNC:28984	MONDO:0009073	biolink:causes	1
0.79480803	HGNC:12754	MONDO:0007883	biolink:gene_associated_with_condition	1
0.99715805	HGNC:25072	MONDO:0060704	biolink:causes	1
0.97228706	HGNC:26790	MONDO:0013181	biolink:causes	1
0.42449912	HGNC:14544	MONDO:0013777	biolink:gene_associated_with_condition	1
0.0535592	HGNC:12810	MONDO:0026404	biolink:causes	1
0.99949443	HGNC:15516	MONDO:0012892	biolink:causes	1
0.99247074	HGNC:15516	MONDO:0018273	biolink:gene_associated_with_condition	1
0.22357547	HGNC:12851	MONDO:0005006	biolink:gene_associated_with_condition	1
0.0098981755	HGNC:12851	MONDO:0016839	biolink:gene_associated_with_condition	1
0.44593465	HGNC:12852	MONDO:0033365	biolink:causes	1
0.9980692	HGNC:20761	MONDO:0010044	biolink:causes	1
0.92334205	HGNC:12877	MONDO:0008310	biolink:gene_associated_with_condition	1
0.90533006	HGNC:29222	MONDO:0008377	biolink:causes	1
0.99966073	HGNC:12309	MONDO:0009841	biolink:causes	1
0.9999871	HGNC:29316	MONDO:0011359	biolink:causes	1
0.9562784	HGNC:10632	MONDO:0004951	biolink:contributes_to	1
0.49344543	HGNC:1706	MONDO:0012161	biolink:gene_associated_with_condition	1
0.9181845	HGNC:1630	MONDO:0012190	biolink:gene_associated_with_condition	1
0.9416982	HGNC:1641	MONDO:0004951	biolink:contributes_to	1
0.9990577	HGNC:1713	MONDO:0009135	biolink:causes	1
0.7598541	HGNC:1718	MONDO:0012091	biolink:causes	1
0.39647725	HGNC:1723	MONDO:0859521	biolink:causes	1
0.57489294	HGNC:1786	MONDO:0016476	biolink:gene_associated_with_condition	1
0.99440926	HGNC:1786	MONDO:0013873	biolink:causes	1
0.8907933	HGNC:26684	MONDO:0009366	biolink:causes	1
0.99569774	HGNC:26684	MONDO:0054723	biolink:causes	1
0.99882776	HGNC:26684	MONDO:0017173	biolink:gene_associated_with_condition	1
0.9976853	HGNC:28506	MONDO:0017173	biolink:gene_associated_with_condition	1
0.9999808	HGNC:27232	MONDO:0044308	biolink:causes	1
0.83788866	HGNC:4888	MONDO:0013892	biolink:gene_associated_with_condition	1
0.11569052	HGNC:4888	MONDO:0011285	biolink:contributes_to	1
0.998114	HGNC:24668	MONDO:0013892	biolink:causes	1
0.5816964	HGNC:16627	MONDO:0018875	biolink:gene_associated_with_condition	1
0.9977749	HGNC:8740	MONDO:0013990	biolink:gene_associated_with_condition	1
0.99661154	HGNC:1955	MONDO:0012156	biolink:causes	1
0.9954066	HGNC:24229	MONDO:0014098	biolink:causes	1
0.99898726	HGNC:21219	MONDO:0012980	biolink:causes	1
0.88289344	HGNC:11891	MONDO:0859568	biolink:causes	1
0.42594758	HGNC:2084	MONDO:0013588	biolink:causes	1
0.99518	HGNC:12605	MONDO:0013610	biolink:causes	1
0.970747	HGNC:103	MONDO:0020787	biolink:causes	1
0.9683375	HGNC:7877	MONDO:0032787	biolink:causes	1
0.83584607	HGNC:8011	MONDO:0017049	biolink:gene_associated_with_condition	1
0.99756974	HGNC:2198	MONDO:0012892	biolink:causes	1
0.96950185	HGNC:2198	MONDO:0009159	biolink:gene_associated_with_condition	1
0.9598335	HGNC:2198	MONDO:0017791	biolink:gene_associated_with_condition	1
0.9996189	HGNC:2201	MONDO:0008426	biolink:causes	1
0.99945396	HGNC:2201	MONDO:0007524	biolink:causes	1
0.98963916	HGNC:2213	MONDO:0958236	biolink:causes	1
0.94401693	HGNC:2213	MONDO:0014627	biolink:causes	1
0.9940063	HGNC:2217	MONDO:0007740	biolink:causes	1
0.9640867	HGNC:2186	MONDO:0008377	biolink:causes	1
0.9988293	HGNC:2186	MONDO:0011493	biolink:gene_associated_with_condition	1
0.9999964	HGNC:2190	MONDO:0014745	biolink:causes	1
0.04934025	HGNC:18603	MONDO:0008340	biolink:gene_associated_with_condition	1
0.38935232	HGNC:2231	MONDO:0859002	biolink:gene_associated_with_condition	1
0.8360457	HGNC:25223	MONDO:0020715	biolink:contributes_to	1
0.9775918	HGNC:20233	MONDO:0013836	biolink:gene_associated_with_condition	1
0.95558995	HGNC:2330	MONDO:0013633	biolink:contributes_to	1
0.72789913	HGNC:11701	MONDO:0008542	biolink:causes	1
0.9809786	HGNC:2435	MONDO:0010424	biolink:causes	1
0.8839628	HGNC:2511	MONDO:0000908	biolink:causes	1
0.4865169	HGNC:2527	MONDO:0007854	biolink:causes	1
0.9983834	HGNC:25613	MONDO:0014503	biolink:causes	1
0.29072642	HGNC:2561	MONDO:8000006	biolink:gene_associated_with_condition	1
0.99945587	HGNC:28672	MONDO:0030066	biolink:causes	1
0.29996073	HGNC:2621	MONDO:0012294	biolink:causes	1
0.9960245	HGNC:2592	MONDO:0007080	biolink:gene_associated_with_condition	1
0.9925735	HGNC:2592	MONDO:0035320	biolink:gene_associated_with_condition	1
0.9972299	HGNC:2592	MONDO:0008751	biolink:causes	1
0.41948444	HGNC:2673	MONDO:0976232	biolink:causes	1
0.99983525	HGNC:26383	MONDO:0957922	biolink:causes	1
0.9684182	HGNC:2714	MONDO:0010239	biolink:causes	1
0.99997234	HGNC:2719	MONDO:0012084	biolink:causes	1
0.9996221	HGNC:2846	MONDO:0008644	biolink:causes	1
0.99878615	HGNC:2858	MONDO:0009636	biolink:gene_associated_with_condition	1
0.99878615	HGNC:2858	MONDO:0009636	biolink:causes	1
0.9885882	HGNC:2858	MONDO:0014899	biolink:gene_associated_with_condition	1
0.9885882	HGNC:2858	MONDO:0014899	biolink:causes	1
0.99860114	HGNC:2859	MONDO:0011217	biolink:causes	1
0.8715399	HGNC:23537	MONDO:0008774	biolink:gene_associated_with_condition	1
0.8715399	HGNC:23537	MONDO:0008774	biolink:causes	1
0.81604934	HGNC:23537	MONDO:0014012	biolink:causes	1
0.8554611	HGNC:17210	MONDO:8000015	biolink:gene_associated_with_condition	1
0.9609971	HGNC:17210	MONDO:0032888	biolink:causes	1
0.9588257	HGNC:2883	MONDO:0030839	biolink:causes	1
0.7599905	HGNC:2898	MONDO:0009529	biolink:gene_associated_with_condition	1
0.7118247	HGNC:2908	MONDO:0019758	biolink:gene_associated_with_condition	1
0.9702496	HGNC:2916	MONDO:0008592	biolink:causes	1
0.9687836	HGNC:2950	MONDO:0012085	biolink:causes	1
0.9970751	HGNC:2941	MONDO:0009461	biolink:gene_associated_with_condition	1
0.98972285	HGNC:18744	MONDO:0012906	biolink:causes	1
0.99548256	HGNC:15469	MONDO:0014231	biolink:causes	1
0.7913177	HGNC:2973	MONDO:0008134	biolink:gene_associated_with_condition	1
0.94313526	HGNC:2973	MONDO:0013726	biolink:causes	1
0.81013465	HGNC:2978	MONDO:0019456	biolink:gene_associated_with_condition	1
0.9812573	HGNC:2978	MONDO:0014343	biolink:causes	1
0.90071553	HGNC:2978	MONDO:0032882	biolink:gene_associated_with_condition	1
0.90071553	HGNC:2978	MONDO:0032882	biolink:causes	1
0.98823464	HGNC:2988	MONDO:0014637	biolink:gene_associated_with_condition	1
0.98823464	HGNC:2988	MONDO:0014637	biolink:causes	1
0.99691963	HGNC:3003	MONDO:0800438	biolink:gene_associated_with_condition	1
0.99691963	HGNC:3003	MONDO:0800438	biolink:causes	1
0.96788543	HGNC:3010	MONDO:0014580	biolink:causes	1
0.87908685	HGNC:3010	MONDO:0013063	biolink:contributes_to	1
0.8282436	HGNC:21307	MONDO:0011932	biolink:causes	1
0.9998486	HGNC:3054	MONDO:0009820	biolink:causes	1
0.8303279	HGNC:20908	MONDO:0008542	biolink:causes	1
0.5725923	HGNC:20908	MONDO:0012569	biolink:causes	1
0.9983146	HGNC:3219	MONDO:0007524	biolink:causes	1
0.9980719	HGNC:3219	MONDO:0007363	biolink:causes	1
0.9937069	HGNC:3239	MONDO:0007790	biolink:causes	1
0.70689684	HGNC:3239	MONDO:0011527	biolink:gene_associated_with_condition	1
0.9554652	HGNC:3255	MONDO:0009192	biolink:gene_associated_with_condition	1
0.9026548	HGNC:3257	MONDO:0020506	biolink:gene_associated_with_condition	1
0.9923314	HGNC:3257	MONDO:0020507	biolink:causes	1
0.9461412	HGNC:3267	MONDO:0010258	biolink:causes	1
0.5101698	HGNC:14198	MONDO:0013872	biolink:contributes_to	1
0.99969625	HGNC:14418	MONDO:0032798	biolink:causes	1
0.93977433	HGNC:14418	MONDO:0008377	biolink:causes	1
0.99244225	HGNC:14415	MONDO:0007574	biolink:causes	1
0.9552267	HGNC:14415	MONDO:0008377	biolink:causes	1
0.9973794	HGNC:19880	MONDO:0008818	biolink:causes	1
0.99566394	HGNC:19880	MONDO:0012892	biolink:causes	1
0.99797946	HGNC:19880	MONDO:0007363	biolink:causes	1
0.70813054	HGNC:11529	MONDO:0013184	biolink:causes	1
0.6536848	HGNC:11529	MONDO:0012041	biolink:causes	1
0.996201	HGNC:3433	MONDO:0012554	biolink:causes	1
0.977196	HGNC:3446	MONDO:0007922	biolink:causes	1
0.99997485	HGNC:23994	MONDO:0958005	biolink:causes	1
0.90528214	HGNC:3483	MONDO:0018332	biolink:gene_associated_with_condition	1
0.23108456	MONDO:0006065	HGNC:6949	biolink:causes	1
0.9689423	MONDO:0007057	HGNC:7882	biolink:causes	1
0.50058746	MONDO:0007077	HGNC:7105	biolink:gene_associated_with_condition	1
0.50058746	MONDO:0007077	HGNC:7105	biolink:causes	1
0.34395978	MONDO:0007109	HGNC:6392	biolink:causes	1
0.004832613	MONDO:0007137	HGNC:8117	biolink:gene_associated_with_condition	1
0.9916802	MONDO:0007157	HGNC:12011	biolink:causes	1
0.9753151	MONDO:0007205	HGNC:7413	biolink:gene_associated_with_condition	1
0.9970981	MONDO:0007221	HGNC:4220	biolink:gene_associated_with_condition	1
0.83095145	MONDO:0007269	HGNC:6636	biolink:gene_associated_with_condition	1
0.96915966	MONDO:0007297	HGNC:6174	biolink:gene_associated_with_condition	1
0.94646305	MONDO:0007301	HGNC:11153	biolink:gene_associated_with_condition	1
0.9861162	MONDO:0007309	HGNC:9118	biolink:causes	1
0.89705336	MONDO:0007349	HGNC:16400	biolink:causes	1
0.75565326	MONDO:0007361	HGNC:1228	biolink:causes	1
0.9947319	MONDO:0007377	HGNC:11771	biolink:gene_associated_with_condition	1
0.9947319	MONDO:0007377	HGNC:11771	biolink:causes	1
0.88693833	MONDO:0007381	HGNC:2194	biolink:gene_associated_with_condition	1
0.86906606	MONDO:0007445	HGNC:6416	biolink:causes	1
0.8740219	MONDO:0007453	HGNC:4195	biolink:causes	1
1.0	MONDO:0007485	HGNC:11727	biolink:causes	1
0.9888926	MONDO:0007485	HGNC:11730	biolink:causes	1
0.9995061	MONDO:0007537	HGNC:7883	biolink:causes	1
0.99218374	MONDO:0007561	HGNC:2227	biolink:causes	1
0.95513874	MONDO:0007589	HGNC:4042	biolink:causes	1
0.5043059	MONDO:0007677	HGNC:18762	biolink:causes	1
0.87104887	MONDO:0007681	HGNC:17098	biolink:causes	1
0.9955798	MONDO:0007777	HGNC:11052	biolink:causes	1
0.43170094	MONDO:0007797	HGNC:4172	biolink:gene_associated_with_condition	1
0.43170094	MONDO:0007797	HGNC:4172	biolink:causes	1
0.7934434	MONDO:0007805	HGNC:1802	biolink:causes	1
0.3088323	MONDO:0007813	HGNC:6439	biolink:gene_associated_with_condition	1
0.3088323	MONDO:0007813	HGNC:6439	biolink:causes	1
0.9985714	MONDO:0007841	HGNC:11603	biolink:gene_associated_with_condition	1
0.72187	MONDO:0007845	HGNC:3581	biolink:contributes_to	1
0.9947562	MONDO:0007881	HGNC:13829	biolink:causes	1
0.26683858	MONDO:0007925	HGNC:10387	biolink:gene_associated_with_condition	1
0.9999722	MONDO:0007949	HGNC:13869	biolink:causes	1
0.99907243	MONDO:0007949	HGNC:2200	biolink:causes	1
0.999915	MONDO:0007949	HGNC:2219	biolink:causes	1
0.9627367	MONDO:0008005	HGNC:6859	biolink:causes	1
0.99921906	MONDO:0008061	HGNC:6654	biolink:gene_associated_with_condition	1
0.99921906	MONDO:0008061	HGNC:6654	biolink:causes	1
0.90225106	MONDO:0008097	HGNC:5173	biolink:gene_associated_with_condition	1
0.90225106	MONDO:0008097	HGNC:5173	biolink:causes	1
0.9721157	MONDO:0008133	HGNC:8142	biolink:causes	1
0.7133179	MONDO:0008153	HGNC:4392	biolink:causes	1
0.8042714	MONDO:0008201	HGNC:2711	biolink:gene_associated_with_condition	1
0.99623364	MONDO:0008209	HGNC:11743	biolink:causes	1
0.98952675	MONDO:0008333	HGNC:57	biolink:causes	1
0.9694931	MONDO:0008377	HGNC:31371	biolink:causes	1
0.91433173	MONDO:0008377	HGNC:4922	biolink:causes	1
0.9842444	MONDO:0008377	HGNC:5385	biolink:causes	1
0.9892273	MONDO:0008377	HGNC:30391	biolink:causes	1
0.9170304	MONDO:0008377	HGNC:6481	biolink:causes	1
0.96440256	MONDO:0008377	HGNC:24783	biolink:causes	1
0.9330373	MONDO:0008377	HGNC:451	biolink:causes	1
0.85024387	MONDO:0008377	HGNC:8091	biolink:causes	1
0.9742473	MONDO:0008377	HGNC:19317	biolink:causes	1
0.98523176	MONDO:0008377	HGNC:8787	biolink:causes	1
0.9916678	MONDO:0008377	HGNC:18758	biolink:causes	1
0.9973884	MONDO:0008377	HGNC:26648	biolink:causes	1
0.96793145	MONDO:0008377	HGNC:9990	biolink:causes	1
0.86026305	MONDO:0008377	HGNC:17282	biolink:causes	1
0.7492118	MONDO:0008377	HGNC:30859	biolink:causes	1
0.98693836	MONDO:0008377	HGNC:28396	biolink:causes	1
0.9425507	MONDO:0008377	HGNC:12565	biolink:causes	1
0.9767786	MONDO:0008377	HGNC:2183	biolink:causes	1
0.6498039	MONDO:0008377	HGNC:17211	biolink:causes	1
0.9473405	MONDO:0008377	HGNC:37261	biolink:causes	1
0.8842573	MONDO:0008377	HGNC:57	biolink:causes	1
0.8993406	MONDO:0008377	HGNC:13839	biolink:causes	1
0.93449956	MONDO:0008377	HGNC:17416	biolink:causes	1
0.9644055	MONDO:0008377	HGNC:26147	biolink:causes	1
0.98597556	MONDO:0008377	HGNC:4393	biolink:causes	1
0.9847237	MONDO:0008377	HGNC:31923	biolink:causes	1
0.97960734	MONDO:0008377	HGNC:15021	biolink:causes	1
0.98464406	MONDO:0008377	HGNC:14674	biolink:causes	1
0.9957106	MONDO:0008377	HGNC:8786	biolink:causes	1
0.964635	MONDO:0008377	HGNC:8940	biolink:causes	1
0.94162834	MONDO:0008377	HGNC:9038	biolink:causes	1
0.7383095	MONDO:0008377	HGNC:15860	biolink:causes	1
0.99287224	MONDO:0008377	HGNC:30000	biolink:causes	1
0.9211276	MONDO:0008377	HGNC:20893	biolink:causes	1
0.98931235	MONDO:0008377	HGNC:10012	biolink:causes	1
0.97091156	MONDO:0008377	HGNC:10294	biolink:causes	1
0.9216766	MONDO:0008377	HGNC:11714	biolink:causes	1
0.99824417	MONDO:0008377	HGNC:20087	biolink:causes	1
0.9699201	MONDO:0008377	HGNC:18340	biolink:causes	1
0.93084174	MONDO:0008377	HGNC:18326	biolink:causes	1
0.8999338	MONDO:0008377	HGNC:10664	biolink:causes	1
0.9244659	MONDO:0008377	HGNC:28769	biolink:causes	1
0.9611082	MONDO:0008377	HGNC:3218	biolink:causes	1
0.9706052	MONDO:0008377	HGNC:4678	biolink:causes	1
0.9674864	MONDO:0008377	HGNC:22219	biolink:causes	1
0.95921504	MONDO:0008377	HGNC:16448	biolink:causes	1
0.84565794	MONDO:0008377	HGNC:7467	biolink:causes	1
0.92408085	MONDO:0008377	HGNC:8140	biolink:causes	1
0.91682845	MONDO:0008377	HGNC:8896	biolink:causes	1
0.8559143	MONDO:0008377	HGNC:1071	biolink:causes	1
0.9165462	MONDO:0008377	HGNC:9940	biolink:causes	1
0.95250577	MONDO:0008377	HGNC:17964	biolink:causes	1
0.97909373	MONDO:0008377	HGNC:10263	biolink:causes	1
0.9756319	MONDO:0008377	HGNC:1393	biolink:causes	1
0.93568337	MONDO:0008377	HGNC:17341	biolink:causes	1
0.99138135	MONDO:0008377	HGNC:12601	biolink:causes	1
0.99284756	MONDO:0008377	HGNC:29021	biolink:causes	1
0.9978223	MONDO:0008377	HGNC:21699	biolink:causes	1
0.9524142	MONDO:0008377	HGNC:1940	biolink:causes	1
0.96450937	MONDO:0008377	HGNC:26193	biolink:causes	1
0.9718668	MONDO:0008377	HGNC:20603	biolink:causes	1
0.7573471	MONDO:0008377	HGNC:18018	biolink:causes	1
0.8973878	MONDO:0008377	HGNC:315	biolink:causes	1
0.81410664	MONDO:0008377	HGNC:17097	biolink:causes	1
0.8847075	MONDO:0008377	HGNC:4598	biolink:causes	1
0.99632925	MONDO:0008377	HGNC:4679	biolink:causes	1
0.981093	MONDO:0008377	HGNC:29077	biolink:causes	1
0.9805861	MONDO:0008377	HGNC:6055	biolink:causes	1
0.95930237	MONDO:0008377	HGNC:19698	biolink:causes	1
0.9639151	MONDO:0008377	HGNC:6816	biolink:causes	1
0.9668009	MONDO:0008377	HGNC:17146	biolink:causes	1
0.94690067	MONDO:0008377	HGNC:7530	biolink:causes	1
0.9774104	MONDO:0008377	HGNC:7606	biolink:causes	1
0.694175	MONDO:0008377	HGNC:7745	biolink:causes	1
0.9843417	MONDO:0008377	HGNC:8082	biolink:causes	1
0.925843	MONDO:0008377	HGNC:8547	biolink:causes	1
0.83170074	MONDO:0008377	HGNC:8620	biolink:causes	1
0.7689063	MONDO:0008377	HGNC:17340	biolink:causes	1
0.99252665	MONDO:0008377	HGNC:26291	biolink:causes	1
0.9790572	MONDO:0008377	HGNC:9768	biolink:causes	1
0.9885767	MONDO:0008377	HGNC:10024	biolink:causes	1
0.9968822	MONDO:0008377	HGNC:13436	biolink:causes	1
0.95983064	MONDO:0008377	HGNC:1375	biolink:causes	1
0.9617844	MONDO:0008377	HGNC:25812	biolink:causes	1
0.9519638	MONDO:0008377	HGNC:20080	biolink:causes	1
0.90533006	MONDO:0008377	HGNC:29222	biolink:causes	1
0.9640867	MONDO:0008377	HGNC:2186	biolink:causes	1
0.93977433	MONDO:0008377	HGNC:14418	biolink:causes	1
0.9552267	MONDO:0008377	HGNC:14415	biolink:causes	1
0.9982151	MONDO:0008393	HGNC:2348	biolink:gene_associated_with_condition	1
0.9982151	MONDO:0008393	HGNC:2348	biolink:causes	1
0.83059734	MONDO:0008397	HGNC:3666	biolink:gene_associated_with_condition	1
0.9881962	MONDO:0008437	HGNC:11231	biolink:causes	1
0.9895671	MONDO:0008477	HGNC:18083	biolink:causes	1
0.5538045	MONDO:0008485	HGNC:6427	biolink:gene_associated_with_condition	1
0.54604584	MONDO:0008501	HGNC:4390	biolink:gene_associated_with_condition	1
0.9848011	MONDO:0008513	HGNC:5136	biolink:causes	1
0.96680117	MONDO:0008521	HGNC:7866	biolink:causes	1
0.9228096	MONDO:0008633	HGNC:16400	biolink:gene_associated_with_condition	1
0.20549233	MONDO:0008637	HGNC:25839	biolink:gene_associated_with_condition	1
0.06797285	MONDO:0008637	HGNC:12463	biolink:gene_associated_with_condition	1
0.9937039	MONDO:0008673	HGNC:3497	biolink:gene_associated_with_condition	1
0.43795153	MONDO:0008673	HGNC:2514	biolink:gene_associated_with_condition	1
0.98650485	MONDO:0008673	HGNC:19747	biolink:gene_associated_with_condition	1
0.98650485	MONDO:0008673	HGNC:19747	biolink:causes	1
0.9847025	MONDO:0008689	HGNC:28993	biolink:causes	1
0.9999813	MONDO:0008693	HGNC:20670	biolink:gene_associated_with_condition	1
0.9999813	MONDO:0008693	HGNC:20670	biolink:causes	1
0.9968593	MONDO:0008701	HGNC:12305	biolink:gene_associated_with_condition	1
0.11522565	MONDO:0008705	HGNC:123	biolink:causes	1
0.9828703	MONDO:0008713	HGNC:17129	biolink:gene_associated_with_condition	1
0.99208575	MONDO:0008765	HGNC:10294	biolink:causes	1
0.35515776	MONDO:0008777	HGNC:11530	biolink:gene_associated_with_condition	1
0.99618196	MONDO:0008785	HGNC:26054	biolink:causes	1
0.95835763	MONDO:0008817	HGNC:3356	biolink:causes	1
0.9999962	MONDO:0008853	HGNC:20670	biolink:gene_associated_with_condition	1
0.97060126	MONDO:0008861	HGNC:6936	biolink:causes	1
0.9972645	MONDO:0008881	HGNC:2500	biolink:causes	1
0.9999815	MONDO:0008885	HGNC:1750	biolink:causes	1
0.9985297	MONDO:0009025	HGNC:5209	biolink:causes	1
0.9999794	MONDO:0009033	HGNC:29521	biolink:causes	1
0.9937499	MONDO:0009053	HGNC:9722	biolink:gene_associated_with_condition	1
0.9937499	MONDO:0009053	HGNC:9722	biolink:causes	1
0.110119045	MONDO:0009061	HGNC:11766	biolink:contributes_to	1
0.9999385	MONDO:0009061	HGNC:1884	biolink:causes	1
0.1038148	MONDO:0009061	HGNC:3616	biolink:contributes_to	1
0.47439006	MONDO:0009061	HGNC:4635	biolink:gene_associated_with_condition	1
0.2899991	MONDO:0009061	HGNC:8941	biolink:gene_associated_with_condition	1
0.013449244	MONDO:0009061	HGNC:10907	biolink:gene_associated_with_condition	1
0.28508866	MONDO:0009061	HGNC:3179	biolink:gene_associated_with_condition	1
0.14479412	MONDO:0009061	HGNC:7097	biolink:gene_associated_with_condition	1
0.17762819	MONDO:0009061	HGNC:14469	biolink:gene_associated_with_condition	1
0.9711425	MONDO:0009069	HGNC:15714	biolink:causes	1
0.99518424	MONDO:0009073	HGNC:28984	biolink:causes	1
0.96075946	MONDO:0009101	HGNC:12762	biolink:causes	1
0.9995517	MONDO:0009109	HGNC:11065	biolink:causes	1
0.9662851	MONDO:0009113	HGNC:1093	biolink:causes	1
0.96929246	MONDO:0009157	HGNC:12775	biolink:causes	1
0.9998896	MONDO:0009161	HGNC:218	biolink:causes	1
0.99972266	MONDO:0009213	HGNC:3584	biolink:causes	1
0.9925605	MONDO:0009265	HGNC:4177	biolink:causes	1
0.9973431	MONDO:0009281	HGNC:4189	biolink:gene_associated_with_condition	1
0.9724416	MONDO:0009353	HGNC:7436	biolink:gene_associated_with_condition	1
0.999424	MONDO:0009377	HGNC:17996	biolink:gene_associated_with_condition	1
0.999424	MONDO:0009377	HGNC:17996	biolink:causes	1
0.9998116	MONDO:0009393	HGNC:10985	biolink:causes	1
0.9908274	MONDO:0009397	HGNC:1514	biolink:gene_associated_with_condition	1
0.9908274	MONDO:0009397	HGNC:1514	biolink:causes	1
0.9965115	MONDO:0009413	HGNC:1633	biolink:causes	1
0.9946719	MONDO:0009461	HGNC:26532	biolink:gene_associated_with_condition	1
0.9970751	MONDO:0009461	HGNC:2941	biolink:gene_associated_with_condition	1
0.9477503	MONDO:0009469	HGNC:3706	biolink:gene_associated_with_condition	1
0.9724965	MONDO:0009477	HGNC:1857	biolink:gene_associated_with_condition	1
0.9724965	MONDO:0009477	HGNC:1857	biolink:causes	1
0.9999931	MONDO:0009485	HGNC:13478	biolink:causes	1
0.5494093	MONDO:0009501	HGNC:10922	biolink:causes	1
0.9280886	MONDO:0009505	HGNC:19708	biolink:causes	1
0.9456352	MONDO:0009513	HGNC:6483	biolink:gene_associated_with_condition	1
0.7599905	MONDO:0009529	HGNC:2898	biolink:gene_associated_with_condition	1
0.9971482	MONDO:0009549	HGNC:20423	biolink:gene_associated_with_condition	1
0.99556965	MONDO:0009593	HGNC:4556	biolink:causes	1
0.99739057	MONDO:0009609	HGNC:7468	biolink:gene_associated_with_condition	1
0.99739057	MONDO:0009609	HGNC:7468	biolink:causes	1
0.99999917	MONDO:0009613	HGNC:18871	biolink:gene_associated_with_condition	1
0.7550576	MONDO:0009617	HGNC:6954	biolink:causes	1
0.99962354	MONDO:0009625	HGNC:8657	biolink:causes	1
0.9995752	MONDO:0009629	HGNC:19721	biolink:causes	1
0.99579865	MONDO:0009653	HGNC:13356	biolink:causes	1
0.999795	MONDO:0009657	HGNC:26527	biolink:causes	1
0.999703	MONDO:0009665	HGNC:1122	biolink:causes	1
0.99855965	MONDO:0009677	HGNC:10809	biolink:gene_associated_with_condition	1
0.97488654	MONDO:0009737	HGNC:9251	biolink:causes	1
0.9995994	MONDO:0009773	HGNC:13829	biolink:gene_associated_with_condition	1
0.995413	MONDO:0009821	HGNC:22140	biolink:causes	1
0.998185	MONDO:0009825	HGNC:8149	biolink:gene_associated_with_condition	1
0.998185	MONDO:0009825	HGNC:8149	biolink:causes	1
0.99966073	MONDO:0009841	HGNC:12309	biolink:causes	1
0.9999653	MONDO:0009845	HGNC:11594	biolink:gene_associated_with_condition	1
0.9693731	MONDO:0009857	HGNC:464	biolink:gene_associated_with_condition	1
0.8601587	MONDO:0009877	HGNC:4263	biolink:gene_associated_with_condition	1
0.58993614	MONDO:0009885	HGNC:25240	biolink:gene_associated_with_condition	1
0.58993614	MONDO:0009885	HGNC:25240	biolink:causes	1
0.99102753	MONDO:0009897	HGNC:4180	biolink:gene_associated_with_condition	1
0.9288484	MONDO:0009925	HGNC:3356	biolink:gene_associated_with_condition	1
0.9116679	MONDO:0009929	HGNC:33	biolink:gene_associated_with_condition	1
0.9997538	MONDO:0009953	HGNC:20197	biolink:causes	1
0.993526	MONDO:0009965	HGNC:28648	biolink:gene_associated_with_condition	1
0.993526	MONDO:0009965	HGNC:28648	biolink:causes	1
0.9996848	MONDO:0010013	HGNC:20800	biolink:causes	1
0.18035589	MONDO:0010053	HGNC:11272	biolink:causes	1
0.9971603	MONDO:0010077	HGNC:2731	biolink:gene_associated_with_condition	1
0.9997085	MONDO:0010089	HGNC:11460	biolink:gene_associated_with_condition	1
0.9895197	MONDO:0010133	HGNC:12015	biolink:causes	1
0.8921556	MONDO:0010169	HGNC:12601	biolink:causes	1
0.9142676	MONDO:0010169	HGNC:26257	biolink:contributes_to	1
0.9996191	MONDO:0010185	HGNC:25221	biolink:gene_associated_with_condition	1
0.95627505	MONDO:0010201	HGNC:7160	biolink:causes	1
0.93422395	MONDO:0010217	HGNC:3438	biolink:causes	1
0.9999999	MONDO:0010221	HGNC:8966	biolink:causes	1
0.8462887	MONDO:0010233	HGNC:3754	biolink:causes	1
0.6642642	MONDO:0010269	HGNC:7678	biolink:gene_associated_with_condition	1
0.21536666	MONDO:0010277	HGNC:9910	biolink:gene_associated_with_condition	1
0.9450233	MONDO:0010281	HGNC:6501	biolink:causes	1
0.9935574	MONDO:0010317	HGNC:18060	biolink:causes	1
0.9981938	MONDO:0010361	HGNC:8592	biolink:causes	1
0.8985514	MONDO:0010385	HGNC:592	biolink:gene_associated_with_condition	1
0.87392366	MONDO:0010389	HGNC:2578	biolink:causes	1
0.9528938	MONDO:0010397	HGNC:6990	biolink:gene_associated_with_condition	1
0.99428385	MONDO:0010401	HGNC:3702	biolink:causes	1
0.98957866	MONDO:0010417	HGNC:1497	biolink:gene_associated_with_condition	1
0.97101724	MONDO:0010421	HGNC:1133	biolink:gene_associated_with_condition	1
0.6832043	MONDO:0010429	HGNC:11506	biolink:causes	1
0.9915513	MONDO:0010441	HGNC:13398	biolink:gene_associated_with_condition	1
0.9915513	MONDO:0010441	HGNC:13398	biolink:causes	1
0.99774843	MONDO:0010465	HGNC:12637	biolink:causes	1
0.17800091	MONDO:0010469	HGNC:18308	biolink:contributes_to	1
0.05885127	MONDO:0010473	HGNC:2063	biolink:gene_associated_with_condition	1
0.995093	MONDO:0010477	HGNC:11957	biolink:gene_associated_with_condition	1
0.995093	MONDO:0010477	HGNC:11957	biolink:causes	1
0.875761	MONDO:0010485	HGNC:5004	biolink:causes	1
0.7433065	MONDO:0010489	HGNC:7096	biolink:causes	1
0.973757	MONDO:0010501	HGNC:7871	biolink:gene_associated_with_condition	1
0.95814705	MONDO:0010569	HGNC:6470	biolink:gene_associated_with_condition	1
0.95814705	MONDO:0010569	HGNC:6470	biolink:causes	1
0.9751475	MONDO:0010645	HGNC:8108	biolink:gene_associated_with_condition	1
0.21259047	MONDO:0010661	HGNC:9910	biolink:gene_associated_with_condition	1
0.21259047	MONDO:0010661	HGNC:9910	biolink:causes	1
0.9526762	MONDO:0010665	HGNC:13315	biolink:gene_associated_with_condition	1
0.82685024	MONDO:0010665	HGNC:25726	biolink:gene_associated_with_condition	1
0.7572484	MONDO:0010689	HGNC:8768	biolink:causes	1
0.82570064	MONDO:0010849	HGNC:638	biolink:gene_associated_with_condition	1
0.35281202	MONDO:0010853	HGNC:5439	biolink:contributes_to	1
0.9985885	MONDO:0010873	HGNC:3330	biolink:causes	1
0.9298572	MONDO:0010877	HGNC:16877	biolink:gene_associated_with_condition	1
0.96136546	MONDO:0010933	HGNC:8818	biolink:causes	1
0.8921405	MONDO:0010933	HGNC:6256	biolink:causes	1
0.99952877	MONDO:0010985	HGNC:31750	biolink:causes	1
0.97614586	MONDO:0011013	HGNC:1514	biolink:causes	1
0.7799528	MONDO:0011017	HGNC:6207	biolink:gene_associated_with_condition	1
0.7799528	MONDO:0011017	HGNC:6207	biolink:causes	1
0.99974185	MONDO:0011025	HGNC:779	biolink:causes	1
0.18133001	MONDO:0011073	HGNC:9046	biolink:contributes_to	1
0.8551333	MONDO:0011085	HGNC:7679	biolink:gene_associated_with_condition	1
0.8551333	MONDO:0011085	HGNC:7679	biolink:causes	1
0.99989974	MONDO:0011113	HGNC:29427	biolink:gene_associated_with_condition	1
0.99344134	MONDO:0011125	HGNC:3434	biolink:causes	1
0.37674728	MONDO:0011165	HGNC:3778	biolink:causes	1
0.97078717	MONDO:0011169	HGNC:20330	biolink:gene_associated_with_condition	1
0.99084014	MONDO:0011181	HGNC:691	biolink:causes	1
0.98298234	MONDO:0011185	HGNC:11771	biolink:gene_associated_with_condition	1
0.9987929	MONDO:0011213	HGNC:29529	biolink:causes	1
0.99860114	MONDO:0011217	HGNC:2859	biolink:causes	1
0.99989545	MONDO:0011229	HGNC:23287	biolink:causes	1
0.088223666	MONDO:0011237	HGNC:12593	biolink:contributes_to	1
0.9998863	MONDO:0011273	HGNC:23096	biolink:gene_associated_with_condition	1
0.9998863	MONDO:0011273	HGNC:23096	biolink:causes	1
0.14907636	MONDO:0011285	HGNC:613	biolink:contributes_to	1
0.11569052	MONDO:0011285	HGNC:4888	biolink:contributes_to	1
0.9999211	MONDO:0011301	HGNC:24872	biolink:causes	1
0.007229916	MONDO:0011361	HGNC:3393	biolink:contributes_to	1
0.86933535	MONDO:0011397	HGNC:2976	biolink:gene_associated_with_condition	1
0.86933535	MONDO:0011397	HGNC:2976	biolink:causes	1
0.9999598	MONDO:0011405	HGNC:25792	biolink:gene_associated_with_condition	1
0.9999598	MONDO:0011405	HGNC:25792	biolink:causes	1
0.9992073	MONDO:0011417	HGNC:11762	biolink:causes	1
0.9990408	MONDO:0011445	HGNC:11226	biolink:causes	1
0.79517746	MONDO:0011473	HGNC:31923	biolink:causes	1
0.8717617	MONDO:0011477	HGNC:8623	biolink:causes	1
0.9233139	MONDO:0011481	HGNC:7392	biolink:gene_associated_with_condition	1
0.9632762	MONDO:0011489	HGNC:10468	biolink:gene_associated_with_condition	1
0.9988293	MONDO:0011493	HGNC:2186	biolink:gene_associated_with_condition	1
0.9369389	MONDO:0011529	HGNC:6235	biolink:causes	1
0.9591307	MONDO:0011541	HGNC:3522	biolink:causes	1
0.9612436	MONDO:0011585	HGNC:8157	biolink:gene_associated_with_condition	1
0.976901	MONDO:0011593	HGNC:30500	biolink:causes	1
0.98779243	MONDO:0011629	HGNC:24862	biolink:causes	1
0.97781247	MONDO:0011633	HGNC:18083	biolink:gene_associated_with_condition	1
0.27898932	MONDO:0011713	HGNC:1787	biolink:contributes_to	1
0.987271	MONDO:0011749	HGNC:12442	biolink:causes	1
0.3944937	MONDO:0011761	HGNC:13872	biolink:causes	1
0.9985442	MONDO:0011765	HGNC:6909	biolink:causes	1
0.64241564	MONDO:0011789	HGNC:9588	biolink:contributes_to	1
0.99647695	MONDO:0011801	HGNC:18884	biolink:gene_associated_with_condition	1
0.9969087	MONDO:0011829	HGNC:15984	biolink:causes	1
0.9999989	MONDO:0011833	HGNC:25186	biolink:causes	1
0.83674383	MONDO:0011837	HGNC:23663	biolink:causes	1
0.9983814	MONDO:0011889	HGNC:7225	biolink:causes	1
0.98380464	MONDO:0011929	HGNC:5273	biolink:gene_associated_with_condition	1
0.0049530664	MONDO:0011929	HGNC:7171	biolink:gene_associated_with_condition	1
0.7911397	MONDO:0011937	HGNC:2481	biolink:causes	1
0.9991357	MONDO:0011945	HGNC:4177	biolink:causes	1
0.9857237	MONDO:0011957	HGNC:9454	biolink:causes	1
0.99906605	MONDO:0011969	HGNC:23161	biolink:gene_associated_with_condition	1
0.43804687	MONDO:0011973	HGNC:11013	biolink:causes	1
0.8811872	MONDO:0012041	HGNC:7127	biolink:causes	1
0.8932455	MONDO:0012041	HGNC:7326	biolink:causes	1
0.92383325	MONDO:0012041	HGNC:8028	biolink:causes	1
0.6924664	MONDO:0012041	HGNC:9588	biolink:causes	1
0.7028327	MONDO:0012041	HGNC:11389	biolink:causes	1
0.4029633	MONDO:0012041	HGNC:2001	biolink:causes	1
0.3307463	MONDO:0012041	HGNC:1076	biolink:causes	1
0.9397876	MONDO:0012041	HGNC:7527	biolink:gene_associated_with_condition	1
0.9570052	MONDO:0012041	HGNC:9177	biolink:causes	1
0.6536848	MONDO:0012041	HGNC:11529	biolink:causes	1
0.9687836	MONDO:0012085	HGNC:2950	biolink:causes	1
0.9609056	MONDO:0012089	HGNC:10998	biolink:gene_associated_with_condition	1
0.99991894	MONDO:0012125	HGNC:17494	biolink:causes	1
0.49344543	MONDO:0012161	HGNC:1706	biolink:gene_associated_with_condition	1
0.9999181	MONDO:0012165	HGNC:23399	biolink:causes	1
0.72030556	MONDO:0012173	HGNC:4801	biolink:gene_associated_with_condition	1
0.79262376	MONDO:0012193	HGNC:5037	biolink:gene_associated_with_condition	1
0.79262376	MONDO:0012193	HGNC:5037	biolink:causes	1
0.95936424	MONDO:0012197	HGNC:19440	biolink:gene_associated_with_condition	1
0.9948697	MONDO:0012197	HGNC:11727	biolink:gene_associated_with_condition	1
0.99772674	MONDO:0012205	HGNC:8794	biolink:causes	1
0.98781604	MONDO:0012221	HGNC:7631	biolink:gene_associated_with_condition	1
0.80452025	MONDO:0012225	HGNC:28949	biolink:causes	1
0.7069571	MONDO:0012297	HGNC:20716	biolink:gene_associated_with_condition	1
0.7069571	MONDO:0012297	HGNC:20716	biolink:causes	1
0.913788	MONDO:0012345	HGNC:11781	biolink:gene_associated_with_condition	1
0.26605234	MONDO:0012357	HGNC:30696	biolink:causes	1
0.49305883	MONDO:0012381	HGNC:6091	biolink:gene_associated_with_condition	1
0.98784757	MONDO:0012393	HGNC:4341	biolink:gene_associated_with_condition	1
0.323447	MONDO:0012401	HGNC:11220	biolink:gene_associated_with_condition	1
0.9864093	MONDO:0012413	HGNC:8522	biolink:gene_associated_with_condition	1
0.8607669	MONDO:0012421	HGNC:232	biolink:causes	1
0.9990559	MONDO:0012449	HGNC:8820	biolink:gene_associated_with_condition	1
0.9959651	MONDO:0012453	HGNC:25786	biolink:causes	1
0.9931978	MONDO:0012465	HGNC:18858	biolink:gene_associated_with_condition	1
0.93221617	MONDO:0012465	HGNC:23213	biolink:gene_associated_with_condition	1
0.94350916	MONDO:0012497	HGNC:4393	biolink:causes	1
0.47708324	MONDO:0012521	HGNC:11584	biolink:gene_associated_with_condition	1
0.764427	MONDO:0012529	HGNC:10411	biolink:causes	1
0.9620299	MONDO:0012541	HGNC:3681	biolink:causes	1
0.5725923	MONDO:0012569	HGNC:20908	biolink:causes	1
0.98513967	MONDO:0012613	HGNC:25994	biolink:causes	1
0.9953778	MONDO:0012621	HGNC:18810	biolink:gene_associated_with_condition	1
0.9987664	MONDO:0012621	HGNC:16035	biolink:causes	1
0.9842982	MONDO:0012669	HGNC:20249	biolink:causes	1
0.9817343	MONDO:0012677	HGNC:6242	biolink:causes	1
0.9982716	MONDO:0012689	HGNC:22448	biolink:causes	1
0.8933855	MONDO:0012693	HGNC:4706	biolink:causes	1
0.7518671	MONDO:0012801	HGNC:13830	biolink:contributes_to	1
0.8841781	MONDO:0012805	HGNC:11005	biolink:causes	1
0.94662946	MONDO:0012833	HGNC:3690	biolink:causes	1
0.8595693	MONDO:0012901	HGNC:6371	biolink:gene_associated_with_condition	1
0.8595693	MONDO:0012901	HGNC:6371	biolink:causes	1
0.61399734	MONDO:0012925	HGNC:10345	biolink:causes	1
0.76559013	MONDO:0012953	HGNC:9175	biolink:contributes_to	1
0.7084625	MONDO:0012989	HGNC:10879	biolink:causes	1
0.99864906	MONDO:0012997	HGNC:11957	biolink:gene_associated_with_condition	1
0.99855345	MONDO:0013005	HGNC:6256	biolink:causes	1
0.99053454	MONDO:0013021	HGNC:6000	biolink:gene_associated_with_condition	1
0.67331135	MONDO:0013033	HGNC:19309	biolink:causes	1
0.8811314	MONDO:0013061	HGNC:939	biolink:causes	1
0.9331855	MONDO:0013069	HGNC:25382	biolink:gene_associated_with_condition	1
0.9948407	MONDO:0013081	HGNC:6171	biolink:gene_associated_with_condition	1
0.8408848	MONDO:0013125	HGNC:8975	biolink:gene_associated_with_condition	1
0.8408848	MONDO:0013125	HGNC:8975	biolink:causes	1
0.9885218	MONDO:0013157	HGNC:17997	biolink:causes	1
0.99673104	MONDO:0013173	HGNC:30832	biolink:causes	1
0.8509806	MONDO:0013177	HGNC:6143	biolink:gene_associated_with_condition	1
0.97228706	MONDO:0013181	HGNC:26790	biolink:causes	1
0.19121188	MONDO:0013185	HGNC:11847	biolink:contributes_to	1
0.8246082	MONDO:0013189	HGNC:20297	biolink:causes	1
0.22164717	MONDO:0013193	HGNC:39080	biolink:contributes_to	1
0.98478043	MONDO:0013225	HGNC:9688	biolink:causes	1
0.93414915	MONDO:0013245	HGNC:13890	biolink:gene_associated_with_condition	1
0.93414915	MONDO:0013245	HGNC:13890	biolink:causes	1
0.83537585	MONDO:0013301	HGNC:2594	biolink:gene_associated_with_condition	1
0.8599897	MONDO:0013341	HGNC:16692	biolink:causes	1
0.92636925	MONDO:0013345	HGNC:5383	biolink:causes	1
0.06091603	MONDO:0013357	HGNC:21158	biolink:gene_associated_with_condition	1
0.9673748	MONDO:0013357	HGNC:7765	biolink:gene_associated_with_condition	1
0.8549285	MONDO:0013361	HGNC:3535	biolink:gene_associated_with_condition	1
0.9171524	MONDO:0013369	HGNC:11947	biolink:causes	1
0.9667787	MONDO:0013385	HGNC:20422	biolink:causes	1
0.63604105	MONDO:0013449	HGNC:2383	biolink:causes	1
0.8097823	MONDO:0013469	HGNC:7027	biolink:causes	1
0.84552747	MONDO:0013473	HGNC:3146	biolink:causes	1
0.7211767	MONDO:0013489	HGNC:6215	biolink:causes	1
0.6418737	MONDO:0013501	HGNC:12666	biolink:causes	1
0.999204	MONDO:0013529	HGNC:27365	biolink:causes	1
0.9897057	MONDO:0013533	HGNC:6619	biolink:gene_associated_with_condition	1
0.9662661	MONDO:0013553	HGNC:21143	biolink:causes	1
0.99161434	MONDO:0013561	HGNC:26019	biolink:causes	1
0.28443342	MONDO:0013589	HGNC:7599	biolink:causes	1
0.95558995	MONDO:0013633	HGNC:2330	biolink:contributes_to	1
0.9974896	MONDO:0013641	HGNC:17168	biolink:causes	1
0.9518935	MONDO:0013661	HGNC:27288	biolink:gene_associated_with_condition	1
0.79013944	MONDO:0013685	HGNC:1100	biolink:contributes_to	1
0.5761249	MONDO:0013693	HGNC:195	biolink:causes	1
0.49976093	MONDO:0013729	HGNC:543	biolink:contributes_to	1
0.991054	MONDO:0013737	HGNC:18986	biolink:causes	1
0.42449912	MONDO:0013777	HGNC:14544	biolink:gene_associated_with_condition	1
0.7956403	MONDO:0013797	HGNC:11630	biolink:gene_associated_with_condition	1
0.99969757	MONDO:0013801	HGNC:10596	biolink:causes	1
0.9154263	MONDO:0013821	HGNC:11100	biolink:causes	1
0.98456013	MONDO:0013853	HGNC:17944	biolink:causes	1
0.99440926	MONDO:0013873	HGNC:1786	biolink:causes	1
0.9907913	MONDO:0013885	HGNC:7788	biolink:gene_associated_with_condition	1
0.9998951	MONDO:0013925	HGNC:68	biolink:causes	1
0.98374486	MONDO:0013929	HGNC:1268	biolink:causes	1
0.9998385	MONDO:0013937	HGNC:8851	biolink:causes	1
0.8509419	MONDO:0013941	HGNC:5382	biolink:gene_associated_with_condition	1
0.14810088	MONDO:0013953	HGNC:5440	biolink:causes	1
0.91628516	MONDO:0013957	HGNC:5358	biolink:causes	1
0.9233169	MONDO:0013977	HGNC:23166	biolink:causes	1
0.9030375	MONDO:0013993	HGNC:7102	biolink:gene_associated_with_condition	1
0.63634413	MONDO:0014013	HGNC:30225	biolink:gene_associated_with_condition	1
0.9007829	MONDO:0014037	HGNC:18829	biolink:causes	1
0.24758922	MONDO:0014057	HGNC:25415	biolink:causes	1
0.9987748	MONDO:0014061	HGNC:22986	biolink:gene_associated_with_condition	1
0.965211	MONDO:0014065	HGNC:29594	biolink:causes	1
0.9117792	MONDO:0014089	HGNC:14374	biolink:causes	1
0.99968636	MONDO:0014093	HGNC:9921	biolink:causes	1
0.9678219	MONDO:0014117	HGNC:10542	biolink:gene_associated_with_condition	1
0.89662075	MONDO:0014121	HGNC:17208	biolink:gene_associated_with_condition	1
0.9756749	MONDO:0014125	HGNC:4220	biolink:causes	1
0.99799323	MONDO:0014141	HGNC:22932	biolink:causes	1
0.72164047	MONDO:0014157	HGNC:9175	biolink:gene_associated_with_condition	1
0.99473417	MONDO:0014165	HGNC:14938	biolink:gene_associated_with_condition	1
0.31104165	MONDO:0014181	HGNC:5031	biolink:causes	1
0.9999759	MONDO:0014205	HGNC:29357	biolink:causes	1
0.9984419	MONDO:0014213	HGNC:13723	biolink:causes	1
0.61671764	MONDO:0014217	HGNC:4217	biolink:causes	1
0.9657664	MONDO:0014221	HGNC:12009	biolink:causes	1
0.9186507	MONDO:0014225	HGNC:3976	biolink:causes	1
0.892199	MONDO:0014233	HGNC:11503	biolink:causes	1
0.9859234	MONDO:0014261	HGNC:16088	biolink:causes	1
0.9985393	MONDO:0014269	HGNC:21365	biolink:gene_associated_with_condition	1
0.9578971	MONDO:0014305	HGNC:469	biolink:gene_associated_with_condition	1
0.9684479	MONDO:0014309	HGNC:28209	biolink:gene_associated_with_condition	1
0.9250999	MONDO:0014313	HGNC:3619	biolink:causes	1
0.9744003	MONDO:0014321	HGNC:11356	biolink:causes	1
0.7939628	MONDO:0014341	HGNC:20778	biolink:causes	1
0.9987446	MONDO:0014349	HGNC:16999	biolink:gene_associated_with_condition	1
0.9999839	MONDO:0014361	HGNC:14262	biolink:causes	1
0.98376447	MONDO:0014397	HGNC:21642	biolink:gene_associated_with_condition	1
0.98800987	MONDO:0014401	HGNC:7944	biolink:causes	1
0.9846407	MONDO:0014405	HGNC:27962	biolink:causes	1
0.9968264	MONDO:0014409	HGNC:26988	biolink:causes	1
0.582786	MONDO:0014425	HGNC:317	biolink:gene_associated_with_condition	1
0.582786	MONDO:0014425	HGNC:317	biolink:causes	1
0.9337726	MONDO:0014429	HGNC:5439	biolink:causes	1
0.50534886	MONDO:0014449	HGNC:399	biolink:gene_associated_with_condition	1
0.92985356	MONDO:0014453	HGNC:8979	biolink:causes	1
0.99966335	MONDO:0014457	HGNC:23213	biolink:causes	1
0.30912519	MONDO:0014481	HGNC:3236	biolink:causes	1
0.96030456	MONDO:0014493	HGNC:2505	biolink:gene_associated_with_condition	1
0.9572018	MONDO:0014501	HGNC:3604	biolink:causes	1
0.9996711	MONDO:0014545	HGNC:14253	biolink:gene_associated_with_condition	1
0.8502323	MONDO:0014557	HGNC:9154	biolink:causes	1
0.99678767	MONDO:0014573	HGNC:10706	biolink:causes	1
0.9735884	MONDO:0014585	HGNC:1965	biolink:causes	1
0.9999231	MONDO:0014601	HGNC:14977	biolink:causes	1
0.7729015	MONDO:0014605	HGNC:9302	biolink:causes	1
0.47694543	MONDO:0014629	HGNC:2230	biolink:gene_associated_with_condition	1
0.47694543	MONDO:0014629	HGNC:2230	biolink:contributes_to	1
0.98823464	MONDO:0014637	HGNC:2988	biolink:gene_associated_with_condition	1
0.98823464	MONDO:0014637	HGNC:2988	biolink:causes	1
0.6899438	MONDO:0014641	HGNC:11584	biolink:causes	1
0.91857755	MONDO:0014645	HGNC:16393	biolink:causes	1
0.41273367	MONDO:0014649	HGNC:26114	biolink:causes	1
0.99997675	MONDO:0014657	HGNC:21054	biolink:causes	1
0.36460763	MONDO:0014661	HGNC:9069	biolink:causes	1
0.91601473	MONDO:0014665	HGNC:7632	biolink:gene_associated_with_condition	1
0.83915067	MONDO:0014677	HGNC:791	biolink:causes	1
0.9418481	MONDO:0014685	HGNC:6638	biolink:gene_associated_with_condition	1
0.99494946	MONDO:0014693	HGNC:6742	biolink:causes	1
0.990506	MONDO:0014705	HGNC:12872	biolink:causes	1
0.9993476	MONDO:0014717	HGNC:13993	biolink:gene_associated_with_condition	1
0.9311443	MONDO:0014733	HGNC:11474	biolink:gene_associated_with_condition	1
0.9985845	MONDO:0014741	HGNC:17327	biolink:causes	1
0.9999964	MONDO:0014745	HGNC:2190	biolink:causes	1
0.9173492	MONDO:0014753	HGNC:118	biolink:gene_associated_with_condition	1
0.9992066	MONDO:0014797	HGNC:28993	biolink:gene_associated_with_condition	1
0.9992066	MONDO:0014797	HGNC:28993	biolink:causes	1
0.26325592	MONDO:0014809	HGNC:18674	biolink:gene_associated_with_condition	1
0.9998522	MONDO:0014821	HGNC:26887	biolink:causes	1
0.436061	MONDO:0014837	HGNC:11283	biolink:gene_associated_with_condition	1
0.978786	MONDO:0014841	HGNC:4651	biolink:causes	1
0.9999231	MONDO:0014845	HGNC:28385	biolink:causes	1
0.2778299	MONDO:0014853	HGNC:6944	biolink:causes	1
0.99999475	MONDO:0014857	HGNC:9965	biolink:gene_associated_with_condition	1
0.9464643	MONDO:0014885	HGNC:568	biolink:gene_associated_with_condition	1
0.9272629	MONDO:0014901	HGNC:12775	biolink:causes	1
0.97561204	MONDO:0014909	HGNC:30718	biolink:causes	1
0.9102272	MONDO:0014933	HGNC:23230	biolink:causes	1
0.5805202	MONDO:0014945	HGNC:11280	biolink:causes	1
0.95476866	MONDO:0014977	HGNC:22954	biolink:causes	1
0.99645305	MONDO:0014981	HGNC:13222	biolink:causes	1
0.22070067	MONDO:0014997	HGNC:29536	biolink:causes	1
1.0	MONDO:0015021	HGNC:19087	biolink:causes	1
0.17989388	MONDO:0015041	HGNC:25941	biolink:gene_associated_with_condition	1
0.9439015	MONDO:0015353	HGNC:4162	biolink:causes	1
0.14809927	MONDO:0015557	HGNC:6342	biolink:gene_associated_with_condition	1
0.020004736	MONDO:0015597	HGNC:18971	biolink:gene_associated_with_condition	1
0.20732544	MONDO:0015597	HGNC:15561	biolink:gene_associated_with_condition	1
0.93317866	MONDO:0015793	HGNC:10483	biolink:gene_associated_with_condition	1
0.51179206	MONDO:0016049	HGNC:3097	biolink:gene_associated_with_condition	1
0.44252282	MONDO:0016097	HGNC:2928	biolink:gene_associated_with_condition	1
0.57514834	MONDO:0016281	HGNC:7983	biolink:gene_associated_with_condition	1
0.81012785	MONDO:0016281	HGNC:11311	biolink:gene_associated_with_condition	1
0.81605136	MONDO:0016309	HGNC:7897	biolink:gene_associated_with_condition	1
0.88834083	MONDO:0016369	HGNC:9949	biolink:causes	1
0.8554081	MONDO:0016461	HGNC:14234	biolink:gene_associated_with_condition	1
0.12946182	MONDO:0016573	HGNC:4801	biolink:gene_associated_with_condition	1
0.6999759	MONDO:0016589	HGNC:30605	biolink:gene_associated_with_condition	1
0.35303292	MONDO:0016605	HGNC:438	biolink:gene_associated_with_condition	1
0.29540172	MONDO:0016621	HGNC:4851	biolink:gene_associated_with_condition	1
0.88248724	MONDO:0016681	HGNC:3690	biolink:gene_associated_with_condition	1
0.67102104	MONDO:0016681	HGNC:11998	biolink:gene_associated_with_condition	1
0.4486	MONDO:0016681	HGNC:9236	biolink:gene_associated_with_condition	1
0.60967326	MONDO:0016681	HGNC:7797	biolink:gene_associated_with_condition	1
0.095523074	MONDO:0016689	HGNC:5383	biolink:gene_associated_with_condition	1
0.65585476	MONDO:0016705	HGNC:7545	biolink:gene_associated_with_condition	1
0.9916328	MONDO:0016825	HGNC:28900	biolink:causes	1
0.8946548	MONDO:0016833	HGNC:3811	biolink:gene_associated_with_condition	1
0.90646595	MONDO:0017049	HGNC:18712	biolink:gene_associated_with_condition	1
0.83584607	MONDO:0017049	HGNC:8011	biolink:gene_associated_with_condition	1
0.9174196	MONDO:0017053	HGNC:987	biolink:gene_associated_with_condition	1
0.07772258	MONDO:0017117	HGNC:19967	biolink:gene_associated_with_condition	1
0.99824417	MONDO:0017173	HGNC:21675	biolink:gene_associated_with_condition	1
0.34674805	MONDO:0017173	HGNC:14468	biolink:gene_associated_with_condition	1
0.92909795	MONDO:0017173	HGNC:13485	biolink:gene_associated_with_condition	1
0.99882776	MONDO:0017173	HGNC:26684	biolink:gene_associated_with_condition	1
0.9976853	MONDO:0017173	HGNC:28506	biolink:gene_associated_with_condition	1
0.7346286	MONDO:0017177	HGNC:8975	biolink:gene_associated_with_condition	1
0.8627071	MONDO:0017225	HGNC:9086	biolink:gene_associated_with_condition	1
0.9970084	MONDO:0017241	HGNC:573	biolink:gene_associated_with_condition	1
0.99515873	MONDO:0017241	HGNC:575	biolink:gene_associated_with_condition	1
0.5799698	MONDO:0017317	HGNC:5173	biolink:gene_associated_with_condition	1
0.81317073	MONDO:0017353	HGNC:4313	biolink:gene_associated_with_condition	1
0.98896563	MONDO:0017389	HGNC:8582	biolink:gene_associated_with_condition	1
0.92225164	MONDO:0017401	HGNC:15710	biolink:gene_associated_with_condition	1
0.9231613	MONDO:0017401	HGNC:12403	biolink:gene_associated_with_condition	1
0.8305724	MONDO:0017405	HGNC:3012	biolink:gene_associated_with_condition	1
0.012542038	MONDO:0017629	HGNC:10597	biolink:gene_associated_with_condition	1
0.009905647	MONDO:0017629	HGNC:10583	biolink:gene_associated_with_condition	1
0.017471675	MONDO:0017629	HGNC:10582	biolink:gene_associated_with_condition	1
0.4746523	MONDO:0017697	HGNC:4180	biolink:gene_associated_with_condition	1
0.96655977	MONDO:0017729	HGNC:9498	biolink:gene_associated_with_condition	1
0.5879944	MONDO:0017833	HGNC:19124	biolink:gene_associated_with_condition	1
0.36798674	MONDO:0017901	HGNC:5439	biolink:gene_associated_with_condition	1
0.81528527	MONDO:0017917	HGNC:7414	biolink:gene_associated_with_condition	1
0.5110623	MONDO:0017945	HGNC:620	biolink:gene_associated_with_condition	1
0.6950037	MONDO:0017993	HGNC:9460	biolink:gene_associated_with_condition	1
0.97348183	MONDO:0018045	HGNC:11824	biolink:gene_associated_with_condition	1
0.9596854	MONDO:0018045	HGNC:11730	biolink:gene_associated_with_condition	1
0.22462678	MONDO:0018141	HGNC:8636	biolink:gene_associated_with_condition	1
0.43303493	MONDO:0018197	HGNC:1160	biolink:gene_associated_with_condition	1
0.25257057	MONDO:0018229	HGNC:4932	biolink:gene_associated_with_condition	1
0.37448236	MONDO:0018245	HGNC:26276	biolink:gene_associated_with_condition	1
0.99247074	MONDO:0018273	HGNC:15516	biolink:gene_associated_with_condition	1
0.9963988	MONDO:0018277	HGNC:9202	biolink:gene_associated_with_condition	1
0.9969656	MONDO:0018277	HGNC:19139	biolink:gene_associated_with_condition	1
0.98633206	MONDO:0018277	HGNC:22932	biolink:gene_associated_with_condition	1
0.895252	MONDO:0018333	HGNC:3481	biolink:gene_associated_with_condition	1
0.9930635	MONDO:0018393	HGNC:26535	biolink:gene_associated_with_condition	1
0.9224568	MONDO:0018393	HGNC:18130	biolink:gene_associated_with_condition	1
0.9741158	MONDO:0018393	HGNC:15805	biolink:gene_associated_with_condition	1
0.9624742	MONDO:0018393	HGNC:28569	biolink:gene_associated_with_condition	1
0.94329923	MONDO:0018393	HGNC:26047	biolink:gene_associated_with_condition	1
0.811263	MONDO:0018393	HGNC:25062	biolink:gene_associated_with_condition	1
0.78224665	MONDO:0018393	HGNC:11737	biolink:gene_associated_with_condition	1
0.1944418	MONDO:0018417	HGNC:30914	biolink:gene_associated_with_condition	1
0.8984373	MONDO:0018421	HGNC:17168	biolink:gene_associated_with_condition	1
0.9379593	MONDO:0018749	HGNC:4831	biolink:gene_associated_with_condition	1
0.041556787	MONDO:0018761	HGNC:11100	biolink:gene_associated_with_condition	1
0.9361811	MONDO:0018821	HGNC:12632	biolink:gene_associated_with_condition	1
0.55491936	MONDO:0018829	HGNC:2202	biolink:gene_associated_with_condition	1
0.9527627	MONDO:0018877	HGNC:9940	biolink:gene_associated_with_condition	1
0.944657	MONDO:0019113	HGNC:1388	biolink:gene_associated_with_condition	1
0.41423017	MONDO:0019157	HGNC:25941	biolink:gene_associated_with_condition	1
0.31243238	MONDO:0019325	HGNC:4379	biolink:gene_associated_with_condition	1
0.1811301	MONDO:0019333	HGNC:59	biolink:gene_associated_with_condition	1
0.9991542	MONDO:0019349	HGNC:14234	biolink:gene_associated_with_condition	1
0.9991542	MONDO:0019349	HGNC:14234	biolink:causes	1
0.4459089	MONDO:0019373	HGNC:3508	biolink:gene_associated_with_condition	1
0.93873066	MONDO:0019409	HGNC:12774	biolink:gene_associated_with_condition	1
0.90106654	MONDO:0019505	HGNC:30348	biolink:gene_associated_with_condition	1
0.91679305	MONDO:0019505	HGNC:30074	biolink:gene_associated_with_condition	1
0.11735741	MONDO:0019549	HGNC:16877	biolink:gene_associated_with_condition	1
0.9770517	MONDO:0019569	HGNC:3438	biolink:gene_associated_with_condition	1
0.99971646	MONDO:0019569	HGNC:3439	biolink:gene_associated_with_condition	1
0.8657604	MONDO:0019569	HGNC:3436	biolink:gene_associated_with_condition	1
0.606287	MONDO:0019597	HGNC:2570	biolink:gene_associated_with_condition	1
0.97302216	MONDO:0019669	HGNC:2200	biolink:gene_associated_with_condition	1
0.85577834	MONDO:0019769	HGNC:9330	biolink:gene_associated_with_condition	1
0.042661007	MONDO:0019921	HGNC:9046	biolink:gene_associated_with_condition	1
0.046681184	MONDO:0019981	HGNC:11630	biolink:gene_associated_with_condition	1
0.874644	MONDO:0020345	HGNC:329	biolink:gene_associated_with_condition	1
0.8537512	MONDO:0020345	HGNC:10936	biolink:gene_associated_with_condition	1
0.5541577	MONDO:0020345	HGNC:7608	biolink:gene_associated_with_condition	1
0.86422086	MONDO:0020345	HGNC:10979	biolink:gene_associated_with_condition	1
0.99111104	MONDO:0020485	HGNC:10483	biolink:causes	1
0.094279915	MONDO:0020493	HGNC:738	biolink:gene_associated_with_condition	1
0.9853314	MONDO:0020521	HGNC:2197	biolink:causes	1
0.28338212	MONDO:0020621	HGNC:15743	biolink:causes	1
0.63586843	MONDO:0020705	HGNC:15512	biolink:contributes_to	1
0.44038725	MONDO:0020705	HGNC:15511	biolink:causes	1
0.99572563	MONDO:0020717	HGNC:28929	biolink:causes	1
0.98736763	MONDO:0020721	HGNC:397	biolink:causes	1
0.9573279	MONDO:0020737	HGNC:18647	biolink:causes	1
0.7650704	MONDO:0020745	HGNC:2488	biolink:causes	1
0.99081284	MONDO:0020745	HGNC:11167	biolink:causes	1
0.99779034	MONDO:0020745	HGNC:6251	biolink:causes	1
0.8526634	MONDO:0020745	HGNC:6501	biolink:causes	1
0.9860939	MONDO:0020745	HGNC:10446	biolink:causes	1
0.97182876	MONDO:0020745	HGNC:17993	biolink:causes	1
0.9882274	MONDO:0020745	HGNC:493	biolink:causes	1
0.9979912	MONDO:0020745	HGNC:10593	biolink:causes	1
0.9243073	MONDO:0020745	HGNC:1449	biolink:causes	1
0.99293435	MONDO:0020745	HGNC:11949	biolink:causes	1
0.9915569	MONDO:0020745	HGNC:6229	biolink:causes	1
0.9701058	MONDO:0020745	HGNC:494	biolink:causes	1
0.98015594	MONDO:0020745	HGNC:19661	biolink:causes	1
0.9100358	MONDO:0020749	HGNC:17761	biolink:causes	1
0.9999012	MONDO:0020765	HGNC:7225	biolink:causes	1
0.79762626	MONDO:0020769	HGNC:3373	biolink:causes	1
0.62777555	MONDO:0020785	HGNC:3395	biolink:causes	1
0.8512147	MONDO:0020789	HGNC:8104	biolink:causes	1
0.6679643	MONDO:0020855	HGNC:27845	biolink:causes	1
0.96341306	MONDO:0024264	HGNC:8622	biolink:causes	1
0.39409444	MONDO:0024523	HGNC:7881	biolink:causes	1
0.9535562	MONDO:0024535	HGNC:18873	biolink:causes	1
0.99999905	MONDO:0024543	HGNC:23216	biolink:causes	1
0.7843431	MONDO:0024551	HGNC:592	biolink:causes	1
0.96968645	MONDO:0024555	HGNC:17082	biolink:causes	1
0.99701154	MONDO:0024555	HGNC:26361	biolink:causes	1
0.9281411	MONDO:0024559	HGNC:7569	biolink:gene_associated_with_condition	1
0.0535592	MONDO:0026404	HGNC:12810	biolink:causes	1
0.014048124	MONDO:0026768	HGNC:3551	biolink:contributes_to	1
0.99996436	MONDO:0029134	HGNC:27089	biolink:gene_associated_with_condition	1
0.99996436	MONDO:0029134	HGNC:27089	biolink:causes	1
0.9461328	MONDO:0030025	HGNC:226	biolink:causes	1
0.99664575	MONDO:0030037	HGNC:8965	biolink:causes	1
0.9812347	MONDO:0030048	HGNC:2321	biolink:gene_associated_with_condition	1
0.99704367	MONDO:0030054	HGNC:25536	biolink:causes	1
0.99945587	MONDO:0030066	HGNC:28672	biolink:causes	1
0.8965708	MONDO:0030071	HGNC:6320	biolink:causes	1
0.9553322	MONDO:0030105	HGNC:24063	biolink:gene_associated_with_condition	1
0.92685175	MONDO:0030258	HGNC:9260	biolink:causes	1
0.9388293	MONDO:0030281	HGNC:7720	biolink:causes	1
0.6006629	MONDO:0030313	HGNC:32621	biolink:contributes_to	1
0.8117688	MONDO:0030334	HGNC:15594	biolink:contributes_to	1
0.9671261	MONDO:0030361	HGNC:30860	biolink:causes	1
0.99720913	MONDO:0030455	HGNC:1361	biolink:causes	1
0.92447484	MONDO:0030462	HGNC:21424	biolink:causes	1
0.14682142	MONDO:0030490	HGNC:31704	biolink:causes	1
0.9999783	MONDO:0030505	HGNC:21495	biolink:causes	1
0.9669002	MONDO:0030534	HGNC:11623	biolink:causes	1
0.6968356	MONDO:0030690	HGNC:10289	biolink:causes	1
0.9963257	MONDO:0030714	HGNC:26185	biolink:causes	1
0.44537142	MONDO:0030724	HGNC:13552	biolink:causes	1
0.99772245	MONDO:0030730	HGNC:4785	biolink:causes	1
0.9540563	MONDO:0030787	HGNC:26993	biolink:causes	1
0.9998946	MONDO:0030819	HGNC:20652	biolink:causes	1
0.89729756	MONDO:0030866	HGNC:10852	biolink:causes	1
0.2700089	MONDO:0030875	HGNC:1591	biolink:causes	1
0.99960524	MONDO:0030880	HGNC:7506	biolink:causes	1
0.9999982	MONDO:0030915	HGNC:23625	biolink:causes	1
0.9996407	MONDO:0030927	HGNC:14304	biolink:causes	1
0.98423946	MONDO:0030931	HGNC:24929	biolink:causes	1
0.6908496	MONDO:0030958	HGNC:25543	biolink:causes	1
0.9514914	MONDO:0031006	HGNC:10680	biolink:causes	1
0.97093886	MONDO:0031057	HGNC:12441	biolink:causes	1
0.9028528	MONDO:0031084	HGNC:14530	biolink:causes	1
0.71925306	MONDO:0031481	HGNC:24877	biolink:gene_associated_with_condition	1
0.999951	MONDO:0031481	HGNC:18550	biolink:causes	1
0.99981886	MONDO:0032571	HGNC:29165	biolink:causes	1
0.21043876	MONDO:0032575	HGNC:12781	biolink:causes	1
0.9124556	MONDO:0032583	HGNC:29929	biolink:causes	1
0.3390031	MONDO:0032590	HGNC:3468	biolink:causes	1
0.9209369	MONDO:0032596	HGNC:10979	biolink:causes	1
0.9946661	MONDO:0032656	HGNC:6222	biolink:causes	1
0.99968386	MONDO:0032673	HGNC:19918	biolink:causes	1
0.9103103	MONDO:0032685	HGNC:4331	biolink:causes	1
0.9999958	MONDO:0032705	HGNC:7437	biolink:gene_associated_with_condition	1
0.9999958	MONDO:0032705	HGNC:7437	biolink:causes	1
0.90899	MONDO:0032712	HGNC:14049	biolink:causes	1
0.28841713	MONDO:0032717	HGNC:13764	biolink:causes	1
0.989981	MONDO:0032758	HGNC:6115	biolink:causes	1
0.8955354	MONDO:0032783	HGNC:17985	biolink:causes	1
0.9683375	MONDO:0032787	HGNC:7877	biolink:causes	1
0.9985268	MONDO:0032799	HGNC:9180	biolink:causes	1
0.937591	MONDO:0032815	HGNC:16352	biolink:causes	1
0.97248715	MONDO:0032819	HGNC:12299	biolink:gene_associated_with_condition	1
0.9823842	MONDO:0032849	HGNC:17052	biolink:causes	1
0.92992747	MONDO:0032853	HGNC:164	biolink:causes	1
0.96565783	MONDO:0032874	HGNC:3816	biolink:causes	1
0.90071553	MONDO:0032882	HGNC:2978	biolink:gene_associated_with_condition	1
0.90071553	MONDO:0032882	HGNC:2978	biolink:causes	1
0.99950147	MONDO:0032886	HGNC:6284	biolink:gene_associated_with_condition	1
0.9482561	MONDO:0032894	HGNC:19943	biolink:causes	1
0.9979512	MONDO:0032898	HGNC:26293	biolink:causes	1
0.97015417	MONDO:0032906	HGNC:8756	biolink:gene_associated_with_condition	1
0.97015417	MONDO:0032906	HGNC:8756	biolink:causes	1
0.9999937	MONDO:0032922	HGNC:28313	biolink:causes	1
0.36537486	MONDO:0033012	HGNC:4286	biolink:causes	1
0.6108459	MONDO:0033047	HGNC:3424	biolink:causes	1
0.44990557	MONDO:0033115	HGNC:589	biolink:causes	1
0.9712043	MONDO:0033282	HGNC:28660	biolink:gene_associated_with_condition	1
0.98651034	MONDO:0033479	HGNC:4593	biolink:gene_associated_with_condition	1
0.18659292	MONDO:0033552	HGNC:4014	biolink:causes	1
0.9999813	MONDO:0033561	HGNC:6766	biolink:gene_associated_with_condition	1
0.9999813	MONDO:0033561	HGNC:6766	biolink:causes	1
0.99934286	MONDO:0033635	HGNC:2260	biolink:causes	1
0.99314284	MONDO:0034022	HGNC:2188	biolink:gene_associated_with_condition	1
0.99619377	MONDO:0035153	HGNC:17728	biolink:gene_associated_with_condition	1
0.37651852	MONDO:0035236	HGNC:9658	biolink:gene_associated_with_condition	1
0.2192294	MONDO:0035941	HGNC:7132	biolink:gene_associated_with_condition	1
0.51279634	MONDO:0035945	HGNC:5477	biolink:gene_associated_with_condition	1
0.9987936	MONDO:0036189	HGNC:11182	biolink:gene_associated_with_condition	1
0.0127095375	MONDO:0044255	HGNC:4868	biolink:causes	1
0.010733851	MONDO:0044255	HGNC:8101	biolink:causes	1
0.9980445	MONDO:0044318	HGNC:9277	biolink:causes	1
0.9998361	MONDO:0044322	HGNC:17939	biolink:causes	1
0.9557779	MONDO:0044724	HGNC:23656	biolink:gene_associated_with_condition	1
0.43285692	MONDO:0044792	HGNC:427	biolink:gene_associated_with_condition	1
0.8635206	MONDO:0044792	HGNC:5173	biolink:causes	1
0.99564517	MONDO:0049222	HGNC:26239	biolink:causes	1
0.4684399	MONDO:0054601	HGNC:13733	biolink:contributes_to	1
0.9997576	MONDO:0054637	HGNC:15454	biolink:causes	1
0.8894022	MONDO:0054699	HGNC:9541	biolink:causes	1
0.781357	MONDO:0054743	HGNC:23161	biolink:causes	1
0.9923928	MONDO:0054764	HGNC:2342	biolink:causes	1
0.9994209	MONDO:0054776	HGNC:10590	biolink:causes	1
0.7404751	MONDO:0054785	HGNC:9119	biolink:causes	1
0.9567945	MONDO:0054802	HGNC:4823	biolink:causes	1
0.64428407	MONDO:0054833	HGNC:799	biolink:causes	1
0.68756104	MONDO:0054850	HGNC:29914	biolink:causes	1
0.96551526	MONDO:0060457	HGNC:14374	biolink:causes	1
0.8088834	MONDO:0060510	HGNC:3188	biolink:causes	1
0.9976546	MONDO:0060549	HGNC:8632	biolink:gene_associated_with_condition	1
0.9884644	MONDO:0060621	HGNC:12651	biolink:causes	1
0.9962584	MONDO:0060715	HGNC:6344	biolink:causes	1
0.38729018	MONDO:0060729	HGNC:2088	biolink:causes	1
0.9999964	MONDO:0060752	HGNC:26941	biolink:causes	1
0.9641623	MONDO:0060761	HGNC:21610	biolink:causes	1
0.9960919	MONDO:0100083	HGNC:10471	biolink:causes	1
0.78476864	MONDO:0100119	HGNC:8591	biolink:causes	1
0.47926205	MONDO:0100219	HGNC:11367	biolink:causes	1
0.889517	MONDO:0100533	HGNC:2202	biolink:contributes_to	1
0.8005695	MONDO:0100600	HGNC:30074	biolink:gene_associated_with_condition	1
0.07196875	MONDO:0700299	HGNC:29079	biolink:contributes_to	1
0.9385101	MONDO:0700343	HGNC:6463	biolink:causes	1
0.90719384	MONDO:0800029	HGNC:33	biolink:gene_associated_with_condition	1
0.5498173	MONDO:0800029	HGNC:13552	biolink:gene_associated_with_condition	1
0.99463296	MONDO:0800029	HGNC:10799	biolink:gene_associated_with_condition	1
0.73237616	MONDO:0800029	HGNC:26200	biolink:gene_associated_with_condition	1
0.693347	MONDO:0800029	HGNC:7516	biolink:gene_associated_with_condition	1
0.9646722	MONDO:0800029	HGNC:11730	biolink:causes	1
0.99691963	MONDO:0800438	HGNC:3003	biolink:gene_associated_with_condition	1
0.99691963	MONDO:0800438	HGNC:3003	biolink:causes	1
0.9200963	MONDO:0850095	HGNC:1044	biolink:gene_associated_with_condition	1
0.38935232	MONDO:0859002	HGNC:2231	biolink:gene_associated_with_condition	1
0.9874713	MONDO:0859083	HGNC:15631	biolink:causes	1
0.9972947	MONDO:0859137	HGNC:2377	biolink:causes	1
0.97627854	MONDO:0859148	HGNC:29183	biolink:causes	1
0.8239146	MONDO:0859173	HGNC:4398	biolink:causes	1
0.99291456	MONDO:0859189	HGNC:4249	biolink:causes	1
0.9980089	MONDO:0859206	HGNC:28762	biolink:causes	1
0.9871789	MONDO:0859214	HGNC:9390	biolink:causes	1
0.9999994	MONDO:0859226	HGNC:26186	biolink:causes	1
0.9992198	MONDO:0859264	HGNC:9639	biolink:causes	1
0.9999931	MONDO:0859293	HGNC:28662	biolink:causes	1
0.7458494	MONDO:0859311	HGNC:6182	biolink:causes	1
0.97235197	MONDO:0859320	HGNC:7702	biolink:causes	1
0.8098235	MONDO:0859324	HGNC:707	biolink:gene_associated_with_condition	1
0.5398893	MONDO:0859366	HGNC:18533	biolink:causes	1
0.87948674	MONDO:0859374	HGNC:33914	biolink:causes	1
0.9997776	MONDO:0859520	HGNC:2261	biolink:causes	1
0.88289344	MONDO:0859568	HGNC:11891	biolink:causes	1
0.99999464	MONDO:0859572	HGNC:17111	biolink:causes	1
0.97751325	MONDO:0957268	HGNC:10993	biolink:causes	1
0.999741	MONDO:0957284	HGNC:11948	biolink:causes	1
0.8402838	MONDO:0957303	HGNC:6412	biolink:causes	1
0.9559289	MONDO:0957572	HGNC:11795	biolink:causes	1
0.99975985	MONDO:0957588	HGNC:29877	biolink:causes	1
0.9079608	MONDO:0957815	HGNC:11273	biolink:causes	1
0.99983525	MONDO:0957922	HGNC:26383	biolink:causes	1
0.6056069	MONDO:0958071	HGNC:12630	biolink:causes	1
0.49518785	MONDO:0958129	HGNC:2244	biolink:gene_associated_with_condition	1
0.87023884	MONDO:0958182	HGNC:1241	biolink:causes	1
0.9959806	MONDO:0958194	HGNC:35123	biolink:causes	1
0.6610172	MONDO:0958237	HGNC:18628	biolink:causes	1
0.8815929	MONDO:0958241	HGNC:19012	biolink:causes	1
0.83478	MONDO:0958263	HGNC:8794	biolink:gene_associated_with_condition	1
0.49742082	MONDO:0958354	HGNC:4510	biolink:gene_associated_with_condition	1
0.46133655	MONDO:0958354	HGNC:2907	biolink:gene_associated_with_condition	1
0.99624443	MONDO:0971002	HGNC:29296	biolink:causes	1
0.76722276	MONDO:0971069	HGNC:14294	biolink:gene_associated_with_condition	1
1.0	MONDO:0971172	HGNC:10193	biolink:gene_associated_with_condition	1
1.0	MONDO:0971172	HGNC:10193	biolink:causes	1
0.9836818	MONDO:0971176	HGNC:28460	biolink:causes	1
0.76362485	MONDO:0975757	HGNC:4379	biolink:gene_associated_with_condition	1
0.19486225	MONDO:0975795	HGNC:20759	biolink:causes	1
0.81730264	MONDO:0975838	HGNC:2750	biolink:causes	1
0.99386626	MONDO:0975842	HGNC:30705	biolink:causes	1
0.16723205	MONDO:0975887	HGNC:25913	biolink:gene_associated_with_condition	1
0.048045408	MONDO:0976266	HGNC:21270	biolink:causes	1
0.8329237	HGNC:48	MONDO:0008542	biolink:causes	0
0.0061027925	HGNC:14639	MONDO:0012980	biolink:causes	0
0.15039183	HGNC:14639	MONDO:0014012	biolink:causes	0
0.12610574	HGNC:21497	MONDO:0007137	biolink:causes	0
0.98130786	HGNC:23339	MONDO:0013640	biolink:causes	0
0.9724015	HGNC:23339	MONDO:0012127	biolink:causes	0
0.6639336	HGNC:118	MONDO:0012163	biolink:gene_associated_with_condition	0
0.9035544	HGNC:124	MONDO:0012621	biolink:causes	0
0.09880867	HGNC:216	MONDO:0014349	biolink:causes	0
0.92909455	HGNC:218	MONDO:0018144	biolink:causes	0
0.10776972	HGNC:21285	MONDO:0014836	biolink:contributes_to	0
0.22435339	HGNC:329	MONDO:0010606	biolink:causes	0
0.68438464	HGNC:329	MONDO:0013414	biolink:gene_associated_with_condition	0
0.36000165	HGNC:329	MONDO:0007925	biolink:causes	0
0.9715749	HGNC:8768	MONDO:0054776	biolink:causes	0
0.5550564	HGNC:20091	MONDO:0007740	biolink:causes	0
0.833458	HGNC:379	MONDO:0008134	biolink:causes	0
0.6599657	HGNC:388	MONDO:0800030	biolink:causes	0
0.7907272	HGNC:388	MONDO:0030619	biolink:gene_associated_with_condition	0
0.75370014	HGNC:388	MONDO:0049222	biolink:gene_associated_with_condition	0
0.96730196	HGNC:9722	MONDO:0008678	biolink:gene_associated_with_condition	0
0.88941854	HGNC:9722	MONDO:0015466	biolink:gene_associated_with_condition	0
0.9292179	HGNC:9722	MONDO:0007052	biolink:causes	0
0.9171466	HGNC:9722	MONDO:0009416	biolink:gene_associated_with_condition	0
0.94330823	HGNC:9722	MONDO:0030071	biolink:gene_associated_with_condition	0
0.98377186	HGNC:15672	MONDO:0007080	biolink:causes	0
0.9680817	HGNC:17085	MONDO:0000902	biolink:causes	0
0.81849366	HGNC:17944	MONDO:0008426	biolink:causes	0
0.8818759	HGNC:3522	MONDO:0009413	biolink:causes	0
0.8953141	HGNC:3542	MONDO:0009636	biolink:gene_associated_with_condition	0
0.89557403	HGNC:3542	MONDO:0014996	biolink:gene_associated_with_condition	0
0.7066645	HGNC:3542	MONDO:0009665	biolink:gene_associated_with_condition	0
0.27731055	HGNC:21197	MONDO:0018435	biolink:causes	0
0.93521756	HGNC:3584	MONDO:0014343	biolink:causes	0
0.9830115	HGNC:3604	MONDO:0008862	biolink:causes	0
0.99149054	HGNC:3604	MONDO:0014034	biolink:causes	0
0.97087604	HGNC:3604	MONDO:0011528	biolink:causes	0
0.7889385	HGNC:3671	MONDO:0010767	biolink:gene_associated_with_condition	0
0.96747947	HGNC:3671	MONDO:0015519	biolink:gene_associated_with_condition	0
0.9423661	HGNC:3671	MONDO:0009657	biolink:gene_associated_with_condition	0
0.69099206	HGNC:3677	MONDO:0009469	biolink:causes	0
0.97963804	HGNC:3690	MONDO:0859312	biolink:gene_associated_with_condition	0
0.49315557	HGNC:3690	MONDO:0011708	biolink:causes	0
0.9775612	HGNC:3690	MONDO:0014896	biolink:gene_associated_with_condition	0
0.9753245	HGNC:3690	MONDO:0020787	biolink:gene_associated_with_condition	0
0.98132724	HGNC:16873	MONDO:0009306	biolink:gene_associated_with_condition	0
0.99689144	HGNC:16873	MONDO:0013357	biolink:gene_associated_with_condition	0
0.9943178	HGNC:3622	MONDO:0032572	biolink:causes	0
0.99424946	HGNC:3622	MONDO:0009820	biolink:causes	0
0.846854	HGNC:27310	MONDO:0008542	biolink:causes	0
0.6272027	HGNC:27310	MONDO:0024562	biolink:causes	0
0.85172206	HGNC:27310	MONDO:0013245	biolink:causes	0
0.81330216	HGNC:27310	MONDO:0014837	biolink:causes	0
0.9674788	HGNC:20105	MONDO:0054737	biolink:causes	0
0.9575315	HGNC:20105	MONDO:0009477	biolink:causes	0
0.31762725	HGNC:3801	MONDO:0013587	biolink:gene_associated_with_condition	0
0.40959823	HGNC:3811	MONDO:0009490	biolink:gene_associated_with_condition	0
0.8717365	HGNC:3811	MONDO:0010046	biolink:gene_associated_with_condition	0
0.96453243	HGNC:1162	MONDO:0008546	biolink:causes	0
0.9122005	HGNC:1162	MONDO:0014222	biolink:causes	0
0.92392266	HGNC:1162	MONDO:0008179	biolink:causes	0
0.8999281	HGNC:19185	MONDO:0007086	biolink:causes	0
0.983146	HGNC:19185	MONDO:0009168	biolink:causes	0
0.9215759	HGNC:19185	MONDO:0021573	biolink:causes	0
0.95964825	HGNC:19185	MONDO:0033200	biolink:causes	0
0.9811833	HGNC:23399	MONDO:0008153	biolink:causes	0
0.45775962	HGNC:4017	MONDO:0032927	biolink:causes	0
0.22896828	HGNC:4042	MONDO:0009414	biolink:causes	0
0.30574253	HGNC:4042	MONDO:0024457	biolink:causes	0
0.47513387	HGNC:4042	MONDO:0012276	biolink:causes	0
0.8232639	HGNC:4507	MONDO:0019374	biolink:contributes_to	0
0.089340165	HGNC:4082	MONDO:0009411	biolink:causes	0
0.9416702	HGNC:4162	MONDO:0008818	biolink:causes	0
0.92828643	HGNC:4162	MONDO:0011226	biolink:gene_associated_with_condition	0
0.8229522	HGNC:4162	MONDO:0100186	biolink:causes	0
0.735568	HGNC:4162	MONDO:0009683	biolink:gene_associated_with_condition	0
0.96089923	HGNC:4162	MONDO:0014343	biolink:gene_associated_with_condition	0
0.96914756	HGNC:4162	MONDO:0008377	biolink:causes	0
0.42716083	HGNC:4165	MONDO:8000011	biolink:gene_associated_with_condition	0
0.771201	HGNC:4170	MONDO:0017403	biolink:gene_associated_with_condition	0
0.69789684	HGNC:4170	MONDO:0012041	biolink:gene_associated_with_condition	0
0.8577433	HGNC:30778	MONDO:0008818	biolink:causes	0
0.97342753	HGNC:4177	MONDO:0007495	biolink:gene_associated_with_condition	0
0.98017085	HGNC:4177	MONDO:0013431	biolink:causes	0
0.9811109	HGNC:4177	MONDO:0014343	biolink:causes	0
0.97958344	HGNC:4177	MONDO:0032712	biolink:gene_associated_with_condition	0
0.90926945	HGNC:4180	MONDO:0009877	biolink:gene_associated_with_condition	0
0.96327543	HGNC:4180	MONDO:0010133	biolink:gene_associated_with_condition	0
0.97780836	HGNC:4180	MONDO:0859226	biolink:gene_associated_with_condition	0
0.5712479	HGNC:4198	MONDO:0007648	biolink:causes	0
0.95853376	HGNC:4298	MONDO:0007922	biolink:gene_associated_with_condition	0
0.9907307	HGNC:4298	MONDO:0044306	biolink:causes	0
0.9743158	HGNC:4331	MONDO:0017403	biolink:causes	0
0.79392684	HGNC:4392	MONDO:0010246	biolink:gene_associated_with_condition	0
0.6763006	HGNC:4392	MONDO:0011464	biolink:gene_associated_with_condition	0
0.6630713	HGNC:4392	MONDO:0032933	biolink:gene_associated_with_condition	0
0.7431034	HGNC:4392	MONDO:0009925	biolink:gene_associated_with_condition	0
0.37717462	HGNC:4392	MONDO:0011473	biolink:causes	0
0.7788644	HGNC:4392	MONDO:0012165	biolink:causes	0
0.9505469	HGNC:4454	MONDO:0014830	biolink:gene_associated_with_condition	0
0.93280137	HGNC:4454	MONDO:0957584	biolink:gene_associated_with_condition	0
0.9230911	HGNC:4556	MONDO:0014968	biolink:causes	0
0.38466123	HGNC:25839	MONDO:0009079	biolink:gene_associated_with_condition	0
0.24289353	HGNC:25839	MONDO:0013743	biolink:gene_associated_with_condition	0
0.13041808	HGNC:25839	MONDO:0026777	biolink:gene_associated_with_condition	0
0.40242925	HGNC:4572	MONDO:0009495	biolink:causes	0
0.47358808	HGNC:4572	MONDO:0010947	biolink:causes	0
0.37844324	HGNC:4688	MONDO:0032835	biolink:causes	0
0.19187032	HGNC:4688	MONDO:0015783	biolink:causes	0
0.39136434	HGNC:4707	MONDO:0013178	biolink:gene_associated_with_condition	0
0.3792922	HGNC:4707	MONDO:0007589	biolink:causes	0
0.79414016	HGNC:4707	MONDO:0054802	biolink:gene_associated_with_condition	0
0.45507255	HGNC:4798	MONDO:0030007	biolink:contributes_to	0
0.74929243	HGNC:4827	MONDO:0100600	biolink:gene_associated_with_condition	0
0.9905743	HGNC:13315	MONDO:0032855	biolink:gene_associated_with_condition	0
0.99282455	HGNC:4877	MONDO:0027451	biolink:gene_associated_with_condition	0
0.97488695	HGNC:4877	MONDO:0009929	biolink:gene_associated_with_condition	0
0.95562476	HGNC:4877	MONDO:0060457	biolink:gene_associated_with_condition	0
0.89620465	HGNC:4922	MONDO:0020512	biolink:causes	0
0.87459356	HGNC:4922	MONDO:0008963	biolink:causes	0
0.17072615	HGNC:4922	MONDO:0017901	biolink:causes	0
0.9575642	HGNC:5009	MONDO:0010501	biolink:gene_associated_with_condition	0
0.6741766	HGNC:5004	MONDO:0100219	biolink:causes	0
0.42369276	HGNC:5006	MONDO:0008542	biolink:causes	0
0.95275503	HGNC:5006	MONDO:0019758	biolink:causes	0
0.96973	HGNC:5006	MONDO:0008377	biolink:causes	0
0.36184758	HGNC:5031	MONDO:0007794	biolink:causes	0
0.643638	HGNC:5048	MONDO:0008542	biolink:causes	0
0.97495687	HGNC:5136	MONDO:0700250	biolink:gene_associated_with_condition	0
0.61448884	HGNC:5136	MONDO:0054724	biolink:causes	0
0.8955218	HGNC:5136	MONDO:0957583	biolink:gene_associated_with_condition	0
0.1404321	HGNC:4851	MONDO:0044617	biolink:gene_associated_with_condition	0
0.9636971	HGNC:24587	MONDO:0014343	biolink:causes	0
0.9448857	HGNC:24587	MONDO:0014779	biolink:causes	0
0.9161835	HGNC:5385	MONDO:0007363	biolink:causes	0
0.8286107	HGNC:5385	MONDO:0010963	biolink:causes	0
0.947699	HGNC:5385	MONDO:0014343	biolink:causes	0
0.90444237	HGNC:5385	MONDO:0017729	biolink:causes	0
0.9859232	HGNC:5389	MONDO:0007922	biolink:gene_associated_with_condition	0
0.9592199	HGNC:16644	MONDO:0011540	biolink:causes	0
0.84494287	HGNC:18626	MONDO:0013171	biolink:causes	0
0.82477343	HGNC:33882	MONDO:0011411	biolink:causes	0
0.5601479	HGNC:24555	MONDO:0020434	biolink:causes	0
0.90376556	HGNC:24555	MONDO:0009796	biolink:causes	0
0.9920443	HGNC:9853	MONDO:0007404	biolink:causes	0
0.9868749	HGNC:9853	MONDO:0014343	biolink:causes	0
0.2866632	HGNC:28949	MONDO:0012043	biolink:causes	0
0.75015026	HGNC:29350	MONDO:0012039	biolink:causes	0
0.7532054	HGNC:29350	MONDO:0016461	biolink:causes	0
0.08733448	HGNC:6120	MONDO:0032677	biolink:gene_associated_with_condition	0
0.7111129	HGNC:5358	MONDO:0008542	biolink:causes	0
0.70070237	HGNC:5358	MONDO:0016682	biolink:causes	0
0.98513675	HGNC:28660	MONDO:0017052	biolink:gene_associated_with_condition	0
0.89989877	HGNC:6174	MONDO:0012925	biolink:gene_associated_with_condition	0
0.18333541	HGNC:6174	MONDO:0017389	biolink:gene_associated_with_condition	0
0.96998703	HGNC:6180	MONDO:0014261	biolink:gene_associated_with_condition	0
0.43677163	HGNC:6182	MONDO:0008542	biolink:causes	0
0.72806627	HGNC:6182	MONDO:0033006	biolink:causes	0
0.664223	HGNC:16951	MONDO:0015278	biolink:causes	0
0.50318587	HGNC:16951	MONDO:0014131	biolink:causes	0
0.94179696	HGNC:6188	MONDO:0030931	biolink:gene_associated_with_condition	0
0.36749575	HGNC:6192	MONDO:0014948	biolink:causes	0
0.6098463	HGNC:6192	MONDO:0030060	biolink:gene_associated_with_condition	0
0.30772942	HGNC:6192	MONDO:0011937	biolink:causes	0
0.8780931	HGNC:6207	MONDO:0008818	biolink:gene_associated_with_condition	0
0.58005387	HGNC:6207	MONDO:0012786	biolink:gene_associated_with_condition	0
0.65170205	HGNC:6207	MONDO:0011136	biolink:gene_associated_with_condition	0
0.010241199	HGNC:6207	MONDO:0020611	biolink:gene_associated_with_condition	0
0.9193374	HGNC:6207	MONDO:0009461	biolink:causes	0
0.8353996	HGNC:6207	MONDO:0010217	biolink:causes	0
0.6082779	HGNC:6207	MONDO:0011085	biolink:gene_associated_with_condition	0
0.85083836	HGNC:6215	MONDO:0014425	biolink:causes	0
0.9853668	HGNC:6263	MONDO:0032712	biolink:gene_associated_with_condition	0
0.7834347	HGNC:6257	MONDO:0026733	biolink:causes	0
0.7440802	HGNC:6257	MONDO:0032906	biolink:causes	0
0.9192163	HGNC:1337	MONDO:0014532	biolink:gene_associated_with_condition	0
0.8465367	HGNC:1337	MONDO:0044718	biolink:gene_associated_with_condition	0
0.6510102	HGNC:6320	MONDO:0009053	biolink:causes	0
0.621135	HGNC:6365	MONDO:0014583	biolink:causes	0
0.53382754	HGNC:6412	MONDO:0004951	biolink:gene_associated_with_condition	0
0.6393403	HGNC:6416	MONDO:0008964	biolink:gene_associated_with_condition	0
0.68710995	HGNC:6416	MONDO:0036212	biolink:causes	0
0.7807443	HGNC:6463	MONDO:0007862	biolink:causes	0
0.81487346	HGNC:6481	MONDO:0011066	biolink:causes	0
0.9418199	HGNC:6481	MONDO:0015096	biolink:causes	0
0.071697764	HGNC:6481	MONDO:0035823	biolink:gene_associated_with_condition	0
0.9551748	HGNC:6481	MONDO:0859335	biolink:gene_associated_with_condition	0
0.69457024	HGNC:6487	MONDO:0013083	biolink:gene_associated_with_condition	0
0.81068546	HGNC:6487	MONDO:0014981	biolink:gene_associated_with_condition	0
0.8238737	HGNC:6541	MONDO:0007922	biolink:gene_associated_with_condition	0
0.7459058	HGNC:6541	MONDO:0859295	biolink:gene_associated_with_condition	0
0.7582174	HGNC:6541	MONDO:0009279	biolink:gene_associated_with_condition	0
0.93192154	HGNC:6541	MONDO:0014343	biolink:gene_associated_with_condition	0
0.08954173	HGNC:6541	MONDO:0007137	biolink:gene_associated_with_condition	0
0.16194572	HGNC:6585	MONDO:0008684	biolink:gene_associated_with_condition	0
0.47313544	HGNC:19263	MONDO:0008705	biolink:causes	0
0.87634796	HGNC:6636	MONDO:0009414	biolink:causes	0
0.80159044	HGNC:6636	MONDO:0019458	biolink:gene_associated_with_condition	0
0.8987467	HGNC:6636	MONDO:0009820	biolink:causes	0
0.9602371	HGNC:6636	MONDO:0018336	biolink:gene_associated_with_condition	0
0.8118812	HGNC:6636	MONDO:0044626	biolink:gene_associated_with_condition	0
0.9866962	HGNC:13869	MONDO:0007922	biolink:causes	0
0.9620326	HGNC:13869	MONDO:0011630	biolink:causes	0
0.9951781	HGNC:13869	MONDO:0019758	biolink:causes	0
0.98960334	HGNC:13869	MONDO:0014060	biolink:causes	0
0.62462103	HGNC:15714	MONDO:0008817	biolink:causes	0
0.9296278	HGNC:6717	MONDO:0017947	biolink:causes	0
0.1576381	HGNC:21173	MONDO:0971178	biolink:causes	0
0.9703598	HGNC:6742	MONDO:0012222	biolink:causes	0
0.95906997	HGNC:6742	MONDO:0009527	biolink:causes	0
0.9572025	HGNC:6742	MONDO:0008501	biolink:causes	0
0.99406165	HGNC:6814	MONDO:0044306	biolink:gene_associated_with_condition	0
0.97864896	HGNC:6814	MONDO:0009820	biolink:gene_associated_with_condition	0
0.9798703	HGNC:6814	MONDO:0014132	biolink:gene_associated_with_condition	0
0.960916	HGNC:6814	MONDO:0957584	biolink:gene_associated_with_condition	0
0.97239	HGNC:6814	MONDO:0009031	biolink:gene_associated_with_condition	0
0.89604956	HGNC:6814	MONDO:0013843	biolink:gene_associated_with_condition	0
0.45733696	HGNC:17811	MONDO:0020482	biolink:gene_associated_with_condition	0
0.16135228	HGNC:17811	MONDO:0011237	biolink:gene_associated_with_condition	0
0.717769	HGNC:25240	MONDO:0010356	biolink:causes	0
0.8847404	HGNC:25240	MONDO:0054763	biolink:gene_associated_with_condition	0
0.87498224	HGNC:25240	MONDO:0014343	biolink:causes	0
0.4356086	HGNC:573	MONDO:0008762	biolink:gene_associated_with_condition	0
0.96230465	HGNC:573	MONDO:0011156	biolink:causes	0
0.9606017	HGNC:573	MONDO:0014343	biolink:causes	0
0.8946131	HGNC:573	MONDO:0010013	biolink:gene_associated_with_condition	0
0.75412756	HGNC:573	MONDO:0015041	biolink:gene_associated_with_condition	0
0.5964677	HGNC:620	MONDO:0000914	biolink:gene_associated_with_condition	0
0.58984524	HGNC:620	MONDO:0013170	biolink:gene_associated_with_condition	0
0.5942883	HGNC:620	MONDO:0013896	biolink:gene_associated_with_condition	0
0.9437136	HGNC:620	MONDO:0014343	biolink:gene_associated_with_condition	0
0.74105	HGNC:620	MONDO:0020507	biolink:gene_associated_with_condition	0
0.5045526	HGNC:620	MONDO:0032592	biolink:gene_associated_with_condition	0
0.418177	HGNC:634	MONDO:0019828	biolink:causes	0
0.8773951	HGNC:14103	MONDO:0014343	biolink:gene_associated_with_condition	0
0.8857986	HGNC:23045	MONDO:0008377	biolink:causes	0
0.4635388	HGNC:18060	MONDO:0011102	biolink:causes	0
0.11930688	HGNC:738	MONDO:0024541	biolink:gene_associated_with_condition	0
0.90457785	HGNC:23805	MONDO:0007922	biolink:gene_associated_with_condition	0
0.9619092	HGNC:23805	MONDO:0015519	biolink:gene_associated_with_condition	0
0.16405971	HGNC:24007	MONDO:0008274	biolink:gene_associated_with_condition	0
0.9410003	HGNC:779	MONDO:0018611	biolink:causes	0
0.833428	HGNC:800	MONDO:0014338	biolink:causes	0
0.83796644	HGNC:6842	MONDO:0032728	biolink:causes	0
0.8604778	HGNC:6842	MONDO:0031084	biolink:causes	0
0.8141991	HGNC:6859	MONDO:0013418	biolink:causes	0
0.8396713	HGNC:6859	MONDO:0014518	biolink:causes	0
0.57771415	HGNC:6859	MONDO:0019669	biolink:causes	0
0.985364	HGNC:15455	MONDO:0020602	biolink:causes	0
0.9133595	HGNC:15455	MONDO:0015520	biolink:causes	0
0.97091043	HGNC:15455	MONDO:0007163	biolink:gene_associated_with_condition	0
0.8260676	HGNC:15455	MONDO:0037149	biolink:gene_associated_with_condition	0
0.7092331	HGNC:40050	MONDO:0044651	biolink:causes	0
0.8059271	HGNC:13356	MONDO:0030910	biolink:causes	0
0.7351674	HGNC:13356	MONDO:0014343	biolink:causes	0
0.8737196	HGNC:13356	MONDO:0024541	biolink:causes	0
0.90689063	HGNC:28870	MONDO:0009871	biolink:causes	0
0.78956324	HGNC:6970	MONDO:0014480	biolink:causes	0
0.8955525	HGNC:6970	MONDO:0014343	biolink:causes	0
0.91037494	HGNC:6970	MONDO:0009609	biolink:causes	0
0.90175503	HGNC:7001	MONDO:0013110	biolink:gene_associated_with_condition	0
0.9527257	HGNC:7001	MONDO:0100119	biolink:gene_associated_with_condition	0
0.95283633	HGNC:16205	MONDO:0032726	biolink:causes	0
0.9247666	HGNC:16205	MONDO:0010477	biolink:causes	0
0.37145564	HGNC:7103	MONDO:0012382	biolink:gene_associated_with_condition	0
0.18596858	HGNC:7103	MONDO:0014230	biolink:gene_associated_with_condition	0
0.3165805	HGNC:7103	MONDO:0018114	biolink:gene_associated_with_condition	0
0.63363963	HGNC:7103	MONDO:0011819	biolink:gene_associated_with_condition	0
0.9862152	HGNC:31582	MONDO:0009354	biolink:causes	0
0.18066266	HGNC:7127	MONDO:0011361	biolink:causes	0
0.64526474	HGNC:7127	MONDO:0060621	biolink:causes	0
0.946271	HGNC:24525	MONDO:0014686	biolink:causes	0
0.48960838	HGNC:7154	MONDO:0007068	biolink:causes	0
0.26619518	HGNC:7154	MONDO:0030440	biolink:causes	0
0.1258895	HGNC:7154	MONDO:0010659	biolink:causes	0
0.51817614	HGNC:7154	MONDO:0018393	biolink:gene_associated_with_condition	0
0.92620087	HGNC:14049	MONDO:0008222	biolink:causes	0
0.80402565	HGNC:14049	MONDO:0008542	biolink:causes	0
0.8992436	HGNC:14049	MONDO:0009266	biolink:causes	0
0.7653725	HGNC:7326	MONDO:0008542	biolink:causes	0
0.9101472	HGNC:29678	MONDO:0018436	biolink:causes	0
0.70275575	HGNC:29678	MONDO:0012091	biolink:causes	0
0.858995	HGNC:7490	MONDO:0975754	biolink:gene_associated_with_condition	0
0.27038392	HGNC:7450	MONDO:0014027	biolink:gene_associated_with_condition	0
0.9210746	HGNC:7450	MONDO:0008377	biolink:gene_associated_with_condition	0
0.95291877	HGNC:26784	MONDO:0014648	biolink:gene_associated_with_condition	0
0.9470562	HGNC:26784	MONDO:0010631	biolink:causes	0
0.7387127	HGNC:26784	MONDO:0009513	biolink:gene_associated_with_condition	0
0.9129838	HGNC:7569	MONDO:0010803	biolink:causes	0
0.90560955	HGNC:7569	MONDO:0012039	biolink:gene_associated_with_condition	0
0.9372628	HGNC:7569	MONDO:0971172	biolink:gene_associated_with_condition	0
0.8501468	HGNC:7590	MONDO:0008005	biolink:causes	0
0.9539717	HGNC:7623	MONDO:0013212	biolink:gene_associated_with_condition	0
0.99571013	HGNC:7631	MONDO:0007922	biolink:gene_associated_with_condition	0
0.88376236	HGNC:7631	MONDO:0032584	biolink:gene_associated_with_condition	0
0.93825155	HGNC:7631	MONDO:0035819	biolink:gene_associated_with_condition	0
0.9342947	HGNC:7631	MONDO:0011743	biolink:gene_associated_with_condition	0
0.9871181	HGNC:19082	MONDO:0012718	biolink:gene_associated_with_condition	0
0.18617384	HGNC:28952	MONDO:0016710	biolink:causes	0
0.47176054	HGNC:7662	MONDO:0007922	biolink:causes	0
0.5976345	HGNC:7662	MONDO:0030915	biolink:causes	0
0.5358014	HGNC:7679	MONDO:0011017	biolink:gene_associated_with_condition	0
0.7537571	HGNC:7693	MONDO:0008673	biolink:causes	0
0.92887574	HGNC:7693	MONDO:0011125	biolink:causes	0
0.42654738	HGNC:9706	MONDO:0018092	biolink:gene_associated_with_condition	0
0.28203607	HGNC:9706	MONDO:0044617	biolink:gene_associated_with_condition	0
0.9052213	HGNC:7739	MONDO:0030910	biolink:gene_associated_with_condition	0
0.8197622	HGNC:7739	MONDO:0014717	biolink:gene_associated_with_condition	0
0.97706956	HGNC:29433	MONDO:0013111	biolink:causes	0
0.67225266	HGNC:7821	MONDO:0011790	biolink:gene_associated_with_condition	0
0.6516716	HGNC:7821	MONDO:0044306	biolink:gene_associated_with_condition	0
0.28173998	HGNC:7821	MONDO:0008684	biolink:gene_associated_with_condition	0
0.3447333	HGNC:7821	MONDO:0011740	biolink:gene_associated_with_condition	0
0.70531666	HGNC:7821	MONDO:0014343	biolink:gene_associated_with_condition	0
0.3993321	HGNC:2488	MONDO:0013482	biolink:causes	0
0.19903055	HGNC:2488	MONDO:0030055	biolink:causes	0
0.14870434	HGNC:2488	MONDO:0014184	biolink:causes	0
0.011756528	HGNC:2488	MONDO:0600030	biolink:causes	0
0.9821384	HGNC:951	MONDO:0014942	biolink:causes	0
0.9831955	HGNC:951	MONDO:0032915	biolink:causes	0
0.977326	HGNC:951	MONDO:0007931	biolink:causes	0
0.79138124	HGNC:951	MONDO:0013487	biolink:causes	0
0.75176555	HGNC:16400	MONDO:0010848	biolink:gene_associated_with_condition	0
0.92784154	HGNC:16400	MONDO:0021573	biolink:causes	0
0.70360076	HGNC:16400	MONDO:0014121	biolink:gene_associated_with_condition	0
0.42282775	HGNC:22938	MONDO:0011397	biolink:gene_associated_with_condition	0
0.5798403	HGNC:22448	MONDO:0033008	biolink:causes	0
0.309543	HGNC:22448	MONDO:0008377	biolink:causes	0
0.3954694	HGNC:5331	MONDO:0011226	biolink:contributes_to	0
0.43059283	HGNC:5331	MONDO:0044701	biolink:contributes_to	0
0.7992427	HGNC:14378	MONDO:0024264	biolink:causes	0
0.6344486	HGNC:7881	MONDO:0032728	biolink:causes	0
0.367797	HGNC:14537	MONDO:0011908	biolink:gene_associated_with_condition	0
0.9144041	HGNC:14537	MONDO:0014397	biolink:gene_associated_with_condition	0
0.9459613	HGNC:7945	MONDO:0008332	biolink:causes	0
0.9888503	HGNC:7945	MONDO:0013431	biolink:causes	0
0.9709409	HGNC:7945	MONDO:0011017	biolink:causes	0
0.9310893	HGNC:7983	MONDO:0014343	biolink:causes	0
0.2865487	HGNC:13398	MONDO:0033980	biolink:causes	0
0.9450005	HGNC:13398	MONDO:0012041	biolink:causes	0
0.961992	HGNC:13398	MONDO:0032853	biolink:causes	0
0.8262644	HGNC:7677	MONDO:0009279	biolink:causes	0
0.5490473	HGNC:7677	MONDO:0010907	biolink:causes	0
0.8725926	HGNC:7677	MONDO:0030875	biolink:causes	0
0.493874	HGNC:8028	MONDO:0012734	biolink:causes	0
0.6983942	HGNC:8028	MONDO:0018280	biolink:gene_associated_with_condition	0
0.6076736	HGNC:8028	MONDO:0010441	biolink:causes	0
0.6768077	HGNC:8028	MONDO:0013357	biolink:causes	0
0.7833619	HGNC:8028	MONDO:0013473	biolink:gene_associated_with_condition	0
0.6680034	HGNC:8091	MONDO:0032817	biolink:gene_associated_with_condition	0
0.8948449	HGNC:8091	MONDO:0014573	biolink:gene_associated_with_condition	0
0.9141942	HGNC:8487	MONDO:0011489	biolink:causes	0
0.80725497	HGNC:18124	MONDO:0032937	biolink:causes	0
0.9803492	HGNC:19317	MONDO:0013034	biolink:causes	0
0.93181586	HGNC:19317	MONDO:0014132	biolink:causes	0
0.97565913	HGNC:19317	MONDO:0957807	biolink:causes	0
0.63196623	HGNC:8582	MONDO:0008306	biolink:gene_associated_with_condition	0
0.6682891	HGNC:8582	MONDO:0011971	biolink:gene_associated_with_condition	0
0.7416178	HGNC:8591	MONDO:0014822	biolink:causes	0
0.48431605	HGNC:8591	MONDO:0032653	biolink:causes	0
0.727532	HGNC:8591	MONDO:0008881	biolink:causes	0
0.755061	HGNC:30563	MONDO:0011822	biolink:causes	0
0.9509271	HGNC:8617	MONDO:0008377	biolink:causes	0
0.97534335	HGNC:8617	MONDO:0700343	biolink:causes	0
0.8467409	HGNC:8778	MONDO:0010870	biolink:causes	0
0.98629147	HGNC:8778	MONDO:0010183	biolink:causes	0
0.94854546	HGNC:8778	MONDO:0012039	biolink:causes	0
0.9403411	HGNC:8778	MONDO:0014627	biolink:causes	0
0.8933907	HGNC:8787	MONDO:0009050	biolink:causes	0
0.8154151	HGNC:8787	MONDO:0017833	biolink:causes	0
0.7452625	HGNC:8804	MONDO:0032822	biolink:causes	0
0.78464496	HGNC:8804	MONDO:0009079	biolink:causes	0
0.1639922	HGNC:6107	MONDO:0014550	biolink:causes	0
0.975318	HGNC:8858	MONDO:0008818	biolink:causes	0
0.88847905	HGNC:8858	MONDO:0100180	biolink:causes	0
0.9632636	HGNC:9713	MONDO:0010135	biolink:gene_associated_with_condition	0
0.45304263	HGNC:8881	MONDO:0019644	biolink:causes	0
0.99188364	HGNC:25712	MONDO:0032937	biolink:gene_associated_with_condition	0
0.79534024	HGNC:9143	MONDO:0009998	biolink:gene_associated_with_condition	0
0.6232312	HGNC:9143	MONDO:0007340	biolink:gene_associated_with_condition	0
0.43774512	HGNC:9143	MONDO:0014900	biolink:gene_associated_with_condition	0
0.9780713	HGNC:14937	MONDO:0014490	biolink:causes	0
0.84195733	HGNC:8979	MONDO:0015679	biolink:causes	0
0.98805565	HGNC:8999	MONDO:0012859	biolink:causes	0
0.49440885	HGNC:9052	MONDO:0011017	biolink:gene_associated_with_condition	0
0.6894888	HGNC:9069	MONDO:0011570	biolink:gene_associated_with_condition	0
0.6266977	HGNC:9069	MONDO:0014718	biolink:gene_associated_with_condition	0
0.18680675	HGNC:9069	MONDO:0010315	biolink:causes	0
0.9655455	HGNC:9081	MONDO:0020512	biolink:causes	0
0.9894755	HGNC:9081	MONDO:0011335	biolink:causes	0
0.7228026	HGNC:22954	MONDO:0012395	biolink:causes	0
0.9596341	HGNC:9175	MONDO:0014455	biolink:causes	0
0.97715354	HGNC:9179	MONDO:0013678	biolink:causes	0
0.14572251	HGNC:9181	MONDO:0015597	biolink:causes	0
0.70097244	HGNC:30348	MONDO:0011450	biolink:gene_associated_with_condition	0
0.9917361	HGNC:9202	MONDO:0032687	biolink:gene_associated_with_condition	0
0.91857845	HGNC:9210	MONDO:0008720	biolink:causes	0
0.54045355	HGNC:25686	MONDO:0014296	biolink:causes	0
0.6786724	HGNC:25686	MONDO:0017947	biolink:causes	0
0.92402446	HGNC:25686	MONDO:0008377	biolink:causes	0
0.73972446	HGNC:9282	MONDO:0060556	biolink:causes	0
0.5134657	HGNC:9282	MONDO:0012295	biolink:causes	0
0.83465713	HGNC:9282	MONDO:0012197	biolink:causes	0
0.8646588	HGNC:9330	MONDO:0009359	biolink:gene_associated_with_condition	0
0.8561638	HGNC:9330	MONDO:0014853	biolink:gene_associated_with_condition	0
0.9584311	HGNC:9456	MONDO:0018324	biolink:causes	0
0.118925594	HGNC:9456	MONDO:0010169	biolink:causes	0
0.955107	HGNC:9462	MONDO:0032799	biolink:gene_associated_with_condition	0
0.113731995	HGNC:9588	MONDO:0975746	biolink:gene_associated_with_condition	0
0.8163162	HGNC:9588	MONDO:0032906	biolink:contributes_to	0
0.9056541	HGNC:23734	MONDO:0007205	biolink:causes	0
0.776638	HGNC:9701	MONDO:0054763	biolink:gene_associated_with_condition	0
0.53392875	HGNC:9701	MONDO:0010227	biolink:gene_associated_with_condition	0
0.6185674	HGNC:15508	MONDO:0044617	biolink:causes	0
0.90876323	HGNC:816	MONDO:0032636	biolink:gene_associated_with_condition	0
0.9667915	HGNC:18305	MONDO:0030878	biolink:gene_associated_with_condition	0
0.94926476	HGNC:854	MONDO:0032705	biolink:causes	0
0.4370672	HGNC:3706	MONDO:0014319	biolink:gene_associated_with_condition	0
0.6066652	HGNC:7106	MONDO:0009714	biolink:gene_associated_with_condition	0
0.6191289	HGNC:7106	MONDO:0012669	biolink:gene_associated_with_condition	0
0.6163253	HGNC:904	MONDO:0014093	biolink:causes	0
0.9552524	HGNC:966	MONDO:0009839	biolink:causes	0
0.9256238	HGNC:983	MONDO:0008377	biolink:gene_associated_with_condition	0
0.9270261	HGNC:12703	MONDO:0014343	biolink:gene_associated_with_condition	0
0.99054796	HGNC:1044	MONDO:0007574	biolink:gene_associated_with_condition	0
0.98056775	HGNC:1044	MONDO:0009215	biolink:causes	0
0.9959325	HGNC:1044	MONDO:0011783	biolink:gene_associated_with_condition	0
0.998116	HGNC:1044	MONDO:0013323	biolink:causes	0
0.96251565	HGNC:1044	MONDO:0958180	biolink:causes	0
0.9811616	HGNC:1044	MONDO:0009885	biolink:causes	0
0.916887	HGNC:21701	MONDO:0012559	biolink:causes	0
0.74275804	HGNC:24713	MONDO:0014864	biolink:gene_associated_with_condition	0
0.989796	HGNC:24713	MONDO:0971172	biolink:gene_associated_with_condition	0
0.50880146	HGNC:9832	MONDO:0032686	biolink:causes	0
0.49723035	HGNC:9832	MONDO:0009300	biolink:causes	0
0.552457	HGNC:9832	MONDO:0100294	biolink:causes	0
0.512193	HGNC:9832	MONDO:0008995	biolink:causes	0
0.41391543	HGNC:9832	MONDO:0030361	biolink:causes	0
0.8511692	HGNC:9970	MONDO:0008377	biolink:gene_associated_with_condition	0
0.58834213	HGNC:9970	MONDO:0009053	biolink:gene_associated_with_condition	0
0.72749686	HGNC:9970	MONDO:0013193	biolink:gene_associated_with_condition	0
0.94093996	HGNC:9990	MONDO:0014586	biolink:causes	0
0.8428028	HGNC:9990	MONDO:0018656	biolink:causes	0
0.9234185	HGNC:9990	MONDO:0019947	biolink:causes	0
0.9305344	HGNC:9990	MONDO:0020345	biolink:causes	0
0.2712356	HGNC:10019	MONDO:0007681	biolink:causes	0
0.30598533	HGNC:10019	MONDO:0014093	biolink:causes	0
0.6835205	HGNC:10023	MONDO:0009109	biolink:causes	0
0.7959423	HGNC:10023	MONDO:0012421	biolink:causes	0
0.9904265	HGNC:10031	MONDO:0009216	biolink:gene_associated_with_condition	0
0.9803429	HGNC:10031	MONDO:0010277	biolink:gene_associated_with_condition	0
0.804037	HGNC:10258	MONDO:0007740	biolink:causes	0
0.88325447	HGNC:10298	MONDO:0008740	biolink:causes	0
0.81887394	HGNC:10298	MONDO:0013208	biolink:causes	0
0.8659974	HGNC:10298	MONDO:0008377	biolink:causes	0
0.93568146	HGNC:10303	MONDO:0000908	biolink:gene_associated_with_condition	0
0.8688603	HGNC:10327	MONDO:0013216	biolink:causes	0
0.90973777	HGNC:21054	MONDO:0033556	biolink:causes	0
0.981069	HGNC:28583	MONDO:0010655	biolink:causes	0
0.27299666	HGNC:10484	MONDO:0007949	biolink:gene_associated_with_condition	0
0.98029435	HGNC:21637	MONDO:0958071	biolink:gene_associated_with_condition	0
0.67400426	HGNC:10542	MONDO:0007875	biolink:gene_associated_with_condition	0
0.93661994	HGNC:10597	MONDO:0032899	biolink:gene_associated_with_condition	0
0.97600085	HGNC:10597	MONDO:0859312	biolink:gene_associated_with_condition	0
0.97138184	HGNC:10597	MONDO:0010856	biolink:gene_associated_with_condition	0
0.82001936	HGNC:17052	MONDO:0032741	biolink:causes	0
0.882509	HGNC:17052	MONDO:0032624	biolink:causes	0
0.10784631	HGNC:10727	MONDO:0850078	biolink:causes	0
0.9956416	HGNC:10818	MONDO:0009213	biolink:causes	0
0.9873498	HGNC:10818	MONDO:0014341	biolink:causes	0
0.32108852	HGNC:14294	MONDO:0009379	biolink:gene_associated_with_condition	0
0.64883506	HGNC:26535	MONDO:0044313	biolink:gene_associated_with_condition	0
0.966709	HGNC:10896	MONDO:0009215	biolink:causes	0
0.6032494	HGNC:10939	MONDO:0014343	biolink:gene_associated_with_condition	0
0.2956182	HGNC:10941	MONDO:0014267	biolink:causes	0
0.915154	HGNC:11006	MONDO:0011338	biolink:causes	0
0.41408482	HGNC:11030	MONDO:0014620	biolink:causes	0
0.3597371	HGNC:11052	MONDO:0054802	biolink:causes	0
0.9442975	HGNC:11056	MONDO:0035651	biolink:gene_associated_with_condition	0
0.9524259	HGNC:11079	MONDO:0011106	biolink:causes	0
0.9723551	HGNC:23088	MONDO:0014227	biolink:causes	0
0.9977075	HGNC:23088	MONDO:0800436	biolink:causes	0
0.8085981	HGNC:23088	MONDO:0009061	biolink:causes	0
0.34065738	HGNC:13818	MONDO:0013390	biolink:causes	0
0.7677202	HGNC:10922	MONDO:0014206	biolink:causes	0
0.7580308	HGNC:10922	MONDO:0029140	biolink:causes	0
0.8112998	HGNC:8818	MONDO:0017360	biolink:gene_associated_with_condition	0
0.8156741	HGNC:8818	MONDO:0032778	biolink:causes	0
0.97620165	HGNC:23096	MONDO:0014392	biolink:causes	0
0.86358595	HGNC:23096	MONDO:0009857	biolink:causes	0
0.756446	HGNC:25355	MONDO:0009104	biolink:gene_associated_with_condition	0
0.61978567	HGNC:25355	MONDO:0012559	biolink:gene_associated_with_condition	0
0.69486636	HGNC:25355	MONDO:0014343	biolink:gene_associated_with_condition	0
0.85789406	HGNC:11018	MONDO:0013243	biolink:causes	0
0.6320524	HGNC:11020	MONDO:0010232	biolink:causes	0
0.3180876	HGNC:11020	MONDO:0034991	biolink:causes	0
0.52598405	HGNC:11020	MONDO:0012041	biolink:causes	0
0.8258266	HGNC:11020	MONDO:0018417	biolink:causes	0
0.92965275	HGNC:17129	MONDO:0014072	biolink:gene_associated_with_condition	0
0.8908358	HGNC:20858	MONDO:0060707	biolink:causes	0
0.9497797	HGNC:30225	MONDO:0014883	biolink:gene_associated_with_condition	0
0.94861937	HGNC:6768	MONDO:0013853	biolink:causes	0
0.92086524	HGNC:6770	MONDO:0008542	biolink:causes	0
0.87294877	HGNC:6770	MONDO:0017218	biolink:causes	0
0.7000798	HGNC:6770	MONDO:0032871	biolink:gene_associated_with_condition	0
0.72579175	HGNC:6770	MONDO:0012520	biolink:causes	0
0.8211507	HGNC:6770	MONDO:0015096	biolink:causes	0
0.14140272	HGNC:6770	MONDO:0012085	biolink:causes	0
0.8622831	HGNC:6770	MONDO:0019921	biolink:causes	0
0.8307418	HGNC:44204	MONDO:0033556	biolink:causes	0
0.95016587	HGNC:20323	MONDO:0007380	biolink:causes	0
0.96121246	HGNC:20323	MONDO:0008377	biolink:causes	0
0.6796315	HGNC:30859	MONDO:0014238	biolink:causes	0
0.5735965	HGNC:30859	MONDO:0019150	biolink:causes	0
0.7921817	HGNC:1331	MONDO:0014343	biolink:causes	0
0.11584743	HGNC:1331	MONDO:0025354	biolink:causes	0
0.89322126	HGNC:1373	MONDO:0010281	biolink:gene_associated_with_condition	0
0.26127508	HGNC:1445	MONDO:0011667	biolink:causes	0
0.6034619	HGNC:1445	MONDO:0025354	biolink:causes	0
0.38510567	HGNC:1460	MONDO:0010963	biolink:causes	0
0.22012597	HGNC:16393	MONDO:0032942	biolink:gene_associated_with_condition	0
0.8614632	HGNC:16393	MONDO:0100045	biolink:causes	0
0.36369136	HGNC:16393	MONDO:0011285	biolink:gene_associated_with_condition	0
0.77093345	HGNC:16393	MONDO:0014481	biolink:causes	0
0.6868982	HGNC:1515	MONDO:0007232	biolink:causes	0
0.79281497	HGNC:18810	MONDO:0011939	biolink:gene_associated_with_condition	0
0.6678639	HGNC:18810	MONDO:0030490	biolink:gene_associated_with_condition	0
0.523174	HGNC:1529	MONDO:0012594	biolink:causes	0
0.6847665	HGNC:1529	MONDO:0015786	biolink:gene_associated_with_condition	0
0.9017067	HGNC:1529	MONDO:0014343	biolink:causes	0
0.79548466	HGNC:1529	MONDO:0859335	biolink:gene_associated_with_condition	0
0.6953231	HGNC:1529	MONDO:0007561	biolink:gene_associated_with_condition	0
0.9778552	HGNC:1529	MONDO:0008377	biolink:causes	0
0.60828626	HGNC:1542	MONDO:0014343	biolink:causes	0
0.7667527	HGNC:19967	MONDO:0008542	biolink:gene_associated_with_condition	0
0.90927577	HGNC:19967	MONDO:0011504	biolink:causes	0
0.7400182	HGNC:19967	MONDO:0033047	biolink:causes	0
0.62721896	HGNC:29296	MONDO:0007922	biolink:causes	0
0.2769824	HGNC:11167	MONDO:0024455	biolink:causes	0
0.488533	HGNC:11167	MONDO:0800341	biolink:causes	0
0.68028533	HGNC:11167	MONDO:0014343	biolink:causes	0
0.9327613	HGNC:14974	MONDO:0010356	biolink:causes	0
0.805193	HGNC:14974	MONDO:0017052	biolink:causes	0
0.9783237	HGNC:14974	MONDO:0009235	biolink:causes	0
0.99120027	HGNC:14974	MONDO:0033009	biolink:causes	0
0.91354764	HGNC:14974	MONDO:0957583	biolink:causes	0
0.93448704	HGNC:11187	MONDO:0015278	biolink:causes	0
0.87875146	HGNC:11187	MONDO:0014717	biolink:causes	0
0.89399254	HGNC:11187	MONDO:0020745	biolink:causes	0
0.9123995	HGNC:11195	MONDO:0008377	biolink:gene_associated_with_condition	0
0.8351158	HGNC:14530	MONDO:0007922	biolink:causes	0
0.06319853	HGNC:14530	MONDO:0700298	biolink:causes	0
0.06435385	HGNC:14530	MONDO:0016573	biolink:causes	0
0.55469924	HGNC:14530	MONDO:0020785	biolink:causes	0
0.8585722	HGNC:14530	MONDO:0049222	biolink:causes	0
0.68537205	HGNC:11254	MONDO:0011672	biolink:causes	0
0.6415765	HGNC:11274	MONDO:0033115	biolink:causes	0
0.78764844	HGNC:11276	MONDO:0008436	biolink:gene_associated_with_condition	0
0.7788601	HGNC:11276	MONDO:0033200	biolink:gene_associated_with_condition	0
0.54192764	HGNC:11276	MONDO:0008633	biolink:causes	0
0.59616625	HGNC:11283	MONDO:0008259	biolink:gene_associated_with_condition	0
0.09816268	HGNC:10780	MONDO:0017544	biolink:causes	0
0.8154198	HGNC:10780	MONDO:0014343	biolink:causes	0
0.97044647	HGNC:28423	MONDO:0013690	biolink:causes	0
0.73790854	HGNC:11389	MONDO:0019458	biolink:causes	0
0.5797079	HGNC:11389	MONDO:0009928	biolink:causes	0
0.5951064	HGNC:11389	MONDO:0012276	biolink:causes	0
0.82203394	HGNC:28852	MONDO:0011765	biolink:causes	0
0.092050634	HGNC:18130	MONDO:0044657	biolink:gene_associated_with_condition	0
0.4614924	HGNC:11522	MONDO:0009194	biolink:gene_associated_with_condition	0
0.85467535	HGNC:11522	MONDO:0010496	biolink:gene_associated_with_condition	0
0.95924497	HGNC:24316	MONDO:0014343	biolink:causes	0
0.63783926	HGNC:11584	MONDO:0014998	biolink:gene_associated_with_condition	0
0.071384944	HGNC:11584	MONDO:0008340	biolink:causes	0
0.8814099	HGNC:11600	MONDO:0014343	biolink:causes	0
0.96536356	HGNC:11609	MONDO:0060663	biolink:causes	0
0.9651473	HGNC:11609	MONDO:0011787	biolink:causes	0
0.9473039	HGNC:24519	MONDO:0017947	biolink:causes	0
0.47740188	HGNC:27365	MONDO:0018875	biolink:causes	0
0.42482156	HGNC:27365	MONDO:0013553	biolink:causes	0
0.75733596	HGNC:11764	MONDO:0019174	biolink:causes	0
0.8250274	HGNC:11766	MONDO:0014803	biolink:causes	0
0.81390125	HGNC:11766	MONDO:0020745	biolink:contributes_to	0
0.9917653	HGNC:11772	MONDO:0958322	biolink:causes	0
0.7862357	HGNC:11772	MONDO:0009315	biolink:causes	0
0.9470066	HGNC:11772	MONDO:0016281	biolink:causes	0
0.26829037	HGNC:18021	MONDO:0035651	biolink:contributes_to	0
0.20543852	HGNC:18021	MONDO:0014645	biolink:contributes_to	0
0.66521776	HGNC:26186	MONDO:0017697	biolink:causes	0
0.9650805	HGNC:28396	MONDO:0008542	biolink:causes	0
0.9042281	HGNC:28396	MONDO:0013768	biolink:causes	0
0.9537639	HGNC:28396	MONDO:0971178	biolink:gene_associated_with_condition	0
0.7529812	HGNC:28396	MONDO:0013181	biolink:causes	0
0.9690132	HGNC:28128	MONDO:0014343	biolink:causes	0
0.94432753	HGNC:28128	MONDO:0032819	biolink:causes	0
0.2898786	HGNC:11917	MONDO:0957594	biolink:gene_associated_with_condition	0
0.014777756	HGNC:11917	MONDO:0044255	biolink:gene_associated_with_condition	0
0.73780686	HGNC:11905	MONDO:0008722	biolink:gene_associated_with_condition	0
0.8224806	HGNC:11905	MONDO:0032898	biolink:gene_associated_with_condition	0
0.9931016	HGNC:11908	MONDO:0007874	biolink:causes	0
0.95522565	HGNC:11908	MONDO:0030045	biolink:causes	0
0.95953643	HGNC:11908	MONDO:0030072	biolink:causes	0
0.98695207	HGNC:11908	MONDO:0012143	biolink:causes	0
0.9858904	HGNC:11908	MONDO:0012563	biolink:causes	0
0.94607174	HGNC:11908	MONDO:0015519	biolink:causes	0
0.39505213	HGNC:11934	MONDO:0011774	biolink:contributes_to	0
0.17879489	HGNC:11934	MONDO:0958354	biolink:contributes_to	0
0.90620273	HGNC:11948	MONDO:0007380	biolink:causes	0
0.93746823	HGNC:11948	MONDO:0012892	biolink:causes	0
0.6156724	HGNC:11992	MONDO:0009928	biolink:gene_associated_with_condition	0
0.73140967	HGNC:11992	MONDO:0016539	biolink:causes	0
0.87904936	HGNC:3098	MONDO:0011184	biolink:causes	0
0.93881124	HGNC:3098	MONDO:0010631	biolink:causes	0
0.7649324	HGNC:3098	MONDO:0011285	biolink:causes	0
0.8665909	HGNC:12012	MONDO:0012166	biolink:gene_associated_with_condition	0
0.93675643	HGNC:12012	MONDO:0020745	biolink:causes	0
0.89722973	HGNC:12012	MONDO:0024535	biolink:causes	0
0.70011395	HGNC:24259	MONDO:0014040	biolink:causes	0
0.7234046	HGNC:12266	MONDO:0013388	biolink:gene_associated_with_condition	0
0.7697797	HGNC:12266	MONDO:0009419	biolink:gene_associated_with_condition	0
0.7285094	HGNC:7523	MONDO:0859182	biolink:gene_associated_with_condition	0
0.9066021	HGNC:12310	MONDO:0008546	biolink:causes	0
0.87962234	HGNC:12305	MONDO:0019373	biolink:gene_associated_with_condition	0
0.7567198	HGNC:18084	MONDO:0009544	biolink:gene_associated_with_condition	0
0.90121514	HGNC:18084	MONDO:0015003	biolink:causes	0
0.8460647	HGNC:12373	MONDO:0008002	biolink:gene_associated_with_condition	0
0.9105451	HGNC:12373	MONDO:0859207	biolink:gene_associated_with_condition	0
0.94821	HGNC:12373	MONDO:0014152	biolink:gene_associated_with_condition	0
0.9639357	HGNC:12373	MONDO:0008377	biolink:gene_associated_with_condition	0
0.4921113	HGNC:12373	MONDO:0009061	biolink:gene_associated_with_condition	0
0.887275	HGNC:12373	MONDO:0014857	biolink:gene_associated_with_condition	0
0.97611904	HGNC:26262	MONDO:0008377	biolink:gene_associated_with_condition	0
0.94961584	HGNC:20778	MONDO:0014343	biolink:causes	0
0.9025762	HGNC:20773	MONDO:0025699	biolink:gene_associated_with_condition	0
0.9790639	HGNC:20773	MONDO:0017403	biolink:gene_associated_with_condition	0
0.64073336	HGNC:20773	MONDO:0054737	biolink:causes	0
0.84929377	HGNC:20773	MONDO:0007349	biolink:causes	0
0.8338474	HGNC:12441	MONDO:0010661	biolink:causes	0
0.63096005	HGNC:12499	MONDO:0054763	biolink:causes	0
0.2227374	HGNC:12499	MONDO:0012203	biolink:causes	0
0.31489342	HGNC:12499	MONDO:0100600	biolink:causes	0
0.72845936	HGNC:12511	MONDO:0012474	biolink:gene_associated_with_condition	0
0.64103216	HGNC:12511	MONDO:0009960	biolink:gene_associated_with_condition	0
0.81575537	HGNC:12511	MONDO:0014995	biolink:gene_associated_with_condition	0
0.9961862	HGNC:26941	MONDO:0030918	biolink:causes	0
0.6894878	HGNC:25640	MONDO:0009451	biolink:causes	0
0.89579606	HGNC:12565	MONDO:0033533	biolink:causes	0
0.94501626	HGNC:12565	MONDO:0012621	biolink:causes	0
0.92092186	HGNC:29594	MONDO:0008377	biolink:causes	0
0.5940476	HGNC:12630	MONDO:0008246	biolink:causes	0
0.8854619	HGNC:12630	MONDO:0012864	biolink:causes	0
0.26758814	HGNC:13486	MONDO:0030971	biolink:causes	0
0.12352018	HGNC:13486	MONDO:0009159	biolink:causes	0
0.87860113	HGNC:12651	MONDO:0008018	biolink:causes	0
0.95610344	HGNC:12651	MONDO:0010792	biolink:causes	0
0.94512445	HGNC:2183	MONDO:0008799	biolink:causes	0
0.9724326	HGNC:23595	MONDO:0008377	biolink:gene_associated_with_condition	0
0.9059579	HGNC:24928	MONDO:0009657	biolink:causes	0
0.5905837	HGNC:24928	MONDO:0013941	biolink:gene_associated_with_condition	0
0.7900648	HGNC:24928	MONDO:0017173	biolink:gene_associated_with_condition	0
0.93641627	HGNC:17327	MONDO:0030438	biolink:gene_associated_with_condition	0
0.915213	HGNC:17327	MONDO:0012348	biolink:causes	0
0.8845005	HGNC:17327	MONDO:0013033	biolink:gene_associated_with_condition	0
0.11728227	HGNC:30914	MONDO:0008176	biolink:gene_associated_with_condition	0
0.06892581	HGNC:30914	MONDO:0009928	biolink:gene_associated_with_condition	0
0.96171343	HGNC:25928	MONDO:0032804	biolink:gene_associated_with_condition	0
0.30581152	HGNC:25928	MONDO:0100460	biolink:gene_associated_with_condition	0
0.9658632	HGNC:25928	MONDO:0014343	biolink:gene_associated_with_condition	0
0.95537704	HGNC:12762	MONDO:0054861	biolink:causes	0
0.13352159	HGNC:12762	MONDO:0012883	biolink:causes	0
0.9212892	HGNC:12762	MONDO:0021093	biolink:causes	0
0.9707892	HGNC:12774	MONDO:0008377	biolink:gene_associated_with_condition	0
0.9155749	HGNC:13829	MONDO:0007818	biolink:gene_associated_with_condition	0
0.8183571	HGNC:13829	MONDO:0013060	biolink:causes	0
0.94272244	HGNC:13829	MONDO:0010361	biolink:gene_associated_with_condition	0
0.9701531	HGNC:12831	MONDO:0010184	biolink:causes	0
0.92778736	HGNC:12831	MONDO:0032819	biolink:causes	0
0.9558422	HGNC:12831	MONDO:0036189	biolink:causes	0
0.97032285	HGNC:15517	MONDO:0008542	biolink:causes	0
0.98783666	HGNC:15517	MONDO:0009677	biolink:causes	0
0.98619866	HGNC:30511	MONDO:0010319	biolink:gene_associated_with_condition	0
0.5272863	HGNC:21143	MONDO:0009904	biolink:causes	0
0.16479953	HGNC:21143	MONDO:0013529	biolink:causes	0
0.9420498	HGNC:24931	MONDO:0060663	biolink:gene_associated_with_condition	0
0.9960504	HGNC:24931	MONDO:0033006	biolink:gene_associated_with_condition	0
0.97387356	HGNC:24931	MONDO:0800028	biolink:gene_associated_with_condition	0
0.9770135	HGNC:24931	MONDO:0008377	biolink:gene_associated_with_condition	0
0.54475695	HGNC:30939	MONDO:0014641	biolink:gene_associated_with_condition	0
0.9984102	HGNC:12869	MONDO:0008818	biolink:causes	0
0.96629804	HGNC:12872	MONDO:0020378	biolink:gene_associated_with_condition	0
0.87053025	HGNC:12872	MONDO:0030927	biolink:causes	0
0.9678065	HGNC:16493	MONDO:0010665	biolink:causes	0
0.96135515	HGNC:16493	MONDO:0013873	biolink:causes	0
0.41995987	HGNC:34519	MONDO:0009104	biolink:causes	0
0.8412702	HGNC:26993	MONDO:0044792	biolink:causes	0
0.78536123	HGNC:2500	MONDO:0018144	biolink:gene_associated_with_condition	0
0.9076493	HGNC:2500	MONDO:0100119	biolink:causes	0
0.46707284	HGNC:1591	MONDO:0014984	biolink:causes	0
0.46970427	HGNC:1591	MONDO:0029134	biolink:causes	0
0.09531973	HGNC:1606	MONDO:0014290	biolink:contributes_to	0
0.44443455	HGNC:1606	MONDO:0009211	biolink:contributes_to	0
0.7557167	HGNC:1633	MONDO:0011541	biolink:causes	0
0.9335572	HGNC:16783	MONDO:0011246	biolink:causes	0
0.8742222	HGNC:16783	MONDO:0013110	biolink:gene_associated_with_condition	0
0.88269305	HGNC:16783	MONDO:0013550	biolink:causes	0
0.45917565	HGNC:16783	MONDO:0032899	biolink:gene_associated_with_condition	0
0.887519	HGNC:16783	MONDO:0012204	biolink:gene_associated_with_condition	0
0.78156257	HGNC:16783	MONDO:0008963	biolink:causes	0
0.93212724	HGNC:16783	MONDO:0008377	biolink:gene_associated_with_condition	0
0.868393	HGNC:16783	MONDO:0009485	biolink:causes	0
0.44779417	HGNC:1787	MONDO:0014868	biolink:contributes_to	0
0.006154144	HGNC:1787	MONDO:0600030	biolink:gene_associated_with_condition	0
0.3888241	HGNC:1787	MONDO:0010747	biolink:contributes_to	0
0.41638243	HGNC:1787	MONDO:0017049	biolink:contributes_to	0
0.7269763	HGNC:1857	MONDO:0015278	biolink:gene_associated_with_condition	0
0.7865561	HGNC:1857	MONDO:0009168	biolink:causes	0
0.8411075	HGNC:28209	MONDO:0007080	biolink:gene_associated_with_condition	0
0.08929516	HGNC:1869	MONDO:0012125	biolink:causes	0
0.12586062	HGNC:25631	MONDO:0007222	biolink:causes	0
0.9120003	HGNC:26708	MONDO:0014550	biolink:causes	0
0.60261166	HGNC:26708	MONDO:0012295	biolink:causes	0
0.90991	HGNC:26708	MONDO:0014311	biolink:causes	0
0.84542024	HGNC:26708	MONDO:0014343	biolink:causes	0
0.8216825	HGNC:26708	MONDO:0031446	biolink:causes	0
0.32657	HGNC:2771	MONDO:0008747	biolink:gene_associated_with_condition	0
0.5788341	HGNC:2771	MONDO:0014343	biolink:gene_associated_with_condition	0
0.3964509	HGNC:5394	MONDO:0850067	biolink:causes	0
0.63855535	HGNC:5394	MONDO:0013551	biolink:causes	0
0.41296786	HGNC:5394	MONDO:0019947	biolink:gene_associated_with_condition	0
0.7761789	HGNC:5394	MONDO:0020507	biolink:causes	0
0.13118424	HGNC:1956	MONDO:0044701	biolink:causes	0
0.9181948	HGNC:1965	MONDO:0008772	biolink:causes	0
0.85525423	HGNC:1965	MONDO:0032590	biolink:causes	0
0.88418424	HGNC:14214	MONDO:0011902	biolink:causes	0
0.52229106	HGNC:14214	MONDO:0009653	biolink:causes	0
0.9862429	HGNC:2021	MONDO:0007400	biolink:causes	0
0.9589623	HGNC:2021	MONDO:0009728	biolink:causes	0
0.9735999	HGNC:2021	MONDO:0014343	biolink:causes	0
0.95731306	HGNC:2027	MONDO:0032752	biolink:causes	0
0.949103	HGNC:2027	MONDO:0010465	biolink:gene_associated_with_condition	0
0.9616579	HGNC:2027	MONDO:0013553	biolink:gene_associated_with_condition	0
0.8157684	HGNC:33939	MONDO:0014274	biolink:causes	0
0.82654566	HGNC:33939	MONDO:0014649	biolink:causes	0
0.9385337	HGNC:20492	MONDO:0014398	biolink:gene_associated_with_condition	0
0.564651	HGNC:18621	MONDO:0975754	biolink:causes	0
0.8331523	HGNC:18621	MONDO:0033542	biolink:causes	0
0.9508503	HGNC:18621	MONDO:0032886	biolink:causes	0
0.97775614	HGNC:2202	MONDO:0014338	biolink:gene_associated_with_condition	0
0.9686807	HGNC:2202	MONDO:0007483	biolink:contributes_to	0
0.5541384	HGNC:2202	MONDO:0017901	biolink:contributes_to	0
0.9738525	HGNC:2204	MONDO:0054737	biolink:gene_associated_with_condition	0
0.8209101	HGNC:2211	MONDO:0016780	biolink:gene_associated_with_condition	0
0.9091904	HGNC:2214	MONDO:0007738	biolink:gene_associated_with_condition	0
0.90743446	HGNC:2214	MONDO:0012554	biolink:gene_associated_with_condition	0
0.8889343	HGNC:2214	MONDO:0010400	biolink:gene_associated_with_condition	0
0.91161776	HGNC:2214	MONDO:0014620	biolink:gene_associated_with_condition	0
0.82144517	HGNC:2214	MONDO:0010277	biolink:gene_associated_with_condition	0
0.98289055	HGNC:2218	MONDO:0010752	biolink:causes	0
0.9661922	HGNC:2187	MONDO:0014386	biolink:causes	0
0.98829776	HGNC:2187	MONDO:0014926	biolink:causes	0
0.98550177	HGNC:2187	MONDO:0009776	biolink:causes	0
0.9681386	HGNC:2194	MONDO:0007363	biolink:gene_associated_with_condition	0
0.9541868	HGNC:2194	MONDO:0032611	biolink:gene_associated_with_condition	0
0.956013	HGNC:2227	MONDO:0009562	biolink:causes	0
0.95830345	HGNC:2227	MONDO:0016783	biolink:causes	0
0.7183464	HGNC:2227	MONDO:0019947	biolink:causes	0
0.92641824	HGNC:2232	MONDO:0010792	biolink:causes	0
0.8191172	HGNC:2232	MONDO:0008931	biolink:causes	0
0.9889492	HGNC:2244	MONDO:0014221	biolink:causes	0
0.96324855	HGNC:2244	MONDO:0014425	biolink:causes	0
0.094828546	HGNC:2260	MONDO:0017544	biolink:causes	0
0.94341105	HGNC:2260	MONDO:0012043	biolink:causes	0
0.89293563	HGNC:17272	MONDO:0100340	biolink:causes	0
0.81365854	HGNC:17272	MONDO:0009653	biolink:causes	0
0.89393085	HGNC:2309	MONDO:0020786	biolink:gene_associated_with_condition	0
0.58917207	HGNC:2309	MONDO:0017111	biolink:gene_associated_with_condition	0
0.54826194	HGNC:2342	MONDO:0971001	biolink:causes	0
0.6115172	HGNC:2348	MONDO:0011839	biolink:gene_associated_with_condition	0
0.9305258	HGNC:2348	MONDO:0100217	biolink:gene_associated_with_condition	0
0.8794039	HGNC:2348	MONDO:0009625	biolink:causes	0
0.9416391	HGNC:2383	MONDO:0957787	biolink:causes	0
0.7047752	HGNC:2389	MONDO:0012096	biolink:gene_associated_with_condition	0
0.04347445	HGNC:2409	MONDO:0017238	biolink:gene_associated_with_condition	0
0.050618403	HGNC:2409	MONDO:0011025	biolink:gene_associated_with_condition	0
0.9131537	HGNC:2417	MONDO:0032604	biolink:gene_associated_with_condition	0
0.34058088	HGNC:2481	MONDO:0013794	biolink:causes	0
0.7432731	HGNC:2516	MONDO:0014620	biolink:gene_associated_with_condition	0
0.57341516	HGNC:2528	MONDO:0008437	biolink:causes	0
0.9136633	HGNC:2528	MONDO:0016833	biolink:causes	0
0.88403314	HGNC:2570	MONDO:0013864	biolink:gene_associated_with_condition	0
0.83424586	HGNC:2666	MONDO:0014630	biolink:gene_associated_with_condition	0
0.7512763	HGNC:2678	MONDO:0020745	biolink:gene_associated_with_condition	0
0.9868329	HGNC:13681	MONDO:0012276	biolink:causes	0
0.8434039	HGNC:29812	MONDO:0014020	biolink:causes	0
0.85677963	HGNC:2711	MONDO:0030006	biolink:gene_associated_with_condition	0
0.6339828	HGNC:2711	MONDO:0011765	biolink:contributes_to	0
0.6717532	HGNC:17211	MONDO:0009867	biolink:causes	0
0.78514147	HGNC:17211	MONDO:0018611	biolink:causes	0
0.44197267	HGNC:2877	MONDO:0010477	biolink:causes	0
0.7190484	HGNC:28648	MONDO:0011450	biolink:gene_associated_with_condition	0
0.83861274	HGNC:28648	MONDO:0014460	biolink:gene_associated_with_condition	0
0.6455857	HGNC:28648	MONDO:0030729	biolink:gene_associated_with_condition	0
0.43986762	HGNC:28648	MONDO:0011935	biolink:causes	0
0.98239636	HGNC:2909	MONDO:0012043	biolink:causes	0
0.27080354	HGNC:2940	MONDO:0007738	biolink:causes	0
0.63153285	HGNC:2940	MONDO:0012345	biolink:causes	0
0.16917656	HGNC:2946	MONDO:0014622	biolink:causes	0
0.7106286	HGNC:26532	MONDO:0013119	biolink:gene_associated_with_condition	0
0.42732444	HGNC:26532	MONDO:0011017	biolink:gene_associated_with_condition	0
0.9847488	HGNC:19189	MONDO:0009265	biolink:causes	0
0.15212692	HGNC:19191	MONDO:0015793	biolink:gene_associated_with_condition	0
0.009788478	HGNC:3007	MONDO:0044282	biolink:causes	0
0.941667	HGNC:3007	MONDO:0014657	biolink:causes	0
0.97867006	HGNC:3007	MONDO:0033115	biolink:causes	0
0.22571999	HGNC:3012	MONDO:0017683	biolink:causes	0
0.9138079	HGNC:3012	MONDO:0013125	biolink:causes	0
0.916299	HGNC:3049	MONDO:0007524	biolink:causes	0
0.43719926	HGNC:1090	MONDO:0011698	biolink:gene_associated_with_condition	0
0.28167617	HGNC:1090	MONDO:0029144	biolink:gene_associated_with_condition	0
0.78314906	HGNC:1090	MONDO:0044792	biolink:gene_associated_with_condition	0
0.9237378	HGNC:29043	MONDO:0016833	biolink:causes	0
0.6298804	HGNC:3087	MONDO:0012520	biolink:causes	0
0.8654012	HGNC:3087	MONDO:0017945	biolink:causes	0
0.94047415	HGNC:24595	MONDO:0100180	biolink:causes	0
0.90481955	HGNC:24595	MONDO:0020745	biolink:causes	0
0.9103877	HGNC:3178	MONDO:0008542	biolink:contributes_to	0
0.9146813	HGNC:3178	MONDO:0008954	biolink:gene_associated_with_condition	0
0.92710817	HGNC:3178	MONDO:0017993	biolink:gene_associated_with_condition	0
0.76713854	HGNC:3188	MONDO:0020324	biolink:causes	0
0.898654	HGNC:3236	MONDO:0012204	biolink:causes	0
0.5320063	HGNC:3236	MONDO:0014645	biolink:causes	0
0.12686585	HGNC:24921	MONDO:0020721	biolink:causes	0
0.99858296	HGNC:3327	MONDO:0008426	biolink:causes	0
0.46820083	HGNC:18248	MONDO:0009210	biolink:causes	0
0.60036623	HGNC:18248	MONDO:0010911	biolink:causes	0
0.17101695	HGNC:3393	MONDO:0008018	biolink:contributes_to	0
0.2188039	HGNC:3416	MONDO:0013032	biolink:causes	0
0.45999587	HGNC:3434	MONDO:0009994	biolink:causes	0
0.6971289	HGNC:3434	MONDO:0032630	biolink:causes	0
0.83130217	HGNC:3438	MONDO:0017051	biolink:gene_associated_with_condition	0
0.6961676	HGNC:3438	MONDO:0011017	biolink:causes	0
0.74005675	HGNC:3438	MONDO:0030958	biolink:gene_associated_with_condition	0
0.9165212	HGNC:16947	MONDO:0014343	biolink:gene_associated_with_condition	0
0.7707645	HGNC:3481	MONDO:0018598	biolink:gene_associated_with_condition	0
0.90665346	HGNC:3481	MONDO:0018816	biolink:gene_associated_with_condition	0
0.83466685	HGNC:3481	MONDO:0029134	biolink:gene_associated_with_condition	0
0.782646	HGNC:3497	MONDO:0009061	biolink:gene_associated_with_condition	0
0.9680817	MONDO:0000902	HGNC:17085	biolink:causes	0
0.5964677	MONDO:0000914	HGNC:620	biolink:gene_associated_with_condition	0
0.6939218	MONDO:0000914	HGNC:132	biolink:causes	0
0.16297866	MONDO:0007042	HGNC:4379	biolink:gene_associated_with_condition	0
0.41176304	MONDO:0007042	HGNC:25941	biolink:gene_associated_with_condition	0
0.26447144	MONDO:0007042	HGNC:1810	biolink:causes	0
0.70338166	MONDO:0007042	HGNC:3373	biolink:causes	0
0.5697939	MONDO:0007042	HGNC:7104	biolink:causes	0
0.7977225	MONDO:0007042	HGNC:24678	biolink:gene_associated_with_condition	0
0.9681436	MONDO:0007042	HGNC:11795	biolink:gene_associated_with_condition	0
0.8999281	MONDO:0007086	HGNC:19185	biolink:causes	0
0.6681189	MONDO:0007158	HGNC:17328	biolink:causes	0
0.34082422	MONDO:0007158	HGNC:19903	biolink:causes	0
0.9084791	MONDO:0007158	HGNC:9039	biolink:causes	0
0.50993526	MONDO:0007158	HGNC:11303	biolink:gene_associated_with_condition	0
0.81567574	MONDO:0007158	HGNC:17210	biolink:causes	0
0.12586062	MONDO:0007222	HGNC:25631	biolink:causes	0
0.79558164	MONDO:0007338	HGNC:3386	biolink:causes	0
0.020832514	MONDO:0007454	HGNC:8008	biolink:causes	0
0.02321585	MONDO:0007454	HGNC:13875	biolink:causes	0
0.057812102	MONDO:0007454	HGNC:7606	biolink:causes	0
0.99054796	MONDO:0007574	HGNC:1044	biolink:gene_associated_with_condition	0
0.9091904	MONDO:0007738	HGNC:2214	biolink:gene_associated_with_condition	0
0.27080354	MONDO:0007738	HGNC:2940	biolink:causes	0
0.88030034	MONDO:0007738	HGNC:8609	biolink:causes	0
0.85042334	MONDO:0007738	HGNC:10260	biolink:gene_associated_with_condition	0
0.9608661	MONDO:0007790	HGNC:23068	biolink:causes	0
0.36184758	MONDO:0007794	HGNC:5031	biolink:causes	0
0.9553749	MONDO:0007794	HGNC:5391	biolink:causes	0
0.95396626	MONDO:0007794	HGNC:19046	biolink:causes	0
0.9180332	MONDO:0007794	HGNC:26219	biolink:gene_associated_with_condition	0
0.9059096	MONDO:0007794	HGNC:29077	biolink:contributes_to	0
0.9721543	MONDO:0007794	HGNC:7944	biolink:causes	0
0.9298273	MONDO:0007794	HGNC:17978	biolink:gene_associated_with_condition	0
0.9211873	MONDO:0007794	HGNC:11771	biolink:gene_associated_with_condition	0
0.9155749	MONDO:0007818	HGNC:13829	biolink:gene_associated_with_condition	0
0.26529205	MONDO:0007838	HGNC:26684	biolink:causes	0
0.188592	MONDO:0007854	HGNC:11598	biolink:causes	0
0.97545785	MONDO:0007854	HGNC:4367	biolink:causes	0
0.7807443	MONDO:0007862	HGNC:6463	biolink:causes	0
0.9931016	MONDO:0007874	HGNC:11908	biolink:causes	0
0.95853376	MONDO:0007922	HGNC:4298	biolink:gene_associated_with_condition	0
0.9859232	MONDO:0007922	HGNC:5389	biolink:gene_associated_with_condition	0
0.8238737	MONDO:0007922	HGNC:6541	biolink:gene_associated_with_condition	0
0.9866962	MONDO:0007922	HGNC:13869	biolink:causes	0
0.90457785	MONDO:0007922	HGNC:23805	biolink:gene_associated_with_condition	0
0.99571013	MONDO:0007922	HGNC:7631	biolink:gene_associated_with_condition	0
0.47176054	MONDO:0007922	HGNC:7662	biolink:causes	0
0.62721896	MONDO:0007922	HGNC:29296	biolink:causes	0
0.8351158	MONDO:0007922	HGNC:14530	biolink:causes	0
0.8754259	MONDO:0007922	HGNC:799	biolink:causes	0
0.95903796	MONDO:0007922	HGNC:7224	biolink:causes	0
0.95595026	MONDO:0007922	HGNC:1181	biolink:gene_associated_with_condition	0
0.9707546	MONDO:0007922	HGNC:17151	biolink:causes	0
0.72427875	MONDO:0007922	HGNC:11027	biolink:causes	0
0.7953433	MONDO:0007922	HGNC:12729	biolink:causes	0
0.47455472	MONDO:0007922	HGNC:2022	biolink:gene_associated_with_condition	0
0.27295545	MONDO:0007922	HGNC:232	biolink:causes	0
0.9691031	MONDO:0007922	HGNC:3600	biolink:gene_associated_with_condition	0
0.8476612	MONDO:0007922	HGNC:4173	biolink:gene_associated_with_condition	0
0.8849868	MONDO:0007922	HGNC:6284	biolink:causes	0
0.5725728	MONDO:0007922	HGNC:19903	biolink:causes	0
0.5474699	MONDO:0007922	HGNC:11065	biolink:causes	0
0.951907	MONDO:0007922	HGNC:19750	biolink:causes	0
0.93937695	MONDO:0007922	HGNC:12726	biolink:gene_associated_with_condition	0
0.31686813	MONDO:0007922	HGNC:2410	biolink:gene_associated_with_condition	0
0.81921613	MONDO:0007922	HGNC:18018	biolink:causes	0
0.8193337	MONDO:0007922	HGNC:6535	biolink:gene_associated_with_condition	0
0.9875185	MONDO:0007922	HGNC:6716	biolink:causes	0
0.98606014	MONDO:0007922	HGNC:17652	biolink:causes	0
0.8628393	MONDO:0007922	HGNC:10345	biolink:causes	0
0.15270591	MONDO:0007922	HGNC:26038	biolink:gene_associated_with_condition	0
0.9688128	MONDO:0007922	HGNC:14006	biolink:causes	0
0.86887485	MONDO:0007958	HGNC:11795	biolink:causes	0
0.8460647	MONDO:0008002	HGNC:12373	biolink:gene_associated_with_condition	0
0.88361156	MONDO:0008002	HGNC:10024	biolink:causes	0
0.87860113	MONDO:0008018	HGNC:12651	biolink:causes	0
0.17101695	MONDO:0008018	HGNC:3393	biolink:contributes_to	0
0.833458	MONDO:0008134	HGNC:379	biolink:causes	0
0.16729175	MONDO:0008210	HGNC:16171	biolink:causes	0
0.92620087	MONDO:0008222	HGNC:14049	biolink:causes	0
0.6451073	MONDO:0008234	HGNC:9670	biolink:causes	0
0.9338358	MONDO:0008234	HGNC:47	biolink:causes	0
0.62678504	MONDO:0008234	HGNC:26383	biolink:causes	0
0.5940476	MONDO:0008246	HGNC:12630	biolink:causes	0
0.16405971	MONDO:0008274	HGNC:24007	biolink:gene_associated_with_condition	0
0.5327967	MONDO:0008278	HGNC:6091	biolink:causes	0
0.5633838	MONDO:0008278	HGNC:11776	biolink:gene_associated_with_condition	0
0.63196623	MONDO:0008306	HGNC:8582	biolink:gene_associated_with_condition	0
0.721818	MONDO:0008306	HGNC:10345	biolink:causes	0
0.23146436	MONDO:0008310	HGNC:3260	biolink:gene_associated_with_condition	0
0.89222103	MONDO:0008310	HGNC:18083	biolink:gene_associated_with_condition	0
0.8656174	MONDO:0008310	HGNC:5466	biolink:gene_associated_with_condition	0
0.47067517	MONDO:0008310	HGNC:17340	biolink:causes	0
0.81849366	MONDO:0008426	HGNC:17944	biolink:causes	0
0.99858296	MONDO:0008426	HGNC:3327	biolink:causes	0
0.5760966	MONDO:0008426	HGNC:11311	biolink:gene_associated_with_condition	0
0.7203642	MONDO:0008426	HGNC:11530	biolink:gene_associated_with_condition	0
0.9856674	MONDO:0008426	HGNC:3583	biolink:causes	0
0.90504295	MONDO:0008426	HGNC:823	biolink:causes	0
0.81728846	MONDO:0008490	HGNC:8786	biolink:causes	0
0.936302	MONDO:0008490	HGNC:341	biolink:gene_associated_with_condition	0
0.988128	MONDO:0008490	HGNC:27337	biolink:gene_associated_with_condition	0
0.9308667	MONDO:0008490	HGNC:7765	biolink:gene_associated_with_condition	0
0.8533597	MONDO:0008490	HGNC:3446	biolink:causes	0
0.8329237	MONDO:0008542	HGNC:48	biolink:causes	0
0.846854	MONDO:0008542	HGNC:27310	biolink:causes	0
0.42369276	MONDO:0008542	HGNC:5006	biolink:causes	0
0.643638	MONDO:0008542	HGNC:5048	biolink:causes	0
0.7111129	MONDO:0008542	HGNC:5358	biolink:causes	0
0.43677163	MONDO:0008542	HGNC:6182	biolink:causes	0
0.80402565	MONDO:0008542	HGNC:14049	biolink:causes	0
0.7653725	MONDO:0008542	HGNC:7326	biolink:causes	0
0.92086524	MONDO:0008542	HGNC:6770	biolink:causes	0
0.7667527	MONDO:0008542	HGNC:19967	biolink:gene_associated_with_condition	0
0.9650805	MONDO:0008542	HGNC:28396	biolink:causes	0
0.97032285	MONDO:0008542	HGNC:15517	biolink:causes	0
0.9103877	MONDO:0008542	HGNC:3178	biolink:contributes_to	0
0.9318288	MONDO:0008542	HGNC:3587	biolink:causes	0
0.6568749	MONDO:0008542	HGNC:26190	biolink:contributes_to	0
0.5944818	MONDO:0008542	HGNC:24929	biolink:causes	0
0.5888069	MONDO:0008542	HGNC:17975	biolink:gene_associated_with_condition	0
0.50955075	MONDO:0008542	HGNC:10446	biolink:causes	0
0.5676976	MONDO:0008542	HGNC:11184	biolink:causes	0
0.96732146	MONDO:0008542	HGNC:11743	biolink:gene_associated_with_condition	0
0.77511734	MONDO:0008542	HGNC:11998	biolink:gene_associated_with_condition	0
0.92541814	MONDO:0008542	HGNC:2514	biolink:causes	0
0.26229644	MONDO:0008542	HGNC:123	biolink:causes	0
0.9554713	MONDO:0008542	HGNC:4171	biolink:causes	0
0.9548171	MONDO:0008542	HGNC:13243	biolink:gene_associated_with_condition	0
0.2056083	MONDO:0008542	HGNC:8008	biolink:causes	0
0.916223	MONDO:0008542	HGNC:8632	biolink:gene_associated_with_condition	0
0.889992	MONDO:0008542	HGNC:19743	biolink:gene_associated_with_condition	0
0.97522926	MONDO:0008542	HGNC:12637	biolink:causes	0
0.8369747	MONDO:0008542	HGNC:7610	biolink:causes	0
0.57004535	MONDO:0008542	HGNC:9220	biolink:causes	0
0.84672076	MONDO:0008542	HGNC:13993	biolink:gene_associated_with_condition	0
0.96018034	MONDO:0008542	HGNC:19129	biolink:causes	0
0.96101	MONDO:0008542	HGNC:2198	biolink:gene_associated_with_condition	0
0.63019335	MONDO:0008542	HGNC:2527	biolink:causes	0
0.96373194	MONDO:0008542	HGNC:2846	biolink:causes	0
0.57520384	MONDO:0008542	HGNC:3010	biolink:contributes_to	0
0.96453243	MONDO:0008546	HGNC:1162	biolink:causes	0
0.9066021	MONDO:0008546	HGNC:12310	biolink:causes	0
0.7867317	MONDO:0008546	HGNC:103	biolink:causes	0
0.96730196	MONDO:0008678	HGNC:9722	biolink:gene_associated_with_condition	0
0.048348397	MONDO:0008678	HGNC:39080	biolink:contributes_to	0
0.9162585	MONDO:0008678	HGNC:15021	biolink:causes	0
0.30595583	MONDO:0008678	HGNC:23094	biolink:causes	0
0.94033206	MONDO:0008678	HGNC:9091	biolink:causes	0
0.73780686	MONDO:0008722	HGNC:11905	biolink:gene_associated_with_condition	0
0.46281087	MONDO:0008722	HGNC:23094	biolink:causes	0
0.86916006	MONDO:0008722	HGNC:12643	biolink:causes	0
0.4950807	MONDO:0008734	HGNC:11100	biolink:gene_associated_with_condition	0
0.4356086	MONDO:0008762	HGNC:573	biolink:gene_associated_with_condition	0
0.42848536	MONDO:0008762	HGNC:11521	biolink:causes	0
0.9416702	MONDO:0008818	HGNC:4162	biolink:causes	0
0.8577433	MONDO:0008818	HGNC:30778	biolink:causes	0
0.8780931	MONDO:0008818	HGNC:6207	biolink:gene_associated_with_condition	0
0.975318	MONDO:0008818	HGNC:8858	biolink:causes	0
0.9984102	MONDO:0008818	HGNC:12869	biolink:causes	0
0.9324402	MONDO:0008818	HGNC:4439	biolink:gene_associated_with_condition	0
0.8907623	MONDO:0008818	HGNC:4868	biolink:causes	0
0.97345364	MONDO:0008818	HGNC:18873	biolink:causes	0
0.17515002	MONDO:0008818	HGNC:10736	biolink:gene_associated_with_condition	0
0.5828391	MONDO:0008818	HGNC:13203	biolink:causes	0
0.744074	MONDO:0008818	HGNC:3530	biolink:causes	0
0.932132	MONDO:0008818	HGNC:7702	biolink:causes	0
0.90643233	MONDO:0008818	HGNC:10680	biolink:causes	0
0.9849261	MONDO:0008818	HGNC:20626	biolink:causes	0
0.9503058	MONDO:0008818	HGNC:6937	biolink:causes	0
0.5928009	MONDO:0008834	HGNC:4379	biolink:gene_associated_with_condition	0
0.16473593	MONDO:0008854	HGNC:18829	biolink:causes	0
0.14541784	MONDO:0008854	HGNC:6893	biolink:causes	0
0.87352115	MONDO:0008854	HGNC:2195	biolink:causes	0
0.026456427	MONDO:0008854	HGNC:2359	biolink:gene_associated_with_condition	0
0.8424707	MONDO:0008854	HGNC:20761	biolink:causes	0
0.36614022	MONDO:0008858	HGNC:9910	biolink:gene_associated_with_condition	0
0.9830115	MONDO:0008862	HGNC:3604	biolink:causes	0
0.98956096	MONDO:0008862	HGNC:2200	biolink:gene_associated_with_condition	0
0.9160962	MONDO:0008922	HGNC:3586	biolink:causes	0
0.9146813	MONDO:0008954	HGNC:3178	biolink:gene_associated_with_condition	0
0.7281921	MONDO:0008998	HGNC:25543	biolink:causes	0
0.8933907	MONDO:0009050	HGNC:8787	biolink:causes	0
0.6390591	MONDO:0009050	HGNC:9936	biolink:gene_associated_with_condition	0
0.90589976	MONDO:0009050	HGNC:1802	biolink:causes	0
0.9509367	MONDO:0009110	HGNC:26222	biolink:causes	0
0.4614924	MONDO:0009194	HGNC:11522	biolink:gene_associated_with_condition	0
0.46820083	MONDO:0009210	HGNC:18248	biolink:causes	0
0.9709901	MONDO:0009210	HGNC:1122	biolink:causes	0
0.9333238	MONDO:0009210	HGNC:2858	biolink:causes	0
0.2264407	MONDO:0009218	HGNC:8565	biolink:causes	0
0.80932546	MONDO:0009262	HGNC:24097	biolink:causes	0
0.9333165	MONDO:0009262	HGNC:20967	biolink:gene_associated_with_condition	0
0.8992436	MONDO:0009266	HGNC:14049	biolink:causes	0
0.971308	MONDO:0009266	HGNC:4193	biolink:causes	0
0.16792879	MONDO:0009274	HGNC:15802	biolink:causes	0
0.8335916	MONDO:0009274	HGNC:17997	biolink:gene_associated_with_condition	0
0.98132724	MONDO:0009306	HGNC:16873	biolink:gene_associated_with_condition	0
0.8140693	MONDO:0009306	HGNC:9967	biolink:contributes_to	0
0.41964063	MONDO:0009306	HGNC:25326	biolink:causes	0
0.8529046	MONDO:0009306	HGNC:30860	biolink:causes	0
0.9862152	MONDO:0009354	HGNC:31582	biolink:causes	0
0.7409261	MONDO:0009354	HGNC:10471	biolink:causes	0
0.5707068	MONDO:0009354	HGNC:20759	biolink:causes	0
0.90644574	MONDO:0009406	HGNC:1366	biolink:causes	0
0.8890111	MONDO:0009406	HGNC:5961	biolink:causes	0
0.22896828	MONDO:0009414	HGNC:4042	biolink:causes	0
0.87634796	MONDO:0009414	HGNC:6636	biolink:causes	0
0.9133936	MONDO:0009414	HGNC:4823	biolink:causes	0
0.83663666	MONDO:0009458	HGNC:20145	biolink:gene_associated_with_condition	0
0.9475449	MONDO:0009478	HGNC:10483	biolink:gene_associated_with_condition	0
0.40959823	MONDO:0009490	HGNC:3811	biolink:gene_associated_with_condition	0
0.81137097	MONDO:0009490	HGNC:11231	biolink:causes	0
0.956013	MONDO:0009562	HGNC:2227	biolink:causes	0
0.40238574	MONDO:0009562	HGNC:20406	biolink:causes	0
0.95961916	MONDO:0009598	HGNC:8790	biolink:causes	0
0.15349676	MONDO:0009642	HGNC:6235	biolink:causes	0
0.6411092	MONDO:0009642	HGNC:23663	biolink:causes	0
0.7246226	MONDO:0009646	HGNC:3436	biolink:gene_associated_with_condition	0
0.9860989	MONDO:0009658	HGNC:18591	biolink:causes	0
0.8904962	MONDO:0009658	HGNC:11071	biolink:causes	0
0.6066652	MONDO:0009714	HGNC:7106	biolink:gene_associated_with_condition	0
0.96335024	MONDO:0009714	HGNC:888	biolink:causes	0
0.30361092	MONDO:0009722	HGNC:8008	biolink:causes	0
0.9395453	MONDO:0009818	HGNC:6501	biolink:causes	0
0.65820056	MONDO:0009874	HGNC:177	biolink:gene_associated_with_condition	0
0.94807667	MONDO:0009890	HGNC:2592	biolink:gene_associated_with_condition	0
0.45999587	MONDO:0009994	HGNC:3434	biolink:causes	0
0.6741195	MONDO:0009994	HGNC:2200	biolink:causes	0
0.79534024	MONDO:0009998	HGNC:9143	biolink:gene_associated_with_condition	0
0.8721926	MONDO:0009998	HGNC:3754	biolink:gene_associated_with_condition	0
0.8717365	MONDO:0010046	HGNC:3811	biolink:gene_associated_with_condition	0
0.7846388	MONDO:0010086	HGNC:3702	biolink:causes	0
0.09765567	MONDO:0010086	HGNC:23302	biolink:causes	0
0.26323047	MONDO:0010086	HGNC:20917	biolink:causes	0
0.97230387	MONDO:0010122	HGNC:60	biolink:causes	0
0.61469376	MONDO:0010122	HGNC:11535	biolink:causes	0
0.98227787	MONDO:0010130	HGNC:25221	biolink:gene_associated_with_condition	0
0.892078	MONDO:0010130	HGNC:8975	biolink:causes	0
0.85462314	MONDO:0010162	HGNC:11768	biolink:causes	0
0.6789441	MONDO:0010214	HGNC:15561	biolink:gene_associated_with_condition	0
0.79392684	MONDO:0010246	HGNC:4392	biolink:gene_associated_with_condition	0
0.8482372	MONDO:0010250	HGNC:11743	biolink:gene_associated_with_condition	0
0.35957143	MONDO:0010250	HGNC:9957	biolink:causes	0
0.26687998	MONDO:0010250	HGNC:1706	biolink:gene_associated_with_condition	0
0.7189601	MONDO:0010258	HGNC:8977	biolink:causes	0
0.7819252	MONDO:0010258	HGNC:4706	biolink:causes	0
0.9844599	MONDO:0010278	HGNC:757	biolink:gene_associated_with_condition	0
0.50469667	MONDO:0010286	HGNC:4887	biolink:gene_associated_with_condition	0
0.49875048	MONDO:0010310	HGNC:26208	biolink:causes	0
0.93328995	MONDO:0010310	HGNC:5956	biolink:causes	0
0.92114645	MONDO:0010350	HGNC:11957	biolink:causes	0
0.6544805	MONDO:0010446	HGNC:30129	biolink:causes	0
0.09166818	MONDO:0010446	HGNC:12631	biolink:gene_associated_with_condition	0
0.9834731	MONDO:0010486	HGNC:4452	biolink:causes	0
0.6432199	MONDO:0010506	HGNC:494	biolink:causes	0
0.7391238	MONDO:0010510	HGNC:12016	biolink:causes	0
0.9747176	MONDO:0010510	HGNC:2198	biolink:gene_associated_with_condition	0
0.9889972	MONDO:0010554	HGNC:10853	biolink:causes	0
0.22435339	MONDO:0010606	HGNC:329	biolink:causes	0
0.5980151	MONDO:0010606	HGNC:12828	biolink:causes	0
0.83502203	MONDO:0010606	HGNC:3680	biolink:gene_associated_with_condition	0
0.023183282	MONDO:0010626	HGNC:12271	biolink:gene_associated_with_condition	0
0.6122989	MONDO:0010626	HGNC:5056	biolink:gene_associated_with_condition	0
0.80941415	MONDO:0010758	HGNC:236	biolink:causes	0
0.2991901	MONDO:0010758	HGNC:15802	biolink:causes	0
0.93452173	MONDO:0010758	HGNC:26058	biolink:causes	0
0.94909805	MONDO:0010758	HGNC:21699	biolink:causes	0
0.8717415	MONDO:0010790	HGNC:132	biolink:gene_associated_with_condition	0
0.95942163	MONDO:0010790	HGNC:11769	biolink:causes	0
0.3978891	MONDO:0010790	HGNC:19218	biolink:causes	0
0.51470804	MONDO:0010794	HGNC:493	biolink:causes	0
0.7176107	MONDO:0010850	HGNC:6944	biolink:causes	0
0.8467409	MONDO:0010870	HGNC:8778	biolink:causes	0
0.48664278	MONDO:0010870	HGNC:6944	biolink:causes	0
0.8339238	MONDO:0010870	HGNC:7690	biolink:causes	0
0.9849614	MONDO:0011010	HGNC:4220	biolink:causes	0
0.81487346	MONDO:0011066	HGNC:6481	biolink:causes	0
0.65536827	MONDO:0011066	HGNC:11161	biolink:causes	0
0.9245142	MONDO:0011070	HGNC:6284	biolink:causes	0
0.4635388	MONDO:0011102	HGNC:18060	biolink:causes	0
0.9524259	MONDO:0011106	HGNC:11079	biolink:causes	0
0.9037557	MONDO:0011106	HGNC:3778	biolink:causes	0
0.20768921	MONDO:0011106	HGNC:6709	biolink:contributes_to	0
0.9652924	MONDO:0011106	HGNC:14418	biolink:causes	0
0.651197	MONDO:0011158	HGNC:11100	biolink:causes	0
0.8407437	MONDO:0011190	HGNC:27845	biolink:causes	0
0.68675184	MONDO:0011202	HGNC:13387	biolink:causes	0
0.92828643	MONDO:0011226	HGNC:4162	biolink:gene_associated_with_condition	0
0.3954694	MONDO:0011226	HGNC:5331	biolink:contributes_to	0
0.96547604	MONDO:0011226	HGNC:11769	biolink:causes	0
0.28553993	MONDO:0011226	HGNC:15819	biolink:causes	0
0.8259868	MONDO:0011226	HGNC:12666	biolink:gene_associated_with_condition	0
0.21796203	MONDO:0011242	HGNC:18674	biolink:gene_associated_with_condition	0
0.9335572	MONDO:0011246	HGNC:16783	biolink:causes	0
0.915154	MONDO:0011338	HGNC:11006	biolink:causes	0
0.56401134	MONDO:0011338	HGNC:10680	biolink:causes	0
0.48292688	MONDO:0011338	HGNC:4817	biolink:gene_associated_with_condition	0
0.20502889	MONDO:0011338	HGNC:9910	biolink:gene_associated_with_condition	0
0.9235351	MONDO:0011398	HGNC:3702	biolink:gene_associated_with_condition	0
0.5489457	MONDO:0011422	HGNC:25705	biolink:causes	0
0.7006431	MONDO:0011430	HGNC:4832	biolink:gene_associated_with_condition	0
0.9336738	MONDO:0011430	HGNC:28993	biolink:causes	0
0.90739506	MONDO:0011430	HGNC:9607	biolink:causes	0
0.70097244	MONDO:0011450	HGNC:30348	biolink:gene_associated_with_condition	0
0.7190484	MONDO:0011450	HGNC:28648	biolink:gene_associated_with_condition	0
0.6388551	MONDO:0011490	HGNC:18798	biolink:causes	0
0.7323248	MONDO:0011490	HGNC:25535	biolink:causes	0
0.86345243	MONDO:0011546	HGNC:9039	biolink:causes	0
0.6894888	MONDO:0011570	HGNC:9069	biolink:gene_associated_with_condition	0
0.9620326	MONDO:0011630	HGNC:13869	biolink:causes	0
0.8457582	MONDO:0011694	HGNC:16088	biolink:causes	0
0.43719926	MONDO:0011698	HGNC:1090	biolink:gene_associated_with_condition	0
0.358145	MONDO:0011738	HGNC:10906	biolink:causes	0
0.39505213	MONDO:0011774	HGNC:11934	biolink:contributes_to	0
0.67225266	MONDO:0011790	HGNC:7821	biolink:gene_associated_with_condition	0
0.83113104	MONDO:0011790	HGNC:23657	biolink:causes	0
0.953557	MONDO:0011794	HGNC:15924	biolink:gene_associated_with_condition	0
0.755061	MONDO:0011822	HGNC:30563	biolink:causes	0
0.59117305	MONDO:0011830	HGNC:6893	biolink:gene_associated_with_condition	0
0.80346364	MONDO:0011830	HGNC:20772	biolink:gene_associated_with_condition	0
0.42423466	MONDO:0011830	HGNC:12593	biolink:contributes_to	0
0.88418424	MONDO:0011902	HGNC:14214	biolink:causes	0
0.895582	MONDO:0011902	HGNC:13993	biolink:gene_associated_with_condition	0
0.45275626	MONDO:0011974	HGNC:25941	biolink:gene_associated_with_condition	0
0.92969227	MONDO:0011998	HGNC:2433	biolink:causes	0
0.8665909	MONDO:0012166	HGNC:12012	biolink:gene_associated_with_condition	0
0.75146323	MONDO:0012166	HGNC:14304	biolink:causes	0
0.98411095	MONDO:0012190	HGNC:26527	biolink:causes	0
0.9703598	MONDO:0012222	HGNC:6742	biolink:causes	0
0.050513335	MONDO:0012294	HGNC:6769	biolink:causes	0
0.5382437	MONDO:0012354	HGNC:4023	biolink:causes	0
0.37145564	MONDO:0012382	HGNC:7103	biolink:gene_associated_with_condition	0
0.65602773	MONDO:0012382	HGNC:10771	biolink:gene_associated_with_condition	0
0.9478567	MONDO:0012398	HGNC:10664	biolink:gene_associated_with_condition	0
0.5213434	MONDO:0012410	HGNC:26821	biolink:causes	0
0.9833866	MONDO:0012434	HGNC:3219	biolink:causes	0
0.6225761	MONDO:0012442	HGNC:6973	biolink:causes	0
0.72845936	MONDO:0012474	HGNC:12511	biolink:gene_associated_with_condition	0
0.9936772	MONDO:0012514	HGNC:3663	biolink:causes	0
0.79707474	MONDO:0012514	HGNC:9966	biolink:contributes_to	0
0.2834828	MONDO:0012522	HGNC:29873	biolink:causes	0
0.3703968	MONDO:0012522	HGNC:8756	biolink:causes	0
0.46803656	MONDO:0012526	HGNC:15646	biolink:causes	0
0.90743446	MONDO:0012554	HGNC:2214	biolink:gene_associated_with_condition	0
0.9231259	MONDO:0012554	HGNC:20213	biolink:causes	0
0.523174	MONDO:0012594	HGNC:1529	biolink:causes	0
0.46594515	MONDO:0012594	HGNC:572	biolink:causes	0
0.8037541	MONDO:0012594	HGNC:14334	biolink:gene_associated_with_condition	0
0.41017288	MONDO:0012594	HGNC:3259	biolink:gene_associated_with_condition	0
0.9786295	MONDO:0012634	HGNC:23625	biolink:causes	0
0.40196225	MONDO:0012650	HGNC:10593	biolink:causes	0
0.9710159	MONDO:0012682	HGNC:11773	biolink:gene_associated_with_condition	0
0.6021369	MONDO:0012682	HGNC:20716	biolink:causes	0
0.9871181	MONDO:0012718	HGNC:19082	biolink:gene_associated_with_condition	0
0.9548559	MONDO:0012718	HGNC:2760	biolink:causes	0
0.30337605	MONDO:0012726	HGNC:6005	biolink:gene_associated_with_condition	0
0.493874	MONDO:0012734	HGNC:8028	biolink:causes	0
0.64896905	MONDO:0012734	HGNC:9280	biolink:causes	0
0.7856267	MONDO:0012738	HGNC:2973	biolink:gene_associated_with_condition	0
0.58005387	MONDO:0012786	HGNC:6207	biolink:gene_associated_with_condition	0
0.8576134	MONDO:0012786	HGNC:90	biolink:gene_associated_with_condition	0
0.7254547	MONDO:0012786	HGNC:8657	biolink:causes	0
0.89587885	MONDO:0012786	HGNC:12744	biolink:causes	0
0.87747276	MONDO:0012866	HGNC:10381	biolink:gene_associated_with_condition	0
0.8239818	MONDO:0012930	HGNC:14202	biolink:causes	0
0.9927342	MONDO:0012930	HGNC:27030	biolink:causes	0
0.98115206	MONDO:0012946	HGNC:2219	biolink:causes	0
0.86820626	MONDO:0012982	HGNC:5960	biolink:gene_associated_with_condition	0
0.98292416	MONDO:0012994	HGNC:18169	biolink:gene_associated_with_condition	0
0.34633422	MONDO:0013002	HGNC:16999	biolink:gene_associated_with_condition	0
0.9803492	MONDO:0013034	HGNC:19317	biolink:causes	0
0.7775849	MONDO:0013034	HGNC:25072	biolink:causes	0
0.34966454	MONDO:0013050	HGNC:2472	biolink:causes	0
0.9780853	MONDO:0013050	HGNC:3689	biolink:gene_associated_with_condition	0
0.57924336	MONDO:0013050	HGNC:20759	biolink:causes	0
0.9748111	MONDO:0013058	HGNC:888	biolink:causes	0
0.73712796	MONDO:0013070	HGNC:2418	biolink:causes	0
0.11039138	MONDO:0013070	HGNC:8117	biolink:gene_associated_with_condition	0
0.90175503	MONDO:0013110	HGNC:7001	biolink:gene_associated_with_condition	0
0.8742222	MONDO:0013110	HGNC:16783	biolink:gene_associated_with_condition	0
0.01482811	MONDO:0013162	HGNC:29525	biolink:causes	0
0.42764843	MONDO:0013162	HGNC:11701	biolink:causes	0
0.58984524	MONDO:0013170	HGNC:620	biolink:gene_associated_with_condition	0
0.39136434	MONDO:0013178	HGNC:4707	biolink:gene_associated_with_condition	0
0.9465816	MONDO:0013178	HGNC:6305	biolink:causes	0
0.6206924	MONDO:0013198	HGNC:4868	biolink:causes	0
0.80739653	MONDO:0013198	HGNC:1762	biolink:causes	0
0.88074195	MONDO:0013214	HGNC:4512	biolink:causes	0
0.9818148	MONDO:0013218	HGNC:7883	biolink:causes	0
0.66952884	MONDO:0013222	HGNC:17073	biolink:causes	0
0.19048731	MONDO:0013222	HGNC:1343	biolink:causes	0
0.91609985	MONDO:0013342	HGNC:13993	biolink:gene_associated_with_condition	0
0.86953735	MONDO:0013342	HGNC:21307	biolink:causes	0
0.98444486	MONDO:0013350	HGNC:31555	biolink:causes	0
0.34065738	MONDO:0013390	HGNC:13818	biolink:causes	0
0.841081	MONDO:0013390	HGNC:28845	biolink:causes	0
0.8212381	MONDO:0013398	HGNC:10993	biolink:causes	0
0.68438464	MONDO:0013414	HGNC:329	biolink:gene_associated_with_condition	0
0.9181955	MONDO:0013414	HGNC:30074	biolink:gene_associated_with_condition	0
0.8141991	MONDO:0013418	HGNC:6859	biolink:causes	0
0.99149936	MONDO:0013426	HGNC:7883	biolink:causes	0
0.2538887	MONDO:0013462	HGNC:24552	biolink:causes	0
0.3993321	MONDO:0013482	HGNC:2488	biolink:causes	0
0.4324289	MONDO:0013482	HGNC:6973	biolink:causes	0
0.99045193	MONDO:0013482	HGNC:20197	biolink:causes	0
0.90902627	MONDO:0013526	HGNC:6518	biolink:causes	0
0.5697957	MONDO:0013526	HGNC:4462	biolink:gene_associated_with_condition	0
0.89175725	MONDO:0013526	HGNC:17754	biolink:causes	0
0.88269305	MONDO:0013550	HGNC:16783	biolink:causes	0
0.066707574	MONDO:0013554	HGNC:10387	biolink:gene_associated_with_condition	0
0.4659939	MONDO:0013570	HGNC:28027	biolink:gene_associated_with_condition	0
0.1301616	MONDO:0013570	HGNC:26047	biolink:gene_associated_with_condition	0
0.97412837	MONDO:0013570	HGNC:19129	biolink:causes	0
0.9579245	MONDO:0013634	HGNC:1750	biolink:causes	0
0.9631843	MONDO:0013634	HGNC:2212	biolink:gene_associated_with_condition	0
0.9423519	MONDO:0013634	HGNC:7690	biolink:causes	0
0.8826986	MONDO:0013634	HGNC:21686	biolink:causes	0
0.14947256	MONDO:0013642	HGNC:9967	biolink:contributes_to	0
0.97715354	MONDO:0013678	HGNC:9179	biolink:causes	0
0.94070756	MONDO:0013686	HGNC:649	biolink:causes	0
0.97044647	MONDO:0013690	HGNC:28423	biolink:causes	0
0.8063132	MONDO:0013690	HGNC:6081	biolink:causes	0
0.23986498	MONDO:0013690	HGNC:11598	biolink:causes	0
0.9893087	MONDO:0013690	HGNC:27337	biolink:gene_associated_with_condition	0
0.9529568	MONDO:0013690	HGNC:19316	biolink:causes	0
0.98025906	MONDO:0013690	HGNC:9039	biolink:causes	0
0.98344153	MONDO:0013690	HGNC:9277	biolink:causes	0
0.6720325	MONDO:0013718	HGNC:6343	biolink:causes	0
0.55430853	MONDO:0013718	HGNC:10600	biolink:causes	0
0.9277106	MONDO:0013766	HGNC:7974	biolink:gene_associated_with_condition	0
0.044228207	MONDO:0013766	HGNC:25415	biolink:causes	0
0.34058088	MONDO:0013794	HGNC:2481	biolink:causes	0
0.3420242	MONDO:0013842	HGNC:1884	biolink:causes	0
0.85534406	MONDO:0013842	HGNC:9721	biolink:causes	0
0.87801075	MONDO:0013842	HGNC:1393	biolink:causes	0
0.5587668	MONDO:0013862	HGNC:3765	biolink:gene_associated_with_condition	0
0.9951775	MONDO:0013962	HGNC:26527	biolink:causes	0
0.97988826	MONDO:0013962	HGNC:5382	biolink:gene_associated_with_condition	0
0.30302984	MONDO:0013962	HGNC:28506	biolink:gene_associated_with_condition	0
0.99149054	MONDO:0014034	HGNC:3604	biolink:causes	0
0.97463346	MONDO:0014042	HGNC:18550	biolink:causes	0
0.8607092	MONDO:0014094	HGNC:10979	biolink:causes	0
0.5925219	MONDO:0014094	HGNC:29853	biolink:causes	0
0.87815607	MONDO:0014094	HGNC:5439	biolink:causes	0
0.8676253	MONDO:0014094	HGNC:29529	biolink:gene_associated_with_condition	0
0.9446027	MONDO:0014118	HGNC:9879	biolink:causes	0
0.8277697	MONDO:0014118	HGNC:2898	biolink:gene_associated_with_condition	0
0.3426567	MONDO:0014122	HGNC:26600	biolink:causes	0
0.19264609	MONDO:0014146	HGNC:10004	biolink:causes	0
0.98181564	MONDO:0014198	HGNC:8965	biolink:causes	0
0.012915317	MONDO:0014198	HGNC:8117	biolink:gene_associated_with_condition	0
0.38746837	MONDO:0014202	HGNC:20716	biolink:gene_associated_with_condition	0
0.7677202	MONDO:0014206	HGNC:10922	biolink:causes	0
0.84738934	MONDO:0014210	HGNC:17761	biolink:causes	0
0.87230355	MONDO:0014218	HGNC:358	biolink:causes	0
0.9122005	MONDO:0014222	HGNC:1162	biolink:causes	0
0.7363645	MONDO:0014222	HGNC:3267	biolink:causes	0
0.18596858	MONDO:0014230	HGNC:7103	biolink:gene_associated_with_condition	0
0.91138595	MONDO:0014230	HGNC:27337	biolink:gene_associated_with_condition	0
0.6796315	MONDO:0014238	HGNC:30859	biolink:causes	0
0.81172305	MONDO:0014242	HGNC:3373	biolink:causes	0
0.8157684	MONDO:0014274	HGNC:33939	biolink:causes	0
0.556583	MONDO:0014282	HGNC:6217	biolink:gene_associated_with_condition	0
0.8279588	MONDO:0014282	HGNC:3767	biolink:causes	0
0.09531973	MONDO:0014290	HGNC:1606	biolink:contributes_to	0
0.1164005	MONDO:0014290	HGNC:30788	biolink:causes	0
0.6648706	MONDO:0014290	HGNC:3386	biolink:causes	0
0.9807717	MONDO:0014302	HGNC:9608	biolink:causes	0
0.833428	MONDO:0014338	HGNC:800	biolink:causes	0
0.97775614	MONDO:0014338	HGNC:2202	biolink:gene_associated_with_condition	0
0.521963	MONDO:0014346	HGNC:18149	biolink:causes	0
0.9469155	MONDO:0014346	HGNC:9879	biolink:causes	0
0.94473934	MONDO:0014358	HGNC:4868	biolink:causes	0
0.9661922	MONDO:0014386	HGNC:2187	biolink:causes	0
0.8703649	MONDO:0014386	HGNC:1514	biolink:causes	0
0.6669309	MONDO:0014386	HGNC:25751	biolink:gene_associated_with_condition	0
0.55156213	MONDO:0014386	HGNC:17097	biolink:causes	0
0.6464621	MONDO:0014386	HGNC:6415	biolink:causes	0
0.51282185	MONDO:0014386	HGNC:14579	biolink:causes	0
0.9385337	MONDO:0014398	HGNC:20492	biolink:gene_associated_with_condition	0
0.9646596	MONDO:0014406	HGNC:7413	biolink:gene_associated_with_condition	0
0.79438645	MONDO:0014434	HGNC:17258	biolink:causes	0
0.692092	MONDO:0014450	HGNC:9967	biolink:causes	0
0.12909096	MONDO:0014466	HGNC:15802	biolink:gene_associated_with_condition	0
0.08348447	MONDO:0014466	HGNC:21158	biolink:gene_associated_with_condition	0
0.92935	MONDO:0014474	HGNC:14253	biolink:gene_associated_with_condition	0
0.9780713	MONDO:0014490	HGNC:14937	biolink:causes	0
0.96549404	MONDO:0014490	HGNC:6898	biolink:causes	0
0.665348	MONDO:0014494	HGNC:24071	biolink:causes	0
0.8396713	MONDO:0014518	HGNC:6859	biolink:causes	0
0.93817925	MONDO:0014518	HGNC:25221	biolink:gene_associated_with_condition	0
0.84295166	MONDO:0014518	HGNC:24113	biolink:causes	0
0.9464813	MONDO:0014522	HGNC:6823	biolink:causes	0
0.1639922	MONDO:0014550	HGNC:6107	biolink:causes	0
0.9120003	MONDO:0014550	HGNC:26708	biolink:causes	0
0.88118535	MONDO:0014574	HGNC:18083	biolink:gene_associated_with_condition	0
0.94093996	MONDO:0014586	HGNC:9990	biolink:causes	0
0.95203143	MONDO:0014586	HGNC:177	biolink:gene_associated_with_condition	0
0.9795567	MONDO:0014586	HGNC:25221	biolink:gene_associated_with_condition	0
0.98078465	MONDO:0014586	HGNC:6518	biolink:causes	0
0.3895457	MONDO:0014602	HGNC:4379	biolink:causes	0
0.16917656	MONDO:0014622	HGNC:2946	biolink:causes	0
0.91114897	MONDO:0014622	HGNC:9004	biolink:gene_associated_with_condition	0
0.5216102	MONDO:0014622	HGNC:21066	biolink:causes	0
0.83424586	MONDO:0014630	HGNC:2666	biolink:gene_associated_with_condition	0
0.84578437	MONDO:0014630	HGNC:3146	biolink:causes	0
0.9810868	MONDO:0014646	HGNC:7437	biolink:gene_associated_with_condition	0
0.28319335	MONDO:0014670	HGNC:6439	biolink:gene_associated_with_condition	0
0.5141946	MONDO:0014670	HGNC:5286	biolink:causes	0
0.9052507	MONDO:0014682	HGNC:8849	biolink:causes	0
0.946271	MONDO:0014686	HGNC:24525	biolink:causes	0
0.50969654	MONDO:0014686	HGNC:11182	biolink:gene_associated_with_condition	0
0.2342404	MONDO:0014686	HGNC:12299	biolink:gene_associated_with_condition	0
0.83821183	MONDO:0014710	HGNC:8546	biolink:causes	0
0.6266977	MONDO:0014718	HGNC:9069	biolink:gene_associated_with_condition	0
0.97240216	MONDO:0014738	HGNC:18340	biolink:causes	0
0.7555652	MONDO:0014754	HGNC:12009	biolink:causes	0
0.4748708	MONDO:0014754	HGNC:317	biolink:gene_associated_with_condition	0
0.7416178	MONDO:0014822	HGNC:8591	biolink:causes	0
0.78821087	MONDO:0014822	HGNC:3791	biolink:gene_associated_with_condition	0
0.9505469	MONDO:0014830	HGNC:4454	biolink:gene_associated_with_condition	0
0.83280224	MONDO:0014850	HGNC:29929	biolink:causes	0
0.9518679	MONDO:0014866	HGNC:291	biolink:gene_associated_with_condition	0
0.2838111	MONDO:0014866	HGNC:3776	biolink:causes	0
0.9226425	MONDO:0014866	HGNC:25295	biolink:causes	0
0.71980816	MONDO:0014866	HGNC:2907	biolink:gene_associated_with_condition	0
0.26397264	MONDO:0014918	HGNC:13488	biolink:gene_associated_with_condition	0
0.98829776	MONDO:0014926	HGNC:2187	biolink:causes	0
0.9821384	MONDO:0014942	HGNC:951	biolink:causes	0
0.5688667	MONDO:0014946	HGNC:6973	biolink:causes	0
0.9375928	MONDO:0014970	HGNC:7461	biolink:gene_associated_with_condition	0
0.63783926	MONDO:0014998	HGNC:11584	biolink:gene_associated_with_condition	0
0.9236374	MONDO:0014998	HGNC:2858	biolink:gene_associated_with_condition	0
0.902721	MONDO:0015010	HGNC:5383	biolink:causes	0
0.28533518	MONDO:0015010	HGNC:8996	biolink:causes	0
0.508005	MONDO:0015270	HGNC:18326	biolink:causes	0
0.664223	MONDO:0015278	HGNC:16951	biolink:causes	0
0.93448704	MONDO:0015278	HGNC:11187	biolink:causes	0
0.7269763	MONDO:0015278	HGNC:1857	biolink:gene_associated_with_condition	0
0.7154969	MONDO:0015278	HGNC:17111	biolink:causes	0
0.714839	MONDO:0015278	HGNC:11633	biolink:gene_associated_with_condition	0
0.8355535	MONDO:0015278	HGNC:29118	biolink:causes	0
0.861148	MONDO:0015278	HGNC:12362	biolink:causes	0
0.94740295	MONDO:0015278	HGNC:21219	biolink:causes	0
0.88941854	MONDO:0015466	HGNC:9722	biolink:gene_associated_with_condition	0
0.7621049	MONDO:0015466	HGNC:9585	biolink:causes	0
0.90119916	MONDO:0015566	HGNC:3754	biolink:causes	0
0.7612453	MONDO:0015566	HGNC:12713	biolink:causes	0
0.6847665	MONDO:0015786	HGNC:1529	biolink:gene_associated_with_condition	0
0.9676471	MONDO:0016002	HGNC:6391	biolink:gene_associated_with_condition	0
0.6405321	MONDO:0016598	HGNC:11771	biolink:gene_associated_with_condition	0
0.47931862	MONDO:0016598	HGNC:11795	biolink:gene_associated_with_condition	0
0.06379741	MONDO:0016606	HGNC:18625	biolink:causes	0
0.20238799	MONDO:0016606	HGNC:4887	biolink:gene_associated_with_condition	0
0.70070237	MONDO:0016682	HGNC:5358	biolink:causes	0
0.9340718	MONDO:0016682	HGNC:19073	biolink:gene_associated_with_condition	0
0.18617384	MONDO:0016710	HGNC:28952	biolink:causes	0
0.013668221	MONDO:0016710	HGNC:10582	biolink:gene_associated_with_condition	0
0.94125664	MONDO:0016782	HGNC:9986	biolink:causes	0
0.9840852	MONDO:0016782	HGNC:11102	biolink:causes	0
0.3477823	MONDO:0016838	HGNC:30632	biolink:causes	0
0.87294877	MONDO:0017218	HGNC:6770	biolink:causes	0
0.9865398	MONDO:0017218	HGNC:7060	biolink:causes	0
0.8871281	MONDO:0017218	HGNC:8975	biolink:causes	0
0.647815	MONDO:0017218	HGNC:17340	biolink:causes	0
0.04347445	MONDO:0017238	HGNC:2409	biolink:gene_associated_with_condition	0
0.2657873	MONDO:0017238	HGNC:4281	biolink:gene_associated_with_condition	0
0.96881413	MONDO:0017354	HGNC:7133	biolink:gene_associated_with_condition	0
0.4601515	MONDO:0017382	HGNC:6423	biolink:gene_associated_with_condition	0
0.8897957	MONDO:0017402	HGNC:6769	biolink:causes	0
0.95518243	MONDO:0017402	HGNC:2219	biolink:causes	0
0.01145198	MONDO:0017906	HGNC:4431	biolink:causes	0
0.4155258	MONDO:0018006	HGNC:9220	biolink:causes	0
0.3165805	MONDO:0018114	HGNC:7103	biolink:gene_associated_with_condition	0
0.43292016	MONDO:0018206	HGNC:21088	biolink:causes	0
0.080302864	MONDO:0018254	HGNC:2511	biolink:causes	0
0.2865425	MONDO:0018274	HGNC:16063	biolink:gene_associated_with_condition	0
0.7707645	MONDO:0018598	HGNC:3481	biolink:gene_associated_with_condition	0
0.817408	MONDO:0018598	HGNC:15984	biolink:causes	0
0.762261	MONDO:0018598	HGNC:23639	biolink:causes	0
0.6940092	MONDO:0018598	HGNC:26200	biolink:gene_associated_with_condition	0
0.87084556	MONDO:0018598	HGNC:25792	biolink:gene_associated_with_condition	0
0.8594847	MONDO:0018598	HGNC:21638	biolink:gene_associated_with_condition	0
0.90761364	MONDO:0018598	HGNC:3755	biolink:causes	0
0.9190443	MONDO:0018598	HGNC:29017	biolink:gene_associated_with_condition	0
0.357906	MONDO:0018742	HGNC:14977	biolink:causes	0
0.30738568	MONDO:0018758	HGNC:3122	biolink:causes	0
0.031847004	MONDO:0018758	HGNC:2022	biolink:causes	0
0.97159237	MONDO:0018822	HGNC:6518	biolink:causes	0
0.07986299	MONDO:0019082	HGNC:9142	biolink:gene_associated_with_condition	0
0.14433531	MONDO:0019082	HGNC:8609	biolink:causes	0
0.5735965	MONDO:0019150	HGNC:30859	biolink:causes	0
0.9164818	MONDO:0019150	HGNC:9587	biolink:causes	0
0.45719928	MONDO:0019150	HGNC:317	biolink:gene_associated_with_condition	0
0.75733596	MONDO:0019174	HGNC:11764	biolink:causes	0
0.72808266	MONDO:0019174	HGNC:5056	biolink:gene_associated_with_condition	0
0.89660245	MONDO:0019174	HGNC:4593	biolink:gene_associated_with_condition	0
0.9691227	MONDO:0019310	HGNC:15808	biolink:causes	0
0.5441769	MONDO:0019310	HGNC:3433	biolink:causes	0
0.8232639	MONDO:0019374	HGNC:4507	biolink:contributes_to	0
0.9124344	MONDO:0019374	HGNC:2478	biolink:causes	0
0.8666612	MONDO:0019374	HGNC:2978	biolink:causes	0
0.80159044	MONDO:0019458	HGNC:6636	biolink:gene_associated_with_condition	0
0.73790854	MONDO:0019458	HGNC:11389	biolink:causes	0
0.8445018	MONDO:0019522	HGNC:25705	biolink:causes	0
0.63601995	MONDO:0019522	HGNC:9910	biolink:gene_associated_with_condition	0
0.044026725	MONDO:0019666	HGNC:9046	biolink:contributes_to	0
0.95275503	MONDO:0019758	HGNC:5006	biolink:causes	0
0.9951781	MONDO:0019758	HGNC:13869	biolink:causes	0
0.94874865	MONDO:0019758	HGNC:16448	biolink:causes	0
0.86389047	MONDO:0019758	HGNC:14198	biolink:contributes_to	0
0.5163514	MONDO:0019930	HGNC:12768	biolink:gene_associated_with_condition	0
0.5150195	MONDO:0020298	HGNC:4312	biolink:contributes_to	0
0.74315375	MONDO:0020298	HGNC:20788	biolink:gene_associated_with_condition	0
0.9081101	MONDO:0020354	HGNC:20759	biolink:causes	0
0.96629804	MONDO:0020378	HGNC:12872	biolink:gene_associated_with_condition	0
0.9182496	MONDO:0020378	HGNC:4799	biolink:gene_associated_with_condition	0
0.9401834	MONDO:0020378	HGNC:6239	biolink:gene_associated_with_condition	0
0.63145083	MONDO:0020378	HGNC:1343	biolink:causes	0
0.5601479	MONDO:0020434	HGNC:24555	biolink:causes	0
0.13176842	MONDO:0020434	HGNC:10582	biolink:gene_associated_with_condition	0
0.45733696	MONDO:0020482	HGNC:17811	biolink:gene_associated_with_condition	0
0.83490753	MONDO:0020506	HGNC:3356	biolink:gene_associated_with_condition	0
0.789944	MONDO:0020506	HGNC:12601	biolink:causes	0
0.77856094	MONDO:0020506	HGNC:1786	biolink:gene_associated_with_condition	0
0.985364	MONDO:0020602	HGNC:15455	biolink:causes	0
0.9524205	MONDO:0020730	HGNC:5213	biolink:gene_associated_with_condition	0
0.89393085	MONDO:0020786	HGNC:2309	biolink:gene_associated_with_condition	0
0.30574253	MONDO:0024457	HGNC:4042	biolink:causes	0
0.9947798	MONDO:0024457	HGNC:26270	biolink:gene_associated_with_condition	0
0.3771036	MONDO:0024552	HGNC:4379	biolink:gene_associated_with_condition	0
0.97332114	MONDO:0024552	HGNC:24270	biolink:causes	0
0.8785628	MONDO:0024607	HGNC:29501	biolink:gene_associated_with_condition	0
0.9654376	MONDO:0025708	HGNC:9608	biolink:gene_associated_with_condition	0
0.7580308	MONDO:0029140	HGNC:10922	biolink:causes	0
0.28167617	MONDO:0029144	HGNC:1090	biolink:gene_associated_with_condition	0
0.8013827	MONDO:0029148	HGNC:9173	biolink:gene_associated_with_condition	0
0.85677963	MONDO:0030006	HGNC:2711	biolink:gene_associated_with_condition	0
0.95522565	MONDO:0030045	HGNC:11908	biolink:causes	0
0.19903055	MONDO:0030055	HGNC:2488	biolink:causes	0
0.9302067	MONDO:0030055	HGNC:4816	biolink:causes	0
0.97263306	MONDO:0030055	HGNC:1160	biolink:gene_associated_with_condition	0
0.95953643	MONDO:0030072	HGNC:11908	biolink:causes	0
0.32635042	MONDO:0030072	HGNC:16700	biolink:causes	0
0.88198763	MONDO:0030072	HGNC:7468	biolink:gene_associated_with_condition	0
0.93641627	MONDO:0030438	HGNC:17327	biolink:gene_associated_with_condition	0
0.2660529	MONDO:0030456	HGNC:613	biolink:causes	0
0.68560785	MONDO:0030518	HGNC:9577	biolink:causes	0
0.6551558	MONDO:0030731	HGNC:7808	biolink:causes	0
0.44559854	MONDO:0031043	HGNC:30477	biolink:causes	0
0.9943178	MONDO:0032572	HGNC:3622	biolink:causes	0
0.790801	MONDO:0032572	HGNC:30500	biolink:causes	0
0.9896941	MONDO:0032572	HGNC:8604	biolink:causes	0
0.7197111	MONDO:0032572	HGNC:14304	biolink:causes	0
0.88376236	MONDO:0032584	HGNC:7631	biolink:gene_associated_with_condition	0
0.9834434	MONDO:0032591	HGNC:1097	biolink:causes	0
0.8705949	MONDO:0032601	HGNC:20134	biolink:gene_associated_with_condition	0
0.6971289	MONDO:0032630	HGNC:3434	biolink:causes	0
0.98139346	MONDO:0032630	HGNC:19747	biolink:gene_associated_with_condition	0
0.48431605	MONDO:0032653	HGNC:8591	biolink:causes	0
0.90445954	MONDO:0032653	HGNC:6990	biolink:gene_associated_with_condition	0
0.7173774	MONDO:0032653	HGNC:10260	biolink:causes	0
0.87847906	MONDO:0032653	HGNC:19353	biolink:gene_associated_with_condition	0
0.53837836	MONDO:0032665	HGNC:10583	biolink:gene_associated_with_condition	0
0.50880146	MONDO:0032686	HGNC:9832	biolink:causes	0
0.9238385	MONDO:0032721	HGNC:17341	biolink:gene_associated_with_condition	0
0.95283633	MONDO:0032726	HGNC:16205	biolink:causes	0
0.98102784	MONDO:0032726	HGNC:14418	biolink:causes	0
0.82001936	MONDO:0032741	HGNC:17052	biolink:causes	0
0.2975785	MONDO:0032741	HGNC:4948	biolink:contributes_to	0
0.52861845	MONDO:0032741	HGNC:12783	biolink:causes	0
0.9584734	MONDO:0032746	HGNC:25784	biolink:causes	0
0.96171343	MONDO:0032804	HGNC:25928	biolink:gene_associated_with_condition	0
0.9216709	MONDO:0032804	HGNC:10447	biolink:causes	0
0.96412736	MONDO:0032824	HGNC:6696	biolink:causes	0
0.89922416	MONDO:0032845	HGNC:6423	biolink:gene_associated_with_condition	0
0.7000798	MONDO:0032871	HGNC:6770	biolink:gene_associated_with_condition	0
0.89597124	MONDO:0032891	HGNC:4208	biolink:causes	0
0.93661994	MONDO:0032899	HGNC:10597	biolink:gene_associated_with_condition	0
0.45917565	MONDO:0032899	HGNC:16783	biolink:gene_associated_with_condition	0
0.8449867	MONDO:0032899	HGNC:1362	biolink:gene_associated_with_condition	0
0.4772146	MONDO:0032899	HGNC:17146	biolink:causes	0
0.6990863	MONDO:0032907	HGNC:20152	biolink:causes	0
0.47844785	MONDO:0032907	HGNC:123	biolink:causes	0
0.9831955	MONDO:0032915	HGNC:951	biolink:causes	0
0.80013835	MONDO:0032915	HGNC:6235	biolink:causes	0
0.45775962	MONDO:0032927	HGNC:4017	biolink:causes	0
0.86235535	MONDO:0032927	HGNC:29190	biolink:causes	0
0.5798403	MONDO:0033008	HGNC:22448	biolink:causes	0
0.88699895	MONDO:0033116	HGNC:9091	biolink:causes	0
0.9675983	MONDO:0033365	HGNC:2190	biolink:causes	0
0.9551053	MONDO:0033566	HGNC:26837	biolink:causes	0
0.88291407	MONDO:0033566	HGNC:7108	biolink:causes	0
0.2865487	MONDO:0033980	HGNC:13398	biolink:causes	0
0.036319926	MONDO:0033980	HGNC:6998	biolink:gene_associated_with_condition	0
0.021394249	MONDO:0035555	HGNC:23639	biolink:causes	0
0.016255913	MONDO:0035555	HGNC:7765	biolink:causes	0
0.9442975	MONDO:0035651	HGNC:11056	biolink:gene_associated_with_condition	0
0.26829037	MONDO:0035651	HGNC:18021	biolink:contributes_to	0
0.76462346	MONDO:0035651	HGNC:6222	biolink:causes	0
0.5777412	MONDO:0035651	HGNC:20908	biolink:causes	0
0.93825155	MONDO:0035819	HGNC:7631	biolink:gene_associated_with_condition	0
0.9290032	MONDO:0035819	HGNC:3705	biolink:gene_associated_with_condition	0
0.982765	MONDO:0035819	HGNC:20670	biolink:gene_associated_with_condition	0
0.7693023	MONDO:0035819	HGNC:9386	biolink:gene_associated_with_condition	0
0.5278543	MONDO:0035819	HGNC:42	biolink:causes	0
0.23910308	MONDO:0043364	HGNC:21270	biolink:causes	0
0.023463456	MONDO:0044220	HGNC:6010	biolink:causes	0
0.07549888	MONDO:0044220	HGNC:7974	biolink:gene_associated_with_condition	0
0.017003512	MONDO:0044224	HGNC:21219	biolink:causes	0
0.012556444	MONDO:0044224	HGNC:23537	biolink:causes	0
0.9907307	MONDO:0044306	HGNC:4298	biolink:causes	0
0.99406165	MONDO:0044306	HGNC:6814	biolink:gene_associated_with_condition	0
0.6516716	MONDO:0044306	HGNC:7821	biolink:gene_associated_with_condition	0
0.94256604	MONDO:0044319	HGNC:17341	biolink:gene_associated_with_condition	0
0.95341873	MONDO:0044323	HGNC:6595	biolink:causes	0
0.7092331	MONDO:0044651	HGNC:40050	biolink:causes	0
0.8909665	MONDO:0044651	HGNC:3179	biolink:gene_associated_with_condition	0
0.092050634	MONDO:0044657	HGNC:18130	biolink:gene_associated_with_condition	0
0.43059283	MONDO:0044701	HGNC:5331	biolink:contributes_to	0
0.13118424	MONDO:0044701	HGNC:1956	biolink:causes	0
0.9388447	MONDO:0044701	HGNC:29853	biolink:causes	0
0.22207133	MONDO:0054780	HGNC:589	biolink:causes	0
0.73972446	MONDO:0060556	HGNC:9282	biolink:causes	0
0.9171189	MONDO:0060556	HGNC:1388	biolink:causes	0
0.6417718	MONDO:0060556	HGNC:3436	biolink:gene_associated_with_condition	0
0.96536356	MONDO:0060663	HGNC:11609	biolink:causes	0
0.9420498	MONDO:0060663	HGNC:24931	biolink:gene_associated_with_condition	0
0.89465326	MONDO:0060663	HGNC:1388	biolink:gene_associated_with_condition	0
0.7050403	MONDO:0060702	HGNC:12765	biolink:gene_associated_with_condition	0
0.88847905	MONDO:0100180	HGNC:8858	biolink:causes	0
0.94047415	MONDO:0100180	HGNC:24595	biolink:causes	0
0.87185454	MONDO:0100252	HGNC:20233	biolink:gene_associated_with_condition	0
0.9587019	MONDO:0100296	HGNC:19691	biolink:gene_associated_with_condition	0
0.97002304	MONDO:0100354	HGNC:10193	biolink:gene_associated_with_condition	0
0.97495687	MONDO:0700250	HGNC:5136	biolink:gene_associated_with_condition	0
0.82865715	MONDO:0700250	HGNC:15646	biolink:causes	0
0.96925014	MONDO:0700250	HGNC:18591	biolink:causes	0
0.97545433	MONDO:0700250	HGNC:11771	biolink:causes	0
0.9699304	MONDO:0800026	HGNC:9719	biolink:causes	0
0.49807164	MONDO:0800026	HGNC:9460	biolink:gene_associated_with_condition	0
0.52406746	MONDO:0800026	HGNC:29456	biolink:gene_associated_with_condition	0
0.55260086	MONDO:0800026	HGNC:18683	biolink:causes	0
0.92650616	MONDO:0800026	HGNC:10472	biolink:causes	0
0.6599657	MONDO:0800030	HGNC:388	biolink:causes	0
0.18923624	MONDO:0800030	HGNC:8005	biolink:causes	0
0.8662888	MONDO:0858999	HGNC:16066	biolink:gene_associated_with_condition	0
0.9320086	MONDO:0858999	HGNC:15559	biolink:gene_associated_with_condition	0
0.7285094	MONDO:0859182	HGNC:7523	biolink:gene_associated_with_condition	0
0.9105451	MONDO:0859207	HGNC:12373	biolink:gene_associated_with_condition	0
0.9701286	MONDO:0859207	HGNC:30074	biolink:gene_associated_with_condition	0
0.88537383	MONDO:0859207	HGNC:15578	biolink:causes	0
0.7459058	MONDO:0859295	HGNC:6541	biolink:gene_associated_with_condition	0
0.9606553	MONDO:0859295	HGNC:20372	biolink:causes	0
0.97963804	MONDO:0859312	HGNC:3690	biolink:gene_associated_with_condition	0
0.97600085	MONDO:0859312	HGNC:10597	biolink:gene_associated_with_condition	0
0.57477367	MONDO:0859312	HGNC:8977	biolink:causes	0
0.73500377	MONDO:0859338	HGNC:4312	biolink:contributes_to	0
0.8807247	MONDO:0859338	HGNC:14234	biolink:gene_associated_with_condition	0
0.9187861	MONDO:0859379	HGNC:4431	biolink:causes	0
0.14352335	MONDO:0859521	HGNC:10736	biolink:gene_associated_with_condition	0
0.11714153	MONDO:0957202	HGNC:4888	biolink:contributes_to	0
0.18324916	MONDO:0957270	HGNC:3816	biolink:causes	0
0.9814724	MONDO:0957270	HGNC:3218	biolink:causes	0
0.97088575	MONDO:0957270	HGNC:12873	biolink:gene_associated_with_condition	0
0.9416391	MONDO:0957787	HGNC:2383	biolink:causes	0
0.95547324	MONDO:0957787	HGNC:4367	biolink:gene_associated_with_condition	0
0.2741626	MONDO:0957993	HGNC:8001	biolink:causes	0
0.94681805	MONDO:0957993	HGNC:1839	biolink:causes	0
0.9724238	MONDO:0957993	HGNC:2198	biolink:causes	0
0.33784202	MONDO:0958085	HGNC:572	biolink:causes	0
0.6547578	MONDO:0958085	HGNC:14539	biolink:contributes_to	0
0.5648263	MONDO:0958085	HGNC:315	biolink:causes	0
0.8347659	MONDO:0958085	HGNC:438	biolink:gene_associated_with_condition	0
0.5528647	MONDO:0958085	HGNC:20672	biolink:causes	0
0.9126356	MONDO:0958085	HGNC:10955	biolink:causes	0
0.43842646	MONDO:0958085	HGNC:12463	biolink:gene_associated_with_condition	0
0.9796942	MONDO:0958242	HGNC:20761	biolink:causes	0
0.96191204	MONDO:0958279	HGNC:7176	biolink:causes	0
0.72680014	MONDO:0968976	HGNC:5476	biolink:gene_associated_with_condition	0
0.95019644	MONDO:0968976	HGNC:12403	biolink:causes	0
0.95467544	MONDO:0968990	HGNC:2200	biolink:causes	0
0.8691105	MONDO:0971016	HGNC:6342	biolink:gene_associated_with_condition	0
0.24618705	MONDO:0971016	HGNC:11356	biolink:causes	0
0.5754634	MONDO:0971016	HGNC:24877	biolink:gene_associated_with_condition	0
0.7908204	MONDO:0971064	HGNC:10591	biolink:gene_associated_with_condition	0
0.13018897	MONDO:0971064	HGNC:12593	biolink:contributes_to	0
0.858995	MONDO:0975754	HGNC:7490	biolink:gene_associated_with_condition	0
0.564651	MONDO:0975754	HGNC:18621	biolink:causes	0
0.9556346	MONDO:0975754	HGNC:5466	biolink:causes	0
0.009174988	MONDO:0976226	HGNC:13202	biolink:gene_associated_with_condition	0
0.06752959	MONDO:0976267	HGNC:6211	biolink:causes	0
0.004921079	MONDO:0976267	HGNC:7745	biolink:causes	0
0.42716083	MONDO:8000011	HGNC:4165	biolink:gene_associated_with_condition	0
0.7903944	MONDO:8000011	HGNC:10648	biolink:gene_associated_with_condition	0
0.14639607	MONDO:8000015	HGNC:18688	biolink:causes	0
0.521963	HGNC:18149	MONDO:0014346	biolink:causes	0
0.719323	HGNC:57	MONDO:0010659	biolink:causes	0
0.9145907	HGNC:57	MONDO:0012539	biolink:causes	0
0.97230387	HGNC:60	MONDO:0010122	biolink:causes	0
0.9853534	HGNC:60	MONDO:0010631	biolink:causes	0
0.3581066	HGNC:13886	MONDO:0009211	biolink:causes	0
0.41542217	HGNC:13886	MONDO:0036189	biolink:causes	0
0.8576134	HGNC:90	MONDO:0012786	biolink:gene_associated_with_condition	0
0.9666091	HGNC:90	MONDO:0032900	biolink:gene_associated_with_condition	0
0.11240559	HGNC:90	MONDO:0044638	biolink:gene_associated_with_condition	0
0.8662888	HGNC:16066	MONDO:0858999	biolink:gene_associated_with_condition	0
0.9364132	HGNC:27288	MONDO:0032650	biolink:gene_associated_with_condition	0
0.6939218	HGNC:132	MONDO:0000914	biolink:causes	0
0.8717415	HGNC:132	MONDO:0010790	biolink:gene_associated_with_condition	0
0.666744	HGNC:132	MONDO:0014131	biolink:gene_associated_with_condition	0
0.9721388	HGNC:132	MONDO:0014343	biolink:gene_associated_with_condition	0
0.48693323	HGNC:132	MONDO:0020603	biolink:causes	0
0.32985002	HGNC:132	MONDO:0008637	biolink:gene_associated_with_condition	0
0.9562005	HGNC:132	MONDO:0017401	biolink:causes	0
0.65048593	HGNC:143	MONDO:0011556	biolink:causes	0
0.8854237	HGNC:164	MONDO:0009140	biolink:causes	0
0.9481837	HGNC:164	MONDO:0010441	biolink:causes	0
0.65820056	HGNC:177	MONDO:0009874	biolink:gene_associated_with_condition	0
0.95203143	HGNC:177	MONDO:0014586	biolink:gene_associated_with_condition	0
0.7728646	HGNC:177	MONDO:0014080	biolink:gene_associated_with_condition	0
0.7824267	HGNC:177	MONDO:0035940	biolink:gene_associated_with_condition	0
0.7154969	HGNC:17111	MONDO:0015278	biolink:causes	0
0.3725868	HGNC:225	MONDO:0100533	biolink:gene_associated_with_condition	0
0.80941415	HGNC:236	MONDO:0010758	biolink:causes	0
0.8577345	HGNC:236	MONDO:0020607	biolink:causes	0
0.9424352	HGNC:236	MONDO:0008377	biolink:causes	0
0.751599	HGNC:4516	MONDO:0008377	biolink:causes	0
0.35735387	HGNC:4516	MONDO:0014841	biolink:causes	0
0.71100354	HGNC:13841	MONDO:0044660	biolink:causes	0
0.8256661	HGNC:13841	MONDO:0007813	biolink:causes	0
0.018138995	HGNC:285	MONDO:0008684	biolink:causes	0
0.9518679	HGNC:291	MONDO:0014866	biolink:gene_associated_with_condition	0
0.88280714	HGNC:291	MONDO:0013664	biolink:gene_associated_with_condition	0
0.006695489	HGNC:25230	MONDO:0044255	biolink:causes	0
0.38378328	HGNC:392	MONDO:0009053	biolink:gene_associated_with_condition	0
0.9684332	HGNC:3513	MONDO:0014735	biolink:causes	0
0.99005777	HGNC:3513	MONDO:0010397	biolink:causes	0
0.34209764	HGNC:3531	MONDO:0009872	biolink:contributes_to	0
0.1921451	HGNC:3531	MONDO:0012652	biolink:contributes_to	0
0.421026	HGNC:3531	MONDO:0019921	biolink:contributes_to	0
0.9318288	HGNC:3587	MONDO:0008542	biolink:causes	0
0.9509367	HGNC:26222	MONDO:0009110	biolink:causes	0
0.9781812	HGNC:26222	MONDO:0010415	biolink:causes	0
0.9472016	HGNC:26222	MONDO:0007445	biolink:causes	0
0.8047984	HGNC:11936	MONDO:0013821	biolink:causes	0
0.98234934	HGNC:3603	MONDO:0014184	biolink:causes	0
0.9822833	HGNC:3603	MONDO:0012943	biolink:causes	0
0.9757121	HGNC:3603	MONDO:0008777	biolink:gene_associated_with_condition	0
0.6731023	HGNC:13601	MONDO:0007137	biolink:gene_associated_with_condition	0
0.99118805	HGNC:13601	MONDO:0030037	biolink:gene_associated_with_condition	0
0.9936772	HGNC:3663	MONDO:0012514	biolink:causes	0
0.9638565	HGNC:3663	MONDO:0010281	biolink:causes	0
0.7846388	HGNC:3702	MONDO:0010086	biolink:causes	0
0.9235351	HGNC:3702	MONDO:0011398	biolink:gene_associated_with_condition	0
0.96631706	HGNC:3702	MONDO:0036212	biolink:causes	0
0.90894765	HGNC:3702	MONDO:0010767	biolink:gene_associated_with_condition	0
0.9775278	HGNC:3702	MONDO:0014343	biolink:causes	0
0.9290032	HGNC:3705	MONDO:0035819	biolink:gene_associated_with_condition	0
0.8721926	HGNC:3754	MONDO:0009998	biolink:gene_associated_with_condition	0
0.90119916	HGNC:3754	MONDO:0015566	biolink:causes	0
0.7193685	HGNC:3754	MONDO:0009928	biolink:causes	0
0.87971616	HGNC:3754	MONDO:0010092	biolink:causes	0
0.8751991	HGNC:3754	MONDO:0009151	biolink:gene_associated_with_condition	0
0.92271787	HGNC:3754	MONDO:0009843	biolink:gene_associated_with_condition	0
0.8772175	HGNC:3754	MONDO:0014927	biolink:causes	0
0.91085535	HGNC:3754	MONDO:0016355	biolink:gene_associated_with_condition	0
0.934518	HGNC:3754	MONDO:0024553	biolink:gene_associated_with_condition	0
0.9503871	HGNC:3754	MONDO:0008377	biolink:causes	0
0.7925403	HGNC:3754	MONDO:0016621	biolink:gene_associated_with_condition	0
0.18324916	HGNC:3816	MONDO:0957270	biolink:causes	0
0.21510592	HGNC:3816	MONDO:0008644	biolink:causes	0
0.325523	HGNC:3816	MONDO:0009052	biolink:causes	0
0.48841262	HGNC:3816	MONDO:0014343	biolink:causes	0
0.20339623	HGNC:3816	MONDO:0100083	biolink:causes	0
0.7050403	HGNC:12765	MONDO:0060702	biolink:gene_associated_with_condition	0
0.3323137	HGNC:26927	MONDO:0007791	biolink:causes	0
0.95698	HGNC:26927	MONDO:0032849	biolink:causes	0
0.8449867	HGNC:1362	MONDO:0032899	biolink:gene_associated_with_condition	0
0.9758027	HGNC:1362	MONDO:0030927	biolink:gene_associated_with_condition	0
0.7698068	HGNC:3960	MONDO:0957820	biolink:causes	0
0.6329671	HGNC:3960	MONDO:0009965	biolink:causes	0
0.74663883	HGNC:21675	MONDO:0010523	biolink:causes	0
0.8961993	HGNC:3951	MONDO:0014343	biolink:causes	0
0.9834557	HGNC:24861	MONDO:0014887	biolink:causes	0
0.9685704	HGNC:24861	MONDO:0030366	biolink:causes	0
0.16792879	HGNC:15802	MONDO:0009274	biolink:causes	0
0.2991901	HGNC:15802	MONDO:0010758	biolink:causes	0
0.12909096	HGNC:15802	MONDO:0014466	biolink:gene_associated_with_condition	0
0.12615697	HGNC:15802	MONDO:0007564	biolink:causes	0
0.16789922	HGNC:15802	MONDO:0007163	biolink:causes	0
0.2690358	HGNC:15802	MONDO:0009159	biolink:gene_associated_with_condition	0
0.031016087	HGNC:15802	MONDO:0017117	biolink:gene_associated_with_condition	0
0.766491	HGNC:4175	MONDO:0007925	biolink:gene_associated_with_condition	0
0.7864822	HGNC:15805	MONDO:0957876	biolink:gene_associated_with_condition	0
0.9226331	HGNC:4204	MONDO:0010315	biolink:causes	0
0.006727984	HGNC:4204	MONDO:0100289	biolink:causes	0
0.93335265	HGNC:4236	MONDO:0009377	biolink:causes	0
0.7360294	HGNC:29682	MONDO:0014039	biolink:causes	0
0.6147729	HGNC:29682	MONDO:0008377	biolink:causes	0
0.7041693	HGNC:4263	MONDO:0017696	biolink:gene_associated_with_condition	0
0.95158875	HGNC:4263	MONDO:0014635	biolink:gene_associated_with_condition	0
0.8905382	HGNC:17494	MONDO:0007744	biolink:causes	0
0.9937336	HGNC:17494	MONDO:0032705	biolink:gene_associated_with_condition	0
0.9717307	HGNC:4319	MONDO:0030619	biolink:causes	0
0.9596487	HGNC:4319	MONDO:0017049	biolink:causes	0
0.01482811	HGNC:29525	MONDO:0013162	biolink:causes	0
0.2508028	HGNC:29525	MONDO:0007664	biolink:causes	0
0.036687553	HGNC:29525	MONDO:0008700	biolink:causes	0
0.16297866	HGNC:4379	MONDO:0007042	biolink:gene_associated_with_condition	0
0.5928009	HGNC:4379	MONDO:0008834	biolink:gene_associated_with_condition	0
0.3895457	HGNC:4379	MONDO:0014602	biolink:causes	0
0.3771036	HGNC:4379	MONDO:0024552	biolink:gene_associated_with_condition	0
0.6528387	HGNC:4379	MONDO:0958180	biolink:causes	0
0.26006895	HGNC:4379	MONDO:0033047	biolink:gene_associated_with_condition	0
0.2601618	HGNC:4390	MONDO:0014693	biolink:gene_associated_with_condition	0
0.23306759	HGNC:4393	MONDO:0007103	biolink:causes	0
0.6143053	HGNC:4393	MONDO:0010511	biolink:causes	0
0.58938074	HGNC:4393	MONDO:0010169	biolink:causes	0
0.9914868	HGNC:19980	MONDO:0957271	biolink:causes	0
0.97568226	HGNC:29670	MONDO:0008377	biolink:gene_associated_with_condition	0
0.9324402	HGNC:4439	MONDO:0008818	biolink:gene_associated_with_condition	0
0.5800031	HGNC:2799	MONDO:0009965	biolink:causes	0
0.86156124	HGNC:4689	MONDO:0007537	biolink:causes	0
0.79127896	HGNC:4689	MONDO:0008885	biolink:causes	0
0.90135556	HGNC:4689	MONDO:0012453	biolink:causes	0
0.9138052	HGNC:4787	MONDO:0009965	biolink:causes	0
0.89373374	HGNC:4785	MONDO:0014321	biolink:causes	0
0.9947719	HGNC:4713	MONDO:0014203	biolink:causes	0
0.94125956	HGNC:4801	MONDO:0019456	biolink:gene_associated_with_condition	0
0.8821324	HGNC:4801	MONDO:0017715	biolink:gene_associated_with_condition	0
0.86162156	HGNC:4801	MONDO:0031084	biolink:gene_associated_with_condition	0
0.9302067	HGNC:4816	MONDO:0030055	biolink:causes	0
0.021388022	HGNC:18437	MONDO:0957812	biolink:causes	0
0.9645224	HGNC:4824	MONDO:0014343	biolink:causes	0
0.8314723	HGNC:4824	MONDO:0017939	biolink:gene_associated_with_condition	0
0.7006431	HGNC:4832	MONDO:0011430	biolink:gene_associated_with_condition	0
0.6650598	HGNC:4832	MONDO:0018611	biolink:gene_associated_with_condition	0
0.8907623	HGNC:4868	MONDO:0008818	biolink:causes	0
0.6206924	HGNC:4868	MONDO:0013198	biolink:causes	0
0.94473934	HGNC:4868	MONDO:0014358	biolink:causes	0
0.16899559	HGNC:4868	MONDO:0013236	biolink:causes	0
0.06044113	HGNC:4868	MONDO:0013181	biolink:causes	0
0.5560808	HGNC:4886	MONDO:0013756	biolink:gene_associated_with_condition	0
0.98411095	HGNC:26527	MONDO:0012190	biolink:causes	0
0.9951775	HGNC:26527	MONDO:0013962	biolink:causes	0
0.98243815	HGNC:26527	MONDO:0859340	biolink:causes	0
0.67870736	HGNC:4942	MONDO:0013460	biolink:gene_associated_with_condition	0
0.2975785	HGNC:4948	MONDO:0032741	biolink:contributes_to	0
0.39594755	HGNC:4948	MONDO:0008740	biolink:gene_associated_with_condition	0
0.39453974	HGNC:4948	MONDO:0014612	biolink:gene_associated_with_condition	0
0.47338092	HGNC:4948	MONDO:0009151	biolink:gene_associated_with_condition	0
0.6980911	HGNC:4948	MONDO:0009839	biolink:contributes_to	0
0.21696648	HGNC:4948	MONDO:0013301	biolink:contributes_to	0
0.36857072	HGNC:4948	MONDO:0014401	biolink:contributes_to	0
0.79402417	HGNC:5005	MONDO:0011603	biolink:gene_associated_with_condition	0
0.9581931	HGNC:5005	MONDO:0030455	biolink:causes	0
0.9157884	HGNC:5154	MONDO:0011556	biolink:gene_associated_with_condition	0
0.996797	HGNC:5154	MONDO:0009053	biolink:gene_associated_with_condition	0
0.8172459	HGNC:5208	MONDO:0010335	biolink:causes	0
0.8763318	HGNC:5208	MONDO:0014343	biolink:causes	0
0.41473392	HGNC:5208	MONDO:0009061	biolink:causes	0
0.3388727	HGNC:5246	MONDO:0007677	biolink:causes	0
0.8104768	HGNC:30171	MONDO:0013391	biolink:causes	0
0.31585988	HGNC:30171	MONDO:0015007	biolink:causes	0
0.89090675	HGNC:30171	MONDO:0018611	biolink:causes	0
0.91422844	HGNC:29685	MONDO:0970994	biolink:causes	0
0.92720354	HGNC:29685	MONDO:0009677	biolink:causes	0
0.97988826	HGNC:5382	MONDO:0013962	biolink:gene_associated_with_condition	0
0.99618596	HGNC:5382	MONDO:0014343	biolink:gene_associated_with_condition	0
0.96554106	HGNC:5382	MONDO:0012173	biolink:gene_associated_with_condition	0
0.9553749	HGNC:5391	MONDO:0007794	biolink:causes	0
0.97345364	HGNC:18873	MONDO:0008818	biolink:causes	0
0.91916955	HGNC:18873	MONDO:0800341	biolink:causes	0
0.88137674	HGNC:21424	MONDO:0013795	biolink:causes	0
0.1909796	HGNC:6024	MONDO:0010227	biolink:causes	0
0.43201563	HGNC:6024	MONDO:0014753	biolink:causes	0
0.8063132	HGNC:6081	MONDO:0013690	biolink:causes	0
0.4746387	HGNC:6081	MONDO:0011184	biolink:causes	0
0.6160305	HGNC:6081	MONDO:0012488	biolink:causes	0
0.95843494	HGNC:6081	MONDO:0008377	biolink:causes	0
0.5327967	HGNC:6091	MONDO:0008278	biolink:causes	0
0.14732596	HGNC:6091	MONDO:0012044	biolink:causes	0
0.72849536	HGNC:6091	MONDO:0012368	biolink:causes	0
0.9386907	HGNC:6091	MONDO:0014343	biolink:causes	0
0.9386907	HGNC:6091	MONDO:0014343	biolink:gene_associated_with_condition	0
0.99337876	HGNC:14361	MONDO:0030915	biolink:causes	0
0.93567187	HGNC:6186	MONDO:0012792	biolink:causes	0
0.8632709	HGNC:6186	MONDO:0014343	biolink:causes	0
0.8239818	HGNC:14202	MONDO:0012930	biolink:causes	0
0.8056738	HGNC:14202	MONDO:0018324	biolink:causes	0
0.8040796	HGNC:14202	MONDO:0019107	biolink:causes	0
0.556583	HGNC:6217	MONDO:0014282	biolink:gene_associated_with_condition	0
0.7172413	HGNC:29068	MONDO:0007636	biolink:causes	0
0.63814914	HGNC:29068	MONDO:0009495	biolink:causes	0
0.76462346	HGNC:6222	MONDO:0035651	biolink:causes	0
0.15349676	HGNC:6235	MONDO:0009642	biolink:causes	0
0.80013835	HGNC:6235	MONDO:0032915	biolink:causes	0
0.8469736	HGNC:6235	MONDO:0011484	biolink:causes	0
0.76283514	HGNC:6235	MONDO:0033259	biolink:causes	0
0.6464827	HGNC:6251	MONDO:0017049	biolink:causes	0
0.048348397	HGNC:39080	MONDO:0008678	biolink:contributes_to	0
0.9465816	HGNC:6305	MONDO:0013178	biolink:causes	0
0.9147631	HGNC:29508	MONDO:0012096	biolink:causes	0
0.95534885	HGNC:29508	MONDO:0014823	biolink:causes	0
0.9984085	HGNC:30497	MONDO:0013256	biolink:gene_associated_with_condition	0
0.92564267	HGNC:30497	MONDO:0018448	biolink:causes	0
0.6720325	HGNC:6343	MONDO:0013718	biolink:causes	0
0.46803656	HGNC:15646	MONDO:0012526	biolink:causes	0
0.82865715	HGNC:15646	MONDO:0700250	biolink:causes	0
0.85660917	HGNC:15646	MONDO:0012792	biolink:causes	0
0.8010524	HGNC:15646	MONDO:0014419	biolink:gene_associated_with_condition	0
0.3077098	HGNC:15646	MONDO:0011165	biolink:causes	0
0.16473593	HGNC:18829	MONDO:0008854	biolink:causes	0
0.71603316	HGNC:7132	MONDO:0010392	biolink:gene_associated_with_condition	0
0.98874927	HGNC:7132	MONDO:0014343	biolink:gene_associated_with_condition	0
0.76987505	HGNC:7132	MONDO:0007157	biolink:gene_associated_with_condition	0
0.96881413	HGNC:7133	MONDO:0017354	biolink:gene_associated_with_condition	0
0.9558049	HGNC:7133	MONDO:0100045	biolink:gene_associated_with_condition	0
0.8972114	HGNC:7133	MONDO:0012569	biolink:gene_associated_with_condition	0
0.9320669	HGNC:7133	MONDO:0032656	biolink:gene_associated_with_condition	0
0.2529065	HGNC:21839	MONDO:0008684	biolink:causes	0
0.23705865	HGNC:6440	MONDO:0011448	biolink:causes	0
0.4601515	HGNC:6423	MONDO:0017382	biolink:gene_associated_with_condition	0
0.89922416	HGNC:6423	MONDO:0032845	biolink:gene_associated_with_condition	0
0.93452173	HGNC:26058	MONDO:0010758	biolink:causes	0
0.78888535	HGNC:26058	MONDO:0859311	biolink:causes	0
0.9214237	HGNC:6483	MONDO:0013216	biolink:gene_associated_with_condition	0
0.8670544	HGNC:6483	MONDO:0014020	biolink:gene_associated_with_condition	0
0.945573	HGNC:6483	MONDO:0007363	biolink:gene_associated_with_condition	0
0.9395453	HGNC:6501	MONDO:0009818	biolink:causes	0
0.94908637	HGNC:6501	MONDO:0014343	biolink:causes	0
0.68105596	HGNC:31923	MONDO:0012607	biolink:causes	0
0.89812446	HGNC:31923	MONDO:0008153	biolink:causes	0
0.79897565	HGNC:31923	MONDO:0016705	biolink:causes	0
0.9069238	HGNC:6530	MONDO:0012700	biolink:causes	0
0.30738568	HGNC:3122	MONDO:0018758	biolink:causes	0
0.83231115	HGNC:21244	MONDO:0014981	biolink:gene_associated_with_condition	0
0.096848175	HGNC:6553	MONDO:0007747	biolink:causes	0
0.90451884	HGNC:18712	MONDO:0014343	biolink:gene_associated_with_condition	0
0.69332516	HGNC:18712	MONDO:0020745	biolink:gene_associated_with_condition	0
0.95341873	HGNC:6595	MONDO:0044323	biolink:causes	0
0.9010054	HGNC:6595	MONDO:0013351	biolink:causes	0
0.9201418	HGNC:6595	MONDO:0024309	biolink:causes	0
0.86623466	HGNC:6595	MONDO:0009281	biolink:causes	0
0.9644261	HGNC:6654	MONDO:0014227	biolink:gene_associated_with_condition	0
0.5791833	HGNC:6654	MONDO:0009061	biolink:causes	0
0.9868275	HGNC:6664	MONDO:0017715	biolink:causes	0
0.94617385	HGNC:6694	MONDO:0013208	biolink:gene_associated_with_condition	0
0.78002435	HGNC:6694	MONDO:0975841	biolink:gene_associated_with_condition	0
0.9417561	HGNC:18608	MONDO:0012368	biolink:causes	0
0.98703694	HGNC:450	MONDO:0011448	biolink:gene_associated_with_condition	0
0.9551053	HGNC:26837	MONDO:0033566	biolink:causes	0
0.9769835	HGNC:26837	MONDO:0011907	biolink:causes	0
0.78921664	HGNC:464	MONDO:0011273	biolink:gene_associated_with_condition	0
0.1812151	HGNC:468	MONDO:0019157	biolink:gene_associated_with_condition	0
0.9045224	HGNC:29186	MONDO:0014453	biolink:gene_associated_with_condition	0
0.06752959	HGNC:6211	MONDO:0976267	biolink:causes	0
0.93311626	HGNC:6211	MONDO:0011760	biolink:causes	0
0.46594515	HGNC:572	MONDO:0012594	biolink:causes	0
0.33784202	HGNC:572	MONDO:0958085	biolink:causes	0
0.65210325	HGNC:22197	MONDO:0011932	biolink:gene_associated_with_condition	0
0.83915466	HGNC:22197	MONDO:0014717	biolink:gene_associated_with_condition	0
0.4810168	HGNC:600	MONDO:0012925	biolink:causes	0
0.817408	HGNC:15984	MONDO:0018598	biolink:causes	0
0.8389103	HGNC:15984	MONDO:0010160	biolink:causes	0
0.80932546	HGNC:24097	MONDO:0009262	biolink:causes	0
0.737779	HGNC:24097	MONDO:0015631	biolink:causes	0
0.872986	HGNC:24097	MONDO:0971002	biolink:causes	0
0.94070756	HGNC:649	MONDO:0013686	biolink:causes	0
0.5897373	HGNC:649	MONDO:0009891	biolink:gene_associated_with_condition	0
0.93555945	HGNC:649	MONDO:0009737	biolink:causes	0
0.54749715	HGNC:694	MONDO:0007944	biolink:causes	0
0.6232381	HGNC:694	MONDO:0012041	biolink:causes	0
0.41052815	HGNC:710	MONDO:0019456	biolink:causes	0
0.87389946	HGNC:29561	MONDO:0013711	biolink:causes	0
0.8422026	HGNC:29561	MONDO:0011713	biolink:causes	0
0.9736709	HGNC:735	MONDO:0958176	biolink:gene_associated_with_condition	0
0.9799748	HGNC:19088	MONDO:0013927	biolink:causes	0
0.9459948	HGNC:19088	MONDO:0009737	biolink:causes	0
0.97871095	HGNC:19088	MONDO:0060752	biolink:causes	0
0.9844599	HGNC:757	MONDO:0010278	biolink:gene_associated_with_condition	0
0.9712606	HGNC:757	MONDO:0033543	biolink:causes	0
0.972518	HGNC:757	MONDO:0012039	biolink:gene_associated_with_condition	0
0.96727544	HGNC:757	MONDO:0007381	biolink:causes	0
0.9845307	HGNC:757	MONDO:0008377	biolink:gene_associated_with_condition	0
0.94676995	HGNC:757	MONDO:0011165	biolink:gene_associated_with_condition	0
0.22207133	HGNC:589	MONDO:0054780	biolink:causes	0
0.62330395	HGNC:589	MONDO:0033556	biolink:causes	0
0.81137097	HGNC:11231	MONDO:0009490	biolink:causes	0
0.9572678	HGNC:11231	MONDO:0020745	biolink:causes	0
0.8754259	HGNC:799	MONDO:0007922	biolink:causes	0
0.9298976	HGNC:799	MONDO:0044723	biolink:causes	0
0.047472242	HGNC:29536	MONDO:0009804	biolink:causes	0
0.09697738	HGNC:29536	MONDO:0030440	biolink:causes	0
0.13469137	HGNC:29536	MONDO:0013235	biolink:causes	0
0.23062746	HGNC:29536	MONDO:0859187	biolink:gene_associated_with_condition	0
0.06775574	HGNC:29536	MONDO:0008817	biolink:causes	0
0.14541784	HGNC:6893	MONDO:0008854	biolink:causes	0
0.59117305	HGNC:6893	MONDO:0011830	biolink:gene_associated_with_condition	0
0.0637242	HGNC:6893	MONDO:0011932	biolink:gene_associated_with_condition	0
0.19957279	HGNC:6893	MONDO:0008399	biolink:causes	0
0.84180367	HGNC:6893	MONDO:0008377	biolink:gene_associated_with_condition	0
0.69937557	HGNC:15456	MONDO:0014487	biolink:causes	0
0.7176107	HGNC:6944	MONDO:0010850	biolink:causes	0
0.48664278	HGNC:6944	MONDO:0010870	biolink:causes	0
0.28066397	HGNC:6944	MONDO:0019767	biolink:causes	0
0.6241758	HGNC:6944	MONDO:0030054	biolink:causes	0
0.90445954	HGNC:6990	MONDO:0032653	biolink:gene_associated_with_condition	0
0.968458	HGNC:6990	MONDO:0014343	biolink:gene_associated_with_condition	0
0.91570723	HGNC:6990	MONDO:0009609	biolink:gene_associated_with_condition	0
0.75715744	HGNC:14575	MONDO:0958353	biolink:gene_associated_with_condition	0
0.8603277	HGNC:14575	MONDO:0971014	biolink:gene_associated_with_condition	0
0.93756133	HGNC:14575	MONDO:0014343	biolink:gene_associated_with_condition	0
0.8683415	HGNC:14575	MONDO:0007561	biolink:gene_associated_with_condition	0
0.7832757	HGNC:28613	MONDO:0009419	biolink:causes	0
0.6126349	HGNC:7010	MONDO:0014996	biolink:gene_associated_with_condition	0
0.72078973	HGNC:7010	MONDO:0030987	biolink:gene_associated_with_condition	0
0.9503054	HGNC:13520	MONDO:0014392	biolink:causes	0
0.98383236	HGNC:18121	MONDO:0007376	biolink:causes	0
0.9865398	HGNC:7060	MONDO:0017218	biolink:causes	0
0.9811214	HGNC:7060	MONDO:0008751	biolink:gene_associated_with_condition	0
0.9873399	HGNC:7060	MONDO:0014771	biolink:causes	0
0.99101186	HGNC:7060	MONDO:0030060	biolink:gene_associated_with_condition	0
0.42671746	HGNC:33914	MONDO:0013640	biolink:causes	0
0.80087954	HGNC:31527	MONDO:0013843	biolink:causes	0
0.98227787	HGNC:25221	MONDO:0010130	biolink:gene_associated_with_condition	0
0.93817925	HGNC:25221	MONDO:0014518	biolink:gene_associated_with_condition	0
0.9795567	HGNC:25221	MONDO:0014586	biolink:gene_associated_with_condition	0
0.9758529	HGNC:25221	MONDO:0011464	biolink:causes	0
0.89321166	HGNC:25221	MONDO:0054750	biolink:gene_associated_with_condition	0
0.9609599	HGNC:25221	MONDO:0012483	biolink:gene_associated_with_condition	0
0.9741256	HGNC:25221	MONDO:0011417	biolink:causes	0
0.93449587	HGNC:25221	MONDO:0031084	biolink:causes	0
0.95903796	HGNC:7224	MONDO:0007922	biolink:causes	0
0.96407795	HGNC:7224	MONDO:0024523	biolink:causes	0
0.651659	HGNC:7230	MONDO:0014487	biolink:causes	0
0.93525916	HGNC:7370	MONDO:0011275	biolink:causes	0
0.9661749	HGNC:7414	MONDO:0020745	biolink:causes	0
0.9375928	HGNC:7461	MONDO:0014970	biolink:gene_associated_with_condition	0
0.96165735	HGNC:7488	MONDO:0014343	biolink:causes	0
0.8409535	HGNC:7436	MONDO:0014927	biolink:gene_associated_with_condition	0
0.6568749	HGNC:26190	MONDO:0008542	biolink:contributes_to	0
0.8312853	HGNC:7473	MONDO:0014747	biolink:gene_associated_with_condition	0
0.54841673	HGNC:7473	MONDO:0100083	biolink:gene_associated_with_condition	0
0.9001032	HGNC:7473	MONDO:0975795	biolink:gene_associated_with_condition	0
0.92172104	HGNC:7572	MONDO:0033668	biolink:gene_associated_with_condition	0
0.95348644	HGNC:7577	MONDO:0007716	biolink:gene_associated_with_condition	0
0.9015159	HGNC:7577	MONDO:0010645	biolink:causes	0
0.60137945	HGNC:23212	MONDO:0014868	biolink:gene_associated_with_condition	0
0.12239535	HGNC:23212	MONDO:0009617	biolink:causes	0
0.64540833	HGNC:7608	MONDO:0054763	biolink:gene_associated_with_condition	0
0.95595026	HGNC:1181	MONDO:0007922	biolink:gene_associated_with_condition	0
0.9612939	HGNC:1181	MONDO:0013256	biolink:gene_associated_with_condition	0
0.89417684	HGNC:1181	MONDO:0010397	biolink:gene_associated_with_condition	0
0.96074045	HGNC:1181	MONDO:0100119	biolink:gene_associated_with_condition	0
0.9963987	HGNC:7632	MONDO:0014343	biolink:gene_associated_with_condition	0
0.80782235	HGNC:17619	MONDO:0009360	biolink:causes	0
0.8397758	HGNC:7675	MONDO:0012039	biolink:gene_associated_with_condition	0
0.22483331	HGNC:7675	MONDO:0019947	biolink:gene_associated_with_condition	0
0.35727763	HGNC:7678	MONDO:0018328	biolink:gene_associated_with_condition	0
0.94908595	HGNC:17194	MONDO:0011113	biolink:contributes_to	0
0.255888	HGNC:7720	MONDO:0012883	biolink:causes	0
0.9591401	HGNC:7720	MONDO:0013937	biolink:causes	0
0.96947396	HGNC:7744	MONDO:0008377	biolink:contributes_to	0
0.9793028	HGNC:7744	MONDO:0010185	biolink:contributes_to	0
0.98683864	HGNC:7744	MONDO:0011529	biolink:gene_associated_with_condition	0
0.9476336	HGNC:7744	MONDO:0011837	biolink:gene_associated_with_condition	0
0.9490098	HGNC:7744	MONDO:0018877	biolink:contributes_to	0
0.9860989	HGNC:18591	MONDO:0009658	biolink:causes	0
0.96925014	HGNC:18591	MONDO:0700250	biolink:causes	0
0.97651154	HGNC:18591	MONDO:0033045	biolink:causes	0
0.9597052	HGNC:18591	MONDO:0008377	biolink:causes	0
0.5163514	HGNC:12768	MONDO:0019930	biolink:gene_associated_with_condition	0
0.84884185	HGNC:7788	MONDO:0800452	biolink:gene_associated_with_condition	0
0.7393937	HGNC:7795	MONDO:0008479	biolink:gene_associated_with_condition	0
0.07328719	HGNC:25737	MONDO:0011003	biolink:gene_associated_with_condition	0
0.2834828	HGNC:29873	MONDO:0012522	biolink:causes	0
0.55979	HGNC:29873	MONDO:0011528	biolink:causes	0
0.3795688	HGNC:29873	MONDO:0008673	biolink:causes	0
0.87708294	HGNC:7897	MONDO:0000908	biolink:gene_associated_with_condition	0
0.35915744	HGNC:7981	MONDO:0010232	biolink:gene_associated_with_condition	0
0.5758355	HGNC:7981	MONDO:0030312	biolink:gene_associated_with_condition	0
0.2741626	HGNC:8001	MONDO:0957993	biolink:causes	0
0.18923624	HGNC:8005	MONDO:0800030	biolink:causes	0
0.42732993	HGNC:8005	MONDO:0012276	biolink:causes	0
0.3406885	HGNC:8005	MONDO:0015300	biolink:causes	0
0.49875048	HGNC:26208	MONDO:0010310	biolink:causes	0
0.62927496	HGNC:26208	MONDO:0011523	biolink:causes	0
0.31903508	HGNC:29558	MONDO:0018564	biolink:causes	0
0.3364386	HGNC:29558	MONDO:0020316	biolink:causes	0
0.30508482	HGNC:8059	MONDO:0007495	biolink:gene_associated_with_condition	0
0.36803868	HGNC:18016	MONDO:0007564	biolink:causes	0
0.6390591	HGNC:9936	MONDO:0009050	biolink:gene_associated_with_condition	0
0.4433996	HGNC:9936	MONDO:0014343	biolink:gene_associated_with_condition	0
0.9162585	HGNC:15021	MONDO:0008678	biolink:causes	0
0.95269465	HGNC:15021	MONDO:0010233	biolink:causes	0
0.9707546	HGNC:17151	MONDO:0007922	biolink:causes	0
0.78872097	HGNC:17151	MONDO:0013236	biolink:causes	0
0.9458775	HGNC:24281	MONDO:0014487	biolink:causes	0
0.83821183	HGNC:8546	MONDO:0014710	biolink:causes	0
0.6943563	HGNC:8622	MONDO:0957294	biolink:causes	0
0.8996378	HGNC:14674	MONDO:0007768	biolink:causes	0
0.81728846	HGNC:8786	MONDO:0008490	biolink:causes	0
0.70420253	HGNC:8789	MONDO:0032758	biolink:causes	0
0.86184216	HGNC:8850	MONDO:0013189	biolink:gene_associated_with_condition	0
0.5315653	HGNC:8940	MONDO:0020316	biolink:causes	0
0.9757211	HGNC:8940	MONDO:0015003	biolink:causes	0
0.9336738	HGNC:28993	MONDO:0011430	biolink:causes	0
0.56746936	HGNC:28993	MONDO:0011908	biolink:causes	0
0.9609718	HGNC:28993	MONDO:0007191	biolink:causes	0
0.85457444	HGNC:28993	MONDO:0013047	biolink:causes	0
0.9728526	HGNC:28993	MONDO:0008377	biolink:causes	0
0.9813953	HGNC:28993	MONDO:0012421	biolink:causes	0
0.9947798	HGNC:26270	MONDO:0024457	biolink:gene_associated_with_condition	0
0.989669	HGNC:26270	MONDO:0859328	biolink:causes	0
0.97811115	HGNC:26270	MONDO:0013559	biolink:causes	0
0.9856295	HGNC:26270	MONDO:0013851	biolink:gene_associated_with_condition	0
0.9961366	HGNC:26270	MONDO:0032888	biolink:causes	0
0.9929757	HGNC:8959	MONDO:0009624	biolink:causes	0
0.98527664	HGNC:8959	MONDO:0014004	biolink:causes	0
0.98181564	HGNC:8965	MONDO:0014198	biolink:causes	0
0.9714901	HGNC:8965	MONDO:0012453	biolink:causes	0
0.8885367	HGNC:15791	MONDO:0008931	biolink:causes	0
0.892078	HGNC:8975	MONDO:0010130	biolink:causes	0
0.8871281	HGNC:8975	MONDO:0017218	biolink:causes	0
0.38530234	HGNC:9008	MONDO:0060591	biolink:gene_associated_with_condition	0
0.25096843	HGNC:9008	MONDO:0008179	biolink:gene_associated_with_condition	0
0.5822079	HGNC:9038	MONDO:0014040	biolink:gene_associated_with_condition	0
0.019423703	HGNC:9066	MONDO:0100289	biolink:gene_associated_with_condition	0
0.26542202	HGNC:9066	MONDO:0014057	biolink:gene_associated_with_condition	0
0.96234196	HGNC:9083	MONDO:0014612	biolink:causes	0
0.51421255	HGNC:9107	MONDO:0012041	biolink:causes	0
0.98343277	HGNC:9115	MONDO:0859328	biolink:causes	0
0.07210136	HGNC:9119	MONDO:0017691	biolink:causes	0
0.69002336	HGNC:7892	MONDO:0009879	biolink:causes	0
0.4696606	HGNC:7892	MONDO:0014447	biolink:causes	0
0.9724372	HGNC:9180	MONDO:0018495	biolink:causes	0
0.6544805	HGNC:30129	MONDO:0010446	biolink:causes	0
0.64896905	HGNC:9280	MONDO:0012734	biolink:causes	0
0.85671484	HGNC:9280	MONDO:0021019	biolink:causes	0
0.24344516	HGNC:9459	MONDO:0020788	biolink:causes	0
0.6968817	HGNC:15860	MONDO:0800028	biolink:causes	0
0.790801	HGNC:30500	MONDO:0032572	biolink:causes	0
0.64769393	HGNC:30500	MONDO:0010465	biolink:causes	0
0.07986299	HGNC:9142	MONDO:0019082	biolink:gene_associated_with_condition	0
0.8704689	HGNC:9142	MONDO:0014343	biolink:gene_associated_with_condition	0
0.34973058	HGNC:21504	MONDO:0859340	biolink:causes	0
0.8573655	HGNC:9538	MONDO:0054764	biolink:causes	0
0.5944818	HGNC:24929	MONDO:0008542	biolink:causes	0
0.15351927	HGNC:21290	MONDO:0009061	biolink:causes	0
0.9164818	HGNC:9587	MONDO:0019150	biolink:causes	0
0.9588794	HGNC:9587	MONDO:0024550	biolink:causes	0
0.9807717	HGNC:9608	MONDO:0014302	biolink:causes	0
0.9654376	HGNC:9608	MONDO:0025708	biolink:gene_associated_with_condition	0
0.98971015	HGNC:9608	MONDO:0010000	biolink:causes	0
0.9981844	HGNC:9608	MONDO:0014343	biolink:gene_associated_with_condition	0
0.1608574	HGNC:9658	MONDO:0033482	biolink:gene_associated_with_condition	0
0.5098708	HGNC:9658	MONDO:0014947	biolink:gene_associated_with_condition	0
0.89846206	HGNC:30889	MONDO:0008377	biolink:causes	0
0.84295166	HGNC:24113	MONDO:0014518	biolink:causes	0
0.94701385	HGNC:10560	MONDO:0014343	biolink:causes	0
0.97378135	HGNC:14262	MONDO:0009377	biolink:causes	0
0.9218304	HGNC:24123	MONDO:0024550	biolink:causes	0
0.97841144	HGNC:24123	MONDO:0009353	biolink:causes	0
0.77027524	HGNC:14078	MONDO:0012423	biolink:causes	0
0.8552183	HGNC:30000	MONDO:0800028	biolink:causes	0
0.613404	HGNC:30000	MONDO:0013533	biolink:causes	0
0.8167579	HGNC:987	MONDO:0008087	biolink:gene_associated_with_condition	0
0.8788493	HGNC:987	MONDO:0019569	biolink:gene_associated_with_condition	0
0.2896695	HGNC:1001	MONDO:0012123	biolink:gene_associated_with_condition	0
0.5519876	HGNC:1001	MONDO:0060510	biolink:gene_associated_with_condition	0
0.93412405	HGNC:13222	MONDO:0012184	biolink:causes	0
0.95589775	HGNC:13222	MONDO:0859147	biolink:causes	0
0.93905956	HGNC:13222	MONDO:0008377	biolink:causes	0
0.97081167	HGNC:20893	MONDO:0011811	biolink:causes	0
0.9688448	HGNC:20893	MONDO:0013243	biolink:causes	0
0.9461321	HGNC:20893	MONDO:0018931	biolink:causes	0
0.92670715	HGNC:16512	MONDO:0014809	biolink:causes	0
0.59981614	HGNC:21020	MONDO:0008201	biolink:gene_associated_with_condition	0
0.8648349	HGNC:9811	MONDO:0012859	biolink:gene_associated_with_condition	0
0.640326	HGNC:9811	MONDO:0019597	biolink:causes	0
0.5764383	HGNC:9871	MONDO:0011784	biolink:causes	0
0.30697635	HGNC:9871	MONDO:0009061	biolink:causes	0
0.9446027	HGNC:9879	MONDO:0014118	biolink:causes	0
0.9469155	HGNC:9879	MONDO:0014346	biolink:causes	0
0.9573688	HGNC:9879	MONDO:0007740	biolink:causes	0
0.97159594	HGNC:9879	MONDO:0009279	biolink:causes	0
0.9623622	HGNC:9879	MONDO:0008377	biolink:causes	0
0.98444647	HGNC:9879	MONDO:0009397	biolink:causes	0
0.9320697	HGNC:9922	MONDO:0014343	biolink:gene_associated_with_condition	0
0.913229	HGNC:9922	MONDO:0007949	biolink:gene_associated_with_condition	0
0.6088634	HGNC:9922	MONDO:0009877	biolink:causes	0
0.5888069	HGNC:17975	MONDO:0008542	biolink:gene_associated_with_condition	0
0.9429331	HGNC:17975	MONDO:0009760	biolink:gene_associated_with_condition	0
0.82487	HGNC:9965	MONDO:0014327	biolink:gene_associated_with_condition	0
0.9622934	HGNC:9965	MONDO:0019855	biolink:gene_associated_with_condition	0
0.9548972	HGNC:9965	MONDO:0018393	biolink:gene_associated_with_condition	0
0.8140693	HGNC:9967	MONDO:0009306	biolink:contributes_to	0
0.14947256	HGNC:9967	MONDO:0013642	biolink:contributes_to	0
0.692092	HGNC:9967	MONDO:0014450	biolink:causes	0
0.011161041	HGNC:9967	MONDO:0020619	biolink:causes	0
0.6784851	HGNC:9967	MONDO:0957572	biolink:causes	0
0.68035716	HGNC:9967	MONDO:0957922	biolink:causes	0
0.94125664	HGNC:9986	MONDO:0016782	biolink:causes	0
0.42252403	HGNC:9986	MONDO:0015555	biolink:causes	0
0.940618	HGNC:9986	MONDO:0014321	biolink:causes	0
0.93236715	HGNC:9986	MONDO:0031481	biolink:causes	0
0.26022446	HGNC:10009	MONDO:0030366	biolink:gene_associated_with_condition	0
0.89784694	HGNC:13429	MONDO:0020745	biolink:causes	0
0.08348447	HGNC:21158	MONDO:0014466	biolink:gene_associated_with_condition	0
0.045519985	HGNC:21158	MONDO:0011351	biolink:gene_associated_with_condition	0
0.14517024	HGNC:21158	MONDO:0012041	biolink:gene_associated_with_condition	0
0.7022249	HGNC:10289	MONDO:0013607	biolink:causes	0
0.9720987	HGNC:10294	MONDO:0019113	biolink:causes	0
0.4253695	HGNC:10295	MONDO:0012163	biolink:causes	0
0.8900164	HGNC:10295	MONDO:0017811	biolink:causes	0
0.50955075	HGNC:10446	MONDO:0008542	biolink:causes	0
0.9216709	HGNC:10447	MONDO:0032804	biolink:causes	0
0.976636	HGNC:10447	MONDO:0957218	biolink:causes	0
0.93370724	HGNC:10447	MONDO:0012925	biolink:causes	0
0.9196287	HGNC:17296	MONDO:0013052	biolink:causes	0
0.9819354	HGNC:17296	MONDO:0009475	biolink:causes	0
0.92005974	HGNC:17296	MONDO:0014343	biolink:causes	0
0.9146477	HGNC:17296	MONDO:0013033	biolink:causes	0
0.81715983	HGNC:12371	MONDO:0012297	biolink:causes	0
0.7409261	HGNC:10471	MONDO:0009354	biolink:causes	0
0.5245473	HGNC:10471	MONDO:0032874	biolink:causes	0
0.99622154	HGNC:19440	MONDO:0014343	biolink:gene_associated_with_condition	0
0.99341065	HGNC:19869	MONDO:0010099	biolink:gene_associated_with_condition	0
0.53837836	HGNC:10583	MONDO:0032665	biolink:gene_associated_with_condition	0
0.32107556	HGNC:10683	MONDO:0017111	biolink:causes	0
0.39550507	HGNC:10701	MONDO:0009380	biolink:causes	0
0.56190175	HGNC:10701	MONDO:0014327	biolink:causes	0
0.17515002	HGNC:10736	MONDO:0008818	biolink:gene_associated_with_condition	0
0.14352335	HGNC:10736	MONDO:0859521	biolink:gene_associated_with_condition	0
0.082408324	HGNC:10736	MONDO:0019373	biolink:gene_associated_with_condition	0
0.35640174	HGNC:29187	MONDO:0008377	biolink:causes	0
0.8457582	HGNC:16088	MONDO:0011694	biolink:causes	0
0.4836904	HGNC:10809	MONDO:0007216	biolink:gene_associated_with_condition	0
0.9143129	HGNC:10809	MONDO:0014343	biolink:gene_associated_with_condition	0
0.9357137	HGNC:10809	MONDO:0014455	biolink:gene_associated_with_condition	0
0.6112174	HGNC:29605	MONDO:0011496	biolink:causes	0
0.9889972	HGNC:10853	MONDO:0010554	biolink:causes	0
0.7281921	HGNC:25543	MONDO:0008998	biolink:causes	0
0.762261	HGNC:23639	MONDO:0018598	biolink:causes	0
0.021394249	HGNC:23639	MONDO:0035555	biolink:causes	0
0.72226244	HGNC:23639	MONDO:0009653	biolink:causes	0
0.9292511	HGNC:23639	MONDO:0020493	biolink:causes	0
0.92508185	HGNC:11005	MONDO:0012859	biolink:gene_associated_with_condition	0
0.7847898	HGNC:11005	MONDO:0012979	biolink:gene_associated_with_condition	0
0.07802732	HGNC:11005	MONDO:0100289	biolink:causes	0
0.031911787	HGNC:11005	MONDO:0026404	biolink:causes	0
0.72427875	HGNC:11027	MONDO:0007922	biolink:causes	0
0.72364783	HGNC:11027	MONDO:0009115	biolink:causes	0
0.358145	HGNC:10906	MONDO:0011738	biolink:causes	0
0.96914715	HGNC:10914	MONDO:0032724	biolink:causes	0
0.30595583	HGNC:23094	MONDO:0008678	biolink:causes	0
0.46281087	HGNC:23094	MONDO:0008722	biolink:causes	0
0.33170906	HGNC:23094	MONDO:0009625	biolink:causes	0
0.41110826	HGNC:23094	MONDO:0011017	biolink:causes	0
0.97572154	HGNC:10994	MONDO:0060745	biolink:causes	0
0.43212804	HGNC:10998	MONDO:0007221	biolink:gene_associated_with_condition	0
0.76070553	HGNC:13941	MONDO:0011529	biolink:causes	0
0.95396626	HGNC:19046	MONDO:0007794	biolink:causes	0
0.9896169	HGNC:19046	MONDO:0010401	biolink:causes	0
0.99483633	HGNC:19046	MONDO:0044724	biolink:causes	0
0.4950807	HGNC:11100	MONDO:0008734	biolink:gene_associated_with_condition	0
0.651197	HGNC:11100	MONDO:0011158	biolink:causes	0
0.41835093	HGNC:11100	MONDO:0014383	biolink:causes	0
0.47437647	HGNC:11100	MONDO:0007797	biolink:causes	0
0.7816641	HGNC:11119	MONDO:0013011	biolink:causes	0
0.109827735	HGNC:1346	MONDO:0007845	biolink:causes	0
0.89562696	HGNC:1371	MONDO:0013991	biolink:gene_associated_with_condition	0
0.9171189	HGNC:1388	MONDO:0060556	biolink:causes	0
0.89465326	HGNC:1388	MONDO:0060663	biolink:gene_associated_with_condition	0
0.7249932	HGNC:1388	MONDO:0009804	biolink:causes	0
0.93122107	HGNC:1388	MONDO:0008765	biolink:gene_associated_with_condition	0
0.87291443	HGNC:1397	MONDO:0014480	biolink:causes	0
0.09969744	HGNC:16709	MONDO:0007828	biolink:causes	0
0.0265074	HGNC:16709	MONDO:0008705	biolink:causes	0
0.6156845	HGNC:26276	MONDO:0020628	biolink:gene_associated_with_condition	0
0.8703649	HGNC:1514	MONDO:0014386	biolink:causes	0
0.9495483	HGNC:1514	MONDO:0007572	biolink:contributes_to	0
0.93813837	HGNC:1514	MONDO:0010188	biolink:contributes_to	0
0.90973693	HGNC:1514	MONDO:0032624	biolink:causes	0
0.1821438	HGNC:1514	MONDO:0016703	biolink:causes	0
0.95920956	HGNC:1514	MONDO:0013929	biolink:contributes_to	0
0.89554197	HGNC:1539	MONDO:0030338	biolink:gene_associated_with_condition	0
0.87653637	HGNC:1539	MONDO:0008377	biolink:gene_associated_with_condition	0
0.8407437	HGNC:27845	MONDO:0011190	biolink:causes	0
0.5676976	HGNC:11184	MONDO:0008542	biolink:causes	0
0.91957736	HGNC:11184	MONDO:0014711	biolink:causes	0
0.208358	HGNC:11184	MONDO:0018197	biolink:causes	0
0.93903196	HGNC:29022	MONDO:0014853	biolink:causes	0
0.98682785	HGNC:20249	MONDO:0013932	biolink:causes	0
0.9485854	HGNC:20249	MONDO:0017176	biolink:causes	0
0.5760966	HGNC:11311	MONDO:0008426	biolink:gene_associated_with_condition	0
0.64013773	HGNC:11311	MONDO:0975887	biolink:gene_associated_with_condition	0
0.81998676	HGNC:10872	MONDO:0020512	biolink:gene_associated_with_condition	0
0.63429093	HGNC:11364	MONDO:0009773	biolink:causes	0
0.35308546	HGNC:11367	MONDO:0010485	biolink:causes	0
0.9195952	HGNC:11367	MONDO:0054802	biolink:causes	0
0.5656997	HGNC:26239	MONDO:0009339	biolink:causes	0
0.8531633	HGNC:26239	MONDO:0013767	biolink:causes	0
0.7672733	HGNC:26239	MONDO:0031084	biolink:causes	0
0.6515989	HGNC:11427	MONDO:0013367	biolink:causes	0
0.46171048	HGNC:11427	MONDO:0020507	biolink:causes	0
0.45681107	HGNC:11427	MONDO:0013033	biolink:causes	0
0.8759446	HGNC:11449	MONDO:0007355	biolink:causes	0
0.46753696	HGNC:11480	MONDO:0016579	biolink:causes	0
0.040070474	HGNC:11490	MONDO:0012607	biolink:causes	0
0.4542762	HGNC:11490	MONDO:0014343	biolink:causes	0
0.7203642	HGNC:11530	MONDO:0008426	biolink:gene_associated_with_condition	0
0.7096143	HGNC:30740	MONDO:0018576	biolink:gene_associated_with_condition	0
0.91906846	HGNC:16133	MONDO:0032592	biolink:causes	0
0.9566987	HGNC:28261	MONDO:0015007	biolink:causes	0
0.97147995	HGNC:28261	MONDO:0008377	biolink:causes	0
0.188592	HGNC:11598	MONDO:0007854	biolink:causes	0
0.23986498	HGNC:11598	MONDO:0013690	biolink:causes	0
0.08681943	HGNC:11598	MONDO:0032817	biolink:gene_associated_with_condition	0
0.1785199	HGNC:11598	MONDO:0017629	biolink:gene_associated_with_condition	0
0.714839	HGNC:11633	MONDO:0015278	biolink:gene_associated_with_condition	0
0.2759757	HGNC:11633	MONDO:0010720	biolink:gene_associated_with_condition	0
0.78731114	HGNC:18884	MONDO:0014217	biolink:gene_associated_with_condition	0
0.3106906	HGNC:11714	MONDO:0009892	biolink:causes	0
0.65506136	HGNC:11714	MONDO:0014065	biolink:causes	0
0.41176304	HGNC:25941	MONDO:0007042	biolink:gene_associated_with_condition	0
0.45275626	HGNC:25941	MONDO:0011974	biolink:gene_associated_with_condition	0
0.856587	HGNC:25941	MONDO:0013028	biolink:gene_associated_with_condition	0
0.6102652	HGNC:25941	MONDO:0017241	biolink:gene_associated_with_condition	0
0.96732146	HGNC:11743	MONDO:0008542	biolink:gene_associated_with_condition	0
0.8482372	HGNC:11743	MONDO:0010250	biolink:gene_associated_with_condition	0
0.9519782	HGNC:11762	MONDO:0011784	biolink:gene_associated_with_condition	0
0.3078592	HGNC:11762	MONDO:0700298	biolink:causes	0
0.5415766	HGNC:11762	MONDO:0008931	biolink:causes	0
0.29918173	HGNC:11762	MONDO:0013195	biolink:causes	0
0.85462314	HGNC:11768	MONDO:0010162	biolink:causes	0
0.9710159	HGNC:11773	MONDO:0012682	biolink:gene_associated_with_condition	0
0.98580825	HGNC:11773	MONDO:0009820	biolink:causes	0
0.9340718	HGNC:19073	MONDO:0016682	biolink:gene_associated_with_condition	0
0.867853	HGNC:19073	MONDO:0019428	biolink:gene_associated_with_condition	0
0.96353877	HGNC:23656	MONDO:0014343	biolink:gene_associated_with_condition	0
0.850399	HGNC:23656	MONDO:0017715	biolink:gene_associated_with_condition	0
0.02015741	HGNC:11828	MONDO:0016839	biolink:causes	0
0.7541637	HGNC:11828	MONDO:0025354	biolink:causes	0
0.2538887	HGNC:24552	MONDO:0013462	biolink:causes	0
0.83429855	HGNC:24552	MONDO:0009215	biolink:gene_associated_with_condition	0
0.779151	HGNC:24552	MONDO:0030995	biolink:causes	0
0.8560737	HGNC:11943	MONDO:0011417	biolink:causes	0
0.77511734	HGNC:11998	MONDO:0008542	biolink:gene_associated_with_condition	0
0.21435767	HGNC:11998	MONDO:0007377	biolink:gene_associated_with_condition	0
0.29682252	HGNC:11998	MONDO:0007805	biolink:gene_associated_with_condition	0
0.9153064	HGNC:11998	MONDO:0008377	biolink:gene_associated_with_condition	0
0.20286538	HGNC:11998	MONDO:0009477	biolink:gene_associated_with_condition	0
0.014838889	HGNC:11998	MONDO:0018761	biolink:contributes_to	0
0.71981555	HGNC:11998	MONDO:0859572	biolink:gene_associated_with_condition	0
0.7555652	HGNC:12009	MONDO:0014754	biolink:causes	0
0.944727	HGNC:12011	MONDO:0010655	biolink:causes	0
0.8136103	HGNC:12011	MONDO:0024543	biolink:causes	0
0.45169765	HGNC:12011	MONDO:0035941	biolink:causes	0
0.87601644	HGNC:20456	MONDO:0013156	biolink:causes	0
0.97248274	HGNC:20456	MONDO:0014343	biolink:causes	0
0.75177205	HGNC:20456	MONDO:0011593	biolink:causes	0
0.899837	HGNC:20456	MONDO:0030927	biolink:causes	0
0.023183282	HGNC:12271	MONDO:0010626	biolink:gene_associated_with_condition	0
0.008136199	HGNC:12271	MONDO:0044320	biolink:gene_associated_with_condition	0
0.14071725	HGNC:16380	MONDO:0011091	biolink:causes	0
0.54654914	HGNC:16380	MONDO:0957271	biolink:causes	0
0.71769565	HGNC:17993	MONDO:0008437	biolink:causes	0
0.5679304	HGNC:17993	MONDO:0009061	biolink:causes	0
0.8338386	HGNC:20087	MONDO:0014343	biolink:causes	0
0.5495634	HGNC:20087	MONDO:0012465	biolink:causes	0
0.982765	HGNC:20670	MONDO:0035819	biolink:gene_associated_with_condition	0
0.97816783	HGNC:20670	MONDO:0007495	biolink:causes	0
0.568155	HGNC:12440	MONDO:0017308	biolink:causes	0
0.044277135	HGNC:12440	MONDO:0012297	biolink:causes	0
0.64164436	HGNC:12469	MONDO:0009192	biolink:gene_associated_with_condition	0
0.56614363	HGNC:12469	MONDO:0008637	biolink:gene_associated_with_condition	0
0.8858807	HGNC:30594	MONDO:0008148	biolink:causes	0
0.921983	HGNC:20439	MONDO:0014343	biolink:gene_associated_with_condition	0
0.66370934	HGNC:20439	MONDO:0014883	biolink:gene_associated_with_condition	0
0.85177445	HGNC:20439	MONDO:0007157	biolink:gene_associated_with_condition	0
0.09166818	HGNC:12631	MONDO:0010446	biolink:gene_associated_with_condition	0
0.97866666	HGNC:2464	MONDO:0009823	biolink:causes	0
0.94714516	HGNC:2464	MONDO:0054731	biolink:gene_associated_with_condition	0
0.9208546	HGNC:12668	MONDO:0010400	biolink:causes	0
0.6411092	HGNC:23663	MONDO:0009642	biolink:causes	0
0.7612453	HGNC:12713	MONDO:0015566	biolink:causes	0
0.70996815	HGNC:12713	MONDO:0014899	biolink:causes	0
0.9364056	HGNC:12718	MONDO:0014821	biolink:causes	0
0.931909	HGNC:12718	MONDO:0018393	biolink:causes	0
0.7953433	HGNC:12729	MONDO:0007922	biolink:causes	0
0.4659939	HGNC:28027	MONDO:0013570	biolink:gene_associated_with_condition	0
0.5972889	HGNC:28027	MONDO:0018564	biolink:gene_associated_with_condition	0
0.97240216	HGNC:18340	MONDO:0014738	biolink:causes	0
0.9793022	HGNC:18340	MONDO:0008887	biolink:causes	0
0.97629833	HGNC:18340	MONDO:0017225	biolink:causes	0
0.5198532	HGNC:21208	MONDO:0008817	biolink:causes	0
0.9688228	HGNC:29250	MONDO:0007380	biolink:causes	0
0.9780135	HGNC:29250	MONDO:0007524	biolink:causes	0
0.3426567	HGNC:26600	MONDO:0014122	biolink:causes	0
0.70776105	HGNC:12781	MONDO:0014343	biolink:causes	0
0.777119	HGNC:12786	MONDO:0012569	biolink:causes	0
0.7281202	HGNC:592	MONDO:0968981	biolink:causes	0
0.33217847	HGNC:25489	MONDO:0032596	biolink:gene_associated_with_condition	0
0.508005	HGNC:18326	MONDO:0015270	biolink:causes	0
0.8566246	HGNC:30935	MONDO:0033046	biolink:gene_associated_with_condition	0
0.6990863	HGNC:20152	MONDO:0032907	biolink:causes	0
0.5084734	HGNC:28449	MONDO:0007191	biolink:gene_associated_with_condition	0
0.6064871	HGNC:28449	MONDO:0010441	biolink:gene_associated_with_condition	0
0.9204058	HGNC:23216	MONDO:0007157	biolink:causes	0
0.42438206	HGNC:1754	MONDO:0007740	biolink:causes	0
0.4037049	HGNC:1785	MONDO:0010389	biolink:causes	0
0.42994708	HGNC:17104	MONDO:0007723	biolink:causes	0
0.94458985	HGNC:24576	MONDO:0009265	biolink:causes	0
0.26447144	HGNC:1810	MONDO:0007042	biolink:causes	0
0.444209	HGNC:1810	MONDO:0008244	biolink:causes	0
0.5293747	HGNC:1161	MONDO:0019767	biolink:gene_associated_with_condition	0
0.0988001	HGNC:1161	MONDO:0010853	biolink:gene_associated_with_condition	0
0.912943	HGNC:25815	MONDO:0012892	biolink:causes	0
0.92935	HGNC:14253	MONDO:0014474	biolink:gene_associated_with_condition	0
0.7947836	HGNC:14253	MONDO:0032673	biolink:gene_associated_with_condition	0
0.8025875	HGNC:1301	MONDO:0060591	biolink:causes	0
0.69211584	HGNC:1301	MONDO:0007895	biolink:causes	0
0.7200122	HGNC:18292	MONDO:0013060	biolink:causes	0
0.3420242	HGNC:1884	MONDO:0013842	biolink:causes	0
0.7154778	HGNC:1884	MONDO:0011556	biolink:causes	0
0.9320086	HGNC:15559	MONDO:0858999	biolink:gene_associated_with_condition	0
0.16729175	HGNC:16171	MONDO:0008210	biolink:causes	0
0.6501461	HGNC:16171	MONDO:0009820	biolink:causes	0
0.85199755	HGNC:1952	MONDO:0014343	biolink:gene_associated_with_condition	0
0.9786119	HGNC:26877	MONDO:0024550	biolink:gene_associated_with_condition	0
0.926787	HGNC:2019	MONDO:0009073	biolink:causes	0
0.47455472	HGNC:2022	MONDO:0007922	biolink:gene_associated_with_condition	0
0.031847004	HGNC:2022	MONDO:0018758	biolink:causes	0
0.3386225	HGNC:2022	MONDO:0012161	biolink:gene_associated_with_condition	0
0.5175265	HGNC:2088	MONDO:0012892	biolink:causes	0
0.98834604	HGNC:18620	MONDO:0030866	biolink:gene_associated_with_condition	0
0.9549645	HGNC:2197	MONDO:0013992	biolink:causes	0
0.98797613	HGNC:2197	MONDO:0025699	biolink:gene_associated_with_condition	0
0.975377	HGNC:2197	MONDO:0032921	biolink:causes	0
0.97219557	HGNC:2197	MONDO:0859164	biolink:gene_associated_with_condition	0
0.9188107	HGNC:2197	MONDO:0008061	biolink:causes	0
0.94215924	HGNC:2197	MONDO:0014493	biolink:causes	0
0.91564035	HGNC:2197	MONDO:0030490	biolink:gene_associated_with_condition	0
0.98956096	HGNC:2200	MONDO:0008862	biolink:gene_associated_with_condition	0
0.6741195	HGNC:2200	MONDO:0009994	biolink:causes	0
0.95467544	HGNC:2200	MONDO:0968990	biolink:causes	0
0.9786122	HGNC:2200	MONDO:0007572	biolink:causes	0
0.9805705	HGNC:2200	MONDO:0012652	biolink:causes	0
0.964176	HGNC:2200	MONDO:0013236	biolink:causes	0
0.98696566	HGNC:2200	MONDO:0012411	biolink:causes	0
0.97559625	HGNC:2200	MONDO:0014211	biolink:gene_associated_with_condition	0
0.9835315	HGNC:2200	MONDO:0017407	biolink:causes	0
0.98876685	HGNC:2200	MONDO:0032677	biolink:causes	0
0.9945352	HGNC:2200	MONDO:0008005	biolink:gene_associated_with_condition	0
0.5149	HGNC:2200	MONDO:0015557	biolink:causes	0
0.7960168	HGNC:2185	MONDO:0011091	biolink:causes	0
0.9726236	HGNC:17213	MONDO:0010803	biolink:causes	0
0.9231259	HGNC:20213	MONDO:0012554	biolink:causes	0
0.14639607	HGNC:18688	MONDO:8000015	biolink:causes	0
0.97627944	HGNC:2379	MONDO:0009192	biolink:causes	0
0.94114554	HGNC:2379	MONDO:0018611	biolink:gene_associated_with_condition	0
0.98191595	HGNC:2379	MONDO:0008097	biolink:gene_associated_with_condition	0
0.9485426	HGNC:2379	MONDO:0008377	biolink:causes	0
0.31451786	HGNC:2411	MONDO:0013244	biolink:gene_associated_with_condition	0
0.73712796	HGNC:2418	MONDO:0013070	biolink:causes	0
0.34966454	HGNC:2472	MONDO:0013050	biolink:causes	0
0.9124344	HGNC:2478	MONDO:0019374	biolink:causes	0
0.96216583	HGNC:2478	MONDO:0014343	biolink:causes	0
0.92541814	HGNC:2514	MONDO:0008542	biolink:causes	0
0.8422441	HGNC:2514	MONDO:0032581	biolink:causes	0
0.84355533	HGNC:2514	MONDO:0007485	biolink:gene_associated_with_condition	0
0.58078706	HGNC:2514	MONDO:0017173	biolink:gene_associated_with_condition	0
0.7397803	HGNC:2514	MONDO:0033479	biolink:gene_associated_with_condition	0
0.99361587	HGNC:9251	MONDO:0030918	biolink:causes	0
0.9727729	HGNC:9251	MONDO:0800029	biolink:causes	0
0.9478567	HGNC:10664	MONDO:0012398	biolink:gene_associated_with_condition	0
0.917796	HGNC:10664	MONDO:0019855	biolink:causes	0
0.5361041	HGNC:2578	MONDO:0008000	biolink:causes	0
0.4571572	HGNC:2578	MONDO:0012552	biolink:causes	0
0.83920723	HGNC:2594	MONDO:0012256	biolink:gene_associated_with_condition	0
0.9024251	HGNC:2594	MONDO:0008399	biolink:gene_associated_with_condition	0
0.8479729	HGNC:2594	MONDO:0060502	biolink:gene_associated_with_condition	0
0.93252426	HGNC:2731	MONDO:0011359	biolink:gene_associated_with_condition	0
0.21796203	HGNC:18674	MONDO:0011242	biolink:gene_associated_with_condition	0
0.9548559	HGNC:2760	MONDO:0012718	biolink:causes	0
0.9528388	HGNC:2760	MONDO:0011784	biolink:causes	0
0.6345176	HGNC:2760	MONDO:0007221	biolink:causes	0
0.8957851	HGNC:2770	MONDO:0019848	biolink:causes	0
0.96724963	HGNC:2919	MONDO:0060489	biolink:causes	0
0.5228219	HGNC:2928	MONDO:0009820	biolink:gene_associated_with_condition	0
0.9728803	HGNC:2928	MONDO:0020745	biolink:gene_associated_with_condition	0
0.8426828	HGNC:21493	MONDO:0014343	biolink:causes	0
0.5253092	HGNC:5228	MONDO:0958354	biolink:gene_associated_with_condition	0
0.9927342	HGNC:27030	MONDO:0012930	biolink:causes	0
0.56810486	HGNC:2976	MONDO:0012724	biolink:causes	0
0.6050901	HGNC:2976	MONDO:0009953	biolink:gene_associated_with_condition	0
0.7122715	HGNC:2976	MONDO:0019505	biolink:causes	0
0.7199205	HGNC:3005	MONDO:0020324	biolink:gene_associated_with_condition	0
0.9980731	HGNC:3005	MONDO:0014343	biolink:gene_associated_with_condition	0
0.97078586	HGNC:3005	MONDO:0008673	biolink:gene_associated_with_condition	0
0.9733372	HGNC:28769	MONDO:0032604	biolink:causes	0
0.61118287	HGNC:3036	MONDO:0007363	biolink:gene_associated_with_condition	0
0.6681189	HGNC:17328	MONDO:0007158	biolink:causes	0
0.84578437	HGNC:3146	MONDO:0014630	biolink:causes	0
0.44990933	HGNC:3146	MONDO:0009380	biolink:causes	0
0.9814724	HGNC:3218	MONDO:0957270	biolink:causes	0
0.39635193	HGNC:24650	MONDO:0009061	biolink:gene_associated_with_condition	0
0.23146436	HGNC:3260	MONDO:0008310	biolink:gene_associated_with_condition	0
0.6270318	HGNC:3260	MONDO:0859340	biolink:gene_associated_with_condition	0
0.5522394	HGNC:3260	MONDO:0014963	biolink:gene_associated_with_condition	0
0.83490753	HGNC:3356	MONDO:0020506	biolink:gene_associated_with_condition	0
0.98202974	HGNC:3356	MONDO:0012892	biolink:gene_associated_with_condition	0
0.98251754	HGNC:3356	MONDO:0054636	biolink:causes	0
0.9364899	HGNC:3356	MONDO:0012911	biolink:gene_associated_with_condition	0
0.8624111	HGNC:3356	MONDO:0008061	biolink:gene_associated_with_condition	0
0.9898605	HGNC:3356	MONDO:0009069	biolink:causes	0
0.74071187	HGNC:3356	MONDO:0014997	biolink:causes	0
0.70338166	HGNC:3373	MONDO:0007042	biolink:causes	0
0.81172305	HGNC:3373	MONDO:0014242	biolink:causes	0
0.94566154	HGNC:3373	MONDO:0010075	biolink:causes	0
0.8920934	HGNC:3395	MONDO:0019349	biolink:causes	0
0.90890896	HGNC:3395	MONDO:0031084	biolink:causes	0
0.06738752	HGNC:3423	MONDO:0976266	biolink:causes	0
0.7246226	HGNC:3436	MONDO:0009646	biolink:gene_associated_with_condition	0
0.6417718	HGNC:3436	MONDO:0060556	biolink:gene_associated_with_condition	0
0.42325583	HGNC:3436	MONDO:0018229	biolink:gene_associated_with_condition	0
0.76905864	HGNC:3468	MONDO:0014585	biolink:causes	0
0.9777388	HGNC:23287	MONDO:0014899	biolink:causes	0
0.44297174	HGNC:3508	MONDO:0007404	biolink:gene_associated_with_condition	0
0.47593448	HGNC:3508	MONDO:0859180	biolink:gene_associated_with_condition	0
0.6759391	HGNC:3508	MONDO:0008701	biolink:gene_associated_with_condition	0
0.93568146	MONDO:0000908	HGNC:10303	biolink:gene_associated_with_condition	0
0.87708294	MONDO:0000908	HGNC:7897	biolink:gene_associated_with_condition	0
0.25683796	MONDO:0006952	HGNC:18640	biolink:gene_associated_with_condition	0
0.92402464	MONDO:0007032	HGNC:6080	biolink:causes	0
0.99275184	MONDO:0007032	HGNC:37234	biolink:causes	0
0.9292179	MONDO:0007052	HGNC:9722	biolink:causes	0
0.83178324	MONDO:0007052	HGNC:3052	biolink:gene_associated_with_condition	0
0.48960838	MONDO:0007068	HGNC:7154	biolink:causes	0
0.35267287	MONDO:0007068	HGNC:387	biolink:gene_associated_with_condition	0
0.98377186	MONDO:0007080	HGNC:15672	biolink:causes	0
0.8411075	MONDO:0007080	HGNC:28209	biolink:gene_associated_with_condition	0
0.4836904	MONDO:0007216	HGNC:10809	biolink:gene_associated_with_condition	0
0.6868982	MONDO:0007232	HGNC:1515	biolink:causes	0
0.89789563	MONDO:0007232	HGNC:19708	biolink:causes	0
0.85297054	MONDO:0007232	HGNC:317	biolink:gene_associated_with_condition	0
0.042323116	MONDO:0007244	HGNC:31704	biolink:causes	0
0.95278543	MONDO:0007244	HGNC:4332	biolink:causes	0
0.8903552	MONDO:0007288	HGNC:29932	biolink:gene_associated_with_condition	0
0.5420362	MONDO:0007288	HGNC:12463	biolink:gene_associated_with_condition	0
0.6232312	MONDO:0007340	HGNC:9143	biolink:gene_associated_with_condition	0
0.98383236	MONDO:0007376	HGNC:18121	biolink:causes	0
0.350978	MONDO:0007376	HGNC:35123	biolink:causes	0
0.95016587	MONDO:0007380	HGNC:20323	biolink:causes	0
0.90620273	MONDO:0007380	HGNC:11948	biolink:causes	0
0.9688228	MONDO:0007380	HGNC:29250	biolink:causes	0
0.59499764	MONDO:0007380	HGNC:11521	biolink:causes	0
0.86050546	MONDO:0007380	HGNC:12601	biolink:causes	0
0.9862429	MONDO:0007400	HGNC:2021	biolink:causes	0
0.9920443	MONDO:0007404	HGNC:9853	biolink:causes	0
0.44297174	MONDO:0007404	HGNC:3508	biolink:gene_associated_with_condition	0
0.3824354	MONDO:0007404	HGNC:25705	biolink:causes	0
0.24978554	MONDO:0007404	HGNC:1723	biolink:causes	0
0.8762801	MONDO:0007412	HGNC:5960	biolink:causes	0
0.980346	MONDO:0007488	HGNC:7499	biolink:gene_associated_with_condition	0
0.916299	MONDO:0007524	HGNC:3049	biolink:causes	0
0.9780135	MONDO:0007524	HGNC:29250	biolink:causes	0
0.36106315	MONDO:0007524	HGNC:10004	biolink:causes	0
0.9789877	MONDO:0007524	HGNC:3583	biolink:causes	0
0.692242	MONDO:0007524	HGNC:6973	biolink:causes	0
0.44865564	MONDO:0007556	HGNC:3018	biolink:gene_associated_with_condition	0
0.12615697	MONDO:0007564	HGNC:15802	biolink:causes	0
0.36803868	MONDO:0007564	HGNC:18016	biolink:causes	0
0.9495483	MONDO:0007572	HGNC:1514	biolink:contributes_to	0
0.9786122	MONDO:0007572	HGNC:2200	biolink:causes	0
0.7172413	MONDO:0007636	HGNC:29068	biolink:causes	0
0.5712479	MONDO:0007648	HGNC:4198	biolink:causes	0
0.2508028	MONDO:0007664	HGNC:29525	biolink:causes	0
0.95348644	MONDO:0007716	HGNC:7577	biolink:gene_associated_with_condition	0
0.5550564	MONDO:0007740	HGNC:20091	biolink:causes	0
0.804037	MONDO:0007740	HGNC:10258	biolink:causes	0
0.9573688	MONDO:0007740	HGNC:9879	biolink:causes	0
0.42438206	MONDO:0007740	HGNC:1754	biolink:causes	0
0.97837454	MONDO:0007740	HGNC:3600	biolink:gene_associated_with_condition	0
0.9651091	MONDO:0007740	HGNC:27302	biolink:gene_associated_with_condition	0
0.926755	MONDO:0007740	HGNC:3052	biolink:causes	0
0.8905382	MONDO:0007744	HGNC:17494	biolink:causes	0
0.045377184	MONDO:0007748	HGNC:7737	biolink:causes	0
0.8996378	MONDO:0007768	HGNC:14674	biolink:causes	0
0.7060325	MONDO:0007768	HGNC:3791	biolink:gene_associated_with_condition	0
0.9063013	MONDO:0007768	HGNC:11301	biolink:causes	0
0.94481796	MONDO:0007768	HGNC:47	biolink:causes	0
0.37495396	MONDO:0007792	HGNC:9312	biolink:gene_associated_with_condition	0
0.35168937	MONDO:0007808	HGNC:5962	biolink:contributes_to	0
0.09969744	MONDO:0007828	HGNC:16709	biolink:causes	0
0.5432565	MONDO:0007856	HGNC:8101	biolink:gene_associated_with_condition	0
0.54749715	MONDO:0007944	HGNC:694	biolink:causes	0
0.96283406	MONDO:0007944	HGNC:9177	biolink:causes	0
0.5361041	MONDO:0008000	HGNC:2578	biolink:causes	0
0.43359706	MONDO:0008048	HGNC:6633	biolink:causes	0
0.8858807	MONDO:0008148	HGNC:30594	biolink:causes	0
0.11728227	MONDO:0008176	HGNC:30914	biolink:gene_associated_with_condition	0
0.444209	MONDO:0008244	HGNC:1810	biolink:causes	0
0.9459613	MONDO:0008332	HGNC:7945	biolink:causes	0
0.071384944	MONDO:0008340	HGNC:11584	biolink:causes	0
0.19508669	MONDO:0008340	HGNC:3257	biolink:causes	0
0.78764844	MONDO:0008436	HGNC:11276	biolink:gene_associated_with_condition	0
0.81567025	MONDO:0008436	HGNC:10451	biolink:causes	0
0.925519	MONDO:0008476	HGNC:6342	biolink:gene_associated_with_condition	0
0.9597907	MONDO:0008592	HGNC:16466	biolink:causes	0
0.3660207	MONDO:0008592	HGNC:5962	biolink:contributes_to	0
0.21510592	MONDO:0008644	HGNC:3816	biolink:causes	0
0.018477043	MONDO:0008644	HGNC:8996	biolink:causes	0
0.64983326	MONDO:0008660	HGNC:9091	biolink:causes	0
0.16194572	MONDO:0008684	HGNC:6585	biolink:gene_associated_with_condition	0
0.28173998	MONDO:0008684	HGNC:7821	biolink:gene_associated_with_condition	0
0.018138995	MONDO:0008684	HGNC:285	biolink:causes	0
0.2529065	MONDO:0008684	HGNC:21839	biolink:causes	0
0.9690842	MONDO:0008684	HGNC:25535	biolink:causes	0
0.036687553	MONDO:0008700	HGNC:29525	biolink:causes	0
0.91857845	MONDO:0008720	HGNC:9210	biolink:causes	0
0.74786305	MONDO:0008720	HGNC:4584	biolink:gene_associated_with_condition	0
0.88325447	MONDO:0008740	HGNC:10298	biolink:causes	0
0.39594755	MONDO:0008740	HGNC:4948	biolink:gene_associated_with_condition	0
0.9524954	MONDO:0008764	HGNC:25786	biolink:causes	0
0.9181948	MONDO:0008772	HGNC:1965	biolink:causes	0
0.60786986	MONDO:0008872	HGNC:9940	biolink:gene_associated_with_condition	0
0.6393403	MONDO:0008964	HGNC:6416	biolink:gene_associated_with_condition	0
0.85398346	MONDO:0009008	HGNC:14255	biolink:gene_associated_with_condition	0
0.8939165	MONDO:0009008	HGNC:21022	biolink:gene_associated_with_condition	0
0.325523	MONDO:0009052	HGNC:3816	biolink:causes	0
0.96752757	MONDO:0009052	HGNC:13243	biolink:causes	0
0.31123558	MONDO:0009064	HGNC:3259	biolink:gene_associated_with_condition	0
0.756446	MONDO:0009104	HGNC:25355	biolink:gene_associated_with_condition	0
0.41995987	MONDO:0009104	HGNC:34519	biolink:causes	0
0.8854237	MONDO:0009140	HGNC:164	biolink:causes	0
0.98823136	MONDO:0009140	HGNC:26219	biolink:gene_associated_with_condition	0
0.8258761	MONDO:0009140	HGNC:19104	biolink:causes	0
0.983146	MONDO:0009168	HGNC:19185	biolink:causes	0
0.7865561	MONDO:0009168	HGNC:1857	biolink:causes	0
0.64164436	MONDO:0009192	HGNC:12469	biolink:gene_associated_with_condition	0
0.97627944	MONDO:0009192	HGNC:2379	biolink:causes	0
0.45693788	MONDO:0009192	HGNC:14673	biolink:causes	0
0.9904265	MONDO:0009216	HGNC:10031	biolink:gene_associated_with_condition	0
0.21754242	MONDO:0009232	HGNC:20908	biolink:causes	0
0.42476967	MONDO:0009252	HGNC:20406	biolink:gene_associated_with_condition	0
0.7504856	MONDO:0009252	HGNC:2978	biolink:causes	0
0.49723035	MONDO:0009300	HGNC:9832	biolink:causes	0
0.80782235	MONDO:0009360	HGNC:17619	biolink:causes	0
0.7665468	MONDO:0009360	HGNC:3424	biolink:causes	0
0.39550507	MONDO:0009380	HGNC:10701	biolink:causes	0
0.44990933	MONDO:0009380	HGNC:3146	biolink:causes	0
0.9171466	MONDO:0009416	HGNC:9722	biolink:gene_associated_with_condition	0
0.35558984	MONDO:0009504	HGNC:16262	biolink:gene_associated_with_condition	0
0.8482862	MONDO:0009520	HGNC:23657	biolink:causes	0
0.96333396	MONDO:0009520	HGNC:1361	biolink:causes	0
0.7567198	MONDO:0009544	HGNC:18084	biolink:gene_associated_with_condition	0
0.7842513	MONDO:0009544	HGNC:8149	biolink:causes	0
0.9929757	MONDO:0009624	HGNC:8959	biolink:causes	0
0.9801026	MONDO:0009624	HGNC:12637	biolink:causes	0
0.8953141	MONDO:0009636	HGNC:3542	biolink:gene_associated_with_condition	0
0.9886573	MONDO:0009664	HGNC:14615	biolink:causes	0
0.976344	MONDO:0009672	HGNC:3033	biolink:causes	0
0.6738128	MONDO:0009708	HGNC:8108	biolink:gene_associated_with_condition	0
0.9589623	MONDO:0009728	HGNC:2021	biolink:causes	0
0.6367617	MONDO:0009728	HGNC:939	biolink:causes	0
0.9429331	MONDO:0009760	HGNC:17975	biolink:gene_associated_with_condition	0
0.98550177	MONDO:0009776	HGNC:2187	biolink:causes	0
0.0104853995	MONDO:0009776	HGNC:17020	biolink:contributes_to	0
0.90376556	MONDO:0009796	HGNC:24555	biolink:causes	0
0.9825246	MONDO:0009796	HGNC:10706	biolink:causes	0
0.047472242	MONDO:0009804	HGNC:29536	biolink:causes	0
0.7249932	MONDO:0009804	HGNC:1388	biolink:causes	0
0.7519628	MONDO:0009804	HGNC:5173	biolink:causes	0
0.9534101	MONDO:0009804	HGNC:11257	biolink:causes	0
0.060069483	MONDO:0009804	HGNC:2410	biolink:gene_associated_with_condition	0
0.10151007	MONDO:0009804	HGNC:4800	biolink:gene_associated_with_condition	0
0.99424946	MONDO:0009820	HGNC:3622	biolink:causes	0
0.8987467	MONDO:0009820	HGNC:6636	biolink:causes	0
0.97864896	MONDO:0009820	HGNC:6814	biolink:gene_associated_with_condition	0
0.98580825	MONDO:0009820	HGNC:11773	biolink:causes	0
0.6501461	MONDO:0009820	HGNC:16171	biolink:causes	0
0.5228219	MONDO:0009820	HGNC:2928	biolink:gene_associated_with_condition	0
0.4581006	MONDO:0009820	HGNC:5013	biolink:causes	0
0.30868715	MONDO:0009820	HGNC:8008	biolink:causes	0
0.71201587	MONDO:0009820	HGNC:30605	biolink:gene_associated_with_condition	0
0.34209764	MONDO:0009872	HGNC:3531	biolink:contributes_to	0
0.3106906	MONDO:0009892	HGNC:11714	biolink:causes	0
0.8757738	MONDO:0009892	HGNC:11795	biolink:gene_associated_with_condition	0
0.5272863	MONDO:0009904	HGNC:21143	biolink:causes	0
0.96299756	MONDO:0009904	HGNC:12637	biolink:causes	0
0.5797079	MONDO:0009928	HGNC:11389	biolink:causes	0
0.6156724	MONDO:0009928	HGNC:11992	biolink:gene_associated_with_condition	0
0.06892581	MONDO:0009928	HGNC:30914	biolink:gene_associated_with_condition	0
0.7193685	MONDO:0009928	HGNC:3754	biolink:causes	0
0.64103216	MONDO:0009960	HGNC:12511	biolink:gene_associated_with_condition	0
0.15077266	MONDO:0009960	HGNC:9220	biolink:causes	0
0.98971015	MONDO:0010000	HGNC:9608	biolink:causes	0
0.19761293	MONDO:0010000	HGNC:19309	biolink:causes	0
0.020424822	MONDO:0010028	HGNC:10632	biolink:contributes_to	0
0.9250199	MONDO:0010044	HGNC:13210	biolink:contributes_to	0
0.6586004	MONDO:0010044	HGNC:21099	biolink:causes	0
0.058179468	MONDO:0010056	HGNC:14469	biolink:gene_associated_with_condition	0
0.87971616	MONDO:0010092	HGNC:3754	biolink:causes	0
0.8389103	MONDO:0010160	HGNC:15984	biolink:causes	0
0.9733655	MONDO:0010176	HGNC:19353	biolink:gene_associated_with_condition	0
0.9701531	MONDO:0010184	HGNC:12831	biolink:causes	0
0.93813837	MONDO:0010188	HGNC:1514	biolink:contributes_to	0
0.6320524	MONDO:0010232	HGNC:11020	biolink:causes	0
0.35915744	MONDO:0010232	HGNC:7981	biolink:gene_associated_with_condition	0
0.9112646	MONDO:0010296	HGNC:22932	biolink:causes	0
0.15327042	MONDO:0010296	HGNC:13875	biolink:causes	0
0.717769	MONDO:0010356	HGNC:25240	biolink:causes	0
0.9327613	MONDO:0010356	HGNC:14974	biolink:causes	0
0.71603316	MONDO:0010392	HGNC:7132	biolink:gene_associated_with_condition	0
0.7980572	MONDO:0010392	HGNC:3003	biolink:gene_associated_with_condition	0
0.8889343	MONDO:0010400	HGNC:2214	biolink:gene_associated_with_condition	0
0.9208546	MONDO:0010400	HGNC:12668	biolink:causes	0
0.92672664	MONDO:0010404	HGNC:7690	biolink:causes	0
0.85467535	MONDO:0010496	HGNC:11522	biolink:gene_associated_with_condition	0
0.95209163	MONDO:0010496	HGNC:560	biolink:gene_associated_with_condition	0
0.08548941	MONDO:0010524	HGNC:32940	biolink:causes	0
0.5644563	MONDO:0010592	HGNC:29456	biolink:gene_associated_with_condition	0
0.88749593	MONDO:0010592	HGNC:7765	biolink:causes	0
0.89176524	MONDO:0010600	HGNC:3179	biolink:contributes_to	0
0.2759757	MONDO:0010720	HGNC:11633	biolink:gene_associated_with_condition	0
0.98289055	MONDO:0010752	HGNC:2218	biolink:causes	0
0.95610344	MONDO:0010792	HGNC:12651	biolink:causes	0
0.92641824	MONDO:0010792	HGNC:2232	biolink:causes	0
0.55061513	MONDO:0010792	HGNC:11138	biolink:causes	0
0.75176555	MONDO:0010848	HGNC:16400	biolink:gene_associated_with_condition	0
0.97138184	MONDO:0010856	HGNC:10597	biolink:gene_associated_with_condition	0
0.718431	MONDO:0010856	HGNC:7782	biolink:causes	0
0.32407817	MONDO:0010964	HGNC:6619	biolink:gene_associated_with_condition	0
0.65170205	MONDO:0011136	HGNC:6207	biolink:gene_associated_with_condition	0
0.96230465	MONDO:0011156	HGNC:573	biolink:causes	0
0.47834674	MONDO:0011156	HGNC:13488	biolink:causes	0
0.87904936	MONDO:0011184	HGNC:3098	biolink:causes	0
0.4746387	MONDO:0011184	HGNC:6081	biolink:causes	0
0.08036811	MONDO:0011184	HGNC:13867	biolink:causes	0
0.9860766	MONDO:0011428	HGNC:6909	biolink:causes	0
0.23705865	MONDO:0011448	HGNC:6440	biolink:causes	0
0.98703694	MONDO:0011448	HGNC:450	biolink:gene_associated_with_condition	0
0.6763006	MONDO:0011464	HGNC:4392	biolink:gene_associated_with_condition	0
0.9758529	MONDO:0011464	HGNC:25221	biolink:causes	0
0.8469736	MONDO:0011484	HGNC:6235	biolink:causes	0
0.5805016	MONDO:0011484	HGNC:5213	biolink:gene_associated_with_condition	0
0.3641442	MONDO:0011484	HGNC:9039	biolink:gene_associated_with_condition	0
0.04020997	MONDO:0011484	HGNC:1228	biolink:causes	0
0.6112174	MONDO:0011496	HGNC:29605	biolink:causes	0
0.6818791	MONDO:0011496	HGNC:6937	biolink:causes	0
0.90927577	MONDO:0011504	HGNC:19967	biolink:causes	0
0.97087604	MONDO:0011528	HGNC:3604	biolink:causes	0
0.55979	MONDO:0011528	HGNC:29873	biolink:causes	0
0.9592199	MONDO:0011540	HGNC:16644	biolink:causes	0
0.65048593	MONDO:0011556	HGNC:143	biolink:causes	0
0.9157884	MONDO:0011556	HGNC:5154	biolink:gene_associated_with_condition	0
0.7154778	MONDO:0011556	HGNC:1884	biolink:causes	0
0.7263781	MONDO:0011556	HGNC:14539	biolink:contributes_to	0
0.6109469	MONDO:0011628	HGNC:7027	biolink:causes	0
0.977625	MONDO:0011628	HGNC:15924	biolink:gene_associated_with_condition	0
0.68537205	MONDO:0011672	HGNC:11254	biolink:causes	0
0.3488745	MONDO:0011672	HGNC:613	biolink:contributes_to	0
0.49315557	MONDO:0011708	HGNC:3690	biolink:causes	0
0.61103016	MONDO:0011724	HGNC:12810	biolink:causes	0
0.3447333	MONDO:0011740	HGNC:7821	biolink:gene_associated_with_condition	0
0.96029776	MONDO:0011756	HGNC:5273	biolink:gene_associated_with_condition	0
0.93311626	MONDO:0011760	HGNC:6211	biolink:causes	0
0.5764383	MONDO:0011784	HGNC:9871	biolink:causes	0
0.9519782	MONDO:0011784	HGNC:11762	biolink:gene_associated_with_condition	0
0.9528388	MONDO:0011784	HGNC:2760	biolink:causes	0
0.8326172	MONDO:0011836	HGNC:29427	biolink:gene_associated_with_condition	0
0.367797	MONDO:0011908	HGNC:14537	biolink:gene_associated_with_condition	0
0.56746936	MONDO:0011908	HGNC:28993	biolink:causes	0
0.6524716	MONDO:0011908	HGNC:27337	biolink:gene_associated_with_condition	0
0.65210325	MONDO:0011932	HGNC:22197	biolink:gene_associated_with_condition	0
0.0637242	MONDO:0011932	HGNC:6893	biolink:gene_associated_with_condition	0
0.576185	MONDO:0011984	HGNC:1541	biolink:causes	0
0.82437253	MONDO:0012004	HGNC:3756	biolink:causes	0
0.6097329	MONDO:0012004	HGNC:13478	biolink:causes	0
0.6825059	MONDO:0012004	HGNC:1938	biolink:causes	0
0.9012745	MONDO:0012004	HGNC:1968	biolink:causes	0
0.14732596	MONDO:0012044	HGNC:6091	biolink:causes	0
0.5753812	MONDO:0012080	HGNC:18762	biolink:causes	0
0.97867936	MONDO:0012092	HGNC:25835	biolink:causes	0
0.043792643	MONDO:0012092	HGNC:126	biolink:causes	0
0.7047752	MONDO:0012096	HGNC:2389	biolink:gene_associated_with_condition	0
0.9147631	MONDO:0012096	HGNC:29508	biolink:causes	0
0.9229602	MONDO:0012096	HGNC:10606	biolink:gene_associated_with_condition	0
0.93412405	MONDO:0012184	HGNC:13222	biolink:causes	0
0.40215904	MONDO:0012184	HGNC:427	biolink:contributes_to	0
0.887519	MONDO:0012204	HGNC:16783	biolink:gene_associated_with_condition	0
0.898654	MONDO:0012204	HGNC:3236	biolink:causes	0
0.83920723	MONDO:0012256	HGNC:2594	biolink:gene_associated_with_condition	0
0.47513387	MONDO:0012276	HGNC:4042	biolink:causes	0
0.5951064	MONDO:0012276	HGNC:11389	biolink:causes	0
0.9868329	MONDO:0012276	HGNC:13681	biolink:causes	0
0.42732993	MONDO:0012276	HGNC:8005	biolink:causes	0
0.915213	MONDO:0012348	HGNC:17327	biolink:causes	0
0.72849536	MONDO:0012368	HGNC:6091	biolink:causes	0
0.9417561	MONDO:0012368	HGNC:18608	biolink:causes	0
0.89359385	MONDO:0012368	HGNC:1966	biolink:causes	0
0.7763633	MONDO:0012368	HGNC:3765	biolink:gene_associated_with_condition	0
0.9726281	MONDO:0012400	HGNC:11226	biolink:causes	0
0.1245888	MONDO:0012412	HGNC:3581	biolink:contributes_to	0
0.6160305	MONDO:0012488	HGNC:6081	biolink:causes	0
0.72579175	MONDO:0012520	HGNC:6770	biolink:causes	0
0.6298804	MONDO:0012520	HGNC:3087	biolink:causes	0
0.94650686	MONDO:0012520	HGNC:11771	biolink:causes	0
0.4571572	MONDO:0012552	HGNC:2578	biolink:causes	0
0.8748643	MONDO:0012596	HGNC:21022	biolink:gene_associated_with_condition	0
0.9897683	MONDO:0012596	HGNC:27337	biolink:causes	0
0.8981729	MONDO:0012596	HGNC:23166	biolink:causes	0
0.0082391985	MONDO:0012624	HGNC:8117	biolink:gene_associated_with_condition	0
0.1921451	MONDO:0012652	HGNC:3531	biolink:contributes_to	0
0.9805705	MONDO:0012652	HGNC:2200	biolink:causes	0
0.8383089	MONDO:0012656	HGNC:4313	biolink:gene_associated_with_condition	0
0.91789275	MONDO:0012656	HGNC:2846	biolink:causes	0
0.9069238	MONDO:0012700	HGNC:6530	biolink:causes	0
0.9476342	MONDO:0012700	HGNC:1097	biolink:causes	0
0.56810486	MONDO:0012724	HGNC:2976	biolink:causes	0
0.93567187	MONDO:0012792	HGNC:6186	biolink:causes	0
0.85660917	MONDO:0012792	HGNC:15646	biolink:causes	0
0.54392564	MONDO:0012804	HGNC:24678	biolink:gene_associated_with_condition	0
0.8854619	MONDO:0012864	HGNC:12630	biolink:causes	0
0.5676779	MONDO:0012868	HGNC:2505	biolink:gene_associated_with_condition	0
0.44824585	MONDO:0012868	HGNC:26257	biolink:contributes_to	0
0.93746823	MONDO:0012892	HGNC:11948	biolink:causes	0
0.912943	MONDO:0012892	HGNC:25815	biolink:causes	0
0.5175265	MONDO:0012892	HGNC:2088	biolink:causes	0
0.98202974	MONDO:0012892	HGNC:3356	biolink:gene_associated_with_condition	0
0.79726946	MONDO:0012892	HGNC:4635	biolink:gene_associated_with_condition	0
0.44527185	MONDO:0012892	HGNC:21666	biolink:gene_associated_with_condition	0
0.9532425	MONDO:0012892	HGNC:18188	biolink:gene_associated_with_condition	0
0.8286601	MONDO:0012892	HGNC:6407	biolink:causes	0
0.82871306	MONDO:0012892	HGNC:25985	biolink:gene_associated_with_condition	0
0.77307975	MONDO:0012892	HGNC:10451	biolink:causes	0
0.98253995	MONDO:0012892	HGNC:3255	biolink:gene_associated_with_condition	0
0.9437775	MONDO:0012904	HGNC:28662	biolink:causes	0
0.8054626	MONDO:0012904	HGNC:11730	biolink:causes	0
0.8393247	MONDO:0012912	HGNC:14270	biolink:gene_associated_with_condition	0
0.0061027925	MONDO:0012980	HGNC:14639	biolink:causes	0
0.17738432	MONDO:0012980	HGNC:1101	biolink:gene_associated_with_condition	0
0.30264091	MONDO:0012996	HGNC:10387	biolink:gene_associated_with_condition	0
0.856587	MONDO:0013028	HGNC:25941	biolink:gene_associated_with_condition	0
0.2188039	MONDO:0013032	HGNC:3416	biolink:causes	0
0.9237161	MONDO:0013032	HGNC:1268	biolink:causes	0
0.98012954	MONDO:0013032	HGNC:12404	biolink:gene_associated_with_condition	0
0.9196287	MONDO:0013052	HGNC:17296	biolink:causes	0
0.65952617	MONDO:0013052	HGNC:3530	biolink:gene_associated_with_condition	0
0.9085819	MONDO:0013052	HGNC:3778	biolink:causes	0
0.9912902	MONDO:0013052	HGNC:10604	biolink:causes	0
0.8183571	MONDO:0013060	HGNC:13829	biolink:causes	0
0.7200122	MONDO:0013060	HGNC:18292	biolink:causes	0
0.1844766	MONDO:0013060	HGNC:8008	biolink:causes	0
0.9360362	MONDO:0013060	HGNC:12261	biolink:causes	0
0.9528112	MONDO:0013116	HGNC:17996	biolink:gene_associated_with_condition	0
0.87601644	MONDO:0013156	HGNC:20456	biolink:causes	0
0.9521363	MONDO:0013156	HGNC:8548	biolink:causes	0
0.81887394	MONDO:0013208	HGNC:10298	biolink:causes	0
0.94617385	MONDO:0013208	HGNC:6694	biolink:gene_associated_with_condition	0
0.55283624	MONDO:0013208	HGNC:29796	biolink:causes	0
0.9539717	MONDO:0013212	HGNC:7623	biolink:gene_associated_with_condition	0
0.47691622	MONDO:0013212	HGNC:26684	biolink:causes	0
0.8688603	MONDO:0013216	HGNC:10327	biolink:causes	0
0.9214237	MONDO:0013216	HGNC:6483	biolink:gene_associated_with_condition	0
0.40092775	MONDO:0013228	HGNC:4081	biolink:causes	0
0.16899559	MONDO:0013236	HGNC:4868	biolink:causes	0
0.78872097	MONDO:0013236	HGNC:17151	biolink:causes	0
0.964176	MONDO:0013236	HGNC:2200	biolink:causes	0
0.31451786	MONDO:0013244	HGNC:2411	biolink:gene_associated_with_condition	0
0.9984085	MONDO:0013256	HGNC:30497	biolink:gene_associated_with_condition	0
0.9612939	MONDO:0013256	HGNC:1181	biolink:gene_associated_with_condition	0
0.73318624	MONDO:0013276	HGNC:1966	biolink:causes	0
0.93255717	MONDO:0013288	HGNC:18083	biolink:gene_associated_with_condition	0
0.61542845	MONDO:0013352	HGNC:7776	biolink:causes	0
0.71469945	MONDO:0013352	HGNC:16461	biolink:causes	0
0.9788821	MONDO:0013352	HGNC:3755	biolink:causes	0
0.9959245	MONDO:0013364	HGNC:3689	biolink:causes	0
0.22789465	MONDO:0013384	HGNC:11701	biolink:causes	0
0.7234046	MONDO:0013388	HGNC:12266	biolink:gene_associated_with_condition	0
0.9073524	MONDO:0013400	HGNC:4823	biolink:gene_associated_with_condition	0
0.67870736	MONDO:0013460	HGNC:4942	biolink:gene_associated_with_condition	0
0.6790322	MONDO:0013512	HGNC:10723	biolink:causes	0
0.80105793	MONDO:0013536	HGNC:19316	biolink:causes	0
0.58304006	MONDO:0013624	HGNC:12406	biolink:causes	0
0.98130786	MONDO:0013640	HGNC:23339	biolink:causes	0
0.42671746	MONDO:0013640	HGNC:33914	biolink:causes	0
0.88280714	MONDO:0013664	HGNC:291	biolink:gene_associated_with_condition	0
0.7743563	MONDO:0013664	HGNC:9577	biolink:causes	0
0.5560808	MONDO:0013756	HGNC:4886	biolink:gene_associated_with_condition	0
0.9042281	MONDO:0013768	HGNC:28396	biolink:causes	0
0.18608297	MONDO:0013768	HGNC:3776	biolink:causes	0
0.91445154	MONDO:0013800	HGNC:26193	biolink:causes	0
0.9902597	MONDO:0013800	HGNC:438	biolink:gene_associated_with_condition	0
0.9604286	MONDO:0013836	HGNC:4125	biolink:causes	0
0.88403314	MONDO:0013864	HGNC:2570	biolink:gene_associated_with_condition	0
0.7531017	MONDO:0013872	HGNC:2908	biolink:gene_associated_with_condition	0
0.9284158	MONDO:0013892	HGNC:29659	biolink:causes	0
0.5942883	MONDO:0013896	HGNC:620	biolink:gene_associated_with_condition	0
0.9507945	MONDO:0013896	HGNC:7176	biolink:causes	0
0.8952031	MONDO:0013912	HGNC:2206	biolink:causes	0
0.18548618	MONDO:0013912	HGNC:18640	biolink:gene_associated_with_condition	0
0.98682785	MONDO:0013932	HGNC:20249	biolink:causes	0
0.85441554	MONDO:0013948	HGNC:8618	biolink:contributes_to	0
0.9878418	MONDO:0013948	HGNC:7944	biolink:causes	0
0.8161127	MONDO:0013964	HGNC:10383	biolink:causes	0
0.9549645	MONDO:0013992	HGNC:2197	biolink:causes	0
0.89494807	MONDO:0013992	HGNC:5173	biolink:gene_associated_with_condition	0
0.2758771	MONDO:0013992	HGNC:5286	biolink:causes	0
0.98527664	MONDO:0014004	HGNC:8959	biolink:causes	0
0.97999793	MONDO:0014004	HGNC:29203	biolink:gene_associated_with_condition	0
0.15039183	MONDO:0014012	HGNC:14639	biolink:causes	0
0.7186842	MONDO:0014012	HGNC:11630	biolink:gene_associated_with_condition	0
0.8434039	MONDO:0014020	HGNC:29812	biolink:causes	0
0.8670544	MONDO:0014020	HGNC:6483	biolink:gene_associated_with_condition	0
0.9230751	MONDO:0014020	HGNC:5961	biolink:causes	0
0.70011395	MONDO:0014040	HGNC:24259	biolink:causes	0
0.5822079	MONDO:0014040	HGNC:9038	biolink:gene_associated_with_condition	0
0.7637072	MONDO:0014040	HGNC:15979	biolink:causes	0
0.9198902	MONDO:0014040	HGNC:897	biolink:gene_associated_with_condition	0
0.8305814	MONDO:0014052	HGNC:9091	biolink:causes	0
0.63925123	MONDO:0014052	HGNC:10387	biolink:gene_associated_with_condition	0
0.98960334	MONDO:0014060	HGNC:13869	biolink:causes	0
0.7678508	MONDO:0014060	HGNC:9091	biolink:causes	0
0.92965275	MONDO:0014072	HGNC:17129	biolink:gene_associated_with_condition	0
0.7237335	MONDO:0014072	HGNC:24592	biolink:causes	0
0.7728646	MONDO:0014080	HGNC:177	biolink:gene_associated_with_condition	0
0.9798703	MONDO:0014132	HGNC:6814	biolink:gene_associated_with_condition	0
0.93181586	MONDO:0014132	HGNC:19317	biolink:causes	0
0.94821	MONDO:0014152	HGNC:12373	biolink:gene_associated_with_condition	0
0.26023117	MONDO:0014180	HGNC:4415	biolink:gene_associated_with_condition	0
0.9052283	MONDO:0014180	HGNC:5173	biolink:causes	0
0.14870434	MONDO:0014184	HGNC:2488	biolink:causes	0
0.98234934	MONDO:0014184	HGNC:3603	biolink:causes	0
0.7934009	MONDO:0014224	HGNC:7576	biolink:causes	0
0.993494	MONDO:0014224	HGNC:1550	biolink:causes	0
0.83880895	MONDO:0014244	HGNC:25980	biolink:causes	0
0.54045355	MONDO:0014296	HGNC:25686	biolink:causes	0
0.97620165	MONDO:0014392	HGNC:23096	biolink:causes	0
0.9503054	MONDO:0014392	HGNC:13520	biolink:causes	0
0.14770511	MONDO:0014392	HGNC:16700	biolink:causes	0
0.83861274	MONDO:0014460	HGNC:28648	biolink:gene_associated_with_condition	0
0.78956324	MONDO:0014480	HGNC:6970	biolink:causes	0
0.87291443	MONDO:0014480	HGNC:1397	biolink:causes	0
0.9668766	MONDO:0014480	HGNC:3755	biolink:gene_associated_with_condition	0
0.73930955	MONDO:0014480	HGNC:23089	biolink:causes	0
0.9475441	MONDO:0014484	HGNC:11957	biolink:gene_associated_with_condition	0
0.9192163	MONDO:0014532	HGNC:1337	biolink:gene_associated_with_condition	0
0.8975373	MONDO:0014556	HGNC:14508	biolink:causes	0
0.9879704	MONDO:0014572	HGNC:4422	biolink:causes	0
0.97523594	MONDO:0014572	HGNC:9644	biolink:causes	0
0.9576078	MONDO:0014580	HGNC:6256	biolink:causes	0
0.39453974	MONDO:0014612	HGNC:4948	biolink:gene_associated_with_condition	0
0.96234196	MONDO:0014612	HGNC:9083	biolink:causes	0
0.41408482	MONDO:0014620	HGNC:11030	biolink:causes	0
0.91161776	MONDO:0014620	HGNC:2214	biolink:gene_associated_with_condition	0
0.7432731	MONDO:0014620	HGNC:2516	biolink:gene_associated_with_condition	0
0.8116687	MONDO:0014620	HGNC:29190	biolink:causes	0
0.95291877	MONDO:0014648	HGNC:26784	biolink:gene_associated_with_condition	0
0.8344463	MONDO:0014808	HGNC:5466	biolink:gene_associated_with_condition	0
0.10776972	MONDO:0014836	HGNC:21285	biolink:contributes_to	0
0.7638421	MONDO:0014836	HGNC:17814	biolink:causes	0
0.92116827	MONDO:0014844	HGNC:6909	biolink:causes	0
0.74275804	MONDO:0014864	HGNC:24713	biolink:gene_associated_with_condition	0
0.44779417	MONDO:0014868	HGNC:1787	biolink:contributes_to	0
0.60137945	MONDO:0014868	HGNC:23212	biolink:gene_associated_with_condition	0
0.9775612	MONDO:0014896	HGNC:3690	biolink:gene_associated_with_condition	0
0.43774512	MONDO:0014900	HGNC:9143	biolink:gene_associated_with_condition	0
0.980098	MONDO:0014900	HGNC:17652	biolink:causes	0
0.36749575	MONDO:0014948	HGNC:6192	biolink:causes	0
0.9230911	MONDO:0014968	HGNC:4556	biolink:causes	0
0.9882465	MONDO:0014976	HGNC:3689	biolink:gene_associated_with_condition	0
0.46707284	MONDO:0014984	HGNC:1591	biolink:causes	0
0.9688283	MONDO:0014984	HGNC:11708	biolink:gene_associated_with_condition	0
0.92352223	MONDO:0014984	HGNC:25751	biolink:gene_associated_with_condition	0
0.89557403	MONDO:0014996	HGNC:3542	biolink:gene_associated_with_condition	0
0.6126349	MONDO:0014996	HGNC:7010	biolink:gene_associated_with_condition	0
0.9418199	MONDO:0015096	HGNC:6481	biolink:causes	0
0.8211507	MONDO:0015096	HGNC:6770	biolink:causes	0
0.86896074	MONDO:0015096	HGNC:17341	biolink:causes	0
0.3406885	MONDO:0015300	HGNC:8005	biolink:causes	0
0.9133595	MONDO:0015520	HGNC:15455	biolink:causes	0
0.92310196	MONDO:0016216	HGNC:30074	biolink:gene_associated_with_condition	0
0.27612308	MONDO:0016216	HGNC:10961	biolink:gene_associated_with_condition	0
0.2894218	MONDO:0016216	HGNC:28506	biolink:gene_associated_with_condition	0
0.4319037	MONDO:0016308	HGNC:21642	biolink:gene_associated_with_condition	0
0.19526851	MONDO:0016308	HGNC:17073	biolink:causes	0
0.25043458	MONDO:0016316	HGNC:9829	biolink:causes	0
0.7695142	MONDO:0016356	HGNC:21638	biolink:gene_associated_with_condition	0
0.8928212	MONDO:0016356	HGNC:4241	biolink:gene_associated_with_condition	0
0.61942834	MONDO:0016476	HGNC:18550	biolink:causes	0
0.22828917	MONDO:0016476	HGNC:3257	biolink:gene_associated_with_condition	0
0.9576656	MONDO:0016672	HGNC:30074	biolink:gene_associated_with_condition	0
0.8209101	MONDO:0016780	HGNC:2211	biolink:gene_associated_with_condition	0
0.98513675	MONDO:0017052	HGNC:28660	biolink:gene_associated_with_condition	0
0.805193	MONDO:0017052	HGNC:14974	biolink:causes	0
0.8328473	MONDO:0017116	HGNC:6572	biolink:causes	0
0.65421695	MONDO:0017172	HGNC:8108	biolink:gene_associated_with_condition	0
0.9485854	MONDO:0017176	HGNC:20249	biolink:causes	0
0.9549798	MONDO:0017176	HGNC:2212	biolink:gene_associated_with_condition	0
0.568155	MONDO:0017308	HGNC:12440	biolink:causes	0
0.8112998	MONDO:0017360	HGNC:8818	biolink:gene_associated_with_condition	0
0.027323065	MONDO:0017360	HGNC:17020	biolink:contributes_to	0
0.88281643	MONDO:0017360	HGNC:28385	biolink:causes	0
0.09816268	MONDO:0017544	HGNC:10780	biolink:causes	0
0.094828546	MONDO:0017544	HGNC:2260	biolink:causes	0
0.7041693	MONDO:0017696	HGNC:4263	biolink:gene_associated_with_condition	0
0.7744498	MONDO:0017696	HGNC:12015	biolink:causes	0
0.05956199	MONDO:0017844	HGNC:126	biolink:causes	0
0.8745881	MONDO:0017844	HGNC:8101	biolink:causes	0
0.23747388	MONDO:0018000	HGNC:1093	biolink:gene_associated_with_condition	0
0.3893028	MONDO:0018000	HGNC:11535	biolink:gene_associated_with_condition	0
0.42654738	MONDO:0018092	HGNC:9706	biolink:gene_associated_with_condition	0
0.7818197	MONDO:0018112	HGNC:9236	biolink:gene_associated_with_condition	0
0.92909455	MONDO:0018144	HGNC:218	biolink:causes	0
0.78536123	MONDO:0018144	HGNC:2500	biolink:gene_associated_with_condition	0
0.32705072	MONDO:0018256	HGNC:10024	biolink:causes	0
0.6983942	MONDO:0018280	HGNC:8028	biolink:gene_associated_with_condition	0
0.9584311	MONDO:0018324	HGNC:9456	biolink:causes	0
0.8056738	MONDO:0018324	HGNC:14202	biolink:causes	0
0.35727763	MONDO:0018328	HGNC:7678	biolink:gene_associated_with_condition	0
0.7579657	MONDO:0018328	HGNC:11521	biolink:causes	0
0.9064488	MONDO:0018332	HGNC:18141	biolink:gene_associated_with_condition	0
0.888271	MONDO:0018332	HGNC:27089	biolink:causes	0
0.9602371	MONDO:0018336	HGNC:6636	biolink:gene_associated_with_condition	0
0.6813929	MONDO:0018336	HGNC:613	biolink:contributes_to	0
0.87342966	MONDO:0018336	HGNC:11073	biolink:causes	0
0.9101472	MONDO:0018436	HGNC:29678	biolink:causes	0
0.92564267	MONDO:0018448	HGNC:30497	biolink:causes	0
0.31903508	MONDO:0018564	HGNC:29558	biolink:causes	0
0.5972889	MONDO:0018564	HGNC:28027	biolink:gene_associated_with_condition	0
0.62608445	MONDO:0018564	HGNC:11280	biolink:causes	0
0.7096143	MONDO:0018576	HGNC:30740	biolink:gene_associated_with_condition	0
0.8428028	MONDO:0018656	HGNC:9990	biolink:causes	0
0.026791703	MONDO:0018656	HGNC:1509	biolink:gene_associated_with_condition	0
0.7394587	MONDO:0018780	HGNC:25358	biolink:causes	0
0.90665346	MONDO:0018816	HGNC:3481	biolink:gene_associated_with_condition	0
0.867853	MONDO:0019428	HGNC:19073	biolink:gene_associated_with_condition	0
0.93387365	MONDO:0019448	HGNC:10979	biolink:causes	0
0.94125956	MONDO:0019456	HGNC:4801	biolink:gene_associated_with_condition	0
0.41052815	MONDO:0019456	HGNC:710	biolink:causes	0
0.8651775	MONDO:0019456	HGNC:9056	biolink:causes	0
0.45304263	MONDO:0019644	HGNC:8881	biolink:causes	0
0.418177	MONDO:0019828	HGNC:634	biolink:causes	0
0.28885606	MONDO:0019828	HGNC:33	biolink:gene_associated_with_condition	0
0.04596009	MONDO:0019828	HGNC:14374	biolink:causes	0
0.58259505	MONDO:0019828	HGNC:851	biolink:causes	0
0.8957851	MONDO:0019848	HGNC:2770	biolink:causes	0
0.018864594	MONDO:0019896	HGNC:10907	biolink:gene_associated_with_condition	0
0.3364386	MONDO:0020316	HGNC:29558	biolink:causes	0
0.5315653	MONDO:0020316	HGNC:8940	biolink:causes	0
0.79358804	MONDO:0020316	HGNC:2336	biolink:causes	0
0.48341736	MONDO:0020320	HGNC:23625	biolink:causes	0
0.76713854	MONDO:0020324	HGNC:3188	biolink:causes	0
0.7199205	MONDO:0020324	HGNC:3005	biolink:gene_associated_with_condition	0
0.89620465	MONDO:0020512	HGNC:4922	biolink:causes	0
0.9655455	MONDO:0020512	HGNC:9081	biolink:causes	0
0.81998676	MONDO:0020512	HGNC:10872	biolink:gene_associated_with_condition	0
0.9009292	MONDO:0020512	HGNC:8855	biolink:gene_associated_with_condition	0
0.9080943	MONDO:0020512	HGNC:11935	biolink:gene_associated_with_condition	0
0.6156845	MONDO:0020628	HGNC:26276	biolink:gene_associated_with_condition	0
0.9369265	MONDO:0020692	HGNC:11771	biolink:causes	0
0.16546074	MONDO:0020748	HGNC:3544	biolink:gene_associated_with_condition	0
0.65970683	MONDO:0020748	HGNC:11182	biolink:gene_associated_with_condition	0
0.24344516	MONDO:0020788	HGNC:9459	biolink:causes	0
0.8066299	MONDO:0020788	HGNC:14348	biolink:gene_associated_with_condition	0
0.47713017	MONDO:0020841	HGNC:29796	biolink:causes	0
0.9215759	MONDO:0021573	HGNC:19185	biolink:causes	0
0.92784154	MONDO:0021573	HGNC:16400	biolink:causes	0
0.2769824	MONDO:0024455	HGNC:11167	biolink:causes	0
0.9588794	MONDO:0024550	HGNC:9587	biolink:causes	0
0.9218304	MONDO:0024550	HGNC:24123	biolink:causes	0
0.9786119	MONDO:0024550	HGNC:26877	biolink:gene_associated_with_condition	0
0.6272027	MONDO:0024562	HGNC:27310	biolink:causes	0
0.6028688	MONDO:0024562	HGNC:3976	biolink:causes	0
0.084501386	MONDO:0024570	HGNC:6858	biolink:gene_associated_with_condition	0
0.9025762	MONDO:0025699	HGNC:20773	biolink:gene_associated_with_condition	0
0.98797613	MONDO:0025699	HGNC:2197	biolink:gene_associated_with_condition	0
0.99440503	MONDO:0026730	HGNC:7944	biolink:causes	0
0.99282455	MONDO:0027451	HGNC:4877	biolink:gene_associated_with_condition	0
0.15913025	MONDO:0030028	HGNC:21666	biolink:gene_associated_with_condition	0
0.8031994	MONDO:0030036	HGNC:397	biolink:causes	0
0.19869131	MONDO:0030089	HGNC:5965	biolink:contributes_to	0
0.5758355	MONDO:0030312	HGNC:7981	biolink:gene_associated_with_condition	0
0.9816109	MONDO:0030312	HGNC:2858	biolink:gene_associated_with_condition	0
0.89554197	MONDO:0030338	HGNC:1539	biolink:gene_associated_with_condition	0
0.5815014	MONDO:0030338	HGNC:14255	biolink:gene_associated_with_condition	0
0.26619518	MONDO:0030440	HGNC:7154	biolink:causes	0
0.09697738	MONDO:0030440	HGNC:29536	biolink:causes	0
0.6455857	MONDO:0030729	HGNC:28648	biolink:gene_associated_with_condition	0
0.9667915	MONDO:0030878	HGNC:18305	biolink:gene_associated_with_condition	0
0.8059271	MONDO:0030910	HGNC:13356	biolink:causes	0
0.9052213	MONDO:0030910	HGNC:7739	biolink:gene_associated_with_condition	0
0.9961862	MONDO:0030918	HGNC:26941	biolink:causes	0
0.99361587	MONDO:0030918	HGNC:9251	biolink:causes	0
0.97910804	MONDO:0030918	HGNC:8854	biolink:causes	0
0.6338182	MONDO:0030967	HGNC:317	biolink:causes	0
0.26758814	MONDO:0030971	HGNC:13486	biolink:causes	0
0.9131537	MONDO:0032604	HGNC:2417	biolink:gene_associated_with_condition	0
0.9733372	MONDO:0032604	HGNC:28769	biolink:causes	0
0.9391695	MONDO:0032612	HGNC:28672	biolink:causes	0
0.882509	MONDO:0032624	HGNC:17052	biolink:causes	0
0.90973693	MONDO:0032624	HGNC:1514	biolink:causes	0
0.90876323	MONDO:0032636	HGNC:816	biolink:gene_associated_with_condition	0
0.29118985	MONDO:0032636	HGNC:28460	biolink:causes	0
0.9784606	MONDO:0032636	HGNC:888	biolink:causes	0
0.9002987	MONDO:0032636	HGNC:12403	biolink:gene_associated_with_condition	0
0.48198137	MONDO:0032646	HGNC:10451	biolink:causes	0
0.9364132	MONDO:0032650	HGNC:27288	biolink:gene_associated_with_condition	0
0.9216492	MONDO:0032650	HGNC:970	biolink:causes	0
0.96914715	MONDO:0032724	HGNC:10914	biolink:causes	0
0.98718274	MONDO:0032748	HGNC:10263	biolink:causes	0
0.95731306	MONDO:0032752	HGNC:2027	biolink:causes	0
0.8156741	MONDO:0032778	HGNC:8818	biolink:causes	0
0.7452625	MONDO:0032822	HGNC:8804	biolink:causes	0
0.89089304	MONDO:0032822	HGNC:18127	biolink:causes	0
0.37844324	MONDO:0032835	HGNC:4688	biolink:causes	0
0.8603496	MONDO:0032869	HGNC:1375	biolink:causes	0
0.975377	MONDO:0032921	HGNC:2197	biolink:causes	0
0.22012597	MONDO:0032942	HGNC:16393	biolink:gene_associated_with_condition	0
0.72806627	MONDO:0033006	HGNC:6182	biolink:causes	0
0.9960504	MONDO:0033006	HGNC:24931	biolink:gene_associated_with_condition	0
0.8566246	MONDO:0033046	HGNC:30935	biolink:gene_associated_with_condition	0
0.95964825	MONDO:0033200	HGNC:19185	biolink:causes	0
0.7788601	MONDO:0033200	HGNC:11276	biolink:gene_associated_with_condition	0
0.6405112	MONDO:0033200	HGNC:1093	biolink:causes	0
0.9322988	MONDO:0033200	HGNC:2195	biolink:causes	0
0.79900074	MONDO:0033363	HGNC:7765	biolink:causes	0
0.1608574	MONDO:0033482	HGNC:9658	biolink:gene_associated_with_condition	0
0.6650659	MONDO:0033482	HGNC:28880	biolink:causes	0
0.9712606	MONDO:0033543	HGNC:757	biolink:causes	0
0.90973777	MONDO:0033556	HGNC:21054	biolink:causes	0
0.8307418	MONDO:0033556	HGNC:44204	biolink:causes	0
0.62330395	MONDO:0033556	HGNC:589	biolink:causes	0
0.83330053	MONDO:0033620	HGNC:11019	biolink:gene_associated_with_condition	0
0.90177137	MONDO:0034106	HGNC:1802	biolink:causes	0
0.09436538	MONDO:0035694	HGNC:19309	biolink:causes	0
0.071697764	MONDO:0035823	HGNC:6481	biolink:gene_associated_with_condition	0
0.7824267	MONDO:0035940	HGNC:177	biolink:gene_associated_with_condition	0
0.68710995	MONDO:0036212	HGNC:6416	biolink:causes	0
0.96631706	MONDO:0036212	HGNC:3702	biolink:causes	0
0.6102753	MONDO:0044222	HGNC:6415	biolink:causes	0
0.009788478	MONDO:0044282	HGNC:3007	biolink:causes	0
0.64883506	MONDO:0044313	HGNC:26535	biolink:gene_associated_with_condition	0
0.1404321	MONDO:0044617	HGNC:4851	biolink:gene_associated_with_condition	0
0.28203607	MONDO:0044617	HGNC:9706	biolink:gene_associated_with_condition	0
0.6185674	MONDO:0044617	HGNC:15508	biolink:causes	0
0.37524188	MONDO:0044617	HGNC:18683	biolink:causes	0
0.29339534	MONDO:0044714	HGNC:14959	biolink:gene_associated_with_condition	0
0.28858516	MONDO:0044714	HGNC:1718	biolink:causes	0
0.8465367	MONDO:0044718	HGNC:1337	biolink:gene_associated_with_condition	0
0.9298976	MONDO:0044723	HGNC:799	biolink:causes	0
0.8550339	MONDO:0049221	HGNC:5383	biolink:gene_associated_with_condition	0
0.98251754	MONDO:0054636	HGNC:3356	biolink:causes	0
0.61448884	MONDO:0054724	HGNC:5136	biolink:causes	0
0.89321166	MONDO:0054750	HGNC:25221	biolink:gene_associated_with_condition	0
0.7131608	MONDO:0054750	HGNC:9940	biolink:gene_associated_with_condition	0
0.5985244	MONDO:0054750	HGNC:17340	biolink:causes	0
0.8847404	MONDO:0054763	HGNC:25240	biolink:gene_associated_with_condition	0
0.776638	MONDO:0054763	HGNC:9701	biolink:gene_associated_with_condition	0
0.63096005	MONDO:0054763	HGNC:12499	biolink:causes	0
0.64540833	MONDO:0054763	HGNC:7608	biolink:gene_associated_with_condition	0
0.8210006	MONDO:0054771	HGNC:5383	biolink:gene_associated_with_condition	0
0.13846381	MONDO:0054771	HGNC:18971	biolink:contributes_to	0
0.95537704	MONDO:0054861	HGNC:12762	biolink:causes	0
0.38530234	MONDO:0060591	HGNC:9008	biolink:gene_associated_with_condition	0
0.8025875	MONDO:0060591	HGNC:1301	biolink:causes	0
0.8908358	MONDO:0060707	HGNC:20858	biolink:causes	0
0.9988097	MONDO:0060707	HGNC:10193	biolink:causes	0
0.97572154	MONDO:0060745	HGNC:10994	biolink:causes	0
0.8229522	MONDO:0100186	HGNC:4162	biolink:causes	0
0.3479278	MONDO:0100186	HGNC:494	biolink:causes	0
0.7461917	MONDO:0100218	HGNC:5961	biolink:causes	0
0.28055924	MONDO:0100218	HGNC:613	biolink:contributes_to	0
0.3936156	MONDO:0100218	HGNC:13875	biolink:causes	0
0.552457	MONDO:0100294	HGNC:9832	biolink:causes	0
0.89293563	MONDO:0100340	HGNC:17272	biolink:causes	0
0.30581152	MONDO:0100460	HGNC:25928	biolink:gene_associated_with_condition	0
0.8116719	MONDO:0100468	HGNC:28984	biolink:causes	0
0.011756528	MONDO:0600030	HGNC:2488	biolink:causes	0
0.006154144	MONDO:0600030	HGNC:1787	biolink:gene_associated_with_condition	0
0.015105537	MONDO:0600030	HGNC:644	biolink:gene_associated_with_condition	0
0.06319853	MONDO:0700298	HGNC:14530	biolink:causes	0
0.3078592	MONDO:0700298	HGNC:11762	biolink:causes	0
0.97387356	MONDO:0800028	HGNC:24931	biolink:gene_associated_with_condition	0
0.6968817	MONDO:0800028	HGNC:15860	biolink:causes	0
0.8552183	MONDO:0800028	HGNC:30000	biolink:causes	0
0.6333645	MONDO:0800028	HGNC:10600	biolink:causes	0
0.7027431	MONDO:0800167	HGNC:10256	biolink:causes	0
0.96731746	MONDO:0800167	HGNC:13210	biolink:contributes_to	0
0.488533	MONDO:0800341	HGNC:11167	biolink:causes	0
0.91916955	MONDO:0800341	HGNC:18873	biolink:causes	0
0.23699804	MONDO:0800445	HGNC:13890	biolink:gene_associated_with_condition	0
0.29960525	MONDO:0800445	HGNC:10593	biolink:causes	0
0.09624603	MONDO:0800445	HGNC:15819	biolink:causes	0
0.3964509	MONDO:0850067	HGNC:5394	biolink:causes	0
0.95589775	MONDO:0859147	HGNC:13222	biolink:causes	0
0.7656969	MONDO:0859160	HGNC:3433	biolink:causes	0
0.97219557	MONDO:0859164	HGNC:2197	biolink:gene_associated_with_condition	0
0.47593448	MONDO:0859180	HGNC:3508	biolink:gene_associated_with_condition	0
0.95574945	MONDO:0859188	HGNC:3689	biolink:gene_associated_with_condition	0
0.89019334	MONDO:0859238	HGNC:10345	biolink:causes	0
0.989669	MONDO:0859328	HGNC:26270	biolink:causes	0
0.98343277	MONDO:0859328	HGNC:9115	biolink:causes	0
0.5113738	MONDO:0859328	HGNC:29796	biolink:causes	0
0.98243815	MONDO:0859340	HGNC:26527	biolink:causes	0
0.34973058	MONDO:0859340	HGNC:21504	biolink:causes	0
0.6270318	MONDO:0859340	HGNC:3260	biolink:gene_associated_with_condition	0
0.7670183	MONDO:0859369	HGNC:3823	biolink:causes	0
0.38535053	MONDO:0859575	HGNC:7737	biolink:causes	0
0.7433234	MONDO:0957220	HGNC:25985	biolink:gene_associated_with_condition	0
0.9575889	MONDO:0957281	HGNC:11771	biolink:causes	0
0.6651862	MONDO:0957382	HGNC:427	biolink:contributes_to	0
0.9314135	MONDO:0957382	HGNC:17754	biolink:causes	0
0.84113556	MONDO:0957577	HGNC:20145	biolink:gene_associated_with_condition	0
0.60683256	MONDO:0957577	HGNC:12783	biolink:gene_associated_with_condition	0
0.93280137	MONDO:0957584	HGNC:4454	biolink:gene_associated_with_condition	0
0.960916	MONDO:0957584	HGNC:6814	biolink:gene_associated_with_condition	0
0.9171395	MONDO:0958189	HGNC:2916	biolink:causes	0
0.9917653	MONDO:0958322	HGNC:11772	biolink:causes	0
0.48979196	MONDO:0958331	HGNC:5248	biolink:causes	0
0.75715744	MONDO:0958353	HGNC:14575	biolink:gene_associated_with_condition	0
0.54826194	MONDO:0971001	HGNC:2342	biolink:causes	0
0.8603277	MONDO:0971014	HGNC:14575	biolink:gene_associated_with_condition	0
0.08724995	MONDO:0975761	HGNC:7097	biolink:gene_associated_with_condition	0
0.78002435	MONDO:0975841	HGNC:6694	biolink:gene_associated_with_condition	0
0.22788873	HGNC:20	MONDO:0054723	biolink:causes	0
0.9318137	HGNC:20	MONDO:0957477	biolink:causes	0
0.28885606	HGNC:33	MONDO:0019828	biolink:gene_associated_with_condition	0
0.4084434	HGNC:53	MONDO:0011911	biolink:causes	0
0.2965761	HGNC:53	MONDO:0013473	biolink:causes	0
0.91482604	HGNC:319	MONDO:0014899	biolink:causes	0
0.9488958	HGNC:319	MONDO:0014125	biolink:gene_associated_with_condition	0
0.26229644	HGNC:123	MONDO:0008542	biolink:causes	0
0.47844785	HGNC:123	MONDO:0032907	biolink:causes	0
0.90910715	HGNC:123	MONDO:0029465	biolink:causes	0
0.963429	HGNC:219	MONDO:0014963	biolink:causes	0
0.90644574	HGNC:1366	MONDO:0009406	biolink:causes	0
0.9140369	HGNC:1366	MONDO:0010747	biolink:gene_associated_with_condition	0
0.27295545	HGNC:232	MONDO:0007922	biolink:causes	0
0.88074195	HGNC:4512	MONDO:0013214	biolink:causes	0
0.2838111	HGNC:3776	MONDO:0014866	biolink:causes	0
0.18608297	HGNC:3776	MONDO:0013768	biolink:causes	0
0.5828391	HGNC:13203	MONDO:0008818	biolink:causes	0
0.6709884	HGNC:13203	MONDO:0026733	biolink:causes	0
0.89869297	HGNC:360	MONDO:0020631	biolink:gene_associated_with_condition	0
0.15291363	HGNC:360	MONDO:0016689	biolink:gene_associated_with_condition	0
0.43847933	HGNC:385	MONDO:0013531	biolink:gene_associated_with_condition	0
0.99177307	HGNC:19358	MONDO:0014217	biolink:causes	0
0.88420177	HGNC:19358	MONDO:0850095	biolink:causes	0
0.40215904	HGNC:427	MONDO:0012184	biolink:contributes_to	0
0.6651862	HGNC:427	MONDO:0957382	biolink:contributes_to	0
0.37520218	HGNC:427	MONDO:0030787	biolink:gene_associated_with_condition	0
0.9781505	HGNC:449	MONDO:0014771	biolink:causes	0
0.16546074	HGNC:3544	MONDO:0020748	biolink:gene_associated_with_condition	0
0.89122367	HGNC:3544	MONDO:0004951	biolink:gene_associated_with_condition	0
0.744074	HGNC:3530	MONDO:0008818	biolink:causes	0
0.65952617	HGNC:3530	MONDO:0013052	biolink:gene_associated_with_condition	0
0.4040116	HGNC:25808	MONDO:0007949	biolink:causes	0
0.9160962	HGNC:3586	MONDO:0008922	biolink:causes	0
0.9886199	HGNC:23109	MONDO:0020769	biolink:causes	0
0.9691031	HGNC:3600	MONDO:0007922	biolink:gene_associated_with_condition	0
0.97837454	HGNC:3600	MONDO:0007740	biolink:gene_associated_with_condition	0
0.20162469	HGNC:3616	MONDO:0019855	biolink:contributes_to	0
0.92196125	HGNC:3662	MONDO:0008377	biolink:gene_associated_with_condition	0
0.83151406	HGNC:3686	MONDO:0012381	biolink:causes	0
0.96186596	HGNC:3694	MONDO:0014343	biolink:gene_associated_with_condition	0
0.9459818	HGNC:3694	MONDO:0008377	biolink:gene_associated_with_condition	0
0.98292416	HGNC:18169	MONDO:0012994	biolink:gene_associated_with_condition	0
0.87500966	HGNC:18169	MONDO:0014997	biolink:gene_associated_with_condition	0
0.82437253	HGNC:3756	MONDO:0012004	biolink:causes	0
0.93172014	HGNC:3756	MONDO:0010655	biolink:causes	0
0.45327225	HGNC:3756	MONDO:0014013	biolink:causes	0
0.8279588	HGNC:3767	MONDO:0014282	biolink:causes	0
0.8931476	HGNC:3767	MONDO:0013063	biolink:causes	0
0.87155753	HGNC:3767	MONDO:0010465	biolink:causes	0
0.9037557	HGNC:3778	MONDO:0011106	biolink:causes	0
0.9085819	HGNC:3778	MONDO:0013052	biolink:causes	0
0.78821087	HGNC:3791	MONDO:0014822	biolink:gene_associated_with_condition	0
0.7060325	HGNC:3791	MONDO:0007768	biolink:gene_associated_with_condition	0
0.350978	HGNC:35123	MONDO:0007376	biolink:causes	0
0.26504788	HGNC:35123	MONDO:0010099	biolink:causes	0
0.9550379	HGNC:3999	MONDO:0030905	biolink:gene_associated_with_condition	0
0.9180332	HGNC:26219	MONDO:0007794	biolink:gene_associated_with_condition	0
0.98823136	HGNC:26219	MONDO:0009140	biolink:gene_associated_with_condition	0
0.5382437	HGNC:4023	MONDO:0012354	biolink:causes	0
0.823614	HGNC:4023	MONDO:0014311	biolink:causes	0
0.82485783	HGNC:4023	MONDO:0018419	biolink:causes	0
0.45693788	HGNC:14673	MONDO:0009192	biolink:causes	0
0.80157125	HGNC:14673	MONDO:0958012	biolink:causes	0
0.80912995	HGNC:14673	MONDO:0014977	biolink:causes	0
0.9917474	HGNC:4116	MONDO:0054785	biolink:gene_associated_with_condition	0
0.9604286	HGNC:4125	MONDO:0013836	biolink:causes	0
0.9554713	HGNC:4171	MONDO:0008542	biolink:causes	0
0.77652335	HGNC:4171	MONDO:0030690	biolink:causes	0
0.8476612	HGNC:4173	MONDO:0007922	biolink:gene_associated_with_condition	0
0.874932	HGNC:4173	MONDO:0024541	biolink:gene_associated_with_condition	0
0.9052507	HGNC:8849	MONDO:0014682	biolink:causes	0
0.5150195	HGNC:4312	MONDO:0020298	biolink:contributes_to	0
0.73500377	HGNC:4312	MONDO:0859338	biolink:contributes_to	0
0.11566785	HGNC:4217	MONDO:0011783	biolink:causes	0
0.013383899	HGNC:4217	MONDO:0011801	biolink:causes	0
0.9811669	HGNC:4261	MONDO:0013171	biolink:causes	0
0.93418014	HGNC:4274	MONDO:0007363	biolink:causes	0
0.97298956	HGNC:4318	MONDO:0012859	biolink:causes	0
0.8705949	HGNC:20134	MONDO:0032601	biolink:gene_associated_with_condition	0
0.6663602	HGNC:20134	MONDO:0018015	biolink:causes	0
0.9112646	HGNC:22932	MONDO:0010296	biolink:causes	0
0.83113104	HGNC:23657	MONDO:0011790	biolink:causes	0
0.8482862	HGNC:23657	MONDO:0009520	biolink:causes	0
0.55043083	HGNC:23657	MONDO:0004951	biolink:gene_associated_with_condition	0
0.4081861	HGNC:23657	MONDO:0009935	biolink:gene_associated_with_condition	0
0.93219125	HGNC:23657	MONDO:0007537	biolink:causes	0
0.26023117	HGNC:4415	MONDO:0014180	biolink:gene_associated_with_condition	0
0.9879704	HGNC:4422	MONDO:0014572	biolink:causes	0
0.01145198	HGNC:4431	MONDO:0017906	biolink:causes	0
0.9187861	HGNC:4431	MONDO:0859379	biolink:causes	0
0.9573617	HGNC:4431	MONDO:0014343	biolink:causes	0
0.83663666	HGNC:20145	MONDO:0009458	biolink:gene_associated_with_condition	0
0.84113556	HGNC:20145	MONDO:0957577	biolink:gene_associated_with_condition	0
0.22139661	HGNC:2001	MONDO:0007377	biolink:causes	0
0.74786305	HGNC:4584	MONDO:0008720	biolink:gene_associated_with_condition	0
0.5982064	HGNC:4588	MONDO:0011959	biolink:causes	0
0.23910308	HGNC:21270	MONDO:0043364	biolink:causes	0
0.5841451	HGNC:21270	MONDO:0017173	biolink:causes	0
0.79726946	HGNC:4635	MONDO:0012892	biolink:gene_associated_with_condition	0
0.56186515	HGNC:4651	MONDO:0010511	biolink:causes	0
0.78783923	HGNC:21157	MONDO:0011765	biolink:causes	0
0.49823883	HGNC:4678	MONDO:0033559	biolink:causes	0
0.9691227	HGNC:15808	MONDO:0019310	biolink:causes	0
0.9773352	HGNC:15808	MONDO:0007163	biolink:gene_associated_with_condition	0
0.9757681	HGNC:15808	MONDO:0010747	biolink:causes	0
0.9950305	HGNC:15808	MONDO:0014343	biolink:gene_associated_with_condition	0
0.9415522	HGNC:15808	MONDO:0054615	biolink:causes	0
0.99537367	HGNC:15808	MONDO:0019569	biolink:gene_associated_with_condition	0
0.93001574	HGNC:4718	MONDO:0014343	biolink:causes	0
0.9182496	HGNC:4799	MONDO:0020378	biolink:gene_associated_with_condition	0
0.8398135	HGNC:4799	MONDO:0007363	biolink:causes	0
0.57464606	HGNC:4799	MONDO:0007943	biolink:causes	0
0.084808104	HGNC:4799	MONDO:0016573	biolink:causes	0
0.78539366	HGNC:4799	MONDO:0019505	biolink:causes	0
0.8630803	HGNC:4799	MONDO:0044724	biolink:causes	0
0.9133936	HGNC:4823	MONDO:0009414	biolink:causes	0
0.9073524	HGNC:4823	MONDO:0013400	biolink:gene_associated_with_condition	0
0.94976246	HGNC:4823	MONDO:0014343	biolink:causes	0
0.9734334	HGNC:4823	MONDO:0007777	biolink:causes	0
0.09765567	HGNC:23302	MONDO:0010086	biolink:causes	0
0.71887684	HGNC:23302	MONDO:0009339	biolink:causes	0
0.74216634	HGNC:23302	MONDO:0014343	biolink:causes	0
0.4581006	HGNC:5013	MONDO:0009820	biolink:causes	0
0.7186842	HGNC:11630	MONDO:0014012	biolink:gene_associated_with_condition	0
0.66942966	HGNC:11630	MONDO:0013891	biolink:gene_associated_with_condition	0
0.047663312	HGNC:5044	MONDO:0015557	biolink:gene_associated_with_condition	0
0.7519628	HGNC:5173	MONDO:0009804	biolink:causes	0
0.89494807	HGNC:5173	MONDO:0013992	biolink:gene_associated_with_condition	0
0.9052283	HGNC:5173	MONDO:0014180	biolink:causes	0
0.87109387	HGNC:5173	MONDO:0023662	biolink:causes	0
0.9524205	HGNC:5213	MONDO:0020730	biolink:gene_associated_with_condition	0
0.5805016	HGNC:5213	MONDO:0011484	biolink:gene_associated_with_condition	0
0.96029776	HGNC:5273	MONDO:0011756	biolink:gene_associated_with_condition	0
0.16213194	HGNC:5273	MONDO:0850078	biolink:gene_associated_with_condition	0
0.96788937	HGNC:5273	MONDO:0032853	biolink:gene_associated_with_condition	0
0.8066299	HGNC:14348	MONDO:0020788	biolink:gene_associated_with_condition	0
0.9651091	HGNC:27302	MONDO:0007740	biolink:gene_associated_with_condition	0
0.8962752	HGNC:27302	MONDO:0015783	biolink:gene_associated_with_condition	0
0.902721	HGNC:5383	MONDO:0015010	biolink:causes	0
0.8550339	HGNC:5383	MONDO:0049221	biolink:gene_associated_with_condition	0
0.8210006	HGNC:5383	MONDO:0054771	biolink:gene_associated_with_condition	0
0.7828065	HGNC:5383	MONDO:0009411	biolink:gene_associated_with_condition	0
0.92807305	HGNC:5383	MONDO:0015283	biolink:gene_associated_with_condition	0
0.51507014	HGNC:5383	MONDO:0017111	biolink:causes	0
0.77616173	HGNC:5383	MONDO:0011013	biolink:gene_associated_with_condition	0
0.93328995	HGNC:5956	MONDO:0010310	biolink:causes	0
0.86820626	HGNC:5960	MONDO:0012982	biolink:gene_associated_with_condition	0
0.8762801	HGNC:5960	MONDO:0007412	biolink:causes	0
0.8890111	HGNC:5961	MONDO:0009406	biolink:causes	0
0.9230751	HGNC:5961	MONDO:0014020	biolink:causes	0
0.7461917	HGNC:5961	MONDO:0100218	biolink:causes	0
0.023463456	HGNC:6010	MONDO:0044220	biolink:causes	0
0.6342843	HGNC:6010	MONDO:0014551	biolink:causes	0
0.85352015	HGNC:6010	MONDO:0014661	biolink:causes	0
0.19869131	HGNC:5965	MONDO:0030089	biolink:contributes_to	0
0.30337605	HGNC:6005	MONDO:0012726	biolink:gene_associated_with_condition	0
0.3629938	HGNC:6005	MONDO:0859204	biolink:gene_associated_with_condition	0
0.7939586	HGNC:21474	MONDO:0032723	biolink:causes	0
0.92402464	HGNC:6080	MONDO:0007032	biolink:causes	0
0.0104853995	HGNC:17020	MONDO:0009776	biolink:contributes_to	0
0.027323065	HGNC:17020	MONDO:0017360	biolink:contributes_to	0
0.0004323305	HGNC:17020	MONDO:0011473	biolink:contributes_to	0
0.23699804	HGNC:13890	MONDO:0800445	biolink:gene_associated_with_condition	0
0.28455684	HGNC:13890	MONDO:0009867	biolink:causes	0
0.8616526	HGNC:6189	MONDO:0011743	biolink:causes	0
0.7370199	HGNC:6254	MONDO:0019475	biolink:causes	0
0.8849868	HGNC:6284	MONDO:0007922	biolink:causes	0
0.9245142	HGNC:6284	MONDO:0011070	biolink:causes	0
0.8805376	HGNC:6284	MONDO:0014131	biolink:gene_associated_with_condition	0
0.88395953	HGNC:6284	MONDO:0007589	biolink:causes	0
0.72008884	HGNC:6284	MONDO:0012041	biolink:causes	0
0.074799754	HGNC:6308	MONDO:0011017	biolink:causes	0
0.23966858	HGNC:6315	MONDO:0014327	biolink:causes	0
0.8521319	HGNC:6315	MONDO:0014343	biolink:causes	0
0.9397836	HGNC:22219	MONDO:0014343	biolink:causes	0
0.7847249	HGNC:19349	MONDO:0013777	biolink:gene_associated_with_condition	0
0.8691105	HGNC:6342	MONDO:0971016	biolink:gene_associated_with_condition	0
0.925519	HGNC:6342	MONDO:0008476	biolink:gene_associated_with_condition	0
0.9148377	HGNC:6342	MONDO:0018131	biolink:gene_associated_with_condition	0
0.6021369	HGNC:20716	MONDO:0012682	biolink:causes	0
0.38746837	HGNC:20716	MONDO:0014202	biolink:gene_associated_with_condition	0
0.28319335	HGNC:6439	MONDO:0014670	biolink:gene_associated_with_condition	0
0.722709	HGNC:6427	MONDO:0020787	biolink:gene_associated_with_condition	0
0.90902627	HGNC:6518	MONDO:0013526	biolink:causes	0
0.98078465	HGNC:6518	MONDO:0014586	biolink:causes	0
0.97159237	HGNC:6518	MONDO:0018822	biolink:causes	0
0.89789563	HGNC:19708	MONDO:0007232	biolink:causes	0
0.66193277	HGNC:19708	MONDO:0011335	biolink:causes	0
0.9548171	HGNC:13243	MONDO:0008542	biolink:gene_associated_with_condition	0
0.96752757	HGNC:13243	MONDO:0009052	biolink:causes	0
0.97322977	HGNC:13243	MONDO:0030927	biolink:causes	0
0.43359706	HGNC:6633	MONDO:0008048	biolink:causes	0
0.96412736	HGNC:6696	MONDO:0032824	biolink:causes	0
0.9748872	HGNC:6696	MONDO:0859253	biolink:causes	0
0.9079207	HGNC:6696	MONDO:0011417	biolink:causes	0
0.9632197	HGNC:6696	MONDO:0013777	biolink:causes	0
0.97854507	HGNC:6696	MONDO:0032571	biolink:causes	0
0.71512455	HGNC:16353	MONDO:0032673	biolink:gene_associated_with_condition	0
0.8597004	HGNC:6831	MONDO:0014327	biolink:gene_associated_with_condition	0
0.9961798	HGNC:6831	MONDO:0014343	biolink:gene_associated_with_condition	0
0.8716935	HGNC:485	MONDO:0008097	biolink:causes	0
0.51470804	HGNC:493	MONDO:0010794	biolink:causes	0
0.23599246	HGNC:21732	MONDO:0010171	biolink:causes	0
0.96333396	HGNC:1361	MONDO:0009520	biolink:causes	0
0.95325124	HGNC:1361	MONDO:0012693	biolink:causes	0
0.13846381	HGNC:18971	MONDO:0054771	biolink:contributes_to	0
0.2660529	HGNC:613	MONDO:0030456	biolink:causes	0
0.3488745	HGNC:613	MONDO:0011672	biolink:contributes_to	0
0.6813929	HGNC:613	MONDO:0018336	biolink:contributes_to	0
0.28055924	HGNC:613	MONDO:0100218	biolink:contributes_to	0
0.85596406	HGNC:613	MONDO:0009113	biolink:contributes_to	0
0.28875375	HGNC:613	MONDO:0012221	biolink:causes	0
0.4004781	HGNC:613	MONDO:0032787	biolink:contributes_to	0
0.015105537	HGNC:644	MONDO:0600030	biolink:gene_associated_with_condition	0
0.85957307	HGNC:644	MONDO:0008407	biolink:gene_associated_with_condition	0
0.9961816	HGNC:714	MONDO:0010645	biolink:gene_associated_with_condition	0
0.989185	HGNC:719	MONDO:0032924	biolink:causes	0
0.94874865	HGNC:16448	MONDO:0019758	biolink:causes	0
0.976344	HGNC:3033	MONDO:0009672	biolink:causes	0
0.18583733	HGNC:25636	MONDO:0859311	biolink:causes	0
0.88969946	HGNC:2375	MONDO:0014343	biolink:gene_associated_with_condition	0
0.841081	HGNC:28845	MONDO:0013390	biolink:causes	0
0.036319926	HGNC:6998	MONDO:0033980	biolink:gene_associated_with_condition	0
0.46058238	HGNC:6998	MONDO:0014803	biolink:gene_associated_with_condition	0
0.6109469	HGNC:7027	MONDO:0011628	biolink:causes	0
0.9284158	HGNC:29659	MONDO:0013892	biolink:causes	0
0.6214295	HGNC:21086	MONDO:0031481	biolink:causes	0
0.8011748	HGNC:7096	MONDO:0017225	biolink:causes	0
0.5697939	HGNC:7104	MONDO:0007042	biolink:causes	0
0.2865425	HGNC:16063	MONDO:0018274	biolink:gene_associated_with_condition	0
0.9282362	HGNC:7526	MONDO:0012607	biolink:gene_associated_with_condition	0
0.9508445	HGNC:7526	MONDO:0019855	biolink:gene_associated_with_condition	0
0.9751772	HGNC:7526	MONDO:0014845	biolink:gene_associated_with_condition	0
0.95807195	HGNC:4979	MONDO:0032815	biolink:causes	0
0.7185391	HGNC:7208	MONDO:0700090	biolink:gene_associated_with_condition	0
0.88004273	HGNC:16352	MONDO:0014343	biolink:causes	0
0.64798224	HGNC:10378	MONDO:0009623	biolink:causes	0
0.6548567	HGNC:10378	MONDO:0008377	biolink:causes	0
0.8975373	HGNC:14508	MONDO:0014556	biolink:causes	0
0.8634903	HGNC:14508	MONDO:0030457	biolink:causes	0
0.8037541	HGNC:14334	MONDO:0012594	biolink:gene_associated_with_condition	0
0.980346	HGNC:7499	MONDO:0007488	biolink:gene_associated_with_condition	0
0.9910454	HGNC:7499	MONDO:0859253	biolink:gene_associated_with_condition	0
0.9938584	HGNC:7499	MONDO:0060621	biolink:gene_associated_with_condition	0
0.4623141	HGNC:7467	MONDO:0018273	biolink:causes	0
0.44527185	HGNC:21666	MONDO:0012892	biolink:gene_associated_with_condition	0
0.15913025	HGNC:21666	MONDO:0030028	biolink:gene_associated_with_condition	0
0.7934009	HGNC:7576	MONDO:0014224	biolink:causes	0
0.49991015	HGNC:7576	MONDO:0011107	biolink:causes	0
0.44864568	HGNC:7601	MONDO:0012039	biolink:causes	0
0.9528112	HGNC:17996	MONDO:0013116	biolink:gene_associated_with_condition	0
0.8878609	HGNC:17996	MONDO:0014361	biolink:causes	0
0.7966205	HGNC:7652	MONDO:0033533	biolink:gene_associated_with_condition	0
0.932132	HGNC:7702	MONDO:0008818	biolink:causes	0
0.9606553	HGNC:20372	MONDO:0859295	biolink:causes	0
0.27367005	HGNC:20372	MONDO:0975757	biolink:causes	0
0.9227921	HGNC:7717	MONDO:0030066	biolink:causes	0
0.045377184	HGNC:7737	MONDO:0007748	biolink:causes	0
0.38535053	HGNC:7737	MONDO:0859575	biolink:causes	0
0.68675184	HGNC:13387	MONDO:0011202	biolink:causes	0
0.80617803	HGNC:13387	MONDO:0859355	biolink:causes	0
0.61542845	HGNC:7776	MONDO:0013352	biolink:causes	0
0.718431	HGNC:7782	MONDO:0010856	biolink:causes	0
0.5217066	HGNC:7782	MONDO:0014211	biolink:causes	0
0.9381481	HGNC:28018	MONDO:0958176	biolink:causes	0
0.08548941	HGNC:32940	MONDO:0010524	biolink:causes	0
0.04596009	HGNC:14374	MONDO:0019828	biolink:causes	0
0.17434765	HGNC:14374	MONDO:0032882	biolink:causes	0
0.89682174	HGNC:7882	MONDO:0012041	biolink:causes	0
0.8258761	HGNC:19104	MONDO:0009140	biolink:causes	0
0.020832514	HGNC:8008	MONDO:0007454	biolink:causes	0
0.2056083	HGNC:8008	MONDO:0008542	biolink:causes	0
0.30361092	HGNC:8008	MONDO:0009722	biolink:causes	0
0.30868715	HGNC:8008	MONDO:0009820	biolink:causes	0
0.1844766	HGNC:8008	MONDO:0013060	biolink:causes	0
0.34036836	HGNC:8008	MONDO:0016103	biolink:causes	0
0.3280478	HGNC:8008	MONDO:0044318	biolink:causes	0
0.8807247	HGNC:14234	MONDO:0859338	biolink:gene_associated_with_condition	0
0.88203776	HGNC:14234	MONDO:0020785	biolink:gene_associated_with_condition	0
0.09043971	HGNC:8029	MONDO:0012203	biolink:causes	0
0.58112097	HGNC:8029	MONDO:0008377	biolink:causes	0
0.83280224	HGNC:29929	MONDO:0014850	biolink:causes	0
0.6738128	HGNC:8108	MONDO:0009708	biolink:gene_associated_with_condition	0
0.65421695	HGNC:8108	MONDO:0017172	biolink:gene_associated_with_condition	0
0.6590017	HGNC:8108	MONDO:0007943	biolink:gene_associated_with_condition	0
0.9177429	HGNC:8140	MONDO:0010661	biolink:gene_associated_with_condition	0
0.7842513	HGNC:8149	MONDO:0009544	biolink:causes	0
0.9514392	HGNC:25896	MONDO:0013821	biolink:causes	0
0.2264407	HGNC:8565	MONDO:0009218	biolink:causes	0
0.6675926	HGNC:8565	MONDO:0012847	biolink:causes	0
0.2783395	HGNC:8592	MONDO:0009773	biolink:causes	0
0.9896941	HGNC:8604	MONDO:0032572	biolink:causes	0
0.97730017	HGNC:8604	MONDO:0859187	biolink:causes	0
0.98419964	HGNC:8604	MONDO:0011073	biolink:gene_associated_with_condition	0
0.85441554	HGNC:8618	MONDO:0013948	biolink:contributes_to	0
0.90022653	HGNC:8618	MONDO:0014343	biolink:contributes_to	0
0.916223	HGNC:8632	MONDO:0008542	biolink:gene_associated_with_condition	0
0.65184504	HGNC:8632	MONDO:0020705	biolink:gene_associated_with_condition	0
0.7254547	HGNC:8657	MONDO:0012786	biolink:causes	0
0.7264838	HGNC:8657	MONDO:0008087	biolink:causes	0
0.78633416	HGNC:8657	MONDO:0008393	biolink:causes	0
0.8393247	HGNC:14270	MONDO:0012912	biolink:gene_associated_with_condition	0
0.3703968	HGNC:8756	MONDO:0012522	biolink:causes	0
0.46101886	HGNC:8756	MONDO:0011789	biolink:causes	0
0.8344583	HGNC:8794	MONDO:0029134	biolink:causes	0
0.9699304	HGNC:9719	MONDO:0800026	biolink:causes	0
0.97125274	HGNC:9719	MONDO:0012679	biolink:gene_associated_with_condition	0
0.9838988	HGNC:9719	MONDO:0018333	biolink:gene_associated_with_condition	0
0.45050228	HGNC:8859	MONDO:0035941	biolink:causes	0
0.88246936	HGNC:8853	MONDO:0011829	biolink:gene_associated_with_condition	0
0.9009292	HGNC:8855	MONDO:0020512	biolink:gene_associated_with_condition	0
0.33041644	HGNC:8896	MONDO:0019409	biolink:causes	0
0.44784012	HGNC:8896	MONDO:0035941	biolink:gene_associated_with_condition	0
0.9568622	HGNC:8896	MONDO:0800438	biolink:gene_associated_with_condition	0
0.9861173	HGNC:14938	MONDO:0800029	biolink:gene_associated_with_condition	0
0.9471797	HGNC:23213	MONDO:0008377	biolink:gene_associated_with_condition	0
0.7189601	HGNC:8977	MONDO:0010258	biolink:causes	0
0.57477367	HGNC:8977	MONDO:0859312	biolink:causes	0
0.28533518	HGNC:8996	MONDO:0015010	biolink:causes	0
0.018477043	HGNC:8996	MONDO:0008644	biolink:causes	0
0.91114897	HGNC:9004	MONDO:0014622	biolink:gene_associated_with_condition	0
0.9568492	HGNC:9004	MONDO:0012943	biolink:causes	0
0.43849447	HGNC:20313	MONDO:0024551	biolink:causes	0
0.044026725	HGNC:9046	MONDO:0019666	biolink:contributes_to	0
0.09542779	HGNC:9046	MONDO:0008559	biolink:gene_associated_with_condition	0
0.3848996	HGNC:9046	MONDO:0014343	biolink:gene_associated_with_condition	0
0.042234104	HGNC:9046	MONDO:0011445	biolink:contributes_to	0
0.006623771	HGNC:9046	MONDO:0044255	biolink:contributes_to	0
0.8013827	HGNC:9173	MONDO:0029148	biolink:gene_associated_with_condition	0
0.889992	HGNC:19743	MONDO:0008542	biolink:gene_associated_with_condition	0
0.7818197	HGNC:9236	MONDO:0018112	biolink:gene_associated_with_condition	0
0.92305446	HGNC:9236	MONDO:0014343	biolink:gene_associated_with_condition	0
0.3529747	HGNC:9236	MONDO:0032904	biolink:gene_associated_with_condition	0
0.37495396	HGNC:9312	MONDO:0007792	biolink:gene_associated_with_condition	0
0.60525244	HGNC:14000	MONDO:0019855	biolink:causes	0
0.7693023	HGNC:9386	MONDO:0035819	biolink:gene_associated_with_condition	0
0.9649845	HGNC:9386	MONDO:0008377	biolink:gene_associated_with_condition	0
0.7463821	HGNC:9386	MONDO:0013245	biolink:causes	0
0.804999	HGNC:9386	MONDO:0018821	biolink:causes	0
0.003092813	HGNC:9386	MONDO:0044255	biolink:causes	0
0.7583162	HGNC:9402	MONDO:0014343	biolink:causes	0
0.49807164	HGNC:9460	MONDO:0800026	biolink:gene_associated_with_condition	0
0.94178563	HGNC:9498	MONDO:0012943	biolink:gene_associated_with_condition	0
0.7621049	HGNC:9585	MONDO:0015466	biolink:causes	0
0.8323334	HGNC:9585	MONDO:0009495	biolink:gene_associated_with_condition	0
0.90739506	HGNC:9607	MONDO:0011430	biolink:causes	0
0.97523594	HGNC:9644	MONDO:0014572	biolink:causes	0
0.6451073	HGNC:9670	MONDO:0008234	biolink:causes	0
0.81568104	HGNC:14957	MONDO:0010455	biolink:gene_associated_with_condition	0
0.56934553	HGNC:14957	MONDO:0011959	biolink:gene_associated_with_condition	0
0.5097916	HGNC:819	MONDO:0014601	biolink:gene_associated_with_condition	0
0.58259505	HGNC:851	MONDO:0019828	biolink:causes	0
0.23747388	HGNC:1093	MONDO:0018000	biolink:gene_associated_with_condition	0
0.6405112	HGNC:1093	MONDO:0033200	biolink:causes	0
0.39249286	HGNC:1093	MONDO:0012043	biolink:gene_associated_with_condition	0
0.040396184	HGNC:1093	MONDO:0011285	biolink:causes	0
0.98684967	HGNC:26019	MONDO:0030025	biolink:causes	0
0.9834434	HGNC:1097	MONDO:0032591	biolink:causes	0
0.9476342	HGNC:1097	MONDO:0012700	biolink:causes	0
0.9528654	HGNC:1097	MONDO:0013507	biolink:causes	0
0.64778036	HGNC:1100	MONDO:0009965	biolink:contributes_to	0
0.6528387	HGNC:1100	MONDO:0011481	biolink:contributes_to	0
0.7227956	HGNC:1100	MONDO:0019505	biolink:contributes_to	0
0.85398346	HGNC:14255	MONDO:0009008	biolink:gene_associated_with_condition	0
0.5815014	HGNC:14255	MONDO:0030338	biolink:gene_associated_with_condition	0
0.5539046	HGNC:14255	MONDO:0014945	biolink:gene_associated_with_condition	0
0.9709901	HGNC:1122	MONDO:0009210	biolink:causes	0
0.87328684	HGNC:26033	MONDO:0018277	biolink:causes	0
0.85534406	HGNC:9721	MONDO:0013842	biolink:causes	0
0.41964063	HGNC:25326	MONDO:0009306	biolink:causes	0
0.25043458	HGNC:9829	MONDO:0016316	biolink:causes	0
0.066723816	HGNC:9864	MONDO:0010963	biolink:causes	0
0.18872069	HGNC:9864	MONDO:0014487	biolink:causes	0
0.5744608	HGNC:9864	MONDO:0008377	biolink:gene_associated_with_condition	0
0.40610933	HGNC:18286	MONDO:0017683	biolink:causes	0
0.29339534	HGNC:14959	MONDO:0044714	biolink:gene_associated_with_condition	0
0.96972543	HGNC:9921	MONDO:0012075	biolink:causes	0
0.95611054	HGNC:9921	MONDO:0020849	biolink:causes	0
0.9387382	HGNC:9921	MONDO:0032677	biolink:causes	0
0.60786986	HGNC:9940	MONDO:0008872	biolink:gene_associated_with_condition	0
0.7131608	HGNC:9940	MONDO:0054750	biolink:gene_associated_with_condition	0
0.9490573	HGNC:17964	MONDO:0014343	biolink:causes	0
0.9524954	HGNC:25786	MONDO:0008764	biolink:causes	0
0.96074605	HGNC:25786	MONDO:0030037	biolink:causes	0
0.35957143	HGNC:9957	MONDO:0010250	biolink:causes	0
0.79707474	HGNC:9966	MONDO:0012514	biolink:contributes_to	0
0.7288544	HGNC:25964	MONDO:0014343	biolink:causes	0
0.19264609	HGNC:10004	MONDO:0014146	biolink:causes	0
0.36106315	HGNC:10004	MONDO:0007524	biolink:causes	0
0.47773892	HGNC:17283	MONDO:0007363	biolink:causes	0
0.7394587	HGNC:25358	MONDO:0018780	biolink:causes	0
0.9777755	HGNC:25358	MONDO:0030927	biolink:causes	0
0.6547578	HGNC:14539	MONDO:0958085	biolink:contributes_to	0
0.7263781	HGNC:14539	MONDO:0011556	biolink:contributes_to	0
0.7460761	HGNC:14539	MONDO:0030457	biolink:contributes_to	0
0.7027431	HGNC:10256	MONDO:0800167	biolink:causes	0
0.54737145	HGNC:10256	MONDO:0014159	biolink:causes	0
0.34164864	HGNC:10256	MONDO:0054737	biolink:causes	0
0.6474739	HGNC:10256	MONDO:0009113	biolink:causes	0
0.98718274	HGNC:10263	MONDO:0032748	biolink:causes	0
0.8161127	HGNC:10383	MONDO:0013964	biolink:causes	0
0.4030797	HGNC:10383	MONDO:0009513	biolink:causes	0
0.34082422	HGNC:19903	MONDO:0007158	biolink:causes	0
0.5725728	HGNC:19903	MONDO:0007922	biolink:causes	0
0.45182216	HGNC:19903	MONDO:0012559	biolink:causes	0
0.9786295	HGNC:23625	MONDO:0012634	biolink:causes	0
0.48341736	HGNC:23625	MONDO:0020320	biolink:causes	0
0.8671667	HGNC:23625	MONDO:0013507	biolink:causes	0
0.953557	HGNC:15924	MONDO:0011794	biolink:gene_associated_with_condition	0
0.977625	HGNC:15924	MONDO:0011628	biolink:gene_associated_with_condition	0
0.92627156	HGNC:1349	MONDO:0019569	biolink:causes	0
0.8720363	HGNC:19304	MONDO:0010099	biolink:causes	0
0.22837198	HGNC:19304	MONDO:0013449	biolink:causes	0
0.9701885	HGNC:10590	MONDO:0014343	biolink:causes	0
0.97545654	HGNC:10590	MONDO:0017935	biolink:causes	0
0.40196225	HGNC:10593	MONDO:0012650	biolink:causes	0
0.29960525	HGNC:10593	MONDO:0800445	biolink:causes	0
0.4816724	HGNC:10593	MONDO:0013999	biolink:contributes_to	0
0.5787568	HGNC:10593	MONDO:0030619	biolink:contributes_to	0
0.916448	HGNC:10593	MONDO:0008377	biolink:causes	0
0.41322702	HGNC:10593	MONDO:0009109	biolink:causes	0
0.6405053	HGNC:10593	MONDO:0010401	biolink:contributes_to	0
0.46645728	HGNC:10593	MONDO:0014225	biolink:causes	0
0.013668221	HGNC:10582	MONDO:0016710	biolink:gene_associated_with_condition	0
0.13176842	HGNC:10582	MONDO:0020434	biolink:gene_associated_with_condition	0
0.55430853	HGNC:10600	MONDO:0013718	biolink:causes	0
0.6333645	HGNC:10600	MONDO:0800028	biolink:causes	0
0.9912902	HGNC:10604	MONDO:0013052	biolink:causes	0
0.9229602	HGNC:10606	MONDO:0012096	biolink:gene_associated_with_condition	0
0.9285016	HGNC:10606	MONDO:0010239	biolink:gene_associated_with_condition	0
0.90643233	HGNC:10680	MONDO:0008818	biolink:causes	0
0.56401134	HGNC:10680	MONDO:0011338	biolink:causes	0
0.467538	HGNC:10719	MONDO:0013839	biolink:causes	0
0.71201587	HGNC:30605	MONDO:0009820	biolink:gene_associated_with_condition	0
0.39363244	HGNC:8941	MONDO:0008061	biolink:gene_associated_with_condition	0
0.8296814	HGNC:8941	MONDO:0008377	biolink:gene_associated_with_condition	0
0.8326172	HGNC:29427	MONDO:0011836	biolink:gene_associated_with_condition	0
0.813287	HGNC:29165	MONDO:0013679	biolink:causes	0
0.5474699	HGNC:11065	MONDO:0007922	biolink:causes	0
0.826915	HGNC:11065	MONDO:0020745	biolink:causes	0
0.8904962	HGNC:11071	MONDO:0009658	biolink:causes	0
0.93830764	HGNC:11071	MONDO:0014343	biolink:causes	0
0.018864594	HGNC:10907	MONDO:0019896	biolink:gene_associated_with_condition	0
0.8607092	HGNC:10979	MONDO:0014094	biolink:causes	0
0.93387365	HGNC:10979	MONDO:0019448	biolink:causes	0
0.8450125	HGNC:10979	MONDO:0008713	biolink:causes	0
0.8212381	HGNC:10993	MONDO:0013398	biolink:causes	0
0.9897815	HGNC:20800	MONDO:0017241	biolink:causes	0
0.6388551	HGNC:18798	MONDO:0011490	biolink:causes	0
0.015960686	HGNC:32689	MONDO:0009779	biolink:causes	0
0.050513335	HGNC:6769	MONDO:0012294	biolink:causes	0
0.8897957	HGNC:6769	MONDO:0017402	biolink:causes	0
0.9641881	HGNC:6769	MONDO:0007537	biolink:gene_associated_with_condition	0
0.69059175	HGNC:6769	MONDO:0009513	biolink:causes	0
0.07755401	HGNC:2468	MONDO:0007137	biolink:causes	0
0.218192	HGNC:2468	MONDO:0958237	biolink:causes	0
0.8236571	HGNC:11094	MONDO:0010767	biolink:gene_associated_with_condition	0
0.87801075	HGNC:1393	MONDO:0013842	biolink:causes	0
0.9384084	HGNC:1393	MONDO:0011003	biolink:causes	0
0.9443397	HGNC:1449	MONDO:0014343	biolink:causes	0
0.8577091	HGNC:1449	MONDO:0011529	biolink:causes	0
0.7677488	HGNC:1449	MONDO:0016097	biolink:causes	0
0.50969654	HGNC:11182	MONDO:0014686	biolink:gene_associated_with_condition	0
0.65970683	HGNC:11182	MONDO:0020748	biolink:gene_associated_with_condition	0
0.026791703	HGNC:1509	MONDO:0018656	biolink:gene_associated_with_condition	0
0.029766573	HGNC:1509	MONDO:0009379	biolink:gene_associated_with_condition	0
0.20161751	HGNC:1527	MONDO:0007925	biolink:causes	0
0.993494	HGNC:1550	MONDO:0014224	biolink:causes	0
0.9933611	HGNC:1550	MONDO:0031006	biolink:causes	0
0.5213434	HGNC:26821	MONDO:0012410	biolink:causes	0
0.53550434	HGNC:26821	MONDO:0010075	biolink:causes	0
0.357906	HGNC:14977	MONDO:0018742	biolink:causes	0
0.88182926	HGNC:11179	MONDO:0010099	biolink:causes	0
0.9497948	HGNC:11179	MONDO:0008377	biolink:causes	0
0.81865925	HGNC:17321	MONDO:0015783	biolink:gene_associated_with_condition	0
0.5024094	HGNC:17321	MONDO:0019635	biolink:causes	0
0.90227795	HGNC:17321	MONDO:0958005	biolink:gene_associated_with_condition	0
0.9726281	HGNC:11226	MONDO:0012400	biolink:causes	0
0.9404875	HGNC:11226	MONDO:0011073	biolink:causes	0
0.9534101	HGNC:11257	MONDO:0009804	biolink:causes	0
0.9063013	HGNC:11301	MONDO:0007768	biolink:causes	0
0.76302093	HGNC:11301	MONDO:0008179	biolink:causes	0
0.8954154	HGNC:11301	MONDO:0019123	biolink:gene_associated_with_condition	0
0.938423	HGNC:11301	MONDO:0008377	biolink:gene_associated_with_condition	0
0.24618705	HGNC:11356	MONDO:0971016	biolink:causes	0
0.60542476	HGNC:11356	MONDO:0030730	biolink:causes	0
0.6940092	HGNC:26200	MONDO:0018598	biolink:gene_associated_with_condition	0
0.35835344	HGNC:26200	MONDO:0016395	biolink:gene_associated_with_condition	0
0.73169106	HGNC:30650	MONDO:0014125	biolink:gene_associated_with_condition	0
0.97665375	HGNC:16035	MONDO:0008377	biolink:causes	0
0.9597907	HGNC:16466	MONDO:0008592	biolink:causes	0
0.83409446	HGNC:16466	MONDO:0009459	biolink:gene_associated_with_condition	0
0.9287124	HGNC:16466	MONDO:0054805	biolink:gene_associated_with_condition	0
0.3477823	HGNC:30632	MONDO:0016838	biolink:causes	0
0.21945868	HGNC:11494	MONDO:0011493	biolink:gene_associated_with_condition	0
0.42848536	HGNC:11521	MONDO:0008762	biolink:causes	0
0.59499764	HGNC:11521	MONDO:0007380	biolink:causes	0
0.7579657	HGNC:11521	MONDO:0018328	biolink:causes	0
0.5216102	HGNC:21066	MONDO:0014622	biolink:causes	0
0.7361853	HGNC:21066	MONDO:0009825	biolink:causes	0
0.97999793	HGNC:29203	MONDO:0014004	biolink:gene_associated_with_condition	0
0.9624018	HGNC:29203	MONDO:0008637	biolink:gene_associated_with_condition	0
0.97750866	HGNC:29203	MONDO:0018273	biolink:gene_associated_with_condition	0
0.9804719	HGNC:11603	MONDO:0009841	biolink:gene_associated_with_condition	0
0.42478085	HGNC:11596	MONDO:0013907	biolink:gene_associated_with_condition	0
0.6283173	HGNC:11596	MONDO:0014343	biolink:causes	0
0.9688283	HGNC:11708	MONDO:0014984	biolink:gene_associated_with_condition	0
0.20740472	HGNC:11724	MONDO:0014899	biolink:causes	0
0.32196653	HGNC:11724	MONDO:0012521	biolink:causes	0
0.9982521	HGNC:20324	MONDO:0014343	biolink:gene_associated_with_condition	0
0.95942163	HGNC:11769	MONDO:0010790	biolink:causes	0
0.96547604	HGNC:11769	MONDO:0011226	biolink:causes	0
0.94429034	HGNC:11769	MONDO:0032868	biolink:causes	0
0.9701827	HGNC:11769	MONDO:0032685	biolink:gene_associated_with_condition	0
0.97867936	HGNC:25835	MONDO:0012092	biolink:causes	0
0.9226425	HGNC:25295	MONDO:0014866	biolink:causes	0
0.37218106	HGNC:25295	MONDO:0014997	biolink:causes	0
0.1164005	HGNC:30788	MONDO:0014290	biolink:causes	0
0.6122989	HGNC:5056	MONDO:0010626	biolink:gene_associated_with_condition	0
0.72808266	HGNC:5056	MONDO:0019174	biolink:gene_associated_with_condition	0
0.025265114	HGNC:26230	MONDO:0011431	biolink:contributes_to	0
0.4969753	HGNC:26230	MONDO:0020745	biolink:contributes_to	0
0.5509041	HGNC:16513	MONDO:0012833	biolink:causes	0
0.9532425	HGNC:18188	MONDO:0012892	biolink:gene_associated_with_condition	0
0.7323248	HGNC:25535	MONDO:0011490	biolink:causes	0
0.9690842	HGNC:25535	MONDO:0008684	biolink:causes	0
0.9890364	HGNC:11909	MONDO:0009871	biolink:gene_associated_with_condition	0
0.831838	HGNC:11949	MONDO:0014343	biolink:gene_associated_with_condition	0
0.94847053	HGNC:11949	MONDO:0008377	biolink:gene_associated_with_condition	0
0.88797724	HGNC:11949	MONDO:0014425	biolink:gene_associated_with_condition	0
0.86235535	HGNC:29190	MONDO:0032927	biolink:causes	0
0.8116687	HGNC:29190	MONDO:0014620	biolink:causes	0
0.52406746	HGNC:29456	MONDO:0800026	biolink:gene_associated_with_condition	0
0.5644563	HGNC:29456	MONDO:0010592	biolink:gene_associated_with_condition	0
0.8100799	HGNC:16197	MONDO:0012689	biolink:causes	0
0.7637072	HGNC:15979	MONDO:0014040	biolink:causes	0
0.8685482	HGNC:15979	MONDO:0011765	biolink:causes	0
0.6234307	HGNC:15979	MONDO:0032575	biolink:causes	0
0.7391238	HGNC:12016	MONDO:0010510	biolink:causes	0
0.6669309	HGNC:25751	MONDO:0014386	biolink:gene_associated_with_condition	0
0.92352223	HGNC:25751	MONDO:0014984	biolink:gene_associated_with_condition	0
0.9167206	HGNC:25751	MONDO:0013587	biolink:gene_associated_with_condition	0
0.83880895	HGNC:25980	MONDO:0014244	biolink:causes	0
0.9072434	HGNC:25481	MONDO:0010483	biolink:gene_associated_with_condition	0
0.9238385	HGNC:17341	MONDO:0032721	biolink:gene_associated_with_condition	0
0.94256604	HGNC:17341	MONDO:0044319	biolink:gene_associated_with_condition	0
0.86896074	HGNC:17341	MONDO:0015096	biolink:causes	0
0.56456524	HGNC:17341	MONDO:0012883	biolink:gene_associated_with_condition	0
0.9478425	HGNC:17341	MONDO:0024557	biolink:gene_associated_with_condition	0
0.91467035	HGNC:17341	MONDO:0014057	biolink:causes	0
0.96187234	HGNC:17341	MONDO:0032583	biolink:causes	0
0.89222103	HGNC:18083	MONDO:0008310	biolink:gene_associated_with_condition	0
0.88118535	HGNC:18083	MONDO:0014574	biolink:gene_associated_with_condition	0
0.93255717	HGNC:18083	MONDO:0013288	biolink:gene_associated_with_condition	0
0.9419072	HGNC:18083	MONDO:0009505	biolink:causes	0
0.92859185	HGNC:18083	MONDO:0014425	biolink:causes	0
0.9237161	HGNC:1268	MONDO:0013032	biolink:causes	0
0.6731698	HGNC:1268	MONDO:0009215	biolink:causes	0
0.9487076	HGNC:1268	MONDO:0012221	biolink:gene_associated_with_condition	0
0.951907	HGNC:19750	MONDO:0007922	biolink:causes	0
0.93220156	HGNC:19750	MONDO:0009339	biolink:causes	0
0.98012954	HGNC:12404	MONDO:0013032	biolink:gene_associated_with_condition	0
0.58304006	HGNC:12406	MONDO:0013624	biolink:causes	0
0.665348	HGNC:24071	MONDO:0014494	biolink:causes	0
0.09591486	HGNC:24071	MONDO:0016703	biolink:causes	0
0.89089304	HGNC:18127	MONDO:0032822	biolink:causes	0
0.95873684	HGNC:18127	MONDO:0010465	biolink:causes	0
0.4754132	HGNC:12450	MONDO:0013487	biolink:gene_associated_with_condition	0
0.6097329	HGNC:13478	MONDO:0012004	biolink:causes	0
0.87084556	HGNC:25792	MONDO:0018598	biolink:gene_associated_with_condition	0
0.789944	HGNC:12601	MONDO:0020506	biolink:causes	0
0.86050546	HGNC:12601	MONDO:0007380	biolink:causes	0
0.86860865	HGNC:12601	MONDO:0014637	biolink:causes	0
0.836413	HGNC:12632	MONDO:0009867	biolink:gene_associated_with_condition	0
0.86916006	HGNC:12643	MONDO:0008722	biolink:causes	0
0.31332377	HGNC:15511	MONDO:0060549	biolink:causes	0
0.4319037	HGNC:21642	MONDO:0016308	biolink:gene_associated_with_condition	0
0.93937695	HGNC:12726	MONDO:0007922	biolink:gene_associated_with_condition	0
0.71469945	HGNC:16461	MONDO:0013352	biolink:causes	0
0.33629254	HGNC:16461	MONDO:0010911	biolink:causes	0
0.89143413	HGNC:13831	MONDO:0007451	biolink:gene_associated_with_condition	0
0.52861845	HGNC:12783	MONDO:0032741	biolink:causes	0
0.60683256	HGNC:12783	MONDO:0957577	biolink:gene_associated_with_condition	0
0.6085352	HGNC:12783	MONDO:0012041	biolink:gene_associated_with_condition	0
0.5980151	HGNC:12828	MONDO:0010606	biolink:causes	0
0.35558984	HGNC:16262	MONDO:0009504	biolink:gene_associated_with_condition	0
0.5754634	HGNC:24877	MONDO:0971016	biolink:gene_associated_with_condition	0
0.32635042	HGNC:16700	MONDO:0030072	biolink:causes	0
0.14770511	HGNC:16700	MONDO:0014392	biolink:causes	0
0.61991554	HGNC:16700	MONDO:0007875	biolink:causes	0
0.14669435	HGNC:16700	MONDO:0042979	biolink:causes	0
0.015356947	HGNC:16700	MONDO:0008705	biolink:causes	0
0.97088575	HGNC:12873	MONDO:0957270	biolink:gene_associated_with_condition	0
0.96822405	HGNC:12873	MONDO:0008377	biolink:gene_associated_with_condition	0
0.6522419	HGNC:12927	MONDO:0008019	biolink:causes	0
0.80741286	HGNC:12927	MONDO:0008399	biolink:causes	0
0.8108376	HGNC:12927	MONDO:0032849	biolink:causes	0
0.91758925	HGNC:12771	MONDO:0016163	biolink:causes	0
0.9080943	HGNC:11935	MONDO:0020512	biolink:gene_associated_with_condition	0
0.58244705	HGNC:1698	MONDO:0011633	biolink:causes	0
0.80739653	HGNC:1762	MONDO:0013198	biolink:causes	0
0.9579245	HGNC:1750	MONDO:0013634	biolink:causes	0
0.9440283	HGNC:1750	MONDO:0011143	biolink:causes	0
0.31247026	HGNC:1777	MONDO:0010477	biolink:causes	0
0.90589976	HGNC:1802	MONDO:0009050	biolink:causes	0
0.90177137	HGNC:1802	MONDO:0034106	biolink:causes	0
0.19298106	HGNC:1848	MONDO:0014741	biolink:causes	0
0.8594847	HGNC:21638	MONDO:0018598	biolink:gene_associated_with_condition	0
0.7695142	HGNC:21638	MONDO:0016356	biolink:gene_associated_with_condition	0
0.96779186	HGNC:21638	MONDO:0014093	biolink:gene_associated_with_condition	0
0.94909805	HGNC:21699	MONDO:0010758	biolink:causes	0
0.7984746	HGNC:1919	MONDO:0032868	biolink:gene_associated_with_condition	0
0.9849261	HGNC:20626	MONDO:0008818	biolink:causes	0
0.6825059	HGNC:1938	MONDO:0012004	biolink:causes	0
0.8528256	HGNC:1940	MONDO:0015353	biolink:causes	0
0.89359385	HGNC:1966	MONDO:0012368	biolink:causes	0
0.73318624	HGNC:1966	MONDO:0013276	biolink:causes	0
0.30255356	HGNC:1966	MONDO:0017683	biolink:causes	0
0.924743	HGNC:1966	MONDO:0008377	biolink:causes	0
0.34633422	HGNC:16999	MONDO:0013002	biolink:gene_associated_with_condition	0
0.97216123	HGNC:13830	MONDO:0011445	biolink:gene_associated_with_condition	0
0.8903552	HGNC:29932	MONDO:0007288	biolink:gene_associated_with_condition	0
0.6983728	HGNC:29932	MONDO:0004951	biolink:gene_associated_with_condition	0
0.97174734	HGNC:29932	MONDO:0014783	biolink:gene_associated_with_condition	0
0.6887766	HGNC:18619	MONDO:0011935	biolink:causes	0
0.8952031	HGNC:2206	MONDO:0013912	biolink:causes	0
0.71517867	HGNC:2206	MONDO:0017241	biolink:causes	0
0.9631843	HGNC:2212	MONDO:0013634	biolink:gene_associated_with_condition	0
0.9549798	HGNC:2212	MONDO:0017176	biolink:gene_associated_with_condition	0
0.98115206	HGNC:2219	MONDO:0012946	biolink:causes	0
0.95518243	HGNC:2219	MONDO:0017402	biolink:causes	0
0.987259	HGNC:2219	MONDO:0018443	biolink:causes	0
0.96750534	HGNC:2219	MONDO:0013533	biolink:causes	0
0.9865448	HGNC:2219	MONDO:0031481	biolink:causes	0
0.87352115	HGNC:2195	MONDO:0008854	biolink:causes	0
0.9322988	HGNC:2195	MONDO:0033200	biolink:causes	0
0.79358804	HGNC:2336	MONDO:0020316	biolink:causes	0
0.7758342	HGNC:2343	MONDO:0958071	biolink:causes	0
0.026456427	HGNC:2359	MONDO:0008854	biolink:gene_associated_with_condition	0
0.17535295	HGNC:2359	MONDO:0020715	biolink:gene_associated_with_condition	0
0.19575714	HGNC:2359	MONDO:0014637	biolink:gene_associated_with_condition	0
0.2692473	HGNC:2359	MONDO:0029134	biolink:gene_associated_with_condition	0
0.98462903	HGNC:37276	MONDO:0014545	biolink:causes	0
0.31686813	HGNC:2410	MONDO:0007922	biolink:gene_associated_with_condition	0
0.060069483	HGNC:2410	MONDO:0009804	biolink:gene_associated_with_condition	0
0.92969227	HGNC:2433	MONDO:0011998	biolink:causes	0
0.91445154	HGNC:26193	MONDO:0013800	biolink:causes	0
0.1301616	HGNC:26047	MONDO:0013570	biolink:gene_associated_with_condition	0
0.11939886	HGNC:26047	MONDO:0011285	biolink:causes	0
0.5676779	HGNC:2505	MONDO:0012868	biolink:gene_associated_with_condition	0
0.9350519	HGNC:2505	MONDO:0014343	biolink:gene_associated_with_condition	0
0.8530709	HGNC:2505	MONDO:0030366	biolink:gene_associated_with_condition	0
0.8507348	HGNC:2518	MONDO:0015519	biolink:causes	0
0.9417206	HGNC:2590	MONDO:0018023	biolink:causes	0
0.8941203	HGNC:25536	MONDO:0014853	biolink:causes	0
0.7546108	HGNC:25536	MONDO:0017173	biolink:causes	0
0.8637944	HGNC:24891	MONDO:0012287	biolink:causes	0
0.9584734	HGNC:25784	MONDO:0032746	biolink:causes	0
0.84493613	HGNC:25784	MONDO:0012803	biolink:causes	0
0.9064488	HGNC:18141	MONDO:0018332	biolink:gene_associated_with_condition	0
0.90575695	HGNC:18141	MONDO:0032868	biolink:causes	0
0.19172472	HGNC:19714	MONDO:0013301	biolink:gene_associated_with_condition	0
0.9737829	HGNC:20603	MONDO:0014343	biolink:causes	0
0.81921613	HGNC:18018	MONDO:0007922	biolink:causes	0
0.77944756	HGNC:17098	MONDO:0020849	biolink:causes	0
0.71980816	HGNC:2907	MONDO:0014866	biolink:gene_associated_with_condition	0
0.94826967	HGNC:2907	MONDO:0012039	biolink:gene_associated_with_condition	0
0.7817712	HGNC:2907	MONDO:0012287	biolink:gene_associated_with_condition	0
0.9437775	HGNC:28662	MONDO:0012904	biolink:causes	0
0.89725065	HGNC:3004	MONDO:0008393	biolink:causes	0
0.97332114	HGNC:24270	MONDO:0024552	biolink:causes	0
0.96690047	HGNC:24270	MONDO:0013587	biolink:causes	0
0.83178324	HGNC:3052	MONDO:0007052	biolink:gene_associated_with_condition	0
0.926755	HGNC:3052	MONDO:0007740	biolink:causes	0
0.950422	HGNC:3052	MONDO:0060704	biolink:causes	0
0.95938396	HGNC:3084	MONDO:0020745	biolink:causes	0
0.971474	HGNC:3133	MONDO:0007943	biolink:gene_associated_with_condition	0
0.99633765	HGNC:3133	MONDO:0014343	biolink:gene_associated_with_condition	0
0.86298317	HGNC:26114	MONDO:0030905	biolink:causes	0
0.8909665	HGNC:3179	MONDO:0044651	biolink:gene_associated_with_condition	0
0.89176524	HGNC:3179	MONDO:0010600	biolink:contributes_to	0
0.41017288	HGNC:3259	MONDO:0012594	biolink:gene_associated_with_condition	0
0.31123558	HGNC:3259	MONDO:0009064	biolink:gene_associated_with_condition	0
0.7529278	HGNC:3259	MONDO:0012859	biolink:gene_associated_with_condition	0
0.82564485	HGNC:3259	MONDO:0014343	biolink:gene_associated_with_condition	0
0.55976754	HGNC:3259	MONDO:0017947	biolink:gene_associated_with_condition	0
0.31045976	HGNC:3259	MONDO:0009841	biolink:gene_associated_with_condition	0
0.55260086	HGNC:18683	MONDO:0800026	biolink:causes	0
0.37524188	HGNC:18683	MONDO:0044617	biolink:causes	0
0.5868222	HGNC:18683	MONDO:0957388	biolink:causes	0
0.9727486	HGNC:28957	MONDO:0014343	biolink:gene_associated_with_condition	0
0.79558164	HGNC:3386	MONDO:0007338	biolink:causes	0
0.6648706	HGNC:3386	MONDO:0014290	biolink:causes	0
0.7665468	HGNC:3424	MONDO:0009360	biolink:causes	0
0.06285209	HGNC:3424	MONDO:0975757	biolink:causes	0
0.62254333	HGNC:3435	MONDO:0011335	biolink:causes	0
0.9073125	HGNC:3435	MONDO:0971176	biolink:causes	0
0.98139346	HGNC:19747	MONDO:0032630	biolink:gene_associated_with_condition	0
0.9811048	HGNC:19747	MONDO:0012123	biolink:gene_associated_with_condition	0
0.9945813	HGNC:19747	MONDO:0026733	biolink:gene_associated_with_condition	0
0.53382754	MONDO:0004951	HGNC:6412	biolink:gene_associated_with_condition	0
0.89122367	MONDO:0004951	HGNC:3544	biolink:gene_associated_with_condition	0
0.55043083	MONDO:0004951	HGNC:23657	biolink:gene_associated_with_condition	0
0.6983728	MONDO:0004951	HGNC:29932	biolink:gene_associated_with_condition	0
0.35328513	MONDO:0004951	HGNC:2916	biolink:causes	0
0.23306759	MONDO:0007103	HGNC:4393	biolink:causes	0
0.18881734	MONDO:0007103	HGNC:4367	biolink:gene_associated_with_condition	0
0.7960273	MONDO:0007103	HGNC:6909	biolink:causes	0
0.97091043	MONDO:0007163	HGNC:15455	biolink:gene_associated_with_condition	0
0.16789922	MONDO:0007163	HGNC:15802	biolink:causes	0
0.9773352	MONDO:0007163	HGNC:15808	biolink:gene_associated_with_condition	0
0.8391396	MONDO:0007167	HGNC:3823	biolink:causes	0
0.98509234	MONDO:0007167	HGNC:9717	biolink:gene_associated_with_condition	0
0.9609718	MONDO:0007191	HGNC:28993	biolink:causes	0
0.5084734	MONDO:0007191	HGNC:28449	biolink:gene_associated_with_condition	0
0.9007431	MONDO:0007311	HGNC:68	biolink:causes	0
0.6882374	MONDO:0007319	HGNC:30477	biolink:causes	0
0.8759446	MONDO:0007355	HGNC:11449	biolink:causes	0
0.9161835	MONDO:0007363	HGNC:5385	biolink:causes	0
0.9681386	MONDO:0007363	HGNC:2194	biolink:gene_associated_with_condition	0
0.945573	MONDO:0007363	HGNC:6483	biolink:gene_associated_with_condition	0
0.61118287	MONDO:0007363	HGNC:3036	biolink:gene_associated_with_condition	0
0.93418014	MONDO:0007363	HGNC:4274	biolink:causes	0
0.8398135	MONDO:0007363	HGNC:4799	biolink:causes	0
0.47773892	MONDO:0007363	HGNC:17283	biolink:causes	0
0.99144757	MONDO:0007363	HGNC:4284	biolink:gene_associated_with_condition	0
0.77920645	MONDO:0007363	HGNC:5147	biolink:gene_associated_with_condition	0
0.5443311	MONDO:0007363	HGNC:7545	biolink:gene_associated_with_condition	0
0.7579816	MONDO:0007363	HGNC:1144	biolink:causes	0
0.4864675	MONDO:0007363	HGNC:2621	biolink:causes	0
0.89143413	MONDO:0007451	HGNC:13831	biolink:gene_associated_with_condition	0
0.9686807	MONDO:0007483	HGNC:2202	biolink:contributes_to	0
0.97342753	MONDO:0007495	HGNC:4177	biolink:gene_associated_with_condition	0
0.30508482	MONDO:0007495	HGNC:8059	biolink:gene_associated_with_condition	0
0.97816783	MONDO:0007495	HGNC:20670	biolink:causes	0
0.91212964	MONDO:0007615	HGNC:3602	biolink:causes	0
0.6845896	MONDO:0007615	HGNC:14304	biolink:causes	0
0.42994708	MONDO:0007723	HGNC:17104	biolink:causes	0
0.6076043	MONDO:0007723	HGNC:9831	biolink:causes	0
0.096848175	MONDO:0007747	HGNC:6553	biolink:causes	0
0.3323137	MONDO:0007791	HGNC:26927	biolink:causes	0
0.67400426	MONDO:0007875	HGNC:10542	biolink:gene_associated_with_condition	0
0.61991554	MONDO:0007875	HGNC:16700	biolink:causes	0
0.92447627	MONDO:0007875	HGNC:11535	biolink:causes	0
0.69211584	MONDO:0007895	HGNC:1301	biolink:causes	0
0.977326	MONDO:0007931	HGNC:951	biolink:causes	0
0.57464606	MONDO:0007943	HGNC:4799	biolink:causes	0
0.6590017	MONDO:0007943	HGNC:8108	biolink:gene_associated_with_condition	0
0.971474	MONDO:0007943	HGNC:3133	biolink:gene_associated_with_condition	0
0.6522419	MONDO:0008019	HGNC:12927	biolink:causes	0
0.8167579	MONDO:0008087	HGNC:987	biolink:gene_associated_with_condition	0
0.7264838	MONDO:0008087	HGNC:8657	biolink:causes	0
0.92392266	MONDO:0008179	HGNC:1162	biolink:causes	0
0.25096843	MONDO:0008179	HGNC:9008	biolink:gene_associated_with_condition	0
0.76302093	MONDO:0008179	HGNC:11301	biolink:causes	0
0.59616625	MONDO:0008259	HGNC:11283	biolink:gene_associated_with_condition	0
0.19957279	MONDO:0008399	HGNC:6893	biolink:causes	0
0.9024251	MONDO:0008399	HGNC:2594	biolink:gene_associated_with_condition	0
0.80741286	MONDO:0008399	HGNC:12927	biolink:causes	0
0.85957307	MONDO:0008407	HGNC:644	biolink:gene_associated_with_condition	0
0.7393937	MONDO:0008479	HGNC:7795	biolink:gene_associated_with_condition	0
0.5865988	MONDO:0008483	HGNC:42	biolink:causes	0
0.80457425	MONDO:0008483	HGNC:11109	biolink:causes	0
0.09542779	MONDO:0008559	HGNC:9046	biolink:gene_associated_with_condition	0
0.9554948	MONDO:0008559	HGNC:27337	biolink:causes	0
0.9379255	MONDO:0008559	HGNC:1020	biolink:gene_associated_with_condition	0
0.32657	MONDO:0008747	HGNC:2771	biolink:gene_associated_with_condition	0
0.9811214	MONDO:0008751	HGNC:7060	biolink:gene_associated_with_condition	0
0.9892369	MONDO:0008795	HGNC:9086	biolink:gene_associated_with_condition	0
0.94512445	MONDO:0008799	HGNC:2183	biolink:causes	0
0.9793022	MONDO:0008887	HGNC:18340	biolink:causes	0
0.8191172	MONDO:0008931	HGNC:2232	biolink:causes	0
0.8885367	MONDO:0008931	HGNC:15791	biolink:causes	0
0.5415766	MONDO:0008931	HGNC:11762	biolink:causes	0
0.05065728	MONDO:0008931	HGNC:14544	biolink:gene_associated_with_condition	0
0.87459356	MONDO:0008963	HGNC:4922	biolink:causes	0
0.78156257	MONDO:0008963	HGNC:16783	biolink:causes	0
0.512193	MONDO:0008995	HGNC:9832	biolink:causes	0
0.9315229	MONDO:0008995	HGNC:7765	biolink:gene_associated_with_condition	0
0.97239	MONDO:0009031	HGNC:6814	biolink:gene_associated_with_condition	0
0.948415	MONDO:0009031	HGNC:23994	biolink:causes	0
0.38466123	MONDO:0009079	HGNC:25839	biolink:gene_associated_with_condition	0
0.78464496	MONDO:0009079	HGNC:8804	biolink:causes	0
0.9963169	MONDO:0009079	HGNC:15516	biolink:gene_associated_with_condition	0
0.7940057	MONDO:0009091	HGNC:4189	biolink:gene_associated_with_condition	0
0.72364783	MONDO:0009115	HGNC:11027	biolink:causes	0
0.88843155	MONDO:0009143	HGNC:10468	biolink:gene_associated_with_condition	0
0.8751991	MONDO:0009151	HGNC:3754	biolink:gene_associated_with_condition	0
0.47338092	MONDO:0009151	HGNC:4948	biolink:gene_associated_with_condition	0
0.12352018	MONDO:0009159	HGNC:13486	biolink:causes	0
0.2690358	MONDO:0009159	HGNC:15802	biolink:gene_associated_with_condition	0
0.44443455	MONDO:0009211	HGNC:1606	biolink:contributes_to	0
0.3581066	MONDO:0009211	HGNC:13886	biolink:causes	0
0.98056775	MONDO:0009215	HGNC:1044	biolink:causes	0
0.966709	MONDO:0009215	HGNC:10896	biolink:causes	0
0.83429855	MONDO:0009215	HGNC:24552	biolink:gene_associated_with_condition	0
0.6731698	MONDO:0009215	HGNC:1268	biolink:causes	0
0.87343967	MONDO:0009215	HGNC:20908	biolink:causes	0
0.9783237	MONDO:0009235	HGNC:14974	biolink:causes	0
0.7582174	MONDO:0009279	HGNC:6541	biolink:gene_associated_with_condition	0
0.8262644	MONDO:0009279	HGNC:7677	biolink:causes	0
0.97159594	MONDO:0009279	HGNC:9879	biolink:causes	0
0.7862357	MONDO:0009315	HGNC:11772	biolink:causes	0
0.5656997	MONDO:0009339	HGNC:26239	biolink:causes	0
0.71887684	MONDO:0009339	HGNC:23302	biolink:causes	0
0.93220156	MONDO:0009339	HGNC:19750	biolink:causes	0
0.8646588	MONDO:0009359	HGNC:9330	biolink:gene_associated_with_condition	0
0.85718876	MONDO:0009359	HGNC:5439	biolink:contributes_to	0
0.32108852	MONDO:0009379	HGNC:14294	biolink:gene_associated_with_condition	0
0.029766573	MONDO:0009379	HGNC:1509	biolink:gene_associated_with_condition	0
0.089340165	MONDO:0009411	HGNC:4082	biolink:causes	0
0.7828065	MONDO:0009411	HGNC:5383	biolink:gene_associated_with_condition	0
0.7697797	MONDO:0009419	HGNC:12266	biolink:gene_associated_with_condition	0
0.7832757	MONDO:0009419	HGNC:28613	biolink:causes	0
0.6894878	MONDO:0009451	HGNC:25640	biolink:causes	0
0.83409446	MONDO:0009459	HGNC:16466	biolink:gene_associated_with_condition	0
0.9819354	MONDO:0009475	HGNC:17296	biolink:causes	0
0.93328583	MONDO:0009475	HGNC:10723	biolink:causes	0
0.40242925	MONDO:0009495	HGNC:4572	biolink:causes	0
0.63814914	MONDO:0009495	HGNC:29068	biolink:causes	0
0.8323334	MONDO:0009495	HGNC:9585	biolink:gene_associated_with_condition	0
0.89589924	MONDO:0009495	HGNC:2592	biolink:causes	0
0.95906997	MONDO:0009527	HGNC:6742	biolink:causes	0
0.64798224	MONDO:0009623	HGNC:10378	biolink:causes	0
0.735568	MONDO:0009683	HGNC:4162	biolink:gene_associated_with_condition	0
0.27513415	MONDO:0009683	HGNC:6735	biolink:causes	0
0.015960686	MONDO:0009779	HGNC:32689	biolink:causes	0
0.7893456	MONDO:0009779	HGNC:14967	biolink:causes	0
0.97866666	MONDO:0009823	HGNC:2464	biolink:causes	0
0.9552524	MONDO:0009839	HGNC:966	biolink:causes	0
0.6980911	MONDO:0009839	HGNC:4948	biolink:contributes_to	0
0.92271787	MONDO:0009843	HGNC:3754	biolink:gene_associated_with_condition	0
0.91098386	MONDO:0009855	HGNC:12261	biolink:causes	0
0.9355697	MONDO:0009855	HGNC:12405	biolink:causes	0
0.6717532	MONDO:0009867	HGNC:17211	biolink:causes	0
0.28455684	MONDO:0009867	HGNC:13890	biolink:causes	0
0.836413	MONDO:0009867	HGNC:12632	biolink:gene_associated_with_condition	0
0.8320706	MONDO:0009867	HGNC:8101	biolink:causes	0
0.42274916	MONDO:0009867	HGNC:13488	biolink:causes	0
0.90689063	MONDO:0009871	HGNC:28870	biolink:causes	0
0.9890364	MONDO:0009871	HGNC:11909	biolink:gene_associated_with_condition	0
0.69002336	MONDO:0009879	HGNC:7892	biolink:causes	0
0.5897373	MONDO:0009891	HGNC:649	biolink:gene_associated_with_condition	0
0.4081861	MONDO:0009935	HGNC:23657	biolink:gene_associated_with_condition	0
0.94566154	MONDO:0010075	HGNC:3373	biolink:causes	0
0.53550434	MONDO:0010075	HGNC:26821	biolink:causes	0
0.99341065	MONDO:0010099	HGNC:19869	biolink:gene_associated_with_condition	0
0.26504788	MONDO:0010099	HGNC:35123	biolink:causes	0
0.8720363	MONDO:0010099	HGNC:19304	biolink:causes	0
0.88182926	MONDO:0010099	HGNC:11179	biolink:causes	0
0.77645725	MONDO:0010099	HGNC:2527	biolink:causes	0
0.9632636	MONDO:0010135	HGNC:9713	biolink:gene_associated_with_condition	0
0.23599246	MONDO:0010171	HGNC:21732	biolink:causes	0
0.98629147	MONDO:0010183	HGNC:8778	biolink:causes	0
0.53392875	MONDO:0010227	HGNC:9701	biolink:gene_associated_with_condition	0
0.1909796	MONDO:0010227	HGNC:6024	biolink:causes	0
0.9285016	MONDO:0010239	HGNC:10606	biolink:gene_associated_with_condition	0
0.18680675	MONDO:0010315	HGNC:9069	biolink:causes	0
0.9226331	MONDO:0010315	HGNC:4204	biolink:causes	0
0.9519445	MONDO:0010315	HGNC:7944	biolink:causes	0
0.98619866	MONDO:0010319	HGNC:30511	biolink:gene_associated_with_condition	0
0.8172459	MONDO:0010335	HGNC:5208	biolink:causes	0
0.9837891	MONDO:0010339	HGNC:2186	biolink:gene_associated_with_condition	0
0.9781812	MONDO:0010415	HGNC:26222	biolink:causes	0
0.81568104	MONDO:0010455	HGNC:14957	biolink:gene_associated_with_condition	0
0.9072434	MONDO:0010483	HGNC:25481	biolink:gene_associated_with_condition	0
0.9046939	MONDO:0010503	HGNC:19918	biolink:causes	0
0.6143053	MONDO:0010511	HGNC:4393	biolink:causes	0
0.56186515	MONDO:0010511	HGNC:4651	biolink:causes	0
0.74663883	MONDO:0010523	HGNC:21675	biolink:causes	0
0.9470562	MONDO:0010631	HGNC:26784	biolink:causes	0
0.93881124	MONDO:0010631	HGNC:3098	biolink:causes	0
0.9853534	MONDO:0010631	HGNC:60	biolink:causes	0
0.969277	MONDO:0010651	HGNC:6000	biolink:gene_associated_with_condition	0
0.981069	MONDO:0010655	HGNC:28583	biolink:causes	0
0.944727	MONDO:0010655	HGNC:12011	biolink:causes	0
0.93172014	MONDO:0010655	HGNC:3756	biolink:causes	0
0.1258895	MONDO:0010659	HGNC:7154	biolink:causes	0
0.719323	MONDO:0010659	HGNC:57	biolink:causes	0
0.3888241	MONDO:0010747	HGNC:1787	biolink:contributes_to	0
0.9140369	MONDO:0010747	HGNC:1366	biolink:gene_associated_with_condition	0
0.9757681	MONDO:0010747	HGNC:15808	biolink:causes	0
0.88219845	MONDO:0010747	HGNC:11795	biolink:gene_associated_with_condition	0
0.7889385	MONDO:0010767	HGNC:3671	biolink:gene_associated_with_condition	0
0.90894765	MONDO:0010767	HGNC:3702	biolink:gene_associated_with_condition	0
0.8236571	MONDO:0010767	HGNC:11094	biolink:gene_associated_with_condition	0
0.8093384	MONDO:0010767	HGNC:3689	biolink:gene_associated_with_condition	0
0.9129838	MONDO:0010803	HGNC:7569	biolink:causes	0
0.9726236	MONDO:0010803	HGNC:17213	biolink:causes	0
0.9848018	MONDO:0010839	HGNC:12877	biolink:gene_associated_with_condition	0
0.5490473	MONDO:0010907	HGNC:7677	biolink:causes	0
0.60036623	MONDO:0010911	HGNC:18248	biolink:causes	0
0.33629254	MONDO:0010911	HGNC:16461	biolink:causes	0
0.47358808	MONDO:0010947	HGNC:4572	biolink:causes	0
0.8090905	MONDO:0010959	HGNC:4367	biolink:gene_associated_with_condition	0
0.8286107	MONDO:0010963	HGNC:5385	biolink:causes	0
0.38510567	MONDO:0010963	HGNC:1460	biolink:causes	0
0.066723816	MONDO:0010963	HGNC:9864	biolink:causes	0
0.948298	MONDO:0010963	HGNC:13556	biolink:causes	0
0.07328719	MONDO:0011003	HGNC:25737	biolink:gene_associated_with_condition	0
0.9384084	MONDO:0011003	HGNC:1393	biolink:causes	0
0.14071725	MONDO:0011091	HGNC:16380	biolink:causes	0
0.7960168	MONDO:0011091	HGNC:2185	biolink:causes	0
0.63311213	MONDO:0011091	HGNC:4193	biolink:gene_associated_with_condition	0
0.04594709	MONDO:0011091	HGNC:9220	biolink:causes	0
0.49991015	MONDO:0011107	HGNC:7576	biolink:causes	0
0.9440283	MONDO:0011143	HGNC:1750	biolink:causes	0
0.9240747	MONDO:0011143	HGNC:7883	biolink:causes	0
0.83229977	MONDO:0011239	HGNC:13210	biolink:contributes_to	0
0.7068728	MONDO:0011239	HGNC:27089	biolink:gene_associated_with_condition	0
0.87053883	MONDO:0011239	HGNC:25223	biolink:contributes_to	0
0.4063133	MONDO:0011239	HGNC:2988	biolink:gene_associated_with_condition	0
0.9585722	MONDO:0011243	HGNC:6948	biolink:causes	0
0.93525916	MONDO:0011275	HGNC:7370	biolink:causes	0
0.9894755	MONDO:0011335	HGNC:9081	biolink:causes	0
0.66193277	MONDO:0011335	HGNC:19708	biolink:causes	0
0.62254333	MONDO:0011335	HGNC:3435	biolink:causes	0
0.045519985	MONDO:0011351	HGNC:21158	biolink:gene_associated_with_condition	0
0.9687899	MONDO:0011351	HGNC:2186	biolink:causes	0
0.93252426	MONDO:0011359	HGNC:2731	biolink:gene_associated_with_condition	0
0.82477343	MONDO:0011411	HGNC:33882	biolink:causes	0
0.025265114	MONDO:0011431	HGNC:26230	biolink:contributes_to	0
0.62927496	MONDO:0011523	HGNC:26208	biolink:causes	0
0.83969295	MONDO:0011547	HGNC:19316	biolink:causes	0
0.7127714	MONDO:0011547	HGNC:9942	biolink:causes	0
0.79402417	MONDO:0011603	HGNC:5005	biolink:gene_associated_with_condition	0
0.8591863	MONDO:0011603	HGNC:7883	biolink:causes	0
0.8728385	MONDO:0011603	HGNC:14409	biolink:causes	0
0.26127508	MONDO:0011667	HGNC:1445	biolink:causes	0
0.9342947	MONDO:0011743	HGNC:7631	biolink:gene_associated_with_condition	0
0.8616526	MONDO:0011743	HGNC:6189	biolink:causes	0
0.9959325	MONDO:0011783	HGNC:1044	biolink:gene_associated_with_condition	0
0.11566785	MONDO:0011783	HGNC:4217	biolink:causes	0
0.9651473	MONDO:0011787	HGNC:11609	biolink:causes	0
0.97081167	MONDO:0011811	HGNC:20893	biolink:causes	0
0.63363963	MONDO:0011819	HGNC:7103	biolink:gene_associated_with_condition	0
0.55814713	MONDO:0011823	HGNC:12463	biolink:gene_associated_with_condition	0
0.6115172	MONDO:0011839	HGNC:2348	biolink:gene_associated_with_condition	0
0.9769835	MONDO:0011907	HGNC:26837	biolink:causes	0
0.4084434	MONDO:0011911	HGNC:53	biolink:causes	0
0.58916616	MONDO:0011911	HGNC:20406	biolink:gene_associated_with_condition	0
0.43986762	MONDO:0011935	HGNC:28648	biolink:causes	0
0.6887766	MONDO:0011935	HGNC:18619	biolink:causes	0
0.79281497	MONDO:0011939	HGNC:18810	biolink:gene_associated_with_condition	0
0.5982064	MONDO:0011959	HGNC:4588	biolink:causes	0
0.56934553	MONDO:0011959	HGNC:14957	biolink:gene_associated_with_condition	0
0.6682891	MONDO:0011971	HGNC:8582	biolink:gene_associated_with_condition	0
0.9795681	MONDO:0012019	HGNC:4220	biolink:causes	0
0.75015026	MONDO:0012039	HGNC:29350	biolink:causes	0
0.90560955	MONDO:0012039	HGNC:7569	biolink:gene_associated_with_condition	0
0.94854546	MONDO:0012039	HGNC:8778	biolink:causes	0
0.972518	MONDO:0012039	HGNC:757	biolink:gene_associated_with_condition	0
0.8397758	MONDO:0012039	HGNC:7675	biolink:gene_associated_with_condition	0
0.44864568	MONDO:0012039	HGNC:7601	biolink:causes	0
0.94826967	MONDO:0012039	HGNC:2907	biolink:gene_associated_with_condition	0
0.2866632	MONDO:0012043	HGNC:28949	biolink:causes	0
0.94341105	MONDO:0012043	HGNC:2260	biolink:causes	0
0.98239636	MONDO:0012043	HGNC:2909	biolink:causes	0
0.39249286	MONDO:0012043	HGNC:1093	biolink:gene_associated_with_condition	0
0.96972543	MONDO:0012075	HGNC:9921	biolink:causes	0
0.70275575	MONDO:0012091	HGNC:29678	biolink:causes	0
0.2896695	MONDO:0012123	HGNC:1001	biolink:gene_associated_with_condition	0
0.9811048	MONDO:0012123	HGNC:19747	biolink:gene_associated_with_condition	0
0.9645951	MONDO:0012123	HGNC:11102	biolink:causes	0
0.9724015	MONDO:0012127	HGNC:23339	biolink:causes	0
0.98695207	MONDO:0012143	HGNC:11908	biolink:causes	0
0.6810037	MONDO:0012143	HGNC:21057	biolink:causes	0
0.6639336	MONDO:0012163	HGNC:118	biolink:gene_associated_with_condition	0
0.4253695	MONDO:0012163	HGNC:10295	biolink:causes	0
0.2227374	MONDO:0012203	HGNC:12499	biolink:causes	0
0.09043971	MONDO:0012203	HGNC:8029	biolink:causes	0
0.8637944	MONDO:0012287	HGNC:24891	biolink:causes	0
0.7817712	MONDO:0012287	HGNC:2907	biolink:gene_associated_with_condition	0
0.5895643	MONDO:0012287	HGNC:13664	biolink:causes	0
0.5134657	MONDO:0012295	HGNC:9282	biolink:causes	0
0.60261166	MONDO:0012295	HGNC:26708	biolink:causes	0
0.16041185	MONDO:0012299	HGNC:23785	biolink:gene_associated_with_condition	0
0.7228026	MONDO:0012395	HGNC:22954	biolink:causes	0
0.80919784	MONDO:0012395	HGNC:3976	biolink:causes	0
0.88212514	MONDO:0012395	HGNC:3255	biolink:gene_associated_with_condition	0
0.98696566	MONDO:0012411	HGNC:2200	biolink:causes	0
0.77027524	MONDO:0012423	HGNC:14078	biolink:causes	0
0.9609599	MONDO:0012483	HGNC:25221	biolink:gene_associated_with_condition	0
0.510765	MONDO:0012531	HGNC:28460	biolink:causes	0
0.96922696	MONDO:0012531	HGNC:6391	biolink:gene_associated_with_condition	0
0.9145907	MONDO:0012539	HGNC:57	biolink:causes	0
0.916887	MONDO:0012559	HGNC:21701	biolink:causes	0
0.61978567	MONDO:0012559	HGNC:25355	biolink:gene_associated_with_condition	0
0.45182216	MONDO:0012559	HGNC:19903	biolink:causes	0
0.9858904	MONDO:0012563	HGNC:11908	biolink:causes	0
0.68105596	MONDO:0012607	HGNC:31923	biolink:causes	0
0.040070474	MONDO:0012607	HGNC:11490	biolink:causes	0
0.9282362	MONDO:0012607	HGNC:7526	biolink:gene_associated_with_condition	0
0.97125274	MONDO:0012679	HGNC:9719	biolink:gene_associated_with_condition	0
0.84493613	MONDO:0012803	HGNC:25784	biolink:causes	0
0.92286026	MONDO:0012803	HGNC:10588	biolink:causes	0
0.6675926	MONDO:0012847	HGNC:8565	biolink:causes	0
0.98805565	MONDO:0012859	HGNC:8999	biolink:causes	0
0.8648349	MONDO:0012859	HGNC:9811	biolink:gene_associated_with_condition	0
0.92508185	MONDO:0012859	HGNC:11005	biolink:gene_associated_with_condition	0
0.97298956	MONDO:0012859	HGNC:4318	biolink:causes	0
0.7529278	MONDO:0012859	HGNC:3259	biolink:gene_associated_with_condition	0
0.13352159	MONDO:0012883	HGNC:12762	biolink:causes	0
0.255888	MONDO:0012883	HGNC:7720	biolink:causes	0
0.56456524	MONDO:0012883	HGNC:17341	biolink:gene_associated_with_condition	0
0.38239458	MONDO:0012883	HGNC:4193	biolink:causes	0
0.05715759	MONDO:0012883	HGNC:7606	biolink:causes	0
0.067667685	MONDO:0012883	HGNC:24592	biolink:causes	0
0.9364899	MONDO:0012911	HGNC:3356	biolink:gene_associated_with_condition	0
0.16703348	MONDO:0012911	HGNC:19141	biolink:causes	0
0.9822833	MONDO:0012943	HGNC:3603	biolink:causes	0
0.9568492	MONDO:0012943	HGNC:9004	biolink:causes	0
0.94178563	MONDO:0012943	HGNC:9498	biolink:gene_associated_with_condition	0
0.7847898	MONDO:0012979	HGNC:11005	biolink:gene_associated_with_condition	0
0.7816641	MONDO:0013011	HGNC:11119	biolink:causes	0
0.85457444	MONDO:0013047	HGNC:28993	biolink:causes	0
0.8931476	MONDO:0013063	HGNC:3767	biolink:causes	0
0.69457024	MONDO:0013083	HGNC:6487	biolink:gene_associated_with_condition	0
0.95281315	MONDO:0013083	HGNC:4208	biolink:causes	0
0.97706956	MONDO:0013111	HGNC:29433	biolink:causes	0
0.7106286	MONDO:0013119	HGNC:26532	biolink:gene_associated_with_condition	0
0.84494287	MONDO:0013171	HGNC:18626	biolink:causes	0
0.9811669	MONDO:0013171	HGNC:4261	biolink:causes	0
0.29918173	MONDO:0013195	HGNC:11762	biolink:causes	0
0.13469137	MONDO:0013235	HGNC:29536	biolink:causes	0
0.85789406	MONDO:0013243	HGNC:11018	biolink:causes	0
0.9688448	MONDO:0013243	HGNC:20893	biolink:causes	0
0.7862472	MONDO:0013315	HGNC:6115	biolink:causes	0
0.998116	MONDO:0013323	HGNC:1044	biolink:causes	0
0.96633875	MONDO:0013323	HGNC:11771	biolink:gene_associated_with_condition	0
0.9010054	MONDO:0013351	HGNC:6595	biolink:causes	0
0.6515989	MONDO:0013367	HGNC:11427	biolink:causes	0
0.8104768	MONDO:0013391	HGNC:30171	biolink:causes	0
0.7670257	MONDO:0013391	HGNC:2714	biolink:causes	0
0.98017085	MONDO:0013431	HGNC:4177	biolink:causes	0
0.9888503	MONDO:0013431	HGNC:7945	biolink:causes	0
0.79138124	MONDO:0013487	HGNC:951	biolink:causes	0
0.4754132	MONDO:0013487	HGNC:12450	biolink:gene_associated_with_condition	0
0.9528654	MONDO:0013507	HGNC:1097	biolink:causes	0
0.8671667	MONDO:0013507	HGNC:23625	biolink:causes	0
0.43847933	MONDO:0013531	HGNC:385	biolink:gene_associated_with_condition	0
0.9057387	MONDO:0013531	HGNC:6898	biolink:causes	0
0.62233603	MONDO:0013531	HGNC:11019	biolink:gene_associated_with_condition	0
0.63855535	MONDO:0013551	HGNC:5394	biolink:causes	0
0.54744834	MONDO:0013551	HGNC:4887	biolink:gene_associated_with_condition	0
0.97811115	MONDO:0013559	HGNC:26270	biolink:causes	0
0.31762725	MONDO:0013587	HGNC:3801	biolink:gene_associated_with_condition	0
0.9167206	MONDO:0013587	HGNC:25751	biolink:gene_associated_with_condition	0
0.96690047	MONDO:0013587	HGNC:24270	biolink:causes	0
0.8225914	MONDO:0013587	HGNC:11623	biolink:causes	0
0.024374148	MONDO:0013587	HGNC:8117	biolink:gene_associated_with_condition	0
0.7022249	MONDO:0013607	HGNC:10289	biolink:causes	0
0.7741081	MONDO:0013607	HGNC:6407	biolink:causes	0
0.813287	MONDO:0013679	HGNC:29165	biolink:causes	0
0.87389946	MONDO:0013711	HGNC:29561	biolink:causes	0
0.58829	MONDO:0013711	HGNC:6954	biolink:causes	0
0.87712127	MONDO:0013719	HGNC:9086	biolink:gene_associated_with_condition	0
0.24289353	MONDO:0013743	HGNC:25839	biolink:gene_associated_with_condition	0
0.8531633	MONDO:0013767	HGNC:26239	biolink:causes	0
0.88137674	MONDO:0013795	HGNC:21424	biolink:causes	0
0.467538	MONDO:0013839	HGNC:10719	biolink:causes	0
0.89604956	MONDO:0013843	HGNC:6814	biolink:gene_associated_with_condition	0
0.80087954	MONDO:0013843	HGNC:31527	biolink:causes	0
0.9856295	MONDO:0013851	HGNC:26270	biolink:gene_associated_with_condition	0
0.66942966	MONDO:0013891	HGNC:11630	biolink:gene_associated_with_condition	0
0.42478085	MONDO:0013907	HGNC:11596	biolink:gene_associated_with_condition	0
0.9799748	MONDO:0013927	HGNC:19088	biolink:causes	0
0.89562696	MONDO:0013991	HGNC:1371	biolink:gene_associated_with_condition	0
0.4816724	MONDO:0013999	HGNC:10593	biolink:contributes_to	0
0.27038392	MONDO:0014027	HGNC:7450	biolink:gene_associated_with_condition	0
0.7360294	MONDO:0014039	HGNC:29682	biolink:causes	0
0.9079144	MONDO:0014039	HGNC:11957	biolink:gene_associated_with_condition	0
0.62900066	MONDO:0014115	HGNC:494	biolink:causes	0
0.50318587	MONDO:0014131	HGNC:16951	biolink:causes	0
0.666744	MONDO:0014131	HGNC:132	biolink:gene_associated_with_condition	0
0.8805376	MONDO:0014131	HGNC:6284	biolink:gene_associated_with_condition	0
0.6995704	MONDO:0014135	HGNC:10387	biolink:gene_associated_with_condition	0
0.54737145	MONDO:0014159	HGNC:10256	biolink:causes	0
0.93566674	MONDO:0014159	HGNC:1839	biolink:causes	0
0.9947719	MONDO:0014203	HGNC:4713	biolink:causes	0
0.97559625	MONDO:0014211	HGNC:2200	biolink:gene_associated_with_condition	0
0.5217066	MONDO:0014211	HGNC:7782	biolink:causes	0
0.9723551	MONDO:0014227	HGNC:23088	biolink:causes	0
0.9644261	MONDO:0014227	HGNC:6654	biolink:gene_associated_with_condition	0
0.2956182	MONDO:0014267	HGNC:10941	biolink:causes	0
0.94706774	MONDO:0014267	HGNC:3689	biolink:causes	0
0.90991	MONDO:0014311	HGNC:26708	biolink:causes	0
0.823614	MONDO:0014311	HGNC:4023	biolink:causes	0
0.4370672	MONDO:0014319	HGNC:3706	biolink:gene_associated_with_condition	0
0.82487	MONDO:0014327	HGNC:9965	biolink:gene_associated_with_condition	0
0.56190175	MONDO:0014327	HGNC:10701	biolink:causes	0
0.23966858	MONDO:0014327	HGNC:6315	biolink:causes	0
0.8597004	MONDO:0014327	HGNC:6831	biolink:gene_associated_with_condition	0
0.7051417	MONDO:0014339	HGNC:31088	biolink:contributes_to	0
0.10111552	MONDO:0014339	HGNC:19309	biolink:causes	0
0.8447866	MONDO:0014339	HGNC:3257	biolink:causes	0
0.93521756	MONDO:0014343	HGNC:3584	biolink:causes	0
0.96089923	MONDO:0014343	HGNC:4162	biolink:gene_associated_with_condition	0
0.9811109	MONDO:0014343	HGNC:4177	biolink:causes	0
0.9636971	MONDO:0014343	HGNC:24587	biolink:causes	0
0.947699	MONDO:0014343	HGNC:5385	biolink:causes	0
0.9868749	MONDO:0014343	HGNC:9853	biolink:causes	0
0.93192154	MONDO:0014343	HGNC:6541	biolink:gene_associated_with_condition	0
0.87498224	MONDO:0014343	HGNC:25240	biolink:causes	0
0.9606017	MONDO:0014343	HGNC:573	biolink:causes	0
0.9437136	MONDO:0014343	HGNC:620	biolink:gene_associated_with_condition	0
0.8773951	MONDO:0014343	HGNC:14103	biolink:gene_associated_with_condition	0
0.7351674	MONDO:0014343	HGNC:13356	biolink:causes	0
0.8955525	MONDO:0014343	HGNC:6970	biolink:causes	0
0.70531666	MONDO:0014343	HGNC:7821	biolink:gene_associated_with_condition	0
0.9310893	MONDO:0014343	HGNC:7983	biolink:causes	0
0.9270261	MONDO:0014343	HGNC:12703	biolink:gene_associated_with_condition	0
0.6032494	MONDO:0014343	HGNC:10939	biolink:gene_associated_with_condition	0
0.69486636	MONDO:0014343	HGNC:25355	biolink:gene_associated_with_condition	0
0.7921817	MONDO:0014343	HGNC:1331	biolink:causes	0
0.9017067	MONDO:0014343	HGNC:1529	biolink:causes	0
0.60828626	MONDO:0014343	HGNC:1542	biolink:causes	0
0.68028533	MONDO:0014343	HGNC:11167	biolink:causes	0
0.8154198	MONDO:0014343	HGNC:10780	biolink:causes	0
0.95924497	MONDO:0014343	HGNC:24316	biolink:causes	0
0.8814099	MONDO:0014343	HGNC:11600	biolink:causes	0
0.9690132	MONDO:0014343	HGNC:28128	biolink:causes	0
0.94961584	MONDO:0014343	HGNC:20778	biolink:causes	0
0.9658632	MONDO:0014343	HGNC:25928	biolink:gene_associated_with_condition	0
0.84542024	MONDO:0014343	HGNC:26708	biolink:causes	0
0.5788341	MONDO:0014343	HGNC:2771	biolink:gene_associated_with_condition	0
0.9735999	MONDO:0014343	HGNC:2021	biolink:causes	0
0.9165212	MONDO:0014343	HGNC:16947	biolink:gene_associated_with_condition	0
0.9721388	MONDO:0014343	HGNC:132	biolink:gene_associated_with_condition	0
0.9775278	MONDO:0014343	HGNC:3702	biolink:causes	0
0.48841262	MONDO:0014343	HGNC:3816	biolink:causes	0
0.8961993	MONDO:0014343	HGNC:3951	biolink:causes	0
0.9645224	MONDO:0014343	HGNC:4824	biolink:causes	0
0.8763318	MONDO:0014343	HGNC:5208	biolink:causes	0
0.99618596	MONDO:0014343	HGNC:5382	biolink:gene_associated_with_condition	0
0.9386907	MONDO:0014343	HGNC:6091	biolink:causes	0
0.9386907	MONDO:0014343	HGNC:6091	biolink:gene_associated_with_condition	0
0.8632709	MONDO:0014343	HGNC:6186	biolink:causes	0
0.98874927	MONDO:0014343	HGNC:7132	biolink:gene_associated_with_condition	0
0.94908637	MONDO:0014343	HGNC:6501	biolink:causes	0
0.90451884	MONDO:0014343	HGNC:18712	biolink:gene_associated_with_condition	0
0.968458	MONDO:0014343	HGNC:6990	biolink:gene_associated_with_condition	0
0.93756133	MONDO:0014343	HGNC:14575	biolink:gene_associated_with_condition	0
0.96165735	MONDO:0014343	HGNC:7488	biolink:causes	0
0.9963987	MONDO:0014343	HGNC:7632	biolink:gene_associated_with_condition	0
0.4433996	MONDO:0014343	HGNC:9936	biolink:gene_associated_with_condition	0
0.8704689	MONDO:0014343	HGNC:9142	biolink:gene_associated_with_condition	0
0.9981844	MONDO:0014343	HGNC:9608	biolink:gene_associated_with_condition	0
0.94701385	MONDO:0014343	HGNC:10560	biolink:causes	0
0.9320697	MONDO:0014343	HGNC:9922	biolink:gene_associated_with_condition	0
0.92005974	MONDO:0014343	HGNC:17296	biolink:causes	0
0.99622154	MONDO:0014343	HGNC:19440	biolink:gene_associated_with_condition	0
0.9143129	MONDO:0014343	HGNC:10809	biolink:gene_associated_with_condition	0
0.4542762	MONDO:0014343	HGNC:11490	biolink:causes	0
0.96353877	MONDO:0014343	HGNC:23656	biolink:gene_associated_with_condition	0
0.97248274	MONDO:0014343	HGNC:20456	biolink:causes	0
0.8338386	MONDO:0014343	HGNC:20087	biolink:causes	0
0.921983	MONDO:0014343	HGNC:20439	biolink:gene_associated_with_condition	0
0.70776105	MONDO:0014343	HGNC:12781	biolink:causes	0
0.85199755	MONDO:0014343	HGNC:1952	biolink:gene_associated_with_condition	0
0.96216583	MONDO:0014343	HGNC:2478	biolink:causes	0
0.8426828	MONDO:0014343	HGNC:21493	biolink:causes	0
0.9980731	MONDO:0014343	HGNC:3005	biolink:gene_associated_with_condition	0
0.96186596	MONDO:0014343	HGNC:3694	biolink:gene_associated_with_condition	0
0.9573617	MONDO:0014343	HGNC:4431	biolink:causes	0
0.9950305	MONDO:0014343	HGNC:15808	biolink:gene_associated_with_condition	0
0.93001574	MONDO:0014343	HGNC:4718	biolink:causes	0
0.94976246	MONDO:0014343	HGNC:4823	biolink:causes	0
0.74216634	MONDO:0014343	HGNC:23302	biolink:causes	0
0.8521319	MONDO:0014343	HGNC:6315	biolink:causes	0
0.9397836	MONDO:0014343	HGNC:22219	biolink:causes	0
0.9961798	MONDO:0014343	HGNC:6831	biolink:gene_associated_with_condition	0
0.88969946	MONDO:0014343	HGNC:2375	biolink:gene_associated_with_condition	0
0.88004273	MONDO:0014343	HGNC:16352	biolink:causes	0
0.90022653	MONDO:0014343	HGNC:8618	biolink:contributes_to	0
0.3848996	MONDO:0014343	HGNC:9046	biolink:gene_associated_with_condition	0
0.92305446	MONDO:0014343	HGNC:9236	biolink:gene_associated_with_condition	0
0.7583162	MONDO:0014343	HGNC:9402	biolink:causes	0
0.9490573	MONDO:0014343	HGNC:17964	biolink:causes	0
0.7288544	MONDO:0014343	HGNC:25964	biolink:causes	0
0.9701885	MONDO:0014343	HGNC:10590	biolink:causes	0
0.93830764	MONDO:0014343	HGNC:11071	biolink:causes	0
0.9443397	MONDO:0014343	HGNC:1449	biolink:causes	0
0.6283173	MONDO:0014343	HGNC:11596	biolink:causes	0
0.9982521	MONDO:0014343	HGNC:20324	biolink:gene_associated_with_condition	0
0.831838	MONDO:0014343	HGNC:11949	biolink:gene_associated_with_condition	0
0.9350519	MONDO:0014343	HGNC:2505	biolink:gene_associated_with_condition	0
0.9737829	MONDO:0014343	HGNC:20603	biolink:causes	0
0.99633765	MONDO:0014343	HGNC:3133	biolink:gene_associated_with_condition	0
0.82564485	MONDO:0014343	HGNC:3259	biolink:gene_associated_with_condition	0
0.9727486	MONDO:0014343	HGNC:28957	biolink:gene_associated_with_condition	0
0.9374793	MONDO:0014343	HGNC:68	biolink:causes	0
0.9292752	MONDO:0014343	HGNC:17097	biolink:causes	0
0.97142315	MONDO:0014343	HGNC:3583	biolink:causes	0
0.91408396	MONDO:0014343	HGNC:4313	biolink:gene_associated_with_condition	0
0.5050986	MONDO:0014343	HGNC:6554	biolink:gene_associated_with_condition	0
0.9604221	MONDO:0014343	HGNC:23038	biolink:gene_associated_with_condition	0
0.6670558	MONDO:0014343	HGNC:6709	biolink:contributes_to	0
0.8994605	MONDO:0014343	HGNC:6735	biolink:causes	0
0.9888995	MONDO:0014343	HGNC:7883	biolink:gene_associated_with_condition	0
0.956045	MONDO:0014343	HGNC:8547	biolink:causes	0
0.95306104	MONDO:0014343	HGNC:26144	biolink:contributes_to	0
0.43864998	MONDO:0014343	HGNC:9220	biolink:causes	0
0.35602105	MONDO:0014343	HGNC:25415	biolink:gene_associated_with_condition	0
0.9980136	MONDO:0014343	HGNC:19129	biolink:gene_associated_with_condition	0
0.92621267	MONDO:0014343	HGNC:961	biolink:gene_associated_with_condition	0
0.8073527	MONDO:0014343	HGNC:23089	biolink:causes	0
0.24484389	MONDO:0014343	HGNC:18628	biolink:causes	0
0.13466431	MONDO:0014343	HGNC:8117	biolink:gene_associated_with_condition	0
0.9474922	MONDO:0014343	HGNC:11771	biolink:causes	0
0.6747283	MONDO:0014343	HGNC:23700	biolink:causes	0
0.9671728	MONDO:0014343	HGNC:12403	biolink:gene_associated_with_condition	0
0.75045305	MONDO:0014343	HGNC:12597	biolink:causes	0
0.93700045	MONDO:0014343	HGNC:12666	biolink:causes	0
0.7274066	MONDO:0014343	HGNC:26790	biolink:causes	0
0.45887536	MONDO:0014343	HGNC:4888	biolink:gene_associated_with_condition	0
0.93285966	MONDO:0014343	HGNC:2213	biolink:causes	0
0.9486474	MONDO:0014343	HGNC:2858	biolink:causes	0
0.6899473	MONDO:0014343	HGNC:2950	biolink:causes	0
0.8786667	MONDO:0014343	HGNC:3239	biolink:causes	0
0.41835093	MONDO:0014383	HGNC:11100	biolink:causes	0
0.8010524	MONDO:0014419	HGNC:15646	biolink:gene_associated_with_condition	0
0.9697785	MONDO:0014419	HGNC:11944	biolink:causes	0
0.4696606	MONDO:0014447	HGNC:7892	biolink:causes	0
0.9596341	MONDO:0014455	HGNC:9175	biolink:causes	0
0.9357137	MONDO:0014455	HGNC:10809	biolink:gene_associated_with_condition	0
0.69937557	MONDO:0014487	HGNC:15456	biolink:causes	0
0.651659	MONDO:0014487	HGNC:7230	biolink:causes	0
0.9458775	MONDO:0014487	HGNC:24281	biolink:causes	0
0.18872069	MONDO:0014487	HGNC:9864	biolink:causes	0
0.968733	MONDO:0014507	HGNC:9056	biolink:causes	0
0.8021738	MONDO:0014539	HGNC:17210	biolink:gene_associated_with_condition	0
0.6342843	MONDO:0014551	HGNC:6010	biolink:causes	0
0.621135	MONDO:0014583	HGNC:6365	biolink:causes	0
0.34260976	MONDO:0014603	HGNC:17116	biolink:causes	0
0.9887861	MONDO:0014619	HGNC:6909	biolink:causes	0
0.9403411	MONDO:0014627	HGNC:8778	biolink:causes	0
0.95158875	MONDO:0014635	HGNC:4263	biolink:gene_associated_with_condition	0
0.91957736	MONDO:0014711	HGNC:11184	biolink:causes	0
0.9684332	MONDO:0014735	HGNC:3513	biolink:causes	0
0.8312853	MONDO:0014747	HGNC:7473	biolink:gene_associated_with_condition	0
0.9873399	MONDO:0014771	HGNC:7060	biolink:causes	0
0.9781505	MONDO:0014771	HGNC:449	biolink:causes	0
0.9448857	MONDO:0014779	HGNC:24587	biolink:causes	0
0.97174734	MONDO:0014783	HGNC:29932	biolink:gene_associated_with_condition	0
0.8250274	MONDO:0014803	HGNC:11766	biolink:causes	0
0.46058238	MONDO:0014803	HGNC:6998	biolink:gene_associated_with_condition	0
0.95534885	MONDO:0014823	HGNC:29508	biolink:causes	0
0.9635721	MONDO:0014823	HGNC:6055	biolink:causes	0
0.9497797	MONDO:0014883	HGNC:30225	biolink:gene_associated_with_condition	0
0.66370934	MONDO:0014883	HGNC:20439	biolink:gene_associated_with_condition	0
0.9834557	MONDO:0014887	HGNC:24861	biolink:causes	0
0.70996815	MONDO:0014899	HGNC:12713	biolink:causes	0
0.9777388	MONDO:0014899	HGNC:23287	biolink:causes	0
0.91482604	MONDO:0014899	HGNC:319	biolink:causes	0
0.20740472	MONDO:0014899	HGNC:11724	biolink:causes	0
0.8772175	MONDO:0014927	HGNC:3754	biolink:causes	0
0.8409535	MONDO:0014927	HGNC:7436	biolink:gene_associated_with_condition	0
0.5098708	MONDO:0014947	HGNC:9658	biolink:gene_associated_with_condition	0
0.5522394	MONDO:0014963	HGNC:3260	biolink:gene_associated_with_condition	0
0.963429	MONDO:0014963	HGNC:219	biolink:causes	0
0.81575537	MONDO:0014995	HGNC:12511	biolink:gene_associated_with_condition	0
0.9824655	MONDO:0014995	HGNC:7944	biolink:causes	0
0.57987165	MONDO:0014995	HGNC:24592	biolink:causes	0
0.90121514	MONDO:0015003	HGNC:18084	biolink:causes	0
0.9757211	MONDO:0015003	HGNC:8940	biolink:causes	0
0.31585988	MONDO:0015007	HGNC:30171	biolink:causes	0
0.9566987	MONDO:0015007	HGNC:28261	biolink:causes	0
0.92807305	MONDO:0015283	HGNC:5383	biolink:gene_associated_with_condition	0
0.96747947	MONDO:0015519	HGNC:3671	biolink:gene_associated_with_condition	0
0.9619092	MONDO:0015519	HGNC:23805	biolink:gene_associated_with_condition	0
0.94607174	MONDO:0015519	HGNC:11908	biolink:causes	0
0.8507348	MONDO:0015519	HGNC:2518	biolink:causes	0
0.9805093	MONDO:0015519	HGNC:12877	biolink:gene_associated_with_condition	0
0.42252403	MONDO:0015555	HGNC:9986	biolink:causes	0
0.737779	MONDO:0015631	HGNC:24097	biolink:causes	0
0.10057177	MONDO:0015635	HGNC:3219	biolink:causes	0
0.84195733	MONDO:0015679	HGNC:8979	biolink:causes	0
0.19187032	MONDO:0015783	HGNC:4688	biolink:causes	0
0.8962752	MONDO:0015783	HGNC:27302	biolink:gene_associated_with_condition	0
0.81865925	MONDO:0015783	HGNC:17321	biolink:gene_associated_with_condition	0
0.9249473	MONDO:0015783	HGNC:20967	biolink:gene_associated_with_condition	0
0.65785545	MONDO:0015783	HGNC:14967	biolink:causes	0
0.34036836	MONDO:0016103	HGNC:8008	biolink:causes	0
0.829436	MONDO:0016103	HGNC:19661	biolink:causes	0
0.91758925	MONDO:0016163	HGNC:12771	biolink:causes	0
0.91085535	MONDO:0016355	HGNC:3754	biolink:gene_associated_with_condition	0
0.35835344	MONDO:0016395	HGNC:26200	biolink:gene_associated_with_condition	0
0.73140967	MONDO:0016539	HGNC:11992	biolink:causes	0
0.31560993	MONDO:0016563	HGNC:8574	biolink:gene_associated_with_condition	0
0.77702445	MONDO:0016563	HGNC:21307	biolink:causes	0
0.9741708	MONDO:0016563	HGNC:14415	biolink:causes	0
0.46753696	MONDO:0016579	HGNC:11480	biolink:causes	0
0.29408383	MONDO:0016579	HGNC:9577	biolink:causes	0
0.40609914	MONDO:0016579	HGNC:14415	biolink:causes	0
0.1821438	MONDO:0016703	HGNC:1514	biolink:causes	0
0.09591486	MONDO:0016703	HGNC:24071	biolink:causes	0
0.95830345	MONDO:0016783	HGNC:2227	biolink:causes	0
0.02015741	MONDO:0016839	HGNC:11828	biolink:causes	0
0.13699229	MONDO:0016863	HGNC:8654	biolink:gene_associated_with_condition	0
0.2650202	MONDO:0016863	HGNC:10588	biolink:gene_associated_with_condition	0
0.83130217	MONDO:0017051	HGNC:3438	biolink:gene_associated_with_condition	0
0.8761423	MONDO:0017051	HGNC:9118	biolink:gene_associated_with_condition	0
0.58917207	MONDO:0017111	HGNC:2309	biolink:gene_associated_with_condition	0
0.32107556	MONDO:0017111	HGNC:10683	biolink:causes	0
0.51507014	MONDO:0017111	HGNC:5383	biolink:causes	0
0.86306554	MONDO:0017111	HGNC:20967	biolink:gene_associated_with_condition	0
0.19394262	MONDO:0017111	HGNC:14409	biolink:causes	0
0.28595358	MONDO:0017283	HGNC:19309	biolink:causes	0
0.8323706	MONDO:0017283	HGNC:7102	biolink:causes	0
0.771201	MONDO:0017403	HGNC:4170	biolink:gene_associated_with_condition	0
0.9743158	MONDO:0017403	HGNC:4331	biolink:causes	0
0.9790639	MONDO:0017403	HGNC:20773	biolink:gene_associated_with_condition	0
0.9835315	MONDO:0017407	HGNC:2200	biolink:causes	0
0.22571999	MONDO:0017683	HGNC:3012	biolink:causes	0
0.40610933	MONDO:0017683	HGNC:18286	biolink:causes	0
0.30255356	MONDO:0017683	HGNC:1966	biolink:causes	0
0.07210136	MONDO:0017691	HGNC:9119	biolink:causes	0
0.8821324	MONDO:0017715	HGNC:4801	biolink:gene_associated_with_condition	0
0.9868275	MONDO:0017715	HGNC:6664	biolink:causes	0
0.850399	MONDO:0017715	HGNC:23656	biolink:gene_associated_with_condition	0
0.95031637	MONDO:0017715	HGNC:30074	biolink:gene_associated_with_condition	0
0.8900164	MONDO:0017811	HGNC:10295	biolink:causes	0
0.707957	MONDO:0017811	HGNC:15578	biolink:causes	0
0.97545654	MONDO:0017935	HGNC:10590	biolink:causes	0
0.8314723	MONDO:0017939	HGNC:4824	biolink:gene_associated_with_condition	0
0.9296278	MONDO:0017947	HGNC:6717	biolink:causes	0
0.6786724	MONDO:0017947	HGNC:25686	biolink:causes	0
0.9473039	MONDO:0017947	HGNC:24519	biolink:causes	0
0.55976754	MONDO:0017947	HGNC:3259	biolink:gene_associated_with_condition	0
0.6663602	MONDO:0018015	HGNC:20134	biolink:causes	0
0.9417206	MONDO:0018023	HGNC:2590	biolink:causes	0
0.6082219	MONDO:0018055	HGNC:11730	biolink:causes	0
0.9148377	MONDO:0018131	HGNC:6342	biolink:gene_associated_with_condition	0
0.82485783	MONDO:0018419	HGNC:4023	biolink:causes	0
0.27731055	MONDO:0018435	HGNC:21197	biolink:causes	0
0.987259	MONDO:0018443	HGNC:2219	biolink:causes	0
0.9724372	MONDO:0018495	HGNC:9180	biolink:causes	0
0.9410003	MONDO:0018611	HGNC:779	biolink:causes	0
0.78514147	MONDO:0018611	HGNC:17211	biolink:causes	0
0.6650598	MONDO:0018611	HGNC:4832	biolink:gene_associated_with_condition	0
0.89090675	MONDO:0018611	HGNC:30171	biolink:causes	0
0.94114554	MONDO:0018611	HGNC:2379	biolink:gene_associated_with_condition	0
0.6530428	MONDO:0018763	HGNC:8574	biolink:gene_associated_with_condition	0
0.47740188	MONDO:0018875	HGNC:27365	biolink:causes	0
0.9461321	MONDO:0018931	HGNC:20893	biolink:causes	0
0.8040796	MONDO:0019107	HGNC:14202	biolink:causes	0
0.8954154	MONDO:0019123	HGNC:11301	biolink:gene_associated_with_condition	0
0.77705866	MONDO:0019123	HGNC:14304	biolink:causes	0
0.5779389	MONDO:0019407	HGNC:10852	biolink:causes	0
0.7370199	MONDO:0019475	HGNC:6254	biolink:causes	0
0.5024094	MONDO:0019635	HGNC:17321	biolink:causes	0
0.28066397	MONDO:0019767	HGNC:6944	biolink:causes	0
0.5293747	MONDO:0019767	HGNC:1161	biolink:gene_associated_with_condition	0
0.9622934	MONDO:0019855	HGNC:9965	biolink:gene_associated_with_condition	0
0.917796	MONDO:0019855	HGNC:10664	biolink:causes	0
0.20162469	MONDO:0019855	HGNC:3616	biolink:contributes_to	0
0.9508445	MONDO:0019855	HGNC:7526	biolink:gene_associated_with_condition	0
0.60525244	MONDO:0019855	HGNC:14000	biolink:causes	0
0.9234185	MONDO:0019947	HGNC:9990	biolink:causes	0
0.41296786	MONDO:0019947	HGNC:5394	biolink:gene_associated_with_condition	0
0.7183464	MONDO:0019947	HGNC:2227	biolink:causes	0
0.22483331	MONDO:0019947	HGNC:7675	biolink:gene_associated_with_condition	0
0.90134406	MONDO:0019947	HGNC:11944	biolink:causes	0
0.74105	MONDO:0020507	HGNC:620	biolink:gene_associated_with_condition	0
0.7761789	MONDO:0020507	HGNC:5394	biolink:causes	0
0.46171048	MONDO:0020507	HGNC:11427	biolink:causes	0
0.976024	MONDO:0020507	HGNC:12309	biolink:causes	0
0.5076452	MONDO:0020507	HGNC:18603	biolink:gene_associated_with_condition	0
0.898702	MONDO:0020563	HGNC:7871	biolink:gene_associated_with_condition	0
0.48693323	MONDO:0020603	HGNC:132	biolink:causes	0
0.6781924	MONDO:0020603	HGNC:10771	biolink:gene_associated_with_condition	0
0.8577345	MONDO:0020607	HGNC:236	biolink:causes	0
0.010241199	MONDO:0020611	HGNC:6207	biolink:gene_associated_with_condition	0
0.011161041	MONDO:0020619	HGNC:9967	biolink:causes	0
0.89869297	MONDO:0020631	HGNC:360	biolink:gene_associated_with_condition	0
0.17535295	MONDO:0020715	HGNC:2359	biolink:gene_associated_with_condition	0
0.9840215	MONDO:0020727	HGNC:2201	biolink:causes	0
0.9753245	MONDO:0020787	HGNC:3690	biolink:gene_associated_with_condition	0
0.722709	MONDO:0020787	HGNC:6427	biolink:gene_associated_with_condition	0
0.95611054	MONDO:0020849	HGNC:9921	biolink:causes	0
0.77944756	MONDO:0020849	HGNC:17098	biolink:causes	0
0.85671484	MONDO:0021019	HGNC:9280	biolink:causes	0
0.9397305	MONDO:0021019	HGNC:11102	biolink:causes	0
0.9212892	MONDO:0021093	HGNC:12762	biolink:causes	0
0.9813703	MONDO:0021093	HGNC:7883	biolink:causes	0
0.9405511	MONDO:0021571	HGNC:7944	biolink:causes	0
0.87109387	MONDO:0023662	HGNC:5173	biolink:causes	0
0.9201418	MONDO:0024309	HGNC:6595	biolink:causes	0
0.11930688	MONDO:0024541	HGNC:738	biolink:gene_associated_with_condition	0
0.8737196	MONDO:0024541	HGNC:13356	biolink:causes	0
0.874932	MONDO:0024541	HGNC:4173	biolink:gene_associated_with_condition	0
0.9937883	MONDO:0024541	HGNC:8857	biolink:gene_associated_with_condition	0
0.934518	MONDO:0024553	HGNC:3754	biolink:gene_associated_with_condition	0
0.9478425	MONDO:0024557	HGNC:17341	biolink:gene_associated_with_condition	0
0.11584743	MONDO:0025354	HGNC:1331	biolink:causes	0
0.6034619	MONDO:0025354	HGNC:1445	biolink:causes	0
0.7541637	MONDO:0025354	HGNC:11828	biolink:causes	0
0.8991271	MONDO:0025354	HGNC:27337	biolink:causes	0
0.78837204	MONDO:0025354	HGNC:28991	biolink:causes	0
0.7834347	MONDO:0026733	HGNC:6257	biolink:causes	0
0.6709884	MONDO:0026733	HGNC:13203	biolink:causes	0
0.9945813	MONDO:0026733	HGNC:19747	biolink:gene_associated_with_condition	0
0.13041808	MONDO:0026777	HGNC:25839	biolink:gene_associated_with_condition	0
0.7505485	MONDO:0026777	HGNC:3255	biolink:gene_associated_with_condition	0
0.90910715	MONDO:0029465	HGNC:123	biolink:causes	0
0.45507255	MONDO:0030007	HGNC:4798	biolink:contributes_to	0
0.6098463	MONDO:0030060	HGNC:6192	biolink:gene_associated_with_condition	0
0.99101186	MONDO:0030060	HGNC:7060	biolink:gene_associated_with_condition	0
0.9685704	MONDO:0030366	HGNC:24861	biolink:causes	0
0.26022446	MONDO:0030366	HGNC:10009	biolink:gene_associated_with_condition	0
0.8530709	MONDO:0030366	HGNC:2505	biolink:gene_associated_with_condition	0
0.8634903	MONDO:0030457	HGNC:14508	biolink:causes	0
0.7460761	MONDO:0030457	HGNC:14539	biolink:contributes_to	0
0.97282416	MONDO:0030457	HGNC:4220	biolink:gene_associated_with_condition	0
0.7907272	MONDO:0030619	HGNC:388	biolink:gene_associated_with_condition	0
0.9717307	MONDO:0030619	HGNC:4319	biolink:causes	0
0.5787568	MONDO:0030619	HGNC:10593	biolink:contributes_to	0
0.9550379	MONDO:0030905	HGNC:3999	biolink:gene_associated_with_condition	0
0.86298317	MONDO:0030905	HGNC:26114	biolink:causes	0
0.72078973	MONDO:0030987	HGNC:7010	biolink:gene_associated_with_condition	0
0.8596167	MONDO:0030987	HGNC:3823	biolink:causes	0
0.779151	MONDO:0030995	HGNC:24552	biolink:causes	0
0.6238475	MONDO:0030995	HGNC:25705	biolink:causes	0
0.8216825	MONDO:0031446	HGNC:26708	biolink:causes	0
0.6606871	MONDO:0031446	HGNC:12851	biolink:gene_associated_with_condition	0
0.8833874	MONDO:0032577	HGNC:9177	biolink:causes	0
0.6667614	MONDO:0032577	HGNC:11654	biolink:causes	0
0.8422441	MONDO:0032581	HGNC:2514	biolink:causes	0
0.5045526	MONDO:0032592	HGNC:620	biolink:gene_associated_with_condition	0
0.91906846	MONDO:0032592	HGNC:16133	biolink:causes	0
0.74439365	MONDO:0032592	HGNC:1375	biolink:causes	0
0.9541868	MONDO:0032611	HGNC:2194	biolink:gene_associated_with_condition	0
0.08733448	MONDO:0032677	HGNC:6120	biolink:gene_associated_with_condition	0
0.98876685	MONDO:0032677	HGNC:2200	biolink:causes	0
0.9387382	MONDO:0032677	HGNC:9921	biolink:causes	0
0.97466284	MONDO:0032677	HGNC:8857	biolink:gene_associated_with_condition	0
0.9917361	MONDO:0032687	HGNC:9202	biolink:gene_associated_with_condition	0
0.7939586	MONDO:0032723	HGNC:21474	biolink:causes	0
0.83796644	MONDO:0032728	HGNC:6842	biolink:causes	0
0.6344486	MONDO:0032728	HGNC:7881	biolink:causes	0
0.035105843	MONDO:0032781	HGNC:7634	biolink:gene_associated_with_condition	0
0.6680034	MONDO:0032817	HGNC:8091	biolink:gene_associated_with_condition	0
0.08681943	MONDO:0032817	HGNC:11598	biolink:gene_associated_with_condition	0
0.9905743	MONDO:0032855	HGNC:13315	biolink:gene_associated_with_condition	0
0.9939872	MONDO:0032855	HGNC:1786	biolink:causes	0
0.94429034	MONDO:0032868	HGNC:11769	biolink:causes	0
0.7984746	MONDO:0032868	HGNC:1919	biolink:gene_associated_with_condition	0
0.90575695	MONDO:0032868	HGNC:18141	biolink:causes	0
0.92080337	MONDO:0032868	HGNC:25774	biolink:causes	0
0.9873433	MONDO:0032872	HGNC:11582	biolink:gene_associated_with_condition	0
0.9961366	MONDO:0032888	HGNC:26270	biolink:causes	0
0.6265201	MONDO:0032892	HGNC:14304	biolink:causes	0
0.9666091	MONDO:0032900	HGNC:90	biolink:gene_associated_with_condition	0
0.3529747	MONDO:0032904	HGNC:9236	biolink:gene_associated_with_condition	0
0.989185	MONDO:0032924	HGNC:719	biolink:causes	0
0.6630713	MONDO:0032933	HGNC:4392	biolink:gene_associated_with_condition	0
0.80725497	MONDO:0032937	HGNC:18124	biolink:causes	0
0.99188364	MONDO:0032937	HGNC:25712	biolink:gene_associated_with_condition	0
0.83993214	MONDO:0032937	HGNC:28991	biolink:causes	0
0.99120027	MONDO:0033009	HGNC:14974	biolink:causes	0
0.97651154	MONDO:0033045	HGNC:18591	biolink:causes	0
0.23848732	MONDO:0033045	HGNC:12299	biolink:gene_associated_with_condition	0
0.76283514	MONDO:0033259	HGNC:6235	biolink:causes	0
0.89579606	MONDO:0033533	HGNC:12565	biolink:causes	0
0.7966205	MONDO:0033533	HGNC:7652	biolink:gene_associated_with_condition	0
0.8331523	MONDO:0033542	HGNC:18621	biolink:causes	0
0.85143876	MONDO:0033542	HGNC:6407	biolink:causes	0
0.49823883	MONDO:0033559	HGNC:4678	biolink:causes	0
0.92172104	MONDO:0033668	HGNC:7572	biolink:gene_associated_with_condition	0
0.3180876	MONDO:0034991	HGNC:11020	biolink:causes	0
0.93452704	MONDO:0035472	HGNC:7437	biolink:causes	0
0.8260676	MONDO:0037149	HGNC:15455	biolink:gene_associated_with_condition	0
0.14669435	MONDO:0042979	HGNC:16700	biolink:causes	0
0.008136199	MONDO:0044320	HGNC:12271	biolink:gene_associated_with_condition	0
0.99659806	MONDO:0044320	HGNC:29077	biolink:causes	0
0.8118812	MONDO:0044626	HGNC:6636	biolink:gene_associated_with_condition	0
0.7045892	MONDO:0044626	HGNC:4332	biolink:causes	0
0.11240559	MONDO:0044638	HGNC:90	biolink:gene_associated_with_condition	0
0.0019749112	MONDO:0044638	HGNC:18416	biolink:causes	0
0.03953945	MONDO:0044638	HGNC:26293	biolink:causes	0
0.71100354	MONDO:0044660	HGNC:13841	biolink:causes	0
0.031273995	MONDO:0044660	HGNC:6554	biolink:gene_associated_with_condition	0
0.9415522	MONDO:0054615	HGNC:15808	biolink:causes	0
0.88043845	MONDO:0054615	HGNC:11781	biolink:gene_associated_with_condition	0
0.22788873	MONDO:0054723	HGNC:20	biolink:causes	0
0.08190757	MONDO:0054723	HGNC:3749	biolink:gene_associated_with_condition	0
0.94714516	MONDO:0054731	HGNC:2464	biolink:gene_associated_with_condition	0
0.9674788	MONDO:0054737	HGNC:20105	biolink:causes	0
0.64073336	MONDO:0054737	HGNC:20773	biolink:causes	0
0.9738525	MONDO:0054737	HGNC:2204	biolink:gene_associated_with_condition	0
0.34164864	MONDO:0054737	HGNC:10256	biolink:causes	0
0.96231186	MONDO:0054794	HGNC:7883	biolink:causes	0
0.9287124	MONDO:0054805	HGNC:16466	biolink:gene_associated_with_condition	0
0.96724963	MONDO:0060489	HGNC:2919	biolink:causes	0
0.8479729	MONDO:0060502	HGNC:2594	biolink:gene_associated_with_condition	0
0.950422	MONDO:0060704	HGNC:3052	biolink:causes	0
0.8838021	MONDO:0060704	HGNC:5439	biolink:causes	0
0.8614632	MONDO:0100045	HGNC:16393	biolink:causes	0
0.9558049	MONDO:0100045	HGNC:7133	biolink:gene_associated_with_condition	0
0.98602575	MONDO:0100101	HGNC:8548	biolink:causes	0
0.14557016	MONDO:0100101	HGNC:14544	biolink:gene_associated_with_condition	0
0.9305258	MONDO:0100217	HGNC:2348	biolink:gene_associated_with_condition	0
0.581563	MONDO:0100229	HGNC:20297	biolink:causes	0
0.006727984	MONDO:0100289	HGNC:4204	biolink:causes	0
0.019423703	MONDO:0100289	HGNC:9066	biolink:gene_associated_with_condition	0
0.07802732	MONDO:0100289	HGNC:11005	biolink:causes	0
0.7185391	MONDO:0700090	HGNC:7208	biolink:gene_associated_with_condition	0
0.10613774	MONDO:0700297	HGNC:19141	biolink:causes	0
0.075448535	MONDO:0700301	HGNC:21316	biolink:gene_associated_with_condition	0
0.9977075	MONDO:0800436	HGNC:23088	biolink:causes	0
0.84884185	MONDO:0800452	HGNC:7788	biolink:gene_associated_with_condition	0
0.97106636	MONDO:0800452	HGNC:3689	biolink:causes	0
0.2670197	MONDO:0800452	HGNC:12687	biolink:gene_associated_with_condition	0
0.10784631	MONDO:0850078	HGNC:10727	biolink:causes	0
0.16213194	MONDO:0850078	HGNC:5273	biolink:gene_associated_with_condition	0
0.23062746	MONDO:0859187	HGNC:29536	biolink:gene_associated_with_condition	0
0.97730017	MONDO:0859187	HGNC:8604	biolink:causes	0
0.3629938	MONDO:0859204	HGNC:6005	biolink:gene_associated_with_condition	0
0.9748872	MONDO:0859253	HGNC:6696	biolink:causes	0
0.9910454	MONDO:0859253	HGNC:7499	biolink:gene_associated_with_condition	0
0.9551748	MONDO:0859335	HGNC:6481	biolink:gene_associated_with_condition	0
0.79548466	MONDO:0859335	HGNC:1529	biolink:gene_associated_with_condition	0
0.80617803	MONDO:0859355	HGNC:13387	biolink:causes	0
0.976636	MONDO:0957218	HGNC:10447	biolink:causes	0
0.9914868	MONDO:0957271	HGNC:19980	biolink:causes	0
0.54654914	MONDO:0957271	HGNC:16380	biolink:causes	0
0.6943563	MONDO:0957294	HGNC:8622	biolink:causes	0
0.5868222	MONDO:0957388	HGNC:18683	biolink:causes	0
0.9318137	MONDO:0957477	HGNC:20	biolink:causes	0
0.8955218	MONDO:0957583	HGNC:5136	biolink:gene_associated_with_condition	0
0.91354764	MONDO:0957583	HGNC:14974	biolink:causes	0
0.2898786	MONDO:0957594	HGNC:11917	biolink:gene_associated_with_condition	0
0.54477763	MONDO:0957594	HGNC:7808	biolink:causes	0
0.97565913	MONDO:0957807	HGNC:19317	biolink:causes	0
0.021388022	MONDO:0957812	HGNC:18437	biolink:causes	0
0.7698068	MONDO:0957820	HGNC:3960	biolink:causes	0
0.7864822	MONDO:0957876	HGNC:15805	biolink:gene_associated_with_condition	0
0.9886779	MONDO:0957876	HGNC:26887	biolink:causes	0
0.90227795	MONDO:0958005	HGNC:17321	biolink:gene_associated_with_condition	0
0.80157125	MONDO:0958012	HGNC:14673	biolink:causes	0
0.9736709	MONDO:0958176	HGNC:735	biolink:gene_associated_with_condition	0
0.9381481	MONDO:0958176	HGNC:28018	biolink:causes	0
0.96251565	MONDO:0958180	HGNC:1044	biolink:causes	0
0.6528387	MONDO:0958180	HGNC:4379	biolink:causes	0
0.7281202	MONDO:0968981	HGNC:592	biolink:causes	0
0.91422844	MONDO:0970994	HGNC:29685	biolink:causes	0
0.1576381	MONDO:0971178	HGNC:21173	biolink:causes	0
0.9537639	MONDO:0971178	HGNC:28396	biolink:gene_associated_with_condition	0
0.113731995	MONDO:0975746	HGNC:9588	biolink:gene_associated_with_condition	0
0.8939165	HGNC:21022	MONDO:0009008	biolink:gene_associated_with_condition	0
0.8748643	HGNC:21022	MONDO:0012596	biolink:gene_associated_with_condition	0
0.879439	HGNC:21022	MONDO:0018393	biolink:gene_associated_with_condition	0
0.9338358	HGNC:47	MONDO:0008234	biolink:causes	0
0.94481796	HGNC:47	MONDO:0007768	biolink:causes	0
0.89509517	HGNC:47	MONDO:0014481	biolink:causes	0
0.5278543	HGNC:42	MONDO:0035819	biolink:causes	0
0.5865988	HGNC:42	MONDO:0008483	biolink:causes	0
0.9007431	HGNC:68	MONDO:0007311	biolink:causes	0
0.9374793	HGNC:68	MONDO:0014343	biolink:causes	0
0.043792643	HGNC:126	MONDO:0012092	biolink:causes	0
0.05956199	HGNC:126	MONDO:0017844	biolink:causes	0
0.94681805	HGNC:1839	MONDO:0957993	biolink:causes	0
0.93566674	HGNC:1839	MONDO:0014159	biolink:causes	0
0.009174988	HGNC:13202	MONDO:0976226	biolink:gene_associated_with_condition	0
0.26167408	HGNC:226	MONDO:0013561	biolink:causes	0
0.5648263	HGNC:315	MONDO:0958085	biolink:causes	0
0.4748708	HGNC:317	MONDO:0014754	biolink:gene_associated_with_condition	0
0.45719928	HGNC:317	MONDO:0019150	biolink:gene_associated_with_condition	0
0.85297054	HGNC:317	MONDO:0007232	biolink:gene_associated_with_condition	0
0.6338182	HGNC:317	MONDO:0030967	biolink:causes	0
0.79438645	HGNC:17258	MONDO:0014434	biolink:causes	0
0.6566218	HGNC:17258	MONDO:0013661	biolink:causes	0
0.936302	HGNC:341	MONDO:0008490	biolink:gene_associated_with_condition	0
0.7903944	HGNC:10648	MONDO:8000011	biolink:gene_associated_with_condition	0
0.87230355	HGNC:358	MONDO:0014218	biolink:causes	0
0.8494038	HGNC:358	MONDO:0009053	biolink:causes	0
0.35267287	HGNC:387	MONDO:0007068	biolink:gene_associated_with_condition	0
0.8031994	HGNC:397	MONDO:0030036	biolink:causes	0
0.7051417	HGNC:31088	MONDO:0014339	biolink:contributes_to	0
0.26323047	HGNC:20917	MONDO:0010086	biolink:causes	0
0.8347659	HGNC:438	MONDO:0958085	biolink:gene_associated_with_condition	0
0.9902597	HGNC:438	MONDO:0013800	biolink:gene_associated_with_condition	0
0.55156213	HGNC:17097	MONDO:0014386	biolink:causes	0
0.9292752	HGNC:17097	MONDO:0014343	biolink:causes	0
0.9856674	HGNC:3583	MONDO:0008426	biolink:causes	0
0.9789877	HGNC:3583	MONDO:0007524	biolink:causes	0
0.97142315	HGNC:3583	MONDO:0014343	biolink:causes	0
0.9365569	HGNC:3583	MONDO:0013929	biolink:causes	0
0.91212964	HGNC:3602	MONDO:0007615	biolink:causes	0
0.8914313	HGNC:3602	MONDO:0032874	biolink:causes	0
0.83502203	HGNC:3680	MONDO:0010606	biolink:gene_associated_with_condition	0
0.9780853	HGNC:3689	MONDO:0013050	biolink:gene_associated_with_condition	0
0.9959245	HGNC:3689	MONDO:0013364	biolink:causes	0
0.9882465	HGNC:3689	MONDO:0014976	biolink:gene_associated_with_condition	0
0.95574945	HGNC:3689	MONDO:0859188	biolink:gene_associated_with_condition	0
0.8093384	HGNC:3689	MONDO:0010767	biolink:gene_associated_with_condition	0
0.94706774	HGNC:3689	MONDO:0014267	biolink:causes	0
0.97106636	HGNC:3689	MONDO:0800452	biolink:causes	0
0.8934218	HGNC:3689	MONDO:0015041	biolink:gene_associated_with_condition	0
0.42308047	HGNC:3689	MONDO:0975757	biolink:gene_associated_with_condition	0
0.0019749112	HGNC:18416	MONDO:0044638	biolink:causes	0
0.8155076	HGNC:19124	MONDO:0008377	biolink:gene_associated_with_condition	0
0.06379741	HGNC:18625	MONDO:0016606	biolink:causes	0
0.9700973	HGNC:18625	MONDO:0008377	biolink:causes	0
0.8335916	HGNC:17997	MONDO:0009274	biolink:gene_associated_with_condition	0
0.08190757	HGNC:3749	MONDO:0054723	biolink:gene_associated_with_condition	0
0.90761364	HGNC:3755	MONDO:0018598	biolink:causes	0
0.9788821	HGNC:3755	MONDO:0013352	biolink:causes	0
0.9668766	HGNC:3755	MONDO:0014480	biolink:gene_associated_with_condition	0
0.95763665	HGNC:3755	MONDO:0014117	biolink:gene_associated_with_condition	0
0.5587668	HGNC:3765	MONDO:0013862	biolink:gene_associated_with_condition	0
0.7763633	HGNC:3765	MONDO:0012368	biolink:gene_associated_with_condition	0
0.7670183	HGNC:3823	MONDO:0859369	biolink:causes	0
0.8391396	HGNC:3823	MONDO:0007167	biolink:causes	0
0.8596167	HGNC:3823	MONDO:0030987	biolink:causes	0
0.02321585	HGNC:13875	MONDO:0007454	biolink:causes	0
0.15327042	HGNC:13875	MONDO:0010296	biolink:causes	0
0.3936156	HGNC:13875	MONDO:0100218	biolink:causes	0
0.6028688	HGNC:3976	MONDO:0024562	biolink:causes	0
0.80919784	HGNC:3976	MONDO:0012395	biolink:causes	0
0.7977225	HGNC:24678	MONDO:0007042	biolink:gene_associated_with_condition	0
0.54392564	HGNC:24678	MONDO:0012804	biolink:gene_associated_with_condition	0
0.8774034	HGNC:24678	MONDO:0975795	biolink:gene_associated_with_condition	0
0.40092775	HGNC:4081	MONDO:0013228	biolink:causes	0
0.16284664	HGNC:4172	MONDO:0012925	biolink:causes	0
0.38893223	HGNC:4172	MONDO:0013821	biolink:causes	0
0.7940057	HGNC:4189	MONDO:0009091	biolink:gene_associated_with_condition	0
0.971308	HGNC:4193	MONDO:0009266	biolink:causes	0
0.63311213	HGNC:4193	MONDO:0011091	biolink:gene_associated_with_condition	0
0.38239458	HGNC:4193	MONDO:0012883	biolink:causes	0
0.86240876	HGNC:4193	MONDO:0008693	biolink:causes	0
0.9431772	HGNC:4193	MONDO:0020745	biolink:gene_associated_with_condition	0
0.89597124	HGNC:4208	MONDO:0032891	biolink:causes	0
0.95281315	HGNC:4208	MONDO:0013083	biolink:causes	0
0.9849614	HGNC:4220	MONDO:0011010	biolink:causes	0
0.9795681	HGNC:4220	MONDO:0012019	biolink:causes	0
0.97282416	HGNC:4220	MONDO:0030457	biolink:gene_associated_with_condition	0
0.98139244	HGNC:4220	MONDO:0009677	biolink:gene_associated_with_condition	0
0.9839754	HGNC:4220	MONDO:0012089	biolink:gene_associated_with_condition	0
0.8928212	HGNC:4241	MONDO:0016356	biolink:gene_associated_with_condition	0
0.9506753	HGNC:4241	MONDO:0009161	biolink:gene_associated_with_condition	0
0.2657873	HGNC:4281	MONDO:0017238	biolink:gene_associated_with_condition	0
0.99144757	HGNC:4284	MONDO:0007363	biolink:gene_associated_with_condition	0
0.8383089	HGNC:4313	MONDO:0012656	biolink:gene_associated_with_condition	0
0.91408396	HGNC:4313	MONDO:0014343	biolink:gene_associated_with_condition	0
0.97545785	HGNC:4367	MONDO:0007854	biolink:causes	0
0.95547324	HGNC:4367	MONDO:0957787	biolink:gene_associated_with_condition	0
0.18881734	HGNC:4367	MONDO:0007103	biolink:gene_associated_with_condition	0
0.8090905	HGNC:4367	MONDO:0010959	biolink:gene_associated_with_condition	0
0.95299834	HGNC:4367	MONDO:0958194	biolink:causes	0
0.9834731	HGNC:4452	MONDO:0010486	biolink:causes	0
0.5697957	HGNC:4462	MONDO:0013526	biolink:gene_associated_with_condition	0
0.8785628	HGNC:29501	MONDO:0024607	biolink:gene_associated_with_condition	0
0.89660245	HGNC:4593	MONDO:0019174	biolink:gene_associated_with_condition	0
0.78510106	HGNC:4593	MONDO:0008673	biolink:gene_associated_with_condition	0
0.7819252	HGNC:4706	MONDO:0010258	biolink:causes	0
0.72274387	HGNC:4706	MONDO:0030455	biolink:causes	0
0.48292688	HGNC:4817	MONDO:0011338	biolink:gene_associated_with_condition	0
0.5925219	HGNC:29853	MONDO:0014094	biolink:causes	0
0.9388447	HGNC:29853	MONDO:0044701	biolink:causes	0
0.6546445	HGNC:29853	MONDO:0014401	biolink:causes	0
0.44559854	HGNC:30477	MONDO:0031043	biolink:causes	0
0.6882374	HGNC:30477	MONDO:0007319	biolink:causes	0
0.50469667	HGNC:4887	MONDO:0010286	biolink:gene_associated_with_condition	0
0.20238799	HGNC:4887	MONDO:0016606	biolink:gene_associated_with_condition	0
0.54744834	HGNC:4887	MONDO:0013551	biolink:gene_associated_with_condition	0
0.9157593	HGNC:4887	MONDO:0008377	biolink:gene_associated_with_condition	0
0.31739125	HGNC:4887	MONDO:0008637	biolink:gene_associated_with_condition	0
0.23862946	HGNC:4932	MONDO:0019569	biolink:gene_associated_with_condition	0
0.65797585	HGNC:11621	MONDO:0054776	biolink:gene_associated_with_condition	0
0.77920645	HGNC:5147	MONDO:0007363	biolink:gene_associated_with_condition	0
0.29118985	HGNC:28460	MONDO:0032636	biolink:causes	0
0.510765	HGNC:28460	MONDO:0012531	biolink:causes	0
0.10151007	HGNC:4800	MONDO:0009804	biolink:gene_associated_with_condition	0
0.48979196	HGNC:5248	MONDO:0958331	biolink:causes	0
0.9030296	HGNC:5248	MONDO:0008377	biolink:causes	0
0.5141946	HGNC:5286	MONDO:0014670	biolink:causes	0
0.2758771	HGNC:5286	MONDO:0013992	biolink:causes	0
0.97463346	HGNC:18550	MONDO:0014042	biolink:causes	0
0.61942834	HGNC:18550	MONDO:0016476	biolink:causes	0
0.9632828	HGNC:18550	MONDO:0007949	biolink:causes	0
0.87815607	HGNC:5439	MONDO:0014094	biolink:causes	0
0.85718876	HGNC:5439	MONDO:0009359	biolink:contributes_to	0
0.8838021	HGNC:5439	MONDO:0060704	biolink:causes	0
0.8125633	HGNC:5439	MONDO:0008377	biolink:gene_associated_with_condition	0
0.84242314	HGNC:5439	MONDO:0008689	biolink:gene_associated_with_condition	0
0.95529634	HGNC:5439	MONDO:0100533	biolink:gene_associated_with_condition	0
0.948298	HGNC:13556	MONDO:0010963	biolink:causes	0
0.99774504	HGNC:13556	MONDO:0007537	biolink:causes	0
0.9059096	HGNC:29077	MONDO:0007794	biolink:contributes_to	0
0.99659806	HGNC:29077	MONDO:0044320	biolink:causes	0
0.99564373	HGNC:29077	MONDO:0008377	biolink:contributes_to	0
0.8656174	HGNC:5466	MONDO:0008310	biolink:gene_associated_with_condition	0
0.9556346	HGNC:5466	MONDO:0975754	biolink:causes	0
0.8344463	HGNC:5466	MONDO:0014808	biolink:gene_associated_with_condition	0
0.5788262	HGNC:5466	MONDO:0011285	biolink:gene_associated_with_condition	0
0.72680014	HGNC:5476	MONDO:0968976	biolink:gene_associated_with_condition	0
0.8316866	HGNC:5476	MONDO:0859374	biolink:gene_associated_with_condition	0
0.969277	HGNC:6000	MONDO:0010651	biolink:gene_associated_with_condition	0
0.35168937	HGNC:5962	MONDO:0007808	biolink:contributes_to	0
0.3660207	HGNC:5962	MONDO:0008592	biolink:contributes_to	0
0.6789441	HGNC:15561	MONDO:0010214	biolink:gene_associated_with_condition	0
0.9635721	HGNC:6055	MONDO:0014823	biolink:causes	0
0.9587584	HGNC:17870	MONDO:0020855	biolink:causes	0
0.7862472	HGNC:6115	MONDO:0013315	biolink:causes	0
0.19761293	HGNC:19309	MONDO:0010000	biolink:causes	0
0.09436538	HGNC:19309	MONDO:0035694	biolink:causes	0
0.10111552	HGNC:19309	MONDO:0014339	biolink:causes	0
0.28595358	HGNC:19309	MONDO:0017283	biolink:causes	0
0.9401834	HGNC:6239	MONDO:0020378	biolink:gene_associated_with_condition	0
0.9576078	HGNC:6256	MONDO:0014580	biolink:causes	0
0.5489457	HGNC:25705	MONDO:0011422	biolink:causes	0
0.8445018	HGNC:25705	MONDO:0019522	biolink:causes	0
0.3824354	HGNC:25705	MONDO:0007404	biolink:causes	0
0.6238475	HGNC:25705	MONDO:0030995	biolink:causes	0
0.97522926	HGNC:12637	MONDO:0008542	biolink:causes	0
0.9801026	HGNC:12637	MONDO:0009624	biolink:causes	0
0.96299756	HGNC:12637	MONDO:0009904	biolink:causes	0
0.9617712	HGNC:12637	MONDO:0011593	biolink:causes	0
0.96335024	HGNC:888	MONDO:0009714	biolink:causes	0
0.9748111	HGNC:888	MONDO:0013058	biolink:causes	0
0.9784606	HGNC:888	MONDO:0032636	biolink:causes	0
0.974624	HGNC:888	MONDO:0008885	biolink:causes	0
0.9676471	HGNC:6391	MONDO:0016002	biolink:gene_associated_with_condition	0
0.96922696	HGNC:6391	MONDO:0012531	biolink:gene_associated_with_condition	0
0.94608015	HGNC:6391	MONDO:0009505	biolink:gene_associated_with_condition	0
0.8286601	HGNC:6407	MONDO:0012892	biolink:causes	0
0.7741081	HGNC:6407	MONDO:0013607	biolink:causes	0
0.85143876	HGNC:6407	MONDO:0033542	biolink:causes	0
0.77276427	HGNC:6407	MONDO:0013957	biolink:causes	0
0.91921115	HGNC:6407	MONDO:0049222	biolink:causes	0
0.40238574	HGNC:20406	MONDO:0009562	biolink:causes	0
0.42476967	HGNC:20406	MONDO:0009252	biolink:gene_associated_with_condition	0
0.58916616	HGNC:20406	MONDO:0011911	biolink:gene_associated_with_condition	0
0.6418241	HGNC:20406	MONDO:0014857	biolink:gene_associated_with_condition	0
0.6464621	HGNC:6415	MONDO:0014386	biolink:causes	0
0.6102753	HGNC:6415	MONDO:0044222	biolink:causes	0
0.55283624	HGNC:29796	MONDO:0013208	biolink:causes	0
0.47713017	HGNC:29796	MONDO:0020841	biolink:causes	0
0.5113738	HGNC:29796	MONDO:0859328	biolink:causes	0
0.8193337	HGNC:6535	MONDO:0007922	biolink:gene_associated_with_condition	0
0.25683796	HGNC:18640	MONDO:0006952	biolink:gene_associated_with_condition	0
0.18548618	HGNC:18640	MONDO:0013912	biolink:gene_associated_with_condition	0
0.5050986	HGNC:6554	MONDO:0014343	biolink:gene_associated_with_condition	0
0.031273995	HGNC:6554	MONDO:0044660	biolink:gene_associated_with_condition	0
0.07420169	HGNC:6554	MONDO:0017317	biolink:gene_associated_with_condition	0
0.8328473	HGNC:6572	MONDO:0017116	biolink:causes	0
0.32407817	HGNC:6619	MONDO:0010964	biolink:gene_associated_with_condition	0
0.38483277	HGNC:6619	MONDO:0008377	biolink:gene_associated_with_condition	0
0.9604221	HGNC:23038	MONDO:0014343	biolink:gene_associated_with_condition	0
0.5026676	HGNC:14154	MONDO:0014693	biolink:causes	0
0.9887251	HGNC:26521	MONDO:0009461	biolink:causes	0
0.8529046	HGNC:30860	MONDO:0009306	biolink:causes	0
0.20768921	HGNC:6709	MONDO:0011106	biolink:contributes_to	0
0.6670558	HGNC:6709	MONDO:0014343	biolink:contributes_to	0
0.373253	HGNC:6709	MONDO:0024559	biolink:contributes_to	0
0.9875185	HGNC:6716	MONDO:0007922	biolink:causes	0
0.27513415	HGNC:6735	MONDO:0009683	biolink:causes	0
0.8994605	HGNC:6735	MONDO:0014343	biolink:causes	0
0.9012745	HGNC:1968	MONDO:0012004	biolink:causes	0
0.9599168	HGNC:1968	MONDO:0008377	biolink:causes	0
0.5895643	HGNC:13664	MONDO:0012287	biolink:causes	0
0.6650659	HGNC:28880	MONDO:0033482	biolink:causes	0
0.4320475	HGNC:6816	MONDO:0009061	biolink:causes	0
0.9464813	HGNC:6823	MONDO:0014522	biolink:causes	0
0.96545494	HGNC:469	MONDO:0020737	biolink:gene_associated_with_condition	0
0.6432199	HGNC:494	MONDO:0010506	biolink:causes	0
0.3479278	HGNC:494	MONDO:0100186	biolink:causes	0
0.62900066	HGNC:494	MONDO:0014115	biolink:causes	0
0.6603771	HGNC:494	MONDO:0020749	biolink:gene_associated_with_condition	0
0.28553993	HGNC:15819	MONDO:0011226	biolink:causes	0
0.09624603	HGNC:15819	MONDO:0800445	biolink:causes	0
0.075448535	HGNC:21316	MONDO:0700301	biolink:gene_associated_with_condition	0
0.988128	HGNC:27337	MONDO:0008490	biolink:gene_associated_with_condition	0
0.9893087	HGNC:27337	MONDO:0013690	biolink:gene_associated_with_condition	0
0.91138595	HGNC:27337	MONDO:0014230	biolink:gene_associated_with_condition	0
0.6524716	HGNC:27337	MONDO:0011908	biolink:gene_associated_with_condition	0
0.9897683	HGNC:27337	MONDO:0012596	biolink:causes	0
0.9554948	HGNC:27337	MONDO:0008559	biolink:causes	0
0.8991271	HGNC:27337	MONDO:0025354	biolink:causes	0
0.98370796	HGNC:27337	MONDO:0020745	biolink:gene_associated_with_condition	0
0.95209163	HGNC:560	MONDO:0010496	biolink:gene_associated_with_condition	0
0.66952884	HGNC:17073	MONDO:0013222	biolink:causes	0
0.19526851	HGNC:17073	MONDO:0016308	biolink:causes	0
0.6733763	HGNC:17073	MONDO:0008689	biolink:causes	0
0.4772146	HGNC:17146	MONDO:0032899	biolink:causes	0
0.9250199	HGNC:13210	MONDO:0010044	biolink:contributes_to	0
0.96731746	HGNC:13210	MONDO:0800167	biolink:contributes_to	0
0.83229977	HGNC:13210	MONDO:0011239	biolink:contributes_to	0
0.98780096	HGNC:13210	MONDO:0014037	biolink:contributes_to	0
0.6586004	HGNC:21099	MONDO:0010044	biolink:causes	0
0.042323116	HGNC:31704	MONDO:0007244	biolink:causes	0
0.16630028	HGNC:31704	MONDO:0012621	biolink:causes	0
0.084501386	HGNC:6858	MONDO:0024570	biolink:gene_associated_with_condition	0
0.96549404	HGNC:6898	MONDO:0014490	biolink:causes	0
0.9057387	HGNC:6898	MONDO:0013531	biolink:causes	0
0.9860766	HGNC:6909	MONDO:0011428	biolink:causes	0
0.92116827	HGNC:6909	MONDO:0014844	biolink:causes	0
0.7960273	HGNC:6909	MONDO:0007103	biolink:causes	0
0.9887861	HGNC:6909	MONDO:0014619	biolink:causes	0
0.9503058	HGNC:6937	MONDO:0008818	biolink:causes	0
0.6818791	HGNC:6937	MONDO:0011496	biolink:causes	0
0.9585722	HGNC:6948	MONDO:0011243	biolink:causes	0
0.58829	HGNC:6954	MONDO:0013711	biolink:causes	0
0.6225761	HGNC:6973	MONDO:0012442	biolink:causes	0
0.4324289	HGNC:6973	MONDO:0013482	biolink:causes	0
0.5688667	HGNC:6973	MONDO:0014946	biolink:causes	0
0.692242	HGNC:6973	MONDO:0007524	biolink:causes	0
0.9587019	HGNC:19691	MONDO:0100296	biolink:gene_associated_with_condition	0
0.95005614	HGNC:19691	MONDO:0008377	biolink:gene_associated_with_condition	0
0.92114645	HGNC:11957	MONDO:0010350	biolink:causes	0
0.9475441	HGNC:11957	MONDO:0014484	biolink:gene_associated_with_condition	0
0.9079144	HGNC:11957	MONDO:0014039	biolink:gene_associated_with_condition	0
0.08724995	HGNC:7097	MONDO:0975761	biolink:gene_associated_with_condition	0
0.8323706	HGNC:7102	MONDO:0017283	biolink:causes	0
0.98444486	HGNC:31555	MONDO:0013350	biolink:causes	0
0.88291407	HGNC:7108	MONDO:0033566	biolink:causes	0
0.89587885	HGNC:12744	MONDO:0012786	biolink:causes	0
0.96191204	HGNC:7176	MONDO:0958279	biolink:causes	0
0.9507945	HGNC:7176	MONDO:0013896	biolink:causes	0
0.96487826	HGNC:7176	MONDO:0008377	biolink:causes	0
0.95535135	HGNC:7176	MONDO:0013925	biolink:causes	0
0.45638865	HGNC:7392	MONDO:0013685	biolink:gene_associated_with_condition	0
0.0614109	HGNC:7489	MONDO:0016689	biolink:gene_associated_with_condition	0
0.9646596	HGNC:7413	MONDO:0014406	biolink:gene_associated_with_condition	0
0.9810868	HGNC:7437	MONDO:0014646	biolink:gene_associated_with_condition	0
0.93452704	HGNC:7437	MONDO:0035472	biolink:causes	0
0.88198763	HGNC:7468	MONDO:0030072	biolink:gene_associated_with_condition	0
0.9777614	HGNC:7468	MONDO:0010397	biolink:causes	0
0.19981788	HGNC:7516	MONDO:0009737	biolink:gene_associated_with_condition	0
0.18099871	HGNC:7516	MONDO:0014165	biolink:gene_associated_with_condition	0
0.5443311	HGNC:7545	MONDO:0007363	biolink:gene_associated_with_condition	0
0.70290446	HGNC:7545	MONDO:0008377	biolink:gene_associated_with_condition	0
0.057812102	HGNC:7606	MONDO:0007454	biolink:causes	0
0.05715759	HGNC:7606	MONDO:0012883	biolink:causes	0
0.42193416	HGNC:7606	MONDO:0014981	biolink:causes	0
0.8369747	HGNC:7610	MONDO:0008542	biolink:causes	0
0.9046939	HGNC:19918	MONDO:0010503	biolink:causes	0
0.99057174	HGNC:19918	MONDO:0014545	biolink:causes	0
0.9333165	HGNC:20967	MONDO:0009262	biolink:gene_associated_with_condition	0
0.9249473	HGNC:20967	MONDO:0015783	biolink:gene_associated_with_condition	0
0.86306554	HGNC:20967	MONDO:0017111	biolink:gene_associated_with_condition	0
0.035105843	HGNC:7634	MONDO:0032781	biolink:gene_associated_with_condition	0
0.8339238	HGNC:7690	MONDO:0010870	biolink:causes	0
0.9423519	HGNC:7690	MONDO:0013634	biolink:causes	0
0.92672664	HGNC:7690	MONDO:0010404	biolink:causes	0
0.90543604	HGNC:7690	MONDO:0971176	biolink:causes	0
0.82569486	HGNC:7708	MONDO:0007381	biolink:causes	0
0.004921079	HGNC:7745	MONDO:0976267	biolink:causes	0
0.9308667	HGNC:7765	MONDO:0008490	biolink:gene_associated_with_condition	0
0.016255913	HGNC:7765	MONDO:0035555	biolink:causes	0
0.88749593	HGNC:7765	MONDO:0010592	biolink:causes	0
0.79900074	HGNC:7765	MONDO:0033363	biolink:causes	0
0.9315229	HGNC:7765	MONDO:0008995	biolink:gene_associated_with_condition	0
0.9282837	HGNC:7765	MONDO:0011125	biolink:gene_associated_with_condition	0
0.6551558	HGNC:7808	MONDO:0030731	biolink:causes	0
0.54477763	HGNC:7808	MONDO:0957594	biolink:causes	0
0.898702	HGNC:7871	MONDO:0020563	biolink:gene_associated_with_condition	0
0.9818148	HGNC:7883	MONDO:0013218	biolink:causes	0
0.99149936	HGNC:7883	MONDO:0013426	biolink:causes	0
0.9240747	HGNC:7883	MONDO:0011143	biolink:causes	0
0.8591863	HGNC:7883	MONDO:0011603	biolink:causes	0
0.9888995	HGNC:7883	MONDO:0014343	biolink:gene_associated_with_condition	0
0.9813703	HGNC:7883	MONDO:0021093	biolink:causes	0
0.96231186	HGNC:7883	MONDO:0054794	biolink:causes	0
0.84605104	HGNC:7883	MONDO:0007925	biolink:causes	0
0.98068744	HGNC:7883	MONDO:0017945	biolink:gene_associated_with_condition	0
0.33218643	HGNC:7910	MONDO:0030281	biolink:gene_associated_with_condition	0
0.49896753	HGNC:7910	MONDO:0030915	biolink:gene_associated_with_condition	0
0.9721543	HGNC:7944	MONDO:0007794	biolink:causes	0
0.9878418	HGNC:7944	MONDO:0013948	biolink:causes	0
0.99440503	HGNC:7944	MONDO:0026730	biolink:causes	0
0.9519445	HGNC:7944	MONDO:0010315	biolink:causes	0
0.9824655	HGNC:7944	MONDO:0014995	biolink:causes	0
0.9405511	HGNC:7944	MONDO:0021571	biolink:causes	0
0.983042	HGNC:7944	MONDO:0859320	biolink:causes	0
0.9277106	HGNC:7974	MONDO:0013766	biolink:gene_associated_with_condition	0
0.07549888	HGNC:7974	MONDO:0044220	biolink:gene_associated_with_condition	0
0.81595254	HGNC:7974	MONDO:0012805	biolink:gene_associated_with_condition	0
0.5432565	HGNC:8101	MONDO:0007856	biolink:gene_associated_with_condition	0
0.8745881	HGNC:8101	MONDO:0017844	biolink:causes	0
0.8320706	HGNC:8101	MONDO:0009867	biolink:causes	0
0.6798393	HGNC:8101	MONDO:0007361	biolink:causes	0
0.9224824	HGNC:8101	MONDO:0011073	biolink:causes	0
0.9529568	HGNC:19316	MONDO:0013690	biolink:causes	0
0.80105793	HGNC:19316	MONDO:0013536	biolink:causes	0
0.83969295	HGNC:19316	MONDO:0011547	biolink:causes	0
0.92971444	HGNC:19316	MONDO:0016097	biolink:causes	0
0.956045	HGNC:8547	MONDO:0014343	biolink:causes	0
0.9521363	HGNC:8548	MONDO:0013156	biolink:causes	0
0.98602575	HGNC:8548	MONDO:0100101	biolink:causes	0
0.9667878	HGNC:8548	MONDO:0016589	biolink:causes	0
0.31560993	HGNC:8574	MONDO:0016563	biolink:gene_associated_with_condition	0
0.6530428	HGNC:8574	MONDO:0018763	biolink:gene_associated_with_condition	0
0.06824829	HGNC:8574	MONDO:0011237	biolink:gene_associated_with_condition	0
0.95306104	HGNC:26144	MONDO:0014343	biolink:contributes_to	0
0.90210843	HGNC:26144	MONDO:0007949	biolink:contributes_to	0
0.0040693106	HGNC:26144	MONDO:0044255	biolink:contributes_to	0
0.9886573	HGNC:14615	MONDO:0009664	biolink:causes	0
0.88030034	HGNC:8609	MONDO:0007738	biolink:causes	0
0.14433531	HGNC:8609	MONDO:0019082	biolink:causes	0
0.56736976	HGNC:8620	MONDO:0017225	biolink:gene_associated_with_condition	0
0.6290534	HGNC:8620	MONDO:0800029	biolink:gene_associated_with_condition	0
0.45240197	HGNC:8620	MONDO:0975795	biolink:gene_associated_with_condition	0
0.13699229	HGNC:8654	MONDO:0016863	biolink:gene_associated_with_condition	0
0.8537065	HGNC:8654	MONDO:0013469	biolink:gene_associated_with_condition	0
0.958885	HGNC:16068	MONDO:0018877	biolink:gene_associated_with_condition	0
0.95961916	HGNC:8790	MONDO:0009598	biolink:causes	0
0.44824585	HGNC:26257	MONDO:0012868	biolink:contributes_to	0
0.9951408	HGNC:26257	MONDO:0008377	biolink:contributes_to	0
0.98509234	HGNC:9717	MONDO:0007167	biolink:gene_associated_with_condition	0
0.9837667	HGNC:9717	MONDO:0012669	biolink:causes	0
0.979483	HGNC:8851	MONDO:0011405	biolink:gene_associated_with_condition	0
0.9496783	HGNC:8851	MONDO:0030281	biolink:causes	0
0.9609342	HGNC:8851	MONDO:0800029	biolink:gene_associated_with_condition	0
0.97910804	HGNC:8854	MONDO:0030918	biolink:causes	0
0.9937883	HGNC:8857	MONDO:0024541	biolink:gene_associated_with_condition	0
0.97466284	HGNC:8857	MONDO:0032677	biolink:gene_associated_with_condition	0
0.992935	HGNC:8857	MONDO:0033479	biolink:gene_associated_with_condition	0
0.5528647	HGNC:20672	MONDO:0958085	biolink:causes	0
0.82871306	HGNC:25985	MONDO:0012892	biolink:gene_associated_with_condition	0
0.7433234	HGNC:25985	MONDO:0957220	biolink:gene_associated_with_condition	0
0.16041185	HGNC:23785	MONDO:0012299	biolink:gene_associated_with_condition	0
0.06277362	HGNC:23785	MONDO:0958194	biolink:gene_associated_with_condition	0
0.9084791	HGNC:9039	MONDO:0007158	biolink:causes	0
0.86345243	HGNC:9039	MONDO:0011546	biolink:causes	0
0.98025906	HGNC:9039	MONDO:0013690	biolink:causes	0
0.3641442	HGNC:9039	MONDO:0011484	biolink:gene_associated_with_condition	0
0.8460127	HGNC:9039	MONDO:0007589	biolink:gene_associated_with_condition	0
0.93307203	HGNC:9039	MONDO:0007881	biolink:gene_associated_with_condition	0
0.62546444	HGNC:9043	MONDO:0013301	biolink:gene_associated_with_condition	0
0.8651775	HGNC:9056	MONDO:0019456	biolink:causes	0
0.968733	HGNC:9056	MONDO:0014507	biolink:causes	0
0.3978891	HGNC:19218	MONDO:0010790	biolink:causes	0
0.9190443	HGNC:29017	MONDO:0018598	biolink:gene_associated_with_condition	0
0.9892369	HGNC:9086	MONDO:0008795	biolink:gene_associated_with_condition	0
0.87712127	HGNC:9086	MONDO:0013719	biolink:gene_associated_with_condition	0
0.9558091	HGNC:9086	MONDO:0010489	biolink:gene_associated_with_condition	0
0.94033206	HGNC:9091	MONDO:0008678	biolink:causes	0
0.88699895	HGNC:9091	MONDO:0033116	biolink:causes	0
0.64983326	HGNC:9091	MONDO:0008660	biolink:causes	0
0.8305814	HGNC:9091	MONDO:0014052	biolink:causes	0
0.7678508	HGNC:9091	MONDO:0014060	biolink:causes	0
0.8934709	HGNC:9091	MONDO:0016681	biolink:causes	0
0.9896578	HGNC:14107	MONDO:0015353	biolink:causes	0
0.8761423	HGNC:9118	MONDO:0017051	biolink:gene_associated_with_condition	0
0.8896567	HGNC:9118	MONDO:0009625	biolink:gene_associated_with_condition	0
0.90538424	HGNC:9118	MONDO:0013925	biolink:causes	0
0.8981729	HGNC:23166	MONDO:0012596	biolink:causes	0
0.96283406	HGNC:9177	MONDO:0007944	biolink:causes	0
0.8833874	HGNC:9177	MONDO:0032577	biolink:causes	0
0.9181955	HGNC:30074	MONDO:0013414	biolink:gene_associated_with_condition	0
0.9701286	HGNC:30074	MONDO:0859207	biolink:gene_associated_with_condition	0
0.92310196	HGNC:30074	MONDO:0016216	biolink:gene_associated_with_condition	0
0.9576656	HGNC:30074	MONDO:0016672	biolink:gene_associated_with_condition	0
0.95031637	HGNC:30074	MONDO:0017715	biolink:gene_associated_with_condition	0
0.959287	HGNC:30074	MONDO:0011397	biolink:gene_associated_with_condition	0
0.98606014	HGNC:17652	MONDO:0007922	biolink:causes	0
0.980098	HGNC:17652	MONDO:0014900	biolink:causes	0
0.57004535	HGNC:9220	MONDO:0008542	biolink:causes	0
0.4155258	HGNC:9220	MONDO:0018006	biolink:causes	0
0.15077266	HGNC:9220	MONDO:0009960	biolink:causes	0
0.04594709	HGNC:9220	MONDO:0011091	biolink:causes	0
0.43864998	HGNC:9220	MONDO:0014343	biolink:causes	0
0.98344153	HGNC:9277	MONDO:0013690	biolink:causes	0
0.044228207	HGNC:25415	MONDO:0013766	biolink:causes	0
0.35602105	HGNC:25415	MONDO:0014343	biolink:gene_associated_with_condition	0
0.6601758	HGNC:25415	MONDO:0008377	biolink:causes	0
0.54621035	HGNC:25415	MONDO:0033282	biolink:gene_associated_with_condition	0
0.84672076	HGNC:13993	MONDO:0008542	biolink:gene_associated_with_condition	0
0.895582	HGNC:13993	MONDO:0011902	biolink:gene_associated_with_condition	0
0.91609985	HGNC:13993	MONDO:0013342	biolink:gene_associated_with_condition	0
0.088763595	HGNC:17019	MONDO:0007485	biolink:causes	0
0.39702952	HGNC:17019	MONDO:0859293	biolink:causes	0
0.6671309	HGNC:9382	MONDO:0008005	biolink:causes	0
0.65014803	HGNC:9382	MONDO:0010185	biolink:causes	0
0.47067517	HGNC:17340	MONDO:0008310	biolink:causes	0
0.647815	HGNC:17340	MONDO:0017218	biolink:causes	0
0.5985244	HGNC:17340	MONDO:0054750	biolink:causes	0
0.7127714	HGNC:9942	MONDO:0011547	biolink:causes	0
0.96018034	HGNC:19129	MONDO:0008542	biolink:causes	0
0.97412837	HGNC:19129	MONDO:0013570	biolink:causes	0
0.9980136	HGNC:19129	MONDO:0014343	biolink:gene_associated_with_condition	0
0.99490523	HGNC:19129	MONDO:0013357	biolink:gene_associated_with_condition	0
0.9835181	HGNC:19129	MONDO:0013977	biolink:gene_associated_with_condition	0
0.018177733	HGNC:9508	MONDO:0957268	biolink:causes	0
0.68560785	HGNC:9577	MONDO:0030518	biolink:causes	0
0.7743563	HGNC:9577	MONDO:0013664	biolink:causes	0
0.29408383	HGNC:9577	MONDO:0016579	biolink:causes	0
0.90504295	HGNC:823	MONDO:0008426	biolink:causes	0
0.83850324	HGNC:869	MONDO:0013021	biolink:causes	0
0.9198902	HGNC:897	MONDO:0014040	biolink:gene_associated_with_condition	0
0.9106058	HGNC:897	MONDO:0009885	biolink:gene_associated_with_condition	0
0.9298273	HGNC:17978	MONDO:0007794	biolink:gene_associated_with_condition	0
0.9938413	HGNC:17978	MONDO:0020769	biolink:gene_associated_with_condition	0
0.6367617	HGNC:939	MONDO:0009728	biolink:causes	0
0.92621267	HGNC:961	MONDO:0014343	biolink:gene_associated_with_condition	0
0.9216492	HGNC:970	MONDO:0032650	biolink:causes	0
0.9379255	HGNC:1020	MONDO:0008559	biolink:gene_associated_with_condition	0
0.5039571	HGNC:17208	MONDO:0008633	biolink:gene_associated_with_condition	0
0.95278543	HGNC:4332	MONDO:0007244	biolink:causes	0
0.7045892	HGNC:4332	MONDO:0044626	biolink:causes	0
0.9816087	HGNC:1067	MONDO:0957284	biolink:causes	0
0.1245888	HGNC:3581	MONDO:0012412	biolink:contributes_to	0
0.17738432	HGNC:1101	MONDO:0012980	biolink:gene_associated_with_condition	0
0.48054457	HGNC:1101	MONDO:0014997	biolink:contributes_to	0
0.7579816	HGNC:1144	MONDO:0007363	biolink:causes	0
0.6076043	HGNC:9831	MONDO:0007723	biolink:causes	0
0.93482417	HGNC:17770	MONDO:0020521	biolink:causes	0
0.36614022	HGNC:9910	MONDO:0008858	biolink:gene_associated_with_condition	0
0.20502889	HGNC:9910	MONDO:0011338	biolink:gene_associated_with_condition	0
0.63601995	HGNC:9910	MONDO:0019522	biolink:gene_associated_with_condition	0
0.43813106	HGNC:9910	MONDO:0031057	biolink:gene_associated_with_condition	0
0.5707068	HGNC:20759	MONDO:0009354	biolink:causes	0
0.57924336	HGNC:20759	MONDO:0013050	biolink:causes	0
0.9081101	HGNC:20759	MONDO:0020354	biolink:causes	0
0.39293554	HGNC:9955	MONDO:0013033	biolink:gene_associated_with_condition	0
0.88537383	HGNC:15578	MONDO:0859207	biolink:causes	0
0.707957	HGNC:15578	MONDO:0017811	biolink:causes	0
0.522421	HGNC:15578	MONDO:0009885	biolink:causes	0
0.9134579	HGNC:15578	MONDO:0020345	biolink:causes	0
0.74315375	HGNC:20788	MONDO:0020298	biolink:gene_associated_with_condition	0
0.88361156	HGNC:10024	MONDO:0008002	biolink:causes	0
0.32705072	HGNC:10024	MONDO:0018256	biolink:causes	0
0.8826986	HGNC:21686	MONDO:0013634	biolink:causes	0
0.3127469	HGNC:10057	MONDO:0007805	biolink:gene_associated_with_condition	0
0.97002304	HGNC:10193	MONDO:0100354	biolink:gene_associated_with_condition	0
0.9988097	HGNC:10193	MONDO:0060707	biolink:causes	0
0.66221154	HGNC:10254	MONDO:0019157	biolink:causes	0
0.85042334	HGNC:10260	MONDO:0007738	biolink:gene_associated_with_condition	0
0.7173774	HGNC:10260	MONDO:0032653	biolink:causes	0
0.8628393	HGNC:10345	MONDO:0007922	biolink:causes	0
0.721818	HGNC:10345	MONDO:0008306	biolink:causes	0
0.89019334	HGNC:10345	MONDO:0859238	biolink:causes	0
0.5366647	HGNC:10345	MONDO:0007797	biolink:causes	0
0.87747276	HGNC:10381	MONDO:0012866	biolink:gene_associated_with_condition	0
0.066707574	HGNC:10387	MONDO:0013554	biolink:gene_associated_with_condition	0
0.30264091	HGNC:10387	MONDO:0012996	biolink:gene_associated_with_condition	0
0.63925123	HGNC:10387	MONDO:0014052	biolink:gene_associated_with_condition	0
0.6995704	HGNC:10387	MONDO:0014135	biolink:gene_associated_with_condition	0
0.82433015	HGNC:10387	MONDO:0007537	biolink:gene_associated_with_condition	0
0.81567025	HGNC:10451	MONDO:0008436	biolink:causes	0
0.77307975	HGNC:10451	MONDO:0012892	biolink:causes	0
0.48198137	HGNC:10451	MONDO:0032646	biolink:causes	0
0.6810037	HGNC:21057	MONDO:0012143	biolink:causes	0
0.88843155	HGNC:10468	MONDO:0009143	biolink:gene_associated_with_condition	0
0.94588715	HGNC:18647	MONDO:0014305	biolink:causes	0
0.78837204	HGNC:28991	MONDO:0025354	biolink:causes	0
0.83993214	HGNC:28991	MONDO:0032937	biolink:causes	0
0.92650616	HGNC:10472	MONDO:0800026	biolink:causes	0
0.9475449	HGNC:10483	MONDO:0009478	biolink:gene_associated_with_condition	0
0.43292016	HGNC:21088	MONDO:0018206	biolink:causes	0
0.92286026	HGNC:10588	MONDO:0012803	biolink:causes	0
0.2650202	HGNC:10588	MONDO:0016863	biolink:gene_associated_with_condition	0
0.7908204	HGNC:10591	MONDO:0971064	biolink:gene_associated_with_condition	0
0.9825246	HGNC:10706	MONDO:0009796	biolink:causes	0
0.6790322	HGNC:10723	MONDO:0013512	biolink:causes	0
0.93328583	HGNC:10723	MONDO:0009475	biolink:causes	0
0.04020997	HGNC:1228	MONDO:0011484	biolink:causes	0
0.021319166	HGNC:1228	MONDO:0044255	biolink:causes	0
0.65602773	HGNC:10771	MONDO:0012382	biolink:gene_associated_with_condition	0
0.6781924	HGNC:10771	MONDO:0020603	biolink:gene_associated_with_condition	0
0.87791234	HGNC:10771	MONDO:0010645	biolink:gene_associated_with_condition	0
0.85621464	HGNC:10771	MONDO:0014665	biolink:causes	0
0.08036811	HGNC:13867	MONDO:0011184	biolink:causes	0
0.24385074	HGNC:13867	MONDO:0014141	biolink:causes	0
0.5779389	HGNC:10852	MONDO:0019407	biolink:causes	0
0.87847906	HGNC:19353	MONDO:0032653	biolink:gene_associated_with_condition	0
0.9733655	HGNC:19353	MONDO:0010176	biolink:gene_associated_with_condition	0
0.96073055	HGNC:10889	MONDO:0007949	biolink:gene_associated_with_condition	0
0.87342966	HGNC:11073	MONDO:0018336	biolink:causes	0
0.73930955	HGNC:23089	MONDO:0014480	biolink:causes	0
0.8073527	HGNC:23089	MONDO:0014343	biolink:causes	0
0.66513157	HGNC:23089	MONDO:0011273	biolink:causes	0
0.8728385	HGNC:14409	MONDO:0011603	biolink:causes	0
0.19394262	HGNC:14409	MONDO:0017111	biolink:causes	0
0.44865564	HGNC:3018	MONDO:0007556	biolink:gene_associated_with_condition	0
0.058179468	HGNC:14469	MONDO:0010056	biolink:gene_associated_with_condition	0
0.021695642	HGNC:14469	MONDO:0008673	biolink:gene_associated_with_condition	0
0.83330053	HGNC:11019	MONDO:0033620	biolink:gene_associated_with_condition	0
0.62233603	HGNC:11019	MONDO:0013531	biolink:gene_associated_with_condition	0
0.9500189	HGNC:11019	MONDO:0008377	biolink:gene_associated_with_condition	0
0.99045193	HGNC:20197	MONDO:0013482	biolink:causes	0
0.98533475	HGNC:20197	MONDO:0011397	biolink:causes	0
0.5753812	HGNC:18762	MONDO:0012080	biolink:causes	0
0.57967734	HGNC:29956	MONDO:0019373	biolink:causes	0
0.27612308	HGNC:10961	MONDO:0016216	biolink:gene_associated_with_condition	0
0.25774235	HGNC:10961	MONDO:0971069	biolink:gene_associated_with_condition	0
0.9126356	HGNC:10955	MONDO:0958085	biolink:causes	0
0.7638421	HGNC:17814	MONDO:0014836	biolink:causes	0
0.581563	HGNC:20297	MONDO:0100229	biolink:causes	0
0.9840852	HGNC:11102	MONDO:0016782	biolink:causes	0
0.9645951	HGNC:11102	MONDO:0012123	biolink:causes	0
0.9397305	HGNC:11102	MONDO:0021019	biolink:causes	0
0.80457425	HGNC:11109	MONDO:0008483	biolink:causes	0
0.47377852	HGNC:11118	MONDO:0009061	biolink:gene_associated_with_condition	0
0.55061513	HGNC:11138	MONDO:0010792	biolink:causes	0
0.5766635	HGNC:1246	MONDO:0008637	biolink:gene_associated_with_condition	0
0.8603496	HGNC:1375	MONDO:0032869	biolink:causes	0
0.74439365	HGNC:1375	MONDO:0032592	biolink:causes	0
0.888271	HGNC:27089	MONDO:0018332	biolink:causes	0
0.7068728	HGNC:27089	MONDO:0011239	biolink:gene_associated_with_condition	0
0.6821087	HGNC:27089	MONDO:0012205	biolink:gene_associated_with_condition	0
0.80686736	HGNC:27089	MONDO:0030875	biolink:gene_associated_with_condition	0
0.34260976	HGNC:17116	MONDO:0014603	biolink:causes	0
0.0549898	HGNC:17116	MONDO:0007137	biolink:causes	0
0.576185	HGNC:1541	MONDO:0011984	biolink:causes	0
0.65536827	HGNC:11161	MONDO:0011066	biolink:causes	0
0.7893456	HGNC:14967	MONDO:0009779	biolink:causes	0
0.65785545	HGNC:14967	MONDO:0015783	biolink:causes	0
0.03953945	HGNC:26293	MONDO:0044638	biolink:causes	0
0.62608445	HGNC:11280	MONDO:0018564	biolink:causes	0
0.798431	HGNC:11280	MONDO:0018417	biolink:causes	0
0.50993526	HGNC:11303	MONDO:0007158	biolink:gene_associated_with_condition	0
0.24484389	HGNC:18628	MONDO:0014343	biolink:causes	0
0.7483013	HGNC:11368	MONDO:0008377	biolink:causes	0
0.7237335	HGNC:24592	MONDO:0014072	biolink:causes	0
0.067667685	HGNC:24592	MONDO:0012883	biolink:causes	0
0.57987165	HGNC:24592	MONDO:0014995	biolink:causes	0
0.7528136	HGNC:24592	MONDO:0014429	biolink:causes	0
0.9519582	HGNC:17089	MONDO:0010933	biolink:causes	0
0.61469376	HGNC:11535	MONDO:0010122	biolink:causes	0
0.3893028	HGNC:11535	MONDO:0018000	biolink:gene_associated_with_condition	0
0.92447627	HGNC:11535	MONDO:0007875	biolink:causes	0
0.71706337	HGNC:11535	MONDO:0011713	biolink:gene_associated_with_condition	0
0.6676913	HGNC:11546	MONDO:0018393	biolink:causes	0
0.9886779	HGNC:26887	MONDO:0957876	biolink:causes	0
0.31247777	HGNC:11573	MONDO:0011829	biolink:gene_associated_with_condition	0
0.9873433	HGNC:11582	MONDO:0032872	biolink:gene_associated_with_condition	0
0.74419606	HGNC:11582	MONDO:0009061	biolink:gene_associated_with_condition	0
0.9798528	HGNC:11582	MONDO:0009593	biolink:causes	0
0.8676253	HGNC:29529	MONDO:0014094	biolink:gene_associated_with_condition	0
0.1626393	HGNC:11599	MONDO:0975757	biolink:causes	0
0.8225914	HGNC:11623	MONDO:0013587	biolink:causes	0
0.6667614	HGNC:11654	MONDO:0032577	biolink:causes	0
0.8851405	HGNC:11654	MONDO:0012041	biolink:causes	0
0.92080337	HGNC:25774	MONDO:0032868	biolink:causes	0
0.98035353	HGNC:25774	MONDO:0009953	biolink:causes	0
0.9367034	HGNC:25774	MONDO:0020745	biolink:causes	0
0.69019	HGNC:11720	MONDO:0008377	biolink:causes	0
0.19091545	HGNC:11720	MONDO:0010317	biolink:causes	0
0.10617646	HGNC:11720	MONDO:0013357	biolink:causes	0
0.11039138	HGNC:8117	MONDO:0013070	biolink:gene_associated_with_condition	0
0.012915317	HGNC:8117	MONDO:0014198	biolink:gene_associated_with_condition	0
0.0082391985	HGNC:8117	MONDO:0012624	biolink:gene_associated_with_condition	0
0.024374148	HGNC:8117	MONDO:0013587	biolink:gene_associated_with_condition	0
0.13466431	HGNC:8117	MONDO:0014343	biolink:gene_associated_with_condition	0
0.8054626	HGNC:11730	MONDO:0012904	biolink:causes	0
0.6082219	HGNC:11730	MONDO:0018055	biolink:causes	0
0.06321163	HGNC:11737	MONDO:0014857	biolink:gene_associated_with_condition	0
0.9211873	HGNC:11771	MONDO:0007794	biolink:gene_associated_with_condition	0
0.6405321	HGNC:11771	MONDO:0016598	biolink:gene_associated_with_condition	0
0.97545433	HGNC:11771	MONDO:0700250	biolink:causes	0
0.94650686	HGNC:11771	MONDO:0012520	biolink:causes	0
0.9369265	HGNC:11771	MONDO:0020692	biolink:causes	0
0.9575889	HGNC:11771	MONDO:0957281	biolink:causes	0
0.96633875	HGNC:11771	MONDO:0013323	biolink:gene_associated_with_condition	0
0.9474922	HGNC:11771	MONDO:0014343	biolink:causes	0
0.9556103	HGNC:11771	MONDO:0008377	biolink:causes	0
0.87009096	HGNC:11771	MONDO:0012041	biolink:gene_associated_with_condition	0
0.96434706	HGNC:11771	MONDO:0012225	biolink:gene_associated_with_condition	0
0.74870604	HGNC:11771	MONDO:0016681	biolink:gene_associated_with_condition	0
0.5633838	HGNC:11776	MONDO:0008278	biolink:gene_associated_with_condition	0
0.7668538	HGNC:11776	MONDO:0008377	biolink:gene_associated_with_condition	0
0.65699697	HGNC:11776	MONDO:0013125	biolink:gene_associated_with_condition	0
0.88043845	HGNC:11781	MONDO:0054615	biolink:gene_associated_with_condition	0
0.9681436	HGNC:11795	MONDO:0007042	biolink:gene_associated_with_condition	0
0.86887485	HGNC:11795	MONDO:0007958	biolink:causes	0
0.47931862	HGNC:11795	MONDO:0016598	biolink:gene_associated_with_condition	0
0.8757738	HGNC:11795	MONDO:0009892	biolink:gene_associated_with_condition	0
0.88219845	HGNC:11795	MONDO:0010747	biolink:gene_associated_with_condition	0
0.9624259	HGNC:11795	MONDO:0013885	biolink:gene_associated_with_condition	0
0.89175725	HGNC:17754	MONDO:0013526	biolink:causes	0
0.9314135	HGNC:17754	MONDO:0957382	biolink:causes	0
0.8355535	HGNC:29118	MONDO:0015278	biolink:causes	0
0.07371011	HGNC:25913	MONDO:0016281	biolink:gene_associated_with_condition	0
0.15270591	HGNC:26038	MONDO:0007922	biolink:gene_associated_with_condition	0
0.99275184	HGNC:37234	MONDO:0007032	biolink:causes	0
0.9948053	HGNC:37234	MONDO:0014693	biolink:causes	0
0.9697785	HGNC:11944	MONDO:0014419	biolink:causes	0
0.90134406	HGNC:11944	MONDO:0019947	biolink:causes	0
0.829436	HGNC:19661	MONDO:0016103	biolink:causes	0
0.7744498	HGNC:12015	MONDO:0017696	biolink:causes	0
0.19048731	HGNC:1343	MONDO:0013222	biolink:causes	0
0.63145083	HGNC:1343	MONDO:0020378	biolink:causes	0
0.24771799	HGNC:1343	MONDO:0007925	biolink:contributes_to	0
0.9608661	HGNC:23068	MONDO:0007790	biolink:causes	0
0.9360362	HGNC:12261	MONDO:0013060	biolink:causes	0
0.91098386	HGNC:12261	MONDO:0009855	biolink:causes	0
0.6291255	HGNC:12261	MONDO:0007361	biolink:causes	0
0.94598395	HGNC:12261	MONDO:0011529	biolink:causes	0
0.84738934	HGNC:17761	MONDO:0014210	biolink:causes	0
0.2342404	HGNC:12299	MONDO:0014686	biolink:gene_associated_with_condition	0
0.23848732	HGNC:12299	MONDO:0033045	biolink:gene_associated_with_condition	0
0.9688128	HGNC:14006	MONDO:0007922	biolink:causes	0
0.861148	HGNC:12362	MONDO:0015278	biolink:causes	0
0.82441145	HGNC:12362	MONDO:0032712	biolink:causes	0
0.8017363	HGNC:21641	MONDO:0007537	biolink:causes	0
0.16703348	HGNC:19141	MONDO:0012911	biolink:causes	0
0.10613774	HGNC:19141	MONDO:0700297	biolink:causes	0
0.6747283	HGNC:23700	MONDO:0014343	biolink:causes	0
0.95019644	HGNC:12403	MONDO:0968976	biolink:causes	0
0.9002987	HGNC:12403	MONDO:0032636	biolink:gene_associated_with_condition	0
0.9671728	HGNC:12403	MONDO:0014343	biolink:gene_associated_with_condition	0
0.96803135	HGNC:12403	MONDO:0014853	biolink:gene_associated_with_condition	0
0.9355697	HGNC:12405	MONDO:0009855	biolink:causes	0
0.80346364	HGNC:20772	MONDO:0011830	biolink:gene_associated_with_condition	0
0.97263306	HGNC:1160	MONDO:0030055	biolink:gene_associated_with_condition	0
0.43842646	HGNC:12463	MONDO:0958085	biolink:gene_associated_with_condition	0
0.5420362	HGNC:12463	MONDO:0007288	biolink:gene_associated_with_condition	0
0.55814713	HGNC:12463	MONDO:0011823	biolink:gene_associated_with_condition	0
0.75146323	HGNC:14304	MONDO:0012166	biolink:causes	0
0.7197111	HGNC:14304	MONDO:0032572	biolink:causes	0
0.6845896	HGNC:14304	MONDO:0007615	biolink:causes	0
0.77705866	HGNC:14304	MONDO:0019123	biolink:causes	0
0.6265201	HGNC:14304	MONDO:0032892	biolink:causes	0
0.22593483	HGNC:12572	MONDO:0017389	biolink:gene_associated_with_condition	0
0.42423466	HGNC:12593	MONDO:0011830	biolink:contributes_to	0
0.13018897	HGNC:12593	MONDO:0971064	biolink:contributes_to	0
0.75045305	HGNC:12597	MONDO:0014343	biolink:causes	0
0.93135375	HGNC:20080	MONDO:0012689	biolink:causes	0
0.8259868	HGNC:12666	MONDO:0011226	biolink:gene_associated_with_condition	0
0.93700045	HGNC:12666	MONDO:0014343	biolink:causes	0
0.2670197	HGNC:12687	MONDO:0800452	biolink:gene_associated_with_condition	0
0.8348857	HGNC:12687	MONDO:0008377	biolink:gene_associated_with_condition	0
0.26397264	HGNC:13488	MONDO:0014918	biolink:gene_associated_with_condition	0
0.47834674	HGNC:13488	MONDO:0011156	biolink:causes	0
0.42274916	HGNC:13488	MONDO:0009867	biolink:causes	0
0.412193	HGNC:13488	MONDO:0008693	biolink:gene_associated_with_condition	0
0.5227772	HGNC:13488	MONDO:0012221	biolink:causes	0
0.51282185	HGNC:14579	MONDO:0014386	biolink:causes	0
0.8051792	HGNC:14579	MONDO:0009529	biolink:causes	0
0.88281643	HGNC:28385	MONDO:0017360	biolink:causes	0
0.8116719	HGNC:28984	MONDO:0100468	biolink:causes	0
0.7775849	HGNC:25072	MONDO:0013034	biolink:causes	0
0.8513779	HGNC:25072	MONDO:0014429	biolink:causes	0
0.7274066	HGNC:26790	MONDO:0014343	biolink:causes	0
0.008088158	HGNC:26790	MONDO:0044255	biolink:causes	0
0.05065728	HGNC:14544	MONDO:0008931	biolink:gene_associated_with_condition	0
0.14557016	HGNC:14544	MONDO:0100101	biolink:gene_associated_with_condition	0
0.61103016	HGNC:12810	MONDO:0011724	biolink:causes	0
0.9963169	HGNC:15516	MONDO:0009079	biolink:gene_associated_with_condition	0
0.97887784	HGNC:15516	MONDO:0008377	biolink:gene_associated_with_condition	0
0.98313016	HGNC:15516	MONDO:0060729	biolink:causes	0
0.6606871	HGNC:12851	MONDO:0031446	biolink:gene_associated_with_condition	0
0.3346968	HGNC:12852	MONDO:0014745	biolink:causes	0
0.8424707	HGNC:20761	MONDO:0008854	biolink:causes	0
0.9796942	HGNC:20761	MONDO:0958242	biolink:causes	0
0.9848018	HGNC:12877	MONDO:0010839	biolink:gene_associated_with_condition	0
0.9805093	HGNC:12877	MONDO:0015519	biolink:gene_associated_with_condition	0
0.9858218	HGNC:12877	MONDO:0008377	biolink:gene_associated_with_condition	0
0.976024	HGNC:12309	MONDO:0020507	biolink:causes	0
0.93441993	HGNC:12309	MONDO:0007841	biolink:causes	0
0.9973947	HGNC:29316	MONDO:0010077	biolink:causes	0
0.020424822	HGNC:10632	MONDO:0010028	biolink:contributes_to	0
0.26687998	HGNC:1706	MONDO:0010250	biolink:gene_associated_with_condition	0
0.90595746	HGNC:1630	MONDO:0009657	biolink:gene_associated_with_condition	0
0.28858516	HGNC:1718	MONDO:0044714	biolink:causes	0
0.24978554	HGNC:1723	MONDO:0007404	biolink:causes	0
0.77856094	HGNC:1786	MONDO:0020506	biolink:gene_associated_with_condition	0
0.9939872	HGNC:1786	MONDO:0032855	biolink:causes	0
0.97363347	HGNC:1786	MONDO:0031481	biolink:gene_associated_with_condition	0
0.26529205	HGNC:26684	MONDO:0007838	biolink:causes	0
0.47691622	HGNC:26684	MONDO:0013212	biolink:causes	0
0.32631847	HGNC:26684	MONDO:0030054	biolink:gene_associated_with_condition	0
0.30302984	HGNC:28506	MONDO:0013962	biolink:gene_associated_with_condition	0
0.2894218	HGNC:28506	MONDO:0016216	biolink:gene_associated_with_condition	0
0.08081164	HGNC:28506	MONDO:0976266	biolink:gene_associated_with_condition	0
0.11714153	HGNC:4888	MONDO:0957202	biolink:contributes_to	0
0.45887536	HGNC:4888	MONDO:0014343	biolink:gene_associated_with_condition	0
0.13295662	HGNC:16627	MONDO:0013529	biolink:gene_associated_with_condition	0
0.94740295	HGNC:21219	MONDO:0015278	biolink:causes	0
0.017003512	HGNC:21219	MONDO:0044224	biolink:causes	0
0.7867317	HGNC:103	MONDO:0008546	biolink:causes	0
0.6708414	HGNC:103	MONDO:0008485	biolink:causes	0
0.18603007	HGNC:7877	MONDO:0011285	biolink:causes	0
0.82955664	HGNC:8011	MONDO:0011713	biolink:gene_associated_with_condition	0
0.96101	HGNC:2198	MONDO:0008542	biolink:gene_associated_with_condition	0
0.9747176	HGNC:2198	MONDO:0010510	biolink:gene_associated_with_condition	0
0.9724238	HGNC:2198	MONDO:0957993	biolink:causes	0
0.9840215	HGNC:2201	MONDO:0020727	biolink:causes	0
0.93285966	HGNC:2213	MONDO:0014343	biolink:causes	0
0.9837891	HGNC:2186	MONDO:0010339	biolink:gene_associated_with_condition	0
0.9687899	HGNC:2186	MONDO:0011351	biolink:causes	0
0.9675983	HGNC:2190	MONDO:0033365	biolink:causes	0
0.5076452	HGNC:18603	MONDO:0020507	biolink:gene_associated_with_condition	0
0.87053883	HGNC:25223	MONDO:0011239	biolink:contributes_to	0
0.87185454	HGNC:20233	MONDO:0100252	biolink:gene_associated_with_condition	0
0.42764843	HGNC:11701	MONDO:0013162	biolink:causes	0
0.22789465	HGNC:11701	MONDO:0013384	biolink:causes	0
0.080302864	HGNC:2511	MONDO:0018254	biolink:causes	0
0.7992546	HGNC:2511	MONDO:0016309	biolink:causes	0
0.63019335	HGNC:2527	MONDO:0008542	biolink:causes	0
0.77645725	HGNC:2527	MONDO:0010099	biolink:causes	0
0.9391695	HGNC:28672	MONDO:0032612	biolink:causes	0
0.4864675	HGNC:2621	MONDO:0007363	biolink:causes	0
0.94807667	HGNC:2592	MONDO:0009890	biolink:gene_associated_with_condition	0
0.89589924	HGNC:2592	MONDO:0009495	biolink:causes	0
0.94762534	HGNC:2592	MONDO:0014309	biolink:gene_associated_with_condition	0
0.62678504	HGNC:26383	MONDO:0008234	biolink:causes	0
0.7670257	HGNC:2714	MONDO:0013391	biolink:causes	0
0.96373194	HGNC:2846	MONDO:0008542	biolink:causes	0
0.91789275	HGNC:2846	MONDO:0012656	biolink:causes	0
0.9333238	HGNC:2858	MONDO:0009210	biolink:causes	0
0.9236374	HGNC:2858	MONDO:0014998	biolink:gene_associated_with_condition	0
0.9816109	HGNC:2858	MONDO:0030312	biolink:gene_associated_with_condition	0
0.9486474	HGNC:2858	MONDO:0014343	biolink:causes	0
0.98732334	HGNC:2858	MONDO:0011229	biolink:causes	0
0.012556444	HGNC:23537	MONDO:0044224	biolink:causes	0
0.90927833	HGNC:23537	MONDO:0013797	biolink:causes	0
0.81567574	HGNC:17210	MONDO:0007158	biolink:causes	0
0.8021738	HGNC:17210	MONDO:0014539	biolink:gene_associated_with_condition	0
0.8277697	HGNC:2898	MONDO:0014118	biolink:gene_associated_with_condition	0
0.7531017	HGNC:2908	MONDO:0013872	biolink:gene_associated_with_condition	0
0.9171395	HGNC:2916	MONDO:0958189	biolink:causes	0
0.35328513	HGNC:2916	MONDO:0004951	biolink:causes	0
0.6899473	HGNC:2950	MONDO:0014343	biolink:causes	0
0.7856267	HGNC:2973	MONDO:0012738	biolink:gene_associated_with_condition	0
0.8666612	HGNC:2978	MONDO:0019374	biolink:causes	0
0.7504856	HGNC:2978	MONDO:0009252	biolink:causes	0
0.8785557	HGNC:2978	MONDO:0014089	biolink:causes	0
0.4063133	HGNC:2988	MONDO:0011239	biolink:gene_associated_with_condition	0
0.8913448	HGNC:2988	MONDO:0008377	biolink:gene_associated_with_condition	0
0.7980572	HGNC:3003	MONDO:0010392	biolink:gene_associated_with_condition	0
0.57520384	HGNC:3010	MONDO:0008542	biolink:contributes_to	0
0.8843178	HGNC:3010	MONDO:0010933	biolink:causes	0
0.86953735	HGNC:21307	MONDO:0013342	biolink:causes	0
0.77702445	HGNC:21307	MONDO:0016563	biolink:causes	0
0.5777412	HGNC:20908	MONDO:0035651	biolink:causes	0
0.21754242	HGNC:20908	MONDO:0009232	biolink:causes	0
0.87343967	HGNC:20908	MONDO:0009215	biolink:causes	0
0.9833866	HGNC:3219	MONDO:0012434	biolink:causes	0
0.10057177	HGNC:3219	MONDO:0015635	biolink:causes	0
0.8786667	HGNC:3239	MONDO:0014343	biolink:causes	0
0.98253995	HGNC:3255	MONDO:0012892	biolink:gene_associated_with_condition	0
0.88212514	HGNC:3255	MONDO:0012395	biolink:gene_associated_with_condition	0
0.7505485	HGNC:3255	MONDO:0026777	biolink:gene_associated_with_condition	0
0.19508669	HGNC:3257	MONDO:0008340	biolink:causes	0
0.22828917	HGNC:3257	MONDO:0016476	biolink:gene_associated_with_condition	0
0.8447866	HGNC:3257	MONDO:0014339	biolink:causes	0
0.7500831	HGNC:3257	MONDO:0009925	biolink:gene_associated_with_condition	0
0.08105547	HGNC:3257	MONDO:0010169	biolink:gene_associated_with_condition	0
0.7363645	HGNC:3267	MONDO:0014222	biolink:causes	0
0.90096396	HGNC:3267	MONDO:0012693	biolink:causes	0
0.86389047	HGNC:14198	MONDO:0019758	biolink:contributes_to	0
0.9652924	HGNC:14418	MONDO:0011106	biolink:causes	0
0.98102784	HGNC:14418	MONDO:0032726	biolink:causes	0
0.9741708	HGNC:14415	MONDO:0016563	biolink:causes	0
0.40609914	HGNC:14415	MONDO:0016579	biolink:causes	0
0.74392945	HGNC:14415	MONDO:0850095	biolink:causes	0
0.7546966	HGNC:11529	MONDO:0007057	biolink:causes	0
0.5441769	HGNC:3433	MONDO:0019310	biolink:causes	0
0.7656969	HGNC:3433	MONDO:0859160	biolink:causes	0
0.8533597	HGNC:3446	MONDO:0008490	biolink:causes	0
0.948415	HGNC:23994	MONDO:0009031	biolink:causes	0
0.7546966	MONDO:0007057	HGNC:11529	biolink:causes	0
0.12610574	MONDO:0007137	HGNC:21497	biolink:causes	0
0.08954173	MONDO:0007137	HGNC:6541	biolink:gene_associated_with_condition	0
0.6731023	MONDO:0007137	HGNC:13601	biolink:gene_associated_with_condition	0
0.07755401	MONDO:0007137	HGNC:2468	biolink:causes	0
0.0549898	MONDO:0007137	HGNC:17116	biolink:causes	0
0.76987505	MONDO:0007157	HGNC:7132	biolink:gene_associated_with_condition	0
0.85177445	MONDO:0007157	HGNC:20439	biolink:gene_associated_with_condition	0
0.9204058	MONDO:0007157	HGNC:23216	biolink:causes	0
0.9056541	MONDO:0007205	HGNC:23734	biolink:causes	0
0.43212804	MONDO:0007221	HGNC:10998	biolink:gene_associated_with_condition	0
0.6345176	MONDO:0007221	HGNC:2760	biolink:causes	0
0.84929377	MONDO:0007349	HGNC:20773	biolink:causes	0
0.6798393	MONDO:0007361	HGNC:8101	biolink:causes	0
0.6291255	MONDO:0007361	HGNC:12261	biolink:causes	0
0.21435767	MONDO:0007377	HGNC:11998	biolink:gene_associated_with_condition	0
0.22139661	MONDO:0007377	HGNC:2001	biolink:causes	0
0.96727544	MONDO:0007381	HGNC:757	biolink:causes	0
0.82569486	MONDO:0007381	HGNC:7708	biolink:causes	0
0.9472016	MONDO:0007445	HGNC:26222	biolink:causes	0
0.84355533	MONDO:0007485	HGNC:2514	biolink:gene_associated_with_condition	0
0.088763595	MONDO:0007485	HGNC:17019	biolink:causes	0
0.86156124	MONDO:0007537	HGNC:4689	biolink:causes	0
0.93219125	MONDO:0007537	HGNC:23657	biolink:causes	0
0.9641881	MONDO:0007537	HGNC:6769	biolink:gene_associated_with_condition	0
0.99774504	MONDO:0007537	HGNC:13556	biolink:causes	0
0.82433015	MONDO:0007537	HGNC:10387	biolink:gene_associated_with_condition	0
0.8017363	MONDO:0007537	HGNC:21641	biolink:causes	0
0.6953231	MONDO:0007561	HGNC:1529	biolink:gene_associated_with_condition	0
0.8683415	MONDO:0007561	HGNC:14575	biolink:gene_associated_with_condition	0
0.3792922	MONDO:0007589	HGNC:4707	biolink:causes	0
0.88395953	MONDO:0007589	HGNC:6284	biolink:causes	0
0.8460127	MONDO:0007589	HGNC:9039	biolink:gene_associated_with_condition	0
0.3388727	MONDO:0007677	HGNC:5246	biolink:causes	0
0.2712356	MONDO:0007681	HGNC:10019	biolink:causes	0
0.9734334	MONDO:0007777	HGNC:4823	biolink:causes	0
0.47437647	MONDO:0007797	HGNC:11100	biolink:causes	0
0.5366647	MONDO:0007797	HGNC:10345	biolink:causes	0
0.29682252	MONDO:0007805	HGNC:11998	biolink:gene_associated_with_condition	0
0.3127469	MONDO:0007805	HGNC:10057	biolink:gene_associated_with_condition	0
0.8256661	MONDO:0007813	HGNC:13841	biolink:causes	0
0.93441993	MONDO:0007841	HGNC:12309	biolink:causes	0
0.109827735	MONDO:0007845	HGNC:1346	biolink:causes	0
0.93307203	MONDO:0007881	HGNC:9039	biolink:gene_associated_with_condition	0
0.36000165	MONDO:0007925	HGNC:329	biolink:causes	0
0.766491	MONDO:0007925	HGNC:4175	biolink:gene_associated_with_condition	0
0.20161751	MONDO:0007925	HGNC:1527	biolink:causes	0
0.84605104	MONDO:0007925	HGNC:7883	biolink:causes	0
0.24771799	MONDO:0007925	HGNC:1343	biolink:contributes_to	0
0.27299666	MONDO:0007949	HGNC:10484	biolink:gene_associated_with_condition	0
0.913229	MONDO:0007949	HGNC:9922	biolink:gene_associated_with_condition	0
0.4040116	MONDO:0007949	HGNC:25808	biolink:causes	0
0.9632828	MONDO:0007949	HGNC:18550	biolink:causes	0
0.90210843	MONDO:0007949	HGNC:26144	biolink:contributes_to	0
0.96073055	MONDO:0007949	HGNC:10889	biolink:gene_associated_with_condition	0
0.8501468	MONDO:0008005	HGNC:7590	biolink:causes	0
0.9945352	MONDO:0008005	HGNC:2200	biolink:gene_associated_with_condition	0
0.6671309	MONDO:0008005	HGNC:9382	biolink:causes	0
0.9188107	MONDO:0008061	HGNC:2197	biolink:causes	0
0.8624111	MONDO:0008061	HGNC:3356	biolink:gene_associated_with_condition	0
0.39363244	MONDO:0008061	HGNC:8941	biolink:gene_associated_with_condition	0
0.98191595	MONDO:0008097	HGNC:2379	biolink:gene_associated_with_condition	0
0.8716935	MONDO:0008097	HGNC:485	biolink:causes	0
0.9811833	MONDO:0008153	HGNC:23399	biolink:causes	0
0.89812446	MONDO:0008153	HGNC:31923	biolink:causes	0
0.59981614	MONDO:0008201	HGNC:21020	biolink:gene_associated_with_condition	0
0.96914756	MONDO:0008377	HGNC:4162	biolink:causes	0
0.96973	MONDO:0008377	HGNC:5006	biolink:causes	0
0.8857986	MONDO:0008377	HGNC:23045	biolink:causes	0
0.9210746	MONDO:0008377	HGNC:7450	biolink:gene_associated_with_condition	0
0.309543	MONDO:0008377	HGNC:22448	biolink:causes	0
0.9509271	MONDO:0008377	HGNC:8617	biolink:causes	0
0.92402446	MONDO:0008377	HGNC:25686	biolink:causes	0
0.9256238	MONDO:0008377	HGNC:983	biolink:gene_associated_with_condition	0
0.8511692	MONDO:0008377	HGNC:9970	biolink:gene_associated_with_condition	0
0.8659974	MONDO:0008377	HGNC:10298	biolink:causes	0
0.96121246	MONDO:0008377	HGNC:20323	biolink:causes	0
0.9778552	MONDO:0008377	HGNC:1529	biolink:causes	0
0.9123995	MONDO:0008377	HGNC:11195	biolink:gene_associated_with_condition	0
0.9639357	MONDO:0008377	HGNC:12373	biolink:gene_associated_with_condition	0
0.97611904	MONDO:0008377	HGNC:26262	biolink:gene_associated_with_condition	0
0.92092186	MONDO:0008377	HGNC:29594	biolink:causes	0
0.9724326	MONDO:0008377	HGNC:23595	biolink:gene_associated_with_condition	0
0.9707892	MONDO:0008377	HGNC:12774	biolink:gene_associated_with_condition	0
0.9770135	MONDO:0008377	HGNC:24931	biolink:gene_associated_with_condition	0
0.93212724	MONDO:0008377	HGNC:16783	biolink:gene_associated_with_condition	0
0.9424352	MONDO:0008377	HGNC:236	biolink:causes	0
0.751599	MONDO:0008377	HGNC:4516	biolink:causes	0
0.9503871	MONDO:0008377	HGNC:3754	biolink:causes	0
0.6147729	MONDO:0008377	HGNC:29682	biolink:causes	0
0.97568226	MONDO:0008377	HGNC:29670	biolink:gene_associated_with_condition	0
0.95843494	MONDO:0008377	HGNC:6081	biolink:causes	0
0.9845307	MONDO:0008377	HGNC:757	biolink:gene_associated_with_condition	0
0.84180367	MONDO:0008377	HGNC:6893	biolink:gene_associated_with_condition	0
0.96947396	MONDO:0008377	HGNC:7744	biolink:contributes_to	0
0.9597052	MONDO:0008377	HGNC:18591	biolink:causes	0
0.9728526	MONDO:0008377	HGNC:28993	biolink:causes	0
0.89846206	MONDO:0008377	HGNC:30889	biolink:causes	0
0.93905956	MONDO:0008377	HGNC:13222	biolink:causes	0
0.9623622	MONDO:0008377	HGNC:9879	biolink:causes	0
0.35640174	MONDO:0008377	HGNC:29187	biolink:causes	0
0.87653637	MONDO:0008377	HGNC:1539	biolink:gene_associated_with_condition	0
0.97147995	MONDO:0008377	HGNC:28261	biolink:causes	0
0.9153064	MONDO:0008377	HGNC:11998	biolink:gene_associated_with_condition	0
0.9485426	MONDO:0008377	HGNC:2379	biolink:causes	0
0.92196125	MONDO:0008377	HGNC:3662	biolink:gene_associated_with_condition	0
0.9459818	MONDO:0008377	HGNC:3694	biolink:gene_associated_with_condition	0
0.6548567	MONDO:0008377	HGNC:10378	biolink:causes	0
0.58112097	MONDO:0008377	HGNC:8029	biolink:causes	0
0.9471797	MONDO:0008377	HGNC:23213	biolink:gene_associated_with_condition	0
0.9649845	MONDO:0008377	HGNC:9386	biolink:gene_associated_with_condition	0
0.5744608	MONDO:0008377	HGNC:9864	biolink:gene_associated_with_condition	0
0.916448	MONDO:0008377	HGNC:10593	biolink:causes	0
0.8296814	MONDO:0008377	HGNC:8941	biolink:gene_associated_with_condition	0
0.9497948	MONDO:0008377	HGNC:11179	biolink:causes	0
0.938423	MONDO:0008377	HGNC:11301	biolink:gene_associated_with_condition	0
0.97665375	MONDO:0008377	HGNC:16035	biolink:causes	0
0.94847053	MONDO:0008377	HGNC:11949	biolink:gene_associated_with_condition	0
0.96822405	MONDO:0008377	HGNC:12873	biolink:gene_associated_with_condition	0
0.924743	MONDO:0008377	HGNC:1966	biolink:causes	0
0.8155076	MONDO:0008377	HGNC:19124	biolink:gene_associated_with_condition	0
0.9700973	MONDO:0008377	HGNC:18625	biolink:causes	0
0.9157593	MONDO:0008377	HGNC:4887	biolink:gene_associated_with_condition	0
0.9030296	MONDO:0008377	HGNC:5248	biolink:causes	0
0.8125633	MONDO:0008377	HGNC:5439	biolink:gene_associated_with_condition	0
0.99564373	MONDO:0008377	HGNC:29077	biolink:contributes_to	0
0.38483277	MONDO:0008377	HGNC:6619	biolink:gene_associated_with_condition	0
0.9599168	MONDO:0008377	HGNC:1968	biolink:causes	0
0.95005614	MONDO:0008377	HGNC:19691	biolink:gene_associated_with_condition	0
0.96487826	MONDO:0008377	HGNC:7176	biolink:causes	0
0.70290446	MONDO:0008377	HGNC:7545	biolink:gene_associated_with_condition	0
0.9951408	MONDO:0008377	HGNC:26257	biolink:contributes_to	0
0.6601758	MONDO:0008377	HGNC:25415	biolink:causes	0
0.9500189	MONDO:0008377	HGNC:11019	biolink:gene_associated_with_condition	0
0.7483013	MONDO:0008377	HGNC:11368	biolink:causes	0
0.69019	MONDO:0008377	HGNC:11720	biolink:causes	0
0.9556103	MONDO:0008377	HGNC:11771	biolink:causes	0
0.7668538	MONDO:0008377	HGNC:11776	biolink:gene_associated_with_condition	0
0.8348857	MONDO:0008377	HGNC:12687	biolink:gene_associated_with_condition	0
0.97887784	MONDO:0008377	HGNC:15516	biolink:gene_associated_with_condition	0
0.9858218	MONDO:0008377	HGNC:12877	biolink:gene_associated_with_condition	0
0.8913448	MONDO:0008377	HGNC:2988	biolink:gene_associated_with_condition	0
0.78633416	MONDO:0008393	HGNC:8657	biolink:causes	0
0.89725065	MONDO:0008393	HGNC:3004	biolink:causes	0
0.57341516	MONDO:0008437	HGNC:2528	biolink:causes	0
0.71769565	MONDO:0008437	HGNC:17993	biolink:causes	0
0.6708414	MONDO:0008485	HGNC:103	biolink:causes	0
0.9572025	MONDO:0008501	HGNC:6742	biolink:causes	0
0.54192764	MONDO:0008633	HGNC:11276	biolink:causes	0
0.5039571	MONDO:0008633	HGNC:17208	biolink:gene_associated_with_condition	0
0.32985002	MONDO:0008637	HGNC:132	biolink:gene_associated_with_condition	0
0.56614363	MONDO:0008637	HGNC:12469	biolink:gene_associated_with_condition	0
0.9624018	MONDO:0008637	HGNC:29203	biolink:gene_associated_with_condition	0
0.31739125	MONDO:0008637	HGNC:4887	biolink:gene_associated_with_condition	0
0.5766635	MONDO:0008637	HGNC:1246	biolink:gene_associated_with_condition	0
0.7537571	MONDO:0008673	HGNC:7693	biolink:causes	0
0.3795688	MONDO:0008673	HGNC:29873	biolink:causes	0
0.97078586	MONDO:0008673	HGNC:3005	biolink:gene_associated_with_condition	0
0.78510106	MONDO:0008673	HGNC:4593	biolink:gene_associated_with_condition	0
0.021695642	MONDO:0008673	HGNC:14469	biolink:gene_associated_with_condition	0
0.84242314	MONDO:0008689	HGNC:5439	biolink:gene_associated_with_condition	0
0.6733763	MONDO:0008689	HGNC:17073	biolink:causes	0
0.86240876	MONDO:0008693	HGNC:4193	biolink:causes	0
0.412193	MONDO:0008693	HGNC:13488	biolink:gene_associated_with_condition	0
0.6759391	MONDO:0008701	HGNC:3508	biolink:gene_associated_with_condition	0
0.47313544	MONDO:0008705	HGNC:19263	biolink:causes	0
0.0265074	MONDO:0008705	HGNC:16709	biolink:causes	0
0.015356947	MONDO:0008705	HGNC:16700	biolink:causes	0
0.8450125	MONDO:0008713	HGNC:10979	biolink:causes	0
0.93122107	MONDO:0008765	HGNC:1388	biolink:gene_associated_with_condition	0
0.9757121	MONDO:0008777	HGNC:3603	biolink:gene_associated_with_condition	0
0.62462103	MONDO:0008817	HGNC:15714	biolink:causes	0
0.06775574	MONDO:0008817	HGNC:29536	biolink:causes	0
0.5198532	MONDO:0008817	HGNC:21208	biolink:causes	0
0.727532	MONDO:0008881	HGNC:8591	biolink:causes	0
0.79127896	MONDO:0008885	HGNC:4689	biolink:causes	0
0.974624	MONDO:0008885	HGNC:888	biolink:causes	0
0.6510102	MONDO:0009053	HGNC:6320	biolink:causes	0
0.58834213	MONDO:0009053	HGNC:9970	biolink:gene_associated_with_condition	0
0.38378328	MONDO:0009053	HGNC:392	biolink:gene_associated_with_condition	0
0.996797	MONDO:0009053	HGNC:5154	biolink:gene_associated_with_condition	0
0.8494038	MONDO:0009053	HGNC:358	biolink:causes	0
0.8085981	MONDO:0009061	HGNC:23088	biolink:causes	0
0.4921113	MONDO:0009061	HGNC:12373	biolink:gene_associated_with_condition	0
0.782646	MONDO:0009061	HGNC:3497	biolink:gene_associated_with_condition	0
0.41473392	MONDO:0009061	HGNC:5208	biolink:causes	0
0.5791833	MONDO:0009061	HGNC:6654	biolink:causes	0
0.15351927	MONDO:0009061	HGNC:21290	biolink:causes	0
0.30697635	MONDO:0009061	HGNC:9871	biolink:causes	0
0.5679304	MONDO:0009061	HGNC:17993	biolink:causes	0
0.39635193	MONDO:0009061	HGNC:24650	biolink:gene_associated_with_condition	0
0.4320475	MONDO:0009061	HGNC:6816	biolink:causes	0
0.47377852	MONDO:0009061	HGNC:11118	biolink:gene_associated_with_condition	0
0.74419606	MONDO:0009061	HGNC:11582	biolink:gene_associated_with_condition	0
0.9898605	MONDO:0009069	HGNC:3356	biolink:causes	0
0.926787	MONDO:0009073	HGNC:2019	biolink:causes	0
0.6835205	MONDO:0009109	HGNC:10023	biolink:causes	0
0.41322702	MONDO:0009109	HGNC:10593	biolink:causes	0
0.85596406	MONDO:0009113	HGNC:613	biolink:contributes_to	0
0.6474739	MONDO:0009113	HGNC:10256	biolink:causes	0
0.9506753	MONDO:0009161	HGNC:4241	biolink:gene_associated_with_condition	0
0.9956416	MONDO:0009213	HGNC:10818	biolink:causes	0
0.9847488	MONDO:0009265	HGNC:19189	biolink:causes	0
0.94458985	MONDO:0009265	HGNC:24576	biolink:causes	0
0.86623466	MONDO:0009281	HGNC:6595	biolink:causes	0
0.97841144	MONDO:0009353	HGNC:24123	biolink:causes	0
0.93335265	MONDO:0009377	HGNC:4236	biolink:causes	0
0.97378135	MONDO:0009377	HGNC:14262	biolink:causes	0
0.98444647	MONDO:0009397	HGNC:9879	biolink:causes	0
0.8818759	MONDO:0009413	HGNC:3522	biolink:causes	0
0.9193374	MONDO:0009461	HGNC:6207	biolink:causes	0
0.9887251	MONDO:0009461	HGNC:26521	biolink:causes	0
0.69099206	MONDO:0009469	HGNC:3677	biolink:causes	0
0.9575315	MONDO:0009477	HGNC:20105	biolink:causes	0
0.20286538	MONDO:0009477	HGNC:11998	biolink:gene_associated_with_condition	0
0.868393	MONDO:0009485	HGNC:16783	biolink:causes	0
0.9419072	MONDO:0009505	HGNC:18083	biolink:causes	0
0.94608015	MONDO:0009505	HGNC:6391	biolink:gene_associated_with_condition	0
0.7387127	MONDO:0009513	HGNC:26784	biolink:gene_associated_with_condition	0
0.4030797	MONDO:0009513	HGNC:10383	biolink:causes	0
0.69059175	MONDO:0009513	HGNC:6769	biolink:causes	0
0.8051792	MONDO:0009529	HGNC:14579	biolink:causes	0
0.9798528	MONDO:0009593	HGNC:11582	biolink:causes	0
0.91037494	MONDO:0009609	HGNC:6970	biolink:causes	0
0.91570723	MONDO:0009609	HGNC:6990	biolink:gene_associated_with_condition	0
0.12239535	MONDO:0009617	HGNC:23212	biolink:causes	0
0.8794039	MONDO:0009625	HGNC:2348	biolink:causes	0
0.33170906	MONDO:0009625	HGNC:23094	biolink:causes	0
0.8896567	MONDO:0009625	HGNC:9118	biolink:gene_associated_with_condition	0
0.52229106	MONDO:0009653	HGNC:14214	biolink:causes	0
0.81365854	MONDO:0009653	HGNC:17272	biolink:causes	0
0.72226244	MONDO:0009653	HGNC:23639	biolink:causes	0
0.9423661	MONDO:0009657	HGNC:3671	biolink:gene_associated_with_condition	0
0.9059579	MONDO:0009657	HGNC:24928	biolink:causes	0
0.90595746	MONDO:0009657	HGNC:1630	biolink:gene_associated_with_condition	0
0.7066645	MONDO:0009665	HGNC:3542	biolink:gene_associated_with_condition	0
0.98783666	MONDO:0009677	HGNC:15517	biolink:causes	0
0.92720354	MONDO:0009677	HGNC:29685	biolink:causes	0
0.98139244	MONDO:0009677	HGNC:4220	biolink:gene_associated_with_condition	0
0.93555945	MONDO:0009737	HGNC:649	biolink:causes	0
0.9459948	MONDO:0009737	HGNC:19088	biolink:causes	0
0.19981788	MONDO:0009737	HGNC:7516	biolink:gene_associated_with_condition	0
0.63429093	MONDO:0009773	HGNC:11364	biolink:causes	0
0.2783395	MONDO:0009773	HGNC:8592	biolink:causes	0
0.7361853	MONDO:0009825	HGNC:21066	biolink:causes	0
0.9804719	MONDO:0009841	HGNC:11603	biolink:gene_associated_with_condition	0
0.31045976	MONDO:0009841	HGNC:3259	biolink:gene_associated_with_condition	0
0.86358595	MONDO:0009857	HGNC:23096	biolink:causes	0
0.90926945	MONDO:0009877	HGNC:4180	biolink:gene_associated_with_condition	0
0.6088634	MONDO:0009877	HGNC:9922	biolink:causes	0
0.9811616	MONDO:0009885	HGNC:1044	biolink:causes	0
0.9106058	MONDO:0009885	HGNC:897	biolink:gene_associated_with_condition	0
0.522421	MONDO:0009885	HGNC:15578	biolink:causes	0
0.7431034	MONDO:0009925	HGNC:4392	biolink:gene_associated_with_condition	0
0.7500831	MONDO:0009925	HGNC:3257	biolink:gene_associated_with_condition	0
0.97488695	MONDO:0009929	HGNC:4877	biolink:gene_associated_with_condition	0
0.6050901	MONDO:0009953	HGNC:2976	biolink:gene_associated_with_condition	0
0.98035353	MONDO:0009953	HGNC:25774	biolink:causes	0
0.6329671	MONDO:0009965	HGNC:3960	biolink:causes	0
0.5800031	MONDO:0009965	HGNC:2799	biolink:causes	0
0.9138052	MONDO:0009965	HGNC:4787	biolink:causes	0
0.64778036	MONDO:0009965	HGNC:1100	biolink:contributes_to	0
0.8946131	MONDO:0010013	HGNC:573	biolink:gene_associated_with_condition	0
0.9973947	MONDO:0010077	HGNC:29316	biolink:causes	0
0.96327543	MONDO:0010133	HGNC:4180	biolink:gene_associated_with_condition	0
0.118925594	MONDO:0010169	HGNC:9456	biolink:causes	0
0.58938074	MONDO:0010169	HGNC:4393	biolink:causes	0
0.08105547	MONDO:0010169	HGNC:3257	biolink:gene_associated_with_condition	0
0.9793028	MONDO:0010185	HGNC:7744	biolink:contributes_to	0
0.65014803	MONDO:0010185	HGNC:9382	biolink:causes	0
0.8353996	MONDO:0010217	HGNC:6207	biolink:causes	0
0.95269465	MONDO:0010233	HGNC:15021	biolink:causes	0
0.9803429	MONDO:0010277	HGNC:10031	biolink:gene_associated_with_condition	0
0.82144517	MONDO:0010277	HGNC:2214	biolink:gene_associated_with_condition	0
0.89322126	MONDO:0010281	HGNC:1373	biolink:gene_associated_with_condition	0
0.9638565	MONDO:0010281	HGNC:3663	biolink:causes	0
0.19091545	MONDO:0010317	HGNC:11720	biolink:causes	0
0.94272244	MONDO:0010361	HGNC:13829	biolink:gene_associated_with_condition	0
0.4037049	MONDO:0010389	HGNC:1785	biolink:causes	0
0.99005777	MONDO:0010397	HGNC:3513	biolink:causes	0
0.89417684	MONDO:0010397	HGNC:1181	biolink:gene_associated_with_condition	0
0.9777614	MONDO:0010397	HGNC:7468	biolink:causes	0
0.9896169	MONDO:0010401	HGNC:19046	biolink:causes	0
0.6405053	MONDO:0010401	HGNC:10593	biolink:contributes_to	0
0.6076736	MONDO:0010441	HGNC:8028	biolink:causes	0
0.9481837	MONDO:0010441	HGNC:164	biolink:causes	0
0.6064871	MONDO:0010441	HGNC:28449	biolink:gene_associated_with_condition	0
0.949103	MONDO:0010465	HGNC:2027	biolink:gene_associated_with_condition	0
0.64769393	MONDO:0010465	HGNC:30500	biolink:causes	0
0.87155753	MONDO:0010465	HGNC:3767	biolink:causes	0
0.95873684	MONDO:0010465	HGNC:18127	biolink:causes	0
0.9247666	MONDO:0010477	HGNC:16205	biolink:causes	0
0.44197267	MONDO:0010477	HGNC:2877	biolink:causes	0
0.31247026	MONDO:0010477	HGNC:1777	biolink:causes	0
0.35308546	MONDO:0010485	HGNC:11367	biolink:causes	0
0.9558091	MONDO:0010489	HGNC:9086	biolink:gene_associated_with_condition	0
0.9575642	MONDO:0010501	HGNC:5009	biolink:gene_associated_with_condition	0
0.9015159	MONDO:0010645	HGNC:7577	biolink:causes	0
0.9961816	MONDO:0010645	HGNC:714	biolink:gene_associated_with_condition	0
0.87791234	MONDO:0010645	HGNC:10771	biolink:gene_associated_with_condition	0
0.8338474	MONDO:0010661	HGNC:12441	biolink:causes	0
0.9177429	MONDO:0010661	HGNC:8140	biolink:gene_associated_with_condition	0
0.9678065	MONDO:0010665	HGNC:16493	biolink:causes	0
0.0988001	MONDO:0010853	HGNC:1161	biolink:gene_associated_with_condition	0
0.9519582	MONDO:0010933	HGNC:17089	biolink:causes	0
0.8843178	MONDO:0010933	HGNC:3010	biolink:causes	0
0.77616173	MONDO:0011013	HGNC:5383	biolink:gene_associated_with_condition	0
0.5358014	MONDO:0011017	HGNC:7679	biolink:gene_associated_with_condition	0
0.9709409	MONDO:0011017	HGNC:7945	biolink:causes	0
0.49440885	MONDO:0011017	HGNC:9052	biolink:gene_associated_with_condition	0
0.42732444	MONDO:0011017	HGNC:26532	biolink:gene_associated_with_condition	0
0.6961676	MONDO:0011017	HGNC:3438	biolink:causes	0
0.41110826	MONDO:0011017	HGNC:23094	biolink:causes	0
0.074799754	MONDO:0011017	HGNC:6308	biolink:causes	0
0.050618403	MONDO:0011025	HGNC:2409	biolink:gene_associated_with_condition	0
0.98419964	MONDO:0011073	HGNC:8604	biolink:gene_associated_with_condition	0
0.9404875	MONDO:0011073	HGNC:11226	biolink:causes	0
0.9224824	MONDO:0011073	HGNC:8101	biolink:causes	0
0.6082779	MONDO:0011085	HGNC:6207	biolink:gene_associated_with_condition	0
0.94908595	MONDO:0011113	HGNC:17194	biolink:contributes_to	0
0.92887574	MONDO:0011125	HGNC:7693	biolink:causes	0
0.9282837	MONDO:0011125	HGNC:7765	biolink:gene_associated_with_condition	0
0.3077098	MONDO:0011165	HGNC:15646	biolink:causes	0
0.94676995	MONDO:0011165	HGNC:757	biolink:gene_associated_with_condition	0
0.98732334	MONDO:0011229	HGNC:2858	biolink:causes	0
0.16135228	MONDO:0011237	HGNC:17811	biolink:gene_associated_with_condition	0
0.06824829	MONDO:0011237	HGNC:8574	biolink:gene_associated_with_condition	0
0.78921664	MONDO:0011273	HGNC:464	biolink:gene_associated_with_condition	0
0.66513157	MONDO:0011273	HGNC:23089	biolink:causes	0
0.36369136	MONDO:0011285	HGNC:16393	biolink:gene_associated_with_condition	0
0.7649324	MONDO:0011285	HGNC:3098	biolink:causes	0
0.040396184	MONDO:0011285	HGNC:1093	biolink:causes	0
0.11939886	MONDO:0011285	HGNC:26047	biolink:causes	0
0.5788262	MONDO:0011285	HGNC:5466	biolink:gene_associated_with_condition	0
0.18603007	MONDO:0011285	HGNC:7877	biolink:causes	0
0.18066266	MONDO:0011361	HGNC:7127	biolink:causes	0
0.42282775	MONDO:0011397	HGNC:22938	biolink:gene_associated_with_condition	0
0.959287	MONDO:0011397	HGNC:30074	biolink:gene_associated_with_condition	0
0.98533475	MONDO:0011397	HGNC:20197	biolink:causes	0
0.979483	MONDO:0011405	HGNC:8851	biolink:gene_associated_with_condition	0
0.9741256	MONDO:0011417	HGNC:25221	biolink:causes	0
0.8560737	MONDO:0011417	HGNC:11943	biolink:causes	0
0.9079207	MONDO:0011417	HGNC:6696	biolink:causes	0
0.042234104	MONDO:0011445	HGNC:9046	biolink:contributes_to	0
0.97216123	MONDO:0011445	HGNC:13830	biolink:gene_associated_with_condition	0
0.37717462	MONDO:0011473	HGNC:4392	biolink:causes	0
0.0004323305	MONDO:0011473	HGNC:17020	biolink:contributes_to	0
0.6528387	MONDO:0011481	HGNC:1100	biolink:contributes_to	0
0.9141942	MONDO:0011489	HGNC:8487	biolink:causes	0
0.21945868	MONDO:0011493	HGNC:11494	biolink:gene_associated_with_condition	0
0.98683864	MONDO:0011529	HGNC:7744	biolink:gene_associated_with_condition	0
0.76070553	MONDO:0011529	HGNC:13941	biolink:causes	0
0.8577091	MONDO:0011529	HGNC:1449	biolink:causes	0
0.94598395	MONDO:0011529	HGNC:12261	biolink:causes	0
0.7557167	MONDO:0011541	HGNC:1633	biolink:causes	0
0.75177205	MONDO:0011593	HGNC:20456	biolink:causes	0
0.9617712	MONDO:0011593	HGNC:12637	biolink:causes	0
0.58244705	MONDO:0011633	HGNC:1698	biolink:causes	0
0.8422026	MONDO:0011713	HGNC:29561	biolink:causes	0
0.71706337	MONDO:0011713	HGNC:11535	biolink:gene_associated_with_condition	0
0.82955664	MONDO:0011713	HGNC:8011	biolink:gene_associated_with_condition	0
0.82203394	MONDO:0011765	HGNC:28852	biolink:causes	0
0.6339828	MONDO:0011765	HGNC:2711	biolink:contributes_to	0
0.78783923	MONDO:0011765	HGNC:21157	biolink:causes	0
0.8685482	MONDO:0011765	HGNC:15979	biolink:causes	0
0.46101886	MONDO:0011789	HGNC:8756	biolink:causes	0
0.013383899	MONDO:0011801	HGNC:4217	biolink:causes	0
0.88246936	MONDO:0011829	HGNC:8853	biolink:gene_associated_with_condition	0
0.31247777	MONDO:0011829	HGNC:11573	biolink:gene_associated_with_condition	0
0.9476336	MONDO:0011837	HGNC:7744	biolink:gene_associated_with_condition	0
0.30772942	MONDO:0011937	HGNC:6192	biolink:causes	0
0.69789684	MONDO:0012041	HGNC:4170	biolink:gene_associated_with_condition	0
0.9450005	MONDO:0012041	HGNC:13398	biolink:causes	0
0.52598405	MONDO:0012041	HGNC:11020	biolink:causes	0
0.6232381	MONDO:0012041	HGNC:694	biolink:causes	0
0.51421255	MONDO:0012041	HGNC:9107	biolink:causes	0
0.14517024	MONDO:0012041	HGNC:21158	biolink:gene_associated_with_condition	0
0.72008884	MONDO:0012041	HGNC:6284	biolink:causes	0
0.89682174	MONDO:0012041	HGNC:7882	biolink:causes	0
0.6085352	MONDO:0012041	HGNC:12783	biolink:gene_associated_with_condition	0
0.8851405	MONDO:0012041	HGNC:11654	biolink:causes	0
0.87009096	MONDO:0012041	HGNC:11771	biolink:gene_associated_with_condition	0
0.14140272	MONDO:0012085	HGNC:6770	biolink:causes	0
0.9839754	MONDO:0012089	HGNC:4220	biolink:gene_associated_with_condition	0
0.08929516	MONDO:0012125	HGNC:1869	biolink:causes	0
0.3386225	MONDO:0012161	HGNC:2022	biolink:gene_associated_with_condition	0
0.7788644	MONDO:0012165	HGNC:4392	biolink:causes	0
0.96554106	MONDO:0012173	HGNC:5382	biolink:gene_associated_with_condition	0
0.83465713	MONDO:0012197	HGNC:9282	biolink:causes	0
0.6821087	MONDO:0012205	HGNC:27089	biolink:gene_associated_with_condition	0
0.28875375	MONDO:0012221	HGNC:613	biolink:causes	0
0.9487076	MONDO:0012221	HGNC:1268	biolink:gene_associated_with_condition	0
0.5227772	MONDO:0012221	HGNC:13488	biolink:causes	0
0.96434706	MONDO:0012225	HGNC:11771	biolink:gene_associated_with_condition	0
0.81715983	MONDO:0012297	HGNC:12371	biolink:causes	0
0.044277135	MONDO:0012297	HGNC:12440	biolink:causes	0
0.63153285	MONDO:0012345	HGNC:2940	biolink:causes	0
0.83151406	MONDO:0012381	HGNC:3686	biolink:causes	0
0.7959423	MONDO:0012421	HGNC:10023	biolink:causes	0
0.9813953	MONDO:0012421	HGNC:28993	biolink:causes	0
0.90135556	MONDO:0012453	HGNC:4689	biolink:causes	0
0.9714901	MONDO:0012453	HGNC:8965	biolink:causes	0
0.5495634	MONDO:0012465	HGNC:20087	biolink:causes	0
0.32196653	MONDO:0012521	HGNC:11724	biolink:causes	0
0.8972114	MONDO:0012569	HGNC:7133	biolink:gene_associated_with_condition	0
0.777119	MONDO:0012569	HGNC:12786	biolink:causes	0
0.9035544	MONDO:0012621	HGNC:124	biolink:causes	0
0.94501626	MONDO:0012621	HGNC:12565	biolink:causes	0
0.16630028	MONDO:0012621	HGNC:31704	biolink:causes	0
0.6191289	MONDO:0012669	HGNC:7106	biolink:gene_associated_with_condition	0
0.9837667	MONDO:0012669	HGNC:9717	biolink:causes	0
0.8100799	MONDO:0012689	HGNC:16197	biolink:causes	0
0.93135375	MONDO:0012689	HGNC:20080	biolink:causes	0
0.95325124	MONDO:0012693	HGNC:1361	biolink:causes	0
0.90096396	MONDO:0012693	HGNC:3267	biolink:causes	0
0.81595254	MONDO:0012805	HGNC:7974	biolink:gene_associated_with_condition	0
0.5509041	MONDO:0012833	HGNC:16513	biolink:causes	0
0.89989877	MONDO:0012925	HGNC:6174	biolink:gene_associated_with_condition	0
0.4810168	MONDO:0012925	HGNC:600	biolink:causes	0
0.93370724	MONDO:0012925	HGNC:10447	biolink:causes	0
0.16284664	MONDO:0012925	HGNC:4172	biolink:causes	0
0.83850324	MONDO:0013021	HGNC:869	biolink:causes	0
0.8845005	MONDO:0013033	HGNC:17327	biolink:gene_associated_with_condition	0
0.9146477	MONDO:0013033	HGNC:17296	biolink:causes	0
0.45681107	MONDO:0013033	HGNC:11427	biolink:causes	0
0.39293554	MONDO:0013033	HGNC:9955	biolink:gene_associated_with_condition	0
0.9138079	MONDO:0013125	HGNC:3012	biolink:causes	0
0.65699697	MONDO:0013125	HGNC:11776	biolink:gene_associated_with_condition	0
0.7529812	MONDO:0013181	HGNC:28396	biolink:causes	0
0.06044113	MONDO:0013181	HGNC:4868	biolink:causes	0
0.86184216	MONDO:0013189	HGNC:8850	biolink:gene_associated_with_condition	0
0.72749686	MONDO:0013193	HGNC:9970	biolink:gene_associated_with_condition	0
0.85172206	MONDO:0013245	HGNC:27310	biolink:causes	0
0.7463821	MONDO:0013245	HGNC:9386	biolink:causes	0
0.21696648	MONDO:0013301	HGNC:4948	biolink:contributes_to	0
0.19172472	MONDO:0013301	HGNC:19714	biolink:gene_associated_with_condition	0
0.62546444	MONDO:0013301	HGNC:9043	biolink:gene_associated_with_condition	0
0.99689144	MONDO:0013357	HGNC:16873	biolink:gene_associated_with_condition	0
0.6768077	MONDO:0013357	HGNC:8028	biolink:causes	0
0.99490523	MONDO:0013357	HGNC:19129	biolink:gene_associated_with_condition	0
0.10617646	MONDO:0013357	HGNC:11720	biolink:causes	0
0.22837198	MONDO:0013449	HGNC:19304	biolink:causes	0
0.8537065	MONDO:0013469	HGNC:8654	biolink:gene_associated_with_condition	0
0.7833619	MONDO:0013473	HGNC:8028	biolink:gene_associated_with_condition	0
0.2965761	MONDO:0013473	HGNC:53	biolink:causes	0
0.16479953	MONDO:0013529	HGNC:21143	biolink:causes	0
0.13295662	MONDO:0013529	HGNC:16627	biolink:gene_associated_with_condition	0
0.613404	MONDO:0013533	HGNC:30000	biolink:causes	0
0.96750534	MONDO:0013533	HGNC:2219	biolink:causes	0
0.42482156	MONDO:0013553	HGNC:27365	biolink:causes	0
0.9616579	MONDO:0013553	HGNC:2027	biolink:gene_associated_with_condition	0
0.26167408	MONDO:0013561	HGNC:226	biolink:causes	0
0.6566218	MONDO:0013661	HGNC:17258	biolink:causes	0
0.45638865	MONDO:0013685	HGNC:7392	biolink:gene_associated_with_condition	0
0.7847249	MONDO:0013777	HGNC:19349	biolink:gene_associated_with_condition	0
0.9632197	MONDO:0013777	HGNC:6696	biolink:causes	0
0.90927833	MONDO:0013797	HGNC:23537	biolink:causes	0
0.8047984	MONDO:0013821	HGNC:11936	biolink:causes	0
0.9514392	MONDO:0013821	HGNC:25896	biolink:causes	0
0.38893223	MONDO:0013821	HGNC:4172	biolink:causes	0
0.94861937	MONDO:0013853	HGNC:6768	biolink:causes	0
0.96135515	MONDO:0013873	HGNC:16493	biolink:causes	0
0.9624259	MONDO:0013885	HGNC:11795	biolink:gene_associated_with_condition	0
0.95535135	MONDO:0013925	HGNC:7176	biolink:causes	0
0.90538424	MONDO:0013925	HGNC:9118	biolink:causes	0
0.95920956	MONDO:0013929	HGNC:1514	biolink:contributes_to	0
0.9365569	MONDO:0013929	HGNC:3583	biolink:causes	0
0.9591401	MONDO:0013937	HGNC:7720	biolink:causes	0
0.5905837	MONDO:0013941	HGNC:24928	biolink:gene_associated_with_condition	0
0.77276427	MONDO:0013957	HGNC:6407	biolink:causes	0
0.9835181	MONDO:0013977	HGNC:19129	biolink:gene_associated_with_condition	0
0.45327225	MONDO:0014013	HGNC:3756	biolink:causes	0
0.98780096	MONDO:0014037	HGNC:13210	biolink:contributes_to	0
0.26542202	MONDO:0014057	HGNC:9066	biolink:gene_associated_with_condition	0
0.91467035	MONDO:0014057	HGNC:17341	biolink:causes	0
0.65506136	MONDO:0014065	HGNC:11714	biolink:causes	0
0.8785557	MONDO:0014089	HGNC:2978	biolink:causes	0
0.6163253	MONDO:0014093	HGNC:904	biolink:causes	0
0.30598533	MONDO:0014093	HGNC:10019	biolink:causes	0
0.96779186	MONDO:0014093	HGNC:21638	biolink:gene_associated_with_condition	0
0.95763665	MONDO:0014117	HGNC:3755	biolink:gene_associated_with_condition	0
0.70360076	MONDO:0014121	HGNC:16400	biolink:gene_associated_with_condition	0
0.9488958	MONDO:0014125	HGNC:319	biolink:gene_associated_with_condition	0
0.73169106	MONDO:0014125	HGNC:30650	biolink:gene_associated_with_condition	0
0.24385074	MONDO:0014141	HGNC:13867	biolink:causes	0
0.18099871	MONDO:0014165	HGNC:7516	biolink:gene_associated_with_condition	0
0.78731114	MONDO:0014217	HGNC:18884	biolink:gene_associated_with_condition	0
0.99177307	MONDO:0014217	HGNC:19358	biolink:causes	0
0.9889492	MONDO:0014221	HGNC:2244	biolink:causes	0
0.46645728	MONDO:0014225	HGNC:10593	biolink:causes	0
0.96998703	MONDO:0014261	HGNC:6180	biolink:gene_associated_with_condition	0
0.94588715	MONDO:0014305	HGNC:18647	biolink:causes	0
0.94762534	MONDO:0014309	HGNC:2592	biolink:gene_associated_with_condition	0
0.89373374	MONDO:0014321	HGNC:4785	biolink:causes	0
0.940618	MONDO:0014321	HGNC:9986	biolink:causes	0
0.9873498	MONDO:0014341	HGNC:10818	biolink:causes	0
0.09880867	MONDO:0014349	HGNC:216	biolink:causes	0
0.8878609	MONDO:0014361	HGNC:17996	biolink:causes	0
0.9144041	MONDO:0014397	HGNC:14537	biolink:gene_associated_with_condition	0
0.36857072	MONDO:0014401	HGNC:4948	biolink:contributes_to	0
0.6546445	MONDO:0014401	HGNC:29853	biolink:causes	0
0.85083836	MONDO:0014425	HGNC:6215	biolink:causes	0
0.96324855	MONDO:0014425	HGNC:2244	biolink:causes	0
0.88797724	MONDO:0014425	HGNC:11949	biolink:gene_associated_with_condition	0
0.92859185	MONDO:0014425	HGNC:18083	biolink:causes	0
0.7528136	MONDO:0014429	HGNC:24592	biolink:causes	0
0.8513779	MONDO:0014429	HGNC:25072	biolink:causes	0
0.9045224	MONDO:0014453	HGNC:29186	biolink:gene_associated_with_condition	0
0.77093345	MONDO:0014481	HGNC:16393	biolink:causes	0
0.89509517	MONDO:0014481	HGNC:47	biolink:causes	0
0.94215924	MONDO:0014493	HGNC:2197	biolink:causes	0
0.98462903	MONDO:0014545	HGNC:37276	biolink:causes	0
0.99057174	MONDO:0014545	HGNC:19918	biolink:causes	0
0.8948449	MONDO:0014573	HGNC:8091	biolink:gene_associated_with_condition	0
0.76905864	MONDO:0014585	HGNC:3468	biolink:causes	0
0.5097916	MONDO:0014601	HGNC:819	biolink:gene_associated_with_condition	0
0.86860865	MONDO:0014637	HGNC:12601	biolink:causes	0
0.19575714	MONDO:0014637	HGNC:2359	biolink:gene_associated_with_condition	0
0.54475695	MONDO:0014641	HGNC:30939	biolink:gene_associated_with_condition	0
0.20543852	MONDO:0014645	HGNC:18021	biolink:contributes_to	0
0.5320063	MONDO:0014645	HGNC:3236	biolink:causes	0
0.82654566	MONDO:0014649	HGNC:33939	biolink:causes	0
0.941667	MONDO:0014657	HGNC:3007	biolink:causes	0
0.85352015	MONDO:0014661	HGNC:6010	biolink:causes	0
0.85621464	MONDO:0014665	HGNC:10771	biolink:causes	0
0.2601618	MONDO:0014693	HGNC:4390	biolink:gene_associated_with_condition	0
0.5026676	MONDO:0014693	HGNC:14154	biolink:causes	0
0.9948053	MONDO:0014693	HGNC:37234	biolink:causes	0
0.8197622	MONDO:0014717	HGNC:7739	biolink:gene_associated_with_condition	0
0.87875146	MONDO:0014717	HGNC:11187	biolink:causes	0
0.83915466	MONDO:0014717	HGNC:22197	biolink:gene_associated_with_condition	0
0.19298106	MONDO:0014741	HGNC:1848	biolink:causes	0
0.3346968	MONDO:0014745	HGNC:12852	biolink:causes	0
0.43201563	MONDO:0014753	HGNC:6024	biolink:causes	0
0.92670715	MONDO:0014809	HGNC:16512	biolink:causes	0
0.9364056	MONDO:0014821	HGNC:12718	biolink:causes	0
0.81330216	MONDO:0014837	HGNC:27310	biolink:causes	0
0.35735387	MONDO:0014841	HGNC:4516	biolink:causes	0
0.9751772	MONDO:0014845	HGNC:7526	biolink:gene_associated_with_condition	0
0.8561638	MONDO:0014853	HGNC:9330	biolink:gene_associated_with_condition	0
0.93903196	MONDO:0014853	HGNC:29022	biolink:causes	0
0.8941203	MONDO:0014853	HGNC:25536	biolink:causes	0
0.96803135	MONDO:0014853	HGNC:12403	biolink:gene_associated_with_condition	0
0.887275	MONDO:0014857	HGNC:12373	biolink:gene_associated_with_condition	0
0.6418241	MONDO:0014857	HGNC:20406	biolink:gene_associated_with_condition	0
0.06321163	MONDO:0014857	HGNC:11737	biolink:gene_associated_with_condition	0
0.5539046	MONDO:0014945	HGNC:14255	biolink:gene_associated_with_condition	0
0.80912995	MONDO:0014977	HGNC:14673	biolink:causes	0
0.81068546	MONDO:0014981	HGNC:6487	biolink:gene_associated_with_condition	0
0.83231115	MONDO:0014981	HGNC:21244	biolink:gene_associated_with_condition	0
0.42193416	MONDO:0014981	HGNC:7606	biolink:causes	0
0.74071187	MONDO:0014997	HGNC:3356	biolink:causes	0
0.87500966	MONDO:0014997	HGNC:18169	biolink:gene_associated_with_condition	0
0.37218106	MONDO:0014997	HGNC:25295	biolink:causes	0
0.48054457	MONDO:0014997	HGNC:1101	biolink:contributes_to	0
0.75412756	MONDO:0015041	HGNC:573	biolink:gene_associated_with_condition	0
0.8934218	MONDO:0015041	HGNC:3689	biolink:gene_associated_with_condition	0
0.8528256	MONDO:0015353	HGNC:1940	biolink:causes	0
0.9896578	MONDO:0015353	HGNC:14107	biolink:causes	0
0.5149	MONDO:0015557	HGNC:2200	biolink:causes	0
0.047663312	MONDO:0015557	HGNC:5044	biolink:gene_associated_with_condition	0
0.14572251	MONDO:0015597	HGNC:9181	biolink:causes	0
0.15212692	MONDO:0015793	HGNC:19191	biolink:gene_associated_with_condition	0
0.7677488	MONDO:0016097	HGNC:1449	biolink:causes	0
0.92971444	MONDO:0016097	HGNC:19316	biolink:causes	0
0.9470066	MONDO:0016281	HGNC:11772	biolink:causes	0
0.07371011	MONDO:0016281	HGNC:25913	biolink:gene_associated_with_condition	0
0.7992546	MONDO:0016309	HGNC:2511	biolink:causes	0
0.7532054	MONDO:0016461	HGNC:29350	biolink:causes	0
0.06435385	MONDO:0016573	HGNC:14530	biolink:causes	0
0.084808104	MONDO:0016573	HGNC:4799	biolink:causes	0
0.9667878	MONDO:0016589	HGNC:8548	biolink:causes	0
0.7925403	MONDO:0016621	HGNC:3754	biolink:gene_associated_with_condition	0
0.8934709	MONDO:0016681	HGNC:9091	biolink:causes	0
0.74870604	MONDO:0016681	HGNC:11771	biolink:gene_associated_with_condition	0
0.15291363	MONDO:0016689	HGNC:360	biolink:gene_associated_with_condition	0
0.0614109	MONDO:0016689	HGNC:7489	biolink:gene_associated_with_condition	0
0.79897565	MONDO:0016705	HGNC:31923	biolink:causes	0
0.9136633	MONDO:0016833	HGNC:2528	biolink:causes	0
0.9237378	MONDO:0016833	HGNC:29043	biolink:causes	0
0.41638243	MONDO:0017049	HGNC:1787	biolink:contributes_to	0
0.9596487	MONDO:0017049	HGNC:4319	biolink:causes	0
0.6464827	MONDO:0017049	HGNC:6251	biolink:causes	0
0.031016087	MONDO:0017117	HGNC:15802	biolink:gene_associated_with_condition	0
0.7900648	MONDO:0017173	HGNC:24928	biolink:gene_associated_with_condition	0
0.58078706	MONDO:0017173	HGNC:2514	biolink:gene_associated_with_condition	0
0.5841451	MONDO:0017173	HGNC:21270	biolink:causes	0
0.7546108	MONDO:0017173	HGNC:25536	biolink:causes	0
0.97629833	MONDO:0017225	HGNC:18340	biolink:causes	0
0.8011748	MONDO:0017225	HGNC:7096	biolink:causes	0
0.56736976	MONDO:0017225	HGNC:8620	biolink:gene_associated_with_condition	0
0.6102652	MONDO:0017241	HGNC:25941	biolink:gene_associated_with_condition	0
0.9897815	MONDO:0017241	HGNC:20800	biolink:causes	0
0.71517867	MONDO:0017241	HGNC:2206	biolink:causes	0
0.07420169	MONDO:0017317	HGNC:6554	biolink:gene_associated_with_condition	0
0.18333541	MONDO:0017389	HGNC:6174	biolink:gene_associated_with_condition	0
0.22593483	MONDO:0017389	HGNC:12572	biolink:gene_associated_with_condition	0
0.9562005	MONDO:0017401	HGNC:132	biolink:causes	0
0.1785199	MONDO:0017629	HGNC:11598	biolink:gene_associated_with_condition	0
0.66521776	MONDO:0017697	HGNC:26186	biolink:causes	0
0.90444237	MONDO:0017729	HGNC:5385	biolink:causes	0
0.8154151	MONDO:0017833	HGNC:8787	biolink:causes	0
0.17072615	MONDO:0017901	HGNC:4922	biolink:causes	0
0.5541384	MONDO:0017901	HGNC:2202	biolink:contributes_to	0
0.8654012	MONDO:0017945	HGNC:3087	biolink:causes	0
0.98068744	MONDO:0017945	HGNC:7883	biolink:gene_associated_with_condition	0
0.92710817	MONDO:0017993	HGNC:3178	biolink:gene_associated_with_condition	0
0.208358	MONDO:0018197	HGNC:11184	biolink:causes	0
0.42325583	MONDO:0018229	HGNC:3436	biolink:gene_associated_with_condition	0
0.4623141	MONDO:0018273	HGNC:7467	biolink:causes	0
0.97750866	MONDO:0018273	HGNC:29203	biolink:gene_associated_with_condition	0
0.87328684	MONDO:0018277	HGNC:26033	biolink:causes	0
0.9838988	MONDO:0018333	HGNC:9719	biolink:gene_associated_with_condition	0
0.51817614	MONDO:0018393	HGNC:7154	biolink:gene_associated_with_condition	0
0.9548972	MONDO:0018393	HGNC:9965	biolink:gene_associated_with_condition	0
0.931909	MONDO:0018393	HGNC:12718	biolink:causes	0
0.879439	MONDO:0018393	HGNC:21022	biolink:gene_associated_with_condition	0
0.6676913	MONDO:0018393	HGNC:11546	biolink:causes	0
0.8258266	MONDO:0018417	HGNC:11020	biolink:causes	0
0.798431	MONDO:0018417	HGNC:11280	biolink:causes	0
0.014838889	MONDO:0018761	HGNC:11998	biolink:contributes_to	0
0.804999	MONDO:0018821	HGNC:9386	biolink:causes	0
0.9490098	MONDO:0018877	HGNC:7744	biolink:contributes_to	0
0.958885	MONDO:0018877	HGNC:16068	biolink:gene_associated_with_condition	0
0.9720987	MONDO:0019113	HGNC:10294	biolink:causes	0
0.1812151	MONDO:0019157	HGNC:468	biolink:gene_associated_with_condition	0
0.66221154	MONDO:0019157	HGNC:10254	biolink:causes	0
0.8920934	MONDO:0019349	HGNC:3395	biolink:causes	0
0.87962234	MONDO:0019373	HGNC:12305	biolink:gene_associated_with_condition	0
0.082408324	MONDO:0019373	HGNC:10736	biolink:gene_associated_with_condition	0
0.57967734	MONDO:0019373	HGNC:29956	biolink:causes	0
0.33041644	MONDO:0019409	HGNC:8896	biolink:causes	0
0.7122715	MONDO:0019505	HGNC:2976	biolink:causes	0
0.78539366	MONDO:0019505	HGNC:4799	biolink:causes	0
0.7227956	MONDO:0019505	HGNC:1100	biolink:contributes_to	0
0.8788493	MONDO:0019569	HGNC:987	biolink:gene_associated_with_condition	0
0.99537367	MONDO:0019569	HGNC:15808	biolink:gene_associated_with_condition	0
0.92627156	MONDO:0019569	HGNC:1349	biolink:causes	0
0.23862946	MONDO:0019569	HGNC:4932	biolink:gene_associated_with_condition	0
0.640326	MONDO:0019597	HGNC:9811	biolink:causes	0
0.57771415	MONDO:0019669	HGNC:6859	biolink:causes	0
0.8622831	MONDO:0019921	HGNC:6770	biolink:causes	0
0.421026	MONDO:0019921	HGNC:3531	biolink:contributes_to	0
0.9305344	MONDO:0020345	HGNC:9990	biolink:causes	0
0.9134579	MONDO:0020345	HGNC:15578	biolink:causes	0
0.9292511	MONDO:0020493	HGNC:23639	biolink:causes	0
0.93482417	MONDO:0020521	HGNC:17770	biolink:causes	0
0.65184504	MONDO:0020705	HGNC:8632	biolink:gene_associated_with_condition	0
0.12686585	MONDO:0020721	HGNC:24921	biolink:causes	0
0.96545494	MONDO:0020737	HGNC:469	biolink:gene_associated_with_condition	0
0.89399254	MONDO:0020745	HGNC:11187	biolink:causes	0
0.81390125	MONDO:0020745	HGNC:11766	biolink:contributes_to	0
0.93675643	MONDO:0020745	HGNC:12012	biolink:causes	0
0.7512763	MONDO:0020745	HGNC:2678	biolink:gene_associated_with_condition	0
0.90481955	MONDO:0020745	HGNC:24595	biolink:causes	0
0.69332516	MONDO:0020745	HGNC:18712	biolink:gene_associated_with_condition	0
0.9572678	MONDO:0020745	HGNC:11231	biolink:causes	0
0.9661749	MONDO:0020745	HGNC:7414	biolink:causes	0
0.89784694	MONDO:0020745	HGNC:13429	biolink:causes	0
0.9728803	MONDO:0020745	HGNC:2928	biolink:gene_associated_with_condition	0
0.826915	MONDO:0020745	HGNC:11065	biolink:causes	0
0.4969753	MONDO:0020745	HGNC:26230	biolink:contributes_to	0
0.95938396	MONDO:0020745	HGNC:3084	biolink:causes	0
0.9431772	MONDO:0020745	HGNC:4193	biolink:gene_associated_with_condition	0
0.98370796	MONDO:0020745	HGNC:27337	biolink:gene_associated_with_condition	0
0.9367034	MONDO:0020745	HGNC:25774	biolink:causes	0
0.6603771	MONDO:0020749	HGNC:494	biolink:gene_associated_with_condition	0
0.9886199	MONDO:0020769	HGNC:23109	biolink:causes	0
0.9938413	MONDO:0020769	HGNC:17978	biolink:gene_associated_with_condition	0
0.55469924	MONDO:0020785	HGNC:14530	biolink:causes	0
0.88203776	MONDO:0020785	HGNC:14234	biolink:gene_associated_with_condition	0
0.9587584	MONDO:0020855	HGNC:17870	biolink:causes	0
0.7992427	MONDO:0024264	HGNC:14378	biolink:causes	0
0.96407795	MONDO:0024523	HGNC:7224	biolink:causes	0
0.89722973	MONDO:0024535	HGNC:12012	biolink:causes	0
0.8136103	MONDO:0024543	HGNC:12011	biolink:causes	0
0.43849447	MONDO:0024551	HGNC:20313	biolink:causes	0
0.373253	MONDO:0024559	HGNC:6709	biolink:contributes_to	0
0.031911787	MONDO:0026404	HGNC:11005	biolink:causes	0
0.46970427	MONDO:0029134	HGNC:1591	biolink:causes	0
0.83466685	MONDO:0029134	HGNC:3481	biolink:gene_associated_with_condition	0
0.8344583	MONDO:0029134	HGNC:8794	biolink:causes	0
0.2692473	MONDO:0029134	HGNC:2359	biolink:gene_associated_with_condition	0
0.98684967	MONDO:0030025	HGNC:26019	biolink:causes	0
0.99118805	MONDO:0030037	HGNC:13601	biolink:gene_associated_with_condition	0
0.96074605	MONDO:0030037	HGNC:25786	biolink:causes	0
0.6241758	MONDO:0030054	HGNC:6944	biolink:causes	0
0.32631847	MONDO:0030054	HGNC:26684	biolink:gene_associated_with_condition	0
0.9227921	MONDO:0030066	HGNC:7717	biolink:causes	0
0.94330823	MONDO:0030071	HGNC:9722	biolink:gene_associated_with_condition	0
0.33218643	MONDO:0030281	HGNC:7910	biolink:gene_associated_with_condition	0
0.9496783	MONDO:0030281	HGNC:8851	biolink:causes	0
0.41391543	MONDO:0030361	HGNC:9832	biolink:causes	0
0.9581931	MONDO:0030455	HGNC:5005	biolink:causes	0
0.72274387	MONDO:0030455	HGNC:4706	biolink:causes	0
0.6678639	MONDO:0030490	HGNC:18810	biolink:gene_associated_with_condition	0
0.91564035	MONDO:0030490	HGNC:2197	biolink:gene_associated_with_condition	0
0.77652335	MONDO:0030690	HGNC:4171	biolink:causes	0
0.60542476	MONDO:0030730	HGNC:11356	biolink:causes	0
0.37520218	MONDO:0030787	HGNC:427	biolink:gene_associated_with_condition	0
0.98834604	MONDO:0030866	HGNC:18620	biolink:gene_associated_with_condition	0
0.8725926	MONDO:0030875	HGNC:7677	biolink:causes	0
0.80686736	MONDO:0030875	HGNC:27089	biolink:gene_associated_with_condition	0
0.5976345	MONDO:0030915	HGNC:7662	biolink:causes	0
0.99337876	MONDO:0030915	HGNC:14361	biolink:causes	0
0.49896753	MONDO:0030915	HGNC:7910	biolink:gene_associated_with_condition	0
0.87053025	MONDO:0030927	HGNC:12872	biolink:causes	0
0.9758027	MONDO:0030927	HGNC:1362	biolink:gene_associated_with_condition	0
0.899837	MONDO:0030927	HGNC:20456	biolink:causes	0
0.97322977	MONDO:0030927	HGNC:13243	biolink:causes	0
0.9777755	MONDO:0030927	HGNC:25358	biolink:causes	0
0.94179696	MONDO:0030931	HGNC:6188	biolink:gene_associated_with_condition	0
0.74005675	MONDO:0030958	HGNC:3438	biolink:gene_associated_with_condition	0
0.9933611	MONDO:0031006	HGNC:1550	biolink:causes	0
0.43813106	MONDO:0031057	HGNC:9910	biolink:gene_associated_with_condition	0
0.8604778	MONDO:0031084	HGNC:6842	biolink:causes	0
0.86162156	MONDO:0031084	HGNC:4801	biolink:gene_associated_with_condition	0
0.93449587	MONDO:0031084	HGNC:25221	biolink:causes	0
0.7672733	MONDO:0031084	HGNC:26239	biolink:causes	0
0.90890896	MONDO:0031084	HGNC:3395	biolink:causes	0
0.93236715	MONDO:0031481	HGNC:9986	biolink:causes	0
0.6214295	MONDO:0031481	HGNC:21086	biolink:causes	0
0.9865448	MONDO:0031481	HGNC:2219	biolink:causes	0
0.97363347	MONDO:0031481	HGNC:1786	biolink:gene_associated_with_condition	0
0.97854507	MONDO:0032571	HGNC:6696	biolink:causes	0
0.6234307	MONDO:0032575	HGNC:15979	biolink:causes	0
0.96187234	MONDO:0032583	HGNC:17341	biolink:causes	0
0.85525423	MONDO:0032590	HGNC:1965	biolink:causes	0
0.33217847	MONDO:0032596	HGNC:25489	biolink:gene_associated_with_condition	0
0.9320669	MONDO:0032656	HGNC:7133	biolink:gene_associated_with_condition	0
0.7947836	MONDO:0032673	HGNC:14253	biolink:gene_associated_with_condition	0
0.71512455	MONDO:0032673	HGNC:16353	biolink:gene_associated_with_condition	0
0.9701827	MONDO:0032685	HGNC:11769	biolink:gene_associated_with_condition	0
0.94926476	MONDO:0032705	HGNC:854	biolink:causes	0
0.9937336	MONDO:0032705	HGNC:17494	biolink:gene_associated_with_condition	0
0.97958344	MONDO:0032712	HGNC:4177	biolink:gene_associated_with_condition	0
0.9853668	MONDO:0032712	HGNC:6263	biolink:gene_associated_with_condition	0
0.82441145	MONDO:0032712	HGNC:12362	biolink:causes	0
0.70420253	MONDO:0032758	HGNC:8789	biolink:causes	0
0.4004781	MONDO:0032787	HGNC:613	biolink:contributes_to	0
0.955107	MONDO:0032799	HGNC:9462	biolink:gene_associated_with_condition	0
0.95807195	MONDO:0032815	HGNC:4979	biolink:causes	0
0.94432753	MONDO:0032819	HGNC:28128	biolink:causes	0
0.92778736	MONDO:0032819	HGNC:12831	biolink:causes	0
0.95698	MONDO:0032849	HGNC:26927	biolink:causes	0
0.8108376	MONDO:0032849	HGNC:12927	biolink:causes	0
0.961992	MONDO:0032853	HGNC:13398	biolink:causes	0
0.96788937	MONDO:0032853	HGNC:5273	biolink:gene_associated_with_condition	0
0.5245473	MONDO:0032874	HGNC:10471	biolink:causes	0
0.8914313	MONDO:0032874	HGNC:3602	biolink:causes	0
0.17434765	MONDO:0032882	HGNC:14374	biolink:causes	0
0.9508503	MONDO:0032886	HGNC:18621	biolink:causes	0
0.8224806	MONDO:0032898	HGNC:11905	biolink:gene_associated_with_condition	0
0.7440802	MONDO:0032906	HGNC:6257	biolink:causes	0
0.8163162	MONDO:0032906	HGNC:9588	biolink:contributes_to	0
0.7400182	MONDO:0033047	HGNC:19967	biolink:causes	0
0.26006895	MONDO:0033047	HGNC:4379	biolink:gene_associated_with_condition	0
0.6415765	MONDO:0033115	HGNC:11274	biolink:causes	0
0.97867006	MONDO:0033115	HGNC:3007	biolink:causes	0
0.54621035	MONDO:0033282	HGNC:25415	biolink:gene_associated_with_condition	0
0.7397803	MONDO:0033479	HGNC:2514	biolink:gene_associated_with_condition	0
0.992935	MONDO:0033479	HGNC:8857	biolink:gene_associated_with_condition	0
0.45169765	MONDO:0035941	HGNC:12011	biolink:causes	0
0.45050228	MONDO:0035941	HGNC:8859	biolink:causes	0
0.44784012	MONDO:0035941	HGNC:8896	biolink:gene_associated_with_condition	0
0.9558422	MONDO:0036189	HGNC:12831	biolink:causes	0
0.41542217	MONDO:0036189	HGNC:13886	biolink:causes	0
0.014777756	MONDO:0044255	HGNC:11917	biolink:gene_associated_with_condition	0
0.006695489	MONDO:0044255	HGNC:25230	biolink:causes	0
0.006623771	MONDO:0044255	HGNC:9046	biolink:contributes_to	0
0.003092813	MONDO:0044255	HGNC:9386	biolink:causes	0
0.0040693106	MONDO:0044255	HGNC:26144	biolink:contributes_to	0
0.021319166	MONDO:0044255	HGNC:1228	biolink:causes	0
0.008088158	MONDO:0044255	HGNC:26790	biolink:causes	0
0.3280478	MONDO:0044318	HGNC:8008	biolink:causes	0
0.99483633	MONDO:0044724	HGNC:19046	biolink:causes	0
0.8630803	MONDO:0044724	HGNC:4799	biolink:causes	0
0.8412702	MONDO:0044792	HGNC:26993	biolink:causes	0
0.78314906	MONDO:0044792	HGNC:1090	biolink:gene_associated_with_condition	0
0.75370014	MONDO:0049222	HGNC:388	biolink:gene_associated_with_condition	0
0.8585722	MONDO:0049222	HGNC:14530	biolink:causes	0
0.91921115	MONDO:0049222	HGNC:6407	biolink:causes	0
0.8573655	MONDO:0054764	HGNC:9538	biolink:causes	0
0.9715749	MONDO:0054776	HGNC:8768	biolink:causes	0
0.65797585	MONDO:0054776	HGNC:11621	biolink:gene_associated_with_condition	0
0.9917474	MONDO:0054785	HGNC:4116	biolink:gene_associated_with_condition	0
0.79414016	MONDO:0054802	HGNC:4707	biolink:gene_associated_with_condition	0
0.3597371	MONDO:0054802	HGNC:11052	biolink:causes	0
0.9195952	MONDO:0054802	HGNC:11367	biolink:causes	0
0.95562476	MONDO:0060457	HGNC:4877	biolink:gene_associated_with_condition	0
0.5519876	MONDO:0060510	HGNC:1001	biolink:gene_associated_with_condition	0
0.31332377	MONDO:0060549	HGNC:15511	biolink:causes	0
0.64526474	MONDO:0060621	HGNC:7127	biolink:causes	0
0.9938584	MONDO:0060621	HGNC:7499	biolink:gene_associated_with_condition	0
0.98313016	MONDO:0060729	HGNC:15516	biolink:causes	0
0.97871095	MONDO:0060752	HGNC:19088	biolink:causes	0
0.20339623	MONDO:0100083	HGNC:3816	biolink:causes	0
0.54841673	MONDO:0100083	HGNC:7473	biolink:gene_associated_with_condition	0
0.9527257	MONDO:0100119	HGNC:7001	biolink:gene_associated_with_condition	0
0.9076493	MONDO:0100119	HGNC:2500	biolink:causes	0
0.96074045	MONDO:0100119	HGNC:1181	biolink:gene_associated_with_condition	0
0.6741766	MONDO:0100219	HGNC:5004	biolink:causes	0
0.3725868	MONDO:0100533	HGNC:225	biolink:gene_associated_with_condition	0
0.95529634	MONDO:0100533	HGNC:5439	biolink:gene_associated_with_condition	0
0.74929243	MONDO:0100600	HGNC:4827	biolink:gene_associated_with_condition	0
0.31489342	MONDO:0100600	HGNC:12499	biolink:causes	0
0.97534335	MONDO:0700343	HGNC:8617	biolink:causes	0
0.9727729	MONDO:0800029	HGNC:9251	biolink:causes	0
0.9861173	MONDO:0800029	HGNC:14938	biolink:gene_associated_with_condition	0
0.6290534	MONDO:0800029	HGNC:8620	biolink:gene_associated_with_condition	0
0.9609342	MONDO:0800029	HGNC:8851	biolink:gene_associated_with_condition	0
0.9568622	MONDO:0800438	HGNC:8896	biolink:gene_associated_with_condition	0
0.88420177	MONDO:0850095	HGNC:19358	biolink:causes	0
0.74392945	MONDO:0850095	HGNC:14415	biolink:causes	0
0.97780836	MONDO:0859226	HGNC:4180	biolink:gene_associated_with_condition	0
0.39702952	MONDO:0859293	HGNC:17019	biolink:causes	0
0.78888535	MONDO:0859311	HGNC:26058	biolink:causes	0
0.18583733	MONDO:0859311	HGNC:25636	biolink:causes	0
0.983042	MONDO:0859320	HGNC:7944	biolink:causes	0
0.8316866	MONDO:0859374	HGNC:5476	biolink:gene_associated_with_condition	0
0.71981555	MONDO:0859572	HGNC:11998	biolink:gene_associated_with_condition	0
0.018177733	MONDO:0957268	HGNC:9508	biolink:causes	0
0.9816087	MONDO:0957284	HGNC:1067	biolink:causes	0
0.6784851	MONDO:0957572	HGNC:9967	biolink:causes	0
0.68035716	MONDO:0957922	HGNC:9967	biolink:causes	0
0.98029435	MONDO:0958071	HGNC:21637	biolink:gene_associated_with_condition	0
0.7758342	MONDO:0958071	HGNC:2343	biolink:causes	0
0.95299834	MONDO:0958194	HGNC:4367	biolink:causes	0
0.06277362	MONDO:0958194	HGNC:23785	biolink:gene_associated_with_condition	0
0.218192	MONDO:0958237	HGNC:2468	biolink:causes	0
0.17879489	MONDO:0958354	HGNC:11934	biolink:contributes_to	0
0.5253092	MONDO:0958354	HGNC:5228	biolink:gene_associated_with_condition	0
0.872986	MONDO:0971002	HGNC:24097	biolink:causes	0
0.25774235	MONDO:0971069	HGNC:10961	biolink:gene_associated_with_condition	0
0.9372628	MONDO:0971172	HGNC:7569	biolink:gene_associated_with_condition	0
0.989796	MONDO:0971172	HGNC:24713	biolink:gene_associated_with_condition	0
0.9073125	MONDO:0971176	HGNC:3435	biolink:causes	0
0.90543604	MONDO:0971176	HGNC:7690	biolink:causes	0
0.27367005	MONDO:0975757	HGNC:20372	biolink:causes	0
0.06285209	MONDO:0975757	HGNC:3424	biolink:causes	0
0.42308047	MONDO:0975757	HGNC:3689	biolink:gene_associated_with_condition	0
0.1626393	MONDO:0975757	HGNC:11599	biolink:causes	0
0.9001032	MONDO:0975795	HGNC:7473	biolink:gene_associated_with_condition	0
0.8774034	MONDO:0975795	HGNC:24678	biolink:gene_associated_with_condition	0
0.45240197	MONDO:0975795	HGNC:8620	biolink:gene_associated_with_condition	0
0.64013773	MONDO:0975887	HGNC:11311	biolink:gene_associated_with_condition	0
0.06738752	MONDO:0976266	HGNC:3423	biolink:causes	0
0.08081164	MONDO:0976266	HGNC:28506	biolink:gene_associated_with_condition	0
